date,open,high,low,close,volume,rs_nikkei,rs_topix
2014/03/24,1750.0,1756.0,1741.0,1756.0,3360,-1.0,-1.0
2014/03/25,1748.0,1748.0,1740.0,1740.0,3750,-1.0,-1.0
2014/03/26,1752.0,1761.0,1752.0,1754.0,11590,-1.0,-1.0
2014/03/27,1740.0,1745.0,1740.0,1745.0,2890,-1.0,-1.0
2014/03/28,1746.0,1750.0,1743.0,1747.0,1470,-1.0,-1.0
2014/03/31,1770.0,1773.0,1761.0,1765.0,23330,-1.0,-1.0
2014/04/01,1780.0,1788.0,1771.0,1778.0,13690,-1.0,-1.0
2014/04/02,1794.0,1806.0,1794.0,1799.0,16520,-1.0,-1.0
2014/04/03,1805.0,1808.0,1795.0,1803.0,8600,-1.0,-1.0
2014/04/04,1805.0,1807.0,1802.0,1805.0,3100,-1.0,-1.0
2014/04/07,1780.0,1787.0,1773.0,1773.0,14800,-1.0,-1.0
2014/04/08,1768.0,1769.0,1757.0,1766.0,15340,-1.0,-1.0
2014/04/09,1760.0,1766.0,1752.0,1756.0,12120,-1.0,-1.0
2014/04/10,1781.0,1781.0,1766.0,1771.0,3360,-1.0,-1.0
2014/04/11,1746.0,1748.0,1735.0,1745.0,32310,-1.0,-1.0
2014/04/14,1720.0,1723.0,1716.0,1723.0,40660,-1.0,-1.0
2014/04/15,1740.0,1741.0,1732.0,1735.0,3670,-1.0,-1.0
2014/04/16,1745.0,1755.0,1744.0,1754.0,14600,-1.0,-1.0
2014/04/17,1768.0,1772.0,1763.0,1765.0,7590,-1.0,-1.0
2014/04/18,1765.0,1773.0,1765.0,1767.0,7850,-1.0,-1.0
2014/04/21,1766.0,1788.0,1766.0,1773.0,21470,-1.0,-1.0
2014/04/22,1778.0,1778.0,1768.0,1768.0,9100,-1.0,-1.0
2014/04/23,1778.0,1784.0,1778.0,1783.0,20210,-1.0,-1.0
2014/04/24,1785.0,1787.0,1785.0,1787.0,2420,-1.0,-1.0
2014/04/25,1786.0,1787.0,1778.0,1782.0,2690,-1.0,-1.0
2014/04/28,1775.0,1775.0,1759.0,1769.0,15400,-1.0,-1.0
2014/04/30,1780.0,1783.0,1778.0,1783.0,3710,-1.0,-1.0
2014/05/01,1784.0,1785.0,1780.0,1782.0,5300,-1.0,-1.0
2014/05/02,1785.0,1787.0,1783.0,1783.0,9640,-1.0,-1.0
2014/05/07,1773.0,1779.0,1763.0,1763.0,11330,-1.0,-1.0
2014/05/08,1780.0,1780.0,1772.0,1775.0,1170,-1.0,-1.0
2014/05/09,1777.0,1779.0,1766.0,1768.0,3660,-1.0,-1.0
2014/05/12,1782.0,1783.0,1777.0,1782.0,1400,-1.0,-1.0
2014/05/13,1793.0,1795.0,1790.0,1794.0,4740,-1.0,-1.0
2014/05/14,1791.0,1794.0,1791.0,1792.0,2860,-1.0,-1.0
2014/05/15,1788.0,1789.0,1778.0,1786.0,5470,-1.0,-1.0
2014/05/16,1770.0,1774.0,1768.0,1768.0,6820,-1.0,-1.0
2014/05/19,1771.0,1776.0,1770.0,1776.0,2920,-1.0,-1.0
2014/05/20,1778.0,1779.0,1773.0,1775.0,5640,-1.0,-1.0
2014/05/21,1766.0,1769.0,1758.0,1764.0,9090,-1.0,-1.0
2014/05/22,1772.0,1779.0,1772.0,1779.0,1390,-1.0,-1.0
2014/05/23,1782.0,1787.0,1779.0,1784.0,4020,-1.0,-1.0
2014/05/26,1795.0,1795.0,1784.0,1784.0,6380,-1.0,-1.0
2014/05/27,1790.0,1794.0,1788.0,1792.0,16520,-1.0,-1.0
2014/05/28,1797.0,1798.0,1789.0,1796.0,12690,-1.0,-1.0
2014/05/29,1795.0,1795.0,1790.0,1793.0,2800,-1.0,-1.0
2014/05/30,1796.0,1798.0,1787.0,1788.0,4860,-1.0,-1.0
2014/06/02,1797.0,1811.0,1797.0,1802.0,17830,-1.0,-1.0
2014/06/03,1812.0,1818.0,1808.0,1808.0,13740,-1.0,-1.0
2014/06/04,1812.0,1819.0,1811.0,1811.0,18180,-1.0,-1.0
2014/06/05,1816.0,1816.0,1810.0,1811.0,14760,-1.0,-1.0
2014/06/06,1816.0,1825.0,1816.0,1821.0,20640,-1.0,-1.0
2014/06/09,1833.0,1838.0,1833.0,1834.0,18480,-1.0,-1.0
2014/06/10,1839.0,1840.0,1830.0,1836.0,13470,-1.0,-1.0
2014/06/11,1835.0,1836.0,1830.0,1834.0,5010,-1.0,-1.0
2014/06/12,1827.0,1835.0,1827.0,1829.0,12520,-1.0,-1.0
2014/06/13,1824.0,1829.0,1821.0,1827.0,8260,-1.0,-1.0
2014/06/16,1817.0,1817.0,1813.0,1813.0,10060,-1.0,-1.0
2014/06/17,1822.0,1830.0,1820.0,1829.0,2580,-1.0,-1.0
2014/06/18,1819.0,1828.0,1819.0,1826.0,5840,-1.0,-1.0
2014/06/19,1830.0,1840.0,1828.0,1840.0,8120,-1.0,-1.0
2014/06/20,1841.0,1848.0,1836.0,1847.0,5430,-1.0,-1.0
2014/06/23,1852.0,1854.0,1840.0,1844.0,6210,-1.0,-1.0
2014/06/24,1848.0,1853.0,1840.0,1853.0,5380,-1.0,-1.0
2014/06/25,1834.0,1844.0,1830.0,1839.0,9860,-1.0,-1.0
2014/06/26,1840.0,1842.0,1831.0,1842.0,3660,-1.0,-1.0
2014/06/27,1838.0,1838.0,1826.0,1834.0,3550,-1.0,-1.0
2014/06/30,1827.0,1834.0,1827.0,1832.0,3750,-1.0,-1.0
2014/07/01,1829.0,1836.0,1829.0,1836.0,2510,-1.0,-1.0
2014/07/02,1840.0,1850.0,1836.0,1845.0,11490,-1.0,-1.0
2014/07/03,1846.0,1850.0,1846.0,1848.0,1730,-1.0,-1.0
2014/07/04,1861.0,1863.0,1856.0,1858.0,6020,-1.0,-1.0
2014/07/07,1855.0,1860.0,1851.0,1855.0,7000,-1.0,-1.0
2014/07/08,1850.0,1854.0,1846.0,1846.0,3430,-1.0,-1.0
2014/07/09,1831.0,1844.0,1829.0,1843.0,5830,-1.0,-1.0
2014/07/10,1837.0,1840.0,1836.0,1837.0,3740,-1.0,-1.0
2014/07/11,1830.0,1830.0,1820.0,1823.0,6730,-1.0,-1.0
2014/07/14,1820.0,1828.0,1817.0,1820.0,10790,-1.0,-1.0
2014/07/15,1827.0,1836.0,1827.0,1833.0,8080,-1.0,-1.0
2014/07/16,1830.0,1838.0,1830.0,1838.0,2740,-1.0,-1.0
2014/07/17,1843.0,1843.0,1830.0,1837.0,6780,-1.0,-1.0
2014/07/18,1829.0,1834.0,1818.0,1823.0,29090,-1.0,-1.0
2014/07/22,1830.0,1837.0,1823.0,1833.0,5650,-1.0,-1.0
2014/07/23,1844.0,1844.0,1831.0,1833.0,2180,-1.0,-1.0
2014/07/24,1838.0,1843.0,1835.0,1837.0,2410,-1.0,-1.0
2014/07/25,1851.0,1859.0,1851.0,1859.0,12250,-1.0,-1.0
2014/07/28,1847.0,1855.0,1841.0,1846.0,10710,-1.0,-1.0
2014/07/29,1846.0,1854.0,1843.0,1843.0,2900,-1.0,-1.0
2014/07/30,1841.0,1850.0,1840.0,1842.0,5650,-1.0,-1.0
2014/07/31,1849.0,1850.0,1845.0,1849.0,2290,-1.0,-1.0
2014/08/01,1834.0,1840.0,1829.0,1835.0,8480,-1.0,-1.0
2014/08/04,1830.0,1833.0,1823.0,1830.0,7250,-1.0,-1.0
2014/08/05,1833.0,1836.0,1827.0,1827.0,4770,-1.0,-1.0
2014/08/06,1822.0,1822.0,1811.0,1817.0,12490,-1.0,-1.0
2014/08/07,1815.0,1820.0,1802.0,1816.0,8390,-1.0,-1.0
2014/08/08,1811.0,1811.0,1788.0,1799.0,27110,-1.0,-1.0
2014/08/11,1803.0,1827.0,1803.0,1810.0,5920,-1.0,-1.0
2014/08/12,1819.0,1823.0,1811.0,1817.0,4150,-1.0,-1.0
2014/08/13,1817.0,1819.0,1810.0,1819.0,2370,-1.0,-1.0
2014/08/14,1830.0,1830.0,1822.0,1829.0,3140,-1.0,-1.0
2014/08/15,1830.0,1830.0,1822.0,1829.0,2880,-1.0,-1.0
2014/08/18,1832.0,1832.0,1825.0,1828.0,1800,-1.0,-1.0
2014/08/19,1848.0,1848.0,1842.0,1843.0,10710,-1.0,-1.0
2014/08/20,1843.0,1846.0,1842.0,1845.0,7640,-1.0,-1.0
2014/08/21,1851.0,1856.0,1850.0,1853.0,12940,-1.0,-1.0
2014/08/22,1857.0,1859.0,1853.0,1853.0,6680,-1.0,-1.0
2014/08/25,1851.0,1861.0,1851.0,1856.0,9780,-1.0,-1.0
2014/08/26,1856.0,1857.0,1852.0,1852.0,11510,-1.0,-1.0
2014/08/27,1868.0,1868.0,1861.0,1862.0,10960,-1.0,-1.0
2014/08/28,1870.0,1870.0,1856.0,1856.0,6360,-1.0,-1.0
2014/08/29,1865.0,1869.0,1857.0,1862.0,2670,-1.0,-1.0
2014/09/01,1862.0,1867.0,1862.0,1865.0,10230,-1.0,-1.0
2014/09/02,1870.0,1880.0,1867.0,1880.0,9430,-1.0,-1.0
2014/09/03,1882.0,1899.0,1880.0,1894.0,13810,-1.0,-1.0
2014/09/04,1900.0,1900.0,1895.0,1899.0,3180,-1.0,-1.0
2014/09/05,1898.0,1900.0,1894.0,1897.0,5580,-1.0,-1.0
2014/09/08,1900.0,1905.0,1893.0,1900.0,8690,-1.0,-1.0
2014/09/09,1910.0,1912.0,1908.0,1909.0,4680,-1.0,-1.0
2014/09/10,1909.0,1911.0,1906.0,1911.0,4960,-1.0,-1.0
2014/09/11,1921.0,1921.0,1909.0,1913.0,6670,-1.0,-1.0
2014/09/12,1914.0,1925.0,1914.0,1924.0,8520,-1.0,-1.0
2014/09/16,1920.0,1925.0,1915.0,1915.0,8180,-1.0,-1.0
2014/09/17,1909.0,1919.0,1909.0,1917.0,14850,-1.0,-1.0
2014/09/18,1940.0,1940.0,1930.0,1934.0,18540,-1.0,-1.0
2014/09/19,1953.0,1969.0,1953.0,1957.0,11710,-1.0,-1.0
2014/09/22,1970.0,1974.0,1959.0,1969.0,8490,-1.0,-1.0
2014/09/24,1936.0,1945.0,1935.0,1943.0,10420,-1.0,-1.0
2014/09/25,1960.0,1968.0,1952.0,1956.0,3640,-1.0,-1.0
2014/09/26,1930.0,1937.0,1920.0,1937.0,10700,-1.0,-1.0
2014/09/29,1949.0,1950.0,1940.0,1950.0,13070,-1.0,-1.0
2014/09/30,1947.0,1948.0,1941.0,1946.0,4810,-1.0,-1.0
2014/10/01,1942.0,1944.0,1932.0,1937.0,8020,-1.0,-1.0
2014/10/02,1920.0,1928.0,1913.0,1915.0,13000,-1.0,-1.0
2014/10/03,1910.0,1928.0,1907.0,1928.0,13440,-1.0,-1.0
2014/10/06,1945.0,1945.0,1935.0,1944.0,9610,-1.0,-1.0
2014/10/07,1928.0,1935.0,1921.0,1927.0,9290,-1.0,-1.0
2014/10/08,1899.0,1900.0,1886.0,1900.0,15120,-1.0,-1.0
2014/10/09,1912.0,1912.0,1900.0,1905.0,13610,-1.0,-1.0
2014/10/10,1875.0,1876.0,1855.0,1866.0,19960,-1.0,-1.0
2014/10/14,1825.0,1833.0,1823.0,1829.0,23070,-1.0,-1.0
2014/10/15,1835.0,1835.0,1822.0,1830.0,8730,-1.0,-1.0
2014/10/16,1801.0,1813.0,1792.0,1806.0,34820,-1.0,-1.0
2014/10/17,1816.0,1816.0,1785.0,1787.0,34970,-1.0,-1.0
2014/10/20,1847.0,1847.0,1830.0,1845.0,21670,-1.0,-1.0
2014/10/21,1840.0,1840.0,1820.0,1822.0,15340,-1.0,-1.0
2014/10/22,1861.0,1880.0,1857.0,1878.0,17810,-1.0,-1.0
2014/10/23,1867.0,1869.0,1861.0,1866.0,6970,-1.0,-1.0
2014/10/24,1895.0,1895.0,1877.0,1890.0,6880,-1.0,-1.0
2014/10/27,1909.0,1914.0,1903.0,1910.0,14140,-1.0,-1.0
2014/10/28,1907.0,1909.0,1900.0,1908.0,10740,-1.0,-1.0
2014/10/29,1920.0,1928.0,1909.0,1918.0,7950,-1.0,-1.0
2014/10/30,1920.0,1934.0,1920.0,1929.0,4720,-1.0,-1.0
2014/10/31,1940.0,1980.0,1932.0,1975.0,27580,-1.0,-1.0
2014/11/04,2001.0,2010.0,1991.0,1998.0,27970,-1.0,-1.0
2014/11/05,1994.0,2013.0,1993.0,2013.0,23670,-1.0,-1.0
2014/11/06,2019.0,2033.0,2015.0,2021.0,14360,-1.0,-1.0
2014/11/07,2032.0,2037.0,2022.0,2032.0,18990,-1.0,-1.0
2014/11/10,2030.0,2030.0,2016.0,2020.0,8010,-1.0,-1.0
2014/11/11,2026.0,2036.0,2024.0,2032.0,10140,-1.0,-1.0
2014/11/12,2043.0,2050.0,2043.0,2045.0,24900,-1.0,-1.0
2014/11/13,2045.0,2056.0,2041.0,2046.0,10740,-1.0,-1.0
2014/11/14,2048.0,2054.0,2045.0,2054.0,6540,-1.0,-1.0
2014/11/17,2065.0,2066.0,2052.0,2056.0,10560,-1.0,-1.0
2014/11/18,2070.0,2074.0,2065.0,2074.0,9230,-1.0,-1.0
2014/11/19,2081.0,2095.0,2081.0,2095.0,5820,-1.0,-1.0
2014/11/20,2102.0,2107.0,2096.0,2100.0,15610,-1.0,-1.0
2014/11/21,2101.0,2125.0,2100.0,2120.0,7380,-1.0,-1.0
2014/11/25,2125.0,2139.0,2125.0,2139.0,15280,-1.0,-1.0
2014/11/26,2143.0,2150.0,2138.0,2150.0,9750,-1.0,-1.0
2014/11/27,2150.0,2164.0,2141.0,2148.0,7490,-1.0,-1.0
2014/11/28,2163.0,2177.0,2155.0,2156.0,5970,-1.0,-1.0
2014/12/01,2164.0,2175.0,2150.0,2165.0,9440,-1.0,-1.0
2014/12/02,2163.0,2169.0,2161.0,2164.0,9470,-1.0,-1.0
2014/12/03,2174.0,2175.0,2166.0,2166.0,25660,-1.0,-1.0
2014/12/04,2176.0,2183.0,2175.0,2176.0,5730,-1.0,-1.0
2014/12/05,2186.0,2194.0,2182.0,2194.0,6810,-1.0,-1.0
2014/12/08,2209.0,2227.0,2208.0,2219.0,11360,-1.0,-1.0
2014/12/09,2207.0,2210.0,2184.0,2185.0,11830,-1.0,-1.0
2014/12/10,2175.0,2177.0,2150.0,2151.0,29340,-1.0,-1.0
2014/12/11,2110.0,2124.0,2095.0,2122.0,30160,-1.0,-1.0
2014/12/12,2126.0,2139.0,2123.0,2125.0,20120,-1.0,-1.0
2014/12/15,2080.0,2108.0,2077.0,2094.0,34030,-1.0,-1.0
2014/12/16,2070.0,2078.0,2050.0,2055.0,21340,-1.0,-1.0
2014/12/17,2026.0,2054.0,2000.0,2052.0,29940,-1.0,-1.0
2014/12/18,2100.0,2115.0,2100.0,2105.0,15780,-1.0,-1.0
2014/12/19,2169.0,2172.0,2154.0,2165.0,10530,-1.0,-1.0
2014/12/22,2165.0,2170.0,2153.0,2161.0,20840,-1.0,-1.0
2014/12/24,2184.0,2195.0,2179.0,2183.0,16520,-1.0,-1.0
2014/12/25,2194.0,2198.0,2185.0,2198.0,9210,-1.0,-1.0
2014/12/26,2197.0,2197.0,2186.0,2191.0,8580,-1.0,-1.0
2014/12/29,2190.0,2199.0,2180.0,2183.0,11070,-1.0,-1.0
2014/12/30,2189.0,2195.0,2182.0,2184.0,10200,-1.0,-1.0
2015/01/05,2167.0,2167.0,2156.0,2161.0,12460,-1.0,-1.0
2015/01/06,2130.0,2130.0,2102.0,2105.0,17420,-1.0,-1.0
2015/01/07,2100.0,2106.0,2092.0,2103.0,12670,-1.0,-1.0
2015/01/08,2131.0,2135.0,2118.0,2135.0,5360,-1.0,-1.0
2015/01/09,2160.0,2160.0,2148.0,2149.0,9690,-1.0,-1.0
2015/01/13,2139.0,2139.0,2108.0,2137.0,17770,-1.0,-1.0
2015/01/14,2128.0,2145.0,2126.0,2132.0,6400,-1.0,-1.0
2015/01/15,2145.0,2166.0,2142.0,2163.0,10490,-1.0,-1.0
2015/01/16,2086.0,2093.0,2065.0,2085.0,21650,-1.0,-1.0
2015/01/19,2132.0,2132.0,2090.0,2099.0,6740,-1.0,-1.0
2015/01/20,2108.0,2114.0,2107.0,2113.0,2500,-1.0,-1.0
2015/01/21,2126.0,2126.0,2113.0,2114.0,5910,-1.0,-1.0
2015/01/22,2114.0,2119.0,2104.0,2111.0,4040,-1.0,-1.0
2015/01/23,2143.0,2143.0,2114.0,2121.0,5410,-1.0,-1.0
2015/01/26,2100.0,2109.0,2080.0,2106.0,9220,-1.0,-1.0
2015/01/27,2121.0,2123.0,2111.0,2123.0,5180,-1.0,-1.0
2015/01/28,2100.0,2114.0,2095.0,2111.0,12380,-1.0,-1.0
2015/01/29,2085.0,2091.0,2070.0,2075.0,17510,-1.0,-1.0
2015/01/30,2089.0,2096.0,2086.0,2095.0,4460,-1.0,-1.0
2015/02/02,2074.0,2080.0,2066.0,2069.0,13650,-1.0,-1.0
2015/02/03,2082.0,2095.0,2060.0,2060.0,11010,-1.0,-1.0
2015/02/04,2100.0,2112.0,2090.0,2092.0,4520,-1.0,-1.0
2015/02/05,2092.0,2099.0,2080.0,2095.0,4570,-1.0,-1.0
2015/02/06,2114.0,2114.0,2098.0,2102.0,3900,-1.0,-1.0
2015/02/09,2118.0,2118.0,2089.0,2089.0,10290,-1.0,-1.0
2015/02/10,2103.0,2103.0,2091.0,2100.0,2560,-1.0,-1.0
2015/02/12,2140.0,2140.0,2111.0,2130.0,12740,-1.0,-1.0
2015/02/13,2129.0,2135.0,2125.0,2130.0,1540,-1.0,-1.0
2015/02/16,2130.0,2135.0,2125.0,2125.0,4100,-1.0,-1.0
2015/02/17,2133.0,2133.0,2126.0,2132.0,2390,-1.0,-1.0
2015/02/18,2136.0,2149.0,2132.0,2149.0,5190,-1.0,-1.0
2015/02/19,2147.0,2148.0,2136.0,2146.0,3680,-1.0,-1.0
2015/02/20,2146.0,2150.0,2143.0,2145.0,2050,-1.0,-1.0
2015/02/23,2150.0,2155.0,2148.0,2153.0,6580,-1.0,-1.0
2015/02/24,2155.0,2155.0,2142.0,2152.0,4790,-1.0,-1.0
2015/02/25,2160.0,2162.0,2156.0,2156.0,2390,-1.0,-1.0
2015/02/26,2156.0,2163.0,2156.0,2160.0,4540,-1.0,-1.0
2015/02/27,2160.0,2162.0,2160.0,2161.0,3740,-1.0,-1.0
2015/03/02,2170.0,2170.0,2161.0,2169.0,10430,-1.0,-1.0
2015/03/03,2192.0,2192.0,2168.0,2176.0,10530,-1.0,-1.0
2015/03/04,2170.0,2170.0,2165.0,2166.0,5350,-1.0,-1.0
2015/03/05,2160.0,2179.0,2150.0,2167.0,3120,-1.0,-1.0
2015/03/06,2140.0,2166.0,2110.0,2165.0,9620,-1.0,-1.0
2015/03/09,2155.0,2159.0,2150.0,2157.0,5030,-1.0,-1.0
2015/03/10,2166.0,2166.0,2160.0,2160.0,3730,-1.0,-1.0
2015/03/11,2147.0,2147.0,2140.0,2146.0,5210,-1.0,-1.0
2015/03/12,2140.0,2145.0,2135.0,2145.0,3810,-1.0,-1.0
2015/03/13,2153.0,2164.0,2153.0,2155.0,2150,-1.0,-1.0
2015/03/16,2145.0,2149.0,2140.0,2149.0,6070,-1.0,-1.0
2015/03/17,2158.0,2163.0,2149.0,2155.0,3290,-1.0,-1.0
2015/03/18,2150.0,2153.0,2140.0,2140.0,2500,-1.0,-1.0
2015/03/19,2153.0,2162.0,2148.0,2152.0,20860,-1.0,-1.0
2015/03/20,2161.0,2167.0,2159.0,2167.0,9540,-1.0,-1.0
2015/03/23,2170.0,2170.0,2167.0,2168.0,4140,-1.0,-1.0
2015/03/24,2159.0,2168.0,2158.0,2160.0,1930,-1.0,-1.0
2015/03/25,2153.0,2166.0,2153.0,2162.0,3850,-1.0,-1.0
2015/03/26,2145.0,2156.0,2137.0,2137.0,6980,-1.0,-1.0
2015/03/27,2138.0,2159.0,2130.0,2131.0,11890,-1.0,-1.0
2015/03/30,2131.0,2138.0,2124.0,2132.0,6390,-1.0,-1.0
2015/03/31,2150.0,2160.0,2149.0,2152.0,7010,-1.0,-1.0
2015/04/01,2135.0,2135.0,2117.0,2125.0,6550,-1.0,-1.0
2015/04/02,2129.0,2137.0,2125.0,2137.0,4680,-1.0,-1.0
2015/04/03,2136.0,2139.0,2132.0,2134.0,4660,-1.0,-1.0
2015/04/06,2114.0,2123.0,2105.0,2123.0,13330,91.412605043245,91.8237745230878
2015/04/07,2139.0,2147.0,2134.0,2147.0,4980,90.41601925449129,90.46033867183154
2015/04/08,2159.0,2159.0,2148.0,2148.0,8490,88.38829641391851,88.59204397957039
2015/04/09,2160.0,2164.0,2154.0,2154.0,5800,87.23511281776854,87.69851806132762
2015/04/10,2170.0,2176.0,2161.0,2170.0,14840,87.20305821260702,88.72384661717408
2015/04/13,2176.0,2177.0,2170.0,2174.0,9930,88.1727060203602,90.10269771757852
2015/04/14,2165.0,2170.0,2165.0,2170.0,3020,87.93198070922085,89.32066535783669
2015/04/15,2170.0,2170.0,2162.0,2170.0,4830,89.77034732963295,90.83673970486771
2015/04/16,2173.0,2178.0,2171.0,2178.0,3750,89.46674096239488,90.00546763357558
2015/04/17,2176.0,2180.0,2165.0,2165.0,4540,90.50033487605891,90.49345496746973
2015/04/20,2160.0,2160.0,2137.0,2154.0,9980,89.79579089528865,89.91850316050287
2015/04/21,2172.0,2172.0,2164.0,2165.0,1900,88.50094351044639,88.47996630578163
2015/04/22,2169.0,2175.0,2165.0,2169.0,3130,87.88847847619785,88.04635788121612
2015/04/23,2176.0,2179.0,2168.0,2172.0,9960,86.72862535974744,87.13753963990692
2015/04/24,2174.0,2180.0,2174.0,2174.0,4510,87.9287619349746,88.17187230351419
2015/04/27,2180.0,2180.0,2174.0,2174.0,4670,87.8703783556958,88.10509664449042
2015/04/28,2180.0,2184.0,2180.0,2183.0,8200,87.30820066575006,87.45217613563273
2015/04/30,2166.0,2172.0,2163.0,2171.0,6250,90.40542354255665,90.42417568128246
2015/05/01,2172.0,2178.0,2168.0,2178.0,4050,90.4193842180713,91.09697588904467
2015/05/07,2170.0,2170.0,2160.0,2170.0,5540,89.75600637698787,90.06205040025247
2015/05/08,2163.0,2168.0,2162.0,2165.0,5530,89.72548695871137,89.88904934684784
2015/05/11,2181.0,2187.0,2180.0,2181.0,13850,88.26134220338673,88.66583726562615
2015/05/12,2180.0,2190.0,2178.0,2184.0,7370,89.48559691386687,89.5300444668041
2015/05/13,2177.0,2182.0,2171.0,2182.0,6150,88.74875102130031,89.80392732804859
2015/05/14,2174.0,2180.0,2174.0,2179.0,1900,89.1376736173642,90.32834506954947
2015/05/15,2188.0,2193.0,2187.0,2193.0,19110,88.60925481573267,89.45825712949681
2015/05/18,2200.0,2200.0,2196.0,2200.0,7420,87.2301875229436,87.58045696465531
2015/05/19,2205.0,2217.0,2201.0,2210.0,6480,87.50796431900675,87.92095436584566
2015/05/20,2211.0,2219.0,2211.0,2217.0,7080,87.3823931698586,87.95095347375931
2015/05/21,2220.0,2229.0,2218.0,2222.0,7530,88.64153179480829,88.6886520375152
2015/05/22,2226.0,2231.0,2225.0,2228.0,4460,89.12916440662595,89.46364273273093
2015/05/25,2238.0,2238.0,2232.0,2237.0,6890,89.69654739623353,90.29021999081365
2015/05/26,2235.0,2238.0,2232.0,2238.0,3200,89.44015895410926,89.93616851804998
2015/05/27,2230.0,2239.0,2228.0,2228.0,7570,88.89851661678635,89.46875378257431
2015/05/28,2250.0,2269.0,2250.0,2268.0,12140,90.36432685836768,90.79384376408665
2015/05/29,2268.0,2270.0,2265.0,2270.0,2840,90.34074555763213,91.13494658722261
2015/06/01,2270.0,2270.0,2268.0,2270.0,3760,91.46848846196659,91.59279448448558
2015/06/02,2273.0,2273.0,2270.0,2273.0,2780,92.0057340115814,92.25672933946984
2015/06/03,2268.0,2268.0,2252.0,2256.0,2740,91.68172979163025,92.04587631500777
2015/06/04,2262.0,2277.0,2262.0,2270.0,7320,92.25438360301153,92.31143521603006
2015/06/05,2266.0,2266.0,2251.0,2254.0,9970,91.20971130243144,91.66603666707668
2015/06/08,2269.0,2269.0,2261.0,2261.0,4780,91.14270650671675,91.59302682717043
2015/06/09,2254.0,2254.0,2242.0,2249.0,8160,91.39898035837624,92.09220223744109
2015/06/10,2242.0,2259.0,2235.0,2242.0,3610,91.8965099531783,93.02857460588172
2015/06/11,2250.0,2250.0,2242.0,2250.0,5510,90.37026263125419,92.34485364938756
2015/06/12,2250.0,2250.0,2227.0,2239.0,15490,90.66705257649924,92.31071918122541
2015/06/15,2225.0,2230.0,2220.0,2225.0,5300,89.89127878091058,91.72708942846559
2015/06/16,2224.0,2224.0,2215.0,2223.0,1900,89.85152201731705,91.77191291923563
2015/06/17,2223.0,2237.0,2223.0,2237.0,5720,91.58637633371163,93.67150417067806
2015/06/18,2236.0,2239.0,2223.0,2224.0,4840,92.87746727922037,94.87976014961646
2015/06/19,2241.0,2249.0,2240.0,2249.0,5830,92.6440103949745,94.73275744217113
2015/06/22,2249.0,2259.0,2248.0,2257.0,4750,92.08614162081741,94.10091096132933
2015/06/23,2268.0,2268.0,2264.0,2268.0,5810,90.43942744301702,92.6148121736466
2015/06/24,2273.0,2273.0,2266.0,2272.0,9190,90.38320901057163,92.72616250272351
2015/06/25,2266.0,2267.0,2255.0,2266.0,3450,90.66441535638194,93.01830178801272
2015/06/26,2260.0,2260.0,2251.0,2260.0,8080,89.83444092417994,92.63364446964974
2015/06/29,2207.0,2218.0,2200.0,2206.0,21900,90.78799072839435,93.56788409320077
2015/06/30,2198.0,2202.0,2196.0,2201.0,12920,90.79521851858647,93.82770658148777
2015/07/01,2200.0,2216.0,2200.0,2215.0,8910,90.76690517462497,93.96362706790475
2015/07/02,2235.0,2235.0,2224.0,2231.0,6510,90.28743921648672,93.65014568602957
2015/07/03,2223.0,2228.0,2222.0,2228.0,8530,90.12391292341287,93.28675962725667
2015/07/06,2198.0,2203.0,2181.0,2181.0,20620,89.90718956752185,92.86800098131361
2015/07/07,2206.0,2209.0,2200.0,2204.0,7290,89.7322703965829,93.02908622138399
2015/07/08,2194.0,2199.0,2175.0,2175.0,13950,91.49668253741301,94.77193266814227
2015/07/09,2140.0,2160.0,2121.0,2160.0,21010,90.11097339409542,93.71944415705354
2015/07/10,2174.0,2194.0,2160.0,2194.0,11160,92.26613345254803,95.39544639152359
2015/07/13,2203.0,2214.0,2200.0,2210.0,2760,92.45854979922646,95.23523250553198
2015/07/14,2249.0,2250.0,2241.0,2243.0,8360,92.4130426088483,95.1097486655232
2015/07/15,2241.0,2256.0,2241.0,2249.0,4960,91.96111094292725,94.65326375461596
2015/07/16,2256.0,2260.0,2256.0,2260.0,9110,91.79324999857246,94.32615381614077
2015/07/17,2270.0,2273.0,2267.0,2267.0,7500,91.62577678844596,94.4694376120347
2015/07/21,2281.0,2281.0,2275.0,2281.0,7270,91.60986949237223,94.65836670673303
2015/07/22,2273.0,2273.0,2264.0,2267.0,2520,92.05696743274216,95.06359242058896
2015/07/23,2263.0,2265.0,2253.0,2254.0,4630,90.66929508297878,93.58746043368771
2015/07/24,2249.0,2258.0,2245.0,2252.0,3640,91.1470121250496,93.74177107885555
2015/07/27,2234.0,2242.0,2230.0,2237.0,6270,92.47459036712968,95.15059581684365
2015/07/28,2219.0,2228.0,2212.0,2228.0,10460,92.87601016329525,95.73568903476335
2015/07/29,2235.0,2235.0,2223.0,2225.0,9280,93.08759500573646,95.53169090143328
2015/07/30,2237.0,2245.0,2230.0,2237.0,6360,92.08613877540405,94.70534815759369
2015/07/31,2237.0,2248.0,2234.0,2239.0,10640,92.01122764731984,94.2076911901777
2015/08/03,2247.0,2247.0,2235.0,2236.0,4850,92.01644548894518,93.95775267461926
2015/08/04,2231.0,2236.0,2230.0,2233.0,5340,91.24997482175412,93.04051887509239
2015/08/05,2233.0,2236.0,2230.0,2232.0,8170,90.3376757161793,92.27017485128009
2015/08/06,2246.0,2250.0,2235.0,2237.0,13660,90.80170004553658,92.60314339467922
2015/08/07,2236.0,2244.0,2233.0,2244.0,3500,88.94732793240338,91.23934496052179
2015/08/10,2240.0,2242.0,2235.0,2241.0,6240,90.02692062176561,91.69093524969303
2015/08/11,2257.0,2258.0,2251.0,2257.0,4190,90.88828080662839,92.5722293975563
2015/08/12,2248.0,2254.0,2233.0,2249.0,5790,92.23874497039523,93.6808934853698
2015/08/13,2238.0,2247.0,2236.0,2237.0,2900,90.94601865290906,93.16309765701317
2015/08/14,2234.0,2240.0,2231.0,2233.0,3000,91.14251459890204,93.20470778981141
2015/08/17,2236.0,2242.0,2234.0,2242.0,2030,91.13763283787573,93.20336796160261
2015/08/18,2243.0,2246.0,2238.0,2245.0,5030,91.56032127470345,93.26226316139291
2015/08/19,2238.0,2240.0,2231.0,2231.0,1560,92.41003136727154,93.86578671668502
2015/08/20,2220.0,2226.0,2210.0,2211.0,10900,92.8317000933096,94.87450961427153
2015/08/21,2166.0,2171.0,2152.0,2158.0,28100,93.11106758671728,95.21582727506761
2015/08/24,2075.0,2095.0,2020.0,2025.0,66610,91.87867235930904,95.13944964027446
2015/08/25,1950.0,2029.0,1942.0,1984.0,78300,93.37768402048196,96.08754306670446
2015/08/26,1980.0,1996.0,1932.0,1994.0,47910,90.52762047259077,93.11080118775462
2015/08/27,2034.0,2034.0,2010.0,2020.0,32660,90.58644683509843,92.90186257135717
2015/08/28,2083.0,2083.0,2055.0,2072.0,30100,89.69438958762103,91.76035326411287
2015/08/31,2072.0,2072.0,2051.0,2060.0,11250,90.49424251179342,92.20348892629109
2015/09/01,2035.0,2044.0,2020.0,2030.0,8520,93.13576448414095,94.74829630766271
2015/09/02,1991.0,2019.0,1990.0,2010.0,10660,92.24249895126411,94.21844256411902
2015/09/03,2027.0,2029.0,2020.0,2022.0,8830,91.80058721592405,93.58488851547808
2015/09/04,2025.0,2025.0,1981.0,1994.0,16830,92.5681445534496,94.10231587073655
2015/09/07,1954.0,1977.0,1954.0,1975.0,13440,91.40324164275398,93.37682739689144
2015/09/08,1980.0,1994.0,1961.0,1975.0,4840,93.49613671764008,94.90664000482555
2015/09/09,2015.0,2041.0,2015.0,2040.0,6270,89.79289649234155,92.54552324175013
2015/09/10,2014.0,2023.0,2011.0,2022.0,4860,91.89088860407406,93.67582574781188
2015/09/11,2036.0,2045.0,2035.0,2041.0,1800,92.62984373789833,94.14809714560461
2015/09/14,2047.0,2047.0,2009.0,2018.0,7210,93.3297671334285,94.45817423983614
2015/09/15,2013.0,2025.0,2012.0,2016.0,5070,92.9229011320545,94.37552942843615
2015/09/16,2026.0,2030.0,2024.0,2029.0,5460,92.54528789833,93.7934126355107
2015/09/17,2048.0,2066.0,2042.0,2057.0,4510,92.71482846619863,93.95522789831485
2015/09/18,2061.0,2074.0,2050.0,2053.0,9870,94.75152584567724,95.54605594146905
2015/09/24,2009.0,2011.0,1990.0,1996.0,17100,95.08963772556731,96.28544088721027
2015/09/25,2002.0,2007.0,1998.0,2006.0,6230,94.00180213757217,94.88150795497423
2015/09/28,2000.0,2000.0,1986.0,1999.0,13850,94.75994826721,95.2896737068228
2015/09/29,1969.0,1969.0,1944.0,1944.0,38560,95.4288013901658,96.32189328216414
2015/09/30,1947.0,1960.0,1944.0,1960.0,7320,93.58793863214247,94.52241189756052
2015/10/01,1976.0,1988.0,1957.0,1982.0,5210,91.46581102004474,91.83487931706408
2015/10/02,1990.0,1990.0,1985.0,1986.0,5630,91.28967247296166,91.43223395445955
2015/10/05,2000.0,2030.0,1993.0,2012.0,12260,91.34328627390958,91.65441589040944
2015/10/06,2050.0,2053.0,2032.0,2041.0,6390,91.92509977859744,92.6427097881208
2015/10/07,2041.0,2050.0,2035.0,2050.0,4040,91.83681682208582,92.1191862032844
2015/10/08,2046.0,2052.0,2046.0,2047.0,2100,91.6850457012937,91.45128942721792
2015/10/09,2064.0,2075.0,2060.0,2071.0,7190,92.0970904656795,91.05863480110321
2015/10/13,2121.0,2121.0,2074.0,2076.0,11800,92.97436103635285,91.69219437812666
2015/10/14,2070.0,2077.0,2058.0,2066.0,8430,95.11725167552265,93.92496909573656
2015/10/15,2057.0,2069.0,2057.0,2064.0,6860,93.07595697132032,91.65273923243241
2015/10/16,2083.0,2085.0,2071.0,2085.0,5540,92.69700298340238,91.21374967777035
2015/10/19,2090.0,2096.0,2073.0,2073.0,3400,93.64303487695152,92.03148037100048
2015/10/20,2095.0,2097.0,2088.0,2088.0,3580,93.18101612009202,92.13319868838916
2015/10/21,2096.0,2096.0,2089.0,2092.0,4250,91.23147524604686,90.20769908462998
2015/10/22,2090.0,2096.0,2081.0,2087.0,2650,91.84239789272695,90.78344241422371
2015/10/23,2123.0,2123.0,2108.0,2117.0,12680,90.98529618631814,89.90140211093288
2015/10/26,2149.0,2150.0,2135.0,2141.0,5470,91.04216819568765,90.18503287250464
2015/10/27,2149.0,2149.0,2132.0,2135.0,2930,91.35492864536008,90.7876870998642
2015/10/28,2130.0,2135.0,2130.0,2135.0,2890,91.59202572713687,91.41724934532867
2015/10/29,2145.0,2159.0,2142.0,2159.0,3060,92.55090224243447,92.52003934532134
2015/10/30,2157.0,2157.0,2150.0,2157.0,2960,93.93819216671872,93.47564229417593
2015/11/02,2150.0,2152.0,2123.0,2139.0,11350,96.62384109570482,95.95711843791386
2015/11/04,2163.0,2171.0,2160.0,2170.0,5380,96.4674802407323,95.99577648396897
2015/11/05,2163.0,2185.0,2163.0,2180.0,3090,94.75424670183708,94.08136946474612
2015/11/06,2178.0,2182.0,2175.0,2180.0,2430,94.00099916983095,93.56624314940895
2015/11/09,2180.0,2196.0,2180.0,2190.0,9730,92.6182030703567,92.6840042848262
2015/11/10,2178.0,2180.0,2160.0,2177.0,6110,93.26325220543764,92.69337162760503
2015/11/11,2175.0,2180.0,2166.0,2180.0,7460,93.09808794331978,92.01636669900059
2015/11/12,2174.0,2177.0,2170.0,2171.0,1910,93.69283609122405,92.52193892769657
2015/11/13,2149.0,2150.0,2145.0,2145.0,8350,93.20724639687302,92.22006652747535
2015/11/16,2100.0,2108.0,2100.0,2105.0,13640,89.60817268751327,89.00170825373047
2015/11/17,2135.0,2140.0,2130.0,2140.0,8400,91.16361766434797,90.74204560812204
2015/11/18,2142.0,2149.0,2140.0,2142.0,6090,89.96106795213706,89.99958977433648
2015/11/19,2162.0,2170.0,2161.0,2161.0,6540,89.64541347815607,89.8685383649954
2015/11/20,2179.0,2179.0,2164.0,2174.0,3400,89.53624433390951,89.56230506020239
2015/11/24,2175.0,2178.0,2175.0,2175.0,3100,88.83660271985946,89.22291054069058
2015/11/25,2174.0,2174.0,2168.0,2173.0,5730,88.52234821106546,89.13726409240331
2015/11/26,2175.0,2175.0,2166.0,2168.0,3820,87.28812012317869,87.67661657821513
2015/11/27,2170.0,2175.0,2170.0,2174.0,4580,88.54190211810274,89.19154807105423
2015/11/30,2178.0,2178.0,2172.0,2172.0,4460,89.36321109762628,90.25448877655157
2015/12/01,2179.0,2180.0,2176.0,2178.0,8350,88.8323850118656,89.70863490712186
2015/12/02,2188.0,2188.0,2182.0,2182.0,3870,89.53361642523689,89.89248957776968
2015/12/03,2184.0,2184.0,2180.0,2180.0,4060,89.87051540246098,90.03756608261739
2015/12/04,2166.0,2170.0,2161.0,2165.0,10120,90.66419549220036,90.6317153749367
2015/12/07,2181.0,2181.0,2172.0,2179.0,4640,89.41108520361608,89.6717610473556
2015/12/08,2179.0,2179.0,2165.0,2169.0,3080,90.71616292057169,90.87440216948227
2015/12/09,2164.0,2164.0,2152.0,2154.0,18460,90.34144390831469,90.56378366893453
2015/12/10,2160.0,2180.0,2150.0,2153.0,18040,91.9300919750927,92.02123940459707
2015/12/11,2161.0,2165.0,2154.0,2154.0,3950,91.56636222349974,91.561274588893
2015/12/14,2111.0,2122.0,2098.0,2112.0,30630,91.33084073975132,91.05076059844495
2015/12/15,2112.0,2118.0,2106.0,2110.0,13520,92.66321170215919,92.48221899494305
2015/12/16,2135.0,2136.0,2127.0,2131.0,3190,91.6921560863068,91.13019025205513
2015/12/17,2160.0,2171.0,2154.0,2154.0,13750,90.99444231706629,90.00759583127835
2015/12/18,2144.0,2145.0,2122.0,2122.0,16660,90.96537470471168,89.88440095119292
2015/12/21,2092.0,2094.0,2083.0,2094.0,41160,90.33812194242063,89.41797483257116
2015/12/22,2092.0,2096.0,2086.0,2096.0,14190,90.76587229504625,89.27935813588725
2015/12/24,2126.0,2128.0,2114.0,2114.0,10190,91.15722945948272,89.71688027265266
2015/12/25,2121.0,2122.0,2060.0,2104.0,32030,91.16815967660547,90.41195223214835
2015/12/28,2100.0,2112.0,2095.0,2112.0,7030,90.88579296567933,90.13313731425261
2015/12/29,2110.0,2116.0,2104.0,2116.0,3790,89.0697826721413,88.3565675928593
2015/12/30,2135.0,2135.0,2122.0,2133.0,9440,90.27743915837262,89.37737522091057
2016/01/04,2124.0,2130.0,2093.0,2096.0,23760,91.51318360364695,90.01616777544281
2016/01/05,2072.0,2093.0,2063.0,2067.0,25450,90.2275515567671,88.82564424666167
2016/01/06,2069.0,2070.0,2043.0,2054.0,22260,90.65807763308928,89.20478999355139
2016/01/07,2037.0,2044.0,1989.0,1996.0,32930,90.33107556248196,88.34219942487911
2016/01/08,1983.0,2011.0,1977.0,1988.0,23180,89.89341549315517,88.24233238547365
2016/01/12,1975.0,1979.0,1947.0,1957.0,32390,90.87893966070445,89.79632270000033
2016/01/13,1964.0,1982.0,1958.0,1973.0,14020,87.73807777096759,87.14468279355393
2016/01/14,1940.0,1940.0,1923.0,1935.0,31850,88.77287160955159,87.55421127357847
2016/01/15,1951.0,1954.0,1925.0,1936.0,15980,91.32150785336862,90.2901347786972
2016/01/18,1850.0,1865.0,1845.0,1860.0,32500,88.92050947390106,87.62273732956264
2016/01/19,1852.0,1871.0,1852.0,1857.0,14800,89.5234568241777,88.34088347993571
2016/01/20,1851.0,1855.0,1813.0,1813.0,24630,90.27682004555118,89.06915303633363
2016/01/21,1813.0,1827.0,1790.0,1799.0,25420,92.19953010507513,90.97849875734923
2016/01/22,1819.0,1847.0,1816.0,1847.0,13770,89.92233413695277,88.92117833735225
2016/01/25,1870.0,1881.0,1861.0,1872.0,11730,90.7466250090341,89.49206417593584
2016/01/26,1847.0,1848.0,1838.0,1843.0,8150,92.31523071831319,91.03286953815835
2016/01/27,1870.0,1870.0,1846.0,1861.0,7270,91.40237195232775,89.99632010481874
2016/01/28,1856.0,1865.0,1853.0,1855.0,5710,92.36031226060543,90.77698856629021
2016/01/29,1863.0,1927.0,1857.0,1900.0,11400,91.50020101039381,89.61552442078909
2016/02/01,1949.0,1950.0,1935.0,1941.0,8600,92.20032821289385,90.35508938358645
2016/02/02,1938.0,1948.0,1922.0,1922.0,8460,91.12054501136465,89.46815434488832
2016/02/03,1888.0,1891.0,1870.0,1870.0,9200,91.9229131165404,90.07018702812847
2016/02/04,1863.0,1880.0,1860.0,1870.0,5180,91.6671049867533,90.6291145117473
2016/02/05,1856.0,1861.0,1843.0,1849.0,10450,92.29891454519104,91.06224389068392
2016/02/08,1830.0,1845.0,1823.0,1838.0,5720,91.64614378352252,90.82166356323836
2016/02/09,1790.0,1794.0,1748.0,1758.0,48540,91.87075374642265,91.63368166031617
2016/02/10,1765.0,1769.0,1738.0,1753.0,27850,94.17060209051644,94.29980194218707
2016/02/12,1704.0,1719.0,1650.0,1701.0,36420,95.67197910928569,96.75515930370065
2016/02/15,1751.0,1773.0,1750.0,1761.0,12940,93.12269815105793,93.59310849325236
2016/02/16,1783.0,1799.0,1783.0,1793.0,5490,94.22347258260399,94.80209410204593
2016/02/17,1783.0,1787.0,1765.0,1773.0,4550,94.81314140488166,95.38790510870308
2016/02/18,1826.0,1826.0,1814.0,1815.0,6260,95.37452224981294,96.42703844205259
2016/02/19,1804.0,1810.0,1785.0,1810.0,3550,96.88137296598899,98.00225474700235
2016/02/22,1779.0,1812.0,1779.0,1812.0,16730,96.46833566308327,97.29279216835192
2016/02/23,1807.0,1808.0,1790.0,1794.0,4660,96.61484458278728,97.38200617042177
2016/02/24,1768.0,1775.0,1763.0,1769.0,7240,95.81160495611748,96.30009486227048
2016/02/25,1778.0,1783.0,1775.0,1783.0,2190,96.07588114624602,96.06516676212448
2016/02/26,1809.0,1817.0,1796.0,1796.0,6960,96.5067364433444,96.58321538405498
2016/02/29,1815.0,1821.0,1806.0,1806.0,8100,97.8117017683499,97.83516743911676
2016/03/01,1792.0,1797.0,1785.0,1794.0,9470,96.43543159431721,96.7684284773387
2016/03/02,1845.0,1856.0,1841.0,1849.0,19600,95.3406952057737,95.95301266985504
2016/03/03,1855.0,1862.0,1850.0,1857.0,12340,94.74732036532889,95.37594430314697
2016/03/04,1862.0,1874.0,1860.0,1860.0,3110,95.78972567056609,96.24969365345684
2016/03/07,1875.0,1875.0,1865.0,1870.0,4720,96.3282002237485,97.50726294154707
2016/03/08,1873.0,1873.0,1855.0,1860.0,3680,95.76708550606466,97.42225140731516
2016/03/09,1842.0,1854.0,1841.0,1844.0,2810,96.67361550689317,98.39657884030248
2016/03/10,1860.0,1875.0,1855.0,1875.0,13620,98.50626547259353,99.98367813953138
2016/03/11,1860.0,1874.0,1860.0,1868.0,2180,98.5307455313825,99.50029061207302
2016/03/14,1891.0,1899.0,1891.0,1897.0,5790,98.58094163670704,99.67667713967371
2016/03/15,1897.0,1907.0,1888.0,1890.0,4620,99.58968016618115,100.38597385499453
2016/03/16,1890.0,1890.0,1883.0,1888.0,5770,101.58196869990658,102.61773193610104
2016/03/17,1895.0,1898.0,1888.0,1889.0,2040,100.94419631928382,101.78497481952023
2016/03/18,1891.0,1891.0,1878.0,1889.0,5690,101.94961475302205,102.43110688360883
2016/03/22,1900.0,1900.0,1890.0,1892.0,3900,101.2844021599751,101.50965675185897
2016/03/23,1897.0,1900.0,1886.0,1900.0,5200,102.07220257659213,102.55708244970737
2016/03/24,1890.0,1890.0,1883.0,1884.0,2390,101.61966353775036,102.1022273385046
2016/03/25,1890.0,1894.0,1884.0,1894.0,2740,100.81175752609812,101.02755857155536
2016/03/28,1900.0,1903.0,1898.0,1901.0,9530,101.0144804887798,100.51649802474749
2016/03/29,1902.0,1906.0,1902.0,1902.0,1770,99.25257939915645,99.00155070075006
2016/03/30,1902.0,1907.0,1900.0,1905.0,3140,101.0973081976893,101.06205639692713
2016/03/31,1910.0,1917.0,1909.0,1915.0,6370,103.26894138778569,103.37861358854346
2016/04/01,1913.0,1913.0,1900.0,1902.0,7730,107.16409224301482,107.12392349728196
2016/04/04,1904.0,1904.0,1894.0,1900.0,4490,107.67304306034171,107.22056043083316
2016/04/05,1886.0,1895.0,1864.0,1874.0,6960,108.96433992952595,108.63003596307496
2016/04/06,1851.0,1859.0,1851.0,1857.0,3400,108.86666455105018,108.32358498153044
2016/04/07,1857.0,1865.0,1845.0,1845.0,3060,108.43013984652818,107.29640790569464
2016/04/08,1822.0,1830.0,1815.0,1830.0,8180,106.11156302238078,104.1001832560308
2016/04/11,1828.0,1828.0,1815.0,1818.0,7510,105.68049564640648,103.65016546635746
2016/04/12,1817.0,1825.0,1815.0,1822.0,4620,104.94175385870493,102.79773137188934
2016/04/13,1845.0,1857.0,1845.0,1850.0,3080,103.40900825980674,101.6567678685733
2016/04/14,1875.0,1884.0,1875.0,1884.0,3760,101.71730885236379,100.88747078269698
2016/04/15,1882.0,1893.0,1881.0,1885.0,2410,101.5618326709501,101.60307908819573
2016/04/18,1855.0,1855.0,1848.0,1849.0,5580,103.55343039464708,102.91082183726705
2016/04/19,1883.0,1892.0,1883.0,1886.0,4920,102.77934092681038,102.82578318285876
2016/04/20,1900.0,1904.0,1888.0,1888.0,5150,103.66105125848155,103.36090599034613
2016/04/21,1913.0,1918.0,1908.0,1915.0,5130,102.50721896296102,102.79322933795432
2016/04/22,1903.0,1922.0,1889.0,1922.0,5050,100.72226410945989,101.68323787830008
2016/04/25,1937.0,1939.0,1920.0,1930.0,7620,101.72702962117124,102.53403421855177
2016/04/26,1928.0,1930.0,1923.0,1923.0,2300,101.8244727686722,103.01141656133659
2016/04/27,1925.0,1926.0,1920.0,1920.0,2420,99.84219954094245,101.75826809253594
2016/04/28,1934.0,1944.0,1890.0,1891.0,8610,102.01852984912338,103.49210222104918
2016/05/02,1834.0,1841.0,1829.0,1839.0,10240,101.2504489963824,102.65338756258066
2016/05/06,1825.0,1835.0,1819.0,1820.0,8530,101.14443647017559,102.80555849257387
2016/05/09,1827.0,1835.0,1825.0,1828.0,5840,101.41335077452958,102.52372578635038
2016/05/10,1832.0,1856.0,1832.0,1850.0,2550,100.35263894561619,101.67309935551016
2016/05/11,1870.0,1874.0,1857.0,1857.0,2450,101.45868524639843,102.32102703999738
2016/05/12,1850.0,1855.0,1842.0,1855.0,2800,100.0838664138132,101.31447445245361
2016/05/13,1855.0,1855.0,1846.0,1846.0,3460,101.20858544580742,102.47129616445818
2016/05/16,1840.0,1845.0,1838.0,1840.0,7820,101.02693087411039,102.9379391463149
2016/05/17,1859.0,1866.0,1854.0,1860.0,2610,101.21289727532954,102.90510372079969
2016/05/18,1849.0,1853.0,1841.0,1846.0,6800,101.03403473666116,102.24212047521934
2016/05/19,1855.0,1867.0,1850.0,1855.0,6940,101.31781592063246,102.86135903947734
2016/05/20,1853.0,1863.0,1853.0,1863.0,1720,101.2443700804351,102.56755448339894
2016/05/23,1863.0,1869.0,1862.0,1869.0,2110,102.4076329698106,103.55049841997695
2016/05/24,1856.0,1856.0,1850.0,1850.0,1660,102.39710683941648,103.41891267814599
2016/05/25,1890.0,1894.0,1886.0,1890.0,6050,103.63676639354995,104.94586208884431
2016/05/26,1901.0,1901.0,1880.0,1891.0,3420,102.16317795342178,103.85995778947708
2016/05/27,1898.0,1908.0,1895.0,1904.0,2140,102.45230582598066,103.9906947695869
2016/05/30,1921.0,1928.0,1919.0,1925.0,5260,102.20056119379721,104.20483438260185
2016/05/31,1928.0,1935.0,1928.0,1935.0,1250,101.47022718446219,103.29405448879116
2016/06/01,1925.0,1925.0,1906.0,1912.0,10850,102.33509692886362,103.91140945412296
2016/06/02,1907.0,1907.0,1880.0,1891.0,3450,103.04859201688437,104.70087592695793
2016/06/03,1892.0,1913.0,1892.0,1895.0,1380,103.36381155910598,104.80944528347071
2016/06/06,1860.0,1874.0,1859.0,1869.0,6710,101.99277444382892,103.10809025126919
2016/06/07,1881.0,1885.0,1880.0,1880.0,370,100.7411575202578,101.89772590508505
2016/06/08,1886.0,1886.0,1870.0,1870.0,1110,99.34217583439052,100.52545454553878
2016/06/09,1880.0,1880.0,1870.0,1877.0,780,102.01288862518292,102.85046005172525
2016/06/10,1877.0,1877.0,1875.0,1875.0,960,102.94005078180781,103.92829749793306
2016/06/13,1840.0,1844.0,1820.0,1823.0,14190,104.2765186637012,105.3654028732011
2016/06/14,1814.0,1821.0,1809.0,1812.0,5940,104.12097159524632,105.09021786554038
2016/06/15,1799.0,1821.0,1791.0,1805.0,7110,102.48140906766375,103.21794912824708
2016/06/16,1801.0,1816.0,1763.0,1769.0,10190,103.02466793623076,103.57239780842005
2016/06/17,1786.0,1793.0,1783.0,1786.0,5250,102.70085266483106,103.55005503557746
2016/06/20,1805.0,1820.0,1803.0,1820.0,7260,103.17931344573854,103.92563889263083
2016/06/21,1803.0,1820.0,1795.0,1820.0,8390,103.27666324213638,103.96933760408535
2016/06/22,1811.0,1817.0,1810.0,1812.0,3170,103.5931705195206,104.29402122483408
2016/06/23,1815.0,1824.0,1815.0,1824.0,3990,102.96480460534421,103.56328127164657
2016/06/24,1850.0,1850.0,1668.0,1728.0,32600,105.88508400907091,105.82276903689379
2016/06/27,1706.0,1708.0,1673.0,1690.0,30790,100.63276530267507,101.55025252414707
2016/06/28,1664.0,1693.0,1662.0,1682.0,12750,100.91995669101605,101.74164792607905
2016/06/29,1708.0,1723.0,1708.0,1711.0,3320,100.8785772249381,101.31219143089321
2016/06/30,1752.0,1757.0,1731.0,1740.0,5140,102.76050607501523,103.18458668503756
2016/07/01,1773.0,1778.0,1766.0,1773.0,5050,104.22569644024613,104.80387917055785
2016/07/04,1781.0,1786.0,1775.0,1783.0,6910,104.22265621505534,104.9682992200391
2016/07/05,1775.0,1775.0,1762.0,1764.0,7820,104.08018863228735,104.27634611838492
2016/07/06,1731.0,1750.0,1707.0,1730.0,7100,102.08319421421739,101.98575837668614
2016/07/07,1729.0,1735.0,1727.0,1733.0,3250,104.28195554374327,103.38304307006652
2016/07/08,1730.0,1733.0,1713.0,1716.0,2560,102.4060372254613,102.36939655662157
2016/07/11,1745.0,1761.0,1745.0,1761.0,6480,101.90570166533138,102.38155542261302
2016/07/12,1790.0,1801.0,1782.0,1791.0,6730,101.12895947680047,101.76973385612374
2016/07/13,1834.0,1840.0,1811.0,1825.0,5110,102.30407621240619,102.74985225959934
2016/07/14,1827.0,1850.0,1825.0,1846.0,4440,102.68877491009061,103.46482963002195
2016/07/15,1853.0,1880.0,1850.0,1857.0,10590,102.53507118107466,103.42325778416637
2016/07/19,1876.0,1876.0,1864.0,1866.0,5420,101.95367390454322,102.85025760425064
2016/07/20,1873.0,1873.0,1860.0,1860.0,5710,101.28611658003936,102.06104941469233
2016/07/21,1885.0,1896.0,1881.0,1882.0,10150,102.73674205482408,103.78667326031771
2016/07/22,1868.0,1868.0,1858.0,1860.0,3290,102.05172301765427,103.02209375468705
2016/07/25,1871.0,1879.0,1870.0,1870.0,2960,102.35370615946005,103.30685635999586
2016/07/26,1869.0,1869.0,1839.0,1839.0,6540,102.42022298450667,102.90929345862764
2016/07/27,1843.0,1877.0,1843.0,1855.0,3220,101.5714286311463,103.06874100293469
2016/07/28,1860.0,1861.0,1850.0,1855.0,1820,103.2859511135955,104.50842733617951
2016/07/29,1860.0,1860.0,1821.0,1842.0,6510,102.20875356140473,103.21517092874149
2016/08/01,1828.0,1844.0,1825.0,1826.0,3090,100.86905418323508,102.53137837570215
2016/08/02,1821.0,1829.0,1816.0,1816.0,5730,101.81100474518156,103.81989115595096
2016/08/03,1790.0,1794.0,1776.0,1776.0,11310,101.9864029801703,104.2087968178307
2016/08/04,1789.0,1795.0,1774.0,1783.0,6750,101.32694869092953,103.9701247152737
2016/08/05,1786.0,1803.0,1775.0,1786.0,12210,101.47793987626446,104.41969062589722
2016/08/08,1824.0,1824.0,1807.0,1809.0,3030,100.88168912571905,104.57501495722703
2016/08/09,1823.0,1861.0,1815.0,1817.0,8780,99.50068223157794,103.12062995500197
2016/08/10,1824.0,1824.0,1811.0,1811.0,9260,98.12425786756161,102.01621636993052
2016/08/12,1832.0,1836.0,1823.0,1830.0,3340,99.38704476114457,103.08694583209896
2016/08/15,1822.0,1828.0,1822.0,1828.0,2850,99.66231360662525,103.59505602058722
2016/08/16,1821.0,1824.0,1809.0,1809.0,3640,99.79567786851334,103.77284295001104
2016/08/17,1801.0,1815.0,1801.0,1815.0,4260,98.24556273695697,102.28571538554303
2016/08/18,1810.0,1810.0,1799.0,1801.0,6620,98.98438183766355,102.476270417898
2016/08/19,1804.0,1810.0,1804.0,1810.0,830,98.52397625686726,101.82729682660927
2016/08/22,1807.0,1810.0,1806.0,1806.0,1600,99.62254795608796,101.30681239658925
2016/08/23,1807.0,1807.0,1803.0,1803.0,3120,98.08961937575677,100.33829430412328
2016/08/24,1807.0,1818.0,1803.0,1805.0,2600,100.22710957307233,102.45477461380659
2016/08/25,1801.0,1811.0,1801.0,1802.0,1070,100.08408893945837,102.62327312262317
2016/08/26,1802.0,1808.0,1800.0,1800.0,460,101.61060379541134,104.53850076491611
2016/08/29,1820.0,1830.0,1817.0,1830.0,3870,100.2620389190019,103.97472064201725
2016/08/30,1832.0,1833.0,1827.0,1830.0,2450,97.9109977141934,101.49857169086023
2016/08/31,1838.0,1844.0,1838.0,1843.0,6750,98.25047871953991,101.10179767408474
2016/09/01,1849.0,1849.0,1834.0,1842.0,2270,97.85512011836411,100.47078185954913
2016/09/02,1847.0,1849.0,1842.0,1848.0,2740,97.42252076334302,99.85098049002477
2016/09/05,1869.0,1873.0,1864.0,1869.0,5720,99.20325038967917,101.8015912151138
2016/09/06,1869.0,1869.0,1865.0,1866.0,4980,96.38977250154545,98.9606496052272
2016/09/07,1843.0,1847.0,1840.0,1847.0,5030,99.89556192006394,101.12861333132281
2016/09/08,1848.0,1848.0,1843.0,1846.0,4800,98.51407111413909,100.35579574566502
2016/09/09,1854.0,1854.0,1849.0,1852.0,1780,97.68452932581737,99.94777998889394
2016/09/12,1809.0,1811.0,1799.0,1804.0,9470,96.32695862066556,98.80794113652824
2016/09/13,1813.0,1832.0,1808.0,1809.0,4840,96.69142273384638,99.17681053630697
2016/09/14,1800.0,1815.0,1800.0,1808.0,3490,97.46059709117407,99.80706831581611
2016/09/15,1801.0,1806.0,1790.0,1795.0,6050,98.04658806405978,100.05960207635007
2016/09/16,1805.0,1805.0,1802.0,1802.0,600,96.01468458385153,97.87184632031958
2016/09/20,1795.0,1811.0,1795.0,1799.0,3310,96.03075497927574,97.65839605739828
2016/09/21,1795.0,1814.0,1795.0,1810.0,3300,94.80446904320539,95.66234496834929
2016/09/23,1819.0,1820.0,1812.0,1820.0,6700,96.8280825202952,97.73630440963197
2016/09/26,1811.0,1811.0,1803.0,1804.0,3290,96.24826012642693,97.19199191163462
2016/09/27,1781.0,1803.0,1780.0,1802.0,9440,94.0672986722821,94.50236237696986
2016/09/28,1787.0,1797.0,1787.0,1794.0,3880,96.6601488761963,97.05985164642308
2016/09/29,1816.0,1826.0,1810.0,1823.0,6410,97.64571241819084,98.79028584639408
2016/09/30,1805.0,1808.0,1791.0,1796.0,3380,97.44394077039622,98.78324095335441
2016/10/03,1823.0,1823.0,1816.0,1821.0,1300,98.17787399290074,99.56635980677217
2016/10/04,1822.0,1827.0,1822.0,1822.0,2940,97.00684008526136,98.30413605572555
2016/10/05,1832.0,1833.0,1831.0,1833.0,1090,97.40883376244884,99.05791563224275
2016/10/06,1848.0,1852.0,1846.0,1846.0,1770,96.80896370655968,98.67110300203336
2016/10/07,1850.0,1852.0,1840.0,1842.0,3070,97.27007038483714,99.77677522116565
2016/10/11,1856.0,1856.0,1851.0,1853.0,2290,95.60192719830593,98.91743382461438
2016/10/12,1834.0,1834.0,1825.0,1829.0,2510,94.05370688882086,97.00186864354986
2016/10/13,1830.0,1832.0,1816.0,1816.0,4680,94.9221322639343,97.71233773272631
2016/10/14,1823.0,1834.0,1823.0,1834.0,1230,95.45213805551947,98.32031262585623
2016/10/17,1829.0,1832.0,1816.0,1831.0,4410,94.76032050347735,97.61151753223612
2016/10/18,1830.0,1830.0,1825.0,1827.0,3910,93.91430391290523,96.70492492094047
2016/10/19,1834.0,1846.0,1834.0,1841.0,1770,96.05393031875576,98.99955742026543
2016/10/20,1836.0,1839.0,1834.0,1839.0,740,94.25383514043743,97.59327511213772
2016/10/21,1848.0,1848.0,1832.0,1832.0,1940,94.79978277920733,98.10830391648189
2016/10/24,1835.0,1835.0,1835.0,1835.0,1710,94.2249541001273,97.70132713546757
2016/10/25,1850.0,1860.0,1830.0,1847.0,9440,93.54382139597689,96.9239372719285
2016/10/26,1837.0,1840.0,1830.0,1833.0,2060,93.31473951023861,96.06833692150045
2016/10/27,1835.0,1840.0,1831.0,1831.0,1400,92.63132491945662,94.93923101224122
2016/10/28,1843.0,1843.0,1835.0,1838.0,3680,93.20478600032189,95.35674726279578
2016/10/31,1832.0,1841.0,1832.0,1836.0,5740,92.03241104374939,94.08817509972536
2016/11/01,1840.0,1848.0,1840.0,1848.0,2250,92.40930591084677,94.16160498683811
2016/11/02,1816.0,1817.0,1803.0,1813.0,11190,92.28726788161818,94.04902073564347
2016/11/04,1781.0,1795.0,1780.0,1789.0,9160,93.52160736990932,95.25685505753152
2016/11/07,1803.0,1814.0,1800.0,1814.0,5200,94.72020098500516,96.69923391674146
2016/11/08,1827.0,1833.0,1819.0,1821.0,3410,95.82492679745332,97.51122835492446
2016/11/09,1845.0,1865.0,1711.0,1734.0,29490,96.37723269878285,97.52359574138656
2016/11/10,1869.0,1870.0,1830.0,1865.0,26810,97.56101125130664,99.46293507198014
2016/11/11,1880.0,1880.0,1862.0,1865.0,15870,98.06625114971291,100.03931625735629
2016/11/14,1880.0,1895.0,1880.0,1889.0,9990,98.47803353906414,100.73363318629127
2016/11/15,1894.0,1896.0,1889.0,1895.0,3850,98.38719990914524,100.1099545386902
2016/11/16,1915.0,1925.0,1915.0,1924.0,12040,98.80862172563,100.24003289401217
2016/11/17,1919.0,1920.0,1900.0,1919.0,4380,98.73017222692145,99.8651613656205
2016/11/18,1930.0,1938.0,1925.0,1934.0,10410,98.42913787646366,99.84150815281535
2016/11/21,1940.0,1955.0,1938.0,1949.0,12830,98.61103441724416,99.73248270142557
2016/11/22,1958.0,1967.0,1956.0,1965.0,6880,99.10899621559828,100.23376332559121
2016/11/24,1985.0,1994.0,1981.0,1993.0,16550,100.00597846376141,100.89190382711818
2016/11/25,1997.0,2016.0,1994.0,2001.0,22960,99.56705456344089,100.20748938227493
2016/11/28,2002.0,2008.0,1972.0,1986.0,5140,98.36300329150055,98.32229097816453
2016/11/29,1976.0,1982.0,1970.0,1979.0,6270,99.32737613147103,99.11564771069429
2016/11/30,1988.0,2000.0,1985.0,1991.0,12450,99.36848011899927,99.4948501733276
2016/12/01,2025.0,2030.0,2007.0,2020.0,11800,99.80176815640706,100.13638970133125
2016/12/02,2011.0,2015.0,2001.0,2012.0,12960,98.37199965130246,98.97186744519637
2016/12/05,1985.0,2008.0,1973.0,1990.0,8410,98.4383075852318,98.6880067767999
2016/12/06,2024.0,2024.0,2013.0,2019.0,6380,98.82369493886094,98.85204766671953
2016/12/07,2034.0,2035.0,2019.0,2028.0,4010,98.24481055875013,98.25341600393693
2016/12/08,2051.0,2060.0,2010.0,2051.0,12960,96.68931989532217,97.0043271360428
2016/12/09,2060.0,2072.0,2022.0,2060.0,22380,96.81463801962002,97.15016694051414
2016/12/12,2101.0,2107.0,2080.0,2080.0,21850,97.08837613805662,98.25655126452433
2016/12/13,2095.0,2095.0,2079.0,2089.0,9110,95.4837630384735,96.58144527839484
2016/12/14,2099.0,2108.0,2092.0,2101.0,10620,97.54912100023945,98.72228333548148
2016/12/15,2124.0,2130.0,2118.0,2120.0,23540,98.82888654486902,99.82444637810787
2016/12/16,2141.0,2144.0,2132.0,2138.0,27060,98.60220422867515,99.8723017098196
2016/12/19,2146.0,2148.0,2124.0,2128.0,13010,99.13136051405836,100.45725730874604
2016/12/20,2135.0,2137.0,2126.0,2133.0,5410,98.59227545187755,100.5354516609926
2016/12/21,2150.0,2150.0,2136.0,2142.0,25110,97.9123652316166,99.92623644613997
2016/12/22,2147.0,2147.0,2135.0,2138.0,4170,97.81413416854198,99.81199125828854
2016/12/26,2134.0,2140.0,2130.0,2136.0,25140,98.40786799344447,100.54985241915576
2016/12/27,2136.0,2137.0,2130.0,2134.0,12320,98.66332705415431,101.32136194458023
2016/12/28,2145.0,2145.0,2137.0,2137.0,18990,98.28718166947911,100.87204846963746
2016/12/29,2129.0,2129.0,2110.0,2116.0,9670,97.29382480078851,100.37442607575176
2016/12/30,2117.0,2135.0,2110.0,2127.0,8850,97.95704175796423,100.88160452927275
2017/01/04,2141.0,2160.0,2141.0,2156.0,8510,97.45090591525701,100.5335935906232
2017/01/05,2161.0,2163.0,2129.0,2129.0,8470,97.08281777848839,99.96190120135374
2017/01/06,2128.0,2151.0,2128.0,2142.0,6810,98.01894350714916,100.39375904695562
2017/01/10,2135.0,2146.0,2126.0,2130.0,11630,97.09703847164364,98.93492486287
2017/01/11,2138.0,2143.0,2131.0,2131.0,1980,98.81044729969058,100.46272871327434
2017/01/12,2138.0,2138.0,2121.0,2121.0,6040,98.7641280626459,100.41313107339118
2017/01/13,2122.0,2135.0,2110.0,2127.0,7390,97.67469988720534,99.73600349678551
2017/01/16,2120.0,2128.0,2116.0,2118.0,10810,101.11143743237223,103.25415006668115
2017/01/17,2114.0,2128.0,2100.0,2102.0,16200,102.57307611001497,104.29072137380047
2017/01/18,2050.0,2067.0,2035.0,2057.0,11000,98.57719174351585,100.3509805105916
2017/01/19,2072.0,2080.0,2072.0,2073.0,9500,96.7730509516014,98.13930736240516
2017/01/20,2072.0,2079.0,2066.0,2069.0,7720,99.26297593820746,100.38479284024608
2017/01/23,2064.0,2065.0,2050.0,2057.0,9830,99.52814655724265,101.03169501326994
2017/01/24,2048.0,2050.0,2040.0,2040.0,6610,98.44017377817394,99.95328125511122
2017/01/25,2072.0,2079.0,2061.0,2061.0,2990,99.7429415194255,101.94876194863456
2017/01/26,2080.0,2085.0,2075.0,2083.0,2570,98.62719249377399,101.17762826088725
2017/01/27,2097.0,2109.0,2095.0,2102.0,5130,99.55500937329525,102.26378264525292
2017/01/30,2103.0,2103.0,2092.0,2100.0,1740,99.79264535477893,102.50794240346963
2017/01/31,2076.0,2077.0,2061.0,2065.0,3840,100.1576577367014,102.52381880094804
2017/02/01,2059.0,2068.0,2055.0,2068.0,3460,99.28671699721357,101.79340977179758
2017/02/02,2069.0,2069.0,2048.0,2048.0,4940,98.69346445318956,100.70159014443358
2017/02/03,2056.0,2067.0,2051.0,2055.0,1540,98.8121861116236,100.42898647630774
2017/02/06,2061.0,2076.0,2061.0,2061.0,12350,100.47784740918648,101.80685176347039
2017/02/07,2050.0,2052.0,2040.0,2042.0,4730,98.8007792260536,99.92684602416996
2017/02/08,2041.0,2050.0,2037.0,2050.0,1600,96.67508233143536,97.05569574947035
2017/02/09,2055.0,2059.0,2045.0,2056.0,1220,95.58677052554194,95.53331903568115
2017/02/10,2080.0,2096.0,2080.0,2085.0,4030,94.57774559605969,94.81298381826015
2017/02/13,2107.0,2107.0,2097.0,2098.0,3720,98.09677067743303,99.05560218903831
2017/02/14,2106.0,2110.0,2087.0,2090.0,5190,97.26998396347571,98.22834783767786
2017/02/15,2120.0,2129.0,2110.0,2116.0,4630,97.23243514622605,98.50676720028827
2017/02/16,2130.0,2136.0,2124.0,2127.0,4030,98.10577012045027,99.06686117559923
2017/02/17,2125.0,2126.0,2120.0,2125.0,1990,97.45961645435716,98.19360474720187
2017/02/20,2118.0,2125.0,2110.0,2115.0,3490,97.68343546412477,98.08495781929417
2017/02/21,2123.0,2125.0,2112.0,2120.0,1750,97.87186970346872,98.08416845041882
2017/02/22,2128.0,2133.0,2124.0,2132.0,4010,98.97755198804651,99.42369595592373
2017/02/23,2131.0,2135.0,2126.0,2132.0,1920,99.62909424593241,100.46423378314144
2017/02/24,2124.0,2132.0,2120.0,2129.0,1840,99.5145907212698,100.27450606300567
2017/02/27,2105.0,2119.0,2102.0,2107.0,4610,97.85642299407876,98.7065406345066
2017/02/28,2110.0,2115.0,2110.0,2115.0,4340,99.18770049286877,99.88713801408552
2017/03/01,2113.0,2132.0,2113.0,2127.0,6920,99.33420925314319,99.9636816767463
2017/03/02,2160.0,2163.0,2150.0,2160.0,14280,100.83153524076477,101.77306408178379
2017/03/03,2161.0,2163.0,2147.0,2148.0,6160,100.92534289158297,101.9420056708605
2017/03/06,2152.0,2152.0,2146.0,2150.0,1670,100.3320903646113,100.70235099459627
2017/03/07,2152.0,2155.0,2146.0,2151.0,1780,100.3347311052532,100.22719465363845
2017/03/08,2142.0,2148.0,2136.0,2136.0,5980,100.12197880205358,99.55209379496216
2017/03/09,2146.0,2151.0,2142.0,2149.0,7700,99.98167608592355,99.68399344774052
2017/03/10,2173.0,2176.0,2168.0,2172.0,11660,100.46370184309461,100.41467076541926
2017/03/13,2174.0,2183.0,2168.0,2176.0,4230,100.68576913838547,100.34900588097362
2017/03/14,2180.0,2180.0,2170.0,2176.0,1430,100.49859571628134,100.30522068924519
2017/03/15,2170.0,2173.0,2160.0,2171.0,870,99.70087600644324,99.56220473600318
2017/03/16,2168.0,2170.0,2163.0,2170.0,1810,99.31408040041357,99.26462817779492
2017/03/17,2171.0,2173.0,2166.0,2170.0,2130,98.41782914527793,98.67702512937751
2017/03/21,2147.0,2170.0,2136.0,2156.0,4510,99.85370716647348,99.8505215013124
2017/03/22,2113.0,2120.0,2103.0,2120.0,12040,99.62258264010164,99.47457848647232
2017/03/23,2113.0,2116.0,2106.0,2107.0,2210,98.98604575435087,98.98972544040683
2017/03/24,2107.0,2115.0,2104.0,2110.0,2430,98.33504519830677,98.56989255342764
2017/03/27,2090.0,2092.0,2078.0,2080.0,9360,98.74730710900188,99.18500734777089
2017/03/28,2094.0,2097.0,2084.0,2093.0,13160,98.01179153832224,98.12985455853791
2017/03/29,2110.0,2114.0,2107.0,2107.0,2730,97.14463074373944,97.27876020075772
2017/03/30,2116.0,2117.0,2115.0,2115.0,3820,97.09232092749488,97.40177265518851
2017/03/31,2122.0,2129.0,2119.0,2119.0,2140,95.23554059321013,95.85331793377303
2017/04/03,2124.0,2127.0,2118.0,2127.0,3730,95.08169299124053,96.13188685509819
2017/04/04,2107.0,2118.0,2102.0,2117.0,5710,94.48508927208627,95.23432201978972
2017/04/05,2110.0,2110.0,2100.0,2110.0,1520,94.6725235364404,95.73390957652516
2017/04/06,2097.0,2106.0,2032.0,2076.0,14320,95.29340222052221,96.74354920797924
2017/04/07,2093.0,2098.0,2083.0,2083.0,1540,96.48659927412659,98.38531462167643
2017/04/10,2098.0,2109.0,2088.0,2091.0,8230,96.37469063729345,98.15421508142896
2017/04/11,2089.0,2091.0,2080.0,2087.0,5360,97.3206340506657,99.5474147124295
2017/04/12,2075.0,2078.0,2066.0,2078.0,4760,99.17793065817212,101.15672621402796
2017/04/13,2055.0,2066.0,2054.0,2058.0,2910,100.24995369189187,102.02228030518374
2017/04/14,2054.0,2058.0,2048.0,2048.0,3850,99.83248654551376,101.37438114853121
2017/04/17,2029.0,2039.0,2025.0,2035.0,8950,97.59179562616825,99.13081064775062
2017/04/18,2055.0,2059.0,2047.0,2048.0,6330,99.48583570533047,100.58299381936897
2017/04/19,2042.0,2044.0,2041.0,2041.0,1320,99.15590369533878,100.34254426543801
2017/04/20,2042.0,2047.0,2041.0,2046.0,1490,100.65613311584714,101.10047465615317
2017/04/21,2062.0,2064.0,2057.0,2057.0,3300,100.99899303087734,101.19455203234484
2017/04/24,2100.0,2100.0,2077.0,2099.0,4770,100.47938553509523,101.42303481918076
2017/04/25,2104.0,2110.0,2102.0,2109.0,2210,99.75065361653292,100.46666630588588
2017/04/26,2134.0,2144.0,2134.0,2141.0,4690,99.95472879555462,100.40514227933134
2017/04/27,2141.0,2145.0,2135.0,2135.0,2030,97.73859923485966,98.4937685741499
2017/04/28,2142.0,2142.0,2131.0,2131.0,1290,97.47119787353927,98.33987331540365
2017/05/01,2143.0,2150.0,2135.0,2150.0,6740,97.76081819186018,98.70311662084758
2017/05/02,2155.0,2167.0,2152.0,2158.0,5320,98.21177946795463,99.29926926585652
2017/05/08,2190.0,2196.0,2177.0,2183.0,16540,97.33361639043899,98.39551331941998
2017/05/09,2192.0,2197.0,2185.0,2187.0,12510,98.68840813902672,99.76597547495977
2017/05/10,2199.0,2199.0,2189.0,2196.0,5640,98.51990513602655,99.53884431134036
2017/05/11,2214.0,2214.0,2202.0,2208.0,17610,99.26123057832073,100.30801678460921
2017/05/12,2194.0,2208.0,2194.0,2200.0,6010,98.3685974220112,99.53486280178853
2017/05/15,2200.0,2201.0,2199.0,2199.0,8410,99.04019318760328,99.96932959548704
2017/05/16,2210.0,2214.0,2203.0,2205.0,7530,99.10544275225219,99.96204017297102
2017/05/17,2190.0,2194.0,2186.0,2187.0,4150,99.51793385163565,100.6212982264352
2017/05/18,2149.0,2159.0,2142.0,2145.0,6770,98.44144738294396,99.3890766530461
2017/05/19,2143.0,2151.0,2143.0,2143.0,3640,98.26950792834194,99.07526317083259
2017/05/22,2168.0,2180.0,2160.0,2179.0,6360,98.67224276724495,99.5578701439009
2017/05/23,2170.0,2179.0,2161.0,2178.0,1110,99.03466200837805,99.77414452057008
2017/05/24,2187.0,2188.0,2174.0,2179.0,2220,97.85613557392222,98.29280823890737
2017/05/25,2182.0,2195.0,2181.0,2195.0,2750,98.26224256002828,98.75393101902444
2017/05/26,2200.0,2202.0,2190.0,2196.0,4470,98.62757912127623,99.20589006333135
2017/05/29,2189.0,2190.0,2176.0,2177.0,6050,98.06838731841547,98.38385485207277
2017/05/30,2180.0,2180.0,2172.0,2178.0,2010,98.58481916067731,98.75417025201251
2017/05/31,2172.0,2177.0,2167.0,2176.0,7430,98.20019338159575,98.83753468109103
2017/06/01,2180.0,2180.0,2170.0,2180.0,1810,96.14180399431322,96.7978516863729
2017/06/02,2200.0,2205.0,2196.0,2204.0,8670,95.92929988895077,96.46939840968554
2017/06/05,2190.0,2201.0,2188.0,2188.0,3170,96.22762663597993,96.8868051281828
2017/06/06,2182.0,2185.0,2170.0,2181.0,3340,96.82378782697906,97.43152483691124
2017/06/07,2160.0,2168.0,2160.0,2168.0,3810,97.64041852997826,98.06950562458474
2017/06/08,2170.0,2174.0,2162.0,2173.0,880,96.9247099289265,97.35335483784769
2017/06/09,2172.0,2174.0,2165.0,2174.0,350,96.17985046580807,96.93813268327852
2017/06/12,2172.0,2180.0,2170.0,2170.0,2280,95.77960947257343,96.07279172697457
2017/06/13,2165.0,2170.0,2154.0,2165.0,2630,95.22472139932484,95.36919678181938
2017/06/14,2170.0,2180.0,2167.0,2170.0,3170,96.25446021451701,96.45628204230644
2017/06/15,2153.0,2167.0,2152.0,2152.0,1280,94.67477843686174,95.10580705078219
2017/06/16,2170.0,2184.0,2170.0,2172.0,2690,95.1255866308171,95.30877415444205
2017/06/19,2185.0,2189.0,2181.0,2189.0,5610,95.68696398094364,95.79546708684941
2017/06/20,2201.0,2220.0,2196.0,2205.0,23280,96.83194089416025,96.93056827235245
2017/06/21,2199.0,2199.0,2180.0,2189.0,3160,96.37278036219983,96.29691791650787
2017/06/22,2191.0,2191.0,2182.0,2185.0,2110,96.72648830967833,96.60740658519514
2017/06/23,2181.0,2189.0,2178.0,2179.0,5470,93.65090669883914,94.25966609801173
2017/06/26,2185.0,2189.0,2179.0,2181.0,4580,98.03349683168221,98.11892815437405
2017/06/27,2204.0,2204.0,2190.0,2200.0,2110,99.09551431417472,98.93405812600072
2017/06/28,2201.0,2201.0,2188.0,2200.0,1510,99.43063972001805,99.37480447332648
2017/06/29,2221.0,2222.0,2210.0,2215.0,6820,98.05970794912461,97.65062714229596
2017/06/30,2209.0,2216.0,2202.0,2216.0,4510,97.84090247353478,97.26863446909456
2017/07/03,2208.0,2214.0,2205.0,2209.0,1870,97.45312596923539,96.84552649411799
2017/07/04,2229.0,2229.0,2213.0,2216.0,3910,98.26292842076265,98.07021124906423
2017/07/05,2220.0,2220.0,2205.0,2208.0,3220,97.74213461053522,97.31749525280058
2017/07/06,2219.0,2227.0,2202.0,2205.0,3280,97.21326125954063,96.56446845923517
2017/07/07,2214.0,2223.0,2205.0,2221.0,3990,98.11184909242564,97.44094364270323
2017/07/10,2231.0,2240.0,2226.0,2232.0,5130,99.15017704897207,98.52586785035379
2017/07/11,2249.0,2249.0,2242.0,2242.0,4900,99.76871125826118,98.91562020214775
2017/07/12,2241.0,2249.0,2232.0,2233.0,3590,98.81470632261282,98.24670933921851
2017/07/13,2249.0,2251.0,2228.0,2228.0,20840,98.39240423429625,97.73786011794017
2017/07/14,2253.0,2262.0,2241.0,2260.0,17000,99.79769658108712,98.6128827872249
2017/07/18,2250.0,2250.0,2238.0,2240.0,6050,100.37616016003066,98.62749306201107
2017/07/19,2231.0,2246.0,2231.0,2234.0,2100,100.07664763715968,98.54864532783114
2017/07/20,2240.0,2250.0,2240.0,2244.0,1680,99.49888133895413,97.79607871061287
2017/07/21,2249.0,2250.0,2244.0,2249.0,2310,100.02447537530243,98.47576708531821
2017/07/24,2232.0,2235.0,2222.0,2235.0,3840,99.44275861317931,97.68639417552666
2017/07/25,2230.0,2245.0,2230.0,2240.0,5090,100.0010812692429,98.44487663566136
2017/07/26,2252.0,2261.0,2251.0,2258.0,2310,101.17257605257586,99.25495398260254
2017/07/27,2251.0,2252.0,2240.0,2252.0,2540,99.61906803013379,97.53381632282868
2017/07/28,2237.0,2249.0,2230.0,2235.0,3880,100.72429142930741,98.99663570206332
2017/07/31,2240.0,2240.0,2227.0,2239.0,7560,102.37501403484288,100.13518522542282
2017/08/01,2229.0,2235.0,2229.0,2232.0,2370,100.8032187045109,98.129761854846
2017/08/02,2242.0,2247.0,2242.0,2243.0,2860,101.15602866898732,98.29095522240607
2017/08/03,2243.0,2252.0,2240.0,2250.0,5330,102.41187221614095,99.09465688087035
2017/08/04,2233.0,2246.0,2230.0,2230.0,6040,101.71899678089893,97.95479031853482
2017/08/07,2247.0,2250.0,2231.0,2234.0,6660,102.52546985475648,98.35149524534388
2017/08/08,2244.0,2250.0,2240.0,2240.0,7420,103.36000612199211,99.32021941992653
2017/08/09,2220.0,2231.0,2220.0,2225.0,11520,104.16495471291202,99.84572955876112
2017/08/10,2228.0,2234.0,2222.0,2225.0,2900,104.26915853823438,99.47955233323799
2017/08/14,2205.0,2215.0,2191.0,2200.0,12310,103.9178481803801,99.09357031720043
2017/08/15,2222.0,2233.0,2214.0,2219.0,12740,103.0613027565961,98.54914617125493
2017/08/16,2222.0,2233.0,2217.0,2220.0,8700,103.81661374983355,99.23862613534071
2017/08/17,2223.0,2223.0,2218.0,2223.0,1150,103.28020876345563,98.66366012185823
2017/08/18,2179.0,2197.0,2177.0,2190.0,18590,102.82026966200681,98.14250488444041
2017/08/21,2186.0,2189.0,2161.0,2184.0,7020,103.50175431940028,98.83106437565145
2017/08/22,2175.0,2185.0,2175.0,2177.0,8200,102.76313326520908,98.15775385092554
2017/08/23,2200.0,2210.0,2191.0,2195.0,10670,103.85281240921715,99.3122860339977
2017/08/24,2184.0,2193.0,2177.0,2178.0,8390,103.3931148777659,99.00861246300427
2017/08/25,2197.0,2199.0,2187.0,2189.0,4670,102.28160240022636,98.07384517122819
2017/08/28,2199.0,2199.0,2191.0,2198.0,5850,103.35929921900826,98.57530903761483
2017/08/29,2183.0,2188.0,2174.0,2180.0,5480,102.90069925842606,97.88040004640379
2017/08/30,2203.0,2211.0,2195.0,2195.0,9140,103.10785142348935,98.49611307196287
2017/08/31,2219.0,2225.0,2216.0,2220.0,7940,103.83883154553718,99.65476030393798
2017/09/01,2228.0,2229.0,2217.0,2227.0,1860,103.58246401533174,99.76178434769776
2017/09/04,2223.0,2226.0,2216.0,2224.0,2850,103.9241190278001,99.72264087210596
2017/09/05,2226.0,2229.0,2209.0,2216.0,6630,104.64352813354077,100.97876777748202
2017/09/06,2198.0,2208.0,2195.0,2208.0,3070,105.0603800903331,101.33784243360817
2017/09/07,2217.0,2219.0,2205.0,2205.0,1160,104.43532647608428,100.59208920440878
2017/09/08,2209.0,2209.0,2196.0,2200.0,1450,104.55978620372773,100.17809215723592
2017/09/11,2201.0,2211.0,2201.0,2210.0,4890,104.4995987342132,100.53408523265858
2017/09/12,2230.0,2245.0,2230.0,2231.0,10150,104.32297277993898,100.2558931390274
2017/09/13,2261.0,2262.0,2254.0,2255.0,7810,104.30907729871232,100.15018988122743
2017/09/14,2259.0,2265.0,2258.0,2259.0,7670,104.23172575754367,100.32543355046735
2017/09/15,2254.0,2264.0,2250.0,2264.0,4650,104.24438218900562,100.53722089154631
2017/09/19,2290.0,2296.0,2281.0,2291.0,9860,103.46380081036155,100.55530946455995
2017/09/20,2292.0,2294.0,2281.0,2288.0,14560,104.60776090971882,102.51657471813218
2017/09/21,2310.0,2312.0,2304.0,2310.0,11830,104.50786874987834,102.64649237886536
2017/09/22,2309.0,2310.0,2288.0,2295.0,2100,104.09029712038394,102.23297527170512
2017/09/25,2315.0,2317.0,2302.0,2303.0,2780,103.54615607426467,101.94422679273016
2017/09/26,2299.0,2299.0,2279.0,2292.0,3750,104.37986918454799,102.59215551714875
2017/09/27,2295.0,2300.0,2290.0,2290.0,3690,103.70382863044179,102.05881242460136
2017/09/28,2311.0,2318.0,2306.0,2311.0,2040,103.9254788567134,101.59025785710396
2017/09/29,2315.0,2318.0,2305.0,2306.0,1960,103.7567196666821,101.41229336160632
2017/10/02,2332.0,2339.0,2322.0,2328.0,3250,104.01585624032583,101.64894071817085
2017/10/03,2336.0,2341.0,2326.0,2338.0,3290,104.17774975565727,102.09589622072895
2017/10/04,2345.0,2346.0,2339.0,2346.0,1630,104.36214592272006,102.40183355488912
2017/10/05,2344.0,2349.0,2338.0,2343.0,1820,103.97651456188773,102.13728553421527
2017/10/06,2344.0,2350.0,2341.0,2344.0,4320,103.693725096349,101.86891300529608
2017/10/10,2344.0,2349.0,2341.0,2343.0,4300,103.37700167083288,101.17263682891779
2017/10/11,2342.0,2347.0,2341.0,2342.0,4090,103.26623979773011,101.2991351162084
2017/10/12,2350.0,2355.0,2344.0,2344.0,2160,103.32436704555047,101.90898073588608
2017/10/13,2345.0,2348.0,2345.0,2345.0,620,101.88044807736252,100.81540068807864
2017/10/16,2348.0,2350.0,2340.0,2340.0,3570,101.61194162891165,100.545514919732
2017/10/17,2345.0,2347.0,2342.0,2343.0,2540,101.96158436225444,100.94793077979793
2017/10/18,2349.0,2349.0,2343.0,2345.0,3740,101.35539631464357,100.23847595504162
2017/10/19,2365.0,2368.0,2359.0,2360.0,10690,103.12330667108363,101.68297051384707
2017/10/20,2361.0,2375.0,2352.0,2370.0,4770,103.60485252475429,102.05658892981941
2017/10/23,2391.0,2398.0,2383.0,2383.0,6570,103.1553989383625,101.76363106243586
2017/10/24,2378.0,2384.0,2372.0,2383.0,30990,102.74926171692647,101.14397419483714
2017/10/25,2386.0,2392.0,2385.0,2389.0,2960,104.420797481101,102.8937186543843
2017/10/26,2378.0,2389.0,2300.0,2366.0,15800,103.04588915486141,101.81992045876432
2017/10/27,2377.0,2381.0,2368.0,2371.0,2370,102.2592643223835,101.41970857061227
2017/10/30,2386.0,2389.0,2374.0,2385.0,3410,102.833826997492,102.18654955375122
2017/10/31,2375.0,2379.0,2370.0,2372.0,3190,101.71081872061475,101.26099815079166
2017/11/01,2381.0,2396.0,2381.0,2388.0,2870,100.66427234700362,100.88072867403109
2017/11/02,2400.0,2400.0,2392.0,2400.0,3330,100.6209396959977,100.72553632325199
2017/11/06,2400.0,2420.0,2391.0,2400.0,11890,100.7886937673556,100.57919510099293
2017/11/07,2403.0,2405.0,2400.0,2400.0,660,98.66395493792672,99.10281404540675
2017/11/08,2404.0,2405.0,2400.0,2404.0,1480,98.32917472427654,99.24708501876331
2017/11/09,2405.0,2405.0,2399.0,2399.0,2780,97.55949108556543,97.64637961615387
2017/11/10,2390.0,2400.0,2369.0,2398.0,2330,98.49624320654596,98.43037594087068
2017/11/13,2399.0,2400.0,2390.0,2398.0,4130,100.23949428111285,99.64937471694414
2017/11/14,2382.0,2394.0,2382.0,2386.0,1740,99.40129135148304,99.30440054493106
2017/11/15,2372.0,2381.0,2361.0,2370.0,1940,99.88426828465016,100.41231894174281
2017/11/16,2360.0,2375.0,2360.0,2370.0,2480,98.70052972979407,99.7627166265033
2017/11/17,2380.0,2380.0,2373.0,2379.0,1640,98.68189451702575,99.62459454275722
2017/11/20,2355.0,2363.0,2351.0,2358.0,5290,98.400082151056,99.20896770993386
2017/11/21,2370.0,2378.0,2362.0,2378.0,1780,98.05461218381339,98.90481356125629
2017/11/22,2368.0,2395.0,2368.0,2385.0,4020,97.40813009007765,98.31393129379813
2017/11/24,2370.0,2380.0,2350.0,2380.0,5650,96.94854269253797,97.8298816175776
2017/11/27,2397.0,2397.0,2367.0,2380.0,7130,97.78938348348538,99.12187539337616
2017/11/28,2378.0,2379.0,2362.0,2376.0,5430,97.74666099006896,99.49801600206347
2017/11/29,2399.0,2399.0,2380.0,2380.0,3510,96.85083237445313,98.34146445163397
2017/11/30,2386.0,2392.0,2383.0,2392.0,2770,96.46867079847505,98.0105047467382
2017/12/01,2410.0,2410.0,2399.0,2402.0,5500,96.40083590759126,98.215291530805
2017/12/04,2422.0,2441.0,2413.0,2413.0,3560,97.58848443181604,99.54731713715304
2017/12/05,2413.0,2419.0,2405.0,2409.0,2370,96.83840728264023,98.41277292346298
2017/12/06,2405.0,2407.0,2390.0,2404.0,4480,98.86827361889246,100.08878432178008
2017/12/07,2400.0,2403.0,2386.0,2403.0,2460,97.72441180029566,99.21921908069218
2017/12/08,2410.0,2420.0,2409.0,2409.0,3210,97.38551201169804,98.89410503660162
2017/12/11,2428.0,2440.0,2428.0,2429.0,5000,97.51639700377083,98.62388099605431
2017/12/12,2439.0,2442.0,2433.0,2440.0,1400,98.33325689805673,99.11669959980934
2017/12/13,2440.0,2443.0,2433.0,2443.0,2030,98.37260140188906,98.8026212674003
2017/12/14,2430.0,2440.0,2422.0,2440.0,1940,97.74654737503985,98.19944231234415
2017/12/15,2428.0,2435.0,2425.0,2435.0,2890,97.97385163693501,98.47285581703085
2017/12/18,2450.0,2450.0,2442.0,2450.0,4280,97.48528285437284,98.10535435624122
2017/12/19,2460.0,2460.0,2400.0,2450.0,19700,97.9173867740998,98.23086645540764
2017/12/20,2449.0,2458.0,2441.0,2450.0,7560,97.15490901759306,97.03091630027664
2017/12/21,2451.0,2453.0,2446.0,2446.0,3190,97.20248575788624,96.90622278029328
2017/12/22,2464.0,2500.0,2451.0,2483.0,17310,98.44964501048347,97.75492267699458
2017/12/25,2480.0,2480.0,2470.0,2477.0,4640,98.055819666539,97.36699119086671
2017/12/26,2469.0,2476.0,2468.0,2472.0,10150,98.18099987384053,97.40170109189468
2017/12/27,2470.0,2475.0,2468.0,2468.0,3030,97.79864549417788,96.9966500166538
2017/12/28,2476.0,2481.0,2468.0,2470.0,3400,98.0867275909451,97.43719276129693
2017/12/29,2470.0,2474.0,2466.0,2472.0,4240,97.58306503739466,97.10430304258563
2018/01/04,2486.0,2490.0,2470.0,2487.0,8810,97.0086497334929,97.50265114844979
2018/01/05,2490.0,2505.0,2489.0,2503.0,8530,95.86126148980875,96.53080600368617
2018/01/09,2533.0,2533.0,2506.0,2506.0,8870,95.21447411085116,96.04494492143095
2018/01/10,2518.0,2534.0,2510.0,2528.0,3630,96.56997948235288,97.20553583076617
2018/01/11,2506.0,2517.0,2496.0,2517.0,5890,95.7689607079329,96.50375667205296
2018/01/12,2514.0,2525.0,2505.0,2515.0,9920,96.41402132809218,97.35979952382434
2018/01/15,2527.0,2535.0,2520.0,2525.0,4910,95.99301147108281,96.86137706516739
2018/01/16,2521.0,2535.0,2521.0,2535.0,18060,94.72774615531529,96.07844713086487
2018/01/17,2485.0,2506.0,2475.0,2498.0,11640,96.13208070463949,97.22851863901835
2018/01/18,2511.0,2511.0,2500.0,2510.0,12310,97.17808132279745,98.58447466262372
2018/01/19,2496.0,2506.0,2490.0,2499.0,7560,97.09039433639012,98.0113027023191
2018/01/22,2500.0,2509.0,2488.0,2496.0,6460,96.24786125628889,97.14357357244214
2018/01/23,2512.0,2520.0,2495.0,2506.0,7420,95.67075458881381,96.82654373789399
2018/01/24,2490.0,2500.0,2488.0,2489.0,12990,96.13345201482622,96.65115259037485
2018/01/25,2479.0,2487.0,2475.0,2475.0,4790,97.39849872754587,97.41083343042395
2018/01/26,2496.0,2500.0,2495.0,2496.0,1260,97.81862394669649,97.88507151152753
2018/01/29,2500.0,2506.0,2491.0,2493.0,4240,97.30949712760246,97.4594128305154
2018/01/30,2493.0,2493.0,2464.0,2478.0,9090,98.10079611127784,98.27105746099576
2018/01/31,2467.0,2467.0,2450.0,2454.0,7220,98.37153033391287,98.70551327547699
2018/02/01,2458.0,2474.0,2458.0,2466.0,3420,96.97253113449275,97.23311311860462
2018/02/02,2479.0,2480.0,2460.0,2467.0,6790,97.57896695116787,97.56062769076226
2018/02/05,2417.0,2434.0,2407.0,2430.0,13260,98.64301201460933,98.29443530864128
2018/02/06,2319.0,2319.0,2216.0,2266.0,54790,97.10777869778157,96.504331203035
2018/02/07,2350.0,2384.0,2349.0,2349.0,16730,100.62164795519766,99.8024386201882
2018/02/08,2336.0,2350.0,2336.0,2349.0,3430,98.68135332166503,97.9359682758035
2018/02/09,2300.0,2314.0,2261.0,2265.0,22800,98.45346899060613,97.00375706409584
2018/02/13,2311.0,2319.0,2268.0,2295.0,6600,99.4416342615936,98.44513075580282
2018/02/14,2296.0,2310.0,2265.0,2300.0,4560,99.87741958410456,99.18210147651213
2018/02/15,2312.0,2326.0,2300.0,2315.0,4990,98.10215464883363,98.1908045079508
2018/02/16,2324.0,2329.0,2317.0,2329.0,4070,97.0575546782379,97.43553992528913
2018/02/19,2330.0,2330.0,2320.0,2330.0,8890,95.75079914451187,96.00715792072684
2018/02/20,2335.0,2338.0,2320.0,2329.0,5460,97.11315995804924,96.96494534569949
2018/02/21,2341.0,2348.0,2320.0,2321.0,2940,96.02686070066775,96.22587938781443
2018/02/22,2311.0,2327.0,2295.0,2302.0,10480,96.22591653293841,96.23010525281369
2018/02/23,2304.0,2319.0,2304.0,2309.0,1140,95.52875585912358,95.49392947894695
2018/02/26,2358.0,2358.0,2323.0,2342.0,5230,95.86953998231607,96.07178229954005
2018/02/27,2374.0,2389.0,2366.0,2375.0,3650,95.8885630004846,96.29785971686069
2018/02/28,2356.0,2363.0,2350.0,2359.0,1400,97.4652593640428,97.41276342854468
2018/03/01,2324.0,2324.0,2306.0,2321.0,4550,96.7715310073028,96.61632895537758
2018/03/02,2286.0,2286.0,2269.0,2277.0,13090,97.435363187782,96.67982028749785
2018/03/05,2267.0,2273.0,2255.0,2255.0,6390,96.59479222966459,96.22649276572236
2018/03/06,2299.0,2319.0,2288.0,2319.0,3100,97.37241507685205,97.68068591000181
2018/03/07,2270.0,2290.0,2266.0,2275.0,4840,96.49110419484279,96.89971440617767
2018/03/08,2310.0,2310.0,2291.0,2308.0,370,97.09777809250767,97.64656922541496
2018/03/09,2319.0,2326.0,2319.0,2325.0,1120,97.7474601801393,98.21661546783561
2018/03/12,2350.0,2380.0,2342.0,2343.0,7840,96.86830585183193,97.53974908030175
2018/03/13,2347.0,2354.0,2344.0,2351.0,660,96.44234495131569,97.17468338383044
2018/03/14,2335.0,2340.0,2326.0,2335.0,1700,96.68916229808562,96.94808328513102
2018/03/15,2320.0,2325.0,2302.0,2325.0,2700,96.26437280532049,96.64057123193382
2018/03/16,2328.0,2328.0,2303.0,2303.0,2150,95.57846050119268,95.69231509376782
2018/03/19,2311.0,2322.0,2300.0,2300.0,4290,96.62232533780183,96.96921300445933
2018/03/20,2298.0,2310.0,2298.0,2310.0,2810,97.49597756456158,97.59963975452021
2018/03/22,2299.0,2308.0,2292.0,2298.0,7330,96.40333025173771,96.62797592642531
2018/03/23,2242.0,2242.0,2224.0,2237.0,36770,99.04972419278707,98.31272515861983
2018/03/26,2212.0,2218.0,2205.0,2218.0,13980,97.49163721160912,97.26009462350339
2018/03/27,2245.0,2272.0,2245.0,2272.0,7190,97.78508913463382,97.65997696981637
2018/03/28,2224.0,2240.0,2217.0,2229.0,5840,96.66642239431702,95.98715507739729
2018/03/29,2232.0,2248.0,2225.0,2248.0,4310,95.76028159549702,95.28469572359288
2018/03/30,2260.0,2272.0,2241.0,2255.0,2800,93.79415469100618,93.78782903189247
2018/04/02,2254.0,2276.0,2240.0,2243.0,4770,93.59441645241489,93.62025089117316
2018/04/03,2209.0,2218.0,2205.0,2208.0,11360,92.1404663597782,92.10078580081294
2018/04/04,2223.0,2243.0,2222.0,2223.0,4200,93.20729531772444,92.9144506887251
2018/04/05,2247.0,2260.0,2247.0,2258.0,4150,93.44904415107479,93.35126774466427
2018/04/06,2260.0,2262.0,2250.0,2255.0,1630,93.68637861261337,93.80475156255316
2018/04/09,2259.0,2260.0,2230.0,2245.0,3670,93.09937482858811,93.29140383662991
2018/04/10,2249.0,2283.0,2246.0,2271.0,4540,93.60591552994377,93.93600454880418
2018/04/11,2291.0,2291.0,2280.0,2290.0,1200,94.27433385185374,94.50439970351226
2018/04/12,2289.0,2290.0,2280.0,2288.0,690,94.57959460624346,94.98910932626795
2018/04/13,2288.0,2288.0,2273.0,2286.0,2850,93.97435642260798,94.17529563411462
2018/04/16,2299.0,2300.0,2288.0,2288.0,3270,94.5123168400183,94.91371594146571
2018/04/17,2297.0,2299.0,2297.0,2299.0,2540,94.63719563236856,95.48541875980867
2018/04/18,2313.0,2328.0,2309.0,2317.0,5350,94.43342148199808,95.46925608120627
2018/04/19,2333.0,2333.0,2318.0,2318.0,1000,94.09451060720458,95.33926726844044
2018/04/20,2318.0,2327.0,2318.0,2319.0,480,94.72180660793128,95.83413963955299
2018/04/23,2326.0,2326.0,2306.0,2310.0,4700,94.04800098255329,94.48858860069342
2018/04/24,2325.0,2335.0,2325.0,2332.0,1570,94.69707116358207,94.92002758812681
2018/04/25,2320.0,2326.0,2306.0,2308.0,1660,93.60217885263222,93.75466933076169
2018/04/26,2323.0,2335.0,2323.0,2335.0,990,94.33553661631458,94.83617744116178
2018/04/27,2345.0,2345.0,2332.0,2332.0,1990,93.4997989162519,94.31994220079703
2018/05/01,2338.0,2338.0,2332.0,2332.0,980,93.36050705482403,94.42677853782976
2018/05/02,2330.0,2334.0,2325.0,2326.0,5160,94.33186009028778,95.38383067628483
2018/05/07,2339.0,2339.0,2330.0,2333.0,6170,94.63941534457203,95.58132001297896
2018/05/08,2335.0,2339.0,2322.0,2323.0,3130,93.63916648542946,94.3990619068527
2018/05/09,2330.0,2339.0,2326.0,2338.0,3300,94.54684924410563,95.1933926993687
2018/05/10,2360.0,2370.0,2345.0,2360.0,3730,94.83728482375565,95.41411338299756
2018/05/11,2370.0,2379.0,2360.0,2363.0,2870,93.84245444894698,94.58852792870552
2018/05/14,2378.0,2389.0,2375.0,2380.0,6660,94.04999485965423,94.69134971303316
2018/05/15,2386.0,2395.0,2362.0,2392.0,5780,94.70219273587944,95.20450929543172
2018/05/16,2380.0,2392.0,2380.0,2381.0,2140,94.96130710457817,95.29284156237013
2018/05/17,2390.0,2400.0,2386.0,2395.0,1970,95.59729815220899,96.0116899050858
2018/05/18,2414.0,2414.0,2398.0,2410.0,1480,96.08050624994623,96.62908154284473
2018/05/21,2411.0,2419.0,2411.0,2419.0,4170,94.97147629453035,95.95117987658045
2018/05/22,2425.0,2425.0,2415.0,2420.0,2070,94.91380934835195,96.10754672841253
2018/05/23,2414.0,2414.0,2378.0,2390.0,3430,95.43855537096593,96.12327712766235
2018/05/24,2398.0,2398.0,2375.0,2382.0,1680,95.82864341210858,96.46559381796507
2018/05/25,2381.0,2382.0,2380.0,2381.0,1170,95.07611859883768,96.04528668862088
2018/05/28,2377.0,2377.0,2373.0,2373.0,4880,95.4341367792412,96.67646033526096
2018/05/29,2369.0,2369.0,2347.0,2365.0,7160,95.56736485405018,96.92636843217225
2018/05/30,2321.0,2335.0,2315.0,2317.0,3530,95.02856499507872,96.1907758267121
2018/05/31,2341.0,2366.0,2339.0,2341.0,1780,96.05859783674721,97.4724044813926
2018/06/01,2333.0,2340.0,2330.0,2337.0,5180,96.49784285917902,97.73137722659777
2018/06/04,2367.0,2386.0,2366.0,2384.0,4610,97.78328500613233,98.8448882536769
2018/06/05,2380.0,2395.0,2372.0,2378.0,1770,96.65057597246951,98.06639603551564
2018/06/06,2393.0,2395.0,2381.0,2390.0,1790,97.37151283254009,99.04588002135387
2018/06/07,2406.0,2410.0,2395.0,2397.0,3160,96.22451885265731,98.06287852920515
2018/06/08,2389.0,2408.0,2385.0,2408.0,1980,97.67741585297928,98.9637276373504
2018/06/11,2400.0,2409.0,2400.0,2400.0,1160,96.55616281493721,98.51131782008484
2018/06/12,2422.0,2425.0,2415.0,2416.0,1590,97.05996387328474,99.18754339383987
2018/06/13,2425.0,2430.0,2421.0,2421.0,1750,96.59080370106831,98.64012259231203
2018/06/14,2419.0,2419.0,2411.0,2413.0,1460,97.79433862528002,99.82104107891205
2018/06/15,2417.0,2429.0,2413.0,2413.0,1120,96.95588792045992,99.11085476544751
2018/06/18,2425.0,2425.0,2300.0,2393.0,13480,96.7266729380684,99.11454955799933
2018/06/19,2395.0,2395.0,2350.0,2379.0,4560,97.97267724783035,100.05445937262931
2018/06/20,2377.0,2385.0,2372.0,2385.0,1910,97.28029616200607,100.17725457723903
2018/06/21,2399.0,2399.0,2379.0,2399.0,2340,97.29918721195655,100.99800802668852
2018/06/22,2384.0,2394.0,2374.0,2394.0,1180,98.23382206484021,101.46143123353096
2018/06/25,2384.0,2392.0,2370.0,2371.0,1860,98.07897823034446,101.41119670634976
2018/06/26,2351.0,2361.0,2347.0,2359.0,5790,97.0674622398907,100.28658522815887
2018/06/27,2375.0,2375.0,2347.0,2359.0,1320,96.91771076936479,99.97660473749008
2018/06/28,2350.0,2359.0,2337.0,2340.0,3100,95.91839411643551,99.34694880538922
2018/06/29,2360.0,2378.0,2350.0,2365.0,3200,95.85704020501232,99.38709928510092
2018/07/02,2367.0,2375.0,2360.0,2367.0,3290,98.52545222220948,102.04045367235214
2018/07/03,2380.0,2390.0,2368.0,2375.0,3260,98.55018141500396,101.91383670828398
2018/07/04,2373.0,2382.0,2365.0,2382.0,1440,99.7564573967481,103.12624134190096
2018/07/05,2378.0,2383.0,2366.0,2381.0,980,100.19941420883936,104.07345980988735
2018/07/06,2390.0,2397.0,2383.0,2388.0,2840,98.34517900980624,102.14934434661009
2018/07/09,2400.0,2405.0,2400.0,2403.0,5330,98.0376642010873,101.60397086694171
2018/07/10,2425.0,2435.0,2421.0,2430.0,6160,98.61266944473691,102.76504185326665
2018/07/11,2418.0,2427.0,2411.0,2413.0,2640,99.02554845354688,102.8200256630399
2018/07/12,2430.0,2440.0,2423.0,2436.0,1730,99.04593937942504,103.54368602328373
2018/07/13,2464.0,2470.0,2460.0,2462.0,6680,96.98966644044789,102.35229010888149
2018/07/17,2462.0,2468.0,2460.0,2461.0,1730,96.80912408425479,102.02330674110857
2018/07/18,2488.0,2488.0,2479.0,2479.0,3680,97.4657261440246,102.77113907740474
2018/07/19,2480.0,2488.0,2471.0,2473.0,1670,97.52100013741453,102.86172903111223
2018/07/20,2468.0,2475.0,2465.0,2465.0,1450,97.05833307187126,102.38160994184362
2018/07/23,2453.0,2458.0,2443.0,2443.0,2180,97.48945403241011,101.94290058825351
2018/07/24,2452.0,2468.0,2451.0,2451.0,990,96.99885818262678,101.28986975201227
2018/07/25,2455.0,2472.0,2455.0,2461.0,4010,96.63252544629857,100.74829912317296
2018/07/26,2470.0,2470.0,2467.0,2470.0,940,97.5053480924816,101.050115832457
2018/07/27,2466.0,2475.0,2466.0,2475.0,1480,97.31617053632839,101.10097863759937
2018/07/30,2461.0,2468.0,2460.0,2463.0,4340,97.22219325684915,100.70091856731933
2018/07/31,2459.0,2472.0,2451.0,2472.0,1040,98.14256662501506,102.86989185369906
2018/08/01,2473.0,2475.0,2471.0,2474.0,2400,97.36807758003553,101.86126982848694
2018/08/02,2480.0,2481.0,2470.0,2477.0,3360,97.94540989691812,102.65764226977181
2018/08/03,2477.0,2479.0,2470.0,2470.0,1780,98.11094057461732,103.69865732306526
2018/08/06,2466.0,2470.0,2427.0,2462.0,5530,98.20261061360685,104.25139357630545
2018/08/07,2473.0,2477.0,2466.0,2477.0,2000,97.56834024624321,103.5676353156308
2018/08/08,2478.0,2486.0,2475.0,2476.0,3390,97.0019131278753,103.19271758179565
2018/08/09,2463.0,2469.0,2457.0,2468.0,2770,96.84094144302452,103.0868141790399
2018/08/10,2473.0,2475.0,2457.0,2465.0,1750,98.17182690168848,104.15740660488248
2018/08/13,2442.0,2449.0,2411.0,2425.0,3870,98.52582165423848,104.69855819855826
2018/08/14,2429.0,2452.0,2429.0,2440.0,650,97.15759333690906,103.87068496755943
2018/08/15,2454.0,2455.0,2445.0,2445.0,2100,97.85918707880403,104.81462540613427
2018/08/16,2426.0,2441.0,2421.0,2426.0,3730,96.88985568052762,104.45320186300381
2018/08/17,2439.0,2454.0,2435.0,2435.0,740,97.20806987806843,104.62613864404153
2018/08/20,2450.0,2455.0,2445.0,2445.0,2460,97.80042159853762,105.53579586799171
2018/08/21,2448.0,2448.0,2440.0,2444.0,1980,97.93632683879784,106.31637709143482
2018/08/22,2450.0,2454.0,2436.0,2454.0,2810,97.16172341481109,105.32737922115665
2018/08/23,2454.0,2464.0,2453.0,2453.0,6140,97.2629641766025,105.59499673395425
2018/08/24,2460.0,2471.0,2460.0,2465.0,1000,96.91847919090266,105.21568199912848
2018/08/27,2486.0,2486.0,2478.0,2478.0,3250,96.17517762348842,104.33829449522298
2018/08/28,2498.0,2508.0,2495.0,2496.0,4270,97.1760611587498,105.64392556475019
2018/08/29,2501.0,2509.0,2496.0,2507.0,2310,97.5096685430076,105.55089379853723
2018/08/30,2515.0,2522.0,2507.0,2512.0,4030,97.20518610392011,105.2330700469434
2018/08/31,2499.0,2499.0,2494.0,2494.0,1330,96.44513280599438,104.51875757293827
2018/09/03,2494.0,2495.0,2490.0,2491.0,2200,96.22551172093517,104.40342278322055
2018/09/04,2493.0,2499.0,2488.0,2489.0,3470,95.93399897420743,103.98299610709046
2018/09/05,2487.0,2496.0,2485.0,2494.0,570,96.83164088999267,105.46934502437198
2018/09/06,2481.0,2483.0,2478.0,2483.0,1890,97.12751342857847,106.34193016570816
2018/09/07,2455.0,2457.0,2450.0,2457.0,1820,96.50070169387047,105.66311697101767
2018/09/10,2463.0,2469.0,2461.0,2461.0,2410,97.28506073398955,106.38547308637318
2018/09/11,2461.0,2488.0,2461.0,2488.0,1770,97.30901830997513,106.82873547885414
2018/09/12,2490.0,2490.0,2461.0,2482.0,4800,96.73078418257339,106.55299606447602
2018/09/13,2478.0,2479.0,2443.0,2472.0,3010,94.97730098373167,104.44455244522119
2018/09/14,2491.0,2500.0,2487.0,2490.0,3710,94.81379218882385,104.27710325804964
2018/09/18,2480.0,2490.0,2480.0,2486.0,1610,94.05067231391946,102.83898468653796
2018/09/19,2513.0,2516.0,2501.0,2506.0,6280,93.97239899914524,102.30609136391891
2018/09/20,2522.0,2522.0,2512.0,2514.0,1670,93.53523035416899,101.59483367382221
2018/09/21,2546.0,2566.0,2534.0,2566.0,15070,95.0698699833724,103.16802423751805
2018/09/25,2559.0,2559.0,2534.0,2536.0,1880,93.96090923234081,101.55699435691258
2018/09/26,2549.0,2559.0,2520.0,2540.0,3630,93.53335467967463,101.34307157046725
2018/09/27,2527.0,2538.0,2527.0,2532.0,15060,93.75412772805132,102.01940229043322
2018/09/28,2549.0,2554.0,2543.0,2547.0,3480,93.21590798832962,101.78996169621944
2018/10/01,2548.0,2558.0,2543.0,2546.0,19470,92.02088249486783,100.681101221497
2018/10/02,2560.0,2560.0,2544.0,2544.0,1970,92.41776808206139,100.4850205558475
2018/10/03,2544.0,2561.0,2536.0,2561.0,3210,93.38905441045156,102.008736593206
2018/10/04,2561.0,2561.0,2547.0,2560.0,1520,94.0084176411182,102.06119316238909
2018/10/05,2546.0,2550.0,2540.0,2549.0,1080,94.60363818414044,102.34649943850194
2018/10/09,2504.0,2507.0,2498.0,2506.0,3120,94.89884178059393,102.94977479314076
2018/10/10,2499.0,2505.0,2495.0,2495.0,2070,94.63702890551733,102.48322005103255
2018/10/11,2380.0,2414.0,2353.0,2385.0,21540,94.37997847563484,101.64571520403159
2018/10/12,2391.0,2422.0,2391.0,2415.0,5230,95.99913772864538,103.35831196743254
2018/10/15,2415.0,2420.0,2400.0,2405.0,5180,98.09033250067236,105.46095354056256
2018/10/16,2405.0,2418.0,2405.0,2409.0,1770,97.28548485354138,104.97690242979878
2018/10/17,2461.0,2461.0,2440.0,2440.0,4480,97.3179250893684,104.70503276148966
2018/10/18,2445.0,2454.0,2430.0,2430.0,2100,97.4691012653021,104.50034879873213
2018/10/19,2414.0,2427.0,2405.0,2416.0,2910,97.07988521629566,104.21658629014156
2018/10/22,2415.0,2426.0,2396.0,2426.0,2310,97.67115017881132,104.80337706771505
2018/10/23,2404.0,2409.0,2385.0,2389.0,5010,99.31529828947899,106.70153836354413
2018/10/24,2376.0,2403.0,2375.0,2380.0,3370,97.89355574200701,105.61488896904339
2018/10/25,2321.0,2330.0,2309.0,2318.0,22370,100.14108167550397,107.33315347056657
2018/10/26,2327.0,2338.0,2300.0,2321.0,6080,101.69808511377632,108.6272538811732
2018/10/29,2312.0,2320.0,2303.0,2303.0,5530,100.49681149380405,107.57415722494929
2018/10/30,2300.0,2323.0,2300.0,2323.0,3540,100.46423085916287,107.32375461097168
2018/10/31,2359.0,2360.0,2352.0,2356.0,2990,100.9086644034177,107.08620801868543
2018/11/01,2367.0,2385.0,2360.0,2379.0,3030,103.0167062821469,108.96613461597376
2018/11/02,2393.0,2415.0,2393.0,2415.0,2810,102.00334471710141,108.74774681087085
2018/11/05,2398.0,2405.0,2388.0,2389.0,2120,102.49332684216637,108.78167031417331
2018/11/06,2411.0,2411.0,2408.0,2411.0,650,104.04095525128594,109.7779800825624
2018/11/07,2415.0,2442.0,2412.0,2420.0,2710,104.43961561557195,110.72766600588429
2018/11/08,2462.0,2476.0,2435.0,2451.0,6460,103.90220295334724,110.1805457354444
2018/11/09,2457.0,2462.0,2451.0,2451.0,1440,104.1908253057366,109.99730286063401
2018/11/12,2444.0,2454.0,2440.0,2452.0,1920,102.76203674450477,109.07335705779329
2018/11/13,2401.0,2428.0,2400.0,2415.0,2010,103.85823839442583,109.88988376227138
2018/11/14,2423.0,2423.0,2410.0,2419.0,860,102.91707332102231,108.45737973979146
2018/11/15,2396.0,2403.0,2384.0,2403.0,2050,103.93841998063753,108.98552989014496
2018/11/16,2407.0,2407.0,2390.0,2400.0,1310,104.21654776424649,109.20819553713288
2018/11/19,2383.0,2383.0,2376.0,2383.0,3460,103.10076892768171,108.59155540595498
2018/11/20,2350.0,2364.0,2344.0,2364.0,2820,103.24970371123383,108.30628761705152
2018/11/21,2328.0,2344.0,2314.0,2343.0,3100,102.87794844017357,108.03863563942878
2018/11/22,2352.0,2357.0,2340.0,2348.0,1230,102.7768641844435,107.83688350106783
2018/11/26,2339.0,2349.0,2325.0,2341.0,2190,101.44580153627578,107.07116265204803
2018/11/27,2352.0,2354.0,2330.0,2341.0,5000,100.92292095471703,106.19199319120563
2018/11/28,2357.0,2373.0,2353.0,2353.0,3370,100.73871606773179,106.7865796948295
2018/11/29,2400.0,2406.0,2383.0,2390.0,5820,101.99149783639112,107.90081202740463
2018/11/30,2397.0,2398.0,2396.0,2398.0,520,101.92371167202647,107.56174256717172
2018/12/03,2445.0,2449.0,2421.0,2434.0,8280,101.46188585559017,106.71210908939288
2018/12/04,2444.0,2448.0,2404.0,2417.0,5760,103.0017004410758,108.95692435805711
2018/12/05,2357.0,2372.0,2357.0,2372.0,2670,99.82895524835527,106.18292296479072
2018/12/06,2350.0,2356.0,2320.0,2331.0,4920,101.49901134354735,107.58285115789555
2018/12/07,2355.0,2362.0,2341.0,2341.0,3790,102.25336915846643,108.16842525165589
2018/12/10,2299.0,2311.0,2289.0,2308.0,7020,102.71704404813977,108.37829312631209
2018/12/11,2320.0,2320.0,2309.0,2317.0,1410,102.67386790277517,109.41224995423757
2018/12/12,2328.0,2348.0,2312.0,2348.0,5400,101.25139483590013,108.3288764804932
2018/12/13,2350.0,2360.0,2350.0,2354.0,6620,100.35924534733616,107.90279129124045
2018/12/14,2342.0,2344.0,2324.0,2329.0,1480,100.9198066934011,107.74023799781156
2018/12/17,2307.0,2326.0,2302.0,2326.0,3680,101.09630038463642,108.26069501944569
2018/12/18,2276.0,2276.0,2251.0,2273.0,12600,100.47573541397125,107.77803061244097
2018/12/19,2250.0,2254.0,2232.0,2246.0,5660,99.989107670177,107.28532307952592
2018/12/20,2221.0,2224.0,2190.0,2202.0,12440,100.94406406058596,108.14917895287736
2018/12/21,2184.0,2195.0,2175.0,2195.0,5050,100.39723967258321,108.65059877787635
2018/12/25,2160.0,2160.0,2090.0,2090.0,36090,101.0405527243201,109.12230474300773
2018/12/26,2091.0,2127.0,2075.0,2076.0,11910,99.71590264568744,107.52295537249579
2018/12/27,2155.0,2155.0,2148.0,2150.0,10390,98.77769034248533,105.44316471647382
2018/12/28,2150.0,2157.0,2150.0,2157.0,6610,99.24704501356838,106.14845468492153
2019/01/04,2085.0,2106.0,2071.0,2106.0,10210,101.99988273407898,107.54098100306247
2019/01/07,2132.0,2151.0,2132.0,2134.0,15940,101.35056045211317,106.3672612003729
2019/01/08,2155.0,2167.0,2149.0,2166.0,8270,102.0298779765829,107.54277430011716
2019/01/09,2174.0,2190.0,2174.0,2185.0,3530,100.65377979261999,106.53228737205929
2019/01/10,2184.0,2185.0,2151.0,2167.0,3610,101.23781070143214,106.80236801951668
2019/01/11,2182.0,2194.0,2181.0,2182.0,3080,100.79678266691636,106.41194065107389
2019/01/15,2187.0,2214.0,2187.0,2214.0,7550,101.76873647242459,107.23827982605705
2019/01/16,2184.0,2186.0,2176.0,2176.0,1590,101.70665123408627,107.10882628210567
2019/01/17,2195.0,2195.0,2176.0,2192.0,2500,101.71766165298035,106.21271058843955
2019/01/18,2213.0,2222.0,2210.0,2222.0,2150,102.43394780208645,107.87646435894476
2019/01/21,2247.0,2250.0,2230.0,2236.0,4200,102.97370760380117,108.20208507568472
2019/01/22,2236.0,2239.0,2229.0,2231.0,1300,104.14072033061726,109.31141230412803
2019/01/23,2213.0,2231.0,2204.0,2231.0,1410,104.2025065442042,110.1566186905079
2019/01/24,2218.0,2219.0,2214.0,2219.0,420,103.1428115228525,108.82595476860592
2019/01/25,2216.0,2232.0,2215.0,2226.0,10350,101.45370763086862,107.02321696964047
2019/01/28,2235.0,2235.0,2230.0,2233.0,1520,102.49885445143063,108.28179024314555
2019/01/29,2223.0,2223.0,2212.0,2222.0,1690,101.06973588805779,107.00526137695954
2019/01/30,2220.0,2226.0,2217.0,2217.0,1480,101.51283266223194,107.00082713604098
2019/01/31,2247.0,2250.0,2241.0,2244.0,8820,102.88010662532167,108.58473677732896
2019/02/01,2264.0,2264.0,2251.0,2251.0,1090,102.15659511156572,108.71443072718981
2019/02/04,2273.0,2280.0,2266.0,2272.0,3850,101.54908855314444,107.83071050859725
2019/02/05,2287.0,2290.0,2278.0,2283.0,3980,104.45161414031901,110.96794588906262
2019/02/06,2300.0,2307.0,2295.0,2296.0,2520,101.35541434803372,108.10914042874509
2019/02/07,2298.0,2298.0,2294.0,2294.0,500,103.02160933628312,109.89896611141066
2019/02/08,2275.0,2276.0,2253.0,2269.0,1970,105.34698623640371,112.70811138538825
2019/02/12,2274.0,2296.0,2274.0,2296.0,3160,101.86792090942582,109.2158242583992
2019/02/13,2312.0,2321.0,2311.0,2318.0,3490,100.82879490965536,107.97289642696057
2019/02/14,2320.0,2335.0,2310.0,2333.0,8610,102.32816974600574,108.98396500726957
2019/02/15,2320.0,2320.0,2310.0,2310.0,2040,103.07371611588773,109.25045629608354
2019/02/18,2338.0,2348.0,2324.0,2342.0,3470,104.61159713346997,111.38183246981674
2019/02/19,2350.0,2350.0,2338.0,2350.0,1940,103.84995784198219,110.695264478658
2019/02/20,2341.0,2360.0,2332.0,2345.0,7340,103.57654235073267,110.31043032279852
2019/02/21,2358.0,2370.0,2351.0,2351.0,3560,103.42378156244858,110.52610427278336
2019/02/22,2349.0,2364.0,2348.0,2356.0,710,104.26081072869245,111.6087914845175
2019/02/25,2361.0,2370.0,2361.0,2367.0,6170,104.00349661752664,110.66621336718
2019/02/26,2369.0,2375.0,2362.0,2363.0,1840,103.85718328733711,110.14680135907415
2019/02/27,2364.0,2364.0,2362.0,2362.0,520,102.50409152175541,109.26109993442692
2019/02/28,2369.0,2373.0,2366.0,2366.0,3380,103.55624299777287,110.34294169742947
2019/03/01,2378.0,2397.0,2373.0,2392.0,7150,103.00300470904224,111.07245054711206
2019/03/04,2410.0,2416.0,2401.0,2416.0,10520,103.3103683563665,111.5632773002468
2019/03/05,2392.0,2398.0,2390.0,2390.0,1260,101.59815650391127,109.24003063152392
2019/03/06,2396.0,2396.0,2388.0,2390.0,590,103.38116286007677,110.82459320589646
2019/03/07,2379.0,2379.0,2371.0,2378.0,520,102.61063627183916,109.99909896342204
2019/03/08,2350.0,2362.0,2335.0,2336.0,7220,102.59310434384363,109.6128468788868
2019/03/11,2336.0,2348.0,2321.0,2322.0,7340,102.38263646361344,109.12162065879689
2019/03/12,2378.0,2389.0,2374.0,2376.0,4040,103.24601863969943,110.22560575626123
2019/03/13,2376.0,2382.0,2358.0,2368.0,2280,103.73327526314075,111.04074397426027
2019/03/14,2384.0,2402.0,2384.0,2402.0,4430,105.82063300465721,113.41411406343092
2019/03/15,2403.0,2414.0,2392.0,2398.0,7000,105.22043556719593,112.83121681805477
2019/03/18,2412.0,2422.0,2400.0,2422.0,5010,104.79891427725427,112.24054281544993
2019/03/19,2430.0,2430.0,2411.0,2424.0,3050,104.03065238199744,111.84675642448771
2019/03/20,2419.0,2432.0,2419.0,2432.0,5440,105.7482417001484,113.23886000457466
2019/03/22,2422.0,2433.0,2412.0,2416.0,7260,102.96068527070679,111.19620625333033
2019/03/25,2364.0,2388.0,2346.0,2364.0,7370,105.5103869736113,112.92782168420756
2019/03/26,2357.0,2371.0,2357.0,2370.0,10840,103.77269163695819,110.70845314603666
2019/03/27,2378.0,2390.0,2375.0,2380.0,1130,105.03917717119306,112.74962525224836
2019/03/28,2365.0,2369.0,2364.0,2369.0,2090,106.01043588194881,113.44845444672372
2019/03/29,2382.0,2396.0,2382.0,2396.0,3310,107.49784319191164,114.57467262009406
2019/04/01,2411.0,2431.0,2406.0,2420.0,4770,107.28702915319622,114.09903020168963
2019/04/02,2446.0,2446.0,2431.0,2431.0,7470,109.00905006262069,116.39196289681013
2019/04/03,2432.0,2458.0,2432.0,2450.0,7170,108.21329537168758,115.94432024449533
2019/04/04,2455.0,2457.0,2445.0,2445.0,2240,107.8852711442984,115.27029573412825
2019/04/05,2455.0,2461.0,2447.0,2458.0,2050,107.80270556240342,115.27449619875271
2019/04/08,2464.0,2467.0,2455.0,2455.0,1780,108.93507850852053,116.491222417112
2019/04/09,2455.0,2470.0,2451.0,2462.0,8750,108.36927045580289,115.99019875926587
2019/04/10,2450.0,2455.0,2425.0,2455.0,3680,107.2029168870528,115.04994891541907
2019/04/11,2446.0,2460.0,2446.0,2455.0,1590,107.04641176316628,114.77939481403507
2019/04/12,2451.0,2471.0,2450.0,2463.0,5870,107.29044155111147,116.06207658077867
2019/04/15,2480.0,2489.0,2469.0,2469.0,9790,106.28709794040793,115.08907457189935
2019/04/16,2483.0,2497.0,2483.0,2492.0,3790,106.57027963825323,115.29401466270282
2019/04/17,2487.0,2493.0,2487.0,2487.0,4920,106.76001218813039,115.16941271109225
2019/04/18,2493.0,2493.0,2465.0,2475.0,4840,107.26155597142566,115.7124340249178
2019/04/19,2478.0,2487.0,2477.0,2485.0,3900,106.97329386699082,116.05204931783872
2019/04/22,2477.0,2490.0,2476.0,2484.0,8120,106.90395780680649,116.31313639468736
2019/04/23,2487.0,2491.0,2476.0,2484.0,4290,106.60596284760709,116.15140681192551
2019/04/24,2491.0,2505.0,2491.0,2495.0,8120,108.17685332646327,118.54197807381892
2019/04/25,2501.0,2504.0,2495.0,2497.0,3630,106.9955708182831,116.95994728275198
2019/04/26,2480.0,2496.0,2480.0,2481.0,1430,107.38898536003244,116.86437100732219
2019/05/07,2478.0,2478.0,2462.0,2464.0,1380,108.89989644594328,118.00245026655067
2019/05/08,2434.0,2435.0,2428.0,2430.0,4690,107.81423224071321,117.19383214779423
2019/05/09,2430.0,2430.0,2401.0,2411.0,2120,107.38813320394436,117.1098831819958
2019/05/10,2401.0,2416.0,2392.0,2404.0,7470,108.47245343998637,117.85726512119345
2019/05/13,2397.0,2397.0,2392.0,2392.0,430,108.44625737765821,117.77161575143087
2019/05/14,2349.0,2371.0,2347.0,2371.0,6620,107.35960339151664,116.56843158894672
2019/05/15,2378.0,2384.0,2375.0,2384.0,4150,107.34968840420129,116.73855490930846
2019/05/16,2381.0,2382.0,2379.0,2382.0,880,107.84040957068395,116.97533172538357
2019/05/17,2413.0,2418.0,2407.0,2407.0,930,107.77279523711437,116.64728021213439
2019/05/20,2425.0,2425.0,2408.0,2420.0,2870,108.02821667970628,116.69409315611222
2019/05/21,2405.0,2411.0,2405.0,2411.0,630,107.53321928496791,116.28976289846347
2019/05/22,2435.0,2435.0,2412.0,2420.0,3720,107.94600879410953,117.69878454860859
2019/05/23,2410.0,2411.0,2392.0,2392.0,1780,106.52477358970454,115.74241195147161
2019/05/24,2369.0,2374.0,2357.0,2371.0,2680,105.8685687217759,114.47233075439571
2019/05/27,2370.0,2382.0,2370.0,2372.0,3480,106.08536023488222,114.39391931040619
2019/05/28,2378.0,2379.0,2378.0,2379.0,580,105.78850535553721,114.26763267496054
2019/05/29,2356.0,2359.0,2344.0,2349.0,4380,106.28112037714166,114.55976114714372
2019/05/30,2343.0,2344.0,2337.0,2344.0,1120,106.14893096938711,114.21097948536314
2019/05/31,2327.0,2328.0,2310.0,2310.0,2470,106.37831276345615,114.32812446893902
2019/06/03,2291.0,2291.0,2280.0,2284.0,3200,105.4984267306417,113.42853080596753
2019/06/04,2299.0,2299.0,2286.0,2291.0,2150,106.40115698098376,114.07069882558038
2019/06/05,2332.0,2338.0,2332.0,2333.0,4100,106.30542084293475,113.40554703951821
2019/06/06,2348.0,2349.0,2342.0,2342.0,910,107.34345533545363,114.62712831213653
2019/06/07,2360.0,2367.0,2359.0,2366.0,2140,106.77029126894469,114.22473209124485
2019/06/10,2400.0,2411.0,2385.0,2395.0,5280,107.67521220517675,114.8220418475064
2019/06/11,2399.0,2414.0,2396.0,2411.0,4780,107.67167015978671,114.58955843187901
2019/06/12,2409.0,2409.0,2398.0,2398.0,1730,107.65970702328336,114.73704579637204
2019/06/13,2401.0,2401.0,2387.0,2387.0,700,106.94942080640601,114.47736884179245
2019/06/14,2389.0,2397.0,2389.0,2390.0,1980,107.1840308857503,114.56494117027793
2019/06/17,2395.0,2405.0,2395.0,2398.0,3440,107.59192816294245,115.28772874321487
2019/06/18,2400.0,2400.0,2394.0,2394.0,1480,106.89581655913514,114.80016697418247
2019/06/19,2429.0,2434.0,2422.0,2422.0,2270,107.36611090303359,114.44582030348194
2019/06/20,2429.0,2433.0,2422.0,2422.0,3840,106.7453527582432,113.303023534204
2019/06/21,2426.0,2433.0,2421.0,2421.0,2110,107.11305714065553,114.14118208387245
2019/06/24,2421.0,2433.0,2421.0,2433.0,3050,107.68715515314351,114.5840423961084
2019/06/25,2430.0,2434.0,2422.0,2427.0,7320,108.4563154737452,115.38587434727141
2019/06/26,2414.0,2421.0,2412.0,2412.0,2200,107.99353111471954,115.38190634668759
2019/06/27,2411.0,2427.0,2411.0,2427.0,1190,108.24916888133882,115.3185843001525
2019/06/28,2430.0,2430.0,2426.0,2430.0,730,107.71581374346218,114.65515876054431
2019/07/01,2470.0,2475.0,2450.0,2474.0,7060,104.91471516123787,111.80398246765142
2019/07/02,2469.0,2472.0,2461.0,2461.0,2780,103.76999949652921,110.3316798512659
2019/07/03,2458.0,2460.0,2450.0,2456.0,2700,103.48249920025754,110.52920879822952
2019/07/04,2463.0,2466.0,2458.0,2458.0,3500,102.49444519068382,108.8457034215755
2019/07/05,2462.0,2474.0,2462.0,2474.0,3260,103.8002877185776,110.03893727176536
2019/07/08,2467.0,2474.0,2464.0,2464.0,1390,105.00420568475349,111.2039837008943
2019/07/09,2470.0,2484.0,2470.0,2475.0,2790,104.83554957196472,110.9861758716602
2019/07/10,2485.0,2485.0,2475.0,2478.0,270,104.59529626726518,111.22650130189542
2019/07/11,2480.0,2480.0,2474.0,2478.0,2420,104.28294753435661,110.16876920996737
2019/07/12,2479.0,2486.0,2479.0,2486.0,1280,105.21874978425532,110.8243315279794
2019/07/16,2481.0,2482.0,2476.0,2478.0,1240,106.12436790778746,112.00736823565258
2019/07/17,2470.0,2480.0,2470.0,2478.0,1160,106.1288558143743,111.68128199319602
2019/07/18,2472.0,2472.0,2459.0,2459.0,5970,107.55273128256955,113.38847305334583
2019/07/19,2458.0,2483.0,2458.0,2483.0,3370,106.50596645527371,112.38920736236884
2019/07/22,2470.0,2478.0,2467.0,2469.0,700,105.68975734033354,112.90402538347747
2019/07/23,2470.0,2471.0,2463.0,2471.0,1600,104.96410898782852,112.25725472430817
2019/07/24,2481.0,2485.0,2479.0,2480.0,1510,104.97141092234001,112.18518529783559
2019/07/25,2486.0,2497.0,2486.0,2492.0,2360,104.74109451723852,112.9072849219952
2019/07/26,2486.0,2495.0,2486.0,2489.0,3240,105.46249869733164,113.63550594521878
2019/07/29,2490.0,2497.0,2490.0,2491.0,5060,105.47877289709095,114.00516211689464
2019/07/30,2500.0,2505.0,2485.0,2500.0,8150,105.06636483562302,112.5394630450157
2019/07/31,2497.0,2497.0,2481.0,2483.0,16170,106.07725708417604,113.48493375406979
2019/08/01,2470.0,2489.0,2467.0,2487.0,5950,104.9321144186883,112.23807290060255
2019/08/02,2449.0,2449.0,2403.0,2413.0,9530,104.35434716598215,111.0147389162166
2019/08/05,2390.0,2395.0,2359.0,2359.0,5390,104.08013537164389,110.26127970988433
2019/08/06,2294.0,2345.0,2281.0,2340.0,9330,104.00275783557709,110.0216776330329
2019/08/07,2344.0,2347.0,2334.0,2346.0,3030,104.57597311532713,110.21218846971064
2019/08/08,2336.0,2355.0,2336.0,2350.0,1230,104.48963341964739,110.56273480051676
2019/08/09,2388.0,2393.0,2373.0,2383.0,4300,104.21322647416422,110.57942593262793
2019/08/13,2343.0,2360.0,2336.0,2337.0,5590,104.67807208990958,110.23533848466447
2019/08/14,2391.0,2391.0,2371.0,2391.0,3430,105.12555500294471,110.73874604418255
2019/08/15,2331.0,2340.0,2290.0,2337.0,7670,104.76463616395435,109.52962760555742
2019/08/16,2338.0,2338.0,2320.0,2325.0,1670,104.14086752700035,109.12649156257517
2019/08/19,2355.0,2367.0,2342.0,2362.0,1850,104.29046077999884,109.39396727400543
2019/08/20,2383.0,2383.0,2366.0,2374.0,2680,104.38212690717887,108.65274216216956
2019/08/21,2351.0,2366.0,2351.0,2360.0,1870,104.30382322933144,109.06867148991925
2019/08/22,2385.0,2387.0,2370.0,2370.0,3520,104.96661978902854,109.5255748052442
2019/08/23,2369.0,2386.0,2369.0,2382.0,1780,105.45522514844141,109.94500541277344
2019/08/26,2295.0,2319.0,2290.0,2301.0,14020,104.49164645898867,108.62117625681289
2019/08/27,2355.0,2355.0,2329.0,2329.0,1320,104.06240097217282,108.46362282008084
2019/08/28,2330.0,2335.0,2329.0,2334.0,1240,103.86787265420327,108.66949399466579
2019/08/29,2335.0,2341.0,2335.0,2337.0,1050,103.98492367779725,108.57699185691172
2019/08/30,2380.0,2389.0,2377.0,2381.0,5310,105.4326156324433,109.58180495172986
2019/09/02,2368.0,2379.0,2368.0,2375.0,1580,104.99394439606371,108.96813183421968
2019/09/03,2370.0,2374.0,2360.0,2374.0,1950,104.96029337546322,108.47646934819319
2019/09/04,2360.0,2368.0,2360.0,2363.0,1830,103.6108424417983,107.2069580368159
2019/09/05,2385.0,2428.0,2385.0,2424.0,3230,104.11483217296926,107.67277521293617
2019/09/06,2435.0,2435.0,2423.0,2430.0,4150,104.06780643441105,108.3729815172142
2019/09/09,2435.0,2437.0,2432.0,2437.0,3110,103.92376472765552,107.73911601090593
2019/09/10,2436.0,2442.0,2433.0,2433.0,5060,103.60676083716984,106.63442703785479
2019/09/11,2440.0,2449.0,2434.0,2449.0,4000,103.2702707393012,105.37821673868568
2019/09/12,2473.0,2480.0,2465.0,2465.0,8640,104.58228121292423,106.90099118274621
2019/09/13,2478.0,2479.0,2464.0,2476.0,7090,104.44113866880575,106.7720317560128
2019/09/17,2476.0,2476.0,2441.0,2467.0,13080,105.63703225272275,108.16618499562298
2019/09/18,2467.0,2467.0,2458.0,2464.0,4570,105.98825745956569,109.28114535049782
2019/09/19,2465.0,2475.0,2455.0,2455.0,5690,104.87588987977918,108.04547823105757
2019/09/20,2467.0,2467.0,2454.0,2454.0,2950,103.39222513063105,106.74710127769642
2019/09/24,2452.0,2455.0,2441.0,2443.0,8230,104.35988765831961,108.17452390701634
2019/09/25,2429.0,2431.0,2427.0,2427.0,1710,104.2888908961174,107.44081778599828
2019/09/26,2446.0,2446.0,2438.0,2438.0,6990,103.92344571130519,106.77713946059248
2019/09/27,2442.0,2442.0,2432.0,2437.0,940,105.48218676168926,108.38500794690498
2019/09/30,2448.0,2448.0,2421.0,2437.0,2760,106.67363039958263,109.59371670099998
2019/10/01,2458.0,2459.0,2448.0,2452.0,2530,106.88897585482738,109.67352781930117
2019/10/02,2436.0,2437.0,2426.0,2432.0,14290,105.13282558970126,107.24397066842842
2019/10/03,2376.0,2384.0,2368.0,2376.0,3050,104.26690753659258,106.55627736842446
2019/10/04,2369.0,2392.0,2363.0,2376.0,2640,103.54655632307528,106.23582475451397
2019/10/07,2390.0,2417.0,2384.0,2394.0,2820,104.88990170914387,106.97254657491568
2019/10/08,2400.0,2431.0,2400.0,2431.0,1060,105.4624146173405,107.6843931324986
2019/10/09,2380.0,2393.0,2380.0,2390.0,1700,104.94224960459971,106.82363399112818
2019/10/10,2379.0,2407.0,2379.0,2397.0,1820,105.34774394001157,108.15740395404536
2019/10/11,2420.0,2430.0,2413.0,2430.0,1510,104.75598331986016,107.38146041751466
2019/10/15,2451.0,2452.0,2442.0,2451.0,6710,103.31048985721381,105.99543696694744
2019/10/16,2480.0,2480.0,2464.0,2471.0,4070,102.929724118526,106.38271159041952
2019/10/17,2480.0,2480.0,2460.0,2468.0,7440,102.49700976134034,106.59645120004816
2019/10/18,2484.0,2484.0,2472.0,2473.0,2880,102.53857231339212,106.83104877219567
2019/10/21,2463.0,2480.0,2459.0,2480.0,6060,102.52473586241668,106.4132182173575
2019/10/23,2475.0,2476.0,2450.0,2474.0,3410,101.4952623554433,104.8335199390416
2019/10/24,2490.0,2495.0,2489.0,2494.0,4190,100.5846527200409,104.78992366710006
2019/10/25,2489.0,2504.0,2483.0,2490.0,10490,99.68119757839047,103.86917220737206
2019/10/28,2505.0,2510.0,2490.0,2501.0,9040,100.44115520556542,104.71916476038284
2019/10/29,2517.0,2532.0,2507.0,2521.0,7270,101.3583267517278,105.18032124663131
2019/10/30,2517.0,2521.0,2503.0,2503.0,920,101.94825717746767,104.97795947086432
2019/10/31,2525.0,2531.0,2520.0,2521.0,2800,100.24042766365045,103.74654876580931
2019/11/01,2489.0,2511.0,2489.0,2508.0,13240,101.09177130165985,103.36859971711453
2019/11/05,2550.0,2559.0,2541.0,2541.0,9270,100.3868760976534,103.22645919922795
2019/11/06,2553.0,2553.0,2536.0,2543.0,6240,99.5902934680783,102.4767413985719
2019/11/07,2540.0,2550.0,2520.0,2542.0,3800,99.96351394519445,102.68182946137196
2019/11/08,2560.0,2569.0,2547.0,2553.0,10800,99.07805146116154,102.33925772139337
2019/11/11,2569.0,2569.0,2555.0,2557.0,2900,99.5357629012702,102.31900575891298
2019/11/12,2552.0,2555.0,2549.0,2550.0,5660,97.91552645983907,101.19147979848783
2019/11/13,2550.0,2551.0,2545.0,2550.0,1600,98.75512852307139,101.75329460338898
2019/11/14,2548.0,2555.0,2546.0,2546.0,1140,99.82533784576007,103.09329013948265
2019/11/15,2547.0,2552.0,2539.0,2550.0,1450,98.85012629101777,102.03111094084294
2019/11/18,2550.0,2566.0,2550.0,2556.0,3130,99.95115936333384,103.27958160131115
2019/11/19,2567.0,2570.0,2558.0,2560.0,4790,100.3431701327915,103.75574324347585
2019/11/20,2548.0,2567.0,2548.0,2553.0,2720,101.23835919705868,104.1162366509973
2019/11/21,2545.0,2552.0,2540.0,2543.0,500,101.76097255429124,104.4314575009251
2019/11/22,2543.0,2565.0,2535.0,2565.0,6880,103.40162889307081,105.73734693031116
2019/11/25,2565.0,2573.0,2555.0,2571.0,4330,102.84288893652736,105.26150843378133
2019/11/26,2578.0,2596.0,2573.0,2580.0,12090,103.50942469662985,106.23244446297322
2019/11/27,2599.0,2605.0,2578.0,2605.0,9290,104.75450294338329,107.0008158152662
2019/11/28,2605.0,2614.0,2599.0,2602.0,3760,103.53801047055889,105.77320757891329
2019/11/29,2615.0,2615.0,2598.0,2598.0,8300,103.95507574649623,106.30590683445458
2019/12/02,2592.0,2618.0,2592.0,2617.0,4640,103.15578588971415,105.92310383889054
2019/12/03,2588.0,2608.0,2580.0,2608.0,7470,101.70064523687377,104.26521435774032
2019/12/04,2570.0,2570.0,2537.0,2561.0,4310,102.29357280290839,103.98842105232926
2019/12/05,2570.0,2580.0,2570.0,2572.0,2070,101.82215267500352,103.83943589896585
2019/12/06,2575.0,2579.0,2570.0,2572.0,1230,101.98438259726281,103.90981270851665
2019/12/09,2588.0,2612.0,2585.0,2610.0,8670,102.41288150160463,104.39967008388236
2019/12/10,2590.0,2604.0,2590.0,2603.0,5830,101.48758269111843,102.84693138134521
2019/12/11,2595.0,2605.0,2595.0,2604.0,3130,102.42056588618813,103.89673277584488
2019/12/12,2610.0,2615.0,2600.0,2615.0,1940,103.45894964858869,104.84964885258907
2019/12/13,2650.0,2750.0,2650.0,2706.0,22110,103.37890409506171,106.31652088448564
2019/12/16,2657.0,2679.0,2657.0,2670.0,5330,103.06965771238055,105.36031050726218
2019/12/17,2675.0,2677.0,2669.0,2673.0,3290,103.17958730033993,105.16705378596318
2019/12/18,2668.0,2671.0,2656.0,2661.0,6990,103.89183893544514,106.05639636902202
2019/12/19,2659.0,2674.0,2659.0,2664.0,4320,103.37853456897695,105.72338293272006
2019/12/20,2665.0,2689.0,2661.0,2678.0,4320,103.3045839525979,104.76550855354019
2019/12/23,2682.0,2687.0,2669.0,2669.0,9560,102.6926182692937,104.5266482847166
2019/12/24,2672.0,2686.0,2672.0,2674.0,3690,102.84411327376483,104.79517908710316
2019/12/25,2674.0,2697.0,2674.0,2697.0,5120,105.57355118842257,108.03115108692029
2019/12/26,2692.0,2700.0,2687.0,2699.0,5150,105.34796739521055,108.88802416928173
2019/12/27,2701.0,2719.0,2701.0,2708.0,1900,105.4106289118105,108.22599942951001
2019/12/30,2710.0,2729.0,2704.0,2711.0,2210,106.44636206278835,110.01688697657792
2020/01/06,2666.0,2673.0,2647.0,2662.0,13380,107.72340651959576,111.15024105026379
2020/01/07,2693.0,2693.0,2674.0,2687.0,3640,106.31204417721192,109.19488677285636
2020/01/08,2649.0,2671.0,2630.0,2669.0,5410,107.52907652266049,110.21233529851169
2020/01/09,2703.0,2730.0,2703.0,2703.0,5060,105.94517412359075,109.79867215709011
2020/01/10,2720.0,2737.0,2720.0,2734.0,3790,106.95876402713296,110.46355614928454
2020/01/14,2762.0,2780.0,2755.0,2763.0,4430,106.77274481422816,110.61368607515539
2020/01/15,2752.0,2757.0,2750.0,2755.0,2030,108.21885953129483,112.47136737155627
2020/01/16,2763.0,2778.0,2763.0,2769.0,12200,107.68653344916967,112.76646439895801
2020/01/17,2747.0,2753.0,2735.0,2740.0,3500,106.00032066234934,110.67513368678883
2020/01/20,2748.0,2749.0,2735.0,2738.0,2540,105.34588345909621,109.96884886814323
2020/01/21,2745.0,2747.0,2724.0,2733.0,6160,105.8611424007508,109.8949371427612
2020/01/22,2733.0,2745.0,2733.0,2738.0,3170,105.16966933294036,108.85634717472246
2020/01/23,2722.0,2723.0,2715.0,2715.0,1670,105.79151240109374,109.7742579094499
2020/01/24,2731.0,2740.0,2719.0,2721.0,3120,106.57164386385192,110.62832219230243
2020/01/27,2650.0,2677.0,2650.0,2662.0,4850,105.45136211770934,108.91486533065292
2020/01/28,2651.0,2654.0,2641.0,2654.0,5020,106.31700592735567,109.90016834429801
2020/01/29,2671.0,2687.0,2664.0,2686.0,3790,106.52633154966374,110.52200572165222
2020/01/30,2677.0,2677.0,2645.0,2648.0,3780,106.68346025123773,110.44466296843353
2020/01/31,2682.0,2682.0,2668.0,2674.0,2350,106.41964900153769,110.34229563232239
2020/02/03,2626.0,2648.0,2624.0,2645.0,7430,105.83482050566468,110.06067910427888
2020/02/04,2640.0,2660.0,2631.0,2650.0,3560,104.81133127008322,109.08975759590882
2020/02/05,2674.0,2698.0,2674.0,2681.0,3830,104.5229132779938,108.55527220841014
2020/02/06,2716.0,2750.0,2716.0,2748.0,16050,104.12391144586648,108.20809324801593
2020/02/07,2745.0,2745.0,2714.0,2716.0,3210,102.1440643270612,106.38092470242559
2020/02/10,2700.0,2716.0,2700.0,2710.0,1630,103.96998808419006,107.9389377908037
2020/02/12,2746.0,2747.0,2733.0,2740.0,5190,104.7470202520986,109.2938054267556
2020/02/13,2747.0,2750.0,2741.0,2743.0,4030,104.31035507175189,109.11354062558769
2020/02/14,2741.0,2755.0,2740.0,2747.0,3530,104.92649824497819,110.1480302022326
2020/02/17,2751.0,2756.0,2750.0,2755.0,6000,106.42580668785587,111.65369944009755
2020/02/18,2754.0,2754.0,2736.0,2736.0,3140,106.93255772865207,112.28842087273003
2020/02/19,2743.0,2760.0,2731.0,2755.0,4320,107.59752289224531,113.38085918733543
2020/02/20,2790.0,2798.0,2788.0,2789.0,7810,108.44981815150814,114.31017514943144
2020/02/21,2785.0,2800.0,2783.0,2792.0,5310,108.56794282885696,113.9412689429669
2020/02/25,2652.0,2699.0,2652.0,2694.0,14030,108.17737211331509,113.93293964914875
2020/02/26,2612.0,2619.0,2569.0,2599.0,22830,105.76679366467958,111.01009418711911
2020/02/27,2567.0,2569.0,2495.0,2533.0,17260,104.31180268406679,109.76199178725761
2020/02/28,2450.0,2465.0,2381.0,2393.0,20500,102.21710311572456,106.98441746989644
2020/03/02,2351.0,2449.0,2350.0,2428.0,22160,102.7471205875074,107.1961606356631
2020/03/03,2512.0,2512.0,2457.0,2461.0,10760,106.11389063177938,110.7773897453738
2020/03/04,2370.0,2440.0,2370.0,2434.0,14030,104.23860489369328,109.4833158125581
2020/03/05,2493.0,2496.0,2474.0,2485.0,2530,105.12126249407576,110.42534288724121
2020/03/06,2424.0,2424.0,2356.0,2363.0,46830,102.50040617753,108.0977128949743
2020/03/09,2237.0,2237.0,2153.0,2160.0,35690,99.75879959767985,105.91351697618995
2020/03/10,2113.0,2252.0,2111.0,2234.0,21210,101.76883619651116,107.31151334771218
2020/03/11,2193.0,2208.0,2151.0,2151.0,6900,99.60431752916965,104.40792651831934
2020/03/12,2130.0,2130.0,1990.0,2033.0,32960,97.07556564164865,101.23608629653343
2020/03/13,1907.0,2048.0,1882.0,2022.0,89850,103.76548727687079,107.10485006296054
2020/03/16,2040.0,2040.0,2000.0,2003.0,17720,104.98995985833615,107.9409674972695
2020/03/17,1900.0,1998.0,1900.0,1966.0,24590,102.82393982955764,102.95845930792417
2020/03/18,1934.0,1960.0,1881.0,1909.0,27730,101.40725953884517,99.71487304449708
2020/03/19,1936.0,1948.0,1822.0,1876.0,15870,101.45343526680443,97.85304554116824
2020/03/23,1847.0,1847.0,1751.0,1784.0,45580,93.73903334771268,92.13530810497124
2020/03/24,1843.0,1876.0,1837.0,1872.0,10610,93.55178097687494,95.86436107331431
2020/03/25,2022.0,2022.0,1975.0,2009.0,19460,92.32365509914466,95.36570536456799
2020/03/26,2040.0,2056.0,2010.0,2010.0,9950,95.61570331308492,95.97402655697435
2020/03/27,2110.0,2128.0,2052.0,2076.0,15690,94.76115799860494,94.48965358276712
2020/03/30,1999.0,2067.0,1965.0,2067.0,13350,96.26190551652007,96.1391114720906
2020/03/31,2072.0,2103.0,2072.0,2073.0,9220,96.94101378115172,97.95481794271824
2020/04/01,2042.0,2053.0,1998.0,2006.0,6790,98.41041302643193,98.28178636229329
2020/04/02,1995.0,2035.0,1974.0,2035.0,6270,101.47704969657312,101.39225441765957
2020/04/03,2027.0,2029.0,1990.0,2005.0,1970,99.82194997513622,100.07550144288781
2020/04/06,2010.0,2089.0,2010.0,2089.0,8290,99.68264393740101,100.16739470758482
2020/04/07,2144.0,2144.0,2101.0,2140.0,7550,100.00471422960588,100.27334853228571
2020/04/08,2137.0,2149.0,2110.0,2139.0,14990,97.63746601762595,98.26422033926086
2020/04/09,2186.0,2200.0,2176.0,2186.0,10510,99.9309623047982,100.95342956948213
2020/04/10,2236.0,2236.0,2209.0,2217.0,8050,100.96247348674848,101.05000853276304
2020/04/13,2217.0,2217.0,2190.0,2190.0,8570,103.258733382956,102.70728083278875
2020/04/14,2212.0,2236.0,2206.0,2225.0,2170,101.02836097066414,101.30354364960345
2020/04/15,2227.0,2236.0,2214.0,2219.0,4240,101.67363971195951,101.45650813420848
2020/04/16,2178.0,2190.0,2170.0,2184.0,14390,101.0505718243492,100.20029522358233
2020/04/17,2236.0,2270.0,2232.0,2241.0,9790,100.62041819490723,101.08316180165014
2020/04/20,2249.0,2265.0,2236.0,2255.0,5620,102.5446559948989,102.582319038213
2020/04/21,2224.0,2228.0,2190.0,2215.0,12400,102.9479320414703,102.21228958157214
2020/04/22,2160.0,2165.0,2143.0,2153.0,6210,100.09929960009126,98.87551490784534
2020/04/23,2176.0,2193.0,2176.0,2186.0,6260,100.51335999167183,99.47369542366687
2020/04/24,2186.0,2186.0,2158.0,2161.0,3140,100.6530653211527,99.15281077616345
2020/04/27,2203.0,2234.0,2155.0,2225.0,9150,100.07061712354768,99.8210892579523
2020/04/28,2245.0,2245.0,2225.0,2236.0,3390,100.62653836673014,100.18306297780475
2020/04/30,2278.0,2320.0,2277.0,2320.0,9330,102.22234587320919,102.89016325777871
2020/05/01,2270.0,2270.0,2229.0,2237.0,7750,101.45066836844991,101.48066339149725
2020/05/07,2203.0,2220.0,2203.0,2219.0,3080,100.1169073097017,100.03428816260136
2020/05/08,2237.0,2270.0,2237.0,2269.0,6600,99.8373366026693,100.28322005588421
2020/05/11,2312.0,2312.0,2298.0,2305.0,8830,100.1464735475799,100.30168653021568
2020/05/12,2300.0,2300.0,2275.0,2290.0,4990,99.9068784801968,100.39416981412353
2020/05/13,2229.0,2251.0,2217.0,2246.0,5020,98.49504988003413,98.6489010021037
2020/05/14,2206.0,2206.0,2193.0,2193.0,5460,97.37358883684509,97.85717463604672
2020/05/15,2246.0,2246.0,2217.0,2223.0,1330,97.94477232198363,98.73895940694457
2020/05/18,2249.0,2257.0,2236.0,2242.0,3080,98.01913772157515,98.71580366066178
2020/05/19,2318.0,2318.0,2297.0,2304.0,8740,99.48579538528621,99.6936712588417
2020/05/20,2304.0,2323.0,2304.0,2315.0,2670,98.85782815792925,98.95847139092791
2020/05/21,2328.0,2332.0,2315.0,2322.0,3540,99.90199890769313,100.28742679594065
2020/05/22,2329.0,2329.0,2279.0,2279.0,2540,99.55692691444796,100.24412450050175
2020/05/25,2332.0,2347.0,2324.0,2331.0,6040,100.36057537999756,101.20224457754287
2020/05/26,2347.0,2377.0,2341.0,2377.0,4760,99.86412043342068,100.97451012238932
2020/05/27,2364.0,2375.0,2354.0,2375.0,3190,99.14383774237828,100.25465580105009
2020/05/28,2395.0,2409.0,2394.0,2409.0,3400,98.20665166391255,99.81756504913814
2020/05/29,2401.0,2401.0,2383.0,2389.0,2240,97.38477001882664,100.02101892769362
2020/06/01,2387.0,2405.0,2386.0,2389.0,13970,96.76743338509493,99.94391442984633
2020/06/02,2403.0,2410.0,2398.0,2410.0,2920,96.16135104941621,99.32456838212957
2020/06/03,2467.0,2473.0,2458.0,2467.0,15890,97.15063844327906,101.18085794745615
2020/06/04,2495.0,2501.0,2485.0,2495.0,6220,97.51249646140391,101.29132372165977
2020/06/05,2500.0,2545.0,2500.0,2545.0,7440,98.25494404606417,102.22285797784903
2020/06/08,2585.0,2590.0,2572.0,2577.0,7720,98.1118358802076,102.46703737099483
2020/06/09,2577.0,2584.0,2551.0,2559.0,3960,97.46603532119404,101.76440642828777
2020/06/10,2545.0,2562.0,2545.0,2550.0,9300,97.163676936634,101.72498661453567
2020/06/11,2515.0,2515.0,2469.0,2472.0,15380,96.92087091598715,100.4702643308052
2020/06/12,2384.0,2422.0,2370.0,2422.0,10210,95.93887512176623,99.7923885110978
2020/06/15,2372.0,2378.0,2330.0,2332.0,3940,95.40965681768438,97.81691914333798
2020/06/16,2438.0,2480.0,2373.0,2468.0,13390,95.74346025687717,98.90000451671509
2020/06/17,2477.0,2480.0,2458.0,2475.0,1020,97.08294692840937,100.13947359182976
2020/06/18,2458.0,2458.0,2437.0,2452.0,1740,97.19642898263994,99.75564465775075
2020/06/19,2456.0,2460.0,2456.0,2459.0,530,96.05639570877752,99.2016954879578
2020/06/22,2422.0,2445.0,2415.0,2439.0,1410,95.1028498279345,98.25639248327334
2020/06/23,2480.0,2487.0,2434.0,2472.0,5770,95.7325169024675,99.05291780211266
2020/06/24,2455.0,2478.0,2455.0,2478.0,3340,96.13596613423942,99.73580688773795
2020/06/25,2428.0,2430.0,2403.0,2411.0,2850,95.22775413557373,98.79502294874737
2020/06/26,2437.0,2447.0,2435.0,2437.0,4240,94.7811515348037,98.62038104736038
2020/06/29,2398.0,2411.0,2392.0,2403.0,3100,95.95960379099935,99.36401797605272
2020/06/30,2449.0,2449.0,2435.0,2438.0,1180,96.6924968410131,101.04003042418003
2020/07/01,2466.0,2472.0,2452.0,2452.0,1970,97.65474353528593,102.49299427947219
2020/07/02,2474.0,2484.0,2470.0,2484.0,2610,99.03391916032473,104.13779360191022
2020/07/03,2488.0,2500.0,2488.0,2495.0,3160,98.31658478136285,103.46371338078961
2020/07/06,2497.0,2538.0,2497.0,2525.0,16290,97.15170171900172,102.55686836069178
2020/07/07,2529.0,2540.0,2518.0,2520.0,1760,97.09283495092632,102.02418789957221
2020/07/08,2507.0,2515.0,2505.0,2505.0,450,97.01165754356676,102.00425885044938
2020/07/09,2519.0,2529.0,2515.0,2515.0,1760,97.50284240420677,102.88723318955763
2020/07/10,2501.0,2511.0,2470.0,2470.0,2990,96.66014218588825,102.01698820324519
2020/07/13,2521.0,2534.0,2517.0,2531.0,2140,96.5376413562295,101.86091406618539
2020/07/14,2513.0,2513.0,2490.0,2504.0,2670,96.3438941410818,101.28101087609507
2020/07/15,2546.0,2551.0,2542.0,2546.0,2980,96.13356075223982,101.31562922607482
2020/07/16,2552.0,2557.0,2544.0,2546.0,3650,95.6983593379271,100.60116996729491
2020/07/17,2549.0,2569.0,2549.0,2551.0,2150,97.17343020158856,102.09301792072374
2020/07/20,2561.0,2567.0,2551.0,2551.0,7410,97.4055252470321,101.96761574884366
2020/07/21,2580.0,2605.0,2580.0,2605.0,7810,99.60295756311093,104.4957244588424
2020/07/22,2581.0,2604.0,2581.0,2595.0,1680,99.84464295125179,104.77878951662143
2020/07/27,2532.0,2540.0,2527.0,2538.0,3120,96.95725297949856,101.36207246683635
2020/07/28,2540.0,2554.0,2537.0,2544.0,2120,97.50197885192378,102.17894157234639
2020/07/29,2523.0,2525.0,2515.0,2515.0,490,97.32903773376849,102.34151180670217
2020/07/30,2536.0,2553.0,2536.0,2541.0,1350,98.5204392231891,104.02162594723157
2020/07/31,2541.0,2549.0,2507.0,2507.0,2420,100.91489713995449,106.49285065883163
2020/08/03,2545.0,2560.0,2545.0,2551.0,2720,100.9521940997211,106.94873411782717
2020/08/04,2580.0,2580.0,2574.0,2578.0,2440,100.46678103640538,106.20190748330127
2020/08/05,2579.0,2585.0,2570.0,2585.0,1750,100.4079329050426,106.30510950244378
2020/08/06,2593.0,2601.0,2590.0,2593.0,1110,101.35889902278564,106.69392606373411
2020/08/07,2603.0,2605.0,2584.0,2589.0,2740,100.64036378668983,105.63122673653467
2020/08/11,2608.0,2638.0,2608.0,2625.0,3620,100.99350354805834,105.2843280984477
2020/08/12,2625.0,2630.0,2620.0,2624.0,1110,99.22949845095641,102.49727036721904
2020/08/13,2656.0,2676.0,2651.0,2651.0,8660,99.56020368281081,103.63701122173512
2020/08/14,2665.0,2677.0,2648.0,2648.0,4320,99.85455886431647,104.20440771590731
2020/08/17,2645.0,2656.0,2639.0,2656.0,2930,100.11223534928327,104.38001961942504
2020/08/18,2662.0,2662.0,2637.0,2643.0,4350,99.8659227269279,104.1377791957809
2020/08/19,2645.0,2654.0,2635.0,2654.0,2070,100.33120963832893,104.35848697516994
2020/08/20,2646.0,2646.0,2631.0,2635.0,1120,100.23555938281999,104.14986237844668
2020/08/21,2649.0,2649.0,2646.0,2647.0,760,100.41326018591067,104.07197294170858
2020/08/24,2658.0,2658.0,2644.0,2658.0,3710,101.8230138691814,106.23572817062914
2020/08/25,2679.0,2690.0,2678.0,2687.0,3450,101.30360005589229,105.74972581018609
2020/08/26,2694.0,2700.0,2690.0,2697.0,1140,101.60433146908734,106.01174855684916
2020/08/27,2711.0,2716.0,2700.0,2708.0,3530,102.15544228158913,106.85970484085226
2020/08/28,2720.0,2755.0,2720.0,2735.0,6710,103.93304169891455,108.21056217780998
2020/08/31,2721.0,2733.0,2719.0,2722.0,3290,102.13117286573352,106.60922166618664
2020/09/01,2721.0,2729.0,2716.0,2724.0,4140,102.28138124988155,107.28529472154975
2020/09/02,2744.0,2745.0,2733.0,2742.0,2350,103.0708789899499,107.70520233835748
2020/09/03,2771.0,2779.0,2768.0,2768.0,6490,102.61150771115155,107.41654509238501
2020/09/04,2655.0,2688.0,2655.0,2688.0,7300,101.05560872265609,105.17742617870485
2020/09/07,2664.0,2675.0,2650.0,2661.0,8510,100.8141208022169,105.21464816617781
2020/09/08,2688.0,2688.0,2673.0,2680.0,2260,101.24478195387043,105.87753166827815
2020/09/09,2602.0,2616.0,2597.0,2615.0,4400,100.12667281029483,105.33230715872526
2020/09/10,2665.0,2669.0,2653.0,2669.0,3270,101.39844518034202,106.29274373558775
2020/09/11,2634.0,2650.0,2633.0,2650.0,2380,100.54266610345044,105.2768494647059
2020/09/14,2648.0,2656.0,2644.0,2656.0,2020,100.54148060137197,105.27981480796338
2020/09/15,2636.0,2654.0,2635.0,2648.0,10220,100.68485952497215,105.61902770256957
2020/09/16,2650.0,2669.0,2650.0,2662.0,2240,101.06442713205779,105.55680924724938
2020/09/17,2645.0,2646.0,2605.0,2618.0,1920,100.80930028164398,105.15941935304227
2020/09/18,2617.0,2618.0,2604.0,2615.0,2470,100.7163292185535,104.60673944337418
2020/09/23,2580.0,2592.0,2574.0,2588.0,5340,100.57572511723227,105.06621951527408
2020/09/24,2527.0,2538.0,2513.0,2515.0,9640,98.51339540099731,102.95726657792133
2020/09/25,2544.0,2553.0,2531.0,2531.0,6970,97.92366026248581,101.95193789726038
2020/09/28,2573.0,2593.0,2571.0,2574.0,2660,97.73414446365211,100.91043620816487
2020/09/29,2605.0,2621.0,2605.0,2616.0,2810,99.19247655161355,103.14307547318514
2020/09/30,2616.0,2624.0,2586.0,2587.0,2900,99.92028588455723,104.46248409588893
2020/10/01,,,,,0,-1.0,-1.0
2020/10/02,2633.0,2633.0,2565.0,2580.0,4630,-1.0,-1.0
2020/10/05,2627.0,2634.0,2621.0,2627.0,3560,-1.0,-1.0
2020/10/06,2651.0,2672.0,2651.0,2661.0,2320,-1.0,-1.0
2020/10/07,2632.0,2638.0,2630.0,2638.0,2130,-1.0,-1.0
2020/10/08,2672.0,2678.0,2664.0,2672.0,3230,-1.0,-1.0
2020/10/09,2698.0,2710.0,2695.0,2701.0,6380,-1.0,-1.0
2020/10/12,2702.0,2716.0,2697.0,2715.0,5570,-1.0,-1.0
2020/10/13,2738.0,2738.0,2724.0,2735.0,4750,-1.0,-1.0
2020/10/14,2735.0,2735.0,2722.0,2730.0,2370,-1.0,-1.0
2020/10/15,2705.0,2705.0,2698.0,2698.0,220,-1.0,-1.0
2020/10/16,2704.0,2715.0,2686.0,2686.0,2120,-1.0,-1.0
2020/10/19,2700.0,2716.0,2700.0,2716.0,4790,-1.0,-1.0
2020/10/20,2691.0,2700.0,2686.0,2690.0,2400,-1.0,-1.0
2020/10/21,2684.0,2698.0,2684.0,2696.0,4310,-1.0,-1.0
2020/10/22,2650.0,2664.0,2646.0,2653.0,5020,-1.0,-1.0
2020/10/23,2665.0,2675.0,2665.0,2674.0,1040,-1.0,-1.0
2020/10/26,2665.0,2675.0,2660.0,2668.0,550,-1.0,-1.0
2020/10/27,2640.0,2648.0,2638.0,2648.0,2240,-1.0,-1.0
2020/10/28,2600.0,2612.0,2589.0,2589.0,5360,-1.0,-1.0
2020/10/29,2539.0,2565.0,2530.0,2564.0,6680,-1.0,-1.0
2020/10/30,2554.0,2554.0,2505.0,2511.0,7700,-1.0,-1.0
2020/11/02,2533.0,2552.0,2526.0,2552.0,3420,-1.0,-1.0
2020/11/04,2648.0,2689.0,2599.0,2633.0,5750,-1.0,-1.0
2020/11/05,2648.0,2670.0,2648.0,2665.0,11550,-1.0,-1.0
2020/11/06,2678.0,2679.0,2658.0,2671.0,3530,-1.0,-1.0
2020/11/09,2700.0,2726.0,2699.0,2719.0,4210,-1.0,-1.0
2020/11/10,2758.0,2766.0,2715.0,2721.0,11080,-1.0,-1.0
2020/11/11,2753.0,2779.0,2753.0,2758.0,4020,-1.0,-1.0
2020/11/12,2786.0,2799.0,2760.0,2774.0,9220,-1.0,-1.0
2020/11/13,2758.0,2758.0,2742.0,2742.0,3800,-1.0,-1.0
2020/11/16,2792.0,2802.0,2783.0,2801.0,9520,-1.0,-1.0
2020/11/17,2807.0,2810.0,2791.0,2796.0,3270,-1.0,-1.0
2020/11/18,2799.0,2799.0,2773.0,2777.0,3620,-1.0,-1.0
2020/11/19,2765.0,2765.0,2745.0,2760.0,1470,-1.0,-1.0
2020/11/20,2749.0,2761.0,2749.0,2749.0,2330,-1.0,-1.0
2020/11/24,2799.0,2804.0,2751.0,2797.0,45720,-1.0,-1.0
2020/11/25,2830.0,2839.0,2738.0,2819.0,36650,-1.0,-1.0
2020/11/26,2820.0,2822.0,2811.0,2811.0,3500,-1.0,-1.0
2020/11/27,2811.0,2814.0,2799.0,2805.0,2190,-1.0,-1.0
2020/11/30,2823.0,2826.0,2789.0,2789.0,4560,-1.0,-1.0
2020/12/01,2815.0,2838.0,2815.0,2821.0,6330,-1.0,-1.0
2020/12/02,2840.0,2840.0,2826.0,2836.0,2660,-1.0,-1.0
2020/12/03,2849.0,2852.0,2844.0,2844.0,6820,-1.0,-1.0
2020/12/04,2846.0,2846.0,2836.0,2846.0,1510,-1.0,-1.0
2020/12/07,2860.0,2875.0,2852.0,2861.0,3450,-1.0,-1.0
2020/12/08,2846.0,2860.0,2846.0,2854.0,1710,-1.0,-1.0
2020/12/09,2875.0,2886.0,2868.0,2886.0,9440,-1.0,-1.0
2020/12/10,2858.0,2866.0,2856.0,2858.0,2840,-1.0,-1.0
2020/12/11,2856.0,2863.0,2846.0,2846.0,1640,-1.0,-1.0
2020/12/14,2841.0,2863.0,2841.0,2853.0,5930,-1.0,-1.0
2020/12/15,2844.0,2853.0,2840.0,2847.0,2400,-1.0,-1.0
2020/12/16,2850.0,2868.0,2850.0,2853.0,2270,-1.0,-1.0
2020/12/17,2861.0,2870.0,2860.0,2863.0,12140,-1.0,-1.0
2020/12/18,2877.0,2880.0,2867.0,2870.0,4470,-1.0,-1.0
2020/12/21,2868.0,2875.0,2856.0,2862.0,3180,-1.0,-1.0
2020/12/22,2855.0,2856.0,2791.0,2824.0,8320,-1.0,-1.0
2020/12/23,2869.0,2869.0,2840.0,2865.0,5380,-1.0,-1.0
2020/12/24,2879.0,2883.0,2864.0,2864.0,7520,-1.0,-1.0
2020/12/25,2883.0,2883.0,2850.0,2850.0,3550,-1.0,-1.0
2020/12/28,2860.0,2899.0,2850.0,2892.0,9930,-1.0,-1.0
2020/12/29,2910.0,2929.0,2903.0,2913.0,9600,-1.0,-1.0
2020/12/30,2898.0,2915.0,2895.0,2915.0,4000,-1.0,-1.0
2021/01/04,2915.0,2916.0,2894.0,2897.0,5000,-1.0,-1.0
2021/01/05,2880.0,2900.0,2872.0,2882.0,4980,-1.0,-1.0
2021/01/06,2882.0,2896.0,2871.0,2886.0,5630,-1.0,-1.0
2021/01/07,2920.0,2940.0,2919.0,2919.0,5700,-1.0,-1.0
2021/01/08,2969.0,2991.0,2969.0,2981.0,7470,-1.0,-1.0
2021/01/12,2982.0,2989.0,2969.0,2984.0,4020,-1.0,-1.0
2021/01/13,2973.0,2981.0,2966.0,2979.0,2090,-1.0,-1.0
2021/01/14,2971.0,2994.0,2971.0,2987.0,3500,-1.0,-1.0
2021/01/15,2984.0,2984.0,2962.0,2963.0,6220,-1.0,-1.0
2021/01/18,2944.0,2959.0,2944.0,2949.0,30960,-1.0,-1.0
2021/01/19,2920.0,2937.0,2918.0,2929.0,2640,-1.0,-1.0
2021/01/20,2939.0,2940.0,2930.0,2930.0,2460,-1.0,-1.0
2021/01/21,2955.0,2962.0,2954.0,2959.0,3790,-1.0,-1.0
2021/01/22,2953.0,2961.0,2942.0,2942.0,1290,-1.0,-1.0
2021/01/25,2953.0,2962.0,2951.0,2960.0,2820,-1.0,-1.0
2021/01/26,2951.0,2959.0,2938.0,2938.0,1420,-1.0,-1.0
2021/01/27,2947.0,2954.0,2940.0,2941.0,440,-1.0,-1.0
2021/01/28,2857.0,2904.0,2857.0,2885.0,6140,-1.0,-1.0
2021/01/29,2902.0,2914.0,2885.0,2885.0,2830,-1.0,-1.0
2021/02/01,2856.0,2899.0,2852.0,2890.0,2950,-1.0,-1.0
2021/02/02,2934.0,2948.0,2915.0,2935.0,4590,-1.0,-1.0
2021/02/03,2970.0,2980.0,2966.0,2973.0,3350,-1.0,-1.0
2021/02/04,2985.0,2986.0,2973.0,2974.0,1230,-1.0,-1.0
2021/02/05,3005.0,3015.0,2995.0,3005.0,13790,-1.0,-1.0
2021/02/08,3025.0,3040.0,3015.0,3035.0,6700,-1.0,-1.0
2021/02/09,3025.0,3035.0,3020.0,3025.0,2520,-1.0,-1.0
2021/02/10,3010.0,3030.0,3010.0,3030.0,2580,-1.0,-1.0
2021/02/12,3030.0,3035.0,3020.0,3025.0,4410,-1.0,-1.0
2021/02/15,3055.0,3080.0,3055.0,3055.0,8110,-1.0,-1.0
2021/02/16,3085.0,3100.0,3080.0,3090.0,5210,-1.0,-1.0
2021/02/17,3095.0,3095.0,3080.0,3080.0,2560,-1.0,-1.0
2021/02/18,3085.0,3095.0,3060.0,3065.0,3100,-1.0,-1.0
2021/02/19,3060.0,3070.0,3040.0,3050.0,1500,-1.0,-1.0
2021/02/22,3050.0,3065.0,3050.0,3055.0,4220,-1.0,-1.0
2021/02/24,3025.0,3045.0,3020.0,3025.0,3300,-1.0,-1.0
2021/02/25,3075.0,3085.0,3075.0,3080.0,4110,-1.0,-1.0
2021/02/26,3020.0,3025.0,2990.0,3000.0,4450,-1.0,-1.0
2021/03/01,3025.0,3040.0,3010.0,3030.0,11030,-1.0,-1.0
2021/03/02,3080.0,3080.0,3055.0,3070.0,2730,-1.0,-1.0
2021/03/03,3065.0,3075.0,3060.0,3070.0,2810,-1.0,-1.0
2021/03/04,3025.0,3030.0,3000.0,3030.0,1940,-1.0,-1.0
2021/03/05,3025.0,3025.0,2987.0,3005.0,1920,-1.0,-1.0
2021/03/08,3070.0,3080.0,3035.0,3035.0,6910,-1.0,-1.0
2021/03/09,3070.0,3100.0,3070.0,3095.0,3230,-1.0,-1.0
2021/03/10,3110.0,3115.0,3095.0,3105.0,2320,-1.0,-1.0
2021/03/11,3125.0,3140.0,3115.0,3140.0,1060,-1.0,-1.0
2021/03/12,3145.0,3185.0,3145.0,3175.0,7210,-1.0,-1.0
2021/03/15,3180.0,3200.0,3180.0,3190.0,4800,-1.0,-1.0
2021/03/16,3200.0,3215.0,3195.0,3210.0,2700,-1.0,-1.0
2021/03/17,3215.0,3215.0,3200.0,3200.0,1260,-1.0,-1.0
2021/03/18,3220.0,3230.0,3215.0,3220.0,2540,-1.0,-1.0
2021/03/19,3185.0,3200.0,3175.0,3190.0,2280,-1.0,-1.0
2021/03/22,3190.0,3190.0,3150.0,3170.0,6880,-1.0,-1.0
2021/03/23,3180.0,3190.0,3175.0,3180.0,1730,-1.0,-1.0
2021/03/24,3165.0,3165.0,3140.0,3140.0,2680,-1.0,-1.0
2021/03/25,3145.0,3155.0,3140.0,3145.0,1780,-1.0,-1.0
2021/03/26,3165.0,3170.0,3160.0,3170.0,2580,-1.0,-1.0
2021/03/29,3215.0,3215.0,3180.0,3180.0,6660,-1.0,-1.0
2021/03/30,3220.0,3225.0,3205.0,3225.0,3610,-1.0,-1.0
2021/03/31,3230.0,3245.0,3225.0,3235.0,1780,-1.0,-1.0
2021/04/01,3250.0,3260.0,3245.0,3250.0,1720,-1.0,-1.0
2021/04/02,3290.0,3290.0,3275.0,3280.0,2680,-1.0,-1.0
2021/04/05,3290.0,3305.0,3285.0,3290.0,4350,-1.0,-1.0
2021/04/06,3325.0,3325.0,3295.0,3300.0,4400,-1.0,-1.0
2021/04/07,3300.0,3320.0,3290.0,3310.0,6980,-1.0,-1.0
2021/04/08,3315.0,3315.0,3300.0,3315.0,1560,-1.0,-1.0
2021/04/09,3300.0,3320.0,3300.0,3310.0,940,-1.0,-1.0
2021/04/12,3300.0,3320.0,3300.0,3300.0,17950,-1.0,-1.0
2021/04/13,3325.0,3325.0,3305.0,3310.0,900,-1.0,-1.0
2021/04/14,3300.0,3320.0,3300.0,3315.0,540,-1.0,-1.0
2021/04/15,3315.0,3315.0,3305.0,3305.0,1180,-1.0,-1.0
2021/04/16,3330.0,3335.0,3325.0,3325.0,1820,-1.0,-1.0
2021/04/19,3330.0,3345.0,3330.0,3335.0,2530,-1.0,-1.0
2021/04/20,3325.0,3330.0,3315.0,3330.0,3950,-1.0,-1.0
2021/04/21,3290.0,3295.0,3270.0,3280.0,2420,-1.0,-1.0
2021/04/22,3305.0,3310.0,3300.0,3310.0,2100,-1.0,-1.0
2021/04/23,3295.0,3305.0,3285.0,3300.0,1680,-1.0,-1.0
2021/04/26,3310.0,3325.0,3310.0,3310.0,2720,-1.0,-1.0
2021/04/27,3345.0,3345.0,3325.0,3340.0,2250,-1.0,-1.0
2021/04/28,3355.0,3365.0,3350.0,3365.0,2970,-1.0,-1.0
2021/04/30,3370.0,3375.0,3355.0,3365.0,3600,-1.0,-1.0
2021/05/06,3355.0,3370.0,3355.0,3355.0,5650,-1.0,-1.0
2021/05/07,3370.0,3385.0,3365.0,3385.0,4120,-1.0,-1.0
2021/05/10,3390.0,3410.0,3390.0,3400.0,3580,-1.0,-1.0
2021/05/11,3375.0,3375.0,3345.0,3360.0,5480,-1.0,-1.0
2021/05/12,3345.0,3345.0,3310.0,3320.0,5680,-1.0,-1.0
2021/05/13,3300.0,3315.0,3295.0,3295.0,4540,-1.0,-1.0
2021/05/14,3345.0,3350.0,3325.0,3350.0,2890,-1.0,-1.0
2021/05/17,3385.0,3385.0,3365.0,3365.0,4360,-1.0,-1.0
2021/05/18,3375.0,3380.0,3370.0,3375.0,4810,-1.0,-1.0
2021/05/19,3335.0,3340.0,3325.0,3325.0,3470,-1.0,-1.0
2021/05/20,3335.0,3340.0,3325.0,3340.0,3120,-1.0,-1.0
2021/05/21,3355.0,3375.0,3355.0,3365.0,1050,-1.0,-1.0
2021/05/24,3360.0,3375.0,3360.0,3365.0,3240,-1.0,-1.0
2021/05/25,3390.0,3400.0,3385.0,3400.0,2930,-1.0,-1.0
2021/05/26,3400.0,3400.0,3390.0,3395.0,1630,-1.0,-1.0
2021/05/27,3395.0,3400.0,3390.0,3390.0,1780,-1.0,-1.0
2021/05/28,3430.0,3445.0,3430.0,3435.0,2340,-1.0,-1.0
2021/05/31,3430.0,3440.0,3425.0,3430.0,2700,-1.0,-1.0
2021/06/01,3430.0,3430.0,3415.0,3425.0,3190,-1.0,-1.0
2021/06/02,3425.0,3435.0,3420.0,3430.0,2730,-1.0,-1.0
2021/06/03,3455.0,3460.0,3435.0,3440.0,6290,-1.0,-1.0
2021/06/04,3435.0,3445.0,3425.0,3435.0,2400,-1.0,-1.0
2021/06/07,3445.0,3450.0,3435.0,3435.0,3470,-1.0,-1.0
2021/06/08,3435.0,3450.0,3435.0,3440.0,3500,-1.0,-1.0
2021/06/09,3450.0,3450.0,3445.0,3445.0,640,-1.0,-1.0
2021/06/10,3445.0,3455.0,3445.0,3450.0,890,-1.0,-1.0
2021/06/11,3460.0,3465.0,3455.0,3465.0,970,-1.0,-1.0
2021/06/14,3470.0,3480.0,3470.0,3480.0,3730,-1.0,-1.0
2021/06/15,3495.0,3510.0,3490.0,3495.0,1850,-1.0,-1.0
2021/06/16,3495.0,3495.0,3485.0,3485.0,2750,-1.0,-1.0
2021/06/17,3485.0,3485.0,3465.0,3470.0,5470,-1.0,-1.0
2021/06/18,3480.0,3490.0,3470.0,3470.0,5760,-1.0,-1.0
2021/06/21,3415.0,3430.0,3390.0,3395.0,9030,-1.0,-1.0
2021/06/22,3470.0,3485.0,3470.0,3480.0,3160,-1.0,-1.0
2021/06/23,3505.0,3515.0,3500.0,3510.0,2520,-1.0,-1.0
2021/06/24,3505.0,3525.0,3505.0,3510.0,3010,-1.0,-1.0
2021/06/25,3540.0,3540.0,3530.0,3530.0,4610,-1.0,-1.0
2021/06/28,3545.0,3545.0,3530.0,3540.0,15620,-1.0,-1.0
2021/06/29,3535.0,3535.0,3515.0,3520.0,3360,-1.0,-1.0
2021/06/30,3535.0,3540.0,3530.0,3535.0,7300,-1.0,-1.0
2021/07/01,3555.0,3555.0,3540.0,3555.0,1810,-1.0,-1.0
2021/07/02,3575.0,3580.0,3570.0,3580.0,3610,-1.0,-1.0
2021/07/05,3575.0,3580.0,3570.0,3575.0,6940,-1.0,-1.0
2021/07/06,3575.0,3575.0,3565.0,3565.0,3310,-1.0,-1.0
2021/07/07,3560.0,3560.0,3540.0,3550.0,5450,-1.0,-1.0
2021/07/08,3550.0,3570.0,3550.0,3550.0,1950,-1.0,-1.0
2021/07/09,3515.0,3515.0,3490.0,3510.0,8090,-1.0,-1.0
2021/07/12,3560.0,3560.0,3550.0,3550.0,10800,-1.0,-1.0
2021/07/13,3580.0,3585.0,3525.0,3570.0,4380,-1.0,-1.0
2021/07/14,3575.0,3575.0,3560.0,3560.0,3110,-1.0,-1.0
2021/07/15,3555.0,3555.0,3540.0,3545.0,1470,-1.0,-1.0
2021/07/16,3530.0,3535.0,3520.0,3530.0,2240,-1.0,-1.0
2021/07/19,3510.0,3510.0,3485.0,3490.0,8450,-1.0,-1.0
2021/07/20,3445.0,3465.0,3435.0,3455.0,10340,-1.0,-1.0
2021/07/21,3495.0,3510.0,3490.0,3490.0,9590,-1.0,-1.0
2021/07/26,3590.0,3595.0,3575.0,3585.0,4890,-1.0,-1.0
2021/07/27,3590.0,3595.0,3580.0,3585.0,11810,-1.0,-1.0
2021/07/28,3560.0,3570.0,3545.0,3565.0,4900,-1.0,-1.0
2021/07/29,3555.0,3570.0,3550.0,3570.0,7590,-1.0,-1.0
2021/07/30,3560.0,3560.0,3540.0,3550.0,6230,-1.0,-1.0
2021/08/02,3575.0,3585.0,3570.0,3585.0,2370,-1.0,-1.0
2021/08/03,3560.0,3560.0,3545.0,3555.0,2980,-1.0,-1.0
2021/08/04,3560.0,3565.0,3560.0,3565.0,960,-1.0,-1.0
2021/08/05,3565.0,3580.0,3565.0,3575.0,750,-1.0,-1.0
2021/08/06,3595.0,3600.0,3590.0,3595.0,20690,-1.0,-1.0
2021/08/10,3595.0,3620.0,3595.0,3615.0,9860,-1.0,-1.0
2021/08/11,3620.0,3630.0,3620.0,3620.0,990,-1.0,-1.0
2021/08/12,3640.0,3640.0,3625.0,3625.0,3520,-1.0,-1.0
2021/08/13,3630.0,3640.0,3630.0,3640.0,1350,-1.0,-1.0
2021/08/16,3615.0,3635.0,3600.0,3605.0,3720,-1.0,-1.0
2021/08/17,3615.0,3615.0,3600.0,3600.0,35930,-1.0,-1.0
2021/08/18,3590.0,3605.0,3585.0,3595.0,2640,-1.0,-1.0
2021/08/19,3565.0,3580.0,3565.0,3565.0,14170,-1.0,-1.0
2021/08/20,3550.0,3565.0,3545.0,3550.0,26210,-1.0,-1.0
2021/08/23,3585.0,3605.0,3585.0,3600.0,26100,-1.0,-1.0
2021/08/24,3615.0,3625.0,3615.0,3625.0,27530,-1.0,-1.0
2021/08/25,3615.0,3625.0,3615.0,3615.0,41960,-1.0,-1.0
2021/08/26,3635.0,3640.0,3630.0,3630.0,4220,-1.0,-1.0
2021/08/27,3615.0,3630.0,3615.0,3625.0,3230,-1.0,-1.0
2021/08/30,3655.0,3655.0,3635.0,3650.0,3010,-1.0,-1.0
2021/08/31,3660.0,3675.0,3655.0,3675.0,2200,-1.0,-1.0
2021/09/01,3670.0,3675.0,3665.0,3670.0,1650,-1.0,-1.0
2021/09/02,3675.0,3675.0,3655.0,3665.0,16710,-1.0,-1.0
2021/09/03,3670.0,3690.0,3670.0,3690.0,1540,-1.0,-1.0
2021/09/06,3665.0,3675.0,3660.0,3675.0,5180,-1.0,-1.0
2021/09/07,3680.0,3680.0,3675.0,3680.0,2480,-1.0,-1.0
2021/09/08,3680.0,3680.0,3670.0,3680.0,1120,-1.0,-1.0
2021/09/09,3655.0,3660.0,3640.0,3640.0,16290,-1.0,-1.0
2021/09/10,3630.0,3645.0,3625.0,3640.0,2340,-1.0,-1.0
2021/09/13,3625.0,3630.0,3610.0,3620.0,3720,-1.0,-1.0
2021/09/14,3630.0,3635.0,3625.0,3630.0,1300,-1.0,-1.0
2021/09/15,3600.0,3605.0,3590.0,3590.0,2670,-1.0,-1.0
2021/09/16,3605.0,3615.0,3595.0,3595.0,1700,-1.0,-1.0
2021/09/17,3605.0,3625.0,3600.0,3625.0,84730,-1.0,-1.0
2021/09/21,3510.0,3535.0,3505.0,3525.0,43220,-1.0,-1.0
2021/09/22,3485.0,3530.0,3480.0,3525.0,22490,-1.0,-1.0
2021/09/24,3615.0,3630.0,3615.0,3615.0,46150,-1.0,-1.0
2021/09/27,3630.0,3640.0,3630.0,3640.0,2560,-1.0,-1.0
2021/09/28,3620.0,3630.0,3610.0,3630.0,1370,-1.0,-1.0
2021/09/29,3570.0,3585.0,3570.0,3575.0,5860,-1.0,-1.0
2021/09/30,3585.0,3605.0,3580.0,3590.0,13150,-1.0,-1.0
2021/10/01,3535.0,3535.0,3490.0,3495.0,65490,108.43350912549808,109.74781097542869
2021/10/04,3550.0,3550.0,3525.0,3535.0,4050,110.28265913871009,111.61300399462479
2021/10/05,3500.0,3515.0,3490.0,3510.0,2870,111.0998427405245,111.45328991608112
2021/10/06,3545.0,3565.0,3535.0,3540.0,8300,114.17716802274336,113.77666366623875
2021/10/07,3565.0,3585.0,3565.0,3575.0,16010,114.30860618015699,114.1942545215506
2021/10/08,3600.0,3605.0,3590.0,3595.0,171340,112.08101376155358,111.76409371969085
2021/10/11,3600.0,3635.0,3590.0,3635.0,35750,110.67978038947717,110.19907116675942
2021/10/12,3625.0,3625.0,3600.0,3610.0,21630,110.35051560299355,109.78531117871975
2021/10/13,3620.0,3630.0,3615.0,3630.0,82810,111.63983396089856,110.7413026929906
2021/10/14,3650.0,3665.0,3650.0,3665.0,3430,111.84413910280315,111.55909717711535
2021/10/15,3720.0,3745.0,3715.0,3740.0,7480,112.1383420781629,111.29237408583504
2021/10/18,3755.0,3760.0,3745.0,3745.0,2470,112.4506410941138,111.8522851238946
2021/10/19,3765.0,3775.0,3760.0,3770.0,15590,113.05258275618775,112.42905289474676
2021/10/20,3800.0,3815.0,3800.0,3805.0,4830,114.0417984906738,113.98437630222648
2021/10/21,3805.0,3815.0,3785.0,3790.0,3500,116.81062396179611,115.65244647346388
2021/10/22,3805.0,3815.0,3800.0,3810.0,1500,116.32479672234423,115.66141149775815
2021/10/25,3790.0,3805.0,3785.0,3805.0,27660,117.1547296734192,115.7113601992641
2021/10/26,3820.0,3830.0,3820.0,3830.0,1460,116.70876600997605,115.91133288249615
2021/10/27,3835.0,3840.0,3820.0,3835.0,1170,119.21361454587233,118.61183215106313
2021/10/28,3820.0,3820.0,3795.0,3805.0,1340,120.14125339544141,119.55208379964364
2021/10/29,3820.0,3825.0,3810.0,3820.0,13590,120.98302904040301,120.06139396473712
2021/11/01,3855.0,3865.0,3850.0,3860.0,5620,118.84923011739555,118.94476419485969
2021/11/02,3860.0,3860.0,3835.0,3835.0,6280,116.90843426567463,116.65829414988752
2021/11/04,3885.0,3900.0,3885.0,3900.0,5770,118.39827293611206,117.46416263516551
2021/11/05,3900.0,3900.0,3885.0,3890.0,3360,119.63857577967754,118.31946718172748
2021/11/08,3885.0,3895.0,3885.0,3890.0,2150,120.43796124874842,118.23041187678724
2021/11/09,3885.0,3885.0,3865.0,3870.0,5240,120.95594185349654,119.82538364767481
2021/11/10,3865.0,3875.0,3850.0,3860.0,2580,121.89053698949013,120.51762411996168
2021/11/11,3860.0,3880.0,3860.0,3875.0,1410,121.76474562001007,119.7125708001059
2021/11/12,3870.0,3895.0,3870.0,3880.0,1480,121.3160773924441,118.10740866321734
2021/11/15,3905.0,3910.0,3895.0,3900.0,3690,121.1405178699465,117.70950486293556
2021/11/16,3910.0,3915.0,3900.0,3900.0,4930,121.73356496304845,117.98101884385157
2021/11/17,3940.0,3945.0,3930.0,3940.0,5790,122.95408539346487,119.7667470089915
2021/11/18,3915.0,3915.0,3900.0,3915.0,3030,122.84932500910195,120.30709864544775
2021/11/19,3920.0,3940.0,3920.0,3940.0,1900,122.99880146977998,121.09282069356537
2021/11/22,3900.0,3910.0,3890.0,3905.0,4780,122.69314962610662,120.44893236941145
2021/11/24,3915.0,3915.0,3900.0,3910.0,3170,124.47396671999698,121.42853132144644
2021/11/25,3930.0,3940.0,3925.0,3940.0,3180,126.09006187794931,123.04251779172893
2021/11/26,3920.0,3920.0,3860.0,3870.0,49280,127.85766748164842,124.17376422063388
2021/11/29,3811.0,3835.0,3806.0,3806.0,5090,127.53732740849347,122.90842140141727
2021/11/30,3841.0,3864.0,3765.0,3767.0,7580,128.57033239002737,122.45661952529817
2021/12/01,3755.0,3784.0,3743.0,3781.0,5910,127.90655767912631,122.11679560609237
2021/12/02,3720.0,3720.0,3695.0,3710.0,12670,126.01295633029106,120.21651465802083
2021/12/03,3734.0,3751.0,3712.0,3751.0,6380,125.78812707941091,119.552544494796
2021/12/06,3723.0,3725.0,3706.0,3725.0,4720,123.76590685159582,117.71172661425742
2021/12/07,3764.0,3795.0,3764.0,3795.0,3450,123.67903675614431,117.5320735564102
2021/12/08,3850.0,3864.0,3832.0,3863.0,2670,124.37930895410292,118.9571951763294
2021/12/09,3859.0,3876.0,3856.0,3863.0,6680,125.89846159020416,120.59556704389966
2021/12/10,3830.0,3835.0,3821.0,3821.0,3600,125.83019871725809,121.10989889239521
2021/12/13,3859.0,3867.0,3859.0,3859.0,2670,126.2499351654989,122.43267937206687
2021/12/14,3832.0,3832.0,3814.0,3824.0,1800,126.07432611404106,121.26764861164261
2021/12/15,3809.0,3809.0,3795.0,3804.0,1460,125.3579913412124,120.076609041883
2021/12/16,3871.0,3879.0,3859.0,3879.0,4290,124.95431242715642,120.64683799942793
2021/12/17,3827.0,3836.0,3811.0,3822.0,32900,124.85602827707338,120.33796576759997
2021/12/20,3776.0,3800.0,3737.0,3741.0,11140,124.98890660891362,120.45953744931414
2021/12/21,3765.0,3782.0,3757.0,3782.0,4330,124.14983921056442,119.73630527647015
2021/12/22,3822.0,3835.0,3822.0,3831.0,4920,124.17886097441485,119.72502061499574
2021/12/23,3872.0,3881.0,3872.0,3881.0,4060,125.48703795013986,120.85417994856994
2021/12/24,3907.0,3910.0,3880.0,3892.0,7830,126.47451373854639,122.23908314661614
2021/12/27,3914.0,3915.0,3908.0,3910.0,7840,126.60836494467522,122.2225578814645
2021/12/28,3955.0,3978.0,3955.0,3969.0,4710,129.2158399788471,123.6225159299178
2021/12/29,3971.0,3976.0,3970.0,3976.0,5760,129.49610262824507,123.13950414599131
2021/12/30,3977.0,3980.0,3970.0,3979.0,2950,130.0343305741035,123.71700926972781
2022/01/04,3999.0,4019.0,3989.0,4015.0,19870,129.12349720739357,122.91288177620862
2022/01/05,4014.0,4034.0,3996.0,4000.0,10350,127.84455812176923,122.07838930146396
2022/01/06,3952.0,3955.0,3912.0,3920.0,7790,129.58919343296816,122.8128618231493
2022/01/07,3944.0,3947.0,3935.0,3943.0,4520,130.69407454623826,122.94298758111859
2022/01/11,3895.0,3901.0,3883.0,3888.0,8270,130.0264908517433,121.84300438009797
2022/01/12,3928.0,3943.0,3926.0,3940.0,3170,130.83810106606896,122.10995283015194
2022/01/13,3922.0,3924.0,3912.0,3912.0,1940,131.92891854360965,122.32812802465259
2022/01/14,3865.0,3865.0,3834.0,3851.0,4980,131.79456116692526,122.01435341574012
2022/01/17,3865.0,3867.0,3855.0,3855.0,8300,130.3010020573799,121.43023299284559
2022/01/18,3875.0,3884.0,3865.0,3865.0,24930,133.7131324316129,123.78298308780711
2022/01/19,3762.0,3776.0,3722.0,3733.0,17810,132.30451531583,122.75115881873795
2022/01/20,3725.0,3752.0,3715.0,3749.0,3430,131.18683027952352,121.60748367203178
2022/01/21,3671.0,3676.0,3637.0,3663.0,16160,129.52496983638036,119.94984002472187
2022/01/24,3628.0,3638.0,3617.0,3625.0,49490,127.94365158168021,118.15930326633092
2022/01/25,3606.0,3607.0,3548.0,3570.0,10360,127.84777694079152,118.39628232199124
2022/01/26,3573.0,3599.0,3555.0,3575.0,10460,128.86513269126223,119.51532880751002
2022/01/27,3606.0,3606.0,3516.0,3533.0,6970,131.9466875514241,122.22238955447399
2022/01/28,3596.0,3611.0,3588.0,3611.0,4430,129.59667320683405,120.62257567884001
2022/01/31,3638.0,3671.0,3638.0,3669.0,6100,132.0754899734881,122.52950734369463
2022/02/01,3709.0,3710.0,3690.0,3705.0,9230,132.21942987174768,122.97012898315191
2022/02/02,3748.0,3755.0,3745.0,3755.0,3970,131.4085433466184,122.03341158819757
2022/02/03,3724.0,3727.0,3709.0,3726.0,4370,130.3477759634611,121.70979551854748
2022/02/04,3730.0,3734.0,3712.0,3734.0,3360,130.32401612274847,121.71008875753503
2022/02/07,3726.0,3726.0,3701.0,3722.0,2040,132.265505629005,122.5060189204304
2022/02/08,3712.0,3718.0,3712.0,3718.0,510,132.9159183569022,122.36764676850282
2022/02/09,3754.0,3760.0,3745.0,3760.0,1930,133.01495648532014,122.7321232292266
2022/02/10,3794.0,3807.0,3791.0,3800.0,6190,133.89282216290482,123.78092741319624
2022/02/14,3686.0,3686.0,3666.0,3675.0,7120,133.64163789213416,121.74574822222408
2022/02/15,3675.0,3675.0,3641.0,3647.0,5500,133.85288952214674,121.13141267958687
2022/02/16,3705.0,3722.0,3705.0,3721.0,3350,133.2701132014983,121.73392915268586
2022/02/17,3722.0,3722.0,3695.0,3695.0,32950,133.84932345075444,121.22070739833173
2022/02/18,3638.0,3669.0,3628.0,3668.0,18290,133.10281821361286,120.55227801048711
2022/02/21,3585.0,3630.0,3578.0,3625.0,24160,132.96680234575163,120.37631301314397
2022/02/22,3531.0,3548.0,3519.0,3539.0,9370,131.24366216888797,118.35937979711669
2022/02/24,3504.0,3504.0,3409.0,3422.0,19510,129.0607048878038,115.20992785893844
2022/02/25,3538.0,3553.0,3522.0,3527.0,8570,128.62112599223175,116.83040247160979
2022/02/28,3530.0,3563.0,3526.0,3547.0,49620,130.90485732774374,118.02740823758302
2022/03/01,3602.0,3610.0,3594.0,3600.0,60030,128.4615763867131,117.12044473442407
2022/03/02,3547.0,3559.0,3541.0,3554.0,5360,129.65253222682,118.54144361561964
2022/03/03,3606.0,3619.0,3605.0,3619.0,3060,130.0126681614969,119.62554740966699
2022/03/04,3615.0,3615.0,3510.0,3549.0,5050,131.18744604557875,121.38327131453306
2022/03/07,3479.0,3479.0,3433.0,3461.0,12470,129.9599136304782,120.36406892672152
2022/03/08,3410.0,3434.0,3395.0,3396.0,49970,128.4783869860318,119.56526942855821
2022/03/09,3424.0,3446.0,3420.0,3437.0,36780,130.0343291014841,120.81522355964678
2022/03/10,3525.0,3538.0,3524.0,3534.0,2150,127.97406659723258,118.38355369970421
2022/03/11,3528.0,3528.0,3456.0,3528.0,5440,131.2330795691597,120.47417682156569
2022/03/14,3535.0,3546.0,3527.0,3545.0,2130,130.7088321927298,120.7219989534305
2022/03/15,3540.0,3540.0,3519.0,3521.0,2400,129.4853836967496,118.98836123373312
2022/03/16,3579.0,3601.0,3572.0,3600.0,5320,130.63274662963005,120.43889113719123
2022/03/17,3672.0,3706.0,3672.0,3692.0,8220,129.9897968949698,121.26977374709882
2022/03/18,3713.0,3726.0,3701.0,3726.0,4030,129.71000776462796,123.10001953347142
2022/03/22,3796.0,3810.0,3790.0,3810.0,4680,127.60892722289583,122.14962851340387
2022/03/23,3901.0,3901.0,3885.0,3898.0,5960,125.75765870585516,120.99568751148753
2022/03/24,3845.0,3868.0,3838.0,3868.0,9800,125.69927032694035,121.37451660429974
2022/03/25,3929.0,3929.0,3897.0,3905.0,11150,127.67974751268201,123.35335463511088
2022/03/28,3931.0,3950.0,3921.0,3945.0,9360,130.45226540460126,125.31202489448903
2022/03/29,4009.0,4020.0,3989.0,4011.0,10210,129.56789196555866,123.51033203808745
2022/03/30,4033.0,4040.0,3990.0,4007.0,5810,128.9531624547942,123.00784297583765
2022/03/31,4007.0,4012.0,3989.0,3998.0,4960,129.94598575492125,123.72576938885204
2022/04/01,3928.0,3967.0,3928.0,3953.0,3750,130.04972568317106,122.21362064914452
2022/04/04,3957.0,3972.0,3943.0,3969.0,8170,130.87158907587437,122.48526556292762
2022/04/05,3990.0,3997.0,3983.0,3986.0,2240,129.0843359196489,121.11136463137386
2022/04/06,3970.0,3990.0,3970.0,3988.0,3080,130.9699044928926,123.27286433840108
2022/04/07,3936.0,3936.0,3918.0,3921.0,2800,130.6872877945111,121.96474226503493
2022/04/08,3967.0,3975.0,3950.0,3965.0,24650,132.13882263557684,123.74696754728673
2022/04/11,3963.0,3978.0,3951.0,3969.0,3870,132.45720664871823,124.40669651362192
2022/04/12,3949.0,3949.0,3916.0,3935.0,2350,134.30563126659095,124.9371840386934
2022/04/13,3935.0,3969.0,3930.0,3969.0,3180,132.11683362567422,123.66358548410695
2022/04/14,3972.0,3989.0,3969.0,3982.0,7070,131.43946968190278,123.70956954770114
2022/04/15,3966.0,3968.0,3950.0,3962.0,520,130.5497018953742,123.21463318372582
2022/04/18,3950.0,3950.0,3932.0,3945.0,4130,131.0278277491511,123.10282244520947
2022/04/19,3998.0,4023.0,3985.0,4022.0,7100,130.24846748398528,122.72721368306125
2022/04/20,4086.0,4096.0,4053.0,4072.0,8030,130.0334957730618,122.39805708398295
2022/04/21,4072.0,4096.0,4072.0,4087.0,2810,130.80178571269187,123.1220854069776
2022/04/22,4008.0,4038.0,3994.0,3996.0,4890,129.64769454677486,121.7157016985063
2022/04/25,3916.0,3916.0,3880.0,3885.0,5010,128.56306781019077,119.97545289045999
2022/04/26,3903.0,3928.0,3886.0,3918.0,3050,127.374192118256,118.86903644521188
2022/04/27,3783.0,3844.0,3778.0,3813.0,11200,124.76802288022665,116.25481601136521
2022/04/28,3842.0,3906.0,3842.0,3902.0,3690,124.44423353755327,115.87415598393027
2022/05/02,3851.0,3893.0,3826.0,3855.0,7110,125.6693118576643,116.66146500979326
2022/05/06,3857.0,3857.0,3831.0,3844.0,4410,123.46034506007793,114.57574487418023
2022/05/09,3802.0,3802.0,3764.0,3783.0,5880,124.78844143642294,115.64091980522757
2022/05/10,3691.0,3718.0,3652.0,3711.0,9050,120.75150062346565,113.02852110893431
2022/05/11,3694.0,3714.0,3691.0,3714.0,7730,120.12031625933781,113.48702971679279
2022/05/12,3650.0,3656.0,3606.0,3607.0,17150,116.69330551067749,110.65743149732799
2022/05/13,3597.0,3653.0,3597.0,3644.0,6760,115.59558500621702,109.89760691233232
2022/05/16,3723.0,3724.0,3662.0,3681.0,3700,114.65605655884319,110.30665341237818
2022/05/17,3678.0,3721.0,3678.0,3720.0,4320,117.44540106756844,112.64488979124864
2022/05/18,3778.0,3780.0,3750.0,3760.0,4540,117.84470093453554,113.71571408185557
2022/05/19,3580.0,3636.0,3580.0,3618.0,8230,115.27913897431685,110.41052641609423
2022/05/20,3603.0,3640.0,3600.0,3620.0,5380,113.92992820614987,109.14351342617185
2022/05/23,3631.0,3638.0,3599.0,3638.0,3100,113.57068104871067,109.16691082133157
2022/05/24,3645.0,3645.0,3609.0,3610.0,4800,113.34473416271429,108.50886396107539
2022/05/25,3619.0,3627.0,3610.0,3622.0,3820,114.54203015307417,109.19288403742549
2022/05/26,3630.0,3650.0,3630.0,3635.0,3200,115.06284771463886,109.13687112649045
2022/05/27,3704.0,3706.0,3692.0,3697.0,7380,117.14254669609967,111.05697895941388
2022/05/30,3796.0,3812.0,3791.0,3812.0,4480,117.18999877679508,111.16824385530946
2022/05/31,3822.0,3836.0,3819.0,3819.0,1970,117.77593940662388,112.29124723763881
2022/06/01,3830.0,3848.0,3830.0,3830.0,4210,117.71400915615892,111.87434423988016
2022/06/02,3817.0,3827.0,3807.0,3821.0,2770,117.73767385353682,112.93857488829866
2022/06/03,3897.0,3900.0,3886.0,3891.0,2110,118.0896410957515,114.80154625912809
2022/06/06,3855.0,3872.0,3852.0,3872.0,7310,117.1772126882812,113.98574281031104
2022/06/07,3907.0,3912.0,3901.0,3909.0,4520,117.77995216088087,114.54534464477734
2022/06/08,3945.0,3968.0,3945.0,3960.0,5500,117.49988831401632,114.19998207934199
2022/06/09,3968.0,3971.0,3936.0,3936.0,3100,116.96282607641284,113.37313447336666
2022/06/10,3880.0,3933.0,3855.0,3933.0,2370,118.09353747269866,114.14497446930314
2022/06/13,3740.0,3791.0,3709.0,3713.0,5900,115.2917795373932,109.98932945576303
2022/06/14,3620.0,3672.0,3619.0,3672.0,5390,116.15651988635871,110.49140345712397
2022/06/15,3645.0,3670.0,3614.0,3629.0,3520,115.85933099329269,110.86099269949557
2022/06/16,3673.0,3690.0,3649.0,3649.0,3120,115.4515911921576,110.54983037586868
2022/06/17,3520.0,3590.0,3518.0,3562.0,18650,114.51682677221547,108.83866678868598
2022/06/20,3598.0,3598.0,3545.0,3571.0,6690,114.32537153171212,109.83975713055526
2022/06/21,3612.0,3626.0,3603.0,3626.0,2240,114.66730162839282,109.99569909851698
2022/06/22,3682.0,3682.0,3635.0,3635.0,5180,114.35454165916067,108.95494657187355
2022/06/23,3641.0,3698.0,3631.0,3646.0,9160,114.60683891860096,109.22392943303012
2022/06/24,3640.0,3677.0,3637.0,3673.0,15060,114.16156851146381,109.39813066247477
2022/06/27,3755.0,3772.0,3678.0,3771.0,4250,115.15468524498648,110.94183046752548
2022/06/28,3779.0,3787.0,3764.0,3777.0,2690,114.29524477197792,109.66950440823639
2022/06/29,3723.0,3777.0,3723.0,3736.0,1450,113.52012558042115,108.47665178573986
2022/06/30,3723.0,3728.0,3696.0,3696.0,1980,113.08144669926502,107.76685166643493
2022/07/01,3670.0,3682.0,3611.0,3623.0,2300,112.31272266054908,107.30431742467881
2022/07/04,3674.0,3676.0,3661.0,3676.0,2470,112.43539225961992,107.18519849736981
2022/07/05,3721.0,3738.0,3721.0,3735.0,1450,113.56981263879804,108.97132506355956
2022/07/06,3691.0,3702.0,3665.0,3665.0,1700,112.17355589720724,107.78460403416852
2022/07/07,3706.0,3708.0,3695.0,3708.0,670,110.86784729975507,106.5587736146311
2022/07/08,3749.0,3760.0,3734.0,3734.0,1180,112.09148605295044,107.78803049287258
2022/07/11,3752.0,3769.0,3752.0,3768.0,1510,113.09510656056403,108.28455020808319
2022/07/12,3763.0,3763.0,3724.0,3734.0,2380,114.05208287047593,109.2778731415045
2022/07/13,3707.0,3727.0,3707.0,3725.0,500,113.05073949788387,108.75131203130859
2022/07/14,3694.0,3732.0,3694.0,3729.0,2640,111.64829415497218,107.77303685033164
2022/07/15,3753.0,3753.0,3721.0,3729.0,1210,110.4270751061392,107.85284854109536
2022/07/19,3757.0,3771.0,3736.0,3762.0,4000,110.60802710095803,108.09025628441773
2022/07/20,3872.0,3885.0,3841.0,3873.0,9950,110.44396234440048,108.57791616510204
2022/07/21,3870.0,3896.0,3870.0,3896.0,2330,108.79343096886436,107.28385803349857
2022/07/22,3874.0,3888.0,3870.0,3888.0,4490,108.13575040054761,106.76907858727456
2022/07/25,3840.0,3840.0,3810.0,3824.0,3040,107.1828394872304,105.70111653741318
2022/07/26,3837.0,3845.0,3830.0,3839.0,2090,108.30484217092675,106.80237038661369
2022/07/27,3839.0,3850.0,3836.0,3848.0,5200,107.41607879904949,106.49042082764248
2022/07/28,3884.0,3884.0,3853.0,3857.0,3050,107.91080602120384,106.85174615296017
2022/07/29,3894.0,3902.0,3857.0,3857.0,2770,106.62336510050044,106.45119884647447
2022/08/01,3890.0,3890.0,3858.0,3862.0,1530,106.90953052336172,106.6241514766553
2022/08/02,3841.0,3841.0,3797.0,3797.0,2930,106.9896174548461,107.12072026760644
2022/08/03,3859.0,3877.0,3853.0,3869.0,3000,107.90995149250617,108.00235379062795
2022/08/04,3915.0,3934.0,3915.0,3934.0,12930,109.23796255298117,109.94221679042467
2022/08/05,3900.0,3930.0,3900.0,3928.0,3020,107.88299624216128,108.26235826020265
2022/08/08,3942.0,3970.0,3942.0,3970.0,1310,108.41643998900628,108.96871725401263
2022/08/09,3963.0,3971.0,3951.0,3969.0,2410,109.35410539027556,109.75058706553173
2022/08/10,3953.0,3953.0,3915.0,3935.0,2400,109.68312186911685,109.8501459967571
2022/08/12,3973.0,3983.0,3970.0,3983.0,2110,107.23886857868914,108.4919842394201
2022/08/15,4021.0,4029.0,4000.0,4018.0,5510,106.25022826905652,108.0884093039854
2022/08/16,4032.0,4039.0,4017.0,4032.0,3530,106.39614173171081,108.25171042806127
2022/08/17,4070.0,4082.0,4013.0,4076.0,6290,107.02893788127123,108.68969446915153
2022/08/18,4062.0,4063.0,4049.0,4063.0,2750,107.42853171080577,108.62653663809103
2022/08/19,4080.0,4097.0,4080.0,4092.0,2630,107.62935119949648,108.6885469001967
2022/08/22,4050.0,4067.0,4046.0,4058.0,4260,107.63207665044072,108.34082107541782
2022/08/23,4014.0,4016.0,3988.0,3988.0,3210,107.22736859263648,107.93566054289731
2022/08/24,3971.0,3977.0,3956.0,3963.0,3870,107.347292304651,107.87001668331702
2022/08/25,3994.0,4006.0,3994.0,4001.0,2710,107.36910810122204,107.92017778810975
2022/08/26,4029.0,4040.0,4028.0,4034.0,14150,107.39644216237798,108.42590957967417
2022/08/29,3902.0,3939.0,3901.0,3930.0,14670,107.3249186866545,108.00574974651067
2022/08/30,3949.0,3959.0,3938.0,3950.0,2160,107.07876329320747,107.06362834508826
2022/08/31,3908.0,3930.0,3902.0,3925.0,7700,108.31685561128488,107.90866882415493
2022/09/01,3870.0,3889.0,3861.0,3867.0,16190,108.87603951207687,108.13263661136195
2022/09/02,3921.0,3921.0,3894.0,3905.0,8220,111.4804335087579,110.50225464926339
2022/09/05,3879.0,3888.0,3868.0,3868.0,3120,113.02671777370499,111.38686765411754
2022/09/06,3882.0,3917.0,3871.0,3910.0,3860,115.05578790082407,113.79445701709743
2022/09/07,3943.0,3953.0,3915.0,3953.0,3130,118.19118457587894,116.61239870335733
2022/09/08,4023.0,4037.0,4001.0,4024.0,5680,118.20259468223797,116.60939146671838
2022/09/09,4050.0,4060.0,4003.0,4041.0,3900,119.54332537273744,118.13995601555453
2022/09/12,4097.0,4103.0,4088.0,4103.0,5690,120.90845056151574,120.06735746365781
2022/09/13,4134.0,4145.0,4132.0,4140.0,4320,122.24209194404911,121.64496994008958
2022/09/14,4021.0,4031.0,4000.0,4001.0,4170,122.23767155022034,119.97137489881473
2022/09/15,4000.0,4010.0,3990.0,3999.0,4920,121.00421294416195,119.20697662639455
2022/09/16,3929.0,3935.0,3921.0,3934.0,5660,120.0679649191515,117.57136160790506
2022/09/20,3964.0,3964.0,3943.0,3953.0,4800,120.8548592869769,118.89591272480497
2022/09/21,3913.0,3920.0,3902.0,3916.0,2190,120.55396472825674,118.19161933118873
2022/09/22,3847.0,3860.0,3820.0,3851.0,4360,118.67040274559216,116.23706046240491
2022/09/26,3724.0,3775.0,3687.0,3693.0,17500,116.07479911671513,113.61696805672511
2022/09/27,3763.0,3763.0,3715.0,3729.0,3840,116.69167021022935,114.1769422189173
2022/09/28,3699.0,3713.0,3658.0,3680.0,4770,116.19182253370879,113.09898715143585
2022/09/29,3761.0,3768.0,3745.0,3758.0,4280,116.68642682531156,113.71814543824172
2022/09/30,3724.0,3724.0,3691.0,3698.0,8920,117.36875076033397,114.47437255150106
2022/10/03,3650.0,3674.0,3633.0,3674.0,6580,112.76934111865751,111.03912449226547
2022/10/04,3759.0,3795.0,3756.0,3792.0,3290,111.35583724303206,110.34909708666444
2022/10/05,3848.0,3850.0,3838.0,3846.0,2990,110.27986616205732,110.290551457936
2022/10/06,3875.0,3886.0,3874.0,3886.0,3330,110.15960688829863,109.66898709596411
2022/10/07,3821.0,3828.0,3812.0,3815.0,2600,109.77026534071162,109.1833217942199
2022/10/11,3717.0,3723.0,3692.0,3698.0,3600,109.53564696542712,108.5382557885537
2022/10/12,3696.0,3711.0,3690.0,3711.0,3070,108.98355447720726,107.96544357923301
2022/10/13,3711.0,3744.0,3700.0,3706.0,2710,110.03492907612033,108.33533955536167
2022/10/14,3802.0,3841.0,3794.0,3832.0,5040,109.9403900390987,109.24704657431457
2022/10/17,3775.0,3793.0,3768.0,3793.0,1670,109.79127755790947,108.80794715440754
2022/10/18,3899.0,3937.0,3883.0,3928.0,5920,112.0922819611611,111.04758353741333
2022/10/19,3942.0,3955.0,3938.0,3941.0,4800,111.16701187723703,110.24030118392906
2022/10/20,3903.0,3903.0,3873.0,3897.0,2870,109.30177289273846,108.54101476836703
2022/10/21,3863.0,3880.0,3861.0,3878.0,2400,109.03056873340502,108.28836324417239
2022/10/24,3936.0,3949.0,3925.0,3929.0,4380,109.48125907810264,109.18074713825978
2022/10/25,3970.0,3973.0,3960.0,3970.0,1630,110.714228472095,109.70246727900144
2022/10/26,3988.0,3999.0,3979.0,3993.0,2770,110.44491478846268,109.30909138066963
2022/10/27,3969.0,3974.0,3951.0,3957.0,1260,109.60364124208209,109.13019233377474
2022/10/28,3905.0,3939.0,3905.0,3916.0,650,109.27345681163303,108.02619386298264
2022/10/31,4047.0,4054.0,4045.0,4047.0,7790,112.67202727601071,111.10937835300989
2022/11/01,4049.0,4065.0,4049.0,4065.0,3410,113.0513192864835,111.09193824846761
2022/11/02,4025.0,4030.0,4015.0,4023.0,3100,111.10004447143919,109.27250239633895
2022/11/04,3898.0,3912.0,3890.0,3910.0,4650,109.42683487355202,107.12727016016575
2022/11/07,3930.0,3941.0,3916.0,3941.0,1070,108.59595430177005,106.60842219880584
2022/11/08,3960.0,3975.0,3959.0,3960.0,1920,107.51434752985081,105.52515067404751
2022/11/09,3967.0,3969.0,3956.0,3967.0,1770,107.92741335768447,105.8544064015468
2022/11/10,3902.0,3919.0,3902.0,3913.0,1280,107.72012022625927,105.02892275793734
2022/11/11,3999.0,4020.0,3992.0,4020.0,2350,108.54386398951523,106.90022535126691
2022/11/14,3986.0,3986.0,3956.0,3961.0,1820,108.15016767342414,106.31922703491001
2022/11/15,3978.0,3993.0,3973.0,3992.0,760,109.00714753676837,106.87237447160459
2022/11/16,3972.0,3992.0,3956.0,3990.0,970,107.26688902592292,105.14021152673561
2022/11/17,3969.0,3991.0,3953.0,3957.0,2130,107.10914069151247,104.63194439085896
2022/11/18,3973.0,3973.0,3952.0,3952.0,1000,106.94162195020105,104.25651845288864
2022/11/21,3972.0,3975.0,3962.0,3964.0,1900,108.15598224254057,105.12603506905151
2022/11/22,4004.0,4015.0,4003.0,4003.0,2120,106.70047681258303,103.62928210850164
2022/11/24,4005.0,4024.0,4005.0,4012.0,690,105.83186375076082,102.17493982956154
2022/11/25,4003.0,4019.0,3999.0,4003.0,2150,105.15041977477591,101.74418527823232
2022/11/28,4012.0,4012.0,3958.0,3960.0,2320,104.49360404960764,101.14803753979533
2022/11/29,3942.0,3959.0,3940.0,3957.0,1070,104.27144699593447,101.63786434030251
2022/11/30,3954.0,3954.0,3935.0,3941.0,740,104.10732517842469,101.66837386863922
2022/12/01,4018.0,4020.0,3996.0,4000.0,1920,106.01107518113689,104.55527858914823
2022/12/02,3953.0,3953.0,3940.0,3948.0,3990,106.20552376367725,105.460930606702
2022/12/05,3921.0,3989.0,3921.0,3989.0,2740,107.49900095521593,107.06745705493883
2022/12/06,3950.0,3950.0,3931.0,3937.0,780,105.86129038893837,105.84987952239273
2022/12/07,3895.0,3910.0,3888.0,3906.0,1580,105.4014773906793,103.91197624000526
2022/12/08,3884.0,3884.0,3860.0,3881.0,1040,104.65971170115733,103.01654736800852
2022/12/09,3898.0,3900.0,3883.0,3887.0,1960,103.68432759731012,102.44919336029481
2022/12/12,3867.0,3885.0,3867.0,3880.0,4400,103.42649668558997,101.61263741505186
2022/12/13,3948.0,3954.0,3943.0,3950.0,5180,105.060444036541,103.72220435518709
2022/12/14,3934.0,3955.0,3924.0,3935.0,1680,104.55881575367847,103.79319079175713
2022/12/15,3904.0,3920.0,3904.0,3917.0,2230,104.63203132729244,102.98398169324436
2022/12/16,3885.0,3885.0,3856.0,3866.0,3500,104.89403305792581,102.92818765554672
2022/12/19,3810.0,3810.0,3780.0,3786.0,4070,103.80440546477266,101.51244464023365
2022/12/20,3783.0,3831.0,3632.0,3634.0,7840,103.13756321457942,99.32392234887277
2022/12/21,3651.0,3694.0,3644.0,3658.0,3740,103.35261986474656,99.42749798115584
2022/12/22,3714.0,3794.0,3702.0,3712.0,2530,103.91001319081757,99.71854288469835
2022/12/23,3666.0,3699.0,3651.0,3674.0,2580,103.56451714614394,98.8174450752201
2022/12/26,3702.0,3743.0,3672.0,3690.0,7990,102.48838891385871,98.11258272982177
2022/12/27,3722.0,3748.0,3710.0,3718.0,2870,102.96036353406662,98.32852461456778
2022/12/28,3708.0,3740.0,3707.0,3721.0,5990,102.70474279782053,97.99714819387441
2022/12/29,3703.0,3728.0,3667.0,3672.0,2090,101.82654938838193,97.01053945710291
2022/12/30,3704.0,3704.0,3688.0,3688.0,800,103.14555917045158,98.58115562525197
2023/01/04,3643.0,3648.0,3630.0,3642.0,2290,103.84989333845564,99.39005620533669
2023/01/05,3702.0,3718.0,3695.0,3714.0,3490,104.53124365722547,101.23950381158396
2023/01/06,3697.0,3731.0,3697.0,3727.0,1400,103.63687599527466,100.56485928446747
2023/01/10,3739.0,3749.0,3732.0,3744.0,1440,103.82663432210406,101.72015620741743
2023/01/11,3780.0,3793.0,3780.0,3789.0,2690,104.6026610109825,102.14165860691435
2023/01/12,3818.0,3818.0,3806.0,3814.0,570,105.0118497990205,102.47135832233738
2023/01/13,3767.0,3768.0,3749.0,3752.0,2290,104.90725718868947,101.24740374262551
2023/01/16,3748.0,3750.0,3733.0,3738.0,2170,106.39474747289175,102.12600076236384
2023/01/17,3746.0,3763.0,3745.0,3754.0,1590,105.00041414092152,100.98126321741026
2023/01/18,3741.0,3840.0,3741.0,3828.0,16150,105.13272799882594,101.73879054308654
2023/01/19,3652.0,3685.0,3632.0,3635.0,6940,101.98134127996332,98.11877975755523
2023/01/20,3625.0,3685.0,3625.0,3654.0,2260,103.39355159015669,99.77034849288832
2023/01/23,3704.0,3721.0,3661.0,3720.0,1810,105.22312298138519,101.80252204958813
2023/01/24,3779.0,3785.0,3775.0,3781.0,1460,105.25917066256076,101.81442473386593
2023/01/25,3773.0,3785.0,3764.0,3773.0,410,104.06034574572878,100.8047389856761
2023/01/26,3765.0,3765.0,3750.0,3762.0,780,101.84134173308372,99.16408390922014
2023/01/27,3785.0,3799.0,3747.0,3797.0,1440,102.59643682816562,99.54138618320422
2023/01/30,3800.0,3814.0,3789.0,3791.0,1290,101.70025644683123,98.81823263580229
2023/01/31,3789.0,3792.0,3769.0,3777.0,980,101.01580984481784,97.85530636932967
2023/02/01,3819.0,3819.0,3804.0,3818.0,1700,102.37200202948867,99.83880616447246
2023/02/02,3840.0,3840.0,3821.0,3832.0,2960,102.24158742553549,100.47676802519622
2023/02/03,3835.0,3844.0,3835.0,3841.0,1110,102.60579197489741,100.79285727563713
2023/02/06,3908.0,3920.0,3896.0,3896.0,3300,102.99375145168102,101.8597337024864
2023/02/07,3914.0,3917.0,3902.0,3904.0,2520,103.48200644374597,102.39059286212175
2023/02/08,3896.0,3912.0,3896.0,3912.0,1680,103.94234144795686,102.37753251888361
2023/02/09,3858.0,3901.0,3858.0,3883.0,410,102.59810615344138,101.03161381413209
2023/02/10,3861.0,3870.0,3853.0,3860.0,710,102.7892045923128,102.0573732573111
2023/02/13,3860.0,3864.0,3851.0,3864.0,1180,103.8098313235541,102.64303809172262
2023/02/14,3925.0,3929.0,3909.0,3909.0,6830,104.31989874109478,102.96834543330763
2023/02/15,3930.0,3946.0,3929.0,3936.0,2060,105.61855266335908,103.59033906603183
2023/02/16,3984.0,4003.0,3984.0,3997.0,6270,106.36265472057296,104.39731564159524
2023/02/17,3938.0,3948.0,3929.0,3945.0,1530,106.02310353201625,103.9007409893466
2023/02/20,3938.0,3947.0,3934.0,3947.0,780,106.42656356518138,104.03513971594836
2023/02/21,3945.0,3945.0,3926.0,3931.0,660,106.93849972955489,104.60481024520804
2023/02/22,3898.0,3901.0,3889.0,3894.0,4830,109.03428703972473,107.01419724260128
2023/02/24,3881.0,3895.0,3878.0,3891.0,4650,106.39444213463382,104.09752578564981
2023/02/27,3893.0,3899.0,3889.0,3890.0,2250,106.08242440254662,103.84482201214387
2023/02/28,3910.0,3919.0,3908.0,3908.0,970,106.17905021188601,103.32133133996908
2023/03/01,3896.0,3908.0,3884.0,3908.0,1550,105.47091583072297,102.37216392354804
2023/03/02,3899.0,3899.0,3873.0,3882.0,2500,103.67223671533468,101.20247402895328
2023/03/03,3926.0,3926.0,3916.0,3922.0,1050,102.82543900035088,100.956823699928
2023/03/06,3949.0,3958.0,3945.0,3957.0,3050,102.11822626365606,100.7191078461425
2023/03/07,3957.0,3973.0,3957.0,3970.0,2000,102.37384420221885,100.60321980565219
2023/03/08,3950.0,3950.0,3922.0,3941.0,1030,99.64107438922194,98.3230761285989
2023/03/09,3934.0,3934.0,3928.0,3928.0,390,99.76044408337586,98.21191323178225
2023/03/10,3847.0,3847.0,3817.0,3838.0,2430,97.26344666169358,96.361592740871
2023/03/13,3808.0,3945.0,3783.0,3801.0,5470,97.49390959627274,97.10956517990451
2023/03/14,3715.0,3740.0,3701.0,3730.0,7140,98.63698616853782,99.35895301727948
2023/03/15,3795.0,3803.0,3792.0,3800.0,1520,99.86688242954976,99.80043738818718
2023/03/16,3730.0,3767.0,3698.0,3719.0,3540,99.39725722996772,98.75058943423987
2023/03/17,3789.0,3789.0,3768.0,3772.0,1690,99.35919182632955,98.64353913749467
2023/03/20,3726.0,3738.0,3687.0,3699.0,5830,98.08984759998644,97.31004472676031
2023/03/22,3796.0,3805.0,3796.0,3805.0,2600,99.65251247756478,98.3983843463167
2023/03/23,3720.0,3759.0,3714.0,3723.0,1340,98.67614362903772,97.44329566897609
2023/03/24,3721.0,3721.0,3690.0,3694.0,4510,97.2377886396668,95.86178505665488
2023/03/27,3739.0,3739.0,3723.0,3735.0,6990,96.28601273554251,95.2332345253908
2023/03/28,3758.0,3758.0,3735.0,3735.0,13740,95.6032786047793,94.30216259271158
2023/03/29,3740.0,3774.0,3740.0,3773.0,1050,94.64470079821879,92.84465297361896
2023/03/30,3842.0,3842.0,3830.0,3842.0,1780,96.23121622060873,94.30915970257502
2023/03/31,3880.0,3900.0,3880.0,3882.0,2140,96.88885951965459,95.30066805049144
2023/04/03,3924.0,3924.0,3906.0,3920.0,1280,97.18283904564306,95.63018472260764
2023/04/04,3915.0,3937.0,3915.0,3937.0,3920,97.02681139099198,95.17488075514993
2023/04/05,3886.0,3899.0,3883.0,3890.0,1560,95.91900177851211,94.54678531723907
2023/04/06,3853.0,3855.0,3847.0,3853.0,1100,96.17664774164018,94.83971457371364
2023/04/07,3880.0,3890.0,3880.0,3890.0,1500,96.20994098418427,94.68166153246653
2023/04/10,3898.0,3913.0,3898.0,3910.0,1390,95.6182156023907,94.18274012429268
2023/04/11,3940.0,3951.0,3940.0,3949.0,4630,94.64715388334697,93.89564725302598
2023/04/12,3949.0,3962.0,3949.0,3962.0,2320,95.41869900019199,94.01104980998531
2023/04/13,3922.0,3947.0,3922.0,3943.0,680,95.556714516788,94.09503410889435
2023/04/14,3955.0,3970.0,3955.0,3967.0,2890,95.2056078283779,94.05480315053725
2023/04/17,4008.0,4013.0,4003.0,4008.0,3730,95.48623611928903,94.23445296451118
2023/04/18,4023.0,4028.0,4017.0,4025.0,2130,94.23000908578337,92.95523021872523
2023/04/19,4016.0,4027.0,4014.0,4025.0,1220,94.0466346121397,92.77903526137365
2023/04/20,4024.0,4040.0,4024.0,4030.0,2750,94.8049218280204,93.20404363550021
2023/04/21,4000.0,4008.0,3987.0,3988.0,530,94.7018793525472,93.42898420124654
2023/04/24,3994.0,4002.0,3988.0,3996.0,7650,95.65284921698537,94.7379846831092
2023/04/25,4000.0,4019.0,4000.0,4005.0,410,95.36311917644119,94.02946418772606
2023/04/26,3958.0,3958.0,3938.0,3948.0,2210,96.14443216021951,95.19445459178218
2023/04/27,3915.0,3933.0,3915.0,3933.0,650,95.0927728526627,94.20429932462676
2023/04/28,3997.0,4027.0,3985.0,4027.0,3250,97.08440315141812,96.38243887533487
2023/05/01,4087.0,4114.0,4085.0,4114.0,9100,98.27342218205992,97.48955965901182
2023/05/02,4121.0,4134.0,4100.0,4124.0,5650,99.35719303302507,99.03332640741246
2023/05/08,4032.0,4035.0,4021.0,4025.0,2870,96.72923876066972,96.49197078695067
2023/05/09,4043.0,4044.0,4031.0,4034.0,2100,97.27053008338478,96.51635599220629
2023/05/10,4028.0,4030.0,4021.0,4023.0,410,97.50156399454066,96.12894552308516
2023/05/11,4000.0,4015.0,4000.0,4014.0,1390,98.37738846612626,97.71913994985725
2023/05/12,4015.0,4016.0,4004.0,4013.0,1900,99.03184573221121,97.92897653254506
2023/05/15,4028.0,4051.0,4027.0,4051.0,1820,98.61311803548848,96.95948875308385
2023/05/16,4057.0,4057.0,4045.0,4047.0,240,97.18606622256533,95.46911077789197
2023/05/17,4051.0,4051.0,4036.0,4050.0,2240,96.32216652230755,95.14633549352553
2023/05/18,4108.0,4111.0,4100.0,4111.0,4280,98.1246885422234,97.94658204319683
2023/05/19,4167.0,4175.0,4161.0,4161.0,8750,99.76227728926918,99.82644500393332
2023/05/22,4145.0,4150.0,4136.0,4150.0,1770,99.08258216573417,99.32466887441932
2023/05/23,4178.0,4190.0,4168.0,4179.0,2980,100.02051526725614,100.59297404994916
2023/05/24,4126.0,4127.0,4117.0,4117.0,7000,98.83007904375401,99.10065412066554
2023/05/25,4121.0,4123.0,4115.0,4121.0,2240,97.92468902127234,99.18284855504517
2023/05/26,4138.0,4138.0,4127.0,4129.0,1760,96.74880188844898,98.2288445665672
2023/05/29,4233.0,4236.0,4165.0,4211.0,7900,96.8003421683569,98.28805063300842
2023/05/30,4211.0,4215.0,4199.0,4215.0,2070,96.1068215358994,97.76672612559972
2023/05/31,4189.0,4189.0,4150.0,4150.0,630,96.32264111867352,98.59126847942315
2023/06/01,4140.0,4184.0,4135.0,4159.0,1430,95.79703877377362,97.55759371059013
2023/06/02,4169.0,4175.0,4165.0,4174.0,1080,94.46934134027394,95.00806492662421
2023/06/05,4257.0,4262.0,4252.0,4255.0,10710,95.21925968084403,95.99636121207799
2023/06/06,4238.0,4238.0,4225.0,4233.0,320,93.08858772692345,94.28205967972147
2023/06/07,4242.0,4250.0,4231.0,4231.0,4750,94.52507007478552,95.39927878705471
2023/06/08,4249.0,4249.0,4223.0,4223.0,1470,95.78051959513634,96.40093828428034
2023/06/09,4246.0,4250.0,4235.0,4250.0,3310,93.18695419523354,94.39753060753651
2023/06/12,4260.0,4268.0,4256.0,4262.0,1530,95.51018220581304,97.47086978276015
2023/06/13,4283.0,4300.0,4280.0,4299.0,5880,94.42224957060061,97.10385540658268
2023/06/14,4332.0,4339.0,4305.0,4336.0,2060,93.8887685677518,96.64294527763295
2023/06/15,4347.0,4382.0,4347.0,4376.0,4260,94.6593836744544,97.64464080983714
2023/06/16,4396.0,4418.0,4384.0,4414.0,3270,95.45200159130765,98.89893805553245
2023/06/19,4434.0,4447.0,4426.0,4431.0,4230,95.82640719099707,98.537145531465
2023/06/20,4436.0,4441.0,4428.0,4433.0,1780,96.10277850755413,99.3635554655638
2023/06/21,4400.0,4416.0,4400.0,4408.0,1160,94.4459975474795,97.89172222802375
2023/06/22,4389.0,4404.0,4382.0,4395.0,1340,94.83763603782577,97.1976518919831
2023/06/23,4425.0,4444.0,4414.0,4425.0,1090,97.35925666488501,99.30133659903755
2023/06/26,4430.0,4432.0,4416.0,4416.0,1570,96.23405306512505,97.79124583348388
2023/06/27,4414.0,4422.0,4405.0,4420.0,2430,97.28341000208525,99.03648261367812
2023/06/28,4441.0,4461.0,4441.0,4460.0,2210,96.40018404482296,98.34356626349816
2023/06/29,4477.0,4490.0,4477.0,4480.0,1820,96.26114482385772,98.75495290410936
2023/06/30,4500.0,4512.0,4500.0,4510.0,3480,97.27699622183023,100.35617501852316
2023/07/03,4539.0,4560.0,4537.0,4552.0,7470,95.95002442328637,99.7611425476996
2023/07/04,4555.0,4559.0,4547.0,4551.0,9600,96.3311815677057,99.27542704191717
2023/07/05,4542.0,4555.0,4542.0,4553.0,540,97.28430758118614,99.98380732632769
2023/07/06,4546.0,4546.0,4493.0,4494.0,1850,97.96422948216444,100.18687207024888
2023/07/07,4480.0,4480.0,4455.0,4457.0,1650,97.72508537106792,99.91067373290223
2023/07/10,4419.0,4425.0,4405.0,4405.0,3200,97.37596054549408,99.77770691267371
2023/07/11,4405.0,4409.0,4382.0,4389.0,2650,96.12756587126543,98.98315445369606
2023/07/12,4405.0,4405.0,4378.0,4378.0,410,97.42242640138417,99.93199164762632
2023/07/13,4396.0,4416.0,4394.0,4412.0,1490,97.23633185789919,99.86107128668942
2023/07/14,4428.0,4428.0,4400.0,4416.0,1780,97.93924441867784,100.091933702388
2023/07/18,4435.0,4454.0,4435.0,4445.0,5080,98.03885219326457,99.82089376320758
2023/07/19,4493.0,4500.0,4483.0,4499.0,2360,97.74513983645282,99.21353155991831
2023/07/20,4500.0,4513.0,4500.0,4502.0,500,98.88297861193092,99.69449596810645
2023/07/21,4502.0,4515.0,4499.0,4514.0,6170,100.32472510672126,100.3844606364831
2023/07/24,4558.0,4560.0,4550.0,4550.0,1930,100.7862499502368,101.35698758966475
2023/07/25,4570.0,4570.0,4559.0,4561.0,1460,100.53181376203939,101.01696927421564
2023/07/26,4575.0,4575.0,4555.0,4567.0,450,100.69212739510269,101.14861850749396
2023/07/27,4550.0,4555.0,4548.0,4552.0,1720,99.80676585745782,100.21248831573648
2023/07/28,4490.0,4552.0,4445.0,4490.0,3640,98.79465122043716,98.60902659153254
2023/07/31,4573.0,4600.0,4570.0,4600.0,2610,100.51384797251063,100.52152402698849
2023/08/01,4620.0,4650.0,4614.0,4642.0,3840,100.77425690642143,100.71176308445271
2023/08/02,4622.0,4630.0,4597.0,4604.0,4430,100.9306137692253,99.81759201863225
2023/08/03,4581.0,4603.0,4573.0,4580.0,1170,101.11834396654655,99.09291436638946
2023/08/04,4553.0,4557.0,4455.0,4553.0,1150,101.44845305598697,99.22458204142224
2023/08/07,4495.0,4520.0,4495.0,4520.0,930,99.71570739152926,97.27778318738501
2023/08/08,4549.0,4568.0,4549.0,4555.0,560,99.24855630269161,97.00138547507551
2023/08/09,4536.0,4560.0,4536.0,4560.0,890,100.10424719059752,98.16888728586517
2023/08/10,4553.0,4573.0,4553.0,4571.0,700,100.88578557339282,98.30543239357985
2023/08/14,4571.0,4583.0,4560.0,4560.0,2540,102.20359473187814,98.76483182980114
2023/08/15,4612.0,4620.0,4612.0,4620.0,2620,102.60576395465213,99.15670076685399
2023/08/16,4564.0,4564.0,4548.0,4553.0,2700,102.75692811881194,99.16053362208359
2023/08/17,4549.0,4554.0,4539.0,4540.0,1370,102.25755487478942,98.71847894214781
2023/08/18,4497.0,4520.0,4477.0,4489.0,3050,100.91046870713782,97.79802725042222
2023/08/21,4485.0,4497.0,4480.0,4484.0,1380,100.79720824189377,98.2278643900272
2023/08/22,4550.0,4550.0,4522.0,4534.0,760,101.54293031360267,98.92489744414114
2023/08/23,4515.0,4531.0,4513.0,4531.0,620,101.12857471236536,98.77374563884828
2023/08/24,4545.0,4578.0,4541.0,4578.0,1010,100.92566197232196,98.90943661427421
2023/08/25,4508.0,4516.0,4507.0,4515.0,6340,101.36666389011914,97.75985540571929
2023/08/28,4563.0,4563.0,4550.0,4558.0,1470,100.50956961329058,98.04115359325034
2023/08/29,4585.0,4592.0,4576.0,4585.0,1340,101.55558268294189,99.19275214364356
2023/08/30,4632.0,4648.0,4632.0,4648.0,6530,102.88443359345271,100.49285350968266
2023/08/31,4660.0,4660.0,4650.0,4658.0,1520,102.14694879645234,99.97414481776353
2023/09/01,4634.0,4638.0,4625.0,4634.0,860,100.31238231516708,97.47851269763517
2023/09/04,4650.0,4660.0,4646.0,4660.0,2550,101.01926624187045,97.89332468867019
2023/09/05,4660.0,4665.0,4654.0,4665.0,260,99.77080289751424,96.6668314081792
2023/09/06,4662.0,4670.0,4650.0,4650.0,6230,97.0694020440142,94.18568710238371
2023/09/07,4634.0,4646.0,4634.0,4634.0,4960,97.96499122863112,94.5873721745755
2023/09/08,4619.0,4623.0,4598.0,4623.0,1230,98.99255580606132,95.3197944106206
2023/09/11,4625.0,4625.0,4600.0,4604.0,2980,98.64328952069559,94.1340871461777
2023/09/12,4629.0,4631.0,4624.0,4628.0,1330,97.59336446313011,93.3117529289106
2023/09/13,4628.0,4638.0,4618.0,4619.0,2180,98.19302868161738,94.51902634101694
2023/09/14,4639.0,4647.0,4632.0,4640.0,620,97.51581078026445,94.07602215448058
2023/09/15,4671.0,4696.0,4671.0,4688.0,2990,97.96691205925958,95.12963870926528
2023/09/19,4653.0,4653.0,4638.0,4639.0,2810,97.74642424325992,94.02943885806997
2023/09/20,4636.0,4636.0,4629.0,4629.0,2760,97.76630170338437,94.36936259962981
2023/09/21,4605.0,4627.0,4599.0,4600.0,2720,99.58270413409636,96.03029430508208
2023/09/22,4535.0,4549.0,4515.0,4549.0,4520,100.48053712861082,96.6389014689907
2023/09/25,4543.0,4549.0,4539.0,4546.0,7250,99.56553857588324,96.20149991177318
2023/09/26,4551.0,4551.0,4541.0,4546.0,2890,100.2430644913336,96.26611492944595
2023/09/27,4510.0,4515.0,4502.0,4515.0,1610,99.19996343111328,95.65282084843591
2023/09/28,4511.0,4528.0,4505.0,4505.0,1650,99.37751375911523,95.51323530339083
2023/09/29,4544.0,4546.0,4528.0,4540.0,1510,99.95370036386383,97.0119678656922
2023/10/02,4554.0,4572.0,4554.0,4560.0,2560,102.4494868283506,99.07931983146965
2023/10/03,4544.0,4544.0,4511.0,4518.0,2270,102.95180270400353,99.84640327192406
2023/10/04,4451.0,4452.0,4425.0,4434.0,5820,102.4241012527296,99.39108779418203
2023/10/05,4470.0,4470.0,4458.0,4461.0,610,100.89174445539525,97.48967365059136
2023/10/06,4452.0,4477.0,4452.0,4472.0,2900,102.55282370937854,98.723519025003
2023/10/10,4531.0,4555.0,4529.0,4545.0,3940,102.21042824040092,99.46561096716736
2023/10/11,4581.0,4593.0,4574.0,4582.0,3310,102.05362859815897,99.99257110331267
2023/10/12,4612.0,4627.0,4612.0,4627.0,2760,100.80990714512691,98.84823886682162
2023/10/13,4614.0,4614.0,4599.0,4599.0,900,100.61011210941449,98.67353379005398
2023/10/16,4573.0,4576.0,4565.0,4565.0,1360,101.78941724816622,99.49735452060828
2023/10/17,4593.0,4612.0,4593.0,4605.0,2840,99.36415785560584,97.25479204366992
2023/10/18,4618.0,4618.0,4575.0,4610.0,770,99.5074494753342,97.0858917099398
2023/10/19,4551.0,4559.0,4532.0,4542.0,900,100.1473535487025,97.56920763181733
2023/10/20,4500.0,4510.0,4496.0,4502.0,1390,99.86602719715748,96.85922212386797
2023/10/23,4469.0,4473.0,4463.0,4464.0,2670,98.86591975212788,95.77243857423299
2023/10/24,4469.0,4470.0,4450.0,4470.0,2290,98.7765097905243,95.83189204678631
2023/10/25,4488.0,4488.0,4465.0,4465.0,630,98.09577934807544,95.1452974083284
2023/10/26,4425.0,4425.0,4408.0,4419.0,2360,99.79137393193633,95.67467154000602
2023/10/27,4421.0,4421.0,4409.0,4416.0,410,98.62652657816443,94.98251111815308
2023/10/30,4369.0,4374.0,4357.0,4364.0,2310,96.90984204455549,93.24687312879908
2023/10/31,4385.0,4400.0,4385.0,4400.0,840,97.08710015968234,93.10177761806398
2023/11/01,4463.0,4474.0,4459.0,4463.0,2730,97.11190978612242,93.16263073699088
2023/11/02,4515.0,4515.0,4480.0,4512.0,2870,98.23985640096407,95.17363655126049
2023/11/06,4596.0,4610.0,4596.0,4602.0,2550,98.27629993089757,95.6797900317656
2023/11/07,4602.0,4613.0,4602.0,4613.0,2850,100.6084961596637,97.74743417734365
2023/11/08,4632.0,4636.0,4627.0,4629.0,2920,100.54459577219419,98.64977654801926
2023/11/09,4650.0,4656.0,4650.0,4651.0,2370,99.92658308271842,98.57815163348023
2023/11/10,4634.0,4637.0,4626.0,4637.0,1410,100.10263365999307,97.62880111408458
2023/11/13,4688.0,4690.0,4680.0,4684.0,3460,101.48080761335349,99.03588516422306
2023/11/14,4699.0,4712.0,4699.0,4705.0,3410,100.89762332831687,98.7103455319152
2023/11/15,4753.0,4791.0,4753.0,4791.0,5560,100.40374439441435,99.33441307147002
2023/11/16,4791.0,4805.0,4789.0,4797.0,5790,101.30239591398534,100.63606292148535
2023/11/17,4789.0,4790.0,4775.0,4782.0,1290,100.51834281967093,99.54397099270416
2023/11/20,4774.0,4774.0,4743.0,4743.0,2290,100.1450606959385,99.47807590662781
2023/11/21,4754.0,4762.0,4733.0,4742.0,1820,99.85635995239865,99.79786518635244
2023/11/22,4740.0,4761.0,4740.0,4761.0,2330,100.68784604975684,100.73583822599055
2023/11/24,4801.0,4814.0,4796.0,4797.0,4390,100.79544909632408,101.14318198714547
2023/11/27,4807.0,4807.0,4779.0,4783.0,3820,101.69875090995846,101.64173995514076
2023/11/28,4778.0,4778.0,4761.0,4764.0,1390,101.00428189575632,100.95556657089664
2023/11/29,4737.0,4750.0,4730.0,4745.0,1680,101.06148409145386,101.1057059699934
2023/11/30,4737.0,4748.0,4736.0,4747.0,1840,100.0310881064203,99.2631953362838
2023/12/01,4780.0,4789.0,4767.0,4781.0,2810,100.62016311443023,99.31735817478213
2023/12/04,4764.0,4764.0,4758.0,4759.0,2620,99.87760033351132,98.36009409343433
2023/12/05,4756.0,4758.0,4751.0,4751.0,1580,102.6715806618569,100.45889523415352
2023/12/06,4754.0,4778.0,4754.0,4777.0,3660,101.23871042328794,99.81418296025657
2023/12/07,4745.0,4748.0,4724.0,4724.0,1550,102.14745892011992,100.14014144856174
2023/12/08,4679.0,4679.0,4637.0,4678.0,4580,103.93394435241615,101.56014872602574
2023/12/11,4726.0,4746.0,4725.0,4746.0,3710,103.8571327047255,101.51143645613149
2023/12/12,4771.0,4783.0,4760.0,4766.0,2020,102.69801090496806,100.79019927096165
2023/12/13,4770.0,4783.0,4770.0,4777.0,1710,103.81045867704732,101.93733345986671
2023/12/14,4762.0,4769.0,4730.0,4736.0,4420,103.76531523119819,102.81172439564779
2023/12/15,4768.0,4772.0,4748.0,4756.0,1810,102.71043781352355,102.86809261050438
2023/12/18,4756.0,4763.0,4753.0,4756.0,9250,104.44805111570355,104.93839689097082
2023/12/19,4787.0,4820.0,4770.0,4814.0,8560,105.94704852078,108.16459578969378
2023/12/20,4850.0,4867.0,4850.0,4855.0,6410,103.99864314709919,106.95874249963826
2023/12/21,4790.0,4798.0,4772.0,4782.0,3680,103.04282886018343,105.68483939546762
2023/12/22,4782.0,4790.0,4778.0,4789.0,2420,103.09980861251738,105.88523137338848
2023/12/25,4796.0,4800.0,4781.0,4784.0,8510,102.94873189716243,105.52636925701874
2023/12/26,4801.0,4807.0,4796.0,4805.0,7150,102.62524012909896,105.54733032079045
2023/12/27,4821.0,4840.0,4821.0,4831.0,3720,101.53442413975822,104.78117236472914
2023/12/28,4816.0,4840.0,4800.0,4816.0,2900,102.03774061100405,105.2376940611689
2023/12/29,4808.0,4815.0,4803.0,4803.0,2210,101.55249459522189,104.1093925489208
2024/01/04,4770.0,4794.0,4758.0,4792.0,9090,100.08134137055247,101.3689317614028
2024/01/05,4821.0,4831.0,4813.0,4813.0,6330,100.4939769665741,101.20292147870849
2024/01/09,4861.0,4861.0,4837.0,4841.0,11470,100.24249792431816,100.78289077383617
2024/01/10,4851.0,4870.0,4851.0,4869.0,4330,98.67118209117343,99.94657311570634
2024/01/11,4927.0,4936.0,4922.0,4933.0,6860,97.60383004084446,99.40215168176103
2024/01/12,4899.0,4907.0,4890.0,4907.0,5220,96.01691615928645,99.78695605577079
2024/01/15,4900.0,4919.0,4900.0,4918.0,4270,94.62990058767524,98.30366655989513
2024/01/16,4913.0,4918.0,4902.0,4914.0,2910,96.05956566216932,99.47723650160988
2024/01/17,4950.0,4953.0,4927.0,4939.0,20740,97.43206285111374,100.00498768193378
2024/01/18,4875.0,4878.0,4862.0,4868.0,5580,99.7061203092936,102.94180868046443
2024/01/19,4918.0,4938.0,4913.0,4937.0,6140,99.76028348161594,103.72133241173702
2024/01/22,4968.0,4980.0,4958.0,4969.0,3170,98.33875400837721,102.10720040379024
2024/01/23,4979.0,4988.0,4970.0,4971.0,4530,98.28448730480837,102.03732291231178
2024/01/24,4998.0,4999.0,4982.0,4995.0,3190,100.11381552116146,103.67608496583185
2024/01/25,4986.0,4994.0,4980.0,4994.0,1240,100.24058796233577,103.72749044295999
2024/01/26,4994.0,5000.0,4981.0,4998.0,5630,100.81859902797088,104.48942026574257
2024/01/29,5013.0,5023.0,5012.0,5019.0,1780,100.81279855254952,103.75844402604034
2024/01/30,5030.0,5040.0,5030.0,5040.0,3240,101.10693939385675,104.30780537530295
2024/01/31,5023.0,5033.0,5019.0,5024.0,2010,99.16853504173817,101.72876791262455
2024/02/01,4964.0,4979.0,4951.0,4953.0,2710,98.35244320484921,100.23732937912382
2024/02/02,5019.0,5019.0,4973.0,5018.0,1980,99.39482527493094,101.35166585960675
2024/02/05,5073.0,5083.0,5063.0,5070.0,3810,99.13228025955617,100.73992237698155
2024/02/06,5063.0,5077.0,5063.0,5076.0,3270,99.54681206606628,101.55858755247536
2024/02/07,5072.0,5075.0,5063.0,5071.0,420,99.0737735732078,100.85517806175355
2024/02/08,5095.0,5125.0,5095.0,5125.0,2650,98.76322407966231,102.23534909449023
2024/02/09,5144.0,5150.0,5142.0,5147.0,1570,99.99894179382444,103.57997972900344
2024/02/13,5169.0,5178.0,5165.0,5178.0,3050,96.31133899704977,101.07532004883879
2024/02/14,5142.0,5148.0,5133.0,5135.0,7030,95.16293566045493,100.33518962152736
2024/02/15,5180.0,5197.0,5150.0,5179.0,4610,94.04826584097044,100.03881086635357
2024/02/16,5204.0,5225.0,5200.0,5200.0,2560,94.2279121260595,100.03357120003523
2024/02/19,5207.0,5208.0,5190.0,5205.0,17620,94.37651704447829,99.90050846683964
2024/02/20,5206.0,5206.0,5181.0,5200.0,3150,94.7302098591052,100.37903290407893
2024/02/21,5174.0,5182.0,5170.0,5175.0,850,94.14200414377176,99.91410710240152
2024/02/22,5214.0,5237.0,5214.0,5232.0,5500,94.41517715601631,100.48765628371967
2024/02/26,5290.0,5290.0,5273.0,5286.0,2980,94.98353892812335,101.28315750869862
2024/02/27,5273.0,5281.0,5272.0,5274.0,1610,94.39173758810605,100.43121449942399
2024/02/28,5286.0,5287.0,5276.0,5287.0,3310,94.94528433462918,101.03998414112465
2024/02/29,5274.0,5277.0,5250.0,5255.0,1700,95.04312575027635,100.90767133104363
2024/03/01,5267.0,5305.0,5267.0,5305.0,4980,94.64959109378769,100.82068065765226
2024/03/04,5316.0,5330.0,5306.0,5330.0,5980,94.83035676192802,101.36095940744147
2024/03/05,5329.0,5329.0,5318.0,5320.0,1710,94.60833608908142,100.75171867152739
2024/03/06,5271.0,5288.0,5264.0,5279.0,2250,95.03734434432101,100.62042171434105
2024/03/07,5276.0,5276.0,5223.0,5246.0,2580,96.53686594743398,101.74663415160998
2024/03/08,5285.0,5298.0,5279.0,5298.0,2980,97.88650955620707,102.84605249589478
2024/03/11,5220.0,5229.0,5213.0,5218.0,1490,98.42481060784398,103.00440349015236
2024/03/12,5226.0,5272.0,5222.0,5272.0,1940,99.170701167196,103.59103559770145
2024/03/13,5304.0,5304.0,5282.0,5303.0,1830,98.2000345391605,103.28067638427902
2024/03/14,5315.0,5316.0,5294.0,5316.0,1830,99.48986990144628,104.03265420901052
2024/03/15,5293.0,5329.0,5291.0,5300.0,1360,99.22185583848295,103.08378455599568
2024/03/18,5300.0,5317.0,5299.0,5316.0,670,97.44441584115751,101.86239423784977
2024/03/19,5320.0,5360.0,5311.0,5360.0,2830,96.71996116932937,100.51458566398308
2024/03/21,5459.0,5489.0,5455.0,5489.0,7790,99.04547619868603,103.20298142938462
2024/03/22,5503.0,5506.0,5486.0,5498.0,5770,99.68369303802844,103.44797425175658
2024/03/25,5474.0,5478.0,5466.0,5476.0,7850,99.67975586238937,103.55246960008256
2024/03/26,5476.0,5478.0,5469.0,5478.0,940,99.9061092830518,103.72732067510546
2024/03/27,5477.0,5499.0,5474.0,5495.0,12030,99.62521618393126,103.82021637262811
2024/03/28,5499.0,5500.0,5490.0,5490.0,780,98.83529512613747,103.02608118639236
2024/03/29,5490.0,5500.0,5482.0,5500.0,1390,98.41365580267293,102.52579684611516
2024/04/01,5510.0,5521.0,5490.0,5521.0,13820,99.74277927048065,104.42880661720034
2024/04/02,5484.0,5495.0,5480.0,5484.0,4470,98.90492603941487,103.79932798621176
2024/04/03,5450.0,5450.0,5442.0,5449.0,1050,98.75332542050637,102.6748821813889
2024/04/04,5466.0,5490.0,5466.0,5490.0,1490,98.42007545587181,102.28977895188456
2024/04/05,5406.0,5406.0,5380.0,5405.0,3350,98.05990154172191,101.04641294568601
2024/04/08,5470.0,5470.0,5457.0,5468.0,3690,98.2150611752489,101.31175821153067
2024/04/09,5469.0,5484.0,5469.0,5483.0,450,97.47857536966549,100.39567630510227
2024/04/10,5480.0,5488.0,5480.0,5488.0,1590,98.27495242637086,101.35312297167394
2024/04/11,5450.0,5469.0,5450.0,5463.0,4490,98.90641850823073,101.27462795826348
2024/04/12,5500.0,5685.0,5491.0,5507.0,2980,100.07884208229245,101.54920562498727
2024/04/15,5440.0,5466.0,5440.0,5466.0,2070,99.12030629204689,100.40410625066913
2024/04/16,5408.0,5408.0,5376.0,5390.0,2150,99.75751075677618,101.33134774048833
2024/04/17,5415.0,5417.0,5395.0,5395.0,1960,101.00606215813758,102.69303606864482
2024/04/18,5375.0,5385.0,5367.0,5385.0,890,100.56028722597368,101.79629593674275
2024/04/19,5355.0,5355.0,5250.0,5306.0,6300,102.52587654231124,103.09596621660062
2024/04/22,5348.0,5360.0,5345.0,5360.0,1310,102.44416251156359,102.64072956470227
2024/04/23,5384.0,5391.0,5380.0,5391.0,1170,102.58942138860014,103.09956654278535
