date,open,high,low,close,volume
2014/03/24,150.0,155.0,150.0,153.5,6600
2014/03/25,159.0,165.0,151.0,157.5,4500
2014/03/26,160.0,160.0,156.0,158.5,2100
2014/03/27,155.0,155.0,150.0,154.5,3200
2014/03/28,172.5,175.0,158.5,164.5,81400
2014/03/31,170.0,170.0,164.5,167.5,12700
2014/04/01,167.0,169.0,165.0,166.0,3800
2014/04/02,171.5,171.5,166.0,168.0,3900
2014/04/03,169.5,170.0,166.5,168.0,3600
2014/04/04,163.5,170.0,163.0,164.5,7200
2014/04/07,162.5,188.0,162.5,178.0,69800
2014/04/08,179.0,189.5,170.5,189.0,54200
2014/04/09,195.0,210.0,186.5,188.0,281400
2014/04/10,195.0,228.0,195.0,219.0,1075100
2014/04/11,227.0,242.5,207.5,217.5,752700
2014/04/14,257.5,257.5,245.0,257.5,503900
2014/04/15,243.5,251.0,220.5,237.0,593600
2014/04/16,229.0,232.0,210.5,213.5,315800
2014/04/17,216.5,223.5,205.5,205.5,116500
2014/04/18,205.5,245.5,205.5,245.5,694400
2014/04/21,231.0,245.0,225.0,225.0,310100
2014/04/22,225.0,225.0,211.0,217.5,109900
2014/04/23,215.0,217.0,205.5,211.5,84100
2014/04/24,225.0,233.5,212.5,216.0,176300
2014/04/25,208.0,211.5,205.5,207.0,53600
2014/04/28,203.0,204.0,196.5,200.0,54200
2014/04/30,204.0,204.0,182.5,191.0,87000
2014/05/01,191.5,195.0,185.0,189.5,39600
2014/05/02,191.5,192.0,185.0,187.5,25300
2014/05/07,187.0,190.0,183.0,183.0,36800
2014/05/08,183.0,209.0,182.0,200.0,127300
2014/05/09,200.0,205.0,195.0,204.5,37300
2014/05/12,207.5,208.5,187.0,187.0,56900
2014/05/13,191.5,194.5,188.5,188.5,12100
2014/05/14,191.5,201.5,185.0,199.5,35000
2014/05/15,202.5,203.5,193.0,200.5,38500
2014/05/16,200.5,200.5,188.0,200.0,27800
2014/05/19,191.5,193.0,172.5,177.0,45700
2014/05/20,183.5,184.5,180.0,184.0,20100
2014/05/21,176.0,184.5,164.0,181.0,49200
2014/05/22,184.0,185.0,181.0,184.5,7400
2014/05/23,189.0,189.0,181.5,184.0,12700
2014/05/26,185.5,193.5,183.5,188.0,15000
2014/05/27,185.5,192.0,182.5,186.0,18300
2014/05/28,188.5,189.5,183.0,189.0,11400
2014/05/29,195.0,200.0,192.0,200.0,57000
2014/05/30,202.5,204.5,191.5,194.5,44300
2014/06/02,201.5,201.5,188.0,193.0,26000
2014/06/03,196.5,198.5,191.5,196.0,12300
2014/06/04,197.5,201.5,193.0,198.5,18100
2014/06/05,202.5,202.5,190.5,194.0,15400
2014/06/06,193.0,196.5,191.0,196.0,10900
2014/06/09,195.0,198.0,194.5,196.0,15300
2014/06/10,200.0,200.0,195.0,195.0,14400
2014/06/11,193.0,198.0,192.5,198.0,25800
2014/06/12,197.0,202.0,195.0,200.0,15200
2014/06/13,199.5,202.0,196.5,201.0,15300
2014/06/16,202.0,221.0,202.0,210.0,63700
2014/06/17,208.0,222.0,207.0,216.0,54600
2014/06/18,224.5,233.0,217.0,222.5,89500
2014/06/19,218.5,221.0,211.0,214.5,37300
2014/06/20,218.0,218.0,205.0,207.5,30800
2014/06/23,210.5,212.5,203.0,209.5,19500
2014/06/24,212.0,221.0,210.5,221.0,28500
2014/06/25,225.0,225.5,210.5,212.5,36900
2014/06/26,212.5,222.0,210.0,222.0,30400
2014/06/27,229.0,242.5,202.5,215.0,261800
2014/06/30,211.5,214.0,206.0,208.5,37900
2014/07/01,209.0,217.0,209.0,215.5,27600
2014/07/02,220.5,220.5,216.0,219.5,24100
2014/07/03,227.5,236.5,224.5,226.5,151300
2014/07/04,226.5,230.0,223.5,225.0,41300
2014/07/07,229.5,230.5,222.0,228.5,27300
2014/07/08,228.0,228.5,223.0,225.5,11700
2014/07/09,221.5,223.5,220.5,220.5,20800
2014/07/10,220.0,220.0,214.0,214.0,27200
2014/07/11,212.5,219.5,210.5,215.0,11000
2014/07/14,223.0,223.0,213.5,215.0,18500
2014/07/15,219.0,224.5,216.0,221.5,22100
2014/07/16,219.5,225.0,216.0,220.0,22400
2014/07/17,218.5,220.0,216.0,216.0,15600
2014/07/18,212.5,216.0,211.0,214.0,19600
2014/07/22,212.0,214.5,212.0,214.0,8000
2014/07/23,217.0,217.0,213.0,216.0,6200
2014/07/24,217.0,217.0,212.5,215.0,4000
2014/07/25,217.0,217.0,212.0,213.0,18200
2014/07/28,212.5,217.5,212.5,217.0,4800
2014/07/29,214.5,215.0,210.0,211.0,22200
2014/07/30,213.0,213.0,210.0,210.0,4100
2014/07/31,210.0,212.5,206.0,206.0,13900
2014/08/01,208.0,208.5,202.5,203.5,11400
2014/08/04,199.5,203.5,199.5,202.5,6100
2014/08/05,199.5,205.5,199.5,201.0,8700
2014/08/06,198.5,199.5,194.5,194.5,14200
2014/08/07,194.5,195.5,192.5,192.5,4000
2014/08/08,199.0,200.0,192.5,193.0,10200
2014/08/11,201.5,211.0,200.0,210.0,14300
2014/08/12,222.0,224.0,208.5,211.0,80200
2014/08/13,204.5,204.5,197.0,198.5,58800
2014/08/14,197.0,197.5,195.0,195.0,28000
2014/08/15,194.0,197.0,189.5,189.5,41700
2014/08/18,192.5,194.0,188.5,190.0,40900
2014/08/19,190.0,192.0,186.0,189.0,29700
2014/08/20,185.0,187.5,184.5,185.0,40700
2014/08/21,186.0,187.0,184.0,184.0,37000
2014/08/22,185.0,187.0,183.5,185.0,40600
2014/08/25,186.0,187.5,183.5,183.5,55300
2014/08/26,185.5,189.5,180.5,184.0,58500
2014/08/27,185.5,185.5,180.0,180.0,62100
2014/08/28,182.5,184.5,181.0,181.5,75500
2014/08/29,182.5,185.0,182.0,182.5,50300
2014/09/01,186.5,194.5,185.0,193.5,37900
2014/09/02,192.0,196.5,189.0,190.0,42600
2014/09/03,190.0,230.0,189.0,218.5,1824700
2014/09/04,225.0,226.0,205.5,207.0,359200
2014/09/05,206.0,246.0,206.0,225.0,1084100
2014/09/08,220.5,227.5,212.0,220.5,167800
2014/09/09,221.0,221.0,203.0,210.0,220000
2014/09/10,207.5,208.0,189.5,199.0,278000
2014/09/11,199.0,202.5,197.0,199.5,56100
2014/09/12,200.0,202.0,195.5,197.5,64500
2014/09/16,199.0,199.0,192.5,197.5,47800
2014/09/17,193.5,196.5,191.5,193.0,61700
2014/09/18,196.5,206.0,192.5,193.0,95400
2014/09/19,196.0,198.0,187.0,188.5,144600
2014/09/22,192.5,200.5,191.0,196.0,104900
2014/09/24,194.5,196.0,190.0,192.0,88400
2014/09/25,194.5,198.5,191.5,195.0,33700
2014/09/26,206.0,215.0,195.5,202.0,221500
2014/09/29,200.5,203.0,198.0,201.0,46800
2014/09/30,198.0,200.0,193.0,195.5,50800
2014/10/01,195.5,210.0,192.5,197.5,167900
2014/10/02,191.5,193.5,189.0,191.5,107700
2014/10/03,192.5,197.0,192.0,196.0,67400
2014/10/06,195.5,199.5,194.5,198.5,26100
2014/10/07,199.0,199.0,192.0,194.5,42700
2014/10/08,192.0,195.0,189.5,194.5,41400
2014/10/09,195.5,197.0,193.0,194.0,48600
2014/10/10,190.0,194.0,188.5,193.0,88700
2014/10/14,190.5,213.0,188.0,200.5,546300
2014/10/15,197.5,204.5,194.0,197.5,108700
2014/10/16,195.0,197.0,190.0,193.0,77500
2014/10/17,197.0,197.0,190.0,190.0,84600
2014/10/20,194.0,200.5,193.5,195.0,99400
2014/10/21,207.5,217.5,198.0,200.5,422500
2014/10/22,207.0,213.0,205.5,212.0,142400
2014/10/23,211.5,214.5,204.5,211.0,70400
2014/10/24,214.5,214.5,204.0,210.5,55400
2014/10/27,212.0,222.0,208.5,216.0,192500
2014/10/28,212.5,219.0,211.0,214.0,80700
2014/10/29,214.0,219.0,212.5,215.0,88200
2014/10/30,217.5,228.0,217.5,221.5,178400
2014/10/31,221.5,225.0,217.5,223.5,81100
2014/11/04,229.5,229.5,213.0,220.5,89900
2014/11/05,215.0,215.5,211.5,214.5,58000
2014/11/06,220.0,224.0,217.0,221.0,43300
2014/11/07,219.0,222.0,217.0,219.0,42600
2014/11/10,222.5,237.0,218.5,221.5,175100
2014/11/11,221.5,224.5,219.0,221.0,38400
2014/11/12,219.0,223.5,213.0,218.5,82100
2014/11/13,216.5,219.5,210.5,211.5,74200
2014/11/14,210.5,219.0,203.0,213.0,63700
2014/11/17,207.0,207.0,195.0,198.0,108500
2014/11/18,199.5,201.5,198.0,198.0,35100
2014/11/19,200.0,203.5,198.5,200.0,55800
2014/11/20,200.0,200.0,192.5,195.5,62300
2014/11/21,196.0,199.5,194.0,197.5,24300
2014/11/25,200.0,205.0,200.0,205.0,21300
2014/11/26,205.0,205.0,201.5,205.0,20100
2014/11/27,205.0,205.0,201.0,203.0,19900
2014/11/28,204.5,206.5,203.5,204.5,15800
2014/12/01,205.0,209.5,202.5,206.5,24300
2014/12/02,204.0,207.5,203.0,203.0,20000
2014/12/03,207.5,207.5,203.5,205.0,17700
2014/12/04,205.5,207.5,203.0,205.0,23000
2014/12/05,203.5,206.5,202.5,205.0,11300
2014/12/08,205.0,205.5,200.5,203.5,18400
2014/12/09,203.5,204.0,200.0,200.0,27200
2014/12/10,199.5,202.0,197.0,197.5,44800
2014/12/11,195.5,204.0,195.0,203.5,13500
2014/12/12,205.5,210.0,205.5,208.5,33800
2014/12/15,212.0,212.0,207.5,207.5,25500
2014/12/16,209.5,209.5,200.0,201.0,34200
2014/12/17,200.0,204.0,196.0,198.5,30900
2014/12/18,200.5,206.5,200.5,203.5,12600
2014/12/19,205.0,207.0,200.0,204.0,21200
2014/12/22,208.0,212.0,205.5,211.5,45400
2014/12/24,209.0,215.0,200.0,209.5,142500
2014/12/25,211.5,212.5,203.0,203.0,28500
2014/12/26,205.0,208.5,201.5,207.0,24700
2014/12/29,212.0,212.5,205.0,207.0,48500
2014/12/30,210.0,210.0,205.5,207.0,12800
2015/01/05,206.0,218.0,206.0,215.5,44700
2015/01/06,211.5,214.0,209.5,209.5,39200
2015/01/07,213.5,216.0,211.0,211.5,15900
2015/01/08,213.0,222.5,213.0,216.0,41800
2015/01/09,220.0,223.5,216.0,216.0,42800
2015/01/13,217.5,225.0,214.0,222.5,97900
2015/01/14,220.5,224.5,218.0,220.0,37000
2015/01/15,218.5,225.0,217.0,217.0,31200
2015/01/16,216.5,218.5,211.0,213.5,24200
2015/01/19,217.5,220.0,216.0,218.5,10500
2015/01/20,220.0,225.0,218.0,219.5,19400
2015/01/21,219.5,219.5,215.5,216.5,10400
2015/01/22,216.0,216.0,212.0,216.0,15000
2015/01/23,216.0,217.5,212.0,212.5,21100
2015/01/26,212.5,216.5,212.5,213.5,7100
2015/01/27,213.5,214.5,211.0,211.5,7300
2015/01/28,211.5,213.5,210.0,211.5,7000
2015/01/29,211.5,212.5,210.0,211.5,8100
2015/01/30,210.5,212.0,209.0,210.5,5800
2015/02/02,211.0,213.5,209.0,209.0,15500
2015/02/03,207.5,208.5,203.0,205.0,18400
2015/02/04,205.0,210.0,205.0,209.0,7300
2015/02/05,209.0,212.5,205.5,207.5,12900
2015/02/06,208.0,211.0,208.0,209.5,4800
2015/02/09,212.5,212.5,206.0,207.5,9500
2015/02/10,207.5,210.0,205.0,207.5,9200
2015/02/12,207.5,210.5,207.0,208.5,5000
2015/02/13,209.5,218.0,205.5,214.0,441200
2015/02/16,203.5,204.0,197.0,199.5,154800
2015/02/17,201.5,203.5,199.5,201.5,39600
2015/02/18,201.5,201.5,198.5,199.0,31100
2015/02/19,199.0,200.5,196.5,198.5,41500
2015/02/20,198.0,199.0,196.0,196.5,28600
2015/02/23,196.0,197.0,193.0,194.0,63700
2015/02/24,194.5,197.0,194.5,197.0,20900
2015/02/25,197.5,198.5,196.0,197.5,19100
2015/02/26,197.5,198.5,196.0,196.5,26000
2015/02/27,196.0,198.0,196.0,197.5,25800
2015/03/02,197.0,200.5,196.5,198.5,45200
2015/03/03,200.0,202.0,198.0,198.5,45300
2015/03/04,198.0,198.5,197.5,197.5,10700
2015/03/05,197.5,199.5,196.5,198.5,12900
2015/03/06,197.0,199.5,197.0,199.0,17700
2015/03/09,197.0,198.5,196.5,196.5,11300
2015/03/10,196.5,197.5,195.0,195.5,10700
2015/03/11,197.0,197.5,195.5,197.5,8500
2015/03/12,195.0,197.5,195.0,196.5,16300
2015/03/13,197.5,198.0,195.5,196.0,19500
2015/03/16,197.5,198.0,196.0,198.0,24300
2015/03/17,198.0,199.0,197.5,198.5,13100
2015/03/18,199.5,205.0,199.5,201.5,37000
2015/03/19,203.0,204.0,198.0,202.0,15900
2015/03/20,206.0,208.0,203.0,206.5,38700
2015/03/23,206.5,206.5,203.5,205.0,31900
2015/03/24,206.0,207.0,204.0,205.5,16100
2015/03/25,205.5,205.5,201.5,202.5,19500
2015/03/26,201.5,204.0,200.5,200.5,14600
2015/03/27,200.0,203.0,198.5,199.0,12500
2015/03/30,239.0,239.0,239.0,239.0,126100
2015/03/31,261.0,279.0,250.0,279.0,1985100
2015/04/01,289.0,321.5,262.0,263.5,2768700
2015/04/02,288.5,310.0,264.0,284.0,2635700
2015/04/03,294.0,334.0,285.5,334.0,692300
2015/04/06,384.0,384.0,340.0,344.5,2948500
2015/04/07,362.0,394.5,319.5,394.5,3027600
2015/04/08,387.0,393.0,330.5,330.5,1767500
2015/04/09,310.5,323.5,297.0,309.0,1100500
2015/04/10,316.0,359.0,315.0,340.5,2434300
2015/04/13,322.5,329.0,313.0,319.0,532400
2015/04/14,316.0,320.0,306.0,309.5,248600
2015/04/15,303.0,305.5,292.5,298.5,275200
2015/04/16,295.5,315.5,286.5,299.5,486600
2015/04/17,290.0,293.5,283.0,287.5,202300
2015/04/20,284.5,337.5,284.0,337.5,117100
2015/04/21,338.0,354.5,317.0,330.5,1304300
2015/04/22,340.5,365.0,317.0,338.0,1301700
2015/04/23,323.0,325.5,313.5,317.0,595900
2015/04/24,317.5,336.5,315.0,321.0,316500
2015/04/27,319.0,336.5,313.0,334.0,284900
2015/04/28,334.0,341.5,321.0,337.0,277400
2015/04/30,327.0,335.5,316.5,319.5,176500
2015/05/01,322.5,348.5,318.5,346.5,400900
2015/05/07,336.5,376.0,335.5,372.5,638500
2015/05/08,375.0,405.5,355.5,380.0,1001100
2015/05/11,380.0,390.0,361.5,380.5,219500
2015/05/12,375.5,399.5,375.5,396.0,288100
2015/05/13,407.5,414.5,366.0,366.0,546700
2015/05/14,359.0,366.0,343.0,344.0,230400
2015/05/15,339.0,352.5,338.0,342.5,109700
2015/05/18,350.0,353.0,332.5,334.0,166200
2015/05/19,329.0,334.0,319.5,323.0,187000
2015/05/20,318.5,323.5,310.0,314.0,154900
2015/05/21,316.0,320.0,311.5,312.0,65500
2015/05/22,320.0,336.5,316.0,329.0,312500
2015/05/25,334.0,335.5,325.0,331.0,85500
2015/05/26,331.0,334.0,326.0,326.5,45600
2015/05/27,320.0,324.0,316.0,319.5,39300
2015/05/28,323.0,323.0,314.0,315.0,33700
2015/05/29,307.5,314.0,307.5,313.5,51200
2015/06/01,310.0,317.5,307.5,314.5,32000
2015/06/02,315.5,324.0,314.5,317.0,42800
2015/06/03,319.5,319.5,311.0,312.5,25700
2015/06/04,315.0,318.0,312.5,314.5,21700
2015/06/05,312.5,314.5,310.0,311.0,29900
2015/06/08,312.5,312.5,302.0,306.5,35500
2015/06/09,303.5,311.0,302.0,306.0,22800
2015/06/10,306.0,312.0,306.0,310.0,23500
2015/06/11,311.5,327.0,310.0,318.0,66900
2015/06/12,320.0,362.0,319.5,350.5,404100
2015/06/15,349.5,356.5,340.0,348.0,126100
2015/06/16,352.5,352.5,334.0,341.0,74700
2015/06/17,350.0,365.0,340.0,352.5,132500
2015/06/18,348.0,356.5,345.0,351.5,66000
2015/06/19,355.0,355.0,335.5,345.0,34500
2015/06/22,341.5,341.5,323.0,335.5,82700
2015/06/23,332.0,340.5,328.5,331.0,28400
2015/06/24,335.0,346.5,330.0,341.0,41800
2015/06/25,336.0,343.0,335.0,335.0,11500
2015/06/26,330.0,331.0,327.5,329.0,18800
2015/06/29,320.0,320.0,307.0,308.5,47600
2015/06/30,301.5,317.0,301.5,309.0,28300
2015/07/01,314.0,320.5,310.0,320.5,11100
2015/07/02,326.5,326.5,318.0,322.5,48000
2015/07/03,323.5,323.5,313.0,315.5,9500
2015/07/06,315.5,315.5,300.0,308.5,63500
2015/07/07,304.5,322.0,304.5,322.0,25500
2015/07/08,326.5,328.0,301.0,309.5,607400
2015/07/09,289.5,304.5,264.5,298.5,280000
2015/07/10,313.0,313.5,298.0,300.5,51400
2015/07/13,300.0,315.0,299.5,311.0,36900
2015/07/14,312.5,333.5,312.5,325.0,59500
2015/07/15,328.5,339.5,328.5,334.0,38400
2015/07/16,329.0,334.5,326.5,334.0,23000
2015/07/17,334.5,334.5,322.0,328.0,23400
2015/07/21,335.0,339.5,330.0,339.5,45100
2015/07/22,340.0,352.5,336.5,342.0,95800
2015/07/23,337.0,349.5,332.0,336.0,31200
2015/07/24,335.5,339.0,331.0,331.5,13800
2015/07/27,336.5,337.5,325.0,327.0,17500
2015/07/28,323.5,329.0,313.0,329.0,10000
2015/07/29,329.0,335.5,321.5,321.5,7400
2015/07/30,319.5,337.5,319.5,331.0,27200
2015/07/31,326.5,331.0,323.0,327.5,9600
2015/08/03,327.5,335.5,321.0,335.5,14900
2015/08/04,335.0,342.5,334.0,339.0,17700
2015/08/05,339.0,343.0,328.5,329.0,39000
2015/08/06,331.0,332.0,325.0,325.0,41200
2015/08/07,325.5,375.0,323.0,375.0,52400
2015/08/10,390.0,447.5,375.5,423.5,3846100
2015/08/11,413.5,421.5,395.0,415.0,369200
2015/08/12,415.0,430.0,405.0,421.5,371400
2015/08/13,431.5,489.5,424.5,468.5,2781800
2015/08/14,476.0,543.5,459.0,543.5,3918300
2015/08/17,550.0,567.5,512.5,525.0,2826400
2015/08/18,530.0,635.0,508.0,551.0,2746600
2015/08/19,512.5,527.5,461.5,483.0,1568000
2015/08/20,480.0,530.0,466.0,475.5,1402400
2015/08/21,445.5,471.0,428.5,444.0,622500
2015/08/24,430.0,472.5,410.5,412.0,723900
2015/08/25,397.0,440.0,375.5,393.0,659900
2015/08/26,405.0,444.5,404.0,439.0,512200
2015/08/27,446.5,472.5,435.5,436.0,730900
2015/08/28,458.0,462.0,444.0,445.0,327600
2015/08/31,457.5,478.5,449.0,469.0,473400
2015/09/01,475.5,485.5,437.5,438.5,452300
2015/09/02,416.0,457.0,415.0,449.0,223800
2015/09/03,460.0,460.5,431.0,441.5,231900
2015/09/04,447.5,447.5,382.5,404.0,456100
2015/09/07,395.5,401.5,349.5,358.5,968500
2015/09/08,362.0,365.0,344.5,356.0,318900
2015/09/09,376.5,395.0,363.0,387.5,416900
2015/09/10,366.0,381.5,363.5,379.5,162700
2015/09/11,376.5,420.5,375.5,417.0,282000
2015/09/14,410.0,416.5,396.0,406.0,178400
2015/09/15,413.0,441.5,403.0,428.5,344100
2015/09/16,435.0,439.0,401.0,438.5,258200
2015/09/17,457.5,482.0,447.5,456.0,476900
2015/09/18,453.0,471.0,443.0,460.0,157400
2015/09/24,449.5,457.5,438.5,441.0,72000
2015/09/25,439.0,455.5,399.0,449.0,180200
2015/09/28,447.5,473.0,447.5,471.0,216900
2015/09/29,456.0,459.5,441.5,450.5,160300
2015/09/30,451.5,471.0,451.5,465.0,179700
2015/10/01,465.0,481.0,465.0,477.5,155000
2015/10/02,477.5,498.5,474.0,488.0,245800
2015/10/05,490.0,496.0,480.0,484.5,152200
2015/10/06,484.5,491.5,459.0,468.5,178600
2015/10/07,466.0,483.0,462.5,482.5,78100
2015/10/08,482.5,497.5,470.0,476.0,101500
2015/10/09,476.0,482.0,465.0,478.5,65400
2015/10/13,477.0,494.0,470.5,486.0,122000
2015/10/14,478.5,488.0,465.0,469.0,98600
2015/10/15,469.0,484.0,466.0,483.0,54200
2015/10/16,488.0,488.0,471.5,471.5,59400
2015/10/19,479.0,479.5,471.5,473.0,56800
2015/10/20,473.5,478.5,459.5,466.0,60500
2015/10/21,465.0,465.0,446.0,448.0,101000
2015/10/22,447.5,450.5,437.5,445.5,83600
2015/10/23,445.0,447.0,440.0,441.0,48700
2015/10/26,445.0,448.0,438.0,443.5,75300
2015/10/27,447.5,447.5,440.0,444.5,21900
2015/10/28,446.5,447.0,435.5,437.5,42100
2015/10/29,437.0,440.0,427.5,434.5,80600
2015/10/30,432.5,458.5,432.5,457.5,85800
2015/11/02,450.0,455.5,447.5,452.0,38500
2015/11/04,459.0,459.0,445.5,447.0,39000
2015/11/05,449.0,451.0,435.0,435.0,48600
2015/11/06,435.0,460.0,435.0,457.5,55500
2015/11/09,464.5,481.5,462.0,481.5,137200
2015/11/10,480.0,480.0,461.0,470.0,162100
2015/11/11,470.0,504.0,468.5,475.0,285500
2015/11/12,473.0,480.0,463.5,465.0,120300
2015/11/13,464.5,489.0,463.0,477.5,165300
2015/11/16,460.5,469.5,432.5,432.5,339100
2015/11/17,437.5,440.5,412.0,420.0,202500
2015/11/18,414.5,435.0,409.5,425.5,206100
2015/11/19,421.0,425.5,420.0,422.5,102600
2015/11/20,425.0,436.0,421.0,429.5,81900
2015/11/24,427.0,434.0,424.0,429.0,74800
2015/11/25,427.0,427.0,417.5,421.0,59100
2015/11/26,415.0,429.5,415.0,427.5,78900
2015/11/27,426.5,438.5,419.5,424.0,105600
2015/11/30,419.0,427.0,417.5,419.5,66200
2015/12/01,420.5,423.5,411.5,414.5,72400
2015/12/02,414.5,417.0,406.0,407.5,99200
2015/12/03,407.5,413.0,406.0,411.0,46500
2015/12/04,403.5,410.0,400.0,400.0,60700
2015/12/07,402.5,409.0,394.5,407.5,74700
2015/12/08,407.5,407.5,396.0,396.0,43800
2015/12/09,391.5,393.0,377.0,378.0,100500
2015/12/10,372.5,387.0,372.5,385.0,92400
2015/12/11,378.5,394.0,378.5,380.5,72700
2015/12/14,371.0,383.5,365.5,369.5,142800
2015/12/15,366.5,368.5,351.5,357.0,98500
2015/12/16,360.5,369.5,360.5,363.5,80000
2015/12/17,371.0,384.0,366.5,378.0,87500
2015/12/18,380.0,397.5,380.0,383.0,79800
2015/12/21,382.5,382.5,367.5,374.0,125500
2015/12/22,374.0,389.0,374.0,377.5,38500
2015/12/24,382.5,382.5,356.0,357.5,138200
2015/12/25,355.0,365.0,355.0,358.5,147100
2015/12/28,360.0,382.5,360.0,377.5,19700
2015/12/29,370.0,382.5,370.0,375.5,28900
2015/12/30,375.5,380.5,371.0,380.0,38000
2016/01/04,387.5,387.5,375.0,375.5,34700
2016/01/05,372.0,374.5,366.5,370.0,14900
2016/01/06,368.5,375.0,363.0,363.5,21900
2016/01/07,357.5,361.5,345.5,349.5,49200
2016/01/08,344.5,362.5,335.5,357.5,41800
2016/01/12,350.0,354.5,321.0,326.0,51800
2016/01/13,330.5,345.0,330.5,343.5,17600
2016/01/14,325.0,330.0,313.0,323.0,38100
2016/01/15,320.0,327.5,309.0,310.0,64400
2016/01/18,285.0,313.5,285.0,304.5,126400
2016/01/19,300.0,311.0,297.5,301.5,23400
2016/01/20,296.5,298.0,265.0,270.5,83900
2016/01/21,274.5,280.0,247.5,252.5,116500
2016/01/22,269.5,291.0,262.5,282.5,113100
2016/01/25,292.5,332.5,292.5,323.5,84700
2016/01/26,308.5,333.0,308.5,319.0,74900
2016/01/27,334.0,337.5,321.0,327.5,25000
2016/01/28,323.5,332.5,322.0,323.0,10800
2016/01/29,327.5,327.5,308.5,322.5,34500
2016/02/01,328.0,336.0,328.0,332.0,19300
2016/02/02,328.0,329.5,316.5,317.0,26300
2016/02/03,321.5,321.5,303.5,307.0,15600
2016/02/04,308.0,308.0,296.0,299.0,17200
2016/02/05,296.0,299.0,270.0,282.5,45100
2016/02/08,268.5,287.5,268.5,281.5,35100
2016/02/09,265.5,279.0,257.5,274.0,48300
2016/02/10,269.0,282.5,248.0,252.5,55700
2016/02/12,231.5,234.0,212.5,221.0,113300
2016/02/15,237.0,237.0,208.0,229.0,282100
2016/02/16,230.5,251.0,228.5,240.0,132700
2016/02/17,237.5,262.5,237.5,257.5,91100
2016/02/18,267.5,267.5,260.5,262.5,38100
2016/02/19,255.0,260.0,250.0,254.5,25600
2016/02/22,249.0,262.0,246.0,262.0,18700
2016/02/23,265.5,265.5,251.0,252.0,10800
2016/02/24,245.0,245.0,238.0,240.0,34500
2016/02/25,252.0,252.0,240.0,245.0,14100
2016/02/26,246.0,252.5,245.0,245.5,12300
2016/02/29,246.0,251.0,243.0,251.0,16200
2016/03/01,246.0,252.0,236.5,244.0,22700
2016/03/02,252.0,256.5,249.0,252.5,23800
2016/03/03,252.5,254.0,251.5,254.0,25300
2016/03/04,251.5,258.5,251.5,258.5,35500
2016/03/07,262.5,303.5,262.5,296.5,149700
2016/03/08,288.5,294.5,279.0,285.0,65100
2016/03/09,281.0,281.0,270.5,270.5,28200
2016/03/10,272.0,285.0,272.0,279.0,15100
2016/03/11,278.5,284.5,276.5,280.0,11100
2016/03/14,285.0,299.0,284.5,285.0,37300
2016/03/15,295.0,295.0,278.5,284.5,31900
2016/03/16,280.0,285.0,278.5,279.0,13300
2016/03/17,289.5,289.5,279.5,282.5,9700
2016/03/18,279.0,285.0,276.5,278.5,12400
2016/03/22,278.0,281.5,271.5,275.0,43000
2016/03/23,277.0,278.0,267.5,267.5,22900
2016/03/24,266.5,266.5,260.5,265.0,9000
2016/03/25,265.5,265.5,257.0,261.5,26900
2016/03/28,261.5,277.5,260.5,266.0,50400
2016/03/29,265.0,272.0,264.5,271.5,18300
2016/03/30,271.5,277.5,269.0,276.5,27000
2016/03/31,274.0,276.0,270.5,271.0,18500
2016/04/01,270.5,271.0,251.0,251.5,44800
2016/04/04,251.0,255.5,246.5,254.5,24900
2016/04/05,251.5,252.5,242.5,243.0,44400
2016/04/06,238.5,244.5,235.5,241.0,19000
2016/04/07,244.0,247.0,237.5,242.5,17800
2016/04/08,234.5,244.0,231.0,239.5,31600
2016/04/11,243.0,248.5,237.5,246.0,14600
2016/04/12,242.0,249.0,240.5,246.0,14800
2016/04/13,249.5,251.0,244.5,251.0,10200
2016/04/14,253.0,254.5,247.5,250.0,24000
2016/04/15,252.0,252.5,250.5,251.0,12100
2016/04/18,247.5,247.5,237.5,238.5,25700
2016/04/19,242.0,253.5,242.0,253.5,33000
2016/04/20,258.5,260.0,245.0,249.5,54800
2016/04/21,252.0,257.0,252.0,255.0,21500
2016/04/22,255.0,277.5,255.0,271.5,106600
2016/04/25,280.0,280.0,267.0,267.5,38300
2016/04/26,267.5,269.0,251.0,256.5,40500
2016/04/27,275.0,275.0,263.5,272.5,55600
2016/04/28,274.0,275.5,256.5,266.5,40100
2016/05/02,251.5,268.5,251.5,258.0,81600
2016/05/06,258.0,259.5,254.5,257.0,25400
2016/05/09,262.0,267.5,259.5,262.5,26800
2016/05/10,265.0,269.5,260.5,269.5,30700
2016/05/11,274.0,292.0,267.0,291.0,225800
2016/05/12,286.0,291.0,280.0,281.5,109700
2016/05/13,280.0,287.5,275.5,279.5,60300
2016/05/16,237.5,247.0,229.5,245.0,440600
2016/05/17,241.0,243.5,220.0,232.0,128800
2016/05/18,232.5,234.0,218.5,222.5,148500
2016/05/19,224.0,230.0,219.0,225.0,39500
2016/05/20,225.0,225.0,219.0,221.5,52700
2016/05/23,219.0,223.5,219.0,222.5,19900
2016/05/24,223.0,223.5,217.5,219.5,43800
2016/05/25,219.5,221.5,215.0,216.0,70200
2016/05/26,215.0,215.0,209.0,209.0,80200
2016/05/27,213.0,219.5,211.0,213.0,38700
2016/05/30,219.5,224.0,216.0,223.0,53200
2016/05/31,219.0,222.5,218.0,222.5,52100
2016/06/01,218.5,224.0,215.0,217.0,82400
2016/06/02,216.5,216.5,211.0,211.0,54500
2016/06/03,214.0,216.0,211.0,213.0,48000
2016/06/06,209.5,212.0,208.5,210.0,37600
2016/06/07,212.5,212.5,207.5,210.5,75000
2016/06/08,211.5,211.5,206.5,210.0,71700
2016/06/09,211.0,214.5,209.5,214.5,31200
2016/06/10,212.0,214.0,209.0,209.5,32300
2016/06/13,207.0,207.5,202.5,202.5,53300
2016/06/14,199.0,199.5,185.0,186.0,174600
2016/06/15,179.0,190.5,179.0,188.0,75300
2016/06/16,190.0,195.0,180.0,180.5,120100
2016/06/17,180.0,184.5,172.5,175.5,204900
2016/06/20,178.0,184.0,177.0,181.0,66800
2016/06/21,181.0,183.0,179.5,182.5,29800
2016/06/22,182.5,182.5,176.5,182.0,58300
2016/06/23,178.5,178.5,173.0,178.5,95700
2016/06/24,182.5,182.5,144.5,159.0,209300
2016/06/27,159.0,166.0,155.5,160.5,70300
2016/06/28,158.5,165.0,156.5,162.5,44800
2016/06/29,170.5,176.5,168.5,174.0,59000
2016/06/30,174.5,176.5,171.0,172.5,46600
2016/07/01,173.5,189.5,172.5,180.0,79600
2016/07/04,178.0,186.5,177.0,180.5,34200
2016/07/05,180.5,187.0,178.5,180.0,28500
2016/07/06,179.0,179.0,174.5,175.0,21200
2016/07/07,174.0,178.0,170.5,171.0,37100
2016/07/08,171.5,172.5,169.0,169.5,12800
2016/07/11,171.5,173.0,170.0,173.0,41700
2016/07/12,177.0,196.5,176.5,186.5,147600
2016/07/13,195.0,197.5,182.5,189.0,76500
2016/07/14,185.5,193.0,182.5,189.0,40600
2016/07/15,190.0,190.5,186.5,186.5,24000
2016/07/19,186.5,192.0,182.5,184.0,43800
2016/07/20,186.5,189.0,186.0,187.0,11500
2016/07/21,189.0,190.0,186.0,187.5,16500
2016/07/22,187.0,189.0,185.5,189.0,8200
2016/07/25,190.0,193.5,189.5,192.5,26300
2016/07/26,192.0,192.0,186.0,187.0,20500
2016/07/27,185.0,191.5,184.5,191.5,39900
2016/07/28,187.5,192.0,187.0,192.0,18100
2016/07/29,192.0,192.5,183.5,192.5,17500
2016/08/01,192.5,194.0,192.0,192.5,17400
2016/08/02,193.0,193.0,189.0,189.5,16200
2016/08/03,188.0,192.5,186.0,192.5,14500
2016/08/04,192.5,192.5,187.5,192.5,11600
2016/08/05,189.0,190.0,187.5,187.5,6200
2016/08/08,187.5,189.0,185.5,188.5,8400
2016/08/09,186.0,189.5,182.0,184.5,15200
2016/08/10,172.5,175.0,164.0,169.0,145200
2016/08/12,166.5,172.5,166.5,168.5,16500
2016/08/15,167.5,168.0,163.5,166.0,30000
2016/08/16,166.0,167.0,165.0,165.5,16000
2016/08/17,166.0,166.0,160.0,164.5,14400
2016/08/18,166.0,166.0,160.5,161.0,14300
2016/08/19,161.0,169.0,160.0,165.0,36000
2016/08/22,166.5,170.0,158.5,163.5,23500
2016/08/23,175.5,203.5,171.0,203.5,262100
2016/08/24,239.5,243.0,214.5,223.5,3014100
2016/08/25,215.5,232.5,211.0,227.0,650400
2016/08/26,219.0,227.0,209.0,209.5,347500
2016/08/29,210.5,220.0,204.0,207.5,145200
2016/08/30,202.5,217.0,200.5,202.5,182000
2016/08/31,203.0,204.5,191.0,196.0,110300
2016/09/01,197.5,202.0,188.0,196.5,98100
2016/09/02,200.0,201.0,191.0,195.5,56800
2016/09/05,196.5,202.0,195.0,198.0,45800
2016/09/06,196.5,199.5,196.0,198.5,30600
2016/09/07,197.5,215.0,197.5,206.5,176700
2016/09/08,204.0,205.0,199.0,200.0,91900
2016/09/09,200.0,203.0,196.5,201.5,44200
2016/09/12,198.5,198.5,192.5,193.5,58800
2016/09/13,193.0,194.0,183.5,187.5,106000
2016/09/14,185.0,192.0,184.5,187.5,47100
2016/09/15,183.5,185.5,181.5,182.5,46100
2016/09/16,183.0,186.0,183.0,185.5,16500
2016/09/20,183.0,193.0,183.0,186.0,44500
2016/09/21,186.0,187.5,182.5,185.5,29000
2016/09/23,188.0,192.0,187.0,191.0,13800
2016/09/26,191.5,192.0,189.0,191.5,13100
2016/09/27,189.5,191.0,188.0,191.0,15800
2016/09/28,191.5,192.0,188.0,190.0,12900
2016/09/29,188.5,194.0,188.5,191.0,14500
2016/09/30,190.0,194.0,186.0,189.0,21100
2016/10/03,189.0,190.5,186.0,190.0,35600
2016/10/04,187.5,192.5,187.5,191.0,9800
2016/10/05,191.5,192.5,189.5,192.5,15400
2016/10/06,192.5,199.0,192.5,196.5,39700
2016/10/07,195.5,207.0,194.0,201.0,65800
2016/10/11,202.5,203.0,197.5,198.0,26700
2016/10/12,197.0,198.0,186.0,192.5,34200
2016/10/13,193.0,195.0,191.5,194.5,5400
2016/10/14,191.5,194.5,191.0,191.0,16100
2016/10/17,193.5,193.5,190.5,192.5,7500
2016/10/18,192.5,192.5,189.5,191.5,20700
2016/10/19,190.5,196.5,190.5,195.5,29100
2016/10/20,196.5,199.0,192.5,195.0,18600
2016/10/21,199.0,199.0,195.0,195.5,13300
2016/10/24,195.0,199.0,195.0,198.5,16400
2016/10/25,202.0,202.5,195.0,198.5,22700
2016/10/26,200.0,200.0,198.0,200.0,11300
2016/10/27,199.0,200.0,194.5,200.0,11800
2016/10/28,198.0,200.0,197.0,200.0,7400
2016/10/31,198.5,200.5,198.0,199.5,8800
2016/11/01,202.0,210.0,199.0,206.5,379700
2016/11/02,202.5,203.5,195.0,195.0,46900
2016/11/04,194.5,197.0,192.5,195.0,20700
2016/11/07,194.5,196.0,191.0,194.0,12900
2016/11/08,194.0,195.5,193.0,195.5,13300
2016/11/09,195.0,196.5,176.0,179.0,72400
2016/11/10,187.5,192.5,187.0,191.5,20900
2016/11/11,192.5,193.0,185.0,188.0,42100
2016/11/14,189.0,194.5,185.5,193.0,34100
2016/11/15,189.0,191.5,186.5,191.0,36900
2016/11/16,195.0,195.0,189.5,192.0,21400
2016/11/17,193.0,193.0,192.0,192.0,9500
2016/11/18,192.5,195.0,192.0,195.0,30800
2016/11/21,197.0,207.0,195.5,203.0,66200
2016/11/22,205.0,205.0,200.5,202.5,16400
2016/11/24,203.5,217.5,203.5,217.0,114400
2016/11/25,225.0,239.0,221.0,225.5,214800
2016/11/28,227.0,232.5,218.0,225.0,80400
2016/11/29,219.0,222.5,215.0,217.5,72600
2016/11/30,216.0,222.0,215.0,215.5,62100
2016/12/01,221.5,254.5,218.5,228.5,438400
2016/12/02,224.5,230.0,222.0,223.0,73800
2016/12/05,225.0,234.5,221.5,232.0,49500
2016/12/06,234.5,262.0,232.5,245.5,480200
2016/12/07,248.0,281.0,248.0,267.0,548900
2016/12/08,262.5,275.0,251.0,271.0,208400
2016/12/09,266.0,269.0,258.0,258.0,79400
2016/12/12,258.0,290.0,258.0,272.5,178700
2016/12/13,274.0,284.5,272.5,276.5,102200
2016/12/14,276.5,280.0,273.5,275.0,50200
2016/12/15,275.5,283.5,275.5,281.0,41500
2016/12/16,281.5,285.5,256.0,260.0,172300
2016/12/19,255.0,275.0,245.5,266.0,160000
2016/12/20,262.5,280.0,262.5,276.5,51600
2016/12/21,277.5,279.0,268.0,275.0,49300
2016/12/22,274.0,274.0,262.5,272.0,29700
2016/12/26,270.0,271.5,255.5,261.5,128100
2016/12/27,259.0,268.0,259.0,262.0,35800
2016/12/28,256.5,269.5,256.5,265.0,43800
2016/12/29,263.0,265.0,259.0,259.5,22600
2016/12/30,258.0,273.0,257.5,267.0,39100
2017/01/04,268.0,288.5,268.0,286.0,86600
2017/01/05,287.5,291.5,284.0,290.5,52700
2017/01/06,290.5,290.5,278.5,289.0,246400
2017/01/10,289.0,297.5,286.0,297.0,92200
2017/01/11,295.5,303.0,295.5,301.0,76400
2017/01/12,301.5,302.5,292.5,295.0,59200
2017/01/13,290.0,295.0,288.5,290.0,31700
2017/01/16,289.5,294.5,286.0,291.0,25200
2017/01/17,291.5,292.0,285.0,288.5,37700
2017/01/18,283.5,289.0,283.0,287.5,21500
2017/01/19,289.0,318.5,289.0,302.0,121800
2017/01/20,300.0,307.5,298.0,302.5,36700
2017/01/23,303.5,312.0,290.5,311.0,48900
2017/01/24,309.5,316.0,307.5,315.5,51800
2017/01/25,316.0,316.0,308.0,314.0,17600
2017/01/26,312.5,317.0,307.5,312.5,47500
2017/01/27,315.0,315.0,308.5,311.5,14200
2017/01/30,313.5,317.5,306.0,315.0,46100
2017/01/31,310.0,324.0,300.0,324.0,68800
2017/02/01,324.0,324.0,315.0,321.5,46700
2017/02/02,319.5,324.0,315.0,322.5,39300
2017/02/03,322.5,323.5,318.0,322.0,19100
2017/02/06,322.0,322.0,313.5,315.0,55100
2017/02/07,312.0,313.5,305.0,306.0,16700
2017/02/08,306.5,311.5,305.0,309.5,18100
2017/02/09,310.5,312.0,307.0,310.5,7700
2017/02/10,314.5,315.0,305.5,311.5,36700
2017/02/13,286.5,296.5,276.0,276.0,219200
2017/02/14,276.0,281.0,250.0,253.5,273300
2017/02/15,257.5,260.5,255.0,260.0,47900
2017/02/16,264.0,271.5,257.5,260.0,64100
2017/02/17,259.5,268.5,259.5,265.5,33500
2017/02/20,274.0,287.5,270.5,287.5,108300
2017/02/21,293.0,305.5,280.0,285.0,217200
2017/02/22,288.5,291.5,280.5,282.0,45500
2017/02/23,282.0,285.5,280.5,283.0,19400
2017/02/24,288.0,288.5,283.5,287.5,19400
2017/02/27,292.5,292.5,280.5,284.5,24600
2017/02/28,284.5,292.0,280.5,287.0,32700
2017/03/01,286.5,295.0,283.5,286.0,37900
2017/03/02,290.5,294.0,287.5,289.5,29400
2017/03/03,289.0,290.5,285.0,285.0,13600
2017/03/06,282.5,285.0,280.5,281.0,31500
2017/03/07,280.0,291.0,280.0,280.5,19000
2017/03/08,280.0,280.5,276.0,277.5,22600
2017/03/09,279.0,289.0,279.0,279.5,19200
2017/03/10,282.5,286.5,281.0,282.5,15100
2017/03/13,283.0,287.0,281.0,281.0,25200
2017/03/14,281.5,282.0,279.5,279.5,9100
2017/03/15,277.5,280.0,275.5,275.5,6500
2017/03/16,270.5,274.0,264.0,266.0,53400
2017/03/17,263.0,267.5,263.0,266.0,15200
2017/03/21,246.0,248.0,244.5,244.5,201400
2017/03/22,244.5,244.5,237.5,237.5,42800
2017/03/23,240.0,241.5,237.5,238.5,9700
2017/03/24,248.5,248.5,243.5,244.0,60900
2017/03/27,246.5,246.5,242.0,242.5,13500
2017/03/28,247.5,247.5,243.0,244.0,17300
2017/03/29,244.0,247.5,242.5,247.5,15200
2017/03/30,246.0,248.5,244.5,248.5,13800
2017/03/31,248.5,258.5,247.5,253.0,48500
2017/04/03,248.5,253.5,242.0,242.5,60500
2017/04/04,241.0,245.0,232.0,237.0,34000
2017/04/05,242.5,250.0,237.0,246.0,28100
2017/04/06,246.0,246.0,240.5,245.5,9300
2017/04/07,242.5,248.5,239.0,247.5,20500
2017/04/10,247.5,247.5,240.0,245.5,16300
2017/04/11,242.0,243.5,238.5,239.0,15900
2017/04/12,236.0,239.5,231.0,232.0,52500
2017/04/13,231.5,235.0,227.0,234.5,36800
2017/04/14,231.5,239.0,231.5,234.5,10700
2017/04/17,234.5,238.0,232.5,236.5,10000
2017/04/18,239.0,241.0,238.0,238.5,13700
2017/04/19,238.5,245.5,238.5,243.0,6700
2017/04/20,246.5,247.5,245.0,247.0,13900
2017/04/21,250.0,251.5,248.0,251.5,15100
2017/04/24,255.0,255.0,246.0,246.0,374800
2017/04/25,245.0,248.0,245.0,247.0,5200
2017/04/26,250.5,252.5,246.0,250.5,9800
2017/04/27,251.5,252.0,250.5,250.5,8100
2017/04/28,252.0,252.0,250.0,250.5,6900
2017/05/01,253.0,253.0,247.5,247.5,22500
2017/05/02,249.5,250.5,249.5,250.0,9000
2017/05/08,252.0,253.5,252.0,253.5,7500
2017/05/09,250.0,262.5,249.5,261.5,48800
2017/05/10,265.0,269.0,260.0,267.5,34100
2017/05/11,270.0,274.5,270.0,273.0,43600
2017/05/12,273.5,321.5,271.5,310.0,328300
2017/05/15,298.0,307.5,297.5,299.0,65600
2017/05/16,302.5,302.5,293.0,294.5,27200
2017/05/17,297.5,298.5,294.5,294.5,17100
2017/05/18,288.0,290.0,284.5,286.0,24000
2017/05/19,287.0,302.0,287.0,301.5,24200
2017/05/22,301.0,310.0,296.0,300.5,28500
2017/05/23,300.0,301.5,296.5,297.0,11500
2017/05/24,296.5,299.5,295.0,295.0,20400
2017/05/25,298.5,299.0,295.5,295.5,8200
2017/05/26,298.5,298.5,292.5,293.0,8600
2017/05/29,289.0,292.5,289.0,289.0,6300
2017/05/30,290.0,290.0,286.5,286.5,49400
2017/05/31,287.0,313.5,287.0,292.0,156000
2017/06/01,295.5,304.5,294.5,304.5,42000
2017/06/02,304.5,304.5,299.0,300.5,16300
2017/06/05,300.5,304.5,300.5,304.5,20400
2017/06/06,302.0,302.5,299.5,299.5,14600
2017/06/07,298.0,302.5,297.5,302.5,11500
2017/06/08,302.0,306.0,302.0,304.5,27100
2017/06/09,305.0,308.5,305.0,307.0,13400
2017/06/12,307.0,308.5,304.0,305.0,11600
2017/06/13,305.0,307.0,305.0,307.0,4500
2017/06/14,307.0,307.5,305.0,306.5,13300
2017/06/15,305.5,306.5,299.5,303.0,15900
2017/06/16,303.0,307.5,300.5,304.5,11100
2017/06/19,307.0,309.5,303.5,306.5,13800
2017/06/20,308.5,317.5,308.5,315.5,49300
2017/06/21,315.5,320.5,311.0,314.5,37700
2017/06/22,313.5,315.0,310.0,313.5,6800
2017/06/23,318.5,320.0,311.0,313.0,31300
2017/06/26,318.0,322.5,313.0,319.0,19200
2017/06/27,315.5,317.0,314.5,314.5,15800
2017/06/28,309.5,316.5,308.0,308.0,21900
2017/06/29,307.0,313.0,306.0,307.5,9200
2017/06/30,307.0,312.5,304.0,306.5,10600
2017/07/03,311.0,313.5,307.5,311.5,5400
2017/07/04,311.5,316.0,307.5,312.5,20500
2017/07/05,312.5,312.5,311.5,311.5,2800
2017/07/06,310.5,310.5,309.5,310.0,2600
2017/07/07,307.0,309.5,305.5,308.0,5800
2017/07/10,306.5,314.0,306.5,312.0,7200
2017/07/11,312.0,312.5,308.5,310.5,3800
2017/07/12,310.0,312.5,306.5,306.5,18400
2017/07/13,310.0,310.0,301.0,306.0,34100
2017/07/14,302.0,303.5,301.0,302.5,8200
2017/07/18,302.5,305.0,301.0,302.5,7700
2017/07/19,303.0,306.0,303.0,303.0,10100
2017/07/20,305.0,306.0,299.5,301.0,26800
2017/07/21,301.5,301.5,296.5,298.0,19100
2017/07/24,299.0,300.0,296.5,297.5,11100
2017/07/25,302.5,302.5,296.5,299.5,16000
2017/07/26,300.0,303.5,298.5,302.5,14400
2017/07/27,299.5,302.5,298.5,300.0,18200
2017/07/28,299.0,299.0,293.0,294.5,39600
2017/07/31,294.5,299.5,292.5,296.5,19500
2017/08/01,294.0,294.5,288.0,288.0,80200
2017/08/02,288.0,293.5,288.0,292.5,7300
2017/08/03,297.5,300.0,287.5,288.0,20000
2017/08/04,286.5,288.0,275.5,284.0,98800
2017/08/07,292.5,315.0,290.0,310.0,156500
2017/08/08,305.0,360.0,305.0,360.0,1073900
2017/08/09,359.0,387.0,355.5,361.5,928500
2017/08/10,354.0,356.5,343.0,344.5,107800
2017/08/14,345.5,394.5,345.5,394.5,402400
2017/08/15,402.0,465.0,399.0,413.0,1868300
2017/08/16,409.5,484.5,401.0,484.5,1240700
2017/08/17,480.5,495.0,464.5,476.5,1031900
2017/08/18,461.5,505.0,449.5,450.5,1428100
2017/08/21,457.5,465.5,434.0,443.5,445000
2017/08/22,432.0,456.0,432.0,443.0,318800
2017/08/23,456.0,469.5,438.0,451.0,332100
2017/08/24,466.0,526.0,459.5,526.0,1778600
2017/08/25,528.5,533.5,490.5,515.0,2028800
2017/08/28,528.0,539.5,490.5,490.5,873600
2017/08/29,477.0,518.0,471.0,509.5,549000
2017/08/30,510.0,514.5,477.5,502.5,356400
2017/08/31,505.0,554.5,503.0,530.0,739900
2017/09/01,515.0,523.5,502.0,505.0,230900
2017/09/04,491.0,525.0,462.0,475.0,536400
2017/09/05,481.0,492.0,432.5,438.5,556500
2017/09/06,430.0,467.5,420.5,452.0,336000
2017/09/07,462.5,490.0,455.0,477.0,292800
2017/09/08,489.5,500.0,465.0,500.0,293900
2017/09/11,525.0,587.5,515.0,572.0,1157400
2017/09/12,575.0,658.5,565.0,649.0,1032800
2017/09/13,641.0,650.0,602.5,611.0,449200
2017/09/14,605.0,672.5,605.0,649.5,591800
2017/09/15,662.0,678.5,625.0,632.5,374200
2017/09/19,659.5,699.5,619.5,672.0,506200
2017/09/20,649.0,665.0,632.0,635.0,264600
2017/09/21,644.0,685.0,637.5,651.5,230500
2017/09/22,651.5,661.5,610.5,620.0,307800
2017/09/25,639.5,681.0,635.0,658.0,290100
2017/09/26,650.0,718.5,644.5,684.5,447000
2017/09/27,680.0,707.0,671.0,677.0,243000
2017/09/28,682.0,687.0,664.0,673.5,175200
2017/09/29,673.5,675.5,650.5,664.0,179100
2017/10/02,672.5,672.5,631.5,648.0,241200
2017/10/03,653.0,670.0,639.5,656.5,164100
2017/10/04,650.5,653.0,625.5,644.0,229400
2017/10/05,643.5,660.0,631.5,641.0,151800
2017/10/06,641.0,654.5,632.5,639.0,71500
2017/10/10,650.0,709.5,649.5,690.0,356600
2017/10/11,690.0,737.5,690.0,737.5,478900
2017/10/12,733.5,740.0,697.0,701.5,361400
2017/10/13,709.5,719.0,666.0,677.5,251700
2017/10/16,677.5,724.5,654.5,672.0,626500
2017/10/17,665.0,684.0,653.5,655.0,231400
2017/10/18,652.5,660.0,623.5,623.5,292700
2017/10/19,623.0,630.5,609.5,612.0,147900
2017/10/20,604.0,612.0,591.0,605.5,163100
2017/10/23,635.5,635.5,609.0,613.5,130300
2017/10/24,607.0,631.5,597.5,625.0,107400
2017/10/25,622.5,634.0,608.0,610.0,120800
2017/10/26,608.5,640.0,608.5,630.0,114700
2017/10/27,642.0,656.5,631.5,639.0,122000
2017/10/30,639.0,654.0,622.5,633.5,115300
2017/10/31,631.5,660.0,623.0,655.5,131800
2017/11/01,660.0,667.0,633.5,645.0,138100
2017/11/02,642.0,645.0,611.0,622.5,173500
2017/11/06,613.0,745.0,610.5,638.5,1334600
2017/11/07,630.0,647.5,621.5,641.5,337800
2017/11/08,635.5,648.5,629.5,645.5,132300
2017/11/09,638.5,657.0,606.0,629.0,316600
2017/11/10,615.0,635.0,608.5,632.0,121000
2017/11/13,644.0,707.5,550.5,564.5,1128200
2017/11/14,583.5,615.5,574.0,600.5,285900
2017/11/15,625.0,652.0,608.5,648.0,595800
2017/11/16,618.0,696.5,618.0,682.5,476100
2017/11/17,667.5,733.5,655.0,733.5,480300
2017/11/20,760.0,819.5,756.0,815.0,732300
2017/11/21,844.0,845.0,780.0,840.5,364500
2017/11/22,845.0,868.5,812.0,845.0,321100
2017/11/24,810.5,871.5,802.5,865.0,220300
2017/11/27,860.5,925.0,838.0,892.5,322900
2017/11/28,875.0,907.0,828.0,888.0,343600
2017/11/29,890.0,914.5,863.5,876.0,193500
2017/11/30,863.0,910.0,818.5,890.5,387100
2017/12/01,900.0,975.0,900.0,942.5,385400
2017/12/04,925.0,940.0,879.0,881.5,238400
2017/12/05,854.0,898.0,843.0,883.0,239500
2017/12/06,875.5,905.5,842.5,877.5,167000
2017/12/07,879.0,933.5,879.0,898.0,142100
2017/12/08,895.5,903.0,866.5,884.0,160400
2017/12/11,897.5,992.5,892.5,975.0,368900
2017/12/12,957.5,980.5,918.5,930.5,236100
2017/12/13,940.5,961.5,919.5,945.5,179000
2017/12/14,948.0,1021.5,947.0,1002.0,251100
2017/12/15,980.5,1004.5,956.5,994.5,165400
2017/12/18,1015.0,1038.5,954.0,970.0,267900
2017/12/19,966.0,1033.5,966.0,1023.0,230000
2017/12/20,1044.5,1090.5,1001.0,1020.0,262400
2017/12/21,1020.0,1064.0,1007.5,1038.0,156600
2017/12/22,1036.5,1075.0,1022.5,1046.0,130800
2017/12/25,1064.5,1064.5,1012.5,1019.0,134900
2017/12/26,1015.0,1094.0,1013.5,1064.0,237200
2017/12/27,1042.5,1075.0,1032.5,1063.0,136400
2017/12/28,1064.0,1115.0,1046.0,1081.0,201300
2017/12/29,1070.0,1112.5,1062.5,1073.0,114300
2018/01/04,1077.5,1088.0,1050.5,1057.0,141700
2018/01/05,1058.0,1079.0,1044.5,1073.0,106200
2018/01/09,1072.0,1072.0,1020.0,1039.5,179200
2018/01/10,1028.0,1028.0,1003.5,1021.5,137000
2018/01/11,1011.5,1064.5,1007.0,1016.0,159100
2018/01/12,1016.5,1026.0,988.0,990.0,146600
2018/01/15,987.0,1015.5,975.5,993.5,120800
2018/01/16,998.5,1035.0,985.0,1032.0,128800
2018/01/17,1021.5,1023.0,984.0,988.0,113100
2018/01/18,987.0,995.5,925.0,943.5,238700
2018/01/19,925.0,979.5,924.0,960.0,92600
2018/01/22,947.0,987.5,947.0,967.0,57400
2018/01/23,975.5,985.0,967.0,979.5,55200
2018/01/24,980.0,981.0,943.5,960.0,82500
2018/01/25,950.5,978.0,950.0,963.0,45100
2018/01/26,965.5,978.0,948.5,971.0,47500
2018/01/29,974.0,1004.5,968.0,975.0,110000
2018/01/30,966.5,980.5,931.5,953.0,131400
2018/01/31,936.5,980.5,934.0,962.5,79000
2018/02/01,974.5,993.0,956.0,974.5,66400
2018/02/02,971.5,981.5,943.0,980.0,76600
2018/02/05,938.0,956.0,910.5,917.0,119200
2018/02/06,797.0,864.5,751.0,793.0,250000
2018/02/07,873.0,894.5,826.0,826.0,125100
2018/02/08,834.0,867.5,832.5,847.0,92100
2018/02/09,769.0,850.0,757.5,824.5,91600
2018/02/13,852.0,854.5,780.0,780.5,139000
2018/02/14,825.0,912.5,820.0,842.5,490200
2018/02/15,842.5,905.0,812.5,899.0,178500
2018/02/16,900.0,931.0,876.5,918.5,137800
2018/02/19,930.5,995.5,930.5,985.5,107900
2018/02/20,980.0,1011.0,972.0,989.0,85200
2018/02/21,1006.5,1055.0,996.0,1050.5,191500
2018/02/22,1030.0,1047.5,989.0,1027.5,99500
2018/02/23,1039.5,1040.0,998.0,1000.0,74900
2018/02/26,1011.0,1048.0,985.0,1017.0,173400
2018/02/27,1030.0,1042.0,988.0,1024.0,134800
2018/02/28,1009.0,1038.0,994.0,1029.0,97400
2018/03/01,1012.0,1017.0,965.0,977.0,178800
2018/03/02,962.0,962.0,903.0,942.0,229800
2018/03/05,927.0,932.0,844.0,858.0,209600
2018/03/06,903.0,998.0,892.0,937.0,331600
2018/03/07,930.0,953.0,878.0,889.0,192800
2018/03/08,898.0,912.0,873.0,882.0,130000
2018/03/09,897.0,928.0,884.0,920.0,160200
2018/03/12,949.0,969.0,912.0,934.0,156900
2018/03/13,933.0,969.0,918.0,956.0,130300
2018/03/14,940.0,1017.0,939.0,1004.0,184500
2018/03/15,993.0,1022.0,975.0,1015.0,168100
2018/03/16,1020.0,1028.0,972.0,1010.0,187700
2018/03/19,994.0,1001.0,901.0,916.0,261100
2018/03/20,891.0,928.0,879.0,924.0,110600
2018/03/22,916.0,939.0,905.0,923.0,97500
2018/03/23,863.0,887.0,835.0,839.0,337900
2018/03/26,809.0,842.0,763.0,835.0,265300
2018/03/27,857.0,860.0,826.0,840.0,155000
2018/03/28,806.0,850.0,806.0,829.0,97900
2018/03/29,848.0,899.0,832.0,874.0,203200
2018/03/30,880.0,887.0,845.0,884.0,235300
2018/04/02,877.0,910.0,852.0,861.0,145400
2018/04/03,850.0,929.0,836.0,904.0,693200
2018/04/04,900.0,916.0,861.0,893.0,257700
2018/04/05,901.0,901.0,823.0,828.0,450400
2018/04/06,828.0,834.0,783.0,800.0,481000
2018/04/09,785.0,787.0,741.0,770.0,464400
2018/04/10,763.0,799.0,746.0,794.0,243000
2018/04/11,800.0,807.0,761.0,772.0,151600
2018/04/12,758.0,794.0,757.0,774.0,84300
2018/04/13,774.0,792.0,772.0,780.0,109700
2018/04/16,781.0,786.0,738.0,738.0,169000
2018/04/17,739.0,759.0,723.0,757.0,155500
2018/04/18,750.0,766.0,741.0,758.0,115600
2018/04/19,773.0,780.0,749.0,750.0,126000
2018/04/20,746.0,793.0,746.0,786.0,196800
2018/04/23,781.0,785.0,757.0,765.0,103800
2018/04/24,766.0,796.0,766.0,778.0,124100
2018/04/25,770.0,817.0,767.0,817.0,243700
2018/04/26,811.0,818.0,769.0,807.0,321600
2018/04/27,804.0,835.0,791.0,835.0,178500
2018/05/01,823.0,849.0,806.0,832.0,146600
2018/05/02,842.0,874.0,838.0,868.0,153600
2018/05/07,870.0,909.0,858.0,879.0,259200
2018/05/08,866.0,868.0,832.0,839.0,158500
2018/05/09,835.0,857.0,819.0,848.0,107400
2018/05/10,859.0,859.0,826.0,834.0,113300
2018/05/11,840.0,868.0,832.0,868.0,146700
2018/05/14,896.0,903.0,805.0,851.0,470000
2018/05/15,785.0,804.0,761.0,769.0,402600
2018/05/16,763.0,779.0,759.0,766.0,224600
2018/05/17,779.0,782.0,762.0,770.0,122400
2018/05/18,695.0,733.0,692.0,723.0,559000
2018/05/21,723.0,757.0,720.0,756.0,214300
2018/05/22,760.0,776.0,743.0,754.0,222900
2018/05/23,745.0,761.0,725.0,731.0,196100
2018/05/24,731.0,747.0,730.0,742.0,121400
2018/05/25,732.0,762.0,729.0,746.0,132000
2018/05/28,737.0,752.0,728.0,731.0,124700
2018/05/29,731.0,732.0,672.0,678.0,374500
2018/05/30,658.0,701.0,656.0,682.0,202600
2018/05/31,685.0,713.0,685.0,699.0,248400
2018/06/01,694.0,705.0,654.0,669.0,363100
2018/06/04,670.0,670.0,629.0,635.0,356400
2018/06/05,639.0,647.0,633.0,644.0,192200
2018/06/06,648.0,649.0,615.0,626.0,192700
2018/06/07,623.0,653.0,623.0,639.0,195700
2018/06/08,658.0,659.0,642.0,645.0,164700
2018/06/11,640.0,644.0,616.0,640.0,205400
2018/06/12,647.0,649.0,633.0,642.0,120800
2018/06/13,645.0,664.0,638.0,649.0,201600
2018/06/14,647.0,661.0,637.0,646.0,130500
2018/06/15,648.0,653.0,635.0,651.0,193800
2018/06/18,650.0,650.0,623.0,637.0,199600
2018/06/19,628.0,641.0,601.0,602.0,210100
2018/06/20,597.0,628.0,596.0,625.0,182800
2018/06/21,615.0,634.0,610.0,624.0,118400
2018/06/22,609.0,619.0,592.0,592.0,139300
2018/06/25,592.0,597.0,556.0,564.0,199600
2018/06/26,541.0,573.0,541.0,565.0,216600
2018/06/27,565.0,583.0,560.0,573.0,92500
2018/06/28,568.0,571.0,552.0,570.0,153800
2018/06/29,568.0,617.0,566.0,606.0,251600
2018/07/02,610.0,615.0,568.0,569.0,138800
2018/07/03,581.0,602.0,561.0,568.0,119600
2018/07/04,562.0,567.0,548.0,554.0,178900
2018/07/05,546.0,560.0,525.0,527.0,204200
2018/07/06,537.0,564.0,531.0,561.0,225400
2018/07/09,600.0,602.0,556.0,565.0,186200
2018/07/10,569.0,590.0,565.0,583.0,159200
2018/07/11,576.0,594.0,564.0,579.0,196600
2018/07/12,571.0,576.0,558.0,565.0,108500
2018/07/13,559.0,571.0,555.0,565.0,130800
2018/07/17,558.0,610.0,550.0,552.0,556800
2018/07/18,562.0,572.0,549.0,566.0,184400
2018/07/19,572.0,666.0,566.0,637.0,1787100
2018/07/20,629.0,635.0,597.0,624.0,626100
2018/07/23,617.0,653.0,611.0,639.0,367000
2018/07/24,639.0,656.0,624.0,644.0,294200
2018/07/25,654.0,716.0,652.0,703.0,862900
2018/07/26,691.0,692.0,640.0,656.0,698500
2018/07/27,651.0,664.0,628.0,650.0,277100
2018/07/30,653.0,653.0,622.0,623.0,211400
2018/07/31,620.0,643.0,610.0,635.0,182200
2018/08/01,633.0,643.0,611.0,639.0,196500
2018/08/02,640.0,658.0,628.0,636.0,155000
2018/08/03,632.0,639.0,613.0,618.0,139700
2018/08/06,618.0,622.0,597.0,622.0,128100
2018/08/07,619.0,626.0,591.0,611.0,159700
2018/08/08,606.0,617.0,603.0,608.0,121200
2018/08/09,610.0,624.0,591.0,596.0,176500
2018/08/10,610.0,650.0,570.0,634.0,762100
2018/08/13,626.0,659.0,623.0,635.0,307400
2018/08/14,643.0,708.0,642.0,701.0,593300
2018/08/15,706.0,720.0,686.0,694.0,477900
2018/08/16,688.0,718.0,679.0,689.0,359700
2018/08/17,694.0,716.0,686.0,694.0,368700
2018/08/20,703.0,736.0,697.0,720.0,409400
2018/08/21,706.0,722.0,670.0,681.0,320900
2018/08/22,671.0,707.0,670.0,705.0,152300
2018/08/23,709.0,734.0,692.0,733.0,413800
2018/08/24,735.0,747.0,723.0,744.0,379600
2018/08/27,744.0,745.0,721.0,734.0,135700
2018/08/28,746.0,757.0,725.0,736.0,170500
2018/08/29,734.0,752.0,724.0,752.0,156700
2018/08/30,748.0,757.0,716.0,723.0,292000
2018/08/31,709.0,721.0,691.0,715.0,293100
2018/09/03,720.0,720.0,661.0,666.0,268900
2018/09/04,666.0,680.0,651.0,667.0,222200
2018/09/05,667.0,671.0,638.0,651.0,216100
2018/09/06,634.0,637.0,609.0,617.0,259300
2018/09/07,605.0,617.0,594.0,606.0,267600
2018/09/10,612.0,623.0,602.0,623.0,178000
2018/09/11,621.0,623.0,597.0,613.0,224500
2018/09/12,613.0,617.0,580.0,591.0,252800
2018/09/13,585.0,593.0,574.0,592.0,156500
2018/09/14,595.0,611.0,585.0,603.0,186500
2018/09/18,615.0,645.0,614.0,622.0,344900
2018/09/19,625.0,663.0,621.0,650.0,323500
2018/09/20,648.0,653.0,628.0,632.0,160300
2018/09/21,637.0,660.0,630.0,656.0,174100
2018/09/25,652.0,677.0,644.0,671.0,172300
2018/09/26,674.0,682.0,656.0,665.0,137400
2018/09/27,669.0,669.0,641.0,647.0,236100
2018/09/28,650.0,680.0,650.0,662.0,142600
2018/10/01,656.0,671.0,646.0,661.0,101800
2018/10/02,668.0,676.0,641.0,646.0,139600
2018/10/03,640.0,745.0,627.0,636.0,2006900
2018/10/04,633.0,640.0,614.0,630.0,319100
2018/10/05,620.0,645.0,618.0,623.0,200500
2018/10/09,613.0,624.0,606.0,608.0,122400
2018/10/10,610.0,619.0,601.0,616.0,134800
2018/10/11,566.0,590.0,552.0,576.0,258200
2018/10/12,569.0,606.0,569.0,598.0,120200
2018/10/15,598.0,598.0,574.0,574.0,137800
2018/10/16,586.0,589.0,567.0,581.0,100300
2018/10/17,594.0,606.0,582.0,593.0,215600
2018/10/18,600.0,600.0,568.0,569.0,176700
2018/10/19,564.0,580.0,555.0,577.0,69300
2018/10/22,569.0,582.0,563.0,573.0,91100
2018/10/23,569.0,574.0,557.0,557.0,115600
2018/10/24,564.0,567.0,534.0,538.0,200400
2018/10/25,508.0,520.0,484.0,490.0,367100
2018/10/26,502.0,510.0,461.0,477.0,293400
2018/10/29,501.0,501.0,454.0,459.0,231200
2018/10/30,451.0,491.0,451.0,487.0,218300
2018/10/31,491.0,527.0,488.0,522.0,216500
2018/11/01,505.0,514.0,499.0,506.0,137400
2018/11/02,502.0,535.0,502.0,529.0,184300
2018/11/05,539.0,570.0,532.0,555.0,290200
2018/11/06,539.0,544.0,527.0,528.0,164400
2018/11/07,531.0,566.0,528.0,547.0,237400
2018/11/08,560.0,574.0,560.0,571.0,186900
2018/11/09,561.0,562.0,513.0,523.0,448100
2018/11/12,423.0,423.0,423.0,423.0,114200
2018/11/13,391.0,423.0,383.0,405.0,931000
2018/11/14,405.0,420.0,391.0,400.0,387700
2018/11/15,400.0,422.0,391.0,403.0,271400
2018/11/16,408.0,416.0,386.0,387.0,314700
2018/11/19,395.0,411.0,381.0,401.0,329300
2018/11/20,393.0,398.0,389.0,394.0,101900
2018/11/21,384.0,403.0,383.0,396.0,105300
2018/11/22,396.0,397.0,388.0,393.0,69100
2018/11/26,390.0,397.0,388.0,393.0,54700
2018/11/27,396.0,409.0,394.0,395.0,181500
2018/11/28,409.0,457.0,399.0,411.0,1335100
2018/11/29,413.0,426.0,402.0,413.0,402400
2018/11/30,413.0,423.0,403.0,403.0,326400
2018/12/03,410.0,441.0,409.0,425.0,607900
2018/12/04,421.0,438.0,405.0,406.0,418700
2018/12/05,398.0,405.0,391.0,401.0,307200
2018/12/06,399.0,399.0,360.0,377.0,530800
2018/12/07,382.0,386.0,370.0,379.0,162600
2018/12/10,389.0,389.0,364.0,366.0,248100
2018/12/11,371.0,373.0,338.0,344.0,366800
2018/12/12,352.0,358.0,345.0,346.0,350300
2018/12/13,347.0,356.0,343.0,350.0,308700
2018/12/14,350.0,354.0,333.0,336.0,269200
2018/12/17,329.0,344.0,325.0,327.0,210000
2018/12/18,311.0,319.0,303.0,311.0,366300
2018/12/19,311.0,325.0,306.0,314.0,257100
2018/12/20,330.0,333.0,292.0,302.0,820600
2018/12/21,294.0,301.0,279.0,299.0,515500
2018/12/25,259.0,289.0,259.0,264.0,645600
2018/12/26,280.0,289.0,267.0,271.0,449800
2018/12/27,292.0,299.0,282.0,286.0,492200
2018/12/28,278.0,284.0,275.0,281.0,279400
2019/01/04,270.0,278.0,265.0,276.0,175900
2019/01/07,286.0,299.0,286.0,295.0,274500
2019/01/08,300.0,312.0,298.0,305.0,241600
2019/01/09,320.0,324.0,313.0,317.0,368000
2019/01/10,320.0,320.0,296.0,303.0,1383400
2019/01/11,303.0,313.0,287.0,299.0,467400
2019/01/15,300.0,308.0,298.0,303.0,317800
2019/01/16,302.0,333.0,301.0,331.0,393500
2019/01/17,325.0,340.0,325.0,332.0,373900
2019/01/18,333.0,336.0,325.0,330.0,156000
2019/01/21,335.0,360.0,333.0,336.0,369600
2019/01/22,333.0,341.0,320.0,323.0,182600
2019/01/23,315.0,325.0,311.0,317.0,142400
2019/01/24,315.0,330.0,315.0,326.0,122700
2019/01/25,329.0,334.0,326.0,332.0,83800
2019/01/28,337.0,339.0,326.0,332.0,130500
2019/01/29,331.0,331.0,317.0,326.0,127300
2019/01/30,325.0,326.0,314.0,314.0,136900
2019/01/31,318.0,325.0,316.0,324.0,86400
2019/02/01,325.0,326.0,315.0,317.0,108100
2019/02/04,319.0,330.0,319.0,328.0,115300
2019/02/05,328.0,345.0,328.0,344.0,199700
2019/02/06,344.0,345.0,331.0,340.0,114700
2019/02/07,340.0,340.0,333.0,334.0,69500
2019/02/08,326.0,331.0,319.0,326.0,211100
2019/02/12,311.0,364.0,307.0,345.0,623200
2019/02/13,348.0,360.0,342.0,350.0,251900
2019/02/14,354.0,383.0,353.0,375.0,306900
2019/02/15,365.0,368.0,338.0,349.0,300000
2019/02/18,349.0,358.0,340.0,344.0,147100
2019/02/19,344.0,356.0,344.0,347.0,74300
2019/02/20,352.0,387.0,349.0,382.0,518700
2019/02/21,372.0,403.0,372.0,401.0,661900
2019/02/22,400.0,417.0,394.0,414.0,528700
2019/02/25,446.0,484.0,439.0,466.0,2098900
2019/02/26,461.0,471.0,442.0,470.0,1237700
2019/02/27,490.0,513.0,487.0,502.0,1732900
2019/02/28,540.0,542.0,504.0,509.0,1629500
2019/03/01,504.0,519.0,491.0,504.0,1023800
2019/03/04,501.0,507.0,466.0,480.0,904100
2019/03/05,481.0,507.0,472.0,494.0,578700
2019/03/06,496.0,512.0,482.0,512.0,706900
2019/03/07,515.0,525.0,496.0,496.0,827700
2019/03/08,473.0,487.0,454.0,470.0,1115000
2019/03/11,470.0,475.0,436.0,458.0,653900
2019/03/12,467.0,473.0,455.0,460.0,342300
2019/03/13,464.0,478.0,455.0,457.0,351700
2019/03/14,460.0,464.0,440.0,443.0,294000
2019/03/15,445.0,453.0,436.0,439.0,259800
2019/03/18,440.0,463.0,439.0,452.0,297800
2019/03/19,453.0,461.0,444.0,452.0,218800
2019/03/20,453.0,481.0,453.0,478.0,475300
2019/03/22,473.0,485.0,466.0,482.0,336800
2019/03/25,458.0,465.0,447.0,456.0,421800
2019/03/26,456.0,465.0,437.0,442.0,469300
2019/03/27,442.0,474.0,442.0,469.0,314100
2019/03/28,461.0,465.0,450.0,450.0,145100
2019/03/29,456.0,458.0,444.0,451.0,193500
2019/04/01,459.0,484.0,457.0,460.0,458600
2019/04/02,468.0,475.0,442.0,442.0,331400
2019/04/03,436.0,451.0,431.0,437.0,395300
2019/04/04,439.0,451.0,434.0,437.0,131300
2019/04/05,440.0,448.0,437.0,446.0,155400
2019/04/08,450.0,457.0,440.0,446.0,109200
2019/04/09,439.0,444.0,426.0,432.0,242700
2019/04/10,427.0,442.0,424.0,437.0,123500
2019/04/11,438.0,442.0,422.0,422.0,192200
2019/04/12,422.0,435.0,417.0,419.0,223900
2019/04/15,420.0,432.0,419.0,432.0,137200
2019/04/16,432.0,441.0,424.0,425.0,142100
2019/04/17,426.0,432.0,418.0,423.0,132200
2019/04/18,423.0,424.0,413.0,421.0,208600
2019/04/19,419.0,429.0,418.0,426.0,107500
2019/04/22,422.0,427.0,410.0,414.0,171300
2019/04/23,413.0,415.0,400.0,414.0,137400
2019/04/24,414.0,422.0,410.0,413.0,118500
2019/04/25,419.0,436.0,415.0,433.0,213900
2019/04/26,430.0,431.0,419.0,427.0,162900
2019/05/07,429.0,435.0,421.0,432.0,129200
2019/05/08,421.0,430.0,419.0,427.0,110800
2019/05/09,423.0,425.0,404.0,405.0,197900
2019/05/10,405.0,448.0,404.0,440.0,485500
2019/05/13,435.0,440.0,408.0,412.0,1023800
2019/05/14,380.0,395.0,366.0,384.0,442900
2019/05/15,385.0,395.0,362.0,395.0,319800
2019/05/16,390.0,404.0,368.0,369.0,413800
2019/05/17,377.0,388.0,370.0,385.0,156000
2019/05/20,388.0,400.0,374.0,375.0,131900
2019/05/21,374.0,374.0,344.0,346.0,444700
2019/05/22,345.0,360.0,345.0,350.0,265200
2019/05/23,346.0,347.0,330.0,334.0,346500
2019/05/24,326.0,338.0,323.0,337.0,147600
2019/05/27,337.0,342.0,333.0,339.0,66200
2019/05/28,339.0,347.0,339.0,344.0,85200
2019/05/29,341.0,347.0,333.0,345.0,114000
2019/05/30,344.0,357.0,343.0,349.0,152100
2019/05/31,352.0,357.0,347.0,349.0,146200
2019/06/03,339.0,340.0,324.0,325.0,162700
2019/06/04,329.0,330.0,314.0,327.0,223900
2019/06/05,337.0,350.0,331.0,348.0,129000
2019/06/06,349.0,357.0,343.0,343.0,105700
2019/06/07,346.0,348.0,338.0,346.0,80200
2019/06/10,354.0,358.0,348.0,348.0,69500
2019/06/11,350.0,358.0,346.0,356.0,85900
2019/06/12,355.0,378.0,353.0,355.0,293500
2019/06/13,353.0,356.0,346.0,349.0,96500
2019/06/14,349.0,364.0,347.0,359.0,84100
2019/06/17,355.0,359.0,350.0,356.0,77400
2019/06/18,356.0,363.0,345.0,347.0,113000
2019/06/19,355.0,362.0,353.0,354.0,62200
2019/06/20,358.0,363.0,350.0,363.0,117400
2019/06/21,364.0,372.0,363.0,371.0,104500
2019/06/24,375.0,378.0,368.0,369.0,69500
2019/06/25,369.0,370.0,358.0,362.0,60700
2019/06/26,357.0,364.0,353.0,360.0,57000
2019/06/27,368.0,381.0,366.0,378.0,187500
2019/06/28,379.0,385.0,372.0,373.0,104700
2019/07/01,385.0,401.0,381.0,397.0,200100
2019/07/02,395.0,424.0,395.0,421.0,296700
2019/07/03,423.0,424.0,412.0,419.0,324800
2019/07/04,424.0,427.0,406.0,414.0,274800
2019/07/05,415.0,424.0,408.0,422.0,124300
2019/07/08,425.0,428.0,414.0,415.0,166100
2019/07/09,413.0,415.0,400.0,403.0,146600
2019/07/10,403.0,409.0,400.0,407.0,66100
2019/07/11,407.0,410.0,402.0,407.0,52800
2019/07/12,407.0,407.0,400.0,401.0,88100
2019/07/16,401.0,407.0,401.0,403.0,74200
2019/07/17,407.0,408.0,404.0,405.0,89000
2019/07/18,404.0,406.0,394.0,394.0,143900
2019/07/19,399.0,403.0,397.0,401.0,92500
2019/07/22,405.0,416.0,401.0,412.0,122400
2019/07/23,418.0,423.0,414.0,416.0,154200
2019/07/24,420.0,420.0,412.0,413.0,178900
2019/07/25,413.0,417.0,408.0,412.0,87800
2019/07/26,410.0,414.0,404.0,408.0,99200
2019/07/29,412.0,417.0,405.0,410.0,92000
2019/07/30,414.0,445.0,414.0,433.0,580700
2019/07/31,433.0,438.0,424.0,432.0,210400
2019/08/01,425.0,433.0,423.0,424.0,133700
2019/08/02,410.0,410.0,393.0,398.0,364800
2019/08/05,394.0,394.0,363.0,368.0,233800
2019/08/06,347.0,364.0,341.0,358.0,265700
2019/08/07,360.0,366.0,356.0,358.0,131300
2019/08/08,360.0,364.0,355.0,362.0,174400
2019/08/09,365.0,368.0,345.0,347.0,182600
2019/08/13,345.0,365.0,345.0,350.0,331100
2019/08/14,355.0,357.0,337.0,339.0,181500
2019/08/15,320.0,325.0,313.0,318.0,653600
2019/08/16,320.0,336.0,319.0,325.0,306700
2019/08/19,330.0,355.0,329.0,336.0,456700
2019/08/20,333.0,337.0,326.0,328.0,175700
2019/08/21,326.0,326.0,320.0,322.0,113900
2019/08/22,321.0,321.0,313.0,313.0,191700
2019/08/23,316.0,317.0,310.0,313.0,135900
2019/08/26,299.0,306.0,296.0,303.0,206800
2019/08/27,310.0,310.0,300.0,302.0,113300
2019/08/28,307.0,307.0,295.0,299.0,150100
2019/08/29,304.0,307.0,298.0,299.0,149600
2019/08/30,302.0,314.0,301.0,313.0,190700
2019/09/02,312.0,312.0,305.0,310.0,131800
2019/09/03,312.0,324.0,309.0,321.0,378500
2019/09/04,320.0,324.0,316.0,323.0,122100
2019/09/05,323.0,336.0,322.0,334.0,185100
2019/09/06,330.0,336.0,329.0,330.0,108600
2019/09/09,328.0,336.0,328.0,332.0,68000
2019/09/10,332.0,334.0,329.0,329.0,52900
2019/09/11,332.0,336.0,326.0,335.0,89300
2019/09/12,335.0,346.0,335.0,342.0,179100
2019/09/13,340.0,344.0,334.0,334.0,116800
2019/09/17,338.0,339.0,332.0,336.0,86700
2019/09/18,336.0,339.0,328.0,336.0,108300
2019/09/19,339.0,348.0,336.0,338.0,113900
2019/09/20,339.0,343.0,336.0,340.0,153800
2019/09/24,341.0,347.0,341.0,341.0,137400
2019/09/25,344.0,344.0,338.0,344.0,59100
2019/09/26,344.0,345.0,335.0,339.0,117800
2019/09/27,338.0,338.0,332.0,336.0,83600
2019/09/30,332.0,332.0,324.0,325.0,73800
2019/10/01,322.0,334.0,322.0,333.0,79900
2019/10/02,327.0,336.0,324.0,336.0,108800
2019/10/03,330.0,333.0,325.0,331.0,111500
2019/10/04,332.0,334.0,328.0,330.0,40500
2019/10/07,332.0,337.0,332.0,337.0,56300
2019/10/08,335.0,337.0,333.0,333.0,62400
2019/10/09,328.0,332.0,327.0,331.0,51100
2019/10/10,331.0,333.0,327.0,327.0,40200
2019/10/11,328.0,330.0,324.0,325.0,66300
2019/10/15,325.0,332.0,325.0,329.0,100200
2019/10/16,331.0,334.0,329.0,329.0,56900
2019/10/17,326.0,330.0,325.0,327.0,36700
2019/10/18,327.0,331.0,326.0,330.0,82800
2019/10/21,331.0,345.0,330.0,340.0,169200
2019/10/23,345.0,387.0,341.0,371.0,1076200
2019/10/24,387.0,407.0,375.0,392.0,1278000
2019/10/25,392.0,394.0,383.0,393.0,293100
2019/10/28,403.0,415.0,397.0,410.0,320500
2019/10/29,408.0,432.0,406.0,430.0,434300
2019/10/30,424.0,426.0,402.0,409.0,260500
2019/10/31,409.0,419.0,405.0,407.0,111200
2019/11/01,405.0,408.0,393.0,403.0,120400
2019/11/05,410.0,434.0,407.0,425.0,543900
2019/11/06,432.0,436.0,425.0,430.0,254200
2019/11/07,435.0,435.0,420.0,430.0,185000
2019/11/08,433.0,460.0,428.0,440.0,620800
2019/11/11,445.0,462.0,440.0,448.0,331900
2019/11/12,445.0,446.0,420.0,423.0,368100
2019/11/13,418.0,426.0,412.0,420.0,203000
2019/11/14,424.0,424.0,401.0,408.0,220400
2019/11/15,406.0,417.0,401.0,413.0,164900
2019/11/18,417.0,435.0,415.0,434.0,298500
2019/11/19,456.0,485.0,445.0,482.0,1156400
2019/11/20,483.0,502.0,466.0,468.0,1051500
2019/11/21,473.0,498.0,468.0,482.0,633700
2019/11/22,480.0,513.0,479.0,509.0,702500
2019/11/25,510.0,530.0,510.0,529.0,647400
2019/11/26,527.0,535.0,512.0,529.0,494100
2019/11/27,525.0,530.0,517.0,530.0,385900
2019/11/28,533.0,546.0,530.0,540.0,574500
2019/11/29,536.0,545.0,527.0,538.0,308300
2019/12/02,538.0,571.0,537.0,569.0,622300
2019/12/03,563.0,652.0,562.0,640.0,2100900
2019/12/04,622.0,647.0,618.0,631.0,986200
2019/12/05,633.0,649.0,596.0,607.0,893800
2019/12/06,602.0,627.0,600.0,608.0,565300
2019/12/09,620.0,635.0,577.0,584.0,886400
2019/12/10,591.0,620.0,590.0,615.0,525200
2019/12/11,611.0,617.0,584.0,587.0,479400
2019/12/12,591.0,593.0,556.0,571.0,437000
2019/12/13,587.0,596.0,551.0,558.0,512900
2019/12/16,560.0,578.0,551.0,562.0,382600
2019/12/17,569.0,600.0,563.0,590.0,412500
2019/12/18,592.0,592.0,550.0,550.0,471300
2019/12/19,550.0,560.0,537.0,544.0,350600
2019/12/20,536.0,539.0,522.0,533.0,371600
2019/12/23,536.0,536.0,517.0,527.0,232800
2019/12/24,532.0,553.0,532.0,537.0,225700
2019/12/25,535.0,541.0,530.0,531.0,118700
2019/12/26,529.0,540.0,528.0,534.0,137200
2019/12/27,538.0,547.0,528.0,539.0,225900
2019/12/30,533.0,533.0,519.0,525.0,200600
2020/01/06,505.0,519.0,496.0,501.0,319600
2020/01/07,510.0,532.0,507.0,522.0,290100
2020/01/08,517.0,517.0,490.0,502.0,339500
2020/01/09,515.0,524.0,510.0,510.0,209200
2020/01/10,517.0,520.0,506.0,516.0,116300
2020/01/14,516.0,523.0,506.0,510.0,113300
2020/01/15,508.0,528.0,505.0,522.0,310200
2020/01/16,538.0,539.0,527.0,532.0,205200
2020/01/17,534.0,535.0,521.0,530.0,170800
2020/01/20,532.0,542.0,529.0,529.0,169900
2020/01/21,528.0,535.0,523.0,527.0,161700
2020/01/22,525.0,525.0,507.0,508.0,182700
2020/01/23,505.0,506.0,484.0,486.0,312100
2020/01/24,484.0,497.0,479.0,487.0,237100
2020/01/27,464.0,475.0,463.0,468.0,252800
2020/01/28,455.0,467.0,452.0,467.0,438100
2020/01/29,469.0,471.0,452.0,454.0,139800
2020/01/30,454.0,462.0,426.0,432.0,426200
2020/01/31,440.0,454.0,438.0,439.0,231700
2020/02/03,432.0,445.0,416.0,443.0,180400
2020/02/04,442.0,460.0,442.0,456.0,150500
2020/02/05,464.0,465.0,447.0,447.0,111100
2020/02/06,453.0,463.0,450.0,462.0,109500
2020/02/07,460.0,460.0,438.0,439.0,314800
2020/02/10,432.0,442.0,432.0,440.0,114600
2020/02/12,441.0,453.0,437.0,452.0,154400
2020/02/13,447.0,447.0,426.0,434.0,220400
2020/02/14,434.0,459.0,413.0,452.0,646900
2020/02/17,449.0,449.0,409.0,412.0,384100
2020/02/18,408.0,426.0,404.0,409.0,191200
2020/02/19,409.0,435.0,409.0,428.0,208400
2020/02/20,429.0,435.0,414.0,418.0,139900
2020/02/21,411.0,424.0,411.0,412.0,132200
2020/02/25,372.0,394.0,371.0,386.0,327700
2020/02/26,377.0,394.0,372.0,392.0,251600
2020/02/27,393.0,393.0,355.0,358.0,374100
2020/02/28,326.0,341.0,295.0,305.0,767600
2020/03/02,320.0,351.0,317.0,342.0,506400
2020/03/03,370.0,372.0,337.0,337.0,414800
2020/03/04,324.0,353.0,322.0,347.0,215900
2020/03/05,357.0,357.0,337.0,340.0,156200
2020/03/06,332.0,332.0,313.0,323.0,215500
2020/03/09,299.0,304.0,281.0,289.0,521900
2020/03/10,277.0,311.0,273.0,306.0,431100
2020/03/11,305.0,311.0,279.0,279.0,420900
2020/03/12,266.0,279.0,253.0,256.0,633600
2020/03/13,216.0,239.0,210.0,226.0,574000
2020/03/16,234.0,244.0,222.0,223.0,408900
2020/03/17,215.0,245.0,214.0,244.0,523400
2020/03/18,248.0,259.0,241.0,242.0,282000
2020/03/19,250.0,253.0,217.0,223.0,355300
2020/03/23,215.0,230.0,211.0,229.0,190700
2020/03/24,227.0,258.0,227.0,253.0,327500
2020/03/25,275.0,291.0,268.0,276.0,438900
2020/03/26,260.0,268.0,245.0,245.0,216800
2020/03/27,256.0,260.0,241.0,247.0,142900
2020/03/30,226.0,238.0,220.0,227.0,156000
2020/03/31,231.0,235.0,224.0,224.0,155400
2020/04/01,218.0,231.0,212.0,213.0,164500
2020/04/02,213.0,220.0,202.0,204.0,170500
2020/04/03,207.0,209.0,183.0,187.0,390900
2020/04/06,189.0,208.0,187.0,207.0,279900
2020/04/07,216.0,224.0,202.0,219.0,325900
2020/04/08,220.0,240.0,211.0,231.0,222500
2020/04/09,237.0,245.0,235.0,242.0,219900
2020/04/10,237.0,246.0,235.0,240.0,121100
2020/04/13,240.0,240.0,230.0,233.0,123300
2020/04/14,235.0,249.0,233.0,243.0,163200
2020/04/15,247.0,273.0,238.0,272.0,719300
2020/04/16,264.0,290.0,243.0,249.0,947500
2020/04/17,252.0,263.0,252.0,260.0,268900
2020/04/20,252.0,267.0,250.0,261.0,270300
2020/04/21,285.0,291.0,253.0,254.0,918700
2020/04/22,250.0,254.0,238.0,252.0,255900
2020/04/23,257.0,272.0,257.0,269.0,333600
2020/04/24,269.0,269.0,259.0,262.0,258800
2020/04/27,264.0,277.0,263.0,277.0,268600
2020/04/28,277.0,282.0,271.0,280.0,248400
2020/04/30,285.0,289.0,275.0,277.0,192900
2020/05/01,275.0,279.0,269.0,269.0,152400
2020/05/07,266.0,284.0,265.0,280.0,252600
2020/05/08,284.0,300.0,278.0,299.0,334900
2020/05/11,301.0,329.0,301.0,314.0,275200
2020/05/12,313.0,319.0,308.0,311.0,152000
2020/05/13,303.0,320.0,300.0,313.0,151500
2020/05/14,310.0,311.0,286.0,290.0,216500
2020/05/15,299.0,299.0,282.0,289.0,147300
2020/05/18,277.0,299.0,277.0,291.0,141200
2020/05/19,306.0,306.0,293.0,295.0,122000
2020/05/20,299.0,302.0,296.0,300.0,88700
2020/05/21,303.0,305.0,296.0,298.0,115700
2020/05/22,301.0,301.0,295.0,299.0,33800
2020/05/25,306.0,326.0,304.0,326.0,264100
2020/05/26,333.0,337.0,319.0,326.0,219300
2020/05/27,324.0,332.0,316.0,329.0,110300
2020/05/28,329.0,335.0,317.0,317.0,158100
2020/05/29,317.0,328.0,317.0,320.0,64400
2020/06/01,326.0,330.0,321.0,329.0,75600
2020/06/02,324.0,329.0,318.0,321.0,146800
2020/06/03,326.0,326.0,307.0,307.0,157900
2020/06/04,307.0,314.0,299.0,303.0,124900
2020/06/05,301.0,314.0,301.0,311.0,85400
2020/06/08,314.0,323.0,312.0,316.0,113500
2020/06/09,318.0,319.0,308.0,312.0,100800
2020/06/10,307.0,320.0,303.0,313.0,76200
2020/06/11,309.0,311.0,291.0,295.0,209800
2020/06/12,280.0,295.0,273.0,294.0,156900
2020/06/15,294.0,294.0,265.0,267.0,165600
2020/06/16,280.0,292.0,276.0,290.0,198000
2020/06/17,293.0,295.0,285.0,289.0,82500
2020/06/18,286.0,288.0,282.0,284.0,65900
2020/06/19,284.0,291.0,281.0,289.0,66600
2020/06/22,291.0,292.0,284.0,285.0,63600
2020/06/23,290.0,292.0,279.0,283.0,112700
2020/06/24,285.0,290.0,282.0,286.0,58000
2020/06/25,281.0,282.0,273.0,274.0,69900
2020/06/26,275.0,278.0,265.0,270.0,110200
2020/06/29,267.0,268.0,248.0,258.0,135900
2020/06/30,264.0,270.0,258.0,264.0,67300
2020/07/01,267.0,268.0,258.0,260.0,57500
2020/07/02,260.0,261.0,249.0,249.0,90400
2020/07/03,253.0,257.0,246.0,253.0,82200
2020/07/06,253.0,264.0,241.0,263.0,64700
2020/07/07,267.0,272.0,255.0,263.0,79600
2020/07/08,255.0,267.0,251.0,265.0,65900
2020/07/09,267.0,267.0,253.0,254.0,74200
2020/07/10,254.0,255.0,240.0,240.0,115400
2020/07/13,248.0,256.0,246.0,254.0,119400
2020/07/14,250.0,252.0,243.0,246.0,60600
2020/07/15,249.0,252.0,243.0,248.0,81600
2020/07/16,249.0,251.0,237.0,241.0,112200
2020/07/17,244.0,244.0,232.0,234.0,69200
2020/07/20,231.0,233.0,226.0,230.0,93500
2020/07/21,231.0,238.0,231.0,236.0,47900
2020/07/22,232.0,235.0,231.0,232.0,61200
2020/07/27,228.0,231.0,223.0,229.0,49800
2020/07/28,229.0,230.0,222.0,224.0,73400
2020/07/29,221.0,222.0,210.0,210.0,141500
2020/07/30,210.0,214.0,204.0,206.0,99500
2020/07/31,207.0,209.0,201.0,201.0,87100
2020/08/03,205.0,210.0,205.0,209.0,65000
2020/08/04,213.0,223.0,210.0,214.0,79200
2020/08/05,219.0,220.0,214.0,220.0,35500
2020/08/06,222.0,230.0,220.0,230.0,110900
2020/08/07,228.0,238.0,225.0,235.0,97100
2020/08/11,239.0,250.0,229.0,245.0,265100
2020/08/12,253.0,265.0,248.0,252.0,186000
2020/08/13,264.0,264.0,253.0,255.0,85200
2020/08/14,256.0,264.0,255.0,262.0,99600
2020/08/17,259.0,261.0,254.0,255.0,76500
2020/08/18,258.0,258.0,244.0,249.0,79300
2020/08/19,248.0,254.0,245.0,250.0,37400
2020/08/20,250.0,254.0,244.0,244.0,63700
2020/08/21,245.0,248.0,241.0,243.0,38800
2020/08/24,242.0,243.0,230.0,232.0,137900
2020/08/25,232.0,243.0,232.0,242.0,74400
2020/08/26,240.0,244.0,235.0,238.0,49300
2020/08/27,240.0,243.0,235.0,235.0,21800
2020/08/28,239.0,240.0,224.0,228.0,86700
2020/08/31,227.0,239.0,227.0,236.0,51200
2020/09/01,238.0,239.0,230.0,237.0,39200
2020/09/02,239.0,242.0,238.0,238.0,58800
2020/09/03,238.0,241.0,233.0,234.0,75000
2020/09/04,229.0,234.0,228.0,233.0,30600
2020/09/07,230.0,233.0,228.0,232.0,21400
2020/09/08,232.0,241.0,229.0,240.0,43500
2020/09/09,238.0,238.0,232.0,235.0,15400
2020/09/10,238.0,238.0,231.0,233.0,19800
2020/09/11,232.0,238.0,230.0,237.0,40900
2020/09/14,244.0,271.0,241.0,267.0,434200
2020/09/15,271.0,302.0,271.0,280.0,1470900
2020/09/16,276.0,288.0,268.0,282.0,302500
2020/09/17,283.0,283.0,271.0,274.0,144600
2020/09/18,283.0,283.0,272.0,274.0,108700
2020/09/23,280.0,297.0,272.0,295.0,272400
2020/09/24,295.0,295.0,271.0,273.0,295100
2020/09/25,273.0,280.0,272.0,273.0,118800
2020/09/28,276.0,280.0,273.0,278.0,87200
2020/09/29,282.0,287.0,280.0,282.0,113100
2020/09/30,285.0,288.0,278.0,278.0,88100
2020/10/01,,,,,0
2020/10/02,282.0,282.0,262.0,264.0,129700
2020/10/05,265.0,276.0,265.0,274.0,73700
2020/10/06,281.0,281.0,273.0,280.0,66300
2020/10/07,276.0,279.0,274.0,278.0,37800
2020/10/08,276.0,280.0,275.0,275.0,51500
2020/10/09,279.0,279.0,273.0,276.0,34500
2020/10/12,278.0,291.0,275.0,291.0,150000
2020/10/13,292.0,296.0,280.0,284.0,232800
2020/10/14,281.0,290.0,278.0,280.0,129300
2020/10/15,279.0,281.0,270.0,270.0,114700
2020/10/16,270.0,273.0,259.0,264.0,148300
2020/10/19,265.0,271.0,264.0,270.0,33200
2020/10/20,265.0,269.0,264.0,268.0,35800
2020/10/21,268.0,271.0,267.0,268.0,51800
2020/10/22,267.0,267.0,253.0,262.0,127900
2020/10/23,262.0,262.0,254.0,260.0,62500
2020/10/26,260.0,261.0,257.0,258.0,28500
2020/10/27,254.0,262.0,250.0,260.0,111800
2020/10/28,261.0,261.0,251.0,254.0,50500
2020/10/29,247.0,261.0,241.0,261.0,133500
2020/10/30,258.0,258.0,243.0,246.0,116400
2020/11/02,249.0,253.0,243.0,249.0,66800
2020/11/04,253.0,291.0,251.0,282.0,891600
2020/11/05,276.0,292.0,271.0,292.0,442400
2020/11/06,293.0,301.0,286.0,291.0,265100
2020/11/09,293.0,295.0,280.0,288.0,124900
2020/11/10,293.0,293.0,278.0,278.0,131600
2020/11/11,278.0,287.0,277.0,282.0,66800
2020/11/12,284.0,286.0,277.0,283.0,59000
2020/11/13,280.0,282.0,273.0,279.0,80900
2020/11/16,276.0,276.0,268.0,273.0,87500
2020/11/17,277.0,277.0,269.0,270.0,45000
2020/11/18,268.0,274.0,266.0,267.0,44100
2020/11/19,262.0,265.0,259.0,261.0,80900
2020/11/20,258.0,263.0,254.0,260.0,43200
2020/11/24,261.0,267.0,261.0,263.0,106100
2020/11/25,268.0,273.0,266.0,271.0,96700
2020/11/26,275.0,285.0,271.0,285.0,108500
2020/11/27,285.0,287.0,278.0,281.0,82900
2020/11/30,282.0,284.0,273.0,279.0,66100
2020/12/01,277.0,287.0,273.0,281.0,107200
2020/12/02,279.0,281.0,276.0,280.0,24100
2020/12/03,280.0,280.0,272.0,272.0,50000
2020/12/04,277.0,297.0,271.0,287.0,267900
2020/12/07,306.0,315.0,291.0,296.0,540700
2020/12/08,294.0,315.0,288.0,309.0,280200
2020/12/09,311.0,311.0,303.0,303.0,91300
2020/12/10,306.0,306.0,290.0,294.0,134800
2020/12/11,292.0,297.0,290.0,291.0,76900
2020/12/14,292.0,309.0,292.0,298.0,135900
2020/12/15,300.0,300.0,285.0,289.0,91700
2020/12/16,299.0,299.0,286.0,287.0,85700
2020/12/17,287.0,294.0,282.0,293.0,94500
2020/12/18,293.0,293.0,285.0,287.0,64500
2020/12/21,282.0,286.0,272.0,275.0,148500
2020/12/22,273.0,273.0,257.0,261.0,192400
2020/12/23,265.0,269.0,258.0,260.0,135300
2020/12/24,261.0,275.0,261.0,275.0,163100
2020/12/25,275.0,280.0,271.0,271.0,70300
2020/12/28,271.0,273.0,261.0,264.0,101200
2020/12/29,267.0,277.0,266.0,276.0,73300
2020/12/30,271.0,277.0,267.0,276.0,39700
2021/01/04,277.0,277.0,265.0,268.0,74100
2021/01/05,268.0,269.0,262.0,263.0,64500
2021/01/06,265.0,269.0,265.0,268.0,53900
2021/01/07,269.0,273.0,268.0,269.0,30400
2021/01/08,276.0,276.0,271.0,274.0,91200
2021/01/12,271.0,277.0,271.0,277.0,53400
2021/01/13,278.0,284.0,277.0,282.0,58500
2021/01/14,284.0,292.0,280.0,287.0,198600
2021/01/15,287.0,290.0,281.0,290.0,150700
2021/01/18,290.0,297.0,287.0,291.0,149300
2021/01/19,293.0,293.0,282.0,282.0,79600
2021/01/20,286.0,288.0,280.0,282.0,122200
2021/01/21,282.0,298.0,281.0,294.0,173400
2021/01/22,296.0,297.0,289.0,289.0,40800
2021/01/25,293.0,295.0,283.0,289.0,66600
2021/01/26,291.0,296.0,288.0,296.0,45000
2021/01/27,304.0,333.0,303.0,326.0,1163200
2021/01/28,316.0,356.0,314.0,348.0,1179200
2021/01/29,364.0,370.0,335.0,346.0,858700
2021/02/01,342.0,350.0,338.0,349.0,243200
2021/02/02,349.0,364.0,342.0,362.0,448600
2021/02/03,365.0,376.0,361.0,365.0,324200
2021/02/04,363.0,363.0,350.0,352.0,139300
2021/02/05,352.0,367.0,351.0,358.0,131800
2021/02/08,359.0,368.0,353.0,362.0,119200
2021/02/09,362.0,364.0,342.0,352.0,172700
2021/02/10,352.0,357.0,342.0,353.0,143900
2021/02/12,333.0,340.0,316.0,324.0,292300
2021/02/15,324.0,330.0,313.0,313.0,153900
2021/02/16,318.0,349.0,318.0,345.0,398700
2021/02/17,353.0,354.0,341.0,351.0,191300
2021/02/18,351.0,351.0,335.0,338.0,177400
2021/02/19,344.0,344.0,325.0,335.0,87000
2021/02/22,336.0,351.0,336.0,343.0,94200
2021/02/24,341.0,355.0,340.0,345.0,96500
2021/02/25,353.0,358.0,345.0,355.0,101900
2021/02/26,347.0,370.0,343.0,357.0,251800
2021/03/01,359.0,363.0,348.0,348.0,144600
2021/03/02,355.0,355.0,331.0,339.0,110900
2021/03/03,335.0,342.0,330.0,338.0,108100
2021/03/04,332.0,338.0,322.0,326.0,70000
2021/03/05,326.0,331.0,314.0,330.0,90700
2021/03/08,332.0,338.0,325.0,325.0,88200
2021/03/09,330.0,330.0,324.0,328.0,35500
2021/03/10,332.0,333.0,327.0,327.0,10800
2021/03/11,330.0,337.0,330.0,337.0,29900
2021/03/12,337.0,347.0,337.0,345.0,51500
2021/03/15,349.0,371.0,348.0,369.0,229300
2021/03/16,369.0,392.0,365.0,372.0,456100
2021/03/17,369.0,395.0,367.0,384.0,284000
2021/03/18,382.0,399.0,381.0,385.0,174400
2021/03/19,382.0,397.0,377.0,389.0,193300
2021/03/22,387.0,392.0,381.0,381.0,98300
2021/03/23,387.0,387.0,359.0,371.0,161900
2021/03/24,365.0,370.0,354.0,360.0,103200
2021/03/25,363.0,373.0,359.0,370.0,78100
2021/03/26,375.0,375.0,367.0,375.0,41200
2021/03/29,400.0,401.0,378.0,380.0,290000
2021/03/30,378.0,409.0,378.0,408.0,511400
2021/03/31,410.0,422.0,406.0,408.0,353400
2021/04/01,406.0,425.0,395.0,401.0,342400
2021/04/02,401.0,404.0,393.0,400.0,123600
2021/04/05,400.0,402.0,393.0,395.0,62000
2021/04/06,397.0,403.0,383.0,383.0,110900
2021/04/07,382.0,393.0,382.0,390.0,44100
2021/04/08,390.0,390.0,378.0,381.0,78600
2021/04/09,380.0,384.0,378.0,379.0,24300
2021/04/12,378.0,379.0,366.0,368.0,99100
2021/04/13,368.0,372.0,368.0,369.0,25600
2021/04/14,371.0,371.0,361.0,361.0,91300
2021/04/15,360.0,378.0,360.0,367.0,80200
2021/04/16,366.0,367.0,356.0,361.0,67000
2021/04/19,361.0,361.0,354.0,354.0,48500
2021/04/20,350.0,355.0,346.0,355.0,90400
2021/04/21,347.0,351.0,339.0,342.0,72100
2021/04/22,342.0,349.0,339.0,342.0,38600
2021/04/23,344.0,344.0,339.0,339.0,33400
2021/04/26,337.0,342.0,336.0,337.0,37300
2021/04/27,338.0,338.0,330.0,332.0,46300
2021/04/28,333.0,333.0,319.0,323.0,84700
2021/04/30,320.0,324.0,318.0,319.0,40100
2021/05/06,349.0,399.0,349.0,399.0,617400
2021/05/07,431.0,461.0,413.0,446.0,7947000
2021/05/10,441.0,446.0,420.0,435.0,1428200
2021/05/11,427.0,450.0,423.0,450.0,821400
2021/05/12,443.0,470.0,421.0,427.0,824700
2021/05/13,412.0,434.0,402.0,433.0,421300
2021/05/14,426.0,438.0,404.0,411.0,364100
2021/05/17,435.0,436.0,332.0,344.0,2213300
2021/05/18,352.0,369.0,338.0,367.0,1429700
2021/05/19,357.0,376.0,354.0,372.0,508100
2021/05/20,372.0,379.0,364.0,375.0,322700
2021/05/21,381.0,381.0,366.0,375.0,250900
2021/05/24,371.0,378.0,365.0,376.0,224100
2021/05/25,374.0,399.0,374.0,399.0,382800
2021/05/26,400.0,424.0,400.0,411.0,346800
2021/05/27,410.0,410.0,395.0,397.0,221200
2021/05/28,399.0,412.0,399.0,407.0,151800
2021/05/31,402.0,403.0,387.0,388.0,204800
2021/06/01,388.0,388.0,373.0,380.0,193500
2021/06/02,380.0,404.0,380.0,393.0,230100
2021/06/03,389.0,392.0,382.0,385.0,109700
2021/06/04,382.0,385.0,375.0,377.0,110000
2021/06/07,376.0,383.0,370.0,376.0,219000
2021/06/08,388.0,396.0,381.0,385.0,238800
2021/06/09,391.0,395.0,382.0,390.0,143600
2021/06/10,387.0,391.0,380.0,386.0,84100
2021/06/11,387.0,389.0,376.0,377.0,101000
2021/06/14,379.0,402.0,379.0,397.0,305400
2021/06/15,392.0,397.0,388.0,392.0,114500
2021/06/16,388.0,395.0,383.0,395.0,93100
2021/06/17,392.0,394.0,386.0,394.0,87300
2021/06/18,398.0,412.0,391.0,395.0,482800
2021/06/21,380.0,382.0,363.0,369.0,391900
2021/06/22,375.0,383.0,363.0,383.0,204200
2021/06/23,387.0,392.0,379.0,384.0,165800
2021/06/24,386.0,395.0,383.0,384.0,102200
2021/06/25,385.0,400.0,385.0,396.0,139100
2021/06/28,398.0,409.0,396.0,405.0,237300
2021/06/29,401.0,412.0,395.0,401.0,177000
2021/06/30,399.0,408.0,397.0,407.0,123200
2021/07/01,409.0,411.0,399.0,407.0,131500
2021/07/02,410.0,423.0,408.0,423.0,278700
2021/07/05,425.0,433.0,414.0,421.0,247900
2021/07/06,418.0,441.0,410.0,441.0,231900
2021/07/07,434.0,440.0,423.0,425.0,229600
2021/07/08,418.0,426.0,405.0,415.0,209300
2021/07/09,410.0,434.0,410.0,434.0,248600
2021/07/12,440.0,440.0,428.0,429.0,168400
2021/07/13,433.0,435.0,420.0,421.0,83300
2021/07/14,425.0,428.0,412.0,413.0,175700
2021/07/15,413.0,414.0,390.0,394.0,313300
2021/07/16,395.0,407.0,394.0,407.0,128500
2021/07/19,404.0,407.0,385.0,387.0,285400
2021/07/20,387.0,396.0,381.0,387.0,176000
2021/07/21,397.0,404.0,393.0,400.0,144900
2021/07/26,406.0,409.0,398.0,400.0,84300
2021/07/27,400.0,400.0,391.0,393.0,61300
2021/07/28,389.0,392.0,383.0,385.0,90700
2021/07/29,385.0,390.0,380.0,387.0,83200
2021/07/30,387.0,388.0,375.0,378.0,104600
2021/08/02,377.0,378.0,367.0,373.0,130400
2021/08/03,370.0,377.0,366.0,370.0,75700
2021/08/04,369.0,371.0,364.0,367.0,77600
2021/08/05,365.0,368.0,357.0,358.0,105300
2021/08/06,359.0,367.0,351.0,360.0,220100
2021/08/10,341.0,364.0,341.0,364.0,476600
2021/08/11,364.0,365.0,359.0,365.0,101800
2021/08/12,366.0,373.0,363.0,363.0,95700
2021/08/13,367.0,367.0,356.0,357.0,118700
2021/08/16,359.0,359.0,346.0,348.0,111700
2021/08/17,349.0,350.0,338.0,338.0,133900
2021/08/18,340.0,348.0,333.0,344.0,141600
2021/08/19,342.0,357.0,342.0,349.0,284300
2021/08/20,345.0,356.0,336.0,336.0,361400
2021/08/23,340.0,351.0,338.0,349.0,207500
2021/08/24,353.0,371.0,353.0,368.0,436600
2021/08/25,367.0,373.0,360.0,369.0,230300
2021/08/26,368.0,368.0,359.0,361.0,216000
2021/08/27,360.0,366.0,355.0,363.0,134800
2021/08/30,364.0,364.0,358.0,362.0,123900
2021/08/31,362.0,364.0,357.0,362.0,121700
2021/09/01,363.0,363.0,352.0,353.0,160000
2021/09/02,352.0,355.0,343.0,343.0,118200
2021/09/03,358.0,388.0,347.0,349.0,1388700
2021/09/06,348.0,365.0,346.0,357.0,394400
2021/09/07,361.0,365.0,354.0,359.0,267900
2021/09/08,357.0,358.0,352.0,358.0,121900
2021/09/09,354.0,356.0,352.0,353.0,148000
2021/09/10,353.0,363.0,353.0,363.0,168900
2021/09/13,360.0,366.0,356.0,364.0,239900
2021/09/14,367.0,368.0,361.0,364.0,132600
2021/09/15,364.0,364.0,356.0,356.0,115000
2021/09/16,355.0,355.0,339.0,344.0,257800
2021/09/17,345.0,346.0,339.0,344.0,175600
2021/09/21,334.0,342.0,331.0,338.0,163000
2021/09/22,335.0,337.0,325.0,326.0,195000
2021/09/24,333.0,337.0,329.0,336.0,99600
2021/09/27,336.0,343.0,336.0,337.0,90100
2021/09/28,339.0,340.0,332.0,332.0,100100
2021/09/29,329.0,341.0,328.0,341.0,83900
2021/09/30,340.0,342.0,334.0,335.0,57600
2021/10/01,333.0,334.0,322.0,324.0,199100
2021/10/04,331.0,331.0,310.0,310.0,203100
2021/10/05,302.0,309.0,293.0,305.0,339400
2021/10/06,310.0,315.0,298.0,301.0,169900
2021/10/07,303.0,306.0,300.0,300.0,91500
2021/10/08,307.0,311.0,304.0,305.0,99500
2021/10/11,301.0,311.0,301.0,311.0,64600
2021/10/12,308.0,313.0,305.0,306.0,50800
2021/10/13,305.0,306.0,300.0,302.0,108000
2021/10/14,299.0,303.0,295.0,296.0,63700
2021/10/15,300.0,308.0,298.0,307.0,55700
2021/10/18,307.0,310.0,305.0,310.0,48700
2021/10/19,310.0,318.0,310.0,318.0,59000
2021/10/20,324.0,330.0,310.0,311.0,162200
2021/10/21,309.0,310.0,300.0,305.0,129300
2021/10/22,301.0,308.0,300.0,305.0,36900
2021/10/25,307.0,308.0,301.0,302.0,36600
2021/10/26,306.0,314.0,306.0,314.0,80200
2021/10/27,310.0,311.0,305.0,305.0,42800
2021/10/28,305.0,309.0,302.0,308.0,52800
2021/10/29,308.0,308.0,304.0,305.0,31900
2021/11/01,295.0,295.0,279.0,284.0,358000
2021/11/02,288.0,303.0,288.0,295.0,231000
2021/11/04,298.0,300.0,295.0,295.0,50000
2021/11/05,300.0,300.0,287.0,288.0,80200
2021/11/08,288.0,290.0,282.0,289.0,63500
2021/11/09,290.0,291.0,281.0,283.0,49200
2021/11/10,281.0,283.0,280.0,280.0,37800
2021/11/11,280.0,282.0,276.0,278.0,57400
2021/11/12,273.0,286.0,273.0,284.0,98100
2021/11/15,282.0,284.0,277.0,277.0,70000
2021/11/16,276.0,277.0,270.0,270.0,352400
2021/11/17,270.0,275.0,268.0,269.0,115300
2021/11/18,285.0,340.0,285.0,303.0,6093900
2021/11/19,309.0,313.0,275.0,278.0,1623100
2021/11/22,273.0,300.0,266.0,282.0,1838900
2021/11/24,282.0,340.0,278.0,304.0,6499100
2021/11/25,298.0,301.0,283.0,286.0,1146300
2021/11/26,290.0,297.0,274.0,280.0,899300
2021/11/29,271.0,275.0,246.0,249.0,924600
2021/11/30,251.0,255.0,237.0,238.0,589300
2021/12/01,238.0,242.0,229.0,234.0,477600
2021/12/02,231.0,236.0,226.0,230.0,358600
2021/12/03,233.0,240.0,228.0,238.0,212300
2021/12/06,240.0,242.0,238.0,239.0,236600
2021/12/07,253.0,264.0,245.0,263.0,613400
2021/12/08,263.0,275.0,259.0,268.0,307100
2021/12/09,273.0,273.0,261.0,267.0,225700
2021/12/10,262.0,264.0,249.0,250.0,321200
2021/12/13,251.0,256.0,246.0,251.0,142500
2021/12/14,248.0,251.0,241.0,246.0,180900
2021/12/15,239.0,247.0,239.0,243.0,110900
2021/12/16,243.0,246.0,238.0,239.0,166900
2021/12/17,237.0,238.0,231.0,231.0,173100
2021/12/20,228.0,230.0,217.0,218.0,409900
2021/12/21,219.0,227.0,218.0,226.0,308800
2021/12/22,225.0,229.0,224.0,224.0,147900
2021/12/23,224.0,229.0,224.0,228.0,88200
2021/12/24,230.0,233.0,227.0,227.0,168100
2021/12/27,224.0,226.0,220.0,221.0,288100
2021/12/28,220.0,225.0,220.0,222.0,185800
2021/12/29,222.0,232.0,222.0,230.0,184800
2021/12/30,228.0,231.0,226.0,229.0,75300
2022/01/04,234.0,235.0,231.0,231.0,68000
2022/01/05,232.0,309.0,230.0,283.0,8555300
2022/01/06,255.0,260.0,242.0,246.0,2565000
2022/01/07,242.0,243.0,229.0,236.0,751500
2022/01/11,232.0,241.0,232.0,239.0,306600
2022/01/12,236.0,245.0,236.0,245.0,265900
2022/01/13,242.0,250.0,241.0,247.0,200000
2022/01/14,244.0,246.0,240.0,243.0,163600
2022/01/17,246.0,246.0,239.0,239.0,100700
2022/01/18,240.0,250.0,240.0,245.0,147300
2022/01/19,242.0,245.0,228.0,233.0,219500
2022/01/20,232.0,238.0,226.0,236.0,243200
2022/01/21,230.0,238.0,225.0,235.0,215300
2022/01/24,231.0,233.0,224.0,228.0,162900
2022/01/25,228.0,228.0,210.0,211.0,621600
2022/01/26,214.0,223.0,214.0,220.0,280900
2022/01/27,223.0,224.0,208.0,211.0,395400
2022/01/28,214.0,216.0,210.0,215.0,121400
2022/01/31,216.0,224.0,216.0,221.0,80600
2022/02/01,225.0,228.0,222.0,222.0,82300
2022/02/02,229.0,237.0,222.0,236.0,258100
2022/02/03,230.0,232.0,225.0,226.0,108600
2022/02/04,226.0,233.0,224.0,231.0,69200
2022/02/07,231.0,232.0,227.0,228.0,58400
2022/02/08,230.0,232.0,229.0,230.0,27700
2022/02/09,232.0,236.0,232.0,235.0,54200
2022/02/10,236.0,238.0,228.0,228.0,132500
2022/02/14,203.0,216.0,203.0,214.0,346000
2022/02/15,212.0,221.0,209.0,209.0,84300
2022/02/16,217.0,218.0,213.0,213.0,48000
2022/02/17,215.0,217.0,210.0,210.0,51900
2022/02/18,208.0,213.0,207.0,212.0,62800
2022/02/21,212.0,212.0,207.0,208.0,43100
2022/02/22,206.0,208.0,204.0,207.0,253600
2022/02/24,204.0,206.0,202.0,202.0,173100
2022/02/25,203.0,210.0,203.0,207.0,76800
2022/02/28,211.0,214.0,208.0,214.0,48400
2022/03/01,211.0,217.0,211.0,215.0,68900
2022/03/02,214.0,216.0,212.0,215.0,47800
2022/03/03,213.0,217.0,209.0,210.0,57300
2022/03/04,210.0,210.0,205.0,209.0,64500
2022/03/07,206.0,206.0,202.0,205.0,118400
2022/03/08,202.0,205.0,196.0,197.0,167800
2022/03/09,198.0,203.0,196.0,196.0,63400
2022/03/10,198.0,208.0,198.0,205.0,93200
2022/03/11,200.0,206.0,199.0,202.0,37700
2022/03/14,201.0,209.0,201.0,205.0,41100
2022/03/15,203.0,207.0,203.0,207.0,16800
2022/03/16,207.0,210.0,206.0,210.0,33800
2022/03/17,212.0,215.0,210.0,211.0,55100
2022/03/18,214.0,226.0,213.0,225.0,578000
2022/03/22,225.0,231.0,225.0,231.0,185300
2022/03/23,229.0,235.0,229.0,230.0,99100
2022/03/24,229.0,243.0,229.0,242.0,166800
2022/03/25,240.0,241.0,235.0,235.0,70700
2022/03/28,236.0,236.0,231.0,232.0,66500
2022/03/29,230.0,237.0,230.0,234.0,53800
2022/03/30,231.0,256.0,231.0,248.0,242500
2022/03/31,247.0,256.0,247.0,255.0,242700
2022/04/01,250.0,262.0,248.0,251.0,296800
2022/04/04,258.0,267.0,253.0,266.0,217600
2022/04/05,271.0,279.0,267.0,275.0,327300
2022/04/06,274.0,283.0,271.0,280.0,325100
2022/04/07,274.0,277.0,268.0,268.0,130400
2022/04/08,268.0,277.0,268.0,274.0,91900
2022/04/11,276.0,276.0,262.0,262.0,112400
2022/04/12,262.0,275.0,262.0,271.0,210400
2022/04/13,271.0,277.0,269.0,273.0,115700
2022/04/14,273.0,275.0,269.0,273.0,50600
2022/04/15,269.0,272.0,269.0,271.0,41300
2022/04/18,271.0,271.0,263.0,265.0,35700
2022/04/19,265.0,265.0,254.0,260.0,97600
2022/04/20,261.0,265.0,257.0,259.0,88300
2022/04/21,259.0,261.0,255.0,258.0,23400
2022/04/22,255.0,255.0,246.0,255.0,69800
2022/04/25,249.0,249.0,245.0,247.0,72200
2022/04/26,249.0,253.0,248.0,252.0,51300
2022/04/27,248.0,249.0,243.0,243.0,47600
2022/04/28,242.0,253.0,240.0,250.0,56100
2022/05/02,250.0,257.0,247.0,257.0,45000
2022/05/06,260.0,260.0,247.0,258.0,108500
2022/05/09,259.0,259.0,244.0,245.0,75600
2022/05/10,252.0,266.0,235.0,242.0,199900
2022/05/11,244.0,257.0,244.0,255.0,68000
2022/05/12,250.0,251.0,245.0,245.0,72100
2022/05/13,244.0,250.0,241.0,250.0,51400
2022/05/16,250.0,250.0,242.0,244.0,86800
2022/05/17,241.0,246.0,241.0,245.0,52400
2022/05/18,241.0,243.0,239.0,239.0,84800
2022/05/19,233.0,240.0,233.0,236.0,45200
2022/05/20,236.0,245.0,236.0,245.0,41600
2022/05/23,245.0,248.0,242.0,248.0,43800
2022/05/24,247.0,247.0,239.0,242.0,27300
2022/05/25,239.0,239.0,234.0,235.0,37800
2022/05/26,232.0,238.0,232.0,236.0,23900
2022/05/27,236.0,237.0,234.0,235.0,7900
2022/05/30,227.0,228.0,210.0,224.0,212400
2022/05/31,224.0,225.0,218.0,221.0,58000
2022/06/01,220.0,222.0,218.0,220.0,68600
2022/06/02,223.0,223.0,219.0,221.0,55100
2022/06/03,220.0,222.0,216.0,219.0,125300
2022/06/06,219.0,220.0,216.0,218.0,48500
2022/06/07,218.0,219.0,211.0,213.0,202100
2022/06/08,214.0,219.0,214.0,216.0,63100
2022/06/09,215.0,221.0,215.0,221.0,58100
2022/06/10,219.0,220.0,216.0,218.0,72200
2022/06/13,215.0,216.0,211.0,211.0,117500
2022/06/14,211.0,212.0,207.0,208.0,68400
2022/06/15,208.0,210.0,207.0,208.0,45600
2022/06/16,209.0,211.0,208.0,208.0,56900
2022/06/17,203.0,204.0,200.0,201.0,194400
2022/06/20,202.0,202.0,195.0,200.0,98800
2022/06/21,202.0,205.0,200.0,204.0,49900
2022/06/22,205.0,205.0,201.0,201.0,34800
2022/06/23,204.0,209.0,199.0,202.0,127400
2022/06/24,204.0,207.0,201.0,207.0,551900
2022/06/27,207.0,233.0,206.0,212.0,963800
2022/06/28,224.0,228.0,216.0,225.0,453800
2022/06/29,220.0,234.0,220.0,230.0,179800
2022/06/30,230.0,240.0,226.0,226.0,291700
2022/07/01,227.0,228.0,204.0,208.0,332500
2022/07/04,215.0,230.0,212.0,213.0,162200
2022/07/05,211.0,216.0,210.0,211.0,190800
2022/07/06,210.0,214.0,208.0,212.0,75800
2022/07/07,212.0,214.0,211.0,213.0,21600
2022/07/08,213.0,217.0,212.0,216.0,58400
2022/07/11,216.0,221.0,214.0,215.0,73500
2022/07/12,215.0,215.0,211.0,213.0,45700
2022/07/13,212.0,217.0,211.0,216.0,28100
2022/07/14,214.0,217.0,213.0,214.0,30600
2022/07/15,214.0,218.0,213.0,217.0,43000
2022/07/19,218.0,221.0,217.0,219.0,101900
2022/07/20,223.0,223.0,213.0,218.0,71500
2022/07/21,217.0,220.0,216.0,220.0,31800
2022/07/22,220.0,227.0,219.0,223.0,67500
2022/07/25,223.0,230.0,223.0,227.0,54500
2022/07/26,227.0,234.0,227.0,230.0,58700
2022/07/27,234.0,243.0,230.0,230.0,173100
2022/07/28,230.0,232.0,225.0,225.0,44100
2022/07/29,227.0,231.0,226.0,228.0,22200
2022/08/01,228.0,230.0,228.0,230.0,20800
2022/08/02,235.0,235.0,229.0,231.0,35000
2022/08/03,229.0,231.0,228.0,228.0,15600
2022/08/04,228.0,234.0,228.0,234.0,53700
2022/08/05,235.0,236.0,232.0,235.0,84900
2022/08/08,213.0,218.0,211.0,213.0,232800
2022/08/09,215.0,216.0,211.0,215.0,52900
2022/08/10,217.0,217.0,213.0,214.0,22900
2022/08/12,212.0,216.0,212.0,215.0,32100
2022/08/15,215.0,216.0,213.0,216.0,29100
2022/08/16,215.0,216.0,215.0,216.0,12900
2022/08/17,216.0,223.0,215.0,219.0,53100
2022/08/18,217.0,230.0,217.0,228.0,91900
2022/08/19,230.0,230.0,227.0,229.0,42800
2022/08/22,226.0,235.0,226.0,235.0,108500
2022/08/23,235.0,235.0,229.0,231.0,31200
2022/08/24,231.0,234.0,229.0,233.0,33300
2022/08/25,235.0,243.0,234.0,243.0,72300
2022/08/26,242.0,249.0,238.0,239.0,131400
2022/08/29,233.0,237.0,232.0,233.0,27800
2022/08/30,235.0,247.0,234.0,245.0,130800
2022/08/31,243.0,258.0,243.0,254.0,172200
2022/09/01,251.0,258.0,245.0,253.0,98200
2022/09/02,255.0,256.0,249.0,254.0,53600
2022/09/05,252.0,255.0,249.0,250.0,47100
2022/09/06,250.0,254.0,247.0,252.0,29400
2022/09/07,252.0,252.0,247.0,248.0,15200
2022/09/08,249.0,250.0,245.0,247.0,30700
2022/09/09,244.0,253.0,244.0,250.0,43800
2022/09/12,252.0,263.0,251.0,263.0,119200
2022/09/13,261.0,272.0,261.0,267.0,58300
2022/09/14,291.0,291.0,278.0,290.0,951200
2022/09/15,290.0,290.0,278.0,283.0,208800
2022/09/16,276.0,280.0,273.0,276.0,103200
2022/09/20,276.0,282.0,271.0,274.0,48400
2022/09/21,276.0,276.0,264.0,274.0,381300
2022/09/22,273.0,273.0,264.0,264.0,30700
2022/09/26,258.0,260.0,252.0,254.0,65400
2022/09/27,254.0,258.0,251.0,252.0,44200
2022/09/28,255.0,255.0,240.0,249.0,66900
2022/09/29,251.0,253.0,247.0,250.0,14900
2022/09/30,249.0,251.0,237.0,242.0,27400
2022/10/03,238.0,250.0,238.0,246.0,25600
2022/10/04,253.0,255.0,251.0,255.0,28000
2022/10/05,254.0,262.0,254.0,258.0,35100
2022/10/06,257.0,265.0,257.0,263.0,43000
2022/10/07,258.0,264.0,256.0,263.0,26700
2022/10/11,261.0,261.0,258.0,260.0,55500
2022/10/12,261.0,262.0,259.0,262.0,15600
2022/10/13,263.0,264.0,253.0,257.0,36900
2022/10/14,263.0,270.0,259.0,266.0,62100
2022/10/17,263.0,301.0,262.0,278.0,1078900
2022/10/18,278.0,280.0,264.0,271.0,151400
2022/10/19,279.0,279.0,267.0,276.0,46000
2022/10/20,273.0,276.0,267.0,267.0,89400
2022/10/21,267.0,272.0,262.0,264.0,78600
2022/10/24,269.0,269.0,257.0,260.0,46300
2022/10/25,264.0,266.0,260.0,263.0,22100
2022/10/26,265.0,269.0,262.0,266.0,14400
2022/10/27,264.0,271.0,262.0,269.0,35300
2022/10/28,271.0,271.0,268.0,271.0,26000
2022/10/31,272.0,273.0,270.0,271.0,27200
2022/11/01,272.0,277.0,272.0,277.0,55500
2022/11/02,278.0,278.0,274.0,274.0,15300
2022/11/04,269.0,276.0,269.0,271.0,38500
2022/11/07,275.0,275.0,269.0,270.0,20900
2022/11/08,278.0,278.0,270.0,274.0,56900
2022/11/09,273.0,280.0,273.0,277.0,71700
2022/11/10,275.0,282.0,275.0,280.0,66800
2022/11/11,282.0,283.0,278.0,278.0,64500
2022/11/14,278.0,280.0,263.0,274.0,106100
2022/11/15,278.0,278.0,265.0,266.0,80800
2022/11/16,266.0,268.0,251.0,256.0,129800
2022/11/17,260.0,263.0,250.0,263.0,65000
2022/11/18,263.0,263.0,259.0,260.0,19900
2022/11/21,261.0,261.0,258.0,260.0,18700
2022/11/22,259.0,264.0,259.0,261.0,24900
2022/11/24,261.0,262.0,261.0,262.0,11800
2022/11/25,263.0,263.0,260.0,262.0,20500
2022/11/28,263.0,264.0,251.0,259.0,63300
2022/11/29,257.0,272.0,254.0,264.0,110500
2022/11/30,263.0,265.0,258.0,258.0,70100
2022/12/01,266.0,285.0,259.0,265.0,627500
2022/12/02,267.0,267.0,259.0,260.0,28600
2022/12/05,259.0,259.0,254.0,254.0,34100
2022/12/06,253.0,259.0,253.0,258.0,28100
2022/12/07,256.0,259.0,254.0,256.0,18200
2022/12/08,255.0,256.0,254.0,255.0,14200
2022/12/09,256.0,256.0,253.0,254.0,14500
2022/12/12,253.0,254.0,249.0,249.0,49100
2022/12/13,251.0,254.0,250.0,250.0,33600
2022/12/14,250.0,250.0,245.0,248.0,34800
2022/12/15,248.0,252.0,248.0,252.0,22000
2022/12/16,248.0,252.0,247.0,247.0,32200
2022/12/19,244.0,247.0,242.0,243.0,43500
2022/12/20,248.0,248.0,231.0,236.0,96500
2022/12/21,232.0,237.0,231.0,231.0,77600
2022/12/22,230.0,237.0,230.0,236.0,31300
2022/12/23,233.0,236.0,229.0,230.0,57100
2022/12/26,226.0,235.0,225.0,233.0,43900
2022/12/27,232.0,239.0,228.0,239.0,89100
2022/12/28,238.0,242.0,230.0,242.0,62800
2022/12/29,238.0,249.0,238.0,247.0,27500
2022/12/30,250.0,250.0,246.0,249.0,22900
2023/01/04,245.0,248.0,243.0,244.0,10800
2023/01/05,250.0,250.0,244.0,246.0,35300
2023/01/06,242.0,242.0,240.0,240.0,18900
2023/01/10,242.0,243.0,241.0,243.0,7700
2023/01/11,243.0,244.0,243.0,243.0,8100
2023/01/12,243.0,244.0,242.0,243.0,7800
2023/01/13,241.0,245.0,241.0,243.0,15800
2023/01/16,239.0,242.0,239.0,241.0,7100
2023/01/17,239.0,243.0,238.0,241.0,8400
2023/01/18,241.0,247.0,241.0,247.0,7900
2023/01/19,247.0,250.0,244.0,250.0,18600
2023/01/20,248.0,256.0,248.0,255.0,30000
2023/01/23,255.0,258.0,253.0,255.0,18100
2023/01/24,255.0,258.0,255.0,257.0,14700
2023/01/25,260.0,264.0,258.0,263.0,41500
2023/01/26,263.0,264.0,261.0,263.0,17800
2023/01/27,264.0,264.0,260.0,263.0,25400
2023/01/30,263.0,322.0,260.0,297.0,2773900
2023/01/31,305.0,305.0,287.0,287.0,387800
2023/02/01,285.0,292.0,284.0,292.0,142200
2023/02/02,291.0,303.0,289.0,300.0,213600
2023/02/03,302.0,333.0,298.0,332.0,1820400
2023/02/06,340.0,355.0,333.0,348.0,1430800
2023/02/07,345.0,362.0,342.0,357.0,760300
2023/02/08,352.0,377.0,346.0,376.0,958000
2023/02/09,374.0,384.0,366.0,368.0,902300
2023/02/10,363.0,372.0,355.0,367.0,509300
2023/02/13,362.0,398.0,352.0,395.0,1772400
2023/02/14,395.0,408.0,390.0,401.0,1121100
2023/02/15,403.0,433.0,397.0,430.0,1159800
2023/02/16,445.0,470.0,439.0,444.0,1795700
2023/02/17,432.0,452.0,408.0,445.0,1656000
2023/02/20,459.0,468.0,435.0,448.0,1388500
2023/02/21,445.0,470.0,440.0,460.0,985200
2023/02/22,458.0,465.0,442.0,447.0,714500
2023/02/24,450.0,463.0,447.0,459.0,602600
2023/02/27,480.0,524.0,478.0,497.0,2566200
2023/02/28,489.0,494.0,473.0,477.0,885700
2023/03/01,479.0,500.0,474.0,500.0,869300
2023/03/02,498.0,508.0,483.0,493.0,579400
2023/03/03,495.0,502.0,486.0,494.0,426100
2023/03/06,498.0,524.0,498.0,511.0,951600
2023/03/07,507.0,538.0,503.0,533.0,804000
2023/03/08,533.0,537.0,518.0,525.0,519800
2023/03/09,521.0,521.0,492.0,494.0,941900
2023/03/10,486.0,497.0,473.0,474.0,649000
2023/03/13,466.0,487.0,451.0,480.0,711500
2023/03/14,472.0,474.0,456.0,458.0,369200
2023/03/15,470.0,487.0,470.0,487.0,425500
2023/03/16,480.0,493.0,467.0,479.0,317200
2023/03/17,487.0,490.0,459.0,459.0,322100
2023/03/20,451.0,456.0,409.0,423.0,955600
2023/03/22,427.0,445.0,427.0,438.0,353300
2023/03/23,433.0,466.0,427.0,458.0,336200
2023/03/24,457.0,470.0,450.0,468.0,266400
2023/03/27,463.0,463.0,447.0,449.0,153300
2023/03/28,446.0,456.0,442.0,454.0,184800
2023/03/29,449.0,465.0,445.0,445.0,146300
2023/03/30,451.0,475.0,451.0,465.0,253200
2023/03/31,466.0,483.0,466.0,480.0,255500
2023/04/03,481.0,488.0,474.0,476.0,256300
2023/04/04,477.0,484.0,465.0,478.0,219100
2023/04/05,471.0,480.0,466.0,471.0,173900
2023/04/06,466.0,473.0,452.0,460.0,202500
2023/04/07,462.0,472.0,461.0,469.0,136300
2023/04/10,466.0,475.0,464.0,464.0,86600
2023/04/11,466.0,479.0,466.0,472.0,180900
2023/04/12,476.0,488.0,472.0,482.0,124300
2023/04/13,483.0,488.0,479.0,480.0,147900
2023/04/14,481.0,484.0,451.0,459.0,261600
2023/04/17,456.0,458.0,442.0,448.0,165700
2023/04/18,448.0,457.0,447.0,453.0,68500
2023/04/19,453.0,471.0,435.0,462.0,829500
2023/04/20,457.0,523.0,451.0,516.0,1456600
2023/04/21,520.0,528.0,459.0,465.0,1449900
2023/04/24,463.0,545.0,462.0,545.0,676600
2023/04/25,541.0,558.0,505.0,526.0,2604400
2023/04/26,522.0,529.0,477.0,498.0,1307200
2023/04/27,514.0,549.0,512.0,544.0,2457000
2023/04/28,548.0,570.0,534.0,570.0,1555100
2023/05/01,590.0,600.0,573.0,588.0,1588700
2023/05/02,589.0,589.0,565.0,574.0,894300
2023/05/08,584.0,610.0,576.0,581.0,1006800
2023/05/09,575.0,586.0,560.0,561.0,613600
2023/05/10,560.0,565.0,542.0,548.0,467100
2023/05/11,562.0,569.0,536.0,548.0,443600
2023/05/12,543.0,549.0,532.0,544.0,306400
2023/05/15,557.0,568.0,450.0,480.0,2456000
2023/05/16,485.0,488.0,452.0,457.0,956300
2023/05/17,456.0,465.0,451.0,460.0,440400
2023/05/18,460.0,482.0,456.0,479.0,504900
2023/05/19,479.0,510.0,475.0,506.0,796000
2023/05/22,512.0,524.0,487.0,492.0,637100
2023/05/23,491.0,494.0,465.0,469.0,532900
2023/05/24,463.0,485.0,459.0,474.0,340200
2023/05/25,474.0,474.0,455.0,463.0,301700
2023/05/26,467.0,470.0,454.0,457.0,249500
2023/05/29,472.0,496.0,469.0,496.0,544800
2023/05/30,488.0,501.0,484.0,501.0,459400
2023/05/31,495.0,519.0,491.0,517.0,473800
2023/06/01,508.0,514.0,487.0,497.0,496900
2023/06/02,490.0,509.0,490.0,497.0,322200
2023/06/05,501.0,503.0,484.0,493.0,306100
2023/06/06,488.0,497.0,481.0,484.0,256000
2023/06/07,483.0,486.0,464.0,467.0,390000
2023/06/08,462.0,468.0,457.0,463.0,260200
2023/06/09,469.0,473.0,465.0,466.0,170500
2023/06/12,471.0,475.0,467.0,470.0,209500
2023/06/13,474.0,474.0,460.0,466.0,280200
2023/06/14,467.0,471.0,461.0,464.0,132500
2023/06/15,465.0,468.0,458.0,458.0,136700
2023/06/16,458.0,470.0,453.0,460.0,342700
2023/06/19,463.0,463.0,448.0,449.0,297200
2023/06/20,447.0,454.0,442.0,450.0,164400
2023/06/21,445.0,456.0,444.0,448.0,117800
2023/06/22,446.0,446.0,423.0,423.0,519300
2023/06/23,427.0,434.0,414.0,417.0,363500
2023/06/26,411.0,417.0,404.0,408.0,267600
2023/06/27,406.0,410.0,398.0,405.0,223900
2023/06/28,408.0,412.0,400.0,407.0,168100
2023/06/29,414.0,419.0,400.0,409.0,162100
2023/06/30,406.0,407.0,401.0,407.0,122300
2023/07/03,423.0,437.0,422.0,435.0,626600
2023/07/04,430.0,440.0,425.0,437.0,445400
2023/07/05,438.0,442.0,421.0,424.0,357800
2023/07/06,420.0,420.0,407.0,409.0,250400
2023/07/07,405.0,414.0,403.0,409.0,165600
2023/07/10,403.0,407.0,398.0,406.0,189400
2023/07/11,408.0,419.0,406.0,418.0,157800
2023/07/12,416.0,420.0,410.0,415.0,118200
2023/07/13,414.0,425.0,411.0,425.0,121500
2023/07/14,426.0,429.0,414.0,414.0,132400
2023/07/18,415.0,417.0,410.0,414.0,75900
2023/07/19,415.0,417.0,411.0,416.0,83500
2023/07/20,415.0,415.0,408.0,411.0,59600
2023/07/21,411.0,411.0,404.0,406.0,81500
2023/07/24,407.0,418.0,402.0,418.0,252300
2023/07/25,417.0,432.0,413.0,428.0,258700
2023/07/26,429.0,432.0,422.0,432.0,119500
2023/07/27,435.0,437.0,425.0,431.0,143100
2023/07/28,423.0,427.0,417.0,422.0,234800
2023/07/31,426.0,470.0,423.0,451.0,1600000
2023/08/01,456.0,459.0,437.0,446.0,439200
2023/08/02,454.0,462.0,443.0,448.0,462700
2023/08/03,438.0,445.0,433.0,445.0,270000
2023/08/04,440.0,445.0,431.0,434.0,180100
2023/08/07,433.0,465.0,429.0,462.0,998600
2023/08/08,462.0,475.0,451.0,451.0,846000
2023/08/09,443.0,443.0,412.0,423.0,805400
2023/08/10,420.0,427.0,417.0,424.0,203000
2023/08/14,420.0,421.0,407.0,407.0,369900
2023/08/15,410.0,419.0,409.0,417.0,164100
2023/08/16,411.0,431.0,411.0,427.0,346900
2023/08/17,423.0,424.0,409.0,419.0,287800
2023/08/18,407.0,407.0,394.0,394.0,546500
2023/08/21,392.0,414.0,387.0,408.0,387700
2023/08/22,414.0,414.0,403.0,403.0,114000
2023/08/23,406.0,413.0,402.0,408.0,167200
2023/08/24,410.0,412.0,405.0,407.0,64300
2023/08/25,407.0,416.0,406.0,409.0,157200
2023/08/28,413.0,426.0,413.0,426.0,177200
2023/08/29,428.0,430.0,422.0,428.0,165000
2023/08/30,432.0,435.0,424.0,426.0,123200
2023/08/31,428.0,442.0,425.0,439.0,234000
2023/09/01,433.0,447.0,433.0,445.0,327100
2023/09/04,447.0,473.0,446.0,471.0,632800
2023/09/05,466.0,471.0,457.0,462.0,375100
2023/09/06,459.0,462.0,453.0,461.0,210300
2023/09/07,460.0,466.0,456.0,463.0,118500
2023/09/08,459.0,469.0,453.0,455.0,148800
2023/09/11,457.0,458.0,441.0,450.0,189000
2023/09/12,451.0,456.0,449.0,455.0,50100
2023/09/13,451.0,452.0,441.0,442.0,78400
2023/09/14,442.0,445.0,437.0,440.0,73300
2023/09/15,446.0,447.0,428.0,430.0,183100
2023/09/19,431.0,433.0,423.0,430.0,67600
2023/09/20,430.0,431.0,422.0,426.0,72800
2023/09/21,428.0,428.0,413.0,413.0,108700
2023/09/22,408.0,431.0,405.0,430.0,120300
2023/09/25,429.0,439.0,426.0,439.0,99600
2023/09/26,438.0,440.0,430.0,433.0,77500
2023/09/27,428.0,431.0,424.0,426.0,64300
2023/09/28,426.0,430.0,422.0,423.0,26700
2023/09/29,423.0,427.0,411.0,419.0,136900
2023/10/02,426.0,426.0,411.0,413.0,81800
2023/10/03,414.0,414.0,400.0,400.0,156400
2023/10/04,393.0,399.0,377.0,388.0,254500
2023/10/05,392.0,402.0,390.0,402.0,95400
2023/10/06,400.0,409.0,396.0,409.0,47300
2023/10/10,416.0,422.0,414.0,414.0,90800
2023/10/11,413.0,416.0,411.0,412.0,47600
2023/10/12,414.0,417.0,411.0,413.0,50600
2023/10/13,416.0,416.0,401.0,401.0,68700
2023/10/16,399.0,404.0,396.0,398.0,63000
2023/10/17,408.0,409.0,402.0,407.0,50400
2023/10/18,408.0,414.0,406.0,413.0,51700
2023/10/19,406.0,411.0,405.0,409.0,53400
2023/10/20,402.0,413.0,400.0,412.0,90600
2023/10/23,409.0,412.0,394.0,395.0,159900
2023/10/24,399.0,406.0,385.0,406.0,103200
2023/10/25,407.0,415.0,405.0,408.0,52300
2023/10/26,400.0,407.0,395.0,399.0,71100
2023/10/27,399.0,407.0,396.0,407.0,84000
2023/10/30,399.0,400.0,389.0,391.0,155800
2023/10/31,393.0,394.0,378.0,387.0,146100
2023/11/01,397.0,400.0,393.0,393.0,75600
2023/11/02,395.0,399.0,393.0,396.0,37200
2023/11/06,403.0,413.0,402.0,408.0,115400
2023/11/07,407.0,408.0,402.0,402.0,34100
2023/11/08,402.0,402.0,393.0,394.0,76700
2023/11/09,395.0,400.0,394.0,399.0,51700
2023/11/10,396.0,404.0,394.0,401.0,81600
2023/11/13,406.0,416.0,368.0,390.0,438100
2023/11/14,405.0,418.0,397.0,400.0,244300
2023/11/15,400.0,415.0,400.0,407.0,172100
2023/11/16,407.0,413.0,403.0,413.0,90300
2023/11/17,408.0,423.0,408.0,421.0,165700
2023/11/20,429.0,440.0,429.0,431.0,324800
2023/11/21,436.0,436.0,423.0,429.0,147600
2023/11/22,428.0,429.0,418.0,418.0,121300
2023/11/24,416.0,425.0,416.0,419.0,86100
2023/11/27,420.0,422.0,410.0,411.0,60300
2023/11/28,410.0,413.0,404.0,405.0,70200
2023/11/29,403.0,405.0,395.0,395.0,128400
2023/11/30,396.0,400.0,392.0,396.0,78300
2023/12/01,398.0,398.0,389.0,390.0,66200
2023/12/04,393.0,395.0,389.0,391.0,46100
2023/12/05,391.0,391.0,381.0,384.0,178300
2023/12/06,382.0,387.0,382.0,383.0,59300
2023/12/07,385.0,386.0,376.0,384.0,143500
2023/12/08,382.0,382.0,365.0,368.0,295100
2023/12/11,376.0,378.0,373.0,377.0,91600
2023/12/12,383.0,383.0,368.0,369.0,134300
2023/12/13,360.0,362.0,346.0,351.0,446100
2023/12/14,350.0,352.0,340.0,346.0,231800
2023/12/15,343.0,345.0,339.0,340.0,170800
2023/12/18,339.0,347.0,335.0,340.0,216800
2023/12/19,341.0,348.0,337.0,345.0,157600
2023/12/20,350.0,362.0,350.0,355.0,177500
2023/12/21,350.0,353.0,347.0,351.0,83300
2023/12/22,351.0,353.0,349.0,350.0,63200
2023/12/25,351.0,352.0,341.0,341.0,88300
2023/12/26,341.0,345.0,339.0,342.0,208500
2023/12/27,338.0,344.0,338.0,341.0,237300
2023/12/28,346.0,364.0,344.0,364.0,171700
2023/12/29,363.0,365.0,358.0,362.0,59100
2024/01/04,359.0,374.0,355.0,374.0,117200
2024/01/05,378.0,378.0,370.0,370.0,102900
2024/01/09,374.0,376.0,372.0,376.0,41900
2024/01/10,374.0,375.0,371.0,371.0,62500
2024/01/11,375.0,375.0,366.0,368.0,94600
2024/01/12,368.0,371.0,360.0,365.0,55400
2024/01/15,367.0,372.0,365.0,369.0,86500
2024/01/16,367.0,370.0,360.0,360.0,113300
2024/01/17,361.0,366.0,356.0,356.0,91000
2024/01/18,356.0,362.0,355.0,359.0,62400
2024/01/19,362.0,369.0,362.0,362.0,100200
2024/01/22,365.0,371.0,365.0,370.0,85400
2024/01/23,374.0,374.0,365.0,365.0,74400
2024/01/24,365.0,370.0,365.0,369.0,47600
2024/01/25,369.0,374.0,368.0,372.0,63300
2024/01/26,370.0,372.0,365.0,365.0,62900
2024/01/29,371.0,394.0,370.0,389.0,353500
2024/01/30,385.0,389.0,382.0,382.0,98900
2024/01/31,382.0,384.0,373.0,379.0,113900
2024/02/01,375.0,376.0,368.0,370.0,90200
2024/02/02,372.0,372.0,367.0,368.0,34100
2024/02/05,368.0,372.0,366.0,372.0,49600
2024/02/06,371.0,371.0,362.0,363.0,68800
2024/02/07,362.0,362.0,352.0,359.0,133000
2024/02/08,357.0,357.0,348.0,353.0,127800
2024/02/09,352.0,356.0,347.0,356.0,122800
2024/02/13,369.0,372.0,324.0,342.0,586200
2024/02/14,344.0,359.0,338.0,343.0,254300
2024/02/15,337.0,340.0,331.0,336.0,180200
2024/02/16,337.0,344.0,333.0,337.0,150700
2024/02/19,337.0,344.0,336.0,343.0,74500
2024/02/20,350.0,354.0,344.0,352.0,95000
2024/02/21,350.0,350.0,344.0,349.0,51300
2024/02/22,353.0,353.0,345.0,352.0,50600
2024/02/26,353.0,355.0,350.0,350.0,58500
2024/02/27,350.0,355.0,350.0,353.0,35700
2024/02/28,354.0,360.0,354.0,356.0,58300
2024/02/29,366.0,372.0,360.0,370.0,171800
2024/03/01,376.0,377.0,360.0,360.0,107200
2024/03/04,359.0,359.0,350.0,350.0,62000
2024/03/05,350.0,362.0,347.0,355.0,109500
2024/03/06,352.0,359.0,351.0,358.0,80600
2024/03/07,360.0,360.0,352.0,354.0,72100
2024/03/08,353.0,363.0,352.0,359.0,187700
2024/03/11,354.0,356.0,343.0,348.0,141700
2024/03/12,345.0,354.0,341.0,354.0,82400
2024/03/13,356.0,359.0,349.0,351.0,63600
2024/03/14,350.0,354.0,349.0,351.0,38000
2024/03/15,349.0,350.0,346.0,346.0,44800
2024/03/18,354.0,359.0,351.0,359.0,117400
2024/03/19,357.0,363.0,355.0,361.0,47200
2024/03/21,365.0,369.0,362.0,367.0,103700
2024/03/22,367.0,368.0,362.0,368.0,53800
2024/03/25,367,373,362,363,130200
2024/03/26,362,362,357,359,74700
2024/03/27,361,367,361,366,51000
2024/03/28,366,378,364,378,117400
2024/03/29,378,389,374,385,158500
2024/04/01,390,399,384,391,364800
2024/04/02,404,413,398,409,327200
2024/04/03,401,415,399,407,284700
2024/04/04,412,421,405,410,277900
2024/04/05,405,411,402,410,155500
2024/04/08,410,413,399,402,127300
2024/04/09,405,414,405,414,104900
