date,open,high,low,close,volume,rs_nikkei,rs_topix
2014/03/24,2285.0,2285.0,2285.0,2285.0,4000,-1.0,-1.0
2014/03/25,2280.0,2325.0,2280.0,2325.0,7000,-1.0,-1.0
2014/03/26,,,,,0,-1.0,-1.0
2014/03/27,2325.0,2335.0,2320.0,2335.0,4000,-1.0,-1.0
2014/03/28,2370.0,2410.0,2370.0,2410.0,5000,-1.0,-1.0
2014/03/31,2400.0,2440.0,2400.0,2440.0,2000,-1.0,-1.0
2014/04/01,2435.0,2440.0,2435.0,2440.0,4000,-1.0,-1.0
2014/04/02,2435.0,2480.0,2435.0,2480.0,7000,-1.0,-1.0
2014/04/03,2475.0,2475.0,2450.0,2450.0,2000,-1.0,-1.0
2014/04/04,2450.0,2480.0,2450.0,2480.0,2000,-1.0,-1.0
2014/04/07,2455.0,2475.0,2455.0,2475.0,5000,-1.0,-1.0
2014/04/08,2475.0,2485.0,2475.0,2480.0,4000,-1.0,-1.0
2014/04/09,2420.0,2430.0,2420.0,2430.0,2000,-1.0,-1.0
2014/04/10,,,,,0,-1.0,-1.0
2014/04/11,,,,,0,-1.0,-1.0
2014/04/14,2470.0,2470.0,2470.0,2470.0,1000,-1.0,-1.0
2014/04/15,2480.0,2495.0,2480.0,2480.0,5000,-1.0,-1.0
2014/04/16,2440.0,2465.0,2440.0,2450.0,9000,-1.0,-1.0
2014/04/17,2450.0,2460.0,2450.0,2455.0,4000,-1.0,-1.0
2014/04/18,2455.0,2500.0,2455.0,2500.0,7000,-1.0,-1.0
2014/04/21,2480.0,2550.0,2480.0,2550.0,6000,-1.0,-1.0
2014/04/22,2545.0,2575.0,2500.0,2500.0,21000,-1.0,-1.0
2014/04/23,2570.0,2570.0,2570.0,2570.0,2000,-1.0,-1.0
2014/04/24,2525.0,2525.0,2470.0,2510.0,5000,-1.0,-1.0
2014/04/25,2535.0,2545.0,2535.0,2545.0,2000,-1.0,-1.0
2014/04/28,2545.0,2545.0,2505.0,2545.0,5000,-1.0,-1.0
2014/04/30,2525.0,2525.0,2525.0,2525.0,1000,-1.0,-1.0
2014/05/01,,,,,0,-1.0,-1.0
2014/05/02,2550.0,2550.0,2545.0,2550.0,7000,-1.0,-1.0
2014/05/07,2505.0,2505.0,2505.0,2505.0,1000,-1.0,-1.0
2014/05/08,2550.0,2550.0,2500.0,2505.0,5000,-1.0,-1.0
2014/05/09,2550.0,2550.0,2530.0,2540.0,3000,-1.0,-1.0
2014/05/12,2550.0,2555.0,2550.0,2555.0,2000,-1.0,-1.0
2014/05/13,2555.0,2555.0,2550.0,2550.0,2000,-1.0,-1.0
2014/05/14,2550.0,2570.0,2550.0,2570.0,2000,-1.0,-1.0
2014/05/15,2575.0,2580.0,2575.0,2575.0,3000,-1.0,-1.0
2014/05/16,2580.0,2580.0,2575.0,2575.0,4000,-1.0,-1.0
2014/05/19,2555.0,2555.0,2555.0,2555.0,2000,-1.0,-1.0
2014/05/20,2570.0,2575.0,2570.0,2575.0,2000,-1.0,-1.0
2014/05/21,,,,,0,-1.0,-1.0
2014/05/22,2530.0,2530.0,2530.0,2530.0,1000,-1.0,-1.0
2014/05/23,2575.0,2575.0,2545.0,2545.0,4000,-1.0,-1.0
2014/05/26,2535.0,2535.0,2535.0,2535.0,2000,-1.0,-1.0
2014/05/27,2550.0,2560.0,2550.0,2560.0,4000,-1.0,-1.0
2014/05/28,2570.0,2570.0,2555.0,2555.0,4000,-1.0,-1.0
2014/05/29,,,,,0,-1.0,-1.0
2014/05/30,2570.0,2575.0,2570.0,2575.0,6000,-1.0,-1.0
2014/06/02,2600.0,2600.0,2590.0,2590.0,8000,-1.0,-1.0
2014/06/03,2640.0,2640.0,2595.0,2595.0,8000,-1.0,-1.0
2014/06/04,2595.0,2595.0,2595.0,2595.0,1000,-1.0,-1.0
2014/06/05,2615.0,2620.0,2615.0,2615.0,3000,-1.0,-1.0
2014/06/06,2635.0,2640.0,2615.0,2640.0,3000,-1.0,-1.0
2014/06/09,2645.0,2685.0,2645.0,2685.0,4000,-1.0,-1.0
2014/06/10,2690.0,2690.0,2655.0,2655.0,5000,-1.0,-1.0
2014/06/11,2690.0,2690.0,2650.0,2650.0,4000,-1.0,-1.0
2014/06/12,2655.0,2655.0,2655.0,2655.0,1000,-1.0,-1.0
2014/06/13,2680.0,2680.0,2680.0,2680.0,2000,-1.0,-1.0
2014/06/16,2685.0,2695.0,2680.0,2680.0,4000,-1.0,-1.0
2014/06/17,2690.0,2700.0,2680.0,2700.0,7000,-1.0,-1.0
2014/06/18,2655.0,2700.0,2655.0,2695.0,11000,-1.0,-1.0
2014/06/19,2700.0,2700.0,2700.0,2700.0,1000,-1.0,-1.0
2014/06/20,2700.0,2715.0,2700.0,2715.0,5000,-1.0,-1.0
2014/06/23,2700.0,2700.0,2695.0,2695.0,3000,-1.0,-1.0
2014/06/24,2715.0,2720.0,2700.0,2710.0,6000,-1.0,-1.0
2014/06/25,2710.0,2775.0,2710.0,2775.0,12000,-1.0,-1.0
2014/06/26,2730.0,2730.0,2600.0,2650.0,12000,-1.0,-1.0
2014/06/27,2630.0,2630.0,2575.0,2580.0,6000,-1.0,-1.0
2014/06/30,2585.0,2635.0,2570.0,2635.0,9000,-1.0,-1.0
2014/07/01,2650.0,2665.0,2630.0,2665.0,8000,-1.0,-1.0
2014/07/02,2650.0,2660.0,2650.0,2660.0,8000,-1.0,-1.0
2014/07/03,2610.0,2610.0,2605.0,2605.0,3000,-1.0,-1.0
2014/07/04,2605.0,2610.0,2600.0,2600.0,4000,-1.0,-1.0
2014/07/07,2595.0,2600.0,2595.0,2600.0,2000,-1.0,-1.0
2014/07/08,,,,,0,-1.0,-1.0
2014/07/09,2595.0,2595.0,2595.0,2595.0,1000,-1.0,-1.0
2014/07/10,,,,,0,-1.0,-1.0
2014/07/11,2625.0,2630.0,2595.0,2595.0,10000,-1.0,-1.0
2014/07/14,2625.0,2625.0,2625.0,2625.0,1000,-1.0,-1.0
2014/07/15,3120.0,3120.0,2730.0,2730.0,71000,-1.0,-1.0
2014/07/16,2750.0,2760.0,2715.0,2715.0,10000,-1.0,-1.0
2014/07/17,,,,,0,-1.0,-1.0
2014/07/18,2715.0,2715.0,2690.0,2690.0,4000,-1.0,-1.0
2014/07/22,2700.0,2700.0,2660.0,2680.0,6000,-1.0,-1.0
2014/07/23,2655.0,2690.0,2635.0,2690.0,6000,-1.0,-1.0
2014/07/24,2685.0,2700.0,2685.0,2700.0,4000,-1.0,-1.0
2014/07/25,2720.0,2720.0,2675.0,2675.0,6000,-1.0,-1.0
2014/07/28,2675.0,2685.0,2660.0,2660.0,7000,-1.0,-1.0
2014/07/29,,,,,0,-1.0,-1.0
2014/07/30,2650.0,2650.0,2630.0,2630.0,8000,-1.0,-1.0
2014/07/31,2670.0,2670.0,2670.0,2670.0,1000,-1.0,-1.0
2014/08/01,2625.0,2640.0,2625.0,2640.0,2000,-1.0,-1.0
2014/08/04,2760.0,2760.0,2715.0,2720.0,5000,-1.0,-1.0
2014/08/05,2670.0,2670.0,2665.0,2665.0,2000,-1.0,-1.0
2014/08/06,2745.0,2745.0,2695.0,2695.0,10000,-1.0,-1.0
2014/08/07,2725.0,2725.0,2725.0,2725.0,1000,-1.0,-1.0
2014/08/08,,,,,0,-1.0,-1.0
2014/08/11,2720.0,2720.0,2720.0,2720.0,3000,-1.0,-1.0
2014/08/12,2655.0,2675.0,2655.0,2675.0,3000,-1.0,-1.0
2014/08/13,2645.0,2645.0,2645.0,2645.0,1000,-1.0,-1.0
2014/08/14,,,,,0,-1.0,-1.0
2014/08/15,,,,,0,-1.0,-1.0
2014/08/18,2710.0,2710.0,2710.0,2710.0,2000,-1.0,-1.0
2014/08/19,2710.0,2750.0,2710.0,2740.0,7000,-1.0,-1.0
2014/08/20,2695.0,2695.0,2690.0,2695.0,6000,-1.0,-1.0
2014/08/21,2695.0,2695.0,2695.0,2695.0,1000,-1.0,-1.0
2014/08/22,2700.0,2700.0,2695.0,2695.0,5000,-1.0,-1.0
2014/08/25,2745.0,2745.0,2720.0,2720.0,3000,-1.0,-1.0
2014/08/26,2735.0,2740.0,2725.0,2725.0,3000,-1.0,-1.0
2014/08/27,2700.0,2700.0,2700.0,2700.0,2000,-1.0,-1.0
2014/08/28,2705.0,2750.0,2700.0,2745.0,7000,-1.0,-1.0
2014/08/29,2740.0,2745.0,2740.0,2745.0,9000,-1.0,-1.0
2014/09/01,2795.0,2795.0,2780.0,2780.0,3000,-1.0,-1.0
2014/09/02,2800.0,2880.0,2785.0,2820.0,18000,-1.0,-1.0
2014/09/03,2800.0,2800.0,2795.0,2795.0,2000,-1.0,-1.0
2014/09/04,2785.0,2785.0,2785.0,2785.0,1000,-1.0,-1.0
2014/09/05,2785.0,2900.0,2785.0,2875.0,9000,-1.0,-1.0
2014/09/08,,,,,0,-1.0,-1.0
2014/09/09,2935.0,2940.0,2920.0,2935.0,9000,-1.0,-1.0
2014/09/10,2905.0,2905.0,2875.0,2875.0,7000,-1.0,-1.0
2014/09/11,2925.0,2925.0,2860.0,2865.0,4000,-1.0,-1.0
2014/09/12,2905.0,2945.0,2900.0,2945.0,11000,-1.0,-1.0
2014/09/16,2950.0,3050.0,2950.0,3025.0,19000,-1.0,-1.0
2014/09/17,3020.0,3100.0,3020.0,3075.0,24000,-1.0,-1.0
2014/09/18,3090.0,3120.0,3090.0,3095.0,16000,-1.0,-1.0
2014/09/19,3075.0,3100.0,3070.0,3100.0,20000,-1.0,-1.0
2014/09/22,3020.0,3105.0,3020.0,3105.0,6000,-1.0,-1.0
2014/09/24,,,,,0,-1.0,-1.0
2014/09/25,3100.0,3100.0,3100.0,3100.0,1000,-1.0,-1.0
2014/09/26,,,,,0,-1.0,-1.0
2014/09/29,3015.0,3015.0,3010.0,3015.0,4000,-1.0,-1.0
2014/09/30,3005.0,3005.0,2925.0,2925.0,8000,-1.0,-1.0
2014/10/01,2925.0,2925.0,2925.0,2925.0,3000,-1.0,-1.0
2014/10/02,2940.0,2940.0,2845.0,2875.0,19000,-1.0,-1.0
2014/10/03,2860.0,2930.0,2860.0,2885.0,10000,-1.0,-1.0
2014/10/06,2880.0,2900.0,2875.0,2900.0,4000,-1.0,-1.0
2014/10/07,2900.0,2925.0,2900.0,2925.0,2000,-1.0,-1.0
2014/10/08,2850.0,2850.0,2825.0,2825.0,10000,-1.0,-1.0
2014/10/09,2805.0,2825.0,2805.0,2825.0,3000,-1.0,-1.0
2014/10/10,2800.0,2800.0,2705.0,2750.0,15000,-1.0,-1.0
2014/10/14,2750.0,2750.0,2700.0,2700.0,7000,-1.0,-1.0
2014/10/15,2705.0,2750.0,2700.0,2750.0,6000,-1.0,-1.0
2014/10/16,2725.0,2775.0,2725.0,2750.0,4000,-1.0,-1.0
2014/10/17,2775.0,2775.0,2730.0,2730.0,5000,-1.0,-1.0
2014/10/20,2830.0,2830.0,2780.0,2785.0,7000,-1.0,-1.0
2014/10/21,2755.0,2755.0,2755.0,2755.0,1000,-1.0,-1.0
2014/10/22,2710.0,2770.0,2710.0,2770.0,5000,-1.0,-1.0
2014/10/23,2725.0,2725.0,2725.0,2725.0,1000,-1.0,-1.0
2014/10/24,2825.0,2825.0,2825.0,2825.0,2000,-1.0,-1.0
2014/10/27,2825.0,2825.0,2825.0,2825.0,1000,-1.0,-1.0
2014/10/28,2800.0,2805.0,2755.0,2805.0,3000,-1.0,-1.0
2014/10/29,,,,,0,-1.0,-1.0
2014/10/30,2825.0,2835.0,2805.0,2805.0,3000,-1.0,-1.0
2014/10/31,2760.0,2810.0,2750.0,2810.0,14000,-1.0,-1.0
2014/11/04,2760.0,2900.0,2760.0,2900.0,10000,-1.0,-1.0
2014/11/05,2985.0,3045.0,2900.0,2900.0,18000,-1.0,-1.0
2014/11/06,2865.0,2875.0,2865.0,2875.0,4000,-1.0,-1.0
2014/11/07,2865.0,2865.0,2840.0,2840.0,3000,-1.0,-1.0
2014/11/10,2825.0,2825.0,2825.0,2825.0,1000,-1.0,-1.0
2014/11/11,2825.0,2945.0,2825.0,2900.0,6000,-1.0,-1.0
2014/11/12,2950.0,2970.0,2860.0,2900.0,15000,-1.0,-1.0
2014/11/13,2900.0,2900.0,2900.0,2900.0,6000,-1.0,-1.0
2014/11/14,2870.0,2920.0,2870.0,2920.0,2000,-1.0,-1.0
2014/11/17,2885.0,2960.0,2885.0,2960.0,9000,-1.0,-1.0
2014/11/18,2970.0,3000.0,2925.0,2925.0,6000,-1.0,-1.0
2014/11/19,2920.0,2920.0,2910.0,2910.0,3000,-1.0,-1.0
2014/11/20,,,,,0,-1.0,-1.0
2014/11/21,,,,,0,-1.0,-1.0
2014/11/25,2910.0,2910.0,2910.0,2910.0,1000,-1.0,-1.0
2014/11/26,2950.0,2950.0,2950.0,2950.0,1000,-1.0,-1.0
2014/11/27,2940.0,2940.0,2940.0,2940.0,1000,-1.0,-1.0
2014/11/28,2950.0,2950.0,2905.0,2905.0,17000,-1.0,-1.0
2014/12/01,2925.0,2925.0,2905.0,2920.0,6000,-1.0,-1.0
2014/12/02,2925.0,2960.0,2910.0,2910.0,12000,-1.0,-1.0
2014/12/03,2900.0,2950.0,2890.0,2930.0,11000,-1.0,-1.0
2014/12/04,2900.0,2950.0,2900.0,2945.0,9000,-1.0,-1.0
2014/12/05,2900.0,2945.0,2900.0,2910.0,12000,-1.0,-1.0
2014/12/08,2925.0,2940.0,2890.0,2890.0,12000,-1.0,-1.0
2014/12/09,2885.0,2885.0,2880.0,2880.0,3000,-1.0,-1.0
2014/12/10,2880.0,2920.0,2855.0,2875.0,8000,-1.0,-1.0
2014/12/11,2925.0,2925.0,2925.0,2925.0,1000,-1.0,-1.0
2014/12/12,2920.0,2920.0,2900.0,2920.0,3000,-1.0,-1.0
2014/12/15,,,,,0,-1.0,-1.0
2014/12/16,2900.0,2900.0,2900.0,2900.0,3000,-1.0,-1.0
2014/12/17,2935.0,2935.0,2930.0,2930.0,2000,-1.0,-1.0
2014/12/18,2970.0,2970.0,2970.0,2970.0,1000,-1.0,-1.0
2014/12/19,2935.0,2935.0,2875.0,2925.0,10000,-1.0,-1.0
2014/12/22,2925.0,2950.0,2925.0,2950.0,9000,-1.0,-1.0
2014/12/24,2965.0,2965.0,2935.0,2940.0,8000,-1.0,-1.0
2014/12/25,2960.0,2960.0,2945.0,2950.0,6000,-1.0,-1.0
2014/12/26,2900.0,2900.0,2840.0,2840.0,5000,-1.0,-1.0
2014/12/29,2840.0,2850.0,2840.0,2845.0,5000,-1.0,-1.0
2014/12/30,2875.0,2875.0,2850.0,2850.0,4000,-1.0,-1.0
2015/01/05,2850.0,2850.0,2850.0,2850.0,3000,-1.0,-1.0
2015/01/06,2845.0,2845.0,2750.0,2750.0,10000,-1.0,-1.0
2015/01/07,2725.0,2755.0,2725.0,2755.0,2000,-1.0,-1.0
2015/01/08,2765.0,2765.0,2765.0,2765.0,1000,-1.0,-1.0
2015/01/09,2765.0,2775.0,2760.0,2760.0,4000,-1.0,-1.0
2015/01/13,2790.0,2835.0,2755.0,2755.0,3000,-1.0,-1.0
2015/01/14,2755.0,2755.0,2750.0,2750.0,2000,-1.0,-1.0
2015/01/15,2775.0,2775.0,2775.0,2775.0,2000,-1.0,-1.0
2015/01/16,2760.0,2760.0,2760.0,2760.0,1000,-1.0,-1.0
2015/01/19,2760.0,2765.0,2760.0,2765.0,2000,-1.0,-1.0
2015/01/20,2795.0,2800.0,2795.0,2800.0,2000,-1.0,-1.0
2015/01/21,2780.0,2780.0,2765.0,2765.0,2000,-1.0,-1.0
2015/01/22,2795.0,2795.0,2795.0,2795.0,3000,-1.0,-1.0
2015/01/23,2795.0,2800.0,2790.0,2800.0,4000,-1.0,-1.0
2015/01/26,2755.0,2800.0,2755.0,2800.0,6000,-1.0,-1.0
2015/01/27,2845.0,2850.0,2825.0,2850.0,5000,-1.0,-1.0
2015/01/28,2850.0,2865.0,2850.0,2865.0,17000,-1.0,-1.0
2015/01/29,2865.0,2885.0,2865.0,2875.0,3000,-1.0,-1.0
2015/01/30,2900.0,2910.0,2855.0,2885.0,11000,-1.0,-1.0
2015/02/02,2835.0,2890.0,2835.0,2885.0,3000,-1.0,-1.0
2015/02/03,2910.0,2910.0,2910.0,2910.0,3000,-1.0,-1.0
2015/02/04,2860.0,2910.0,2860.0,2860.0,4000,-1.0,-1.0
2015/02/05,2910.0,2910.0,2860.0,2860.0,2000,-1.0,-1.0
2015/02/06,2900.0,2900.0,2880.0,2880.0,4000,-1.0,-1.0
2015/02/09,2980.0,3055.0,2930.0,3020.0,44000,-1.0,-1.0
2015/02/10,,,,,0,-1.0,-1.0
2015/02/12,3000.0,3000.0,2970.0,2970.0,9000,-1.0,-1.0
2015/02/13,2980.0,2985.0,2980.0,2980.0,6000,-1.0,-1.0
2015/02/16,2970.0,3060.0,2960.0,2965.0,13000,-1.0,-1.0
2015/02/17,3015.0,3070.0,3015.0,3070.0,23000,-1.0,-1.0
2015/02/18,2770.0,2895.0,2750.0,2840.0,65000,-1.0,-1.0
2015/02/19,2845.0,2900.0,2845.0,2890.0,13000,-1.0,-1.0
2015/02/20,2890.0,2960.0,2860.0,2895.0,12000,-1.0,-1.0
2015/02/23,2865.0,2885.0,2865.0,2885.0,11000,-1.0,-1.0
2015/02/24,2935.0,2950.0,2935.0,2950.0,3000,-1.0,-1.0
2015/02/25,2990.0,2990.0,2940.0,2940.0,6000,-1.0,-1.0
2015/02/26,2910.0,2945.0,2900.0,2945.0,8000,-1.0,-1.0
2015/02/27,2990.0,3025.0,2935.0,2935.0,17000,-1.0,-1.0
2015/03/02,3010.0,3010.0,3005.0,3010.0,6000,-1.0,-1.0
2015/03/03,3025.0,3025.0,3005.0,3005.0,11000,-1.0,-1.0
2015/03/04,2955.0,2990.0,2955.0,2990.0,16000,-1.0,-1.0
2015/03/05,2990.0,2990.0,2955.0,2970.0,7000,-1.0,-1.0
2015/03/06,3025.0,3030.0,2965.0,3030.0,7000,-1.0,-1.0
2015/03/09,,,,,0,-1.0,-1.0
2015/03/10,3045.0,3045.0,3000.0,3000.0,2000,-1.0,-1.0
2015/03/11,2975.0,3025.0,2975.0,3025.0,10000,-1.0,-1.0
2015/03/12,,,,,0,-1.0,-1.0
2015/03/13,2980.0,2980.0,2965.0,2965.0,3000,-1.0,-1.0
2015/03/16,2940.0,2975.0,2940.0,2975.0,6000,-1.0,-1.0
2015/03/17,3015.0,3015.0,2965.0,2965.0,2000,-1.0,-1.0
2015/03/18,3015.0,3015.0,2985.0,2985.0,3000,-1.0,-1.0
2015/03/19,3015.0,3020.0,2990.0,3000.0,6000,-1.0,-1.0
2015/03/20,,,,,0,-1.0,-1.0
2015/03/23,2900.0,2925.0,2900.0,2915.0,19000,-1.0,-1.0
2015/03/24,2965.0,2965.0,2965.0,2965.0,1000,-1.0,-1.0
2015/03/25,2950.0,2950.0,2920.0,2920.0,4000,-1.0,-1.0
2015/03/26,2930.0,2965.0,2930.0,2965.0,4000,-1.0,-1.0
2015/03/27,2940.0,2940.0,2920.0,2920.0,2000,-1.0,-1.0
2015/03/30,2940.0,2975.0,2940.0,2950.0,4000,-1.0,-1.0
2015/03/31,2950.0,3000.0,2950.0,3000.0,8000,-1.0,-1.0
2015/04/01,3020.0,3040.0,3015.0,3015.0,9000,-1.0,-1.0
2015/04/02,3045.0,3045.0,2995.0,3045.0,7000,-1.0,-1.0
2015/04/03,3010.0,3045.0,3005.0,3005.0,4000,-1.0,-1.0
2015/04/06,3005.0,3010.0,3005.0,3005.0,4000,-1.0,-1.0
2015/04/07,3010.0,3045.0,3010.0,3045.0,2000,-1.0,-1.0
2015/04/08,3010.0,3010.0,3005.0,3005.0,3000,-1.0,-1.0
2015/04/09,3015.0,3035.0,2990.0,3035.0,9000,-1.0,-1.0
2015/04/10,3000.0,3000.0,3000.0,3000.0,1000,-1.0,-1.0
2015/04/13,3035.0,3035.0,3000.0,3000.0,15000,-1.0,-1.0
2015/04/14,3000.0,3040.0,3000.0,3040.0,5000,-1.0,-1.0
2015/04/15,3025.0,3025.0,3025.0,3025.0,3000,-1.0,-1.0
2015/04/16,3030.0,3035.0,3025.0,3025.0,6000,-1.0,-1.0
2015/04/17,3010.0,3010.0,3010.0,3010.0,2000,-1.0,-1.0
2015/04/20,3020.0,3130.0,3020.0,3085.0,29000,-1.0,-1.0
2015/04/21,3085.0,3085.0,3075.0,3075.0,7000,-1.0,-1.0
2015/04/22,3100.0,3150.0,3075.0,3140.0,12000,-1.0,-1.0
2015/04/23,3140.0,3140.0,3140.0,3140.0,1000,-1.0,-1.0
2015/04/24,3110.0,3110.0,3095.0,3095.0,4000,-1.0,-1.0
2015/04/27,3125.0,3125.0,3120.0,3125.0,5000,-1.0,-1.0
2015/04/28,3115.0,3115.0,3085.0,3090.0,7000,-1.0,-1.0
2015/04/30,3070.0,3070.0,3060.0,3060.0,10000,-1.0,-1.0
2015/05/01,3050.0,3050.0,3050.0,3050.0,4000,-1.0,-1.0
2015/05/07,3040.0,3040.0,3010.0,3010.0,10000,-1.0,-1.0
2015/05/08,2985.0,2985.0,2985.0,2985.0,3000,-1.0,-1.0
2015/05/11,3000.0,3000.0,3000.0,3000.0,1000,-1.0,-1.0
2015/05/12,3015.0,3015.0,3015.0,3015.0,1000,-1.0,-1.0
2015/05/13,3155.0,3515.0,3140.0,3340.0,85000,-1.0,-1.0
2015/05/14,3365.0,3600.0,3365.0,3430.0,34000,-1.0,-1.0
2015/05/15,3435.0,3600.0,3430.0,3465.0,14000,-1.0,-1.0
2015/05/18,3470.0,3535.0,3430.0,3535.0,12000,-1.0,-1.0
2015/05/19,3575.0,3655.0,3570.0,3645.0,18000,-1.0,-1.0
2015/05/20,3645.0,3715.0,3620.0,3715.0,19000,-1.0,-1.0
2015/05/21,3645.0,3650.0,3525.0,3525.0,15000,-1.0,-1.0
2015/05/22,3525.0,3525.0,3475.0,3525.0,12000,-1.0,-1.0
2015/05/25,3600.0,3600.0,3600.0,3600.0,2000,-1.0,-1.0
2015/05/26,3605.0,3605.0,3530.0,3530.0,4000,-1.0,-1.0
2015/05/27,3600.0,3625.0,3555.0,3575.0,8000,-1.0,-1.0
2015/05/28,3575.0,3650.0,3575.0,3585.0,5000,-1.0,-1.0
2015/05/29,3580.0,3595.0,3575.0,3595.0,5000,-1.0,-1.0
2015/06/01,3590.0,3590.0,3580.0,3580.0,6000,-1.0,-1.0
2015/06/02,3605.0,3645.0,3605.0,3645.0,7000,-1.0,-1.0
2015/06/03,3690.0,3690.0,3675.0,3675.0,5000,-1.0,-1.0
2015/06/04,3705.0,3775.0,3705.0,3775.0,16000,-1.0,-1.0
2015/06/05,3785.0,3825.0,3755.0,3755.0,10000,-1.0,-1.0
2015/06/08,3770.0,3770.0,3670.0,3745.0,8000,-1.0,-1.0
2015/06/09,3750.0,3750.0,3705.0,3705.0,5000,-1.0,-1.0
2015/06/10,3730.0,3730.0,3725.0,3730.0,4000,-1.0,-1.0
2015/06/11,3745.0,3900.0,3745.0,3900.0,12000,-1.0,-1.0
2015/06/12,3850.0,3875.0,3805.0,3820.0,8000,-1.0,-1.0
2015/06/15,3825.0,3825.0,3800.0,3800.0,4000,-1.0,-1.0
2015/06/16,3800.0,3850.0,3800.0,3850.0,5000,-1.0,-1.0
2015/06/17,3850.0,3850.0,3805.0,3805.0,4000,-1.0,-1.0
2015/06/18,3845.0,3845.0,3825.0,3825.0,3000,-1.0,-1.0
2015/06/19,3755.0,3810.0,3755.0,3810.0,12000,-1.0,-1.0
2015/06/22,3820.0,3820.0,3800.0,3800.0,3000,-1.0,-1.0
2015/06/23,3815.0,3875.0,3815.0,3875.0,3000,-1.0,-1.0
2015/06/24,3875.0,3925.0,3875.0,3900.0,13000,-1.0,-1.0
2015/06/25,3920.0,3945.0,3725.0,3860.0,31000,-1.0,-1.0
2015/06/26,3720.0,3720.0,3625.0,3655.0,11000,-1.0,-1.0
2015/06/29,3430.0,3605.0,3430.0,3605.0,10000,-1.0,-1.0
2015/06/30,3555.0,3580.0,3510.0,3520.0,11000,-1.0,-1.0
2015/07/01,3535.0,3605.0,3535.0,3600.0,9000,-1.0,-1.0
2015/07/02,3750.0,3750.0,3600.0,3620.0,16000,-1.0,-1.0
2015/07/03,3620.0,3675.0,3615.0,3675.0,8000,-1.0,-1.0
2015/07/06,3600.0,3600.0,3600.0,3600.0,2000,-1.0,-1.0
2015/07/07,3600.0,3675.0,3600.0,3675.0,3000,-1.0,-1.0
2015/07/08,3610.0,3610.0,3510.0,3525.0,9000,-1.0,-1.0
2015/07/09,3505.0,3505.0,3400.0,3500.0,10000,-1.0,-1.0
2015/07/10,3550.0,3625.0,3550.0,3625.0,3000,-1.0,-1.0
2015/07/13,3675.0,3675.0,3675.0,3675.0,1000,-1.0,-1.0
2015/07/14,3695.0,3700.0,3695.0,3700.0,5000,-1.0,-1.0
2015/07/15,3700.0,3700.0,3700.0,3700.0,1000,-1.0,-1.0
2015/07/16,3625.0,3675.0,3625.0,3675.0,5000,-1.0,-1.0
2015/07/17,3600.0,3625.0,3600.0,3625.0,3000,-1.0,-1.0
2015/07/21,3625.0,3625.0,3625.0,3625.0,3000,-1.0,-1.0
2015/07/22,3595.0,3595.0,3595.0,3595.0,3000,-1.0,-1.0
2015/07/23,3645.0,3650.0,3550.0,3575.0,11000,-1.0,-1.0
2015/07/24,3545.0,3545.0,3545.0,3545.0,1000,-1.0,-1.0
2015/07/27,3545.0,3545.0,3545.0,3545.0,1000,-1.0,-1.0
2015/07/28,3545.0,3645.0,3545.0,3625.0,18000,-1.0,-1.0
2015/07/29,3700.0,3720.0,3700.0,3720.0,10000,-1.0,-1.0
2015/07/30,3730.0,3775.0,3730.0,3735.0,13000,-1.0,-1.0
2015/07/31,3730.0,3730.0,3680.0,3680.0,3000,-1.0,-1.0
2015/08/03,3630.0,4005.0,3560.0,4005.0,43000,-1.0,-1.0
2015/08/04,4150.0,4150.0,4000.0,4025.0,15000,-1.0,-1.0
2015/08/05,4000.0,4000.0,4000.0,4000.0,2000,-1.0,-1.0
2015/08/06,3850.0,3855.0,3785.0,3800.0,16000,-1.0,-1.0
2015/08/07,3750.0,3750.0,3570.0,3570.0,26000,-1.0,-1.0
2015/08/10,3500.0,3725.0,3500.0,3725.0,16000,-1.0,-1.0
2015/08/11,3650.0,3700.0,3575.0,3675.0,19000,-1.0,-1.0
2015/08/12,3720.0,3800.0,3615.0,3695.0,24000,-1.0,-1.0
2015/08/13,3625.0,3695.0,3550.0,3670.0,23000,-1.0,-1.0
2015/08/14,3595.0,3635.0,3575.0,3625.0,7000,-1.0,-1.0
2015/08/17,,,,,0,-1.0,-1.0
2015/08/18,3700.0,3725.0,3655.0,3700.0,8000,-1.0,-1.0
2015/08/19,3640.0,3715.0,3640.0,3670.0,5000,-1.0,-1.0
2015/08/20,3675.0,3675.0,3675.0,3675.0,4000,-1.0,-1.0
2015/08/21,3525.0,3535.0,3525.0,3535.0,9000,-1.0,-1.0
2015/08/24,3425.0,3440.0,3340.0,3340.0,14000,-1.0,-1.0
2015/08/25,3075.0,3210.0,3050.0,3160.0,11000,-1.0,-1.0
2015/08/26,3260.0,3310.0,3240.0,3240.0,9000,-1.0,-1.0
2015/08/27,3275.0,3275.0,3275.0,3275.0,4000,-1.0,-1.0
2015/08/28,3290.0,3395.0,3285.0,3295.0,15000,-1.0,-1.0
2015/08/31,3150.0,3245.0,3150.0,3225.0,19000,-1.0,-1.0
2015/09/01,3225.0,3225.0,3225.0,3225.0,2000,-1.0,-1.0
2015/09/02,3175.0,3225.0,3175.0,3200.0,7000,-1.0,-1.0
2015/09/03,,,,,0,-1.0,-1.0
2015/09/04,,,,,0,-1.0,-1.0
2015/09/07,3115.0,3115.0,3105.0,3110.0,3000,-1.0,-1.0
2015/09/08,3115.0,3115.0,3115.0,3115.0,1000,-1.0,-1.0
2015/09/09,3175.0,3245.0,3145.0,3245.0,4000,-1.0,-1.0
2015/09/10,3230.0,3230.0,3180.0,3200.0,7000,-1.0,-1.0
2015/09/11,3155.0,3275.0,3155.0,3275.0,9000,-1.0,-1.0
2015/09/14,3275.0,3275.0,3180.0,3180.0,4000,-1.0,-1.0
2015/09/15,3250.0,3250.0,3205.0,3250.0,4000,-1.0,-1.0
2015/09/16,3220.0,3240.0,3210.0,3240.0,4000,-1.0,-1.0
2015/09/17,3235.0,3235.0,3235.0,3235.0,1000,-1.0,-1.0
2015/09/18,3235.0,3235.0,3200.0,3200.0,4000,-1.0,-1.0
2015/09/24,3150.0,3200.0,3150.0,3200.0,6000,-1.0,-1.0
2015/09/25,3250.0,3250.0,3250.0,3250.0,1000,-1.0,-1.0
2015/09/28,3250.0,3275.0,3240.0,3255.0,7000,-1.0,-1.0
2015/09/29,3250.0,3250.0,3165.0,3165.0,6000,-1.0,-1.0
2015/09/30,3160.0,3160.0,3120.0,3120.0,2000,-1.0,-1.0
2015/10/01,3130.0,3180.0,3130.0,3180.0,2000,-1.0,-1.0
2015/10/02,3300.0,3300.0,3290.0,3290.0,4000,-1.0,-1.0
2015/10/05,3390.0,3440.0,3310.0,3330.0,9000,-1.0,-1.0
2015/10/06,3380.0,3400.0,3380.0,3400.0,8000,-1.0,-1.0
2015/10/07,,,,,0,-1.0,-1.0
2015/10/08,3450.0,3450.0,3450.0,3450.0,1000,-1.0,-1.0
2015/10/09,3300.0,3300.0,3215.0,3275.0,8000,-1.0,-1.0
2015/10/13,,,,,0,-1.0,-1.0
2015/10/14,3275.0,3275.0,3275.0,3275.0,1000,-1.0,-1.0
2015/10/15,3185.0,3335.0,3185.0,3335.0,7000,-1.0,-1.0
2015/10/16,,,,,0,-1.0,-1.0
2015/10/19,3340.0,3490.0,3340.0,3490.0,13000,-1.0,-1.0
2015/10/20,3450.0,3450.0,3400.0,3400.0,2000,-1.0,-1.0
2015/10/21,3400.0,3400.0,3350.0,3350.0,7000,-1.0,-1.0
2015/10/22,3375.0,3375.0,3375.0,3375.0,1000,-1.0,-1.0
2015/10/23,3400.0,3425.0,3350.0,3350.0,10000,-1.0,-1.0
2015/10/26,3375.0,3400.0,3365.0,3365.0,5000,-1.0,-1.0
2015/10/27,3375.0,3400.0,3365.0,3365.0,5000,-1.0,-1.0
2015/10/28,3375.0,3375.0,3375.0,3375.0,3000,-1.0,-1.0
2015/10/29,3395.0,3395.0,3395.0,3395.0,2000,-1.0,-1.0
2015/10/30,,,,,0,-1.0,-1.0
2015/11/02,3400.0,3400.0,3400.0,3400.0,4000,-1.0,-1.0
2015/11/04,3400.0,3400.0,3400.0,3400.0,4000,-1.0,-1.0
2015/11/05,3400.0,3400.0,3380.0,3380.0,6000,-1.0,-1.0
2015/11/06,3380.0,3395.0,3380.0,3395.0,4000,-1.0,-1.0
2015/11/09,3350.0,3350.0,3250.0,3285.0,11000,-1.0,-1.0
2015/11/10,3320.0,3320.0,3285.0,3285.0,2000,-1.0,-1.0
2015/11/11,3275.0,3360.0,3275.0,3360.0,4000,-1.0,-1.0
2015/11/12,3365.0,3425.0,3335.0,3335.0,11000,-1.0,-1.0
2015/11/13,3325.0,3335.0,3285.0,3325.0,14000,-1.0,-1.0
2015/11/16,3325.0,3340.0,3325.0,3330.0,4000,-1.0,-1.0
2015/11/17,3325.0,3375.0,3325.0,3365.0,6000,-1.0,-1.0
2015/11/18,3370.0,3410.0,3370.0,3410.0,4000,-1.0,-1.0
2015/11/19,3360.0,3400.0,3360.0,3400.0,4000,-1.0,-1.0
2015/11/20,3405.0,3405.0,3400.0,3400.0,2000,-1.0,-1.0
2015/11/24,3405.0,3425.0,3405.0,3425.0,4000,-1.0,-1.0
2015/11/25,3435.0,3435.0,3425.0,3425.0,5000,-1.0,-1.0
2015/11/26,3470.0,3485.0,3430.0,3485.0,6000,-1.0,-1.0
2015/11/27,3490.0,3495.0,3490.0,3495.0,2000,-1.0,-1.0
2015/11/30,3550.0,3550.0,3550.0,3550.0,3000,-1.0,-1.0
2015/12/01,3565.0,3565.0,3550.0,3560.0,10000,-1.0,-1.0
2015/12/02,3560.0,3560.0,3560.0,3560.0,1000,-1.0,-1.0
2015/12/03,3535.0,3535.0,3480.0,3525.0,12000,-1.0,-1.0
2015/12/04,3505.0,3505.0,3505.0,3505.0,1000,-1.0,-1.0
2015/12/07,3530.0,3545.0,3530.0,3535.0,4000,-1.0,-1.0
2015/12/08,3520.0,3520.0,3520.0,3520.0,4000,-1.0,-1.0
2015/12/09,3530.0,3570.0,3530.0,3540.0,5000,-1.0,-1.0
2015/12/10,3535.0,3535.0,3520.0,3520.0,8000,-1.0,-1.0
2015/12/11,3510.0,3510.0,3500.0,3500.0,2000,-1.0,-1.0
2015/12/14,3405.0,3495.0,3405.0,3450.0,3000,-1.0,-1.0
2015/12/15,3450.0,3450.0,3445.0,3445.0,4000,-1.0,-1.0
2015/12/16,3450.0,3455.0,3450.0,3455.0,4000,-1.0,-1.0
2015/12/17,3490.0,3550.0,3490.0,3550.0,7000,-1.0,-1.0
2015/12/18,3555.0,3555.0,3495.0,3495.0,8000,-1.0,-1.0
2015/12/21,3535.0,3535.0,3500.0,3500.0,6000,-1.0,-1.0
2015/12/22,3535.0,3535.0,3505.0,3505.0,2000,-1.0,-1.0
2015/12/24,3540.0,3540.0,3445.0,3445.0,17000,-1.0,-1.0
2015/12/25,3450.0,3450.0,3375.0,3425.0,20000,-1.0,-1.0
2015/12/28,3300.0,3350.0,3285.0,3350.0,7000,-1.0,-1.0
2015/12/29,3250.0,3265.0,3225.0,3260.0,10000,-1.0,-1.0
2015/12/30,3260.0,3265.0,3260.0,3265.0,4000,-1.0,-1.0
2016/01/04,3250.0,3250.0,3250.0,3250.0,3000,-1.0,-1.0
2016/01/05,3225.0,3290.0,3225.0,3290.0,7000,-1.0,-1.0
2016/01/06,3265.0,3265.0,3230.0,3230.0,2000,-1.0,-1.0
2016/01/07,,,,,0,-1.0,-1.0
2016/01/08,3290.0,3290.0,3255.0,3255.0,2000,-1.0,-1.0
2016/01/12,3250.0,3250.0,3215.0,3215.0,3000,-1.0,-1.0
2016/01/13,3250.0,3250.0,3250.0,3250.0,2000,-1.0,-1.0
2016/01/14,3250.0,3250.0,3190.0,3240.0,3000,-1.0,-1.0
2016/01/15,3210.0,3215.0,3210.0,3215.0,4000,-1.0,-1.0
2016/01/18,3200.0,3215.0,3170.0,3215.0,5000,-1.0,-1.0
2016/01/19,3220.0,3220.0,3175.0,3175.0,2000,-1.0,-1.0
2016/01/20,3175.0,3175.0,3120.0,3120.0,8000,-1.0,-1.0
2016/01/21,3080.0,3080.0,3080.0,3080.0,1000,-1.0,-1.0
2016/01/22,3180.0,3180.0,3180.0,3180.0,1000,-1.0,-1.0
2016/01/25,3280.0,3280.0,3280.0,3280.0,1000,-1.0,-1.0
2016/01/26,,,,,0,-1.0,-1.0
2016/01/27,,,,,0,-1.0,-1.0
2016/01/28,3275.0,3275.0,3275.0,3275.0,1000,-1.0,-1.0
2016/01/29,,,,,0,-1.0,-1.0
2016/02/01,,,,,0,-1.0,-1.0
2016/02/02,3325.0,3325.0,3325.0,3325.0,3000,-1.0,-1.0
2016/02/03,,,,,0,-1.0,-1.0
2016/02/04,,,,,0,-1.0,-1.0
2016/02/05,3325.0,3325.0,3280.0,3280.0,2000,-1.0,-1.0
2016/02/08,3250.0,3250.0,3135.0,3170.0,16000,-1.0,-1.0
2016/02/09,3075.0,3075.0,2900.0,2900.0,41000,-1.0,-1.0
2016/02/10,3175.0,3175.0,2945.0,2975.0,11000,-1.0,-1.0
2016/02/12,2800.0,2875.0,2800.0,2875.0,16000,-1.0,-1.0
2016/02/15,2875.0,3000.0,2875.0,3000.0,5000,-1.0,-1.0
2016/02/16,3000.0,3000.0,3000.0,3000.0,1000,-1.0,-1.0
2016/02/17,2800.0,2800.0,2795.0,2800.0,11000,-1.0,-1.0
2016/02/18,2850.0,2900.0,2815.0,2900.0,5000,-1.0,-1.0
2016/02/19,2870.0,2870.0,2790.0,2805.0,10000,-1.0,-1.0
2016/02/22,2805.0,2805.0,2805.0,2805.0,1000,-1.0,-1.0
2016/02/23,2900.0,2900.0,2800.0,2855.0,20000,-1.0,-1.0
2016/02/24,,,,,0,-1.0,-1.0
2016/02/25,2950.0,2965.0,2950.0,2950.0,3000,-1.0,-1.0
2016/02/26,,,,,0,-1.0,-1.0
2016/02/29,2875.0,2900.0,2875.0,2880.0,6000,-1.0,-1.0
2016/03/01,2880.0,2880.0,2880.0,2880.0,2000,-1.0,-1.0
2016/03/02,2930.0,2965.0,2930.0,2965.0,3000,-1.0,-1.0
2016/03/03,2915.0,2915.0,2900.0,2900.0,3000,-1.0,-1.0
2016/03/04,2900.0,2985.0,2900.0,2985.0,5000,-1.0,-1.0
2016/03/07,2985.0,2985.0,2985.0,2985.0,1000,-1.0,-1.0
2016/03/08,2995.0,2995.0,2995.0,2995.0,1000,-1.0,-1.0
2016/03/09,2995.0,2995.0,2995.0,2995.0,1000,-1.0,-1.0
2016/03/10,,,,,0,-1.0,-1.0
2016/03/11,2995.0,3000.0,2995.0,3000.0,7000,-1.0,-1.0
2016/03/14,3000.0,3090.0,3000.0,3090.0,2000,-1.0,-1.0
2016/03/15,3020.0,3050.0,3020.0,3030.0,6000,-1.0,-1.0
2016/03/16,,,,,0,-1.0,-1.0
2016/03/17,3100.0,3110.0,3075.0,3075.0,8000,-1.0,-1.0
2016/03/18,3120.0,3120.0,3075.0,3075.0,8000,-1.0,-1.0
2016/03/22,3065.0,3090.0,3065.0,3090.0,5000,-1.0,-1.0
2016/03/23,3175.0,3175.0,3095.0,3105.0,9000,-1.0,-1.0
2016/03/24,3095.0,3095.0,3075.0,3075.0,6000,-1.0,-1.0
2016/03/25,3105.0,3105.0,3075.0,3075.0,2000,-1.0,-1.0
2016/03/28,3100.0,3100.0,3085.0,3085.0,3000,-1.0,-1.0
2016/03/29,3090.0,3090.0,3090.0,3090.0,2000,-1.0,-1.0
2016/03/30,3090.0,3090.0,3090.0,3090.0,2000,-1.0,-1.0
2016/03/31,3090.0,3090.0,3070.0,3075.0,5000,-1.0,-1.0
2016/04/01,3095.0,3095.0,3005.0,3055.0,17000,-1.0,-1.0
2016/04/04,3055.0,3055.0,2975.0,2975.0,8000,-1.0,-1.0
2016/04/05,2975.0,2990.0,2900.0,2900.0,20000,-1.0,-1.0
2016/04/06,2855.0,2945.0,2855.0,2945.0,5000,-1.0,-1.0
2016/04/07,2945.0,2945.0,2945.0,2945.0,1000,-1.0,-1.0
2016/04/08,2860.0,2900.0,2860.0,2900.0,4000,-1.0,-1.0
2016/04/11,,,,,0,-1.0,-1.0
2016/04/12,2930.0,2930.0,2930.0,2930.0,2000,-1.0,-1.0
2016/04/13,2980.0,2980.0,2980.0,2980.0,1000,-1.0,-1.0
2016/04/14,2930.0,2975.0,2900.0,2900.0,13000,-1.0,-1.0
2016/04/15,2940.0,2940.0,2940.0,2940.0,2000,-1.0,-1.0
2016/04/18,2910.0,2910.0,2895.0,2895.0,9000,-1.0,-1.0
2016/04/19,2915.0,2915.0,2890.0,2890.0,9000,-1.0,-1.0
2016/04/20,2890.0,2915.0,2890.0,2915.0,5000,-1.0,-1.0
2016/04/21,2920.0,2920.0,2855.0,2875.0,18000,-1.0,-1.0
2016/04/22,2880.0,2890.0,2795.0,2795.0,42000,-1.0,-1.0
2016/04/25,2890.0,2900.0,2840.0,2840.0,23000,-1.0,-1.0
2016/04/26,2890.0,2890.0,2780.0,2805.0,30000,-1.0,-1.0
2016/04/27,2810.0,2815.0,2780.0,2780.0,12000,-1.0,-1.0
2016/04/28,2825.0,2840.0,2775.0,2790.0,17000,-1.0,-1.0
2016/05/02,2790.0,2790.0,2730.0,2750.0,35000,-1.0,-1.0
2016/05/06,2815.0,2815.0,2765.0,2785.0,5000,-1.0,-1.0
2016/05/09,2815.0,2845.0,2815.0,2845.0,5000,-1.0,-1.0
2016/05/10,2875.0,2895.0,2875.0,2880.0,5000,-1.0,-1.0
2016/05/11,2880.0,2880.0,2830.0,2860.0,4000,-1.0,-1.0
2016/05/12,2875.0,2910.0,2875.0,2910.0,5000,-1.0,-1.0
2016/05/13,2910.0,2930.0,2895.0,2910.0,4000,-1.0,-1.0
2016/05/16,2960.0,2960.0,2900.0,2900.0,8000,-1.0,-1.0
2016/05/17,2885.0,2885.0,2885.0,2885.0,1000,-1.0,-1.0
2016/05/18,2915.0,2930.0,2915.0,2930.0,4000,-1.0,-1.0
2016/05/19,2905.0,2950.0,2905.0,2950.0,3000,-1.0,-1.0
2016/05/20,2950.0,2970.0,2945.0,2945.0,5000,-1.0,-1.0
2016/05/23,2945.0,2975.0,2945.0,2975.0,3000,-1.0,-1.0
2016/05/24,,,,,0,-1.0,-1.0
2016/05/25,2980.0,2980.0,2980.0,2980.0,2000,-1.0,-1.0
2016/05/26,2955.0,2955.0,2955.0,2955.0,1000,-1.0,-1.0
2016/05/27,,,,,0,-1.0,-1.0
2016/05/30,2955.0,3040.0,2955.0,3040.0,5000,-1.0,-1.0
2016/05/31,2975.0,3010.0,2975.0,2985.0,6000,-1.0,-1.0
2016/06/01,2985.0,2985.0,2965.0,2965.0,2000,-1.0,-1.0
2016/06/02,3010.0,3010.0,2965.0,2965.0,5000,-1.0,-1.0
2016/06/03,2960.0,3015.0,2960.0,2970.0,12000,-1.0,-1.0
2016/06/06,2940.0,2975.0,2940.0,2975.0,3000,-1.0,-1.0
2016/06/07,2975.0,2975.0,2975.0,2975.0,2000,-1.0,-1.0
2016/06/08,2995.0,3125.0,2995.0,3050.0,13000,-1.0,-1.0
2016/06/09,3050.0,3050.0,3000.0,3000.0,3000,-1.0,-1.0
2016/06/10,3120.0,3120.0,3120.0,3120.0,2000,-1.0,-1.0
2016/06/13,3015.0,3015.0,3000.0,3000.0,2000,-1.0,-1.0
2016/06/14,2985.0,2985.0,2935.0,2935.0,3000,-1.0,-1.0
2016/06/15,2910.0,2910.0,2910.0,2910.0,2000,-1.0,-1.0
2016/06/16,2925.0,2930.0,2905.0,2905.0,11000,-1.0,-1.0
2016/06/17,2905.0,2960.0,2900.0,2950.0,4000,-1.0,-1.0
2016/06/20,2980.0,2980.0,2980.0,2980.0,1000,-1.0,-1.0
2016/06/21,2930.0,3030.0,2930.0,3030.0,2000,-1.0,-1.0
2016/06/22,2995.0,2995.0,2950.0,2950.0,3000,-1.0,-1.0
2016/06/23,2990.0,2990.0,2985.0,2990.0,5000,-1.0,-1.0
2016/06/24,3025.0,3025.0,2905.0,2905.0,11000,-1.0,-1.0
2016/06/27,3000.0,3000.0,2935.0,2990.0,6000,-1.0,-1.0
2016/06/28,2775.0,2875.0,2750.0,2870.0,16000,-1.0,-1.0
2016/06/29,2875.0,2880.0,2875.0,2875.0,6000,-1.0,-1.0
2016/06/30,2925.0,2925.0,2925.0,2925.0,5000,-1.0,-1.0
2016/07/01,2930.0,2930.0,2930.0,2930.0,2000,-1.0,-1.0
2016/07/04,2930.0,2930.0,2930.0,2930.0,3000,-1.0,-1.0
2016/07/05,2905.0,2910.0,2875.0,2875.0,6000,-1.0,-1.0
2016/07/06,2875.0,2885.0,2795.0,2795.0,12000,-1.0,-1.0
2016/07/07,2800.0,2805.0,2800.0,2805.0,3000,-1.0,-1.0
2016/07/08,2815.0,2815.0,2815.0,2815.0,3000,-1.0,-1.0
2016/07/11,2815.0,2830.0,2815.0,2830.0,2000,-1.0,-1.0
2016/07/12,,,,,0,-1.0,-1.0
2016/07/13,2840.0,2875.0,2840.0,2840.0,5000,-1.0,-1.0
2016/07/14,2835.0,2850.0,2830.0,2830.0,5000,-1.0,-1.0
2016/07/15,2840.0,2890.0,2840.0,2875.0,7000,-1.0,-1.0
2016/07/19,2910.0,2910.0,2875.0,2875.0,2000,-1.0,-1.0
2016/07/20,2930.0,2930.0,2930.0,2930.0,1000,-1.0,-1.0
2016/07/21,2890.0,2890.0,2890.0,2890.0,1000,-1.0,-1.0
2016/07/22,2900.0,2910.0,2900.0,2910.0,3000,-1.0,-1.0
2016/07/25,2930.0,2930.0,2930.0,2930.0,1000,-1.0,-1.0
2016/07/26,2905.0,2910.0,2885.0,2910.0,6000,-1.0,-1.0
2016/07/27,2885.0,2885.0,2885.0,2885.0,2000,-1.0,-1.0
2016/07/28,,,,,0,-1.0,-1.0
2016/07/29,2905.0,2905.0,2905.0,2905.0,1000,-1.0,-1.0
2016/08/01,2890.0,2910.0,2890.0,2910.0,4000,-1.0,-1.0
2016/08/02,2915.0,2915.0,2910.0,2910.0,3000,-1.0,-1.0
2016/08/03,2900.0,2900.0,2900.0,2900.0,4000,-1.0,-1.0
2016/08/04,2925.0,3050.0,2925.0,3050.0,11000,-1.0,-1.0
2016/08/05,3050.0,3050.0,2950.0,2955.0,15000,-1.0,-1.0
2016/08/08,2955.0,2955.0,2955.0,2955.0,2000,-1.0,-1.0
2016/08/09,3055.0,3055.0,3055.0,3055.0,1000,-1.0,-1.0
2016/08/10,3055.0,3055.0,3055.0,3055.0,2000,-1.0,-1.0
2016/08/12,,,,,0,-1.0,-1.0
2016/08/15,2955.0,2960.0,2955.0,2960.0,3000,-1.0,-1.0
2016/08/16,2960.0,2960.0,2945.0,2945.0,8000,-1.0,-1.0
2016/08/17,2950.0,2950.0,2950.0,2950.0,1000,-1.0,-1.0
2016/08/18,3000.0,3000.0,3000.0,3000.0,1000,-1.0,-1.0
2016/08/19,2955.0,2955.0,2955.0,2955.0,1000,-1.0,-1.0
2016/08/22,2975.0,2975.0,2975.0,2975.0,1000,-1.0,-1.0
2016/08/23,2950.0,2950.0,2950.0,2950.0,4000,-1.0,-1.0
2016/08/24,,,,,0,-1.0,-1.0
2016/08/25,2960.0,2960.0,2955.0,2955.0,4000,-1.0,-1.0
2016/08/26,,,,,0,-1.0,-1.0
2016/08/29,2975.0,2975.0,2975.0,2975.0,5000,-1.0,-1.0
2016/08/30,2975.0,2975.0,2975.0,2975.0,2000,-1.0,-1.0
2016/08/31,2975.0,2990.0,2975.0,2990.0,5000,-1.0,-1.0
2016/09/01,3000.0,3000.0,2980.0,2980.0,6000,-1.0,-1.0
2016/09/02,3000.0,3000.0,2980.0,2980.0,3000,-1.0,-1.0
2016/09/05,2980.0,3015.0,2980.0,3015.0,5000,-1.0,-1.0
2016/09/06,3000.0,3000.0,2990.0,2990.0,2000,-1.0,-1.0
2016/09/07,2990.0,2990.0,2990.0,2990.0,2000,-1.0,-1.0
2016/09/08,3015.0,3025.0,3015.0,3025.0,3000,-1.0,-1.0
2016/09/09,,,,,0,-1.0,-1.0
2016/09/12,3000.0,3000.0,3000.0,3000.0,1000,-1.0,-1.0
2016/09/13,3000.0,3045.0,3000.0,3045.0,3000,-1.0,-1.0
2016/09/14,,,,,0,-1.0,-1.0
2016/09/15,3000.0,3000.0,2990.0,2990.0,7000,-1.0,-1.0
2016/09/16,3000.0,3010.0,3000.0,3010.0,3000,-1.0,-1.0
2016/09/20,3050.0,3050.0,3050.0,3050.0,1000,-1.0,-1.0
2016/09/21,3080.0,3080.0,3030.0,3030.0,2000,-1.0,-1.0
2016/09/23,3035.0,3040.0,3035.0,3040.0,4000,-1.0,-1.0
2016/09/26,3025.0,3025.0,3025.0,3025.0,3000,-1.0,-1.0
2016/09/27,3025.0,3025.0,3025.0,3025.0,3000,-1.0,-1.0
2016/09/28,3060.0,3060.0,3060.0,3060.0,2000,-1.0,-1.0
2016/09/29,,,,,0,-1.0,-1.0
2016/09/30,3025.0,3025.0,3025.0,3025.0,1000,-1.0,-1.0
2016/10/03,3050.0,3050.0,3035.0,3050.0,3000,-1.0,-1.0
2016/10/04,3070.0,3070.0,3070.0,3070.0,2000,-1.0,-1.0
2016/10/05,3050.0,3070.0,3050.0,3050.0,4000,-1.0,-1.0
2016/10/06,3065.0,3065.0,3065.0,3065.0,1000,-1.0,-1.0
2016/10/07,,,,,0,-1.0,-1.0
2016/10/11,3065.0,3065.0,3065.0,3065.0,1000,-1.0,-1.0
2016/10/12,,,,,0,-1.0,-1.0
2016/10/13,3065.0,3075.0,3065.0,3075.0,2000,-1.0,-1.0
2016/10/14,3045.0,3050.0,3045.0,3050.0,6000,-1.0,-1.0
2016/10/17,3050.0,3050.0,3050.0,3050.0,2000,-1.0,-1.0
2016/10/18,3060.0,3060.0,3050.0,3060.0,9000,-1.0,-1.0
2016/10/19,3050.0,3050.0,3050.0,3050.0,4000,-1.0,-1.0
2016/10/20,,,,,0,-1.0,-1.0
2016/10/21,3070.0,3075.0,3030.0,3070.0,13000,-1.0,-1.0
2016/10/24,3070.0,3070.0,3070.0,3070.0,1000,-1.0,-1.0
2016/10/25,3090.0,3090.0,3090.0,3090.0,2000,-1.0,-1.0
2016/10/26,,,,,0,-1.0,-1.0
2016/10/27,3090.0,3100.0,3090.0,3100.0,3000,-1.0,-1.0
2016/10/28,,,,,0,-1.0,-1.0
2016/10/31,3145.0,3145.0,3145.0,3145.0,2000,-1.0,-1.0
2016/11/01,3105.0,3105.0,3085.0,3105.0,4000,-1.0,-1.0
2016/11/02,3145.0,3145.0,3140.0,3140.0,4000,-1.0,-1.0
2016/11/04,3140.0,3145.0,2945.0,2945.0,35000,-1.0,-1.0
2016/11/07,2975.0,2990.0,2975.0,2985.0,9000,-1.0,-1.0
2016/11/08,2985.0,2995.0,2975.0,2975.0,5000,-1.0,-1.0
2016/11/09,2965.0,3000.0,2955.0,2955.0,10000,-1.0,-1.0
2016/11/10,2965.0,2965.0,2965.0,2965.0,1000,-1.0,-1.0
2016/11/11,3095.0,3095.0,3050.0,3050.0,6000,-1.0,-1.0
2016/11/14,,,,,0,-1.0,-1.0
2016/11/15,,,,,0,-1.0,-1.0
2016/11/16,3005.0,3005.0,3005.0,3005.0,1000,-1.0,-1.0
2016/11/17,3005.0,3005.0,3005.0,3005.0,1000,-1.0,-1.0
2016/11/18,3050.0,3050.0,3050.0,3050.0,1000,-1.0,-1.0
2016/11/21,3045.0,3045.0,3025.0,3040.0,3000,-1.0,-1.0
2016/11/22,3040.0,3045.0,3040.0,3045.0,5000,-1.0,-1.0
2016/11/24,3045.0,3075.0,3045.0,3075.0,10000,-1.0,-1.0
2016/11/25,3085.0,3085.0,3085.0,3085.0,1000,-1.0,-1.0
2016/11/28,3135.0,3135.0,3085.0,3085.0,3000,-1.0,-1.0
2016/11/29,3100.0,3100.0,3100.0,3100.0,1000,-1.0,-1.0
2016/11/30,3140.0,3140.0,3115.0,3135.0,9000,-1.0,-1.0
2016/12/01,3135.0,3150.0,3135.0,3150.0,7000,-1.0,-1.0
2016/12/02,3150.0,3150.0,3100.0,3145.0,9000,-1.0,-1.0
2016/12/05,3130.0,3150.0,3130.0,3150.0,5000,-1.0,-1.0
2016/12/06,3145.0,3150.0,3145.0,3150.0,4000,-1.0,-1.0
2016/12/07,3150.0,3150.0,3140.0,3140.0,4000,-1.0,-1.0
2016/12/08,3165.0,3175.0,3165.0,3170.0,7000,-1.0,-1.0
2016/12/09,3170.0,3175.0,3170.0,3175.0,4000,-1.0,-1.0
2016/12/12,3175.0,3240.0,3175.0,3240.0,5000,-1.0,-1.0
2016/12/13,3250.0,3280.0,3230.0,3230.0,7000,-1.0,-1.0
2016/12/14,3230.0,3240.0,3230.0,3230.0,5000,-1.0,-1.0
2016/12/15,3240.0,3275.0,3240.0,3250.0,9000,-1.0,-1.0
2016/12/16,3235.0,3350.0,3235.0,3350.0,18000,-1.0,-1.0
2016/12/19,3315.0,3340.0,3305.0,3305.0,13000,-1.0,-1.0
2016/12/20,3315.0,3350.0,3315.0,3350.0,11000,-1.0,-1.0
2016/12/21,3325.0,3365.0,3325.0,3365.0,5000,-1.0,-1.0
2016/12/22,3365.0,3365.0,3330.0,3340.0,5000,-1.0,-1.0
2016/12/26,3340.0,3375.0,3340.0,3375.0,10000,-1.0,-1.0
2016/12/27,3350.0,3395.0,3350.0,3395.0,9000,-1.0,-1.0
2016/12/28,3320.0,3345.0,3320.0,3345.0,15000,-1.0,-1.0
2016/12/29,3250.0,3250.0,3250.0,3250.0,1000,-1.0,-1.0
2016/12/30,,,,,0,-1.0,-1.0
2017/01/04,3300.0,3300.0,3250.0,3250.0,9000,-1.0,-1.0
2017/01/05,3300.0,3300.0,3295.0,3295.0,4000,-1.0,-1.0
2017/01/06,3275.0,3275.0,3275.0,3275.0,2000,-1.0,-1.0
2017/01/10,3250.0,3250.0,3245.0,3250.0,4000,-1.0,-1.0
2017/01/11,3250.0,3250.0,3250.0,3250.0,1000,-1.0,-1.0
2017/01/12,3245.0,3250.0,3245.0,3245.0,6000,-1.0,-1.0
2017/01/13,3245.0,3265.0,3245.0,3265.0,4000,-1.0,-1.0
2017/01/16,3245.0,3245.0,3245.0,3245.0,1000,-1.0,-1.0
2017/01/17,3285.0,3285.0,3245.0,3245.0,7000,-1.0,-1.0
2017/01/18,3160.0,3225.0,3160.0,3225.0,8000,-1.0,-1.0
2017/01/19,3225.0,3230.0,3225.0,3230.0,3000,-1.0,-1.0
2017/01/20,3235.0,3235.0,3235.0,3235.0,3000,-1.0,-1.0
2017/01/23,3225.0,3225.0,3225.0,3225.0,2000,-1.0,-1.0
2017/01/24,3225.0,3225.0,3225.0,3225.0,2000,-1.0,-1.0
2017/01/25,3270.0,3270.0,3225.0,3225.0,6000,-1.0,-1.0
2017/01/26,3250.0,3250.0,3225.0,3250.0,5000,-1.0,-1.0
2017/01/27,,,,,0,-1.0,-1.0
2017/01/30,3250.0,3250.0,3225.0,3225.0,2000,-1.0,-1.0
2017/01/31,3225.0,3225.0,3225.0,3225.0,5000,-1.0,-1.0
2017/02/01,3225.0,3225.0,3225.0,3225.0,4000,-1.0,-1.0
2017/02/02,3250.0,3250.0,3240.0,3240.0,4000,-1.0,-1.0
2017/02/03,3240.0,3240.0,3240.0,3240.0,2000,-1.0,-1.0
2017/02/06,3240.0,3240.0,3235.0,3235.0,2000,-1.0,-1.0
2017/02/07,3165.0,3165.0,3165.0,3165.0,6000,-1.0,-1.0
2017/02/08,,,,,0,-1.0,-1.0
2017/02/09,3165.0,3165.0,3165.0,3165.0,3000,-1.0,-1.0
2017/02/10,3165.0,3165.0,3165.0,3165.0,1000,-1.0,-1.0
2017/02/13,3205.0,3245.0,3175.0,3175.0,6000,-1.0,-1.0
2017/02/14,,,,,0,-1.0,-1.0
2017/02/15,3170.0,3170.0,3170.0,3170.0,2000,-1.0,-1.0
2017/02/16,3190.0,3240.0,3190.0,3240.0,7000,-1.0,-1.0
2017/02/17,3245.0,3250.0,3240.0,3240.0,6000,-1.0,-1.0
2017/02/20,3240.0,3240.0,3210.0,3210.0,5000,-1.0,-1.0
2017/02/21,3190.0,3190.0,3190.0,3190.0,3000,-1.0,-1.0
2017/02/22,3185.0,3185.0,3175.0,3180.0,7000,-1.0,-1.0
2017/02/23,3170.0,3170.0,3170.0,3170.0,2000,-1.0,-1.0
2017/02/24,3170.0,3190.0,3170.0,3190.0,4000,-1.0,-1.0
2017/02/27,3170.0,3170.0,3150.0,3150.0,4000,-1.0,-1.0
2017/02/28,3150.0,3150.0,3140.0,3140.0,2000,-1.0,-1.0
2017/03/01,3150.0,3160.0,3150.0,3160.0,6000,-1.0,-1.0
2017/03/02,3175.0,3180.0,3175.0,3180.0,6000,-1.0,-1.0
2017/03/03,3135.0,3150.0,3125.0,3150.0,3000,-1.0,-1.0
2017/03/06,3150.0,3165.0,3150.0,3165.0,6000,-1.0,-1.0
2017/03/07,,,,,0,-1.0,-1.0
2017/03/08,3155.0,3155.0,3150.0,3150.0,2000,-1.0,-1.0
2017/03/09,3150.0,3165.0,3150.0,3150.0,3000,-1.0,-1.0
2017/03/10,3170.0,3185.0,3170.0,3185.0,4000,-1.0,-1.0
2017/03/13,3185.0,3185.0,3160.0,3160.0,4000,-1.0,-1.0
2017/03/14,,,,,0,-1.0,-1.0
2017/03/15,,,,,0,-1.0,-1.0
2017/03/16,3160.0,3160.0,3160.0,3160.0,1000,-1.0,-1.0
2017/03/17,3160.0,3175.0,3160.0,3175.0,3000,-1.0,-1.0
2017/03/21,3175.0,3185.0,3175.0,3185.0,2000,-1.0,-1.0
2017/03/22,3170.0,3170.0,3170.0,3170.0,1000,-1.0,-1.0
2017/03/23,3175.0,3190.0,3175.0,3190.0,4000,-1.0,-1.0
2017/03/24,3180.0,3180.0,3175.0,3175.0,2000,-1.0,-1.0
2017/03/27,3180.0,3200.0,3180.0,3200.0,5000,-1.0,-1.0
2017/03/28,3190.0,3190.0,3180.0,3180.0,3000,-1.0,-1.0
2017/03/29,3230.0,3230.0,3230.0,3230.0,2000,-1.0,-1.0
2017/03/30,3190.0,3190.0,3190.0,3190.0,3000,-1.0,-1.0
2017/03/31,3195.0,3235.0,3195.0,3235.0,3000,-1.0,-1.0
2017/04/03,3230.0,3250.0,3225.0,3250.0,5000,-1.0,-1.0
2017/04/04,3275.0,3280.0,3275.0,3280.0,4000,-1.0,-1.0
2017/04/05,3230.0,3230.0,3230.0,3230.0,2000,-1.0,-1.0
2017/04/06,3215.0,3215.0,3200.0,3200.0,7000,-1.0,-1.0
2017/04/07,3200.0,3275.0,3200.0,3275.0,6000,-1.0,-1.0
2017/04/10,3225.0,3225.0,3210.0,3210.0,5000,-1.0,-1.0
2017/04/11,,,,,0,-1.0,-1.0
2017/04/12,3210.0,3210.0,3190.0,3190.0,12000,-1.0,-1.0
2017/04/13,,,,,0,-1.0,-1.0
2017/04/14,,,,,0,-1.0,-1.0
2017/04/17,3180.0,3180.0,3180.0,3180.0,1000,-1.0,-1.0
2017/04/18,3205.0,3205.0,3205.0,3205.0,2000,-1.0,-1.0
2017/04/19,3190.0,3190.0,3190.0,3190.0,2000,-1.0,-1.0
2017/04/20,3200.0,3220.0,3200.0,3215.0,3000,-1.0,-1.0
2017/04/21,3210.0,3210.0,3210.0,3210.0,1000,-1.0,-1.0
2017/04/24,3220.0,3260.0,3220.0,3220.0,3000,-1.0,-1.0
2017/04/25,3250.0,3250.0,3230.0,3230.0,5000,-1.0,-1.0
2017/04/26,3230.0,3230.0,3220.0,3220.0,4000,-1.0,-1.0
2017/04/27,3220.0,3220.0,3220.0,3220.0,2000,-1.0,-1.0
2017/04/28,,,,,0,-1.0,-1.0
2017/05/01,3245.0,3245.0,3245.0,3245.0,3000,-1.0,-1.0
2017/05/02,3240.0,3245.0,3240.0,3245.0,4000,-1.0,-1.0
2017/05/08,3245.0,3245.0,3245.0,3245.0,12000,-1.0,-1.0
2017/05/09,3250.0,3280.0,3250.0,3255.0,8000,-1.0,-1.0
2017/05/10,3280.0,3280.0,3255.0,3255.0,6000,-1.0,-1.0
2017/05/11,3255.0,3255.0,3255.0,3255.0,1000,-1.0,-1.0
2017/05/12,3255.0,3255.0,3255.0,3255.0,6000,-1.0,-1.0
2017/05/15,3255.0,3270.0,3255.0,3265.0,7000,-1.0,-1.0
2017/05/16,3265.0,3265.0,3255.0,3265.0,4000,-1.0,-1.0
2017/05/17,3270.0,3285.0,3270.0,3285.0,4000,-1.0,-1.0
2017/05/18,3300.0,3300.0,3300.0,3300.0,4000,-1.0,-1.0
2017/05/19,3300.0,3300.0,3295.0,3300.0,6000,-1.0,-1.0
2017/05/22,3310.0,3375.0,3310.0,3375.0,7000,-1.0,-1.0
2017/05/23,3345.0,3345.0,3315.0,3315.0,3000,-1.0,-1.0
2017/05/24,3325.0,3325.0,3305.0,3305.0,3000,-1.0,-1.0
2017/05/25,3385.0,3385.0,3385.0,3385.0,4000,-1.0,-1.0
2017/05/26,3325.0,3325.0,3325.0,3325.0,1000,-1.0,-1.0
2017/05/29,3325.0,3365.0,3325.0,3365.0,3000,-1.0,-1.0
2017/05/30,3375.0,3375.0,3375.0,3375.0,1000,-1.0,-1.0
2017/05/31,3375.0,3375.0,3350.0,3375.0,3000,-1.0,-1.0
2017/06/01,3375.0,3375.0,3375.0,3375.0,2000,-1.0,-1.0
2017/06/02,3380.0,3405.0,3380.0,3405.0,17000,-1.0,-1.0
2017/06/05,3405.0,3455.0,3405.0,3445.0,10000,-1.0,-1.0
2017/06/06,3465.0,3640.0,3465.0,3615.0,10000,-1.0,-1.0
2017/06/07,3620.0,3620.0,3500.0,3500.0,8000,-1.0,-1.0
2017/06/08,3505.0,3535.0,3505.0,3535.0,3000,-1.0,-1.0
2017/06/09,3540.0,3570.0,3530.0,3530.0,5000,-1.0,-1.0
2017/06/12,3555.0,3560.0,3525.0,3560.0,8000,-1.0,-1.0
2017/06/13,3535.0,3560.0,3535.0,3560.0,7000,-1.0,-1.0
2017/06/14,,,,,0,-1.0,-1.0
2017/06/15,3560.0,3560.0,3520.0,3520.0,5000,-1.0,-1.0
2017/06/16,3570.0,3575.0,3570.0,3575.0,2000,-1.0,-1.0
2017/06/19,3545.0,3545.0,3545.0,3545.0,3000,-1.0,-1.0
2017/06/20,3545.0,3575.0,3535.0,3560.0,10000,-1.0,-1.0
2017/06/21,3550.0,3575.0,3550.0,3575.0,3000,-1.0,-1.0
2017/06/22,3595.0,3595.0,3590.0,3590.0,2000,-1.0,-1.0
2017/06/23,3590.0,3590.0,3590.0,3590.0,1000,-1.0,-1.0
2017/06/26,3590.0,3590.0,3570.0,3570.0,4000,-1.0,-1.0
2017/06/27,3600.0,3600.0,3585.0,3600.0,14000,-1.0,-1.0
2017/06/28,3500.0,3500.0,3390.0,3400.0,17000,-1.0,-1.0
2017/06/29,3400.0,3425.0,3395.0,3395.0,9000,-1.0,-1.0
2017/06/30,3445.0,3445.0,3405.0,3405.0,3000,-1.0,-1.0
2017/07/03,3405.0,3415.0,3405.0,3415.0,6000,-1.0,-1.0
2017/07/04,3415.0,3450.0,3405.0,3450.0,6000,-1.0,-1.0
2017/07/05,3400.0,3400.0,3400.0,3400.0,1000,-1.0,-1.0
2017/07/06,3435.0,3435.0,3435.0,3435.0,3000,-1.0,-1.0
2017/07/07,3420.0,3420.0,3420.0,3420.0,1000,-1.0,-1.0
2017/07/10,3370.0,3370.0,3355.0,3355.0,4000,-1.0,-1.0
2017/07/11,3355.0,3400.0,3355.0,3400.0,6000,-1.0,-1.0
2017/07/12,3380.0,3420.0,3380.0,3420.0,3000,-1.0,-1.0
2017/07/13,3430.0,3470.0,3430.0,3470.0,4000,-1.0,-1.0
2017/07/14,3420.0,3420.0,3405.0,3405.0,3000,-1.0,-1.0
2017/07/18,3395.0,3395.0,3395.0,3395.0,1000,-1.0,-1.0
2017/07/19,3435.0,3435.0,3435.0,3435.0,2000,-1.0,-1.0
2017/07/20,3420.0,3420.0,3420.0,3420.0,1000,-1.0,-1.0
2017/07/21,3440.0,3450.0,3440.0,3450.0,4000,-1.0,-1.0
2017/07/24,,,,,0,-1.0,-1.0
2017/07/25,3530.0,3545.0,3500.0,3545.0,8000,-1.0,-1.0
2017/07/26,3540.0,3540.0,3535.0,3535.0,2000,-1.0,-1.0
2017/07/27,3540.0,3540.0,3540.0,3540.0,1000,-1.0,-1.0
2017/07/28,3470.0,3505.0,3470.0,3505.0,5000,-1.0,-1.0
2017/07/31,3455.0,3455.0,3450.0,3450.0,2000,-1.0,-1.0
2017/08/01,3470.0,3470.0,3470.0,3470.0,1000,-1.0,-1.0
2017/08/02,3470.0,3470.0,3450.0,3450.0,4000,-1.0,-1.0
2017/08/03,3425.0,3480.0,3425.0,3430.0,3000,-1.0,-1.0
2017/08/04,3420.0,3420.0,3420.0,3420.0,7000,-1.0,-1.0
2017/08/07,3505.0,3505.0,3420.0,3420.0,4000,-1.0,-1.0
2017/08/08,,,,,0,-1.0,-1.0
2017/08/09,,,,,0,-1.0,-1.0
2017/08/10,3415.0,3415.0,3410.0,3410.0,3000,-1.0,-1.0
2017/08/14,3400.0,3400.0,3400.0,3400.0,3000,-1.0,-1.0
2017/08/15,3440.0,3440.0,3420.0,3420.0,5000,-1.0,-1.0
2017/08/16,3430.0,3450.0,3415.0,3450.0,18000,-1.0,-1.0
2017/08/17,3465.0,3535.0,3465.0,3500.0,11000,-1.0,-1.0
2017/08/18,3500.0,3550.0,3500.0,3500.0,17000,-1.0,-1.0
2017/08/21,3505.0,3555.0,3505.0,3550.0,5000,-1.0,-1.0
2017/08/22,3555.0,3575.0,3550.0,3570.0,11000,-1.0,-1.0
2017/08/23,3585.0,3610.0,3560.0,3560.0,15000,-1.0,-1.0
2017/08/24,3560.0,3570.0,3560.0,3565.0,6000,-1.0,-1.0
2017/08/25,3595.0,3600.0,3585.0,3600.0,10000,-1.0,-1.0
2017/08/28,3600.0,3600.0,3590.0,3590.0,4000,-1.0,-1.0
2017/08/29,3575.0,3580.0,3565.0,3565.0,5000,-1.0,-1.0
2017/08/30,3510.0,3575.0,3510.0,3550.0,7000,-1.0,-1.0
2017/08/31,3550.0,3550.0,3510.0,3510.0,3000,-1.0,-1.0
2017/09/01,3535.0,3535.0,3535.0,3535.0,2000,-1.0,-1.0
2017/09/04,3530.0,3550.0,3530.0,3550.0,4000,-1.0,-1.0
2017/09/05,3530.0,3530.0,3415.0,3415.0,8000,-1.0,-1.0
2017/09/06,3330.0,3415.0,3330.0,3390.0,17000,-1.0,-1.0
2017/09/07,3390.0,3425.0,3385.0,3425.0,8000,-1.0,-1.0
2017/09/08,3470.0,3495.0,3470.0,3495.0,5000,-1.0,-1.0
2017/09/11,3495.0,3495.0,3445.0,3445.0,3000,-1.0,-1.0
2017/09/12,3445.0,3465.0,3445.0,3465.0,2000,-1.0,-1.0
2017/09/13,,,,,0,-1.0,-1.0
2017/09/14,3480.0,3480.0,3480.0,3480.0,1000,-1.0,-1.0
2017/09/15,3475.0,3475.0,3450.0,3450.0,2000,-1.0,-1.0
2017/09/19,3495.0,3495.0,3460.0,3460.0,3000,-1.0,-1.0
2017/09/20,3485.0,3485.0,3470.0,3470.0,2000,-1.0,-1.0
2017/09/21,3470.0,3470.0,3465.0,3465.0,4000,-1.0,-1.0
2017/09/22,3470.0,3470.0,3445.0,3445.0,13000,-1.0,-1.0
2017/09/25,3445.0,3460.0,3425.0,3425.0,3000,-1.0,-1.0
2017/09/26,3435.0,3435.0,3420.0,3420.0,2000,-1.0,-1.0
2017/09/27,3425.0,3460.0,3425.0,3460.0,3000,-1.0,-1.0
2017/09/28,3460.0,3460.0,3405.0,3410.0,7000,-1.0,-1.0
2017/09/29,3460.0,3460.0,3460.0,3460.0,1000,-1.0,-1.0
2017/10/02,3490.0,3490.0,3445.0,3445.0,2000,-1.0,-1.0
2017/10/03,3480.0,3480.0,3440.0,3465.0,6000,-1.0,-1.0
2017/10/04,3445.0,3450.0,3430.0,3430.0,8000,-1.0,-1.0
2017/10/05,3435.0,3435.0,3425.0,3425.0,5000,-1.0,-1.0
2017/10/06,3455.0,3455.0,3455.0,3455.0,2000,-1.0,-1.0
2017/10/10,3455.0,3455.0,3440.0,3440.0,3000,-1.0,-1.0
2017/10/11,3465.0,3465.0,3445.0,3445.0,8000,-1.0,-1.0
2017/10/12,3470.0,3470.0,3390.0,3425.0,16000,-1.0,-1.0
2017/10/13,3455.0,3470.0,3455.0,3455.0,3000,-1.0,-1.0
2017/10/16,3460.0,3475.0,3460.0,3460.0,6000,-1.0,-1.0
2017/10/17,3485.0,3485.0,3470.0,3475.0,5000,-1.0,-1.0
2017/10/18,3485.0,3490.0,3485.0,3490.0,3000,-1.0,-1.0
2017/10/19,3490.0,3490.0,3485.0,3490.0,3000,-1.0,-1.0
2017/10/20,3490.0,3490.0,3485.0,3485.0,2000,-1.0,-1.0
2017/10/23,3515.0,3515.0,3500.0,3500.0,2000,-1.0,-1.0
2017/10/24,3515.0,3515.0,3500.0,3500.0,2000,-1.0,-1.0
2017/10/25,3515.0,3515.0,3500.0,3500.0,7000,-1.0,-1.0
2017/10/26,3520.0,3520.0,3440.0,3490.0,4000,-1.0,-1.0
2017/10/27,3560.0,3800.0,3535.0,3540.0,86000,-1.0,-1.0
2017/10/30,3600.0,3600.0,3585.0,3585.0,7000,-1.0,-1.0
2017/10/31,,,,,0,-1.0,-1.0
2017/11/01,3585.0,3585.0,3585.0,3585.0,1000,-1.0,-1.0
2017/11/02,3595.0,3600.0,3585.0,3585.0,6000,-1.0,-1.0
2017/11/06,3585.0,3625.0,3585.0,3605.0,8000,-1.0,-1.0
2017/11/07,3590.0,3590.0,3590.0,3590.0,2000,-1.0,-1.0
2017/11/08,3595.0,3595.0,3590.0,3595.0,4000,-1.0,-1.0
2017/11/09,3585.0,3605.0,3555.0,3575.0,11000,-1.0,-1.0
2017/11/10,3510.0,3545.0,3505.0,3545.0,9000,-1.0,-1.0
2017/11/13,3545.0,3545.0,3545.0,3545.0,1000,-1.0,-1.0
2017/11/14,3545.0,3550.0,3545.0,3545.0,5000,-1.0,-1.0
2017/11/15,3545.0,3565.0,3510.0,3510.0,5000,-1.0,-1.0
2017/11/16,3510.0,3555.0,3510.0,3555.0,2000,-1.0,-1.0
2017/11/17,3525.0,3525.0,3525.0,3525.0,1000,-1.0,-1.0
2017/11/20,3545.0,3550.0,3545.0,3550.0,2000,-1.0,-1.0
2017/11/21,3550.0,3560.0,3550.0,3560.0,3000,-1.0,-1.0
2017/11/22,3570.0,3570.0,3570.0,3570.0,1000,-1.0,-1.0
2017/11/24,3575.0,3620.0,3575.0,3580.0,12000,-1.0,-1.0
2017/11/27,3580.0,3585.0,3575.0,3585.0,4000,-1.0,-1.0
2017/11/28,3580.0,3610.0,3575.0,3610.0,5000,-1.0,-1.0
2017/11/29,3615.0,3620.0,3600.0,3605.0,9000,-1.0,-1.0
2017/11/30,3620.0,3635.0,3620.0,3625.0,13000,-1.0,-1.0
2017/12/01,3625.0,3690.0,3625.0,3635.0,10000,-1.0,-1.0
2017/12/04,3785.0,3790.0,3715.0,3730.0,9000,-1.0,-1.0
2017/12/05,3720.0,3770.0,3720.0,3735.0,5000,-1.0,-1.0
2017/12/06,,,,,0,-1.0,-1.0
2017/12/07,3750.0,3760.0,3700.0,3700.0,9000,-1.0,-1.0
2017/12/08,3700.0,3750.0,3700.0,3750.0,7000,-1.0,-1.0
2017/12/11,3750.0,3775.0,3750.0,3775.0,5000,-1.0,-1.0
2017/12/12,3795.0,3830.0,3795.0,3810.0,10000,-1.0,-1.0
2017/12/13,3850.0,3870.0,3825.0,3825.0,11000,-1.0,-1.0
2017/12/14,3830.0,3830.0,3830.0,3830.0,3000,-1.0,-1.0
2017/12/15,3830.0,3840.0,3830.0,3840.0,8000,-1.0,-1.0
2017/12/18,3885.0,3885.0,3840.0,3840.0,8000,-1.0,-1.0
2017/12/19,3885.0,3890.0,3865.0,3870.0,8000,-1.0,-1.0
2017/12/20,3875.0,3930.0,3875.0,3885.0,6000,-1.0,-1.0
2017/12/21,3885.0,3915.0,3875.0,3915.0,9000,-1.0,-1.0
2017/12/22,3900.0,3910.0,3900.0,3910.0,6000,-1.0,-1.0
2017/12/25,3945.0,3945.0,3945.0,3945.0,1000,-1.0,-1.0
2017/12/26,3940.0,3940.0,3890.0,3890.0,12000,-1.0,-1.0
2017/12/27,3665.0,3735.0,3605.0,3700.0,9000,-1.0,-1.0
2017/12/28,3700.0,3700.0,3665.0,3695.0,5000,-1.0,-1.0
2017/12/29,3690.0,3690.0,3655.0,3665.0,5000,-1.0,-1.0
2018/01/04,3665.0,3690.0,3660.0,3690.0,7000,-1.0,-1.0
2018/01/05,3695.0,3695.0,3665.0,3675.0,6000,-1.0,-1.0
2018/01/09,3675.0,3700.0,3675.0,3700.0,6000,-1.0,-1.0
2018/01/10,3685.0,3685.0,3685.0,3685.0,1000,-1.0,-1.0
2018/01/11,3685.0,3700.0,3685.0,3700.0,3000,-1.0,-1.0
2018/01/12,3750.0,3755.0,3750.0,3755.0,4000,-1.0,-1.0
2018/01/15,3775.0,3775.0,3755.0,3755.0,2000,-1.0,-1.0
2018/01/16,3755.0,3765.0,3705.0,3705.0,5000,-1.0,-1.0
2018/01/17,3680.0,3710.0,3680.0,3710.0,4000,-1.0,-1.0
2018/01/18,3750.0,3750.0,3750.0,3750.0,1000,-1.0,-1.0
2018/01/19,3730.0,3730.0,3700.0,3700.0,3000,-1.0,-1.0
2018/01/22,3700.0,3700.0,3700.0,3700.0,9000,-1.0,-1.0
2018/01/23,3700.0,3700.0,3700.0,3700.0,4000,-1.0,-1.0
2018/01/24,3770.0,3770.0,3770.0,3770.0,1000,-1.0,-1.0
2018/01/25,3805.0,3805.0,3790.0,3800.0,10000,-1.0,-1.0
2018/01/26,3805.0,3835.0,3775.0,3775.0,5000,-1.0,-1.0
2018/01/29,3770.0,3835.0,3765.0,3770.0,7000,-1.0,-1.0
2018/01/30,3785.0,3785.0,3765.0,3775.0,11000,-1.0,-1.0
2018/01/31,3765.0,3770.0,3765.0,3770.0,4000,-1.0,-1.0
2018/02/01,3775.0,3840.0,3775.0,3840.0,5000,-1.0,-1.0
2018/02/02,3825.0,3825.0,3785.0,3785.0,9000,-1.0,-1.0
2018/02/05,3700.0,3730.0,3650.0,3725.0,10000,-1.0,-1.0
2018/02/06,3625.0,3700.0,3555.0,3650.0,22000,-1.0,-1.0
2018/02/07,3675.0,3675.0,3675.0,3675.0,2000,-1.0,-1.0
2018/02/08,3700.0,3700.0,3700.0,3700.0,1000,-1.0,-1.0
2018/02/09,3705.0,3705.0,3700.0,3705.0,4000,-1.0,-1.0
2018/02/13,3770.0,3770.0,3765.0,3770.0,3000,-1.0,-1.0
2018/02/14,3725.0,3725.0,3550.0,3550.0,11000,-1.0,-1.0
2018/02/15,3550.0,3600.0,3550.0,3600.0,3000,-1.0,-1.0
2018/02/16,3595.0,3600.0,3595.0,3600.0,2000,-1.0,-1.0
2018/02/19,3745.0,3745.0,3745.0,3745.0,1000,-1.0,-1.0
2018/02/20,3745.0,3745.0,3745.0,3745.0,2000,-1.0,-1.0
2018/02/21,3655.0,3655.0,3655.0,3655.0,3000,-1.0,-1.0
2018/02/22,3610.0,3610.0,3605.0,3605.0,2000,-1.0,-1.0
2018/02/23,3705.0,3705.0,3630.0,3705.0,4000,-1.0,-1.0
2018/02/26,3755.0,3755.0,3705.0,3705.0,3000,-1.0,-1.0
2018/02/27,3760.0,3775.0,3760.0,3775.0,2000,-1.0,-1.0
2018/02/28,3730.0,3730.0,3685.0,3685.0,3000,-1.0,-1.0
2018/03/01,3750.0,3750.0,3675.0,3675.0,2000,-1.0,-1.0
2018/03/02,3750.0,3750.0,3650.0,3650.0,4000,-1.0,-1.0
2018/03/05,3645.0,3645.0,3500.0,3505.0,11000,-1.0,-1.0
2018/03/06,,,,,0,-1.0,-1.0
2018/03/07,3505.0,3505.0,3505.0,3505.0,1000,-1.0,-1.0
2018/03/08,3550.0,3580.0,3525.0,3530.0,4000,-1.0,-1.0
2018/03/09,3530.0,3530.0,3530.0,3530.0,1000,-1.0,-1.0
2018/03/12,3535.0,3550.0,3535.0,3550.0,2000,-1.0,-1.0
2018/03/13,3550.0,3550.0,3550.0,3550.0,1000,-1.0,-1.0
2018/03/14,3580.0,3595.0,3580.0,3595.0,3000,-1.0,-1.0
2018/03/15,3610.0,3615.0,3610.0,3615.0,2000,-1.0,-1.0
2018/03/16,,,,,0,-1.0,-1.0
2018/03/19,3615.0,3615.0,3615.0,3615.0,2000,-1.0,-1.0
2018/03/20,3615.0,3615.0,3615.0,3615.0,1000,-1.0,-1.0
2018/03/22,3620.0,3620.0,3620.0,3620.0,1000,-1.0,-1.0
2018/03/23,3620.0,3620.0,3615.0,3615.0,3000,-1.0,-1.0
2018/03/26,3525.0,3535.0,3525.0,3535.0,2000,-1.0,-1.0
2018/03/27,3625.0,3625.0,3625.0,3625.0,1000,-1.0,-1.0
2018/03/28,3600.0,3600.0,3600.0,3600.0,1000,-1.0,-1.0
2018/03/29,3675.0,3675.0,3675.0,3675.0,1000,-1.0,-1.0
2018/03/30,3670.0,3680.0,3670.0,3680.0,8000,-1.0,-1.0
2018/04/02,3700.0,3700.0,3605.0,3605.0,5000,-1.0,-1.0
2018/04/03,3720.0,3720.0,3720.0,3720.0,2000,-1.0,-1.0
2018/04/04,3675.0,3675.0,3605.0,3650.0,6000,-1.0,-1.0
2018/04/05,,,,,0,-1.0,-1.0
2018/04/06,3625.0,3625.0,3625.0,3625.0,1000,-1.0,-1.0
2018/04/09,,,,,0,-1.0,-1.0
2018/04/10,3720.0,3730.0,3655.0,3700.0,9000,-1.0,-1.0
2018/04/11,,,,,0,-1.0,-1.0
2018/04/12,3695.0,3695.0,3695.0,3695.0,1000,-1.0,-1.0
2018/04/13,,,,,0,-1.0,-1.0
2018/04/16,3650.0,3650.0,3650.0,3650.0,1000,-1.0,-1.0
2018/04/17,3650.0,3650.0,3650.0,3650.0,1000,-1.0,-1.0
2018/04/18,3710.0,3710.0,3710.0,3710.0,1000,-1.0,-1.0
2018/04/19,3670.0,3675.0,3670.0,3675.0,3000,-1.0,-1.0
2018/04/20,3670.0,3670.0,3650.0,3650.0,5000,-1.0,-1.0
2018/04/23,,,,,0,-1.0,-1.0
2018/04/24,,,,,0,-1.0,-1.0
2018/04/25,3650.0,3655.0,3650.0,3655.0,2000,-1.0,-1.0
2018/04/26,3660.0,3660.0,3660.0,3660.0,1000,-1.0,-1.0
2018/04/27,3680.0,3680.0,3680.0,3680.0,1000,-1.0,-1.0
2018/05/01,3755.0,3755.0,3720.0,3720.0,3000,-1.0,-1.0
2018/05/02,3735.0,3735.0,3700.0,3700.0,6000,-1.0,-1.0
2018/05/07,3700.0,3705.0,3700.0,3705.0,5000,-1.0,-1.0
2018/05/08,3750.0,3750.0,3710.0,3710.0,2000,-1.0,-1.0
2018/05/09,3800.0,3900.0,3800.0,3825.0,23000,-1.0,-1.0
2018/05/10,3780.0,3810.0,3780.0,3810.0,2000,-1.0,-1.0
2018/05/11,3890.0,3890.0,3890.0,3890.0,2000,-1.0,-1.0
2018/05/14,3875.0,3875.0,3810.0,3835.0,6000,-1.0,-1.0
2018/05/15,3820.0,3875.0,3800.0,3875.0,10000,-1.0,-1.0
2018/05/16,,,,,0,-1.0,-1.0
2018/05/17,3865.0,3865.0,3865.0,3865.0,1000,-1.0,-1.0
2018/05/18,3845.0,3850.0,3845.0,3850.0,4000,-1.0,-1.0
2018/05/21,3850.0,3850.0,3850.0,3850.0,4000,-1.0,-1.0
2018/05/22,3880.0,3885.0,3880.0,3885.0,2000,-1.0,-1.0
2018/05/23,3925.0,3995.0,3860.0,3995.0,8000,-1.0,-1.0
2018/05/24,,,,,0,-1.0,-1.0
2018/05/25,4005.0,4005.0,3950.0,3950.0,7000,-1.0,-1.0
2018/05/28,3950.0,3950.0,3925.0,3925.0,3000,-1.0,-1.0
2018/05/29,3950.0,3950.0,3950.0,3950.0,1000,-1.0,-1.0
2018/05/30,3815.0,3840.0,3815.0,3820.0,12000,-1.0,-1.0
2018/05/31,3895.0,3975.0,3895.0,3950.0,5000,-1.0,-1.0
2018/06/01,3875.0,3935.0,3875.0,3935.0,2000,-1.0,-1.0
2018/06/04,3955.0,3985.0,3955.0,3985.0,8000,-1.0,-1.0
2018/06/05,3910.0,3930.0,3900.0,3930.0,5000,-1.0,-1.0
2018/06/06,,,,,0,-1.0,-1.0
2018/06/07,3920.0,3920.0,3920.0,3920.0,1000,-1.0,-1.0
2018/06/08,3905.0,3905.0,3905.0,3905.0,1000,-1.0,-1.0
2018/06/11,,,,,0,-1.0,-1.0
2018/06/12,3925.0,3940.0,3925.0,3940.0,4000,-1.0,-1.0
2018/06/13,3945.0,3955.0,3930.0,3955.0,6000,-1.0,-1.0
2018/06/14,3955.0,3970.0,3950.0,3950.0,7000,-1.0,-1.0
2018/06/15,3960.0,3970.0,3950.0,3955.0,9000,-1.0,-1.0
2018/06/18,3960.0,3975.0,3950.0,3950.0,6000,-1.0,-1.0
2018/06/19,3975.0,3975.0,3885.0,3885.0,14000,-1.0,-1.0
2018/06/20,3890.0,3895.0,3890.0,3890.0,5000,-1.0,-1.0
2018/06/21,3875.0,3900.0,3830.0,3830.0,11000,-1.0,-1.0
2018/06/22,3845.0,3850.0,3845.0,3845.0,5000,-1.0,-1.0
2018/06/25,3860.0,3895.0,3845.0,3845.0,10000,-1.0,-1.0
2018/06/26,3915.0,3925.0,3905.0,3925.0,8000,-1.0,-1.0
2018/06/27,3835.0,3835.0,3750.0,3750.0,1000,-1.0,-1.0
2018/06/28,3740.0,3750.0,3700.0,3700.0,1300,-1.0,-1.0
2018/06/29,3840.0,3840.0,3770.0,3770.0,600,-1.0,-1.0
2018/07/02,3765.0,3765.0,3740.0,3740.0,400,-1.0,-1.0
2018/07/03,3745.0,3750.0,3700.0,3750.0,500,-1.0,-1.0
2018/07/04,3715.0,3715.0,3700.0,3700.0,400,-1.0,-1.0
2018/07/05,3740.0,3740.0,3740.0,3740.0,100,-1.0,-1.0
2018/07/06,3700.0,3700.0,3695.0,3700.0,400,-1.0,-1.0
2018/07/09,3695.0,3745.0,3690.0,3745.0,600,-1.0,-1.0
2018/07/10,3745.0,3750.0,3745.0,3750.0,600,-1.0,-1.0
2018/07/11,3705.0,3710.0,3705.0,3705.0,700,-1.0,-1.0
2018/07/12,3755.0,3755.0,3725.0,3725.0,300,-1.0,-1.0
2018/07/13,3720.0,3720.0,3720.0,3720.0,100,-1.0,-1.0
2018/07/17,3720.0,3720.0,3720.0,3720.0,200,-1.0,-1.0
2018/07/18,3755.0,3755.0,3755.0,3755.0,100,-1.0,-1.0
2018/07/19,3725.0,3725.0,3725.0,3725.0,100,-1.0,-1.0
2018/07/20,3745.0,3745.0,3745.0,3745.0,100,-1.0,-1.0
2018/07/23,3750.0,3770.0,3750.0,3770.0,800,-1.0,-1.0
2018/07/24,3780.0,3830.0,3780.0,3825.0,1000,-1.0,-1.0
2018/07/25,3825.0,3850.0,3785.0,3785.0,1400,-1.0,-1.0
2018/07/26,3850.0,3880.0,3830.0,3875.0,2600,-1.0,-1.0
2018/07/27,3885.0,3905.0,3840.0,3905.0,2000,-1.0,-1.0
2018/07/30,3905.0,3905.0,3905.0,3905.0,400,-1.0,-1.0
2018/07/31,3885.0,3900.0,3860.0,3900.0,600,-1.0,-1.0
2018/08/01,,,,,0,-1.0,-1.0
2018/08/02,3900.0,3900.0,3855.0,3885.0,800,-1.0,-1.0
2018/08/03,3835.0,3885.0,3825.0,3855.0,700,-1.0,-1.0
2018/08/06,3865.0,3865.0,3830.0,3830.0,900,-1.0,-1.0
2018/08/07,3830.0,3830.0,3825.0,3825.0,600,-1.0,-1.0
2018/08/08,3825.0,3825.0,3825.0,3825.0,1300,-1.0,-1.0
2018/08/09,3825.0,3855.0,3825.0,3840.0,500,-1.0,-1.0
2018/08/10,3805.0,3805.0,3765.0,3765.0,1800,-1.0,-1.0
2018/08/13,3750.0,3750.0,3700.0,3700.0,800,-1.0,-1.0
2018/08/14,3705.0,3705.0,3555.0,3605.0,4400,-1.0,-1.0
2018/08/15,3615.0,3670.0,3600.0,3670.0,800,-1.0,-1.0
2018/08/16,,,,,0,-1.0,-1.0
2018/08/17,,,,,0,-1.0,-1.0
2018/08/20,3605.0,3650.0,3605.0,3650.0,500,-1.0,-1.0
2018/08/21,3605.0,3605.0,3600.0,3600.0,600,-1.0,-1.0
2018/08/22,3570.0,3615.0,3570.0,3615.0,600,-1.0,-1.0
2018/08/23,3620.0,3620.0,3600.0,3600.0,300,-1.0,-1.0
2018/08/24,3620.0,3620.0,3600.0,3600.0,800,-1.0,-1.0
2018/08/27,,,,,0,-1.0,-1.0
2018/08/28,,,,,0,-1.0,-1.0
2018/08/29,3690.0,3770.0,3690.0,3745.0,900,-1.0,-1.0
2018/08/30,3745.0,3755.0,3715.0,3715.0,1300,-1.0,-1.0
2018/08/31,3705.0,3745.0,3705.0,3710.0,600,-1.0,-1.0
2018/09/03,3710.0,3710.0,3710.0,3710.0,100,-1.0,-1.0
2018/09/04,3710.0,3730.0,3710.0,3710.0,600,-1.0,-1.0
2018/09/05,3705.0,3735.0,3705.0,3735.0,400,-1.0,-1.0
2018/09/06,3735.0,3735.0,3715.0,3735.0,700,-1.0,-1.0
2018/09/07,,,,,0,-1.0,-1.0
2018/09/10,3740.0,3750.0,3705.0,3710.0,800,-1.0,-1.0
2018/09/11,3715.0,3715.0,3715.0,3715.0,100,-1.0,-1.0
2018/09/12,3715.0,3720.0,3715.0,3720.0,400,-1.0,-1.0
2018/09/13,3750.0,3750.0,3750.0,3750.0,100,-1.0,-1.0
2018/09/14,3760.0,3760.0,3710.0,3710.0,900,-1.0,-1.0
2018/09/18,3755.0,3760.0,3755.0,3760.0,300,-1.0,-1.0
2018/09/19,3780.0,3795.0,3780.0,3790.0,400,-1.0,-1.0
2018/09/20,3780.0,3780.0,3710.0,3730.0,500,-1.0,-1.0
2018/09/21,3740.0,3790.0,3740.0,3785.0,700,-1.0,-1.0
2018/09/25,3785.0,3845.0,3785.0,3845.0,700,-1.0,-1.0
2018/09/26,3840.0,3865.0,3830.0,3865.0,1900,-1.0,-1.0
2018/09/27,3865.0,3895.0,3865.0,3895.0,1600,-1.0,-1.0
2018/09/28,3890.0,3890.0,3890.0,3890.0,200,-1.0,-1.0
2018/10/01,3895.0,3900.0,3895.0,3900.0,500,-1.0,-1.0
2018/10/02,3940.0,3940.0,3900.0,3900.0,500,-1.0,-1.0
2018/10/03,3905.0,3910.0,3905.0,3910.0,300,-1.0,-1.0
2018/10/04,,,,,0,-1.0,-1.0
2018/10/05,3910.0,3910.0,3910.0,3910.0,100,-1.0,-1.0
2018/10/09,3915.0,3940.0,3915.0,3915.0,1300,-1.0,-1.0
2018/10/10,3910.0,3915.0,3910.0,3915.0,800,-1.0,-1.0
2018/10/11,3810.0,3850.0,3810.0,3810.0,1300,-1.0,-1.0
2018/10/12,3820.0,3885.0,3820.0,3885.0,900,-1.0,-1.0
2018/10/15,3900.0,3900.0,3890.0,3890.0,300,-1.0,-1.0
2018/10/16,3900.0,3900.0,3880.0,3895.0,300,-1.0,-1.0
2018/10/17,3945.0,3945.0,3855.0,3875.0,400,-1.0,-1.0
2018/10/18,3885.0,3885.0,3885.0,3885.0,100,-1.0,-1.0
2018/10/19,3880.0,3880.0,3870.0,3870.0,600,-1.0,-1.0
2018/10/22,3915.0,3915.0,3915.0,3915.0,600,-1.0,-1.0
2018/10/23,3845.0,3850.0,3845.0,3845.0,400,-1.0,-1.0
2018/10/24,3845.0,3845.0,3840.0,3840.0,400,-1.0,-1.0
2018/10/25,3840.0,3840.0,3775.0,3830.0,1000,-1.0,-1.0
2018/10/26,3830.0,3830.0,3770.0,3770.0,300,-1.0,-1.0
2018/10/29,3770.0,3770.0,3735.0,3735.0,800,-1.0,-1.0
2018/10/30,3770.0,3770.0,3735.0,3735.0,200,-1.0,-1.0
2018/10/31,3785.0,3785.0,3785.0,3785.0,100,-1.0,-1.0
2018/11/01,3785.0,3785.0,3740.0,3740.0,700,-1.0,-1.0
2018/11/02,3745.0,3745.0,3745.0,3745.0,200,-1.0,-1.0
2018/11/05,3745.0,3880.0,3745.0,3795.0,1200,-1.0,-1.0
2018/11/06,,,,,0,-1.0,-1.0
2018/11/07,3785.0,3795.0,3780.0,3780.0,600,-1.0,-1.0
2018/11/08,3850.0,3850.0,3780.0,3780.0,200,-1.0,-1.0
2018/11/09,3715.0,3755.0,3715.0,3730.0,1700,-1.0,-1.0
2018/11/12,3730.0,3730.0,3690.0,3690.0,1200,-1.0,-1.0
2018/11/13,3760.0,3760.0,3760.0,3760.0,100,-1.0,-1.0
2018/11/14,,,,,0,-1.0,-1.0
2018/11/15,3725.0,3725.0,3725.0,3725.0,200,-1.0,-1.0
2018/11/16,,,,,0,-1.0,-1.0
2018/11/19,3725.0,3735.0,3725.0,3735.0,300,-1.0,-1.0
2018/11/20,3850.0,3850.0,3850.0,3850.0,600,-1.0,-1.0
2018/11/21,3755.0,3755.0,3755.0,3755.0,100,-1.0,-1.0
2018/11/22,3880.0,3880.0,3810.0,3810.0,600,-1.0,-1.0
2018/11/26,3805.0,3810.0,3790.0,3790.0,400,-1.0,-1.0
2018/11/27,3795.0,3865.0,3795.0,3865.0,300,-1.0,-1.0
2018/11/28,3855.0,3855.0,3795.0,3845.0,700,-1.0,-1.0
2018/11/29,3830.0,3845.0,3830.0,3830.0,800,-1.0,-1.0
2018/11/30,3885.0,3895.0,3870.0,3870.0,2700,-1.0,-1.0
2018/12/03,3870.0,3870.0,3850.0,3850.0,2700,-1.0,-1.0
2018/12/04,3870.0,3870.0,3855.0,3865.0,400,-1.0,-1.0
2018/12/05,3865.0,3905.0,3865.0,3905.0,600,-1.0,-1.0
2018/12/06,3860.0,3935.0,3860.0,3905.0,1600,-1.0,-1.0
2018/12/07,3905.0,3935.0,3905.0,3935.0,900,-1.0,-1.0
2018/12/10,3945.0,3945.0,3875.0,3875.0,700,-1.0,-1.0
2018/12/11,3880.0,3935.0,3880.0,3935.0,600,-1.0,-1.0
2018/12/12,3875.0,3940.0,3875.0,3910.0,900,-1.0,-1.0
2018/12/13,3875.0,3940.0,3870.0,3910.0,900,-1.0,-1.0
2018/12/14,3900.0,3910.0,3900.0,3910.0,600,-1.0,-1.0
2018/12/17,3910.0,3915.0,3910.0,3915.0,800,-1.0,-1.0
2018/12/18,3915.0,3920.0,3910.0,3915.0,600,-1.0,-1.0
2018/12/19,3905.0,3910.0,3880.0,3880.0,1400,-1.0,-1.0
2018/12/20,3880.0,3880.0,3860.0,3860.0,300,-1.0,-1.0
2018/12/21,3850.0,3850.0,3835.0,3835.0,700,-1.0,-1.0
2018/12/25,3835.0,3840.0,3790.0,3790.0,3100,-1.0,-1.0
2018/12/26,3415.0,3470.0,3310.0,3405.0,4000,-1.0,-1.0
2018/12/27,3425.0,3455.0,3415.0,3440.0,1000,-1.0,-1.0
2018/12/28,3440.0,3510.0,3440.0,3440.0,400,-1.0,-1.0
2019/01/04,3400.0,3495.0,3400.0,3490.0,700,-1.0,-1.0
2019/01/07,3630.0,3630.0,3630.0,3630.0,300,-1.0,-1.0
2019/01/08,3490.0,3560.0,3490.0,3490.0,700,-1.0,-1.0
2019/01/09,3500.0,3500.0,3470.0,3470.0,300,-1.0,-1.0
2019/01/10,3470.0,3470.0,3470.0,3470.0,100,-1.0,-1.0
2019/01/11,3540.0,3540.0,3540.0,3540.0,100,-1.0,-1.0
2019/01/15,3470.0,3470.0,3330.0,3400.0,2300,-1.0,-1.0
2019/01/16,3470.0,3470.0,3445.0,3445.0,400,-1.0,-1.0
2019/01/17,3415.0,3415.0,3345.0,3385.0,900,-1.0,-1.0
2019/01/18,3455.0,3455.0,3440.0,3440.0,200,-1.0,-1.0
2019/01/21,3440.0,3520.0,3440.0,3500.0,1900,-1.0,-1.0
2019/01/22,3470.0,3470.0,3415.0,3415.0,500,-1.0,-1.0
2019/01/23,3400.0,3415.0,3345.0,3415.0,1700,-1.0,-1.0
2019/01/24,3415.0,3480.0,3415.0,3480.0,1400,-1.0,-1.0
2019/01/25,3540.0,3540.0,3540.0,3540.0,200,-1.0,-1.0
2019/01/28,,,,,0,-1.0,-1.0
2019/01/29,,,,,0,-1.0,-1.0
2019/01/30,3440.0,3480.0,3440.0,3480.0,900,-1.0,-1.0
2019/01/31,,,,,0,-1.0,-1.0
2019/02/01,3540.0,3540.0,3540.0,3540.0,200,-1.0,-1.0
2019/02/04,3555.0,3555.0,3530.0,3530.0,400,-1.0,-1.0
2019/02/05,3500.0,3500.0,3500.0,3500.0,300,-1.0,-1.0
2019/02/06,3455.0,3465.0,3455.0,3460.0,400,-1.0,-1.0
2019/02/07,3460.0,3475.0,3440.0,3475.0,1500,-1.0,-1.0
2019/02/08,3475.0,3475.0,3460.0,3460.0,200,-1.0,-1.0
2019/02/12,3450.0,3460.0,3450.0,3460.0,600,-1.0,-1.0
2019/02/13,3500.0,3500.0,3500.0,3500.0,100,-1.0,-1.0
2019/02/14,3470.0,3470.0,3470.0,3470.0,100,-1.0,-1.0
2019/02/15,3500.0,3500.0,3500.0,3500.0,100,-1.0,-1.0
2019/02/18,3555.0,3555.0,3480.0,3480.0,500,-1.0,-1.0
2019/02/19,3530.0,3550.0,3510.0,3510.0,300,-1.0,-1.0
2019/02/20,3520.0,3520.0,3520.0,3520.0,200,-1.0,-1.0
2019/02/21,3530.0,3530.0,3530.0,3530.0,300,-1.0,-1.0
2019/02/22,3530.0,3550.0,3520.0,3520.0,500,-1.0,-1.0
2019/02/25,3550.0,3590.0,3550.0,3590.0,900,-1.0,-1.0
2019/02/26,,,,,0,-1.0,-1.0
2019/02/27,3590.0,3590.0,3555.0,3555.0,200,-1.0,-1.0
2019/02/28,3575.0,3595.0,3555.0,3570.0,600,-1.0,-1.0
2019/03/01,3595.0,3645.0,3585.0,3645.0,800,-1.0,-1.0
2019/03/04,3660.0,3660.0,3660.0,3660.0,400,-1.0,-1.0
2019/03/05,3640.0,3640.0,3610.0,3610.0,800,-1.0,-1.0
2019/03/06,3615.0,3615.0,3615.0,3615.0,1400,-1.0,-1.0
2019/03/07,3620.0,3620.0,3610.0,3610.0,400,-1.0,-1.0
2019/03/08,3610.0,3610.0,3590.0,3590.0,500,-1.0,-1.0
2019/03/11,,,,,0,-1.0,-1.0
2019/03/12,3600.0,3600.0,3550.0,3550.0,800,-1.0,-1.0
2019/03/13,3575.0,3660.0,3575.0,3605.0,1100,-1.0,-1.0
2019/03/14,3605.0,3605.0,3600.0,3600.0,700,-1.0,-1.0
2019/03/15,3615.0,3615.0,3600.0,3600.0,300,-1.0,-1.0
2019/03/18,3600.0,3600.0,3600.0,3600.0,700,-1.0,-1.0
2019/03/19,3740.0,3740.0,3695.0,3695.0,700,-1.0,-1.0
2019/03/20,3690.0,3690.0,3630.0,3630.0,200,-1.0,-1.0
2019/03/22,3675.0,3710.0,3675.0,3710.0,500,-1.0,-1.0
2019/03/25,3720.0,3740.0,3720.0,3740.0,300,-1.0,-1.0
2019/03/26,3675.0,3675.0,3675.0,3675.0,200,-1.0,-1.0
2019/03/27,3705.0,3705.0,3705.0,3705.0,200,-1.0,-1.0
2019/03/28,3715.0,3715.0,3715.0,3715.0,400,-1.0,-1.0
2019/03/29,,,,,0,-1.0,-1.0
2019/04/01,3750.0,3755.0,3740.0,3755.0,400,-1.0,-1.0
2019/04/02,3760.0,3810.0,3760.0,3810.0,800,-1.0,-1.0
2019/04/03,3825.0,3830.0,3770.0,3770.0,1300,-1.0,-1.0
2019/04/04,3785.0,3785.0,3785.0,3785.0,100,-1.0,-1.0
2019/04/05,3775.0,3775.0,3775.0,3775.0,100,-1.0,-1.0
2019/04/08,3785.0,3805.0,3785.0,3805.0,400,-1.0,-1.0
2019/04/09,3735.0,3735.0,3735.0,3735.0,100,-1.0,-1.0
2019/04/10,3680.0,3750.0,3680.0,3750.0,400,-1.0,-1.0
2019/04/11,3750.0,3750.0,3750.0,3750.0,100,-1.0,-1.0
2019/04/12,3765.0,3775.0,3720.0,3720.0,300,-1.0,-1.0
2019/04/15,,,,,0,-1.0,-1.0
2019/04/16,,,,,0,-1.0,-1.0
2019/04/17,3760.0,3760.0,3760.0,3760.0,100,-1.0,-1.0
2019/04/18,3790.0,3800.0,3790.0,3790.0,800,-1.0,-1.0
2019/04/19,3765.0,3770.0,3765.0,3770.0,200,-1.0,-1.0
2019/04/22,,,,,0,-1.0,-1.0
2019/04/23,3770.0,3770.0,3770.0,3770.0,100,-1.0,-1.0
2019/04/24,3770.0,3770.0,3770.0,3770.0,100,-1.0,-1.0
2019/04/25,3795.0,3800.0,3745.0,3745.0,1100,-1.0,-1.0
2019/04/26,,,,,0,-1.0,-1.0
2019/05/07,3745.0,3745.0,3745.0,3745.0,200,-1.0,-1.0
2019/05/08,3815.0,3815.0,3740.0,3740.0,700,-1.0,-1.0
2019/05/09,3740.0,3740.0,3740.0,3740.0,200,-1.0,-1.0
2019/05/10,,,,,0,-1.0,-1.0
2019/05/13,3725.0,3745.0,3700.0,3745.0,800,-1.0,-1.0
2019/05/14,3745.0,3815.0,3745.0,3815.0,300,-1.0,-1.0
2019/05/15,3790.0,3790.0,3695.0,3760.0,600,-1.0,-1.0
2019/05/16,3760.0,3760.0,3740.0,3740.0,400,-1.0,-1.0
2019/05/17,3740.0,3740.0,3730.0,3730.0,200,-1.0,-1.0
2019/05/20,3795.0,3795.0,3700.0,3720.0,1600,-1.0,-1.0
2019/05/21,3660.0,3660.0,3660.0,3660.0,100,-1.0,-1.0
2019/05/22,,,,,0,-1.0,-1.0
2019/05/23,3660.0,3660.0,3660.0,3660.0,100,-1.0,-1.0
2019/05/24,3680.0,3680.0,3680.0,3680.0,500,-1.0,-1.0
2019/05/27,3680.0,3680.0,3680.0,3680.0,100,-1.0,-1.0
2019/05/28,3700.0,3700.0,3700.0,3700.0,100,-1.0,-1.0
2019/05/29,3755.0,3755.0,3680.0,3680.0,600,-1.0,-1.0
2019/05/30,3680.0,3680.0,3680.0,3680.0,100,-1.0,-1.0
2019/05/31,,,,,0,-1.0,-1.0
2019/06/03,3685.0,3730.0,3680.0,3680.0,300,-1.0,-1.0
2019/06/04,3715.0,3715.0,3675.0,3675.0,900,-1.0,-1.0
2019/06/05,3670.0,3670.0,3535.0,3600.0,900,-1.0,-1.0
2019/06/06,3625.0,3625.0,3625.0,3625.0,300,-1.0,-1.0
2019/06/07,3625.0,3625.0,3620.0,3620.0,300,-1.0,-1.0
2019/06/10,3610.0,3615.0,3610.0,3615.0,300,-1.0,-1.0
2019/06/11,3615.0,3615.0,3615.0,3615.0,100,-1.0,-1.0
2019/06/12,3610.0,3680.0,3610.0,3650.0,700,-1.0,-1.0
2019/06/13,3680.0,3680.0,3680.0,3680.0,100,-1.0,-1.0
2019/06/14,3685.0,3685.0,3650.0,3650.0,200,-1.0,-1.0
2019/06/17,3615.0,3615.0,3610.0,3610.0,400,-1.0,-1.0
2019/06/18,3610.0,3640.0,3610.0,3640.0,300,-1.0,-1.0
2019/06/19,3600.0,3650.0,3600.0,3650.0,900,-1.0,-1.0
2019/06/20,,,,,0,-1.0,-1.0
2019/06/21,3650.0,3650.0,3650.0,3650.0,100,-1.0,-1.0
2019/06/24,3630.0,3680.0,3630.0,3670.0,900,-1.0,-1.0
2019/06/25,3680.0,3710.0,3660.0,3710.0,1700,-1.0,-1.0
2019/06/26,3510.0,3605.0,3510.0,3605.0,1300,-1.0,-1.0
2019/06/27,3560.0,3560.0,3560.0,3560.0,200,-1.0,-1.0
2019/06/28,3630.0,3685.0,3580.0,3685.0,1300,-1.0,-1.0
2019/07/01,3615.0,3680.0,3615.0,3680.0,400,-1.0,-1.0
2019/07/02,3680.0,3680.0,3680.0,3680.0,300,-1.0,-1.0
2019/07/03,3610.0,3610.0,3610.0,3610.0,200,-1.0,-1.0
2019/07/04,,,,,0,-1.0,-1.0
2019/07/05,3610.0,3610.0,3610.0,3610.0,100,-1.0,-1.0
2019/07/08,3615.0,3615.0,3615.0,3615.0,100,-1.0,-1.0
2019/07/09,3625.0,3625.0,3615.0,3620.0,400,-1.0,-1.0
2019/07/10,3680.0,3680.0,3655.0,3655.0,900,-1.0,-1.0
2019/07/11,3680.0,3680.0,3680.0,3680.0,200,-1.0,-1.0
2019/07/12,3685.0,3700.0,3685.0,3700.0,500,-1.0,-1.0
2019/07/16,3775.0,3780.0,3770.0,3770.0,800,-1.0,-1.0
2019/07/17,3750.0,3780.0,3750.0,3780.0,900,-1.0,-1.0
2019/07/18,3785.0,3785.0,3750.0,3750.0,400,-1.0,-1.0
2019/07/19,3725.0,3725.0,3725.0,3725.0,100,-1.0,-1.0
2019/07/22,3745.0,3745.0,3745.0,3745.0,100,-1.0,-1.0
2019/07/23,3770.0,3770.0,3705.0,3705.0,600,-1.0,-1.0
2019/07/24,3635.0,3640.0,3630.0,3630.0,500,-1.0,-1.0
2019/07/25,3735.0,3735.0,3650.0,3650.0,700,-1.0,-1.0
2019/07/26,,,,,0,-1.0,-1.0
2019/07/29,3735.0,3735.0,3715.0,3715.0,500,-1.0,-1.0
2019/07/30,3695.0,3695.0,3695.0,3695.0,100,-1.0,-1.0
2019/07/31,3720.0,3720.0,3685.0,3685.0,400,-1.0,-1.0
2019/08/01,3685.0,3685.0,3670.0,3670.0,300,-1.0,-1.0
2019/08/02,3670.0,3670.0,3670.0,3670.0,300,-1.0,-1.0
2019/08/05,3640.0,3650.0,3635.0,3635.0,400,-1.0,-1.0
2019/08/06,3620.0,3620.0,3620.0,3620.0,300,-1.0,-1.0
2019/08/07,3560.0,3600.0,3560.0,3600.0,700,-1.0,-1.0
2019/08/08,3730.0,3730.0,3730.0,3730.0,200,-1.0,-1.0
2019/08/09,,,,,0,-1.0,-1.0
2019/08/13,3600.0,3625.0,3590.0,3625.0,1100,-1.0,-1.0
2019/08/14,3630.0,3630.0,3630.0,3630.0,100,-1.0,-1.0
2019/08/15,,,,,0,-1.0,-1.0
2019/08/16,3630.0,3630.0,3630.0,3630.0,100,-1.0,-1.0
2019/08/19,3625.0,3660.0,3625.0,3635.0,300,-1.0,-1.0
2019/08/20,3640.0,3640.0,3640.0,3640.0,100,-1.0,-1.0
2019/08/21,3620.0,3640.0,3620.0,3620.0,500,-1.0,-1.0
2019/08/22,,,,,0,-1.0,-1.0
2019/08/23,3675.0,3675.0,3650.0,3650.0,1000,-1.0,-1.0
2019/08/26,,,,,0,-1.0,-1.0
2019/08/27,,,,,0,-1.0,-1.0
2019/08/28,3630.0,3630.0,3630.0,3630.0,200,-1.0,-1.0
2019/08/29,3615.0,3615.0,3615.0,3615.0,100,-1.0,-1.0
2019/08/30,,,,,0,-1.0,-1.0
2019/09/02,,,,,0,-1.0,-1.0
2019/09/03,3675.0,3675.0,3640.0,3640.0,400,-1.0,-1.0
2019/09/04,3625.0,3625.0,3620.0,3620.0,200,-1.0,-1.0
2019/09/05,3695.0,3695.0,3625.0,3625.0,600,-1.0,-1.0
2019/09/06,3625.0,3675.0,3625.0,3675.0,400,-1.0,-1.0
2019/09/09,,,,,0,-1.0,-1.0
2019/09/10,,,,,0,-1.0,-1.0
2019/09/11,,,,,0,-1.0,-1.0
2019/09/12,3670.0,3670.0,3670.0,3670.0,100,-1.0,-1.0
2019/09/13,,,,,0,-1.0,-1.0
2019/09/17,3630.0,3630.0,3605.0,3605.0,200,-1.0,-1.0
2019/09/18,3630.0,3630.0,3630.0,3630.0,200,-1.0,-1.0
2019/09/19,3620.0,3630.0,3620.0,3630.0,300,-1.0,-1.0
2019/09/20,,,,,0,-1.0,-1.0
2019/09/24,3645.0,3650.0,3645.0,3650.0,300,-1.0,-1.0
2019/09/25,3660.0,3660.0,3660.0,3660.0,900,-1.0,-1.0
2019/09/26,3655.0,3655.0,3625.0,3625.0,400,-1.0,-1.0
2019/09/27,3625.0,3650.0,3625.0,3650.0,400,-1.0,-1.0
2019/09/30,3650.0,3650.0,3650.0,3650.0,500,-1.0,-1.0
2019/10/01,3640.0,3650.0,3640.0,3645.0,600,-1.0,-1.0
2019/10/02,3645.0,3645.0,3630.0,3645.0,800,-1.0,-1.0
2019/10/03,3590.0,3600.0,3590.0,3590.0,500,-1.0,-1.0
2019/10/04,3590.0,3625.0,3590.0,3595.0,500,-1.0,-1.0
2019/10/07,3595.0,3595.0,3595.0,3595.0,900,-1.0,-1.0
2019/10/08,3595.0,3595.0,3595.0,3595.0,300,-1.0,-1.0
2019/10/09,3600.0,3600.0,3600.0,3600.0,200,-1.0,-1.0
2019/10/10,3590.0,3590.0,3590.0,3590.0,200,-1.0,-1.0
2019/10/11,,,,,0,-1.0,-1.0
2019/10/15,3595.0,3600.0,3595.0,3600.0,600,-1.0,-1.0
2019/10/16,3590.0,3590.0,3580.0,3580.0,600,-1.0,-1.0
2019/10/17,3600.0,3600.0,3600.0,3600.0,600,-1.0,-1.0
2019/10/18,3615.0,3615.0,3600.0,3600.0,800,-1.0,-1.0
2019/10/21,3595.0,3595.0,3575.0,3575.0,500,-1.0,-1.0
2019/10/23,3600.0,3600.0,3600.0,3600.0,100,-1.0,-1.0
2019/10/24,,,,,0,-1.0,-1.0
2019/10/25,3605.0,3615.0,3475.0,3520.0,4400,-1.0,-1.0
2019/10/28,3565.0,3565.0,3540.0,3550.0,900,-1.0,-1.0
2019/10/29,3595.0,3595.0,3540.0,3540.0,1400,-1.0,-1.0
2019/10/30,3540.0,3540.0,3540.0,3540.0,300,-1.0,-1.0
2019/10/31,3560.0,3560.0,3545.0,3545.0,800,-1.0,-1.0
2019/11/01,3545.0,3570.0,3545.0,3560.0,700,-1.0,-1.0
2019/11/05,3530.0,3530.0,3385.0,3480.0,4600,-1.0,-1.0
2019/11/06,3465.0,3475.0,3460.0,3465.0,1400,-1.0,-1.0
2019/11/07,3460.0,3460.0,3455.0,3455.0,1000,-1.0,-1.0
2019/11/08,3475.0,3490.0,3470.0,3490.0,700,-1.0,-1.0
2019/11/11,3485.0,3505.0,3485.0,3500.0,500,-1.0,-1.0
2019/11/12,3480.0,3480.0,3480.0,3480.0,100,-1.0,-1.0
2019/11/13,3530.0,3530.0,3530.0,3530.0,700,-1.0,-1.0
2019/11/14,3535.0,3625.0,3485.0,3600.0,1200,-1.0,-1.0
2019/11/15,3530.0,3530.0,3510.0,3515.0,700,-1.0,-1.0
2019/11/18,,,,,0,-1.0,-1.0
2019/11/19,3570.0,3570.0,3520.0,3520.0,500,-1.0,-1.0
2019/11/20,3515.0,3515.0,3515.0,3515.0,100,-1.0,-1.0
2019/11/21,3545.0,3545.0,3530.0,3540.0,500,-1.0,-1.0
2019/11/22,3560.0,3560.0,3560.0,3560.0,100,-1.0,-1.0
2019/11/25,3560.0,3560.0,3560.0,3560.0,300,-1.0,-1.0
2019/11/26,3560.0,3560.0,3550.0,3550.0,600,-1.0,-1.0
2019/11/27,3560.0,3580.0,3560.0,3580.0,800,-1.0,-1.0
2019/11/28,3580.0,3600.0,3580.0,3600.0,500,-1.0,-1.0
2019/11/29,3605.0,3605.0,3600.0,3605.0,1300,-1.0,-1.0
2019/12/02,3610.0,3640.0,3610.0,3620.0,1000,-1.0,-1.0
2019/12/03,3630.0,3630.0,3620.0,3625.0,600,-1.0,-1.0
2019/12/04,3625.0,3635.0,3625.0,3630.0,700,-1.0,-1.0
2019/12/05,3630.0,3630.0,3630.0,3630.0,100,-1.0,-1.0
2019/12/06,3600.0,3635.0,3590.0,3635.0,1100,-1.0,-1.0
2019/12/09,3640.0,3640.0,3640.0,3640.0,100,-1.0,-1.0
2019/12/10,3650.0,3650.0,3640.0,3650.0,700,-1.0,-1.0
2019/12/11,3655.0,3655.0,3655.0,3655.0,500,-1.0,-1.0
2019/12/12,3655.0,3655.0,3655.0,3655.0,100,-1.0,-1.0
2019/12/13,3630.0,3630.0,3630.0,3630.0,200,-1.0,-1.0
2019/12/16,3650.0,3675.0,3650.0,3665.0,500,-1.0,-1.0
2019/12/17,,,,,0,-1.0,-1.0
2019/12/18,3665.0,3665.0,3610.0,3615.0,600,-1.0,-1.0
2019/12/19,3615.0,3615.0,3615.0,3615.0,300,-1.0,-1.0
2019/12/20,3640.0,3650.0,3640.0,3640.0,700,-1.0,-1.0
2019/12/23,3640.0,3640.0,3600.0,3610.0,1400,-1.0,-1.0
2019/12/24,3610.0,3630.0,3610.0,3630.0,400,-1.0,-1.0
2019/12/25,3635.0,3655.0,3635.0,3655.0,800,-1.0,-1.0
2019/12/26,3585.0,3700.0,3585.0,3700.0,2200,-1.0,-1.0
2019/12/27,3585.0,3600.0,3535.0,3545.0,2200,-1.0,-1.0
2019/12/30,3535.0,3540.0,3530.0,3530.0,600,-1.0,-1.0
2020/01/06,3460.0,3530.0,3455.0,3530.0,1000,-1.0,-1.0
2020/01/07,3530.0,3530.0,3475.0,3475.0,600,-1.0,-1.0
2020/01/08,3470.0,3500.0,3470.0,3475.0,1400,-1.0,-1.0
2020/01/09,3470.0,3600.0,3470.0,3600.0,600,-1.0,-1.0
2020/01/10,3530.0,3530.0,3505.0,3505.0,400,-1.0,-1.0
2020/01/14,3485.0,3520.0,3485.0,3520.0,600,-1.0,-1.0
2020/01/15,,,,,0,-1.0,-1.0
2020/01/16,3540.0,3540.0,3540.0,3540.0,200,-1.0,-1.0
2020/01/17,3540.0,3540.0,3485.0,3485.0,500,-1.0,-1.0
2020/01/20,3550.0,3550.0,3550.0,3550.0,100,-1.0,-1.0
2020/01/21,3505.0,3505.0,3485.0,3485.0,400,-1.0,-1.0
2020/01/22,,,,,0,-1.0,-1.0
2020/01/23,,,,,0,-1.0,-1.0
2020/01/24,3550.0,3550.0,3525.0,3525.0,400,-1.0,-1.0
2020/01/27,,,,,0,-1.0,-1.0
2020/01/28,3520.0,3520.0,3520.0,3520.0,100,-1.0,-1.0
2020/01/29,3700.0,3890.0,3520.0,3520.0,3900,-1.0,-1.0
2020/01/30,3520.0,3520.0,3500.0,3500.0,600,-1.0,-1.0
2020/01/31,3505.0,3510.0,3505.0,3505.0,400,-1.0,-1.0
2020/02/03,3500.0,3500.0,3480.0,3480.0,500,-1.0,-1.0
2020/02/04,3590.0,3590.0,3590.0,3590.0,400,-1.0,-1.0
2020/02/05,3500.0,3500.0,3490.0,3490.0,1500,-1.0,-1.0
2020/02/06,3500.0,3505.0,3480.0,3480.0,500,-1.0,-1.0
2020/02/07,,,,,0,-1.0,-1.0
2020/02/10,3550.0,3550.0,3495.0,3495.0,300,-1.0,-1.0
2020/02/12,3505.0,3510.0,3495.0,3510.0,600,-1.0,-1.0
2020/02/13,3510.0,3510.0,3485.0,3485.0,400,-1.0,-1.0
2020/02/14,3480.0,3480.0,3480.0,3480.0,100,-1.0,-1.0
2020/02/17,3480.0,3500.0,3480.0,3500.0,700,-1.0,-1.0
2020/02/18,3500.0,3500.0,3470.0,3470.0,1200,-1.0,-1.0
2020/02/19,3480.0,3485.0,3480.0,3480.0,700,-1.0,-1.0
2020/02/20,3500.0,3500.0,3500.0,3500.0,1300,-1.0,-1.0
2020/02/21,3475.0,3475.0,3475.0,3475.0,200,-1.0,-1.0
2020/02/25,3470.0,3500.0,3405.0,3460.0,2400,-1.0,-1.0
2020/02/26,3390.0,3390.0,3385.0,3385.0,1100,-1.0,-1.0
2020/02/27,3490.0,3490.0,3405.0,3405.0,1000,-1.0,-1.0
2020/02/28,3250.0,3350.0,3200.0,3200.0,2500,-1.0,-1.0
2020/03/02,3205.0,3400.0,3205.0,3330.0,1100,-1.0,-1.0
2020/03/03,3470.0,3470.0,3440.0,3440.0,400,-1.0,-1.0
2020/03/04,3350.0,3350.0,3310.0,3345.0,400,-1.0,-1.0
2020/03/05,3345.0,3365.0,3325.0,3325.0,1100,-1.0,-1.0
2020/03/06,3300.0,3360.0,3300.0,3330.0,700,-1.0,-1.0
2020/03/09,3110.0,3110.0,3005.0,3100.0,1300,-1.0,-1.0
2020/03/10,2985.0,2999.0,2950.0,2999.0,1800,-1.0,-1.0
2020/03/11,3080.0,3170.0,3075.0,3170.0,1700,-1.0,-1.0
2020/03/12,3035.0,3100.0,2970.0,3100.0,1600,-1.0,-1.0
2020/03/13,2950.0,2950.0,2797.0,2800.0,3200,-1.0,-1.0
2020/03/16,3000.0,3000.0,2930.0,2930.0,900,-1.0,-1.0
2020/03/17,,,,,0,-1.0,-1.0
2020/03/18,2995.0,3045.0,2799.0,2874.0,2600,-1.0,-1.0
2020/03/19,2774.0,2924.0,2774.0,2924.0,400,-1.0,-1.0
2020/03/23,,,,,0,-1.0,-1.0
2020/03/24,2922.0,2922.0,2873.0,2911.0,800,-1.0,-1.0
2020/03/25,2950.0,3000.0,2940.0,3000.0,2300,-1.0,-1.0
2020/03/26,3000.0,3200.0,3000.0,3200.0,1000,-1.0,-1.0
2020/03/27,3220.0,3225.0,3205.0,3205.0,700,-1.0,-1.0
2020/03/30,3200.0,3200.0,3060.0,3200.0,1300,-1.0,-1.0
2020/03/31,3185.0,3215.0,3115.0,3210.0,1000,-1.0,-1.0
2020/04/01,3335.0,3400.0,3260.0,3260.0,400,-1.0,-1.0
2020/04/02,3300.0,3370.0,3300.0,3345.0,700,-1.0,-1.0
2020/04/03,3275.0,3275.0,3275.0,3275.0,100,-1.0,-1.0
2020/04/06,3265.0,3470.0,3135.0,3470.0,3200,-1.0,-1.0
2020/04/07,3410.0,3410.0,3190.0,3270.0,1500,-1.0,-1.0
2020/04/08,3360.0,3360.0,3360.0,3360.0,300,-1.0,-1.0
2020/04/09,3395.0,3395.0,3255.0,3255.0,300,-1.0,-1.0
2020/04/10,3260.0,3400.0,3260.0,3350.0,1500,-1.0,-1.0
2020/04/13,3420.0,3550.0,3415.0,3495.0,2300,-1.0,-1.0
2020/04/14,3500.0,3500.0,3430.0,3460.0,1000,-1.0,-1.0
2020/04/15,3425.0,3475.0,3420.0,3475.0,400,-1.0,-1.0
2020/04/16,3405.0,3455.0,3405.0,3450.0,300,-1.0,-1.0
2020/04/17,3460.0,3480.0,3460.0,3460.0,500,-1.0,-1.0
2020/04/20,3460.0,3470.0,3435.0,3435.0,800,-1.0,-1.0
2020/04/21,3430.0,3460.0,3430.0,3460.0,600,-1.0,-1.0
2020/04/22,3400.0,3435.0,3395.0,3435.0,1200,-1.0,-1.0
2020/04/23,3420.0,3425.0,3410.0,3410.0,800,-1.0,-1.0
2020/04/24,3430.0,3430.0,3385.0,3410.0,600,-1.0,-1.0
2020/04/27,3435.0,3500.0,3435.0,3500.0,2400,-1.0,-1.0
2020/04/28,3520.0,3615.0,3520.0,3550.0,4100,-1.0,-1.0
2020/04/30,3540.0,3540.0,3415.0,3440.0,2600,-1.0,-1.0
2020/05/01,3450.0,3510.0,3450.0,3495.0,400,-1.0,-1.0
2020/05/07,3450.0,3450.0,3440.0,3450.0,1000,-1.0,-1.0
2020/05/08,3440.0,3440.0,3400.0,3400.0,500,-1.0,-1.0
2020/05/11,3440.0,3460.0,3440.0,3440.0,1200,-1.0,-1.0
2020/05/12,3430.0,3470.0,3405.0,3470.0,1100,-1.0,-1.0
2020/05/13,3405.0,3405.0,3375.0,3375.0,1300,-1.0,-1.0
2020/05/14,3370.0,3440.0,3370.0,3415.0,800,-1.0,-1.0
2020/05/15,3365.0,3430.0,3350.0,3410.0,1900,-1.0,-1.0
2020/05/18,3355.0,3355.0,3355.0,3355.0,100,-1.0,-1.0
2020/05/19,3395.0,3395.0,3365.0,3390.0,300,-1.0,-1.0
2020/05/20,3355.0,3400.0,3355.0,3365.0,500,-1.0,-1.0
2020/05/21,3385.0,3395.0,3385.0,3395.0,400,-1.0,-1.0
2020/05/22,3395.0,3415.0,3395.0,3415.0,500,-1.0,-1.0
2020/05/25,3430.0,3450.0,3420.0,3450.0,1300,-1.0,-1.0
2020/05/26,3450.0,3455.0,3450.0,3455.0,400,-1.0,-1.0
2020/05/27,3450.0,3495.0,3450.0,3495.0,1000,-1.0,-1.0
2020/05/28,3505.0,3530.0,3455.0,3455.0,1400,-1.0,-1.0
2020/05/29,3500.0,3510.0,3470.0,3495.0,900,-1.0,-1.0
2020/06/01,3500.0,3505.0,3500.0,3505.0,200,-1.0,-1.0
2020/06/02,3500.0,3500.0,3480.0,3495.0,1000,-1.0,-1.0
2020/06/03,3500.0,3500.0,3475.0,3475.0,1400,-1.0,-1.0
2020/06/04,3500.0,3500.0,3460.0,3460.0,900,-1.0,-1.0
2020/06/05,3465.0,3465.0,3450.0,3450.0,400,-1.0,-1.0
2020/06/08,3490.0,3505.0,3470.0,3505.0,900,-1.0,-1.0
2020/06/09,3505.0,3510.0,3500.0,3500.0,1300,-1.0,-1.0
2020/06/10,3500.0,3500.0,3475.0,3500.0,900,-1.0,-1.0
2020/06/11,3500.0,3500.0,3475.0,3475.0,600,-1.0,-1.0
2020/06/12,3415.0,3470.0,3415.0,3430.0,900,-1.0,-1.0
2020/06/15,3430.0,3470.0,3430.0,3470.0,200,-1.0,-1.0
2020/06/16,3470.0,3480.0,3465.0,3465.0,500,-1.0,-1.0
2020/06/17,3490.0,3500.0,3490.0,3500.0,700,-1.0,-1.0
2020/06/18,3500.0,3500.0,3500.0,3500.0,1000,-1.0,-1.0
2020/06/19,3475.0,3510.0,3475.0,3510.0,1100,-1.0,-1.0
2020/06/22,3480.0,3500.0,3480.0,3500.0,300,-1.0,-1.0
2020/06/23,3515.0,3515.0,3515.0,3515.0,200,-1.0,-1.0
2020/06/24,3515.0,3525.0,3515.0,3525.0,400,-1.0,-1.0
2020/06/25,3535.0,3545.0,3520.0,3520.0,1200,-1.0,-1.0
2020/06/26,3510.0,3595.0,3505.0,3550.0,4100,-1.0,-1.0
2020/06/29,3195.0,3430.0,3195.0,3430.0,4100,-1.0,-1.0
2020/06/30,3450.0,3470.0,3370.0,3370.0,700,-1.0,-1.0
2020/07/01,3360.0,3435.0,3360.0,3435.0,500,-1.0,-1.0
2020/07/02,3545.0,3545.0,3405.0,3525.0,1400,-1.0,-1.0
2020/07/03,3430.0,3440.0,3365.0,3395.0,1300,-1.0,-1.0
2020/07/06,,,,,0,-1.0,-1.0
2020/07/07,3380.0,3380.0,3380.0,3380.0,100,-1.0,-1.0
2020/07/08,3370.0,3370.0,3370.0,3370.0,100,-1.0,-1.0
2020/07/09,3335.0,3335.0,3320.0,3320.0,300,-1.0,-1.0
2020/07/10,3300.0,3310.0,3300.0,3300.0,700,-1.0,-1.0
2020/07/13,3360.0,3395.0,3360.0,3395.0,600,-1.0,-1.0
2020/07/14,3380.0,3400.0,3360.0,3360.0,600,-1.0,-1.0
2020/07/15,,,,,0,-1.0,-1.0
2020/07/16,3400.0,3420.0,3400.0,3410.0,300,-1.0,-1.0
2020/07/17,3385.0,3385.0,3350.0,3350.0,300,-1.0,-1.0
2020/07/20,3490.0,3490.0,3340.0,3340.0,1100,-1.0,-1.0
2020/07/21,3305.0,3375.0,3305.0,3375.0,1000,-1.0,-1.0
2020/07/22,3485.0,3485.0,3405.0,3435.0,1500,-1.0,-1.0
2020/07/27,3435.0,3435.0,3355.0,3375.0,1200,-1.0,-1.0
2020/07/28,,,,,0,-1.0,-1.0
2020/07/29,3365.0,3365.0,3360.0,3360.0,200,-1.0,-1.0
2020/07/30,3375.0,3375.0,3355.0,3355.0,200,-1.0,-1.0
2020/07/31,3340.0,3355.0,3340.0,3355.0,300,-1.0,-1.0
2020/08/03,3315.0,3330.0,3315.0,3330.0,500,-1.0,-1.0
2020/08/04,3300.0,3315.0,3300.0,3305.0,1000,-1.0,-1.0
2020/08/05,3315.0,3345.0,3310.0,3320.0,1100,-1.0,-1.0
2020/08/06,3315.0,3315.0,3315.0,3315.0,100,-1.0,-1.0
2020/08/07,3340.0,3350.0,3330.0,3330.0,600,-1.0,-1.0
2020/08/11,3360.0,3360.0,3360.0,3360.0,100,-1.0,-1.0
2020/08/12,3350.0,3350.0,3325.0,3325.0,800,-1.0,-1.0
2020/08/13,3325.0,3325.0,3325.0,3325.0,100,-1.0,-1.0
2020/08/14,3315.0,3320.0,3315.0,3320.0,500,-1.0,-1.0
2020/08/17,3350.0,3350.0,3330.0,3330.0,300,-1.0,-1.0
2020/08/18,3390.0,3390.0,3385.0,3385.0,200,-1.0,-1.0
2020/08/19,3360.0,3360.0,3335.0,3335.0,600,-1.0,-1.0
2020/08/20,,,,,0,-1.0,-1.0
2020/08/21,3395.0,3430.0,3370.0,3370.0,400,-1.0,-1.0
2020/08/24,3435.0,3450.0,3425.0,3425.0,1800,-1.0,-1.0
2020/08/25,3480.0,3480.0,3405.0,3425.0,1000,-1.0,-1.0
2020/08/26,3500.0,3515.0,3500.0,3515.0,1600,-1.0,-1.0
2020/08/27,3445.0,3465.0,3445.0,3465.0,700,-1.0,-1.0
2020/08/28,3450.0,3450.0,3420.0,3420.0,500,-1.0,-1.0
2020/08/31,3420.0,3515.0,3420.0,3510.0,2300,-1.0,-1.0
2020/09/01,3440.0,3440.0,3440.0,3440.0,200,-1.0,-1.0
2020/09/02,3510.0,3510.0,3440.0,3450.0,1000,-1.0,-1.0
2020/09/03,3450.0,3450.0,3435.0,3435.0,800,-1.0,-1.0
2020/09/04,3430.0,3530.0,3430.0,3510.0,1100,-1.0,-1.0
2020/09/07,3445.0,3505.0,3445.0,3505.0,200,-1.0,-1.0
2020/09/08,3510.0,3510.0,3465.0,3465.0,300,-1.0,-1.0
2020/09/09,3450.0,3450.0,3450.0,3450.0,300,-1.0,-1.0
2020/09/10,3500.0,3500.0,3450.0,3450.0,300,-1.0,-1.0
2020/09/11,3450.0,3450.0,3450.0,3450.0,200,-1.0,-1.0
2020/09/14,3450.0,3460.0,3450.0,3460.0,400,-1.0,-1.0
2020/09/15,3510.0,3510.0,3500.0,3500.0,400,-1.0,-1.0
2020/09/16,,,,,0,-1.0,-1.0
2020/09/17,3485.0,3485.0,3485.0,3485.0,100,-1.0,-1.0
2020/09/18,3500.0,3500.0,3440.0,3480.0,500,-1.0,-1.0
2020/09/23,3410.0,3440.0,3410.0,3440.0,500,-1.0,-1.0
2020/09/24,,,,,0,-1.0,-1.0
2020/09/25,3500.0,3500.0,3500.0,3500.0,300,-1.0,-1.0
2020/09/28,3500.0,3500.0,3480.0,3480.0,500,-1.0,-1.0
2020/09/29,3500.0,3600.0,3500.0,3600.0,400,-1.0,-1.0
2020/09/30,3505.0,3505.0,3495.0,3500.0,400,-1.0,-1.0
2020/10/01,,,,,0,-1.0,-1.0
2020/10/02,3500.0,3525.0,3500.0,3515.0,400,-1.0,-1.0
2020/10/05,3495.0,3510.0,3495.0,3510.0,400,-1.0,-1.0
2020/10/06,3510.0,3510.0,3510.0,3510.0,200,-1.0,-1.0
2020/10/07,3520.0,3520.0,3505.0,3505.0,400,-1.0,-1.0
2020/10/08,3575.0,3580.0,3500.0,3520.0,1600,-1.0,-1.0
2020/10/09,,,,,0,-1.0,-1.0
2020/10/12,3575.0,3600.0,3525.0,3525.0,700,-1.0,-1.0
2020/10/13,3525.0,3545.0,3510.0,3535.0,600,-1.0,-1.0
2020/10/14,3515.0,3550.0,3515.0,3550.0,400,-1.0,-1.0
2020/10/15,,,,,0,-1.0,-1.0
2020/10/16,3550.0,3550.0,3550.0,3550.0,100,-1.0,-1.0
2020/10/19,,,,,0,-1.0,-1.0
2020/10/20,3550.0,3550.0,3540.0,3540.0,700,-1.0,-1.0
2020/10/21,3540.0,3550.0,3505.0,3505.0,600,-1.0,-1.0
2020/10/22,3550.0,3550.0,3535.0,3535.0,500,-1.0,-1.0
2020/10/23,3550.0,3550.0,3545.0,3545.0,600,-1.0,-1.0
2020/10/26,3540.0,3540.0,3540.0,3540.0,100,-1.0,-1.0
2020/10/27,3515.0,3515.0,3515.0,3515.0,100,-1.0,-1.0
2020/10/28,3515.0,3525.0,3515.0,3525.0,200,-1.0,-1.0
2020/10/29,3500.0,3555.0,3500.0,3555.0,500,-1.0,-1.0
2020/10/30,3520.0,3580.0,3520.0,3580.0,300,-1.0,-1.0
2020/11/02,,,,,0,-1.0,-1.0
2020/11/04,3535.0,3575.0,3535.0,3575.0,200,-1.0,-1.0
2020/11/05,3520.0,3525.0,3520.0,3525.0,200,-1.0,-1.0
2020/11/06,3525.0,3525.0,3525.0,3525.0,100,-1.0,-1.0
2020/11/09,3570.0,3570.0,3460.0,3525.0,1000,-1.0,-1.0
2020/11/10,3570.0,3570.0,3570.0,3570.0,200,-1.0,-1.0
2020/11/11,3545.0,3595.0,3545.0,3580.0,500,-1.0,-1.0
2020/11/12,3555.0,3555.0,3540.0,3540.0,200,-1.0,-1.0
2020/11/13,,,,,0,-1.0,-1.0
2020/11/16,3500.0,3500.0,3495.0,3495.0,300,-1.0,-1.0
2020/11/17,3550.0,3560.0,3550.0,3560.0,500,-1.0,-1.0
2020/11/18,3580.0,3580.0,3580.0,3580.0,500,-1.0,-1.0
2020/11/19,3550.0,3575.0,3520.0,3575.0,700,-1.0,-1.0
2020/11/20,,,,,0,-1.0,-1.0
2020/11/24,3530.0,3560.0,3525.0,3560.0,600,-1.0,-1.0
2020/11/25,3595.0,3595.0,3505.0,3510.0,1200,-1.0,-1.0
2020/11/26,3565.0,3565.0,3525.0,3540.0,700,-1.0,-1.0
2020/11/27,3515.0,3545.0,3515.0,3520.0,1700,-1.0,-1.0
2020/11/30,3525.0,3555.0,3525.0,3555.0,600,-1.0,-1.0
2020/12/01,3555.0,3555.0,3555.0,3555.0,200,-1.0,-1.0
2020/12/02,3585.0,3585.0,3520.0,3540.0,2000,-1.0,-1.0
2020/12/03,3540.0,3540.0,3540.0,3540.0,100,-1.0,-1.0
2020/12/04,3555.0,3555.0,3555.0,3555.0,100,-1.0,-1.0
2020/12/07,3550.0,3550.0,3540.0,3540.0,500,-1.0,-1.0
2020/12/08,3535.0,3560.0,3535.0,3560.0,1100,-1.0,-1.0
2020/12/09,3560.0,3560.0,3560.0,3560.0,200,-1.0,-1.0
2020/12/10,3555.0,3555.0,3535.0,3535.0,800,-1.0,-1.0
2020/12/11,3530.0,3555.0,3500.0,3525.0,2600,-1.0,-1.0
2020/12/14,3500.0,3530.0,3500.0,3515.0,1700,-1.0,-1.0
2020/12/15,3530.0,3540.0,3500.0,3540.0,1400,-1.0,-1.0
2020/12/16,3500.0,3535.0,3500.0,3500.0,1600,-1.0,-1.0
2020/12/17,3530.0,3540.0,3495.0,3505.0,1100,-1.0,-1.0
2020/12/18,3505.0,3505.0,3490.0,3500.0,4100,-1.0,-1.0
2020/12/21,3485.0,3500.0,3485.0,3500.0,1800,-1.0,-1.0
2020/12/22,3490.0,3500.0,3490.0,3495.0,400,-1.0,-1.0
2020/12/23,3500.0,3500.0,3500.0,3500.0,1200,-1.0,-1.0
2020/12/24,3500.0,3500.0,3495.0,3500.0,3200,-1.0,-1.0
2020/12/25,3500.0,3500.0,3490.0,3500.0,3000,-1.0,-1.0
2020/12/28,3500.0,3550.0,3490.0,3500.0,3900,-1.0,-1.0
2020/12/29,3445.0,3490.0,3350.0,3350.0,3000,-1.0,-1.0
2020/12/30,3360.0,3425.0,3360.0,3425.0,500,-1.0,-1.0
2021/01/04,3375.0,3375.0,3370.0,3370.0,200,-1.0,-1.0
2021/01/05,3370.0,3400.0,3370.0,3400.0,700,-1.0,-1.0
2021/01/06,3365.0,3420.0,3365.0,3365.0,1000,-1.0,-1.0
2021/01/07,3375.0,3390.0,3365.0,3385.0,1100,-1.0,-1.0
2021/01/08,3370.0,3390.0,3370.0,3370.0,900,-1.0,-1.0
2021/01/12,3390.0,3390.0,3365.0,3365.0,1600,-1.0,-1.0
2021/01/13,3365.0,3385.0,3365.0,3385.0,900,-1.0,-1.0
2021/01/14,3370.0,3415.0,3365.0,3415.0,700,-1.0,-1.0
2021/01/15,3370.0,3370.0,3370.0,3370.0,200,-1.0,-1.0
2021/01/18,3385.0,3410.0,3375.0,3375.0,400,-1.0,-1.0
2021/01/19,3410.0,3410.0,3410.0,3410.0,400,-1.0,-1.0
2021/01/20,3380.0,3390.0,3365.0,3375.0,1800,-1.0,-1.0
2021/01/21,3445.0,3445.0,3385.0,3385.0,400,-1.0,-1.0
2021/01/22,3385.0,3390.0,3380.0,3380.0,600,-1.0,-1.0
2021/01/25,3465.0,3465.0,3405.0,3405.0,600,-1.0,-1.0
2021/01/26,3400.0,3400.0,3400.0,3400.0,100,-1.0,-1.0
2021/01/27,3395.0,3435.0,3380.0,3435.0,700,-1.0,-1.0
2021/01/28,3440.0,3440.0,3440.0,3440.0,100,-1.0,-1.0
2021/01/29,3395.0,3400.0,3390.0,3400.0,500,-1.0,-1.0
2021/02/01,3395.0,3395.0,3395.0,3395.0,100,-1.0,-1.0
2021/02/02,3375.0,3375.0,3375.0,3375.0,700,-1.0,-1.0
2021/02/03,3365.0,3365.0,3360.0,3360.0,600,-1.0,-1.0
2021/02/04,3375.0,3375.0,3360.0,3360.0,400,-1.0,-1.0
2021/02/05,3355.0,3355.0,3355.0,3355.0,1000,-1.0,-1.0
2021/02/08,3400.0,3400.0,3395.0,3395.0,300,-1.0,-1.0
2021/02/09,3380.0,3405.0,3355.0,3355.0,500,-1.0,-1.0
2021/02/10,3380.0,3380.0,3380.0,3380.0,100,-1.0,-1.0
2021/02/12,3405.0,3405.0,3370.0,3370.0,600,-1.0,-1.0
2021/02/15,3370.0,3395.0,3370.0,3390.0,1200,-1.0,-1.0
2021/02/16,3395.0,3490.0,3395.0,3490.0,3900,-1.0,-1.0
2021/02/17,3500.0,3500.0,3375.0,3410.0,1400,-1.0,-1.0
2021/02/18,3500.0,3500.0,3375.0,3375.0,2500,-1.0,-1.0
2021/02/19,3375.0,3405.0,3375.0,3395.0,900,-1.0,-1.0
2021/02/22,3375.0,3390.0,3375.0,3385.0,900,-1.0,-1.0
2021/02/24,3390.0,3390.0,3375.0,3385.0,900,-1.0,-1.0
2021/02/25,3390.0,3445.0,3390.0,3445.0,1200,-1.0,-1.0
2021/02/26,3445.0,3445.0,3400.0,3400.0,300,-1.0,-1.0
2021/03/01,3390.0,3430.0,3390.0,3430.0,400,-1.0,-1.0
2021/03/02,3395.0,3415.0,3390.0,3400.0,1000,-1.0,-1.0
2021/03/03,3400.0,3480.0,3400.0,3405.0,3000,-1.0,-1.0
2021/03/04,3405.0,3405.0,3395.0,3395.0,400,-1.0,-1.0
2021/03/05,3405.0,3405.0,3390.0,3390.0,400,-1.0,-1.0
2021/03/08,3460.0,3460.0,3390.0,3395.0,900,-1.0,-1.0
2021/03/09,3400.0,3400.0,3400.0,3400.0,500,-1.0,-1.0
2021/03/10,3420.0,3420.0,3385.0,3385.0,1000,-1.0,-1.0
2021/03/11,,,,,0,-1.0,-1.0
2021/03/12,3430.0,3430.0,3425.0,3430.0,600,-1.0,-1.0
2021/03/15,3400.0,3400.0,3395.0,3395.0,400,-1.0,-1.0
2021/03/16,3400.0,3410.0,3400.0,3405.0,700,-1.0,-1.0
2021/03/17,3410.0,3415.0,3410.0,3415.0,200,-1.0,-1.0
2021/03/18,3440.0,3440.0,3435.0,3435.0,800,-1.0,-1.0
2021/03/19,3460.0,3490.0,3460.0,3490.0,500,-1.0,-1.0
2021/03/22,3500.0,3500.0,3490.0,3490.0,600,-1.0,-1.0
2021/03/23,,,,,0,-1.0,-1.0
2021/03/24,3485.0,3485.0,3485.0,3485.0,300,-1.0,-1.0
2021/03/25,3485.0,3485.0,3485.0,3485.0,700,-1.0,-1.0
2021/03/26,3460.0,3460.0,3455.0,3455.0,400,-1.0,-1.0
2021/03/29,3495.0,3495.0,3460.0,3460.0,500,-1.0,-1.0
2021/03/30,3495.0,3495.0,3490.0,3495.0,600,-1.0,-1.0
2021/03/31,3495.0,3500.0,3475.0,3500.0,900,-1.0,-1.0
2021/04/01,3500.0,3500.0,3500.0,3500.0,1600,-1.0,-1.0
2021/04/02,3500.0,3520.0,3500.0,3515.0,900,-1.0,-1.0
2021/04/05,3525.0,3535.0,3525.0,3525.0,1000,-1.0,-1.0
2021/04/06,3505.0,3505.0,3500.0,3500.0,600,-1.0,-1.0
2021/04/07,3500.0,3550.0,3500.0,3550.0,600,-1.0,-1.0
2021/04/08,3500.0,3545.0,3485.0,3545.0,600,-1.0,-1.0
2021/04/09,3490.0,3540.0,3490.0,3540.0,300,-1.0,-1.0
2021/04/12,,,,,0,-1.0,-1.0
2021/04/13,3535.0,3535.0,3500.0,3500.0,200,-1.0,-1.0
2021/04/14,,,,,0,-1.0,-1.0
2021/04/15,3500.0,3500.0,3500.0,3500.0,200,-1.0,-1.0
2021/04/16,3505.0,3505.0,3505.0,3505.0,100,-1.0,-1.0
2021/04/19,3500.0,3505.0,3500.0,3505.0,400,-1.0,-1.0
2021/04/20,3520.0,3520.0,3470.0,3470.0,600,-1.0,-1.0
2021/04/21,3470.0,3520.0,3470.0,3520.0,700,-1.0,-1.0
2021/04/22,3520.0,3525.0,3520.0,3525.0,500,-1.0,-1.0
2021/04/23,3525.0,3525.0,3525.0,3525.0,500,-1.0,-1.0
2021/04/26,3550.0,3550.0,3530.0,3530.0,300,-1.0,-1.0
2021/04/27,3535.0,3535.0,3510.0,3510.0,200,-1.0,-1.0
2021/04/28,3525.0,3535.0,3525.0,3535.0,400,-1.0,-1.0
2021/04/30,3550.0,3550.0,3550.0,3550.0,400,-1.0,-1.0
2021/05/06,3550.0,3555.0,3535.0,3535.0,400,-1.0,-1.0
2021/05/07,3565.0,3600.0,3530.0,3595.0,700,-1.0,-1.0
2021/05/10,3585.0,3585.0,3550.0,3560.0,600,-1.0,-1.0
2021/05/11,3560.0,3600.0,3555.0,3595.0,700,-1.0,-1.0
2021/05/12,3545.0,3545.0,3530.0,3530.0,700,-1.0,-1.0
2021/05/13,3530.0,3555.0,3530.0,3555.0,300,-1.0,-1.0
2021/05/14,3555.0,3555.0,3520.0,3525.0,700,-1.0,-1.0
2021/05/17,3525.0,3525.0,3505.0,3505.0,900,-1.0,-1.0
2021/05/18,3520.0,3520.0,3510.0,3510.0,800,-1.0,-1.0
2021/05/19,3505.0,3525.0,3505.0,3525.0,200,-1.0,-1.0
2021/05/20,3540.0,3590.0,3540.0,3590.0,500,-1.0,-1.0
2021/05/21,3590.0,3590.0,3590.0,3590.0,300,-1.0,-1.0
2021/05/24,3645.0,3660.0,3525.0,3525.0,800,-1.0,-1.0
2021/05/25,3545.0,3635.0,3545.0,3635.0,800,-1.0,-1.0
2021/05/26,,,,,0,-1.0,-1.0
2021/05/27,3565.0,3630.0,3565.0,3590.0,1100,-1.0,-1.0
2021/05/28,3585.0,3585.0,3585.0,3585.0,100,-1.0,-1.0
2021/05/31,3600.0,3630.0,3580.0,3580.0,500,-1.0,-1.0
2021/06/01,3610.0,3610.0,3585.0,3600.0,500,-1.0,-1.0
2021/06/02,3595.0,3630.0,3580.0,3600.0,900,-1.0,-1.0
2021/06/03,3590.0,3625.0,3590.0,3595.0,600,-1.0,-1.0
2021/06/04,3590.0,3595.0,3590.0,3595.0,500,-1.0,-1.0
2021/06/07,3595.0,3625.0,3595.0,3625.0,400,-1.0,-1.0
2021/06/08,3625.0,3625.0,3625.0,3625.0,200,-1.0,-1.0
2021/06/09,3625.0,3625.0,3615.0,3625.0,400,-1.0,-1.0
2021/06/10,3600.0,3625.0,3600.0,3625.0,700,-1.0,-1.0
2021/06/11,3625.0,3625.0,3610.0,3610.0,600,-1.0,-1.0
2021/06/14,3615.0,3625.0,3615.0,3625.0,800,-1.0,-1.0
2021/06/15,3605.0,3605.0,3605.0,3605.0,200,-1.0,-1.0
2021/06/16,3600.0,3600.0,3600.0,3600.0,200,-1.0,-1.0
2021/06/17,3605.0,3625.0,3605.0,3625.0,500,-1.0,-1.0
2021/06/18,3640.0,3645.0,3640.0,3640.0,600,-1.0,-1.0
2021/06/21,3600.0,3600.0,3580.0,3580.0,5500,-1.0,-1.0
2021/06/22,3565.0,3630.0,3565.0,3605.0,1000,-1.0,-1.0
2021/06/23,3610.0,3625.0,3610.0,3625.0,300,-1.0,-1.0
2021/06/24,3600.0,3630.0,3600.0,3625.0,500,-1.0,-1.0
2021/06/25,3650.0,3660.0,3630.0,3660.0,1900,-1.0,-1.0
2021/06/28,3615.0,3670.0,3615.0,3670.0,3000,-1.0,-1.0
2021/06/29,3455.0,3625.0,3455.0,3480.0,3800,-1.0,-1.0
2021/06/30,3550.0,3560.0,3525.0,3525.0,1100,-1.0,-1.0
2021/07/01,3500.0,3500.0,3485.0,3485.0,500,-1.0,-1.0
2021/07/02,3620.0,3620.0,3550.0,3605.0,1300,-1.0,-1.0
2021/07/05,3560.0,3560.0,3490.0,3500.0,800,-1.0,-1.0
2021/07/06,,,,,0,-1.0,-1.0
2021/07/07,3500.0,3500.0,3500.0,3500.0,600,-1.0,-1.0
2021/07/08,3500.0,3550.0,3500.0,3550.0,500,-1.0,-1.0
2021/07/09,3550.0,3550.0,3505.0,3505.0,200,-1.0,-1.0
2021/07/12,,,,,0,-1.0,-1.0
2021/07/13,3520.0,3520.0,3510.0,3510.0,200,-1.0,-1.0
2021/07/14,,,,,0,-1.0,-1.0
2021/07/15,3510.0,3520.0,3510.0,3520.0,500,-1.0,-1.0
2021/07/16,,,,,0,-1.0,-1.0
2021/07/19,3510.0,3510.0,3510.0,3510.0,100,-1.0,-1.0
2021/07/20,3550.0,3550.0,3520.0,3535.0,700,-1.0,-1.0
2021/07/21,3535.0,3535.0,3510.0,3510.0,1000,-1.0,-1.0
2021/07/26,3510.0,3535.0,3500.0,3500.0,700,-1.0,-1.0
2021/07/27,,,,,0,-1.0,-1.0
2021/07/28,3505.0,3505.0,3505.0,3505.0,200,-1.0,-1.0
2021/07/29,,,,,0,-1.0,-1.0
2021/07/30,3505.0,3505.0,3505.0,3505.0,100,-1.0,-1.0
2021/08/02,,,,,0,-1.0,-1.0
2021/08/03,3505.0,3505.0,3505.0,3505.0,100,-1.0,-1.0
2021/08/04,,,,,0,-1.0,-1.0
2021/08/05,3510.0,3510.0,3510.0,3510.0,300,-1.0,-1.0
2021/08/06,3540.0,3545.0,3540.0,3545.0,200,-1.0,-1.0
2021/08/10,3590.0,3590.0,3585.0,3585.0,200,-1.0,-1.0
2021/08/11,3540.0,3580.0,3540.0,3580.0,600,-1.0,-1.0
2021/08/12,3560.0,3560.0,3560.0,3560.0,100,-1.0,-1.0
2021/08/13,3575.0,3575.0,3575.0,3575.0,100,-1.0,-1.0
2021/08/16,3570.0,3570.0,3555.0,3555.0,500,-1.0,-1.0
2021/08/17,3550.0,3550.0,3550.0,3550.0,200,-1.0,-1.0
2021/08/18,3575.0,3585.0,3575.0,3585.0,700,-1.0,-1.0
2021/08/19,3560.0,3560.0,3560.0,3560.0,200,-1.0,-1.0
2021/08/20,3550.0,3560.0,3550.0,3560.0,600,-1.0,-1.0
2021/08/23,3575.0,3575.0,3555.0,3555.0,400,-1.0,-1.0
2021/08/24,3545.0,3545.0,3545.0,3545.0,100,-1.0,-1.0
2021/08/25,3560.0,3560.0,3560.0,3560.0,300,-1.0,-1.0
2021/08/26,,,,,0,-1.0,-1.0
2021/08/27,,,,,0,-1.0,-1.0
2021/08/30,3550.0,3550.0,3540.0,3550.0,500,-1.0,-1.0
2021/08/31,3550.0,3550.0,3550.0,3550.0,100,-1.0,-1.0
2021/09/01,3550.0,3550.0,3550.0,3550.0,100,-1.0,-1.0
2021/09/02,3540.0,3550.0,3540.0,3550.0,200,-1.0,-1.0
2021/09/03,3550.0,3550.0,3550.0,3550.0,100,-1.0,-1.0
2021/09/06,3550.0,3560.0,3550.0,3550.0,500,-1.0,-1.0
2021/09/07,3555.0,3560.0,3555.0,3555.0,400,-1.0,-1.0
2021/09/08,3600.0,3620.0,3585.0,3620.0,1300,-1.0,-1.0
2021/09/09,,,,,0,-1.0,-1.0
2021/09/10,3605.0,3605.0,3605.0,3605.0,100,-1.0,-1.0
2021/09/13,3605.0,3620.0,3570.0,3570.0,700,-1.0,-1.0
2021/09/14,3570.0,3620.0,3570.0,3600.0,1200,-1.0,-1.0
2021/09/15,3565.0,3565.0,3560.0,3560.0,500,-1.0,-1.0
2021/09/16,3565.0,3605.0,3565.0,3565.0,400,-1.0,-1.0
2021/09/17,3580.0,3605.0,3580.0,3605.0,500,-1.0,-1.0
2021/09/21,3605.0,3605.0,3550.0,3565.0,1000,-1.0,-1.0
2021/09/22,3600.0,3605.0,3600.0,3605.0,1300,-1.0,-1.0
2021/09/24,3610.0,3625.0,3610.0,3610.0,600,-1.0,-1.0
2021/09/27,3620.0,3625.0,3605.0,3620.0,700,-1.0,-1.0
2021/09/28,3610.0,3615.0,3610.0,3615.0,200,-1.0,-1.0
2021/09/29,3615.0,3625.0,3590.0,3620.0,400,-1.0,-1.0
2021/09/30,3620.0,3620.0,3620.0,3620.0,700,-1.0,-1.0
2021/10/01,3620.0,3625.0,3610.0,3625.0,700,-1.0,-1.0
2021/10/04,3615.0,3625.0,3575.0,3615.0,1500,-1.0,-1.0
2021/10/05,,,,,0,-1.0,-1.0
2021/10/06,3625.0,3625.0,3625.0,3625.0,100,-1.0,-1.0
2021/10/07,3625.0,3625.0,3625.0,3625.0,400,-1.0,-1.0
2021/10/08,3620.0,3625.0,3620.0,3625.0,200,-1.0,-1.0
2021/10/11,,,,,0,-1.0,-1.0
2021/10/12,3595.0,3595.0,3590.0,3590.0,200,-1.0,-1.0
2021/10/13,3585.0,3620.0,3585.0,3620.0,200,-1.0,-1.0
2021/10/14,,,,,0,-1.0,-1.0
2021/10/15,3620.0,3620.0,3620.0,3620.0,400,-1.0,-1.0
2021/10/18,3610.0,3615.0,3610.0,3615.0,300,-1.0,-1.0
2021/10/19,3630.0,3630.0,3600.0,3600.0,900,-1.0,-1.0
2021/10/20,3595.0,3600.0,3595.0,3600.0,200,-1.0,-1.0
2021/10/21,3630.0,3630.0,3615.0,3615.0,500,-1.0,-1.0
2021/10/22,3615.0,3625.0,3615.0,3620.0,600,-1.0,-1.0
2021/10/25,3605.0,3615.0,3605.0,3615.0,800,-1.0,-1.0
2021/10/26,3625.0,3625.0,3625.0,3625.0,100,-1.0,-1.0
2021/10/27,3620.0,3620.0,3620.0,3620.0,200,-1.0,-1.0
2021/10/28,3620.0,3625.0,3610.0,3625.0,400,-1.0,-1.0
2021/10/29,3625.0,3625.0,3625.0,3625.0,100,-1.0,-1.0
2021/11/01,3640.0,3640.0,3640.0,3640.0,300,-1.0,-1.0
2021/11/02,3620.0,3620.0,3605.0,3615.0,700,-1.0,-1.0
2021/11/04,3620.0,3620.0,3620.0,3620.0,200,-1.0,-1.0
2021/11/05,3620.0,3620.0,3620.0,3620.0,200,-1.0,-1.0
2021/11/08,,,,,0,-1.0,-1.0
2021/11/09,3630.0,3650.0,3630.0,3650.0,400,-1.0,-1.0
2021/11/10,3650.0,3650.0,3635.0,3635.0,300,-1.0,-1.0
2021/11/11,3650.0,3650.0,3650.0,3650.0,200,-1.0,-1.0
2021/11/12,3630.0,3645.0,3630.0,3645.0,400,-1.0,-1.0
2021/11/15,3610.0,3635.0,3610.0,3635.0,600,-1.0,-1.0
2021/11/16,3635.0,3640.0,3635.0,3640.0,500,-1.0,-1.0
2021/11/17,,,,,0,-1.0,-1.0
2021/11/18,3645.0,3645.0,3645.0,3645.0,400,-1.0,-1.0
2021/11/19,3635.0,3650.0,3635.0,3650.0,700,-1.0,-1.0
2021/11/22,3635.0,3635.0,3635.0,3635.0,100,-1.0,-1.0
2021/11/24,3675.0,3675.0,3635.0,3655.0,600,-1.0,-1.0
2021/11/25,3655.0,3655.0,3655.0,3655.0,400,-1.0,-1.0
2021/11/26,,,,,0,-1.0,-1.0
2021/11/29,3625.0,3625.0,3615.0,3615.0,600,-1.0,-1.0
2021/11/30,3640.0,3640.0,3640.0,3640.0,100,-1.0,-1.0
2021/12/01,3640.0,3640.0,3640.0,3640.0,200,-1.0,-1.0
2021/12/02,3675.0,3675.0,3640.0,3640.0,1300,-1.0,-1.0
2021/12/03,3635.0,3635.0,3630.0,3630.0,400,-1.0,-1.0
2021/12/06,3645.0,3645.0,3645.0,3645.0,100,-1.0,-1.0
2021/12/07,3650.0,3650.0,3625.0,3625.0,900,-1.0,-1.0
2021/12/08,3630.0,3630.0,3630.0,3630.0,300,-1.0,-1.0
2021/12/09,3640.0,3640.0,3640.0,3640.0,200,-1.0,-1.0
2021/12/10,3640.0,3640.0,3640.0,3640.0,200,-1.0,-1.0
2021/12/13,,,,,0,-1.0,-1.0
2021/12/14,3640.0,3645.0,3630.0,3645.0,400,-1.0,-1.0
2021/12/15,3645.0,3645.0,3635.0,3645.0,700,-1.0,-1.0
2021/12/16,3640.0,3645.0,3640.0,3645.0,200,-1.0,-1.0
2021/12/17,3645.0,3650.0,3635.0,3635.0,500,-1.0,-1.0
2021/12/20,3670.0,3670.0,3655.0,3660.0,1300,-1.0,-1.0
2021/12/21,3635.0,3675.0,3635.0,3675.0,500,-1.0,-1.0
2021/12/22,3670.0,3675.0,3660.0,3660.0,600,-1.0,-1.0
2021/12/23,3680.0,3685.0,3680.0,3685.0,1400,-1.0,-1.0
2021/12/24,3690.0,3690.0,3665.0,3680.0,1000,-1.0,-1.0
2021/12/27,3690.0,3690.0,3680.0,3680.0,600,-1.0,-1.0
2021/12/28,3660.0,3720.0,3660.0,3665.0,2200,-1.0,-1.0
2021/12/29,3525.0,3560.0,3525.0,3545.0,1500,-1.0,-1.0
2021/12/30,3545.0,3550.0,3545.0,3545.0,600,-1.0,-1.0
2022/01/04,3645.0,3645.0,3575.0,3575.0,400,-1.0,-1.0
2022/01/05,3575.0,3575.0,3535.0,3535.0,700,-1.0,-1.0
2022/01/06,3540.0,3540.0,3515.0,3535.0,1700,-1.0,-1.0
2022/01/07,,,,,0,-1.0,-1.0
2022/01/11,3535.0,3535.0,3535.0,3535.0,300,-1.0,-1.0
2022/01/12,3545.0,3545.0,3545.0,3545.0,100,-1.0,-1.0
2022/01/13,3540.0,3540.0,3540.0,3540.0,100,-1.0,-1.0
2022/01/14,3535.0,3535.0,3505.0,3535.0,600,-1.0,-1.0
2022/01/17,3815.0,3815.0,3665.0,3695.0,5600,-1.0,-1.0
2022/01/18,3695.0,3695.0,3575.0,3585.0,2100,-1.0,-1.0
2022/01/19,3585.0,3635.0,3560.0,3560.0,900,-1.0,-1.0
2022/01/20,3645.0,3645.0,3555.0,3555.0,800,-1.0,-1.0
2022/01/21,3555.0,3555.0,3550.0,3550.0,300,-1.0,-1.0
2022/01/24,3595.0,3595.0,3595.0,3595.0,200,-1.0,-1.0
2022/01/25,3645.0,3645.0,3645.0,3645.0,500,-1.0,-1.0
2022/01/26,3575.0,3575.0,3565.0,3565.0,500,-1.0,-1.0
2022/01/27,3555.0,3555.0,3535.0,3535.0,500,-1.0,-1.0
2022/01/28,3530.0,3530.0,3530.0,3530.0,100,-1.0,-1.0
2022/01/31,3525.0,3545.0,3525.0,3540.0,500,-1.0,-1.0
2022/02/01,3525.0,3535.0,3520.0,3535.0,600,-1.0,-1.0
2022/02/02,3530.0,3560.0,3530.0,3560.0,500,-1.0,-1.0
2022/02/03,3560.0,3560.0,3560.0,3560.0,100,-1.0,-1.0
2022/02/04,3535.0,3585.0,3530.0,3585.0,1300,-1.0,-1.0
2022/02/07,3570.0,3570.0,3520.0,3540.0,1500,-1.0,-1.0
2022/02/08,3525.0,3525.0,3525.0,3525.0,100,-1.0,-1.0
2022/02/09,3550.0,3550.0,3530.0,3530.0,300,-1.0,-1.0
2022/02/10,3540.0,3540.0,3540.0,3540.0,200,-1.0,-1.0
2022/02/14,3540.0,3540.0,3510.0,3510.0,1100,-1.0,-1.0
2022/02/15,3530.0,3530.0,3520.0,3520.0,200,-1.0,-1.0
2022/02/16,3530.0,3570.0,3530.0,3570.0,1300,-1.0,-1.0
2022/02/17,3570.0,3570.0,3510.0,3570.0,1100,-1.0,-1.0
2022/02/18,3640.0,3640.0,3525.0,3555.0,1200,-1.0,-1.0
2022/02/21,3555.0,3555.0,3545.0,3545.0,500,-1.0,-1.0
2022/02/22,3550.0,3600.0,3535.0,3535.0,1100,-1.0,-1.0
2022/02/24,3580.0,3580.0,3540.0,3540.0,500,-1.0,-1.0
2022/02/25,3560.0,3560.0,3550.0,3550.0,800,-1.0,-1.0
2022/02/28,3565.0,3565.0,3565.0,3565.0,700,-1.0,-1.0
2022/03/01,3570.0,3570.0,3565.0,3565.0,1000,-1.0,-1.0
2022/03/02,3585.0,3585.0,3565.0,3580.0,1500,-1.0,-1.0
2022/03/03,3600.0,3700.0,3600.0,3670.0,1500,-1.0,-1.0
2022/03/04,3680.0,3965.0,3680.0,3830.0,6600,-1.0,-1.0
2022/03/07,3900.0,3970.0,3785.0,3840.0,7700,-1.0,-1.0
2022/03/08,3830.0,3840.0,3665.0,3670.0,3600,-1.0,-1.0
2022/03/09,3670.0,3815.0,3670.0,3760.0,3100,-1.0,-1.0
2022/03/10,3760.0,3770.0,3710.0,3745.0,2000,-1.0,-1.0
2022/03/11,3745.0,3750.0,3720.0,3735.0,1000,-1.0,-1.0
2022/03/14,3875.0,3895.0,3715.0,3835.0,3100,-1.0,-1.0
2022/03/15,3800.0,3815.0,3800.0,3815.0,500,-1.0,-1.0
2022/03/16,3835.0,3835.0,3770.0,3800.0,1800,-1.0,-1.0
2022/03/17,3800.0,3800.0,3700.0,3705.0,2300,-1.0,-1.0
2022/03/18,3705.0,3725.0,3675.0,3725.0,1300,-1.0,-1.0
2022/03/22,3750.0,3800.0,3750.0,3795.0,1900,-1.0,-1.0
2022/03/23,3830.0,3840.0,3740.0,3770.0,2800,-1.0,-1.0
2022/03/24,3775.0,3785.0,3745.0,3785.0,400,-1.0,-1.0
2022/03/25,3795.0,3830.0,3790.0,3825.0,2600,-1.0,-1.0
2022/03/28,3815.0,3895.0,3815.0,3885.0,1500,-1.0,-1.0
2022/03/29,3885.0,3885.0,3850.0,3860.0,1500,-1.0,-1.0
2022/03/30,3865.0,3885.0,3865.0,3870.0,1300,-1.0,-1.0
2022/03/31,3870.0,3885.0,3870.0,3875.0,400,-1.0,-1.0
2022/04/01,3875.0,3935.0,3875.0,3930.0,2400,-1.0,-1.0
2022/04/04,3910.0,4060.0,3910.0,4060.0,3200,-1.0,-1.0
2022/04/05,4060.0,4060.0,4030.0,4050.0,1000,-1.0,-1.0
2022/04/06,4025.0,4025.0,3990.0,4000.0,1500,-1.0,-1.0
2022/04/07,3985.0,4050.0,3970.0,4050.0,1300,-1.0,-1.0
2022/04/08,4050.0,4150.0,4050.0,4135.0,3100,-1.0,-1.0
2022/04/11,4200.0,4480.0,4200.0,4380.0,10700,-1.0,-1.0
2022/04/12,4315.0,4340.0,4245.0,4255.0,3200,-1.0,-1.0
2022/04/13,4325.0,4330.0,4270.0,4280.0,1600,-1.0,-1.0
2022/04/14,4280.0,4450.0,4280.0,4450.0,2700,-1.0,-1.0
2022/04/15,4445.0,4455.0,4360.0,4455.0,1000,-1.0,-1.0
2022/04/18,4455.0,4555.0,4455.0,4535.0,3000,-1.0,-1.0
2022/04/19,4565.0,4575.0,4430.0,4480.0,2500,-1.0,-1.0
2022/04/20,4480.0,4480.0,4300.0,4300.0,2000,-1.0,-1.0
2022/04/21,4275.0,4275.0,4200.0,4200.0,1100,-1.0,-1.0
2022/04/22,4200.0,4260.0,4200.0,4260.0,700,-1.0,-1.0
2022/04/25,4960.0,4960.0,4960.0,4960.0,11400,-1.0,-1.0
2022/04/26,4500.0,4505.0,4320.0,4350.0,24000,-1.0,-1.0
2022/04/27,4265.0,4450.0,4260.0,4450.0,5200,-1.0,-1.0
2022/04/28,4380.0,4450.0,4380.0,4445.0,1400,-1.0,-1.0
2022/05/02,4405.0,4770.0,4405.0,4580.0,6400,-1.0,-1.0
2022/05/06,4645.0,4895.0,4620.0,4825.0,5500,-1.0,-1.0
2022/05/09,4855.0,4895.0,4700.0,4885.0,5000,-1.0,-1.0
2022/05/10,4845.0,4880.0,4780.0,4815.0,3100,-1.0,-1.0
2022/05/11,4815.0,4815.0,4720.0,4750.0,2000,-1.0,-1.0
2022/05/12,4765.0,4850.0,4745.0,4815.0,1600,-1.0,-1.0
2022/05/13,4800.0,4800.0,4500.0,4600.0,6400,-1.0,-1.0
2022/05/16,4685.0,4820.0,4600.0,4705.0,3600,-1.0,-1.0
2022/05/17,4750.0,4850.0,4750.0,4755.0,3900,-1.0,-1.0
2022/05/18,4825.0,4900.0,4800.0,4845.0,4200,-1.0,-1.0
2022/05/19,4845.0,4845.0,4765.0,4800.0,1600,-1.0,-1.0
2022/05/20,4865.0,4880.0,4800.0,4810.0,1600,-1.0,-1.0
2022/05/23,4810.0,4810.0,4565.0,4635.0,8100,-1.0,-1.0
2022/05/24,4650.0,4895.0,4650.0,4890.0,6900,-1.0,-1.0
2022/05/25,4885.0,4885.0,4710.0,4740.0,4200,-1.0,-1.0
2022/05/26,4810.0,4810.0,4680.0,4765.0,2000,-1.0,-1.0
2022/05/27,4765.0,4765.0,4650.0,4700.0,2700,-1.0,-1.0
2022/05/30,4740.0,4740.0,4645.0,4650.0,3100,-1.0,-1.0
2022/05/31,4650.0,4665.0,4550.0,4575.0,4400,-1.0,-1.0
2022/06/01,4575.0,4755.0,4575.0,4710.0,6200,-1.0,-1.0
2022/06/02,4710.0,4735.0,4575.0,4730.0,3900,-1.0,-1.0
2022/06/03,4705.0,4710.0,4645.0,4660.0,1300,-1.0,-1.0
2022/06/06,4660.0,4660.0,4545.0,4590.0,3900,-1.0,-1.0
2022/06/07,4620.0,4620.0,4575.0,4585.0,1900,-1.0,-1.0
2022/06/08,4590.0,4625.0,4500.0,4550.0,3500,-1.0,-1.0
2022/06/09,4550.0,4595.0,4550.0,4550.0,1400,-1.0,-1.0
2022/06/10,4565.0,4630.0,4565.0,4595.0,900,-1.0,-1.0
2022/06/13,4600.0,4825.0,4600.0,4735.0,3700,-1.0,-1.0
2022/06/14,4775.0,4830.0,4670.0,4715.0,3700,-1.0,-1.0
2022/06/15,4770.0,4790.0,4705.0,4710.0,1400,-1.0,-1.0
2022/06/16,4745.0,4750.0,4715.0,4730.0,700,-1.0,-1.0
2022/06/17,4775.0,5090.0,4720.0,4980.0,10200,-1.0,-1.0
2022/06/20,5250.0,5680.0,5150.0,5680.0,33200,-1.0,-1.0
2022/06/21,5520.0,5520.0,5130.0,5200.0,24900,-1.0,-1.0
2022/06/22,5300.0,6200.0,5240.0,5750.0,55500,-1.0,-1.0
2022/06/23,5940.0,6330.0,5810.0,6050.0,45200,-1.0,-1.0
2022/06/24,6250.0,6250.0,5600.0,5640.0,23700,-1.0,-1.0
2022/06/27,5360.0,5950.0,5170.0,5950.0,23700,-1.0,-1.0
2022/06/28,5810.0,5930.0,5630.0,5800.0,8800,-1.0,-1.0
2022/06/29,5580.0,5890.0,5580.0,5830.0,4200,-1.0,-1.0
2022/06/30,5700.0,5750.0,5600.0,5690.0,1900,-1.0,-1.0
2022/07/01,5590.0,5730.0,5300.0,5630.0,6700,-1.0,-1.0
2022/07/04,5630.0,5630.0,5410.0,5500.0,4300,-1.0,-1.0
2022/07/05,5500.0,5870.0,5500.0,5870.0,6400,-1.0,-1.0
2022/07/06,5830.0,5860.0,5640.0,5760.0,3900,-1.0,-1.0
2022/07/07,5560.0,5710.0,5400.0,5550.0,6600,-1.0,-1.0
2022/07/08,5600.0,5620.0,5510.0,5540.0,2500,-1.0,-1.0
2022/07/11,5540.0,5660.0,5520.0,5520.0,1200,-1.0,-1.0
2022/07/12,5520.0,5620.0,5510.0,5510.0,1000,-1.0,-1.0
2022/07/13,5590.0,5590.0,5310.0,5320.0,3900,-1.0,-1.0
2022/07/14,5300.0,5300.0,4965.0,5090.0,10500,-1.0,-1.0
2022/07/15,4850.0,5080.0,4850.0,5000.0,6100,-1.0,-1.0
2022/07/19,5000.0,5000.0,4860.0,4980.0,1500,-1.0,-1.0
2022/07/20,5010.0,5130.0,4910.0,5020.0,2800,-1.0,-1.0
2022/07/21,5050.0,5060.0,4930.0,4950.0,3600,-1.0,-1.0
2022/07/22,5020.0,5080.0,4980.0,4985.0,1900,-1.0,-1.0
2022/07/25,5060.0,5270.0,5060.0,5250.0,5500,-1.0,-1.0
2022/07/26,5290.0,5430.0,5250.0,5250.0,3800,-1.0,-1.0
2022/07/27,5280.0,5280.0,5070.0,5080.0,1600,-1.0,-1.0
2022/07/28,5150.0,5190.0,5010.0,5010.0,2400,-1.0,-1.0
2022/07/29,5040.0,5070.0,4900.0,4960.0,2700,-1.0,-1.0
2022/08/01,4855.0,4865.0,4815.0,4865.0,2900,-1.0,-1.0
2022/08/02,4825.0,4865.0,4825.0,4865.0,400,-1.0,-1.0
2022/08/03,4815.0,4880.0,4810.0,4880.0,1100,-1.0,-1.0
2022/08/04,4890.0,4925.0,4830.0,4920.0,1900,-1.0,-1.0
2022/08/05,4935.0,5120.0,4935.0,5050.0,4200,-1.0,-1.0
2022/08/08,5250.0,5400.0,5100.0,5390.0,7800,-1.0,-1.0
2022/08/09,5330.0,5330.0,5010.0,5050.0,9000,-1.0,-1.0
2022/08/10,5150.0,5150.0,4615.0,4635.0,10600,-1.0,-1.0
2022/08/12,4645.0,4900.0,4645.0,4800.0,3600,-1.0,-1.0
2022/08/15,4870.0,4870.0,4650.0,4700.0,3500,-1.0,-1.0
2022/08/16,4700.0,4770.0,4630.0,4700.0,2600,-1.0,-1.0
2022/08/17,4705.0,4705.0,4635.0,4675.0,2700,-1.0,-1.0
2022/08/18,4680.0,4785.0,4680.0,4785.0,2600,-1.0,-1.0
2022/08/19,4800.0,4840.0,4780.0,4840.0,1100,-1.0,-1.0
2022/08/22,4840.0,4885.0,4840.0,4875.0,2400,-1.0,-1.0
2022/08/23,4900.0,4900.0,4835.0,4840.0,700,-1.0,-1.0
2022/08/24,4830.0,4890.0,4830.0,4890.0,500,-1.0,-1.0
2022/08/25,4925.0,4925.0,4850.0,4855.0,1900,-1.0,-1.0
2022/08/26,4900.0,4925.0,4880.0,4900.0,700,-1.0,-1.0
2022/08/29,4795.0,4860.0,4795.0,4820.0,2100,-1.0,-1.0
2022/08/30,4920.0,4920.0,4820.0,4835.0,600,-1.0,-1.0
2022/08/31,4835.0,4880.0,4810.0,4850.0,2200,-1.0,-1.0
2022/09/01,4835.0,4835.0,4765.0,4800.0,1600,-1.0,-1.0
2022/09/02,4775.0,4775.0,4695.0,4730.0,2400,-1.0,-1.0
2022/09/05,4685.0,4800.0,4685.0,4800.0,800,-1.0,-1.0
2022/09/06,4800.0,4800.0,4730.0,4730.0,300,-1.0,-1.0
2022/09/07,4730.0,4730.0,4630.0,4650.0,1700,-1.0,-1.0
2022/09/08,4705.0,4730.0,4695.0,4700.0,1300,-1.0,-1.0
2022/09/09,4740.0,4785.0,4730.0,4730.0,1100,-1.0,-1.0
2022/09/12,4750.0,4795.0,4735.0,4735.0,900,-1.0,-1.0
2022/09/13,4740.0,4785.0,4735.0,4775.0,1200,-1.0,-1.0
2022/09/14,4730.0,4775.0,4700.0,4775.0,600,-1.0,-1.0
2022/09/15,4785.0,4785.0,4730.0,4750.0,1000,-1.0,-1.0
2022/09/16,4745.0,4755.0,4745.0,4755.0,500,-1.0,-1.0
2022/09/20,4760.0,4870.0,4760.0,4850.0,2400,-1.0,-1.0
2022/09/21,4865.0,5200.0,4850.0,4990.0,5900,-1.0,-1.0
2022/09/22,5000.0,5100.0,5000.0,5070.0,2900,-1.0,-1.0
2022/09/26,5030.0,5050.0,4890.0,4890.0,2600,-1.0,-1.0
2022/09/27,4880.0,4910.0,4830.0,4910.0,1400,-1.0,-1.0
2022/09/28,4890.0,4890.0,4755.0,4755.0,1400,-1.0,-1.0
2022/09/29,4895.0,4965.0,4805.0,4805.0,1200,-1.0,-1.0
2022/09/30,4810.0,4965.0,4810.0,4885.0,800,-1.0,-1.0
2022/10/03,4880.0,4880.0,4775.0,4835.0,700,-1.0,-1.0
2022/10/04,4825.0,4865.0,4825.0,4860.0,700,-1.0,-1.0
2022/10/05,4845.0,4845.0,4705.0,4745.0,3300,-1.0,-1.0
2022/10/06,4745.0,4845.0,4745.0,4785.0,700,-1.0,-1.0
2022/10/07,,,,,0,-1.0,-1.0
2022/10/11,4850.0,4850.0,4845.0,4845.0,500,-1.0,-1.0
2022/10/12,4835.0,4845.0,4795.0,4845.0,500,-1.0,-1.0
2022/10/13,4845.0,4845.0,4800.0,4800.0,600,-1.0,-1.0
2022/10/14,4830.0,4860.0,4750.0,4750.0,700,-1.0,-1.0
2022/10/17,4785.0,4790.0,4755.0,4755.0,1000,-1.0,-1.0
2022/10/18,4800.0,4845.0,4800.0,4840.0,600,-1.0,-1.0
2022/10/19,4840.0,4920.0,4840.0,4915.0,2100,-1.0,-1.0
2022/10/20,4930.0,5300.0,4915.0,5040.0,9800,-1.0,-1.0
2022/10/21,5010.0,5070.0,5010.0,5010.0,2100,-1.0,-1.0
2022/10/24,5080.0,5080.0,4930.0,4930.0,2000,-1.0,-1.0
2022/10/25,5060.0,5060.0,4935.0,5000.0,1800,-1.0,-1.0
2022/10/26,5000.0,5000.0,4990.0,5000.0,400,-1.0,-1.0
2022/10/27,4995.0,4995.0,4940.0,4955.0,2200,-1.0,-1.0
2022/10/28,4955.0,4955.0,4935.0,4935.0,300,-1.0,-1.0
2022/10/31,4950.0,5060.0,4950.0,5050.0,2500,-1.0,-1.0
2022/11/01,5040.0,5040.0,4980.0,4980.0,500,-1.0,-1.0
2022/11/02,4980.0,5000.0,4950.0,4970.0,1100,-1.0,-1.0
2022/11/04,4930.0,4965.0,4930.0,4960.0,400,-1.0,-1.0
2022/11/07,4955.0,4960.0,4930.0,4960.0,800,-1.0,-1.0
2022/11/08,4970.0,4975.0,4960.0,4975.0,800,-1.0,-1.0
2022/11/09,4945.0,4970.0,4900.0,4925.0,1800,-1.0,-1.0
2022/11/10,4980.0,5040.0,4970.0,5040.0,4800,-1.0,-1.0
2022/11/11,4940.0,4940.0,4530.0,4755.0,12800,-1.0,-1.0
2022/11/14,4760.0,4760.0,4580.0,4750.0,3100,-1.0,-1.0
2022/11/15,4750.0,4790.0,4680.0,4690.0,600,-1.0,-1.0
2022/11/16,4670.0,4680.0,4600.0,4610.0,3500,-1.0,-1.0
2022/11/17,4615.0,4615.0,4300.0,4400.0,11500,-1.0,-1.0
2022/11/18,4440.0,4440.0,4395.0,4425.0,3500,-1.0,-1.0
2022/11/21,4420.0,4480.0,4390.0,4460.0,3500,-1.0,-1.0
2022/11/22,4495.0,4495.0,4440.0,4460.0,1700,-1.0,-1.0
2022/11/24,4475.0,4540.0,4475.0,4500.0,2000,-1.0,-1.0
2022/11/25,4540.0,4540.0,4500.0,4500.0,1700,-1.0,-1.0
2022/11/28,4570.0,4570.0,4440.0,4495.0,3400,-1.0,-1.0
2022/11/29,4495.0,4495.0,4445.0,4470.0,1100,-1.0,-1.0
2022/11/30,4470.0,4490.0,4470.0,4490.0,1100,-1.0,-1.0
2022/12/01,4495.0,4515.0,4470.0,4485.0,1800,-1.0,-1.0
2022/12/02,4485.0,4495.0,4465.0,4495.0,500,-1.0,-1.0
2022/12/05,4605.0,4605.0,4465.0,4465.0,1800,-1.0,-1.0
2022/12/06,4445.0,4475.0,4405.0,4450.0,1000,-1.0,-1.0
2022/12/07,4465.0,4495.0,4420.0,4420.0,1100,-1.0,-1.0
2022/12/08,4425.0,4425.0,4420.0,4420.0,500,-1.0,-1.0
2022/12/09,4420.0,4430.0,4420.0,4425.0,900,-1.0,-1.0
2022/12/12,4460.0,4460.0,4425.0,4450.0,400,-1.0,-1.0
2022/12/13,4450.0,4465.0,4450.0,4450.0,400,-1.0,-1.0
2022/12/14,4450.0,4450.0,4440.0,4440.0,400,-1.0,-1.0
2022/12/15,4430.0,4430.0,4400.0,4415.0,1700,-1.0,-1.0
2022/12/16,4415.0,4460.0,4400.0,4415.0,1700,-1.0,-1.0
2022/12/19,4415.0,4460.0,4415.0,4460.0,200,-1.0,-1.0
2022/12/20,4485.0,4495.0,4415.0,4420.0,1200,-1.0,-1.0
2022/12/21,4430.0,4435.0,4430.0,4435.0,500,-1.0,-1.0
2022/12/22,4435.0,4475.0,4435.0,4475.0,400,-1.0,-1.0
2022/12/23,4475.0,4500.0,4475.0,4500.0,1000,-1.0,-1.0
2022/12/26,4495.0,4495.0,4450.0,4450.0,500,-1.0,-1.0
2022/12/27,4445.0,4480.0,4445.0,4450.0,1000,-1.0,-1.0
2022/12/28,4470.0,4500.0,4440.0,4440.0,3900,-1.0,-1.0
2022/12/29,4305.0,4350.0,4180.0,4350.0,4100,-1.0,-1.0
2022/12/30,4330.0,4330.0,4285.0,4285.0,500,-1.0,-1.0
2023/01/04,4240.0,4260.0,4210.0,4210.0,800,-1.0,-1.0
2023/01/05,4210.0,4210.0,4165.0,4165.0,1200,-1.0,-1.0
2023/01/06,4100.0,4100.0,3900.0,3965.0,3800,-1.0,-1.0
2023/01/10,4000.0,4000.0,3970.0,3970.0,700,-1.0,-1.0
2023/01/11,4000.0,4000.0,3970.0,3970.0,400,-1.0,-1.0
2023/01/12,4010.0,4115.0,3995.0,4010.0,1300,-1.0,-1.0
2023/01/13,3985.0,4010.0,3985.0,4010.0,400,-1.0,-1.0
2023/01/16,4005.0,4065.0,3970.0,3975.0,800,-1.0,-1.0
2023/01/17,3975.0,3985.0,3970.0,3970.0,500,-1.0,-1.0
2023/01/18,4075.0,4075.0,3930.0,4020.0,2600,-1.0,-1.0
2023/01/19,3960.0,3965.0,3960.0,3960.0,400,-1.0,-1.0
2023/01/20,3960.0,3960.0,3960.0,3960.0,200,-1.0,-1.0
2023/01/23,3980.0,3990.0,3980.0,3980.0,300,-1.0,-1.0
2023/01/24,3980.0,4005.0,3980.0,4005.0,400,-1.0,-1.0
2023/01/25,4000.0,4010.0,3995.0,4010.0,1600,-1.0,-1.0
2023/01/26,4040.0,4065.0,4010.0,4035.0,700,-1.0,-1.0
2023/01/27,4070.0,4095.0,4065.0,4065.0,900,-1.0,-1.0
2023/01/30,4165.0,4190.0,4105.0,4105.0,2400,-1.0,-1.0
2023/01/31,4100.0,4100.0,4100.0,4100.0,100,-1.0,-1.0
2023/02/01,4150.0,4150.0,4130.0,4130.0,400,-1.0,-1.0
2023/02/02,4120.0,4135.0,4120.0,4135.0,600,-1.0,-1.0
2023/02/03,4125.0,4125.0,4080.0,4080.0,700,-1.0,-1.0
2023/02/06,4080.0,4080.0,3950.0,3985.0,2600,-1.0,-1.0
2023/02/07,4000.0,4000.0,3985.0,3985.0,1200,-1.0,-1.0
2023/02/08,3965.0,3970.0,3965.0,3965.0,2100,-1.0,-1.0
2023/02/09,3965.0,3990.0,3965.0,3990.0,600,-1.0,-1.0
2023/02/10,3990.0,3990.0,3990.0,3990.0,100,-1.0,-1.0
2023/02/13,3960.0,3970.0,3960.0,3960.0,1200,-1.0,-1.0
2023/02/14,3960.0,4000.0,3960.0,4000.0,800,-1.0,-1.0
2023/02/15,4015.0,4200.0,4015.0,4200.0,4100,-1.0,-1.0
2023/02/16,4340.0,4690.0,4285.0,4675.0,32700,-1.0,-1.0
2023/02/17,4075.0,4110.0,4030.0,4045.0,27000,-1.0,-1.0
2023/02/20,4030.0,4030.0,3990.0,4020.0,7100,-1.0,-1.0
2023/02/21,4000.0,4005.0,3985.0,4000.0,2700,-1.0,-1.0
2023/02/22,3990.0,4000.0,3970.0,4000.0,1900,-1.0,-1.0
2023/02/24,4010.0,4010.0,3955.0,3990.0,3500,-1.0,-1.0
2023/02/27,3990.0,3990.0,3970.0,3970.0,1700,-1.0,-1.0
2023/02/28,3980.0,3980.0,3965.0,3965.0,800,-1.0,-1.0
2023/03/01,3970.0,3970.0,3970.0,3970.0,500,-1.0,-1.0
2023/03/02,3965.0,3970.0,3965.0,3965.0,1000,-1.0,-1.0
2023/03/03,,,,,0,-1.0,-1.0
2023/03/06,3985.0,3985.0,3940.0,3960.0,1200,-1.0,-1.0
2023/03/07,3960.0,3970.0,3955.0,3970.0,800,-1.0,-1.0
2023/03/08,3965.0,3995.0,3965.0,3995.0,400,-1.0,-1.0
2023/03/09,4000.0,4015.0,3975.0,4000.0,1200,-1.0,-1.0
2023/03/10,3970.0,3985.0,3955.0,3985.0,1200,-1.0,-1.0
2023/03/13,3980.0,3980.0,3940.0,3940.0,800,-1.0,-1.0
2023/03/14,3940.0,3940.0,3890.0,3920.0,3800,-1.0,-1.0
2023/03/15,3920.0,3920.0,3900.0,3905.0,500,-1.0,-1.0
2023/03/16,3890.0,3890.0,3860.0,3870.0,1200,-1.0,-1.0
2023/03/17,3875.0,3890.0,3855.0,3855.0,1100,-1.0,-1.0
2023/03/20,3860.0,3860.0,3850.0,3850.0,1900,-1.0,-1.0
2023/03/22,3820.0,3840.0,3820.0,3825.0,500,-1.0,-1.0
2023/03/23,3825.0,3825.0,3825.0,3825.0,600,-1.0,-1.0
2023/03/24,3865.0,3885.0,3865.0,3885.0,600,-1.0,-1.0
2023/03/27,3840.0,3890.0,3840.0,3890.0,200,-1.0,-1.0
2023/03/28,,,,,0,-1.0,-1.0
2023/03/29,3900.0,3960.0,3900.0,3960.0,500,-1.0,-1.0
2023/03/30,3950.0,3950.0,3945.0,3945.0,700,-1.0,-1.0
2023/03/31,3940.0,3940.0,3940.0,3940.0,400,-1.0,-1.0
2023/04/03,3955.0,4030.0,3955.0,3975.0,1300,-1.0,-1.0
2023/04/04,4025.0,4045.0,3990.0,4035.0,1600,-1.0,-1.0
2023/04/05,4030.0,4030.0,4010.0,4010.0,900,-1.0,-1.0
2023/04/06,4005.0,4005.0,3970.0,3970.0,800,-1.0,-1.0
2023/04/07,4000.0,4000.0,3950.0,3950.0,1000,-1.0,-1.0
2023/04/10,3975.0,3975.0,3955.0,3965.0,600,-1.0,-1.0
2023/04/11,,,,,0,-1.0,-1.0
2023/04/12,3970.0,4005.0,3970.0,4005.0,700,-1.0,-1.0
2023/04/13,4000.0,4065.0,4000.0,4065.0,1100,-1.0,-1.0
2023/04/14,4065.0,4065.0,4025.0,4025.0,800,-1.0,-1.0
2023/04/17,4035.0,4055.0,4035.0,4055.0,1600,-1.0,-1.0
2023/04/18,4075.0,4075.0,4045.0,4070.0,1200,-1.0,-1.0
2023/04/19,4075.0,4085.0,4060.0,4085.0,1700,-1.0,-1.0
2023/04/20,4035.0,4090.0,4035.0,4090.0,600,-1.0,-1.0
2023/04/21,4075.0,4075.0,4045.0,4045.0,400,-1.0,-1.0
2023/04/24,4065.0,4080.0,4060.0,4080.0,700,-1.0,-1.0
2023/04/25,4080.0,4095.0,4055.0,4095.0,1100,-1.0,-1.0
2023/04/26,4510.0,4695.0,4310.0,4555.0,50600,-1.0,-1.0
2023/04/27,4485.0,4485.0,4335.0,4335.0,4900,-1.0,-1.0
2023/04/28,4335.0,4340.0,4300.0,4305.0,1200,-1.0,-1.0
2023/05/01,4350.0,4440.0,4350.0,4440.0,2200,-1.0,-1.0
2023/05/02,4440.0,4475.0,4440.0,4475.0,1300,-1.0,-1.0
2023/05/08,4475.0,4500.0,4430.0,4500.0,3100,-1.0,-1.0
2023/05/09,4515.0,4515.0,4445.0,4445.0,1600,-1.0,-1.0
2023/05/10,4510.0,4560.0,4370.0,4460.0,4600,-1.0,-1.0
2023/05/11,4435.0,4435.0,4400.0,4400.0,1400,-1.0,-1.0
2023/05/12,4420.0,4430.0,4355.0,4390.0,1900,-1.0,-1.0
2023/05/15,4390.0,4430.0,4390.0,4405.0,800,-1.0,-1.0
2023/05/16,4405.0,4405.0,4355.0,4355.0,1100,-1.0,-1.0
2023/05/17,4445.0,4445.0,4385.0,4430.0,400,-1.0,-1.0
2023/05/18,4440.0,4440.0,4440.0,4440.0,200,-1.0,-1.0
2023/05/19,4420.0,4455.0,4420.0,4425.0,3100,-1.0,-1.0
2023/05/22,4405.0,4455.0,4400.0,4415.0,1200,-1.0,-1.0
2023/05/23,4415.0,4470.0,4405.0,4405.0,1600,-1.0,-1.0
2023/05/24,4405.0,4445.0,4405.0,4405.0,900,-1.0,-1.0
2023/05/25,4435.0,4435.0,4400.0,4400.0,700,-1.0,-1.0
2023/05/26,4440.0,4440.0,4400.0,4425.0,800,-1.0,-1.0
2023/05/29,4450.0,4450.0,4380.0,4395.0,2000,-1.0,-1.0
2023/05/30,4430.0,4435.0,4375.0,4400.0,700,-1.0,-1.0
2023/05/31,4395.0,4440.0,4375.0,4375.0,1400,-1.0,-1.0
2023/06/01,4375.0,4375.0,4365.0,4370.0,500,-1.0,-1.0
2023/06/02,4370.0,4450.0,4370.0,4390.0,1800,-1.0,-1.0
2023/06/05,4400.0,4490.0,4400.0,4490.0,2700,-1.0,-1.0
2023/06/06,4485.0,4485.0,4425.0,4480.0,700,-1.0,-1.0
2023/06/07,4440.0,4475.0,4440.0,4440.0,1000,-1.0,-1.0
2023/06/08,4475.0,4500.0,4300.0,4425.0,4800,-1.0,-1.0
2023/06/09,4415.0,4440.0,4400.0,4430.0,1600,-1.0,-1.0
2023/06/12,4425.0,4450.0,4410.0,4420.0,800,-1.0,-1.0
2023/06/13,4420.0,4460.0,4420.0,4445.0,600,-1.0,-1.0
2023/06/14,4445.0,4465.0,4445.0,4465.0,1800,-1.0,-1.0
2023/06/15,4475.0,4475.0,4445.0,4470.0,1200,-1.0,-1.0
2023/06/16,4445.0,4465.0,4445.0,4445.0,500,-1.0,-1.0
2023/06/19,4445.0,4480.0,4445.0,4465.0,1400,-1.0,-1.0
2023/06/20,4465.0,4480.0,4465.0,4470.0,1800,-1.0,-1.0
2023/06/21,4485.0,4510.0,4465.0,4500.0,3500,-1.0,-1.0
2023/06/22,4500.0,4570.0,4500.0,4520.0,2700,-1.0,-1.0
2023/06/23,4570.0,4570.0,4520.0,4520.0,1500,-1.0,-1.0
2023/06/26,4520.0,4545.0,4480.0,4495.0,2500,-1.0,-1.0
2023/06/27,4495.0,4535.0,4480.0,4515.0,3200,-1.0,-1.0
2023/06/28,4515.0,4560.0,4490.0,4500.0,5700,-1.0,-1.0
2023/06/29,4310.0,4440.0,4310.0,4380.0,4800,-1.0,-1.0
2023/06/30,4380.0,4380.0,4340.0,4380.0,2500,-1.0,-1.0
2023/07/03,4380.0,4430.0,4370.0,4430.0,1100,-1.0,-1.0
2023/07/04,4440.0,4440.0,4325.0,4380.0,1700,-1.0,-1.0
2023/07/05,4320.0,4380.0,4320.0,4350.0,1300,-1.0,-1.0
2023/07/06,4320.0,4320.0,4310.0,4310.0,1200,-1.0,-1.0
2023/07/07,4300.0,4365.0,4300.0,4320.0,1900,-1.0,-1.0
2023/07/10,4295.0,4315.0,4295.0,4305.0,700,-1.0,-1.0
2023/07/11,4300.0,4350.0,4295.0,4300.0,800,-1.0,-1.0
2023/07/12,4295.0,4330.0,4295.0,4295.0,700,-1.0,-1.0
2023/07/13,4280.0,4305.0,4280.0,4295.0,700,-1.0,-1.0
2023/07/14,4285.0,4285.0,4285.0,4285.0,100,-1.0,-1.0
2023/07/18,4315.0,4400.0,4305.0,4390.0,5200,-1.0,-1.0
2023/07/19,4430.0,4440.0,4395.0,4430.0,2800,-1.0,-1.0
2023/07/20,4410.0,4440.0,4410.0,4425.0,1500,-1.0,-1.0
2023/07/21,4410.0,4410.0,4405.0,4410.0,400,-1.0,-1.0
2023/07/24,4455.0,4470.0,4430.0,4465.0,3900,-1.0,-1.0
2023/07/25,4465.0,4545.0,4465.0,4545.0,5400,-1.0,-1.0
2023/07/26,4550.0,4610.0,4550.0,4610.0,3000,-1.0,-1.0
2023/07/27,4620.0,4670.0,4570.0,4570.0,4400,-1.0,-1.0
2023/07/28,4500.0,4560.0,4445.0,4530.0,5400,-1.0,-1.0
2023/07/31,4580.0,4600.0,4560.0,4600.0,2200,-1.0,-1.0
2023/08/01,4630.0,4630.0,4590.0,4600.0,1100,-1.0,-1.0
2023/08/02,4545.0,4570.0,4500.0,4530.0,3400,-1.0,-1.0
2023/08/03,4500.0,4550.0,4470.0,4545.0,2300,-1.0,-1.0
2023/08/04,4545.0,4665.0,4545.0,4665.0,6300,-1.0,-1.0
2023/08/07,4720.0,4955.0,4715.0,4715.0,12100,-1.0,-1.0
2023/08/08,4755.0,4755.0,4670.0,4695.0,2400,-1.0,-1.0
2023/08/09,4700.0,4750.0,4680.0,4695.0,3600,-1.0,-1.0
2023/08/10,4710.0,4810.0,4710.0,4790.0,3300,-1.0,-1.0
2023/08/14,4790.0,4810.0,4740.0,4760.0,4200,-1.0,-1.0
2023/08/15,4760.0,4775.0,4705.0,4705.0,1600,-1.0,-1.0
2023/08/16,4705.0,4740.0,4700.0,4720.0,1300,-1.0,-1.0
2023/08/17,4720.0,4735.0,4645.0,4690.0,2400,-1.0,-1.0
2023/08/18,4750.0,4755.0,4680.0,4700.0,2500,-1.0,-1.0
2023/08/21,4770.0,4870.0,4755.0,4830.0,4900,-1.0,-1.0
2023/08/22,4890.0,4890.0,4860.0,4875.0,3200,-1.0,-1.0
2023/08/23,4880.0,5080.0,4880.0,5050.0,9400,-1.0,-1.0
2023/08/24,5050.0,5080.0,5000.0,5010.0,2300,-1.0,-1.0
2023/08/25,5010.0,5050.0,4970.0,4970.0,2000,-1.0,-1.0
2023/08/28,5030.0,5030.0,5000.0,5030.0,1900,-1.0,-1.0
2023/08/29,5020.0,5020.0,4900.0,4900.0,3900,-1.0,-1.0
2023/08/30,4955.0,4960.0,4910.0,4960.0,1900,-1.0,-1.0
2023/08/31,4960.0,5180.0,4960.0,5150.0,5500,-1.0,-1.0
2023/09/01,5100.0,5140.0,5070.0,5140.0,2100,-1.0,-1.0
2023/09/04,5150.0,5200.0,5100.0,5100.0,4900,-1.0,-1.0
2023/09/05,5100.0,5100.0,5020.0,5020.0,2600,-1.0,-1.0
2023/09/06,5080.0,5120.0,4965.0,5010.0,4400,-1.0,-1.0
2023/09/07,5030.0,5170.0,5030.0,5170.0,2900,-1.0,-1.0
2023/09/08,5150.0,5250.0,5060.0,5250.0,2500,-1.0,-1.0
2023/09/11,5250.0,5250.0,5130.0,5200.0,2400,-1.0,-1.0
2023/09/12,5200.0,5230.0,5130.0,5210.0,1500,-1.0,-1.0
2023/09/13,5160.0,5180.0,5140.0,5150.0,600,-1.0,-1.0
2023/09/14,5240.0,5570.0,5240.0,5410.0,9600,-1.0,-1.0
2023/09/15,5570.0,5810.0,5460.0,5690.0,10100,-1.0,-1.0
2023/09/19,5740.0,5970.0,5740.0,5960.0,12200,-1.0,-1.0
2023/09/20,6010.0,6060.0,5540.0,5690.0,18100,-1.0,-1.0
2023/09/21,5690.0,5690.0,5370.0,5480.0,8800,-1.0,-1.0
2023/09/22,5860.0,6170.0,5660.0,6100.0,53000,-1.0,-1.0
2023/09/25,6010.0,6010.0,5810.0,5920.0,8800,-1.0,-1.0
2023/09/26,5880.0,5920.0,5690.0,5790.0,6300,-1.0,-1.0
2023/09/27,5660.0,5850.0,5630.0,5630.0,6700,-1.0,-1.0
2023/09/28,5700.0,5750.0,5550.0,5680.0,6200,-1.0,-1.0
2023/09/29,5680.0,5710.0,5620.0,5660.0,1600,-1.0,-1.0
2023/10/02,5680.0,5690.0,5440.0,5440.0,12400,-1.0,-1.0
2023/10/03,5420.0,5420.0,5230.0,5230.0,9200,-1.0,-1.0
2023/10/04,5060.0,5230.0,4950.0,5140.0,16300,-1.0,-1.0
2023/10/05,5280.0,5410.0,5210.0,5370.0,4800,-1.0,-1.0
2023/10/06,5360.0,5360.0,5230.0,5340.0,3700,-1.0,-1.0
2023/10/10,5380.0,5410.0,5320.0,5400.0,4500,-1.0,-1.0
2023/10/11,5470.0,5550.0,5400.0,5530.0,3600,-1.0,-1.0
2023/10/12,5590.0,5590.0,5370.0,5540.0,4300,-1.0,-1.0
2023/10/13,5460.0,5490.0,5280.0,5320.0,6000,-1.0,-1.0
2023/10/16,5280.0,5310.0,5170.0,5270.0,5800,-1.0,-1.0
2023/10/17,5270.0,5330.0,5230.0,5250.0,1900,-1.0,-1.0
2023/10/18,5250.0,5250.0,5150.0,5200.0,2700,-1.0,-1.0
2023/10/19,5120.0,5230.0,5120.0,5230.0,1500,-1.0,-1.0
2023/10/20,5160.0,5180.0,5130.0,5130.0,1800,-1.0,-1.0
2023/10/23,5140.0,5140.0,4970.0,5070.0,4500,-1.0,-1.0
2023/10/24,5080.0,5290.0,4870.0,5290.0,9800,-1.0,-1.0
2023/10/25,5290.0,5330.0,5170.0,5300.0,6200,-1.0,-1.0
2023/10/26,5280.0,5460.0,5280.0,5420.0,5100,-1.0,-1.0
2023/10/27,5420.0,5490.0,5400.0,5420.0,2400,-1.0,-1.0
2023/10/30,5420.0,5550.0,5350.0,5480.0,2500,-1.0,-1.0
2023/10/31,5520.0,5550.0,5490.0,5550.0,3100,-1.0,-1.0
2023/11/01,5560.0,5690.0,5500.0,5690.0,4900,-1.0,-1.0
2023/11/02,5840.0,5900.0,5730.0,5770.0,21600,-1.0,-1.0
2023/11/06,5390.0,5690.0,5330.0,5570.0,20700,-1.0,-1.0
2023/11/07,5560.0,5630.0,5480.0,5490.0,4200,-1.0,-1.0
2023/11/08,5510.0,5510.0,5280.0,5380.0,8400,-1.0,-1.0
2023/11/09,5310.0,5490.0,5310.0,5390.0,2300,-1.0,-1.0
2023/11/10,5370.0,5480.0,5370.0,5480.0,2000,-1.0,-1.0
2023/11/13,5480.0,5480.0,5330.0,5410.0,2900,-1.0,-1.0
2023/11/14,5410.0,5530.0,5410.0,5480.0,2000,-1.0,-1.0
2023/11/15,5540.0,5540.0,5440.0,5460.0,1000,-1.0,-1.0
2023/11/16,5430.0,5460.0,5250.0,5340.0,6800,-1.0,-1.0
2023/11/17,5350.0,5350.0,5240.0,5340.0,4600,-1.0,-1.0
2023/11/20,5390.0,5390.0,5290.0,5300.0,1800,-1.0,-1.0
2023/11/21,5300.0,5370.0,5260.0,5370.0,1900,-1.0,-1.0
2023/11/22,5330.0,5380.0,5320.0,5320.0,900,-1.0,-1.0
2023/11/24,5370.0,5430.0,5340.0,5420.0,3800,-1.0,-1.0
2023/11/27,5480.0,5600.0,5460.0,5540.0,3500,-1.0,-1.0
2023/11/28,5490.0,5600.0,5490.0,5600.0,2500,-1.0,-1.0
2023/11/29,5600.0,5600.0,5500.0,5550.0,2100,-1.0,-1.0
2023/11/30,5560.0,5560.0,5430.0,5490.0,1300,-1.0,-1.0
2023/12/01,5480.0,5580.0,5480.0,5560.0,3200,-1.0,-1.0
2023/12/04,5630.0,5630.0,5570.0,5570.0,2000,-1.0,-1.0
2023/12/05,5530.0,5630.0,5480.0,5530.0,2100,-1.0,-1.0
2023/12/06,5560.0,5660.0,5540.0,5660.0,3100,-1.0,-1.0
2023/12/07,5660.0,5690.0,5610.0,5660.0,2700,-1.0,-1.0
2023/12/08,5660.0,5890.0,5660.0,5740.0,4900,-1.0,-1.0
2023/12/11,5790.0,5900.0,5610.0,5630.0,6000,-1.0,-1.0
2023/12/12,5630.0,5710.0,5630.0,5680.0,1000,-1.0,-1.0
2023/12/13,5650.0,5650.0,5580.0,5600.0,1900,-1.0,-1.0
2023/12/14,5570.0,5570.0,5460.0,5510.0,3400,-1.0,-1.0
2023/12/15,5520.0,5520.0,5440.0,5460.0,1400,-1.0,-1.0
2023/12/18,5460.0,5490.0,5240.0,5360.0,4300,-1.0,-1.0
2023/12/19,5360.0,5440.0,5360.0,5430.0,400,-1.0,-1.0
2023/12/20,5400.0,5510.0,5400.0,5510.0,1900,-1.0,-1.0
2023/12/21,5490.0,5490.0,5490.0,5490.0,200,-1.0,-1.0
2023/12/22,5490.0,5530.0,5410.0,5460.0,1700,-1.0,-1.0
2023/12/25,5610.0,5740.0,5560.0,5580.0,5900,-1.0,-1.0
2023/12/26,5650.0,5650.0,5530.0,5560.0,4600,-1.0,-1.0
2023/12/27,5610.0,5730.0,5590.0,5640.0,4400,-1.0,-1.0
2023/12/28,5490.0,5580.0,5460.0,5480.0,3400,-1.0,-1.0
2023/12/29,5510.0,5510.0,5450.0,5450.0,1100,-1.0,-1.0
2024/01/04,5420.0,5500.0,5280.0,5500.0,1900,-1.0,-1.0
2024/01/05,5400.0,5420.0,5360.0,5360.0,1500,-1.0,-1.0
2024/01/09,5360.0,5400.0,5320.0,5380.0,1900,-1.0,-1.0
2024/01/10,5340.0,5360.0,5150.0,5240.0,6900,-1.0,-1.0
2024/01/11,5240.0,5340.0,5240.0,5260.0,2300,-1.0,-1.0
2024/01/12,5340.0,5370.0,5300.0,5370.0,3000,-1.0,-1.0
2024/01/15,5370.0,5430.0,5300.0,5300.0,2100,-1.0,-1.0
2024/01/16,5350.0,5420.0,5320.0,5420.0,3500,-1.0,-1.0
2024/01/17,5420.0,5480.0,5420.0,5480.0,1500,-1.0,-1.0
2024/01/18,5470.0,5470.0,5430.0,5430.0,700,-1.0,-1.0
2024/01/19,5430.0,5430.0,5360.0,5400.0,600,-1.0,-1.0
2024/01/22,5370.0,5460.0,5370.0,5460.0,2600,-1.0,-1.0
2024/01/23,5460.0,5490.0,5430.0,5460.0,1000,-1.0,-1.0
2024/01/24,5470.0,5490.0,5420.0,5440.0,2100,-1.0,-1.0
2024/01/25,5470.0,5480.0,5430.0,5470.0,900,-1.0,-1.0
2024/01/26,5470.0,5490.0,5450.0,5470.0,1300,-1.0,-1.0
2024/01/29,5440.0,5560.0,5440.0,5540.0,3100,-1.0,-1.0
2024/01/30,5530.0,5530.0,5410.0,5460.0,1800,-1.0,-1.0
2024/01/31,5480.0,5530.0,5470.0,5500.0,1900,-1.0,-1.0
2024/02/01,5480.0,5500.0,5450.0,5450.0,1300,-1.0,-1.0
2024/02/02,5490.0,5550.0,5470.0,5550.0,3500,-1.0,-1.0
2024/02/05,5560.0,5630.0,5560.0,5630.0,2100,-1.0,-1.0
2024/02/06,5650.0,5660.0,5600.0,5600.0,1400,-1.0,-1.0
2024/02/07,5600.0,5620.0,5570.0,5570.0,1000,-1.0,-1.0
2024/02/08,5550.0,5560.0,5490.0,5490.0,1300,-1.0,-1.0
2024/02/09,5500.0,5550.0,5470.0,5540.0,3500,-1.0,-1.0
2024/02/13,5550.0,5580.0,5470.0,5550.0,4700,-1.0,-1.0
2024/02/14,5560.0,5590.0,5520.0,5530.0,3400,-1.0,-1.0
2024/02/15,5630.0,6040.0,5570.0,6040.0,35000,-1.0,-1.0
2024/02/16,5040.0,5240.0,5040.0,5220.0,32600,-1.0,-1.0
2024/02/19,5220.0,5220.0,5050.0,5130.0,8200,-1.0,-1.0
2024/02/20,5200.0,5270.0,5090.0,5260.0,12200,-1.0,-1.0
2024/02/21,5240.0,5240.0,5170.0,5200.0,3800,-1.0,-1.0
2024/02/22,5200.0,5250.0,5160.0,5160.0,4200,-1.0,-1.0
2024/02/26,5160.0,5160.0,5100.0,5150.0,2300,-1.0,-1.0
2024/02/27,5150.0,5160.0,5050.0,5070.0,5600,-1.0,-1.0
2024/02/28,5080.0,5240.0,5080.0,5130.0,5200,-1.0,-1.0
2024/02/29,5140.0,5180.0,5140.0,5170.0,1700,-1.0,-1.0
2024/03/01,5140.0,5210.0,5110.0,5160.0,1800,-1.0,-1.0
2024/03/04,5140.0,5270.0,5140.0,5240.0,6100,-1.0,-1.0
2024/03/05,5260.0,5260.0,5160.0,5160.0,1800,-1.0,-1.0
2024/03/06,5120.0,5190.0,5120.0,5190.0,2100,-1.0,-1.0
2024/03/07,5200.0,5200.0,5160.0,5160.0,1500,-1.0,-1.0
2024/03/08,5150.0,5230.0,5130.0,5230.0,1700,-1.0,-1.0
2024/03/11,5140.0,5180.0,5110.0,5110.0,1800,-1.0,-1.0
2024/03/12,5190.0,5190.0,5100.0,5100.0,2400,-1.0,-1.0
2024/03/13,5130.0,5180.0,5070.0,5070.0,2200,-1.0,-1.0
2024/03/14,5090.0,5210.0,5090.0,5150.0,2700,-1.0,-1.0
2024/03/15,5150.0,5170.0,5150.0,5170.0,600,-1.0,-1.0
2024/03/18,5120.0,5160.0,5120.0,5130.0,1400,-1.0,-1.0
2024/03/19,5150.0,5160.0,5100.0,5110.0,800,-1.0,-1.0
2024/03/21,5140.0,5180.0,5140.0,5180.0,700,-1.0,-1.0
2024/03/22,5170.0,5190.0,5160.0,5190.0,800,-1.0,-1.0
2024/03/25,5190.0,5190.0,5160.0,5190.0,700,-1.0,-1.0
2024/03/26,5190.0,5190.0,5150.0,5190.0,1800,-1.0,-1.0
2024/03/27,5170.0,5340.0,5170.0,5340.0,4100,-1.0,-1.0
2024/03/28,5370.0,5480.0,5240.0,5250.0,3200,-1.0,-1.0
2024/03/29,5250.0,5420.0,5250.0,5360.0,1600,-1.0,-1.0
2024/04/01,5370.0,5500.0,5370.0,5500.0,5400,-1.0,-1.0
2024/04/02,5500.0,5510.0,5440.0,5440.0,2400,-1.0,-1.0
2024/04/03,5450.0,5450.0,5410.0,5410.0,1400,-1.0,-1.0
2024/04/04,5420.0,5470.0,5310.0,5310.0,1700,-1.0,-1.0
2024/04/05,5310.0,5310.0,5310.0,5310.0,100,-1.0,-1.0
2024/04/08,5360.0,5360.0,5280.0,5310.0,800,-1.0,-1.0
2024/04/09,5310.0,5330.0,5310.0,5330.0,200,-1.0,-1.0
2024/04/10,5350.0,5350.0,5300.0,5340.0,1200,94.59799842402347,97.56099932307369
2024/04/11,5380.0,5380.0,5380.0,5380.0,300,94.48041195831303,96.74264536861534
2024/04/12,5400.0,5440.0,5400.0,5430.0,1200,97.25755350625106,98.68646653074121
2024/04/15,5430.0,5650.0,5430.0,5650.0,7300,101.26941708680259,102.58105219296014
2024/04/16,5640.0,5680.0,5580.0,5630.0,2700,103.04732177075653,104.67306087395771
2024/04/17,5560.0,5600.0,5540.0,5600.0,500,103.3041673994086,105.0295235961152
2024/04/18,5570.0,5590.0,5500.0,5590.0,1500,102.8571161194647,104.1213556616864
2024/04/19,5570.0,5580.0,5530.0,5570.0,800,106.11042748790614,106.700448866756
2024/04/22,5580.0,5700.0,5580.0,5690.0,2600,106.51236051472563,106.7167335147671
2024/04/23,5760.0,5890.0,5670.0,5730.0,6100,106.64401439424806,107.17432177321267
2024/04/24,5760.0,5760.0,5650.0,5650.0,1700,91.6473708336149,92.61105993041777
2024/04/25,5650.0,5650.0,5550.0,5560.0,2200,96.99927894808256,97.87252394036798
2024/04/26,5550.0,5550.0,5450.0,5480.0,1600,96.83064245947834,97.48985248661708
