date,open,high,low,close,volume,rs_nikkei,rs_topix
2014/03/24,305.0,305.0,302.0,302.0,8100,-1.0,-1.0
2014/03/25,300.0,305.0,300.0,300.0,16300,-1.0,-1.0
2014/03/26,300.0,306.0,300.0,305.0,19900,-1.0,-1.0
2014/03/27,292.0,298.0,271.0,295.0,18100,-1.0,-1.0
2014/03/28,296.0,298.0,288.0,298.0,7700,-1.0,-1.0
2014/03/31,296.0,296.0,293.0,295.0,4500,-1.0,-1.0
2014/04/01,298.0,298.0,291.0,291.0,5500,-1.0,-1.0
2014/04/02,291.0,294.0,290.0,292.0,2700,-1.0,-1.0
2014/04/03,290.0,290.0,281.0,287.0,10400,-1.0,-1.0
2014/04/04,291.0,291.0,285.0,288.0,6900,-1.0,-1.0
2014/04/07,284.0,290.0,282.0,290.0,3900,-1.0,-1.0
2014/04/08,290.0,290.0,282.0,283.0,3100,-1.0,-1.0
2014/04/09,282.0,284.0,281.0,281.0,5100,-1.0,-1.0
2014/04/10,282.0,285.0,280.0,282.0,5700,-1.0,-1.0
2014/04/11,280.0,285.0,280.0,280.0,5700,-1.0,-1.0
2014/04/14,280.0,285.0,280.0,281.0,4100,-1.0,-1.0
2014/04/15,285.0,285.0,282.0,282.0,2100,-1.0,-1.0
2014/04/16,285.0,285.0,282.0,282.0,3800,-1.0,-1.0
2014/04/17,282.0,283.0,282.0,283.0,400,-1.0,-1.0
2014/04/18,284.0,284.0,282.0,282.0,4500,-1.0,-1.0
2014/04/21,280.0,285.0,280.0,282.0,4300,-1.0,-1.0
2014/04/22,281.0,286.0,281.0,284.0,3600,-1.0,-1.0
2014/04/23,284.0,288.0,282.0,284.0,2900,-1.0,-1.0
2014/04/24,284.0,284.0,283.0,284.0,600,-1.0,-1.0
2014/04/25,283.0,289.0,283.0,284.0,2000,-1.0,-1.0
2014/04/28,284.0,285.0,283.0,284.0,2300,-1.0,-1.0
2014/04/30,288.0,300.0,285.0,292.0,13500,-1.0,-1.0
2014/05/01,292.0,292.0,281.0,281.0,4300,-1.0,-1.0
2014/05/02,283.0,294.0,283.0,294.0,10500,-1.0,-1.0
2014/05/07,286.0,291.0,286.0,287.0,4900,-1.0,-1.0
2014/05/08,287.0,292.0,282.0,283.0,9700,-1.0,-1.0
2014/05/09,287.0,290.0,283.0,283.0,1600,-1.0,-1.0
2014/05/12,285.0,285.0,281.0,283.0,5000,-1.0,-1.0
2014/05/13,289.0,289.0,288.0,288.0,1000,-1.0,-1.0
2014/05/14,285.0,286.0,285.0,285.0,900,-1.0,-1.0
2014/05/15,288.0,289.0,288.0,289.0,3800,-1.0,-1.0
2014/05/16,289.0,289.0,285.0,285.0,4400,-1.0,-1.0
2014/05/19,287.0,288.0,283.0,283.0,3300,-1.0,-1.0
2014/05/20,280.0,294.0,280.0,289.0,6300,-1.0,-1.0
2014/05/21,285.0,285.0,285.0,285.0,200,-1.0,-1.0
2014/05/22,285.0,285.0,285.0,285.0,700,-1.0,-1.0
2014/05/23,281.0,288.0,281.0,288.0,2300,-1.0,-1.0
2014/05/26,286.0,291.0,286.0,290.0,2600,-1.0,-1.0
2014/05/27,287.0,292.0,286.0,292.0,4200,-1.0,-1.0
2014/05/28,292.0,293.0,291.0,293.0,2100,-1.0,-1.0
2014/05/29,291.0,291.0,290.0,290.0,200,-1.0,-1.0
2014/05/30,291.0,295.0,290.0,290.0,4700,-1.0,-1.0
2014/06/02,291.0,295.0,291.0,294.0,3700,-1.0,-1.0
2014/06/03,294.0,294.0,291.0,292.0,300,-1.0,-1.0
2014/06/04,295.0,298.0,294.0,296.0,4100,-1.0,-1.0
2014/06/05,300.0,300.0,295.0,297.0,5100,-1.0,-1.0
2014/06/06,299.0,302.0,297.0,300.0,10300,-1.0,-1.0
2014/06/09,300.0,300.0,295.0,295.0,2900,-1.0,-1.0
2014/06/10,290.0,290.0,284.0,285.0,30700,-1.0,-1.0
2014/06/11,283.0,285.0,280.0,280.0,28400,-1.0,-1.0
2014/06/12,282.0,285.0,281.0,283.0,12200,-1.0,-1.0
2014/06/13,285.0,288.0,283.0,283.0,34400,-1.0,-1.0
2014/06/16,280.0,281.0,278.0,279.0,110500,-1.0,-1.0
2014/06/17,280.0,281.0,279.0,281.0,38300,-1.0,-1.0
2014/06/18,282.0,282.0,281.0,282.0,20800,-1.0,-1.0
2014/06/19,284.0,285.0,283.0,284.0,28200,-1.0,-1.0
2014/06/20,285.0,285.0,282.0,283.0,27000,-1.0,-1.0
2014/06/23,285.0,287.0,284.0,287.0,19200,-1.0,-1.0
2014/06/24,287.0,288.0,285.0,287.0,11100,-1.0,-1.0
2014/06/25,288.0,291.0,287.0,287.0,21300,-1.0,-1.0
2014/06/26,289.0,292.0,288.0,292.0,11100,-1.0,-1.0
2014/06/27,293.0,294.0,290.0,290.0,20100,-1.0,-1.0
2014/06/30,292.0,293.0,290.0,290.0,10400,-1.0,-1.0
2014/07/01,293.0,293.0,291.0,293.0,6200,-1.0,-1.0
2014/07/02,293.0,296.0,293.0,296.0,18500,-1.0,-1.0
2014/07/03,297.0,302.0,295.0,299.0,42400,-1.0,-1.0
2014/07/04,302.0,302.0,295.0,299.0,9800,-1.0,-1.0
2014/07/07,301.0,301.0,299.0,299.0,16800,-1.0,-1.0
2014/07/08,298.0,299.0,296.0,296.0,10700,-1.0,-1.0
2014/07/09,295.0,298.0,292.0,295.0,6400,-1.0,-1.0
2014/07/10,295.0,298.0,292.0,293.0,7300,-1.0,-1.0
2014/07/11,293.0,298.0,290.0,295.0,10000,-1.0,-1.0
2014/07/14,298.0,299.0,296.0,296.0,4800,-1.0,-1.0
2014/07/15,298.0,298.0,296.0,297.0,5900,-1.0,-1.0
2014/07/16,297.0,298.0,295.0,295.0,4200,-1.0,-1.0
2014/07/17,295.0,297.0,295.0,296.0,2700,-1.0,-1.0
2014/07/18,293.0,298.0,292.0,296.0,9400,-1.0,-1.0
2014/07/22,295.0,299.0,294.0,295.0,8800,-1.0,-1.0
2014/07/23,296.0,298.0,295.0,297.0,2600,-1.0,-1.0
2014/07/24,299.0,301.0,299.0,301.0,17500,-1.0,-1.0
2014/07/25,300.0,300.0,298.0,300.0,6100,-1.0,-1.0
2014/07/28,301.0,302.0,301.0,301.0,8600,-1.0,-1.0
2014/07/29,300.0,303.0,300.0,303.0,13000,-1.0,-1.0
2014/07/30,302.0,303.0,301.0,303.0,6000,-1.0,-1.0
2014/07/31,303.0,304.0,300.0,303.0,12800,-1.0,-1.0
2014/08/01,300.0,304.0,299.0,303.0,13300,-1.0,-1.0
2014/08/04,303.0,303.0,298.0,300.0,13900,-1.0,-1.0
2014/08/05,304.0,304.0,300.0,300.0,5100,-1.0,-1.0
2014/08/06,300.0,300.0,299.0,299.0,4100,-1.0,-1.0
2014/08/07,299.0,301.0,299.0,301.0,2800,-1.0,-1.0
2014/08/08,300.0,303.0,299.0,301.0,11900,-1.0,-1.0
2014/08/11,301.0,310.0,298.0,300.0,30700,-1.0,-1.0
2014/08/12,302.0,305.0,301.0,305.0,5600,-1.0,-1.0
2014/08/13,306.0,306.0,303.0,303.0,3700,-1.0,-1.0
2014/08/14,302.0,305.0,301.0,305.0,6100,-1.0,-1.0
2014/08/15,305.0,308.0,305.0,306.0,12200,-1.0,-1.0
2014/08/18,305.0,307.0,305.0,307.0,6700,-1.0,-1.0
2014/08/19,310.0,310.0,307.0,309.0,10700,-1.0,-1.0
2014/08/20,309.0,310.0,307.0,310.0,10900,-1.0,-1.0
2014/08/21,310.0,311.0,309.0,311.0,5500,-1.0,-1.0
2014/08/22,312.0,313.0,308.0,308.0,13200,-1.0,-1.0
2014/08/25,314.0,314.0,309.0,311.0,8200,-1.0,-1.0
2014/08/26,318.0,325.0,316.0,325.0,33500,-1.0,-1.0
2014/08/27,324.0,330.0,319.0,319.0,27500,-1.0,-1.0
2014/08/28,320.0,330.0,320.0,330.0,21800,-1.0,-1.0
2014/08/29,331.0,336.0,328.0,328.0,31900,-1.0,-1.0
2014/09/01,331.0,331.0,322.0,328.0,16800,-1.0,-1.0
2014/09/02,328.0,328.0,325.0,325.0,9600,-1.0,-1.0
2014/09/03,325.0,327.0,321.0,327.0,20000,-1.0,-1.0
2014/09/04,327.0,337.0,326.0,335.0,21400,-1.0,-1.0
2014/09/05,340.0,345.0,338.0,345.0,35800,-1.0,-1.0
2014/09/08,347.0,366.0,347.0,360.0,46100,-1.0,-1.0
2014/09/09,360.0,360.0,345.0,360.0,30000,-1.0,-1.0
2014/09/10,350.0,359.0,341.0,353.0,18900,-1.0,-1.0
2014/09/11,351.0,352.0,339.0,351.0,38400,-1.0,-1.0
2014/09/12,343.0,351.0,343.0,351.0,21500,-1.0,-1.0
2014/09/16,353.0,353.0,346.0,351.0,19600,-1.0,-1.0
2014/09/17,351.0,354.0,351.0,353.0,18000,-1.0,-1.0
2014/09/18,350.0,353.0,349.0,350.0,18900,-1.0,-1.0
2014/09/19,350.0,358.0,350.0,350.0,80700,-1.0,-1.0
2014/09/22,351.0,355.0,350.0,352.0,35500,-1.0,-1.0
2014/09/24,352.0,354.0,351.0,354.0,57200,-1.0,-1.0
2014/09/25,355.0,355.0,339.0,339.0,294200,-1.0,-1.0
2014/09/26,336.0,349.0,331.0,349.0,99100,-1.0,-1.0
2014/09/29,341.0,345.0,334.0,343.0,23300,-1.0,-1.0
2014/09/30,342.0,344.0,334.0,335.0,15300,-1.0,-1.0
2014/10/01,335.0,340.0,329.0,336.0,26600,-1.0,-1.0
2014/10/02,324.0,336.0,324.0,331.0,19300,-1.0,-1.0
2014/10/03,340.0,340.0,335.0,339.0,8100,-1.0,-1.0
2014/10/06,337.0,339.0,335.0,339.0,10200,-1.0,-1.0
2014/10/07,342.0,343.0,333.0,333.0,12300,-1.0,-1.0
2014/10/08,331.0,340.0,331.0,340.0,18800,-1.0,-1.0
2014/10/09,334.0,340.0,327.0,328.0,11800,-1.0,-1.0
2014/10/10,328.0,335.0,319.0,334.0,13100,-1.0,-1.0
2014/10/14,318.0,325.0,312.0,318.0,18100,-1.0,-1.0
2014/10/15,315.0,329.0,315.0,325.0,3900,-1.0,-1.0
2014/10/16,323.0,335.0,320.0,334.0,4900,-1.0,-1.0
2014/10/17,323.0,335.0,319.0,334.0,13900,-1.0,-1.0
2014/10/20,334.0,334.0,320.0,325.0,5100,-1.0,-1.0
2014/10/21,333.0,336.0,326.0,336.0,10600,-1.0,-1.0
2014/10/22,338.0,340.0,329.0,333.0,22700,-1.0,-1.0
2014/10/23,330.0,338.0,323.0,330.0,10300,-1.0,-1.0
2014/10/24,329.0,333.0,327.0,332.0,2800,-1.0,-1.0
2014/10/27,336.0,336.0,332.0,333.0,2200,-1.0,-1.0
2014/10/28,338.0,339.0,338.0,339.0,8600,-1.0,-1.0
2014/10/29,338.0,338.0,335.0,335.0,1800,-1.0,-1.0
2014/10/30,336.0,336.0,333.0,335.0,6200,-1.0,-1.0
2014/10/31,335.0,335.0,331.0,335.0,4800,-1.0,-1.0
2014/11/04,335.0,341.0,335.0,339.0,15200,-1.0,-1.0
2014/11/05,350.0,354.0,340.0,354.0,48700,-1.0,-1.0
2014/11/06,346.0,355.0,345.0,354.0,12700,-1.0,-1.0
2014/11/07,354.0,354.0,336.0,336.0,16800,-1.0,-1.0
2014/11/10,354.0,354.0,344.0,352.0,19200,-1.0,-1.0
2014/11/11,351.0,354.0,350.0,353.0,7800,-1.0,-1.0
2014/11/12,353.0,354.0,342.0,350.0,13900,-1.0,-1.0
2014/11/13,348.0,348.0,340.0,345.0,10600,-1.0,-1.0
2014/11/14,342.0,349.0,339.0,348.0,12300,-1.0,-1.0
2014/11/17,350.0,351.0,345.0,349.0,7100,-1.0,-1.0
2014/11/18,350.0,355.0,349.0,354.0,14700,-1.0,-1.0
2014/11/19,354.0,354.0,347.0,347.0,11600,-1.0,-1.0
2014/11/20,350.0,355.0,347.0,351.0,11600,-1.0,-1.0
2014/11/21,354.0,354.0,346.0,352.0,9700,-1.0,-1.0
2014/11/25,354.0,359.0,351.0,358.0,25500,-1.0,-1.0
2014/11/26,359.0,359.0,355.0,355.0,6600,-1.0,-1.0
2014/11/27,355.0,360.0,352.0,360.0,10700,-1.0,-1.0
2014/11/28,356.0,368.0,355.0,364.0,22500,-1.0,-1.0
2014/12/01,393.0,395.0,378.0,388.0,34700,-1.0,-1.0
2014/12/02,388.0,414.0,384.0,409.0,42000,-1.0,-1.0
2014/12/03,410.0,435.0,402.0,428.0,43600,-1.0,-1.0
2014/12/04,430.0,485.0,411.0,447.0,88500,-1.0,-1.0
2014/12/05,446.0,464.0,423.0,423.0,32600,-1.0,-1.0
2014/12/08,423.0,447.0,423.0,441.0,17200,-1.0,-1.0
2014/12/09,426.0,443.0,423.0,443.0,20000,-1.0,-1.0
2014/12/10,427.0,433.0,421.0,429.0,11900,-1.0,-1.0
2014/12/11,425.0,429.0,418.0,425.0,17600,-1.0,-1.0
2014/12/12,420.0,430.0,414.0,420.0,13400,-1.0,-1.0
2014/12/15,430.0,439.0,429.0,435.0,15700,-1.0,-1.0
2014/12/16,434.0,436.0,423.0,426.0,12000,-1.0,-1.0
2014/12/17,424.0,430.0,414.0,414.0,11000,-1.0,-1.0
2014/12/18,420.0,430.0,407.0,425.0,6300,-1.0,-1.0
2014/12/19,421.0,423.0,410.0,416.0,11800,-1.0,-1.0
2014/12/22,415.0,429.0,407.0,429.0,9100,-1.0,-1.0
2014/12/24,429.0,431.0,420.0,420.0,12800,-1.0,-1.0
2014/12/25,430.0,430.0,422.0,425.0,6000,-1.0,-1.0
2014/12/26,417.0,430.0,417.0,418.0,4700,-1.0,-1.0
2014/12/29,419.0,436.0,419.0,422.0,21800,-1.0,-1.0
2014/12/30,422.0,436.0,422.0,436.0,13800,-1.0,-1.0
2015/01/05,436.0,439.0,432.0,437.0,11800,-1.0,-1.0
2015/01/06,435.0,447.0,430.0,436.0,19900,-1.0,-1.0
2015/01/07,436.0,449.0,428.0,449.0,15400,-1.0,-1.0
2015/01/08,457.0,490.0,441.0,488.0,35200,-1.0,-1.0
2015/01/09,504.0,504.0,483.0,488.0,29500,-1.0,-1.0
2015/01/13,500.0,528.0,489.0,528.0,40200,-1.0,-1.0
2015/01/14,564.0,611.0,535.0,572.0,177100,-1.0,-1.0
2015/01/15,579.0,579.0,501.0,529.0,97800,-1.0,-1.0
2015/01/16,529.0,533.0,510.0,532.0,43200,-1.0,-1.0
2015/01/19,531.0,531.0,516.0,530.0,17100,-1.0,-1.0
2015/01/20,520.0,529.0,512.0,525.0,19100,-1.0,-1.0
2015/01/21,516.0,517.0,511.0,511.0,11600,-1.0,-1.0
2015/01/22,502.0,511.0,499.0,505.0,25200,-1.0,-1.0
2015/01/23,502.0,523.0,502.0,513.0,25400,-1.0,-1.0
2015/01/26,505.0,527.0,505.0,518.0,17000,-1.0,-1.0
2015/01/27,514.0,522.0,508.0,515.0,5400,-1.0,-1.0
2015/01/28,509.0,518.0,507.0,512.0,7600,-1.0,-1.0
2015/01/29,516.0,516.0,503.0,510.0,15800,-1.0,-1.0
2015/01/30,507.0,511.0,499.0,499.0,20800,-1.0,-1.0
2015/02/02,514.0,530.0,502.0,529.0,29200,-1.0,-1.0
2015/02/03,540.0,555.0,523.0,525.0,27800,-1.0,-1.0
2015/02/04,534.0,549.0,533.0,548.0,27000,-1.0,-1.0
2015/02/05,550.0,554.0,544.0,553.0,21700,-1.0,-1.0
2015/02/06,555.0,559.0,523.0,526.0,23400,-1.0,-1.0
2015/02/09,526.0,535.0,516.0,535.0,9600,-1.0,-1.0
2015/02/10,535.0,535.0,525.0,531.0,5300,-1.0,-1.0
2015/02/12,539.0,542.0,525.0,539.0,8600,-1.0,-1.0
2015/02/13,545.0,545.0,516.0,532.0,24200,-1.0,-1.0
2015/02/16,534.0,534.0,522.0,527.0,11200,-1.0,-1.0
2015/02/17,520.0,526.0,516.0,520.0,14400,-1.0,-1.0
2015/02/18,516.0,520.0,513.0,517.0,14600,-1.0,-1.0
2015/02/19,511.0,529.0,511.0,525.0,11100,-1.0,-1.0
2015/02/20,522.0,525.0,512.0,524.0,9400,-1.0,-1.0
2015/02/23,525.0,536.0,520.0,534.0,14100,-1.0,-1.0
2015/02/24,535.0,548.0,534.0,538.0,8800,-1.0,-1.0
2015/02/25,558.0,615.0,558.0,591.0,122400,-1.0,-1.0
2015/02/26,597.0,657.0,596.0,645.0,140400,-1.0,-1.0
2015/02/27,635.0,635.0,615.0,617.0,45100,-1.0,-1.0
2015/03/02,617.0,637.0,617.0,624.0,23400,-1.0,-1.0
2015/03/03,624.0,629.0,617.0,618.0,13400,-1.0,-1.0
2015/03/04,618.0,620.0,612.0,612.0,17900,-1.0,-1.0
2015/03/05,601.0,618.0,600.0,618.0,16400,-1.0,-1.0
2015/03/06,617.0,619.0,603.0,613.0,5400,-1.0,-1.0
2015/03/09,612.0,614.0,602.0,610.0,13900,-1.0,-1.0
2015/03/10,610.0,613.0,606.0,606.0,6500,-1.0,-1.0
2015/03/11,609.0,617.0,607.0,617.0,11100,-1.0,-1.0
2015/03/12,610.0,623.0,610.0,620.0,11400,-1.0,-1.0
2015/03/13,623.0,627.0,615.0,619.0,12700,-1.0,-1.0
2015/03/16,629.0,629.0,619.0,628.0,16200,-1.0,-1.0
2015/03/17,628.0,628.0,620.0,622.0,19400,-1.0,-1.0
2015/03/18,619.0,627.0,617.0,620.0,19400,-1.0,-1.0
2015/03/19,610.0,622.0,610.0,621.0,18900,-1.0,-1.0
2015/03/20,624.0,625.0,619.0,623.0,12300,-1.0,-1.0
2015/03/23,627.0,627.0,620.0,620.0,24900,-1.0,-1.0
2015/03/24,625.0,625.0,615.0,620.0,27600,-1.0,-1.0
2015/03/25,614.0,618.0,603.0,604.0,49800,-1.0,-1.0
2015/03/26,589.0,600.0,572.0,572.0,237600,-1.0,-1.0
2015/03/27,565.0,583.0,555.0,570.0,80600,-1.0,-1.0
2015/03/30,560.0,569.0,550.0,553.0,28900,-1.0,-1.0
2015/03/31,553.0,570.0,553.0,566.0,8100,-1.0,-1.0
2015/04/01,570.0,595.0,570.0,593.0,19600,-1.0,-1.0
2015/04/02,582.0,592.0,575.0,583.0,9000,-1.0,-1.0
2015/04/03,590.0,590.0,583.0,587.0,4000,-1.0,-1.0
2015/04/06,587.0,589.0,572.0,574.0,11700,151.10496041340383,151.78462322298526
2015/04/07,574.0,583.0,574.0,578.0,4000,151.89568618547895,151.97014122523566
2015/04/08,579.0,579.0,572.0,578.0,6200,148.63001324519675,148.97262651652514
2015/04/09,577.0,578.0,572.0,578.0,4600,147.00866014499638,147.78959091655503
2015/04/10,579.0,585.0,579.0,585.0,8300,146.50931846590618,149.0643856533521
2015/04/13,589.0,590.0,581.0,585.0,10600,145.48206382245036,148.6664866211187
2015/04/14,590.0,590.0,585.0,589.0,4100,146.84284417829093,149.16189126246627
2015/04/15,585.0,586.0,583.0,584.0,7500,150.26799768318247,152.0530486687014
2015/04/16,590.0,594.0,586.0,587.0,14100,150.38347546748213,151.2890140873949
2015/04/17,588.0,588.0,581.0,581.0,9300,152.17939706943758,152.16782826869857
2015/04/20,580.0,583.0,578.0,578.0,5200,151.4948071783755,151.70183548974398
2015/04/21,562.0,573.0,555.0,559.0,18000,142.25440666606352,142.22068838369577
2015/04/22,561.0,569.0,561.0,561.0,5400,142.71455195494295,142.9709187613862
2015/04/23,571.0,579.0,570.0,571.0,5000,143.4646696734086,144.14108708328314
2015/04/24,582.0,582.0,572.0,577.0,5300,146.43220134270527,146.8370652990614
2015/04/27,572.0,578.0,570.0,573.0,8600,144.2603798821738,144.64572645903428
2015/04/28,575.0,644.0,575.0,632.0,128900,154.3429768155621,154.59749589212836
2015/04/30,630.0,630.0,611.0,612.0,38700,161.61715730116885,161.6506803713058
2015/05/01,619.0,620.0,603.0,615.0,15500,154.83987004773314,156.00022086394648
2015/05/07,612.0,629.0,601.0,615.0,17600,159.54780163371262,160.09181704934866
2015/05/08,621.0,624.0,615.0,624.0,5500,161.5616716774782,161.85618568622405
2015/05/11,624.0,628.0,622.0,624.0,4400,159.00863734374,159.73736191390057
2015/05/12,574.0,597.0,563.0,568.0,209100,144.97021801621472,145.0422248157648
2015/05/13,563.0,564.0,554.0,555.0,103700,141.93634974471232,143.6238988267384
2015/05/14,550.0,552.0,531.0,531.0,123400,134.2400786650256,136.0332130707054
2015/05/15,531.0,543.0,530.0,534.0,110900,133.85022645033328,135.13270142645743
2015/05/18,525.0,554.0,515.0,553.0,317600,137.60232831919933,138.1548651426003
2015/05/19,583.0,584.0,557.0,572.0,405600,139.10791804018794,139.76443183335135
2015/05/20,577.0,581.0,572.0,573.0,84200,139.78693557610518,140.69647009089016
2015/05/21,589.0,611.0,583.0,609.0,190900,151.64970802871568,151.7303222837275
2015/05/22,597.0,600.0,581.0,598.0,108800,148.18634787404216,148.74245228631278
2015/05/25,600.0,600.0,592.0,597.0,53400,147.25868760696082,148.23334549161603
2015/05/26,590.0,590.0,574.0,575.0,83000,141.0247955401628,141.80687875824606
2015/05/27,570.0,572.0,560.0,564.0,76300,137.9421986015312,138.82702515844863
2015/05/28,564.0,567.0,552.0,552.0,113800,135.9800939723486,136.6264303224652
2015/05/29,570.0,619.0,557.0,597.0,691300,146.48786886686418,147.77566891277326
2015/06/01,593.0,593.0,570.0,588.0,166300,145.221335866488,145.41869221237275
2015/06/02,596.0,597.0,579.0,590.0,62900,147.87101197625825,148.2744100202487
2015/06/03,580.0,589.0,579.0,582.0,35700,144.7082952424735,145.2830555871594
2015/06/04,585.0,587.0,580.0,581.0,56300,143.97904468715976,144.06808367283676
2015/06/05,585.0,596.0,579.0,594.0,81800,145.90235620133984,146.63231077465727
2015/06/08,600.0,612.0,597.0,606.0,120800,151.86975701825455,152.62011917304355
2015/06/09,601.0,605.0,595.0,595.0,47700,155.7746119103184,156.95609521303857
2015/06/10,598.0,602.0,595.0,602.0,36000,161.62226957911582,163.6132794506925
2015/06/11,596.0,616.0,596.0,607.0,68100,157.5647219222711,161.00751245561185
2015/06/12,601.0,677.0,601.0,644.0,329100,168.35785482362633,171.40994679919208
2015/06/15,660.0,665.0,650.0,651.0,90800,170.90789797880674,174.39827594556638
2015/06/16,653.0,661.0,642.0,652.0,57800,171.53034326961352,175.19645045647286
2015/06/17,652.0,699.0,639.0,688.0,171300,182.3916680957682,186.54414098094387
2015/06/18,689.0,690.0,666.0,670.0,74300,181.27998920518564,185.1881021260494
2015/06/19,670.0,695.0,660.0,685.0,84400,184.161533483542,188.3136298536255
2015/06/22,683.0,722.0,680.0,722.0,136100,189.26875921048457,193.4098046106082
2015/06/23,730.0,744.0,712.0,734.0,123300,188.9749923862714,193.52050228754703
2015/06/24,742.0,745.0,719.0,732.0,69900,186.59085004411045,191.42774052963526
2015/06/25,727.0,728.0,715.0,715.0,51800,180.4636662225629,185.1489771425515
2015/06/26,714.0,727.0,713.0,718.0,58900,180.4929353406332,186.11701959317693
2015/06/29,690.0,718.0,684.0,697.0,261900,181.210411281223,186.7590043926351
2015/06/30,687.0,745.0,684.0,745.0,117200,192.57693259826527,199.0088489350803
2015/07/01,730.0,745.0,720.0,742.0,66000,189.52319186597825,196.1980138790969
2015/07/02,748.0,808.0,748.0,802.0,225500,200.60091611662068,208.07218791561536
2015/07/03,819.0,820.0,783.0,796.0,129100,200.08403722839483,207.10587102490754
2015/07/06,783.0,848.0,781.0,808.0,139300,206.64402051064945,213.44919346136493
2015/07/07,804.0,842.0,804.0,836.0,90800,212.26741410449787,220.06624240580393
2015/07/08,848.0,854.0,785.0,798.0,136600,209.7260112391637,217.23344349439904
2015/07/09,753.0,814.0,705.0,809.0,156900,211.59918345197676,220.07261835332815
2015/07/10,819.0,827.0,780.0,789.0,58700,205.04413616963316,211.9984458861739
2015/07/13,800.0,830.0,799.0,825.0,65300,212.22103540959094,218.59438303634545
2015/07/14,840.0,840.0,824.0,829.0,37800,210.79705629271393,216.9483276109832
2015/07/15,829.0,834.0,814.0,828.0,41400,210.94468222267815,217.12006781266967
2015/07/16,821.0,838.0,820.0,829.0,56800,208.96535219605929,214.7314530621375
2015/07/17,829.0,830.0,820.0,829.0,19500,206.35530467957452,212.75966507055807
2015/07/21,836.0,879.0,832.0,879.0,112600,219.3543762328393,226.65382124470392
2015/07/22,894.0,928.0,890.0,924.0,125200,231.5704453520587,239.13364786523076
2015/07/23,950.0,1015.0,937.0,1011.0,245300,248.19906657367108,256.1872826008359
2015/07/24,1000.0,1058.0,982.0,1018.0,236000,255.31713567228508,262.585464149546
2015/07/27,999.0,1056.0,992.0,1042.0,144100,264.17356206188776,271.8181473359767
2015/07/28,1006.0,1033.0,1005.0,1029.0,96400,260.9074290697909,268.94084330677333
2015/07/29,1021.0,1038.0,1010.0,1033.0,76400,262.72966596296976,269.6278622072525
2015/07/30,1040.0,1100.0,1034.0,1093.0,157000,274.5634502259838,282.37286839034203
2015/07/31,1140.0,1141.0,1030.0,1068.0,149900,265.7978259959063,272.142869416136
2015/08/03,963.0,1025.0,961.0,961.0,180000,241.2386427105299,246.328149353258
2015/08/04,959.0,959.0,903.0,906.0,193800,225.47039233229776,229.89466391136452
2015/08/05,891.0,933.0,883.0,905.0,140500,222.59071289385952,227.35236252385783
2015/08/06,904.0,953.0,904.0,936.0,64800,229.22036141872778,233.76793591742947
2015/08/07,920.0,920.0,880.0,897.0,84900,212.50402687195785,217.97988387020752
2015/08/10,900.0,919.0,899.0,903.0,28500,218.86464356958538,222.91003316994738
2015/08/11,902.0,903.0,880.0,882.0,44500,211.59236980907136,215.5126846156542
2015/08/12,880.0,880.0,836.0,847.0,83700,208.54386137832202,211.8044350135155
2015/08/13,832.0,889.0,832.0,854.0,60200,208.20418002918103,213.27977457357886
2015/08/14,856.0,862.0,839.0,845.0,33900,206.14901847389606,210.8133521723942
2015/08/17,856.0,856.0,835.0,841.0,30800,203.56164308862517,208.17559259420167
2015/08/18,837.0,853.0,811.0,826.0,60300,200.92679908933042,204.66166732447553
2015/08/19,836.0,836.0,765.0,786.0,91700,193.7656413121214,196.81807365847115
2015/08/20,767.0,792.0,767.0,779.0,48500,194.87675954136233,199.16512331586128
2015/08/21,755.0,780.0,751.0,765.0,68000,198.58022745659915,203.06909938651043
2015/08/24,705.0,741.0,682.0,686.0,136000,185.75109476659117,192.34340758714083
2015/08/25,622.0,759.0,608.0,700.0,160900,187.7401202918002,193.18841630222644
2015/08/26,694.0,777.0,694.0,764.0,77100,202.45956678885003,208.23669476149712
2015/08/27,761.0,814.0,757.0,757.0,57200,190.92894256186406,195.80914146093042
2015/08/28,781.0,800.0,771.0,786.0,42900,193.15408904727096,197.60307781649274
2015/08/31,786.0,804.0,785.0,796.0,43800,198.82536522978003,202.5807593100819
2015/09/01,794.0,794.0,742.0,747.0,49300,198.2510681484625,201.68354286112796
2015/09/02,720.0,770.0,715.0,740.0,23100,196.69754717259818,200.9110416726254
2015/09/03,780.0,780.0,748.0,751.0,19600,193.278881050833,197.03558641726147
2015/09/04,762.0,762.0,717.0,736.0,28400,187.87217141332698,190.98585699154788
2015/09/07,715.0,735.0,706.0,726.0,27400,177.330002140668,181.15892505101573
2015/09/08,729.0,732.0,683.0,691.0,58700,173.46347450188017,176.0803826392765
2015/09/09,721.0,735.0,708.0,734.0,28600,174.90162930414198,180.26328843470344
2015/09/10,728.0,731.0,710.0,728.0,13800,180.3144505692429,183.8169736731434
2015/09/11,730.0,770.0,730.0,768.0,30100,191.05882299207852,194.19038078570773
2015/09/14,757.0,770.0,752.0,752.0,14600,189.74857486821983,192.042737244152
2015/09/15,751.0,770.0,751.0,753.0,15600,189.3602728286485,192.32046980022756
2015/09/16,755.0,757.0,734.0,738.0,20400,182.79993336425056,185.26528977480666
2015/09/17,738.0,746.0,725.0,742.0,19800,184.80224302269914,187.27464793452756
2015/09/18,747.0,749.0,740.0,745.0,21700,192.2544128864977,193.86654436114955
2015/09/24,745.0,759.0,743.0,744.0,92200,204.5100917987301,207.08191581878373
2015/09/25,743.0,750.0,710.0,731.0,443000,190.11956927396668,191.89878294103565
2015/09/28,706.0,719.0,695.0,696.0,117200,187.5692974596007,188.61784413329104
2015/09/29,690.0,690.0,649.0,650.0,54800,185.35085510475506,187.08550275260944
2015/09/30,651.0,696.0,651.0,661.0,18000,181.95148861642647,183.76826975510912
2015/10/01,662.0,690.0,662.0,667.0,16400,178.08271077912406,178.80128181744826
2015/10/02,668.0,686.0,668.0,674.0,13100,176.20151275415265,176.47667584785134
2015/10/05,680.0,690.0,677.0,677.0,17200,176.251932278977,176.85227411398472
2015/10/06,674.0,682.0,663.0,664.0,23300,173.05998659537894,174.41097320217003
2015/10/07,664.0,673.0,658.0,670.0,21000,167.73065683574646,168.2463759494707
2015/10/08,672.0,672.0,658.0,658.0,8500,171.17001670516402,170.73360894605307
2015/10/09,660.0,663.0,649.0,654.0,16200,162.48330048120803,160.65119370204067
2015/10/13,652.0,659.0,652.0,654.0,10500,168.46131521583894,166.13814268565906
2015/10/14,655.0,666.0,636.0,636.0,26600,164.87462488659946,162.80794255885885
2015/10/15,636.0,659.0,636.0,651.0,11100,158.73770056822855,156.31045384812668
2015/10/16,661.0,686.0,654.0,675.0,20200,160.5615279134602,157.99236807689448
2015/10/19,682.0,682.0,669.0,669.0,15700,171.55971080751902,168.607245358756
2015/10/20,672.0,672.0,646.0,650.0,27100,157.29662326535,155.5278279605959
2015/10/21,653.0,656.0,650.0,652.0,11300,160.35480114991665,158.5553407954362
2015/10/22,655.0,655.0,643.0,644.0,9100,160.252322337822,158.4045910222621
2015/10/23,651.0,659.0,644.0,644.0,8500,157.56506864416454,155.68801980715958
2015/10/26,655.0,677.0,652.0,662.0,22700,161.46301132050942,159.94288440423435
2015/10/27,672.0,692.0,668.0,683.0,26000,164.48771940229477,163.4663813141106
2015/10/28,680.0,693.0,669.0,669.0,33700,164.31972466785967,164.00616891113117
2015/10/29,662.0,678.0,662.0,670.0,17300,165.38276093159425,165.32761083568758
2015/10/30,673.0,677.0,667.0,667.0,14600,171.25378530992143,170.410534926446
2015/11/02,667.0,687.0,660.0,663.0,15400,176.51549200700526,175.29750194743374
2015/11/04,678.0,685.0,668.0,682.0,34400,172.40350403313428,171.56049061214878
2015/11/05,684.0,684.0,669.0,672.0,14700,166.75332957125033,165.56916607902505
2015/11/06,667.0,679.0,666.0,672.0,5000,175.2385599202723,174.42807897210946
2015/11/09,682.0,682.0,672.0,676.0,17700,164.06186262016587,164.1784214547217
2015/11/10,675.0,679.0,669.0,674.0,12600,166.21148186682166,165.19585467080634
2015/11/11,669.0,679.0,669.0,679.0,19100,169.42570839336375,167.4571245894245
2015/11/12,676.0,686.0,676.0,680.0,14600,174.03716846841186,171.86219292695628
2015/11/13,666.0,673.0,664.0,667.0,20700,171.06824919506874,169.25642513173992
2015/11/16,661.0,668.0,660.0,665.0,13400,166.768817626575,165.64013311576335
2015/11/17,665.0,678.0,664.0,670.0,15800,167.21994275572214,166.44665998222504
2015/11/18,676.0,676.0,667.0,668.0,10500,169.38156878391783,169.4540988997233
2015/11/19,675.0,675.0,667.0,669.0,12000,166.03957147023772,166.45283924555088
2015/11/20,674.0,674.0,670.0,672.0,8900,166.68702842459024,166.73554492264822
2015/11/24,675.0,677.0,669.0,675.0,21600,164.7267808668866,165.44309871111892
2015/11/25,675.0,675.0,668.0,670.0,13800,165.30200034746514,166.45026208345314
2015/11/26,668.0,684.0,668.0,683.0,13600,164.07724018910608,164.80750481246696
2015/11/27,683.0,688.0,675.0,675.0,11700,162.8322610780694,164.0269871556525
2015/11/30,683.0,683.0,671.0,672.0,6700,154.27458725118507,155.8132684864887
2015/12/01,673.0,673.0,661.0,668.0,24700,144.15305737826407,145.574994900393
2015/12/02,668.0,668.0,642.0,661.0,19700,137.26111527411928,137.811292192302
2015/12/03,656.0,662.0,653.0,661.0,17600,132.65192787996853,132.89850034789276
2015/12/04,661.0,661.0,648.0,652.0,24000,141.61907815749873,141.56834363941962
2015/12/07,657.0,657.0,651.0,651.0,12800,134.41069822486378,134.80256934562684
2015/12/08,652.0,652.0,643.0,649.0,21900,133.88056367006084,134.11409603250684
2015/12/09,635.0,647.0,635.0,637.0,18100,133.95652691950798,134.28620796997888
2015/12/10,637.0,637.0,614.0,623.0,21300,132.81837454891868,132.95006215165012
2015/12/11,621.0,630.0,621.0,627.0,18900,134.85512210675097,134.84762925053755
2015/12/14,610.0,618.0,608.0,615.0,28800,128.02243339979438,127.62983281770653
2015/12/15,620.0,650.0,620.0,624.0,22700,132.19398975359093,131.93578428408802
2015/12/16,626.0,629.0,618.0,621.0,11700,132.43944459580084,131.6277454696504
2015/12/17,626.0,637.0,625.0,630.0,12700,131.81744462152756,130.38786740034928
2015/12/18,635.0,635.0,622.0,622.0,9000,138.7668365957889,137.1178211467149
2015/12/21,610.0,619.0,610.0,612.0,19000,132.99743866787048,131.64278123005457
2015/12/22,610.0,612.0,606.0,606.0,22800,136.39811764741486,134.16426335792565
2015/12/24,606.0,607.0,585.0,587.0,49700,130.9070371602098,128.8386126848055
2015/12/25,580.0,583.0,567.0,569.0,62900,129.23371083726474,128.16176319066727
2015/12/28,567.0,587.0,567.0,578.0,14800,128.66819543196755,127.60265106809412
2015/12/29,585.0,621.0,585.0,605.0,24200,127.56638503532885,126.54491325570645
2015/12/30,635.0,640.0,625.0,626.0,30300,131.01953052157208,129.7132688949125
2016/01/04,630.0,633.0,611.0,611.0,13500,131.9188710193667,129.76087989526656
2016/01/05,610.0,624.0,606.0,623.0,10300,131.29625939825226,129.25624852946459
2016/01/06,625.0,635.0,613.0,614.0,11700,126.93090290346136,124.89614640871677
2016/01/07,608.0,615.0,604.0,607.0,11300,120.18309746523866,117.53695057499738
2016/01/08,607.0,610.0,580.0,604.0,23900,120.27213870977236,118.06308596148118
2016/01/12,605.0,613.0,586.0,587.0,18800,110.32682659203287,109.01253205762116
2016/01/13,588.0,609.0,588.0,601.0,11300,99.61544368771196,98.94171905800869
2016/01/14,600.0,600.0,585.0,588.0,19800,110.30049786235875,108.78630958224818
2016/01/15,601.0,601.0,582.0,584.0,9600,107.96301266716888,106.74369263027113
2016/01/18,570.0,572.0,562.0,570.0,13300,107.91962380793203,106.34456443823146
2016/01/19,570.0,579.0,560.0,561.0,15800,108.84989004813959,107.41202132567267
2016/01/20,567.0,568.0,545.0,546.0,17100,112.47478568747017,110.97016813475804
2016/01/21,546.0,546.0,500.0,506.0,20200,108.40390235963613,106.96827071546089
2016/01/22,502.0,543.0,495.0,536.0,30300,107.89188209698848,106.69066123758881
2016/01/25,557.0,575.0,550.0,571.0,12600,112.53545027061426,110.97966163130634
2016/01/26,560.0,571.0,556.0,563.0,10200,116.2516656578639,114.6368007866178
2016/01/27,580.0,580.0,567.0,571.0,6200,115.62865490062116,113.84992771471403
2016/01/28,571.0,584.0,555.0,578.0,8500,117.08930871492768,115.08205828125404
2016/01/29,572.0,580.0,560.0,568.0,7900,114.84187237034928,112.47641539896858
2016/02/01,560.0,564.0,550.0,562.0,23300,104.4114352985201,102.32181112503906
2016/02/02,553.0,572.0,553.0,566.0,13600,105.2900358371247,103.38069395963127
2016/02/03,564.0,565.0,552.0,557.0,14700,104.52459402354661,102.4178783455679
2016/02/04,557.0,558.0,542.0,544.0,12600,101.02519675015486,99.88124012604833
2016/02/05,534.0,555.0,534.0,541.0,19400,107.92049164416204,106.47451467147542
2016/02/08,541.0,556.0,539.0,550.0,7600,107.08189204039141,106.11854652149593
2016/02/09,541.0,541.0,515.0,522.0,16800,107.88316660220862,107.60477455338804
2016/02/10,526.0,534.0,501.0,503.0,18400,106.78057480445216,106.92707524216603
2016/02/12,496.0,496.0,473.0,479.0,33400,107.86583978224982,109.0870765789989
2016/02/15,523.0,523.0,503.0,512.0,10700,109.17280653711614,109.72429417977598
2016/02/16,510.0,517.0,490.0,493.0,18400,106.22080598506275,106.87310251448162
2016/02/17,501.0,508.0,493.0,494.0,11400,109.8076562081236,110.47331767925468
2016/02/18,506.0,516.0,501.0,505.0,11700,108.47197271183482,109.6690272814435
2016/02/19,505.0,515.0,505.0,508.0,8900,111.30673196630221,112.59450983469559
2016/02/22,508.0,530.0,508.0,516.0,6100,110.7590104342163,111.70560069144362
2016/02/23,529.0,529.0,510.0,517.0,8700,111.37095796945593,112.25528916412044
2016/02/24,520.0,522.0,514.0,516.0,9100,101.95329343512492,102.4730963834726
2016/02/25,510.0,526.0,510.0,525.0,7800,94.73628995625617,94.72572496337001
2016/02/26,521.0,563.0,521.0,538.0,13800,101.25189860981187,101.33213796134316
2016/02/29,538.0,561.0,538.0,552.0,10000,103.91712169089509,103.9420520920695
2016/03/01,549.0,558.0,541.0,544.0,8500,102.96354942326946,103.31908825848734
2016/03/02,554.0,559.0,550.0,558.0,16000,101.83161518606039,102.48562002879265
2016/03/03,560.0,598.0,556.0,585.0,16300,104.66014563152595,105.35453859826968
2016/03/04,586.0,590.0,572.0,580.0,9700,105.49488547819625,106.00145619169406
2016/03/07,598.0,602.0,585.0,596.0,17000,108.56214343652562,109.89095032374026
2016/03/08,602.0,620.0,601.0,618.0,27800,113.41563495895495,115.37582504577604
2016/03/09,619.0,622.0,609.0,614.0,20900,111.95924706610307,113.95463822344792
2016/03/10,621.0,645.0,621.0,644.0,25500,117.05340645034961,118.80899209323532
2016/03/11,630.0,646.0,628.0,646.0,25800,118.62713464817132,119.79442871678174
2016/03/14,647.0,648.0,636.0,641.0,23100,113.9883409045447,115.2553309533278
2016/03/15,640.0,643.0,620.0,627.0,26700,114.46612054929584,115.38136246215527
2016/03/16,622.0,635.0,620.0,629.0,16900,116.81197442950082,118.00302782421097
2016/03/17,626.0,626.0,592.0,603.0,25300,111.6650785409011,112.59515278674918
2016/03/18,601.0,605.0,591.0,599.0,14700,112.4478919406766,112.97896579712689
2016/03/22,600.0,605.0,597.0,604.0,17100,112.64720933130157,112.8977345911012
2016/03/23,609.0,630.0,609.0,620.0,25100,119.22417499282597,119.79053293733499
2016/03/24,618.0,620.0,607.0,611.0,12300,123.12508910041635,123.70977624556151
2016/03/25,613.0,624.0,606.0,615.0,29100,122.38126030696233,122.64323375695183
2016/03/28,605.0,610.0,598.0,609.0,170200,124.76158383649366,124.14653260190984
2016/03/29,599.0,603.0,593.0,595.0,59300,118.05220166781447,117.75362514004988
2016/03/30,599.0,604.0,590.0,604.0,33700,114.86449086387027,114.82443855962237
2016/03/31,606.0,606.0,580.0,592.0,25300,117.0196031380438,117.1438786194759
2016/04/01,602.0,602.0,575.0,576.0,15200,117.98249449574112,117.9382706449798
2016/04/04,572.0,599.0,561.0,569.0,16500,119.26245760804414,118.76127189910217
2016/04/05,564.0,571.0,554.0,559.0,12100,120.73434204931344,120.36392756820851
2016/04/06,556.0,569.0,550.0,565.0,12600,123.09428779950325,122.4802339648958
2016/04/07,555.0,571.0,545.0,564.0,12700,123.52379101226903,122.23224174818368
2016/04/08,564.0,564.0,540.0,546.0,23700,117.43786100619084,115.21178751614667
2016/04/11,537.0,539.0,510.0,518.0,42900,111.90111038078787,109.75126995661648
2016/04/12,520.0,528.0,518.0,520.0,11900,110.34374719674365,108.08935877106663
2016/04/13,528.0,535.0,523.0,527.0,10400,109.45715268033369,107.60242795892434
2016/04/14,536.0,560.0,531.0,549.0,11000,109.97806686954625,109.08083524056975
2016/04/15,555.0,574.0,550.0,564.0,16000,113.23483375063621,113.28082082153468
2016/04/18,554.0,558.0,534.0,541.0,11200,112.91267718537445,112.21198912202894
2016/04/19,551.0,566.0,547.0,560.0,3200,118.19476999306167,118.24817792234099
2016/04/20,561.0,566.0,551.0,551.0,7600,116.96661145255996,116.62794061591389
2016/04/21,567.0,567.0,554.0,564.0,12100,114.83875870501485,115.15917590853739
2016/04/22,561.0,563.0,552.0,556.0,10100,109.78186753826009,110.82927742257232
2016/04/25,559.0,562.0,550.0,555.0,5800,110.98823764571222,111.86871177701046
2016/04/26,555.0,564.0,549.0,552.0,16100,100.95983240668782,102.13669729118173
2016/04/27,545.0,553.0,535.0,537.0,59100,99.05937837368809,100.96042382856503
2016/04/28,507.0,522.0,495.0,498.0,127500,95.30710459816424,96.6837360433713
2016/05/02,494.0,501.0,493.0,498.0,28300,96.74514711727467,98.08565967132961
2016/05/06,495.0,498.0,483.0,486.0,28200,93.70876004645167,95.24776397427222
2016/05/09,486.0,502.0,483.0,485.0,23800,94.04414349526928,95.073833039572
2016/05/10,489.0,494.0,487.0,489.0,12300,101.99296719697688,103.33501137923508
2016/05/11,495.0,499.0,489.0,496.0,15200,106.54198062261628,107.44752756953922
2016/05/12,499.0,525.0,497.0,522.0,22000,115.57219795432002,116.99324692996488
2016/05/13,532.0,533.0,514.0,514.0,14100,115.73005296570487,117.17393816285609
2016/05/16,514.0,515.0,490.0,499.0,6900,108.99772457897465,111.05950703163026
2016/05/17,500.0,504.0,500.0,503.0,3800,105.75164767856084,107.51973874835743
2016/05/18,501.0,505.0,500.0,501.0,5300,106.09252774320778,107.36109897337019
2016/05/19,511.0,511.0,497.0,501.0,8500,99.8404185862541,101.36145404967274
2016/05/20,501.0,514.0,501.0,514.0,6400,104.07229920198631,105.43244241760658
2016/05/23,512.0,519.0,509.0,518.0,9300,106.35170074188981,107.53858184459209
2016/05/24,514.0,520.0,514.0,517.0,2600,111.37782644429568,112.4892495780006
2016/05/25,520.0,520.0,516.0,520.0,5500,112.63969761802639,114.06251452367036
2016/05/26,518.0,520.0,512.0,520.0,2500,115.42773698367893,117.34482159830097
2016/05/27,520.0,520.0,511.0,520.0,4200,106.3921690006296,107.98971758830957
2016/05/30,521.0,521.0,515.0,521.0,5400,106.78464326094918,108.87881568978881
2016/05/31,521.0,525.0,520.0,524.0,7600,105.86109317961562,107.76384197169344
2016/06/01,524.0,526.0,521.0,523.0,5100,108.50619064005538,110.17755923701867
2016/06/02,520.0,525.0,511.0,519.0,7500,110.50135819808864,112.27313996257952
2016/06/03,519.0,527.0,519.0,527.0,5200,109.07805448591151,110.60360691837727
2016/06/06,528.0,528.0,521.0,524.0,4800,106.68892263486825,107.85559196553709
2016/06/07,524.0,525.0,524.0,524.0,1400,106.13359230273882,107.352069044986
2016/06/08,522.0,529.0,520.0,525.0,3900,103.8700837368037,105.10729499957935
2016/06/09,521.0,527.0,521.0,527.0,3000,106.1683859565158,107.04007587411061
2016/06/10,533.0,545.0,528.0,545.0,22900,104.02742167019045,105.02610738164837
2016/06/13,546.0,546.0,522.0,543.0,25600,106.15701817998675,107.26553908483758
2016/06/14,545.0,545.0,518.0,533.0,15600,104.42370417680031,105.39576853859958
2016/06/15,525.0,541.0,525.0,537.0,6700,99.1333342373442,99.84581148242965
2016/06/16,540.0,540.0,519.0,523.0,7500,101.10556479279347,101.6430917675551
2016/06/17,525.0,531.0,524.0,530.0,7000,100.06157817158493,100.88895717768965
2016/06/20,540.0,550.0,526.0,550.0,13600,97.47164526640563,98.17668551898525
2016/06/21,550.0,550.0,530.0,550.0,8200,96.43628898422088,97.08308510295545
2016/06/22,550.0,550.0,544.0,550.0,3200,97.59619075712091,98.25646941048201
2016/06/23,549.0,549.0,538.0,547.0,3000,97.85998745394232,98.42879268093526
2016/06/24,544.0,544.0,500.0,515.0,28800,99.33041988915788,99.27196243587575
2016/06/27,522.0,532.0,520.0,532.0,11500,100.26216184076905,101.1762702030841
2016/06/28,520.0,547.0,520.0,544.0,9600,96.43034787944043,97.2154846774001
2016/06/29,560.0,561.0,545.0,548.0,17900,96.44935387730123,96.86392960930364
2016/06/30,544.0,549.0,537.0,545.0,11000,89.53620656267438,89.90571203270844
2016/07/01,545.0,567.0,537.0,567.0,8500,93.29347023913175,93.81100742223938
2016/07/04,568.0,568.0,542.0,564.0,10600,88.98856488927326,89.62521821728205
2016/07/05,563.0,563.0,555.0,562.0,7700,87.42006361209135,87.58482215200158
2016/07/06,550.0,555.0,548.0,552.0,5900,88.77763988989045,88.69290386881173
2016/07/07,562.0,562.0,549.0,551.0,5600,88.5253051254328,87.76221528310707
2016/07/08,559.0,559.0,527.0,548.0,10000,90.93864015160284,90.9061024937771
2016/07/11,548.0,554.0,539.0,550.0,8700,85.2589818967942,85.65710296572945
2016/07/12,554.0,600.0,530.0,534.0,106400,81.5823015094582,82.0992241484722
2016/07/13,541.0,541.0,531.0,532.0,9900,81.0029471627987,81.35590644784477
2016/07/14,532.0,550.0,532.0,548.0,6200,83.10473004628332,83.73278134066778
2016/07/15,542.0,543.0,531.0,531.0,7700,80.17741391334484,80.87193242382223
2016/07/19,531.0,537.0,525.0,532.0,10900,75.42916208115044,76.09248841961929
2016/07/20,538.0,538.0,527.0,535.0,3900,71.47765678880847,72.02452722929903
2016/07/21,540.0,540.0,535.0,540.0,4600,65.72077653749767,66.39241837425331
2016/07/22,539.0,539.0,532.0,537.0,1500,65.1781893057237,65.79794373734774
2016/07/25,537.0,541.0,537.0,541.0,2500,63.57077360853942,64.16276483080935
2016/07/26,545.0,554.0,533.0,534.0,6900,64.39394859369895,64.70143844337451
2016/07/27,540.0,542.0,538.0,540.0,4100,63.68704529518996,64.62588609056196
2016/07/28,535.0,543.0,532.0,543.0,7700,61.87895785931276,62.61134744226865
2016/07/29,537.0,539.0,533.0,535.0,8200,62.235056639721485,62.84786561817921
2016/08/01,533.0,545.0,532.0,533.0,4600,68.50666026907523,69.63565151056676
2016/08/02,534.0,535.0,531.0,531.0,2700,73.3726028504724,74.82035621621128
2016/08/03,531.0,532.0,526.0,529.0,9200,74.92048779177888,76.55308611388398
2016/08/04,526.0,533.0,526.0,529.0,3800,71.84878509116942,73.7230050157277
2016/08/05,531.0,531.0,520.0,520.0,9000,73.91352940985027,76.05621363082042
2016/08/08,520.0,523.0,518.0,522.0,3000,72.24343503513836,74.88830098736915
2016/08/09,522.0,524.0,520.0,523.0,1900,73.28849341359005,75.95481196473568
2016/08/10,519.0,531.0,519.0,527.0,4100,75.81839648596697,78.82562486406904
2016/08/12,525.0,528.0,525.0,528.0,3700,75.77825916672404,78.59927133103413
2016/08/15,534.0,534.0,526.0,533.0,5000,77.46786640859878,80.52480089987256
2016/08/16,528.0,531.0,525.0,525.0,6600,78.71704219538339,81.85415873414522
2016/08/17,525.0,530.0,520.0,528.0,6700,81.12360877766402,84.45965524872409
2016/08/18,528.0,530.0,524.0,526.0,4600,82.05215494733477,84.9467225298663
2016/08/19,525.0,529.0,525.0,529.0,1100,81.22861218594377,83.95205226296484
2016/08/22,529.0,534.0,528.0,532.0,5500,86.62683419464553,88.09138714395932
2016/08/23,533.0,534.0,522.0,530.0,6100,81.72347402424197,83.59696000845554
2016/08/24,522.0,534.0,522.0,533.0,4200,77.2444000148513,78.96124738517403
2016/08/25,533.0,538.0,531.0,538.0,5600,79.73482018060501,81.75773307710502
2016/08/26,537.0,550.0,532.0,546.0,9200,81.25056220030694,83.59178709171519
2016/08/29,554.0,554.0,545.0,554.0,6000,78.55057342444574,81.45928425288716
2016/08/30,551.0,560.0,551.0,559.0,5800,81.27699349392853,84.2550780152577
2016/08/31,558.0,563.0,557.0,563.0,7700,81.52336029196879,83.88924293669577
2016/09/01,565.0,570.0,557.0,568.0,5700,81.24253730130403,83.4141456578088
2016/09/02,571.0,571.0,562.0,570.0,3900,81.410344209663,83.43966700586448
2016/09/05,572.0,574.0,563.0,572.0,9200,82.59297481249122,84.7562577443146
2016/09/06,570.0,578.0,570.0,578.0,8200,85.33677119475098,87.61284619184879
2016/09/07,572.0,578.0,571.0,573.0,9900,86.13269344618116,87.1958641933894
2016/09/08,571.0,577.0,568.0,575.0,6000,85.22837080236879,86.82171871740607
2016/09/09,572.0,580.0,572.0,578.0,12000,81.02040859305265,82.89756861763905
2016/09/12,570.0,575.0,570.0,574.0,8600,82.24822397700223,84.36659674169495
2016/09/13,573.0,574.0,571.0,573.0,10600,81.99730095032581,84.10498626360948
2016/09/14,573.0,577.0,571.0,576.0,7100,85.36479667515306,87.42004818164936
2016/09/15,576.0,579.0,568.0,579.0,12500,87.67524384450618,89.47532172457117
2016/09/16,579.0,579.0,571.0,576.0,10700,84.57422620024938,86.21010114449633
2016/09/20,578.0,582.0,576.0,580.0,12700,83.06054470554736,84.46835155412579
2016/09/21,577.0,582.0,575.0,582.0,17200,81.78258269645832,82.52262490648755
2016/09/23,576.0,581.0,576.0,581.0,18000,84.82417175346785,85.61980012414443
2016/09/26,581.0,581.0,575.0,580.0,31800,88.87669622723925,89.74814848085629
2016/09/27,574.0,580.0,566.0,580.0,131000,90.55131955858579,90.97012176836084
2016/09/28,560.0,568.0,549.0,561.0,43200,89.62775000405652,89.99837285517275
2016/09/29,557.0,559.0,550.0,558.0,17000,88.81340585042565,89.85444965959233
2016/09/30,555.0,570.0,549.0,556.0,12400,88.8879000001023,90.10960326653131
2016/10/03,555.0,560.0,552.0,553.0,6000,88.60701710632246,89.86014656673925
2016/10/04,556.0,558.0,554.0,558.0,3200,91.31941268583277,92.54064931201671
2016/10/05,558.0,559.0,556.0,557.0,5300,90.56703131775834,92.10028496199558
2016/10/06,552.0,557.0,550.0,553.0,9700,90.21961197228538,91.9550038021702
2016/10/07,560.0,560.0,553.0,556.0,4400,92.97511975619064,95.37114128088973
2016/10/11,556.0,556.0,554.0,556.0,4100,91.05747855796108,94.21538219423013
2016/10/12,555.0,560.0,555.0,558.0,5400,93.21152467171595,96.13328779224847
2016/10/13,560.0,560.0,556.0,557.0,3100,92.30719218228093,95.02053233060052
2016/10/14,559.0,559.0,558.0,559.0,1900,89.8670371871066,92.56738896572938
2016/10/17,560.0,560.0,557.0,558.0,7200,89.48403518646164,92.17647664180288
2016/10/18,559.0,559.0,551.0,557.0,7500,91.97409631558365,94.70706493356278
2016/10/19,551.0,558.0,551.0,557.0,5300,93.24609023199257,96.10561101980088
2016/10/20,553.0,557.0,553.0,556.0,2000,92.34825096475909,95.62017555147565
2016/10/21,553.0,555.0,551.0,554.0,7200,94.23812318575926,97.52704235156936
2016/10/24,554.0,558.0,553.0,555.0,6000,92.16828933398641,95.56878295920619
2016/10/25,553.0,556.0,552.0,556.0,2900,88.02381339872753,91.20446910308853
2016/10/26,557.0,557.0,551.0,555.0,3700,90.16801890125092,92.82876065253504
2016/10/27,557.0,557.0,556.0,556.0,6700,90.64047291555505,92.89877700303926
2016/10/28,557.0,557.0,552.0,557.0,15700,91.34235678839082,93.45131730283272
2016/10/31,552.0,553.0,546.0,549.0,9100,88.78461657186128,90.76783336909673
2016/11/01,550.0,551.0,548.0,550.0,4100,87.5088124155747,89.16818654056652
2016/11/02,549.0,549.0,545.0,545.0,8300,88.27055281762368,89.95562706375179
2016/11/04,546.0,546.0,525.0,534.0,9300,90.55868333221785,92.23895541335087
2016/11/07,530.0,550.0,530.0,537.0,8100,90.83998059503975,92.73794228902233
2016/11/08,537.0,541.0,528.0,530.0,4800,90.08302314423511,91.66828020945493
2016/11/09,540.0,540.0,520.0,520.0,8700,92.79304407164712,93.89677483207366
2016/11/10,540.0,540.0,531.0,533.0,6000,89.01753764577418,90.75290890868666
2016/11/11,534.0,536.0,518.0,520.0,18000,87.93171499965001,89.70087611967881
2016/11/14,520.0,536.0,520.0,533.0,6800,87.95591962939851,89.97051450053705
2016/11/15,538.0,538.0,534.0,535.0,1600,88.72012379473111,90.27360843645602
2016/11/16,535.0,535.0,528.0,532.0,6600,87.60812992184373,88.87728289069517
2016/11/17,531.0,533.0,529.0,533.0,3700,88.57900100809778,89.59729361099053
2016/11/18,533.0,533.0,528.0,529.0,5500,87.0989962653546,88.34878912221828
2016/11/21,529.0,539.0,529.0,536.0,8100,87.38440904062716,88.37818317718242
2016/11/22,536.0,550.0,536.0,550.0,7900,89.38583486789881,90.40025586899506
2016/11/24,550.0,559.0,545.0,556.0,11800,88.55886267238816,89.3433811961475
2016/11/25,562.0,562.0,555.0,558.0,8200,89.42491521237427,90.00011380215274
2016/11/28,558.0,564.0,550.0,564.0,7800,90.28636911963687,90.24899971420425
2016/11/29,560.0,569.0,558.0,569.0,6400,93.11439981101071,92.91591510728246
2016/11/30,569.0,569.0,559.0,563.0,9100,92.75537140875717,92.87333136255876
2016/12/01,565.0,566.0,560.0,563.0,8100,91.7382170197305,92.04580259135707
2016/12/02,561.0,564.0,560.0,562.0,4400,91.2410225272058,91.79740596039844
2016/12/05,567.0,567.0,554.0,556.0,6900,92.05811867238668,92.29163383913081
2016/12/06,563.0,563.0,555.0,555.0,4700,90.788869261985,90.81491678130075
2016/12/07,556.0,560.0,555.0,557.0,9200,91.24375100442776,91.25174321382225
2016/12/08,559.0,559.0,553.0,558.0,8600,90.90819339579296,91.20436611881459
2016/12/09,553.0,556.0,551.0,551.0,17400,88.96180021379197,89.27011368205575
2016/12/12,551.0,556.0,551.0,556.0,6500,89.12457913100991,90.19693321333283
2016/12/13,550.0,560.0,550.0,558.0,14300,86.24286013292905,87.2343088659434
2016/12/14,556.0,556.0,551.0,555.0,6200,88.426439945849,89.48988949537141
2016/12/15,555.0,555.0,545.0,552.0,9100,87.98168368743752,88.86797344949177
2016/12/16,552.0,555.0,545.0,552.0,6600,86.85063444667844,87.96935966088053
2016/12/19,551.0,551.0,548.0,549.0,6600,87.50584091595752,88.67624464476002
2016/12/20,549.0,550.0,546.0,550.0,8600,87.92925189496198,89.66226829593724
2016/12/21,550.0,555.0,549.0,551.0,6100,90.70611283290158,92.57176513517588
2016/12/22,551.0,551.0,544.0,547.0,13100,90.1255902831275,91.96640859681298
2016/12/26,543.0,549.0,542.0,543.0,16200,91.41016220595507,93.3998318105231
2016/12/27,545.0,545.0,540.0,542.0,19200,87.64374296145988,90.00490524611723
2016/12/28,542.0,545.0,542.0,543.0,6300,85.09591486829662,87.3338629042048
2016/12/29,544.0,546.0,543.0,545.0,7000,85.96391451804847,88.68577836919584
2016/12/30,544.0,546.0,540.0,540.0,8600,85.31236848294813,87.85941739663278
2017/01/04,542.0,550.0,541.0,547.0,11500,82.70971391874792,85.32608996303127
2017/01/05,547.0,552.0,547.0,551.0,11000,82.62094467126538,85.07114747365277
2017/01/06,546.0,550.0,545.0,548.0,6900,82.53735562429453,84.53708126647932
2017/01/10,548.0,555.0,548.0,555.0,5300,84.34747533043692,85.94403357242062
2017/01/11,555.0,562.0,555.0,561.0,5100,85.39548119394644,86.82344119450038
2017/01/12,561.0,561.0,557.0,559.0,4500,85.65920049655838,87.08939871009662
2017/01/13,553.0,557.0,553.0,554.0,3900,84.33675099972197,86.11657371181369
2017/01/16,554.0,555.0,553.0,553.0,1900,86.14648237677825,87.97206374400442
2017/01/17,552.0,554.0,551.0,551.0,4100,89.00231634696421,90.49271141881849
2017/01/18,550.0,552.0,548.0,551.0,5900,87.67967077100968,89.25737056508751
2017/01/19,552.0,552.0,551.0,551.0,2600,91.45077209780146,92.74188777952222
2017/01/20,554.0,584.0,551.0,571.0,18600,94.39848289474237,95.46532390607825
2017/01/23,571.0,577.0,567.0,568.0,5300,90.10101777257927,91.46215279663534
2017/01/24,571.0,571.0,553.0,571.0,8500,90.19765628459447,91.58406940119441
2017/01/25,570.0,572.0,569.0,569.0,6600,89.74839927006785,91.73318986861032
2017/01/26,571.0,571.0,564.0,568.0,4700,86.3121255933598,88.54410165070091
2017/01/27,569.0,573.0,568.0,569.0,4500,90.14630653022398,92.59908020009694
2017/01/30,570.0,580.0,569.0,571.0,9600,93.7140201370956,96.26392149901005
2017/01/31,571.0,576.0,567.0,567.0,6000,93.38650339441284,95.59270023698363
2017/02/01,565.0,565.0,554.0,563.0,9800,90.74765731887477,93.03876436512782
2017/02/02,570.0,570.0,561.0,562.0,4500,93.09738117212173,94.99164280286979
2017/02/03,562.0,567.0,560.0,563.0,4400,92.52236435525862,94.03624840456037
2017/02/06,567.0,580.0,566.0,573.0,7200,93.35332051283362,94.58808989382132
2017/02/07,573.0,578.0,570.0,573.0,4600,93.37005653395292,94.43422749925038
2017/02/08,579.0,580.0,575.0,576.0,7400,94.66667073884037,95.03937696525323
2017/02/09,576.0,581.0,576.0,581.0,5600,95.92230607880488,95.86866695968195
2017/02/10,582.0,583.0,576.0,583.0,2700,93.91181917357514,94.14540107222132
2017/02/13,583.0,583.0,580.0,583.0,6500,93.75775000931459,94.67417044339543
2017/02/14,584.0,584.0,582.0,583.0,8700,98.6812139005562,99.65348208248807
2017/02/15,584.0,586.0,580.0,585.0,7500,96.47907967045101,97.74353821852277
2017/02/16,588.0,588.0,584.0,585.0,5600,96.97687354907967,97.92690539338302
2017/02/17,587.0,587.0,582.0,585.0,3700,95.59528937720823,96.31523704175535
2017/02/20,587.0,588.0,585.0,586.0,5700,95.04223949066501,95.43290535596294
2017/02/21,587.0,587.0,575.0,581.0,8900,93.07435859831875,93.27625082499712
2017/02/22,582.0,585.0,582.0,584.0,3800,92.94809351106295,93.36705953328442
2017/02/23,583.0,585.0,580.0,582.0,2400,92.36639763563802,93.1406577165806
2017/02/24,585.0,585.0,578.0,582.0,6400,90.81511580423563,91.50860003866771
2017/02/27,585.0,589.0,580.0,583.0,6900,88.58741398377012,89.35700805887792
2017/02/28,583.0,589.0,583.0,589.0,5700,91.09326825980195,91.73562663119849
2017/03/01,590.0,590.0,576.0,582.0,9300,90.06520583880055,90.63594137722102
2017/03/02,582.0,587.0,582.0,587.0,4800,86.98347774059243,87.79569836967788
2017/03/03,588.0,595.0,586.0,592.0,11900,89.20159375584309,90.10015835444169
2017/03/06,592.0,595.0,590.0,594.0,5300,86.9727480374611,87.29370800513294
2017/03/07,594.0,594.0,590.0,591.0,4100,82.97033254252206,82.88140685295642
2017/03/08,591.0,595.0,590.0,593.0,4000,83.478649584153,83.00349686164937
2017/03/09,592.0,592.0,588.0,588.0,4400,79.64833989283655,79.41119715954386
2017/03/10,598.0,598.0,594.0,597.0,10700,79.84873512635586,79.80976513557874
2017/03/13,597.0,597.0,593.0,597.0,7800,81.75095476474559,81.47752269923426
2017/03/14,591.0,597.0,591.0,596.0,3800,82.97392326807719,82.81426845359044
2017/03/15,595.0,596.0,591.0,595.0,8600,82.01767632932582,81.90360014634028
2017/03/16,593.0,595.0,592.0,593.0,5300,85.01986888957184,84.97753429344624
2017/03/17,593.0,597.0,593.0,595.0,11100,85.10129105881575,85.32541623080643
2017/03/21,593.0,597.0,593.0,596.0,8800,86.46610377288745,86.4633452167735
2017/03/22,594.0,594.0,585.0,588.0,11000,84.67616351606921,84.55036448956686
2017/03/23,581.0,595.0,581.0,595.0,11600,86.19182847737062,86.19503255393484
2017/03/24,585.0,595.0,585.0,587.0,9300,84.24978991290621,84.45099834567434
2017/03/27,591.0,591.0,582.0,586.0,41500,86.84091011204387,87.22583490851456
2017/03/28,589.0,589.0,580.0,581.0,82600,86.97186410156391,87.07662864865007
2017/03/29,569.0,574.0,560.0,570.0,25700,82.88714164161827,83.00158550966398
2017/03/30,572.0,577.0,564.0,569.0,18600,84.49555229205069,84.76485571779462
2017/03/31,569.0,572.0,565.0,565.0,9100,83.8502905160986,84.39421360571198
2017/04/03,565.0,580.0,540.0,543.0,52400,81.05327739430408,81.94852496391658
2017/04/04,549.0,556.0,545.0,556.0,14200,83.19074048022054,83.85041310744313
2017/04/05,561.0,562.0,551.0,556.0,4800,81.99356051770849,82.91280104557764
2017/04/06,556.0,556.0,546.0,547.0,12000,82.13723448836424,83.38717478198198
2017/04/07,553.0,563.0,551.0,557.0,7800,86.47515954738223,88.17686438359428
2017/04/10,567.0,570.0,557.0,568.0,12200,91.88009149770781,93.57662476456852
2017/04/11,575.0,575.0,563.0,569.0,7600,92.96934603565846,95.09656544712729
2017/04/12,571.0,571.0,546.0,547.0,19200,91.6469336571408,93.47547095193083
2017/04/13,545.0,560.0,545.0,548.0,5500,91.6068443109984,93.22636873123959
2017/04/14,554.0,557.0,550.0,550.0,3500,89.60595566861723,90.9899033616427
2017/04/17,550.0,564.0,550.0,557.0,2900,91.29431544352842,92.73401969275523
2017/04/18,555.0,556.0,548.0,549.0,3000,89.81674376656568,90.80726838247062
2017/04/19,559.0,559.0,549.0,549.0,4700,91.38992224823316,92.48362403901282
2017/04/20,551.0,557.0,551.0,554.0,4500,92.54097095173861,92.94948850850574
2017/04/21,556.0,559.0,556.0,558.0,2800,94.70993593535945,94.89331776863087
2017/04/24,560.0,569.0,553.0,554.0,4900,92.22286769060722,93.08897612279064
2017/04/25,555.0,563.0,555.0,561.0,2900,92.43623289205358,93.09974248629776
2017/04/26,556.0,564.0,556.0,560.0,4000,93.47632887134849,93.89754955240019
2017/04/27,566.0,566.0,551.0,558.0,5500,96.99841018729741,97.74786051610076
2017/04/28,559.0,568.0,559.0,561.0,7700,94.75630155627172,95.60078150439568
2017/05/01,556.0,564.0,556.0,564.0,6500,94.70171811462049,95.61453044426653
2017/05/02,568.0,572.0,555.0,568.0,8900,96.80451067593484,97.8764179188467
2017/05/08,566.0,570.0,558.0,569.0,11900,95.62156408557236,96.66478274950768
2017/05/09,570.0,572.0,560.0,567.0,9600,96.79731011136799,97.85422876624439
2017/05/10,565.0,568.0,560.0,567.0,7400,95.23683089113597,96.22181496916295
2017/05/11,567.0,570.0,567.0,570.0,4900,91.06025299154861,92.02055356627783
2017/05/12,571.0,572.0,566.0,568.0,4600,91.21173392085824,92.29314699666932
2017/05/15,569.0,570.0,567.0,567.0,5700,94.16436579276095,95.0477600771159
2017/05/16,570.0,570.0,568.0,569.0,3700,94.56842102254326,95.38580363322254
2017/05/17,567.0,569.0,566.0,568.0,4200,95.23462461961066,96.29049955577382
2017/05/18,563.0,568.0,563.0,567.0,4400,96.34738703075837,97.27485819738024
2017/05/19,561.0,568.0,561.0,568.0,14300,94.40493160942489,95.17899947813481
2017/05/22,563.0,572.0,563.0,570.0,16800,93.13054976090555,93.96643797179618
2017/05/23,574.0,579.0,570.0,576.0,10400,93.72015906926421,94.41995868756061
2017/05/24,576.0,579.0,574.0,575.0,2800,93.85493992918413,94.2737576813928
2017/05/25,575.0,579.0,572.0,576.0,3900,93.76976239027827,94.23897120099663
2017/05/26,578.0,580.0,570.0,570.0,3100,93.73558486473534,94.28521119512064
2017/05/29,570.0,576.0,570.0,573.0,4800,95.37141739358049,95.6782092828859
2017/05/30,572.0,572.0,567.0,568.0,9100,94.94020973362792,95.10330003766123
2017/05/31,578.0,578.0,569.0,569.0,6400,93.87542527666012,94.48469786030977
2017/06/01,569.0,575.0,569.0,575.0,8400,92.39485516264179,93.02533461038779
2017/06/02,578.0,579.0,571.0,577.0,10000,90.30547825591957,90.81391368989783
2017/06/05,579.0,580.0,573.0,574.0,9800,90.04142583840277,90.65822761763071
2017/06/06,580.0,580.0,576.0,576.0,5800,91.74353049241962,92.31938008634089
2017/06/07,576.0,580.0,575.0,580.0,4900,93.04234575436124,93.45122632263589
2017/06/08,579.0,581.0,578.0,578.0,5000,91.8240152345383,92.2301025643415
2017/06/09,575.0,580.0,572.0,577.0,8600,87.82236753179417,88.51475932979544
2017/06/12,578.0,579.0,576.0,577.0,3100,85.50194226945803,85.76366449121562
2017/06/13,579.0,579.0,577.0,578.0,3500,86.4272377032553,86.55836550328071
2017/06/14,578.0,579.0,577.0,577.0,5000,86.02800718835303,86.20838667012605
2017/06/15,580.0,580.0,576.0,578.0,2600,86.00941878574349,86.40099636506729
2017/06/16,580.0,581.0,578.0,578.0,6900,85.30430529525455,85.46857954569602
2017/06/19,581.0,587.0,577.0,585.0,12400,84.61971888409832,84.71567241776489
2017/06/20,581.0,585.0,581.0,583.0,5800,84.72026320771565,84.80655433606412
2017/06/21,584.0,585.0,581.0,583.0,4900,84.56150146061408,84.49493658318626
2017/06/22,580.0,581.0,579.0,579.0,6800,85.46928107789775,85.36405830429193
2017/06/23,579.0,583.0,578.0,581.0,6600,83.7852167838815,84.32984619567057
2017/06/26,584.0,585.0,575.0,579.0,9200,82.67466894951362,82.74671581665326
2017/06/27,582.0,583.0,579.0,583.0,4800,81.19456543245806,81.06227523621763
2017/06/28,584.0,584.0,580.0,583.0,4600,82.26887501578814,82.22267695305337
2017/06/29,584.0,585.0,583.0,583.0,3600,82.4020783546302,82.05831729922139
2017/06/30,585.0,585.0,583.0,584.0,5800,80.62861832971743,80.15702437109873
2017/07/03,586.0,587.0,585.0,586.0,5100,81.7278198082667,81.21826426631652
2017/07/04,586.0,588.0,585.0,587.0,7300,81.69967204381435,81.53943939068648
2017/07/05,581.0,589.0,580.0,583.0,12600,80.88320103021253,80.53180507724049
2017/07/06,583.0,586.0,579.0,584.0,3500,80.9798056302212,80.43935349249531
2017/07/07,579.0,584.0,578.0,579.0,8300,80.09182523791368,79.54414376490719
2017/07/10,584.0,584.0,583.0,583.0,3100,82.92099887555277,82.39887835194489
2017/07/11,582.0,587.0,580.0,582.0,7100,86.86324860810433,86.12050812806837
2017/07/12,583.0,587.0,583.0,584.0,4400,88.65371612975599,88.1441255515682
2017/07/13,581.0,581.0,578.0,580.0,5800,86.28305586953697,85.70906779596429
2017/07/14,584.0,584.0,577.0,577.0,5100,89.10565647715282,88.04778024832125
2017/07/18,580.0,584.0,577.0,579.0,4800,91.00413592838605,89.41874017278074
2017/07/19,580.0,583.0,579.0,579.0,2800,90.17523984166729,88.79841539784809
2017/07/20,582.0,584.0,580.0,584.0,3300,90.2472655419127,88.70279309260067
2017/07/21,583.0,584.0,580.0,583.0,6900,89.80986427029467,88.4193118000529
2017/07/24,582.0,584.0,580.0,584.0,5900,89.81581694871156,88.22948417770445
2017/07/25,579.0,583.0,579.0,583.0,3500,89.63254018589653,88.23768952441797
2017/07/26,580.0,583.0,580.0,583.0,2900,89.73411406414941,88.03329627070414
2017/07/27,584.0,584.0,581.0,584.0,4500,88.2533134274787,86.40597259063897
2017/07/28,585.0,585.0,580.0,583.0,11700,90.46093911714877,88.90932373877395
2017/07/31,586.0,586.0,581.0,581.0,5200,91.0100970093093,89.01891743144682
2017/08/01,584.0,584.0,582.0,583.0,2100,90.04717390312203,87.65898395285912
2017/08/02,586.0,586.0,584.0,585.0,6600,88.57387658974407,86.06517132306686
2017/08/03,584.0,585.0,583.0,585.0,4100,89.74687282033769,86.83988853843836
2017/08/04,585.0,588.0,582.0,586.0,7900,91.80639457994288,88.40901321853858
2017/08/07,586.0,587.0,585.0,586.0,3900,93.19964955632622,89.40534389349575
2017/08/08,586.0,586.0,584.0,586.0,6700,93.94103970778525,90.26938974153221
2017/08/09,587.0,587.0,582.0,586.0,9700,94.27511377034199,90.3659732736215
2017/08/10,588.0,588.0,585.0,588.0,6200,95.5037328511076,91.11676667744035
2017/08/14,583.0,587.0,583.0,585.0,3400,94.77031254232837,90.37069949326899
2017/08/15,589.0,589.0,586.0,586.0,3100,93.78107466546105,89.67521841957685
2017/08/16,589.0,589.0,587.0,588.0,2300,94.52222096479744,90.35408697119672
2017/08/17,590.0,611.0,589.0,601.0,22000,95.60488536350248,91.33141797861545
2017/08/18,611.0,614.0,605.0,614.0,18100,98.63383008016729,94.14652560467668
2017/08/21,614.0,625.0,590.0,600.0,30100,96.52780731060305,92.17182840123638
2017/08/22,606.0,606.0,585.0,589.0,15600,94.58321243900969,90.34442012446186
2017/08/23,598.0,598.0,585.0,586.0,8500,93.89259682768765,89.78753888612607
2017/08/24,585.0,594.0,585.0,593.0,5700,94.28898229914243,90.29055096196149
2017/08/25,596.0,597.0,590.0,590.0,6700,90.8832053616739,87.14436616301991
2017/08/28,610.0,610.0,590.0,599.0,12700,93.04435195837674,88.73778961162729
2017/08/29,599.0,599.0,595.0,595.0,4300,91.94287504516313,87.45718402006062
2017/08/30,594.0,603.0,590.0,601.0,14000,92.41631017876725,88.28277586422237
2017/08/31,602.0,605.0,601.0,605.0,3100,91.77058135282768,88.07278694828626
2017/09/01,605.0,607.0,601.0,606.0,3800,91.38307254760298,88.0123722020612
2017/09/04,605.0,606.0,595.0,606.0,19900,92.5267835851049,88.7860806213832
2017/09/05,604.0,604.0,595.0,596.0,13400,90.85998869836477,87.67794686096819
2017/09/06,592.0,595.0,592.0,594.0,5100,91.10424577290408,87.87620695098511
2017/09/07,595.0,603.0,595.0,600.0,5500,91.2334162318136,87.87601143866935
2017/09/08,595.0,601.0,595.0,599.0,7000,91.2182995482326,87.39569532749685
2017/09/11,598.0,599.0,598.0,599.0,3100,89.01717596118027,85.63918391699886
2017/09/12,598.0,602.0,596.0,598.0,12200,88.28064809434237,84.83898594665459
2017/09/13,603.0,610.0,595.0,597.0,17800,86.6813828978616,83.22532593714534
2017/09/14,598.0,602.0,598.0,599.0,4500,85.68334429936326,82.47218975231675
2017/09/15,604.0,606.0,600.0,604.0,13700,87.00525398260447,83.9111542962048
2017/09/19,602.0,608.0,602.0,606.0,8400,84.88659888066556,82.5003349285856
2017/09/20,606.0,608.0,604.0,607.0,14300,86.30822149830051,84.58285657845087
2017/09/21,604.0,608.0,604.0,607.0,14000,86.02426248425255,84.4920952758174
2017/09/22,607.0,610.0,605.0,605.0,23600,85.95639413621193,84.4226422565512
2017/09/25,605.0,608.0,602.0,605.0,43200,84.6065444342265,83.29762379364347
2017/09/26,602.0,604.0,588.0,600.0,154000,84.89462189499703,83.44063199219264
2017/09/27,589.0,593.0,585.0,588.0,58100,85.15226639504576,83.80152688972751
2017/09/28,592.0,592.0,586.0,588.0,7600,86.3876946611916,84.44655028639586
2017/09/29,591.0,594.0,589.0,589.0,9800,85.60591338132724,83.67161210574758
2017/10/02,590.0,591.0,582.0,583.0,12500,85.77682002149137,83.82493985544367
2017/10/03,583.0,587.0,583.0,584.0,4700,84.9684090130089,83.27042856060079
2017/10/04,586.0,586.0,583.0,586.0,10300,85.78668354641513,84.17528800386118
2017/10/05,584.0,627.0,584.0,585.0,84700,86.66133960689919,85.12839678751743
2017/10/06,592.0,594.0,580.0,582.0,17500,85.29679008028332,83.79572901104427
2017/10/10,592.0,593.0,586.0,590.0,9600,86.75695137872151,84.90698503881993
2017/10/11,593.0,598.0,593.0,595.0,5600,85.99395929640652,84.35587195783503
2017/10/12,595.0,601.0,595.0,599.0,13900,86.0860176119303,84.90677040949895
2017/10/13,601.0,601.0,597.0,598.0,13500,85.23867825257658,84.34760215846696
2017/10/16,598.0,599.0,593.0,596.0,10000,84.92377631730554,84.03249344388189
2017/10/17,595.0,599.0,595.0,599.0,3200,85.50164320265921,84.65162652745366
2017/10/18,595.0,599.0,595.0,597.0,1200,85.285844372885,84.34600792184688
2017/10/19,596.0,600.0,596.0,597.0,7800,86.28317072458341,85.07804285807678
2017/10/20,596.0,599.0,593.0,598.0,10000,86.44674383125295,85.15488980016293
2017/10/23,602.0,602.0,593.0,599.0,14400,85.73098794697064,84.57430941900196
2017/10/24,598.0,602.0,597.0,602.0,12300,86.22699729157682,84.87984286431933
2017/10/25,602.0,602.0,600.0,600.0,1000,86.61469654061203,85.34801909358717
2017/10/26,602.0,603.0,600.0,600.0,7500,86.05591641900156,85.0320826638763
2017/10/27,602.0,603.0,599.0,601.0,6200,85.533431130763,84.83119564578854
2017/10/30,597.0,602.0,594.0,599.0,15000,86.37235676382798,85.82869443083592
2017/10/31,603.0,606.0,600.0,604.0,16600,87.02192409121588,86.63706580402287
2017/11/01,608.0,609.0,606.0,609.0,11300,85.40034606592333,85.58398068429699
2017/11/02,609.0,619.0,608.0,619.0,16800,86.94344805781058,87.03382677476732
2017/11/06,613.0,620.0,610.0,619.0,16800,87.8120712412908,87.62954569077561
2017/11/07,611.0,615.0,608.0,612.0,11500,86.44358640603913,86.82808908689553
2017/11/08,611.0,615.0,608.0,612.0,6900,83.47282321995408,84.25204834777928
2017/11/09,616.0,616.0,605.0,609.0,11000,86.65790747913145,86.73508683052974
2017/11/10,607.0,610.0,607.0,608.0,2500,89.56731578941324,89.50741955385274
2017/11/13,610.0,610.0,603.0,604.0,5400,89.4811126509435,88.95432871635161
2017/11/14,605.0,608.0,604.0,606.0,4600,89.42308399409492,89.33591938471459
2017/11/15,607.0,607.0,595.0,597.0,11100,90.99478705566206,91.47584236018524
2017/11/16,589.0,601.0,589.0,601.0,8400,90.11422981724021,91.08401340787502
2017/11/17,601.0,607.0,600.0,607.0,3900,92.05185089565863,92.93121465972777
2017/11/20,600.0,613.0,600.0,609.0,8400,92.40936847921357,93.16900812619183
2017/11/21,609.0,609.0,600.0,607.0,11300,89.42207275426566,90.19742403796617
2017/11/22,607.0,608.0,604.0,606.0,4900,88.7180432117189,89.54303502973848
2017/11/24,606.0,606.0,603.0,605.0,6000,88.37564420220723,89.17904870007447
2017/11/27,604.0,609.0,604.0,606.0,5700,87.6773702638049,88.87207445760677
2017/11/28,608.0,608.0,605.0,606.0,2100,86.7084946656101,88.26207567980497
2017/11/29,610.0,610.0,608.0,609.0,8900,87.64084542579488,88.98972650673225
2017/11/30,610.0,610.0,606.0,607.0,19100,87.83281157205666,89.2366208039274
2017/12/01,607.0,611.0,607.0,608.0,9600,87.35807124135303,89.0023240334027
2017/12/04,608.0,609.0,602.0,608.0,6600,88.00819532966133,89.77472887460922
2017/12/05,610.0,610.0,604.0,604.0,6800,88.32651846821021,89.76250073755897
2017/12/06,605.0,609.0,604.0,605.0,7000,90.59216060751812,91.7105042133284
2017/12/07,606.0,608.0,606.0,606.0,4700,90.58439329352204,91.96998577845986
2017/12/08,605.0,610.0,604.0,605.0,14900,91.43838525988748,92.85485170712393
2017/12/11,606.0,609.0,603.0,609.0,7700,91.46521676965136,92.50397811169736
2017/12/12,610.0,610.0,605.0,607.0,9700,91.58060947444355,92.31025234785301
2017/12/13,603.0,612.0,603.0,607.0,10500,92.52784545366902,92.93231591689769
2017/12/14,607.0,611.0,605.0,611.0,5200,94.00470550148205,94.44026313853138
2017/12/15,611.0,611.0,608.0,610.0,9100,95.06259696147481,95.54677342756221
2017/12/18,610.0,611.0,606.0,609.0,8300,93.92680367695614,94.5242408748219
2017/12/19,611.0,611.0,608.0,609.0,4800,94.39286951198143,94.69506555322809
2017/12/20,612.0,612.0,607.0,612.0,8300,94.34479710418772,94.22439075647043
2017/12/21,612.0,612.0,606.0,611.0,8400,94.90355988456355,94.61430379181705
2017/12/22,612.0,612.0,608.0,612.0,7700,95.45315240975222,94.77957520412683
2017/12/25,610.0,611.0,608.0,611.0,7300,95.14588209577562,94.47749552623382
2017/12/26,612.0,620.0,602.0,613.0,28700,95.85937372144807,95.09850254194075
2017/12/27,618.0,619.0,616.0,618.0,7500,96.37865298301782,95.5883021204709
2017/12/28,618.0,621.0,616.0,620.0,9000,95.59257115560136,94.95955274479125
2017/12/29,623.0,623.0,605.0,608.0,17600,94.53732248246965,94.07350350857016
2018/01/04,612.0,615.0,609.0,614.0,12400,92.5394913685613,93.01073429175474
2018/01/05,624.0,624.0,611.0,621.0,11800,92.96357110958566,93.61287665866288
2018/01/09,625.0,627.0,618.0,618.0,8700,90.11498231349485,90.90097481207384
2018/01/10,616.0,622.0,616.0,621.0,3700,90.11088565143542,90.70393274271474
2018/01/11,618.0,622.0,617.0,621.0,4700,89.65242055333718,90.34028681302323
2018/01/12,622.0,629.0,620.0,621.0,14900,91.40112330319347,92.29772722339943
2018/01/15,630.0,633.0,623.0,631.0,9900,91.87734096619344,92.70847565556667
2018/01/16,633.0,650.0,628.0,645.0,25600,91.94753019248807,93.25858871304806
2018/01/17,650.0,699.0,650.0,692.0,119500,99.41792525601937,100.5518400096473
2018/01/18,751.0,791.0,750.0,760.0,933700,110.70210885130294,112.30422639132756
2018/01/19,752.0,761.0,732.0,735.0,278100,103.47173476974922,104.45317054244268
2018/01/22,734.0,774.0,731.0,736.0,93100,102.78039373185896,103.7368998123376
2018/01/23,739.0,774.0,739.0,745.0,80400,101.61281074219004,102.84038529794768
2018/01/24,746.0,756.0,746.0,750.0,36900,104.9244326720648,105.48947468444425
2018/01/25,740.0,752.0,725.0,731.0,58300,105.49584880706246,105.50920897140695
2018/01/26,742.0,743.0,728.0,734.0,29200,106.26578954544608,106.33797521577395
2018/01/29,736.0,748.0,736.0,745.0,22900,106.9479363627152,107.11270111362003
2018/01/30,747.0,749.0,732.0,737.0,27300,106.26144434745994,106.44586911927374
2018/01/31,737.0,741.0,727.0,727.0,17500,107.04624058093202,107.40967518636353
2018/02/01,725.0,725.0,708.0,713.0,25500,102.17363063163165,102.44818887077854
2018/02/02,712.0,721.0,712.0,712.0,14400,102.7946451124802,102.77532560312362
2018/02/05,702.0,708.0,690.0,706.0,33700,103.08325463415402,102.71898735756766
2018/02/06,663.0,684.0,661.0,680.0,68800,103.84943615121787,103.20409462537232
2018/02/07,700.0,703.0,693.0,695.0,22900,105.95576495625194,105.0931280037258
2018/02/08,705.0,725.0,702.0,717.0,23000,106.59042985431138,105.78530396404946
2018/02/09,690.0,716.0,690.0,710.0,19200,110.37193841721758,108.74672889320614
2018/02/13,703.0,707.0,692.0,692.0,28000,107.49032821732496,106.41316883933858
2018/02/14,690.0,702.0,677.0,699.0,29400,109.79345467717272,109.02910396156496
2018/02/15,694.0,697.0,673.0,674.0,42200,103.84822336693698,103.94206565209375
2018/02/16,678.0,688.0,678.0,685.0,7200,103.69396867333138,104.09779906548016
2018/02/19,691.0,700.0,689.0,700.0,13800,103.82388648834021,104.10185977649897
2018/02/20,700.0,710.0,700.0,710.0,15400,108.0255968624709,107.86072763187704
2018/02/21,711.0,711.0,702.0,704.0,6300,106.33215192563729,106.55252865276665
2018/02/22,703.0,710.0,702.0,709.0,13800,108.56683768200337,108.57156360291096
2018/02/23,709.0,722.0,704.0,717.0,23900,108.51306267396923,108.47350267822944
2018/02/26,717.0,763.0,717.0,754.0,59700,111.54781800899242,111.78313455687174
2018/02/27,773.0,773.0,724.0,749.0,42600,108.58756411314296,109.05106603704355
2018/02/28,734.0,760.0,734.0,754.0,18000,113.8512368564047,113.78991524062702
2018/03/01,750.0,752.0,738.0,739.0,15700,113.37898372176787,113.19714665940408
2018/03/02,729.0,733.0,720.0,727.0,21600,112.87572657582527,112.00045448734937
2018/03/05,730.0,732.0,712.0,712.0,16100,110.3923999381625,109.97149254986505
2018/03/06,713.0,725.0,713.0,722.0,12900,110.33805399775073,110.68737268114957
2018/03/07,723.0,732.0,716.0,717.0,9700,109.53970977718245,110.00357682829667
2018/03/08,717.0,729.0,715.0,719.0,11300,110.55069247593019,111.17551871767746
2018/03/09,720.0,725.0,714.0,723.0,13300,110.58756908459335,111.11835262304952
2018/03/12,724.0,726.0,722.0,724.0,12200,109.10195727414735,109.85819812898978
2018/03/13,726.0,740.0,720.0,736.0,20100,110.23146466586424,111.06851127737036
2018/03/14,731.0,737.0,724.0,735.0,6000,111.05065117349851,111.3480303577884
2018/03/15,729.0,738.0,716.0,731.0,14000,110.75543465875795,111.18826374228361
2018/03/16,733.0,735.0,724.0,727.0,12900,110.03814790505395,110.16922710879669
2018/03/19,727.0,727.0,673.0,708.0,37200,107.59334349813032,107.97961865496866
2018/03/20,694.0,718.0,694.0,711.0,13000,108.55424616081062,108.66966600855648
2018/03/22,711.0,719.0,711.0,717.0,13400,106.51450122837936,106.76270864953355
2018/03/23,702.0,720.0,695.0,699.0,21900,111.25225338655498,110.42445902404639
2018/03/26,685.0,707.0,685.0,700.0,27200,109.21180396515551,108.95242598705363
2018/03/27,692.0,705.0,692.0,700.0,82400,108.53140991366274,108.39254825525293
2018/03/28,686.0,693.0,662.0,693.0,33600,111.09345967862589,110.3128147099375
2018/03/29,693.0,697.0,688.0,694.0,11000,109.88709270860319,109.34134714555661
2018/03/30,689.0,696.0,689.0,691.0,7000,107.7928075890807,107.78553783375355
2018/04/02,686.0,687.0,679.0,681.0,9500,111.31032211029289,111.34104658947356
2018/04/03,680.0,685.0,675.0,679.0,5400,107.88651827364106,107.84005663176919
2018/04/04,680.0,700.0,680.0,695.0,13700,110.58670328407494,110.23925492195808
2018/04/05,695.0,700.0,691.0,691.0,7700,108.53479646564281,108.42123572818087
2018/04/06,692.0,695.0,685.0,685.0,5200,106.42766941629871,106.56214101580537
2018/04/09,686.0,687.0,682.0,684.0,10400,104.42205076409176,104.63743419564369
2018/04/10,686.0,692.0,686.0,690.0,4500,104.31468105190058,104.68253313182754
2018/04/11,691.0,691.0,683.0,683.0,8600,106.81614754816349,107.0768202779774
2018/04/12,685.0,691.0,685.0,690.0,9300,107.11624273642708,107.58003916457741
2018/04/13,691.0,691.0,681.0,681.0,6500,104.24314579681398,104.46604208808714
2018/04/16,681.0,695.0,681.0,689.0,8200,103.98263763648828,104.4242577206099
2018/04/17,690.0,690.0,685.0,685.0,2500,105.18918022386958,106.13197966785306
2018/04/18,689.0,706.0,689.0,695.0,12700,105.30649456822809,106.46159526121626
2018/04/19,694.0,694.0,686.0,688.0,13700,103.14190752267585,104.50635031123947
2018/04/20,686.0,695.0,682.0,695.0,9800,104.64876835877949,105.87767525923395
2018/04/23,692.0,694.0,687.0,694.0,3400,107.05321965343806,107.55473295056905
2018/04/24,693.0,693.0,684.0,689.0,6400,105.18188300485834,105.42952505200398
2018/04/25,687.0,694.0,687.0,694.0,3700,107.60644022104722,107.78174551543518
2018/04/26,694.0,702.0,691.0,702.0,10000,108.51486435528652,109.09075519290346
2018/04/27,704.0,704.0,697.0,703.0,4600,107.06759420803054,108.00674883082037
2018/05/01,704.0,704.0,690.0,692.0,4200,105.25527124394716,106.45739297297278
2018/05/02,702.0,702.0,688.0,690.0,8800,107.35919535577614,108.55644425495497
2018/05/07,695.0,695.0,688.0,689.0,9900,107.2304185363446,108.29763594726035
2018/05/08,693.0,695.0,687.0,691.0,9100,107.43656165787199,108.30842494287864
2018/05/09,694.0,694.0,675.0,675.0,26700,105.71962245919175,106.44256913103058
2018/05/10,676.0,676.0,669.0,670.0,12000,104.29563312285985,104.92999016820634
2018/05/11,669.0,677.0,666.0,666.0,11700,102.44345354928761,103.25790735185282
2018/05/14,670.0,674.0,666.0,674.0,14500,103.29609079288005,104.00049752106695
2018/05/15,673.0,673.0,667.0,668.0,12900,102.48767697273449,103.03128906667014
2018/05/16,667.0,669.0,667.0,669.0,6400,102.73391854279883,103.09258919529334
2018/05/17,669.0,669.0,660.0,662.0,12900,99.96370112864109,100.39702020915315
2018/05/18,664.0,671.0,664.0,671.0,5400,100.92868052979718,101.50493665754342
2018/05/21,678.0,678.0,674.0,676.0,6000,101.45802199527718,102.50463926874392
2018/05/22,674.0,675.0,670.0,670.0,4900,99.36289416155562,100.61258798130655
2018/05/23,669.0,680.0,669.0,679.0,7800,102.7507772618622,103.48796038911297
2018/05/24,679.0,679.0,673.0,677.0,3500,103.7897086511427,104.47957438121229
2018/05/25,672.0,674.0,668.0,668.0,5900,102.76518085719215,103.8127281855368
2018/05/28,666.0,669.0,666.0,666.0,6000,101.76162831105309,103.08632062992619
2018/05/29,665.0,670.0,664.0,664.0,3900,102.8859530960667,104.34902972907409
2018/05/30,662.0,664.0,662.0,662.0,8300,103.83236627129864,105.10224865625179
2018/05/31,664.0,671.0,663.0,663.0,5600,103.14234630118237,104.66041275050486
2018/06/01,663.0,663.0,652.0,652.0,7800,102.83531091749371,104.1498572994894
2018/06/04,658.0,666.0,658.0,663.0,2500,103.65907421020783,104.78446910578857
2018/06/05,670.0,670.0,663.0,663.0,4200,102.03268299101612,103.527344747675
2018/06/06,662.0,666.0,662.0,664.0,4300,101.11914301046671,102.85795316440644
2018/06/07,664.0,669.0,664.0,668.0,4100,100.81521126021029,102.74127564975754
2018/06/08,661.0,668.0,661.0,668.0,7000,102.09344715981679,103.4379135653
2018/06/11,668.0,674.0,668.0,672.0,5100,101.67681893649218,103.73566153809999
2018/06/12,673.0,674.0,669.0,674.0,3200,101.42222974542243,103.64543126254964
2018/06/13,674.0,677.0,668.0,677.0,6900,101.58125630170068,103.73645513594585
2018/06/14,669.0,683.0,669.0,681.0,5800,102.75854174218586,104.88812297979241
2018/06/15,682.0,683.0,679.0,681.0,3500,102.8243470787313,105.10974782709992
2018/06/18,685.0,689.0,682.0,683.0,8800,103.30328933960374,105.85352188542838
2018/06/19,685.0,686.0,680.0,685.0,8400,106.69428182132117,108.96138582371597
2018/06/20,687.0,688.0,681.0,687.0,2900,105.21325208018924,108.34644994278757
2018/06/21,689.0,689.0,686.0,687.0,4100,105.14983101618493,109.1470934268253
2018/06/22,687.0,687.0,674.0,686.0,5300,105.57038596174215,109.0390481649437
2018/06/25,685.0,685.0,680.0,680.0,1100,105.95718052100409,109.55705973027057
2018/06/26,674.0,683.0,674.0,683.0,3000,106.05241541402306,109.56951332245428
2018/06/27,680.0,686.0,677.0,682.0,7500,105.73376749775124,109.0709117726062
2018/06/28,678.0,684.0,678.0,682.0,3700,106.21249043710759,110.00900241448231
2018/06/29,679.0,684.0,676.0,681.0,3300,104.7362187908885,108.59326506903541
2018/07/02,681.0,681.0,663.0,666.0,6700,104.50149608063755,108.22969932132986
2018/07/03,675.0,675.0,659.0,659.0,9000,103.23117807105709,106.75460231609229
2018/07/04,653.0,661.0,650.0,661.0,10800,104.84101926042317,108.38256025653268
2018/07/05,669.0,669.0,657.0,657.0,6400,104.39192434767004,108.42806645984967
2018/07/06,658.0,662.0,656.0,661.0,5800,104.42156720989486,108.46077798152818
2018/07/09,662.0,669.0,661.0,661.0,4100,103.24434647828188,107.00005612373053
2018/07/10,662.0,664.0,656.0,656.0,9700,102.55170959454836,106.8699467111959
2018/07/11,658.0,658.0,653.0,654.0,4900,102.62272884155435,106.5550433992256
2018/07/12,652.0,656.0,650.0,652.0,6100,101.83432288315923,106.45869200770002
2018/07/13,657.0,657.0,651.0,656.0,2700,101.22175956898442,106.81837850321307
2018/07/17,656.0,662.0,651.0,658.0,9200,100.13825639932155,105.53174760941133
2018/07/18,654.0,664.0,652.0,664.0,7700,100.72750585722747,106.21046928923819
2018/07/19,664.0,665.0,661.0,664.0,2900,100.61254046493224,106.12257728953654
2018/07/20,660.0,664.0,660.0,660.0,4900,100.24915966717663,105.74744112329107
2018/07/23,663.0,663.0,654.0,654.0,5900,99.87955527438874,104.44218480032723
2018/07/24,662.0,664.0,658.0,664.0,4500,100.96500095281698,105.43146576806106
2018/07/25,664.0,665.0,661.0,663.0,8100,100.82787801851798,105.1223402022093
2018/07/26,666.0,690.0,660.0,687.0,15600,104.57882546879861,108.38074663577612
2018/07/27,680.0,683.0,660.0,671.0,16100,101.14427375696842,105.0779639607937
2018/07/30,677.0,679.0,666.0,666.0,11900,101.31020466595024,104.93520387008542
2018/07/31,673.0,673.0,662.0,664.0,7000,100.92590674662236,105.78729973437726
2018/08/01,664.0,665.0,661.0,662.0,10100,99.89604563284286,104.50589466184815
2018/08/02,661.0,663.0,654.0,656.0,12700,99.76738128067201,104.56727016081864
2018/08/03,668.0,668.0,656.0,659.0,5700,99.61234122800592,105.28556731443324
2018/08/06,658.0,671.0,658.0,664.0,6800,100.96913059498891,107.18831716330233
2018/08/07,664.0,664.0,660.0,661.0,3500,99.5255926552938,105.64523552087768
2018/08/08,659.0,662.0,656.0,656.0,4100,97.58114238081251,103.80891409572075
2018/08/09,656.0,660.0,656.0,657.0,2000,97.5510405468564,103.84271197675481
2018/08/10,655.0,662.0,655.0,657.0,5200,98.40159401099203,104.40118271645598
2018/08/13,657.0,659.0,652.0,652.0,4400,99.62142115135426,105.86279804741369
2018/08/14,653.0,657.0,653.0,657.0,1800,99.06311450707278,105.90786788211297
2018/08/15,657.0,657.0,649.0,649.0,4300,98.07156042416104,105.04209339666555
2018/08/16,648.0,648.0,647.0,648.0,7200,95.72547037379526,103.19792314846579
2018/08/17,648.0,650.0,648.0,649.0,3100,92.41102662608773,99.46302705266089
2018/08/20,648.0,649.0,645.0,648.0,4500,94.34920672102318,101.81161244570485
2018/08/21,655.0,655.0,645.0,646.0,4900,95.67936011765671,103.86629005271406
2018/08/22,644.0,657.0,641.0,645.0,9400,95.65711408524659,103.6963196653463
2018/08/23,652.0,655.0,648.0,651.0,4500,94.80562887223667,102.92715378226718
2018/08/24,653.0,653.0,645.0,645.0,2600,94.08992702033991,102.14497713272554
2018/08/27,645.0,650.0,645.0,650.0,4400,92.5712050826426,100.42842546652642
2018/08/28,660.0,660.0,655.0,658.0,5900,93.85990975042905,102.03880668706933
2018/08/29,653.0,654.0,649.0,649.0,18500,92.19303147279783,99.795815321211
2018/08/30,644.0,647.0,639.0,643.0,13600,91.30159693366188,98.84192120414409
2018/08/31,644.0,656.0,644.0,656.0,7400,93.22562391182436,101.02973682276142
2018/09/03,654.0,662.0,654.0,662.0,4900,93.85051280357915,101.82657999336332
2018/09/04,660.0,668.0,660.0,666.0,4200,95.44328467409484,103.45111018860582
2018/09/05,662.0,666.0,655.0,660.0,7700,95.252723463024,103.74958291624932
2018/09/06,651.0,663.0,651.0,659.0,3600,94.73453089374398,103.72192711379999
2018/09/07,659.0,667.0,659.0,665.0,3000,95.92743201641366,105.03541727638526
2018/09/10,662.0,672.0,659.0,671.0,6400,97.86389846075603,107.01845748230912
2018/09/11,674.0,675.0,669.0,673.0,7800,98.20105775867987,107.80804292596886
2018/09/12,674.0,674.0,669.0,674.0,3500,99.21904510166159,109.29391932028851
2018/09/13,672.0,675.0,667.0,669.0,6000,96.93639928128962,106.59893188920732
2018/09/14,669.0,678.0,668.0,676.0,18300,96.48467755025163,106.11475874406769
2018/09/18,668.0,676.0,667.0,670.0,10100,95.82703435057888,104.78133410086244
2018/09/19,670.0,677.0,669.0,677.0,10100,95.69191483247461,104.17809788732266
2018/09/20,677.0,679.0,669.0,676.0,12200,95.71498410342375,103.96240917202655
2018/09/21,680.0,682.0,676.0,679.0,25600,95.42965141387315,103.55845223903528
2018/09/25,683.0,684.0,673.0,684.0,98500,96.80937717468362,104.63574109435673
2018/09/26,659.0,677.0,657.0,659.0,50200,94.50969580631225,102.40093385941098
2018/09/27,659.0,668.0,658.0,664.0,15600,96.63120494084245,105.15011988874284
2018/09/28,673.0,674.0,656.0,658.0,8800,94.28247857379785,102.95463606762306
2018/10/01,659.0,665.0,654.0,664.0,5000,95.83198748078678,104.85087482559665
2018/10/02,668.0,676.0,666.0,673.0,12800,97.87800143175551,106.42188390767124
2018/10/03,673.0,673.0,653.0,655.0,9500,95.62205908177116,104.44784454612414
2018/10/04,655.0,669.0,655.0,669.0,5700,98.39415890402712,106.82261769676214
2018/10/05,659.0,659.0,650.0,659.0,8300,98.50494667977678,106.56711162025421
2018/10/09,655.0,656.0,650.0,655.0,5600,98.50117752730078,106.85772189654355
2018/10/10,661.0,664.0,658.0,658.0,4300,98.23955034535832,106.38442026544739
2018/10/11,646.0,649.0,642.0,642.0,8700,99.41623309926206,107.06968023810239
2018/10/12,640.0,649.0,640.0,647.0,5000,100.85469975762283,108.58609532926704
2018/10/15,650.0,655.0,641.0,649.0,9300,103.9262891595186,111.73543073289036
2018/10/16,643.0,646.0,643.0,644.0,6400,101.72848604851323,109.77116853889206
2018/10/17,646.0,652.0,646.0,650.0,4100,101.83214385964598,109.56191214728004
2018/10/18,650.0,652.0,647.0,649.0,4700,102.90655903797938,110.33005509997852
2018/10/19,646.0,646.0,641.0,643.0,5800,102.39776066466368,109.9253984123467
2018/10/22,643.0,644.0,642.0,642.0,5700,102.82713925686882,110.33587122300459
2018/10/23,641.0,644.0,641.0,642.0,6600,105.64831643850579,113.5055533604662
2018/10/24,640.0,647.0,640.0,647.0,5200,105.96106787112896,114.31872438819144
2018/10/25,640.0,640.0,633.0,633.0,7900,107.83656522979948,115.58132198985538
2018/10/26,633.0,634.0,601.0,601.0,15300,103.88890986848966,110.96734982863532
2018/10/29,596.0,605.0,594.0,595.0,14700,103.38008184908718,110.66047781473623
2018/10/30,595.0,620.0,593.0,620.0,13200,105.30080455930151,112.49056118991454
2018/10/31,611.0,632.0,611.0,632.0,8800,106.14200326753223,112.63992748914009
2018/11/01,632.0,635.0,631.0,632.0,4600,106.10867443982457,112.23667034417922
2018/11/02,626.0,628.0,621.0,626.0,5100,102.51613007219478,109.29443723674532
2018/11/05,630.0,635.0,624.0,629.0,21300,104.62866368603412,111.04801794592727
2018/11/06,622.0,633.0,622.0,628.0,7200,106.27389155554636,112.1340449278215
2018/11/07,630.0,630.0,622.0,622.0,4400,105.44435258641059,111.79289569937805
2018/11/08,630.0,630.0,625.0,625.0,2200,104.36969565933995,110.67628692292186
2018/11/09,625.0,627.0,623.0,625.0,3700,104.78805604786201,110.62781682984846
2018/11/12,625.0,633.0,625.0,633.0,3800,105.32420451728359,111.79288509728809
2018/11/13,635.0,659.0,627.0,652.0,13400,110.40003924832614,116.811604624712
2018/11/14,660.0,663.0,653.0,659.0,14700,111.30405550210172,117.29585601910466
2018/11/15,659.0,659.0,646.0,655.0,3700,111.72169442726742,117.14674967782699
2018/11/16,651.0,659.0,651.0,652.0,6000,110.96315277972614,116.27794190225929
2018/11/19,642.0,648.0,641.0,646.0,4000,108.2173483100614,113.98062591696521
2018/11/20,646.0,649.0,640.0,643.0,5700,110.0209711142682,115.40917322857909
2018/11/21,641.0,644.0,641.0,643.0,2800,111.11603570228148,116.68997172817548
2018/11/22,643.0,646.0,641.0,641.0,1300,110.37656698333254,115.81074290872412
2018/11/26,640.0,641.0,633.0,634.0,5100,107.90119512134575,113.88451999225153
2018/11/27,634.0,639.0,634.0,637.0,3100,107.67171791977373,113.29313725820793
2018/11/28,642.0,642.0,627.0,630.0,7700,105.40827303715032,111.73647420330322
2018/11/29,634.0,635.0,632.0,635.0,2900,106.7854982620138,112.97257339730031
2018/11/30,636.0,636.0,631.0,633.0,6800,106.2916590244605,112.17130810361218
2018/12/03,631.0,633.0,627.0,633.0,7200,104.7224535976881,110.14139741430469
2018/12/04,633.0,634.0,633.0,634.0,1600,107.75982150020256,113.99014452923603
2018/12/05,633.0,633.0,627.0,628.0,5200,105.02206993847287,111.70657184718415
2018/12/06,628.0,630.0,626.0,626.0,7700,108.0873870942005,114.56613344185511
2018/12/07,626.0,631.0,625.0,625.0,3600,108.70203024010789,114.99012237443516
2018/12/10,624.0,628.0,622.0,628.0,2300,111.47476728019666,117.6186982057081
2018/12/11,627.0,632.0,621.0,621.0,5100,110.61820951011117,117.87797066212767
2018/12/12,621.0,627.0,621.0,625.0,3800,108.47201690812263,116.05422068776896
2018/12/13,622.0,625.0,620.0,620.0,11400,105.55801968265877,113.49233374079877
2018/12/14,620.0,622.0,601.0,606.0,11000,104.82109112814865,111.90518170181436
2018/12/17,607.0,607.0,600.0,605.0,4600,105.78637099083184,113.28313700382273
2018/12/18,599.0,607.0,596.0,603.0,10100,107.23285323016614,115.02623683701026
2018/12/19,598.0,598.0,590.0,590.0,7200,105.15008172643962,112.82289394032014
2018/12/20,590.0,590.0,563.0,565.0,13100,103.68768095890279,111.08862782166986
2018/12/21,552.0,552.0,530.0,538.0,17400,99.83775827830566,108.04512407865575
2018/12/25,520.0,530.0,512.0,512.0,30900,99.81765895491907,107.80159753214164
2018/12/26,519.0,531.0,518.0,527.0,15200,101.08910959078968,109.00367474782016
2018/12/27,557.0,557.0,547.0,557.0,8200,101.94850607373415,108.82794567537677
2018/12/28,553.0,564.0,549.0,560.0,10300,104.76117334716723,112.04602273307694
2019/01/04,580.0,580.0,565.0,565.0,10300,110.29580705928794,116.28757772794344
2019/01/07,584.0,584.0,566.0,566.0,10200,109.00358014867564,114.39909389478092
2019/01/08,566.0,567.0,553.0,564.0,11000,107.73097999836719,113.55191926970545
2019/01/09,579.0,579.0,576.0,578.0,6600,108.39068349381051,114.72105137241142
2019/01/10,579.0,585.0,569.0,585.0,4700,110.7723361610437,116.86096065376535
2019/01/11,585.0,586.0,583.0,586.0,2800,109.63164459814992,115.73897251273102
2019/01/15,585.0,595.0,584.0,584.0,10900,105.50374167435986,111.17402224441204
2019/01/16,590.0,596.0,585.0,585.0,5400,98.70352654809352,103.94618985280108
2019/01/17,586.0,588.0,580.0,580.0,7300,88.88816499856449,92.81626012932797
2019/01/18,580.0,582.0,576.0,576.0,8000,90.28201772079463,95.07887839809044
2019/01/21,576.0,584.0,576.0,584.0,4200,91.20825870670339,95.8392583683515
2019/01/22,586.0,586.0,582.0,586.0,1900,92.01177673781378,96.58025440856794
2019/01/23,582.0,584.0,575.0,575.0,5500,89.12716109571255,94.219870763118
2019/01/24,575.0,580.0,575.0,575.0,2800,90.49140561859383,95.47745954757852
2019/01/25,578.0,589.0,578.0,586.0,3500,90.8215480343375,95.80738316792757
2019/01/28,585.0,589.0,583.0,583.0,3000,89.54984719022094,94.60220625540757
2019/01/29,579.0,588.0,579.0,586.0,3400,89.62073604703899,94.88389577004949
2019/01/30,586.0,586.0,579.0,582.0,4400,89.95356623881973,94.81664277280483
2019/01/31,582.0,585.0,577.0,577.0,2700,91.49300854968122,96.56623205606031
2019/02/01,578.0,581.0,578.0,578.0,3100,90.88828500757093,96.72276325946171
2019/02/04,580.0,585.0,580.0,583.0,2500,89.68872083746075,95.23668434945452
2019/02/05,582.0,599.0,582.0,599.0,6900,91.32444875649662,97.02182748794465
2019/02/06,593.0,613.0,593.0,597.0,4400,89.0733144769808,95.00863397567971
2019/02/07,595.0,605.0,595.0,595.0,3400,87.5418546209945,93.38583794511143
2019/02/08,595.0,601.0,594.0,594.0,5200,87.9799928940091,94.12759864370047
2019/02/12,595.0,595.0,587.0,594.0,3500,87.40345475252023,93.70801198854075
2019/02/13,601.0,603.0,593.0,601.0,9300,86.01937391368676,92.11417193487752
2019/02/14,612.0,612.0,597.0,597.0,6500,89.93855330645951,95.78848298259763
2019/02/15,604.0,604.0,598.0,601.0,4000,91.17784913904963,96.64172398069987
2019/02/18,609.0,609.0,602.0,605.0,1500,89.95104178308867,95.77247782181088
2019/02/19,604.0,609.0,604.0,608.0,2000,88.13596853634851,93.94548201992379
2019/02/20,610.0,614.0,610.0,612.0,3800,89.11944340908033,94.91342276414969
2019/02/21,615.0,626.0,611.0,624.0,8200,89.12744519951356,95.24800923799248
2019/02/22,626.0,628.0,611.0,614.0,3600,87.50219751176603,93.66908283440164
2019/02/25,619.0,625.0,618.0,624.0,4500,85.16277752834135,90.61851202515119
2019/02/26,617.0,635.0,617.0,634.0,7000,88.35759217108642,93.70855096761865
2019/02/27,633.0,639.0,632.0,637.0,3500,86.48829486328935,92.18955153814927
2019/02/28,637.0,642.0,636.0,639.0,5000,87.8401575079832,93.59688125036425
2019/03/01,639.0,639.0,633.0,638.0,2200,86.04745243138979,92.78856895377055
2019/03/04,642.0,642.0,630.0,638.0,7500,86.40407224927237,93.3064282470163
2019/03/05,643.0,643.0,630.0,635.0,9700,86.70121891316657,93.22259513143982
2019/03/06,635.0,635.0,623.0,624.0,8700,85.64269929691044,91.8089625619826
2019/03/07,614.0,623.0,613.0,620.0,17300,85.87744875051361,92.06104091205667
2019/03/08,615.0,626.0,615.0,616.0,10800,86.99828769565823,92.95098387849659
2019/03/11,618.0,628.0,618.0,623.0,3300,88.89674565942349,94.74806756999968
2019/03/12,623.0,628.0,623.0,628.0,3400,87.16885385110949,93.06160029615955
2019/03/13,633.0,635.0,628.0,634.0,5900,88.23181155014758,94.44728291738777
2019/03/14,637.0,637.0,626.0,626.0,8600,87.71568625930065,94.00999185221866
2019/03/15,622.0,630.0,622.0,622.0,8800,86.4571326949433,92.71073087642459
2019/03/18,622.0,626.0,620.0,626.0,11200,87.99369525605108,94.2420080206886
2019/03/19,630.0,630.0,621.0,622.0,6900,86.72842714179183,93.24456824501812
2019/03/20,621.0,626.0,621.0,623.0,7800,86.82174288369394,92.97171309606746
2019/03/22,626.0,632.0,624.0,631.0,13100,86.05828004754314,92.9418275802408
2019/03/25,628.0,628.0,623.0,624.0,22100,88.24616382877755,94.44991473364578
2019/03/26,614.0,627.0,614.0,625.0,78100,88.82291870071151,94.75949576092331
2019/03/27,615.0,634.0,615.0,624.0,35200,88.5800207178044,95.082277010714
2019/03/28,622.0,622.0,613.0,615.0,11600,89.14469669805086,95.39936307570544
2019/03/29,619.0,622.0,616.0,618.0,6400,90.48360828939204,96.44035163323133
2019/04/01,622.0,629.0,616.0,623.0,11000,90.9708100516713,96.74684149130985
2019/04/02,625.0,625.0,619.0,621.0,6100,90.55209263523814,96.68496147957138
2019/04/03,614.0,614.0,611.0,611.0,8100,86.31979625810061,92.48669552491356
2019/04/04,614.0,618.0,611.0,615.0,6600,88.67563353543677,94.74570897049814
2019/04/05,618.0,618.0,614.0,616.0,3800,88.93740816082347,95.1016476393266
2019/04/08,617.0,618.0,615.0,618.0,2900,90.00465530038124,96.24771435173774
2019/04/09,617.0,618.0,616.0,618.0,2200,89.53124416391131,95.82741271633577
2019/04/10,616.0,621.0,616.0,617.0,2800,90.33479191015044,96.94711204078267
2019/04/11,619.0,624.0,619.0,622.0,2800,89.93276203606099,96.42946298182756
2019/04/12,614.0,622.0,614.0,616.0,4700,90.0754513774065,97.4396580410425
2019/04/15,617.0,620.0,615.0,619.0,3900,88.48851492866116,95.81653362190035
2019/04/16,613.0,619.0,613.0,616.0,4400,88.41321419738487,95.65063025687164
2019/04/17,618.0,618.0,609.0,614.0,7300,87.87036487247192,94.79184302863096
2019/04/18,612.0,616.0,608.0,609.0,19400,88.92239994464106,95.92838033855041
2019/04/19,608.0,615.0,605.0,608.0,2200,87.33101320692592,94.7427407841498
2019/04/22,603.0,614.0,603.0,609.0,6600,87.23926431933087,94.91764999088237
2019/04/23,608.0,610.0,605.0,608.0,4800,88.31669509783183,96.22452728330954
2019/04/24,608.0,609.0,603.0,605.0,5200,87.23595165770942,95.5945930267429
2019/04/25,606.0,614.0,603.0,614.0,7000,87.51155513480235,95.66140726125404
2019/04/26,609.0,609.0,603.0,605.0,5400,86.86834960496658,94.53311252540098
2019/05/07,602.0,609.0,601.0,606.0,7000,90.03897655795947,97.56501337543308
2019/05/08,606.0,608.0,601.0,604.0,5300,92.82126729900163,100.89651239455675
2019/05/09,606.0,608.0,605.0,605.0,6700,94.91867286664456,103.51157394730213
2019/05/10,606.0,609.0,606.0,606.0,4500,97.01683813519307,105.41053374113486
2019/05/13,608.0,609.0,600.0,600.0,4000,96.05538214380253,104.31524176349636
2019/05/14,596.0,600.0,592.0,598.0,4700,96.96058817300856,105.27743520112975
2019/05/15,602.0,602.0,599.0,600.0,3100,96.15659256418104,104.56650436356867
2019/05/16,600.0,603.0,595.0,595.0,4700,97.45503134565611,105.71023112160715
2019/05/17,599.0,600.0,594.0,597.0,2700,96.00678139040734,103.91240114421134
2019/05/20,601.0,604.0,601.0,603.0,1700,96.32262852545978,104.04949865568913
2019/05/21,603.0,604.0,599.0,601.0,1700,96.81897323365095,104.7030444757442
2019/05/22,599.0,600.0,598.0,598.0,1800,93.89025833366837,102.37311606309856
2019/05/23,599.0,603.0,599.0,601.0,2100,94.17096156630956,102.31961880956703
2019/05/24,593.0,598.0,593.0,598.0,4000,95.1742810151584,102.90893611975393
2019/05/27,596.0,602.0,596.0,602.0,1200,95.93139747384419,103.4447026211733
2019/05/28,602.0,602.0,600.0,600.0,1400,95.02948053215847,102.64625384626085
2019/05/29,595.0,601.0,595.0,600.0,1100,95.01505014559261,102.41613384802102
2019/05/30,597.0,602.0,597.0,602.0,800,96.2592323485655,103.57015478761065
2019/05/31,602.0,602.0,599.0,601.0,2000,99.20343417114609,106.61705638145061
2019/06/03,600.0,600.0,595.0,596.0,6000,98.98943968416033,106.43027632391262
2019/06/04,599.0,600.0,597.0,600.0,2800,99.94724637654701,107.15158146168274
2019/06/05,602.0,602.0,599.0,601.0,4100,98.5700475140487,105.15352906187128
2019/06/06,602.0,602.0,600.0,601.0,1400,98.84500409464295,105.55202394000163
2019/06/07,600.0,602.0,600.0,601.0,1100,97.7665250775374,104.59234494681789
2019/06/10,603.0,603.0,602.0,603.0,1900,96.8209856243985,103.24737732485299
2019/06/11,603.0,606.0,603.0,606.0,4200,97.00941751533401,103.24225769247536
2019/06/12,601.0,605.0,601.0,602.0,2800,96.65106121387981,103.00471312230665
2019/06/13,606.0,606.0,602.0,604.0,2800,95.88996642554048,102.63946239217205
2019/06/14,606.0,606.0,605.0,606.0,4800,96.29750140732814,102.92874313837741
2019/06/17,600.0,605.0,600.0,603.0,5800,94.79159237666,101.57181468583232
2019/06/18,601.0,603.0,601.0,603.0,1600,93.50993298287824,100.42447184301568
2019/06/19,601.0,603.0,600.0,602.0,2700,92.6448368432796,98.75382707106886
2019/06/20,600.0,607.0,600.0,607.0,3900,93.41939275051746,99.15841188267136
2019/06/21,607.0,607.0,597.0,597.0,6000,92.17687634826329,98.22497749619664
2019/06/24,605.0,605.0,596.0,600.0,5300,92.59673782117336,98.52715040297859
2019/06/25,600.0,604.0,599.0,604.0,3100,93.22432463624453,99.18067160589572
2019/06/26,598.0,600.0,598.0,598.0,3300,92.61155759568163,98.9475754225925
2019/06/27,598.0,601.0,598.0,599.0,2500,91.66701710728478,97.65350393976345
2019/06/28,598.0,601.0,594.0,596.0,6100,91.74945348099796,97.66020224393914
2019/07/01,598.0,603.0,598.0,603.0,4900,90.88203676454359,96.84984255479912
2019/07/02,600.0,605.0,600.0,605.0,4400,91.93772966105904,97.75122101215268
2019/07/03,601.0,604.0,601.0,604.0,1200,91.70980765828854,97.95484799697627
2019/07/04,608.0,608.0,604.0,607.0,5000,91.7278400832024,97.41192567678252
2019/07/05,607.0,609.0,605.0,609.0,6000,92.310056678305,97.85811542176623
2019/07/08,608.0,608.0,602.0,607.0,3500,94.03878144837914,99.59112638624467
2019/07/09,608.0,608.0,607.0,608.0,2200,95.39802559719354,100.99495915239314
2019/07/10,608.0,608.0,603.0,606.0,7500,94.37632242332147,100.3596578766126
2019/07/11,605.0,609.0,605.0,607.0,5100,95.43998780530745,100.82670502251531
2019/07/12,609.0,609.0,606.0,608.0,2700,96.57835444161252,101.72361478358462
2019/07/16,606.0,610.0,606.0,610.0,2100,97.707830333592,103.12426021882793
2019/07/17,614.0,614.0,607.0,609.0,4900,97.37734293127413,102.47190938039697
2019/07/18,611.0,611.0,604.0,604.0,5900,98.39111690453798,103.72975539326784
2019/07/19,604.0,608.0,604.0,604.0,5000,96.76251431955413,102.10754053230853
2019/07/22,604.0,605.0,604.0,605.0,1300,96.74151942519848,103.34499046721265
2019/07/23,607.0,608.0,606.0,607.0,2000,95.1769976884906,101.79011260554513
2019/07/24,605.0,608.0,603.0,608.0,5000,95.52587365966443,102.09053820544945
2019/07/25,608.0,609.0,606.0,609.0,3700,92.0293974813527,99.20451424074528
2019/07/26,611.0,614.0,607.0,612.0,10100,95.6483021729879,103.06074049527192
2019/07/29,612.0,612.0,606.0,608.0,5700,95.21055639852133,102.90691310983698
2019/07/30,607.0,613.0,606.0,613.0,5400,95.91014760515286,102.73198781492891
2019/07/31,609.0,609.0,608.0,608.0,1900,97.0713002422277,103.85006532238046
2019/08/01,611.0,612.0,611.0,612.0,5200,97.50036201542878,104.28888048570431
2019/08/02,606.0,608.0,606.0,606.0,7200,98.22847155360765,104.49788072861
2019/08/05,607.0,607.0,601.0,601.0,5500,98.31829730810317,104.1572557662317
2019/08/06,600.0,601.0,598.0,598.0,9100,99.59894295933195,105.36300212525656
2019/08/07,600.0,616.0,600.0,616.0,23300,103.64095828074433,109.2267801765708
2019/08/08,614.0,614.0,606.0,606.0,4000,101.21800036237698,107.10094929857266
2019/08/09,610.0,610.0,605.0,606.0,1800,99.43126801579795,105.50534619198282
2019/08/13,610.0,610.0,603.0,606.0,6100,100.80778770674374,106.15958412186204
2019/08/14,596.0,605.0,596.0,604.0,13900,100.04602333045835,105.38799219667997
2019/08/15,602.0,603.0,602.0,603.0,1500,101.20200097086398,105.80495370526377
2019/08/16,603.0,605.0,602.0,603.0,1200,101.3374133865053,106.18882528540996
2019/08/19,610.0,610.0,605.0,605.0,3200,100.79150388304382,105.72378714999489
2019/08/20,607.0,608.0,606.0,608.0,2200,101.13877522618382,105.27669432354134
2019/08/21,603.0,607.0,603.0,606.0,1200,101.90035397194612,106.55540600497619
2019/08/22,605.0,605.0,602.0,603.0,4100,100.63214681763168,105.00284515438753
2019/08/23,606.0,608.0,605.0,608.0,2000,102.86961971535375,107.24931723861262
2019/08/26,606.0,614.0,602.0,604.0,13600,104.56584171091228,108.69830371924382
2019/08/27,609.0,610.0,606.0,608.0,6000,103.04967348297625,107.40806296962995
2019/08/28,608.0,609.0,603.0,609.0,7200,104.69050985904715,109.53016020941718
2019/08/29,608.0,610.0,604.0,605.0,5400,105.16608378473633,109.81031306134143
2019/08/30,607.0,609.0,605.0,608.0,6400,102.35563914237638,106.38373729920151
2019/09/02,609.0,609.0,604.0,604.0,3500,100.47391251793218,104.27700957546226
2019/09/03,604.0,606.0,604.0,606.0,5700,100.13078315142405,103.48517024891643
2019/09/04,606.0,608.0,606.0,606.0,3000,100.4076079945923,103.89254602287438
2019/09/05,609.0,609.0,607.0,608.0,11900,98.39541734749973,101.75790934801093
2019/09/06,610.0,611.0,608.0,610.0,6100,96.52136900875793,100.51435595690168
2019/09/09,610.0,612.0,608.0,612.0,3600,95.71937572997116,99.23351942925238
2019/09/10,612.0,612.0,611.0,611.0,3600,96.18835758708974,98.99923823631231
2019/09/11,611.0,615.0,611.0,615.0,9800,95.50003414740328,97.44937458663085
2019/09/12,617.0,617.0,616.0,616.0,17200,96.57044838898129,98.71152677121529
2019/09/13,619.0,619.0,615.0,619.0,12200,96.17545683628944,98.32187835520422
2019/09/17,619.0,625.0,616.0,622.0,17100,98.82430039272268,101.19034329522964
2019/09/18,618.0,622.0,616.0,621.0,7600,98.87831266741553,101.95030579441402
2019/09/19,617.0,626.0,616.0,626.0,12400,99.45281333877311,102.45850396053362
2019/09/20,622.0,626.0,620.0,626.0,9400,99.6723125256922,102.90648476052715
2019/09/24,638.0,638.0,622.0,624.0,62400,98.82979012917623,102.44228635102121
2019/09/25,624.0,631.0,617.0,624.0,57200,103.34778288682674,106.47126663558993
2019/09/26,622.0,630.0,611.0,614.0,131700,99.8030537005627,102.54360323253515
2019/09/27,611.0,613.0,601.0,601.0,46800,100.69342628081495,103.4644629837255
2019/09/30,603.0,609.0,601.0,608.0,7200,102.0458730504999,104.8392790206046
2019/10/01,605.0,609.0,605.0,606.0,6300,99.85897800761666,102.4603923364349
2019/10/02,611.0,612.0,607.0,612.0,8700,103.44141836402537,105.5185987317255
2019/10/03,609.0,610.0,607.0,610.0,3200,102.4339073401826,104.68303031468893
2019/10/04,610.0,612.0,610.0,611.0,4000,102.99469475563312,105.66963046617268
2019/10/07,613.0,614.0,610.0,610.0,3200,102.25372409822273,104.28402625342672
2019/10/08,611.0,612.0,607.0,612.0,2500,101.57900173082798,103.71916095490852
2019/10/09,612.0,612.0,608.0,612.0,3800,101.89398494947768,103.72072063589002
2019/10/10,612.0,612.0,607.0,612.0,4300,99.92219896477543,102.58715785659116
2019/10/11,612.0,612.0,610.0,610.0,4300,98.1556387681367,100.61569282351716
2019/10/15,612.0,614.0,608.0,610.0,8300,96.17935874841122,98.67897414704588
2019/10/16,609.0,613.0,609.0,612.0,3900,95.696478181809,98.90681166998205
2019/10/17,612.0,615.0,606.0,611.0,10100,95.00989260560132,98.80988142226522
2019/10/18,611.0,614.0,608.0,612.0,12200,95.3455721254577,99.33693473726414
2019/10/21,611.0,611.0,609.0,610.0,2300,95.29334715942865,98.90756275194619
2019/10/23,611.0,614.0,609.0,614.0,4400,92.65889628348502,95.70651896091537
2019/10/24,610.0,614.0,608.0,608.0,9100,89.79425933651413,93.54840253618838
2019/10/25,610.0,613.0,610.0,613.0,2500,94.77090827349292,98.75258354482786
2019/10/28,614.0,615.0,613.0,614.0,2500,95.4428393275889,99.50795962361376
2019/10/29,612.0,615.0,611.0,612.0,4600,92.1924866880074,95.66885797278715
2019/10/30,613.0,619.0,610.0,619.0,12200,93.98700554926519,96.7801150554572
2019/10/31,618.0,623.0,616.0,621.0,4200,92.94778165482283,96.19882702897385
2019/11/01,622.0,622.0,616.0,621.0,3800,96.56565176589478,98.74054114676649
2019/11/05,624.0,624.0,618.0,624.0,11100,94.64429293433561,97.32143904470345
2019/11/06,624.0,627.0,623.0,627.0,9700,95.53514653481277,98.30406322741396
2019/11/07,627.0,628.0,625.0,625.0,3000,96.38496171505577,99.00596538545354
2019/11/08,627.0,630.0,617.0,618.0,15800,94.05424705250154,97.15009214397719
2019/11/11,619.0,627.0,619.0,627.0,2300,94.54372689872467,97.18738124923999
2019/11/12,627.0,635.0,625.0,635.0,10300,90.31391057038678,93.33553714542067
2019/11/13,634.0,634.0,621.0,622.0,5500,88.42199647006865,91.10645280702322
2019/11/14,622.0,622.0,613.0,617.0,7300,88.75238331185831,91.65784359755722
2019/11/15,619.0,623.0,619.0,623.0,4100,88.89733479509808,91.75803986451864
2019/11/18,616.0,625.0,616.0,625.0,5300,90.1568082244202,93.15907380403584
2019/11/19,616.0,625.0,616.0,625.0,6400,90.06672450379057,93.12980574591496
2019/11/20,624.0,625.0,619.0,625.0,5600,90.30995294724961,92.87717133674617
2019/11/21,624.0,629.0,623.0,628.0,2200,92.05228970542555,94.46799238387989
2019/11/22,626.0,626.0,623.0,625.0,2400,93.03196283024606,95.13344262266973
2019/11/25,626.0,626.0,624.0,625.0,2000,92.31331870478218,94.48430782016382
2019/11/26,620.0,626.0,620.0,621.0,3800,91.56168373820921,93.97039459125043
2019/11/27,627.0,628.0,625.0,626.0,1700,94.02009459009768,96.03622318370603
2019/11/28,623.0,625.0,623.0,625.0,2200,93.60449753393645,95.62524818643537
2019/11/29,625.0,626.0,624.0,625.0,3700,94.73970728185681,96.8821428247386
2019/12/02,626.0,629.0,626.0,626.0,4000,94.88139613789244,97.42674042770301
2019/12/03,622.0,626.0,620.0,620.0,6200,92.17119183951407,94.49545823796737
2019/12/04,621.0,624.0,621.0,624.0,2400,94.14091164479892,95.70068275189958
2019/12/05,623.0,626.0,621.0,626.0,5300,92.2812744500129,94.10953541232092
2019/12/06,624.0,628.0,624.0,628.0,3600,93.27038015962725,95.0312928981651
2019/12/09,629.0,629.0,624.0,628.0,5800,90.56280862287511,92.31970825808472
2019/12/10,628.0,628.0,622.0,622.0,6600,90.48228477688001,91.6942259034563
2019/12/11,623.0,626.0,622.0,626.0,2300,92.49933267384446,93.83250683693399
2019/12/12,627.0,627.0,623.0,624.0,4300,93.73369351940622,94.99366545424822
2019/12/13,629.0,629.0,624.0,625.0,6500,91.76583345735439,94.37345302364345
2019/12/16,624.0,628.0,624.0,627.0,10000,93.05537186804793,95.12346399505506
2019/12/17,628.0,628.0,626.0,628.0,3700,91.37693674931666,93.13705814638668
2019/12/18,628.0,628.0,626.0,628.0,3200,93.33702260293252,95.28167338756873
2019/12/19,628.0,629.0,626.0,628.0,5900,94.9783589783923,97.13267322331797
2019/12/20,627.0,627.0,624.0,627.0,7200,98.67992484093305,100.07544790780302
2019/12/23,627.0,627.0,622.0,622.0,6200,97.6916315638734,99.43634688580568
2019/12/24,627.0,628.0,623.0,624.0,4800,97.96680620026873,99.82534414021367
2019/12/25,623.0,625.0,623.0,623.0,1700,96.06804755473189,98.30437304782825
2019/12/26,625.0,627.0,623.0,627.0,8800,94.46568577304987,97.64006017349386
2019/12/27,626.0,628.0,625.0,628.0,6900,94.1580609578915,96.67289111839061
2019/12/30,628.0,632.0,626.0,632.0,5300,92.49713969940537,95.5997665562649
2020/01/06,631.0,633.0,630.0,630.0,7800,96.12150472231525,99.17926628189126
2020/01/07,632.0,634.0,632.0,632.0,7100,96.03095084733968,98.63500307628073
2020/01/08,631.0,633.0,626.0,630.0,13300,95.94923016361669,98.34352780104163
2020/01/09,633.0,639.0,633.0,635.0,12000,92.19596278076385,95.54936669190194
2020/01/10,635.0,637.0,634.0,634.0,3700,92.35581680941543,95.38210401582332
2020/01/14,635.0,637.0,631.0,633.0,5100,92.73592363672967,96.07191763113568
2020/01/15,634.0,638.0,634.0,638.0,5900,93.21913168658847,96.88221860208999
2020/01/16,634.0,639.0,634.0,637.0,4900,93.62469794971994,98.04128547970915
2020/01/17,638.0,638.0,635.0,635.0,3800,94.7658609875272,98.94521326163849
2020/01/20,635.0,644.0,635.0,642.0,6200,94.57538240099646,98.7256985503405
2020/01/21,639.0,642.0,639.0,642.0,4800,94.67469768614947,98.28223761125334
2020/01/22,638.0,642.0,638.0,641.0,3000,95.5315490155477,98.88036666592733
2020/01/23,642.0,642.0,636.0,636.0,3800,95.63735689804801,99.23782772006092
2020/01/24,638.0,642.0,637.0,638.0,6300,94.92079036122553,98.53397581297388
2020/01/27,634.0,638.0,625.0,625.0,14100,94.82968947085038,97.94432855723893
2020/01/28,619.0,625.0,619.0,620.0,10200,94.17593640982538,97.3499128868775
2020/01/29,625.0,628.0,622.0,623.0,4900,94.1199566029098,97.65028261898587
2020/01/30,622.0,624.0,620.0,623.0,7100,97.61446959266455,101.05593847082926
2020/01/31,627.0,638.0,627.0,630.0,5700,97.64468872271948,101.24388880302288
2020/02/03,619.0,625.0,618.0,622.0,14700,96.99136205175466,100.86411186471223
2020/02/04,621.0,625.0,618.0,625.0,4600,94.2153074659025,98.06120129124814
2020/02/05,623.0,625.0,622.0,622.0,5100,93.26155002743583,96.85946011550814
2020/02/06,622.0,629.0,621.0,623.0,10100,91.01191242510855,94.58178596658317
2020/02/07,621.0,623.0,620.0,620.0,3400,89.06828893625936,92.76277580225307
2020/02/10,621.0,627.0,621.0,625.0,4700,92.68387000435675,96.22198350653137
2020/02/12,623.0,623.0,618.0,620.0,4000,91.41590513712316,95.38402261869892
2020/02/13,620.0,621.0,605.0,611.0,11300,90.79945338043032,94.98050158483031
2020/02/14,611.0,611.0,606.0,606.0,8000,88.96857853899347,93.39598518843903
2020/02/17,605.0,608.0,601.0,607.0,9900,90.7706728458348,95.22954760051391
2020/02/18,606.0,606.0,601.0,602.0,5300,90.93993429391965,95.49478505925556
2020/02/19,602.0,604.0,599.0,600.0,12500,89.78904351528966,94.61517910191873
2020/02/20,605.0,612.0,605.0,608.0,5200,89.07420042124681,93.88754748508251
2020/02/21,604.0,607.0,596.0,601.0,16800,89.6742146338172,94.11243817107038
2020/02/25,571.0,589.0,571.0,575.0,22600,86.05599774511438,90.63459951006325
2020/02/26,574.0,595.0,571.0,573.0,19800,86.46456128967175,90.75096975185849
2020/02/27,572.0,581.0,535.0,543.0,23300,82.79649889485258,87.1225345346144
2020/02/28,520.0,523.0,508.0,508.0,35400,81.35515539159366,85.1494871449122
2020/03/02,500.0,591.0,488.0,554.0,33200,88.77833453623455,92.62251394974793
2020/03/03,563.0,576.0,530.0,530.0,27700,86.01232151534002,89.79239576157501
2020/03/04,530.0,530.0,517.0,522.0,12100,85.62327411172518,89.93136439267916
2020/03/05,525.0,525.0,514.0,519.0,24000,84.20767831989565,88.45652660171413
2020/03/06,518.0,518.0,505.0,507.0,25200,83.39921260199849,87.95344794930254
2020/03/09,500.0,508.0,493.0,493.0,30400,84.86303341377291,90.09874182898301
2020/03/10,458.0,515.0,452.0,507.0,32000,87.38288742955979,92.14205685374935
2020/03/11,517.0,518.0,504.0,505.0,20300,87.34168618959576,91.55390629526504
2020/03/12,485.0,493.0,471.0,476.0,26700,87.21238708868393,90.95018594101018
2020/03/13,448.0,450.0,415.0,427.0,58200,84.48088362037109,87.19963266016603
2020/03/16,451.0,451.0,434.0,435.0,25100,88.21773091795805,90.697312757779
2020/03/17,420.0,437.0,419.0,427.0,26300,87.03237454140329,87.14623469540747
2020/03/18,435.0,488.0,432.0,479.0,25800,99.32856364258181,97.67086851921339
2020/03/19,463.0,519.0,463.0,508.0,31400,105.1877598078798,101.45484599693768
2020/03/23,496.0,519.0,496.0,506.0,29200,100.72540447316636,99.00215357148743
2020/03/24,515.0,515.0,500.0,512.0,16600,97.02519069109327,99.42363273572865
2020/03/25,515.0,530.0,510.0,530.0,25100,92.89691463898119,95.95785371825663
2020/03/26,530.0,530.0,501.0,510.0,42800,93.45300860400152,93.80322707266211
2020/03/27,520.0,525.0,500.0,510.0,152900,90.25505283684033,89.99645906366969
2020/03/30,474.0,490.0,462.0,481.0,66400,87.01344700474694,86.90245052051853
2020/03/31,484.0,499.0,477.0,483.0,20300,88.4196404306084,89.34432850572108
2020/04/01,470.0,472.0,461.0,461.0,25100,90.68509772866663,90.56656838558999
2020/04/02,447.0,458.0,440.0,440.0,23400,87.22878892836624,87.15589964444847
2020/04/03,432.0,436.0,377.0,392.0,58400,77.87515172397151,78.07295750742807
2020/04/06,368.0,416.0,346.0,415.0,98300,78.66693445054514,79.04948707512088
2020/04/07,410.0,430.0,382.0,395.0,63000,73.53656998846867,73.73410512821181
2020/04/08,396.0,444.0,387.0,423.0,41900,76.82674173165465,77.31990787331537
2020/04/09,438.0,449.0,418.0,418.0,30100,75.42013500672282,76.19181394750203
2020/04/10,422.0,422.0,403.0,405.0,14900,73.74507329734652,73.80901070063605
2020/04/13,403.0,403.0,393.0,400.0,14400,75.22689054300811,74.82514185529912
2020/04/14,394.0,409.0,394.0,409.0,9900,75.12836297636653,75.33299882306866
2020/04/15,404.0,419.0,404.0,414.0,14900,76.83495189821133,76.67086517544477
2020/04/16,406.0,413.0,406.0,411.0,16700,77.2833383887775,76.63304801362406
2020/04/17,408.0,415.0,406.0,406.0,20100,74.50631922501674,74.84896660714685
2020/04/20,406.0,417.0,405.0,417.0,12600,77.34581858223056,77.37422648790995
2020/04/21,411.0,416.0,410.0,416.0,5200,78.99238734663548,78.42792574950987
2020/04/22,412.0,413.0,406.0,407.0,9500,78.03628630310715,77.08223754353547
2020/04/23,407.0,411.0,405.0,410.0,6400,76.66685731727367,75.87385014788181
2020/04/24,410.0,411.0,407.0,411.0,8100,78.50285476221345,77.33275364034635
2020/04/27,408.0,414.0,407.0,412.0,10500,75.34281769872631,75.15494904128519
2020/04/28,415.0,421.0,413.0,421.0,9000,77.035500551652,76.69599420349861
2020/04/30,429.0,430.0,424.0,429.0,15000,76.85696486240398,77.35907051085022
2020/05/01,432.0,437.0,430.0,437.0,17100,80.5820747064883,80.6058996967707
2020/05/07,431.0,434.0,416.0,420.0,20900,75.51639498094983,75.45407683396475
2020/05/08,412.0,439.0,412.0,439.0,16400,76.62753412521381,76.96976029720265
2020/05/11,437.0,491.0,437.0,476.0,34300,82.44828171329424,82.57606498178679
2020/05/12,499.0,499.0,482.0,482.0,21700,83.3752820015011,83.78194121256915
2020/05/13,469.0,477.0,466.0,477.0,6900,83.11473648113554,83.24456326414357
2020/05/14,480.0,489.0,477.0,487.0,18400,86.56778347665485,86.99770447738759
2020/05/15,484.0,485.0,470.0,475.0,6600,84.37954264879036,85.0637358059941
2020/05/18,472.0,475.0,472.0,475.0,4600,83.34257852201299,83.93493157756492
2020/05/19,472.0,498.0,472.0,498.0,10500,86.26421663519046,86.44446597953326
2020/05/20,493.0,493.0,485.0,493.0,6700,85.19638569320296,85.28312075359965
2020/05/21,499.0,499.0,493.0,498.0,6400,85.27623321655038,85.60523402580073
2020/05/22,500.0,504.0,497.0,500.0,6800,86.60192220160387,87.19969710013707
2020/05/25,501.0,516.0,499.0,516.0,8500,87.53641654765735,88.27053654639886
2020/05/26,519.0,531.0,519.0,531.0,16100,88.45410901233903,89.43763072331923
2020/05/27,525.0,534.0,525.0,534.0,8000,87.27204152530228,88.24984672178222
2020/05/28,530.0,536.0,528.0,528.0,14800,83.8106372366856,85.18540844679573
2020/05/29,518.0,525.0,517.0,519.0,7300,81.31670247360252,83.51798166877083
2020/06/01,513.0,513.0,508.0,512.0,6900,79.4754276030218,82.0842824674456
2020/06/02,512.0,514.0,504.0,513.0,10900,78.15823039101711,80.7292369998991
2020/06/03,513.0,515.0,511.0,515.0,6000,78.7270549195523,81.99298623330735
2020/06/04,519.0,525.0,519.0,524.0,6900,79.80561172755284,82.8982576146042
2020/06/05,524.0,524.0,510.0,510.0,7500,77.51345058996235,80.64374294809993
2020/06/08,507.0,513.0,507.0,513.0,5300,77.57335137575538,81.01684596054284
2020/06/09,511.0,513.0,508.0,511.0,1700,77.43343064241826,80.84833943500091
2020/06/10,511.0,514.0,511.0,512.0,1900,77.7116999638803,81.35984441772396
2020/06/11,512.0,515.0,508.0,510.0,9400,79.02317922787887,81.91713126647075
2020/06/12,505.0,505.0,495.0,504.0,28400,78.73653461032023,81.89909295765693
2020/06/15,509.0,509.0,497.0,497.0,11500,80.8634084105326,82.90365719753521
2020/06/16,506.0,516.0,505.0,513.0,6800,79.01110996717972,81.61600919435602
2020/06/17,513.0,517.0,513.0,515.0,3400,81.27418516877277,83.8329941241633
2020/06/18,510.0,519.0,510.0,519.0,5800,82.08856218431787,84.24998248842118
2020/06/19,516.0,516.0,510.0,510.0,13900,80.790145893889,83.43556295503292
2020/06/22,513.0,517.0,511.0,515.0,4200,81.42913442678183,84.1292664340432
2020/06/23,518.0,518.0,512.0,514.0,4600,79.98470868458956,82.75891025441501
2020/06/24,514.0,515.0,512.0,513.0,2600,80.27458660425677,83.28049313381449
2020/06/25,512.0,512.0,506.0,506.0,5200,80.97664931614979,84.01006618419385
2020/06/26,506.0,519.0,506.0,519.0,10200,82.29886074111118,85.63247939725342
2020/06/29,510.0,511.0,507.0,511.0,4200,83.72168464587513,86.69192711817384
2020/06/30,516.0,516.0,510.0,510.0,4000,82.27833389387322,85.97777109383298
2020/07/01,510.0,513.0,506.0,506.0,3000,81.94355828062197,86.003406962619
2020/07/02,506.0,509.0,501.0,504.0,10400,81.368460381183,85.56191661124865
2020/07/03,500.0,505.0,500.0,501.0,5300,80.200368293431,84.39906590122189
2020/07/06,500.0,508.0,500.0,508.0,4400,79.34229426466476,83.75661037695414
2020/07/07,505.0,510.0,504.0,510.0,8600,79.98866366228499,84.05129436627693
2020/07/08,518.0,518.0,512.0,514.0,9100,81.39692372349725,85.58592943732764
2020/07/09,520.0,520.0,515.0,515.0,8200,81.50779172803476,86.00888925394433
2020/07/10,516.0,520.0,499.0,499.0,29700,79.84515476746272,84.27012445661114
2020/07/13,501.0,505.0,498.0,501.0,5600,77.62716603665307,81.90767847417249
2020/07/14,503.0,503.0,500.0,500.0,6000,78.1504247897137,82.15522212033319
2020/07/15,506.0,508.0,499.0,508.0,5900,78.048462303712,82.25565563734644
2020/07/16,514.0,515.0,505.0,506.0,5900,77.43159403378706,81.39856321595663
2020/07/17,509.0,510.0,503.0,503.0,4800,78.76709722770954,82.75482971167646
2020/07/20,503.0,505.0,501.0,505.0,1300,78.69193550844467,82.37755529892141
2020/07/21,510.0,514.0,510.0,512.0,4300,79.69269651056601,83.60741748731421
2020/07/22,510.0,512.0,507.0,507.0,3000,79.568920660421,83.50107670787635
2020/07/27,503.0,515.0,502.0,515.0,10200,80.60575719040605,84.2677195413711
2020/07/28,508.0,513.0,508.0,513.0,2300,80.18501638861888,84.03132122060177
2020/07/29,509.0,513.0,507.0,507.0,2000,80.12822823017423,84.25485555400023
2020/07/30,507.0,507.0,482.0,491.0,22400,77.36197162798287,81.68171131470403
2020/07/31,479.0,491.0,436.0,436.0,43100,69.88309565180379,73.74580245078513
2020/08/03,448.0,464.0,448.0,460.0,17500,71.45236438248523,75.69662045070528
2020/08/04,468.0,492.0,464.0,490.0,18500,74.72231665439138,78.98782541258123
2020/08/05,490.0,490.0,482.0,488.0,14600,72.18959354070196,76.42944560504769
2020/08/06,483.0,491.0,478.0,485.0,3200,73.51845038572998,77.38809503063013
2020/08/07,477.0,500.0,477.0,500.0,20600,76.42959707154093,80.21982228480046
2020/08/11,494.0,510.0,493.0,510.0,12200,75.6694182453712,78.88432005701513
2020/08/12,513.0,518.0,506.0,518.0,8800,77.54420766564546,80.09785137073658
2020/08/13,518.0,527.0,515.0,518.0,18600,75.39580954243357,78.48312950940712
2020/08/14,517.0,517.0,507.0,514.0,11500,74.73407795539033,77.9896323022948
2020/08/17,514.0,518.0,512.0,512.0,3600,75.34484911520698,78.55679979004913
2020/08/18,513.0,514.0,508.0,514.0,3600,75.83337943613186,79.07722181653047
2020/08/19,514.0,514.0,510.0,513.0,2700,75.52519820939814,78.55676655393982
2020/08/20,508.0,510.0,505.0,506.0,4400,75.65240686074105,78.60671214545943
2020/08/21,506.0,509.0,504.0,505.0,6400,75.05276256774908,77.7874262890155
2020/08/24,513.0,513.0,506.0,506.0,5200,73.84501242405243,77.04524123315889
2020/08/25,516.0,516.0,511.0,515.0,4800,74.3755775450507,77.63985611591173
2020/08/26,515.0,528.0,512.0,528.0,15300,76.23400877493444,79.5409059129315
2020/08/27,523.0,550.0,523.0,550.0,19100,80.14545072246332,83.83615221333145
2020/08/28,542.0,548.0,526.0,533.0,16400,79.31938385690286,82.5838922680409
2020/08/31,533.0,543.0,529.0,542.0,11900,79.96430377900423,83.47042286653682
2020/09/01,534.0,534.0,529.0,531.0,8000,78.1073840130954,81.92863267364125
2020/09/02,538.0,538.0,531.0,533.0,5200,78.12442533056453,81.63709401000463
2020/09/03,541.0,546.0,539.0,546.0,6800,80.69593575409512,84.47472232941313
2020/09/04,540.0,547.0,536.0,547.0,4800,81.92093925048897,85.26229913824425
2020/09/07,541.0,558.0,541.0,558.0,10800,84.18113915870975,87.8556383603053
2020/09/08,558.0,565.0,555.0,565.0,5600,84.99379124568149,88.8829295747982
2020/09/09,563.0,574.0,559.0,574.0,18000,87.51926332629112,92.06943233254444
2020/09/10,575.0,592.0,575.0,585.0,21500,88.93542799675862,93.228161834842
2020/09/11,599.0,603.0,590.0,601.0,24700,91.20927143875275,95.50397966534074
2020/09/14,602.0,602.0,595.0,597.0,10000,89.63348899308271,93.85774971026835
2020/09/15,602.0,602.0,597.0,600.0,5500,90.484919194529,94.91922849335047
2020/09/16,600.0,604.0,600.0,604.0,3700,90.98636385767348,95.03076924658872
2020/09/17,601.0,602.0,600.0,602.0,8800,90.9085252620983,94.8314064684006
2020/09/18,600.0,600.0,590.0,599.0,19700,90.43889411022427,93.93231370859337
2020/09/23,591.0,596.0,585.0,585.0,16700,88.42395848369499,92.37190208301665
2020/09/24,581.0,581.0,570.0,573.0,18900,89.1204253481799,93.14058613817106
2020/09/25,571.0,573.0,568.0,570.0,30800,89.42344691812661,93.10205196903217
2020/09/28,567.0,580.0,556.0,580.0,228200,88.27093290802374,91.13967685636277
2020/09/29,577.0,584.0,564.0,578.0,65600,88.67816013390156,92.20999899881438
2020/09/30,580.0,593.0,576.0,586.0,16000,89.94292431801337,94.03156944490206
2020/10/01,,,,,0,-1.0,-1.0
2020/10/02,581.0,584.0,561.0,565.0,13500,-1.0,-1.0
2020/10/05,575.0,600.0,567.0,587.0,23900,-1.0,-1.0
2020/10/06,588.0,595.0,577.0,595.0,28200,-1.0,-1.0
2020/10/07,595.0,595.0,575.0,589.0,17300,-1.0,-1.0
2020/10/08,586.0,587.0,583.0,585.0,3600,-1.0,-1.0
2020/10/09,588.0,588.0,579.0,579.0,6600,-1.0,-1.0
2020/10/12,589.0,589.0,579.0,579.0,6900,-1.0,-1.0
2020/10/13,585.0,585.0,570.0,576.0,7900,-1.0,-1.0
2020/10/14,577.0,577.0,570.0,576.0,9400,-1.0,-1.0
2020/10/15,578.0,578.0,572.0,576.0,4200,-1.0,-1.0
2020/10/16,572.0,578.0,570.0,570.0,5300,-1.0,-1.0
2020/10/19,562.0,572.0,562.0,566.0,12600,-1.0,-1.0
2020/10/20,572.0,578.0,572.0,575.0,3800,-1.0,-1.0
2020/10/21,570.0,580.0,570.0,580.0,6200,-1.0,-1.0
2020/10/22,578.0,580.0,572.0,577.0,8600,-1.0,-1.0
2020/10/23,577.0,577.0,571.0,572.0,6800,-1.0,-1.0
2020/10/26,569.0,573.0,569.0,570.0,3000,-1.0,-1.0
2020/10/27,568.0,575.0,568.0,575.0,4900,-1.0,-1.0
2020/10/28,574.0,576.0,571.0,574.0,3800,-1.0,-1.0
2020/10/29,574.0,575.0,570.0,570.0,12900,-1.0,-1.0
2020/10/30,570.0,571.0,558.0,560.0,8600,-1.0,-1.0
2020/11/02,557.0,570.0,551.0,553.0,4300,-1.0,-1.0
2020/11/04,560.0,577.0,553.0,558.0,41200,-1.0,-1.0
2020/11/05,564.0,566.0,561.0,566.0,4300,-1.0,-1.0
2020/11/06,586.0,586.0,575.0,579.0,12700,-1.0,-1.0
2020/11/09,576.0,577.0,572.0,577.0,4200,-1.0,-1.0
2020/11/10,584.0,584.0,576.0,581.0,9700,-1.0,-1.0
2020/11/11,583.0,592.0,580.0,592.0,9300,-1.0,-1.0
2020/11/12,594.0,595.0,586.0,588.0,8400,-1.0,-1.0
2020/11/13,588.0,588.0,573.0,580.0,6000,-1.0,-1.0
2020/11/16,579.0,582.0,576.0,581.0,7500,-1.0,-1.0
2020/11/17,580.0,585.0,580.0,583.0,5600,-1.0,-1.0
2020/11/18,580.0,580.0,578.0,580.0,7100,-1.0,-1.0
2020/11/19,579.0,579.0,571.0,574.0,3200,-1.0,-1.0
2020/11/20,574.0,575.0,565.0,569.0,4700,-1.0,-1.0
2020/11/24,575.0,576.0,567.0,573.0,2900,-1.0,-1.0
2020/11/25,573.0,584.0,571.0,575.0,12400,-1.0,-1.0
2020/11/26,575.0,579.0,552.0,577.0,19000,-1.0,-1.0
2020/11/27,578.0,584.0,561.0,583.0,13400,-1.0,-1.0
2020/11/30,580.0,580.0,555.0,555.0,13600,-1.0,-1.0
2020/12/01,560.0,586.0,560.0,586.0,9200,-1.0,-1.0
2020/12/02,580.0,581.0,569.0,581.0,5800,-1.0,-1.0
2020/12/03,581.0,596.0,581.0,587.0,17700,-1.0,-1.0
2020/12/04,587.0,597.0,587.0,591.0,11700,-1.0,-1.0
2020/12/07,596.0,597.0,591.0,593.0,13900,-1.0,-1.0
2020/12/08,593.0,595.0,591.0,595.0,11200,-1.0,-1.0
2020/12/09,598.0,615.0,595.0,615.0,54700,-1.0,-1.0
2020/12/10,615.0,615.0,612.0,614.0,11500,-1.0,-1.0
2020/12/11,613.0,613.0,601.0,611.0,17000,-1.0,-1.0
2020/12/14,603.0,610.0,599.0,599.0,13600,-1.0,-1.0
2020/12/15,602.0,602.0,592.0,596.0,7000,-1.0,-1.0
2020/12/16,596.0,598.0,582.0,582.0,8400,-1.0,-1.0
2020/12/17,582.0,585.0,550.0,553.0,21300,-1.0,-1.0
2020/12/18,555.0,558.0,550.0,553.0,43100,-1.0,-1.0
2020/12/21,551.0,565.0,551.0,565.0,11800,-1.0,-1.0
2020/12/22,562.0,564.0,562.0,562.0,5900,-1.0,-1.0
2020/12/23,562.0,566.0,562.0,565.0,3500,-1.0,-1.0
2020/12/24,565.0,572.0,565.0,572.0,6700,-1.0,-1.0
2020/12/25,572.0,590.0,572.0,590.0,26400,-1.0,-1.0
2020/12/28,590.0,616.0,588.0,588.0,25200,-1.0,-1.0
2020/12/29,588.0,591.0,570.0,584.0,21400,-1.0,-1.0
2020/12/30,588.0,593.0,579.0,583.0,15700,-1.0,-1.0
2021/01/04,592.0,592.0,577.0,578.0,9000,-1.0,-1.0
2021/01/05,568.0,576.0,568.0,568.0,11300,-1.0,-1.0
2021/01/06,568.0,570.0,563.0,567.0,12300,-1.0,-1.0
2021/01/07,587.0,587.0,576.0,582.0,10700,-1.0,-1.0
2021/01/08,572.0,581.0,572.0,581.0,12500,-1.0,-1.0
2021/01/12,581.0,582.0,573.0,582.0,4900,-1.0,-1.0
2021/01/13,579.0,586.0,579.0,581.0,5300,-1.0,-1.0
2021/01/14,581.0,582.0,579.0,582.0,5700,-1.0,-1.0
2021/01/15,582.0,582.0,575.0,578.0,4600,-1.0,-1.0
2021/01/18,578.0,578.0,569.0,569.0,9300,-1.0,-1.0
2021/01/19,569.0,575.0,569.0,570.0,3300,-1.0,-1.0
2021/01/20,570.0,577.0,570.0,575.0,7800,-1.0,-1.0
2021/01/21,575.0,576.0,575.0,575.0,1800,-1.0,-1.0
2021/01/22,575.0,576.0,570.0,572.0,6100,-1.0,-1.0
2021/01/25,572.0,581.0,572.0,575.0,3700,-1.0,-1.0
2021/01/26,575.0,581.0,575.0,579.0,2500,-1.0,-1.0
2021/01/27,582.0,582.0,576.0,582.0,6300,-1.0,-1.0
2021/01/28,582.0,599.0,573.0,599.0,20800,-1.0,-1.0
2021/01/29,599.0,599.0,584.0,593.0,4700,-1.0,-1.0
2021/02/01,592.0,602.0,592.0,598.0,9300,-1.0,-1.0
2021/02/02,598.0,598.0,589.0,589.0,7900,-1.0,-1.0
2021/02/03,596.0,599.0,593.0,597.0,6900,-1.0,-1.0
2021/02/04,597.0,599.0,591.0,594.0,8100,-1.0,-1.0
2021/02/05,598.0,598.0,592.0,598.0,5200,-1.0,-1.0
2021/02/08,598.0,598.0,585.0,590.0,17100,-1.0,-1.0
2021/02/09,596.0,596.0,591.0,592.0,4300,-1.0,-1.0
2021/02/10,590.0,591.0,586.0,587.0,7000,-1.0,-1.0
2021/02/12,577.0,593.0,577.0,584.0,15300,-1.0,-1.0
2021/02/15,591.0,594.0,589.0,594.0,8500,-1.0,-1.0
2021/02/16,594.0,595.0,590.0,595.0,6900,-1.0,-1.0
2021/02/17,592.0,599.0,592.0,595.0,5400,-1.0,-1.0
2021/02/18,599.0,599.0,595.0,595.0,2400,-1.0,-1.0
2021/02/19,591.0,597.0,591.0,597.0,8300,-1.0,-1.0
2021/02/22,600.0,604.0,595.0,596.0,7500,-1.0,-1.0
2021/02/24,596.0,599.0,595.0,598.0,6700,-1.0,-1.0
2021/02/25,595.0,597.0,590.0,593.0,9500,-1.0,-1.0
2021/02/26,591.0,595.0,584.0,584.0,33700,-1.0,-1.0
2021/03/01,590.0,590.0,585.0,588.0,22100,-1.0,-1.0
2021/03/02,588.0,593.0,588.0,593.0,10600,-1.0,-1.0
2021/03/03,593.0,594.0,588.0,594.0,6600,-1.0,-1.0
2021/03/04,593.0,593.0,589.0,591.0,7000,-1.0,-1.0
2021/03/05,589.0,595.0,585.0,595.0,10400,-1.0,-1.0
2021/03/08,596.0,596.0,586.0,591.0,9400,-1.0,-1.0
2021/03/09,591.0,596.0,591.0,596.0,4100,-1.0,-1.0
2021/03/10,595.0,598.0,593.0,598.0,14100,-1.0,-1.0
2021/03/11,595.0,602.0,595.0,602.0,9800,-1.0,-1.0
2021/03/12,603.0,603.0,598.0,601.0,8900,-1.0,-1.0
2021/03/15,604.0,620.0,602.0,612.0,18300,-1.0,-1.0
2021/03/16,607.0,613.0,607.0,613.0,16200,-1.0,-1.0
2021/03/17,612.0,615.0,611.0,615.0,14400,-1.0,-1.0
2021/03/18,611.0,615.0,611.0,613.0,6800,-1.0,-1.0
2021/03/19,615.0,616.0,612.0,616.0,9600,-1.0,-1.0
2021/03/22,613.0,613.0,607.0,613.0,17700,-1.0,-1.0
2021/03/23,611.0,612.0,608.0,608.0,8900,-1.0,-1.0
2021/03/24,608.0,608.0,588.0,593.0,22300,-1.0,-1.0
2021/03/25,595.0,602.0,595.0,600.0,11800,-1.0,-1.0
2021/03/26,605.0,608.0,600.0,608.0,18600,-1.0,-1.0
2021/03/29,604.0,611.0,591.0,609.0,153200,-1.0,-1.0
2021/03/30,600.0,603.0,588.0,603.0,35700,-1.0,-1.0
2021/03/31,595.0,600.0,590.0,591.0,15800,-1.0,-1.0
2021/04/01,591.0,596.0,581.0,588.0,21000,-1.0,-1.0
2021/04/02,585.0,594.0,585.0,591.0,5700,-1.0,-1.0
2021/04/05,586.0,598.0,585.0,597.0,31900,-1.0,-1.0
2021/04/06,594.0,597.0,580.0,589.0,18100,-1.0,-1.0
2021/04/07,591.0,594.0,587.0,594.0,5500,-1.0,-1.0
2021/04/08,587.0,592.0,587.0,587.0,2500,-1.0,-1.0
2021/04/09,596.0,596.0,588.0,591.0,3100,-1.0,-1.0
2021/04/12,591.0,599.0,582.0,599.0,19800,-1.0,-1.0
2021/04/13,598.0,600.0,592.0,600.0,8200,-1.0,-1.0
2021/04/14,595.0,597.0,581.0,587.0,13900,-1.0,-1.0
2021/04/15,589.0,592.0,588.0,588.0,2400,-1.0,-1.0
2021/04/16,587.0,589.0,585.0,587.0,3900,-1.0,-1.0
2021/04/19,587.0,593.0,583.0,583.0,4500,-1.0,-1.0
2021/04/20,585.0,585.0,580.0,582.0,5700,-1.0,-1.0
2021/04/21,585.0,585.0,575.0,575.0,10200,-1.0,-1.0
2021/04/22,573.0,578.0,573.0,576.0,2900,-1.0,-1.0
2021/04/23,572.0,580.0,572.0,575.0,2800,-1.0,-1.0
2021/04/26,615.0,615.0,585.0,588.0,33400,-1.0,-1.0
2021/04/27,586.0,590.0,585.0,590.0,6200,-1.0,-1.0
2021/04/28,592.0,592.0,585.0,586.0,8400,-1.0,-1.0
2021/04/30,584.0,590.0,584.0,587.0,4000,-1.0,-1.0
2021/05/06,591.0,591.0,581.0,581.0,7400,-1.0,-1.0
2021/05/07,584.0,589.0,580.0,588.0,6800,-1.0,-1.0
2021/05/10,578.0,584.0,578.0,584.0,2600,-1.0,-1.0
2021/05/11,586.0,586.0,577.0,577.0,4700,-1.0,-1.0
2021/05/12,578.0,578.0,576.0,576.0,1800,-1.0,-1.0
2021/05/13,576.0,578.0,573.0,574.0,6900,-1.0,-1.0
2021/05/14,584.0,584.0,577.0,578.0,5900,-1.0,-1.0
2021/05/17,578.0,578.0,575.0,576.0,3200,-1.0,-1.0
2021/05/18,581.0,581.0,580.0,580.0,900,-1.0,-1.0
2021/05/19,577.0,579.0,576.0,578.0,7600,-1.0,-1.0
2021/05/20,578.0,580.0,578.0,578.0,5600,-1.0,-1.0
2021/05/21,575.0,586.0,575.0,580.0,9100,-1.0,-1.0
2021/05/24,576.0,584.0,576.0,582.0,5000,-1.0,-1.0
2021/05/25,580.0,580.0,580.0,580.0,800,-1.0,-1.0
2021/05/26,581.0,581.0,579.0,579.0,3800,-1.0,-1.0
2021/05/27,581.0,581.0,575.0,575.0,3000,-1.0,-1.0
2021/05/28,576.0,583.0,576.0,583.0,19700,-1.0,-1.0
2021/05/31,584.0,585.0,582.0,584.0,3400,-1.0,-1.0
2021/06/01,584.0,587.0,581.0,585.0,4600,-1.0,-1.0
2021/06/02,584.0,585.0,583.0,583.0,3300,-1.0,-1.0
2021/06/03,584.0,590.0,582.0,590.0,5100,-1.0,-1.0
2021/06/04,589.0,592.0,589.0,591.0,12500,-1.0,-1.0
2021/06/07,590.0,595.0,590.0,595.0,6600,-1.0,-1.0
2021/06/08,595.0,597.0,591.0,591.0,3500,-1.0,-1.0
2021/06/09,596.0,596.0,593.0,596.0,4400,-1.0,-1.0
2021/06/10,596.0,596.0,592.0,595.0,4000,-1.0,-1.0
2021/06/11,598.0,598.0,591.0,596.0,10400,-1.0,-1.0
2021/06/14,599.0,599.0,590.0,591.0,5800,-1.0,-1.0
2021/06/15,596.0,596.0,591.0,592.0,2900,-1.0,-1.0
2021/06/16,595.0,595.0,589.0,594.0,2600,-1.0,-1.0
2021/06/17,594.0,594.0,590.0,590.0,1300,-1.0,-1.0
2021/06/18,595.0,595.0,589.0,591.0,5500,-1.0,-1.0
2021/06/21,592.0,592.0,585.0,585.0,7000,-1.0,-1.0
2021/06/22,594.0,594.0,586.0,591.0,2600,-1.0,-1.0
2021/06/23,591.0,591.0,587.0,591.0,1900,-1.0,-1.0
2021/06/24,591.0,591.0,588.0,588.0,1000,-1.0,-1.0
2021/06/25,588.0,591.0,588.0,589.0,4100,-1.0,-1.0
2021/06/28,591.0,591.0,591.0,591.0,1500,-1.0,-1.0
2021/06/29,591.0,593.0,591.0,593.0,2000,-1.0,-1.0
2021/06/30,593.0,595.0,591.0,591.0,3400,-1.0,-1.0
2021/07/01,591.0,592.0,590.0,590.0,1300,-1.0,-1.0
2021/07/02,596.0,596.0,593.0,595.0,3000,-1.0,-1.0
2021/07/05,599.0,599.0,594.0,594.0,4600,-1.0,-1.0
2021/07/06,598.0,598.0,594.0,596.0,2000,-1.0,-1.0
2021/07/07,596.0,596.0,595.0,595.0,1600,-1.0,-1.0
2021/07/08,596.0,598.0,585.0,585.0,6400,-1.0,-1.0
2021/07/09,583.0,587.0,583.0,586.0,9300,-1.0,-1.0
2021/07/12,596.0,598.0,589.0,593.0,7100,-1.0,-1.0
2021/07/13,597.0,599.0,592.0,593.0,5000,-1.0,-1.0
2021/07/14,593.0,597.0,592.0,595.0,1300,-1.0,-1.0
2021/07/15,599.0,599.0,591.0,591.0,4700,-1.0,-1.0
2021/07/16,595.0,595.0,591.0,591.0,4300,-1.0,-1.0
2021/07/19,591.0,595.0,591.0,595.0,1600,-1.0,-1.0
2021/07/20,595.0,595.0,591.0,591.0,2300,-1.0,-1.0
2021/07/21,597.0,597.0,594.0,594.0,4700,-1.0,-1.0
2021/07/26,595.0,597.0,593.0,595.0,1900,-1.0,-1.0
2021/07/27,593.0,595.0,590.0,595.0,5700,-1.0,-1.0
2021/07/28,592.0,597.0,590.0,593.0,1400,-1.0,-1.0
2021/07/29,593.0,597.0,592.0,597.0,1500,-1.0,-1.0
2021/07/30,597.0,597.0,590.0,590.0,11300,-1.0,-1.0
2021/08/02,592.0,597.0,588.0,591.0,8900,-1.0,-1.0
2021/08/03,592.0,593.0,590.0,590.0,1300,-1.0,-1.0
2021/08/04,594.0,594.0,589.0,590.0,8000,-1.0,-1.0
2021/08/05,595.0,595.0,589.0,589.0,2500,-1.0,-1.0
2021/08/06,596.0,596.0,588.0,588.0,29600,-1.0,-1.0
2021/08/10,594.0,594.0,587.0,589.0,6400,-1.0,-1.0
2021/08/11,589.0,593.0,589.0,593.0,6100,-1.0,-1.0
2021/08/12,611.0,611.0,595.0,602.0,17400,-1.0,-1.0
2021/08/13,602.0,602.0,597.0,599.0,39400,-1.0,-1.0
2021/08/16,599.0,599.0,587.0,587.0,5700,-1.0,-1.0
2021/08/17,592.0,592.0,586.0,586.0,1400,-1.0,-1.0
2021/08/18,586.0,593.0,586.0,589.0,3700,-1.0,-1.0
2021/08/19,587.0,590.0,587.0,590.0,1300,-1.0,-1.0
2021/08/20,590.0,590.0,585.0,585.0,10300,-1.0,-1.0
2021/08/23,585.0,593.0,585.0,592.0,10300,-1.0,-1.0
2021/08/24,587.0,589.0,587.0,588.0,4600,-1.0,-1.0
2021/08/25,588.0,588.0,588.0,588.0,1400,-1.0,-1.0
2021/08/26,587.0,590.0,586.0,588.0,6200,-1.0,-1.0
2021/08/27,587.0,590.0,586.0,590.0,12800,-1.0,-1.0
2021/08/30,588.0,590.0,585.0,588.0,9700,-1.0,-1.0
2021/08/31,588.0,590.0,588.0,588.0,7100,-1.0,-1.0
2021/09/01,590.0,590.0,585.0,588.0,11800,-1.0,-1.0
2021/09/02,592.0,592.0,590.0,591.0,3700,-1.0,-1.0
2021/09/03,593.0,595.0,591.0,595.0,15000,-1.0,-1.0
2021/09/06,595.0,598.0,595.0,598.0,6400,-1.0,-1.0
2021/09/07,600.0,600.0,591.0,600.0,8600,-1.0,-1.0
2021/09/08,600.0,600.0,597.0,600.0,8800,-1.0,-1.0
2021/09/09,600.0,600.0,596.0,599.0,5400,-1.0,-1.0
2021/09/10,597.0,603.0,596.0,603.0,16700,-1.0,-1.0
2021/09/13,601.0,603.0,596.0,602.0,14000,-1.0,-1.0
2021/09/14,599.0,603.0,599.0,603.0,12300,-1.0,-1.0
2021/09/15,599.0,600.0,598.0,600.0,4500,-1.0,-1.0
2021/09/16,599.0,600.0,595.0,599.0,9700,-1.0,-1.0
2021/09/17,596.0,600.0,595.0,600.0,11300,-1.0,-1.0
2021/09/21,597.0,601.0,593.0,596.0,13400,-1.0,-1.0
2021/09/22,592.0,600.0,592.0,598.0,9300,-1.0,-1.0
2021/09/24,598.0,603.0,592.0,597.0,19200,-1.0,-1.0
2021/09/27,599.0,605.0,594.0,594.0,63900,-1.0,-1.0
2021/09/28,597.0,603.0,593.0,596.0,173000,-1.0,-1.0
2021/09/29,590.0,600.0,586.0,595.0,95300,-1.0,-1.0
2021/09/30,598.0,602.0,595.0,597.0,13100,-1.0,-1.0
2021/10/01,593.0,598.0,588.0,594.0,12400,84.15385894134917,85.17387178956758
2021/10/04,596.0,597.0,589.0,594.0,9900,82.93278076431628,83.9332027630073
2021/10/05,592.0,602.0,586.0,589.0,14500,83.37762715059678,83.64288033272611
2021/10/06,587.0,592.0,582.0,584.0,24600,84.36228772241292,84.06636635439658
2021/10/07,584.0,588.0,582.0,582.0,8200,84.99755935936254,84.91252978709291
2021/10/08,581.0,585.0,580.0,582.0,35700,84.64516596160686,84.40582346603398
2021/10/11,583.0,587.0,583.0,584.0,5000,83.38117115756627,83.0190264384911
2021/10/12,584.0,585.0,584.0,585.0,2200,84.90981176991949,84.47491211390634
2021/10/13,585.0,587.0,581.0,581.0,12300,84.68936038433577,84.00773953571374
2021/10/14,586.0,586.0,581.0,583.0,4200,83.33496717046052,83.122582688717
2021/10/15,587.0,587.0,583.0,586.0,3400,82.79637014619556,82.17175703237056
2021/10/18,586.0,593.0,586.0,593.0,7500,85.44332520556785,84.98867663038237
2021/10/19,591.0,597.0,591.0,592.0,1900,83.05107922388368,82.59301956121615
2021/10/20,592.0,592.0,586.0,589.0,4500,82.05717960146575,82.0158622696375
2021/10/21,588.0,593.0,587.0,590.0,1000,83.6096840489115,82.78069392294753
2021/10/22,588.0,591.0,586.0,590.0,3000,84.21020263062499,83.72996276983332
2021/10/25,587.0,590.0,587.0,588.0,1400,84.74097583326876,83.69695022654496
2021/10/26,591.0,591.0,586.0,587.0,1400,82.37452826678286,81.81168984473283
2021/10/27,587.0,589.0,586.0,586.0,900,82.16337336867413,81.7486181263324
2021/10/28,585.0,604.0,585.0,604.0,25400,85.78623368069272,85.36554021201125
2021/10/29,599.0,599.0,591.0,597.0,9100,84.7801357491167,84.13429023304842
2021/11/01,603.0,603.0,594.0,598.0,8900,84.97003377022033,85.03833487558143
2021/11/02,595.0,600.0,594.0,600.0,6400,86.30747008215832,86.12280453005125
2021/11/04,600.0,603.0,597.0,603.0,3800,86.19436106594517,85.51432546611298
2021/11/05,597.0,602.0,597.0,601.0,4300,85.26905096563924,84.3288931817907
2021/11/08,598.0,599.0,597.0,599.0,3600,87.39246932078142,85.7906222888081
2021/11/09,598.0,598.0,596.0,596.0,900,87.23985029770698,86.42443166578732
2021/11/10,593.0,597.0,593.0,594.0,1600,87.38596485265833,86.40169389343924
2021/11/11,590.0,590.0,590.0,590.0,800,87.4643355569215,85.99024626978328
2021/11/12,594.0,594.0,590.0,593.0,3500,87.65582551394363,85.33743118149822
2021/11/15,597.0,597.0,590.0,591.0,4000,88.5012238038964,85.9946400832164
2021/11/16,591.0,596.0,591.0,596.0,6900,89.21966855410301,86.46939239903962
2021/11/17,598.0,598.0,593.0,593.0,5200,88.60318248583381,86.30632245373432
2021/11/18,595.0,599.0,593.0,597.0,6700,90.07671281455583,88.2126782010038
2021/11/19,597.0,597.0,592.0,595.0,2200,89.73959329220082,88.34899486655456
2021/11/22,591.0,597.0,591.0,597.0,5700,91.56119508663227,89.88642176242274
2021/11/24,594.0,595.0,592.0,595.0,4400,92.86369698622724,90.59165249777364
2021/11/25,594.0,594.0,592.0,593.0,2600,92.4537139482964,90.21914633054891
2021/11/26,598.0,598.0,589.0,594.0,25200,94.42055918017326,91.7000637048387
2021/11/29,592.0,593.0,586.0,586.0,7000,98.67830367384923,95.09682206430476
2021/11/30,593.0,596.0,585.0,585.0,10900,96.11838889560836,91.54781479966937
2021/12/01,585.0,588.0,585.0,588.0,2700,97.09425949198193,92.69923337826037
2021/12/02,581.0,590.0,581.0,586.0,6000,96.43404804582762,91.99819993150021
2021/12/03,587.0,588.0,584.0,587.0,9100,94.79340046269364,90.094291804462
2021/12/06,587.0,587.0,583.0,583.0,4300,93.45584539534337,88.8843236681631
2021/12/07,586.0,587.0,584.0,585.0,3500,91.44862566964134,86.90354388859635
2021/12/08,585.0,589.0,584.0,587.0,7400,88.69165186987028,84.82528348737212
2021/12/09,588.0,589.0,585.0,588.0,2600,89.20041903272795,85.4432610052026
2021/12/10,586.0,586.0,583.0,585.0,10800,89.73407624003559,86.36785931692762
2021/12/13,585.0,592.0,585.0,588.0,4500,91.62387612245494,88.85356363487502
2021/12/14,585.0,587.0,585.0,587.0,2100,92.4459906104322,88.92141842392569
2021/12/15,591.0,591.0,584.0,585.0,4000,94.50312491573392,90.52167047616214
2021/12/16,587.0,587.0,581.0,582.0,8900,97.06232071274862,93.71635004359001
2021/12/17,582.0,585.0,582.0,583.0,11000,98.84259827868259,95.26586238707758
2021/12/20,584.0,584.0,581.0,581.0,2800,98.32887598803394,94.76561753189092
2021/12/21,588.0,588.0,580.0,584.0,3500,96.3309539020245,92.90638294282122
2021/12/22,584.0,584.0,581.0,583.0,3400,95.82531448904743,92.38841186507119
2021/12/23,584.0,584.0,579.0,579.0,5400,93.73694041216012,90.27626477964012
2021/12/24,579.0,582.0,578.0,579.0,10400,90.88696450156914,87.8433044116525
2021/12/27,578.0,584.0,578.0,579.0,9300,92.21151749055298,89.01724257122858
2021/12/28,578.0,582.0,578.0,578.0,6500,93.8620709445742,89.79909400008707
2021/12/29,581.0,586.0,581.0,586.0,8000,95.42846597101581,90.74415169712157
2021/12/30,585.0,585.0,580.0,582.0,31000,95.32959073274392,90.69829335293248
2022/01/04,588.0,599.0,585.0,588.0,15900,95.94949587971362,91.33449216146829
2022/01/05,618.0,618.0,601.0,605.0,51000,98.4217080323428,93.9825970335255
2022/01/06,606.0,607.0,600.0,601.0,15500,99.6479347403975,94.43725758324857
2022/01/07,601.0,606.0,600.0,600.0,52000,102.03900493102545,95.98736713642265
2022/01/11,600.0,606.0,600.0,606.0,17500,103.90921025535069,97.36946892392022
2022/01/12,607.0,608.0,603.0,607.0,10200,103.35252049547998,96.45792242282316
2022/01/13,607.0,607.0,596.0,596.0,12700,103.15722576015054,95.65022179185385
2022/01/14,599.0,600.0,590.0,594.0,29400,104.21115943197896,96.47786011968223
2022/01/17,593.0,594.0,590.0,592.0,4600,103.70688412774625,96.64661747611653
2022/01/18,596.0,596.0,589.0,589.0,5900,104.70908763827525,96.93291143932551
2022/01/19,589.0,592.0,585.0,585.0,6600,105.65068518249647,98.02193073446392
2022/01/20,585.0,588.0,582.0,586.0,8400,105.52358442117071,97.81818450959825
2022/01/21,587.0,589.0,584.0,586.0,8000,106.57634858200164,98.69769496166627
2022/01/24,586.0,589.0,583.0,587.0,5700,106.65290722456457,98.49674488099119
2022/01/25,584.0,590.0,584.0,587.0,2600,106.66852595209122,98.78276506398088
2022/01/26,585.0,591.0,585.0,591.0,4400,107.65120608934562,99.84057769232057
2022/01/27,593.0,593.0,580.0,580.0,15200,104.32823092728766,96.63937699803552
2022/01/28,581.0,586.0,580.0,586.0,5600,102.31872150544564,95.23352276532002
2022/01/31,582.0,587.0,582.0,584.0,3300,101.59773468464188,94.25458410673649
2022/02/01,583.0,589.0,583.0,587.0,5100,104.38497219945128,97.0828077818846
2022/02/02,586.0,590.0,585.0,590.0,2200,102.82204793519472,95.48637384191728
2022/02/03,589.0,592.0,585.0,589.0,6100,103.16457394048383,96.32798953603996
2022/02/04,584.0,593.0,584.0,593.0,6300,104.00354125883536,97.12929830053989
2022/02/07,585.0,593.0,585.0,593.0,6500,108.40057973357233,100.40201644921152
2022/02/08,590.0,597.0,590.0,596.0,8500,108.87233637202304,100.23217508274857
2022/02/09,593.0,599.0,592.0,596.0,10700,108.83370619527267,100.42022486189965
2022/02/10,596.0,600.0,596.0,599.0,5500,109.32338069512872,101.06702683378086
2022/02/14,596.0,596.0,591.0,596.0,3400,111.46935176767259,101.54709152663229
2022/02/15,598.0,602.0,597.0,598.0,7500,113.98158325909114,103.14868994550359
2022/02/16,600.0,602.0,599.0,602.0,7100,111.61005923396007,101.94882196109079
2022/02/17,602.0,602.0,596.0,596.0,2600,111.2145247929551,100.72149055972932
2022/02/18,589.0,598.0,589.0,595.0,3800,110.30632047604175,99.90530922493778
2022/02/21,588.0,600.0,588.0,599.0,3800,112.62297390353946,101.95882069744884
2022/02/22,598.0,598.0,593.0,597.0,7800,111.9943990575865,100.99983034722904
2022/02/24,600.0,600.0,594.0,596.0,5800,116.74984439956742,104.22026721851212
2022/02/25,596.0,598.0,595.0,598.0,4100,112.02538345583785,101.75599486644533
2022/02/28,598.0,600.0,592.0,597.0,7400,113.53616137654386,102.36731579002603
2022/03/01,600.0,601.0,598.0,601.0,5500,111.02707548427642,101.22513535982027
2022/03/02,599.0,601.0,594.0,595.0,12700,112.18440169473854,102.57031389702342
2022/03/03,595.0,599.0,595.0,598.0,4400,110.14211699417919,101.3425170378149
2022/03/04,598.0,598.0,589.0,592.0,14000,110.5186306556911,102.25912108640016
2022/03/07,591.0,593.0,585.0,585.0,8900,112.80670016200499,104.47739656323758
2022/03/08,585.0,588.0,583.0,585.0,13600,114.92980071167169,106.95660888827565
2022/03/09,586.0,595.0,586.0,591.0,17000,116.09844170186365,107.86735538267325
2022/03/10,591.0,599.0,591.0,596.0,12000,112.5731560675534,104.13680381362971
2022/03/11,590.0,594.0,588.0,590.0,16700,115.94072535142146,106.43553814834226
2022/03/14,591.0,595.0,587.0,588.0,8000,113.00698337921733,104.37266327282681
2022/03/15,590.0,594.0,588.0,590.0,7200,113.61908631328987,104.40830076199406
2022/03/16,592.0,594.0,592.0,594.0,6000,112.1529922283655,103.40119434217412
2022/03/17,594.0,600.0,594.0,597.0,5000,110.41226043306744,103.00554475396659
2022/03/18,596.0,598.0,594.0,597.0,5200,107.62543921234018,102.1408748458224
2022/03/22,596.0,603.0,596.0,600.0,16700,105.1068142791153,100.61018925420223
2022/03/23,596.0,601.0,596.0,601.0,17400,102.66963905482194,98.78192463053597
2022/03/24,599.0,601.0,599.0,600.0,7800,102.20377589923162,98.68739780778778
2022/03/25,602.0,602.0,596.0,596.0,17500,101.60215503515239,98.15939415526971
2022/03/28,597.0,604.0,597.0,600.0,35100,103.60141701764583,99.5191866400632
2022/03/29,604.0,609.0,600.0,609.0,136000,105.21421770795973,100.29524110565934
2022/03/30,592.0,601.0,590.0,595.0,87500,104.81330722084448,99.9809433981085
2022/03/31,597.0,598.0,595.0,595.0,11200,106.89147718143892,101.77482727575209
2022/04/01,595.0,600.0,595.0,596.0,14800,108.82163549606234,102.26462231328067
2022/04/04,599.0,601.0,596.0,600.0,14000,109.02776114374521,102.04120215641885
2022/04/05,600.0,600.0,596.0,599.0,6300,108.68302505814907,101.97015294908942
2022/04/06,596.0,600.0,596.0,598.0,5300,109.43571858468594,103.0042324845516
2022/04/07,597.0,598.0,593.0,596.0,7800,112.18329555011593,104.69577385159259
2022/04/08,596.0,596.0,590.0,592.0,12500,110.49673890657698,103.47932644491209
2022/04/11,592.0,597.0,592.0,597.0,5300,109.76299325559383,103.09179648178495
2022/04/12,597.0,599.0,593.0,593.0,9300,111.65570614951407,103.8671973514056
2022/04/13,596.0,596.0,588.0,588.0,10000,110.53499992910822,103.46262499332792
2022/04/14,594.0,594.0,591.0,593.0,2900,110.02043901985927,103.55018310356027
2022/04/15,588.0,592.0,588.0,589.0,3100,109.933550989274,103.75682183160751
2022/04/18,596.0,596.0,590.0,591.0,4600,112.28747033118793,105.49594510156648
2022/04/19,591.0,596.0,587.0,587.0,4100,108.7651857548183,102.48449330162519
2022/04/20,594.0,600.0,589.0,596.0,15500,108.56747254499138,102.19249757936977
2022/04/21,590.0,596.0,590.0,596.0,2900,109.61268231187395,103.17704731443078
2022/04/22,591.0,596.0,591.0,594.0,1100,110.60426115271255,103.83736713644585
2022/04/25,593.0,596.0,592.0,592.0,2700,110.28020847469548,102.91383195786779
2022/04/26,593.0,593.0,590.0,593.0,2300,109.1355293660981,101.84822374097604
2022/04/27,587.0,596.0,586.0,593.0,16800,111.42397143964725,103.82125964604587
2022/04/28,596.0,596.0,593.0,595.0,5700,108.78059881188358,101.28922583584232
2022/05/02,593.0,596.0,592.0,595.0,7700,112.0052068476537,103.97678897431868
2022/05/06,591.0,596.0,591.0,594.0,2400,109.82770268748543,101.92415092566975
2022/05/09,596.0,596.0,592.0,592.0,2500,113.69092394382945,105.35689737794259
2022/05/10,595.0,595.0,590.0,595.0,3300,112.7410336343418,105.53038458476875
2022/05/11,590.0,596.0,590.0,594.0,2700,110.732884435355,104.61799084352985
2022/05/12,589.0,594.0,589.0,592.0,3300,109.94235437546833,104.25566826406471
2022/05/13,594.0,595.0,593.0,595.0,3800,109.39483390891533,104.00250541156286
2022/05/16,597.0,597.0,591.0,595.0,8200,108.27064752591271,104.16347072991566
2022/05/17,589.0,595.0,589.0,594.0,3000,109.12526315823531,104.66483259594285
2022/05/18,597.0,597.0,590.0,595.0,3100,107.27610349856546,103.51741416048166
2022/05/19,595.0,595.0,593.0,593.0,4100,109.18311567657257,104.57195798699908
2022/05/20,593.0,595.0,593.0,595.0,15000,108.64338636223461,104.07906934370608
2022/05/23,592.0,597.0,592.0,597.0,5600,107.75562505179211,103.57733705480298
2022/05/24,595.0,597.0,590.0,593.0,7300,109.1439741230606,104.48732998295922
2022/05/25,595.0,596.0,591.0,595.0,6300,110.3302522103758,105.17779734938755
2022/05/26,598.0,598.0,592.0,593.0,5900,110.66677393711235,104.96720431526813
2022/05/27,597.0,597.0,591.0,595.0,16900,111.08114896420882,105.31047148317123
2022/05/30,596.0,598.0,592.0,593.0,15700,107.07143519923285,101.5696180766852
2022/05/31,593.0,597.0,592.0,593.0,3000,107.06963488152527,102.08352319411756
2022/06/01,595.0,596.0,591.0,596.0,2800,107.77082374758848,102.42442952528002
2022/06/02,593.0,597.0,593.0,593.0,3000,106.53677298395883,102.19423333413398
2022/06/03,597.0,597.0,591.0,591.0,16800,104.25029996502366,101.34754854795827
2022/06/06,591.0,595.0,591.0,595.0,5900,103.95240846700588,101.12113289086241
2022/06/07,591.0,593.0,591.0,591.0,4000,103.64876833804833,100.80224752571878
2022/06/08,592.0,593.0,591.0,591.0,4600,101.36142681339211,98.51475853909471
2022/06/09,592.0,594.0,591.0,594.0,4100,102.3484659930284,99.20730190453581
2022/06/10,590.0,595.0,590.0,591.0,23900,103.16838822067211,99.7188609259015
2022/06/13,585.0,590.0,585.0,587.0,11000,107.32558334976396,102.38951114689381
2022/06/14,586.0,593.0,586.0,592.0,3700,110.55747195066006,105.16542894407634
2022/06/15,592.0,593.0,588.0,589.0,5900,110.32544312109236,105.5658447149509
2022/06/16,589.0,592.0,587.0,587.0,5100,109.22992209771611,104.5923164434664
2022/06/17,587.0,596.0,585.0,592.0,69500,111.74782804606824,106.20696507123537
2022/06/20,594.0,594.0,591.0,592.0,10200,109.99131403700575,105.67574859745059
2022/06/21,596.0,599.0,595.0,597.0,9700,111.16751230354734,106.63849292014653
2022/06/22,597.0,598.0,594.0,598.0,4300,111.73000595905353,106.45433625214132
2022/06/23,598.0,598.0,595.0,598.0,3200,112.20826418354521,106.93801211715643
2022/06/24,599.0,601.0,598.0,600.0,27000,111.76598752206868,107.10250626358548
2022/06/27,600.0,602.0,597.0,600.0,6000,109.74686211153318,105.7318488155105
2022/06/28,602.0,603.0,600.0,603.0,4500,108.31446513409666,103.93077800566499
2022/06/29,603.0,603.0,595.0,595.0,9200,108.13963473173595,103.33520546294046
2022/06/30,599.0,599.0,588.0,589.0,7900,108.5831113051017,103.47992876865932
2022/07/01,590.0,600.0,590.0,592.0,8200,110.42016430872847,105.49615466877921
2022/07/04,595.0,596.0,594.0,596.0,1900,109.7143406716661,104.59120697285978
2022/07/05,593.0,597.0,593.0,593.0,3300,107.85499697222352,103.487904591068
2022/07/06,594.0,594.0,591.0,591.0,3900,107.92333976871191,103.70068373044468
2022/07/07,593.0,594.0,590.0,591.0,5000,107.23235832307677,103.06458430474983
2022/07/08,591.0,595.0,591.0,593.0,5700,106.62585018728062,102.5322332321113
2022/07/11,597.0,597.0,589.0,592.0,14200,106.3722355057416,101.84763980216263
2022/07/12,594.0,594.0,589.0,589.0,6400,108.30729887169414,103.77356527404397
2022/07/13,588.0,590.0,588.0,589.0,3100,106.95361236647365,102.88606446099118
2022/07/14,589.0,591.0,588.0,588.0,8200,105.60045594722351,101.93511612828439
2022/07/15,588.0,591.0,588.0,588.0,6100,104.00344769890482,101.57896586177077
2022/07/19,589.0,591.0,586.0,587.0,13700,100.89427566386368,98.5976189972496
2022/07/20,588.0,591.0,588.0,588.0,7200,98.51691195724847,96.8523836004983
2022/07/21,590.0,590.0,588.0,589.0,1800,99.09944311069766,97.72437996674238
2022/07/22,589.0,589.0,586.0,588.0,5100,98.53546319178457,97.29012444254393
2022/07/25,589.0,589.0,587.0,588.0,3400,99.30174834846362,97.92897561554472
2022/07/26,588.0,589.0,588.0,588.0,3400,99.94919072476881,98.56263370738365
2022/07/27,589.0,590.0,588.0,588.0,2200,98.67710463907736,97.82675477036355
2022/07/28,590.0,591.0,588.0,589.0,5400,98.54270451078557,97.57558520639395
2022/07/29,591.0,591.0,588.0,590.0,5100,98.1366207173389,97.978158129371
2022/08/01,589.0,591.0,588.0,589.0,5500,98.9056557930332,98.6416418961812
2022/08/02,590.0,590.0,588.0,588.0,4600,99.8311231215378,99.95345406685391
2022/08/03,588.0,588.0,588.0,588.0,3400,99.09405860473798,99.17891193493271
2022/08/04,590.0,590.0,588.0,588.0,2700,99.10083486293881,99.73973530794265
2022/08/05,588.0,590.0,588.0,588.0,9000,98.73711086827129,99.08431210423329
2022/08/08,588.0,589.0,588.0,588.0,2000,98.5541618032662,99.05620026663227
2022/08/09,588.0,589.0,587.0,589.0,5800,99.60067800096904,99.9617969871245
2022/08/10,588.0,588.0,587.0,588.0,7300,100.05211409079135,100.20447223660089
2022/08/12,587.0,590.0,587.0,590.0,8700,96.53137443466645,97.65937008269219
2022/08/15,590.0,590.0,588.0,588.0,4000,95.49143796317331,97.14348665164763
2022/08/16,588.0,589.0,588.0,588.0,2800,95.3207754422324,96.98318767019143
2022/08/17,588.0,589.0,588.0,589.0,8600,94.39868294484074,95.86345721702664
2022/08/18,588.0,589.0,587.0,587.0,4800,93.78177351930673,94.82759463383265
2022/08/19,588.0,590.0,588.0,589.0,3800,94.01191062426899,94.9370951621119
2022/08/22,587.0,589.0,587.0,587.0,3800,94.67789034411147,95.30133299279242
2022/08/23,588.0,589.0,588.0,588.0,3400,97.46720440027772,98.11102544333076
2022/08/24,588.0,590.0,587.0,590.0,11700,98.2539478234787,98.7323924374495
2022/08/25,588.0,591.0,588.0,591.0,3800,97.91011799889945,98.41263961822713
2022/08/26,589.0,592.0,589.0,592.0,5500,96.83485495343112,97.76308242564511
2022/08/29,589.0,590.0,588.0,588.0,7900,99.67835959447567,100.31068360681026
2022/08/30,588.0,593.0,588.0,593.0,5000,100.47105479884802,100.45685381113492
2022/08/31,590.0,593.0,590.0,592.0,5200,101.9686871941168,101.58442317002996
2022/09/01,591.0,591.0,588.0,590.0,3600,103.01409516112052,102.31071747122202
2022/09/02,593.0,593.0,588.0,592.0,7000,104.81144724656457,103.89178503587215
2022/09/05,590.0,593.0,590.0,592.0,4300,106.30960803007284,104.76721321515441
2022/09/06,592.0,593.0,589.0,593.0,2500,107.0244427061785,105.8511576645316
2022/09/07,590.0,595.0,590.0,595.0,3400,109.11182129494266,107.65431663752072
2022/09/08,595.0,595.0,592.0,595.0,4200,106.20881537270152,104.77727127992418
2022/09/09,595.0,596.0,594.0,596.0,10600,106.43067422789998,105.18123979557143
2022/09/12,596.0,596.0,594.0,596.0,6000,105.61205124824883,104.87736672501676
2022/09/13,593.0,596.0,592.0,593.0,11900,105.40578296033571,104.89090210915552
2022/09/14,592.0,595.0,590.0,591.0,10900,108.03567664391689,106.03268616556949
2022/09/15,596.0,596.0,592.0,595.0,6900,108.053322426135,106.44844148360701
2022/09/16,592.0,596.0,592.0,596.0,18400,109.89952474488516,107.61435636073504
2022/09/20,597.0,597.0,591.0,595.0,13100,107.58881645281014,105.84490029286562
2022/09/21,591.0,597.0,591.0,597.0,14900,108.33557262002982,106.2126557844488
2022/09/22,596.0,600.0,594.0,600.0,14400,111.95773881751394,109.6620400291755
2022/09/26,594.0,598.0,589.0,597.0,23700,114.986777452543,112.55198475626756
2022/09/27,591.0,595.0,590.0,590.0,23200,112.45010091827356,110.02677956298234
2022/09/28,590.0,599.0,589.0,599.0,153400,113.63540078975495,110.61061315343608
2022/09/29,579.0,588.0,578.0,581.0,67100,108.48253249927427,105.7229426240794
2022/09/30,582.0,589.0,578.0,579.0,34000,108.12468969593452,105.45827513783989
2022/10/03,574.0,582.0,574.0,576.0,12700,105.21492442670504,103.60061498956716
2022/10/04,576.0,581.0,576.0,578.0,13200,101.14963477839107,100.23516633511511
2022/10/05,578.0,580.0,575.0,575.0,24900,99.94134965560552,99.95103322640362
2022/10/06,575.0,583.0,574.0,580.0,19900,100.99517736720223,100.54537335694529
2022/10/07,574.0,576.0,574.0,574.0,22600,102.01827459815402,101.47278108300443
2022/10/11,573.0,578.0,572.0,572.0,8700,104.55286439509939,103.60084459740347
2022/10/12,572.0,584.0,572.0,582.0,18400,106.78825532030758,105.79065263576678
2022/10/13,580.0,580.0,573.0,580.0,6000,108.25764382689869,106.58550609268033
2022/10/14,582.0,582.0,580.0,580.0,9800,106.20225854169203,105.5324897526327
2022/10/17,580.0,596.0,580.0,586.0,43800,107.12226347116814,106.16283772345712
2022/10/18,584.0,584.0,579.0,579.0,13200,105.22100332732502,104.24034511965907
2022/10/19,578.0,581.0,573.0,581.0,11400,105.87294555304825,104.9903672672851
2022/10/20,581.0,582.0,579.0,580.0,5600,104.49896581586783,103.77163601024017
2022/10/21,579.0,582.0,579.0,582.0,3000,105.66628076713802,104.94697704779368
2022/10/24,583.0,583.0,579.0,579.0,6100,104.4031622821549,104.1165890632558
2022/10/25,583.0,585.0,580.0,585.0,10500,106.44603032245811,105.4732740279384
2022/10/26,585.0,585.0,582.0,585.0,5500,105.89367793170763,104.80465976946358
2022/10/27,585.0,585.0,585.0,585.0,2800,102.07808658801554,101.63714541024522
2022/10/28,584.0,584.0,571.0,571.0,29700,101.95232609535185,100.78862758541402
2022/10/31,571.0,574.0,571.0,572.0,8000,102.79335800301695,101.36771639472708
2022/11/01,574.0,578.0,574.0,578.0,4200,102.74413524805158,100.9633960966382
2022/11/02,580.0,580.0,575.0,580.0,3300,103.59516552394045,101.89107508299875
2022/11/04,580.0,581.0,577.0,581.0,5800,105.24424136642105,103.03257231821188
2022/11/07,581.0,582.0,579.0,580.0,3000,103.79059071880093,101.89100677605111
2022/11/08,583.0,583.0,579.0,583.0,5200,102.77902601532303,100.87744059821912
2022/11/09,583.0,583.0,579.0,582.0,1600,102.89479648866862,100.91845310902627
2022/11/10,575.0,582.0,575.0,577.0,8700,104.32358189385558,101.7172409531909
2022/11/11,580.0,584.0,580.0,583.0,6800,102.99705607663326,101.43741065061695
2022/11/14,583.0,583.0,576.0,579.0,6800,104.32251406516386,102.5563741263831
2022/11/15,579.0,580.0,573.0,579.0,19400,103.45735088161925,101.43126386763896
2022/11/16,577.0,577.0,572.0,573.0,8500,102.35025760129845,100.32105742729038
2022/11/17,574.0,576.0,573.0,576.0,4100,102.24460548255077,99.879915066514
2022/11/18,576.0,580.0,575.0,580.0,5800,103.92907940691659,101.31961520112851
2022/11/21,580.0,580.0,574.0,579.0,2800,103.33374536256498,100.43889125282908
2022/11/22,579.0,580.0,575.0,578.0,8700,101.24379135266277,98.32965820994421
2022/11/24,579.0,583.0,578.0,582.0,9500,102.00466481230622,98.47998627404931
2022/11/25,579.0,583.0,579.0,583.0,6400,99.77425541956649,96.54217597180946
2022/11/28,583.0,583.0,580.0,583.0,2900,99.91581731929664,96.71681757893677
2022/11/29,583.0,583.0,581.0,583.0,3300,98.92536446545624,96.42680775061126
2022/11/30,582.0,583.0,581.0,581.0,5800,98.69163346705793,96.37955707572988
2022/12/01,583.0,583.0,580.0,580.0,4100,97.31852882882721,95.98210258879257
2022/12/02,579.0,581.0,579.0,580.0,3600,99.70269957047287,99.00369687078914
2022/12/05,582.0,582.0,576.0,579.0,7200,99.69575758085443,99.2955390143075
2022/12/06,579.0,579.0,576.0,576.0,2200,100.47318422721486,100.4623541486052
2022/12/07,527.0,535.0,516.0,527.0,210800,93.58617157085126,92.26364067571707
2022/12/08,523.0,528.0,511.0,515.0,86200,91.24109789420146,89.80860667728334
2022/12/09,511.0,514.0,508.0,510.0,68900,88.85664730876091,87.7981470530261
2022/12/12,503.0,506.0,487.0,490.0,251000,85.72226175036353,84.218893424546
2022/12/13,488.0,503.0,488.0,499.0,527100,86.46144000166939,85.36011084797771
2022/12/14,500.0,509.0,500.0,509.0,91400,87.9464560560562,87.30247399118987
2022/12/15,506.0,510.0,506.0,506.0,25100,90.08622677271408,88.66728678672511
2022/12/16,501.0,505.0,496.0,496.0,55000,88.22521768982489,86.57176674020165
2022/12/19,496.0,496.0,490.0,494.0,31700,87.21148880638937,85.28589311611977
2022/12/20,496.0,498.0,485.0,485.0,54000,89.14199704352671,85.84585980525776
2022/12/21,485.0,488.0,482.0,485.0,39100,90.04573028705383,86.62597695195544
2022/12/22,489.0,490.0,481.0,485.0,36700,91.00311326514097,87.33227505328568
2022/12/23,482.0,488.0,481.0,482.0,26100,91.32993295237416,87.14365578037939
2022/12/26,483.0,484.0,481.0,482.0,21500,90.40522511705376,86.54531720622735
2022/12/27,482.0,487.0,480.0,483.0,46300,91.84617470447778,87.7143255928288
2022/12/28,483.0,483.0,475.0,478.0,52000,89.51740532704653,85.41426809309783
2022/12/29,478.0,478.0,472.0,472.0,41600,89.48521947819488,85.25290768624839
2022/12/30,474.0,474.0,465.0,465.0,53900,88.80160159639556,84.8719477324209
2023/01/04,466.0,466.0,460.0,461.0,27600,86.91038132536048,83.17801210062638
2023/01/05,466.0,479.0,466.0,473.0,25800,86.83143008801592,84.0970660043738
2023/01/06,467.0,477.0,467.0,469.0,16900,85.70443375420533,83.16397264753135
2023/01/10,477.0,477.0,471.0,473.0,16700,84.15650843663319,82.44910605007169
2023/01/11,473.0,480.0,473.0,477.0,17300,85.47596986978296,83.46496398038683
2023/01/12,478.0,480.0,476.0,478.0,8600,86.38495333589991,84.29509168615712
2023/01/13,479.0,480.0,477.0,477.0,9000,86.46655486360062,83.45003410738981
2023/01/16,477.0,479.0,474.0,475.0,10900,88.03942072573636,84.5071224070104
2023/01/17,477.0,477.0,475.0,476.0,5300,87.3650842210275,84.02096923060161
2023/01/18,477.0,479.0,477.0,477.0,9600,83.59619444514024,80.89750811895833
2023/01/19,475.0,478.0,475.0,476.0,6900,85.43603432042728,82.20012925533027
2023/01/20,478.0,480.0,475.0,477.0,8400,84.3689399290567,81.412413146072
2023/01/23,479.0,484.0,478.0,482.0,12900,84.19478560075171,81.45777538932381
2023/01/24,484.0,484.0,481.0,482.0,15100,81.607565004208,78.93684923161133
2023/01/25,482.0,483.0,480.0,483.0,12200,80.58127881998573,78.06023245808852
2023/01/26,483.0,483.0,481.0,481.0,9300,79.31695650927401,77.23183136494846
2023/01/27,481.0,484.0,481.0,484.0,13100,80.58735743373346,78.18767898567965
2023/01/30,484.0,486.0,480.0,480.0,37100,80.89922583120607,78.60667020465033
2023/01/31,484.0,486.0,481.0,486.0,13000,82.04058442174863,79.47376292524879
2023/02/01,485.0,489.0,485.0,489.0,15000,83.44725620234979,81.3823532975707
2023/02/02,489.0,489.0,485.0,485.0,7500,81.85993166851574,80.44692548231718
2023/02/03,487.0,487.0,482.0,482.0,11600,81.07635734919944,79.64382475334024
2023/02/06,485.0,489.0,484.0,487.0,13600,80.80580583961995,79.91608955325772
2023/02/07,490.0,490.0,485.0,485.0,6700,80.19732750421026,79.35149492465315
2023/02/08,486.0,488.0,484.0,488.0,6000,81.80033019895201,80.56886008471999
2023/02/09,488.0,490.0,488.0,489.0,5600,81.96672574916705,80.71523824342006
2023/02/10,489.0,491.0,489.0,491.0,10500,80.62185315596379,80.0478473675208
2023/02/13,491.0,492.0,488.0,490.0,10000,81.1724270133751,80.26007182270587
2023/02/14,489.0,492.0,488.0,488.0,5400,79.42475571162034,78.39574022562333
2023/02/15,489.0,492.0,488.0,490.0,8900,81.27264254887837,79.71194819592935
2023/02/16,488.0,496.0,488.0,495.0,18600,81.66357761202441,80.15462110062776
2023/02/17,495.0,495.0,492.0,492.0,5900,81.51376806197601,79.88203156037137
2023/02/20,494.0,495.0,492.0,492.0,5700,80.28403733378,78.48004070773906
2023/02/21,495.0,495.0,492.0,492.0,5500,79.34186001111478,77.61040440958004
2023/02/22,492.0,492.0,490.0,490.0,12300,78.77655169994344,77.31705017375246
2023/02/24,493.0,496.0,491.0,496.0,15800,79.99146728054845,78.26455650128601
2023/02/27,498.0,501.0,498.0,498.0,10000,80.68820148695703,78.98624083191585
2023/02/28,501.0,502.0,499.0,502.0,9100,81.6988657350852,79.50001021735875
2023/03/01,501.0,507.0,501.0,506.0,10600,81.56975101294887,79.17321904460192
2023/03/02,506.0,509.0,506.0,507.0,16700,81.94119549671295,79.98912700154823
2023/03/03,509.0,509.0,507.0,509.0,13200,80.0009341161229,78.5471015724369
2023/03/06,509.0,509.0,503.0,507.0,22900,77.40890159684416,76.34832481377303
2023/03/07,508.0,509.0,506.0,508.0,8600,76.04558981018063,74.73033025713274
2023/03/08,506.0,506.0,503.0,505.0,10800,74.25323788196397,73.27105619661029
2023/03/09,505.0,506.0,504.0,506.0,13900,76.20047821853312,75.0176567855314
2023/03/10,505.0,505.0,503.0,503.0,11100,76.2235611020461,75.51679489337941
2023/03/13,503.0,503.0,500.0,502.0,18000,77.62868819807125,77.32265725744661
2023/03/14,503.0,503.0,498.0,499.0,19300,78.74908589149436,79.32548457915523
2023/03/15,503.0,505.0,501.0,505.0,10600,80.43504884676665,80.3815325056373
2023/03/16,500.0,504.0,500.0,504.0,10700,83.304050746379,82.7620836099345
2023/03/17,505.0,507.0,502.0,507.0,15700,83.35138968688747,82.75103611062441
2023/03/20,505.0,505.0,498.0,499.0,16800,84.02605990746068,83.3580625097186
2023/03/22,499.0,502.0,499.0,502.0,17900,85.27165097419719,84.19850616704761
2023/03/23,501.0,502.0,498.0,500.0,6400,85.43274320823677,84.36535671223928
2023/03/24,502.0,507.0,500.0,506.0,15400,87.26969896166499,86.03475295826898
2023/03/27,509.0,509.0,499.0,499.0,30300,84.58023730504954,83.65544845655101
2023/03/28,499.0,502.0,499.0,501.0,34300,84.46081644250513,83.31134414124702
2023/03/29,498.0,504.0,496.0,496.0,137200,83.79026242846138,82.19665519704795
2023/03/30,488.0,497.0,488.0,489.0,54700,82.29876106109263,80.65498187658207
2023/03/31,490.0,492.0,488.0,488.0,24600,80.78276043467842,79.45857836035253
2023/04/03,488.0,492.0,488.0,492.0,11800,80.68605211764525,79.39696086594509
2023/04/04,491.0,494.0,490.0,494.0,15500,81.01468830279751,79.46837774110595
2023/04/05,495.0,495.0,490.0,490.0,11100,80.57588695627491,79.42316897117338
2023/04/06,490.0,491.0,488.0,488.0,9000,80.13846713532124,79.0244776456084
2023/04/07,488.0,491.0,485.0,485.0,12000,80.34032244889481,79.06412933738247
2023/04/10,489.0,491.0,489.0,489.0,4700,79.50226545684939,78.30873186288329
2023/04/11,491.0,492.0,485.0,485.0,7600,77.13512845590763,76.52266882995077
2023/04/12,489.0,494.0,488.0,488.0,13100,79.33094258117929,78.16062546039664
2023/04/13,491.0,491.0,488.0,490.0,6500,79.7401548075533,78.52041192926366
2023/04/14,490.0,493.0,490.0,492.0,6400,79.42635065362599,78.46627888935794
2023/04/17,498.0,498.0,490.0,493.0,13700,78.40062190967612,77.37282374923721
2023/04/18,495.0,495.0,491.0,491.0,6500,78.76056182192768,77.69505943322669
2023/04/19,493.0,495.0,491.0,495.0,5900,79.02128416758225,77.95620269049772
2023/04/20,492.0,498.0,492.0,498.0,6800,80.33662061574157,78.98005450583211
2023/04/21,496.0,498.0,492.0,493.0,8400,78.75704300491545,77.69846360969
2023/04/24,495.0,497.0,491.0,494.0,6900,77.60124638521376,76.85903505869729
2023/04/25,494.0,498.0,494.0,498.0,9300,78.34603249512372,77.25036177896524
2023/04/26,497.0,498.0,494.0,495.0,5500,77.51117235457403,76.74530507151162
2023/04/27,495.0,498.0,492.0,492.0,31200,78.01156080233682,77.28268094559908
2023/04/28,492.0,496.0,492.0,496.0,4100,77.47416934756096,76.91399595785191
2023/05/01,498.0,498.0,494.0,498.0,8900,77.07411591936409,76.4593463344164
2023/05/02,498.0,498.0,495.0,496.0,5300,77.33200449752886,77.07993160190922
2023/05/08,497.0,498.0,496.0,496.0,4700,76.17074377827772,75.98390391202321
2023/05/09,496.0,498.0,496.0,498.0,11700,74.89429208677582,74.31360917468949
2023/05/10,498.0,499.0,497.0,497.0,7400,75.31359745095118,74.25333922761922
2023/05/11,497.0,499.0,497.0,499.0,6100,74.51486219619056,74.0162791554594
2023/05/12,499.0,500.0,497.0,499.0,8300,75.41672374792043,74.57684460453636
2023/05/15,500.0,501.0,498.0,500.0,20000,75.2993632630668,74.03667900240463
2023/05/16,500.0,501.0,499.0,500.0,11400,75.19644312907988,73.86797138957279
2023/05/17,500.0,501.0,496.0,501.0,15600,75.29737292584788,74.37819730232741
2023/05/18,501.0,501.0,495.0,496.0,17300,72.23145449046103,72.1003469000063
2023/05/19,496.0,500.0,496.0,500.0,5600,72.93403609490186,72.98094771865992
2023/05/22,501.0,501.0,498.0,498.0,8800,72.45476058672168,72.63178801309286
2023/05/23,499.0,499.0,497.0,497.0,3600,72.41451289090313,72.82897110268165
2023/05/24,497.0,502.0,496.0,502.0,10500,73.3573227796334,73.55815903763474
2023/05/25,503.0,503.0,499.0,500.0,6300,72.82983275976032,73.76556765302988
2023/05/26,502.0,502.0,498.0,498.0,4800,72.50409570740057,73.61324800583469
2023/05/29,499.0,502.0,496.0,497.0,9500,73.44229477676951,74.57101727046489
2023/05/30,497.0,498.0,497.0,497.0,3700,72.98069404758292,74.24117677995427
2023/05/31,497.0,498.0,493.0,493.0,13100,73.53256559144016,75.26443245336863
2023/06/01,493.0,495.0,491.0,491.0,4100,72.87305906040264,74.21231782593388
2023/06/02,492.0,492.0,490.0,491.0,4000,73.16336717959459,73.58059070415037
2023/06/05,490.0,495.0,490.0,495.0,8500,72.0856498532397,72.6739538273381
2023/06/06,494.0,495.0,492.0,495.0,4600,71.99984501163776,72.92294200693507
2023/06/07,490.0,496.0,490.0,495.0,7700,74.09977455122123,74.78508130041074
2023/06/08,491.0,494.0,491.0,492.0,8500,73.94177211463304,74.42073023181865
2023/06/09,492.0,493.0,491.0,493.0,7300,71.93654439692554,72.87106022676
2023/06/12,493.0,496.0,492.0,496.0,2400,70.3080013937883,71.75132420722117
2023/06/13,496.0,496.0,492.0,494.0,16900,67.29996102530255,69.21128986005856
2023/06/14,496.0,500.0,492.0,496.0,11800,66.17252692413498,68.11366253884826
2023/06/15,496.0,497.0,495.0,495.0,3900,66.56214673303255,68.66130601093943
2023/06/16,496.0,499.0,496.0,497.0,7500,64.66679068791937,67.00202007159403
2023/06/19,498.0,499.0,498.0,499.0,4200,65.09567647602823,66.93710360655352
2023/06/20,497.0,500.0,497.0,500.0,8500,65.83573459227698,68.06954770055525
2023/06/21,502.0,503.0,500.0,503.0,12000,65.51084306498032,67.90091077196584
2023/06/22,504.0,504.0,501.0,503.0,2000,66.17673038301287,67.82352525691626
2023/06/23,504.0,505.0,500.0,500.0,8900,67.34473629569156,68.68809968517222
2023/06/26,502.0,502.0,499.0,502.0,5300,68.75570058971564,69.86825769742985
2023/06/27,503.0,504.0,502.0,504.0,3400,69.48270620774319,70.73480283171575
2023/06/28,504.0,504.0,502.0,503.0,3000,68.26543959697918,69.64163864449478
2023/06/29,503.0,505.0,501.0,505.0,6800,68.08964255049173,69.85362012508399
2023/06/30,505.0,508.0,503.0,507.0,11000,66.92497174335827,69.0433960570726
2023/07/03,507.0,518.0,507.0,513.0,21300,66.69441143104741,69.34350174373574
2023/07/04,512.0,514.0,512.0,514.0,7400,68.52658406593953,70.62101581395571
2023/07/05,514.0,514.0,506.0,511.0,14700,67.70995732631197,69.58881134799874
2023/07/06,510.0,511.0,507.0,508.0,8500,69.47849712882508,71.05484665447254
2023/07/07,506.0,509.0,506.0,506.0,6000,69.8608011122347,71.42321421506863
2023/07/10,506.0,506.0,504.0,504.0,11000,70.91295216778086,72.66199704806607
2023/07/11,506.0,507.0,505.0,505.0,3100,70.11852332500848,72.20148103655544
2023/07/12,504.0,505.0,502.0,502.0,6500,70.64767666441035,72.46753437719504
2023/07/13,502.0,506.0,502.0,506.0,7000,70.72266824786806,72.63171368708421
2023/07/14,508.0,508.0,502.0,502.0,4500,70.6067885886121,72.15871476543798
2023/07/18,503.0,506.0,502.0,503.0,8800,71.10090485505565,72.39329828151577
2023/07/19,504.0,509.0,504.0,508.0,3900,72.69642638121523,73.78851987049055
2023/07/20,509.0,510.0,506.0,510.0,6300,74.09516660120948,74.703254206879
2023/07/21,510.0,510.0,507.0,507.0,4000,74.50806987707576,74.55243360716229
2023/07/24,510.0,511.0,509.0,510.0,2900,73.46840700566246,73.88444773748499
2023/07/25,511.0,513.0,509.0,510.0,6600,73.39296074473415,73.74714712741024
2023/07/26,512.0,517.0,510.0,517.0,16100,74.59552681014469,74.93370811481968
2023/07/27,515.0,517.0,511.0,517.0,10200,74.23053945451863,74.53229251392396
2023/07/28,516.0,517.0,506.0,509.0,42700,73.21541036821102,73.07784640890948
2023/07/31,517.0,517.0,512.0,516.0,7900,73.92898506268371,73.93463088092945
2023/08/01,515.0,516.0,511.0,513.0,4500,71.91593057179738,71.87133285904973
2023/08/02,513.0,515.0,511.0,512.0,8600,73.85484039043398,73.04039925437705
2023/08/03,511.0,514.0,508.0,510.0,11100,75.33411246540742,73.8251484604245
2023/08/04,511.0,516.0,511.0,516.0,8300,76.80537844510857,75.12171299983571
2023/08/07,515.0,527.0,515.0,527.0,23100,78.49625468344888,76.57711953179165
2023/08/08,527.0,551.0,527.0,538.0,44900,78.99214309221038,77.2036149142657
2023/08/09,529.0,529.0,506.0,522.0,34900,76.68767567236176,75.20503875286302
2023/08/10,520.0,524.0,513.0,518.0,7300,77.18036237307078,75.20632220143936
2023/08/14,530.0,530.0,520.0,524.0,7500,80.2537291381457,77.55349587103233
2023/08/15,524.0,524.0,523.0,523.0,1400,79.64796222379667,76.97061892551328
2023/08/16,520.0,522.0,515.0,515.0,15600,80.43398244159336,77.61886975674916
2023/08/17,512.0,521.0,506.0,521.0,24500,81.22430340292091,78.41317636520874
2023/08/18,514.0,520.0,514.0,516.0,15300,80.58545268059424,78.09990775205767
2023/08/21,511.0,520.0,511.0,518.0,10000,80.4982800104035,78.446360473761
2023/08/22,519.0,521.0,515.0,515.0,5100,78.22637920019382,76.20950583074729
2023/08/23,517.0,519.0,516.0,518.0,3900,77.65718516924241,75.84889905501446
2023/08/24,517.0,518.0,515.0,516.0,1600,77.01167873144861,75.47319093270863
2023/08/25,516.0,522.0,516.0,518.0,11400,79.24672909549231,76.42698773385104
2023/08/28,518.0,534.0,518.0,529.0,22000,77.96577294722236,76.05101036592586
2023/08/29,521.0,531.0,521.0,530.0,21100,78.19567522467274,76.37634511419775
2023/08/30,527.0,535.0,523.0,523.0,17900,76.75438475782951,74.97020564037233
2023/08/31,526.0,535.0,526.0,535.0,15900,76.89566493322828,75.2599899700556
2023/09/01,531.0,549.0,531.0,549.0,22500,78.3917195699746,76.17711846861242
2023/09/04,542.0,548.0,542.0,544.0,14400,77.05165144415295,74.66736409033975
2023/09/05,545.0,547.0,544.0,547.0,10000,77.13672738328606,74.73692508015863
2023/09/06,546.0,550.0,546.0,549.0,11100,76.1397759492956,73.87783341195696
2023/09/07,549.0,549.0,544.0,544.0,14600,77.77764344613338,75.09604007753707
2023/09/08,543.0,545.0,540.0,542.0,15200,78.69017676523407,75.77066184746626
2023/09/11,542.0,547.0,542.0,544.0,8200,80.23916276314198,76.57125362285548
2023/09/12,540.0,545.0,540.0,543.0,10300,79.9415228881774,76.4343321242971
2023/09/13,540.0,544.0,540.0,543.0,9600,78.14723087455184,75.2232645502674
2023/09/14,542.0,542.0,541.0,541.0,12900,76.41678443743132,73.72124631060223
2023/09/15,543.0,547.0,541.0,544.0,18000,75.03757867809473,72.86437429963401
2023/09/19,544.0,555.0,541.0,555.0,21600,77.69254325082801,74.73814312788461
2023/09/20,556.0,558.0,552.0,557.0,9700,77.16592267560975,74.4847540556761
2023/09/21,559.0,559.0,553.0,553.0,11600,76.8375454609001,74.09652276919782
2023/09/22,553.0,553.0,548.0,551.0,15500,75.28744978368564,72.40901222676187
2023/09/25,551.0,555.0,548.0,550.0,48200,74.51561358574844,71.99794121870457
2023/09/26,550.0,550.0,540.0,544.0,51300,75.8165773574726,72.80870139482491
2023/09/27,539.0,545.0,533.0,533.0,182300,71.94522294348931,69.37264171365565
2023/09/28,529.0,532.0,520.0,523.0,66700,74.62350854286322,71.72178555297505
2023/09/29,526.0,533.0,525.0,527.0,19100,74.10405649240072,71.92310360684999
2023/10/02,523.0,526.0,523.0,523.0,12400,74.94856155566549,72.48306195739221
2023/10/03,523.0,525.0,521.0,521.0,7700,77.88717329058075,75.53781390735317
2023/10/04,521.0,521.0,506.0,506.0,23700,78.18049666392363,75.8653921555373
2023/10/05,515.0,518.0,512.0,518.0,11200,78.49246543530487,75.84569858142626
2023/10/06,519.0,520.0,515.0,520.0,9000,79.25594004766221,76.29653696628861
2023/10/10,520.0,520.0,512.0,514.0,13600,74.73005766244432,72.72321397112187
2023/10/11,513.0,515.0,505.0,509.0,15700,72.28681971041395,70.82692755773611
2023/10/12,510.0,511.0,506.0,507.0,5800,70.58120944943809,69.2077638869691
2023/10/13,507.0,507.0,504.0,504.0,8400,72.84609345361861,71.44392659111706
2023/10/16,502.0,513.0,487.0,489.0,36600,70.5758198622484,68.98661530104421
2023/10/17,504.0,509.0,495.0,506.0,13000,74.07020622277372,72.49779657264205
2023/10/18,502.0,505.0,500.0,504.0,4500,73.79305805484422,71.99727137045933
2023/10/19,500.0,501.0,499.0,499.0,4400,73.9256761235622,72.0225686194957
2023/10/20,500.0,504.0,498.0,502.0,7100,74.19947287354144,71.96544637090389
2023/10/23,502.0,505.0,496.0,504.0,9500,75.74542846238698,73.37537963416136
2023/10/24,506.0,507.0,491.0,505.0,19900,75.73073506320682,73.47313285913673
2023/10/25,507.0,507.0,504.0,505.0,2900,75.72925439194378,73.45150300570819
2023/10/26,505.0,505.0,500.0,501.0,6400,76.52739154389072,73.37040027897638
2023/10/27,501.0,519.0,501.0,519.0,13400,79.49477902499417,76.55763611012448
2023/10/30,512.0,512.0,495.0,495.0,67100,77.77240307033165,74.83278528807043
2023/10/31,499.0,499.0,493.0,498.0,12200,77.28067511413019,74.10838532426862
2023/11/01,500.0,504.0,498.0,502.0,6000,75.76547743551359,72.6843001283994
2023/11/02,505.0,505.0,499.0,501.0,10700,73.41029662052946,71.11904623685844
2023/11/06,504.0,504.0,500.0,503.0,6100,72.98752030897992,71.05915284776479
2023/11/07,503.0,508.0,503.0,507.0,5800,75.10793008708706,72.97204244791698
2023/11/08,507.0,512.0,500.0,503.0,15300,74.46955394329058,73.06613348748422
2023/11/09,500.0,509.0,500.0,506.0,5300,73.72575850479762,72.73088678678326
2023/11/10,500.0,508.0,500.0,507.0,8800,75.4699158079962,73.60483067350378
2023/11/13,501.0,514.0,501.0,511.0,11100,75.73806533053686,73.91334890843409
2023/11/14,514.0,515.0,509.0,513.0,6800,75.84913679951947,74.20486484022881
2023/11/15,514.0,514.0,504.0,506.0,7400,73.84014300652392,73.05372235773427
2023/11/16,506.0,507.0,500.0,500.0,12200,72.53766471370278,72.06053642111353
2023/11/17,502.0,506.0,502.0,503.0,5100,72.04314703274483,71.3447987430136
2023/11/20,505.0,509.0,504.0,508.0,4400,73.43366497892886,72.94458306890841
2023/11/21,508.0,508.0,504.0,507.0,3200,73.94007591257392,73.89676262292461
2023/11/22,507.0,509.0,507.0,509.0,1200,74.20524288516044,74.2406123089164
2023/11/24,509.0,510.0,505.0,505.0,5700,72.85839823415778,73.10975146156757
2023/11/27,505.0,507.0,505.0,505.0,5000,72.9345398420919,72.89365371794206
2023/11/28,507.0,507.0,503.0,505.0,6000,72.67029214537196,72.63524257298687
2023/11/29,505.0,507.0,504.0,506.0,9100,73.10217087106335,73.13415848088623
2023/11/30,500.0,503.0,500.0,501.0,10300,72.8090701805373,72.25014835282995
2023/12/01,501.0,503.0,500.0,501.0,9900,71.77168619747022,70.84240418866847
2023/12/04,500.0,501.0,500.0,500.0,14400,72.29493499098267,71.19651037316606
2023/12/05,501.0,501.0,499.0,499.0,6700,73.70699316218492,72.11852643518549
2023/12/06,499.0,503.0,499.0,503.0,8200,79.00980173634858,77.89805671360477
2023/12/07,502.0,502.0,498.0,499.0,8200,81.31199894216014,79.71412271646219
2023/12/08,497.0,499.0,496.0,496.0,14100,83.98915905160113,82.07089163989905
2023/12/11,499.0,500.0,495.0,500.0,7900,86.63916227937027,84.68234763749254
2023/12/12,500.0,500.0,499.0,499.0,6500,85.11480131653877,83.53363137228251
2023/12/13,498.0,501.0,498.0,498.0,8200,83.66468220854519,82.15506142438349
2023/12/14,498.0,500.0,498.0,500.0,2500,84.80346061798191,84.0241269582895
2023/12/15,500.0,501.0,496.0,499.0,18200,83.9950036545323,84.12393130327429
2023/12/18,500.0,502.0,497.0,497.0,4900,83.6505006237397,84.04320943105297
2023/12/19,497.0,502.0,497.0,502.0,5400,82.78081125536202,84.51347266009942
2023/12/20,502.0,508.0,502.0,505.0,8500,81.58903181934033,83.91128942727006
2023/12/21,501.0,505.0,501.0,501.0,2100,82.6251300388613,84.74363228163357
2023/12/22,502.0,504.0,500.0,501.0,4000,82.21344779488471,84.4345887632275
2023/12/25,504.0,504.0,501.0,503.0,3600,82.8661464964329,84.94095471543943
2023/12/26,503.0,509.0,502.0,508.0,14200,83.51928376126253,85.89736228842483
2023/12/27,509.0,509.0,503.0,507.0,12300,82.94992645024774,85.60240149746038
2023/12/28,507.0,512.0,505.0,506.0,12600,83.40374390403487,86.01932610395669
2023/12/29,508.0,515.0,508.0,514.0,10600,86.19440736391417,88.36461799918742
2024/01/04,508.0,517.0,508.0,517.0,25000,84.78277161044,85.8735391854975
2024/01/05,518.0,519.0,515.0,517.0,11300,85.78300682800531,86.38817137379027
2024/01/09,518.0,521.0,518.0,521.0,15400,85.39436633404186,85.85471504752739
2024/01/10,521.0,525.0,518.0,521.0,9100,83.86765618084395,84.9517017316799
2024/01/11,520.0,526.0,520.0,524.0,7200,82.7255805511465,84.24977485479481
2024/01/12,523.0,523.0,512.0,513.0,17400,78.95752220543471,82.05773642548128
2024/01/15,514.0,523.0,514.0,516.0,14300,78.13313469005901,81.16645555106177
2024/01/16,520.0,521.0,515.0,517.0,5300,79.70458871981299,82.54037135904875
2024/01/17,518.0,524.0,517.0,517.0,15600,81.84779136455553,84.00917652450481
2024/01/18,518.0,520.0,517.0,518.0,9500,81.0211625199289,83.65048188940435
2024/01/19,517.0,519.0,516.0,516.0,5100,79.87197308068293,83.04334331417071
2024/01/22,516.0,522.0,515.0,522.0,14600,79.73006335697403,82.78540479274255
2024/01/23,523.0,524.0,518.0,522.0,11600,80.96015957813792,84.05149350056791
2024/01/24,521.0,523.0,516.0,519.0,14000,81.25789229143685,84.14922657273709
2024/01/25,517.0,523.0,517.0,518.0,6500,81.32021944487711,84.1489705592839
2024/01/26,518.0,520.0,518.0,518.0,5200,81.97273050698321,84.95737067223372
2024/01/29,519.0,525.0,519.0,522.0,7600,82.80975986303591,85.22937520755255
2024/01/30,525.0,526.0,518.0,518.0,47600,80.75899447503471,83.31568068926151
2024/01/31,523.0,523.0,519.0,523.0,7200,80.6033367569138,82.6842721280103
2024/02/01,528.0,528.0,521.0,527.0,8300,82.6820435242779,84.26661260686882
2024/02/02,527.0,528.0,522.0,528.0,15700,83.34207500681102,84.98287626918375
2024/02/05,537.0,542.0,532.0,532.0,51000,83.21636780762742,84.56589933657465
2024/02/06,537.0,539.0,535.0,536.0,18000,84.6132941385681,86.32327306646505
2024/02/07,536.0,537.0,532.0,532.0,17100,83.32124503371097,84.81940983092238
2024/02/08,532.0,535.0,532.0,533.0,10100,81.56186156756272,84.42925459207802
2024/02/09,537.0,537.0,531.0,531.0,16300,81.10386848136467,84.00825951302528
2024/02/13,533.0,534.0,531.0,531.0,14700,79.11443742839238,83.02778433807822
2024/02/14,536.0,536.0,530.0,531.0,8700,79.04618490047119,83.34246832344068
2024/02/15,530.0,530.0,521.0,521.0,21900,76.39616421916507,81.26233221736437
2024/02/16,521.0,528.0,520.0,523.0,17300,75.99059032028228,80.6725943069514
2024/02/19,522.0,525.0,521.0,522.0,9600,75.93040887370576,80.3747234177259
2024/02/20,523.0,524.0,521.0,523.0,8700,76.12455829505252,80.66391442891003
2024/02/21,524.0,524.0,522.0,524.0,4200,75.75376800046666,80.3984380643743
2024/02/22,525.0,526.0,520.0,521.0,16400,73.75498086281428,78.49866292055705
2024/02/26,522.0,524.0,520.0,520.0,15300,72.98687848017394,77.82760668424548
2024/02/27,520.0,524.0,520.0,524.0,12900,73.00892943169407,77.6802677806802
2024/02/28,521.0,525.0,521.0,524.0,10900,72.6774053510995,77.34269200997976
2024/02/29,521.0,526.0,521.0,523.0,11200,72.42645873359093,76.89546441015845
2024/03/01,523.0,524.0,522.0,522.0,12100,71.76185622151098,76.4406808935933
2024/03/04,521.0,526.0,518.0,521.0,36300,72.3462441427225,77.32845226176977
2024/03/05,518.0,519.0,518.0,519.0,7700,72.12933438222487,76.81304529867045
2024/03/06,519.0,522.0,519.0,520.0,6000,73.05686477213237,77.34867375783115
2024/03/07,523.0,523.0,520.0,522.0,8300,74.56866610527794,78.59288485207911
2024/03/08,520.0,522.0,519.0,520.0,7900,73.30797409273892,77.02221466565142
2024/03/11,520.0,522.0,515.0,522.0,20800,74.55300762181494,78.02187305270596
2024/03/12,522.0,522.0,517.0,520.0,2100,73.11721013494848,76.37626263349958
2024/03/13,522.0,523.0,519.0,522.0,6600,72.73655618503953,76.49977676594632
2024/03/14,520.0,521.0,519.0,521.0,7600,71.94941313404442,75.23467891283745
2024/03/15,521.0,523.0,519.0,521.0,12200,72.56595651671188,75.39038011791786
2024/03/18,520.0,523.0,518.0,523.0,11400,71.06527790899273,74.2872671820225
2024/03/19,520.0,525.0,520.0,523.0,21900,71.53259110066568,74.33903683404867
2024/03/21,525.0,525.0,523.0,523.0,12300,70.26938204600876,73.2189899900222
2024/03/22,524.0,525.0,521.0,522.0,19000,69.09335173518119,71.70247262550608
2024/03/25,522.0,524.0,520.0,523.0,36800,71.25827019282205,74.02676495399471
2024/03/26,523.0,523.0,518.0,520.0,52100,70.701111631991,73.40528953600285
2024/03/27,519.0,526.0,519.0,521.0,187900,71.85292167545553,74.87849122032316
2024/03/28,518.0,519.0,509.0,512.0,55100,72.41994344944173,75.49067328441652
2024/03/29,517.0,519.0,515.0,519.0,11600,73.87470206321971,76.96150126754294
2024/04/01,518.0,518.0,510.0,512.0,21500,73.69782033529977,77.16022637622565
2024/04/02,510.0,510.0,510.0,510.0,3700,73.30424386834564,76.93177232688497
2024/04/03,510.0,511.0,509.0,510.0,3800,73.37677473183328,76.29061267922481
2024/04/04,510.0,513.0,507.0,507.0,14800,71.76265461078918,74.58423541271651
2024/04/05,506.0,511.0,506.0,511.0,7600,74.35745508096544,76.6220850069354
2024/04/08,513.0,513.0,506.0,507.0,10900,72.81576946741194,75.11163300204807
2024/04/09,511.0,511.0,508.0,508.0,6300,73.53600546787862,75.73661159620113
2024/04/10,508.0,509.0,507.0,509.0,4300,74.00161044748165,76.31949076144154
2024/04/11,508.0,513.0,507.0,512.0,6800,74.59228882505012,76.37832218829797
2024/04/12,514.0,514.0,508.0,509.0,11500,74.58338248330347,75.67916541016963
2024/04/15,509.0,509.0,507.0,508.0,6300,74.89235959496247,75.86236071527631
