date,open,high,low,close,volume,rs_nikkei,rs_topix
2014/03/24,1874.0,1904.0,1854.0,1868.0,398600,-1.0,-1.0
2014/03/25,1812.0,1834.0,1764.0,1774.0,655100,-1.0,-1.0
2014/03/26,1810.0,1890.0,1810.0,1882.0,521600,-1.0,-1.0
2014/03/27,1866.0,1882.0,1802.0,1838.0,394800,-1.0,-1.0
2014/03/28,1822.0,1844.0,1792.0,1814.0,259100,-1.0,-1.0
2014/03/31,1816.0,1818.0,1764.0,1788.0,494600,-1.0,-1.0
2014/04/01,1798.0,1800.0,1732.0,1750.0,502900,-1.0,-1.0
2014/04/02,1742.0,1752.0,1716.0,1734.0,394200,-1.0,-1.0
2014/04/03,1760.0,1776.0,1740.0,1764.0,190100,-1.0,-1.0
2014/04/04,1762.0,1766.0,1740.0,1744.0,192600,-1.0,-1.0
2014/04/07,1732.0,1766.0,1724.0,1724.0,269200,-1.0,-1.0
2014/04/08,1700.0,1706.0,1646.0,1666.0,410100,-1.0,-1.0
2014/04/09,1616.0,1632.0,1596.0,1620.0,583000,-1.0,-1.0
2014/04/10,1674.0,1680.0,1636.0,1638.0,260000,-1.0,-1.0
2014/04/11,1600.0,1636.0,1580.0,1618.0,391800,-1.0,-1.0
2014/04/14,1622.0,1654.0,1620.0,1626.0,261800,-1.0,-1.0
2014/04/15,1632.0,1640.0,1582.0,1588.0,456000,-1.0,-1.0
2014/04/16,1620.0,1638.0,1612.0,1630.0,341200,-1.0,-1.0
2014/04/17,1638.0,1644.0,1604.0,1614.0,277900,-1.0,-1.0
2014/04/18,1642.0,1686.0,1634.0,1682.0,270900,-1.0,-1.0
2014/04/21,1660.0,1698.0,1630.0,1634.0,231300,-1.0,-1.0
2014/04/22,1676.0,1692.0,1630.0,1634.0,340500,-1.0,-1.0
2014/04/23,1640.0,1668.0,1628.0,1664.0,314600,-1.0,-1.0
2014/04/24,1664.0,1670.0,1622.0,1632.0,257600,-1.0,-1.0
2014/04/25,1632.0,1650.0,1622.0,1628.0,192000,-1.0,-1.0
2014/04/28,1620.0,1626.0,1580.0,1594.0,165100,-1.0,-1.0
2014/04/30,1620.0,1626.0,1598.0,1618.0,251500,-1.0,-1.0
2014/05/01,1646.0,1660.0,1636.0,1656.0,224400,-1.0,-1.0
2014/05/02,1660.0,1676.0,1650.0,1658.0,164800,-1.0,-1.0
2014/05/07,1610.0,1632.0,1610.0,1622.0,284600,-1.0,-1.0
2014/05/08,1634.0,1658.0,1630.0,1638.0,220400,-1.0,-1.0
2014/05/09,1626.0,1654.0,1620.0,1640.0,175400,-1.0,-1.0
2014/05/12,1628.0,1648.0,1616.0,1620.0,177900,-1.0,-1.0
2014/05/13,1640.0,1646.0,1590.0,1628.0,185500,-1.0,-1.0
2014/05/14,1634.0,1650.0,1630.0,1648.0,317200,-1.0,-1.0
2014/05/15,1648.0,1650.0,1628.0,1640.0,320100,-1.0,-1.0
2014/05/16,1610.0,1614.0,1564.0,1580.0,363600,-1.0,-1.0
2014/05/19,1572.0,1576.0,1552.0,1554.0,238700,-1.0,-1.0
2014/05/20,1554.0,1578.0,1554.0,1558.0,219800,-1.0,-1.0
2014/05/21,1546.0,1568.0,1542.0,1564.0,105100,-1.0,-1.0
2014/05/22,1578.0,1628.0,1570.0,1618.0,230300,-1.0,-1.0
2014/05/23,1622.0,1650.0,1622.0,1636.0,163000,-1.0,-1.0
2014/05/26,1638.0,1650.0,1616.0,1644.0,223400,-1.0,-1.0
2014/05/27,1632.0,1650.0,1624.0,1624.0,120400,-1.0,-1.0
2014/05/28,1628.0,1632.0,1610.0,1612.0,213000,-1.0,-1.0
2014/05/29,1582.0,1600.0,1574.0,1584.0,230600,-1.0,-1.0
2014/05/30,1594.0,1596.0,1556.0,1560.0,400500,-1.0,-1.0
2014/06/02,1582.0,1628.0,1582.0,1622.0,294600,-1.0,-1.0
2014/06/03,1638.0,1638.0,1612.0,1618.0,217200,-1.0,-1.0
2014/06/04,1622.0,1640.0,1618.0,1640.0,247000,-1.0,-1.0
2014/06/05,1630.0,1644.0,1616.0,1626.0,373500,-1.0,-1.0
2014/06/06,1624.0,1628.0,1606.0,1620.0,470900,-1.0,-1.0
2014/06/09,1614.0,1620.0,1600.0,1610.0,283700,-1.0,-1.0
2014/06/10,1610.0,1610.0,1574.0,1576.0,282700,-1.0,-1.0
2014/06/11,1584.0,1586.0,1572.0,1582.0,271600,-1.0,-1.0
2014/06/12,1558.0,1576.0,1542.0,1576.0,465000,-1.0,-1.0
2014/06/13,1564.0,1606.0,1560.0,1600.0,372800,-1.0,-1.0
2014/06/16,1614.0,1628.0,1612.0,1628.0,342200,-1.0,-1.0
2014/06/17,1636.0,1660.0,1636.0,1650.0,611800,-1.0,-1.0
2014/06/18,1658.0,1686.0,1656.0,1670.0,649200,-1.0,-1.0
2014/06/19,1660.0,1672.0,1654.0,1668.0,380100,-1.0,-1.0
2014/06/20,1666.0,1678.0,1658.0,1666.0,232900,-1.0,-1.0
2014/06/23,1674.0,1678.0,1660.0,1666.0,226400,-1.0,-1.0
2014/06/24,1664.0,1676.0,1658.0,1664.0,215700,-1.0,-1.0
2014/06/25,1664.0,1670.0,1646.0,1648.0,247600,-1.0,-1.0
2014/06/26,1696.0,1722.0,1672.0,1710.0,519300,-1.0,-1.0
2014/06/27,1830.0,1838.0,1782.0,1796.0,951800,-1.0,-1.0
2014/06/30,1800.0,1800.0,1748.0,1784.0,340700,-1.0,-1.0
2014/07/01,1784.0,1788.0,1766.0,1774.0,288300,-1.0,-1.0
2014/07/02,1770.0,1780.0,1754.0,1778.0,177500,-1.0,-1.0
2014/07/03,1790.0,1798.0,1770.0,1772.0,166000,-1.0,-1.0
2014/07/04,1796.0,1796.0,1754.0,1768.0,176800,-1.0,-1.0
2014/07/07,1784.0,1792.0,1772.0,1788.0,457300,-1.0,-1.0
2014/07/08,1792.0,1808.0,1782.0,1798.0,399900,-1.0,-1.0
2014/07/09,1776.0,1786.0,1772.0,1780.0,172500,-1.0,-1.0
2014/07/10,1780.0,1782.0,1762.0,1762.0,185400,-1.0,-1.0
2014/07/11,1754.0,1778.0,1746.0,1772.0,184400,-1.0,-1.0
2014/07/14,1762.0,1792.0,1762.0,1790.0,205200,-1.0,-1.0
2014/07/15,1790.0,1810.0,1788.0,1802.0,224500,-1.0,-1.0
2014/07/16,1802.0,1812.0,1792.0,1796.0,234200,-1.0,-1.0
2014/07/17,1798.0,1802.0,1778.0,1784.0,126700,-1.0,-1.0
2014/07/18,1760.0,1764.0,1738.0,1758.0,194100,-1.0,-1.0
2014/07/22,1768.0,1778.0,1758.0,1778.0,155300,-1.0,-1.0
2014/07/23,1782.0,1782.0,1752.0,1760.0,147800,-1.0,-1.0
2014/07/24,1750.0,1750.0,1728.0,1736.0,248600,-1.0,-1.0
2014/07/25,1750.0,1768.0,1740.0,1766.0,246400,-1.0,-1.0
2014/07/28,1764.0,1772.0,1754.0,1770.0,133700,-1.0,-1.0
2014/07/29,1768.0,1774.0,1764.0,1770.0,109100,-1.0,-1.0
2014/07/30,1770.0,1776.0,1766.0,1770.0,193200,-1.0,-1.0
2014/07/31,1780.0,1792.0,1760.0,1762.0,228700,-1.0,-1.0
2014/08/01,1744.0,1762.0,1742.0,1748.0,184400,-1.0,-1.0
2014/08/04,1740.0,1766.0,1734.0,1748.0,187000,-1.0,-1.0
2014/08/05,1730.0,1740.0,1722.0,1728.0,190500,-1.0,-1.0
2014/08/06,1722.0,1726.0,1700.0,1704.0,183700,-1.0,-1.0
2014/08/07,1718.0,1722.0,1694.0,1720.0,199900,-1.0,-1.0
2014/08/08,1708.0,1728.0,1686.0,1692.0,253100,-1.0,-1.0
2014/08/11,1712.0,1720.0,1694.0,1714.0,159900,-1.0,-1.0
2014/08/12,1728.0,1748.0,1724.0,1746.0,161600,-1.0,-1.0
2014/08/13,1730.0,1736.0,1708.0,1730.0,189000,-1.0,-1.0
2014/08/14,1730.0,1744.0,1724.0,1740.0,174100,-1.0,-1.0
2014/08/15,1740.0,1742.0,1730.0,1736.0,113100,-1.0,-1.0
2014/08/18,1742.0,1762.0,1736.0,1742.0,243800,-1.0,-1.0
2014/08/19,1746.0,1746.0,1724.0,1738.0,150900,-1.0,-1.0
2014/08/20,1752.0,1752.0,1734.0,1740.0,183500,-1.0,-1.0
2014/08/21,1738.0,1746.0,1732.0,1742.0,163200,-1.0,-1.0
2014/08/22,1744.0,1750.0,1732.0,1736.0,199900,-1.0,-1.0
2014/08/25,1766.0,1770.0,1750.0,1750.0,193100,-1.0,-1.0
2014/08/26,1752.0,1766.0,1746.0,1752.0,174700,-1.0,-1.0
2014/08/27,1754.0,1804.0,1754.0,1800.0,612400,-1.0,-1.0
2014/08/28,1794.0,1884.0,1782.0,1884.0,680800,-1.0,-1.0
2014/08/29,1854.0,1882.0,1850.0,1856.0,382800,-1.0,-1.0
2014/09/01,1866.0,1884.0,1852.0,1864.0,192500,-1.0,-1.0
2014/09/02,1862.0,1878.0,1848.0,1854.0,218300,-1.0,-1.0
2014/09/03,1854.0,1856.0,1834.0,1842.0,229200,-1.0,-1.0
2014/09/04,1834.0,1838.0,1802.0,1804.0,239000,-1.0,-1.0
2014/09/05,1814.0,1818.0,1800.0,1808.0,159900,-1.0,-1.0
2014/09/08,1828.0,1852.0,1820.0,1850.0,226500,-1.0,-1.0
2014/09/09,1856.0,1864.0,1836.0,1858.0,213700,-1.0,-1.0
2014/09/10,1852.0,1888.0,1850.0,1880.0,262800,-1.0,-1.0
2014/09/11,1894.0,1896.0,1876.0,1878.0,290500,-1.0,-1.0
2014/09/12,1868.0,1870.0,1854.0,1870.0,453000,-1.0,-1.0
2014/09/16,1868.0,1872.0,1846.0,1866.0,232700,-1.0,-1.0
2014/09/17,1864.0,1910.0,1864.0,1892.0,297000,-1.0,-1.0
2014/09/18,1906.0,1922.0,1902.0,1902.0,359600,-1.0,-1.0
2014/09/19,1908.0,1940.0,1898.0,1928.0,294000,-1.0,-1.0
2014/09/22,1904.0,1926.0,1904.0,1920.0,125200,-1.0,-1.0
2014/09/24,1918.0,1960.0,1908.0,1956.0,237400,-1.0,-1.0
2014/09/25,1962.0,1992.0,1958.0,1992.0,268800,-1.0,-1.0
2014/09/26,1950.0,1972.0,1936.0,1970.0,222100,-1.0,-1.0
2014/09/29,1976.0,1978.0,1950.0,1966.0,215100,-1.0,-1.0
2014/09/30,1964.0,1966.0,1930.0,1948.0,238300,-1.0,-1.0
2014/10/01,1952.0,1954.0,1930.0,1930.0,172800,-1.0,-1.0
2014/10/02,1908.0,1910.0,1864.0,1866.0,323500,-1.0,-1.0
2014/10/03,1862.0,1886.0,1856.0,1880.0,206100,-1.0,-1.0
2014/10/06,1910.0,1914.0,1892.0,1900.0,198700,-1.0,-1.0
2014/10/07,1896.0,1896.0,1874.0,1880.0,194900,-1.0,-1.0
2014/10/08,1842.0,1878.0,1838.0,1868.0,167900,-1.0,-1.0
2014/10/09,1858.0,1866.0,1810.0,1812.0,450600,-1.0,-1.0
2014/10/10,1786.0,1834.0,1784.0,1812.0,407500,-1.0,-1.0
2014/10/14,1786.0,1816.0,1780.0,1798.0,384700,-1.0,-1.0
2014/10/15,1820.0,1842.0,1782.0,1804.0,323800,-1.0,-1.0
2014/10/16,1766.0,1810.0,1766.0,1780.0,341100,-1.0,-1.0
2014/10/17,1764.0,1776.0,1730.0,1730.0,450500,-1.0,-1.0
2014/10/20,1780.0,1810.0,1780.0,1806.0,265800,-1.0,-1.0
2014/10/21,1812.0,1840.0,1796.0,1798.0,262900,-1.0,-1.0
2014/10/22,1840.0,1922.0,1838.0,1918.0,463900,-1.0,-1.0
2014/10/23,1890.0,1890.0,1860.0,1868.0,350900,-1.0,-1.0
2014/10/24,1908.0,1952.0,1904.0,1946.0,360700,-1.0,-1.0
2014/10/27,1986.0,2020.0,1966.0,2004.0,466000,-1.0,-1.0
2014/10/28,1994.0,2026.0,1974.0,2010.0,445400,-1.0,-1.0
2014/10/29,2040.0,2098.0,2030.0,2090.0,579700,-1.0,-1.0
2014/10/30,2076.0,2110.0,2064.0,2078.0,555000,-1.0,-1.0
2014/10/31,2200.0,2240.0,2182.0,2228.0,707200,-1.0,-1.0
2014/11/04,2362.0,2376.0,2278.0,2288.0,671700,-1.0,-1.0
2014/11/05,2288.0,2336.0,2264.0,2320.0,462600,-1.0,-1.0
2014/11/06,2320.0,2320.0,2170.0,2192.0,659000,-1.0,-1.0
2014/11/07,2166.0,2230.0,2152.0,2200.0,457700,-1.0,-1.0
2014/11/10,2198.0,2218.0,2176.0,2184.0,225900,-1.0,-1.0
2014/11/11,2176.0,2220.0,2166.0,2206.0,298000,-1.0,-1.0
2014/11/12,2232.0,2242.0,2178.0,2180.0,465000,-1.0,-1.0
2014/11/13,2162.0,2178.0,2142.0,2166.0,508800,-1.0,-1.0
2014/11/14,2184.0,2188.0,2158.0,2172.0,295300,-1.0,-1.0
2014/11/17,2102.0,2118.0,2040.0,2074.0,681900,-1.0,-1.0
2014/11/18,2098.0,2118.0,2090.0,2112.0,371800,-1.0,-1.0
2014/11/19,2122.0,2158.0,2120.0,2148.0,257700,-1.0,-1.0
2014/11/20,2168.0,2168.0,2128.0,2132.0,199200,-1.0,-1.0
2014/11/21,2136.0,2144.0,2096.0,2112.0,305600,-1.0,-1.0
2014/11/25,2116.0,2122.0,2052.0,2054.0,854200,-1.0,-1.0
2014/11/26,2054.0,2072.0,2028.0,2038.0,437700,-1.0,-1.0
2014/11/27,2026.0,2034.0,2004.0,2024.0,420400,-1.0,-1.0
2014/11/28,2024.0,2046.0,2016.0,2032.0,442300,-1.0,-1.0
2014/12/01,2044.0,2070.0,2030.0,2038.0,435300,-1.0,-1.0
2014/12/02,2026.0,2046.0,2024.0,2040.0,337400,-1.0,-1.0
2014/12/03,2060.0,2084.0,2052.0,2070.0,301900,-1.0,-1.0
2014/12/04,2096.0,2100.0,2054.0,2056.0,185300,-1.0,-1.0
2014/12/05,2038.0,2090.0,2038.0,2086.0,218800,-1.0,-1.0
2014/12/08,2110.0,2128.0,2082.0,2126.0,289700,-1.0,-1.0
2014/12/09,2126.0,2204.0,2120.0,2184.0,659700,-1.0,-1.0
2014/12/10,2170.0,2194.0,2112.0,2120.0,431500,-1.0,-1.0
2014/12/11,2060.0,2094.0,2060.0,2074.0,227200,-1.0,-1.0
2014/12/12,2080.0,2098.0,2060.0,2076.0,371100,-1.0,-1.0
2014/12/15,2040.0,2066.0,2036.0,2048.0,166200,-1.0,-1.0
2014/12/16,2034.0,2062.0,2034.0,2040.0,252300,-1.0,-1.0
2014/12/17,2024.0,2038.0,2000.0,2000.0,336700,-1.0,-1.0
2014/12/18,2056.0,2068.0,2028.0,2034.0,222000,-1.0,-1.0
2014/12/19,2080.0,2096.0,2068.0,2078.0,242200,-1.0,-1.0
2014/12/22,2180.0,2194.0,2144.0,2192.0,400700,-1.0,-1.0
2014/12/24,2216.0,2228.0,2176.0,2188.0,256600,-1.0,-1.0
2014/12/25,2156.0,2168.0,2152.0,2158.0,153600,-1.0,-1.0
2014/12/26,2176.0,2228.0,2174.0,2210.0,261500,-1.0,-1.0
2014/12/29,2220.0,2224.0,2162.0,2200.0,203000,-1.0,-1.0
2014/12/30,2190.0,2190.0,2144.0,2146.0,228500,-1.0,-1.0
2015/01/05,2134.0,2152.0,2112.0,2138.0,203400,-1.0,-1.0
2015/01/06,2092.0,2098.0,2074.0,2074.0,387200,-1.0,-1.0
2015/01/07,2062.0,2102.0,2062.0,2076.0,168800,-1.0,-1.0
2015/01/08,2118.0,2188.0,2110.0,2186.0,293000,-1.0,-1.0
2015/01/09,2214.0,2216.0,2152.0,2162.0,319100,-1.0,-1.0
2015/01/13,2140.0,2342.0,2138.0,2342.0,799500,-1.0,-1.0
2015/01/14,2344.0,2416.0,2342.0,2400.0,520400,-1.0,-1.0
2015/01/15,2400.0,2428.0,2364.0,2414.0,299000,-1.0,-1.0
2015/01/16,2354.0,2406.0,2344.0,2400.0,286300,-1.0,-1.0
2015/01/19,2416.0,2490.0,2410.0,2488.0,251800,-1.0,-1.0
2015/01/20,2488.0,2512.0,2460.0,2510.0,186500,-1.0,-1.0
2015/01/21,2560.0,2560.0,2510.0,2528.0,317200,-1.0,-1.0
2015/01/22,2482.0,2486.0,2372.0,2408.0,499100,-1.0,-1.0
2015/01/23,2436.0,2444.0,2410.0,2440.0,199500,-1.0,-1.0
2015/01/26,2406.0,2432.0,2380.0,2424.0,166500,-1.0,-1.0
2015/01/27,2446.0,2468.0,2440.0,2466.0,257200,-1.0,-1.0
2015/01/28,2454.0,2502.0,2444.0,2498.0,260600,-1.0,-1.0
2015/01/29,2472.0,2516.0,2464.0,2490.0,213100,-1.0,-1.0
2015/01/30,2512.0,2544.0,2500.0,2500.0,324300,-1.0,-1.0
2015/02/02,2478.0,2552.0,2476.0,2510.0,239700,-1.0,-1.0
2015/02/03,2470.0,2494.0,2364.0,2376.0,494000,-1.0,-1.0
2015/02/04,2382.0,2402.0,2302.0,2334.0,560300,-1.0,-1.0
2015/02/05,2332.0,2354.0,2294.0,2302.0,445500,-1.0,-1.0
2015/02/06,2302.0,2330.0,2282.0,2306.0,307000,-1.0,-1.0
2015/02/09,2360.0,2374.0,2280.0,2292.0,330000,-1.0,-1.0
2015/02/10,2290.0,2308.0,2264.0,2282.0,328000,-1.0,-1.0
2015/02/12,2356.0,2372.0,2288.0,2294.0,535800,-1.0,-1.0
2015/02/13,2284.0,2298.0,2264.0,2268.0,391900,-1.0,-1.0
2015/02/16,2260.0,2270.0,2212.0,2244.0,458300,-1.0,-1.0
2015/02/17,2244.0,2270.0,2236.0,2266.0,213700,-1.0,-1.0
2015/02/18,2294.0,2340.0,2270.0,2338.0,347100,-1.0,-1.0
2015/02/19,2376.0,2378.0,2344.0,2364.0,247700,-1.0,-1.0
2015/02/20,2372.0,2372.0,2312.0,2326.0,279800,-1.0,-1.0
2015/02/23,2346.0,2360.0,2322.0,2328.0,174700,-1.0,-1.0
2015/02/24,2346.0,2378.0,2336.0,2378.0,247200,-1.0,-1.0
2015/02/25,2380.0,2384.0,2340.0,2348.0,214000,-1.0,-1.0
2015/02/26,2340.0,2362.0,2336.0,2342.0,253000,-1.0,-1.0
2015/02/27,2372.0,2426.0,2368.0,2380.0,366400,-1.0,-1.0
2015/03/02,2376.0,2412.0,2360.0,2360.0,230700,-1.0,-1.0
2015/03/03,2462.0,2660.0,2462.0,2628.0,914500,-1.0,-1.0
2015/03/04,2624.0,2648.0,2566.0,2612.0,611700,-1.0,-1.0
2015/03/05,2660.0,2886.0,2650.0,2814.0,1682500,-1.0,-1.0
2015/03/06,2750.0,2820.0,2750.0,2814.0,675600,-1.0,-1.0
2015/03/09,2834.0,2910.0,2760.0,2768.0,762100,-1.0,-1.0
2015/03/10,2792.0,2844.0,2732.0,2760.0,587100,-1.0,-1.0
2015/03/11,2774.0,2844.0,2772.0,2814.0,520100,-1.0,-1.0
2015/03/12,2822.0,2828.0,2796.0,2816.0,286800,-1.0,-1.0
2015/03/13,2820.0,2820.0,2748.0,2758.0,556300,-1.0,-1.0
2015/03/16,2740.0,2786.0,2714.0,2728.0,308400,-1.0,-1.0
2015/03/17,2750.0,2774.0,2740.0,2768.0,356400,-1.0,-1.0
2015/03/18,2780.0,2814.0,2764.0,2798.0,342500,-1.0,-1.0
2015/03/19,2784.0,2796.0,2742.0,2772.0,341600,-1.0,-1.0
2015/03/20,2798.0,2808.0,2754.0,2774.0,376100,-1.0,-1.0
2015/03/23,2744.0,2784.0,2726.0,2746.0,354500,-1.0,-1.0
2015/03/24,2726.0,2880.0,2726.0,2844.0,784000,-1.0,-1.0
2015/03/25,2816.0,2820.0,2770.0,2800.0,308400,-1.0,-1.0
2015/03/26,2774.0,2784.0,2716.0,2752.0,389100,-1.0,-1.0
2015/03/27,2690.0,2762.0,2664.0,2680.0,345400,-1.0,-1.0
2015/03/30,2688.0,2748.0,2680.0,2736.0,251500,-1.0,-1.0
2015/03/31,2790.0,2790.0,2716.0,2716.0,330800,-1.0,-1.0
2015/04/01,2684.0,2692.0,2606.0,2614.0,389100,-1.0,-1.0
2015/04/02,2614.0,2650.0,2604.0,2614.0,371400,-1.0,-1.0
2015/04/03,2610.0,2622.0,2580.0,2608.0,179700,-1.0,-1.0
2015/04/06,2596.0,2654.0,2588.0,2636.0,170100,116.72744280219256,117.25247719890027
2015/04/07,2720.0,2722.0,2666.0,2684.0,390300,119.81509920294428,119.87382923141736
2015/04/08,2698.0,2706.0,2662.0,2696.0,256400,120.2513252533677,120.52852162190102
2015/04/09,2720.0,2758.0,2704.0,2740.0,352800,119.97778910144046,120.61512806718898
2015/04/10,2748.0,2748.0,2638.0,2638.0,438700,114.33091713063168,116.32480515038284
2015/04/13,2650.0,2660.0,2604.0,2614.0,224100,112.34272376001093,114.80176731085359
2015/04/14,2604.0,2614.0,2554.0,2564.0,334000,113.5152275314274,115.30794108781038
2015/04/15,2570.0,2576.0,2542.0,2558.0,285800,113.87167171269634,115.22436651762744
2015/04/16,2562.0,2562.0,2494.0,2524.0,319400,113.37943068278102,114.0621483342239
2015/04/17,2520.0,2558.0,2500.0,2510.0,294100,110.22410092248329,110.21572159726078
2015/04/20,2596.0,2656.0,2550.0,2554.0,514200,115.52816022885983,115.68603758698953
2015/04/21,2610.0,2622.0,2572.0,2622.0,378700,115.97193297949768,115.94444438020169
2015/04/22,2614.0,2630.0,2586.0,2598.0,396600,112.80012008306292,113.00274978098777
2015/04/23,2608.0,2616.0,2552.0,2562.0,241300,112.0175747009567,112.5457231148633
2015/04/24,2592.0,2596.0,2552.0,2568.0,204300,113.68933782895006,114.00367248134809
2015/04/27,2560.0,2576.0,2546.0,2562.0,138600,114.92158255468128,115.22855969200066
2015/04/28,2576.0,2592.0,2558.0,2566.0,224100,113.09171242484656,113.27820615982269
2015/04/30,2596.0,2620.0,2550.0,2594.0,540600,116.23903629999069,116.26314691690543
2015/05/01,2586.0,2628.0,2582.0,2622.0,288200,117.05855908672022,117.93578143610064
2015/05/07,2628.0,2688.0,2606.0,2622.0,464100,117.52247640396061,117.92319667834117
2015/05/08,2602.0,2612.0,2570.0,2576.0,205200,115.09122024141571,115.30102233304314
2015/05/11,2620.0,2622.0,2586.0,2598.0,178800,115.65028140707855,116.18029790816419
2015/05/12,2582.0,2618.0,2534.0,2540.0,271100,114.68384897569554,114.74081251646847
2015/05/13,2540.0,2594.0,2534.0,2568.0,407400,113.57515049763897,114.92549973029146
2015/05/14,2592.0,2616.0,2494.0,2506.0,391200,111.64074816485927,113.13200821626148
2015/05/15,2492.0,2494.0,2414.0,2426.0,569500,109.6873193358282,110.73827939750981
2015/05/18,2428.0,2496.0,2428.0,2492.0,403700,112.92344275697461,113.37688247060869
2015/05/19,2470.0,2538.0,2462.0,2504.0,399100,112.9589211752673,113.49202591047727
2015/05/20,2524.0,2544.0,2508.0,2524.0,298700,112.204280246778,112.9343460799723
2015/05/21,2534.0,2534.0,2490.0,2504.0,265300,109.8310038722955,109.8893880569369
2015/05/22,2496.0,2506.0,2470.0,2492.0,174400,108.70868371733089,109.11663883286369
2015/05/25,2512.0,2574.0,2504.0,2566.0,280500,111.65018094919435,112.38915758244916
2015/05/26,2568.0,2638.0,2564.0,2606.0,317600,114.92086122925478,115.55817948687618
2015/05/27,2600.0,2610.0,2566.0,2594.0,266100,115.3162721405779,116.05596529516826
2015/05/28,2658.0,2726.0,2652.0,2714.0,702900,122.40211531286234,122.98391323744644
2015/05/29,2738.0,2782.0,2706.0,2720.0,631300,124.07081450219341,125.16154236824704
2015/06/01,2600.0,2688.0,2578.0,2660.0,535500,119.07791411986999,119.23974145650793
2015/06/02,2716.0,2726.0,2682.0,2696.0,306100,121.94254520133012,122.27520934933318
2015/06/03,2676.0,2678.0,2636.0,2656.0,272300,119.19179943062895,119.66521195760048
2015/06/04,2620.0,2632.0,2606.0,2614.0,204400,118.32176695737535,118.39493906472114
2015/06/05,2596.0,2628.0,2592.0,2618.0,150700,119.08354175555189,119.67932086546118
2015/06/08,2636.0,2636.0,2582.0,2584.0,158900,118.65534958886848,119.24160511164543
2015/06/09,2580.0,2600.0,2576.0,2578.0,192300,122.05379069324383,122.97951609849014
2015/06/10,2584.0,2596.0,2562.0,2588.0,255500,122.97604847286361,124.49097910163506
2015/06/11,2594.0,2604.0,2546.0,2564.0,275100,119.51393326113215,122.12531373395603
2015/06/12,2594.0,2626.0,2578.0,2626.0,351400,121.42516175758618,123.62642977813888
2015/06/15,2634.0,2652.0,2608.0,2630.0,153100,118.32777422365632,120.74433109955432
2015/06/16,2640.0,2664.0,2632.0,2632.0,187700,117.92384238655886,120.44422121770188
2015/06/17,2658.0,2676.0,2638.0,2650.0,222700,118.63014688759196,121.33097458141225
2015/06/18,2656.0,2676.0,2640.0,2642.0,208500,121.71109536879361,124.3349961452046
2015/06/19,2650.0,2650.0,2612.0,2626.0,260600,119.9263210982749,122.63017370576914
2015/06/22,2614.0,2680.0,2614.0,2680.0,233300,121.0273240883635,123.67530279227645
2015/06/23,2690.0,2704.0,2658.0,2700.0,267600,119.89487397830119,122.77876527999571
2015/06/24,2708.0,2744.0,2706.0,2738.0,296200,121.54508321874047,124.69582858725165
2015/06/25,2716.0,2744.0,2692.0,2714.0,221100,116.97156988294792,120.00845916472107
2015/06/26,2712.0,2726.0,2676.0,2696.0,174000,109.43275102729126,112.84262970538803
2015/06/29,2620.0,2690.0,2620.0,2660.0,273400,112.41781824598655,115.86000861192329
2015/06/30,2660.0,2698.0,2658.0,2674.0,241600,114.1624814100421,117.97541746279552
2015/07/01,2674.0,2740.0,2658.0,2734.0,277100,116.25641362552545,120.350851151581
2015/07/02,2740.0,2772.0,2714.0,2758.0,233300,116.40195551488266,120.73728291229389
2015/07/03,2738.0,2738.0,2698.0,2704.0,200400,114.94629806484961,118.9802720475639
2015/07/06,2672.0,2700.0,2640.0,2648.0,224100,113.24867691052827,116.97816703035551
2015/07/07,2708.0,2746.0,2690.0,2720.0,230200,113.69673137870704,117.87401544363532
2015/07/08,2730.0,2734.0,2678.0,2678.0,320900,116.64388931531929,120.81931844710834
2015/07/09,2628.0,2684.0,2582.0,2648.0,420200,115.17153705671039,119.78355164872366
2015/07/10,2680.0,2758.0,2678.0,2708.0,348400,117.15944592297127,121.13304442906359
2015/07/13,2756.0,2798.0,2732.0,2790.0,292900,118.67995251915116,122.24410718587126
2015/07/14,2818.0,2820.0,2782.0,2802.0,194500,117.43020117337741,120.85693322115955
2015/07/15,2820.0,2900.0,2816.0,2894.0,445500,121.10231778749304,124.64757666910829
2015/07/16,2910.0,2954.0,2900.0,2938.0,335800,122.8763791040305,126.26697753829892
2015/07/17,2930.0,2948.0,2900.0,2932.0,202600,122.88472822010417,126.69852931085708
2015/07/21,2958.0,3084.0,2956.0,3070.0,394700,127.11185685957618,131.34175199746753
2015/07/22,3080.0,3096.0,3022.0,3056.0,295700,129.24337518187966,133.46452619491302
2015/07/23,3078.0,3194.0,3076.0,3160.0,451800,134.50946510174518,138.83861379583257
2015/07/24,3100.0,3102.0,3044.0,3056.0,461100,130.20153098382613,133.90808790152326
2015/07/27,3032.0,3052.0,2994.0,3040.0,414300,131.06551732820932,134.85825690399378
2015/07/28,2950.0,3028.0,2934.0,2990.0,370300,129.78115087016528,133.7771495613849
2015/07/29,3020.0,3026.0,2952.0,2974.0,294700,129.4848978357605,132.88463662303508
2015/07/30,3000.0,3018.0,2952.0,2978.0,288500,128.6423542947498,132.3013334396737
2015/07/31,3016.0,3030.0,2984.0,2990.0,246000,128.98896567586664,132.06815033389503
2015/08/03,3044.0,3092.0,3024.0,3088.0,223600,133.0395008340349,135.84628757281013
2015/08/04,3100.0,3246.0,3086.0,3192.0,457600,137.9118937646968,140.61805693621943
2015/08/05,3240.0,3352.0,3204.0,3234.0,779300,139.57256976378216,142.55829934132535
2015/08/06,3360.0,3360.0,3160.0,3170.0,644600,135.85469604384542,138.54995988268598
2015/08/07,3140.0,3188.0,3092.0,3172.0,366200,133.68233930845983,137.127099316164
2015/08/10,3148.0,3240.0,3132.0,3236.0,316900,137.27985412126424,139.81726941659863
2015/08/11,3240.0,3258.0,3160.0,3256.0,393900,136.44933194239442,138.977420912922
2015/08/12,3230.0,3240.0,3124.0,3144.0,500000,135.57919877196863,137.69897327923445
2015/08/13,3100.0,3214.0,3084.0,3188.0,461100,136.2386957990617,139.55991817335158
2015/08/14,3236.0,3308.0,3226.0,3266.0,383800,140.44699401926303,143.62475179810866
2015/08/17,3290.0,3300.0,3262.0,3278.0,227700,139.8296034296182,142.99899585453664
2015/08/18,3300.0,3334.0,3270.0,3284.0,268100,142.02659463348292,144.6666138805252
2015/08/19,3260.0,3276.0,3230.0,3232.0,220300,141.95085793296522,144.18704071239162
2015/08/20,3210.0,3264.0,3170.0,3172.0,271500,141.66677543958738,144.78422602361283
2015/08/21,3102.0,3128.0,3074.0,3076.0,327400,141.66478128234206,144.86708932831462
2015/08/24,2954.0,3032.0,2886.0,2886.0,443100,138.87559525478963,143.80429496560436
2015/08/25,2804.0,3034.0,2774.0,2842.0,542300,141.39445703483494,145.49778271163717
2015/08/26,2862.0,3010.0,2860.0,2998.0,609200,140.7974376187598,144.81505371981908
2015/08/27,3092.0,3104.0,3000.0,3024.0,283600,133.59515741356358,137.00988821017407
2015/08/28,3120.0,3136.0,3068.0,3112.0,298400,135.15023980937653,138.26320470717062
2015/08/31,3110.0,3142.0,3052.0,3096.0,309100,136.07790325450958,138.64812940121521
2015/09/01,3060.0,3082.0,2936.0,2936.0,287400,136.59179633114488,138.95671618374868
2015/09/02,2882.0,3042.0,2872.0,2950.0,306300,139.20260650882307,142.18449126206667
2015/09/03,3030.0,3138.0,3014.0,3068.0,507600,146.62502352105932,149.4749314350512
2015/09/04,3084.0,3112.0,3006.0,3054.0,411800,148.75594877704128,151.22134452403898
2015/09/07,3038.0,3114.0,3004.0,3100.0,281300,147.34590305188397,150.52740701134195
2015/09/08,3088.0,3088.0,2824.0,2838.0,546400,138.03816455230245,140.12063867041576
2015/09/09,2996.0,3084.0,2934.0,3084.0,490300,137.98409222651517,142.2140337708105
2015/09/10,3004.0,3070.0,2996.0,3036.0,288300,140.54404516641915,143.27404691479256
2015/09/11,2990.0,3098.0,2990.0,3080.0,393800,143.82093385157393,146.1782370068886
2015/09/14,3110.0,3192.0,3062.0,3066.0,261800,145.52188435100715,147.28132223972221
2015/09/15,3100.0,3164.0,3080.0,3140.0,325400,148.53165479942788,150.85359354694307
2015/09/16,3060.0,3136.0,3058.0,3088.0,595000,142.7087283518454,144.63338921910878
2015/09/17,3104.0,3116.0,3004.0,3034.0,300800,139.05174427387016,140.9120691807426
2015/09/18,3018.0,3054.0,2998.0,3036.0,337100,142.22725440223408,143.41988779843354
2015/09/24,2946.0,3022.0,2942.0,2942.0,374300,137.6242105075963,139.35490872014563
2015/09/25,2956.0,3018.0,2944.0,3006.0,285600,138.50250293937324,139.79866380852548
2015/09/28,3036.0,3068.0,2950.0,2972.0,266900,139.73716364484105,140.51831994342064
2015/09/29,2912.0,2912.0,2686.0,2688.0,690200,131.81546201605602,133.0490866519271
2015/09/30,2820.0,2854.0,2802.0,2826.0,496800,135.4279421937927,136.78018686570616
2015/10/01,2860.0,2910.0,2812.0,2892.0,394800,136.96530437252306,137.51796499042786
2015/10/02,2854.0,2890.0,2832.0,2842.0,279700,133.97249908835423,134.18171572187504
2015/10/05,2884.0,2986.0,2864.0,2986.0,303600,138.70148756676008,139.17392667416422
2015/10/06,2988.0,3048.0,2962.0,2978.0,296700,137.48004449739352,138.5532775564673
2015/10/07,2960.0,2970.0,2846.0,2890.0,394600,131.68537138195896,132.09026255868673
2015/10/08,2894.0,2910.0,2720.0,2738.0,572200,128.92908294778033,128.60037086808015
2015/10/09,2768.0,2796.0,2712.0,2794.0,410700,127.95158177209834,126.50884298186212
2015/10/13,2842.0,2924.0,2836.0,2910.0,434900,132.57232116081516,130.7440772438756
2015/10/14,2878.0,2890.0,2818.0,2842.0,296000,132.7295451725968,131.06579730620487
2015/10/15,2820.0,2914.0,2812.0,2886.0,235300,132.04497772012752,130.02588749814623
2015/10/16,2972.0,2996.0,2928.0,2966.0,272000,136.2100742952703,134.0305643169917
2015/10/19,2942.0,3010.0,2938.0,2982.0,237100,137.61394399428178,135.24566992224763
2015/10/20,3004.0,3010.0,2962.0,2982.0,161800,134.853825852626,133.33739905944643
2015/10/21,2976.0,2988.0,2928.0,2980.0,299200,127.24662334639602,125.81869445177392
2015/10/22,2982.0,2996.0,2920.0,2926.0,279000,128.6263228707708,127.14324367849159
2015/10/23,2986.0,2986.0,2934.0,2970.0,255700,123.9726180522333,122.4957509995433
2015/10/26,3000.0,3016.0,2964.0,2968.0,273300,120.28887727608056,119.1563927610178
2015/10/27,3032.0,3114.0,3022.0,3084.0,553400,125.26530082372437,124.48750280133095
2015/10/28,3116.0,3174.0,3086.0,3150.0,550400,124.0145539337863,123.7779087143359
2015/10/29,3166.0,3312.0,3126.0,3288.0,826200,130.84179931258,130.79816757164133
2015/10/30,3306.0,3383.0,3265.0,3336.0,602000,128.78640144309983,128.15225965051533
2015/11/02,3299.0,3412.0,3281.0,3378.0,674300,133.25165829976993,132.33219682143067
2015/11/04,3378.0,3517.0,3342.0,3406.0,834100,131.37769396352448,130.73528730334377
2015/11/05,3307.0,3397.0,3302.0,3368.0,698300,134.97086656739737,134.01239951241223
2015/11/06,3352.0,3352.0,3290.0,3319.0,527000,132.1856319034964,131.57427138827993
2015/11/09,3322.0,3391.0,3318.0,3379.0,445400,132.1719091342947,132.26581154064115
2015/11/10,3340.0,3496.0,3334.0,3483.0,477100,137.44337048390776,136.60352943678132
2015/11/11,3503.0,3638.0,3500.0,3595.0,681600,144.01906310274813,142.34568308403027
2015/11/12,3595.0,3649.0,3557.0,3558.0,439700,145.0439714482241,143.2313293953127
2015/11/13,3520.0,3603.0,3494.0,3592.0,338500,147.60440814525276,146.04109514129476
2015/11/16,3555.0,3667.0,3535.0,3642.0,438400,153.69148990712048,152.65131221340943
2015/11/17,3680.0,3768.0,3630.0,3693.0,640700,154.49055150617377,153.7761338345788
2015/11/18,3706.0,3776.0,3652.0,3683.0,459000,150.8643427442713,150.92894368242958
2015/11/19,3725.0,3740.0,3658.0,3695.0,327000,150.9801473598041,151.35593265642552
2015/11/20,3708.0,3856.0,3676.0,3828.0,622600,158.2534585340606,158.29952032834777
2015/11/24,3832.0,3917.0,3812.0,3877.0,619400,164.90689973146465,165.62400082633846
2015/11/25,3905.0,3949.0,3860.0,3905.0,524100,167.8218552954186,168.9876210725609
2015/11/26,3900.0,4050.0,3900.0,3988.0,633900,170.40203661095862,171.1604512389851
2015/11/27,4000.0,4022.0,3902.0,3940.0,557500,170.25919768717148,171.50841637441746
2015/11/30,3978.0,3999.0,3890.0,3942.0,503200,172.29365573620427,174.01205291208865
2015/12/01,3992.0,4073.0,3930.0,4067.0,630300,175.9603059338508,177.69599275148158
2015/12/02,4068.0,4110.0,4024.0,4059.0,487700,174.27638333968721,174.97492672035534
2015/12/03,4024.0,4080.0,4006.0,4061.0,390400,177.18604281839734,177.51539498506162
2015/12/04,4002.0,4040.0,3971.0,3995.0,485100,175.96124020800755,175.89820273566485
2015/12/07,4058.0,4107.0,4012.0,4079.0,412300,174.69556640129312,175.20488707518388
2015/12/08,4072.0,4077.0,3987.0,4004.0,391800,167.53980142891825,167.8320467299453
2015/12/09,3987.0,4060.0,3943.0,3959.0,441600,168.47341521421805,168.88804594391453
2015/12/10,3901.0,3965.0,3858.0,3899.0,473800,170.3348559213202,170.50374060248024
2015/12/11,3948.0,4213.0,3946.0,4177.0,1238800,181.75498129819434,181.74488257951265
2015/12/14,4118.0,4147.0,4038.0,4122.0,854000,182.25449747218704,181.69558588227636
2015/12/15,4109.0,4170.0,4045.0,4061.0,514800,179.65509643496748,179.30418843521616
2015/12/16,4148.0,4171.0,4072.0,4166.0,668400,183.91424206203612,182.78706254218852
2015/12/17,4244.0,4284.0,4200.0,4240.0,705500,185.36860296233337,183.35825650874025
2015/12/18,4302.0,4480.0,4286.0,4305.0,1178200,192.27208972474375,189.98725240943185
2015/12/21,4278.0,4309.0,4204.0,4285.0,696600,182.24659530854402,180.39030613242028
2015/12/22,4300.0,4378.0,4294.0,4355.0,420300,188.15938496576476,185.07781275301664
2015/12/24,4387.0,4400.0,4206.0,4223.0,699000,185.47418157958745,182.54355733617658
2015/12/25,4231.0,4340.0,4159.0,4306.0,523900,184.97863999370153,183.44430799528251
2015/12/28,4344.0,4361.0,4180.0,4273.0,446000,182.4593126864554,180.94830608830915
2015/12/29,4230.0,4349.0,4217.0,4340.0,365200,185.9205413255882,184.43180598074315
2015/12/30,4356.0,4368.0,4286.0,4338.0,424500,185.57735882787944,183.72715694081205
2016/01/04,4320.0,4384.0,4264.0,4268.0,495800,188.34923582172001,185.26813016948444
2016/01/05,4193.0,4237.0,4112.0,4205.0,678100,186.29793627404626,183.40333884550117
2016/01/06,4231.0,4316.0,4206.0,4276.0,636200,191.18582373552928,188.12103346262913
2016/01/07,4201.0,4300.0,4162.0,4202.0,712400,185.72929671360768,181.6399779051325
2016/01/08,4167.0,4220.0,4083.0,4140.0,579000,186.07694561551386,182.65924811287374
2016/01/12,4063.0,4149.0,3948.0,3975.0,824400,168.4330023054007,166.42650414731327
2016/01/13,4046.0,4080.0,3975.0,4068.0,508400,160.70076085355126,159.61390065807285
2016/01/14,3832.0,3856.0,3600.0,3728.0,1308000,153.24787340311653,151.14411015312257
2016/01/15,3801.0,3819.0,3708.0,3732.0,641600,152.93404427918168,151.2068273378734
2016/01/18,3589.0,3682.0,3573.0,3635.0,711300,146.60725958084552,144.4675640396537
2016/01/19,3602.0,3655.0,3543.0,3596.0,691300,145.93867483497945,144.01087632410656
2016/01/20,3657.0,3680.0,3481.0,3490.0,736100,145.3221415003086,143.37811250249706
2016/01/21,3550.0,3698.0,3542.0,3566.0,1003700,160.21775199787243,158.09593101430963
2016/01/22,3660.0,3754.0,3586.0,3738.0,729900,158.19429422398198,156.433028386678
2016/01/25,3804.0,3846.0,3759.0,3790.0,641200,159.62084256694305,157.41410422035779
2016/01/26,3772.0,3859.0,3737.0,3797.0,572600,163.73651527127615,161.46203305069432
2016/01/27,3866.0,3877.0,3800.0,3856.0,509300,160.04566579215032,157.58366727650753
2016/01/28,3856.0,3873.0,3799.0,3834.0,430400,159.07881276152804,156.35174041471558
2016/01/29,3940.0,3949.0,3716.0,3834.0,1186400,154.72645464457176,151.53947446703052
2016/02/01,3940.0,4060.0,3920.0,4060.0,878300,158.97166922916446,155.79011117500946
2016/02/02,4060.0,4280.0,4059.0,4230.0,1137500,173.86976886450992,170.7167940527561
2016/02/03,4188.0,4216.0,4129.0,4177.0,1061600,184.0379878292191,180.32866259408712
2016/02/04,4190.0,4193.0,3922.0,3938.0,1079200,175.68162061408214,173.69229359369257
2016/02/05,3867.0,4070.0,3790.0,3997.0,1144300,181.87258496560688,179.43575794770953
2016/02/08,3954.0,4129.0,3950.0,4113.0,684700,186.91804279687457,185.23646381561073
2016/02/09,3892.0,3983.0,3856.0,3898.0,684100,187.45796504509946,186.97423057010886
2016/02/10,3868.0,3905.0,3661.0,3704.0,703400,184.752617036922,185.00609328308627
2016/02/12,3587.0,3736.0,3472.0,3543.0,1013600,187.14927540971973,189.26814438692944
2016/02/15,3734.0,3837.0,3624.0,3802.0,653200,190.39011192112915,191.35186968242138
2016/02/16,3802.0,3988.0,3792.0,3845.0,826700,190.10890282716596,191.27635186293418
2016/02/17,3885.0,3898.0,3684.0,3725.0,636000,183.09563306903522,184.20557123432494
2016/02/18,3885.0,3908.0,3808.0,3852.0,616200,183.74869780632244,185.7764770830305
2016/02/19,3834.0,3898.0,3802.0,3851.0,484600,190.0871742543795,192.28641280667424
2016/02/22,3860.0,3945.0,3822.0,3943.0,628900,194.1397309530501,195.79892578641346
2016/02/23,4023.0,4046.0,3895.0,3946.0,720500,192.31312212312156,193.84016737924162
2016/02/24,3905.0,3976.0,3849.0,3936.0,406400,195.74741517582615,196.74542200926481
2016/02/25,3936.0,4036.0,3923.0,4021.0,541800,199.83150838485503,199.80922317117938
2016/02/26,4040.0,4089.0,4032.0,4050.0,469100,197.59872140914771,197.75531297421438
2016/02/29,4140.0,4189.0,4120.0,4183.0,921500,208.21330731131815,208.2632590535976
2016/03/01,4200.0,4362.0,4199.0,4318.0,1076100,192.1898102177209,192.85345227015884
2016/03/02,4383.0,4460.0,4327.0,4434.0,990200,189.5930318997893,190.8106769384563
2016/03/03,4430.0,4574.0,4417.0,4521.0,978800,177.63328921405207,178.81184009362053
2016/03/04,4530.0,4532.0,4270.0,4302.0,1338700,170.45517814963034,171.27367850463096
2016/03/07,4560.0,4560.0,4436.0,4493.0,1130200,180.3567153984106,182.5642919807295
2016/03/08,4466.0,4469.0,4306.0,4422.0,822300,178.1831916302182,181.26277519908064
2016/03/09,4340.0,4467.0,4334.0,4411.0,618800,176.35579162406626,179.4988887453379
2016/03/10,4464.0,4550.0,4439.0,4516.0,633400,180.72205729265735,183.43255550673823
2016/03/11,4511.0,4630.0,4468.0,4597.0,970300,189.46212908811415,191.326441331403
2016/03/14,4680.0,4689.0,4626.0,4660.0,609300,190.76715261752628,192.88754565143753
2016/03/15,4600.0,4680.0,4571.0,4661.0,524200,191.21097900678942,192.7398532391483
2016/03/16,4626.0,4650.0,4570.0,4590.0,604400,188.88322276045062,190.80913835918406
2016/03/17,4590.0,4618.0,4523.0,4567.0,616200,189.4651986013899,191.0432810601695
2016/03/18,4531.0,4543.0,4337.0,4420.0,1015800,186.3495528604896,187.2296527358845
2016/03/22,4499.0,4519.0,4424.0,4507.0,703400,183.24543067479655,183.65296504159903
2016/03/23,4511.0,4629.0,4498.0,4593.0,509600,190.52325344942312,191.42830779944302
2016/03/24,4639.0,4723.0,4604.0,4697.0,625100,196.73132046484466,197.66554333496512
2016/03/25,4669.0,4716.0,4617.0,4661.0,519100,197.26905772705322,197.69133851987485
2016/03/28,4729.0,4835.0,4700.0,4835.0,739500,200.20231889034457,199.21535896555375
2016/03/29,4987.0,4990.0,4782.0,4825.0,4511200,199.49917707993657,198.9946056213539
2016/03/30,4860.0,4960.0,4813.0,4894.0,3515200,211.1358244479896,211.06220312067748
2016/03/31,4943.0,4968.0,4765.0,4765.0,3350100,210.06939790128928,210.29249279187388
2016/04/01,4742.0,4744.0,4615.0,4702.0,3581500,216.77451825102682,216.69326379048192
2016/04/04,4683.0,4934.0,4614.0,4847.0,4486900,221.22336512892556,220.2937013327035
2016/04/05,4900.0,4979.0,4775.0,4812.0,4800100,223.81539579811016,223.12872734661036
2016/04/06,4810.0,4813.0,4655.0,4769.0,3492800,222.75359669004922,221.642394028534
2016/04/07,4702.0,4900.0,4680.0,4892.0,3747000,226.0139429617098,223.6507695251349
2016/04/08,4822.0,5066.0,4811.0,5020.0,5222300,239.441972646111,234.9032708752801
2016/04/11,5118.0,5150.0,4972.0,5136.0,4672400,248.30183789522104,243.5314712144374
2016/04/12,5870.0,5880.0,5301.0,5383.0,15089900,262.40133384831523,257.040318431147
2016/04/13,5410.0,5729.0,5352.0,5722.0,10068600,271.32742413200253,266.72984719152026
2016/04/14,5771.0,5778.0,5335.0,5466.0,14206800,254.65494576636084,252.57739995817806
2016/04/15,5103.0,5300.0,5012.0,5054.0,14312700,234.87597250691593,234.97136062771108
2016/04/18,4965.0,5137.0,4920.0,4997.0,7150500,236.02702620331922,234.5623428390581
2016/04/19,5099.0,5220.0,5016.0,5179.0,6467400,233.0425717901296,233.14787527516515
2016/04/20,5154.0,5275.0,5070.0,5200.0,6042000,238.36219046719455,237.67202494501856
2016/04/21,5207.0,5271.0,5178.0,5218.0,4502300,236.79386333046827,237.45455340022548
2016/04/22,5161.0,5222.0,5093.0,5188.0,3902300,230.16356940916478,232.35952037095475
2016/04/25,5188.0,5224.0,5131.0,5148.0,3070900,230.24913486808063,232.07571047019334
2016/04/26,5105.0,5185.0,5075.0,5149.0,2753600,231.94919057406688,234.65296742141555
2016/04/27,5154.0,5187.0,5065.0,5093.0,3230500,221.65444206800285,225.9082055840334
2016/04/28,5080.0,5097.0,4920.0,4978.0,5147600,224.76685865595996,228.0134280147794
2016/05/02,4838.0,4967.0,4829.0,4942.0,3865900,225.18788195340193,228.3081127016549
2016/05/06,4950.0,4969.0,4890.0,4964.0,3160200,231.85391087024075,235.66170940831742
2016/05/09,5080.0,5244.0,5060.0,5145.0,5510900,239.61877241707884,242.2423589096171
2016/05/10,5143.0,5235.0,5105.0,5210.0,3817900,243.00416080275534,246.20165891691494
2016/05/11,5269.0,5329.0,5048.0,5206.0,7774900,241.68028093309113,243.73442746999135
2016/05/12,5200.0,5200.0,5070.0,5115.0,3897700,239.9617178058489,242.91223150479894
2016/05/13,5111.0,5227.0,5030.0,5181.0,3786000,256.7716581695856,259.97522359428046
2016/05/16,5150.0,5190.0,5024.0,5038.0,2938300,244.2036453687218,248.82296006396527
2016/05/17,5020.0,5173.0,5020.0,5157.0,3835800,247.67261711584268,251.81352415765744
2016/05/18,5180.0,5191.0,5052.0,5071.0,2977100,243.7844234593156,246.69940637602735
2016/05/19,5128.0,5166.0,5073.0,5152.0,2348300,249.7051443939883,253.50931894973905
2016/05/20,5152.0,5230.0,5127.0,5193.0,3044500,252.31524922868954,255.6128113760375
2016/05/23,5174.0,5200.0,5104.0,5118.0,2436900,244.4739785681217,247.20229925543396
2016/05/24,5118.0,5125.0,5070.0,5110.0,2319500,242.89721127850456,245.32104722813463
2016/05/25,5103.0,5120.0,4820.0,4868.0,7225800,229.27031839345764,232.1663638540802
2016/05/26,4898.0,4908.0,4705.0,4861.0,5318200,219.46319275527912,223.10815298148947
2016/05/27,4878.0,4900.0,4785.0,4810.0,2848800,216.00152767048786,219.24493307060393
2016/05/30,4767.0,4865.0,4730.0,4824.0,2812900,218.5617032206728,222.8479552406984
2016/05/31,4928.0,4932.0,4836.0,4924.0,3762800,217.69840919378174,221.61132349203018
2016/06/01,4865.0,4894.0,4777.0,4793.0,2953100,217.8989667691253,221.2553604294352
2016/06/02,4771.0,4840.0,4751.0,4774.0,2633500,225.91924189586044,229.54163712761078
2016/06/03,4852.0,4912.0,4806.0,4863.0,3303000,228.37462140313295,231.56864114282305
2016/06/06,4789.0,4847.0,4773.0,4800.0,2293000,229.1972459411889,231.70357359835805
2016/06/07,4808.0,4855.0,4774.0,4853.0,2335400,226.86417547324135,229.46871109166017
2016/06/08,4900.0,4965.0,4889.0,4947.0,2941600,227.66973809970722,230.38154456059235
2016/06/09,4941.0,4974.0,4911.0,4938.0,1984800,235.50837485675135,237.44200391235225
2016/06/10,4910.0,4938.0,4855.0,4882.0,2578300,228.52843893489427,230.722361296535
2016/06/13,4800.0,4845.0,4740.0,4740.0,2178400,229.3783706059927,231.77360290713227
2016/06/14,4707.0,4711.0,4482.0,4572.0,4306100,221.8910668119952,223.95661696605194
2016/06/15,4502.0,4642.0,4501.0,4580.0,2950300,219.50957557024813,221.08720411341528
2016/06/16,4558.0,4567.0,4388.0,4404.0,3074300,215.90498530344502,217.05284253389482
2016/06/17,4454.0,4492.0,4292.0,4299.0,3964300,211.71653301768703,213.4671531644504
2016/06/20,4360.0,4384.0,4304.0,4321.0,2580300,206.30144842578838,207.79368573139783
2016/06/21,4310.0,4459.0,4302.0,4430.0,3543000,211.16105453661459,212.5773071935841
2016/06/22,4407.0,4562.0,4377.0,4436.0,4098800,210.44535892779516,211.8691089442762
2016/06/23,4437.0,4475.0,4340.0,4378.0,2054700,206.34302124097024,207.54237750586472
2016/06/24,4389.0,4443.0,3853.0,4045.0,5609200,207.77731251496652,207.65503242641978
2016/06/27,4115.0,4280.0,4115.0,4235.0,2797500,209.13657358441205,211.04330975755624
2016/06/28,4164.0,4420.0,4150.0,4381.0,3404200,216.36298119594778,218.12461062059296
2016/06/29,4500.0,4521.0,4431.0,4470.0,2969000,213.51661824003267,214.43439326643826
2016/06/30,4510.0,4515.0,4432.0,4432.0,2579700,211.729828770742,212.60361305202485
2016/07/01,4444.0,4475.0,4390.0,4453.0,2040900,215.68863626685632,216.8851496879538
2016/07/04,4454.0,4470.0,4430.0,4455.0,1243200,214.48463561287022,216.0191289181572
2016/07/05,4447.0,4460.0,4410.0,4440.0,1162600,212.27318984058056,212.67325613400504
2016/07/06,4350.0,4354.0,4208.0,4307.0,2529900,206.41046301492793,206.21344942719807
2016/07/07,4308.0,4325.0,4213.0,4231.0,1847400,207.67747728823,205.88729341737033
2016/07/08,4172.0,4187.0,3904.0,3952.0,5265400,191.0790952858236,191.01072757975606
2016/07/11,4022.0,4029.0,3960.0,3977.0,2647900,182.2983715072855,183.1496228466164
2016/07/12,4137.0,4147.0,4013.0,4022.0,3001500,181.79551378515947,182.94740843642566
2016/07/13,4069.0,4078.0,3968.0,4003.0,2543700,174.38398106787082,175.14383546128565
2016/07/14,3836.0,4105.0,3834.0,4066.0,4485400,173.98639836004185,175.30127397102643
2016/07/15,4015.0,4039.0,3915.0,3924.0,4125900,167.52402013142554,168.97515864103886
2016/07/19,3913.0,4013.0,3850.0,4008.0,2835300,162.70685982775308,164.13770888659843
2016/07/20,4008.0,4107.0,4005.0,4075.0,1994800,164.61248049304032,165.8719188093166
2016/07/21,3970.0,4019.0,3832.0,3873.0,5035500,150.80665129662165,152.34783905501706
2016/07/22,3858.0,3973.0,3840.0,3973.0,3282600,160.63530371711306,162.16272327900026
2016/07/25,3928.0,4008.0,3911.0,3950.0,1753700,159.09314323826953,160.57466908692993
2016/07/26,3903.0,3919.0,3856.0,3867.0,2882300,160.48045907643277,161.24677506287168
2016/07/27,3865.0,3873.0,3819.0,3829.0,2664500,156.8563354116209,159.168628689075
2016/07/28,3837.0,3884.0,3701.0,3725.0,3500900,155.79908648836243,157.64309989656414
2016/07/29,3702.0,3718.0,3601.0,3703.0,4494500,153.86331443690656,155.37835797720632
2016/08/01,3673.0,3846.0,3658.0,3811.0,2500400,152.43708374018988,154.94925017401138
2016/08/02,3898.0,3973.0,3770.0,3774.0,4433400,148.0153019441619,150.93586961173156
2016/08/03,3720.0,3776.0,3630.0,3633.0,2766700,143.9855420803757,147.123142506325
2016/08/04,3645.0,3648.0,3550.0,3600.0,2870500,144.37195723328006,148.13798888504343
2016/08/05,3594.0,3649.0,3558.0,3581.0,3232500,143.94088956770594,148.11360159068275
2016/08/08,2881.0,2881.0,2881.0,2881.0,980600,111.26290126381076,115.33628812804191
2016/08/09,2899.5,3087.0,2817.0,3052.0,22240600,115.851810004111,120.06663030959268
2016/08/10,3000.0,3030.0,2980.5,3010.0,7011900,116.66251870318236,121.28977083677248
2016/08/12,3045.0,3128.0,3040.0,3070.0,4916900,113.99599814976007,118.23974960300487
2016/08/15,3070.0,3113.0,3040.0,3047.0,2773100,113.61976500590553,118.10327790795212
2016/08/16,3047.0,3060.0,2990.0,2990.0,3067200,112.76064485333002,117.25450379448286
2016/08/17,2967.5,2975.0,2880.5,2907.5,3760100,108.63862412894727,113.10617068052507
2016/08/18,2813.0,2864.0,2813.0,2821.0,4081700,108.0716077788003,111.88406794720613
2016/08/19,2815.0,2816.5,2726.0,2779.0,4027900,106.12483108911013,109.68299379037056
2016/08/22,2813.0,2880.5,2792.5,2819.5,2527600,109.12913148391839,110.97411858123867
2016/08/23,2880.0,3067.0,2867.0,2981.5,9172000,113.23475127952301,115.83062378715977
2016/08/24,2989.5,2991.5,2841.0,2872.0,5153500,106.06838609591331,108.42588035709124
2016/08/25,2818.0,2850.5,2780.0,2800.0,3655000,103.88141759038629,106.51694193062188
2016/08/26,2771.0,2775.0,2707.5,2710.5,3595400,101.87464334640495,104.81014858288489
2016/08/29,2715.0,2753.0,2681.5,2684.0,4697100,97.84400524998202,101.46714770663696
2016/08/30,2678.0,2734.5,2651.0,2710.5,4666200,100.26971594150112,103.94371612490806
2016/08/31,2748.5,2749.0,2684.0,2697.0,3597100,97.96350784448049,100.8064986411769
2016/09/01,2660.0,2725.5,2634.0,2716.5,3720300,95.11071222869852,97.65301610459736
2016/09/02,2700.0,2736.0,2663.0,2673.0,2882100,92.00522159796637,94.29864383282977
2016/09/05,2670.0,2685.5,2648.0,2658.5,2588100,89.89978879388674,92.25445248185609
2016/09/06,2630.0,2730.0,2630.0,2720.0,6583700,97.77840052327326,100.38631466827113
2016/09/07,2714.0,2752.0,2701.0,2721.0,2680800,97.3472390338819,98.54883546284971
2016/09/08,2720.0,2722.0,2650.0,2693.5,3368000,95.73327891304308,97.52301651942639
2016/09/09,2670.0,2695.0,2664.0,2665.0,2790800,93.14816579538297,95.30631355384332
2016/09/12,2618.0,2669.0,2581.5,2591.5,4334700,91.077591973206,93.4233725989832
2016/09/13,2599.0,2626.0,2592.5,2600.0,2134100,89.224394904763,91.51784779342962
2016/09/14,2590.0,2633.0,2590.0,2606.5,1803900,92.31943251988793,94.542124544651
2016/09/15,2600.0,2622.0,2564.0,2566.0,2235300,95.02620808335244,96.97721007315774
2016/09/16,2562.5,2628.5,2541.0,2628.5,2807300,94.70611825208609,96.53796907562952
2016/09/20,2600.5,2628.0,2584.5,2597.0,2585400,94.05220852729072,95.64631489582027
2016/09/21,2630.5,2700.0,2624.0,2700.0,3493700,95.94710340386371,96.81531891024407
2016/09/23,2748.0,2751.0,2683.0,2720.5,4175100,96.5874335182941,97.49339818342922
2016/09/26,2757.5,2876.0,2756.0,2835.5,7018700,101.75364959044562,102.751362725761
2016/09/27,2785.5,2856.5,2781.0,2856.5,3788600,107.84129900927182,108.34006782401974
2016/09/28,2886.5,2890.0,2816.5,2867.5,4459900,107.15498045480012,107.59808077100423
2016/09/29,2867.0,2875.5,2831.5,2839.5,3347900,104.23504164466397,105.45685319173108
2016/09/30,2777.0,2836.0,2752.5,2806.5,3225000,106.40663858292963,107.86912490476132
2016/10/03,2850.5,2850.5,2754.0,2790.0,3759000,101.35520440835701,102.78862578691749
2016/10/04,2794.0,2974.5,2790.0,2936.5,10172000,107.15249846165416,108.58547477917257
2016/10/05,2968.0,2999.5,2891.5,2953.0,7503500,111.31542378690715,113.19993713241219
2016/10/06,3003.0,3096.0,2973.5,3091.0,8196700,121.19013757152244,123.52125350082663
2016/10/07,3095.0,3251.0,3083.0,3140.0,11523100,122.90596172587375,126.07331800980508
2016/10/11,2800.0,2874.0,2750.0,2794.0,15293600,102.83761353153176,106.40405616600181
2016/10/12,2794.0,2828.5,2765.0,2814.5,6342300,105.2130736191601,108.5110314562516
2016/10/13,2800.0,2841.0,2786.5,2841.0,4346700,106.2028670424043,109.32466607236245
2016/10/14,2811.0,2821.5,2778.0,2799.0,5254100,102.405702332777,105.48281969517184
2016/10/17,2765.0,2774.5,2723.5,2727.5,4560500,98.12837316290145,101.0809098840993
2016/10/18,2711.0,2715.5,2656.0,2690.5,6464800,96.83872173140622,99.71624049048214
2016/10/19,2663.0,2741.5,2650.5,2720.5,3676100,99.64499685903668,102.70074900060742
2016/10/20,2732.5,2755.0,2690.5,2709.5,3243800,99.05002371256315,102.55939399856528
2016/10/21,2711.0,2722.0,2675.0,2677.5,2326600,98.75879018247267,102.20548104221206
2016/10/24,2718.5,2729.0,2687.0,2694.5,2287400,99.80695928589779,103.48927704677561
2016/10/25,2709.5,2715.0,2684.0,2697.5,1838100,94.57866408850471,97.99617300829317
2016/10/26,2700.0,2709.0,2681.0,2700.0,1527200,93.1620148956555,95.91110560084326
2016/10/27,2690.0,2703.0,2680.5,2693.5,1369800,89.47616154048941,91.70545685239205
2016/10/28,2670.5,2702.0,2667.0,2700.0,2736600,88.52798390024776,90.57196468893373
2016/10/31,2689.0,2689.0,2650.0,2667.0,2544700,84.65298524326649,86.54391217129672
2016/11/01,2669.0,2670.0,2643.0,2660.0,1732200,84.74429444261062,86.35124676612003
2016/11/02,2636.0,2638.0,2578.0,2604.0,2942800,84.45007801898264,86.06221986029765
2016/11/04,2560.0,2560.5,2508.0,2527.0,3154900,86.76730432348185,88.37722922129726
2016/11/07,2535.0,2660.0,2535.0,2644.5,4206400,89.49624677675723,91.36613321910167
2016/11/08,2660.0,2660.0,2508.0,2510.5,5121300,82.57217620508669,84.02525938492296
2016/11/09,2525.0,2619.0,2400.0,2447.0,6808800,82.47397509073214,83.45496525171887
2016/11/10,2547.0,2617.0,2511.0,2605.5,4830600,83.16534899474696,84.78663352510402
2016/11/11,2701.0,2775.0,2676.5,2729.5,6526200,85.70670610601586,87.43110067934019
2016/11/14,2740.0,2769.0,2694.5,2701.0,3763600,81.38495970048142,83.2490493841689
2016/11/15,2690.5,2708.5,2644.0,2701.0,2550400,81.26217391711589,82.68507025375193
2016/11/16,2700.0,2768.0,2687.5,2735.0,3627500,81.68923932384433,82.87264708181799
2016/11/17,2700.0,2733.0,2677.0,2687.5,3526000,80.86558207049083,81.79520221876355
2016/11/18,2680.0,2682.0,2630.5,2662.5,3530000,76.95634599596076,78.0606008742037
2016/11/21,2610.0,2635.0,2561.5,2602.0,4127400,73.85576958763019,74.69569005464906
2016/11/22,2602.0,2653.0,2601.5,2647.5,2790200,74.9117515996974,75.76190928031812
2016/11/24,2656.0,2662.0,2606.5,2613.5,2655000,71.29273852443029,71.924301219503
2016/11/25,2586.5,2609.0,2568.0,2598.5,3389900,71.34353268156057,71.80242827336282
2016/11/28,2590.0,2615.5,2576.0,2612.0,1965900,71.2802000489412,71.25069727104771
2016/11/29,2580.0,2608.5,2576.5,2577.0,2410600,69.26618850988784,69.1185391781768
2016/11/30,2570.0,2573.5,2517.0,2533.5,3648600,67.97261696362378,68.059059900944
2016/12/01,2556.0,2556.0,2507.0,2520.0,3615300,66.83607090191882,67.06016301686824
2016/12/02,2505.0,2521.0,2495.5,2505.5,2728900,66.38638913683394,66.79121019300086
2016/12/05,2490.0,2515.0,2474.5,2478.5,2272700,65.49430081489132,65.66043404459599
2016/12/06,2466.0,2466.5,2424.0,2425.5,3597200,64.31192823137171,64.33037946010114
2016/12/07,2403.0,2424.5,2400.0,2414.5,3145000,63.639839522847794,63.64541385443433
2016/12/08,2385.0,2386.5,2316.0,2347.5,5360100,61.10957180910137,61.30866264579403
2016/12/09,2340.0,2437.0,2339.0,2424.5,4987300,58.75938177379558,58.963023210279296
2016/12/12,2442.0,2450.0,2406.0,2423.0,3219600,57.94863932835352,58.64588200321062
2016/12/13,2432.5,2520.0,2432.5,2518.0,4148600,59.79932446516014,60.486778062880745
2016/12/14,2565.0,2574.5,2495.0,2499.5,3604600,59.36283496443856,60.07675469410273
2016/12/15,2457.0,2516.5,2457.0,2498.0,2947400,59.158931025374294,59.7548727339705
2016/12/16,2498.0,2504.0,2474.0,2478.0,2509400,56.331646923368915,57.057256289059765
2016/12/19,2480.5,2520.0,2478.5,2496.5,2363700,56.832513593262014,57.59265697489818
2016/12/20,2475.5,2518.5,2466.0,2516.0,2620400,55.97135106867401,57.07450237834999
2016/12/21,2520.0,2531.5,2505.0,2509.0,2554100,57.41199497195567,58.59285056428944
2016/12/22,2475.0,2512.5,2422.0,2439.5,4893700,55.86999572289552,57.01114232719675
2016/12/26,2455.0,2471.0,2441.0,2453.0,2657100,55.85822664006527,57.07405880826997
2016/12/27,2485.0,2613.0,2482.0,2594.5,9012700,58.484522728447374,60.06012236210656
2016/12/28,2612.5,2613.0,2556.0,2583.0,3980000,58.41415165886439,59.950392689665065
2016/12/29,2576.5,2603.5,2543.5,2549.5,3210900,57.56937268985342,59.3921839861543
2016/12/30,2540.0,2564.5,2531.5,2555.5,2242900,57.797748936592974,59.52333335371992
2017/01/04,2565.0,2573.0,2521.0,2534.0,3267700,55.01821263916199,56.75861683992856
2017/01/05,2539.0,2593.5,2537.0,2582.0,2916500,55.927761665092945,57.58635270285342
2017/01/06,2566.0,2599.0,2556.0,2597.5,2934800,57.077132420659915,58.460004508342514
2017/01/10,2638.0,2671.0,2609.0,2625.0,4817300,58.912761538800915,60.02788270424559
2017/01/11,2630.0,2636.0,2584.0,2593.5,2690000,58.3246053570482,59.29989353779871
2017/01/12,2558.0,2568.0,2488.5,2501.0,4764700,60.4473578757251,61.45660968692363
2017/01/13,2480.0,2510.5,2470.5,2506.5,2673400,59.709855811572666,60.969958391401825
2017/01/16,2456.5,2478.5,2400.0,2411.0,5092600,58.89522267483608,60.14330638257896
2017/01/17,2431.5,2448.0,2402.0,2418.5,3101200,60.945126198780976,61.96568745458136
2017/01/18,2438.0,2441.0,2395.0,2409.0,2395400,59.97238596170536,61.05152346473329
2017/01/19,2409.0,2425.0,2395.0,2397.0,2331900,56.451175481445404,57.24816162211701
2017/01/20,2380.0,2380.0,2298.5,2327.5,6859000,55.175221936352656,55.79878269460017
2017/01/23,2368.5,2387.5,2320.0,2320.0,8536900,55.44549233699293,56.28309443529999
2017/01/24,2315.0,2347.0,2300.0,2307.5,4375800,54.04663407261027,54.87737586206342
2017/01/25,2310.5,2324.5,2300.0,2318.5,2728200,54.1527639927868,55.35035523376861
2017/01/26,2321.0,2340.5,2308.0,2324.5,2948400,53.251121256777864,54.6281610047231
2017/01/27,2301.0,2334.5,2285.0,2314.5,3525000,54.323667633718244,55.801749950693036
2017/01/30,2321.5,2338.5,2308.0,2332.5,2833200,52.9907900783407,54.43263717434633
2017/01/31,2313.5,2337.5,2305.0,2306.5,2492000,50.83122529710729,52.032080717090736
2017/02/01,2311.0,2403.0,2304.5,2354.5,4625700,50.607681603524924,51.88537426625608
2017/02/02,2395.0,2440.5,2334.0,2339.0,6054000,53.52473904302564,54.613812206937226
2017/02/03,2389.0,2421.0,2350.0,2412.5,4346200,53.66223618327444,54.54027690320016
2017/02/06,2462.5,2512.5,2449.5,2476.5,5424800,53.95323135281602,54.66686208082686
2017/02/07,2475.0,2486.0,2435.5,2446.0,3079100,53.37502859712811,53.98336233723171
2017/02/08,2449.0,2469.5,2436.5,2467.0,2096800,55.06057939731912,55.27735495952193
2017/02/09,2467.0,2481.5,2452.0,2475.5,2188900,55.25489659442465,55.2239984217085
2017/02/10,2498.5,2526.5,2484.0,2515.0,3646600,54.77142612089858,54.907656190952196
2017/02/13,2538.5,2552.5,2517.0,2535.5,2782700,54.91109259823159,55.44781246735947
2017/02/14,2540.5,2540.5,2503.0,2504.5,2371800,54.35475463466363,54.89029120113972
2017/02/15,2527.5,2538.5,2513.5,2515.0,1822200,55.00674508041773,55.72766560801933
2017/02/16,2510.0,2514.0,2470.0,2493.0,2729400,54.18008609478808,54.710860136406325
2017/02/17,2470.5,2521.0,2460.0,2515.5,2337700,54.224448225285215,54.6328236286705
2017/02/20,2510.0,2525.0,2488.0,2523.0,1664400,53.54996855412906,53.77008273613894
2017/02/21,2520.0,2535.5,2516.0,2532.5,1399300,53.15410817057617,53.26940739387756
2017/02/22,2535.5,2535.5,2501.5,2514.5,1609700,52.46550904581226,52.70199873374902
2017/02/23,2515.0,2524.5,2500.5,2522.0,1555200,52.2590287543091,52.69708935718012
2017/02/24,2511.0,2527.0,2502.5,2511.5,1838600,52.058972414482994,52.45650619848434
2017/02/27,2490.0,2514.5,2490.0,2502.5,1651200,50.17978181264626,50.61571352163926
2017/02/28,2512.0,2523.0,2485.5,2487.5,2172600,48.467468908200466,48.80924481533766
2017/03/01,2488.0,2511.0,2471.0,2505.5,2360300,48.794062539950666,49.103266358407524
2017/03/02,2529.0,2563.0,2522.5,2527.5,3222100,48.46309985306826,48.91563095980878
2017/03/03,2529.5,2541.5,2491.0,2501.0,2009800,50.80684026220958,51.3186386068808
2017/03/06,2501.0,2514.5,2482.0,2484.0,1591400,48.245652028307425,48.42369541850412
2017/03/07,2480.5,2506.5,2473.0,2505.0,1940600,49.14878847791241,49.096111939530765
2017/03/08,2494.0,2499.0,2456.5,2462.0,2735700,48.2436417233697,47.969043394065864
2017/03/09,2478.5,2482.0,2457.0,2458.0,1576200,47.480273814813295,47.33890737924064
2017/03/10,2490.0,2493.0,2462.0,2476.0,3374300,46.53742661522607,46.514714131639245
2017/03/13,2481.0,2498.0,2474.0,2495.0,1715700,46.99602921635506,46.838841800300564
2017/03/14,2495.0,2496.0,2476.5,2486.5,1631600,46.56635740422409,46.476756444550595
2017/03/15,2475.0,2483.0,2444.0,2449.5,2273900,46.27068180666863,46.20632515818899
2017/03/16,2439.0,2444.5,2423.0,2440.5,2192800,46.19881649130937,46.175812359884745
2017/03/17,2424.0,2432.5,2408.5,2411.0,2519000,46.73270787213975,46.85578445604486
2017/03/21,2400.0,2411.0,2385.5,2400.0,1870100,46.6616672458718,46.660178583588525
2017/03/22,2365.5,2383.5,2359.0,2374.5,2192100,46.15845510497427,46.089879859285965
2017/03/23,2368.0,2388.0,2354.5,2376.5,1792300,44.7824239359019,44.78408866813414
2017/03/24,2370.0,2391.0,2337.5,2387.0,2550900,45.20423845446898,45.31219687173391
2017/03/27,2374.0,2382.5,2345.5,2357.0,1917300,43.99538748201199,44.19039828452791
2017/03/28,2378.0,2416.0,2376.5,2408.0,2582800,44.45071763358041,44.50426206830817
2017/03/29,2408.0,2408.0,2381.5,2392.5,1961000,42.93754678914156,42.996831484470896
2017/03/30,2376.0,2378.0,2309.5,2318.0,3689700,42.765525795362905,42.901827675024265
2017/03/31,2335.5,2359.0,2304.5,2304.5,3045600,41.896012929442705,42.16778549760919
2017/04/03,2304.5,2321.5,2278.0,2308.0,2868000,40.443227074302406,40.88992956320263
2017/04/04,2305.0,2331.0,2286.5,2307.0,2380200,40.09904061897069,40.417011577295206
2017/04/05,2305.0,2340.0,2298.5,2313.0,1965000,40.41119678603455,40.864251997088544
2017/04/06,2318.0,2350.0,2303.0,2307.5,2760500,39.94727095395544,40.55517678249277
2017/04/07,2320.5,2335.0,2296.0,2317.0,2343900,39.12471041883505,39.894627575202335
2017/04/10,2332.0,2342.0,2302.5,2308.5,1818600,37.66237531167511,38.35779769952553
2017/04/11,2291.5,2319.0,2286.0,2293.0,2114600,36.19182874390333,37.019929229960944
2017/04/12,2280.0,2286.5,2247.5,2255.0,2780600,34.79684915213597,35.49111500345074
2017/04/13,2230.5,2251.0,2227.0,2236.0,2192700,37.54238685523335,38.206101589252334
2017/04/14,2225.0,2237.5,2200.0,2206.5,2256000,40.116402930928444,40.73599348017788
2017/04/17,2195.0,2251.5,2195.0,2238.0,2184500,39.71335144992776,40.33962791145472
2017/04/18,2238.5,2248.0,2216.0,2229.0,1759600,39.43094141894252,39.865797064625674
2017/04/19,2222.5,2272.0,2222.5,2224.5,2239800,39.23797884429673,39.707556306153165
2017/04/20,2221.0,2230.0,2202.0,2214.5,1982300,39.98296538687965,40.159468217616876
2017/04/21,2240.0,2240.0,2216.0,2233.0,1880800,40.618594447578865,40.697242080914705
2017/04/24,2256.0,2263.0,2234.5,2253.0,1869900,40.43379403005014,40.81352685371466
2017/04/25,2255.0,2267.5,2241.0,2265.0,1696200,40.009559428591906,40.296749047984484
2017/04/26,2265.0,2269.0,2243.5,2256.5,2042400,39.71454288965678,39.89350356350462
2017/04/27,2260.5,2276.0,2249.5,2258.5,1570700,39.27579301802117,39.579254239030156
2017/04/28,2280.0,2307.0,2269.0,2297.0,2811600,39.096046001001575,39.444474826911076
2017/05/01,2300.5,2303.0,2266.5,2300.5,1640300,38.92490788763023,39.300097868947795
2017/05/02,2285.0,2316.5,2282.0,2303.0,1857100,38.42781513166829,38.85332271474782
2017/05/08,2330.0,2400.0,2326.5,2391.0,4484300,37.87734349501462,38.29058032137449
2017/05/09,2398.0,2446.5,2395.0,2440.5,4774100,39.10480979624798,39.53179070017491
2017/05/10,2449.0,2452.0,2410.5,2446.0,2739000,39.14315629111324,39.54799321554368
2017/05/11,2448.5,2463.0,2230.0,2337.0,9580100,38.10110526930846,38.50291080010719
2017/05/12,2350.0,2424.0,2341.5,2398.5,4532500,38.21128348091944,38.66431928918117
2017/05/15,2397.0,2442.5,2390.5,2432.0,3050100,40.00455832547045,40.379857387651164
2017/05/16,2417.0,2436.0,2393.0,2432.0,2145300,39.42469077749303,39.76544994767362
2017/05/17,2411.5,2431.0,2410.0,2430.0,1386700,40.25287712047129,40.69916442647711
2017/05/18,2400.0,2424.5,2397.0,2415.0,2376500,39.90578778307715,40.289933826792065
2017/05/19,2404.0,2414.5,2380.0,2388.5,2221100,39.29310857337853,39.61529018285439
2017/05/22,2370.0,2405.0,2363.0,2382.0,2132900,39.390232689848396,39.7437775922914
2017/05/23,2380.0,2393.0,2360.0,2363.5,1663100,38.90772012646318,39.1982404154136
2017/05/24,2366.0,2373.5,2335.5,2348.0,1737000,40.93927600154926,41.12196319483878
2017/05/25,2342.5,2354.5,2334.0,2341.5,1785200,40.77671321457164,40.98075332968658
2017/05/26,2335.5,2370.5,2334.0,2345.0,2004500,41.68989028123356,41.93434239024324
2017/05/29,2347.5,2378.5,2345.0,2345.0,1628000,42.15381510984938,42.289415994605164
2017/05/30,2339.0,2343.0,2300.0,2309.5,2330500,41.08024834349103,41.15081686457289
2017/05/31,2315.5,2331.0,2297.5,2302.0,2530900,41.441859140704125,41.710826109593896
2017/06/01,2308.5,2341.0,2306.0,2332.5,2278300,40.74614627314682,41.02418781295821
2017/06/02,2329.5,2353.0,2309.5,2336.0,2582800,39.620273385911496,39.843342365583084
2017/06/05,2334.0,2385.5,2315.0,2344.5,2139900,40.14863254505771,40.42365870947901
2017/06/06,2337.0,2369.5,2318.5,2320.0,2473600,39.898994017526675,40.14942932756478
2017/06/07,2317.0,2322.5,2301.5,2311.0,1713900,39.343228583371,39.51612492998072
2017/06/08,2315.0,2318.5,2281.0,2284.5,2170500,38.732821378638654,38.9041154346568
2017/06/09,2250.5,2275.0,2243.5,2251.0,3030100,38.24754372201908,38.54908746663783
2017/06/12,2230.0,2237.0,2207.0,2232.0,3344200,37.889235747233535,38.00521504194022
2017/06/13,2236.0,2240.0,2208.0,2221.5,1971500,38.72488165563891,38.78363522306383
2017/06/14,2340.5,2369.0,2289.0,2335.5,12595700,40.827494491675054,40.913099663051106
2017/06/15,2339.0,2433.0,2339.0,2422.5,10233700,42.80912378155222,43.00402212292006
2017/06/16,2435.0,2487.0,2425.0,2459.0,10204400,44.741451082671766,44.827611661728476
2017/06/19,2462.5,2506.0,2462.5,2500.0,6065400,46.02927601264953,46.08147036809967
2017/06/20,2500.0,2514.5,2498.0,2501.5,3755000,45.13133830531558,45.17730645931782
2017/06/21,2499.0,2504.5,2479.0,2499.0,4063900,44.94087656525398,44.905500136401685
2017/06/22,2500.0,2511.5,2498.0,2501.0,2551100,46.12716336067791,46.0703753778358
2017/06/23,2502.5,2526.0,2502.5,2511.0,2625800,46.1027340280401,46.402415832054835
2017/06/26,2511.0,2530.0,2501.0,2528.0,2024800,45.34497722186209,45.384493117007054
2017/06/27,2530.0,2540.5,2511.0,2513.5,1656700,43.4673278760181,43.39650661717967
2017/06/28,2505.0,2514.5,2468.0,2473.0,2578400,42.782302637709044,42.758278248159336
2017/06/29,2477.0,2488.0,2438.5,2469.0,2393300,42.91285917031843,42.733837353714335
2017/06/30,2468.0,2468.0,2438.0,2451.0,2275600,43.087375903008294,42.83535935367965
2017/07/03,2441.5,2475.0,2441.0,2449.0,1720800,43.24067635807873,42.971079954704415
2017/07/04,2452.5,2468.0,2429.5,2434.5,1758600,42.88894232160567,42.804826818493815
2017/07/05,2434.5,2457.5,2430.0,2453.0,2157100,43.61657203067871,43.42708043416822
2017/07/06,2470.0,2489.0,2460.0,2480.0,2930500,44.78412953218127,44.48524416991722
2017/07/07,2480.0,2491.0,2464.5,2475.0,2517600,47.47319411967021,47.14856437366867
2017/07/10,2500.0,2500.0,2467.5,2468.5,2218400,48.55525064505389,48.24951755892989
2017/07/11,2465.0,2494.0,2461.0,2474.5,1697500,49.03427200035662,48.614995271620955
2017/07/12,2474.0,2482.5,2441.0,2442.5,2393000,49.2770513194584,48.99380181600252
2017/07/13,2455.0,2476.5,2450.0,2452.0,2141700,49.162184744675535,48.83513898314285
2017/07/14,2450.0,2461.0,2424.0,2449.0,2275800,51.17805403638055,50.57046020964266
2017/07/18,2440.0,2452.0,2423.0,2439.0,1668300,50.88365348991369,49.997202259432456
2017/07/19,2439.0,2462.0,2433.5,2441.5,1246500,49.921961375880045,49.15973688026023
2017/07/20,2437.0,2467.0,2437.0,2448.5,1570700,52.7554796407787,51.8526336169556
2017/07/21,2465.0,2484.5,2455.0,2470.5,1794900,51.43942012444751,50.64296849518575
2017/07/24,2466.0,2470.5,2432.0,2438.0,1907600,51.35394931985393,50.44693254380833
2017/07/25,2439.5,2465.0,2439.5,2453.0,1405100,52.07889764098221,51.268452185872505
2017/07/26,2451.0,2467.0,2447.0,2448.0,1344600,53.138443799925604,52.131259278481565
2017/07/27,2450.0,2466.0,2445.5,2446.5,1685900,53.89356904297021,52.76545512781469
2017/07/28,2430.0,2437.0,2402.0,2428.0,2330100,54.43037039385076,53.49676302056928
2017/07/31,2424.0,2432.0,2412.5,2416.0,1891900,52.92960282179989,51.77157368364437
2017/08/01,2416.0,2440.5,2416.0,2430.5,1575800,52.81895238209574,51.41811229134456
2017/08/02,2427.5,2440.0,2355.5,2380.0,3350700,52.47071931041412,50.984574919443425
2017/08/03,2404.0,2439.0,2386.0,2396.0,2505000,54.01363976724266,52.264087979227995
2017/08/04,2395.5,2396.0,2333.0,2336.0,2644100,53.143135806893305,51.17652444062622
2017/08/07,2342.0,2352.5,2312.5,2318.0,1821700,66.79705873633455,64.07764445280209
2017/08/08,2310.0,2312.0,2288.5,2304.0,2052300,63.293247710651066,60.81945508983555
2017/08/09,2296.0,2298.0,2271.0,2284.5,1794300,64.34795229451237,61.67974881922099
2017/08/10,2283.5,2286.5,2261.0,2282.5,1786000,63.76015349489301,60.831329371902896
2017/08/14,2264.5,2265.5,2242.5,2245.0,1909200,63.61910380307515,60.6656531733069
2017/08/15,2255.0,2273.0,2248.0,2260.5,1612500,63.51995994764651,60.73897428268472
2017/08/16,2253.0,2257.0,2227.5,2255.5,1797000,65.84360821231824,62.94011124779705
2017/08/17,2260.0,2274.5,2259.5,2261.5,1367000,67.07873488606613,64.0803652455904
2017/08/18,2247.0,2247.5,2229.0,2236.5,1481000,68.39014968909545,65.27876869000093
2017/08/21,2225.0,2237.5,2214.5,2218.0,1444700,67.32901575878485,64.29068120209106
2017/08/22,2214.0,2229.0,2213.5,2214.0,1014000,63.20005235464939,60.367711505868705
2017/08/23,2231.5,2236.0,2215.5,2217.0,1355300,65.92379515767317,63.04155515161038
2017/08/24,2212.5,2217.5,2200.5,2201.5,1368600,67.25881152612654,64.40662526692606
2017/08/25,2214.5,2229.0,2209.5,2210.5,1125200,68.5907220175032,65.76897206796667
2017/08/28,2216.0,2241.0,2216.0,2236.5,1357900,71.70663600276424,68.38769087474918
2017/08/29,2231.0,2243.5,2212.0,2224.5,1213200,70.89178645493044,67.4331318272808
2017/08/30,2239.0,2246.5,2213.0,2213.0,1775100,71.03673876971796,67.85945548790335
2017/08/31,2222.5,2254.5,2217.5,2241.0,1816000,71.07691852942656,68.21295245494271
2017/09/01,2250.0,2256.0,2230.5,2236.5,1143200,71.91805464438234,69.26532909158114
2017/09/04,2230.5,2243.0,2210.0,2214.0,1328100,72.7330537310401,69.79257812916228
2017/09/05,2220.0,2225.0,2203.5,2209.0,1461500,71.56176920280399,69.05557756858096
2017/09/06,2205.0,2222.0,2185.0,2208.0,1740400,71.31441456333876,68.78757624949424
2017/09/07,2210.5,2218.5,2197.0,2198.5,1638700,71.36413756063625,68.73792550587888
2017/09/08,2293.0,2332.5,2273.0,2322.5,6366900,76.70814797961918,73.4936077866542
2017/09/11,2389.5,2420.5,2368.5,2375.5,5220800,78.19206881787984,75.22486407864986
2017/09/12,2376.0,2387.5,2364.5,2375.0,1886900,77.26969833765632,74.2573031902196
2017/09/13,2382.0,2391.5,2372.5,2380.5,1446200,76.38084175291408,73.33547571258944
2017/09/14,2379.5,2404.0,2371.0,2385.0,1710500,76.98035007238308,74.09535762502361
2017/09/15,2384.5,2414.5,2381.0,2400.5,2604100,75.77479199522014,73.08007243039609
2017/09/19,2424.0,2435.0,2420.0,2430.0,2182900,76.02016827134264,73.88315030185164
2017/09/20,2422.5,2429.5,2413.0,2418.0,1552400,74.1103720283374,72.62885110396965
2017/09/21,2430.0,2439.5,2417.5,2421.0,1392200,73.27476908021391,71.96968147878388
2017/09/22,2421.0,2433.5,2413.5,2416.5,1264500,73.32245801675424,72.01413815370447
2017/09/25,2430.0,2458.0,2426.5,2449.5,1906600,70.06874980473363,68.98473870969872
2017/09/26,2445.5,2466.0,2441.0,2445.0,1902300,70.24275821768782,69.0397107346568
2017/09/27,2426.5,2440.5,2417.5,2434.5,1052700,68.97442664047148,67.88031033723964
2017/09/28,2438.0,2438.0,2405.0,2420.5,1413200,69.88306933977859,68.3127863559069
2017/09/29,2447.5,2558.0,2444.5,2549.5,7082300,73.40966326238508,71.75094133910171
2017/10/02,2580.0,2645.0,2580.0,2631.0,6924200,76.7261069935687,74.98017882298278
2017/10/03,2581.0,2620.0,2560.0,2617.0,4115900,72.35233569689174,70.90647066156336
2017/10/04,2608.0,2616.5,2582.0,2594.0,2097600,71.62819092720318,70.28274495808783
2017/10/05,2581.0,2602.0,2565.5,2577.5,2071800,68.31158028062794,67.10322431767126
2017/10/06,2570.0,2584.0,2552.0,2559.0,2345400,66.40872355012769,65.24005648205714
2017/10/10,2560.0,2581.0,2557.5,2571.0,2288300,75.23202251134337,73.62780858822899
2017/10/11,2579.0,2604.0,2576.5,2585.5,1798600,74.08468989226519,72.6734606211926
2017/10/12,2599.0,2621.0,2584.5,2608.5,2908600,73.49885909578329,72.49203677579497
2017/10/13,2617.0,2619.0,2600.0,2606.5,1633600,74.19970206137037,73.424026252543
2017/10/16,2600.0,2623.5,2596.0,2617.0,1939100,76.28799489618707,75.48734534611583
2017/10/17,2610.0,2610.0,2571.5,2587.0,1965900,76.44802434315538,75.68801444107457
2017/10/18,2591.0,2648.0,2588.0,2643.5,2610000,77.31938697780066,76.46733962119664
2017/10/19,2659.5,2708.0,2653.0,2702.5,4357900,80.14992196576881,79.03045795386319
2017/10/20,2699.5,2711.0,2681.5,2701.0,2788700,80.78901718387218,79.58171181999965
2017/10/23,2719.0,2730.0,2707.0,2712.0,2107700,79.94945111293751,78.87077681278343
2017/10/24,2700.0,2714.0,2686.5,2705.0,1948000,79.85964572006533,78.61197064531805
2017/10/25,2667.0,2674.5,2617.5,2634.0,4014100,78.16013977273113,77.01710411872975
2017/10/26,2621.0,2631.0,2591.5,2609.0,2743500,77.24339866411069,76.32441014822693
2017/10/27,2672.0,2672.5,2623.5,2652.0,4380200,77.86214658460732,77.22289288526251
2017/10/30,2648.0,2648.0,2567.5,2583.0,6277500,76.66933255150997,76.18674495328256
2017/10/31,2579.5,2605.0,2571.5,2597.5,2791000,77.37993346662194,77.03771730709578
2017/11/01,2610.0,2614.5,2592.5,2610.0,1834500,76.60169289981593,76.76640795415044
2017/11/02,2619.0,2626.0,2605.0,2614.5,1745400,77.6016350725739,77.6823028671953
2017/11/06,2618.0,2623.5,2591.0,2602.5,2049000,74.96957080900467,74.81373958910098
2017/11/07,2600.0,2607.0,2531.0,2587.0,3337900,77.14244991765597,77.48558097033863
2017/11/08,2566.0,2602.5,2550.0,2602.0,2290300,75.41719000291562,76.12121518444549
2017/11/09,2601.5,2606.5,2530.0,2550.0,3084900,74.2279073982766,74.29401633069031
2017/11/10,2524.0,2569.0,2521.5,2538.0,1753400,71.22916326384944,71.18153027737411
2017/11/13,2520.0,2530.0,2505.5,2511.0,1458300,73.40806469204107,72.97590433994421
2017/11/14,2500.0,2501.0,2473.0,2486.0,2074100,72.66199900476063,72.59117216143164
2017/11/15,2470.0,2474.0,2442.0,2444.5,2485100,72.4747164839584,72.85786312275536
2017/11/16,2439.5,2476.5,2426.5,2464.5,2343100,73.2869185973677,74.07561147315499
2017/11/17,2463.5,2487.5,2448.0,2461.5,1951300,74.16683220842421,74.87534185929272
2017/11/20,2435.0,2440.0,2408.0,2425.5,1926100,75.81540968235532,76.43864076806034
2017/11/21,2441.5,2463.0,2422.5,2426.0,1926900,74.24608505180625,74.88985001476847
2017/11/22,2469.5,2528.0,2460.0,2504.5,3468400,78.00324199394036,78.72859654521727
2017/11/24,2484.0,2517.5,2470.5,2503.0,2886600,78.51444141516708,79.22819978094661
2017/11/27,2531.0,2566.5,2528.5,2545.0,3078600,79.5075936204951,80.59097528730031
2017/11/28,2535.0,2537.5,2505.0,2511.0,2339900,79.32929284950411,80.75065858438147
2017/11/29,2521.5,2539.0,2502.5,2520.0,4927800,80.58928315015613,81.82963356940888
2017/11/30,2521.0,2569.0,2492.0,2559.0,2351600,82.72680159361579,84.04900278155093
2017/12/01,2576.0,2604.5,2559.0,2565.5,2507400,82.68245915208038,84.23870761753398
2017/12/04,2570.0,2577.5,2554.5,2565.0,1859700,83.28998312291152,84.96181094069179
2017/12/05,2551.5,2556.0,2529.0,2540.5,1895900,85.00903322555907,86.39108095667527
2017/12/06,2530.5,2536.0,2483.5,2485.0,1987700,85.83998271058164,86.89966155192363
2017/12/07,2475.5,2503.5,2469.0,2484.5,1835900,88.27716039946141,89.627461103522
2017/12/08,2477.5,2517.5,2477.5,2511.0,2208900,86.24805233663616,87.58411565323031
2017/12/11,2520.0,2541.0,2512.5,2540.0,1203400,87.53742543290466,88.53157924058587
2017/12/12,2540.0,2553.5,2526.5,2534.0,975100,84.72272621624978,85.39773082425863
2017/12/13,2538.0,2603.5,2536.5,2583.5,3316600,87.4444129319453,87.82666199472125
2017/12/14,2600.0,2617.0,2571.5,2582.5,2132400,87.80017000872905,88.20697979955308
2017/12/15,2598.0,2644.0,2588.0,2633.5,3952000,91.42204627086909,91.88768054450298
2017/12/18,2650.0,2675.0,2645.0,2675.0,2780700,90.72705446731236,91.30413912333864
2017/12/19,2664.0,2691.5,2663.5,2668.0,2538100,90.39819814721534,90.68760536364127
2017/12/20,2678.0,2718.5,2668.0,2709.0,2567300,91.71206564911415,91.59501929144143
2017/12/21,2719.0,2721.5,2683.5,2710.5,2151200,94.40113341201342,94.11340866243802
2017/12/22,2686.0,2690.5,2652.5,2665.0,1784800,92.01070290506645,91.36141777842782
2017/12/25,2665.0,2674.0,2655.5,2658.0,874700,91.62332422608232,90.97968313494353
2017/12/26,2643.0,2660.0,2632.5,2637.5,1319100,86.16129000401651,85.47739608933553
2017/12/27,2637.0,2640.0,2615.5,2634.0,1092900,86.35422107255735,85.64607532661827
2017/12/28,2636.0,2653.5,2632.5,2649.5,1102500,87.32485301725006,86.74658381690367
2017/12/29,2641.5,2645.0,2618.5,2626.0,1043200,86.28043279526193,85.85712377025625
2018/01/04,2660.0,2683.5,2654.0,2680.0,1982000,86.19635317553453,86.63529465703972
2018/01/05,2682.0,2689.0,2657.0,2689.0,1267500,84.9252829858354,85.51844498296494
2018/01/09,2704.0,2733.5,2696.5,2703.5,1949700,83.34865116345546,84.07562699920771
2018/01/10,2696.0,2702.5,2675.5,2688.0,1242400,84.37067648312144,84.92594551544603
2018/01/11,2671.5,2683.5,2649.0,2661.0,1435700,85.86445352336915,86.52325626534272
2018/01/12,2644.0,2647.5,2622.0,2631.5,1238700,85.60622832081636,86.44598692697572
2018/01/15,2637.5,2666.5,2637.5,2647.5,889400,88.41846035505702,89.21830554876044
2018/01/16,2647.0,2648.0,2617.0,2626.5,1170600,85.30279586832388,86.51910866233399
2018/01/17,2550.0,2599.5,2550.0,2598.5,1925400,85.38785839622932,86.36175271324349
2018/01/18,2628.5,2652.0,2619.5,2622.0,2064200,87.79273000454089,89.0632954353752
2018/01/19,2632.5,2678.0,2632.0,2678.0,2104500,92.48927658057342,93.36654306140227
2018/01/22,2681.0,2696.0,2668.0,2691.5,1046700,92.02105280537936,92.87742913693945
2018/01/23,2690.0,2704.0,2670.0,2688.0,1667000,90.72267661886228,91.81868851572938
2018/01/24,2680.0,2726.5,2675.0,2721.5,2376200,93.43914827758559,93.94233941270282
2018/01/25,2705.5,2721.0,2698.5,2708.0,1247100,95.49605676491932,95.50815053948064
2018/01/26,2718.0,2743.0,2713.0,2726.0,2184000,97.02381477817778,97.08972243423048
2018/01/29,2735.0,2743.0,2695.5,2697.5,1110700,94.79644377953194,94.94248785459504
2018/01/30,2713.0,2733.5,2698.5,2707.5,1730900,95.9635470305963,96.1300990229228
2018/01/31,2685.0,2716.5,2672.5,2694.5,2169100,94.86912539400561,95.19121725793366
2018/02/01,2701.5,2735.0,2691.0,2728.0,1779700,93.92901233373547,94.18141585577662
2018/02/02,2715.0,2798.0,2696.5,2787.0,3846800,93.90063721705485,93.88298927209313
2018/02/05,2754.5,2808.0,2741.5,2791.0,3348900,94.28867810157001,93.95548838897427
2018/02/06,2701.0,2732.5,2621.5,2666.5,4852700,95.39705931527354,94.80424257883934
2018/02/07,2790.0,2913.5,2757.0,2822.0,6831300,100.45004369911257,99.63223147706407
2018/02/08,2900.0,2959.0,2860.0,2950.5,5575800,102.94562121266493,102.16802621618449
2018/02/09,2890.0,2917.0,2844.0,2917.0,3365100,105.11563439847826,103.56782312872292
2018/02/13,2961.0,2965.0,2911.5,2917.0,2558900,105.47444343533843,104.41748521622716
2018/02/14,2931.5,2967.0,2917.0,2950.5,3507000,107.7985130673035,107.04805056617613
2018/02/15,2967.0,2967.0,2918.0,2925.5,2202500,105.77252319199066,105.86810436768455
2018/02/16,2938.0,2990.0,2938.0,2964.0,2005500,104.34524635808981,104.75161311494907
2018/02/19,3000.0,3066.0,2999.5,3028.0,2332000,104.3122896642336,104.59157058054372
2018/02/20,3018.0,3052.0,3012.0,3035.0,1363100,105.9384707776288,105.77678692977528
2018/02/21,3018.0,3033.0,2980.5,3003.0,1596100,105.34367944551721,105.56200753236156
2018/02/22,2980.0,2981.5,2937.5,2970.5,1810300,104.96835998732466,104.97292926628397
2018/02/23,2973.0,2981.5,2946.5,2971.5,1365800,104.21456072397612,104.17656780886828
2018/02/26,2997.0,3069.0,2987.0,3060.0,2042700,105.46433745123957,105.68682054643921
2018/02/27,3070.0,3100.0,3042.0,3070.0,2472900,105.38743976561496,105.83728207937588
2018/02/28,3100.0,3177.0,3099.0,3130.0,4167800,109.78406875263695,109.72493776145544
2018/03/01,3117.0,3162.0,3110.0,3145.0,3270200,112.06131339220468,111.88158960775208
2018/03/02,3098.0,3137.0,3088.0,3115.0,2523500,114.48068358018449,113.59296617585781
2018/03/05,3155.0,3226.0,3128.0,3169.0,3901100,117.49415820238158,117.04617302136482
2018/03/06,3191.0,3214.0,3130.0,3203.0,2731900,115.48479610877061,115.85040883681566
2018/03/07,3199.0,3288.0,3177.0,3184.0,3313700,117.16344532107843,117.65959655235356
2018/03/08,3220.0,3230.0,3170.0,3191.0,1644400,117.36938491447839,118.03275001902776
2018/03/09,3237.0,3281.0,3217.0,3236.0,2858900,119.34389783077907,119.91670883393365
2018/03/12,3276.0,3288.0,3202.0,3233.0,2049800,116.5744731655515,117.38250980799232
2018/03/13,3223.0,3310.0,3222.0,3300.0,2416000,118.46757528961922,119.36716310485971
2018/03/14,3272.0,3299.0,3250.0,3268.0,2177900,119.93759613905407,120.25877340482083
2018/03/15,3269.0,3304.0,3235.0,3295.0,1693500,121.30507457514001,121.77913135092837
2018/03/16,3295.0,3295.0,3221.0,3231.0,2245300,120.6884124341445,120.83217840352899
2018/03/19,3250.0,3272.0,3225.0,3237.0,1859700,122.16023607018289,122.59880840944884
2018/03/20,3201.0,3205.0,3143.0,3164.0,2256800,119.96338394999502,120.09093451572852
2018/03/22,3135.0,3331.0,3125.0,3327.0,3655300,123.74325347136342,124.03160851668729
2018/03/23,3258.0,3315.0,3244.0,3248.0,2637800,127.12569590571034,126.17979205929488
2018/03/26,3203.0,3207.0,3152.0,3181.0,2317700,123.38809053282709,123.09504388143704
2018/03/27,3200.0,3264.0,3155.0,3260.0,2290700,121.95360836560984,121.79757353366412
2018/03/28,3216.0,3294.0,3203.0,3291.0,1826400,125.69154039716118,124.8083158679982
2018/03/29,3311.0,3379.0,3307.0,3353.0,2014800,130.3225595911195,129.67532289653946
2018/03/30,3383.0,3389.0,3275.0,3294.0,2180300,125.98158459373259,125.973088152122
2018/04/02,3288.0,3299.0,3191.0,3196.0,1988900,122.90204897936627,122.93597306990469
2018/04/03,3150.0,3262.0,3132.0,3244.0,2209600,124.22398188487497,124.17048446693445
2018/04/04,3260.0,3265.0,3191.0,3202.0,2189900,122.47250286748212,122.08771094167213
2018/04/05,3234.0,3319.0,3233.0,3283.0,2092800,122.23834129744115,122.11044244254946
2018/04/06,3278.0,3328.0,3241.0,3307.0,2142200,123.51717117034191,123.67323539372394
2018/04/09,3328.0,3389.0,3285.0,3373.0,2187800,126.69833697807374,126.95966801295171
2018/04/10,3280.0,3293.0,2852.5,2958.5,13220500,110.98802646654602,111.37941122630379
2018/04/11,2924.0,3002.0,2818.0,2849.5,6574900,108.09998864008368,108.36379443891158
2018/04/12,2809.0,2900.0,2780.0,2819.5,4155200,107.27217794758718,107.73664955059535
2018/04/13,2808.0,2837.5,2740.0,2745.5,3852000,104.75640901570296,104.98040278410102
2018/04/16,2785.0,2829.0,2760.5,2800.5,2965400,105.18947745333493,105.63622305373075
2018/04/17,2550.5,2599.5,2506.0,2556.5,8742400,96.69156110332946,97.55819729017016
2018/04/18,2560.0,2583.0,2526.0,2537.5,4760700,94.88910207083406,95.92993500339388
2018/04/19,2520.0,2535.0,2481.5,2483.0,4442200,93.12312049668525,94.35502684069296
2018/04/20,2483.0,2500.0,2471.0,2482.5,2985100,93.40799494661465,94.50489968183295
2018/04/23,2482.0,2496.0,2475.0,2489.0,2379800,94.40907282089705,94.85135195591762
2018/04/24,2504.5,2511.0,2481.0,2511.0,2132300,94.94302989861933,95.16656541266995
2018/04/25,2514.0,2541.5,2497.0,2507.5,2605700,96.48780459293994,96.6449961416453
2018/04/26,2500.0,2519.0,2487.0,2508.5,1762200,95.80326918016085,96.31169929489577
2018/04/27,2521.0,2537.5,2513.0,2534.5,2569700,94.27507375806663,95.10201744713197
2018/05/01,2519.0,2529.0,2494.0,2526.0,1943700,94.76009867258817,95.84235490842948
2018/05/02,2530.0,2551.5,2507.0,2543.0,1914500,94.1605979102561,95.21065861367781
2018/05/07,2545.0,2558.5,2520.5,2556.5,1976800,94.684146025502,95.62649587879343
2018/05/08,2542.5,2566.5,2531.5,2540.5,1935300,91.76931705927511,92.51403838132288
2018/05/09,2525.0,2536.5,2486.0,2494.0,2285600,90.54717100045315,91.16636329793289
2018/05/10,2494.0,2560.0,2473.0,2513.5,2664000,95.43031447189969,96.01075001375568
2018/05/11,2510.0,2579.0,2510.0,2572.0,3103900,93.6892061018742,94.43406121486856
2018/05/14,2595.5,2616.0,2582.5,2616.0,2026700,93.47193160343333,94.10934447174898
2018/05/15,2632.5,2704.5,2630.5,2682.5,2709700,96.29053801715392,96.80127943059841
2018/05/16,2680.0,2708.0,2641.5,2704.5,2133500,97.07709767236383,97.41601890167442
2018/05/17,2709.0,2738.0,2705.0,2711.5,1962900,96.13020545748535,96.54690723791131
2018/05/18,2710.5,2739.5,2683.5,2734.0,1576100,97.79433003390156,98.35269046866654
2018/05/21,2740.0,2800.0,2739.5,2757.5,1970600,99.03491082131454,100.0565318454919
2018/05/22,2760.0,2780.0,2752.5,2776.5,1581800,100.34921620060456,101.6113150591467
2018/05/23,2770.5,2814.0,2766.5,2796.5,2302800,103.63344070744806,104.37695648362342
2018/05/24,2781.5,2789.5,2718.5,2722.0,2649800,102.6554630531594,103.33778972008201
2018/05/25,2695.0,2744.5,2675.0,2728.0,1690800,102.01074117800614,103.05059804871001
2018/05/28,2735.0,2743.0,2676.0,2692.5,1595700,100.52574614851298,101.83435024597178
2018/05/29,2695.5,2737.0,2693.0,2711.5,1289800,103.33036978858354,104.79976619274119
2018/05/30,2680.0,2702.0,2668.0,2683.0,1479200,104.0165348295937,105.28866961826682
2018/05/31,2669.5,2708.5,2659.0,2699.5,4028400,103.5268505448933,105.05057619252698
2018/06/01,2715.5,2760.5,2695.0,2702.5,1774600,105.28423529180616,106.6300863360556
2018/06/04,2714.0,2734.0,2697.0,2706.0,1182800,103.58175021000679,104.70630562254377
2018/06/05,2685.0,2686.0,2584.5,2591.0,2970700,98.99828926686452,100.44850063643973
2018/06/06,2588.5,2610.5,2560.5,2575.5,2296500,98.43621433219135,100.12888976337537
2018/06/07,2560.0,2574.5,2525.0,2540.0,2819300,96.98844461788174,98.84139901872034
2018/06/08,2517.5,2554.5,2509.0,2522.5,2141200,98.82183148526651,100.12321405443649
2018/06/11,2536.5,2588.0,2536.5,2552.0,2029000,99.8194035026644,101.8406355056712
2018/06/12,2557.0,2588.0,2531.0,2584.5,1626600,101.18853656712803,103.40661546932328
2018/06/13,2610.0,2648.5,2610.0,2636.5,1533400,97.73466487943811,99.80825250261047
2018/06/14,2618.0,2618.0,2577.0,2602.5,1599500,93.6969839612266,95.63877230972973
2018/06/15,2650.0,2679.0,2644.0,2673.0,2086700,94.86742595634948,96.97597410118172
2018/06/18,2691.0,2694.0,2654.0,2658.0,988100,94.07284550092521,96.39520748773582
2018/06/19,2726.5,2774.0,2656.0,2657.5,3906400,96.46991451675788,98.51976503899945
2018/06/20,2666.0,2690.5,2622.5,2688.0,1747800,96.03847838283656,98.89845608761239
2018/06/21,2674.0,2707.0,2651.5,2678.5,1346500,94.90921137000615,98.51717744438292
2018/06/22,2650.0,2706.0,2640.0,2691.0,2882300,95.8210909374791,98.9694264614661
2018/06/25,2697.0,2714.5,2670.0,2688.0,1516100,95.9295128782492,99.18870359347417
2018/06/26,2679.0,2700.0,2651.0,2657.0,1110200,95.69320055372997,98.86674784357426
2018/06/27,2652.0,2690.5,2608.0,2617.5,1746200,95.66662686396506,98.68603441643458
2018/06/28,2613.0,2615.0,2555.5,2574.5,1718500,94.67418571844212,98.05826680484783
2018/06/29,2582.0,2610.0,2569.0,2597.0,1504700,95.16807054495034,98.67275742911878
2018/07/02,2578.5,2585.0,2517.0,2522.0,1356700,94.68958038005675,98.06773297760729
2018/07/03,2518.0,2549.5,2492.0,2511.0,1258700,94.84195639632816,98.07904479207788
2018/07/04,2503.5,2546.0,2502.0,2541.5,1038900,95.80560011580084,99.041923673703
2018/07/05,2556.0,2561.0,2521.5,2529.5,986300,94.64493642918677,98.30422727963781
2018/07/06,2545.0,2577.0,2540.0,2549.0,1530200,94.20239479187316,97.84630991327857
2018/07/09,2561.0,2602.5,2553.5,2598.5,1122700,95.85680831780552,99.3437821992939
2018/07/10,2601.5,2602.0,2538.0,2538.0,2008900,93.31816914815309,97.24760126845945
2018/07/11,2522.0,2554.0,2515.0,2534.5,960800,95.09033573372196,98.73402281669641
2018/07/12,2558.0,2611.5,2553.0,2577.0,1152300,95.20692325817815,99.5303374459741
2018/07/13,2570.0,2602.0,2566.5,2585.0,1047400,93.97614343355706,99.17214739501348
2018/07/17,2587.0,2620.5,2566.5,2618.5,1189300,94.60050902629627,99.6957346897901
2018/07/18,2633.0,2654.5,2621.0,2626.0,987800,94.47057481861395,99.61295080343862
2018/07/19,2623.5,2644.0,2622.0,2631.0,994000,95.0862286441233,100.29361749367207
2018/07/20,2620.0,2639.0,2600.5,2626.0,984500,94.1272181350489,99.28973460606755
2018/07/23,2630.0,2671.0,2629.0,2634.5,944300,96.37762065480808,100.78027719879536
2018/07/24,2636.0,2637.5,2611.5,2616.0,767500,94.53911240549321,98.72131034773727
2018/07/25,2616.5,2630.0,2594.0,2605.0,803100,94.34784129186856,98.36630567397552
2018/07/26,2636.0,2698.5,2626.0,2693.5,1744100,97.87496725573385,101.43317235182975
2018/07/27,2665.5,2699.5,2649.0,2699.0,1328000,97.6880717322025,101.48734376738355
2018/07/30,2675.0,2675.0,2622.5,2633.5,1475400,96.33663858616498,99.78367770088585
2018/07/31,2620.5,2646.5,2594.0,2634.5,1611100,96.05184531907413,100.67846481001759
2018/08/01,2670.0,2772.5,2669.5,2766.5,3910100,102.6124108204747,107.34761049117256
2018/08/02,2790.0,2866.5,2784.0,2829.0,4124300,105.04774481934267,110.10167623229962
2018/08/03,2832.5,2849.5,2805.5,2844.5,2007900,107.85951142058012,114.00243895663628
2018/08/06,2853.0,2872.0,2819.5,2829.5,1500100,108.77132527577098,115.47108748216456
2018/08/07,2823.5,2838.5,2802.0,2819.0,1020600,107.95519098366736,114.59315411134341
2018/08/08,2818.5,2840.0,2803.5,2812.0,1356400,107.2960733600104,114.14386622745263
2018/08/09,2812.0,2838.5,2812.0,2820.5,907400,107.88453166695571,114.84267400774317
2018/08/10,2816.5,2829.5,2777.0,2824.0,1229100,110.21506908294027,116.93493058811133
2018/08/13,2825.0,2845.0,2779.0,2790.5,1026800,111.10322994375323,118.0639530937973
2018/08/14,2800.0,2817.5,2791.5,2809.5,795300,109.81679114355633,117.4045684465027
2018/08/15,2805.5,2816.5,2785.0,2794.0,773500,110.06754631780919,117.89070583003351
2018/08/16,2822.0,2833.0,2770.0,2785.5,1726000,109.35371607766757,117.8900071602214
2018/08/17,2830.0,2863.5,2816.5,2851.5,2002700,111.46844501249147,119.97474074880164
2018/08/20,2851.0,2854.0,2821.5,2839.0,869300,111.81970655954056,120.66391466008632
2018/08/21,2825.0,2848.5,2819.5,2819.5,962600,111.09525786975551,120.60126931442205
2018/08/22,2819.0,2865.0,2800.0,2804.5,2084600,109.93726461900496,119.17660117685243
2018/08/23,2774.5,2797.5,2735.5,2788.5,1689000,109.38550778174722,118.75601812816352
2018/08/24,2802.5,2847.0,2800.0,2820.0,1347800,109.79789593111218,119.19770717518318
2018/08/27,2825.5,2861.5,2810.5,2860.0,1237000,109.09039486510733,118.34972419386393
2018/08/28,2875.5,2894.0,2861.0,2861.0,1006500,109.15827201263517,118.6702591746408
2018/08/29,2885.0,2908.0,2873.0,2896.5,1416400,111.74291326030172,120.95789624261882
2018/08/30,2914.0,2934.0,2900.5,2904.5,1722400,111.34027759058482,120.5355362234487
2018/08/31,2891.5,2925.0,2883.0,2920.0,1309900,112.43927387117543,121.8518018017408
2018/09/03,2901.0,2918.5,2886.5,2905.5,792700,112.74428790161528,122.32607907892852
2018/09/04,2910.0,2910.0,2870.5,2904.0,773100,112.28411074363316,121.70490519719084
2018/09/05,2905.0,2914.0,2884.0,2896.0,1060100,112.43962791396117,122.46961635548585
2018/09/06,2890.0,2898.0,2858.5,2885.5,1267900,113.20581962273195,123.94557360438039
2018/09/07,2889.5,2918.5,2876.0,2897.5,1262500,107.79924460857258,118.03441832575238
2018/09/10,2893.5,2901.5,2874.0,2880.0,890000,105.9166576038862,115.82450215791474
2018/09/11,2888.5,2945.5,2888.0,2924.0,1473800,107.42764116434233,117.93726070183106
2018/09/12,2909.5,2933.0,2848.5,2924.0,1710000,107.94900908078178,118.91033900892154
2018/09/13,2937.5,2990.0,2936.5,2947.0,2141500,107.24556482530888,117.93570573070883
2018/09/14,2970.0,2975.0,2931.5,2947.5,2168500,105.85239674915938,116.41746470747354
2018/09/18,2965.0,3050.0,2960.5,3044.0,2670400,108.57360143312864,118.71896989609598
2018/09/19,3068.0,3098.0,3052.0,3080.0,2107900,109.28729768867973,118.97915112665764
2018/09/20,3077.0,3082.0,3031.0,3043.0,1380800,108.02619757864358,117.33443680912028
2018/09/21,3079.0,3103.0,3064.0,3088.0,2228700,108.65743031231582,117.91298763749272
2018/09/25,3120.0,3147.0,3090.0,3147.0,2202200,109.30259030916297,118.13894350229299
2018/09/26,3147.0,3186.0,3132.0,3186.0,1870900,110.35811388159127,119.57264092350827
2018/09/27,3186.0,3255.0,3182.0,3210.0,2555200,113.48189703769094,123.48635294385826
2018/09/28,3240.0,3266.0,3188.0,3215.0,2497900,106.42566026361541,116.21475470779671
2018/10/01,3225.0,3248.0,3194.0,3210.0,1141100,102.6585568792668,112.3199025720136
2018/10/02,3400.0,3430.0,3256.0,3308.0,15954600,107.36053179659588,116.7321551726769
2018/10/03,3350.0,3415.0,3251.0,3332.0,7634200,109.8877872625794,120.030279955637
2018/10/04,3355.0,3370.0,3252.0,3256.0,3751400,108.68879858267233,117.99909779443209
2018/10/05,3232.0,3238.0,3190.0,3209.0,2761400,109.09253698133747,118.02124621436569
2018/10/09,3189.0,3205.0,3125.0,3151.0,2661600,108.74228647137608,117.96765579712958
2018/10/10,3081.0,3133.0,3076.0,3115.0,2644100,107.02640726593961,115.89978018072861
2018/10/11,3026.0,3080.0,3015.0,3044.0,2442400,108.24376879500576,116.57679386299722
2018/10/12,2980.5,2980.5,2916.0,2929.0,3795900,104.750157967859,112.78017451035063
2018/10/15,2941.0,2942.0,2849.5,2872.0,2765600,104.73882471067046,112.60902114517175
2018/10/16,2876.0,2891.5,2815.5,2848.0,2133700,104.16626505162753,112.40167903016014
2018/10/17,2888.0,2888.5,2835.0,2863.5,2367000,101.31266376652871,109.00299990044743
2018/10/18,2870.0,2899.0,2853.0,2857.0,1680500,100.0730712932814,107.29216459115037
2018/10/19,2840.0,2878.0,2835.0,2878.0,1518000,101.47215310806233,108.9317460241261
2018/10/22,2841.0,2843.5,2808.5,2808.5,2046900,99.35375620361941,106.60885179952206
2018/10/23,2760.0,2769.0,2661.5,2663.0,3937300,97.52769069554847,104.78098348883813
2018/10/24,2676.0,2687.0,2622.5,2639.0,2189600,98.45027095862444,106.2155149790474
2018/10/25,2589.0,2606.5,2532.0,2535.0,2698700,99.31560015823557,106.44838637101408
2018/10/26,2566.0,2577.0,2487.5,2505.0,2795700,98.13036169704607,104.81644469107505
2018/10/29,2555.0,2558.0,2479.0,2481.0,1697900,99.96525690437691,107.0051686557925
2018/10/30,2471.0,2520.5,2457.0,2506.0,1871600,98.96974448152261,105.72722729083368
2018/10/31,2527.5,2575.5,2486.0,2572.0,3005200,100.79011744876875,106.96040371911835
2018/11/01,2575.0,2611.0,2503.0,2512.0,2646400,99.8516966778312,105.61833914617739
2018/11/02,2587.0,2593.0,2545.5,2589.0,3098600,100.84394607576823,107.51168940265303
2018/11/05,2570.5,2608.0,2561.0,2586.0,1639200,102.31244528347325,108.58969100498403
2018/11/06,2629.0,2690.0,2621.5,2674.0,2517000,107.04917793521294,112.95208213768524
2018/11/07,2655.5,2692.0,2631.0,2664.5,1802500,106.24115768571045,112.63767445873137
2018/11/08,2714.5,2726.0,2682.5,2719.5,1721000,108.45774612922696,115.01135989503615
2018/11/09,2724.5,2741.0,2702.0,2707.0,1035700,108.72564272637383,114.7848422986967
2018/11/12,2692.0,2724.0,2655.0,2709.5,1244100,108.44358315500635,115.10384613630214
2018/11/13,2631.0,2670.0,2615.0,2665.5,1589200,110.0200451346849,116.4095420669032
2018/11/14,2680.0,2714.0,2667.5,2674.5,1793300,110.31954598453004,116.25834767224714
2018/11/15,2639.5,2668.0,2624.5,2666.5,1071300,110.91325513118342,116.29905365662381
2018/11/16,2678.5,2712.5,2666.5,2674.5,1586600,112.24387339905233,117.62000504697414
2018/11/19,2669.0,2742.5,2664.5,2737.5,1799800,115.14219692231937,121.27426775472226
2018/11/20,2707.5,2717.0,2638.0,2654.0,1492100,113.62223142737096,119.18680281234653
2018/11/21,2600.0,2676.0,2593.5,2656.5,1549400,111.07777558647976,116.64979236249704
2018/11/22,2662.5,2710.0,2662.5,2708.0,1365600,112.70989305904536,118.25894576248206
2018/11/26,2699.0,2712.5,2665.5,2681.0,1243000,108.64722756745704,114.67192134520671
2018/11/27,2671.0,2676.0,2641.0,2647.0,1489000,107.97968663105976,113.61718466966431
2018/11/28,2660.0,2692.0,2650.0,2667.5,1399300,107.85873652739923,114.33405162939228
2018/11/29,2659.0,2709.5,2651.0,2688.0,1309100,107.22257250603788,113.43497140935929
2018/11/30,2691.5,2758.5,2690.0,2745.5,2048000,109.25680190682321,115.30047137833537
2018/12/03,2779.0,2785.0,2728.0,2739.0,1399100,107.40990711988974,112.96791528370474
2018/12/04,2738.0,2746.5,2658.0,2659.5,1270100,107.46952750240553,113.68306667494701
2018/12/05,2609.5,2679.0,2602.5,2673.0,1097100,108.83006044678909,115.75693540943189
2018/12/06,2632.5,2641.0,2587.0,2619.5,1791400,110.31960825418841,116.93215369789134
2018/12/07,2660.0,2727.0,2660.0,2690.5,1685100,112.74552065529957,119.26751679508865
2018/12/10,2656.0,2656.5,2597.0,2615.5,1267200,111.31539481493884,117.45054192827591
2018/12/11,2626.5,2628.5,2564.0,2578.5,1754600,110.02319203161986,117.24390278864034
2018/12/12,2601.5,2664.0,2598.0,2655.0,2132100,108.2635961254897,115.8312312736043
2018/12/13,2666.0,2691.0,2625.5,2681.5,1544600,108.0135465103202,116.13243130110018
2018/12/14,2674.5,2702.0,2651.5,2654.5,1555300,106.35435888805071,113.54207181069147
2018/12/17,2653.5,2673.0,2637.0,2654.0,1097500,105.64982184184002,113.13691102208132
2018/12/18,2604.0,2629.0,2577.0,2577.0,1577800,104.60596146544295,112.20842993201559
2018/12/19,2567.0,2576.5,2510.0,2536.5,1730200,102.12566246038479,109.57778249121162
2018/12/20,2512.0,2552.5,2431.5,2440.5,2111600,100.95999586485445,108.16624792634215
2018/12/21,2418.0,2438.0,2335.5,2355.0,3975700,100.3593097192651,108.60955071566795
2018/12/25,2200.0,2229.0,2139.0,2150.5,3064500,97.44170448171315,105.23560178993621
2018/12/26,2190.0,2216.5,2132.5,2162.0,1781800,97.30208580971325,104.92015368243801
2018/12/27,2252.0,2333.0,2236.0,2310.5,1805600,98.95993684366796,105.63770913006127
2018/12/28,2293.0,2299.5,2236.5,2245.0,1562900,97.23833857302637,104.00006745031891
2019/01/04,2209.0,2254.5,2199.0,2230.0,2124000,100.5347531831841,105.99625894087552
2019/01/07,2313.0,2323.0,2263.0,2299.0,1605400,101.21046112243953,106.22022716398556
2019/01/08,2311.0,2340.0,2275.0,2278.0,1946500,99.46661247215738,104.84100998283574
2019/01/09,2317.0,2375.5,2310.0,2354.5,1595700,102.00586595410334,107.96333975582175
2019/01/10,2318.0,2349.5,2304.0,2333.0,1299900,103.09483628593286,108.76146540144671
2019/01/11,2337.0,2337.0,2294.0,2318.5,1363600,102.36079237467803,108.06307775879296
2019/01/15,2266.0,2286.5,2238.0,2266.5,2195800,100.55254054153271,105.9567196526571
2019/01/16,2269.0,2307.0,2258.5,2298.0,1606800,103.25478846159022,108.73919321828507
2019/01/17,2314.5,2354.5,2308.5,2335.5,1324300,103.74728103655535,108.33202175514509
2019/01/18,2340.0,2395.5,2332.5,2374.0,1322900,102.12598403454432,107.55213787240446
2019/01/21,2411.5,2415.0,2379.0,2382.0,1033700,101.72940508308402,106.8946044542765
2019/01/22,2413.0,2428.5,2383.5,2398.5,1172400,104.3788558723301,109.56137151606549
2019/01/23,2379.5,2382.5,2341.0,2352.0,1657200,100.4690905257409,106.20987596427189
2019/01/24,2350.0,2383.5,2334.0,2367.0,1012900,100.55564693309604,106.09623805382166
2019/01/25,2342.0,2355.5,2323.5,2336.0,1318400,97.48422220159563,102.83581849721983
2019/01/28,2323.0,2345.0,2312.0,2324.5,794000,98.60993311975417,104.17345785092135
2019/01/29,2311.0,2349.0,2296.5,2341.5,1149200,97.4774310367186,103.20199112809871
2019/01/30,2340.0,2357.5,2323.5,2340.5,1179400,97.60234889544208,102.87893449867538
2019/01/31,2370.0,2389.5,2338.0,2370.5,1895300,98.24200538918895,103.68945606279556
2019/02/01,2379.5,2420.5,2300.0,2337.5,2700000,93.9019724164842,99.92991117479598
2019/02/04,2307.5,2362.0,2306.0,2337.5,1264500,90.96320615211998,96.59000675707571
2019/02/05,2335.0,2341.0,2305.0,2309.5,1177100,89.79362991956248,95.39550679140987
2019/02/06,2311.0,2352.5,2297.5,2298.0,1678400,84.44055933122439,90.06717939383786
2019/02/07,2285.0,2296.0,2232.5,2264.0,1178800,80.9466232636856,86.35033236425915
2019/02/08,2235.5,2243.5,2197.0,2206.0,1408600,79.52888712872686,85.08597150321776
2019/02/12,2178.0,2251.5,2176.0,2241.0,1527900,78.22645973705495,83.86906498852869
2019/02/13,2268.0,2304.5,2265.0,2282.5,2039700,77.39522162809777,82.87896583788323
2019/02/14,2285.0,2306.0,2248.0,2252.0,1329500,78.16273486105587,83.24672259959296
2019/02/15,2231.5,2250.0,2225.5,2238.5,1061500,78.48458062415519,83.18780547074935
2019/02/18,2278.0,2292.5,2258.5,2273.5,1047500,78.1426168137039,83.19983723785779
2019/02/19,2279.0,2292.0,2264.5,2273.5,1170800,77.0981955973325,82.18015038060926
2019/02/20,2273.5,2302.5,2269.0,2280.5,973300,77.85176209893768,82.91318848472069
2019/02/21,2291.0,2305.0,2274.0,2280.0,920300,77.72816116703014,83.06591304526546
2019/02/22,2283.0,2288.0,2262.0,2265.0,792200,77.88650500607885,83.37570594287573
2019/02/25,2305.0,2309.5,2281.0,2284.5,1132700,76.82566166450691,81.74730025765643
2019/02/26,2293.5,2322.5,2293.5,2308.5,1355300,78.4924591517012,83.2459829229916
2019/02/27,2298.5,2326.5,2294.0,2316.5,1539000,75.76649822616548,80.76098047865395
2019/02/28,2320.0,2324.0,2286.5,2288.5,1395900,73.92085016469876,78.76535324020199
2019/03/01,2283.5,2313.0,2283.5,2297.0,1247700,72.30272959578454,77.96705911768413
2019/03/04,2317.5,2332.0,2310.5,2324.5,1361200,70.72954065774594,76.37974274276141
2019/03/05,2331.5,2334.5,2313.0,2328.0,1560900,71.6497555041918,77.03901089699194
2019/03/06,2282.5,2285.5,2246.0,2281.5,2044200,70.51350896394604,75.59047248314005
2019/03/07,2271.0,2283.0,2258.0,2278.0,1288700,71.09568621141553,76.2149198911865
2019/03/08,2267.5,2295.5,2264.0,2271.0,1836300,71.6600177342335,76.56322129521564
2019/03/11,2266.0,2268.0,2234.5,2240.0,1477800,71.57785767688988,76.28922347358024
2019/03/12,2255.5,2283.0,2237.5,2281.0,1602300,70.61400624729993,75.38761993958576
2019/03/13,2275.0,2282.0,2244.5,2258.0,1260500,70.67489420543521,75.653572230956
2019/03/14,2288.0,2295.0,2250.5,2253.5,1409100,70.05230868644975,75.0791249511995
2019/03/15,2263.5,2318.0,2263.5,2310.5,1830700,72.26264757391556,77.48953340011755
2019/03/18,2320.0,2330.5,2276.5,2288.0,1332200,70.34347215357306,75.33846655274132
2019/03/19,2271.5,2272.0,2246.5,2255.5,1126300,70.67194484698227,75.9817190448872
2019/03/20,2270.0,2270.0,2233.0,2246.5,1199200,67.47039159797814,72.24961952825126
2019/03/22,2246.0,2246.5,2210.0,2214.5,1382800,64.99802231315033,70.1970220593309
2019/03/25,2188.5,2188.5,2139.0,2162.5,2130200,67.29793409577915,72.02901362862457
2019/03/26,2184.0,2239.5,2177.0,2224.5,2077900,67.88250692260762,72.4195086253359
2019/03/27,2209.0,2227.5,2202.0,2225.0,1251700,66.50993991251427,71.3921319896071
2019/03/28,2194.0,2201.5,2155.5,2177.0,1300400,65.31376841022839,69.89638348891432
2019/03/29,2187.5,2191.5,2168.5,2169.0,1354400,66.61859060622473,71.00424513163236
2019/04/01,2208.5,2211.5,2180.0,2185.5,1437700,67.99941357051394,72.31691662932128
2019/04/02,2195.5,2195.5,2154.0,2154.0,1779600,65.74178908623067,70.19431755160565
2019/04/03,2150.0,2163.5,2125.0,2145.5,1808700,65.79019781819545,70.49041190900934
2019/04/04,2131.0,2131.0,2105.5,2105.5,2335500,63.89863701330276,68.27266324130092
2019/04/05,2100.0,2113.5,2087.0,2103.5,2087600,62.90753236710115,67.26764474873578
2019/04/08,2103.5,2105.0,2079.0,2083.0,1405400,61.518470368457656,65.7856212394613
2019/04/09,2073.0,2077.5,2053.0,2063.0,1641400,69.70483278119866,74.60673468379605
2019/04/10,2044.0,2052.0,2033.0,2039.0,1474000,71.55486267821807,76.79253078955227
2019/04/11,2030.0,2080.0,2026.0,2067.5,1667000,73.15601783490712,78.44077457423624
2019/04/12,2057.5,2060.5,2022.0,2025.5,1590100,73.46553511822299,79.47178182575718
2019/04/15,2050.0,2082.5,2046.5,2075.0,1541900,72.97901602537142,79.02264320206514
2019/04/16,2085.5,2112.5,2077.0,2100.0,1628600,80.76078586474141,87.3717819008016
2019/04/17,2083.0,2093.0,2061.5,2089.0,1475300,81.88252986436206,88.33235106004906
2019/04/18,2060.5,2074.0,2018.5,2023.5,2428500,81.86698759190158,88.31708914487758
2019/04/19,2035.0,2046.0,2017.5,2020.0,1094100,81.22913648248485,88.12300166088139
2019/04/22,2015.0,2038.0,2002.5,2029.0,1126800,81.04221880637503,88.17516996694236
2019/04/23,2030.5,2047.5,2028.0,2039.0,1270600,81.26975764451294,88.54661061659648
2019/04/24,2067.5,2084.5,2038.0,2041.5,1251500,81.47193694591887,89.27829074421852
2019/04/25,2051.5,2074.5,2051.5,2063.0,1033300,82.28473317538251,89.94781728594253
2019/04/26,2063.0,2081.0,2050.0,2079.5,1203600,82.81865058978207,90.12609139011563
2019/05/07,2060.0,2080.5,2046.5,2071.0,1803800,83.69449104832407,90.69021495733513
2019/05/08,2026.5,2029.0,2005.5,2021.0,1706100,84.05899477794102,91.37194153109488
2019/05/09,2029.5,2032.5,1822.0,1920.0,7177500,80.2959100366461,87.56502570470496
2019/05/10,1887.0,2022.0,1882.5,1957.0,3427100,81.12759149405474,88.1465824376203
2019/05/13,1940.0,1940.5,1890.5,1893.0,2473400,78.08061485754266,84.79481351407564
2019/05/14,1856.0,1961.5,1855.0,1958.5,2638900,79.07776114467117,85.86069898734424
2019/05/15,1931.5,1931.5,1893.5,1906.5,1913700,75.57945507555054,82.18967840066377
2019/05/16,1891.5,1894.5,1856.5,1872.5,1890700,74.87856396327425,81.22136120953166
2019/05/17,1883.5,1913.5,1871.5,1913.0,1946300,75.5034087461809,81.72069080708108
2019/05/20,1897.5,1930.5,1897.5,1912.5,1121400,74.89341463678333,80.90126240180653
2019/05/21,1932.0,1953.5,1917.5,1922.5,1425900,74.73593530437752,80.82176144572925
2019/05/22,1921.0,1958.5,1917.5,1937.5,1988500,73.8611409143696,80.5343950008941
2019/05/23,1940.5,1947.5,1901.5,1932.5,1816600,75.3117229578223,81.82848148481617
2019/05/24,1932.0,1965.0,1928.5,1960.5,1373800,76.40422305619519,82.61346685158708
2019/05/27,1960.0,1968.5,1943.0,1965.0,1053200,77.45426761309105,83.520452020534
2019/05/28,1971.0,1981.5,1960.5,1971.0,2707300,76.44554826331013,82.57278802862551
2019/05/29,1951.0,1970.5,1940.5,1941.0,1457900,75.84099177797134,81.74853513414338
2019/05/30,1896.0,1900.0,1844.5,1862.0,2740800,73.12329888191317,78.67703906422567
2019/05/31,1902.0,1953.0,1898.0,1920.0,4188400,76.4601870966259,82.17417216175639
2019/06/03,1897.5,1938.5,1890.0,1921.5,1921300,78.1931540016187,84.07077576742951
2019/06/04,1917.0,1921.0,1858.0,1878.0,2945500,80.04999081750145,85.82010433557278
2019/06/05,1909.0,1954.0,1909.0,1928.0,2087600,81.52373124783303,86.96869139460846
2019/06/06,1920.0,1959.5,1913.0,1942.5,1668800,84.02026076170142,89.72136383213454
2019/06/07,1967.0,1975.0,1929.0,1940.5,1497000,83.59391051112894,89.43023306493953
2019/06/10,1955.0,1983.0,1950.5,1968.5,1580500,83.2292937451551,88.75355110639983
2019/06/11,1963.0,1968.5,1945.0,1965.5,1744600,82.05360774481669,87.32553944104045
2019/06/12,1944.5,1972.5,1929.0,1955.5,1667900,80.61741138989467,85.91704248857813
2019/06/13,1949.5,1956.5,1917.0,1954.5,1570800,81.19481122768323,86.90994568148665
2019/06/14,1959.5,1994.5,1956.5,1980.0,1716100,80.15963630166296,85.67959183135928
2019/06/17,1960.0,1975.5,1948.0,1951.0,1360500,78.80894309768428,84.44596364724916
2019/06/18,1964.5,1986.5,1950.0,1954.0,1589700,78.10562128102208,83.88109706541485
2019/06/19,1978.0,1979.5,1944.5,1964.5,2294900,77.2688120571025,82.36390892222222
2019/06/20,1980.0,1997.0,1960.5,1962.5,2021600,77.46813498634147,82.22722296292685
2019/06/21,1935.0,1944.5,1905.5,1907.0,2753100,75.06003571216092,79.98503107042674
2019/06/24,1903.5,1905.0,1877.5,1895.0,1014700,73.9832318677852,78.7215315037687
2019/06/25,1876.5,1885.5,1848.5,1858.5,2211100,73.7367550982427,78.4479900628838
2019/06/26,1865.0,1884.0,1856.5,1866.5,1316600,75.31642250743197,80.46919401948881
2019/06/27,1867.0,1906.0,1842.5,1904.5,1953100,77.20736531697446,82.249537413613
2019/06/28,1901.5,1943.0,1900.0,1932.0,1679900,77.990106000807,83.01444026195216
2019/07/01,1950.0,2009.5,1950.0,2004.5,1995900,79.78035176651473,85.01916091044204
2019/07/02,2006.0,2041.5,2005.0,2029.5,1955600,80.94055124510112,86.05865886371302
2019/07/03,2039.0,2056.5,2038.0,2052.0,1621500,81.03405015360143,86.55211768572484
2019/07/04,2061.5,2084.5,2046.5,2056.0,1030200,80.69865052783683,85.69929195219142
2019/07/05,2063.0,2070.0,2046.5,2068.5,968700,81.3053033000017,86.19194962105588
2019/07/08,2057.0,2064.0,2040.0,2040.5,1033300,80.41436545004663,85.16228208679428
2019/07/09,2044.0,2052.5,1999.5,2019.5,2307200,81.90150574877461,86.70660819064501
2019/07/10,2019.5,2027.5,1992.0,2021.5,1342600,81.23620453536505,86.38647369405338
2019/07/11,2026.5,2037.0,2014.5,2021.5,1308200,80.41713692547987,84.95595116882112
2019/07/12,2015.0,2017.5,1981.5,2014.5,1661100,81.20575074750847,85.53202790637049
2019/07/16,2001.0,2006.5,1988.0,1997.5,885600,80.4006644638298,84.85767226256907
2019/07/17,1984.0,1990.0,1944.5,1954.0,1755200,79.00208340382903,83.1352970591247
2019/07/18,1950.5,1954.0,1908.0,1913.5,1579000,78.66737338225155,82.93581427974888
2019/07/19,1913.5,1956.5,1905.5,1947.5,1222600,78.41459184305623,82.74610443148919
2019/07/22,1931.5,1945.0,1919.0,1929.5,1041800,76.59172623407578,81.81979427817616
2019/07/23,1930.0,1965.0,1924.5,1951.5,1015900,77.6680149131408,83.06456576549256
2019/07/24,1959.0,1965.0,1940.5,1954.5,874900,78.15538640579899,83.52632806322052
2019/07/25,1934.0,1938.0,1911.0,1911.5,2257500,73.67554304223297,79.41969260864504
2019/07/26,1921.5,1941.0,1908.0,1938.0,1448400,75.30074128710773,81.13630854478335
2019/07/29,1931.0,1944.0,1924.0,1944.0,1084800,76.98722945461753,83.21050135336094
2019/07/30,1961.5,1976.5,1956.0,1967.5,1269300,77.58695403248075,83.10551297529263
2019/07/31,1949.0,1984.5,1947.5,1983.0,1419700,75.75953436544822,81.05003819885344
2019/08/01,1966.0,1985.0,1954.5,1970.0,1283200,72.77662713664661,77.84374142534331
2019/08/02,1962.0,2025.0,1955.0,2015.0,2563700,75.66922556758662,80.49879615476458
2019/08/05,1998.0,2002.0,1948.0,1982.0,1818700,76.08900553370844,80.60780370857287
2019/08/06,1911.0,1967.5,1877.0,1962.5,2484800,76.64248796308871,81.07799522969987
2019/08/07,1952.0,1989.5,1947.0,1986.5,1988000,77.97004774170654,82.1723130151952
2019/08/08,1981.0,1992.0,1935.5,1987.0,1599800,77.30761260237445,81.80085229976739
2019/08/09,1999.5,2016.0,1984.5,2001.5,1740500,76.40233388926359,81.06961570259247
2019/08/13,1999.0,2000.0,1933.0,1945.0,1893700,75.66192711191353,79.67875199707458
2019/08/14,1954.0,1982.5,1943.5,1975.5,1075700,76.0078103083766,80.06625603905678
2019/08/15,1937.0,1974.5,1933.5,1973.5,875400,77.05144027815673,80.5559573263907
2019/08/16,1999.0,2015.0,1985.5,2007.0,1452100,76.76640378951505,80.44150691613744
2019/08/19,2018.0,2051.0,2014.5,2035.0,2335900,77.382468125776,81.16921837741452
2019/08/20,2035.0,2035.0,2011.0,2028.0,1691400,77.2934122782833,80.4557393486969
2019/08/21,2008.0,2011.5,1981.0,2002.0,1584400,77.42325251698516,80.96013197799483
2019/08/22,2000.0,2000.0,1977.5,1985.5,1433100,77.35700673410865,80.71680925607912
2019/08/23,1985.5,1990.0,1968.5,1985.0,1400900,76.816527775091,80.08700896645578
2019/08/26,1923.0,1948.5,1908.0,1942.5,1952500,76.42954075987619,79.4500507881664
2019/08/27,1960.5,2000.0,1951.0,1971.0,2229700,76.83121495186765,80.08071927512364
2019/08/28,1969.5,1979.5,1946.5,1975.0,1310200,76.07260462677205,79.58930168108198
2019/08/29,1980.0,2004.5,1968.5,2000.5,1669800,76.98364586334834,80.38331321874959
2019/08/30,2000.5,2003.0,1953.0,1962.5,2463000,74.22305889053223,77.14402904142933
2019/09/02,1951.0,1961.5,1920.5,1923.0,1392500,72.88409567892657,75.6428743794952
2019/09/03,1906.0,1928.0,1893.0,1915.5,1328900,72.58631719665378,75.01796307213581
2019/09/04,1912.5,1920.5,1898.5,1918.0,907300,72.42491225418148,74.93862945102163
2019/09/05,1913.5,1952.5,1908.0,1941.5,1176300,71.75844577477476,74.21066566866118
2019/09/06,1952.0,1954.0,1940.0,1945.5,727200,70.65177446093895,73.57456364413142
2019/09/09,1952.5,1970.5,1949.5,1969.5,720500,71.7685964424584,74.40343561761144
2019/09/10,1975.5,1976.5,1954.0,1961.0,860800,71.05531819214667,73.13174432043171
2019/09/11,1950.0,1992.0,1944.5,1990.5,1315600,71.2480727548039,72.70238374723347
2019/09/12,2003.5,2036.5,1998.0,2023.5,1758700,72.01330224044924,73.60992032840979
2019/09/13,2018.0,2037.5,2012.0,2033.0,2148400,72.44424150351523,74.06103526774231
2019/09/17,2026.0,2032.5,2006.5,2021.0,1019000,70.67565335041795,72.36776376582456
2019/09/18,2016.5,2032.0,1997.0,2009.5,750200,70.32915658636088,72.51417248957117
2019/09/19,2012.0,2074.5,2011.0,2054.5,2174200,72.50928606010767,74.70068189683508
2019/09/20,2026.0,2036.5,1984.5,1991.5,3160500,69.72250702407116,71.98486645615728
2019/09/24,2014.0,2042.5,2014.0,2029.0,1485500,69.84650654964197,72.39958533985144
2019/09/25,2017.0,2047.0,2017.0,2041.0,1014300,69.91964624411328,72.03283022022158
2019/09/26,2046.5,2050.5,2013.0,2022.5,1442700,68.00283770009926,69.87016678595022
2019/09/27,2041.0,2042.5,1957.5,1982.0,1674700,67.96341817276154,69.83374013088783
2019/09/30,1966.0,1973.5,1950.5,1957.0,1238500,67.94315955675414,69.80303709868755
2019/10/01,1958.0,1994.5,1952.0,1969.5,826700,66.0267683334822,67.74682380225721
2019/10/02,1960.0,1960.5,1922.0,1925.0,1163400,63.96024016456593,65.24460920439947
2019/10/03,1885.0,1893.5,1860.0,1865.0,2142900,64.34791239363167,65.76078799199581
2019/10/04,1866.5,1880.5,1846.5,1880.5,1377700,65.09725561066274,66.78793467043596
2019/10/07,1881.5,1886.5,1868.5,1873.5,753600,65.28236709876288,66.5785832687492
2019/10/08,1875.0,1905.0,1874.0,1900.5,961300,65.57122377224478,66.95273822896571
2019/10/09,1874.0,1887.0,1871.5,1887.0,778500,66.36465911128907,67.55443190479883
2019/10/10,1877.0,1888.0,1855.5,1881.5,952200,64.78957981206376,66.51753985103399
2019/10/11,1896.5,1909.5,1895.0,1900.0,818500,67.53422627186045,69.22682232953092
2019/10/15,1930.0,1958.5,1928.5,1951.5,1197300,69.57712514782062,71.38537231930738
2019/10/16,1971.5,1998.0,1956.5,1962.5,1260400,69.65789841986305,71.99471465659214
2019/10/17,1958.5,1961.5,1933.5,1945.0,932300,68.70394562269783,71.45180921739411
2019/10/18,1960.0,1969.5,1939.0,1939.5,971900,67.50859573602081,70.33464501119595
2019/10/21,1946.0,1950.0,1915.0,1916.0,818500,68.4209108339687,71.01592853627126
2019/10/23,1943.0,1985.5,1940.0,1984.0,1730300,73.40494369505208,75.81928899823926
2019/10/24,1996.5,2012.0,1987.5,1988.5,1173900,73.33247366421844,76.39837798099772
2019/10/25,1986.0,2013.0,1985.5,2013.0,1220300,74.66637807652504,77.80338791006483
2019/10/28,1994.5,1994.5,1970.5,1990.0,1247500,74.18536834721164,77.34508623344553
2019/10/29,2021.0,2034.0,2015.0,2022.5,1040500,75.37776570376637,78.2200916851689
2019/10/30,2035.0,2048.5,2008.5,2016.0,1809700,75.21661864592804,77.45190906012725
2019/10/31,2012.5,2050.0,1992.5,2047.0,1338800,77.08372880573954,79.77989535748002
2019/11/01,2034.0,2092.0,2018.5,2071.0,1478300,77.86700264110526,79.62075373238366
2019/11/05,2097.0,2120.0,2076.0,2118.5,1986500,75.46343164297753,77.59802028255005
2019/11/06,2122.0,2135.0,2095.0,2109.0,1349600,75.01478572995714,77.18895617856677
2019/11/07,2133.0,2175.5,2116.0,2163.5,2336000,76.67911920225151,78.76426038294854
2019/11/08,2188.5,2230.0,2173.5,2227.5,3036000,78.27073466991621,80.84705713623495
2019/11/11,2242.5,2257.0,2221.0,2239.0,2007200,78.87399263275775,81.07948611821624
2019/11/12,2245.5,2257.5,2217.0,2238.0,1626300,77.85919574289409,80.46412574184639
2019/11/13,2244.0,2249.0,2210.5,2215.0,1015800,77.58655608158993,79.94205279564804
2019/11/14,2200.0,2212.0,2173.5,2186.5,1319700,77.25810541620315,79.78728095672214
2019/11/15,2205.5,2249.5,2200.0,2240.0,3090300,77.9208543932363,80.4283377018203
2019/11/18,2290.0,2338.5,2257.5,2324.5,4579700,79.12731906548989,81.76229728972163
2019/11/19,2500.0,2500.0,2387.0,2407.0,5422800,84.03699145817079,86.89500737468452
2019/11/20,2383.5,2443.0,2364.0,2443.0,3622300,85.4437338014584,87.87262139937883
2019/11/21,2440.0,2461.5,2399.5,2434.5,3503000,84.46836740132866,86.68504731259466
2019/11/22,2415.0,2448.5,2409.0,2425.0,2129700,85.36038269503123,87.28857074836164
2019/11/25,2423.0,2424.0,2394.0,2417.5,1899200,84.43903738141054,86.42484217794907
2019/11/26,2418.0,2438.0,2409.0,2424.0,3272200,86.00828277627458,88.27090045341322
2019/11/27,2424.5,2466.5,2419.5,2452.5,2001000,86.99443822894499,88.85991151061877
2019/11/28,2460.0,2469.0,2440.5,2469.0,1696000,87.35389006021943,89.23970147941442
2019/11/29,2484.0,2509.0,2452.5,2455.0,1489500,85.7997020355431,87.73996907334106
2019/12/02,2458.0,2471.0,2453.0,2457.5,749700,86.08191851263031,88.39120282610762
2019/12/03,2437.5,2467.5,2433.5,2465.5,952100,87.37713163796492,89.58050697689906
2019/12/04,2420.0,2448.5,2420.0,2441.5,1151800,86.53887070510874,87.9726876058441
2019/12/05,2450.0,2466.0,2444.0,2456.0,869300,86.52140104952545,88.2355483766598
2019/12/06,2438.5,2452.0,2428.5,2439.5,1124900,84.16508116528881,85.7540889865326
2019/12/09,2446.0,2462.0,2441.5,2455.5,823700,85.0227400395602,86.67216349750598
2019/12/10,2455.5,2476.5,2452.0,2461.5,1124000,86.23776218414966,87.39285117104471
2019/12/11,2469.0,2469.0,2433.0,2445.5,946800,85.0643182034495,86.29033300757284
2019/12/12,2426.5,2447.5,2412.5,2426.5,1136300,84.27627364934021,85.40911858038147
2019/12/13,2465.5,2480.0,2448.5,2461.5,1677800,82.50698754718303,84.85150758233955
2019/12/16,2460.0,2477.0,2445.0,2462.0,942700,83.29451674831996,85.14568053233373
2019/12/17,2465.5,2497.5,2460.5,2497.5,1280900,85.03257714461164,86.67049217880496
2019/12/18,2481.0,2485.5,2454.0,2461.5,1110600,85.09641895265416,86.86937906292033
2019/12/19,2471.0,2493.0,2463.0,2470.5,1313900,86.5006780866841,88.46270022522482
2019/12/20,2460.0,2468.0,2440.5,2456.5,1537400,88.32210311631422,89.57114675322381
2019/12/23,2462.0,2525.0,2459.5,2507.5,1429400,93.76449824871574,95.43907726975364
2019/12/24,2498.0,2521.0,2491.5,2497.5,567800,93.35344972278907,95.12446722212313
2019/12/25,2497.5,2505.0,2475.0,2480.0,479700,93.2175156112009,95.3874848347939
2019/12/26,2482.0,2499.5,2480.0,2490.0,759900,90.43886643922957,93.47792575564188
2019/12/27,2496.5,2522.5,2485.5,2507.0,783700,93.76135569489361,96.26559041247403
2019/12/30,2500.0,2522.5,2495.0,2502.0,809400,92.77738235317494,95.88940937512983
2020/01/06,2428.0,2432.0,2402.0,2425.5,1738500,91.10846930856789,94.00675909302727
2020/01/07,2440.0,2483.0,2426.5,2475.0,1664100,93.10965946130385,95.63449561169864
2020/01/08,2474.5,2530.0,2455.5,2515.5,2430400,94.049049432166,96.39593034484771
2020/01/09,2530.0,2560.5,2524.0,2551.5,1664600,92.89126530035973,96.26995914956356
2020/01/10,2570.0,2599.0,2570.0,2586.0,961700,95.21251391714888,98.33240850215378
2020/01/14,2579.0,2602.5,2564.0,2599.5,1439300,98.1276136210939,101.65756314753295
2020/01/15,2600.0,2614.0,2565.5,2569.5,1409800,95.57379658076862,99.32941109235699
2020/01/16,2613.5,2628.0,2584.0,2598.0,1060800,94.82836571595014,99.30173424671155
2020/01/17,2594.5,2604.0,2578.0,2587.0,868100,93.67342181231469,97.80459546910876
2020/01/20,2589.5,2604.0,2580.0,2596.0,552900,93.76027144418057,97.87481752226824
2020/01/21,2601.5,2607.0,2588.0,2603.5,519900,93.80249156214032,97.37679643614622
2020/01/22,2601.5,2627.5,2584.0,2621.5,1038700,95.51447206808326,98.86269109336287
2020/01/23,2600.5,2634.5,2588.5,2627.0,1099100,95.96218080394198,99.57488030973909
2020/01/24,2630.0,2640.0,2612.0,2630.0,861400,98.15698115426075,101.89335308020489
2020/01/27,2590.5,2594.5,2568.5,2575.5,964300,98.00875435085942,101.2278084130714
2020/01/28,2568.5,2575.5,2551.5,2569.5,994500,97.6788040493459,100.97083636862169
2020/01/29,2590.0,2596.0,2568.0,2592.0,820400,97.37399940511507,101.02638064068638
2020/01/30,2573.0,2584.5,2532.0,2543.5,1034900,97.00491682099653,100.42489547438159
2020/01/31,2546.5,2557.5,2500.5,2539.5,1819600,97.32681510402024,100.91429830787175
2020/02/03,2531.5,2616.5,2510.5,2584.5,1664600,100.51621930627026,104.52971248012469
2020/02/04,2566.5,2600.0,2556.5,2594.5,1094000,101.43877204032012,105.57952960438901
2020/02/05,2610.0,2642.5,2578.5,2626.5,1816600,102.30902749545604,106.25597757315133
2020/02/06,2660.0,2721.0,2653.5,2699.0,2112300,103.622393938372,107.68690409498754
2020/02/07,2710.0,2727.5,2678.5,2690.5,1062600,104.07474442247346,108.39168798277524
2020/02/10,2648.0,2662.0,2613.5,2634.0,1575100,103.53435949903553,107.48667952263101
2020/02/12,2654.5,2654.5,2620.0,2651.0,1659900,102.9208792535254,107.38839658076142
2020/02/13,2625.0,2630.5,2594.0,2618.5,1078100,103.15743786934937,107.90753497144385
2020/02/14,2593.5,2610.0,2584.0,2604.5,1045600,102.66106439564578,107.76985995704985
2020/02/17,2575.5,2575.5,2547.5,2567.0,786600,102.15112370422969,107.16903370056166
2020/02/18,2533.5,2549.5,2514.0,2534.0,1068300,102.37015859347358,107.49750774802665
2020/02/19,2540.5,2578.5,2536.0,2553.0,921000,102.52841774015546,108.03929107307249
2020/02/20,2567.0,2571.5,2531.0,2541.0,1060900,101.88324316187804,107.38875886685327
2020/02/21,2570.0,2610.5,2562.0,2566.0,1196800,103.78866520238905,108.92545172103696
2020/02/25,2430.0,2482.5,2423.0,2457.0,2038600,100.98987508581996,106.36303247665563
2020/02/26,2442.0,2442.0,2393.0,2421.5,1318100,100.47895773042737,105.46011819968027
2020/02/27,2397.0,2400.0,2300.0,2308.0,1891100,98.26478064766553,103.39901879649152
2020/02/28,2208.0,2247.0,2186.0,2210.0,4165600,98.30448308049787,102.88931633231218
2020/03/02,2160.0,2245.0,2160.0,2225.0,1652100,97.86296559324623,102.1005174649293
2020/03/03,2263.5,2292.0,2199.0,2199.0,1488400,97.34211513062296,101.62011177106574
2020/03/04,2171.0,2215.5,2150.5,2188.5,1058000,98.1820272553349,103.12200463614782
2020/03/05,2235.0,2246.5,2201.5,2241.0,1538500,98.96101980003861,103.95427418412315
2020/03/06,2200.5,2209.0,2175.0,2190.0,1404200,97.71510067214001,103.05109308216632
2020/03/09,2136.0,2145.5,2054.0,2077.5,1468000,99.46097059218451,105.59731311691387
2020/03/10,2089.0,2144.5,1990.5,2134.0,2082300,101.26216429392198,106.77724636904082
2020/03/11,2116.5,2136.5,2080.5,2084.5,2371600,101.22724415950532,106.10912189386205
2020/03/12,2039.5,2082.0,1998.5,2027.5,2287000,103.19267123108567,107.61536233004401
2020/03/13,1940.0,2020.0,1841.0,1965.0,3068200,104.65923095949393,108.02735604866129
2020/03/16,1967.5,2005.0,1893.5,1898.5,1738600,105.34054005353985,108.30140163313098
2020/03/17,1873.0,1998.0,1850.0,1977.5,2069100,111.15192874643517,111.29734332108762
2020/03/18,2030.0,2100.0,1985.5,1990.0,1771300,114.43881235544163,112.5289421810544
2020/03/19,2070.5,2095.0,2006.0,2040.0,2137800,120.36087484874642,116.08949600352165
2020/03/23,2050.0,2100.0,2022.5,2073.0,2541100,119.07381791411555,117.03665494455393
2020/03/24,2139.0,2210.5,2078.0,2118.5,1975900,112.79520024639112,115.58347356775288
2020/03/25,2212.5,2287.0,2197.0,2286.0,1773600,112.37151108211117,116.07413512517206
2020/03/26,2241.0,2310.0,2192.0,2275.5,1544900,117.79222843382165,118.23365899318455
2020/03/27,2400.0,2480.5,2359.5,2480.5,2485200,125.0747095807968,124.71635245770929
2020/03/30,2456.0,2537.5,2411.0,2534.5,2108600,130.6985677507725,130.53184545653636
2020/03/31,2566.5,2578.0,2463.0,2486.0,2249900,131.20447240976466,132.57660206837798
2020/04/01,2476.0,2501.5,2387.0,2404.0,1654900,134.67350236474908,134.49747827518053
2020/04/02,2421.5,2480.5,2407.5,2433.5,1958400,140.91537702355853,140.79762666785106
2020/04/03,2441.5,2488.0,2390.0,2423.0,1423700,140.96277760868008,141.32082830965246
2020/04/06,2488.0,2529.0,2479.5,2519.5,1742200,141.69603497406496,142.38509436667903
2020/04/07,2536.5,2595.0,2491.5,2518.5,1724900,140.4550878183572,140.8323805776494
2020/04/08,2518.5,2575.0,2517.0,2554.5,1284800,140.39314171749794,141.2943532286965
2020/04/09,2548.5,2564.5,2467.5,2530.5,1171000,137.36061664824865,138.76605426978637
2020/04/10,2536.5,2563.0,2482.5,2554.5,841800,141.45957861787195,141.58222488728157
2020/04/13,2527.5,2576.5,2525.5,2533.0,637400,142.1087624197915,141.3498315587391
2020/04/14,2515.5,2546.0,2504.5,2523.0,1174500,135.94376252212567,136.3140483349064
2020/04/15,2513.5,2556.5,2505.5,2549.5,1468000,139.07319436847328,138.7761932755484
2020/04/16,2507.0,2520.5,2473.0,2507.5,1282300,141.90545078900087,140.7114062413174
2020/04/17,2540.0,2549.5,2491.0,2498.0,1072600,137.97859525172885,138.61314551464295
2020/04/20,2490.5,2543.0,2490.5,2524.5,1101800,140.54370746194792,140.59532696069516
2020/04/21,2538.0,2579.5,2524.5,2551.5,1571900,144.4687233554862,143.43638278370312
2020/04/22,2539.5,2578.5,2511.0,2575.0,1424200,146.31383981938984,144.52504970647155
2020/04/23,2572.0,2574.5,2540.0,2550.0,1049500,141.9165772101429,140.4486565581007
2020/04/24,2569.0,2580.0,2539.0,2575.0,1432000,143.09264505104932,140.95981988166767
2020/04/27,2584.5,2590.0,2571.0,2580.0,1034100,138.05650454450097,137.71225819226737
2020/04/28,2580.0,2610.0,2561.5,2596.0,1188600,138.99719186899006,138.38461158227696
2020/04/30,2649.0,2649.0,2580.0,2591.0,1424900,135.8269272423872,136.7142829622181
2020/05/01,2598.5,2603.0,2564.0,2572.0,796300,138.7779594022313,138.81899065572304
2020/05/07,2547.5,2578.0,2540.0,2574.0,1287100,145.8326096378764,145.7122646716618
2020/05/08,2622.5,2634.5,2590.5,2619.0,1538100,141.55904590565552,142.19126265311766
2020/05/11,2621.5,2664.0,2620.5,2631.5,986300,144.4703307598545,144.69423950217242
2020/05/12,2650.0,2675.5,2620.5,2662.5,1332000,140.6233702233583,141.30925442572578
2020/05/13,2612.5,2748.0,2595.5,2748.0,2624600,150.69221702659777,150.9276011063554
2020/05/14,2718.0,2766.0,2691.5,2698.0,2301100,152.39279037940648,153.14961766911102
2020/05/15,2687.0,2731.5,2661.0,2716.5,1425800,150.59571957019497,151.81682788151832
2020/05/18,2759.0,2785.0,2732.5,2761.5,1452200,152.7686494061381,153.85444466077334
2020/05/19,2809.5,2836.5,2770.5,2789.0,2055600,151.02817618199512,151.3437500177748
2020/05/20,2800.5,2889.5,2792.5,2865.0,2159400,152.81231351603054,152.96788567011112
2020/05/21,2872.0,2888.5,2852.5,2867.0,1216200,152.67971065606957,153.26875811357624
2020/05/22,2856.5,2892.0,2846.5,2848.5,963600,150.4901546380801,151.52892184592113
2020/05/25,2880.0,2914.5,2868.0,2914.5,1187800,151.47363886319138,152.74396533938517
2020/05/26,2930.0,2949.5,2917.0,2943.0,1345900,149.23764232404554,150.89701646686484
2020/05/27,2912.0,2970.0,2900.0,2970.0,1640500,150.04310492688688,151.72420376598026
2020/05/28,3008.0,3048.0,2989.0,3031.0,2245200,155.5492678139801,158.10078946081433
2020/05/29,3050.0,3085.0,3023.0,3077.0,4119800,150.90830483328915,154.99345956414504
2020/06/01,3100.0,3120.0,3067.0,3067.0,1544800,147.66669647862895,152.51399319713087
2020/06/02,3050.0,3110.0,3038.0,3102.0,1425000,150.99230279377417,155.95917840535046
2020/06/03,3099.0,3107.0,3033.0,3049.0,1527100,145.29198028066585,151.31930631897623
2020/06/04,3040.0,3097.0,3038.0,3097.0,1676700,145.93410326628995,151.58937605321856
2020/06/05,3055.0,3074.0,3001.0,3026.0,1411100,142.44153426458786,148.19387328183154
2020/06/08,2986.0,2988.0,2847.5,2937.5,2868200,136.06767302239038,142.1077407377537
2020/06/09,2887.5,2989.5,2867.0,2989.5,2247300,139.67083659738978,145.83049094831708
2020/06/10,3005.0,3048.0,2996.5,3027.0,1111900,141.43846693019364,148.07823879120508
2020/06/11,3050.0,3138.0,3044.0,3099.0,2440600,148.39086350355564,153.8251683004578
2020/06/12,3050.0,3059.0,2988.0,3036.0,1463200,145.16267452363002,150.9933277306643
2020/06/15,3014.0,3095.0,3001.0,3002.0,1023800,150.9615634196734,154.77044499794349
2020/06/16,3048.0,3111.0,3021.0,3103.0,1400600,147.4841420503743,152.3465130233598
2020/06/17,3100.0,3148.0,3093.0,3114.0,1303900,150.59427477983348,155.33553398947043
2020/06/18,3132.0,3168.0,3123.0,3168.0,1246000,154.98136784845983,159.0620809991326
2020/06/19,3151.0,3154.0,3118.0,3130.0,1738100,155.22304257665763,160.30571300102213
2020/06/22,3110.0,3157.0,3107.0,3129.0,867900,156.64631705596273,161.84059718039083
2020/06/23,3153.0,3157.0,3070.0,3127.0,910900,158.14159066216283,163.62659718759375
2020/06/24,3120.0,3120.0,3070.0,3100.0,988400,155.41595312339481,161.23555118117264
2020/06/25,3087.0,3144.0,3078.0,3115.0,1031200,156.7881305761825,162.66147510223254
2020/06/26,3134.0,3177.0,3122.0,3164.0,1010700,154.77545092827202,161.04482484281974
2020/06/29,3141.0,3155.0,3115.0,3139.0,926800,154.71044159091247,160.1991931188484
2020/06/30,3156.0,3163.0,3120.0,3137.0,818100,150.86765862563774,157.6510413483654
2020/07/01,3154.0,3158.0,3064.0,3080.0,1096700,146.81641003918523,154.09034860494646
2020/07/02,3090.0,3111.0,3017.0,3038.0,1607400,144.80345105043574,152.26613291878874
2020/07/03,3046.0,3057.0,3013.0,3044.0,780900,143.46469926078598,150.97544892947593
2020/07/06,3050.0,3058.0,3025.0,3043.0,672600,141.38231431480665,149.24831105534406
2020/07/07,3010.0,3037.0,2985.0,3037.0,895000,143.40449975266137,150.68802590638634
2020/07/08,3050.0,3072.0,3003.0,3014.0,1429500,143.08265795441045,150.4462540745429
2020/07/09,2952.0,2973.0,2891.0,2938.5,1578500,139.64729845197888,147.3590287815096
2020/07/10,2950.0,2964.0,2904.5,2910.0,1409900,140.53267659864431,148.32091166556793
2020/07/13,2900.0,2923.5,2868.0,2913.0,1368100,137.83500847667338,145.43549807629904
2020/07/14,2924.5,2982.5,2915.5,2959.0,1312700,141.23728184348948,148.47494806005506
2020/07/15,2969.0,3006.0,2933.5,3002.0,1531500,143.74874440474167,151.49750384633785
2020/07/16,2935.0,2945.0,2870.0,2896.5,1638800,139.91030004182255,147.07817325248934
2020/07/17,2925.0,2956.5,2910.0,2938.5,836200,142.71250298771065,149.93759194061568
2020/07/20,2947.0,2966.5,2925.5,2947.5,487300,144.01351639986743,150.75854132154493
2020/07/21,2987.5,2987.5,2935.5,2958.0,857000,143.207863683485,150.24262160415225
2020/07/22,2935.0,2947.0,2912.0,2940.0,872300,143.53266301345343,150.62579465569854
2020/07/27,3120.0,3121.0,2989.0,3039.0,2645400,148.7636589853766,155.52207100685806
2020/07/28,3027.0,3052.0,3011.0,3026.0,1104900,147.36369902719562,154.43242250141847
2020/07/29,3048.0,3049.0,2992.5,3029.0,956700,146.7769026985713,154.33595636243834
2020/07/30,3016.0,3024.0,2970.0,2991.5,1131600,146.42668844538505,154.60286549933036
2020/07/31,3015.0,3027.0,2962.0,2963.5,1457200,142.85260056714202,150.74861184592436
2020/08/03,3007.0,3079.0,2962.5,3072.0,1477400,144.69409434166144,153.28889443333955
2020/08/04,3100.0,3120.0,3039.0,3051.0,1867100,141.77118657616353,149.86416689416671
2020/08/05,3058.0,3077.0,3019.0,3035.0,775200,139.22127691833288,147.39804574873543
2020/08/06,3044.0,3079.0,3013.0,3028.0,806800,139.98620296608587,147.35437868014802
2020/08/07,3037.0,3052.0,2993.0,3031.0,902600,140.27960418350972,147.23621933071144
2020/08/11,3057.0,3109.0,3041.0,3109.0,1306500,143.72223410742947,149.82843766389402
2020/08/12,3170.0,3215.0,3146.0,3183.0,2144100,145.6854387597964,150.4830724556168
2020/08/13,3240.0,3270.0,3194.0,3255.0,1561000,144.7600162740816,150.68767314751642
2020/08/14,3255.0,3290.0,3251.0,3270.0,1072500,142.84770060936296,149.07041005312854
2020/08/17,3265.0,3275.0,3233.0,3233.0,922700,141.44261344405098,147.4723115991086
2020/08/18,3260.0,3323.0,3254.0,3299.0,1703600,145.92013926234878,152.16200709696813
2020/08/19,3300.0,3321.0,3276.0,3288.0,561600,146.5260588707351,152.40758943608884
2020/08/20,3288.0,3312.0,3280.0,3298.0,949000,149.75119777429254,155.59913802280144
2020/08/21,3323.0,3349.0,3273.0,3280.0,1004800,149.31114170447466,154.7515245555591
2020/08/24,3279.0,3328.0,3277.0,3300.0,772200,149.7478177073277,156.23745410383702
2020/08/25,3280.0,3294.0,3246.0,3263.0,1039700,145.36409569233132,151.74399778120787
2020/08/26,3247.0,3251.0,3214.0,3233.0,642800,143.9364318900476,150.1801409946803
2020/08/27,3250.0,3257.0,3207.0,3215.0,464400,141.68177279679648,148.20622459507447
2020/08/28,3218.0,3244.0,3151.0,3188.0,969100,146.98206666494923,153.0313344426694
2020/08/31,3198.0,3221.0,3191.0,3199.0,1004200,148.24114756173233,154.74093674842183
2020/09/01,3234.0,3253.0,3214.0,3242.0,793700,150.86936063375907,158.2503445128569
2020/09/02,3280.0,3281.0,3249.0,3274.0,746800,151.6220356673859,158.43933990416227
2020/09/03,3290.0,3294.0,3258.0,3293.0,766100,152.41121823827464,159.54825011013602
2020/09/04,3249.0,3251.0,3183.0,3187.0,920200,149.65397612236717,155.7580051707814
2020/09/07,3150.0,3165.0,3134.0,3139.0,705900,147.15240085255704,153.5755899997859
2020/09/08,3154.0,3189.0,3136.0,3189.0,605000,149.47098272291436,156.31046263643057
2020/09/09,3139.0,3185.0,3139.0,3178.0,1152300,149.71268104798833,157.4963160473817
2020/09/10,3213.0,3228.0,3195.0,3220.0,851500,149.02265908914748,156.21568245140597
2020/09/11,3260.0,3287.0,3221.0,3286.0,975800,151.83970249751982,158.98927412716125
2020/09/14,3278.0,3321.0,3270.0,3287.0,591000,151.8866997988485,159.04483931378758
2020/09/15,3300.0,3306.0,3261.0,3276.0,508900,152.0522730207439,159.5037557005626
2020/09/16,3310.0,3365.0,3307.0,3337.0,901200,155.34567520823117,162.25089549969863
2020/09/17,3345.0,3395.0,3342.0,3391.0,1130400,156.02855941097087,162.7614978410579
2020/09/18,3400.0,3422.0,3357.0,3371.0,1538500,159.98571100845052,166.1655435218244
2020/09/23,3374.0,3415.0,3346.0,3360.0,1549000,155.27264439273029,162.20524109041224
2020/09/24,3344.0,3366.0,3314.0,3330.0,860100,157.2340869195336,164.32680790481197
2020/09/25,3330.0,3358.0,3315.0,3327.0,714400,158.27057247318902,164.78133611935718
2020/09/28,3364.0,3382.0,3324.0,3382.0,1261600,159.91016811245325,165.1071373971041
2020/09/29,3363.0,3369.0,3288.0,3363.0,900400,158.75680198579235,165.0797054208213
2020/09/30,3346.0,3372.0,3294.0,3304.0,1092500,161.22415693576534,168.55311992635532
2020/10/01,,,,,0,-1.0,-1.0
2020/10/02,3290.0,3297.0,3136.0,3168.0,1544300,-1.0,-1.0
2020/10/05,3196.0,3225.0,3165.0,3204.0,965500,-1.0,-1.0
2020/10/06,3203.0,3275.0,3200.0,3262.0,825600,-1.0,-1.0
2020/10/07,3240.0,3259.0,3185.0,3197.0,931800,-1.0,-1.0
2020/10/08,3240.0,3295.0,3221.0,3273.0,1029800,-1.0,-1.0
2020/10/09,3282.0,3326.0,3277.0,3320.0,936900,-1.0,-1.0
2020/10/12,3375.0,3390.0,3311.0,3342.0,707100,-1.0,-1.0
2020/10/13,3336.0,3341.0,3299.0,3310.0,750900,-1.0,-1.0
2020/10/14,3308.0,3351.0,3293.0,3341.0,976800,-1.0,-1.0
2020/10/15,3311.0,3346.0,3237.0,3241.0,835400,-1.0,-1.0
2020/10/16,3209.0,3263.0,3201.0,3243.0,856500,-1.0,-1.0
2020/10/19,3259.0,3314.0,3249.0,3298.0,823200,-1.0,-1.0
2020/10/20,3300.0,3356.0,3300.0,3320.0,1020000,-1.0,-1.0
2020/10/21,3319.0,3374.0,3311.0,3323.0,878200,-1.0,-1.0
2020/10/22,3280.0,3283.0,3180.0,3184.0,1037800,-1.0,-1.0
2020/10/23,3185.0,3209.0,3162.0,3194.0,725000,-1.0,-1.0
2020/10/26,3199.0,3236.0,3157.0,3157.0,481600,-1.0,-1.0
2020/10/27,3129.0,3183.0,3092.0,3181.0,780100,-1.0,-1.0
2020/10/28,3133.0,3214.0,3122.0,3207.0,767300,-1.0,-1.0
2020/10/29,3190.0,3254.0,3150.0,3200.0,682600,-1.0,-1.0
2020/10/30,3143.0,3143.0,2972.0,2972.0,1463200,-1.0,-1.0
2020/11/02,2975.0,3040.0,2968.0,3031.0,1120400,-1.0,-1.0
2020/11/04,3048.0,3108.0,3001.0,3102.0,1239500,-1.0,-1.0
2020/11/05,3115.0,3258.0,3111.0,3243.0,1495200,-1.0,-1.0
2020/11/06,3215.0,3232.0,3194.0,3211.0,1007600,-1.0,-1.0
2020/11/09,3227.0,3241.0,3199.0,3221.0,963000,-1.0,-1.0
2020/11/10,3265.0,3270.0,3207.0,3227.0,1585600,-1.0,-1.0
2020/11/11,3300.0,3322.0,3235.0,3257.0,1356300,-1.0,-1.0
2020/11/12,3284.0,3291.0,3217.0,3235.0,826200,-1.0,-1.0
2020/11/13,3206.0,3209.0,3118.0,3152.0,848700,-1.0,-1.0
2020/11/16,3186.0,3202.0,3149.0,3161.0,1163700,-1.0,-1.0
2020/11/17,3127.0,3142.0,3077.0,3120.0,1153300,-1.0,-1.0
2020/11/18,3113.0,3145.0,3101.0,3126.0,973700,-1.0,-1.0
2020/11/19,3127.0,3175.0,3081.0,3174.0,1070700,-1.0,-1.0
2020/11/20,3200.0,3208.0,3147.0,3171.0,982800,-1.0,-1.0
2020/11/24,3222.0,3270.0,3218.0,3249.0,1232900,-1.0,-1.0
2020/11/25,3266.0,3296.0,3250.0,3261.0,1075600,-1.0,-1.0
2020/11/26,3280.0,3294.0,3259.0,3292.0,793500,-1.0,-1.0
2020/11/27,3292.0,3310.0,3270.0,3297.0,1559400,-1.0,-1.0
2020/11/30,3339.0,3358.0,3245.0,3303.0,3820600,-1.0,-1.0
2020/12/01,3322.0,3329.0,3252.0,3292.0,1032800,-1.0,-1.0
2020/12/02,3293.0,3314.0,3236.0,3244.0,1898900,-1.0,-1.0
2020/12/03,3225.0,3284.0,3181.0,3257.0,1388600,-1.0,-1.0
2020/12/04,3260.0,3287.0,3236.0,3260.0,825800,-1.0,-1.0
2020/12/07,3264.0,3279.0,3168.0,3183.0,957800,-1.0,-1.0
2020/12/08,3180.0,3193.0,3152.0,3153.0,632500,-1.0,-1.0
2020/12/09,3166.0,3174.0,3127.0,3141.0,797200,-1.0,-1.0
2020/12/10,3121.0,3214.0,3118.0,3213.0,959100,-1.0,-1.0
2020/12/11,3213.0,3225.0,3150.0,3176.0,976600,-1.0,-1.0
2020/12/14,3188.0,3234.0,3181.0,3191.0,679200,-1.0,-1.0
2020/12/15,3231.0,3240.0,3180.0,3183.0,509700,-1.0,-1.0
2020/12/16,3209.0,3215.0,3134.0,3139.0,527900,-1.0,-1.0
2020/12/17,3149.0,3155.0,3122.0,3122.0,921200,-1.0,-1.0
2020/12/18,3123.0,3167.0,3109.0,3165.0,1325100,-1.0,-1.0
2020/12/21,3167.0,3198.0,3145.0,3186.0,625700,-1.0,-1.0
2020/12/22,3155.0,3189.0,3152.0,3180.0,587100,-1.0,-1.0
2020/12/23,3210.0,3264.0,3203.0,3255.0,1084700,-1.0,-1.0
2020/12/24,3205.0,3239.0,3204.0,3237.0,676800,-1.0,-1.0
2020/12/25,3218.0,3221.0,3153.0,3171.0,558100,-1.0,-1.0
2020/12/28,3180.0,3246.0,3164.0,3207.0,800200,-1.0,-1.0
2020/12/29,3231.0,3263.0,3214.0,3263.0,650300,-1.0,-1.0
2020/12/30,3206.0,3246.0,3091.0,3108.0,2060100,-1.0,-1.0
2021/01/04,3104.0,3123.0,3042.0,3097.0,1383600,-1.0,-1.0
2021/01/05,3115.0,3115.0,3048.0,3061.0,887000,-1.0,-1.0
2021/01/06,3063.0,3113.0,3047.0,3097.0,986800,-1.0,-1.0
2021/01/07,3120.0,3132.0,3087.0,3094.0,1344900,-1.0,-1.0
2021/01/08,3048.0,3128.0,3046.0,3127.0,1154900,-1.0,-1.0
2021/01/12,3124.0,3139.0,3091.0,3137.0,1032400,-1.0,-1.0
2021/01/13,3095.0,3110.0,3058.0,3106.0,1052500,-1.0,-1.0
2021/01/14,3112.0,3136.0,3089.0,3114.0,956800,-1.0,-1.0
2021/01/15,3094.0,3102.0,3066.0,3075.0,812200,-1.0,-1.0
2021/01/18,3081.0,3122.0,3074.0,3096.0,724100,-1.0,-1.0
2021/01/19,3088.0,3093.0,3071.0,3080.0,470900,-1.0,-1.0
2021/01/20,3091.0,3111.0,3065.0,3107.0,675700,-1.0,-1.0
2021/01/21,3131.0,3148.0,3084.0,3095.0,1002600,-1.0,-1.0
2021/01/22,3043.0,3081.0,3039.0,3055.0,1033600,-1.0,-1.0
2021/01/25,3094.0,3110.0,3077.0,3108.0,859700,-1.0,-1.0
2021/01/26,3168.0,3236.0,3151.0,3201.0,1785600,-1.0,-1.0
2021/01/27,3264.0,3275.0,3213.0,3223.0,1510200,-1.0,-1.0
2021/01/28,3083.0,3160.0,3027.0,3080.0,3980800,-1.0,-1.0
2021/01/29,3126.0,3163.0,3096.0,3125.0,2382900,-1.0,-1.0
2021/02/01,3122.0,3177.0,3077.0,3159.0,1026200,-1.0,-1.0
2021/02/02,3199.0,3243.0,3129.0,3144.0,1348800,-1.0,-1.0
2021/02/03,3132.0,3147.0,3108.0,3144.0,1208400,-1.0,-1.0
2021/02/04,3100.0,3130.0,3088.0,3090.0,983600,-1.0,-1.0
2021/02/05,3133.0,3178.0,3115.0,3154.0,1278400,-1.0,-1.0
2021/02/08,3130.0,3157.0,3102.0,3156.0,1483700,-1.0,-1.0
2021/02/09,3153.0,3156.0,3129.0,3146.0,928100,-1.0,-1.0
2021/02/10,3159.0,3174.0,3120.0,3147.0,605000,-1.0,-1.0
2021/02/12,3185.0,3185.0,3118.0,3121.0,673000,-1.0,-1.0
2021/02/15,3150.0,3163.0,3119.0,3146.0,524900,-1.0,-1.0
2021/02/16,3140.0,3149.0,3121.0,3129.0,563500,-1.0,-1.0
2021/02/17,3129.0,3129.0,3080.0,3080.0,756400,-1.0,-1.0
2021/02/18,3080.0,3110.0,3074.0,3090.0,1026100,-1.0,-1.0
2021/02/19,3075.0,3093.0,3048.0,3073.0,725800,-1.0,-1.0
2021/02/22,3098.0,3112.0,3045.0,3055.0,689200,-1.0,-1.0
2021/02/24,3058.0,3080.0,3017.0,3020.0,1266400,-1.0,-1.0
2021/02/25,3048.0,3048.0,2977.5,2977.5,1136300,-1.0,-1.0
2021/02/26,2950.0,2953.5,2864.0,2864.0,1694200,-1.0,-1.0
2021/03/01,2864.0,2899.0,2859.0,2895.5,838800,-1.0,-1.0
2021/03/02,2895.5,2895.5,2826.0,2854.5,1194100,-1.0,-1.0
2021/03/03,2849.5,2854.0,2811.0,2833.0,1095900,-1.0,-1.0
2021/03/04,2808.5,2831.5,2772.5,2797.5,985100,-1.0,-1.0
2021/03/05,2770.0,2775.0,2733.5,2768.0,1341400,-1.0,-1.0
2021/03/08,2800.0,2839.5,2784.0,2798.5,999000,-1.0,-1.0
2021/03/09,2837.5,2842.5,2787.0,2839.0,1315600,-1.0,-1.0
2021/03/10,2839.0,2853.0,2813.0,2836.5,1258400,-1.0,-1.0
2021/03/11,2842.0,2853.5,2831.5,2838.5,976300,-1.0,-1.0
2021/03/12,2838.0,2847.5,2818.5,2842.5,1280800,-1.0,-1.0
2021/03/15,2851.0,2882.5,2835.5,2882.5,1008900,-1.0,-1.0
2021/03/16,2925.0,2927.0,2877.0,2900.5,989000,-1.0,-1.0
2021/03/17,2875.5,2928.5,2863.5,2926.5,915500,-1.0,-1.0
2021/03/18,2929.0,2965.0,2918.0,2947.5,1453300,-1.0,-1.0
2021/03/19,2945.0,2996.5,2934.5,2993.5,1712800,-1.0,-1.0
2021/03/22,2968.0,2983.0,2925.5,2937.5,1201700,-1.0,-1.0
2021/03/23,2925.5,2937.0,2890.5,2890.5,1016900,-1.0,-1.0
2021/03/24,2896.5,2922.5,2853.5,2860.5,1105900,-1.0,-1.0
2021/03/25,2881.5,2900.5,2856.0,2889.5,976800,-1.0,-1.0
2021/03/26,2935.0,2950.0,2895.0,2939.5,1413200,-1.0,-1.0
2021/03/29,2937.0,2975.5,2905.0,2969.0,2015600,-1.0,-1.0
2021/03/30,2968.0,2968.0,2897.5,2916.5,1168600,-1.0,-1.0
2021/03/31,2866.5,2926.0,2866.5,2890.0,1523100,-1.0,-1.0
2021/04/01,2899.0,2899.5,2870.0,2887.5,782200,-1.0,-1.0
2021/04/02,2902.0,2907.5,2864.5,2870.0,599000,-1.0,-1.0
2021/04/05,2880.0,2880.0,2838.0,2849.0,612000,-1.0,-1.0
2021/04/06,2861.5,2869.5,2793.0,2804.5,873900,-1.0,-1.0
2021/04/07,2799.5,2813.0,2773.0,2788.0,1133600,-1.0,-1.0
2021/04/08,2791.5,2793.5,2746.0,2787.5,1056300,-1.0,-1.0
2021/04/09,2798.5,2823.0,2771.0,2802.0,1218900,-1.0,-1.0
2021/04/12,2834.0,2837.0,2795.5,2803.5,578900,-1.0,-1.0
2021/04/13,2815.0,2828.5,2800.5,2811.0,786800,-1.0,-1.0
2021/04/14,2800.0,2819.5,2760.0,2813.5,972400,-1.0,-1.0
2021/04/15,2820.0,2824.0,2802.0,2817.0,586200,-1.0,-1.0
2021/04/16,2817.0,2820.0,2799.0,2814.5,514500,-1.0,-1.0
2021/04/19,2826.0,2946.0,2821.5,2889.0,1512900,-1.0,-1.0
2021/04/20,2914.0,2914.0,2828.5,2880.0,1723700,-1.0,-1.0
2021/04/21,2849.0,2865.5,2828.0,2855.0,1008600,-1.0,-1.0
2021/04/22,2899.0,2945.0,2883.0,2938.0,1147200,-1.0,-1.0
2021/04/23,2920.0,2977.0,2908.0,2948.0,1106300,-1.0,-1.0
2021/04/26,2899.5,2904.5,2820.0,2823.5,1851900,-1.0,-1.0
2021/04/27,2840.0,2847.0,2770.0,2770.0,1726300,-1.0,-1.0
2021/04/28,2720.0,2737.0,2707.0,2721.5,1536400,-1.0,-1.0
2021/04/30,2705.0,2781.0,2701.5,2751.0,1472900,-1.0,-1.0
2021/05/06,2800.0,2890.0,2800.0,2843.0,1903100,-1.0,-1.0
2021/05/07,2839.0,2885.0,2819.0,2845.5,1061900,-1.0,-1.0
2021/05/10,2846.0,2900.0,2840.0,2880.5,1156400,-1.0,-1.0
2021/05/11,2850.0,2850.5,2722.5,2743.5,2069200,-1.0,-1.0
2021/05/12,2693.0,2702.0,2525.5,2550.0,3125800,-1.0,-1.0
2021/05/13,2480.0,2517.0,2457.5,2463.5,2242800,-1.0,-1.0
2021/05/14,2492.0,2545.0,2483.0,2536.0,1440600,-1.0,-1.0
2021/05/17,2486.0,2516.0,2477.0,2485.5,1013100,-1.0,-1.0
2021/05/18,2483.5,2538.5,2461.0,2517.5,1354700,-1.0,-1.0
2021/05/19,2495.5,2544.5,2495.5,2533.5,1159200,-1.0,-1.0
2021/05/20,2500.0,2530.5,2492.0,2510.0,920000,-1.0,-1.0
2021/05/21,2530.0,2557.5,2507.0,2536.5,1191600,-1.0,-1.0
2021/05/24,2519.0,2543.5,2510.5,2522.0,874800,-1.0,-1.0
2021/05/25,2511.5,2514.0,2471.0,2496.0,1481800,-1.0,-1.0
2021/05/26,2483.0,2507.0,2461.5,2463.0,2087700,-1.0,-1.0
2021/05/27,2444.0,2502.5,2441.0,2500.0,4525600,-1.0,-1.0
2021/05/28,2514.0,2534.0,2508.0,2512.5,1232200,-1.0,-1.0
2021/05/31,2520.0,2531.5,2474.0,2477.0,869800,-1.0,-1.0
2021/06/01,2498.0,2500.5,2446.5,2461.0,759900,-1.0,-1.0
2021/06/02,2440.0,2456.0,2417.0,2436.0,1302400,-1.0,-1.0
2021/06/03,2425.0,2443.5,2413.0,2426.0,1210300,-1.0,-1.0
2021/06/04,2401.0,2420.0,2383.0,2412.5,1213800,-1.0,-1.0
2021/06/07,2416.0,2431.0,2401.5,2419.5,923200,-1.0,-1.0
2021/06/08,2445.0,2466.5,2433.0,2444.5,931400,-1.0,-1.0
2021/06/09,2399.5,2440.5,2398.0,2427.0,1297900,-1.0,-1.0
2021/06/10,2434.0,2484.5,2427.5,2463.5,1775600,-1.0,-1.0
2021/06/11,2483.0,2506.5,2460.0,2500.0,1758400,-1.0,-1.0
2021/06/14,2499.0,2500.0,2475.5,2489.5,697900,-1.0,-1.0
2021/06/15,2499.5,2526.5,2496.0,2523.0,819900,-1.0,-1.0
2021/06/16,2513.0,2534.0,2502.0,2527.5,784400,-1.0,-1.0
2021/06/17,2515.0,2515.0,2483.0,2493.5,1164300,-1.0,-1.0
2021/06/18,2492.5,2504.5,2475.0,2486.0,2058300,-1.0,-1.0
2021/06/21,2436.0,2436.5,2411.5,2430.0,1344900,-1.0,-1.0
2021/06/22,2475.0,2514.5,2470.5,2512.5,1765700,-1.0,-1.0
2021/06/23,2509.0,2513.0,2467.0,2470.5,1491400,-1.0,-1.0
2021/06/24,2453.0,2495.0,2452.0,2492.5,1052200,-1.0,-1.0
2021/06/25,2497.0,2514.5,2485.5,2511.5,1705500,-1.0,-1.0
2021/06/28,2527.5,2528.5,2507.0,2521.5,755400,-1.0,-1.0
2021/06/29,2499.0,2516.0,2480.5,2505.0,937300,-1.0,-1.0
2021/06/30,2505.5,2510.0,2465.5,2479.0,1115900,-1.0,-1.0
2021/07/01,2496.5,2498.5,2464.5,2492.5,1152400,-1.0,-1.0
2021/07/02,2505.0,2530.5,2494.0,2499.0,908400,-1.0,-1.0
2021/07/05,2492.0,2502.5,2470.5,2474.0,663900,-1.0,-1.0
2021/07/06,2494.0,2494.0,2460.5,2463.0,750900,-1.0,-1.0
2021/07/07,2469.5,2475.0,2448.0,2467.0,875500,-1.0,-1.0
2021/07/08,2456.0,2480.0,2444.5,2454.5,1071100,-1.0,-1.0
2021/07/09,2408.0,2458.5,2407.0,2450.0,2075700,-1.0,-1.0
2021/07/12,2498.0,2529.5,2495.0,2524.5,1267100,-1.0,-1.0
2021/07/13,2540.0,2551.0,2518.0,2522.0,1014100,-1.0,-1.0
2021/07/14,2535.0,2578.0,2532.0,2556.5,1225500,-1.0,-1.0
2021/07/15,2550.0,2559.5,2504.0,2513.0,1021900,-1.0,-1.0
2021/07/16,2500.0,2518.0,2490.0,2502.0,905300,-1.0,-1.0
2021/07/19,2493.0,2513.5,2478.0,2501.5,845500,-1.0,-1.0
2021/07/20,2498.5,2507.0,2482.5,2499.0,836300,-1.0,-1.0
2021/07/21,2520.5,2537.5,2504.5,2513.0,532200,-1.0,-1.0
2021/07/26,2550.0,2554.0,2530.5,2539.5,819000,-1.0,-1.0
2021/07/27,2545.0,2560.0,2521.0,2540.0,989100,-1.0,-1.0
2021/07/28,2509.0,2521.0,2488.5,2508.0,1060400,-1.0,-1.0
2021/07/29,2558.0,2566.0,2514.5,2528.5,823900,-1.0,-1.0
2021/07/30,2492.0,2559.0,2453.0,2485.5,1192900,-1.0,-1.0
2021/08/02,2548.0,2596.5,2539.5,2580.0,1605100,-1.0,-1.0
2021/08/03,2543.0,2555.5,2511.0,2512.0,998600,-1.0,-1.0
2021/08/04,2490.5,2494.0,2464.0,2470.0,1348600,-1.0,-1.0
2021/08/05,2470.5,2494.0,2462.0,2481.5,774400,-1.0,-1.0
2021/08/06,2483.5,2505.0,2466.0,2471.0,723000,-1.0,-1.0
2021/08/10,2484.0,2523.0,2484.0,2512.0,747800,-1.0,-1.0
2021/08/11,2528.0,2538.0,2512.5,2519.0,789800,-1.0,-1.0
2021/08/12,2525.0,2534.5,2497.0,2498.5,460400,-1.0,-1.0
2021/08/13,2498.5,2523.0,2495.0,2507.5,387000,-1.0,-1.0
2021/08/16,2506.0,2507.5,2469.0,2480.5,629300,-1.0,-1.0
2021/08/17,2485.0,2531.0,2485.0,2516.5,685800,-1.0,-1.0
2021/08/18,2530.0,2548.5,2517.5,2526.5,914800,-1.0,-1.0
2021/08/19,2527.5,2579.0,2526.5,2566.5,766400,-1.0,-1.0
2021/08/20,2562.5,2625.0,2561.0,2594.5,1366700,-1.0,-1.0
2021/08/23,2631.0,2654.0,2611.0,2620.0,925100,-1.0,-1.0
2021/08/24,2594.0,2620.5,2591.0,2612.0,885400,-1.0,-1.0
2021/08/25,2608.0,2640.5,2595.0,2628.0,670600,-1.0,-1.0
2021/08/26,2638.0,2645.5,2608.0,2618.0,880700,-1.0,-1.0
2021/08/27,2616.5,2628.0,2573.0,2579.0,606300,-1.0,-1.0
2021/08/30,2595.0,2605.0,2574.0,2604.5,722900,-1.0,-1.0
2021/08/31,2605.0,2658.0,2600.0,2644.0,982600,-1.0,-1.0
2021/09/01,2643.0,2684.0,2642.0,2684.0,933600,-1.0,-1.0
2021/09/02,2697.0,2713.0,2662.0,2682.5,890000,-1.0,-1.0
2021/09/03,2704.0,2750.0,2688.0,2746.0,1286500,-1.0,-1.0
2021/09/06,2771.5,2774.0,2740.0,2748.5,670200,-1.0,-1.0
2021/09/07,2760.0,2774.0,2742.5,2751.5,872200,-1.0,-1.0
2021/09/08,2731.0,2746.0,2711.0,2718.5,1197600,-1.0,-1.0
2021/09/09,2705.5,2707.5,2658.0,2663.5,1098100,-1.0,-1.0
2021/09/10,2649.5,2694.0,2648.0,2684.0,1422800,-1.0,-1.0
2021/09/13,2670.5,2703.0,2652.0,2702.0,844400,-1.0,-1.0
2021/09/14,2689.0,2691.5,2655.5,2673.0,1581100,-1.0,-1.0
2021/09/15,2647.0,2665.0,2637.0,2640.0,1108400,-1.0,-1.0
2021/09/16,2661.0,2699.0,2653.0,2694.5,991100,-1.0,-1.0
2021/09/17,2710.5,2722.5,2688.0,2703.5,1580200,-1.0,-1.0
2021/09/21,2672.5,2677.0,2640.5,2663.0,1058200,-1.0,-1.0
2021/09/22,2673.0,2675.0,2635.0,2635.5,637500,-1.0,-1.0
2021/09/24,2669.0,2684.5,2660.0,2674.5,1076200,-1.0,-1.0
2021/09/27,2666.0,2678.5,2646.0,2650.0,1043900,-1.0,-1.0
2021/09/28,2613.5,2613.5,2580.5,2590.5,1223800,-1.0,-1.0
2021/09/29,2538.0,2538.0,2493.5,2515.5,1543600,-1.0,-1.0
2021/09/30,2540.0,2565.0,2527.0,2553.0,1116100,-1.0,-1.0
2021/10/01,2550.0,2559.5,2484.0,2493.0,1034300,62.99022274647922,63.75371520329368
2021/10/04,2524.5,2531.0,2457.5,2473.5,944200,63.26992085884585,64.03314886228769
2021/10/05,2437.5,2459.0,2414.0,2417.5,887400,62.421432117826214,62.62001636720066
2021/10/06,2428.0,2451.5,2396.0,2421.5,1015300,64.44550528694255,64.21944690704457
2021/10/07,2421.5,2426.5,2389.0,2390.5,900000,62.39963935080897,62.337216209676804
2021/10/08,2424.5,2451.0,2416.0,2425.5,788300,61.52065280352805,61.346697133360806
2021/10/11,2407.0,2446.0,2395.5,2446.0,784100,60.503948067130594,60.24116469563893
2021/10/12,2443.5,2445.5,2404.0,2414.0,888400,60.97246701931422,60.66017207506413
2021/10/13,2395.0,2432.0,2394.5,2416.0,817800,60.714952308798765,60.22628906787971
2021/10/14,2417.0,2435.0,2391.5,2425.0,809300,61.60470882750598,61.44770529583688
2021/10/15,2462.0,2465.0,2443.5,2461.5,766900,61.12817479047581,60.66702583514238
2021/10/18,2450.0,2452.0,2414.5,2425.0,815100,59.965432579049086,59.646353254633134
2021/10/19,2425.0,2444.5,2414.0,2425.0,609600,58.92031738074055,58.5953484464907
2021/10/20,2445.5,2452.5,2421.5,2441.5,676800,59.3684447176302,59.3385515901496
2021/10/21,2450.0,2458.5,2423.0,2426.0,695000,62.30144522987497,61.68372631948371
2021/10/22,2432.5,2490.0,2429.5,2459.5,1675200,62.86669720113586,62.50817658285954
2021/10/25,2448.0,2461.5,2418.5,2420.0,1079000,62.96972178465905,62.19392233999833
2021/10/26,2433.0,2461.0,2423.0,2452.5,839400,62.211121549647,61.78605314289916
2021/10/27,2458.5,2467.5,2432.5,2447.5,695000,61.42091453506799,61.110865844898775
2021/10/28,2423.5,2435.0,2402.0,2405.5,989900,60.85705066110136,60.55860926044917
2021/10/29,2412.0,2414.5,2361.5,2385.5,1405800,63.831995184834945,63.345730241902864
2021/11/01,2440.0,2469.0,2413.5,2467.5,1051300,63.96773350704616,64.01915242159892
2021/11/02,2445.0,2474.0,2437.5,2444.0,901100,63.23983716929062,63.104527682928534
2021/11/04,2494.0,2512.5,2466.5,2489.0,1405000,62.09489852429498,61.60499708477758
2021/11/05,2487.5,2504.5,2463.5,2498.5,932700,63.9196766429453,63.214912360284735
2021/11/08,2469.5,2491.5,2441.5,2441.5,807800,63.810038302240535,62.64044186837203
2021/11/09,2439.5,2461.0,2435.0,2439.0,719500,64.27729903884503,63.67650814951078
2021/11/10,2430.0,2443.5,2403.0,2411.5,572300,64.48318127099141,63.7568755903239
2021/11/11,2389.5,2409.0,2385.5,2405.5,563100,64.81677101570158,63.72437481589333
2021/11/12,2416.5,2484.5,2410.0,2463.5,1942800,67.00704131164782,65.23478323410401
2021/11/15,2480.0,2509.5,2476.5,2481.5,1098300,68.30110209030383,66.36663809934915
2021/11/16,2492.0,2507.5,2478.0,2484.5,657800,69.49720002082039,67.35488661438772
2021/11/17,2480.0,2492.0,2446.0,2475.0,755100,68.61338588631845,66.83472129112178
2021/11/18,2476.5,2488.5,2439.5,2450.0,709200,66.8512069015049,65.46779758595095
2021/11/19,2445.0,2445.0,2416.0,2440.5,732700,66.04834922443217,65.02486865049012
2021/11/22,2430.0,2470.0,2420.0,2461.5,720500,66.57970586357033,65.36187646315106
2021/11/24,2460.0,2463.0,2413.5,2423.0,965300,66.68059456610264,65.04915749987006
2021/11/25,2435.0,2464.0,2423.5,2455.5,645000,67.10047485150965,65.4786844243288
2021/11/26,2510.0,2527.0,2483.5,2503.0,2318500,70.35428931061112,68.32720402959018
2021/11/29,2503.0,2577.5,2503.0,2552.5,2993200,72.2227830014715,69.60149180087663
2021/11/30,2540.5,2561.5,2496.5,2505.5,3376000,73.27955328092777,69.79500020179171
2021/12/01,2475.0,2503.5,2451.0,2483.5,1504700,73.44727356075673,70.12264152823339
2021/12/02,2496.0,2560.0,2495.0,2549.0,1981400,75.60020267776835,72.12268593667311
2021/12/03,2548.0,2595.0,2530.0,2585.0,2621800,75.6781365453294,71.92661180897446
2021/12/06,2613.0,2658.0,2606.5,2649.5,2651500,79.12612436046814,75.25556072508239
2021/12/07,2648.0,2721.5,2632.0,2711.0,2707100,79.97308133796668,75.99834478723588
2021/12/08,2730.0,2767.0,2729.5,2752.0,1816000,81.41421717425133,77.86509672681385
2021/12/09,2738.0,2794.0,2737.5,2771.5,1719500,80.34559975758128,76.96141032911258
2021/12/10,2771.5,2780.5,2746.5,2747.0,1365700,81.06267036996039,78.02174607157285
2021/12/13,2753.5,2798.5,2750.5,2785.0,1297600,81.46227831764344,78.99920890341713
2021/12/14,2780.0,2817.5,2780.0,2808.0,1656400,82.80502713998598,79.64802386019662
2021/12/15,2800.0,2834.5,2785.5,2791.0,1208700,83.59529002070512,80.07338702673529
2021/12/16,2805.5,2824.0,2799.0,2813.0,811100,83.09782389869483,80.23324288111546
2021/12/17,2812.0,2847.0,2784.0,2842.5,2875200,84.20298523503334,81.15600099225485
2021/12/20,2823.0,2854.5,2812.5,2821.0,1583600,84.66632412170473,81.59817153330413
2021/12/21,2844.5,2877.5,2834.0,2855.0,1186100,83.22778218173147,80.26902973183526
2021/12/22,2854.0,2874.5,2835.0,2839.5,897800,81.01231196116389,78.10669741621471
2021/12/23,2842.0,2854.5,2795.0,2817.5,1179900,80.60267670263428,77.62690516630933
2021/12/24,2825.0,2839.0,2785.5,2811.0,742900,82.0993370709007,79.34996066668599
2021/12/27,2801.5,2821.0,2795.0,2805.5,779200,81.92099990899153,79.08319610208555
2021/12/28,2806.0,2858.0,2801.5,2844.5,1217900,82.67305858189572,79.09441677729687
2021/12/29,2823.5,2870.0,2823.5,2846.5,919800,86.95189659698363,82.68367320863808
2021/12/30,2865.0,2886.5,2850.0,2856.0,789600,87.30710344602974,83.0655541398746
2022/01/04,2829.0,2844.5,2783.5,2807.5,1679600,85.0100246793345,80.92119048186161
2022/01/05,2803.5,2822.0,2758.5,2770.5,1754400,82.5154991221812,78.79380533074848
2022/01/06,2750.5,2790.5,2736.0,2736.0,1380100,85.33213238641333,80.87004098276245
2022/01/07,2759.5,2763.0,2721.5,2738.5,1574000,86.53184442868519,81.39989140214111
2022/01/11,2765.0,2797.0,2740.5,2797.0,1215800,88.97794110274012,83.37793011636838
2022/01/12,2800.0,2824.5,2789.5,2820.5,1352100,89.83243387003945,83.83975442252145
2022/01/13,2800.0,2824.5,2776.5,2807.0,1096900,90.80299709284756,84.19504060229444
2022/01/14,2824.0,2839.0,2774.5,2825.5,1695300,93.17637551864586,86.26194519613351
2022/01/17,2850.0,2853.0,2786.5,2796.0,1372200,90.01903661876834,83.890625688319
2022/01/18,2811.0,2815.5,2756.0,2774.0,1037200,91.26403721467621,84.48635201069004
2022/01/19,2734.5,2753.0,2695.0,2704.0,1334600,90.3752955535998,83.84953628610567
2022/01/20,2710.5,2756.0,2704.5,2716.5,1272000,90.88010488184901,84.2439812516532
2022/01/21,2694.5,2709.5,2652.5,2700.5,1379600,91.95857157222133,85.16053671291198
2022/01/24,2690.5,2709.0,2674.0,2708.5,988900,91.04377807789328,84.08130650820563
2022/01/25,2687.5,2687.5,2637.0,2680.0,1340000,88.08985112210934,81.57756929935135
2022/01/26,2699.5,2789.5,2691.0,2728.0,1417600,89.7301645392593,83.2197965027099
2022/01/27,2790.0,2790.0,2693.0,2716.5,1560800,95.02976710091347,88.02619777288547
2022/01/28,2750.0,2780.0,2734.5,2745.0,1266000,90.95037820381823,84.65239582500845
2022/01/31,2753.0,2811.0,2721.0,2773.0,1659100,91.32140933045501,84.72099779784004
2022/02/01,2778.5,2808.5,2752.0,2768.0,2280700,92.2143951190769,85.76361335770093
2022/02/02,2784.0,2809.5,2774.5,2792.5,2433100,92.410051757904,85.8172048320566
2022/02/03,2827.5,2837.0,2811.0,2818.5,2088800,94.89892631405567,88.61009580900819
2022/02/04,2811.0,2823.5,2769.0,2789.5,1237400,92.75969124473204,86.6286244884009
2022/02/07,2795.0,2846.0,2790.0,2830.5,1286100,96.72864136950903,89.59131644647044
2022/02/08,2842.5,2882.0,2842.5,2869.0,1178000,98.61995949175352,90.79343179201888
2022/02/09,2860.0,2875.0,2822.5,2863.5,1758700,97.53392571817943,89.99398343294523
2022/02/10,2860.5,2861.5,2837.0,2854.0,1232300,97.46737687145793,90.1064157644075
2022/02/14,2817.0,2873.5,2811.0,2859.0,957100,100.96040821093935,91.97358422367432
2022/02/15,2847.0,2868.0,2835.0,2860.0,1437400,103.65993614166915,93.80801974423275
2022/02/16,2838.0,2874.5,2824.0,2869.5,1393400,102.77306902222546,93.87678304316943
2022/02/17,2866.5,2879.5,2835.0,2853.0,1272000,102.51218932278235,92.8402160451065
2022/02/18,2838.5,2861.5,2823.0,2851.5,1175300,102.69955906769852,93.01580509297905
2022/02/21,2824.5,2858.0,2800.0,2853.0,834200,104.64945850825671,94.74030924868987
2022/02/22,2835.0,2854.0,2813.0,2818.5,1027600,104.69700368220609,94.41882539437333
2022/02/24,2829.5,2852.0,2816.5,2847.0,2023400,111.0709383881923,99.15082061617882
2022/02/25,2847.5,2856.0,2783.0,2806.0,1819600,107.18715782742714,97.3612903180664
2022/02/28,2813.5,2837.0,2780.0,2826.5,1637900,109.15977259052474,98.42144367803385
2022/03/01,2820.0,2852.5,2804.0,2825.0,1495100,108.41703514994552,98.84552043269693
2022/03/02,2837.5,2857.5,2812.0,2838.5,1315000,112.2132857831297,102.59672264875857
2022/03/03,2875.0,2889.0,2842.5,2870.5,1228800,111.6933128764567,102.76978300490178
2022/03/04,2880.0,2881.5,2827.0,2844.0,1339300,114.1285397441238,105.59924689500677
2022/03/07,2794.5,2890.5,2740.5,2824.0,3279400,115.00213188883777,106.5107242895376
2022/03/08,2817.0,2872.5,2817.0,2859.0,2227300,117.91574795498785,109.73540768098911
2022/03/09,2863.5,2878.0,2823.5,2835.0,1814900,117.41142769989852,109.08725398929018
2022/03/10,2898.0,2946.0,2875.5,2944.5,2290900,117.95265846092038,109.11316056618301
2022/03/11,2944.0,2950.0,2887.5,2917.0,2322200,121.19771423812766,111.26154246650113
2022/03/14,2932.5,2942.0,2889.5,2890.0,1027900,117.9255484734611,108.91542446347191
2022/03/15,2911.0,2974.5,2903.0,2970.5,1135800,120.89725557708843,111.0964489433309
2022/03/16,3018.0,3048.0,3006.0,3013.0,1360900,119.5501537582097,110.22112238627335
2022/03/17,3052.0,3107.0,3030.0,3053.0,1849600,117.42928999854851,109.5518553730235
2022/03/18,3059.0,3068.0,3018.0,3027.0,2722300,112.2934632907225,106.5710176322935
2022/03/22,3059.0,3073.0,3018.0,3039.0,1507700,111.98011994769811,107.18944473693168
2022/03/23,3070.0,3099.0,3052.0,3095.0,1136700,109.60767304430381,105.45724127664926
2022/03/24,3095.0,3117.0,3076.0,3117.0,1065600,110.25062103405612,106.4573867336476
2022/03/25,3145.0,3167.0,3126.0,3163.0,906000,111.52852706123943,107.74941381482721
2022/03/28,3148.0,3148.0,3118.0,3126.0,561200,110.71603234796837,106.35346315203434
2022/03/29,3150.0,3157.0,3097.0,3156.0,1305000,112.73258450239476,107.46210910881895
2022/03/30,3163.0,3176.0,3099.0,3123.0,1038000,112.50221711747994,107.31536004378212
2022/03/31,3152.0,3153.0,3063.0,3066.0,1191300,112.16402790615341,106.79499308747162
2022/04/01,3086.0,3099.0,3062.0,3072.0,1291900,115.50367021031454,108.5440331420396
2022/04/04,3089.0,3129.0,3072.0,3121.0,816200,118.83968561494574,111.22437310302986
2022/04/05,3145.0,3149.0,3093.0,3113.0,1160300,118.62435572721341,111.2974513777041
2022/04/06,3114.0,3131.0,3069.0,3074.0,1231900,119.854804731709,112.81099380200972
2022/04/07,3088.0,3146.0,3057.0,3143.0,1447400,124.58034819606148,116.26540205587708
2022/04/08,3175.0,3196.0,3145.0,3195.0,1752500,125.78184667602883,117.79370958664501
2022/04/11,3170.0,3195.0,3161.0,3195.0,1031000,125.51011720365197,117.88183863603278
2022/04/12,3159.0,3183.0,3129.0,3146.0,1126100,126.43734049372573,117.61774342336939
2022/04/13,3121.0,3192.0,3112.0,3183.0,1115200,124.8390081727824,116.85141806127825
2022/04/14,3190.0,3248.0,3183.0,3227.0,1225400,124.97067763694818,117.62120445225746
2022/04/15,3205.0,3229.0,3185.0,3226.0,679100,125.57875495799881,118.52298399133363
2022/04/18,3193.0,3221.0,3167.0,3216.0,769200,123.30505182040827,115.8471460727045
2022/04/19,3203.0,3214.0,3179.0,3207.0,845800,120.08292596331299,113.14868573174405
2022/04/20,3219.0,3252.0,3198.0,3220.0,1198100,118.13295608613865,111.19630535631791
2022/04/21,3250.0,3262.0,3238.0,3244.0,1072800,116.9677358117871,110.10026720974852
2022/04/22,3236.0,3254.0,3217.0,3247.0,694300,117.92559281110708,110.71077142862534
2022/04/25,3250.0,3334.0,3249.0,3308.0,1779200,128.33080146894795,119.75870122175402
2022/04/26,3238.0,3300.0,3230.0,3230.0,1701000,126.6153124070676,118.160829401488
2022/04/27,3240.0,3265.0,3223.0,3251.0,3456600,131.5316255041573,122.5569225965907
2022/04/28,3250.0,3343.0,3244.0,3333.0,1763600,130.0221382831511,121.06792821572971
2022/05/02,3350.0,3392.0,3337.0,3382.0,1591600,130.1050406297301,120.7792453118084
2022/05/06,3390.0,3448.0,3378.0,3441.0,2074000,131.47066605208116,122.00961762006833
2022/05/09,3441.0,3455.0,3397.0,3435.0,1249800,133.74445893653467,123.94042326550834
2022/05/10,3435.0,3446.0,3360.0,3398.0,1106000,135.4126601032768,126.75198760988195
2022/05/11,3400.0,3445.0,3110.0,3237.0,3431000,136.30606181047887,128.778965698588
2022/05/12,3191.0,3338.0,3180.0,3322.0,2207500,143.7481553032828,136.31288940465228
2022/05/13,3274.0,3333.0,3202.0,3320.0,2017700,139.12222680980568,132.2645652417441
2022/05/16,3350.0,3389.0,3343.0,3349.0,1414800,141.22696687714878,135.86961348006997
2022/05/17,3375.0,3417.0,3367.0,3407.0,1387600,144.2014100063611,138.30726269616974
2022/05/18,3461.0,3478.0,3430.0,3467.0,1649300,142.60895461618745,137.61228956451257
2022/05/19,3422.0,3488.0,3417.0,3473.0,1342200,147.251487346034,141.03257864417787
2022/05/20,3484.0,3502.0,3450.0,3489.0,1641500,145.67345628469386,139.55343501205778
2022/05/23,3538.0,3586.0,3529.0,3567.0,1589300,148.57530520283814,142.8142100017325
2022/05/24,3514.0,3544.0,3481.0,3510.0,1278000,150.11897789902432,143.7141290343191
2022/05/25,3534.0,3563.0,3499.0,3504.0,1395300,152.74109320016652,145.60803973237208
2022/05/26,3524.0,3560.0,3520.0,3542.0,1054600,152.0333795204182,144.20334345274264
2022/05/27,3529.0,3553.0,3482.0,3511.0,1286300,152.09562130174348,144.19423762868487
2022/05/30,3511.0,3512.0,3432.0,3461.0,5157000,147.3354895658163,139.76472227626044
2022/05/31,3467.0,3487.0,3404.0,3404.0,5461000,146.09839069585104,139.2947540329811
2022/06/01,3410.0,3423.0,3345.0,3361.0,1807600,145.4503350283507,138.2347009282559
2022/06/02,3350.0,3351.0,3234.0,3246.0,2335600,141.82558219937405,136.04463730297653
2022/06/03,3220.0,3250.0,3205.0,3219.0,2086900,139.10122925903045,135.2280865392238
2022/06/06,3224.0,3276.0,3221.0,3257.0,985600,139.93510823601508,136.12379823332884
2022/06/07,3283.0,3290.0,3254.0,3270.0,1086300,138.65063303964712,134.84285105710774
2022/06/08,3320.0,3399.0,3320.0,3377.0,1630700,142.23051364193157,138.23606423893622
2022/06/09,3377.0,3442.0,3375.0,3419.0,1425900,142.2847623190483,137.91791830824758
2022/06/10,3378.0,3390.0,3327.0,3331.0,1484400,138.62451782956572,133.98948314282933
2022/06/13,3286.0,3361.0,3247.0,3350.0,879400,145.40699982175906,138.71950344371578
2022/06/14,3310.0,3344.0,3243.0,3261.0,2088000,142.89651844276742,135.92725477076206
2022/06/15,3230.0,3261.0,3220.0,3234.0,1244400,142.36252491446072,136.22080068922077
2022/06/16,3281.0,3290.0,3227.0,3246.0,901700,142.92054948058836,136.85253134370177
2022/06/17,3200.0,3226.0,3162.0,3181.0,2365900,142.7471380539091,135.66921675703887
2022/06/20,3154.0,3222.0,3154.0,3189.0,942500,142.6398243878922,137.0432779530937
2022/06/21,3210.0,3217.0,3152.0,3172.0,1046000,138.9370729434033,133.27670793752412
2022/06/22,3219.0,3255.0,3213.0,3234.0,1288800,144.54773011130234,137.7224724340532
2022/06/23,3194.0,3253.0,3192.0,3220.0,969300,142.5350560541541,135.84040054755548
2022/06/24,3228.0,3277.0,3215.0,3266.0,1277300,142.6778978568769,136.72460457501919
2022/06/27,3280.0,3330.0,3254.0,3315.0,1305300,142.11924853509268,136.9199137977655
2022/06/28,3319.0,3401.0,3298.0,3401.0,1230000,144.61813029409885,138.7651665600008
2022/06/29,3390.0,3454.0,3381.0,3410.0,3121000,147.75196509246737,141.187638632763
2022/06/30,3428.0,3513.0,3427.0,3482.0,2189100,151.94716387054214,144.8059601989389
2022/07/01,3560.0,3564.0,3432.0,3452.0,2047300,153.30212644535465,146.46586467045728
2022/07/04,3475.0,3514.0,3456.0,3480.0,813900,153.8094897600918,146.62732400708163
2022/07/05,3485.0,3488.0,3416.0,3469.0,1029000,152.67633471841933,146.49440827227355
2022/07/06,3491.0,3528.0,3468.0,3500.0,1009700,154.1500806025956,148.11873677974035
2022/07/07,3559.0,3639.0,3535.0,3639.0,2374600,157.36685364568496,151.25051437807048
2022/07/08,3676.0,3787.0,3637.0,3756.0,2968400,161.53436505888945,155.33268118498717
2022/07/11,3801.0,3860.0,3787.0,3835.0,1813200,161.86437188295218,154.9793906836562
2022/07/12,3836.0,3877.0,3814.0,3848.0,1404400,166.3746307418724,159.41020395762914
2022/07/13,3840.0,3870.0,3816.0,3860.0,1444100,163.1318029325562,156.92774484929788
2022/07/14,3861.0,3926.0,3853.0,3926.0,1603700,165.8187949999057,160.06330628927537
2022/07/15,3968.0,3990.0,3919.0,3929.0,1583700,164.1544327064317,160.3277380209441
2022/07/19,3881.0,3906.0,3846.0,3892.0,1336100,158.2058294134013,154.60458969559997
2022/07/20,3888.0,3917.0,3858.0,3911.0,1248200,154.88709577062545,152.27014444843252
2022/07/21,3841.0,3915.0,3816.0,3910.0,1131500,154.1350562136128,151.9963415211996
2022/07/22,3872.0,3913.0,3861.0,3892.0,917500,152.81177365766686,150.88046469628625
2022/07/25,3888.0,3888.0,3840.0,3860.0,814600,152.73396353393022,150.62253021057873
2022/07/26,3852.0,3853.0,3807.0,3838.0,949700,152.82351185855495,150.70344954236842
2022/07/27,3847.0,3874.0,3816.0,3819.0,1130800,151.53602521703712,150.23016364337184
2022/07/28,3840.0,3840.0,3783.0,3821.0,1673900,150.93765325853693,149.45631865390445
2022/07/29,3809.0,3817.0,3720.0,3738.0,1691500,147.58989669741047,147.35158120603086
2022/08/01,3700.0,3706.0,3620.0,3620.0,1705300,139.24582337474573,138.87412741707007
2022/08/02,3524.0,3539.0,3402.0,3426.0,3633200,136.61813933289554,136.7855483092683
2022/08/03,3420.0,3446.0,3372.0,3385.0,2354800,136.26490618197482,136.3815885667819
2022/08/04,3445.0,3445.0,3320.0,3328.0,1976800,133.13257129400662,133.9908734380994
2022/08/05,3320.0,3368.0,3313.0,3340.0,1724100,133.46092687172282,133.9302316584946
2022/08/08,3343.0,3413.0,3334.0,3409.0,1296300,133.97393195582276,134.65640000891705
2022/08/09,3389.0,3437.0,3352.0,3374.0,1113300,133.77893613665174,134.26397413796087
2022/08/10,3388.0,3388.0,3340.0,3364.0,909700,134.75083238019857,134.9560293133599
2022/08/12,3363.0,3467.0,3357.0,3384.0,1942000,132.26127751055975,133.80678689865212
2022/08/15,3400.0,3422.0,3383.0,3396.0,1045500,130.51296575229924,132.77090403974165
2022/08/16,3394.0,3399.0,3364.0,3393.0,1063500,128.08397040095906,130.31777890295913
2022/08/17,3392.0,3399.0,3367.0,3399.0,1372900,126.99826769424646,128.96888623814507
2022/08/18,3407.0,3416.0,3375.0,3382.0,974000,124.21232373545435,125.59749556545951
2022/08/19,3353.0,3362.0,3256.0,3293.0,2158800,118.51177588096593,119.67806706544772
2022/08/22,3290.0,3449.0,3286.0,3447.0,2563000,125.62387044069484,126.45108868816999
2022/08/23,3417.0,3433.0,3375.0,3384.0,1666900,126.27450983558211,127.10861795567838
2022/08/24,3363.0,3370.0,3320.0,3337.0,1046500,124.33865622212284,124.9441195311872
2022/08/25,3337.0,3363.0,3330.0,3361.0,1075600,125.05938522544646,125.70124988724089
2022/08/26,3359.0,3369.0,3334.0,3335.0,807000,124.79767872336791,125.99394874324116
2022/08/29,3280.0,3322.0,3267.0,3313.0,1721600,126.7937820451134,127.59811664018521
2022/08/30,3286.0,3328.0,3286.0,3322.0,1108000,125.17043794889125,125.15274584985919
2022/08/31,3313.0,3351.0,3296.0,3328.0,3690700,125.58080233807247,125.1075572097654
2022/09/01,3325.0,3399.0,3294.0,3368.0,1721000,129.55807114478276,128.6734518444143
2022/09/02,3380.0,3424.0,3326.0,3354.0,1475200,128.66680064655588,127.53782096510025
2022/09/05,3308.0,3358.0,3288.0,3343.0,1262000,130.61487208466983,128.71984391941086
2022/09/06,3330.0,3408.0,3322.0,3355.0,2157400,132.03909513562135,130.5915800510483
2022/09/07,3362.0,3398.0,3340.0,3352.0,2114100,135.6690432584636,133.85678991991216
2022/09/08,3366.0,3383.0,3351.0,3370.0,1212000,135.2843692909259,133.4609279972448
2022/09/09,3415.0,3436.0,3390.0,3415.0,1323000,137.00804278300475,135.3996477653008
2022/09/12,3395.0,3404.0,3362.0,3385.0,726700,133.64017560453857,132.71051494992366
2022/09/13,3380.0,3399.0,3359.0,3395.0,984900,136.1343986297647,135.46941618693447
2022/09/14,3347.0,3358.0,3306.0,3319.0,1416700,137.8904825339027,135.33398145805472
2022/09/15,3316.0,3343.0,3308.0,3330.0,910500,134.43551875434974,132.43879160886834
2022/09/16,3338.0,3372.0,3328.0,3361.0,1391300,137.54440962097087,134.68441421141782
2022/09/20,3361.0,3403.0,3361.0,3402.0,1072700,137.6764207481842,135.44481208380793
2022/09/21,3393.0,3404.0,3328.0,3344.0,952300,137.68961457839075,134.99148326469623
2022/09/22,3312.0,3340.0,3294.0,3320.0,956200,138.2842379546742,135.44871304257956
2022/09/26,3290.0,3330.0,3261.0,3261.0,1664300,140.78777375936892,137.80665670514352
2022/09/27,3271.0,3331.0,3253.0,3304.0,1291300,144.8807013413745,141.75849429431025
2022/09/28,3293.0,3357.0,3293.0,3349.0,1470700,150.2777268817866,146.27758073782974
2022/09/29,3342.0,3426.0,3329.0,3407.0,1486000,148.75765810958575,144.9735454260101
2022/09/30,3447.0,3449.0,3373.0,3381.0,1412500,150.43734065885428,146.72747276150494
2022/10/03,3365.0,3365.0,3310.0,3349.0,921000,146.90769409321535,144.65369373865494
2022/10/04,3388.0,3411.0,3368.0,3409.0,1317700,145.34908221923214,144.03501767278254
2022/10/05,3443.0,3444.0,3390.0,3420.0,1211300,143.36127182407483,143.3751624612355
2022/10/06,3433.0,3452.0,3405.0,3416.0,868400,144.81873224174927,144.17375048894908
2022/10/07,3390.0,3435.0,3374.0,3413.0,1249300,145.55397683040786,144.7756971469103
2022/10/11,3393.0,3455.0,3366.0,3409.0,1423300,151.00297659985483,149.62799922294795
2022/10/12,3414.0,3433.0,3387.0,3401.0,944600,150.067394017032,148.6654829671287
2022/10/13,3401.0,3417.0,3383.0,3383.0,992800,151.80615718856023,149.46137307218356
2022/10/14,3433.0,3488.0,3431.0,3484.0,1373100,151.87338803289515,150.91559243993987
2022/10/17,3476.0,3480.0,3409.0,3427.0,960800,153.19309114458068,151.82103839613302
2022/10/18,3455.0,3494.0,3443.0,3491.0,1487000,154.87584451577698,153.43240391655445
2022/10/19,3450.0,3478.0,3427.0,3436.0,1144300,151.04994968461045,149.7907667558569
2022/10/20,3422.0,3464.0,3403.0,3445.0,959500,150.95045979549312,149.89982003341242
2022/10/21,3448.0,3464.0,3414.0,3429.0,929400,149.34342484524558,148.32679702252946
2022/10/24,3446.0,3450.0,3390.0,3412.0,823300,149.48791072349533,149.0775856832752
2022/10/25,3429.0,3463.0,3406.0,3457.0,978300,150.55738696506884,149.1815193501559
2022/10/26,3450.0,3505.0,3440.0,3487.0,1382900,151.12664092922188,149.572443738366
2022/10/27,3513.0,3516.0,3456.0,3479.0,1337900,152.4272662873952,151.7688344871173
2022/10/28,3453.0,3489.0,3435.0,3485.0,6498600,155.7251376042385,153.947668491661
2022/10/31,3509.0,3539.0,3460.0,3496.0,2125000,152.25952528887558,150.14783715330643
2022/11/01,3397.0,3417.0,3331.0,3369.0,2370100,147.02130136540288,144.47315993814723
2022/11/02,3359.0,3442.0,3340.0,3394.0,1500700,146.86413394682629,144.44828987234456
2022/11/04,3411.0,3412.0,3366.0,3385.0,1713800,147.49455936710163,144.39501541584895
2022/11/07,3413.0,3486.0,3409.0,3478.0,1453700,152.69670357925384,149.9020359295067
2022/11/08,3510.0,3557.0,3488.0,3493.0,1643600,150.47660632744518,147.69253518665724
2022/11/09,3493.0,3502.0,3420.0,3444.0,1143300,149.97979283797127,147.09906824576026
2022/11/10,3400.0,3417.0,3350.0,3390.0,2116600,150.33255040236767,146.57675642256663
2022/11/11,3389.0,3409.0,3328.0,3368.0,2405400,143.22883730290584,141.05997724532418
2022/11/14,3370.0,3379.0,3291.0,3291.0,1530600,141.2214168814524,138.83059274535321
2022/11/15,3297.0,3332.0,3297.0,3323.0,1093200,142.43620365426582,139.64676298054536
2022/11/16,3308.0,3342.0,3285.0,3329.0,1027500,142.47137093796658,139.64672801596555
2022/11/17,3360.0,3399.0,3349.0,3385.0,1172700,146.41475323581753,143.02850550070144
2022/11/18,3384.0,3495.0,3382.0,3492.0,1688000,152.55325395935472,148.72292795285938
2022/11/21,3510.0,3544.0,3500.0,3505.0,1354800,151.71416123675039,147.46394886304458
2022/11/22,3545.0,3609.0,3520.0,3588.0,1611500,154.33220021445698,149.89000604506808
2022/11/24,3625.0,3658.0,3607.0,3653.0,1569300,154.618507055623,149.27580498960407
2022/11/25,3653.0,3655.0,3568.0,3575.0,1097100,145.19497364481347,140.49153899364399
2022/11/28,3600.0,3613.0,3543.0,3562.0,829400,140.14947360773462,135.66231490042023
2022/11/29,3559.0,3559.0,3487.0,3510.0,1407300,139.06174657615637,135.54946575148216
2022/11/30,3526.0,3539.0,3484.0,3516.0,3839900,141.40547757219252,138.09273205553978
2022/12/01,3510.0,3524.0,3472.0,3498.0,1458700,134.93205267254024,133.07909889299333
2022/12/02,3467.0,3481.0,3343.0,3343.0,2074000,130.4946943092253,129.5798129267801
2022/12/05,3369.0,3369.0,3291.0,3309.0,1333000,125.37169925816653,124.86840721264531
2022/12/06,3315.0,3365.0,3303.0,3351.0,1304400,126.13292271331369,126.11932675257296
2022/12/07,3364.0,3428.0,3333.0,3394.0,2005200,128.5590267453118,126.74227025377888
2022/12/08,3405.0,3425.0,3394.0,3420.0,1569700,128.5499235255687,126.53168130100228
2022/12/09,3350.0,3437.0,3340.0,3433.0,1416900,127.3769238980284,125.85955282220698
2022/12/12,3413.0,3437.0,3389.0,3423.0,1122000,126.43187158556324,124.21455175248313
2022/12/13,3458.0,3491.0,3438.0,3458.0,1199400,125.25293331793831,123.65748560106266
2022/12/14,3454.0,3472.0,3438.0,3450.0,1325800,124.94408066845173,124.02918596240002
2022/12/15,3436.0,3449.0,3417.0,3431.0,730100,126.38101842327177,124.39040246637052
2022/12/16,3439.0,3449.0,3394.0,3422.0,2373100,124.84154903031508,122.50186222418759
2022/12/19,3403.0,3469.0,3390.0,3390.0,1866800,123.25924295242056,120.53772689686978
2022/12/20,3386.0,3434.0,3339.0,3357.0,2028200,126.21143264655615,121.54460649458588
2022/12/21,3355.0,3387.0,3335.0,3351.0,1152600,127.73870105480876,122.88744550320465
2022/12/22,3368.0,3393.0,3334.0,3375.0,942900,130.13764027057974,124.88821301951323
2022/12/23,3352.0,3368.0,3307.0,3323.0,475200,129.69229037172306,123.74760326842713
2022/12/26,3264.0,3277.0,3184.0,3186.0,1238400,123.32767832457057,118.06212558055039
2022/12/27,3215.0,3218.0,3162.0,3165.0,680900,122.29524094781034,116.79359121340424
2022/12/28,3165.0,3165.0,3134.0,3143.0,719400,121.17426605274173,115.62009878190831
2022/12/29,3154.0,3160.0,3122.0,3154.0,679900,121.85287475395236,116.08969551931465
2022/12/30,3128.0,3151.0,3083.0,3083.0,930800,123.3101799751835,117.85345040616907
2023/01/04,2985.5,2986.0,2901.5,2902.0,2420000,119.47178661200711,114.34106675121947
2023/01/05,2899.5,2912.5,2838.5,2849.5,2029600,114.90603880104331,111.2875915962388
2023/01/06,2847.0,2905.0,2845.0,2881.0,2201900,115.34856886504605,111.92939274922726
2023/01/10,2861.5,2886.5,2840.5,2857.0,1842700,110.13287237662344,107.8984506708286
2023/01/11,2878.5,2921.5,2872.5,2904.0,1545100,111.99144732625261,109.35660784472122
2023/01/12,2881.0,2923.5,2878.5,2915.0,1447600,111.85428153211761,109.14825502742585
2023/01/13,2890.5,2914.0,2858.5,2866.5,1461900,109.23777757210944,105.42684716175117
2023/01/16,2865.0,2895.0,2848.0,2878.5,677900,112.96251167453278,108.43025456995632
2023/01/17,2853.0,2860.0,2815.0,2833.0,1270000,110.40439437583896,106.17839272388527
2023/01/18,2873.0,2897.0,2845.5,2889.5,1430800,109.55696836412953,106.02020578271507
2023/01/19,2864.0,2913.0,2852.5,2890.0,1277600,111.89736976415242,107.65923689116768
2023/01/20,2901.0,2905.5,2870.5,2894.5,1281500,111.09415285859995,107.20109886698135
2023/01/23,2911.0,2919.0,2898.0,2903.0,792700,109.89918057690109,106.32657002483086
2023/01/24,2890.0,2926.0,2872.5,2922.0,954100,108.35947699350316,104.81326942926631
2023/01/25,2933.0,2938.0,2902.5,2921.5,889100,105.59321914969676,102.28965528378883
2023/01/26,2920.0,2943.5,2915.0,2930.5,1062300,103.176543598199,100.46418529766272
2023/01/27,2929.0,2929.5,2892.5,2905.5,1007700,103.27559369845687,100.20031955744864
2023/01/30,2893.5,2910.5,2887.5,2897.0,1091800,102.8287605361782,99.9147567108408
2023/01/31,2879.0,2897.5,2823.5,2823.5,2471700,101.07698610025197,97.9145685900378
2023/02/01,2841.5,2877.0,2833.0,2863.0,1494900,103.22464076052631,100.6703463444903
2023/02/02,2813.5,2862.5,2806.0,2852.0,1571900,100.5950048701487,98.85860757192248
2023/02/03,2845.0,2860.5,2795.5,2809.5,1965300,100.46263247234744,98.68756511130891
2023/02/06,2845.5,2847.0,2814.5,2836.0,994000,98.58511901864632,97.4996427329703
2023/02/07,2834.0,2853.0,2823.5,2827.5,1032200,97.12621901148812,96.10183923568073
2023/02/08,2850.0,2857.0,2830.5,2836.0,1046900,98.94424377535802,97.45467913804801
2023/02/09,2850.0,2868.5,2830.5,2859.5,1237900,100.59854107503546,99.06257857194544
2023/02/10,2837.5,2859.5,2835.0,2859.5,1102700,97.87989384527607,97.1830154749577
2023/02/13,2858.0,2868.0,2822.5,2831.0,823300,97.76522971598438,96.66637610176817
2023/02/14,2873.0,2889.5,2857.0,2885.5,1196800,98.1956603937269,96.92345181974369
2023/02/15,2888.0,2888.5,2848.0,2854.5,927900,99.32729545414348,97.41989409192311
2023/02/16,2852.5,2882.0,2844.0,2875.0,973000,99.08445849182618,97.25360386615966
2023/02/17,2835.0,2863.0,2835.0,2847.0,870700,98.42307366049332,96.45284794635577
2023/02/20,2859.5,2867.0,2840.5,2851.0,546100,97.67566338152507,95.48087381888755
2023/02/21,2842.0,2861.5,2842.0,2848.5,736800,97.29931670991405,95.17598046698653
2023/02/22,2800.0,2810.5,2775.5,2784.0,1703100,93.6976955906721,91.96174844949681
2023/02/24,2796.0,2807.0,2756.5,2800.5,1535700,96.25229222465933,94.17433157932558
2023/02/27,2785.0,2812.5,2781.0,2812.5,989500,96.24951837009735,94.21932200540272
2023/02/28,2795.0,2811.5,2772.5,2780.0,1651400,96.25274540271896,93.66218458622774
2023/03/01,2820.0,2821.0,2771.0,2782.5,1222200,94.02467912278331,91.26221942990593
2023/03/02,2798.5,2813.5,2774.5,2786.0,1077900,93.80350827897207,91.56884631025999
2023/03/03,2789.5,2817.5,2780.0,2814.5,1469500,92.08113065339941,90.40776838729137
2023/03/06,2825.0,2828.0,2802.0,2808.0,898600,88.81191259694577,87.59510353988117
2023/03/07,2779.0,2839.0,2769.0,2834.0,1489900,86.80642623955865,85.3050507927705
2023/03/08,2842.0,2853.0,2832.0,2836.5,1358800,86.94432169874096,85.79426921815084
2023/03/09,2862.5,2878.0,2851.0,2875.5,1142900,87.65067260120234,86.29011559954691
2023/03/10,2845.0,2869.5,2840.5,2851.0,1341000,87.38442835897929,86.57417546296072
2023/03/13,2844.5,2859.5,2824.0,2847.5,930500,89.59045583112321,89.23726872845013
2023/03/14,2804.5,2831.5,2768.0,2822.0,1539300,88.45541817695005,89.10286171710668
2023/03/15,2825.5,2839.0,2805.0,2823.5,1210200,88.6602715551386,88.6012826764695
2023/03/16,2783.0,2819.5,2767.5,2818.0,1323400,91.08022590125235,90.48766781102569
2023/03/17,2778.0,2843.5,2778.0,2820.0,1989100,91.43572319438191,90.77714073253983
2023/03/20,2789.0,2791.0,2762.0,2762.5,1257500,91.84093379032909,91.11080905467317
2023/03/22,2796.0,2824.0,2775.0,2796.0,1342400,92.22569573752631,91.06503418898384
2023/03/23,2761.0,2771.5,2697.5,2712.0,1676800,89.19869088767598,88.08425309089245
2023/03/24,2710.0,2739.0,2687.5,2729.0,1108300,88.68773519283914,87.43272268070993
2023/03/27,2753.0,2759.0,2732.0,2749.0,882800,89.43455908038014,88.45669373567058
2023/03/28,2782.0,2791.5,2751.0,2758.0,837500,89.72058761740998,88.49953228473959
2023/03/29,2743.0,2806.0,2734.0,2804.0,1198700,90.24743450672729,88.53101830181063
2023/03/30,2782.0,2788.5,2741.0,2756.0,1072500,90.0136695248507,88.21579803348612
2023/03/31,2727.0,2779.0,2718.5,2764.0,1675100,88.76912815482058,87.31403442413281
2023/04/03,2764.0,2786.0,2754.5,2765.5,1319200,87.1895644498511,85.79656898381974
2023/04/04,2798.0,2820.5,2770.0,2806.0,1416300,88.54666015391398,86.85658840684066
2023/04/05,2803.0,2803.0,2726.5,2731.5,1475200,87.3790946199176,86.12905000117297
2023/04/06,2719.5,2729.0,2696.0,2726.0,2239300,84.88851559338731,83.70849658942163
2023/04/07,2719.0,2729.0,2705.5,2709.0,1207000,83.14797582583707,81.82718359161836
2023/04/10,2710.0,2729.5,2705.0,2708.0,974400,82.26645321307745,81.0314220475877
2023/04/11,2705.0,2742.0,2705.0,2714.5,1112600,81.37599083292284,80.729858390998
2023/04/12,2742.0,2761.5,2727.5,2747.0,1122700,82.49395763550092,81.27697863789038
2023/04/13,2747.0,2770.0,2742.0,2747.5,907000,82.16264722584033,80.90584876517758
2023/04/14,2797.5,2799.5,2754.0,2764.5,1328100,81.48300408455192,80.49807237302873
2023/04/17,2757.0,2769.0,2743.0,2750.0,1018500,80.36680867890597,79.31323466241808
2023/04/18,2734.5,2757.5,2729.0,2747.0,1592900,80.65385201267243,79.56273648493234
2023/04/19,2727.0,2727.0,2685.5,2703.5,2205000,79.88323538568736,78.80653617439079
2023/04/20,2685.0,2689.0,2656.0,2682.0,1845900,79.48925085600463,78.14699345225945
2023/04/21,2700.0,2701.0,2678.0,2681.5,1417300,78.36541543150301,77.31209993222893
2023/04/24,2710.5,2716.5,2695.5,2701.0,888000,75.93159764819058,75.20535555234561
2023/04/25,2716.0,2742.0,2712.5,2727.0,1082000,78.76349419611711,77.66198527033487
2023/04/26,2737.0,2768.0,2704.5,2723.5,1173900,77.79007857675856,77.02145549547862
2023/04/27,2696.5,2731.5,2690.0,2730.0,1303000,77.27484869784277,76.55285211081093
2023/04/28,2744.0,2762.0,2730.5,2744.0,1174400,75.40544748906449,74.86023189684585
2023/05/01,2737.0,2762.5,2737.0,2753.0,1025700,74.95986279237333,74.36195721555406
2023/05/02,2755.5,2772.0,2733.5,2760.0,1304900,74.28283076786857,74.04069701783655
2023/05/08,2740.0,2763.5,2719.0,2731.5,1896900,72.29407245455745,72.1167417084153
2023/05/09,2729.0,2775.5,2725.0,2771.5,2108900,72.98403186525209,72.41815990120159
2023/05/10,2756.5,2779.0,2601.0,2604.5,4432800,72.42443424789424,71.4048494108865
2023/05/11,2530.0,2583.0,2530.0,2561.0,3983400,68.15127953317295,67.69527557399087
2023/05/12,2525.0,2546.0,2507.5,2507.5,3591300,67.91832080109424,67.16194770160541
2023/05/15,2540.0,2577.0,2519.0,2574.0,1907000,68.87025011542833,67.71537473428057
2023/05/16,2584.0,2615.0,2582.0,2612.5,1811600,68.50115665323425,67.29096841891631
2023/05/17,2610.0,2615.0,2583.0,2591.0,1686100,66.8301807024939,66.01436641003917
2023/05/18,2590.0,2604.0,2581.0,2594.0,1369300,64.50072042990396,64.38364492453287
2023/05/19,2590.0,2611.5,2585.0,2599.5,1716600,64.6645204718114,64.70611309190063
2023/05/22,2614.0,2646.0,2607.5,2643.0,1675500,64.35850806744295,64.51575406420021
2023/05/23,2646.0,2667.0,2618.5,2642.5,1795200,65.04767794019244,65.4199727082323
2023/05/24,2654.0,2662.0,2636.0,2644.0,1234200,65.60758851037839,65.78720769594352
2023/05/25,2644.5,2659.5,2621.5,2635.0,1390100,64.25783135399627,65.08343114854893
2023/05/26,2629.5,2629.5,2581.0,2581.5,1646600,63.69296452448897,64.66732600444615
2023/05/29,2595.0,2611.5,2581.5,2600.0,1542000,65.82885355288242,66.84056632636208
2023/05/30,2590.0,2598.0,2549.0,2549.5,1867700,65.21864307364008,66.34506389624032
2023/05/31,2511.0,2608.5,2510.5,2608.5,9667400,68.99242149255424,70.6173571594401
2023/06/01,2600.0,2634.5,2584.0,2620.5,2286600,71.05192529097181,72.35771531791347
2023/06/02,2610.5,2678.0,2607.0,2678.0,1725800,73.26377112245979,73.68156721343149
2023/06/05,2719.0,2757.0,2697.0,2757.0,2525200,73.34653337427216,73.94512764592366
2023/06/06,2732.5,2786.0,2725.5,2785.0,1824100,73.2135204641092,74.15217777294971
2023/06/07,2737.5,2769.0,2707.0,2712.5,2511000,71.06207011535625,71.71928286069014
2023/06/08,2705.5,2705.5,2654.5,2661.5,2148000,69.49260096671578,69.94273956044259
2023/06/09,2707.0,2707.5,2663.5,2670.0,2169400,69.12366585332877,70.02164004013004
2023/06/12,2701.0,2720.0,2693.5,2718.0,1183600,67.5096447711495,68.89552132137608
2023/06/13,2720.5,2724.5,2681.0,2694.0,2036600,66.62793648981388,68.52017972848967
2023/06/14,2688.5,2690.0,2661.5,2677.5,1977700,65.05801399095665,66.96645596605524
2023/06/15,2685.0,2711.0,2662.0,2675.0,1996500,65.04823145433146,67.09964663954861
2023/06/16,2681.0,2760.0,2676.0,2760.0,3547700,66.83316664577555,69.24662760301455
2023/06/19,2756.5,2768.0,2728.5,2751.5,1151200,66.63283686450035,68.51774720307469
2023/06/20,2732.0,2761.5,2721.0,2761.0,1359800,68.42254762669508,70.7441315618766
2023/06/21,2760.0,2779.0,2748.0,2767.0,1141400,66.6370144322432,69.06816886154058
2023/06/22,2741.0,2789.0,2733.0,2775.5,2005300,67.81470313304975,69.50225863554179
2023/06/23,2775.0,2779.5,2715.5,2728.0,1367500,67.50144786821068,68.84793727170236
2023/06/26,2715.5,2723.5,2676.5,2700.0,1615000,66.93241210442676,68.01546602118627
2023/06/27,2682.5,2692.0,2619.0,2636.0,2071000,64.43209827341721,65.59318161525492
2023/06/28,2590.0,2660.0,2587.5,2658.5,2685400,62.955279668206956,64.2244283974462
2023/06/29,2656.5,2663.5,2623.5,2634.0,1498000,60.07475036171274,61.631088572163875
2023/06/30,2625.0,2625.5,2576.0,2606.0,2180600,58.99369088097443,60.861060651368184
2023/07/03,2644.0,2646.0,2601.5,2603.5,1288200,57.969115914832884,60.271639021493115
2023/07/04,2588.0,2592.5,2568.5,2581.0,1430700,58.82126533184675,60.61906580955563
2023/07/05,2580.0,2608.0,2574.0,2605.5,1369500,58.29645604914751,59.91409893688662
2023/07/06,2567.5,2576.5,2539.0,2554.0,2973900,56.730031107235355,58.01713951230123
2023/07/07,2545.0,2548.5,2526.5,2527.0,1660100,55.08297603175946,56.31488809295734
2023/07/10,2518.0,2526.0,2504.0,2517.0,1697000,54.6681759270982,56.01654868971553
2023/07/11,2517.5,2529.0,2495.0,2503.5,1889000,53.207053648499205,54.787635176038386
2023/07/12,2529.0,2554.0,2522.0,2542.5,1666500,54.59880264147875,56.00524736531435
2023/07/13,2540.0,2557.5,2525.0,2552.5,1388900,53.43193501375146,54.87424473386826
2023/07/14,2550.0,2562.5,2521.0,2536.5,1589400,53.39159631362504,54.56513525510578
2023/07/18,2528.0,2549.5,2512.0,2520.0,1024200,53.724570612191556,54.70111629807467
2023/07/19,2531.5,2550.5,2524.5,2547.0,1047100,54.798390779417836,55.621608216257755
2023/07/20,2535.0,2547.5,2526.0,2531.5,1130700,55.403368684527706,55.85805558726085
2023/07/21,2555.5,2569.5,2544.0,2557.5,1151800,56.78262828208045,56.81643789758741
2023/07/24,2583.0,2591.5,2568.5,2585.5,980300,56.73682261105692,57.058114853021145
2023/07/25,2685.0,2723.0,2636.0,2640.5,4220900,58.216053272090754,58.49699756310846
2023/07/26,2654.5,2687.5,2652.0,2684.5,1676800,59.63666080289703,59.907025590427985
2023/07/27,2663.0,2669.5,2643.5,2664.0,1792600,58.96096069715888,59.20064170185838
2023/07/28,2636.0,2638.5,2596.0,2606.5,2602100,59.177302195367254,59.06611434639066
2023/07/31,2647.0,2647.0,2588.0,2601.5,2816100,60.64508329226995,60.64971464379569
2023/08/01,2614.0,2707.5,2614.0,2705.0,3928800,65.08261227448102,65.04225215365653
2023/08/02,2692.0,2712.5,2677.5,2678.0,3482200,67.1024270613475,66.36244879263677
2023/08/03,2659.0,2668.5,2635.5,2652.0,2841900,69.21321582759312,67.82685514801507
2023/08/04,2644.0,2691.0,2636.0,2679.5,2338500,70.21445874975475,68.6752741203868
2023/08/07,2670.5,2725.0,2667.0,2724.0,2401500,69.9835144950812,68.27250518329114
2023/08/08,2748.0,2773.5,2737.0,2760.5,2366000,70.75539974535315,69.15336666671416
2023/08/09,2760.5,2783.5,2744.0,2773.0,1990100,71.20758885381066,69.83090088853444
2023/08/10,2753.0,2800.0,2720.5,2795.0,2630200,72.6073394279419,70.75026334823636
2023/08/14,2790.0,2809.5,2774.0,2775.5,1505900,73.60118574112747,71.12478530003294
2023/08/15,2775.0,2815.0,2765.0,2806.5,1507400,74.06814925841509,71.57836976504818
2023/08/16,2800.0,2812.5,2778.5,2796.0,1572300,75.6717260530902,73.02328780062898
2023/08/17,2817.5,2834.5,2784.0,2789.0,2102400,75.46772954365414,72.85583425976935
2023/08/18,2768.5,2802.5,2751.0,2772.0,1813900,77.43258148905703,75.04428243728577
2023/08/21,2771.5,2806.5,2766.0,2779.5,1250600,73.55637825773974,71.68140938173127
2023/08/22,2777.0,2799.5,2772.0,2786.0,1104900,73.53161144484805,71.63578102994325
2023/08/23,2786.0,2788.0,2753.5,2772.0,1155500,73.47522350930925,71.76431644871828
2023/08/24,2756.0,2779.5,2755.5,2766.0,1029300,72.5902066870393,71.1400480989443
2023/08/25,2749.5,2764.5,2740.5,2757.5,1423500,74.8846795393687,72.22014775792486
2023/08/28,2790.0,2808.5,2781.5,2790.5,823900,72.99384379266871,71.20118689367516
2023/08/29,2786.0,2790.0,2765.5,2765.5,919000,72.83423995630213,71.13965102353397
2023/08/30,2765.5,2798.0,2763.0,2771.5,1053300,72.35270593271072,70.67084518398657
2023/08/31,2762.5,2776.5,2760.0,2761.5,2028500,69.53013155189836,68.05113146178537
2023/09/01,2750.0,2785.0,2748.0,2768.5,1055700,69.77518922171568,67.80400895234764
2023/09/04,2780.0,2786.5,2758.0,2783.5,1174300,69.8167466383451,67.6563362775777
2023/09/05,2778.0,2781.5,2752.5,2769.5,1827300,69.02992816930748,66.88233666231648
2023/09/06,2781.5,2811.5,2778.5,2795.0,1899200,68.80722103655444,66.76311231416616
2023/09/07,2791.5,2798.5,2776.0,2784.5,1875600,70.28945369205798,67.8660267605393
2023/09/08,2768.5,2818.0,2766.5,2800.0,2143200,70.94712765248963,68.31489061771741
2023/09/11,2813.0,2857.5,2807.0,2851.0,1988700,74.0410029164566,70.65642533611826
2023/09/12,2864.5,2896.0,2838.0,2886.5,1450100,74.22651393926053,70.97005178145358
2023/09/13,2900.0,2904.0,2859.0,2874.0,2118500,73.65135754810667,70.89560936869646
2023/09/14,2886.0,2899.5,2867.0,2893.5,1376800,73.0277151271285,70.45172358430763
2023/09/15,2921.5,2947.0,2910.0,2937.5,2291100,71.8514496247366,69.7705204733165
2023/09/19,2935.0,2966.5,2901.0,2926.5,1885900,71.65022194417219,68.92559206769394
2023/09/20,2922.0,2936.5,2891.5,2898.5,1908100,71.6888684277782,69.19800280001756
2023/09/21,2902.0,2914.0,2871.0,2871.0,1768100,72.09326772421316,69.52148746280967
2023/09/22,2864.0,2891.5,2852.0,2870.0,1631800,71.7920602583517,69.04726065190583
2023/09/25,2871.5,2877.0,2833.0,2846.5,1523900,70.60237537893246,68.21692029125948
2023/09/26,2833.5,2850.5,2816.5,2816.5,1642900,70.09499413318053,67.314110910755
2023/09/27,2812.0,2846.5,2801.5,2846.5,1742200,68.72228902474131,66.26495185094288
2023/09/28,2795.0,2887.0,2787.0,2878.0,1755500,70.02752283016208,67.30451399703435
2023/09/29,2859.0,2894.0,2842.0,2868.0,2229000,69.06275626531061,67.03017364176205
2023/10/02,2870.0,2887.5,2817.0,2822.0,1021100,69.55461620004195,67.26655523209541
2023/10/03,2817.5,2817.5,2759.0,2774.0,1323000,70.31298139522579,68.19208708587284
2023/10/04,2741.0,2764.0,2718.5,2725.0,1457700,70.787431356058,68.69125253317362
2023/10/05,2705.0,2742.0,2672.5,2733.5,1699700,70.32786290446475,67.95640654355992
2023/10/06,2755.0,2799.5,2753.0,2782.5,1439000,71.3245852548085,68.66133758840218
2023/10/10,2800.0,2829.5,2775.5,2798.0,2132100,68.25727341461952,66.42425357195127
2023/10/11,2785.5,2798.5,2754.0,2783.0,1725400,67.63490664416611,66.26896372604529
2023/10/12,2785.0,2812.5,2785.0,2811.5,1326000,67.10350733416195,65.79773466331771
2023/10/13,2800.0,2810.0,2783.5,2795.0,1467800,67.25233840963516,65.95784208357244
2023/10/16,2800.5,2807.0,2777.5,2794.0,1430800,68.95360650824792,67.40093044740627
2023/10/17,2794.0,2795.5,2746.0,2758.0,1503600,66.96008768648204,65.53861617423566
2023/10/18,2762.5,2775.5,2718.0,2738.5,1511300,67.79859505200186,66.148686274351
2023/10/19,2712.5,2735.0,2682.5,2684.0,1057200,66.9446751471429,65.22128321743129
2023/10/20,2670.0,2685.0,2631.5,2631.5,1691600,66.017029164435,64.02936285001117
2023/10/23,2642.0,2657.0,2626.0,2635.5,1474400,67.21380039206139,65.11070331949152
2023/10/24,2600.0,2620.0,2548.5,2608.0,1932600,66.18275897159921,64.2097906331694
2023/10/25,2604.5,2617.5,2589.0,2596.0,1471200,65.31018434801355,63.345813192791724
2023/10/26,2592.0,2610.0,2573.0,2607.5,1621600,66.97379972372386,64.21092362876833
2023/10/27,2607.5,2650.0,2590.5,2647.5,1750200,66.44167051448771,63.986808897193605
2023/10/30,2581.0,2598.0,2552.0,2557.0,5947000,65.7318192336866,63.247307799663055
2023/10/31,2565.5,2620.0,2565.5,2601.5,2489600,69.26155253655693,66.41843922760621
2023/11/01,2676.5,2681.0,2560.0,2561.0,4105500,66.05312684040688,63.36692459667624
2023/11/02,2561.0,2657.0,2543.0,2647.5,3380300,66.5844292130403,64.50622484656685
2023/11/06,2697.5,2697.5,2592.0,2601.0,3022300,62.93893532863811,61.27605660063813
2023/11/07,2610.0,2636.0,2599.5,2609.5,1990800,64.5215964172886,62.68675847025137
2023/11/08,2630.0,2686.5,2622.0,2679.0,1982600,67.0260032015756,65.76286062876436
2023/11/09,2680.0,2691.0,2641.5,2656.0,1124900,65.8677636023787,64.97892940838939
2023/11/10,2630.0,2650.5,2622.0,2642.0,947100,68.07618210857672,66.39381803138964
2023/11/13,2635.0,2665.0,2635.0,2655.5,1070800,69.24529890209634,67.57700920511716
2023/11/14,2659.0,2666.5,2626.0,2637.0,1009200,67.93469497879259,66.46199378890508
2023/11/15,2677.5,2694.5,2669.0,2691.5,1844700,67.6047518862742,66.88474010575842
2023/11/16,2699.0,2718.0,2656.0,2667.5,1432400,65.85091348851408,65.41776839014035
2023/11/17,2659.0,2685.0,2643.0,2685.0,1451400,63.87379780543184,63.254638880631035
2023/11/20,2717.5,2758.5,2706.5,2751.5,1699500,65.70396070896116,65.26636007158773
2023/11/21,2752.5,2753.5,2714.5,2742.5,1356500,64.43086665938569,64.39312376075418
2023/11/22,2757.0,2804.0,2750.0,2801.0,1323300,65.05837775610672,65.08938738888014
2023/11/24,2830.0,2849.0,2812.0,2849.0,1294500,67.03061421576916,67.26186224793487
2023/11/27,2849.0,2849.0,2800.5,2812.5,1007200,66.48275987865861,66.44549053576418
2023/11/28,2795.0,2800.0,2730.5,2738.0,1853000,65.44257962721414,65.41101604925133
2023/11/29,2702.5,2708.5,2678.0,2692.0,1576400,64.26611973453284,64.29424091805451
2023/11/30,2690.0,2723.0,2675.5,2721.0,3236200,65.56687561270842,65.06354879005231
2023/12/01,2737.5,2743.0,2693.0,2708.0,1380500,67.306297491284,66.43483222898517
2023/12/04,2674.5,2710.5,2667.0,2701.5,1268900,68.34781506342883,67.30936164135976
2023/12/05,2720.0,2720.0,2681.0,2694.0,2095200,68.39963687294711,66.925549508232
2023/12/06,2702.5,2708.0,2683.0,2694.5,1445900,65.7188495311675,64.79412117770914
2023/12/07,2704.0,2704.0,2588.5,2596.0,2058800,63.700069065459296,62.448287935254655
2023/12/08,2546.0,2577.0,2463.5,2550.5,3348400,64.1598377360659,62.69446140346595
2023/12/11,2581.0,2611.0,2573.0,2606.0,1373400,64.64096516565539,63.180997366181614
2023/12/12,2612.0,2634.5,2605.0,2605.0,1356500,64.11916062162625,62.928024790282244
2023/12/13,2590.0,2599.5,2543.5,2546.5,1611900,63.11828510635391,61.97939743545252
2023/12/14,2561.0,2572.0,2525.5,2540.0,1226000,63.53412983075197,62.950258776958265
2023/12/15,2559.5,2564.5,2525.0,2542.0,2040500,62.01976626997479,62.11496315422761
2023/12/18,2512.0,2518.0,2462.0,2494.0,1620600,61.16963028107869,61.456799543334824
2023/12/19,2504.0,2505.0,2481.0,2500.0,1104600,59.56023012337083,60.80686820805566
2023/12/20,2510.0,2518.0,2496.0,2503.5,1222300,58.540349097779796,60.20657515821646
2023/12/21,2455.0,2459.5,2439.0,2451.0,1752600,58.08790357462582,59.57727313982838
2023/12/22,2456.5,2473.0,2454.5,2472.5,1141200,58.85158082409635,60.44155984487972
2023/12/25,2480.5,2488.0,2473.0,2479.5,572800,61.798016754881935,63.34531970671946
2023/12/26,2483.0,2509.0,2479.0,2486.5,921100,62.38568226042662,64.16201515870634
2023/12/27,2489.0,2513.5,2489.0,2513.5,990600,62.54181075721282,64.54169911806027
2023/12/28,2518.0,2526.5,2499.0,2516.5,640700,62.07436329316789,64.02104568536247
2023/12/29,2510.0,2525.5,2499.0,2516.0,1063500,63.63646313935571,65.23870780139191
2024/01/04,2560.0,2628.0,2517.0,2628.0,1975800,71.53768912848581,72.45805290303228
2024/01/05,2638.0,2639.5,2616.5,2639.5,1020800,71.29547594159685,71.7984367949186
2024/01/09,2646.0,2646.5,2612.0,2618.5,1214900,71.0550542730088,71.43810182316301
2024/01/10,2625.0,2664.5,2619.5,2649.0,1329300,70.042317647376,70.94766145061942
2024/01/11,2674.0,2685.0,2645.0,2663.0,1489300,68.93964466610065,70.20983718690917
2024/01/12,2688.0,2695.0,2652.0,2663.0,1035200,68.20461242577053,70.88262084610803
2024/01/15,2673.0,2682.5,2662.5,2682.0,533800,67.01494973991944,69.6166352585092
2024/01/16,2668.0,2680.0,2653.5,2656.5,1035000,68.81180983768319,71.26004197646327
2024/01/17,2706.5,2777.0,2670.0,2681.0,2710400,70.0662566795565,71.91652245796787
2024/01/18,2661.5,2663.5,2553.5,2567.5,3064800,66.14366765339163,68.29017877616688
2024/01/19,2573.0,2578.5,2527.0,2548.0,1968300,64.99634872497411,67.57707232151722
2024/01/22,2564.5,2594.5,2550.0,2594.5,1496700,65.79687745468766,68.31828428126217
2024/01/23,2635.0,2668.0,2624.5,2668.0,2025200,68.25799141252065,70.86431340385526
2024/01/24,2649.5,2675.0,2620.0,2635.0,1838500,68.20560333793551,70.63250851042572
2024/01/25,2635.0,2657.5,2613.0,2620.0,1299400,67.51082638975579,69.85921313401433
2024/01/26,2648.0,2660.5,2612.5,2657.0,2140000,70.04153868692265,72.5917622589327
2024/01/29,2667.5,2668.0,2612.0,2620.0,1799700,68.86603131774184,70.8782253679114
2024/01/30,2647.0,2658.0,2615.5,2626.5,1543600,70.48342920900198,72.71480929194486
2024/01/31,2626.0,2672.0,2623.5,2672.0,2277000,70.33561623461034,72.15146998905078
2024/02/01,2595.0,2607.0,2525.0,2525.5,4954600,67.38142276831813,68.67276142794275
2024/02/02,2515.0,2562.5,2503.0,2535.0,2190500,68.64775706111568,69.99926320534992
2024/02/05,2535.0,2577.0,2531.5,2563.0,2051700,68.84437547489057,69.96083438485913
2024/02/06,2564.5,2571.5,2531.0,2531.0,2061400,68.53384273617773,69.9188665450221
2024/02/07,2562.0,2586.0,2517.5,2517.5,2476700,67.84646010326097,69.0663792019373
2024/02/08,2530.0,2557.0,2522.0,2530.5,2180500,66.21936630749265,68.54737777496807
2024/02/09,2504.0,2525.0,2485.5,2513.0,2326200,65.90690663947457,68.26708294366857
2024/02/13,2500.0,2524.0,2494.0,2520.0,2603300,63.49806736908107,66.63896015410187
2024/02/14,2507.5,2509.0,2465.5,2486.0,2507400,63.52629833468099,66.97905171932003
2024/02/15,2463.5,2469.0,2377.5,2382.5,3788400,60.14978641062818,63.981117063437246
2024/02/16,2412.0,2447.5,2397.5,2443.5,1841500,61.354738350740504,65.13498440947569
2024/02/19,2429.0,2449.0,2413.5,2418.0,1830400,60.697306248030934,64.2500056861395
2024/02/20,2430.0,2465.0,2404.5,2457.5,2153300,61.78250348055779,65.4666337063455
2024/02/21,2434.0,2446.5,2408.0,2423.0,2496200,61.652858300096945,65.4329631431859
2024/02/22,2423.0,2438.0,2413.0,2423.0,2410300,60.7509599778604,64.65826542986306
2024/02/26,2415.0,2455.0,2413.5,2440.0,2458000,60.64124155817375,64.66316679258838
2024/02/27,2420.0,2463.0,2420.0,2463.0,2420900,61.968077998182004,65.93298833749465
2024/02/28,2457.0,2492.5,2446.0,2469.5,2196100,62.28629546192963,66.28455904668236
2024/02/29,2454.0,2488.0,2438.0,2488.0,4527000,62.700757179705846,66.56964770204787
2024/03/01,2482.0,2508.5,2478.0,2487.5,1925300,61.84474164079368,65.87697712442328
2024/03/04,2481.5,2528.5,2480.5,2508.0,2302700,62.88059671649937,67.21094203302255
2024/03/05,2488.0,2489.5,2403.0,2409.5,3520600,60.02544158024502,63.92318746133196
2024/03/06,2441.0,2470.0,2424.5,2430.5,2728000,60.79416565884097,64.36558837546706
2024/03/07,2447.5,2459.0,2432.5,2434.5,2639000,61.19737518409211,64.49999057650311
2024/03/08,2408.0,2440.5,2403.5,2431.5,1794800,60.47737266294336,63.54153470080962
2024/03/11,2442.0,2475.0,2420.0,2459.0,1942100,61.91461526882522,64.79543088477497
2024/03/12,2475.0,2475.0,2412.0,2457.0,1862500,61.089273609471405,63.81220504277096
2024/03/13,2459.5,2486.0,2446.5,2470.0,1929400,61.5577547753014,64.74261011950416
2024/03/14,2450.0,2461.0,2434.5,2458.5,1719800,60.72245097241904,63.49508498699357
2024/03/15,2475.5,2512.0,2454.0,2510.5,4010300,62.86577555059767,65.31264717878787
2024/03/18,2516.0,2536.5,2503.5,2515.0,1552300,61.72939466642485,64.52810950013797
2024/03/19,2505.5,2513.5,2491.5,2510.0,1527600,61.637148561493625,64.05536534822888
2024/03/21,2529.5,2533.0,2496.5,2507.5,1819000,62.11345774335114,64.7207148880059
2024/03/22,2505.5,2525.0,2503.0,2523.5,1879600,61.932134481837,64.27083164735159
2024/03/25,2525.0,2527.0,2488.0,2497.0,1220900,61.75582599135081,64.1551359979831
2024/03/26,2492.5,2510.5,2483.5,2501.5,1358500,61.782698028434815,64.1457642236081
2024/03/27,2512.0,2542.0,2504.5,2529.5,1717000,61.70850993475179,64.30692046509941
2024/03/28,2489.0,2498.5,2474.5,2477.0,1374300,62.1647043970588,64.80059450387313
2024/03/29,2485.5,2492.5,2442.5,2454.5,1049000,61.68409598255873,64.2615198242876
2024/04/01,2488.5,2523.0,2468.5,2468.5,2175700,63.21341514931611,66.18325210629479
2024/04/02,2487.0,2520.0,2452.5,2499.5,2358100,63.24866534538829,66.37858417951601
2024/04/03,2489.0,2494.0,2432.5,2467.0,1757600,63.67258282928804,66.20106120319397
2024/04/04,2481.0,2481.5,2439.0,2444.0,1928400,61.92780804609204,64.36270005553595
2024/04/05,2428.0,2452.0,2419.0,2447.0,1359000,63.74855136268541,65.6900766205896
2024/04/08,2457.0,2464.0,2433.0,2439.5,1641900,63.26718412105149,65.26198307772033
2024/04/09,2432.5,2439.5,2416.0,2418.5,1898800,62.551007184855145,64.42288109026961
2024/04/10,2431.0,2462.0,2423.5,2437.0,1717900,62.94193360739319,64.91340244366515
2024/04/11,2415.0,2423.5,2375.0,2380.0,2179100,61.838551543856276,63.31921017401698
2024/04/12,2375.0,2392.5,2370.5,2390.0,1718000,62.32620769322166,63.24190757183518
