date,open,high,low,close,volume,rs_nikkei,rs_topix
2014/03/25,243.0,244.0,240.0,242.0,37000,-1.0,-1.0
2014/03/26,244.0,245.0,241.0,243.0,69000,-1.0,-1.0
2014/03/27,246.0,246.0,241.0,245.0,49000,-1.0,-1.0
2014/03/28,243.0,247.0,243.0,247.0,44000,-1.0,-1.0
2014/03/31,247.0,247.0,242.0,245.0,59000,-1.0,-1.0
2014/04/01,247.0,251.0,245.0,250.0,40000,-1.0,-1.0
2014/04/02,250.0,254.0,250.0,251.0,58000,-1.0,-1.0
2014/04/03,251.0,253.0,245.0,248.0,56000,-1.0,-1.0
2014/04/04,248.0,249.0,247.0,247.0,25000,-1.0,-1.0
2014/04/07,247.0,247.0,243.0,243.0,23000,-1.0,-1.0
2014/04/08,242.0,242.0,237.0,237.0,55000,-1.0,-1.0
2014/04/09,237.0,238.0,235.0,237.0,45000,-1.0,-1.0
2014/04/10,243.0,244.0,235.0,236.0,53000,-1.0,-1.0
2014/04/11,233.0,238.0,233.0,234.0,57000,-1.0,-1.0
2014/04/14,235.0,236.0,233.0,234.0,32000,-1.0,-1.0
2014/04/15,234.0,240.0,234.0,237.0,14000,-1.0,-1.0
2014/04/16,240.0,241.0,240.0,241.0,27000,-1.0,-1.0
2014/04/17,243.0,244.0,241.0,242.0,28000,-1.0,-1.0
2014/04/18,243.0,243.0,240.0,241.0,6000,-1.0,-1.0
2014/04/21,244.0,249.0,244.0,246.0,33000,-1.0,-1.0
2014/04/22,247.0,248.0,244.0,246.0,30000,-1.0,-1.0
2014/04/23,246.0,247.0,245.0,245.0,16000,-1.0,-1.0
2014/04/24,244.0,246.0,244.0,245.0,39000,-1.0,-1.0
2014/04/25,242.0,248.0,242.0,248.0,36000,-1.0,-1.0
2014/04/28,244.0,247.0,244.0,245.0,30000,-1.0,-1.0
2014/04/30,248.0,248.0,233.0,240.0,51000,-1.0,-1.0
2014/05/01,238.0,245.0,238.0,244.0,25000,-1.0,-1.0
2014/05/02,243.0,246.0,243.0,246.0,20000,-1.0,-1.0
2014/05/07,244.0,247.0,240.0,240.0,48000,-1.0,-1.0
2014/05/08,243.0,244.0,241.0,243.0,28000,-1.0,-1.0
2014/05/09,246.0,246.0,244.0,246.0,15000,-1.0,-1.0
2014/05/12,248.0,249.0,245.0,247.0,50000,-1.0,-1.0
2014/05/13,247.0,293.0,247.0,272.0,2704000,-1.0,-1.0
2014/05/14,273.0,287.0,270.0,285.0,972000,-1.0,-1.0
2014/05/15,285.0,285.0,279.0,284.0,390000,-1.0,-1.0
2014/05/16,281.0,287.0,280.0,283.0,324000,-1.0,-1.0
2014/05/19,283.0,285.0,276.0,278.0,253000,-1.0,-1.0
2014/05/20,278.0,278.0,274.0,275.0,164000,-1.0,-1.0
2014/05/21,273.0,276.0,271.0,276.0,186000,-1.0,-1.0
2014/05/22,278.0,286.0,278.0,284.0,323000,-1.0,-1.0
2014/05/23,285.0,292.0,281.0,289.0,323000,-1.0,-1.0
2014/05/26,292.0,294.0,289.0,294.0,275000,-1.0,-1.0
2014/05/27,295.0,296.0,290.0,294.0,246000,-1.0,-1.0
2014/05/28,291.0,293.0,288.0,289.0,143000,-1.0,-1.0
2014/05/29,284.0,289.0,283.0,285.0,131000,-1.0,-1.0
2014/05/30,288.0,288.0,283.0,287.0,161000,-1.0,-1.0
2014/06/02,293.0,294.0,288.0,292.0,179000,-1.0,-1.0
2014/06/03,294.0,294.0,288.0,290.0,137000,-1.0,-1.0
2014/06/04,292.0,304.0,291.0,302.0,556000,-1.0,-1.0
2014/06/05,299.0,304.0,294.0,300.0,192000,-1.0,-1.0
2014/06/06,302.0,305.0,295.0,299.0,149000,-1.0,-1.0
2014/06/09,302.0,305.0,297.0,300.0,241000,-1.0,-1.0
2014/06/10,301.0,303.0,296.0,299.0,201000,-1.0,-1.0
2014/06/11,296.0,301.0,294.0,299.0,123000,-1.0,-1.0
2014/06/12,299.0,310.0,296.0,309.0,297000,-1.0,-1.0
2014/06/13,307.0,313.0,304.0,311.0,358000,-1.0,-1.0
2014/06/16,313.0,314.0,305.0,309.0,190000,-1.0,-1.0
2014/06/17,310.0,310.0,301.0,303.0,119000,-1.0,-1.0
2014/06/18,304.0,309.0,298.0,308.0,241000,-1.0,-1.0
2014/06/19,305.0,310.0,304.0,306.0,164000,-1.0,-1.0
2014/06/20,303.0,304.0,300.0,302.0,92000,-1.0,-1.0
2014/06/23,302.0,307.0,302.0,304.0,130000,-1.0,-1.0
2014/06/24,305.0,307.0,302.0,307.0,68000,-1.0,-1.0
2014/06/25,304.0,304.0,298.0,299.0,107000,-1.0,-1.0
2014/06/26,300.0,303.0,299.0,299.0,69000,-1.0,-1.0
2014/06/27,303.0,303.0,293.0,295.0,112000,-1.0,-1.0
2014/06/30,297.0,300.0,293.0,300.0,44000,-1.0,-1.0
2014/07/01,299.0,303.0,299.0,301.0,84000,-1.0,-1.0
2014/07/02,305.0,306.0,302.0,306.0,103000,-1.0,-1.0
2014/07/03,305.0,305.0,301.0,304.0,42000,-1.0,-1.0
2014/07/04,307.0,309.0,305.0,305.0,86000,-1.0,-1.0
2014/07/07,308.0,309.0,306.0,306.0,39000,-1.0,-1.0
2014/07/08,306.0,307.0,302.0,302.0,153000,-1.0,-1.0
2014/07/09,302.0,304.0,297.0,302.0,130000,-1.0,-1.0
2014/07/10,302.0,303.0,297.0,297.0,133000,-1.0,-1.0
2014/07/11,296.0,298.0,295.0,298.0,66000,-1.0,-1.0
2014/07/14,296.0,302.0,295.0,300.0,54000,-1.0,-1.0
2014/07/15,302.0,302.0,296.0,298.0,100000,-1.0,-1.0
2014/07/16,299.0,299.0,296.0,297.0,117000,-1.0,-1.0
2014/07/17,298.0,298.0,294.0,294.0,56000,-1.0,-1.0
2014/07/18,290.0,290.0,283.0,290.0,97000,-1.0,-1.0
2014/07/22,291.0,293.0,290.0,292.0,100000,-1.0,-1.0
2014/07/23,296.0,298.0,295.0,295.0,110000,-1.0,-1.0
2014/07/24,297.0,304.0,295.0,304.0,273000,-1.0,-1.0
2014/07/25,304.0,328.0,304.0,328.0,1036000,-1.0,-1.0
2014/07/28,334.0,334.0,324.0,330.0,562000,-1.0,-1.0
2014/07/29,329.0,329.0,320.0,322.0,256000,-1.0,-1.0
2014/07/30,323.0,327.0,318.0,319.0,268000,-1.0,-1.0
2014/07/31,324.0,332.0,323.0,327.0,409000,-1.0,-1.0
2014/08/01,319.0,322.0,313.0,316.0,308000,-1.0,-1.0
2014/08/04,317.0,327.0,311.0,326.0,274000,-1.0,-1.0
2014/08/05,328.0,328.0,315.0,316.0,203000,-1.0,-1.0
2014/08/06,310.0,312.0,307.0,308.0,157000,-1.0,-1.0
2014/08/07,305.0,312.0,305.0,310.0,94000,-1.0,-1.0
2014/08/08,310.0,310.0,300.0,304.0,167000,-1.0,-1.0
2014/08/11,309.0,317.0,306.0,316.0,182000,-1.0,-1.0
2014/08/12,314.0,317.0,307.0,309.0,112000,-1.0,-1.0
2014/08/13,312.0,314.0,309.0,310.0,62000,-1.0,-1.0
2014/08/14,314.0,314.0,311.0,313.0,33000,-1.0,-1.0
2014/08/15,314.0,315.0,312.0,314.0,57000,-1.0,-1.0
2014/08/18,314.0,324.0,312.0,319.0,220000,-1.0,-1.0
2014/08/19,321.0,322.0,317.0,317.0,125000,-1.0,-1.0
2014/08/20,317.0,318.0,313.0,316.0,101000,-1.0,-1.0
2014/08/21,316.0,318.0,312.0,316.0,86000,-1.0,-1.0
2014/08/22,315.0,315.0,313.0,314.0,78000,-1.0,-1.0
2014/08/25,314.0,314.0,310.0,313.0,104000,-1.0,-1.0
2014/08/26,315.0,315.0,308.0,310.0,147000,-1.0,-1.0
2014/08/27,312.0,312.0,304.0,307.0,197000,-1.0,-1.0
2014/08/28,308.0,312.0,306.0,311.0,116000,-1.0,-1.0
2014/08/29,311.0,311.0,307.0,308.0,43000,-1.0,-1.0
2014/09/01,308.0,315.0,308.0,313.0,100000,-1.0,-1.0
2014/09/02,315.0,315.0,311.0,313.0,65000,-1.0,-1.0
2014/09/03,316.0,317.0,313.0,314.0,63000,-1.0,-1.0
2014/09/04,314.0,316.0,314.0,315.0,95000,-1.0,-1.0
2014/09/05,315.0,315.0,311.0,313.0,54000,-1.0,-1.0
2014/09/08,315.0,320.0,313.0,318.0,137000,-1.0,-1.0
2014/09/09,320.0,325.0,319.0,323.0,98000,-1.0,-1.0
2014/09/10,319.0,324.0,318.0,320.0,59000,-1.0,-1.0
2014/09/11,323.0,323.0,314.0,316.0,139000,-1.0,-1.0
2014/09/12,317.0,318.0,316.0,316.0,88000,-1.0,-1.0
2014/09/16,315.0,317.0,314.0,315.0,72000,-1.0,-1.0
2014/09/17,315.0,319.0,312.0,315.0,85000,-1.0,-1.0
2014/09/18,315.0,318.0,315.0,316.0,48000,-1.0,-1.0
2014/09/19,317.0,317.0,312.0,316.0,68000,-1.0,-1.0
2014/09/22,319.0,319.0,313.0,315.0,44000,-1.0,-1.0
2014/09/24,313.0,313.0,310.0,311.0,49000,-1.0,-1.0
2014/09/25,314.0,314.0,311.0,314.0,87000,-1.0,-1.0
2014/09/26,311.0,319.0,309.0,313.0,118000,-1.0,-1.0
2014/09/29,320.0,322.0,318.0,321.0,301000,-1.0,-1.0
2014/09/30,321.0,322.0,317.0,321.0,232000,-1.0,-1.0
2014/10/01,324.0,328.0,321.0,321.0,265000,-1.0,-1.0
2014/10/02,315.0,316.0,312.0,313.0,209000,-1.0,-1.0
2014/10/03,310.0,316.0,310.0,315.0,58000,-1.0,-1.0
2014/10/06,320.0,320.0,317.0,319.0,33000,-1.0,-1.0
2014/10/07,317.0,320.0,317.0,317.0,65000,-1.0,-1.0
2014/10/08,310.0,310.0,305.0,310.0,111000,-1.0,-1.0
2014/10/09,314.0,315.0,305.0,308.0,275000,-1.0,-1.0
2014/10/10,300.0,300.0,296.0,297.0,235000,-1.0,-1.0
2014/10/14,283.0,292.0,283.0,289.0,142000,-1.0,-1.0
2014/10/15,292.0,301.0,292.0,298.0,141000,-1.0,-1.0
2014/10/16,293.0,309.0,291.0,296.0,271000,-1.0,-1.0
2014/10/17,292.0,301.0,291.0,291.0,304000,-1.0,-1.0
2014/10/20,303.0,303.0,296.0,299.0,72000,-1.0,-1.0
2014/10/21,299.0,300.0,291.0,291.0,83000,-1.0,-1.0
2014/10/22,299.0,299.0,295.0,298.0,69000,-1.0,-1.0
2014/10/23,293.0,297.0,293.0,296.0,38000,-1.0,-1.0
2014/10/24,299.0,299.0,293.0,295.0,47000,-1.0,-1.0
2014/10/27,298.0,299.0,296.0,299.0,40000,-1.0,-1.0
2014/10/28,297.0,302.0,297.0,301.0,45000,-1.0,-1.0
2014/10/29,301.0,302.0,295.0,301.0,71000,-1.0,-1.0
2014/10/30,300.0,303.0,298.0,301.0,129000,-1.0,-1.0
2014/10/31,307.0,307.0,299.0,305.0,143000,-1.0,-1.0
2014/11/04,310.0,310.0,304.0,306.0,126000,-1.0,-1.0
2014/11/05,304.0,305.0,301.0,305.0,88000,-1.0,-1.0
2014/11/06,306.0,306.0,301.0,302.0,87000,-1.0,-1.0
2014/11/07,302.0,304.0,302.0,303.0,70000,-1.0,-1.0
2014/11/10,304.0,308.0,304.0,308.0,110000,-1.0,-1.0
2014/11/11,307.0,312.0,300.0,304.0,415000,-1.0,-1.0
2014/11/12,304.0,306.0,303.0,303.0,154000,-1.0,-1.0
2014/11/13,302.0,302.0,298.0,302.0,118000,-1.0,-1.0
2014/11/14,304.0,306.0,300.0,301.0,115000,-1.0,-1.0
2014/11/17,302.0,303.0,295.0,298.0,107000,-1.0,-1.0
2014/11/18,295.0,299.0,295.0,298.0,83000,-1.0,-1.0
2014/11/19,299.0,301.0,296.0,297.0,96000,-1.0,-1.0
2014/11/20,299.0,300.0,297.0,299.0,110000,-1.0,-1.0
2014/11/21,302.0,302.0,298.0,299.0,70000,-1.0,-1.0
2014/11/25,300.0,303.0,298.0,303.0,134000,-1.0,-1.0
2014/11/26,325.0,350.0,322.0,335.0,3186000,-1.0,-1.0
2014/11/27,333.0,335.0,324.0,327.0,1094000,-1.0,-1.0
2014/11/28,325.0,329.0,320.0,324.0,390000,-1.0,-1.0
2014/12/01,327.0,332.0,318.0,332.0,526000,-1.0,-1.0
2014/12/02,329.0,331.0,326.0,331.0,173000,-1.0,-1.0
2014/12/03,330.0,331.0,326.0,328.0,219000,-1.0,-1.0
2014/12/04,329.0,334.0,329.0,329.0,196000,-1.0,-1.0
2014/12/05,334.0,343.0,330.0,338.0,515000,-1.0,-1.0
2014/12/08,344.0,345.0,337.0,340.0,551000,-1.0,-1.0
2014/12/09,336.0,340.0,333.0,337.0,152000,-1.0,-1.0
2014/12/10,333.0,334.0,329.0,333.0,238000,-1.0,-1.0
2014/12/11,325.0,331.0,320.0,326.0,261000,-1.0,-1.0
2014/12/12,323.0,336.0,323.0,331.0,250000,-1.0,-1.0
2014/12/15,329.0,336.0,325.0,332.0,235000,-1.0,-1.0
2014/12/16,326.0,331.0,320.0,321.0,261000,-1.0,-1.0
2014/12/17,320.0,325.0,320.0,322.0,125000,-1.0,-1.0
2014/12/18,329.0,333.0,324.0,326.0,109000,-1.0,-1.0
2014/12/19,330.0,330.0,326.0,329.0,105000,-1.0,-1.0
2014/12/22,332.0,332.0,324.0,329.0,182000,-1.0,-1.0
2014/12/24,329.0,330.0,326.0,327.0,103000,-1.0,-1.0
2014/12/25,324.0,325.0,313.0,319.0,267000,-1.0,-1.0
2014/12/26,318.0,333.0,318.0,330.0,291000,-1.0,-1.0
2014/12/29,333.0,333.0,327.0,328.0,110000,-1.0,-1.0
2014/12/30,328.0,329.0,326.0,326.0,57000,-1.0,-1.0
2015/01/05,326.0,329.0,320.0,325.0,111000,-1.0,-1.0
2015/01/06,321.0,322.0,317.0,317.0,110000,-1.0,-1.0
2015/01/07,310.0,319.0,310.0,316.0,186000,-1.0,-1.0
2015/01/08,319.0,321.0,317.0,317.0,195000,-1.0,-1.0
2015/01/09,320.0,320.0,311.0,313.0,113000,-1.0,-1.0
2015/01/13,307.0,315.0,307.0,312.0,104000,-1.0,-1.0
2015/01/14,314.0,314.0,308.0,309.0,67000,-1.0,-1.0
2015/01/15,307.0,312.0,294.0,306.0,523000,-1.0,-1.0
2015/01/16,306.0,306.0,300.0,304.0,80000,-1.0,-1.0
2015/01/19,304.0,309.0,304.0,305.0,53000,-1.0,-1.0
2015/01/20,305.0,310.0,304.0,306.0,144000,-1.0,-1.0
2015/01/21,308.0,308.0,305.0,305.0,55000,-1.0,-1.0
2015/01/22,305.0,307.0,301.0,303.0,83000,-1.0,-1.0
2015/01/23,305.0,308.0,305.0,306.0,111000,-1.0,-1.0
2015/01/26,308.0,315.0,306.0,314.0,120000,-1.0,-1.0
2015/01/27,317.0,320.0,313.0,318.0,105000,-1.0,-1.0
2015/01/28,315.0,321.0,313.0,319.0,134000,-1.0,-1.0
2015/01/29,318.0,321.0,315.0,316.0,58000,-1.0,-1.0
2015/01/30,316.0,316.0,313.0,314.0,82000,-1.0,-1.0
2015/02/02,322.0,323.0,316.0,319.0,157000,-1.0,-1.0
2015/02/03,321.0,321.0,315.0,316.0,82000,-1.0,-1.0
2015/02/04,317.0,333.0,317.0,328.0,242000,-1.0,-1.0
2015/02/05,326.0,328.0,321.0,326.0,97000,-1.0,-1.0
2015/02/06,328.0,328.0,326.0,328.0,36000,-1.0,-1.0
2015/02/09,331.0,332.0,327.0,328.0,97000,-1.0,-1.0
2015/02/10,328.0,336.0,326.0,333.0,127000,-1.0,-1.0
2015/02/12,333.0,339.0,333.0,336.0,196000,-1.0,-1.0
2015/02/13,338.0,342.0,335.0,338.0,215000,-1.0,-1.0
2015/02/16,337.0,343.0,337.0,338.0,140000,-1.0,-1.0
2015/02/17,338.0,344.0,338.0,341.0,136000,-1.0,-1.0
2015/02/18,342.0,347.0,340.0,344.0,480000,-1.0,-1.0
2015/02/19,345.0,348.0,342.0,345.0,119000,-1.0,-1.0
2015/02/20,346.0,347.0,345.0,345.0,110000,-1.0,-1.0
2015/02/23,348.0,355.0,343.0,344.0,425000,-1.0,-1.0
2015/02/24,343.0,347.0,330.0,342.0,193000,-1.0,-1.0
2015/02/25,340.0,349.0,340.0,346.0,122000,-1.0,-1.0
2015/02/26,348.0,349.0,345.0,348.0,73000,-1.0,-1.0
2015/02/27,349.0,349.0,338.0,342.0,112000,-1.0,-1.0
2015/03/02,342.0,349.0,340.0,344.0,88000,-1.0,-1.0
2015/03/03,344.0,344.0,331.0,337.0,117000,-1.0,-1.0
2015/03/04,333.0,338.0,332.0,338.0,98000,-1.0,-1.0
2015/03/05,335.0,336.0,335.0,335.0,56000,-1.0,-1.0
2015/03/06,336.0,338.0,332.0,334.0,80000,-1.0,-1.0
2015/03/09,334.0,336.0,333.0,334.0,28000,-1.0,-1.0
2015/03/10,335.0,335.0,310.0,331.0,155000,-1.0,-1.0
2015/03/11,327.0,337.0,322.0,336.0,88000,-1.0,-1.0
2015/03/12,337.0,342.0,336.0,340.0,70000,-1.0,-1.0
2015/03/13,344.0,344.0,338.0,341.0,129000,-1.0,-1.0
2015/03/16,349.0,349.0,343.0,344.0,122000,-1.0,-1.0
2015/03/17,349.0,351.0,347.0,351.0,162000,-1.0,-1.0
2015/03/18,351.0,351.0,347.0,350.0,77000,-1.0,-1.0
2015/03/19,350.0,350.0,344.0,348.0,41000,-1.0,-1.0
2015/03/20,346.0,349.0,346.0,348.0,41000,-1.0,-1.0
2015/03/23,350.0,350.0,345.0,346.0,70000,-1.0,-1.0
2015/03/24,346.0,350.0,345.0,348.0,77000,-1.0,-1.0
2015/03/25,348.0,353.0,346.0,348.0,99000,-1.0,-1.0
2015/03/26,351.0,351.0,343.0,346.0,77000,-1.0,-1.0
2015/03/27,344.0,345.0,335.0,338.0,80000,-1.0,-1.0
2015/03/30,336.0,338.0,331.0,336.0,56000,-1.0,-1.0
2015/03/31,336.0,338.0,332.0,333.0,77000,-1.0,-1.0
2015/04/01,334.0,334.0,327.0,329.0,64000,-1.0,-1.0
2015/04/02,329.0,332.0,325.0,330.0,74000,-1.0,-1.0
2015/04/03,331.0,334.0,330.0,332.0,37000,-1.0,-1.0
2015/04/06,332.0,333.0,327.0,331.0,36000,103.98879532902188,104.45653190500816
2015/04/07,331.0,334.0,329.0,333.0,53000,104.49606215550038,104.54728321817564
2015/04/08,336.0,340.0,336.0,340.0,51000,103.66104175204853,103.89999516292785
2015/04/09,340.0,345.0,337.0,340.0,51000,103.33111206602459,103.88002153157679
2015/04/10,344.0,348.0,337.0,343.0,121000,102.78877160833986,104.58136896886518
2015/04/13,347.0,347.0,341.0,342.0,26000,102.13395644287506,104.36954267852141
2015/04/14,344.0,346.0,343.0,344.0,51000,102.04616727233926,103.65775323683377
2015/04/15,342.0,346.0,340.0,344.0,46000,103.5724288015844,104.80277770458007
2015/04/16,342.0,347.0,338.0,346.0,55000,103.65951786521282,104.28370676932406
2015/04/17,346.0,347.0,342.0,344.0,67000,105.43146350127502,105.42344851622212
2015/04/20,344.0,345.0,340.0,345.0,35000,103.65804280518864,103.79969881281966
2015/04/21,343.0,344.0,340.0,343.0,54000,100.77000350622191,100.74611819038495
2015/04/22,343.0,344.0,341.0,342.0,47000,100.85182438269638,101.032990632296
2015/04/23,343.0,344.0,341.0,342.0,25000,99.6063936240669,100.0760249202983
2015/04/24,341.0,342.0,341.0,341.0,55000,99.10186243384142,99.37586481678261
2015/04/27,349.0,355.0,341.0,348.0,290000,101.56029393820569,101.83158056344539
2015/04/28,349.0,353.0,349.0,349.0,135000,103.69715243486498,103.86815408343244
2015/04/30,349.0,352.0,349.0,350.0,84000,106.44385125743314,106.46593013043734
2015/05/01,348.0,349.0,345.0,346.0,93000,104.11085293631848,104.8910467787964
2015/05/07,345.0,360.0,344.0,360.0,131000,108.76730590145316,109.13817338142906
2015/05/08,360.0,364.0,356.0,362.0,267000,107.82355519511522,108.020108914497
2015/05/11,367.0,382.0,367.0,381.0,549000,111.23733717633448,111.74712948745528
2015/05/12,381.0,388.0,378.0,384.0,280000,103.7732132278458,103.82475744889905
2015/05/13,382.0,434.0,380.0,416.0,2255000,106.38832701585625,107.65322867013167
2015/05/14,430.0,431.0,414.0,419.0,903000,107.79067773816735,109.23050982695923
2015/05/15,417.0,423.0,416.0,421.0,216000,106.27188245684445,107.2901177899545
2015/05/18,419.0,430.0,419.0,430.0,473000,108.92078091484943,109.3581480947814
2015/05/19,430.0,437.0,430.0,433.0,369000,110.66463788807988,111.1869148527022
2015/05/20,431.0,431.0,423.0,424.0,268000,106.8104136316395,107.50538385425766
2015/05/21,423.0,428.0,419.0,419.0,251000,104.70437501011294,104.76003397113327
2015/05/22,417.0,426.0,417.0,421.0,155000,103.96418457737944,104.35433483474823
2015/05/25,425.0,432.0,425.0,425.0,130000,103.40610790664158,104.09051967229385
2015/05/26,423.0,430.0,421.0,426.0,165000,103.77022399782267,104.34570400766478
2015/05/27,423.0,430.0,422.0,425.0,121000,105.38450195621758,106.06048803563142
2015/05/28,428.0,428.0,418.0,422.0,144000,105.77958238199831,106.28237060045285
2015/05/29,418.0,426.0,418.0,425.0,109000,105.3737318289534,106.30009042599373
2015/06/01,425.0,427.0,421.0,423.0,102000,105.18600183480207,105.32895000998914
2015/06/02,425.0,426.0,422.0,422.0,135000,106.49478421836605,106.78530625561137
2015/06/03,421.0,422.0,419.0,420.0,140000,102.35392494790906,102.76045988140712
2015/06/04,423.0,456.0,423.0,444.0,1095000,108.92844902355945,108.99581215014152
2015/06/05,460.0,464.0,446.0,461.0,1205000,113.61269249150003,114.18110075186176
2015/06/08,465.0,465.0,436.0,441.0,1148000,108.67709592568686,109.21405062605692
2015/06/09,434.0,436.0,420.0,422.0,658000,105.3090839181251,106.10780793835026
2015/06/10,425.0,443.0,422.0,430.0,400000,108.10854152449213,109.44032070280426
2015/06/11,433.0,436.0,429.0,435.0,196000,103.41594606740779,105.67558538116857
2015/06/12,441.0,441.0,428.0,433.0,229000,103.00574769942878,104.87309755560229
2015/06/15,433.0,434.0,426.0,430.0,132000,101.92842736600127,104.01006748487316
2015/06/16,428.0,428.0,420.0,420.0,196000,102.47226666200875,104.66239994165167
2015/06/17,422.0,425.0,418.0,418.0,155000,101.45915258068155,103.76905184550411
2015/06/18,417.0,417.0,400.0,403.0,455000,101.19918702815318,103.38088315545149
2015/06/19,409.0,412.0,404.0,405.0,134000,102.03351940936918,104.33396183919041
2015/06/22,407.0,409.0,396.0,401.0,240000,99.24175212884985,101.41308036530936
2015/06/23,404.0,412.0,402.0,409.0,158000,98.44079352473938,100.80863911110936
2015/06/24,414.0,419.0,411.0,418.0,186000,102.27423797170796,104.92543597226754
2015/06/25,415.0,417.0,409.0,409.0,143000,100.81350295684103,103.43088636798963
2015/06/26,411.0,412.0,406.0,410.0,65000,101.32009825787875,104.47719007425876
2015/06/29,397.0,403.0,396.0,397.0,183000,99.77405380586906,102.82909696663842
2015/06/30,395.0,397.0,392.0,397.0,139000,99.89405059984755,103.23043241533803
2015/07/01,398.0,398.0,392.0,396.0,127000,97.8416858594618,101.28757462983033
2015/07/02,398.0,414.0,398.0,410.0,238000,100.86488674176604,104.62154447998118
2015/07/03,411.0,414.0,402.0,411.0,250000,101.27740032523351,104.83167223156701
2015/07/06,403.0,408.0,400.0,400.0,94000,99.95884639339326,103.25067761105964
2015/07/07,408.0,408.0,395.0,395.0,168000,98.30122174774972,101.91286583100924
2015/07/08,397.0,397.0,377.0,377.0,256000,96.78450405800776,100.24903906384186
2015/07/09,368.0,376.0,345.0,375.0,281000,96.76268362148849,100.637520410416
2015/07/10,380.0,385.0,370.0,373.0,163000,95.95882785713631,99.21338281013755
2015/07/13,381.0,386.0,377.0,379.0,113000,96.1931500460184,99.08198895575508
2015/07/14,391.0,392.0,389.0,391.0,93000,99.08934414433173,101.98087143271447
2015/07/15,393.0,393.0,384.0,386.0,112000,97.67673093534526,100.53620798089062
2015/07/16,391.0,394.0,390.0,394.0,114000,99.9908718582063,102.7499773594885
2015/07/17,395.0,395.0,387.0,392.0,101000,99.59576853117737,102.68678281879686
2015/07/21,393.0,394.0,385.0,387.0,114000,97.56803482561949,100.81480162077713
2015/07/22,386.0,386.0,381.0,382.0,85000,96.38488996614751,99.53286699281647
2015/07/23,384.0,384.0,378.0,382.0,99000,92.85499333897455,95.84350476342227
2015/07/24,382.0,383.0,375.0,377.0,100000,86.48104857844001,88.94297760827557
2015/07/27,376.0,376.0,367.0,367.0,138000,84.86727412403457,87.32314105090241
2015/07/28,362.0,367.0,356.0,365.0,238000,87.08647096914181,89.76788827575643
2015/07/29,366.0,367.0,360.0,360.0,94000,86.96875206960488,89.25219241387522
2015/07/30,361.0,385.0,360.0,383.0,287000,89.14894571033112,91.68461240373341
2015/07/31,386.0,390.0,374.0,388.0,240000,92.59071615993055,94.80101307317157
2015/08/03,356.0,366.0,351.0,357.0,544000,82.46987938911347,84.20977891043323
2015/08/04,356.0,356.0,351.0,355.0,253000,83.87332265693442,85.51911904658222
2015/08/05,355.0,355.0,342.0,345.0,336000,82.37549325021892,84.13766576791453
2015/08/06,346.0,347.0,342.0,344.0,185000,81.79760512386535,83.4204134154754
2015/08/07,343.0,348.0,339.0,348.0,219000,81.62945126585629,83.73289941484947
2015/08/10,350.0,350.0,343.0,350.0,151000,80.53600366852564,82.02459271781987
2015/08/11,350.0,365.0,350.0,357.0,265000,84.53586357374293,86.1021166383239
2015/08/12,352.0,354.0,348.0,350.0,141000,84.2292588611458,85.54617943094536
2015/08/13,351.0,357.0,348.0,350.0,120000,83.14863419695725,85.17562882331421
2015/08/14,351.0,353.0,346.0,347.0,109000,82.49845505444236,84.36506750223917
2015/08/17,347.0,349.0,346.0,347.0,81000,80.8308450403802,82.66296543325313
2015/08/18,347.0,355.0,346.0,349.0,122000,82.75275525161165,84.290980308502
2015/08/19,349.0,350.0,342.0,343.0,111000,82.95125390825937,84.25800307640515
2015/08/20,344.0,344.0,340.0,340.0,67000,83.70951298282293,85.55158406354765
2015/08/21,335.0,338.0,333.0,335.0,154000,85.29831342979848,87.22646715249215
2015/08/24,318.0,324.0,308.0,308.0,304000,82.86555326289478,85.80645463331929
2015/08/25,296.0,317.0,294.0,303.0,265000,85.19681265315698,87.66925942563037
2015/08/26,311.0,323.0,306.0,323.0,215000,88.940542589247,91.47843647415603
2015/08/27,330.0,330.0,322.0,322.0,124000,86.17579732411193,88.37847558537673
2015/08/28,326.0,338.0,326.0,335.0,149000,87.66965444183147,89.68898165326735
2015/08/31,336.0,336.0,330.0,332.0,57000,86.90130754435972,88.54269095409431
2015/09/01,333.0,333.0,321.0,321.0,133000,88.45838170397613,89.98993036677996
2015/09/02,313.0,325.0,313.0,318.0,102000,88.02630031111106,89.911927953906
2015/09/03,320.0,325.0,316.0,316.0,48000,86.48998096946382,88.17106156080285
2015/09/04,318.0,318.0,303.0,304.0,111000,85.53285759232926,86.95043009998574
2015/09/07,302.0,311.0,297.0,307.0,93000,84.89055146917983,86.72351472113172
2015/09/08,307.0,316.0,307.0,307.0,86000,85.89509170067048,87.19092395053961
2015/09/09,312.0,328.0,312.0,327.0,71000,85.9548278789441,88.5897975447302
2015/09/10,320.0,331.0,316.0,323.0,79000,88.86315118752057,90.58927596086576
2015/09/11,318.0,327.0,318.0,323.0,114000,89.25415322999437,90.71707723833893
2015/09/14,324.0,326.0,320.0,320.0,50000,89.97196863052378,91.05977814616335
2015/09/15,321.0,329.0,321.0,328.0,47000,91.91032479696733,93.34712387344007
2015/09/16,332.0,332.0,325.0,328.0,50000,91.0453283634293,92.27322369030946
2015/09/17,332.0,335.0,330.0,335.0,59000,92.41215579860888,93.64850587841322
2015/09/18,335.0,335.0,328.0,330.0,48000,94.32242242965944,95.11335431871852
2015/09/24,322.0,324.0,319.0,320.0,56000,94.96462039554753,96.15885139725727
2015/09/25,325.0,331.0,319.0,331.0,72000,95.98835034050859,96.88664705692463
2015/09/28,328.0,329.0,322.0,322.0,53000,92.72513440050429,93.24348485849477
2015/09/29,322.0,322.0,308.0,310.0,87000,92.25346897976907,93.11684380953031
2015/09/30,314.0,315.0,307.0,312.0,82000,89.89654330329866,90.79415807714919
2015/10/01,316.0,317.0,312.0,312.0,70000,88.09153430113241,88.44698725326569
2015/10/02,314.0,318.0,313.0,317.0,32000,89.18629911497105,89.32557588732347
2015/10/05,316.0,333.0,316.0,322.0,66000,89.08613245652514,89.38957385169827
2015/10/06,328.0,330.0,325.0,327.0,81000,89.52850043877767,90.2274014811178
2015/10/07,330.0,331.0,326.0,331.0,52000,90.88304342944109,91.16248025687742
2015/10/08,331.0,332.0,326.0,327.0,81000,90.58841881996325,90.35745845891637
2015/10/09,327.0,339.0,327.0,338.0,135000,94.43602568974414,93.37119698210834
2015/10/13,334.0,338.0,332.0,337.0,74000,95.51720742421192,94.19997354079416
2015/10/14,332.0,334.0,325.0,325.0,72000,91.88553804001025,90.73376457715726
2015/10/15,324.0,331.0,319.0,326.0,53000,89.69566461509844,88.32413468260594
2015/10/16,332.0,336.0,331.0,333.0,82000,90.91497649276256,89.46023755758368
2015/10/19,331.0,334.0,329.0,333.0,60000,92.82086127722101,91.22345600907568
2015/10/20,330.0,334.0,329.0,329.0,43000,91.92808840732161,90.89436010613876
2015/10/21,327.0,335.0,327.0,335.0,55000,92.06766913512865,91.03450942085729
2015/10/22,335.0,341.0,332.0,335.0,61000,92.93632614175675,91.86475752009764
2015/10/23,339.0,339.0,333.0,335.0,73000,92.2433252689966,91.14444448337868
2015/10/26,337.0,338.0,333.0,334.0,50000,90.72658633051644,89.87242211807644
2015/10/27,337.0,337.0,327.0,328.0,67000,88.96513085118892,88.41272805182626
2015/10/28,329.0,331.0,329.0,331.0,23000,90.48360308585548,90.31094180191982
2015/10/29,329.0,330.0,327.0,330.0,142000,90.65832409871452,90.62809231856635
2015/10/30,330.0,334.0,328.0,331.0,55000,93.34419339882825,92.88456836492713
2015/11/02,332.0,332.0,329.0,330.0,55000,97.33331406472708,96.6616959101501
2015/11/04,331.0,334.0,331.0,332.0,57000,97.40992751313023,96.93361540630082
2015/11/05,328.0,332.0,327.0,328.0,104000,95.40593761420408,94.72843253196828
2015/11/06,327.0,329.0,326.0,329.0,59000,95.13776602932265,94.69775244525405
2015/11/09,330.0,335.0,329.0,335.0,125000,92.91753842393145,92.98355230318116
2015/11/10,333.0,349.0,332.0,344.0,134000,98.50554752680316,97.90363415774502
2015/11/11,344.0,346.0,330.0,331.0,248000,95.40320077269116,94.29469606188871
2015/11/12,331.0,337.0,330.0,335.0,182000,97.94675567655185,96.72269647220958
2015/11/13,330.0,332.0,329.0,332.0,103000,98.44516897199976,97.40251303262346
2015/11/16,328.0,333.0,328.0,331.0,72000,97.21434648738112,96.55640378160099
2015/11/17,332.0,336.0,332.0,333.0,95000,98.72894566728434,98.27238892128923
2015/11/18,335.0,336.0,333.0,335.0,70000,99.24474517271776,99.28724231636888
2015/11/19,335.0,337.0,334.0,334.0,55000,97.31233219721899,97.55453982689171
2015/11/20,333.0,334.0,331.0,334.0,56000,97.53275082528215,97.56113904217416
2015/11/24,334.0,334.0,332.0,333.0,50000,96.01632296425868,96.43385194840396
2015/11/25,333.0,334.0,328.0,329.0,102000,86.01669472302149,86.61420521290663
2015/11/26,329.0,331.0,328.0,331.0,80000,87.54077370896462,87.9303946586321
2015/11/27,331.0,332.0,329.0,330.0,59000,89.43489346455249,90.09109143638277
2015/11/30,330.0,331.0,328.0,331.0,55000,88.80690929564307,89.69263861330467
2015/12/01,330.0,335.0,330.0,335.0,196000,89.32798070030411,90.20911919187608
2015/12/02,335.0,335.0,331.0,334.0,49000,90.50289173215862,90.86564998281385
2015/12/03,331.0,333.0,331.0,332.0,81000,90.52359970891862,90.69186433757756
2015/12/04,330.0,330.0,323.0,327.0,115000,88.88850196855998,88.85665798702288
2015/12/07,328.0,331.0,328.0,328.0,75000,87.83879405814614,88.09488592530137
2015/12/08,329.0,329.0,323.0,325.0,80000,88.13126862325055,88.2849989542467
2015/12/09,323.0,327.0,321.0,325.0,117000,88.04827794396773,88.26497398284133
2015/12/10,326.0,326.0,321.0,321.0,97000,89.216766033325,89.30522323724941
2015/12/11,321.0,324.0,321.0,323.0,81000,88.15028580446767,88.1453879748088
2015/12/14,319.0,320.0,315.0,320.0,70000,87.27947266750587,87.01181667266489
2015/12/15,318.0,318.0,315.0,315.0,105000,88.56094478909226,88.38796475897507
2015/12/16,316.0,320.0,315.0,320.0,67000,87.74455956657631,87.20678788879547
2015/12/17,320.0,322.0,315.0,320.0,111000,87.28781998504118,86.3411722974365
2015/12/18,320.0,320.0,311.0,312.0,207000,88.0131024318094,86.96721157494892
2015/12/21,310.0,310.0,303.0,310.0,131000,87.84457441067242,86.94982555468609
2015/12/22,310.0,310.0,306.0,308.0,59000,89.04058547486184,87.58232712619599
2015/12/24,310.0,310.0,305.0,306.0,144000,90.91688882253042,89.48033718903817
2015/12/25,304.0,304.0,299.0,301.0,133000,86.59491415094497,85.87664015084061
2015/12/28,306.0,311.0,306.0,309.0,55000,88.49942689223602,87.76653353646564
2015/12/29,309.0,312.0,307.0,312.0,27000,87.98413268329298,87.27961080971598
2015/12/30,313.0,317.0,313.0,316.0,54000,88.92970758803102,88.04308050251284
2016/01/04,315.0,323.0,311.0,311.0,58000,90.2867833495105,88.80982955521077
2016/01/05,316.0,319.0,309.0,318.0,122000,92.17616890414702,90.74398502267557
2016/01/06,320.0,320.0,312.0,312.0,69000,91.64585992423633,90.17673771339759
2016/01/07,313.0,313.0,304.0,305.0,103000,92.964063978745,90.9172156781951
2016/01/08,302.0,309.0,302.0,304.0,73000,94.37938938425485,92.64591185788913
2016/01/12,304.0,304.0,296.0,296.0,125000,94.14864300449729,93.02707492585897
2016/01/13,299.0,302.0,299.0,301.0,47000,92.35411407417372,91.72949966698143
2016/01/14,298.0,298.0,292.0,296.0,94000,95.990024661418,94.67228835771411
2016/01/15,300.0,305.0,297.0,298.0,58000,96.40875189371313,95.31992415528474
2016/01/18,294.0,294.0,281.0,289.0,147000,95.0822477921251,93.69454664943292
2016/01/19,289.0,299.0,287.0,293.0,62000,97.53727783402124,96.24884473583364
2016/01/20,296.0,296.0,283.0,283.0,102000,97.6719881259962,96.36539316922949
2016/01/21,283.0,286.0,278.0,280.0,169000,99.97724855302414,98.65321409858056
2016/01/22,283.0,292.0,283.0,290.0,50000,97.862862766858,96.77330060674626
2016/01/25,293.0,300.0,292.0,296.0,59000,96.23766282805201,94.9071890783013
2016/01/26,291.0,291.0,288.0,289.0,35000,96.6426302165407,95.30015664664941
2016/01/27,297.0,299.0,296.0,299.0,62000,97.18065716213826,95.68571737418362
2016/01/28,296.0,298.0,292.0,296.0,48000,96.77522909424361,95.11622091749177
2016/01/29,294.0,300.0,291.0,299.0,88000,96.07137682520226,94.0925453818376
2016/02/01,294.0,297.0,293.0,297.0,119000,91.50254818804541,89.671274285123
2016/02/02,296.0,297.0,294.0,295.0,54000,91.172755178885,89.51941772709812
2016/02/03,288.0,288.0,282.0,283.0,58000,88.72713217337919,86.93881773735623
2016/02/04,283.0,294.0,277.0,280.0,110000,88.20564250718398,87.2068478274843
2016/02/05,277.0,284.0,277.0,283.0,63000,90.53259853684821,89.31959393718982
2016/02/08,280.0,284.0,277.0,283.0,85000,89.87103029032949,89.06251960136956
2016/02/09,278.0,278.0,266.0,266.0,110000,87.66275326991105,87.43653991099056
2016/02/10,271.0,271.0,257.0,260.0,99000,88.5415468681716,88.66302378844296
2016/02/12,240.0,244.0,228.0,241.0,185000,85.42016188905514,86.38727293267902
2016/02/15,249.0,255.0,248.0,255.0,76000,84.77711033706045,85.20536284988196
2016/02/16,257.0,267.0,257.0,257.0,82000,84.43932659487237,84.95786417490208
2016/02/17,255.0,264.0,254.0,255.0,78000,85.1879081312845,85.70432301716251
2016/02/18,262.0,263.0,256.0,257.0,65000,84.00390826887252,84.93094278059272
2016/02/19,255.0,258.0,254.0,258.0,18000,85.85974956058612,86.85311522065597
2016/02/22,256.0,263.0,256.0,257.0,36000,85.63381711945051,86.36567754919497
2016/02/23,259.0,267.0,258.0,258.0,62000,87.42935768656517,88.12358273177773
2016/02/24,257.0,260.0,257.0,258.0,36000,87.07282719676115,87.51676295178063
2016/02/25,258.0,264.0,258.0,261.0,34000,87.29272431683593,87.28298943053369
2016/02/26,263.0,269.0,263.0,263.0,54000,89.29676101280904,89.36752624581594
2016/02/29,265.0,267.0,261.0,261.0,57000,89.12810765854556,89.14949007795526
2016/03/01,261.0,263.0,257.0,261.0,53000,90.59071497466016,90.90352972768737
2016/03/02,267.0,269.0,260.0,268.0,52000,88.55599137004981,89.12473465378491
2016/03/03,266.0,272.0,266.0,270.0,53000,89.11132491428198,89.70255548160365
2016/03/04,269.0,272.0,269.0,271.0,66000,90.46627534737979,90.90068091540785
2016/03/07,273.0,278.0,272.0,275.0,81000,91.48464595043393,92.60442328501104
2016/03/08,276.0,276.0,269.0,272.0,80000,91.38985491427584,92.9693680713799
2016/03/09,268.0,269.0,265.0,269.0,49000,90.07199139765763,91.67729743417652
2016/03/10,271.0,277.0,270.0,274.0,63000,90.81582338228628,92.17789357325002
2016/03/11,274.0,277.0,267.0,277.0,104000,92.33525683965124,93.24383815161002
2016/03/14,279.0,288.0,279.0,284.0,81000,92.1980942613618,93.22288387597453
2016/03/15,286.0,288.0,282.0,285.0,43000,92.20140764266009,92.93862658826819
2016/03/16,285.0,290.0,283.0,284.0,44000,93.42835547375195,94.38098178190803
2016/03/17,287.0,293.0,284.0,286.0,63000,94.51015010834386,95.29733852692192
2016/03/18,287.0,287.0,282.0,285.0,54000,95.78073347114363,96.23309093752454
2016/03/22,289.0,290.0,285.0,289.0,52000,96.02709412338528,96.24065656177922
2016/03/23,291.0,291.0,286.0,286.0,33000,95.45449056804199,95.90793391605028
2016/03/24,284.0,291.0,284.0,286.0,56000,95.2777100749993,95.73015768504153
2016/03/25,287.0,288.0,286.0,288.0,32000,96.64746087454166,96.85434768625224
2016/03/28,291.0,291.0,284.0,291.0,64000,98.11658630326917,97.63288991465917
2016/03/29,286.0,288.0,286.0,288.0,21000,97.12293784271905,96.87729541388089
2016/03/30,287.0,288.0,280.0,281.0,34000,96.3194443634096,96.28585856451195
2016/03/31,281.0,283.0,278.0,278.0,33000,97.08146580157313,97.18456686820718
2016/04/01,277.0,277.0,265.0,266.0,88000,96.33336813689132,96.29725911483656
2016/04/04,266.0,271.0,266.0,270.0,39000,98.13844015363085,97.72602551209707
2016/04/05,265.0,267.0,257.0,257.0,51000,96.34645508150717,96.05086294459272
2016/04/06,254.0,255.0,250.0,253.0,57000,93.70416492489618,93.23672323593219
2016/04/07,252.0,254.0,252.0,253.0,20000,94.1978413375477,93.21292052463438
2016/04/08,251.0,261.0,251.0,260.0,51000,95.37852101710621,93.57058961119779
2016/04/11,261.0,261.0,254.0,256.0,50000,94.5963461052787,92.77896423887898
2016/04/12,255.0,264.0,255.0,261.0,41000,94.8291251834088,92.89170971890242
2016/04/13,264.0,266.0,258.0,264.0,57000,93.08760630401972,91.51025954831603
2016/04/14,269.0,270.0,266.0,268.0,70000,91.08157536903428,90.33850656846116
2016/04/15,268.0,275.0,268.0,273.0,79000,92.57234808309437,92.60994367972773
2016/04/18,272.0,272.0,263.0,267.0,62000,93.36098914683011,92.78163054593611
2016/04/19,268.0,276.0,268.0,276.0,53000,94.93732764269859,94.98022637739733
2016/04/20,274.0,277.0,272.0,273.0,53000,95.0626051718508,94.78735626425667
2016/04/21,278.0,286.0,277.0,283.0,89000,96.20681190856581,96.47524321154381
2016/04/22,283.0,285.0,280.0,284.0,55000,94.88457071752363,95.78984805946374
2016/04/25,288.0,289.0,285.0,287.0,54000,94.50205379038538,95.25174236533684
2016/04/26,287.0,287.0,282.0,286.0,42000,94.72557009246736,95.8297636558682
2016/04/27,286.0,287.0,281.0,281.0,60000,90.63814534546366,92.37757917874961
2016/04/28,282.0,286.0,272.0,276.0,71000,92.36095038373566,93.69502709442304
2016/05/02,266.0,277.0,266.0,267.0,92000,88.61020126278498,89.83799501523139
2016/05/06,267.0,267.0,261.0,265.0,74000,88.07766956142856,89.52419259023743
2016/05/09,266.0,269.0,266.0,268.0,50000,85.1107514408685,86.04262925493799
2016/05/10,270.0,275.0,269.0,273.0,69000,84.22502058533597,85.33327051651827
2016/05/11,276.0,280.0,274.0,274.0,36000,78.52162973635858,79.18901945128263
2016/05/12,275.0,275.0,270.0,274.0,78000,76.88009843344321,77.82539831576875
2016/05/13,274.0,315.0,272.0,306.0,637000,87.39037854472869,88.48068888954091
2016/05/16,311.0,317.0,303.0,305.0,352000,85.67880512705783,87.29949085841429
2016/05/17,309.0,314.0,306.0,310.0,112000,86.09719129271669,87.53667406580715
2016/05/18,308.0,309.0,303.0,307.0,112000,87.85656351370584,88.90708338749175
2016/05/19,307.0,313.0,305.0,313.0,90000,90.6601168529576,92.0412934826599
2016/05/20,311.0,320.0,311.0,318.0,177000,91.45727102159266,92.65254572632207
2016/05/23,318.0,329.0,314.0,326.0,208000,94.01944447780193,95.06869805023035
2016/05/24,325.0,325.0,317.0,317.0,99000,92.17766509173543,93.09749260735944
2016/05/25,318.0,324.0,318.0,320.0,69000,91.98738744842248,93.14933312774659
2016/05/26,316.0,319.0,310.0,314.0,148000,91.17234230726893,92.68658055956209
2016/05/27,316.0,322.0,315.0,321.0,86000,92.25645289942838,93.64174438674614
2016/05/30,321.0,321.0,317.0,320.0,102000,91.17127217607604,92.95924803723803
2016/05/31,319.0,321.0,316.0,320.0,62000,90.38463872649059,92.00921350645646
2016/06/01,316.0,320.0,316.0,320.0,68000,91.99760058637844,93.41468010699413
2016/06/02,320.0,320.0,314.0,314.0,24000,87.48287933096441,88.88558218304972
2016/06/03,314.0,316.0,311.0,314.0,41000,83.74173136731169,84.91293305942472
2016/06/06,309.0,315.0,307.0,315.0,49000,88.13179814167154,89.0955408003211
2016/06/07,316.0,318.0,312.0,318.0,43000,90.81408505300627,91.85668474368582
2016/06/08,317.0,319.0,314.0,319.0,39000,88.35881789877433,89.41127227964218
2016/06/09,316.0,322.0,316.0,321.0,84000,90.23791794136959,90.97881159389678
2016/06/10,320.0,321.0,317.0,320.0,86000,90.84463443775172,91.71676254511976
2016/06/13,314.0,315.0,305.0,308.0,78000,91.1616403324886,92.11357536006936
2016/06/14,305.0,305.0,295.0,297.0,87000,90.32888310378058,91.16974092240054
2016/06/15,295.0,304.0,295.0,303.0,28000,92.06619883837075,92.7278841556103
2016/06/16,300.0,304.0,289.0,290.0,74000,93.2054108490327,93.70093671477284
2016/06/17,291.0,300.0,291.0,298.0,78000,95.15755859383003,95.94438774135466
2016/06/20,306.0,307.0,298.0,304.0,98000,97.0022964236356,97.70394174196791
2016/06/21,304.0,309.0,301.0,308.0,46000,96.9172915014039,97.56731369368914
2016/06/22,306.0,306.0,299.0,302.0,72000,93.8451688278912,94.48007026428364
2016/06/23,302.0,305.0,299.0,304.0,37000,95.07671036500021,95.62933796314248
2016/06/24,304.0,306.0,270.0,281.0,131000,94.91218023204678,94.85632297957555
2016/06/27,285.0,293.0,285.0,286.0,48000,94.6310669573615,95.49383560360212
2016/06/28,280.0,286.0,275.0,282.0,74000,93.80580357271275,94.56957130628138
2016/06/29,285.0,292.0,284.0,291.0,42000,95.96668043525885,96.37918145460111
2016/06/30,291.0,294.0,288.0,288.0,39000,92.55186774231477,92.93381849392178
2016/07/01,289.0,291.0,287.0,287.0,53000,91.45792240318123,91.96527704881822
2016/07/04,287.0,289.0,286.0,288.0,52000,91.79075799642496,92.44745913135827
2016/07/05,287.0,288.0,282.0,286.0,45000,94.15643735932511,94.33389178456218
2016/07/06,286.0,286.0,280.0,282.0,59000,96.00086961452641,95.90923920261952
2016/07/07,282.0,284.0,282.0,282.0,21000,97.7422192895633,96.89967946888088
2016/07/08,282.0,284.0,281.0,282.0,46000,98.98859883589039,98.9531809194557
2016/07/11,291.0,293.0,288.0,292.0,68000,98.53148831344575,98.99158601316512
2016/07/12,292.0,302.0,292.0,297.0,66000,96.20306714535982,96.81263003375486
2016/07/13,304.0,306.0,299.0,300.0,42000,97.98361873874714,98.410568982258
2016/07/14,303.0,305.0,300.0,303.0,53000,96.68211042524638,97.4127706964798
2016/07/15,305.0,309.0,303.0,307.0,65000,98.03120975627436,98.88038268986148
2016/07/19,311.0,312.0,305.0,310.0,36000,99.83142145816404,100.70934200550808
2016/07/20,307.0,310.0,306.0,309.0,39000,99.85817221565527,100.62217995009331
2016/07/21,312.0,314.0,310.0,313.0,45000,100.81869153507532,101.84902097926994
2016/07/22,309.0,311.0,309.0,311.0,27000,101.92830973634601,102.89750698376783
2016/07/25,311.0,312.0,311.0,312.0,19000,104.09179077614161,105.06112657232511
2016/07/26,312.0,315.0,307.0,313.0,91000,106.40710985179203,106.91521825215095
2016/07/27,315.0,318.0,312.0,317.0,67000,107.2789276718527,108.86037698097466
2016/07/28,317.0,317.0,309.0,315.0,55000,102.44130517611802,103.65378430264072
2016/07/29,314.0,315.0,308.0,315.0,33000,100.86288541639428,101.85605044449306
2016/08/01,311.0,314.0,311.0,311.0,50000,107.60219917531855,109.37548574274155
2016/08/02,311.0,312.0,307.0,310.0,34000,109.32033228075493,111.47738917739653
2016/08/03,308.0,308.0,303.0,303.0,34000,112.5685409157156,115.02153096473371
2016/08/04,304.0,308.0,304.0,308.0,18000,113.82348527477808,116.79264117231982
2016/08/05,306.0,308.0,306.0,308.0,21000,112.845569469694,116.11685718981309
2016/08/08,311.0,313.0,307.0,311.0,59000,111.04729387642594,115.11278725334344
2016/08/09,310.0,314.0,307.0,314.0,53000,108.70865494752292,112.66359916667807
2016/08/10,314.0,315.0,313.0,315.0,37000,109.67051924336369,114.02044370755193
2016/08/12,315.0,325.0,311.0,323.0,160000,112.88609709670459,117.08853004506052
2016/08/15,323.0,325.0,317.0,317.0,90000,111.66579678365196,116.07220477587754
2016/08/16,317.0,320.0,313.0,313.0,60000,111.07297942480578,115.49957970150604
2016/08/17,312.0,335.0,312.0,332.0,170000,116.89067032063909,121.69756579901656
2016/08/18,327.0,330.0,325.0,326.0,91000,116.51461058765082,120.62491597712868
2016/08/19,329.0,342.0,327.0,342.0,250000,119.9212358220719,123.94196559862027
2016/08/22,343.0,348.0,337.0,348.0,222000,126.20990914961496,128.3436717001702
2016/08/23,347.0,350.0,340.0,341.0,123000,121.47327510795564,124.25801328861309
2016/08/24,340.0,342.0,335.0,336.0,79000,115.17809967188701,117.73806799971958
2016/08/25,339.0,343.0,335.0,342.0,85000,119.16037391672371,122.18353314128714
2016/08/26,342.0,342.0,336.0,340.0,42000,118.71084272270538,122.13148095998021
2016/08/29,344.0,344.0,340.0,342.0,43000,116.26277513202848,120.56796067337217
2016/08/30,342.0,342.0,339.0,340.0,74000,115.04038033865523,119.25559501733257
2016/08/31,343.0,350.0,339.0,347.0,135000,116.92510057180057,120.31837417074263
2016/09/01,345.0,353.0,344.0,351.0,162000,119.31501869295467,122.5043022906493
2016/09/02,346.0,351.0,345.0,351.0,68000,121.37132203224543,124.3967556303497
2016/09/05,351.0,353.0,348.0,349.0,116000,119.17104621842418,122.29238542235923
2016/09/06,349.0,360.0,349.0,360.0,232000,119.6328753671893,122.82368505733756
2016/09/07,358.0,364.0,355.0,362.0,168000,122.14347850093097,123.65114496425349
2016/09/08,364.0,368.0,360.0,362.0,181000,120.93549025587853,123.19638424504137
2016/09/09,363.0,365.0,360.0,364.0,103000,121.31839942903912,124.12922269702405
2016/09/12,356.0,356.0,342.0,347.0,219000,116.84549519520277,119.85495002267434
2016/09/13,353.0,353.0,346.0,347.0,69000,113.99755652008862,116.9277868184392
2016/09/14,343.0,344.0,339.0,340.0,102000,113.37512058418756,116.10475149125294
2016/09/15,340.0,349.0,340.0,345.0,87000,115.71152358288943,118.08721990190492
2016/09/16,345.0,348.0,340.0,341.0,62000,113.03482373233564,115.22119710255458
2016/09/20,338.0,348.0,337.0,348.0,111000,115.86945986423845,117.83335041800535
2016/09/21,348.0,360.0,348.0,360.0,148000,117.61515758923635,118.67944509747429
2016/09/23,358.0,375.0,355.0,372.0,280000,119.94325167704415,121.06828775971661
2016/09/26,376.0,382.0,374.0,379.0,199000,125.53143305636148,126.7622917052591
2016/09/27,374.0,380.0,366.0,380.0,245000,124.39474933799055,124.9700782913523
2016/09/28,376.0,376.0,371.0,375.0,76000,126.9280961895858,127.45296100984973
2016/09/29,374.0,377.0,366.0,367.0,106000,124.87676227322801,126.34052980954192
2016/09/30,367.0,372.0,355.0,359.0,228000,122.02896767937254,123.70617220791553
2016/10/03,366.0,370.0,364.0,367.0,123000,123.6351176710869,125.38363391004152
2016/10/04,377.0,395.0,377.0,395.0,602000,131.26421119134682,133.01963928378885
2016/10/05,395.0,397.0,392.0,394.0,165000,129.6755109496918,131.87085120584254
2016/10/06,397.0,397.0,391.0,393.0,151000,129.01687397825165,131.49853870862
2016/10/07,393.0,397.0,387.0,397.0,149000,128.4527805503057,131.7630814986999
2016/10/11,396.0,402.0,394.0,402.0,234000,127.76583252949443,132.19679408834114
2016/10/12,394.0,403.0,394.0,398.0,177000,130.1044765211035,134.18266816805223
2016/10/13,397.0,402.0,390.0,390.0,195000,129.06495700652792,132.85877979874775
2016/10/14,391.0,397.0,387.0,397.0,99000,129.37151439569243,133.2589085942368
2016/10/17,394.0,399.0,391.0,399.0,100000,128.5482417705741,132.4160670696134
2016/10/18,398.0,401.0,397.0,401.0,226000,130.81940380052092,134.70664313781015
2016/10/19,403.0,407.0,402.0,405.0,178000,131.95724744317897,136.00389960014277
2016/10/20,407.0,410.0,407.0,409.0,117000,130.59250462318113,135.21943390720773
2016/10/21,407.0,414.0,395.0,399.0,229000,130.47605572132113,135.02968206525074
2016/10/24,399.0,404.0,394.0,402.0,151000,132.32019113512348,137.2020650387648
2016/10/25,401.0,405.0,398.0,402.0,83000,132.5251488728011,137.313817466653
2016/10/26,403.0,404.0,396.0,400.0,147000,131.34624456587872,135.2221025590941
2016/10/27,401.0,405.0,400.0,404.0,87000,133.7179158970049,137.0494929103046
2016/10/28,404.0,409.0,404.0,405.0,291000,133.8350548147553,136.9251091551132
2016/10/31,421.0,432.0,415.0,432.0,515000,140.36173063998584,143.49704566011607
2016/11/01,432.0,437.0,422.0,436.0,288000,142.50230224203708,145.20448304605992
2016/11/02,430.0,430.0,422.0,427.0,156000,142.06709831011088,144.77914214514985
2016/11/04,421.0,435.0,419.0,435.0,229000,150.67856466465128,153.47433174203252
2016/11/07,436.0,443.0,436.0,443.0,267000,151.21969653873296,154.37919954089298
2016/11/08,443.0,447.0,436.0,441.0,198000,146.8612181946774,149.44564282457839
2016/11/09,441.0,441.0,401.0,411.0,410000,150.45120855235007,152.24075677208907
2016/11/10,438.0,445.0,432.0,442.0,394000,149.84240774447036,152.76354233482613
2016/11/11,446.0,466.0,443.0,466.0,694000,158.31274049826968,161.49794785258845
2016/11/14,470.0,484.0,458.0,460.0,468000,152.50684896319106,155.99995684074267
2016/11/15,460.0,462.0,451.0,457.0,152000,152.48078754291942,155.15071801048842
2016/11/16,459.0,459.0,452.0,459.0,145000,150.72216323418473,152.905630466176
2016/11/17,458.0,463.0,450.0,463.0,128000,154.12184912682318,155.89361373382806
2016/11/18,464.0,470.0,463.0,469.0,226000,155.36497772862197,157.59432648920296
2016/11/21,469.0,470.0,460.0,462.0,206000,152.67596678387153,154.41226538369204
2016/11/22,460.0,460.0,454.0,458.0,101000,150.87977531755936,152.59207808845156
2016/11/24,465.0,468.0,459.0,468.0,228000,153.81397715693046,155.1765727306689
2016/11/25,467.0,479.0,462.0,479.0,387000,157.0180879278862,158.02805905876554
2016/11/28,477.0,497.0,476.0,496.0,367000,161.20037209404344,161.13365147918864
2016/11/29,490.0,498.0,487.0,497.0,223000,162.17825606408925,161.83255332454118
2016/11/30,495.0,504.0,491.0,501.0,285000,163.3515999143571,163.55933933566132
2016/12/01,505.0,508.0,484.0,489.0,287000,158.64052381321312,159.17242357958565
2016/12/02,492.0,495.0,488.0,492.0,136000,159.26442353307445,160.23561044326453
2016/12/05,492.0,502.0,492.0,501.0,118000,164.63879333609853,165.05641707024466
2016/12/06,509.0,543.0,509.0,532.0,822000,173.7851216207737,173.83498094107367
2016/12/07,534.0,547.0,529.0,546.0,469000,175.30594717216982,175.32130254524992
2016/12/08,551.0,555.0,534.0,546.0,463000,172.64121556251305,173.20366892352416
2016/12/09,550.0,553.0,541.0,548.0,241000,171.75031440869188,172.34554668797898
2016/12/12,550.0,552.0,532.0,544.0,310000,167.58947388753788,169.60592387507134
2016/12/13,537.0,550.0,536.0,544.0,175000,166.55661562999163,168.47135205323858
2016/12/14,546.0,546.0,540.0,543.0,112000,167.8922343978613,169.91136941164285
2016/12/15,545.0,545.0,530.0,533.0,174000,167.25186574617692,168.93668933766355
2016/12/16,530.0,538.0,530.0,538.0,204000,168.75318717889948,170.92690124186245
2016/12/19,536.0,540.0,525.0,528.0,178000,166.14541048368827,168.36763023402804
2016/12/20,526.0,541.0,521.0,539.0,303000,169.5435847901953,172.88515550516667
2016/12/21,538.0,538.0,520.0,525.0,182000,165.7909939283271,169.2009994930958
2016/12/22,522.0,522.0,513.0,519.0,159000,164.03813705491464,167.38862170511132
2016/12/26,519.0,521.0,513.0,515.0,132000,162.17026935249285,165.70013132744782
2016/12/27,512.0,512.0,491.0,497.0,300000,155.8399496899342,160.0383487908555
2016/12/28,494.0,516.0,493.0,514.0,228000,159.5729418821985,163.7695705032324
2016/12/29,509.0,509.0,499.0,504.0,243000,156.18202125340582,161.12719156390307
2016/12/30,499.0,512.0,499.0,505.0,148000,156.7438243256887,161.42349967141914
2017/01/04,513.0,525.0,507.0,524.0,270000,155.92446278865125,160.8568583904392
2017/01/05,530.0,531.0,519.0,528.0,221000,157.56557248140155,162.23832959873786
2017/01/06,518.0,518.0,508.0,513.0,215000,153.5149629928145,157.2343432132467
2017/01/10,514.0,516.0,505.0,512.0,172000,154.31049199970096,157.23133446548346
2017/01/11,514.0,517.0,510.0,512.0,81000,155.61446579821092,158.2166085528461
2017/01/12,512.0,516.0,505.0,511.0,194000,155.54953739061023,158.1466509429564
2017/01/13,510.0,513.0,503.0,512.0,158000,152.747336290825,155.9708797059942
2017/01/16,509.0,511.0,501.0,501.0,105000,153.93137759022244,157.193429005521
2017/01/17,501.0,507.0,495.0,498.0,169000,154.01899826181494,156.59813513603376
2017/01/18,500.0,511.0,494.0,508.0,162000,155.96143806899988,158.76779359659045
2017/01/19,508.0,512.0,502.0,504.0,117000,151.1676283605766,153.30183555279308
2017/01/20,507.0,524.0,504.0,515.0,261000,157.3631089936878,159.1415424303033
2017/01/23,515.0,523.0,511.0,517.0,180000,158.20357795007274,160.59352243907233
2017/01/24,517.0,521.0,513.0,520.0,165000,160.01954837853768,162.47918214201826
2017/01/25,530.0,533.0,525.0,528.0,177000,159.04253427731743,162.55976833797288
2017/01/26,533.0,537.0,530.0,534.0,244000,158.4531439655603,162.55064036146373
2017/01/27,534.0,542.0,529.0,541.0,178000,162.82087474392975,167.25103688644302
2017/01/30,545.0,563.0,545.0,550.0,324000,170.80910461519048,175.4567162302775
2017/01/31,540.0,549.0,528.0,531.0,223000,167.7992410198024,171.76339153692962
2017/02/01,529.0,539.0,520.0,522.0,215000,165.6022717527388,169.7832340265638
2017/02/02,528.0,533.0,513.0,514.0,202000,165.4265209317745,168.79247072932947
2017/02/03,513.0,523.0,505.0,506.0,237000,158.964326348591,161.56535756676317
2017/02/06,515.0,516.0,502.0,502.0,134000,158.94801888019376,161.05039880416163
2017/02/07,502.0,502.0,493.0,493.0,168000,157.64811615942165,159.44488649649102
2017/02/08,493.0,508.0,484.0,506.0,280000,160.8865631884897,161.51997961032563
2017/02/09,506.0,506.0,492.0,498.0,109000,163.41476447568786,163.32338402022884
2017/02/10,502.0,503.0,500.0,502.0,87000,160.72146655117362,161.12122055062318
2017/02/13,512.0,519.0,509.0,511.0,119000,165.00203578809385,166.61482232836516
2017/02/14,518.0,536.0,518.0,526.0,295000,170.79119158428148,172.47393174087262
2017/02/15,531.0,540.0,527.0,528.0,184000,168.6933555126738,170.90425715175982
2017/02/16,528.0,528.0,516.0,519.0,97000,169.0588557840042,170.71503720827963
2017/02/17,515.0,525.0,515.0,524.0,82000,168.59935910619308,169.8691153423365
2017/02/20,524.0,533.0,521.0,531.0,141000,172.91399484392193,173.62474824977426
2017/02/21,531.0,534.0,529.0,532.0,101000,170.7797561429503,171.1502030174551
2017/02/22,538.0,544.0,534.0,540.0,176000,171.89030991771938,172.66511009580015
2017/02/23,541.0,542.0,531.0,541.0,140000,172.7058635729757,174.1535681423014
2017/02/24,534.0,539.0,528.0,532.0,174000,169.8139311475126,171.11066774245992
2017/02/27,523.0,526.0,516.0,524.0,124000,168.3966031162475,169.85953133819882
2017/02/28,523.0,530.0,522.0,523.0,114000,168.58971267056185,169.77854929190704
2017/03/01,527.0,528.0,517.0,522.0,78000,168.1914710974925,169.25728612473358
2017/03/02,530.0,535.0,528.0,531.0,139000,170.48465270962816,172.07657746901964
2017/03/03,531.0,536.0,526.0,536.0,149000,172.8519962776537,174.59320602640912
2017/03/06,534.0,539.0,529.0,535.0,79000,169.77123011463024,170.3977455434141
2017/03/07,538.0,540.0,535.0,540.0,145000,172.2458157664632,172.06120667219471
2017/03/08,540.0,542.0,537.0,540.0,99000,173.51242222535402,172.52480562854424
2017/03/09,541.0,541.0,532.0,538.0,68000,171.28407331142893,170.77409691557148
2017/03/10,540.0,543.0,533.0,535.0,178000,166.87844364433425,166.79699900529985
2017/03/13,535.0,536.0,525.0,526.0,86000,162.57132147952348,162.02756988233455
2017/03/14,526.0,529.0,522.0,529.0,112000,162.02189916004755,161.71014366826958
2017/03/15,530.0,534.0,518.0,522.0,162000,159.36513084754532,159.14347416764764
2017/03/16,521.0,522.0,515.0,519.0,96000,156.88606651065322,156.80794702693478
2017/03/17,517.0,525.0,514.0,515.0,162000,154.81333788753534,155.22105868176527
2017/03/21,515.0,518.0,509.0,516.0,83000,156.45463276673334,156.4496413439105
2017/03/22,506.0,508.0,501.0,502.0,105000,156.71595745172365,156.4831326039013
2017/03/23,507.0,507.0,497.0,501.0,59000,155.04652293022548,155.05228659644837
2017/03/24,501.0,510.0,501.0,510.0,92000,156.3088361618818,156.68213864708034
2017/03/27,507.0,510.0,499.0,503.0,92000,155.9980030722125,156.68946864419843
2017/03/28,504.0,507.0,504.0,507.0,79000,156.79603762788238,156.9849109610768
2017/03/29,503.0,507.0,503.0,506.0,86000,158.15882985002173,158.37720278332762
2017/03/30,505.0,511.0,504.0,504.0,97000,159.37824117961978,159.88621000371077
2017/03/31,504.0,507.0,497.0,499.0,132000,160.36054229356017,161.40077484468827
2017/04/03,502.0,502.0,487.0,492.0,169000,154.76913512025584,156.47858718094665
2017/04/04,486.0,494.0,469.0,471.0,275000,153.28504654072194,154.50054178432418
2017/04/05,473.0,482.0,473.0,479.0,140000,157.74964633541455,159.5181982467225
2017/04/06,476.0,482.0,464.0,467.0,162000,156.32491937641447,158.703826054272
2017/04/07,468.0,484.0,467.0,481.0,177000,156.81967443233552,159.9056565778612
2017/04/10,485.0,492.0,479.0,492.0,124000,161.0378562303302,164.01136306804926
2017/04/11,484.0,488.0,480.0,480.0,69000,156.2541581351995,159.8293890309878
2017/04/12,476.0,477.0,458.0,458.0,233000,153.18025171105148,156.23650020624765
2017/04/13,455.0,464.0,443.0,461.0,167000,157.86499496014207,160.65590230295192
2017/04/14,458.0,466.0,455.0,459.0,115000,154.49105147964715,156.87713767997795
2017/04/17,456.0,464.0,451.0,457.0,208000,151.77168127348688,154.16510887497753
2017/04/18,461.0,468.0,456.0,459.0,138000,152.36197445789458,154.0422656808837
2017/04/19,454.0,465.0,454.0,461.0,103000,154.88731119648781,156.7409130538624
2017/04/20,461.0,463.0,458.0,459.0,106000,152.80221196376073,153.4767497999004
2017/04/21,465.0,476.0,461.0,464.0,166000,154.18274592576472,154.48128181143974
2017/04/24,472.0,472.0,465.0,468.0,133000,150.65577965734374,152.07065911604965
2017/04/25,484.0,504.0,483.0,492.0,962000,156.46511520234526,157.58822571705554
2017/04/26,496.0,503.0,495.0,497.0,299000,158.5396793095155,159.254086823148
2017/04/27,500.0,520.0,496.0,519.0,463000,162.78636884986037,164.0441244916658
2017/04/28,519.0,530.0,509.0,528.0,382000,166.3402094735348,167.8226541147888
2017/05/01,529.0,535.0,522.0,532.0,254000,166.6128402689135,168.21879059275804
2017/05/02,535.0,544.0,529.0,541.0,323000,169.0966168879945,170.9690078244139
2017/05/08,556.0,560.0,547.0,553.0,410000,168.1805051777859,170.01533232780542
2017/05/09,552.0,567.0,549.0,565.0,311000,172.77260838239542,174.65909254854543
2017/05/10,566.0,582.0,564.0,580.0,341000,176.35224134426358,178.17615913135404
2017/05/11,578.0,588.0,575.0,588.0,220000,178.95806000905404,180.84531072748848
2017/05/12,582.0,650.0,570.0,650.0,1683000,175.33048135274984,177.4092125309953
2017/05/15,643.0,655.0,631.0,648.0,753000,176.0675167422495,177.71927785847666
2017/05/16,658.0,660.0,641.0,656.0,608000,176.9065862461969,178.43564177814667
2017/05/17,650.0,659.0,635.0,638.0,455000,174.56877634630476,176.50423623095247
2017/05/18,620.0,630.0,615.0,617.0,441000,167.816799571688,169.4322584613807
2017/05/19,618.0,624.0,602.0,611.0,415000,164.14344932935984,165.48933420866618
2017/05/22,617.0,638.0,616.0,630.0,357000,163.55733295110323,165.02533294433348
2017/05/23,624.0,632.0,618.0,618.0,286000,163.99488008009328,165.2194144345196
2017/05/24,625.0,625.0,614.0,615.0,238000,163.12396624648412,163.85188970929028
2017/05/25,614.0,619.0,608.0,612.0,197000,164.99297363257546,165.8185719380592
2017/05/26,615.0,615.0,605.0,611.0,162000,162.7680495339328,163.72245341265622
2017/05/29,615.0,615.0,606.0,609.0,182000,165.0321861550603,165.56306361887917
2017/05/30,609.0,625.0,608.0,615.0,308000,168.32874113533785,168.61789981369267
2017/05/31,616.0,616.0,602.0,605.0,284000,163.13484561134905,164.1936273806565
2017/06/01,601.0,608.0,596.0,605.0,288000,160.68414592519395,161.78061446130587
2017/06/02,613.0,629.0,611.0,624.0,350000,163.90939249524084,164.8322306742299
2017/06/05,620.0,620.0,612.0,612.0,178000,159.69915806241792,160.7931292419824
2017/06/06,610.0,610.0,598.0,599.0,193000,157.21137085538274,158.19814456662942
2017/06/07,594.0,605.0,594.0,600.0,130000,158.4063285732563,159.1024553649897
2017/06/08,603.0,618.0,602.0,608.0,207000,158.57605269750604,159.27734773068644
2017/06/09,609.0,609.0,602.0,604.0,183000,156.5715280768853,157.80593845419278
2017/06/12,605.0,616.0,605.0,613.0,208000,160.1436618079946,160.63386301110526
2017/06/13,613.0,613.0,600.0,600.0,169000,161.0070172165785,161.25129779891935
2017/06/14,601.0,603.0,590.0,590.0,224000,155.9005755128432,156.22746051155707
2017/06/15,588.0,588.0,578.0,580.0,216000,155.65026306208912,156.35889653609033
2017/06/16,576.0,583.0,569.0,570.0,336000,149.61583933081235,149.90396112929804
2017/06/19,573.0,580.0,567.0,568.0,227000,148.64597491786083,148.814530270523
2017/06/20,573.0,576.0,572.0,575.0,225000,149.21021607582875,149.36219291606514
2017/06/21,576.0,576.0,565.0,565.0,217000,149.2479330415063,149.1304484865059
2017/06/22,564.0,570.0,564.0,565.0,254000,150.0699292310342,149.8851754342388
2017/06/23,564.0,565.0,560.0,562.0,181000,148.5348937820966,149.50041580299632
2017/06/26,566.0,585.0,566.0,580.0,295000,154.0520541267313,154.18630283939362
2017/06/27,590.0,617.0,585.0,616.0,582000,165.49653695533263,165.22689367028855
2017/06/28,615.0,631.0,614.0,625.0,537000,166.08659848577656,165.99333260490997
2017/06/29,632.0,639.0,619.0,624.0,326000,166.90072188180574,166.2044534205217
2017/06/30,615.0,627.0,613.0,620.0,237000,169.10997379378614,168.12085549267394
2017/07/03,623.0,628.0,620.0,621.0,226000,169.6096328742808,168.55215295371056
2017/07/04,624.0,626.0,603.0,606.0,266000,165.73915433045812,165.41410009509602
2017/07/05,608.0,620.0,603.0,619.0,124000,168.10103763616476,167.37072499320092
2017/07/06,618.0,618.0,605.0,610.0,177000,165.27083011739603,164.16782705699669
2017/07/07,607.0,613.0,602.0,609.0,161000,163.7036527903297,162.5842194720051
2017/07/10,615.0,617.0,603.0,611.0,188000,163.68806640269705,162.65738780382003
2017/07/11,608.0,611.0,604.0,608.0,181000,163.1554065979991,161.7603157286282
2017/07/12,608.0,608.0,600.0,606.0,210000,163.13498202342663,162.19726555263256
2017/07/13,609.0,613.0,605.0,605.0,159000,162.77617129274105,161.69332159482204
2017/07/14,604.0,609.0,602.0,608.0,112000,162.4011820227953,160.47312990143402
2017/07/18,606.0,612.0,605.0,609.0,96000,164.26680032963395,161.40508547049387
2017/07/19,609.0,609.0,603.0,608.0,92000,163.9485666934826,161.4453474666854
2017/07/20,609.0,617.0,608.0,617.0,118000,164.4961701456002,161.6810177830144
2017/07/21,618.0,631.0,616.0,628.0,267000,167.04328640007668,164.45690620199682
2017/07/24,622.0,644.0,620.0,639.0,373000,170.4054602616393,167.39574799541396
2017/07/25,639.0,643.0,626.0,636.0,381000,166.8211784813321,164.22512764230953
2017/07/26,640.0,651.0,636.0,648.0,386000,169.90201445437344,166.68169660379982
2017/07/27,650.0,670.0,646.0,666.0,671000,173.49288846100558,169.8612911270577
2017/07/28,668.0,681.0,647.0,652.0,812000,171.82381650926507,168.87663865914823
2017/07/31,656.0,679.0,656.0,678.0,673000,182.0161645939326,178.03389359664726
2017/08/01,660.0,664.0,622.0,627.0,982000,165.8830074574438,161.48353422405316
2017/08/02,630.0,632.0,608.0,628.0,517000,166.00549879908655,161.30367377833468
2017/08/03,630.0,630.0,618.0,623.0,296000,164.1558865289169,158.8387254187342
2017/08/04,623.0,627.0,616.0,625.0,204000,165.31336287443693,159.1957875095573
2017/08/07,627.0,643.0,626.0,641.0,244000,171.11370971569158,164.14739899614545
2017/08/08,646.0,654.0,645.0,649.0,342000,173.29039197460054,166.51740262058993
2017/08/09,645.0,650.0,634.0,642.0,294000,172.79633968457114,165.6312974785067
2017/08/10,638.0,648.0,633.0,639.0,189000,169.65836563099427,161.86510468837545
2017/08/14,630.0,630.0,617.0,624.0,204000,169.9687119581449,162.07809154124087
2017/08/15,627.0,630.0,622.0,626.0,212000,168.0377617725842,160.68085211698963
2017/08/16,622.0,625.0,620.0,623.0,108000,159.2723826584112,152.24896926816143
2017/08/17,630.0,660.0,628.0,655.0,519000,168.1183260735561,160.60356173337084
2017/08/18,648.0,656.0,641.0,650.0,284000,161.51038379843396,154.16253704577454
2017/08/21,646.0,647.0,638.0,640.0,106000,157.40319843445482,150.300115584545
2017/08/22,640.0,660.0,633.0,659.0,327000,164.47718738242676,157.10606284756665
2017/08/23,667.0,696.0,657.0,680.0,918000,172.83455628467442,165.27809398813415
2017/08/24,687.0,730.0,686.0,723.0,1299000,180.84259144614384,173.17375605198083
2017/08/25,731.0,753.0,731.0,747.0,867000,184.78467549961644,177.18282887328832
2017/08/28,765.0,774.0,746.0,771.0,614000,193.9997765739654,185.02048749852543
2017/08/29,765.0,832.0,763.0,831.0,1399000,211.12274741401262,200.82253205958924
2017/08/30,844.0,860.0,791.0,836.0,1516000,208.57360632960447,199.24466691183193
2017/08/31,842.0,842.0,802.0,805.0,688000,197.59921178105995,189.63716938256442
2017/09/01,810.0,828.0,778.0,821.0,805000,201.04997724606605,193.63417026035253
2017/09/04,818.0,818.0,789.0,795.0,409000,198.9447907150593,190.90178587462506
2017/09/05,795.0,806.0,751.0,768.0,776000,187.98057617057728,181.39723771146234
2017/09/06,750.0,775.0,745.0,755.0,652000,183.29270274124713,176.7982089313969
2017/09/07,764.0,784.0,756.0,774.0,433000,186.9402941711264,180.06086045478733
2017/09/08,764.0,782.0,756.0,762.0,275000,184.2623373196422,176.5406192888401
2017/09/11,770.0,797.0,763.0,769.0,442000,189.04088741716862,181.86723124548024
2017/09/12,785.0,800.0,775.0,800.0,411000,195.02013959329614,187.41718869789997
2017/09/13,814.0,831.0,788.0,797.0,587000,196.04392457230898,188.22749447540318
2017/09/14,810.0,819.0,789.0,800.0,399000,192.05209203486515,184.85455611174723
2017/09/15,795.0,814.0,793.0,812.0,354000,197.5753109801327,190.5490949786695
2017/09/19,827.0,832.0,811.0,818.0,320000,190.97150133219068,185.60306372822643
2017/09/20,820.0,874.0,811.0,858.0,987000,197.22921588186605,193.28645858314542
2017/09/21,868.0,869.0,815.0,817.0,782000,180.8370925370569,177.6162260599424
2017/09/22,821.0,821.0,782.0,806.0,694000,178.85086636661418,175.65956390185454
2017/09/25,798.0,819.0,796.0,805.0,415000,172.2793588885077,169.61408032993373
2017/09/26,813.0,857.0,801.0,857.0,906000,185.07772262775097,181.9078970966635
2017/09/27,846.0,895.0,843.0,877.0,938000,189.99845627919902,186.9845797059652
2017/09/28,873.0,896.0,841.0,848.0,665000,189.42554500806935,185.16912477857784
2017/09/29,853.0,861.0,826.0,838.0,469000,188.6308979855145,184.36870426343103
2017/10/02,841.0,866.0,836.0,864.0,423500,191.5464892747208,187.1877849861062
2017/10/03,867.0,867.0,844.0,856.0,319300,175.9363214333522,172.4204684459592
2017/10/04,854.0,856.0,832.0,833.0,328400,172.3956238567814,169.15738770689782
2017/10/05,833.0,838.0,808.0,817.0,558500,170.30373369755705,167.29124985101387
2017/10/06,815.0,839.0,815.0,836.0,317200,171.59327593530918,168.5735610549807
2017/10/10,880.0,940.0,852.0,869.0,2494900,176.7342763131315,172.96567383125188
2017/10/11,874.0,890.0,842.0,853.0,791800,172.842737984662,169.55027996815414
2017/10/12,862.0,862.0,818.0,827.0,707000,169.7469160855357,167.4216421157537
2017/10/13,836.0,836.0,808.0,821.0,470000,164.77828596816985,163.05571125837068
2017/10/16,835.0,839.0,812.0,816.0,393100,162.6052262493738,160.89866938662027
2017/10/17,820.0,836.0,819.0,824.0,325800,163.3750272792061,161.75083045330035
2017/10/18,822.0,822.0,790.0,804.0,622900,157.96426210815537,156.2235210440054
2017/10/19,806.0,822.0,797.0,818.0,399300,160.71505166790035,158.47032438556306
2017/10/20,806.0,865.0,806.0,856.0,1117000,171.8138181852298,169.24624462742378
2017/10/23,870.0,906.0,864.0,888.0,1299300,175.46516208517076,173.09779422611842
2017/10/24,890.0,907.0,858.0,906.0,783600,179.4831602273915,176.67903226847767
2017/10/25,919.0,946.0,890.0,917.0,1430300,183.67187743290125,180.98580873914457
2017/10/26,916.0,932.0,891.0,918.0,791500,181.20308658246523,179.04725762501485
2017/10/27,929.0,960.0,910.0,944.0,1313400,184.77090592224576,183.25392379006502
2017/10/30,950.0,965.0,927.0,936.0,1120900,171.5190623882693,170.4394524632375
2017/10/31,927.0,931.0,913.0,926.0,465800,168.297990232002,167.5536849671492
2017/11/01,933.0,933.0,907.0,913.0,576500,163.41117121865355,163.76255091963938
2017/11/02,923.0,923.0,904.0,913.0,350700,157.42329137838635,157.58693470530417
2017/11/06,907.0,910.0,882.0,900.0,557800,154.76638585833794,154.44468954277767
2017/11/07,897.0,908.0,889.0,903.0,415800,153.2873742758821,153.96919936899732
2017/11/08,888.0,893.0,875.0,893.0,414700,154.10142721569326,155.5399757119359
2017/11/09,896.0,896.0,856.0,876.0,827900,150.31417970735504,150.4480526709801
2017/11/10,876.0,959.0,867.0,955.0,2373300,156.98811632109255,156.88313386055444
2017/11/13,933.0,939.0,878.0,881.0,1424100,151.23061658091527,150.3403073651144
2017/11/14,890.0,894.0,846.0,851.0,1323600,147.00908058817961,146.86578437748665
2017/11/15,840.0,844.0,784.0,808.0,1491500,142.7422339898427,143.49685863442042
2017/11/16,808.0,834.0,805.0,817.0,708200,141.0221000652091,142.53973960823646
2017/11/17,832.0,833.0,807.0,813.0,700800,139.06479796001923,140.39327254248315
2017/11/20,817.0,839.0,798.0,800.0,1047400,140.83529597127807,141.99301489387585
2017/11/21,810.0,812.0,786.0,808.0,714800,142.94356644099656,144.1829861314943
2017/11/22,820.0,820.0,807.0,809.0,458100,140.70735208035018,142.01579408379325
2017/11/24,809.0,818.0,805.0,812.0,327500,138.17578248569967,139.43190962511082
2017/11/27,820.0,825.0,793.0,796.0,528600,130.95599554094005,132.74042037719502
2017/11/28,792.0,795.0,784.0,789.0,530400,129.24742615320204,131.56318942621857
2017/11/29,792.0,812.0,785.0,800.0,530700,129.37486858721948,131.3660784133937
2017/11/30,797.0,801.0,771.0,795.0,612400,132.44475316090364,134.5615835785157
2017/12/01,795.0,809.0,790.0,792.0,480300,129.9857821920842,132.43237335714787
2017/12/04,797.0,808.0,786.0,794.0,479500,127.549013627395,130.10922532533752
2017/12/05,784.0,793.0,779.0,782.0,461000,119.30050378550214,121.24005049391242
2017/12/06,777.0,779.0,749.0,757.0,623100,115.63616361819808,117.06367084747274
2017/12/07,751.0,766.0,751.0,762.0,401100,116.40651389291585,118.18708541283758
2017/12/08,763.0,771.0,757.0,767.0,456400,116.55732660728115,118.36290904237714
2017/12/11,778.0,790.0,765.0,774.0,469200,118.81069269027928,120.16001387430035
2017/12/12,776.0,779.0,763.0,764.0,410900,118.23430318547392,119.1763019034
2017/12/13,768.0,776.0,756.0,756.0,349800,117.7873653157921,118.3022536715965
2017/12/14,749.0,766.0,745.0,756.0,375400,120.45977486614868,121.0179083619168
2017/12/15,763.0,768.0,755.0,767.0,361600,122.6399614599827,123.26459601698785
2017/12/18,778.0,811.0,772.0,808.0,875900,129.57524349613237,130.3994285780963
2017/12/19,820.0,823.0,808.0,815.0,655400,128.9001518921367,129.31282199973367
2017/12/20,805.0,834.0,802.0,827.0,493100,133.80253380032684,133.63177001785326
2017/12/21,840.0,862.0,836.0,853.0,901200,139.6401455338648,139.21453702205758
2017/12/22,850.0,862.0,845.0,860.0,397900,141.4262107757664,140.42821888705853
2017/12/25,859.0,860.0,835.0,856.0,541900,140.54491972470163,139.55761123911986
2017/12/26,854.0,865.0,843.0,846.0,255100,144.27376773280122,143.12861366424025
2017/12/27,858.0,873.0,852.0,860.0,492600,141.68619549069328,140.52430119822176
2017/12/28,867.0,886.0,859.0,872.0,520100,145.3834277905402,144.4206920328808
2017/12/29,882.0,888.0,871.0,879.0,382700,146.14736024468803,145.43033212408113
2018/01/04,889.0,907.0,873.0,873.0,578800,137.3063609113722,138.00557213386773
2018/01/05,877.0,915.0,874.0,907.0,902900,145.0412983210252,146.0543415886315
2018/01/09,908.0,915.0,888.0,894.0,684900,141.3087542175072,142.5412642613101
2018/01/10,884.0,891.0,874.0,887.0,365700,141.02697097786447,141.95511228205578
2018/01/11,887.0,914.0,880.0,906.0,477300,143.08349010629226,144.18131105250626
2018/01/12,901.0,925.0,901.0,913.0,460400,145.40204486526937,146.82837354396304
2018/01/15,928.0,928.0,901.0,912.0,275900,146.57547229954102,147.90141358558935
2018/01/16,911.0,914.0,891.0,908.0,416800,143.21498376620724,145.2570530240271
2018/01/17,897.0,898.0,885.0,886.0,416400,138.0639230663012,139.63861615012362
2018/01/18,890.0,893.0,864.0,867.0,663500,138.06463903017448,140.0627561585891
2018/01/19,866.0,880.0,857.0,880.0,339600,137.35546473047626,138.65828976729816
2018/01/22,890.0,893.0,867.0,890.0,470300,136.5464023193207,137.817145301943
2018/01/23,897.0,903.0,881.0,888.0,479300,132.99579881570975,134.60250822032464
2018/01/24,887.0,898.0,878.0,891.0,314100,134.32950492841084,135.05289996475963
2018/01/25,889.0,895.0,877.0,893.0,251200,137.08076877734948,137.09812890687155
2018/01/26,898.0,907.0,891.0,904.0,397300,137.651467318137,137.74497307838664
2018/01/29,907.0,918.0,895.0,910.0,492300,135.6222506734117,135.8311912767495
2018/01/30,897.0,908.0,886.0,896.0,445600,137.9446222782562,138.18403560114893
2018/01/31,891.0,919.0,877.0,890.0,736600,141.3399415218355,141.81980728451836
2018/02/01,885.0,941.0,885.0,938.0,1715400,146.9688618520106,147.36379263473856
2018/02/02,935.0,936.0,899.0,903.0,796700,145.0561432309161,145.02888097894456
2018/02/05,860.0,870.0,837.0,853.0,896900,142.16194509294496,141.65958469738882
2018/02/06,798.0,816.0,764.0,799.0,976200,141.8239941677709,140.94267101196226
2018/02/07,849.0,856.0,797.0,797.0,558200,138.31525273693126,137.18916159731148
2018/02/08,805.0,815.0,786.0,805.0,550900,139.61810140145153,138.56350251915822
2018/02/09,757.0,774.0,753.0,771.0,572400,139.1936864232379,137.14408116938998
2018/02/13,795.0,796.0,751.0,752.0,623400,129.46844912999933,128.171047247927
2018/02/14,751.0,762.0,717.0,730.0,636400,127.04105112250879,126.15662755989692
2018/02/15,745.0,771.0,736.0,760.0,433000,131.9900748098664,132.1093474352093
2018/02/16,765.0,776.0,756.0,771.0,437200,130.29923987456377,130.80668301526364
2018/02/19,797.0,822.0,787.0,816.0,409400,133.5649468535071,133.92254748584128
2018/02/20,816.0,826.0,809.0,822.0,358000,136.58551466899436,136.37705714255816
2018/02/21,822.0,824.0,800.0,809.0,301500,132.1476830023644,132.42156322909167
2018/02/22,800.0,803.0,781.0,792.0,283100,130.46735379682218,130.4730330485
2018/02/23,805.0,837.0,804.0,829.0,320000,137.2551815019013,137.20514315387499
2018/02/26,849.0,849.0,824.0,840.0,278200,138.26309918441012,138.55477315688128
2018/02/27,848.0,853.0,839.0,845.0,213400,137.96489288951705,138.5537908338378
2018/02/28,840.0,850.0,822.0,826.0,600500,139.05894691010153,138.98404812508764
2018/03/01,816.0,828.0,807.0,813.0,288600,137.88665851324245,137.66551607484544
2018/03/02,792.0,799.0,784.0,790.0,358800,135.47219149690517,134.4216996721438
2018/03/05,778.0,781.0,738.0,743.0,520700,127.90297850863294,127.41530627150712
2018/03/06,770.0,778.0,760.0,761.0,322800,127.28185627255131,127.68481725330771
2018/03/07,755.0,757.0,731.0,746.0,303900,125.15614890182951,125.68614677965842
2018/03/08,745.0,755.0,733.0,741.0,247800,124.5219277013781,125.22571857195737
2018/03/09,753.0,764.0,739.0,750.0,310600,128.01174767034217,128.62616146888084
2018/03/12,765.0,781.0,761.0,778.0,256100,133.06448566081482,133.9868229212954
2018/03/13,769.0,771.0,757.0,770.0,178000,129.92989172674646,130.91651905618366
2018/03/14,760.0,777.0,755.0,769.0,172300,132.43615789008786,132.79080467682584
2018/03/15,765.0,773.0,753.0,766.0,145000,132.60618291127258,133.12440409650074
2018/03/16,771.0,782.0,765.0,770.0,178300,134.6509193592509,134.81131769045572
2018/03/19,763.0,763.0,738.0,739.0,241000,129.71587883679985,130.18157699072867
2018/03/20,781.0,840.0,766.0,829.0,2716100,146.193580828721,146.34902054146772
2018/03/22,816.0,829.0,792.0,825.0,1108300,145.55353947747645,145.89271835224872
2018/03/23,790.0,797.0,741.0,741.0,1186500,135.7431033094608,134.73307994140762
2018/03/26,722.0,724.0,702.0,721.0,719000,131.04982234053398,130.7385790800514
2018/03/27,730.0,745.0,729.0,740.0,563000,131.4792741005356,131.31105155498267
2018/03/28,715.0,727.0,702.0,723.0,384600,130.56233044207903,129.64487925589142
2018/03/29,731.0,735.0,704.0,717.0,485200,128.17050590551364,127.53395721551549
2018/03/30,725.0,746.0,721.0,745.0,434900,131.58788643693654,131.57901189549162
2018/04/02,745.0,762.0,736.0,736.0,346300,132.770279272275,132.80692724529294
2018/04/03,721.0,748.0,716.0,742.0,302300,139.17306544477216,139.11313016065722
2018/04/04,748.0,755.0,734.0,735.0,337300,135.75152720466806,135.32501439271667
2018/04/05,739.0,739.0,716.0,719.0,392300,132.2788117223337,132.14040745108665
2018/04/06,723.0,732.0,687.0,694.0,774700,124.86294378871709,125.02070839882711
2018/04/09,688.0,702.0,682.0,700.0,299000,123.37222276839643,123.62669328016676
2018/04/10,699.0,708.0,675.0,707.0,513500,126.7029675048361,127.1497689488858
2018/04/11,718.0,746.0,714.0,735.0,510400,137.28572903067402,137.62075932873626
2018/04/12,737.0,746.0,728.0,728.0,284000,134.34368368147747,134.92537063244106
2018/04/13,734.0,761.0,731.0,752.0,368600,137.93301885783225,138.22795199816025
2018/04/16,764.0,767.0,736.0,742.0,285500,136.4848692626383,137.06452814430477
2018/04/17,746.0,759.0,725.0,748.0,419900,137.38577115370626,138.61714522069002
2018/04/18,748.0,760.0,739.0,759.0,357400,136.9567831212395,138.45905395212617
2018/04/19,765.0,799.0,765.0,778.0,717800,140.77430664856533,142.63658059845756
2018/04/20,771.0,786.0,760.0,776.0,279500,140.5164781986431,142.1665852414116
2018/04/23,770.0,791.0,766.0,786.0,262600,143.52472406577687,144.19709578723524
2018/04/24,771.0,776.0,744.0,756.0,781800,131.5955712075016,131.90540209964888
2018/04/25,742.0,764.0,737.0,751.0,271500,131.20499509843927,131.41874559742106
2018/04/26,760.0,763.0,749.0,758.0,223400,125.9761021007126,126.64466012167613
2018/04/27,750.0,764.0,744.0,759.0,333700,122.82122760190424,123.89856687091716
2018/05/01,757.0,757.0,736.0,738.0,402200,117.85423488167581,119.20024952716182
2018/05/02,737.0,744.0,733.0,737.0,242700,117.98988560429488,119.30568589681614
2018/05/07,737.0,745.0,731.0,744.0,165300,119.14034403058653,120.32609571585891
2018/05/08,733.0,746.0,733.0,741.0,226100,115.6183780614728,116.55663797363216
2018/05/09,739.0,743.0,728.0,732.0,234600,112.07738182363403,112.8438050125655
2018/05/10,731.0,744.0,724.0,741.0,256600,111.816800086563,112.49690310525271
2018/05/11,739.0,753.0,734.0,751.0,270200,100.94501985126468,101.74756069130311
2018/05/14,760.0,769.0,751.0,764.0,351200,102.45317017068294,103.15182877274962
2018/05/15,760.0,833.0,755.0,829.0,2121800,110.32098847057974,110.90614978283679
2018/05/16,822.0,833.0,806.0,819.0,555100,111.96938544583377,112.36029949940931
2018/05/17,822.0,830.0,809.0,815.0,439000,113.09407206209403,113.58430820545418
2018/05/18,823.0,826.0,811.0,814.0,264400,113.82131684227501,114.47118396581422
2018/05/21,817.0,837.0,812.0,828.0,377000,112.43572851716709,113.59558924879423
2018/05/22,824.0,834.0,804.0,806.0,297400,111.40853932248278,112.80973203364128
2018/05/23,803.0,817.0,790.0,792.0,356600,112.05551915191396,112.85945893938238
2018/05/24,790.0,790.0,756.0,757.0,446700,109.2276436860408,109.95365408856085
2018/05/25,750.0,760.0,737.0,739.0,310700,106.05902058193367,107.14014400069014
2018/05/28,741.0,749.0,734.0,738.0,185800,106.09709909517431,107.47822884475428
2018/05/29,741.0,741.0,720.0,728.0,285300,104.18197950101853,105.66348611296654
2018/05/30,718.0,719.0,702.0,710.0,438200,104.73455756396073,106.01547385742964
2018/05/31,714.0,723.0,712.0,717.0,347800,106.01201855158726,107.57232132110333
2018/06/01,716.0,739.0,711.0,736.0,345200,107.3405231387493,108.7126597625864
2018/06/04,742.0,749.0,727.0,744.0,388700,109.10061612376553,110.28508817723394
2018/06/05,740.0,740.0,717.0,724.0,359700,107.1420632971634,108.71157161396322
2018/06/06,719.0,736.0,718.0,730.0,196800,107.46447075961747,109.31239299651023
2018/06/07,740.0,747.0,734.0,746.0,219200,107.03176536614482,109.07659639159417
2018/06/08,741.0,762.0,741.0,752.0,336400,109.79387688968005,111.23975008832774
2018/06/11,762.0,775.0,757.0,774.0,257000,110.23232731152275,112.46440945096393
2018/06/12,777.0,777.0,751.0,751.0,206000,108.86537745656162,111.25173469729243
2018/06/13,750.0,759.0,746.0,753.0,131900,110.49527030823711,112.83959333029772
2018/06/14,750.0,757.0,740.0,740.0,148300,111.27622531259237,113.58232812020054
2018/06/15,747.0,750.0,732.0,732.0,175300,112.07607479100096,114.56710685177787
2018/06/18,732.0,732.0,701.0,706.0,303700,109.9779646808553,112.69297391866036
2018/06/19,702.0,719.0,681.0,689.0,455400,108.8104245813038,111.1224936524811
2018/06/20,691.0,698.0,665.0,696.0,474800,109.9874299444145,113.26280042865613
2018/06/21,693.0,699.0,682.0,688.0,243700,107.91216262822654,112.0144348540214
2018/06/22,683.0,702.0,678.0,699.0,509400,111.20773263022723,114.86161771707349
2018/06/25,701.0,719.0,698.0,699.0,383700,108.72995957819785,112.42404353725854
2018/06/26,685.0,703.0,679.0,699.0,345400,102.72233407873115,106.12899393581262
2018/06/27,705.0,705.0,682.0,686.0,225200,99.20692435311588,102.33806994137848
2018/06/28,683.0,690.0,676.0,690.0,235900,100.39781780616812,103.98648723887575
2018/06/29,680.0,688.0,672.0,687.0,294900,99.5239658676868,103.18906421253726
2018/07/02,686.0,701.0,678.0,679.0,395200,100.53657106746638,104.12332134492266
2018/07/03,680.0,683.0,660.0,665.0,322800,100.90497782901274,104.34900561180874
2018/07/04,655.0,663.0,649.0,651.0,273900,97.24978935564471,100.53489778262892
2018/07/05,648.0,653.0,633.0,635.0,296000,96.59580613591324,100.33052415592647
2018/07/06,640.0,653.0,637.0,651.0,240700,97.7757165136628,101.55785403466264
2018/07/09,655.0,663.0,645.0,662.0,233200,98.66205433395068,102.25107437951554
2018/07/10,672.0,686.0,665.0,678.0,248200,101.45843629445368,105.73063796847649
2018/07/11,678.0,683.0,662.0,665.0,223200,100.56055896919189,104.41385496342188
2018/07/12,664.0,667.0,654.0,665.0,196600,99.57282952906354,104.09450262984785
2018/07/13,666.0,669.0,656.0,662.0,244000,96.93938640685963,102.29923005853408
2018/07/17,666.0,667.0,653.0,664.0,276100,96.07347114023568,101.2480312009917
2018/07/18,670.0,675.0,662.0,673.0,213400,97.22323097868816,102.51544402081055
2018/07/19,673.0,685.0,669.0,681.0,171700,97.66946992117249,103.01832974936471
2018/07/20,674.0,677.0,661.0,667.0,301700,94.05276123658078,99.21119403262912
2018/07/23,662.0,675.0,653.0,673.0,297200,93.93466800812493,98.22572726029803
2018/07/24,676.0,693.0,668.0,690.0,302800,96.17524563653117,100.42982243719665
2018/07/25,699.0,719.0,698.0,719.0,358000,98.37608565668667,102.5661210708469
2018/07/26,718.0,728.0,715.0,720.0,413900,96.10768963968415,99.60164606836327
2018/07/27,720.0,736.0,717.0,734.0,297500,98.93177455731632,102.77941652425815
2018/07/30,735.0,748.0,733.0,744.0,387800,96.98360818721889,100.45379664110705
2018/07/31,747.0,753.0,726.0,737.0,502300,104.16050632608898,109.17770331125844
2018/08/01,745.0,746.0,712.0,743.0,685300,104.44203945422869,109.26167001232876
2018/08/02,740.0,760.0,731.0,754.0,658100,107.67723595772696,112.85767430224371
2018/08/03,750.0,755.0,730.0,731.0,289300,103.60070449159568,109.50108000780456
2018/08/06,716.0,738.0,716.0,731.0,310800,101.61960461922506,107.87885708976748
2018/08/07,731.0,745.0,729.0,741.0,172400,100.74057842121272,106.93492849301181
2018/08/08,741.0,748.0,738.0,740.0,151000,100.47461862229194,106.88705623734023
2018/08/09,745.0,755.0,738.0,754.0,236500,103.01829325341818,109.66258170781043
2018/08/10,744.0,744.0,725.0,728.0,367900,102.22083396119028,108.45328341549643
2018/08/13,720.0,734.0,719.0,728.0,338900,104.28162566840373,110.81496881496902
2018/08/14,740.0,742.0,727.0,731.0,181200,103.17803869106048,110.30711223245657
2018/08/15,726.0,731.0,722.0,725.0,231300,103.4012227944703,110.75056678133903
2018/08/16,710.0,718.0,696.0,696.0,437100,94.33979209187859,101.7040770457792
2018/08/17,704.0,714.0,703.0,713.0,140700,95.9011119080761,103.21944508514389
2018/08/20,712.0,713.0,702.0,703.0,162100,95.9599136644668,103.54971578317516
2018/08/21,700.0,709.0,692.0,704.0,231300,93.19407101703743,101.16834393066287
2018/08/22,700.0,732.0,695.0,731.0,213400,93.42511475659101,101.27673887315507
2018/08/23,730.0,730.0,706.0,709.0,241400,84.68680843421352,91.94150451535371
2018/08/24,710.0,716.0,708.0,714.0,124300,82.26460914788517,89.30729235688358
2018/08/27,718.0,739.0,716.0,737.0,237900,81.5459680921852,88.46739297960514
2018/08/28,741.0,764.0,741.0,748.0,332300,76.39620377822483,83.05332372127711
2018/08/29,750.0,768.0,748.0,768.0,235200,78.43010806252568,84.89791966695273
2018/08/30,777.0,779.0,760.0,763.0,241700,81.42381242532048,88.1483601840188
2018/08/31,749.0,758.0,738.0,746.0,338900,78.25277612734685,84.803480481653
2018/09/03,747.0,747.0,721.0,737.0,300000,79.64373962902626,86.41241674703308
2018/09/04,739.0,744.0,733.0,737.0,130000,81.96410019328995,88.84100321525719
2018/09/05,737.0,744.0,732.0,741.0,199500,84.13780301654403,91.64317463158503
2018/09/06,734.0,739.0,725.0,726.0,104300,80.90396469734308,88.57926513582831
2018/09/07,714.0,730.0,714.0,728.0,128600,82.55139252513459,90.38936807086174
2018/09/10,730.0,739.0,726.0,734.0,76200,83.38665148701186,91.18695409761798
2018/09/11,735.0,739.0,719.0,724.0,197200,78.96795014624057,86.69336515765977
2018/09/12,739.0,742.0,722.0,726.0,223300,80.0548737402731,88.18378470383772
2018/09/13,730.0,740.0,725.0,725.0,146700,78.65667936823974,86.49710602799954
2018/09/14,729.0,747.0,729.0,736.0,222000,78.13945495252234,85.93850983604422
2018/09/18,730.0,746.0,730.0,742.0,212300,78.62062119075742,85.9671138946849
2018/09/19,749.0,758.0,749.0,755.0,159200,75.4979103424895,82.19324179809378
2018/09/20,756.0,758.0,747.0,750.0,168700,78.8971169473459,85.69540528482213
2018/09/21,755.0,778.0,755.0,776.0,392400,81.86450068116714,88.83780730892053
2018/09/25,776.0,786.0,769.0,780.0,342100,77.29054248424046,83.5389445573075
2018/09/26,772.0,775.0,765.0,775.0,196300,74.51957784580216,80.74170906081314
2018/09/27,773.0,780.0,770.0,775.0,275100,78.20463473861581,85.09908081613023
2018/09/28,780.0,787.0,773.0,777.0,237800,78.25235066617986,85.4500476243477
2018/10/01,775.0,782.0,764.0,777.0,216200,75.66904395517673,82.7903674387164
2018/10/02,782.0,793.0,779.0,780.0,223500,77.3933621463964,84.14911707520784
2018/10/03,780.0,787.0,774.0,774.0,283800,79.48961008286878,86.82639253634568
2018/10/04,785.0,790.0,775.0,784.0,194400,82.5644461759781,89.63692934053248
2018/10/05,776.0,782.0,758.0,761.0,263000,79.19066494537607,85.67204708967786
2018/10/09,748.0,757.0,742.0,748.0,250700,76.37196332776708,82.85113155839845
2018/10/10,751.0,754.0,724.0,731.0,499100,76.1282390151008,82.43989864550078
2018/10/11,693.0,704.0,688.0,692.0,348200,77.61571861946828,83.59087761592814
2018/10/12,695.0,706.0,690.0,704.0,173300,79.93234352565327,86.05985734752323
2018/10/15,702.0,706.0,684.0,684.0,404500,80.0005414512637,86.01187466821705
2018/10/16,685.0,697.0,683.0,689.0,332000,79.11804484556447,85.37313954587263
2018/10/17,701.0,708.0,696.0,705.0,138000,82.0122883053332,88.23759164582471
2018/10/18,704.0,713.0,696.0,697.0,138600,80.65887593614892,86.47746372564337
2018/10/19,687.0,699.0,682.0,695.0,147500,77.31997592665968,83.00405305547055
2018/10/22,691.0,700.0,690.0,695.0,181600,75.08814692320357,80.5712982892229
2018/10/23,695.0,695.0,683.0,683.0,219100,74.68210489563293,80.23633435973652
2018/10/24,679.0,689.0,668.0,685.0,240600,73.40312202621968,79.19277754310525
2018/10/25,656.0,658.0,634.0,636.0,324500,70.81545032592237,75.90137305036512
2018/10/26,650.0,652.0,627.0,633.0,324200,69.6627965537645,74.40925046771807
2018/10/29,643.0,654.0,621.0,623.0,390300,69.27219134560931,74.15058739041469
2018/10/30,613.0,640.0,602.0,635.0,397600,70.34604365058593,75.1491497226707
2018/10/31,638.0,653.0,633.0,653.0,287400,73.15262216892157,77.63096420913597
2018/11/01,653.0,670.0,649.0,657.0,202000,74.78578418486009,79.10481824694963
2018/11/02,657.0,667.0,637.0,663.0,455000,74.6757405630787,79.61325729259603
2018/11/05,662.0,672.0,657.0,660.0,154700,75.5078506664766,80.14053568561943
2018/11/06,670.0,693.0,667.0,681.0,273800,78.10479987336628,82.41165360450637
2018/11/07,678.0,688.0,663.0,675.0,336600,78.42177647052297,83.14335725419384
2018/11/08,691.0,698.0,684.0,690.0,198800,80.10445627947259,84.94480827010226
2018/11/09,695.0,711.0,670.0,672.0,427900,71.73006875444824,75.72753237959738
2018/11/12,668.0,704.0,663.0,704.0,342600,80.30788104860946,85.2401379115151
2018/11/13,684.0,690.0,668.0,688.0,411500,82.95701838278706,87.77480966631099
2018/11/14,685.0,691.0,679.0,687.0,174800,85.73245920832746,90.34767103588473
2018/11/15,680.0,688.0,674.0,684.0,147900,85.82320541907869,89.99066486878954
2018/11/16,685.0,694.0,677.0,678.0,238700,86.15074380633172,90.27709588456581
2018/11/19,675.0,685.0,672.0,682.0,130800,86.97131774846025,91.603106050891
2018/11/20,672.0,680.0,668.0,670.0,143000,86.12250115959698,90.34029198745581
2018/11/21,660.0,662.0,645.0,652.0,232900,84.3990316912954,88.63275727663881
2018/11/22,648.0,659.0,634.0,636.0,193900,81.5972108002556,85.61449101315448
2018/11/26,626.0,639.0,623.0,634.0,218800,82.14588472805988,86.70102903932737
2018/11/27,639.0,644.0,629.0,632.0,178100,82.04930548083648,86.33300747283717
2018/11/28,637.0,644.0,631.0,644.0,156200,82.02520446840911,86.94959967587043
2018/11/29,654.0,657.0,645.0,646.0,114200,82.94546258504906,87.75126316188027
2018/11/30,645.0,654.0,642.0,651.0,98600,83.91794919007157,88.5599699959201
2018/12/03,661.0,678.0,657.0,671.0,134100,85.00445670598548,89.40307762467945
2018/12/04,671.0,674.0,649.0,651.0,167400,85.46312708892827,90.40432763494407
2018/12/05,632.0,648.0,632.0,636.0,135800,85.00364342763834,90.41400162256201
2018/12/06,631.0,633.0,616.0,620.0,163300,85.13536992577345,90.23837483495979
2018/12/07,622.0,626.0,606.0,614.0,147300,84.23372761051962,89.10640053910068
2018/12/10,616.0,618.0,600.0,603.0,144600,84.21909586235134,88.86083067115085
2018/12/11,603.0,604.0,573.0,575.0,306400,81.37634910393325,86.71699654827347
2018/12/12,577.0,605.0,577.0,601.0,190000,83.74889115809833,89.60294621469397
2018/12/13,605.0,617.0,604.0,617.0,117100,84.89930270973393,91.2807954001163
2018/12/14,612.0,612.0,596.0,602.0,130500,82.81462016961795,88.41145439249462
2018/12/17,598.0,608.0,590.0,591.0,136300,77.88749869210628,83.40715446215306
2018/12/18,574.0,587.0,571.0,573.0,195900,76.14210087525389,81.67589563009625
2018/12/19,571.0,575.0,562.0,566.0,233900,74.64830428418996,80.09539867967803
2018/12/20,556.0,563.0,532.0,537.0,287700,70.59032449010296,75.6288713622604
2018/12/21,535.0,537.0,510.0,519.0,281400,68.53822833582946,74.17255267324104
2018/12/25,490.0,497.0,482.0,490.0,383100,69.21872742198826,74.75520337140175
2018/12/26,495.0,516.0,495.0,513.0,235800,70.71330649575572,76.24966025329951
2018/12/27,540.0,550.0,535.0,546.0,304900,71.05481584685424,75.849563046688
2018/12/28,546.0,572.0,545.0,567.0,211500,73.36857600968855,78.47045687654409
2019/01/04,550.0,556.0,534.0,550.0,187600,73.5118847530025,77.50538520061116
2019/01/07,588.0,588.0,574.0,582.0,202700,77.4815449948123,81.3167652739883
2019/01/08,582.0,594.0,578.0,588.0,96100,77.64076196655127,81.83586128147975
2019/01/09,588.0,592.0,583.0,584.0,131900,76.67343917836527,81.15141699778091
2019/01/10,576.0,578.0,565.0,573.0,158400,74.36926226522651,78.45698423107362
2019/01/11,575.0,580.0,573.0,574.0,110400,73.04172615423967,77.11071348637448
2019/01/15,565.0,587.0,563.0,583.0,197700,74.81650832123495,78.83750877790544
2019/01/16,588.0,589.0,572.0,574.0,152500,75.641663045504,79.6593895140967
2019/01/17,586.0,599.0,582.0,586.0,157900,78.72416410881891,82.20309750466829
2019/01/18,589.0,594.0,585.0,590.0,133600,77.23878824302125,81.34263655565802
2019/01/21,604.0,604.0,591.0,594.0,147000,76.71769927357136,80.61295661557143
2019/01/22,594.0,594.0,576.0,578.0,153600,76.14071422737373,79.92117761060148
2019/01/23,569.0,580.0,566.0,576.0,179700,75.15333741930979,79.44758536020504
2019/01/24,572.0,584.0,568.0,583.0,88100,75.10588403854717,79.24419955746667
2019/01/25,581.0,595.0,581.0,587.0,141400,73.86811467988048,77.92325632185914
2019/01/28,592.0,599.0,582.0,583.0,226600,73.31278698540076,77.44905896733927
2019/01/29,584.0,588.0,574.0,583.0,110200,73.33966525107282,77.64668602856256
2019/01/30,587.0,592.0,578.0,579.0,187100,73.10016699024118,77.0521137732829
2019/01/31,583.0,595.0,583.0,593.0,186300,71.47488748116719,75.43812013722703
2019/02/01,591.0,593.0,576.0,577.0,169400,71.53986672634923,76.13229353386662
2019/02/04,581.0,602.0,581.0,602.0,186800,76.6516373863026,81.39315319099856
2019/02/05,604.0,617.0,600.0,611.0,147100,79.27998890380337,84.22596042359129
2019/02/06,609.0,612.0,602.0,605.0,96900,78.71457224371234,83.95964635163259
2019/02/07,603.0,605.0,589.0,593.0,120500,77.70997085361262,82.89761253372401
2019/02/08,583.0,586.0,571.0,572.0,132400,78.01847859073868,83.47002310432387
2019/02/12,600.0,621.0,599.0,604.0,456800,81.7838114657242,87.683014441459
2019/02/13,609.0,624.0,604.0,622.0,247200,85.24452704726123,91.28442423700727
2019/02/14,622.0,630.0,614.0,614.0,183600,82.03255564253732,87.3682505589049
2019/02/15,611.0,611.0,600.0,607.0,139600,81.81628496986464,86.7191637425629
2019/02/18,619.0,627.0,619.0,624.0,122700,79.58721246729306,84.7379239842957
2019/02/19,623.0,625.0,619.0,619.0,97400,77.50447562916142,82.6132105041784
2019/02/20,624.0,629.0,623.0,629.0,127000,79.70688304902231,84.88891759925052
2019/02/21,629.0,630.0,617.0,624.0,148300,79.78706899804938,85.26621029007156
2019/02/22,624.0,626.0,616.0,623.0,105500,76.78975121850883,82.20165632700149
2019/02/25,629.0,633.0,625.0,628.0,116400,76.93375517590059,81.86231850208615
2019/02/26,628.0,631.0,624.0,628.0,93300,77.57814075130818,82.27629316211674
2019/02/27,634.0,639.0,627.0,630.0,149200,78.08178816782619,83.22889294865787
2019/02/28,631.0,635.0,619.0,629.0,129400,78.59533799273812,83.74618996180635
2019/03/01,630.0,638.0,630.0,635.0,132300,78.81309507100704,84.98745866168692
2019/03/04,637.0,639.0,630.0,633.0,101900,82.1501616897906,88.71269568262488
2019/03/05,631.0,631.0,620.0,626.0,133800,81.09206351903683,87.19153779578704
2019/03/06,626.0,638.0,619.0,634.0,152700,83.63255087172398,89.65408371034614
2019/03/07,632.0,634.0,624.0,629.0,123100,84.53737772597732,90.6244782846165
2019/03/08,621.0,625.0,612.0,615.0,190500,83.73020266761034,89.45928620487908
2019/03/11,616.0,626.0,613.0,626.0,146200,83.12489664560853,88.5963064868671
2019/03/12,631.0,644.0,631.0,639.0,154200,84.7792634659447,90.51046998445909
2019/03/13,638.0,643.0,631.0,633.0,94700,84.19778130220321,90.12907625891567
2019/03/14,640.0,646.0,628.0,628.0,96200,83.97522639429059,90.00112392415336
2019/03/15,632.0,655.0,629.0,654.0,283800,85.82857016927456,92.03670330530566
2019/03/18,657.0,677.0,657.0,677.0,244600,91.17057857165887,97.64447750488398
2019/03/19,677.0,687.0,667.0,682.0,213400,81.558744270029,87.68647312871792
2019/03/20,681.0,695.0,681.0,691.0,228400,83.69195397927434,89.62022732293859
2019/03/22,695.0,706.0,687.0,704.0,248800,90.57220267783033,97.81680554381302
2019/03/25,680.0,686.0,668.0,679.0,225100,93.22744778401179,99.78138552424943
2019/03/26,690.0,702.0,688.0,702.0,241000,94.37315080979376,100.68068371225449
2019/03/27,698.0,702.0,687.0,698.0,124600,94.9733042112018,101.94486235672365
2019/03/28,686.0,690.0,681.0,684.0,159400,95.96587167347678,102.69913268833571
2019/03/29,682.0,688.0,648.0,664.0,269800,90.17191435844595,96.10813817633375
2019/04/01,670.0,682.0,670.0,677.0,175400,91.4685893855825,97.27622644773933
2019/04/02,677.0,690.0,676.0,677.0,182500,90.33611902991896,96.45436051715073
2019/04/03,679.0,700.0,679.0,698.0,234700,93.24425523624063,99.90585494080352
2019/04/04,699.0,713.0,699.0,705.0,286200,97.69390245023176,104.38130161249941
2019/04/05,707.0,714.0,705.0,714.0,133600,101.74968411377935,108.8019406693697
2019/04/08,713.0,717.0,697.0,697.0,140100,99.18987379830378,106.070053910685
2019/04/09,693.0,697.0,683.0,689.0,105300,97.41706556250953,104.26779427059307
2019/04/10,680.0,690.0,671.0,688.0,158500,93.60341361591044,100.45499010223244
2019/04/11,684.0,688.0,673.0,675.0,111300,92.5015545349445,99.18382385734206
2019/04/12,671.0,674.0,666.0,666.0,81100,88.19200890788463,95.4022328895298
2019/04/15,686.0,688.0,678.0,687.0,107500,91.19442959010753,98.7465337845824
2019/04/16,681.0,682.0,673.0,673.0,127800,88.45869029764519,95.69982898458458
2019/04/17,677.0,683.0,672.0,673.0,156000,88.19260108583131,95.13946153003623
2019/04/18,679.0,679.0,668.0,670.0,117100,86.5122339679481,93.32832322543638
2019/04/19,671.0,677.0,668.0,675.0,51900,86.83439358955155,94.20397337553473
2019/04/22,677.0,679.0,669.0,673.0,70100,85.12295481165745,92.61507297250635
2019/04/23,674.0,677.0,667.0,670.0,72700,88.6975162689973,96.63944698942267
2019/04/24,674.0,674.0,656.0,657.0,95200,87.54372692266153,95.93185823263231
2019/04/25,649.0,653.0,639.0,648.0,116100,85.53422856437108,93.49993450430036
2019/04/26,645.0,649.0,635.0,647.0,98800,86.0446803703713,93.63676746080849
2019/05/07,650.0,651.0,631.0,632.0,149600,87.56586525785679,94.88518352510008
2019/05/08,619.0,627.0,614.0,623.0,110100,88.28588877183223,95.96656595990517
2019/05/09,637.0,638.0,616.0,616.0,169100,87.38433581048956,95.29516021353881
2019/05/10,614.0,626.0,603.0,611.0,171100,86.74610722557293,94.25120049646686
2019/05/13,603.0,607.0,593.0,593.0,137900,83.75132470767727,90.95315108751684
2019/05/14,585.0,646.0,570.0,645.0,502200,84.27052583848538,91.49887588858462
2019/05/15,640.0,687.0,640.0,681.0,364800,89.14913685332263,96.94617247963767
2019/05/16,678.0,680.0,661.0,672.0,132300,89.40400075177396,96.97721556463924
2019/05/17,680.0,685.0,667.0,683.0,117700,90.5412316779515,97.99679408011403
2019/05/20,687.0,696.0,674.0,681.0,86800,88.81257956887573,95.9370037957123
2019/05/21,672.0,681.0,665.0,674.0,75300,90.25799005968558,97.60779351278995
2019/05/22,681.0,685.0,664.0,665.0,90400,89.51289187167013,97.6002604674487
2019/05/23,655.0,666.0,651.0,661.0,122100,92.62682580560093,100.64186826101096
2019/05/24,653.0,670.0,650.0,670.0,108400,96.38850568911305,104.22183880810864
2019/05/27,670.0,678.0,664.0,671.0,89800,96.49496819881406,104.0524119591552
2019/05/28,668.0,674.0,658.0,663.0,93600,95.77614073633971,103.45276012648145
2019/05/29,655.0,672.0,650.0,669.0,96300,98.7795196675582,106.47383222146449
2019/05/30,659.0,677.0,659.0,672.0,96500,99.35953456782923,106.90592604719001
2019/05/31,669.0,683.0,667.0,676.0,159900,98.8481878431801,106.23526195977048
2019/06/03,661.0,661.0,644.0,646.0,130800,95.6127296624596,102.79974581659789
2019/06/04,646.0,672.0,646.0,670.0,131200,102.20434234098957,109.5713720098849
2019/06/05,679.0,707.0,675.0,707.0,252200,105.47150107212883,112.51592986811319
2019/06/06,704.0,711.0,687.0,687.0,103900,101.17532865041083,108.04047012452374
2019/06/07,684.0,701.0,684.0,694.0,113900,100.28449679113194,107.28611529229906
2019/06/10,702.0,709.0,697.0,708.0,101600,98.6992283552817,105.2502864534117
2019/06/11,710.0,722.0,704.0,719.0,182000,103.29757415730832,109.93442743299302
2019/06/12,725.0,741.0,721.0,723.0,215100,104.36193560954175,111.22248533372276
2019/06/13,722.0,735.0,719.0,729.0,128900,106.50724436637076,114.00406851872953
2019/06/14,731.0,742.0,729.0,730.0,183600,107.9198382176077,115.35141769098985
2019/06/17,745.0,747.0,734.0,738.0,181300,112.23411108721027,120.26195622372677
2019/06/18,747.0,754.0,715.0,717.0,262300,110.54292166375603,118.71695519340386
2019/06/19,732.0,758.0,728.0,755.0,238100,114.68831671739896,122.25085155410433
2019/06/20,759.0,761.0,748.0,748.0,120800,114.95245361543832,122.01430995129402
2019/06/21,755.0,758.0,747.0,747.0,198200,113.19186027815935,120.61884031053214
2019/06/24,746.0,749.0,734.0,736.0,125900,110.4978906646181,117.57479311798453
2019/06/25,736.0,750.0,736.0,744.0,99500,112.20411139034229,119.37312678916699
2019/06/26,738.0,752.0,735.0,736.0,86100,113.3188289396812,121.07153431389644
2019/06/27,742.0,758.0,742.0,758.0,182100,114.65441072249259,122.14213249784483
2019/06/28,758.0,759.0,748.0,754.0,91500,115.05856334002983,122.4709482112784
2019/07/01,763.0,770.0,757.0,769.0,150400,113.68195511667992,121.14692678925113
2019/07/02,776.0,787.0,774.0,787.0,203500,118.51597725049147,126.01008887639526
2019/07/03,792.0,792.0,778.0,781.0,217400,120.40661543453919,128.60578398186954
2019/07/04,781.0,785.0,775.0,779.0,117000,121.79839857334571,129.34586204816335
2019/07/05,776.0,780.0,769.0,772.0,88400,118.81451409221539,125.95555513887678
2019/07/08,768.0,775.0,765.0,768.0,126200,118.80179209501141,125.81622293714415
2019/07/09,768.0,776.0,765.0,769.0,145700,116.74446316775018,123.59377686367816
2019/07/10,763.0,775.0,756.0,770.0,132600,117.93351806728766,125.41034892554308
2019/07/11,770.0,793.0,769.0,792.0,168200,122.09357660094841,128.98464591382864
2019/07/12,799.0,813.0,791.0,797.0,285900,125.45280998921004,132.13637145345805
2019/07/16,794.0,815.0,788.0,801.0,164900,127.14224185256353,134.1903672289527
2019/07/17,796.0,810.0,795.0,808.0,128000,127.469124623329,134.13802630062568
2019/07/18,800.0,801.0,769.0,770.0,216900,122.30117924301065,128.93716227954096
2019/07/19,777.0,798.0,776.0,796.0,151400,126.18315309957833,133.15333432800216
2019/07/22,796.0,804.0,788.0,791.0,92400,122.91268252410488,131.30256873394245
2019/07/23,791.0,807.0,789.0,801.0,127800,120.86340209295263,129.26126698382552
2019/07/24,809.0,810.0,782.0,791.0,200100,114.59840170228838,122.47375563350606
2019/07/25,795.0,805.0,791.0,802.0,150500,115.6399499358942,124.65587490713479
2019/07/26,792.0,794.0,781.0,781.0,200500,111.58436270515335,120.2317948863061
2019/07/29,782.0,783.0,773.0,779.0,133700,109.19940578872746,118.02655281322278
2019/07/30,770.0,783.0,770.0,779.0,81200,109.81006131212013,117.62056635670571
2019/07/31,771.0,777.0,769.0,769.0,79700,109.39129990594856,117.030405615098
2019/08/01,771.0,797.0,770.0,788.0,260800,109.22285314035722,116.82755675983891
2019/08/02,770.0,771.0,747.0,752.0,353700,109.88809395980508,116.90167580220543
2019/08/05,737.0,739.0,706.0,711.0,198400,105.65259777330705,111.92712801113755
2019/08/06,686.0,712.0,676.0,710.0,288500,105.48607802040092,111.59084155327494
2019/08/07,700.0,705.0,689.0,697.0,184600,103.95744699153484,109.56032632874202
2019/08/08,694.0,709.0,694.0,700.0,148900,101.87724515818215,107.79851043590097
2019/08/09,703.0,709.0,703.0,703.0,78300,104.09734883247346,110.45646953323298
2019/08/13,688.0,691.0,679.0,681.0,156400,101.81612500708421,107.22145315890612
2019/08/14,691.0,711.0,689.0,707.0,180300,104.8308232085351,110.42827701187773
2019/08/15,692.0,705.0,689.0,700.0,201000,109.37941432774801,114.35429890944617
2019/08/16,694.0,703.0,690.0,694.0,111800,106.16152294572554,111.24388353115289
2019/08/19,704.0,704.0,686.0,689.0,79900,105.8053074113784,110.98294369216366
2019/08/20,693.0,697.0,687.0,696.0,88900,106.23881289739046,110.58539126741304
2019/08/21,686.0,701.0,684.0,690.0,95600,102.37513721701046,107.05187848490611
2019/08/22,692.0,695.0,680.0,682.0,91100,104.50535710817286,109.04427836682913
2019/08/23,678.0,688.0,678.0,685.0,125900,104.69733555104712,109.15484849290047
2019/08/26,661.0,668.0,655.0,661.0,213600,100.92534143946159,104.91393018271025
2019/08/27,669.0,674.0,656.0,660.0,181600,98.40366459723047,102.56555548667244
2019/08/28,661.0,663.0,650.0,651.0,64800,94.57023921759023,98.94204800885703
2019/08/29,647.0,655.0,639.0,648.0,151700,94.92525401922238,99.11723900087893
2019/08/30,661.0,691.0,661.0,691.0,174500,102.2942575329004,106.31994008126406
2019/09/02,688.0,718.0,685.0,712.0,182000,106.38658563410878,110.41348675347686
2019/09/03,713.0,724.0,701.0,719.0,148800,107.35706265072467,110.95353053448906
2019/09/04,713.0,716.0,703.0,704.0,107800,103.89445842654723,107.50041773909203
2019/09/05,706.0,722.0,704.0,719.0,145700,105.62068436233523,109.23008727794665
2019/09/06,717.0,723.0,704.0,704.0,134000,101.75518851364642,105.96469303905398
2019/09/09,705.0,712.0,698.0,712.0,86600,101.80166691987938,105.53910966493065
2019/09/10,721.0,741.0,720.0,739.0,235100,108.14395177018554,111.30420680506381
2019/09/11,748.0,764.0,744.0,763.0,198700,109.99583094965601,112.2410586433514
2019/09/12,770.0,770.0,755.0,755.0,126800,109.21910127414345,111.64061490037382
2019/09/13,761.0,761.0,745.0,754.0,287200,107.60038774690082,110.00178822162543
2019/09/17,755.0,766.0,746.0,758.0,93500,108.7460439705155,111.349632404632
2019/09/18,758.0,758.0,734.0,738.0,85200,105.36770610267583,108.64131444228991
2019/09/19,738.0,757.0,738.0,749.0,95900,107.25313367612554,110.49456775146584
2019/09/20,756.0,757.0,745.0,748.0,52700,104.21010950170214,107.59152440218054
2019/09/24,749.0,758.0,737.0,739.0,80100,102.63824579909505,106.3899513797848
2019/09/25,738.0,747.0,726.0,739.0,99500,104.07459390750098,107.22004409180914
2019/09/26,757.0,764.0,738.0,743.0,152100,103.47385972319,106.31520803189585
2019/09/27,740.0,740.0,715.0,728.0,127500,103.29109962747867,106.1336231041703
2019/09/30,723.0,729.0,703.0,707.0,106800,101.40475981298486,104.18061593524514
2019/10/01,710.0,733.0,709.0,723.0,148400,102.79529842592892,105.4732064878356
2019/10/02,715.0,732.0,710.0,728.0,99800,104.12973504226784,106.220737319155
2019/10/03,707.0,717.0,707.0,713.0,105300,102.16766999737568,104.41094724618505
2019/10/04,714.0,722.0,708.0,713.0,111200,104.07919685473959,106.78229880626793
2019/10/07,711.0,713.0,694.0,697.0,124300,102.31087036727888,104.3423071920927
2019/10/08,705.0,718.0,703.0,704.0,82400,102.32102442705448,104.47681726330632
2019/10/09,698.0,708.0,697.0,704.0,83100,105.50627763050981,107.39777380257279
2019/10/10,708.0,713.0,698.0,699.0,71300,105.8806673916532,108.70454065465292
2019/10/11,709.0,710.0,695.0,701.0,58400,103.66569368566509,106.26384508436024
2019/10/15,714.0,727.0,714.0,719.0,82800,105.96137323616868,108.71521443087282
2019/10/16,730.0,738.0,720.0,720.0,115000,103.80093586679308,107.28314991320525
2019/10/17,722.0,722.0,707.0,713.0,61400,103.23549999093176,107.36447787617904
2019/10/18,717.0,724.0,714.0,717.0,53100,103.3461806145009,107.67246522512704
2019/10/21,720.0,728.0,720.0,727.0,46000,104.91011933744244,108.88907275260478
2019/10/23,730.0,733.0,722.0,730.0,68800,104.05317126810615,107.47556045181746
2019/10/24,735.0,737.0,727.0,728.0,68300,107.00965575474228,111.48354500355966
2019/10/25,731.0,736.0,729.0,735.0,51000,107.8878825195833,112.42065024050913
2019/10/28,741.0,747.0,726.0,730.0,124700,108.37441313686045,112.99031758308415
2019/10/29,740.0,746.0,735.0,746.0,140400,109.7238148909917,113.86125312535
2019/10/30,748.0,756.0,737.0,737.0,148900,108.30501053361019,111.52362307181993
2019/10/31,737.0,737.0,723.0,730.0,50700,105.10466631928439,108.78092446289406
2019/11/01,726.0,730.0,719.0,725.0,40300,106.4461326035985,108.84355403866195
2019/11/05,747.0,765.0,742.0,762.0,178800,106.5803996847235,109.59517525767191
2019/11/06,766.0,767.0,755.0,765.0,69100,107.40974369581168,110.5228245153295
2019/11/07,763.0,773.0,761.0,768.0,65900,107.28065303936636,110.19794408120038
2019/11/08,777.0,779.0,766.0,769.0,100200,108.8496457697848,112.43248920456499
2019/11/11,777.0,780.0,771.0,774.0,94700,104.93906463909784,107.87339591492469
2019/11/12,782.0,823.0,770.0,816.0,470900,109.9841843723309,113.66391800620848
2019/11/13,806.0,809.0,785.0,792.0,154500,108.00000883104686,111.27884576836699
2019/11/14,794.0,797.0,766.0,766.0,113700,105.51369406546162,108.96786437914629
2019/11/15,771.0,803.0,771.0,801.0,162400,109.91351887434364,113.4505221080899
2019/11/18,798.0,799.0,788.0,792.0,59100,108.21608939701261,111.8197378264083
2019/11/19,787.0,790.0,780.0,788.0,27500,108.97998385308314,112.6862865541806
2019/11/20,780.0,785.0,770.0,774.0,72500,110.2960441783877,113.4314021723053
2019/11/21,769.0,769.0,750.0,764.0,85100,112.86758283184066,115.82953546800063
2019/11/22,767.0,779.0,757.0,762.0,116300,113.42456908263607,115.986693245559
2019/11/25,768.0,774.0,765.0,766.0,58400,113.1392034045811,115.79996766439284
2019/11/26,772.0,776.0,760.0,764.0,55100,113.53712239728387,116.52394054845863
2019/11/27,775.0,783.0,770.0,783.0,91600,115.04368776503979,117.51063772322112
2019/11/28,787.0,789.0,779.0,780.0,46600,114.82924490045502,117.30819919935958
2019/11/29,779.0,783.0,775.0,775.0,38800,114.22901849412438,116.81218363439898
2019/12/02,779.0,791.0,779.0,783.0,50200,111.95659594517939,114.96000961524749
2019/12/03,775.0,799.0,769.0,797.0,131500,115.39051309182562,118.30029744989918
2019/12/04,782.0,796.0,777.0,795.0,92300,118.43047378392176,120.39268583371987
2019/12/05,802.0,816.0,798.0,798.0,178000,118.77493066308094,121.12807945005156
2019/12/06,804.0,807.0,794.0,797.0,81700,120.49085073604833,122.76567660869135
2019/12/09,807.0,807.0,791.0,799.0,80900,119.99947610228377,122.32744095888819
2019/12/10,805.0,805.0,793.0,800.0,74700,125.68600329135732,127.3694713514247
2019/12/11,802.0,802.0,786.0,789.0,60400,121.24024768301409,122.98765883794096
2019/12/12,790.0,794.0,782.0,782.0,54500,118.03870040609247,119.62538118386541
2019/12/13,808.0,810.0,793.0,793.0,189100,117.20612729461601,120.53665870600936
2019/12/16,793.0,793.0,783.0,785.0,41400,119.26457328948743,121.91514702961071
2019/12/17,798.0,798.0,785.0,794.0,63000,121.57944145438364,123.92132972466736
2019/12/18,794.0,794.0,782.0,787.0,51800,121.92832623961742,124.46866884621568
2019/12/19,783.0,784.0,769.0,776.0,100400,123.4812170423274,126.2820376473198
2019/12/20,777.0,781.0,771.0,775.0,44900,126.43807918683953,128.22615570108894
2019/12/23,771.0,772.0,763.0,763.0,61900,125.21760620846646,127.4539193156414
2019/12/24,762.0,769.0,760.0,760.0,30600,124.67570522190104,127.04094031868077
2019/12/25,759.0,760.0,750.0,752.0,36200,119.12475169863002,121.8978039867037
2019/12/26,754.0,773.0,754.0,772.0,84100,118.65509562120471,122.64231801778041
2019/12/27,778.0,778.0,768.0,773.0,49400,114.46753341267575,117.5248011866253
2019/12/30,767.0,771.0,760.0,765.0,48300,115.01604202121824,118.87401927440038
2020/01/06,750.0,751.0,739.0,750.0,113600,111.28451086735119,114.82462918415702
2020/01/07,760.0,778.0,756.0,776.0,114500,113.09870961328328,116.16558486818953
2020/01/08,766.0,767.0,750.0,760.0,64700,114.55908302422667,117.41776715710346
2020/01/09,770.0,774.0,766.0,769.0,36900,113.98973985892246,118.13583940540153
2020/01/10,775.0,775.0,765.0,767.0,48900,114.06596614271798,117.80364489376629
2020/01/14,775.0,775.0,759.0,765.0,44500,112.26645759376468,116.3050244578111
2020/01/15,760.0,765.0,757.0,761.0,27300,113.3216801740352,117.77470560323341
2020/01/16,764.0,765.0,754.0,758.0,53900,110.26827494123708,115.46999520014174
2020/01/17,760.0,764.0,757.0,758.0,56600,110.43783006550716,115.30834558050829
2020/01/20,759.0,765.0,756.0,757.0,34800,109.63907416556977,114.4504405968378
2020/01/21,759.0,764.0,752.0,755.0,34100,112.87964324635114,117.18087504000982
2020/01/22,754.0,775.0,752.0,770.0,82300,114.55785590720265,118.57363261976542
2020/01/23,772.0,774.0,760.0,760.0,46400,112.71541949698198,116.95883015002266
2020/01/24,761.0,761.0,750.0,750.0,61700,111.39390921309271,115.63414837092569
2020/01/27,736.0,736.0,727.0,730.0,101700,110.76107730195316,114.398975754855
2020/01/28,720.0,722.0,706.0,715.0,110300,109.16498532715286,112.8441321321107
2020/01/29,711.0,726.0,711.0,717.0,60100,108.88229046774767,112.96633381627976
2020/01/30,710.0,710.0,679.0,687.0,166300,104.7379354428269,108.43054727275177
2020/01/31,690.0,694.0,681.0,693.0,161200,107.59530864801556,111.56129029629444
2020/02/03,663.0,680.0,663.0,673.0,161000,101.63184300793799,105.68988171028657
2020/02/04,672.0,683.0,671.0,681.0,86600,100.64082227478464,104.74900731790389
2020/02/05,689.0,695.0,682.0,685.0,112000,101.34953781714484,105.25947202289738
2020/02/06,700.0,719.0,699.0,714.0,103100,104.65757745002229,108.76269189821177
2020/02/07,714.0,714.0,702.0,703.0,63400,104.87625262401599,109.22644215276453
2020/02/10,692.0,700.0,690.0,690.0,47000,100.62890320525999,104.47031035758127
2020/02/12,690.0,696.0,679.0,680.0,58300,96.87753373985966,101.08272576446909
2020/02/13,679.0,688.0,669.0,685.0,74900,98.97797294620378,103.5356179611799
2020/02/14,680.0,687.0,675.0,685.0,48200,99.57272213566013,104.52783032471137
2020/02/17,672.0,673.0,664.0,668.0,55900,96.85100041163894,101.6085555465923
2020/02/18,663.0,666.0,651.0,665.0,79600,98.67172492799328,103.61383298310469
2020/02/19,669.0,674.0,660.0,661.0,50600,96.24414772476702,101.41724332924562
2020/02/20,671.0,675.0,657.0,661.0,60300,96.83889223428308,102.07182382835444
2020/02/21,661.0,668.0,657.0,663.0,45300,97.4960369463509,102.32138398430554
2020/02/25,633.0,648.0,631.0,634.0,110200,95.79264644041848,100.88928573986955
2020/02/26,622.0,642.0,616.0,639.0,73700,97.49520601964562,102.32844948809038
2020/02/27,633.0,633.0,614.0,616.0,102100,95.42080323055808,100.40644635629366
2020/02/28,590.0,604.0,580.0,586.0,143800,94.29006521155767,98.6876696010105
2020/03/02,569.0,615.0,569.0,602.0,128300,97.23232904836507,101.44257380693429
2020/03/03,619.0,628.0,594.0,596.0,149100,98.11388028421113,102.42579450215703
2020/03/04,583.0,600.0,581.0,591.0,54300,95.41225062553154,100.21286814300052
2020/03/05,605.0,605.0,584.0,589.0,88800,94.19778150123432,98.95069821937722
2020/03/06,576.0,578.0,565.0,569.0,130400,93.75012464152555,98.86959901227476
2020/03/09,548.0,552.0,523.0,529.0,134600,90.62353891567203,96.21464739047111
2020/03/10,513.0,561.0,500.0,553.0,161000,93.67039437881299,98.77200282862283
2020/03/11,548.0,555.0,524.0,525.0,134800,90.94420799338968,95.33016661310725
2020/03/12,506.0,519.0,491.0,495.0,198800,90.40472082632094,94.2793385615961
2020/03/13,455.0,494.0,445.0,478.0,206000,89.94377383807884,92.83832865661822
2020/03/16,494.0,498.0,471.0,474.0,127800,88.88544114127637,91.38379066109515
2020/03/17,464.0,521.0,450.0,517.0,182000,96.10578066568648,96.2315111084665
2020/03/18,523.0,544.0,501.0,501.0,194900,93.6669474508623,92.10373908142667
2020/03/19,510.0,535.0,495.0,533.0,172800,98.92029500118967,95.40980161235008
2020/03/23,543.0,549.0,524.0,543.0,173400,99.3351948880064,97.6357282534017
2020/03/24,556.0,556.0,534.0,555.0,110800,93.63763416180599,95.95233653068757
2020/03/25,575.0,580.0,558.0,580.0,134200,90.8829846627561,93.87756505841854
2020/03/26,564.0,569.0,545.0,565.0,162700,93.0873299067634,93.43617798151925
2020/03/27,594.0,599.0,573.0,599.0,196400,98.66169374334733,98.37901372875999
2020/03/30,585.0,591.0,557.0,590.0,128400,98.21836190462015,98.09307215650234
2020/03/31,594.0,612.0,573.0,578.0,121400,97.05823370331818,98.07326374483247
2020/04/01,570.0,592.0,553.0,559.0,110700,96.25706059497004,96.13124845554944
2020/04/02,549.0,561.0,539.0,540.0,71400,93.38710768249636,93.309072443331
2020/04/03,541.0,556.0,525.0,529.0,95300,90.66736852376773,90.89766701395054
2020/04/06,529.0,559.0,517.0,556.0,101600,93.44899141823959,93.9034283068853
2020/04/07,565.0,569.0,539.0,562.0,89700,93.84515199836471,94.09724038400903
2020/04/08,564.0,583.0,554.0,570.0,155900,92.84181648113423,93.43778657418726
2020/04/09,580.0,581.0,557.0,573.0,137300,95.2691427864823,96.24391154270191
2020/04/10,583.0,592.0,565.0,589.0,85000,99.1972805176896,99.28328513123323
2020/04/13,584.0,584.0,556.0,556.0,106600,94.21538412243017,93.71222751632874
2020/04/14,564.0,564.0,548.0,558.0,103600,93.81676741786971,94.07230704198547
2020/04/15,558.0,558.0,541.0,543.0,74300,91.94150724913132,91.745159360078
2020/04/16,535.0,562.0,535.0,561.0,49800,95.88471974865601,95.07791052331994
2020/04/17,566.0,571.0,549.0,554.0,115600,91.57494076701647,91.99608509475831
2020/04/20,549.0,557.0,548.0,552.0,38100,92.64928909586014,92.68331772616158
2020/04/21,546.0,558.0,543.0,549.0,74100,94.60041244692954,93.92441945960263
2020/04/22,539.0,547.0,532.0,534.0,52600,94.28301158921603,93.130335129114
2020/04/23,538.0,545.0,535.0,545.0,62000,96.56364974435132,95.56483918618511
2020/04/24,543.0,548.0,534.0,548.0,55700,97.87579006932306,96.41693138054494
2020/04/27,550.0,559.0,550.0,559.0,71000,98.01939008047455,97.774976986034
2020/04/28,560.0,570.0,553.0,570.0,78800,100.00902988872029,99.56827594700847
2020/04/30,593.0,593.0,575.0,578.0,130800,99.290871353842,99.93953744981864
2020/05/01,578.0,579.0,562.0,562.0,91000,99.36853093205283,99.39791034791494
2020/05/07,563.0,563.0,548.0,550.0,64900,97.12461514344065,97.0444653157919
2020/05/08,559.0,572.0,557.0,568.0,67700,98.33317898576053,98.77234472178435
2020/05/11,577.0,594.0,574.0,590.0,99600,103.40063955710954,103.56089604047416
2020/05/12,591.0,591.0,575.0,578.0,64600,92.6956993538768,93.14781848395627
2020/05/13,566.0,569.0,561.0,563.0,50900,86.43152714539168,86.56653481785543
2020/05/14,557.0,562.0,542.0,543.0,61400,85.4623555433991,85.8867866648232
2020/05/15,553.0,558.0,539.0,542.0,93400,84.15820646694829,84.84060491543113
2020/05/18,544.0,548.0,540.0,546.0,51200,84.82740201694224,85.43030837849662
2020/05/19,563.0,567.0,558.0,561.0,69100,86.65203706498814,86.83309676130445
2020/05/20,552.0,580.0,552.0,577.0,98400,89.66637312723034,89.75765890450202
2020/05/21,580.0,585.0,575.0,581.0,53700,90.45817275391485,90.80716579590077
2020/05/22,578.0,579.0,563.0,563.0,44700,87.03467329941112,87.6354352880343
2020/05/25,566.0,576.0,562.0,576.0,40300,87.6668732042112,88.40208727150522
2020/05/26,586.0,587.0,582.0,586.0,62500,88.34029174226188,89.32254791840762
2020/05/27,589.0,613.0,586.0,613.0,147100,89.85029048052667,90.85698265137061
2020/05/28,626.0,626.0,610.0,623.0,90400,88.58913987269437,90.04229430560318
2020/05/29,619.0,622.0,607.0,610.0,64600,84.97085968079064,87.27105853196282
2020/06/01,611.0,613.0,596.0,610.0,45300,87.35876565932973,90.22639843104363
2020/06/02,612.0,628.0,610.0,623.0,96300,85.00057176154972,87.79665645620535
2020/06/03,633.0,636.0,622.0,628.0,66900,81.60776392572674,84.99319923666161
2020/06/04,638.0,638.0,618.0,627.0,75600,83.53864365050634,86.77595287103564
2020/06/05,621.0,630.0,619.0,622.0,68000,81.86764176538638,85.17377317156736
2020/06/08,626.0,630.0,620.0,629.0,54100,81.00836918992098,84.60434481403384
2020/06/09,632.0,632.0,611.0,620.0,64100,79.18501876919015,82.67717473583537
2020/06/10,622.0,622.0,612.0,618.0,54500,78.10217304136995,81.76864809656038
2020/06/11,611.0,615.0,593.0,594.0,72000,76.25708101525451,79.04973422431833
2020/06/12,565.0,587.0,565.0,577.0,95200,74.82924050041801,77.83485714764144
2020/06/15,578.0,583.0,564.0,564.0,54900,74.97832058245083,76.87008387349599
2020/06/16,579.0,598.0,574.0,597.0,55800,77.32915871631828,79.87860607710088
2020/06/17,599.0,599.0,581.0,584.0,48500,73.48653695470992,75.80016222785012
2020/06/18,589.0,589.0,561.0,575.0,95000,73.80235648661437,75.74559812169949
2020/06/19,573.0,587.0,563.0,585.0,123900,74.06240518337735,76.48752706047846
2020/06/22,576.0,585.0,574.0,578.0,54900,74.50301767414517,76.97348459087755
2020/06/23,582.0,584.0,570.0,582.0,58000,73.52428945043195,76.07441687563802
2020/06/24,581.0,581.0,569.0,569.0,52500,72.34297235766152,75.05187715775148
2020/06/25,561.0,563.0,554.0,557.0,62900,70.44044606617189,73.07917265086225
2020/06/26,564.0,570.0,561.0,569.0,68900,71.32037955558432,74.20930105107806
2020/06/29,570.0,570.0,555.0,559.0,66800,71.81577288057416,74.36362245733669
2020/06/30,563.0,575.0,563.0,567.0,53100,70.32002458401163,73.4817866486607
2020/07/01,567.0,567.0,557.0,557.0,42600,69.75982809419631,73.21604054197253
2020/07/02,561.0,561.0,526.0,530.0,166200,66.67340961456064,70.10953245156783
2020/07/03,535.0,537.0,520.0,530.0,55500,66.92902504336057,70.43293335850919
2020/07/06,532.0,542.0,531.0,541.0,59800,66.78297753314286,70.49853903137523
2020/07/07,542.0,542.0,530.0,532.0,42700,65.9700991701677,69.32072584853894
2020/07/08,534.0,539.0,529.0,529.0,48000,65.92990405209052,69.32291612370975
2020/07/09,534.0,536.0,527.0,532.0,63700,64.53079860739409,68.09437715367443
2020/07/10,535.0,535.0,513.0,513.0,107000,62.61965122865737,66.0899940370449
2020/07/13,523.0,541.0,515.0,537.0,104900,63.36473315198917,66.85878738848056
2020/07/14,537.0,538.0,529.0,533.0,47500,63.44331488609134,66.69445035701347
2020/07/15,543.0,549.0,535.0,542.0,53400,62.76331259327142,66.14656169959838
2020/07/16,545.0,547.0,535.0,539.0,42500,64.69975880925911,68.01445163578339
2020/07/17,543.0,543.0,525.0,529.0,47100,62.857397918541025,66.03967194360465
2020/07/20,532.0,538.0,526.0,538.0,40400,64.12096002964948,67.12413281657736
2020/07/21,538.0,538.0,525.0,537.0,40100,63.34014040527352,66.45157956057713
2020/07/22,533.0,541.0,530.0,532.0,40900,64.17623511331159,67.34771172640646
2020/07/27,530.0,549.0,522.0,549.0,66300,67.065211570971,70.11201974439057
2020/07/28,548.0,555.0,537.0,539.0,48000,66.29604783939612,69.47612836603963
2020/07/29,540.0,542.0,531.0,531.0,25300,66.35128545654797,69.76839617500087
2020/07/30,533.0,533.0,521.0,527.0,43000,64.48843791636124,68.08934490903144
2020/07/31,524.0,524.0,499.0,500.0,79100,64.581842860923,68.15152908021392
2020/08/03,474.0,483.0,460.0,463.0,170300,60.79174851759145,64.4027661483354
2020/08/04,473.0,497.0,473.0,497.0,87300,63.834207656180006,67.4781708524622
2020/08/05,493.0,506.0,487.0,505.0,53900,66.02282251405778,69.90048668420343
2020/08/06,505.0,512.0,494.0,495.0,39400,64.9582608606993,68.3773398124834
2020/08/07,497.0,503.0,492.0,502.0,46100,66.1473700834356,69.42768869673891
2020/08/11,508.0,524.0,502.0,523.0,86700,69.052184157817,71.98594520811442
2020/08/12,524.0,537.0,524.0,531.0,61500,67.90967451616334,70.14603901150677
2020/08/13,540.0,541.0,529.0,537.0,57800,67.33037088732732,70.08742595027732
2020/08/14,536.0,544.0,535.0,537.0,77200,67.84028896044147,70.79553713721369
2020/08/17,537.0,554.0,534.0,544.0,70400,70.29406505351075,73.29070082008833
2020/08/18,551.0,557.0,543.0,548.0,73700,70.62723258544715,73.64837725781267
2020/08/19,548.0,548.0,537.0,539.0,23800,69.69262251583046,72.4900722845991
2020/08/20,536.0,536.0,524.0,525.0,43200,69.40079950256481,72.11097300849865
2020/08/21,526.0,529.0,521.0,525.0,35900,69.25443900159135,71.77783181745674
2020/08/24,525.0,525.0,515.0,518.0,36500,69.07738522641489,72.07099889107066
2020/08/25,524.0,530.0,521.0,526.0,49800,69.97912534135806,73.05044749843346
2020/08/26,528.0,528.0,518.0,523.0,39100,70.64034769607942,73.70460166064451
2020/08/27,526.0,526.0,513.0,514.0,40600,69.92937938037144,73.14963034169371
2020/08/28,514.0,520.0,499.0,500.0,83500,65.47080173796695,68.16535094605368
2020/08/31,510.0,517.0,503.0,503.0,88000,62.95377881469684,65.71405352607958
2020/09/01,506.0,516.0,504.0,516.0,51500,63.972158839984615,67.10186967806021
2020/09/02,517.0,519.0,512.0,518.0,39300,65.35658501051842,68.29517979941083
2020/09/03,525.0,537.0,525.0,536.0,64300,66.98822925367082,70.1251186030858
2020/09/04,525.0,537.0,524.0,531.0,51300,68.90635759261744,71.71688370935648
2020/09/07,528.0,546.0,527.0,543.0,78400,70.41283939598111,73.48635354331061
2020/09/08,548.0,564.0,547.0,560.0,90300,69.65039005741389,72.83744640164986
2020/09/09,556.0,575.0,552.0,573.0,83900,70.42015243301559,74.08133035931658
2020/09/10,579.0,579.0,562.0,568.0,66700,70.45324963135752,73.85388597513816
2020/09/11,566.0,576.0,556.0,559.0,83700,69.64591135134786,72.92528047370406
2020/09/14,566.0,577.0,563.0,569.0,66600,70.1018398002629,73.40560998032967
2020/09/15,570.0,570.0,549.0,561.0,71800,69.42389769915843,72.82608933361173
2020/09/16,557.0,563.0,553.0,561.0,54400,71.11111206926758,74.27204907862632
2020/09/17,561.0,571.0,559.0,571.0,52400,72.06705002203594,75.17688460916635
2020/09/18,571.0,577.0,567.0,577.0,109100,72.90829955094772,75.72455781063661
2020/09/23,567.0,574.0,561.0,569.0,57500,72.62171565498949,75.86412237832954
2020/09/24,569.0,576.0,548.0,549.0,104100,70.56259280666457,73.7456225973461
2020/09/25,555.0,565.0,555.0,559.0,93700,72.3988138692088,75.3770779773088
2020/09/28,568.0,586.0,565.0,586.0,158800,76.69578633354618,79.18834606594099
2020/09/29,581.0,585.0,574.0,581.0,101900,74.7135366597867,77.68919799637372
2020/09/30,578.0,578.0,554.0,559.0,86900,72.12755961582275,75.40634999731968
2020/10/01,,,,,0,-1.0,-1.0
2020/10/02,556.0,556.0,533.0,536.0,97400,-1.0,-1.0
2020/10/05,538.0,550.0,538.0,546.0,116400,-1.0,-1.0
2020/10/06,548.0,550.0,543.0,543.0,58600,-1.0,-1.0
2020/10/07,540.0,545.0,531.0,544.0,43800,-1.0,-1.0
2020/10/08,551.0,566.0,545.0,564.0,94300,-1.0,-1.0
2020/10/09,564.0,565.0,549.0,560.0,59800,-1.0,-1.0
2020/10/12,555.0,556.0,544.0,547.0,54900,-1.0,-1.0
2020/10/13,551.0,555.0,547.0,553.0,29200,-1.0,-1.0
2020/10/14,547.0,552.0,544.0,547.0,22300,-1.0,-1.0
2020/10/15,545.0,600.0,545.0,571.0,337500,-1.0,-1.0
2020/10/16,575.0,606.0,575.0,597.0,307400,-1.0,-1.0
2020/10/19,597.0,612.0,595.0,599.0,144200,-1.0,-1.0
2020/10/20,605.0,625.0,595.0,614.0,162900,-1.0,-1.0
2020/10/21,626.0,633.0,620.0,629.0,164100,-1.0,-1.0
2020/10/22,630.0,630.0,601.0,604.0,103500,-1.0,-1.0
2020/10/23,611.0,621.0,594.0,616.0,115000,-1.0,-1.0
2020/10/26,608.0,638.0,605.0,626.0,130000,-1.0,-1.0
2020/10/27,620.0,622.0,605.0,618.0,130300,-1.0,-1.0
2020/10/28,614.0,614.0,596.0,597.0,72700,-1.0,-1.0
2020/10/29,627.0,662.0,624.0,650.0,544100,-1.0,-1.0
2020/10/30,643.0,671.0,641.0,645.0,366800,-1.0,-1.0
2020/11/02,655.0,665.0,636.0,645.0,281700,-1.0,-1.0
2020/11/04,658.0,671.0,647.0,649.0,126400,-1.0,-1.0
2020/11/05,649.0,670.0,640.0,669.0,224700,-1.0,-1.0
2020/11/06,664.0,667.0,652.0,661.0,89100,-1.0,-1.0
2020/11/09,670.0,670.0,655.0,666.0,94100,-1.0,-1.0
2020/11/10,670.0,682.0,662.0,681.0,187600,-1.0,-1.0
2020/11/11,691.0,704.0,670.0,684.0,268000,-1.0,-1.0
2020/11/12,687.0,687.0,643.0,653.0,179900,-1.0,-1.0
2020/11/13,642.0,646.0,629.0,631.0,121700,-1.0,-1.0
2020/11/16,649.0,690.0,645.0,679.0,218900,-1.0,-1.0
2020/11/17,679.0,685.0,666.0,675.0,110100,-1.0,-1.0
2020/11/18,671.0,671.0,655.0,661.0,78600,-1.0,-1.0
2020/11/19,656.0,662.0,650.0,655.0,71900,-1.0,-1.0
2020/11/20,648.0,654.0,639.0,650.0,56000,-1.0,-1.0
2020/11/24,661.0,699.0,661.0,691.0,231200,-1.0,-1.0
2020/11/25,700.0,728.0,700.0,715.0,298300,-1.0,-1.0
2020/11/26,712.0,728.0,702.0,717.0,115700,-1.0,-1.0
2020/11/27,721.0,730.0,688.0,688.0,299900,-1.0,-1.0
2020/11/30,693.0,707.0,681.0,681.0,215700,-1.0,-1.0
2020/12/01,682.0,696.0,682.0,688.0,146600,-1.0,-1.0
2020/12/02,698.0,712.0,687.0,697.0,216600,-1.0,-1.0
2020/12/03,700.0,744.0,699.0,737.0,259300,-1.0,-1.0
2020/12/04,734.0,742.0,719.0,740.0,117700,-1.0,-1.0
2020/12/07,740.0,747.0,709.0,710.0,129400,-1.0,-1.0
2020/12/08,709.0,736.0,708.0,727.0,141800,-1.0,-1.0
2020/12/09,728.0,755.0,728.0,745.0,212500,-1.0,-1.0
2020/12/10,745.0,751.0,736.0,739.0,105900,-1.0,-1.0
2020/12/11,742.0,758.0,742.0,753.0,101200,-1.0,-1.0
2020/12/14,762.0,784.0,759.0,762.0,170000,-1.0,-1.0
2020/12/15,756.0,770.0,747.0,767.0,93300,-1.0,-1.0
2020/12/16,775.0,811.0,771.0,802.0,307600,-1.0,-1.0
2020/12/17,812.0,812.0,772.0,797.0,185300,-1.0,-1.0
2020/12/18,796.0,805.0,780.0,797.0,188400,-1.0,-1.0
2020/12/21,818.0,835.0,810.0,823.0,324700,-1.0,-1.0
2020/12/22,823.0,823.0,776.0,780.0,333100,-1.0,-1.0
2020/12/23,777.0,784.0,763.0,769.0,155600,-1.0,-1.0
2020/12/24,762.0,790.0,761.0,763.0,165800,-1.0,-1.0
2020/12/25,765.0,801.0,765.0,791.0,142600,-1.0,-1.0
2020/12/28,795.0,797.0,757.0,769.0,161000,-1.0,-1.0
2020/12/29,770.0,787.0,769.0,784.0,146700,-1.0,-1.0
2020/12/30,786.0,790.0,767.0,782.0,97700,-1.0,-1.0
2021/01/04,781.0,782.0,746.0,762.0,157200,-1.0,-1.0
2021/01/05,747.0,777.0,747.0,764.0,113200,-1.0,-1.0
2021/01/06,766.0,783.0,763.0,781.0,88900,-1.0,-1.0
2021/01/07,794.0,797.0,784.0,785.0,92800,-1.0,-1.0
2021/01/08,790.0,799.0,784.0,794.0,162400,-1.0,-1.0
2021/01/12,799.0,799.0,784.0,794.0,131300,-1.0,-1.0
2021/01/13,795.0,812.0,788.0,807.0,184900,-1.0,-1.0
2021/01/14,812.0,812.0,785.0,789.0,154500,-1.0,-1.0
2021/01/15,783.0,798.0,778.0,780.0,111300,-1.0,-1.0
2021/01/18,768.0,780.0,761.0,774.0,85800,-1.0,-1.0
2021/01/19,785.0,785.0,771.0,773.0,98100,-1.0,-1.0
2021/01/20,773.0,785.0,767.0,782.0,96400,-1.0,-1.0
2021/01/21,779.0,789.0,776.0,781.0,69800,-1.0,-1.0
2021/01/22,774.0,788.0,770.0,770.0,91800,-1.0,-1.0
2021/01/25,765.0,770.0,760.0,762.0,106700,-1.0,-1.0
2021/01/26,762.0,762.0,747.0,752.0,118300,-1.0,-1.0
2021/01/27,752.0,758.0,742.0,746.0,117500,-1.0,-1.0
2021/01/28,719.0,745.0,718.0,734.0,273900,-1.0,-1.0
2021/01/29,739.0,740.0,704.0,716.0,263300,-1.0,-1.0
2021/02/01,791.0,826.0,780.0,817.0,672300,-1.0,-1.0
2021/02/02,811.0,829.0,793.0,810.0,298900,-1.0,-1.0
2021/02/03,806.0,812.0,799.0,808.0,148500,-1.0,-1.0
2021/02/04,805.0,806.0,788.0,792.0,177900,-1.0,-1.0
2021/02/05,800.0,807.0,791.0,792.0,135500,-1.0,-1.0
2021/02/08,799.0,816.0,795.0,805.0,167300,-1.0,-1.0
2021/02/09,808.0,812.0,792.0,793.0,118900,-1.0,-1.0
2021/02/10,793.0,795.0,785.0,786.0,105200,-1.0,-1.0
2021/02/12,787.0,788.0,775.0,781.0,62500,-1.0,-1.0
2021/02/15,781.0,787.0,775.0,780.0,69100,-1.0,-1.0
2021/02/16,782.0,782.0,767.0,770.0,99100,-1.0,-1.0
2021/02/17,765.0,804.0,765.0,799.0,190500,-1.0,-1.0
2021/02/18,796.0,797.0,769.0,784.0,226900,-1.0,-1.0
2021/02/19,770.0,779.0,762.0,772.0,142200,-1.0,-1.0
2021/02/22,777.0,805.0,777.0,802.0,134500,-1.0,-1.0
2021/02/24,800.0,800.0,783.0,785.0,115100,-1.0,-1.0
2021/02/25,800.0,803.0,791.0,799.0,104900,-1.0,-1.0
2021/02/26,784.0,797.0,779.0,779.0,144800,-1.0,-1.0
2021/03/01,794.0,804.0,783.0,801.0,99800,-1.0,-1.0
2021/03/02,805.0,826.0,802.0,823.0,246400,-1.0,-1.0
2021/03/03,823.0,886.0,814.0,875.0,540200,-1.0,-1.0
2021/03/04,866.0,885.0,858.0,868.0,250600,-1.0,-1.0
2021/03/05,871.0,873.0,826.0,859.0,316400,-1.0,-1.0
2021/03/08,874.0,883.0,848.0,851.0,102300,-1.0,-1.0
2021/03/09,890.0,989.0,882.0,978.0,2020200,-1.0,-1.0
2021/03/10,979.0,994.0,965.0,979.0,687400,-1.0,-1.0
2021/03/11,986.0,1029.0,982.0,1010.0,545800,-1.0,-1.0
2021/03/12,1017.0,1062.0,1013.0,1061.0,625100,-1.0,-1.0
2021/03/15,1121.0,1140.0,1089.0,1124.0,818500,-1.0,-1.0
2021/03/16,1116.0,1157.0,1095.0,1104.0,573800,-1.0,-1.0
2021/03/17,1089.0,1112.0,1071.0,1082.0,333000,-1.0,-1.0
2021/03/18,1082.0,1091.0,1064.0,1087.0,303400,-1.0,-1.0
2021/03/19,1096.0,1100.0,1070.0,1073.0,450400,-1.0,-1.0
2021/03/22,1084.0,1117.0,1076.0,1104.0,317900,-1.0,-1.0
2021/03/23,1101.0,1106.0,1077.0,1082.0,196500,-1.0,-1.0
2021/03/24,1061.0,1068.0,1040.0,1050.0,252400,-1.0,-1.0
2021/03/25,1050.0,1089.0,1049.0,1075.0,188200,-1.0,-1.0
2021/03/26,1078.0,1088.0,1060.0,1064.0,172500,-1.0,-1.0
2021/03/29,1097.0,1097.0,1062.0,1078.0,182500,-1.0,-1.0
2021/03/30,1049.0,1080.0,1042.0,1073.0,153700,-1.0,-1.0
2021/03/31,1070.0,1079.0,1055.0,1072.0,141200,-1.0,-1.0
2021/04/01,1075.0,1075.0,1029.0,1030.0,197700,-1.0,-1.0
2021/04/02,1036.0,1044.0,1016.0,1027.0,121800,-1.0,-1.0
2021/04/05,1023.0,1041.0,1011.0,1024.0,122000,-1.0,-1.0
2021/04/06,1027.0,1035.0,1003.0,1012.0,151200,-1.0,-1.0
2021/04/07,1012.0,1041.0,1012.0,1041.0,158700,-1.0,-1.0
2021/04/08,1039.0,1047.0,1014.0,1023.0,150600,-1.0,-1.0
2021/04/09,1024.0,1033.0,1008.0,1012.0,133000,-1.0,-1.0
2021/04/12,1021.0,1030.0,1010.0,1013.0,84800,-1.0,-1.0
2021/04/13,1010.0,1013.0,987.0,993.0,239300,-1.0,-1.0
2021/04/14,986.0,1006.0,982.0,996.0,175000,-1.0,-1.0
2021/04/15,999.0,1018.0,997.0,1003.0,90800,-1.0,-1.0
2021/04/16,1015.0,1022.0,1010.0,1014.0,83900,-1.0,-1.0
2021/04/19,1006.0,1013.0,999.0,1003.0,68000,-1.0,-1.0
2021/04/20,985.0,995.0,983.0,988.0,116400,-1.0,-1.0
2021/04/21,975.0,977.0,960.0,964.0,162300,-1.0,-1.0
2021/04/22,975.0,979.0,963.0,972.0,102300,-1.0,-1.0
2021/04/23,960.0,968.0,949.0,953.0,104900,-1.0,-1.0
2021/04/26,947.0,968.0,947.0,955.0,166400,-1.0,-1.0
2021/04/27,962.0,980.0,955.0,961.0,189200,-1.0,-1.0
2021/04/28,976.0,979.0,965.0,972.0,151300,-1.0,-1.0
2021/04/30,972.0,983.0,970.0,975.0,161300,-1.0,-1.0
2021/05/06,986.0,994.0,982.0,984.0,166200,-1.0,-1.0
2021/05/07,999.0,1063.0,996.0,1059.0,263400,-1.0,-1.0
2021/05/10,1075.0,1079.0,1052.0,1067.0,220500,-1.0,-1.0
2021/05/11,1052.0,1066.0,1040.0,1040.0,205300,-1.0,-1.0
2021/05/12,1063.0,1064.0,995.0,1009.0,237500,-1.0,-1.0
2021/05/13,979.0,996.0,971.0,971.0,215600,-1.0,-1.0
2021/05/14,1001.0,1116.0,970.0,1113.0,1162700,-1.0,-1.0
2021/05/17,1180.0,1180.0,1041.0,1090.0,753300,-1.0,-1.0
2021/05/18,1090.0,1139.0,1090.0,1128.0,438800,-1.0,-1.0
2021/05/19,1108.0,1136.0,1107.0,1131.0,316700,-1.0,-1.0
2021/05/20,1113.0,1136.0,1100.0,1131.0,315900,-1.0,-1.0
2021/05/21,1131.0,1146.0,1127.0,1142.0,245300,-1.0,-1.0
2021/05/24,1137.0,1170.0,1137.0,1156.0,214800,-1.0,-1.0
2021/05/25,1147.0,1194.0,1146.0,1179.0,370400,-1.0,-1.0
2021/05/26,1193.0,1198.0,1145.0,1163.0,489300,-1.0,-1.0
2021/05/27,1159.0,1188.0,1156.0,1170.0,277000,-1.0,-1.0
2021/05/28,1191.0,1198.0,1168.0,1197.0,300600,-1.0,-1.0
2021/05/31,1227.0,1230.0,1182.0,1198.0,300800,-1.0,-1.0
2021/06/01,1193.0,1200.0,1156.0,1174.0,300600,-1.0,-1.0
2021/06/02,1173.0,1192.0,1160.0,1172.0,212800,-1.0,-1.0
2021/06/03,1178.0,1202.0,1174.0,1192.0,175300,-1.0,-1.0
2021/06/04,1183.0,1204.0,1183.0,1189.0,113300,-1.0,-1.0
2021/06/07,1189.0,1192.0,1166.0,1188.0,144400,-1.0,-1.0
2021/06/08,1188.0,1198.0,1179.0,1188.0,92900,-1.0,-1.0
2021/06/09,1191.0,1233.0,1187.0,1191.0,271500,-1.0,-1.0
2021/06/10,1183.0,1197.0,1178.0,1186.0,101400,-1.0,-1.0
2021/06/11,1180.0,1192.0,1173.0,1176.0,156000,-1.0,-1.0
2021/06/14,1178.0,1189.0,1157.0,1179.0,134600,-1.0,-1.0
2021/06/15,1175.0,1190.0,1173.0,1182.0,105300,-1.0,-1.0
2021/06/16,1180.0,1192.0,1178.0,1188.0,121600,-1.0,-1.0
2021/06/17,1191.0,1198.0,1177.0,1191.0,161000,-1.0,-1.0
2021/06/18,1200.0,1273.0,1189.0,1261.0,487300,-1.0,-1.0
2021/06/21,1206.0,1231.0,1154.0,1154.0,575900,-1.0,-1.0
2021/06/22,1184.0,1184.0,1125.0,1153.0,405700,-1.0,-1.0
2021/06/23,1131.0,1170.0,1131.0,1135.0,191700,-1.0,-1.0
2021/06/24,1130.0,1148.0,1126.0,1140.0,145400,-1.0,-1.0
2021/06/25,1141.0,1161.0,1141.0,1157.0,105900,-1.0,-1.0
2021/06/28,1160.0,1169.0,1150.0,1165.0,132400,-1.0,-1.0
2021/06/29,1165.0,1168.0,1127.0,1129.0,177900,-1.0,-1.0
2021/06/30,1121.0,1131.0,1111.0,1123.0,120000,-1.0,-1.0
2021/07/01,1117.0,1123.0,1096.0,1101.0,142500,-1.0,-1.0
2021/07/02,1110.0,1132.0,1101.0,1126.0,129100,-1.0,-1.0
2021/07/05,1130.0,1135.0,1115.0,1125.0,65800,-1.0,-1.0
2021/07/06,1134.0,1144.0,1126.0,1132.0,72500,-1.0,-1.0
2021/07/07,1120.0,1143.0,1110.0,1143.0,134300,-1.0,-1.0
2021/07/08,1136.0,1150.0,1120.0,1120.0,128300,-1.0,-1.0
2021/07/09,1094.0,1117.0,1075.0,1114.0,201000,-1.0,-1.0
2021/07/12,1143.0,1156.0,1128.0,1146.0,159200,-1.0,-1.0
2021/07/13,1151.0,1169.0,1146.0,1164.0,128000,-1.0,-1.0
2021/07/14,1164.0,1175.0,1149.0,1152.0,89400,-1.0,-1.0
2021/07/15,1143.0,1156.0,1130.0,1148.0,76600,-1.0,-1.0
2021/07/16,1146.0,1159.0,1139.0,1154.0,100600,-1.0,-1.0
2021/07/19,1162.0,1172.0,1131.0,1159.0,291600,-1.0,-1.0
2021/07/20,1137.0,1143.0,1104.0,1104.0,221500,-1.0,-1.0
2021/07/21,1135.0,1145.0,1120.0,1131.0,158000,-1.0,-1.0
2021/07/26,1159.0,1202.0,1151.0,1195.0,240800,-1.0,-1.0
2021/07/27,1200.0,1212.0,1192.0,1208.0,138700,-1.0,-1.0
2021/07/28,1200.0,1214.0,1180.0,1194.0,158800,-1.0,-1.0
2021/07/29,1201.0,1232.0,1188.0,1215.0,242000,-1.0,-1.0
2021/07/30,1218.0,1224.0,1195.0,1207.0,168400,-1.0,-1.0
2021/08/02,1367.0,1506.0,1367.0,1497.0,1649900,-1.0,-1.0
2021/08/03,1481.0,1525.0,1419.0,1496.0,1274600,-1.0,-1.0
2021/08/04,1494.0,1532.0,1452.0,1462.0,753100,-1.0,-1.0
2021/08/05,1458.0,1480.0,1427.0,1438.0,393100,-1.0,-1.0
2021/08/06,1425.0,1445.0,1371.0,1424.0,454100,-1.0,-1.0
2021/08/10,1430.0,1453.0,1406.0,1406.0,253900,-1.0,-1.0
2021/08/11,1436.0,1468.0,1436.0,1443.0,240600,-1.0,-1.0
2021/08/12,1450.0,1460.0,1440.0,1451.0,247300,-1.0,-1.0
2021/08/13,1441.0,1518.0,1436.0,1509.0,315000,-1.0,-1.0
2021/08/16,1495.0,1498.0,1447.0,1465.0,257900,-1.0,-1.0
2021/08/17,1467.0,1479.0,1409.0,1409.0,246800,-1.0,-1.0
2021/08/18,1423.0,1426.0,1364.0,1380.0,315600,-1.0,-1.0
2021/08/19,1375.0,1375.0,1298.0,1298.0,428500,-1.0,-1.0
2021/08/20,1275.0,1295.0,1254.0,1254.0,336700,-1.0,-1.0
2021/08/23,1280.0,1325.0,1278.0,1305.0,322700,-1.0,-1.0
2021/08/24,1344.0,1390.0,1330.0,1357.0,344000,-1.0,-1.0
2021/08/25,1395.0,1451.0,1366.0,1388.0,501200,-1.0,-1.0
2021/08/26,1409.0,1410.0,1362.0,1387.0,260300,-1.0,-1.0
2021/08/27,1379.0,1388.0,1353.0,1365.0,229400,-1.0,-1.0
2021/08/30,1400.0,1460.0,1392.0,1458.0,380200,-1.0,-1.0
2021/08/31,1438.0,1498.0,1432.0,1485.0,420400,-1.0,-1.0
2021/09/01,1503.0,1544.0,1477.0,1506.0,536400,-1.0,-1.0
2021/09/02,1510.0,1524.0,1482.0,1514.0,447100,-1.0,-1.0
2021/09/03,1551.0,1562.0,1525.0,1545.0,520200,-1.0,-1.0
2021/09/06,1634.0,1634.0,1594.0,1620.0,583600,-1.0,-1.0
2021/09/07,1630.0,1720.0,1609.0,1684.0,717500,-1.0,-1.0
2021/09/08,1705.0,1777.0,1685.0,1777.0,787200,-1.0,-1.0
2021/09/09,1785.0,1866.0,1761.0,1841.0,1123200,-1.0,-1.0
2021/09/10,1881.0,1885.0,1771.0,1848.0,1046400,-1.0,-1.0
2021/09/13,1879.0,1881.0,1801.0,1869.0,562100,-1.0,-1.0
2021/09/14,1829.0,1850.0,1788.0,1844.0,485500,-1.0,-1.0
2021/09/15,1804.0,1817.0,1782.0,1812.0,388800,-1.0,-1.0
2021/09/16,1842.0,1870.0,1785.0,1813.0,435100,-1.0,-1.0
2021/09/17,1795.0,1815.0,1754.0,1790.0,440800,-1.0,-1.0
2021/09/21,1755.0,1910.0,1740.0,1848.0,1253300,-1.0,-1.0
2021/09/22,1830.0,1838.0,1720.0,1741.0,877400,-1.0,-1.0
2021/09/24,1821.0,1830.0,1784.0,1798.0,572100,-1.0,-1.0
2021/09/27,1783.0,1795.0,1725.0,1738.0,435400,-1.0,-1.0
2021/09/28,1751.0,1814.0,1727.0,1738.0,525200,-1.0,-1.0
2021/09/29,1700.0,1789.0,1684.0,1735.0,625100,-1.0,-1.0
2021/09/30,1732.0,1743.0,1651.0,1660.0,518400,-1.0,-1.0
2021/10/01,1620.0,1670.0,1603.0,1637.0,461000,244.4668227805062,247.42995843864685
2021/10/04,1650.0,1675.0,1584.0,1603.0,387600,240.6128202685336,243.51534393101403
2021/10/05,1574.0,1674.0,1553.0,1645.0,575300,255.16275053177276,255.97451183816221
2021/10/06,1645.0,1706.0,1615.0,1645.0,473800,257.2869736656567,256.3844766462486
2021/10/07,1636.0,1640.0,1607.0,1608.0,310200,243.5826086927115,243.33893434269993
2021/10/08,1642.0,1697.0,1641.0,1658.0,353600,249.31834717156187,248.61337513061605
2021/10/11,1729.0,1828.0,1715.0,1826.0,941800,275.9606469003458,274.7620826494471
2021/10/12,1866.0,1909.0,1798.0,1897.0,1731600,286.79177708617004,285.3228579753829
2021/10/13,1930.0,1945.0,1851.0,1879.0,1564100,288.412884239202,286.0915981412022
2021/10/14,1896.0,1914.0,1765.0,1826.0,1204100,263.2969705901847,262.6259414586912
2021/10/15,1850.0,1872.0,1815.0,1845.0,487400,248.89179305013934,247.0141614874509
2021/10/18,1905.0,2025.0,1891.0,2015.0,1792000,274.3393513182407,272.87957672620485
2021/10/19,2010.0,2045.0,1965.0,2040.0,1347600,268.01136744435996,266.5331783863745
2021/10/20,1995.0,2013.0,1842.0,1854.0,2088000,238.170719602485,238.05079616980817
2021/10/21,1820.0,1900.0,1798.0,1805.0,1067800,244.35467446312828,241.9318975483803
2021/10/22,1746.0,1762.0,1691.0,1694.0,1423100,224.51296396266608,223.23259565584354
2021/10/25,1684.0,1769.0,1680.0,1714.0,944900,224.9196892308009,222.1486341101313
2021/10/26,1724.0,1787.0,1712.0,1744.0,749200,227.70925871203463,226.15339523631812
2021/10/27,1745.0,1755.0,1686.0,1704.0,675100,229.7141762235717,228.5545943451424
2021/10/28,1624.0,1659.0,1608.0,1643.0,815800,204.63491009756956,203.6313857971241
2021/10/29,1650.0,1687.0,1641.0,1655.0,628700,204.05445785070359,202.49999399579056
2021/11/01,1658.0,1685.0,1630.0,1672.0,520400,203.68839994940816,203.8521299404236
2021/11/02,1687.0,1699.0,1602.0,1612.0,627300,199.36626633030616,198.93969744109688
2021/11/04,1620.0,1671.0,1614.0,1636.0,596800,197.84959032044512,196.28864406866904
2021/11/05,1648.0,1650.0,1582.0,1610.0,636600,200.08749064131467,197.88137001903922
2021/11/08,1610.0,1618.0,1570.0,1610.0,476600,203.50479584323762,199.7746855059581
2021/11/09,1617.0,1649.0,1591.0,1593.0,435500,198.9360306241007,197.07660347724675
2021/11/10,1561.0,1579.0,1531.0,1538.0,511800,195.8290789337968,193.62336002126713
2021/11/11,1510.0,1650.0,1502.0,1578.0,1647900,210.64450449603544,207.09438540469378
2021/11/12,1603.0,1628.0,1541.0,1578.0,821000,214.4034275832461,208.73270702986093
2021/11/15,1593.0,1635.0,1581.0,1586.0,474000,203.22228791140867,197.46650672936747
2021/11/16,1570.0,1581.0,1503.0,1509.0,612000,195.1049857108287,189.0906998629824
2021/11/17,1493.0,1507.0,1457.0,1469.0,605800,192.59409077048727,187.60147473685893
2021/11/18,1469.0,1469.0,1435.0,1452.0,494800,191.98858450488027,188.0156001924895
2021/11/19,1453.0,1460.0,1432.0,1448.0,383700,191.1765424397254,188.21408418485518
2021/11/22,1450.0,1468.0,1417.0,1464.0,341000,186.1893229890726,182.78367815121638
2021/11/24,1490.0,1529.0,1488.0,1507.0,576900,189.14900401008524,184.5212004010889
2021/11/25,1498.0,1578.0,1494.0,1551.0,626200,194.59788857594023,189.8945389567242
2021/11/26,1570.0,1588.0,1522.0,1553.0,589900,209.18555678189233,203.1583910282502
2021/11/29,1500.0,1531.0,1479.0,1482.0,549700,203.38463200266955,196.00288452564467
2021/11/30,1525.0,1537.0,1447.0,1462.0,1213000,204.6007243970186,194.8716519304066
2021/12/01,1450.0,1480.0,1419.0,1428.0,443400,196.5566716545,187.65942366818564
2021/12/02,1405.0,1434.0,1397.0,1412.0,388700,185.0708807463516,176.55784687489694
2021/12/03,1412.0,1470.0,1394.0,1469.0,384600,189.46001109696812,180.06807901953616
2021/12/06,1462.0,1466.0,1430.0,1451.0,244000,194.26818056073648,184.7652842509735
2021/12/07,1477.0,1487.0,1453.0,1487.0,279600,190.24569602417156,180.79030792413215
2021/12/08,1501.0,1506.0,1482.0,1486.0,182000,185.3456060902455,177.26576569812255
2021/12/09,1482.0,1485.0,1446.0,1446.0,206800,182.25598307073648,174.57928673585155
2021/12/10,1455.0,1463.0,1416.0,1421.0,310900,176.8649771238974,170.23019684815262
2021/12/13,1422.0,1439.0,1390.0,1396.0,253700,170.99704436298435,165.8268281771409
2021/12/14,1376.0,1424.0,1376.0,1419.0,291700,173.65339185840355,167.03272706812783
2021/12/15,1416.0,1454.0,1415.0,1434.0,227200,168.10787990956882,161.02542771140327
2021/12/16,1457.0,1481.0,1436.0,1470.0,247400,170.10294431135796,164.23908840698778
2021/12/17,1465.0,1489.0,1448.0,1471.0,344800,173.04341650738323,166.78163657235095
2021/12/20,1450.0,1455.0,1395.0,1398.0,340600,162.42793624071354,156.54184518650464
2021/12/21,1419.0,1429.0,1385.0,1423.0,220400,169.12181340062006,163.1095231939995
2021/12/22,1445.0,1478.0,1425.0,1473.0,287200,177.88386346781962,171.50382161379096
2021/12/23,1496.0,1544.0,1481.0,1542.0,436600,187.1492430119607,180.2398770556121
2021/12/24,1575.0,1621.0,1562.0,1616.0,641800,189.20818498779684,182.87190338249604
2021/12/27,1627.0,1644.0,1559.0,1566.0,451100,190.699409989963,184.09344189575708
2021/12/28,1578.0,1604.0,1551.0,1593.0,335600,192.69695586599815,184.35574539538408
2021/12/29,1582.0,1590.0,1562.0,1580.0,196200,191.82235351846023,182.40633514809863
2021/12/30,1577.0,1598.0,1561.0,1597.0,223400,198.41866673726904,188.77910105464457
2022/01/04,1609.0,1612.0,1570.0,1586.0,309600,192.40817988088165,183.15368138216854
2022/01/05,1602.0,1699.0,1594.0,1696.0,681000,200.3057405499574,191.27135744710205
2022/01/06,1661.0,1672.0,1606.0,1613.0,570700,198.28119398561603,187.9128979352794
2022/01/07,1638.0,1654.0,1567.0,1629.0,503500,202.71770398397143,190.69510419584375
2022/01/11,1657.0,1693.0,1637.0,1693.0,522800,212.78492676938302,199.39286675006935
2022/01/12,1704.0,1797.0,1704.0,1794.0,999800,219.91629879355784,205.24578584874584
2022/01/13,1770.0,1824.0,1754.0,1796.0,695800,229.3008729186632,212.61408679922437
2022/01/14,1781.0,1802.0,1734.0,1798.0,531100,233.74950827231197,216.40343016105302
2022/01/17,1829.0,1829.0,1724.0,1736.0,540900,223.566591659774,208.34638940618305
2022/01/18,1721.0,1764.0,1675.0,1683.0,619000,220.62186849962555,204.23747855325104
2022/01/19,1647.0,1699.0,1631.0,1642.0,516700,218.04729143999376,202.30267755906186
2022/01/20,1640.0,1689.0,1630.0,1667.0,362000,221.00613494841755,204.86812502362534
2022/01/21,1627.0,1637.0,1568.0,1634.0,557500,220.76009717980284,204.44041310343385
2022/01/24,1597.0,1635.0,1578.0,1601.0,368100,219.50216204164042,202.71597857073522
2022/01/25,1595.0,1596.0,1480.0,1498.0,659700,209.59008263333834,194.09556575112214
2022/01/26,1540.0,1559.0,1502.0,1532.0,345700,217.70797661573837,201.91218420257707
2022/01/27,1535.0,1545.0,1453.0,1468.0,394800,215.4917597429144,199.61029938559707
2022/01/28,1498.0,1498.0,1454.0,1493.0,292200,215.90314452238647,200.95263825088506
2022/01/31,1506.0,1573.0,1498.0,1560.0,543700,198.6437491252005,184.28643135907404
2022/02/01,1480.0,1537.0,1400.0,1415.0,1421600,182.97282542547305,170.17311271730074
2022/02/02,1432.0,1495.0,1424.0,1495.0,675000,192.50339845796324,178.76955225188527
2022/02/03,1471.0,1489.0,1425.0,1425.0,505600,187.19378335974875,174.78869069039496
2022/02/04,1422.0,1469.0,1422.0,1459.0,334500,193.20783229553365,180.4375211641108
2022/02/07,1446.0,1468.0,1436.0,1463.0,245600,196.00961195024271,181.54663316008902
2022/02/08,1477.0,1527.0,1473.0,1515.0,461400,206.60100765367267,190.20505172824193
2022/02/09,1573.0,1613.0,1565.0,1596.0,723700,217.6534729333249,200.82758786806122
2022/02/10,1620.0,1620.0,1541.0,1586.0,478900,216.44682871145676,200.10026497874583
2022/02/14,1552.0,1601.0,1526.0,1576.0,396500,224.469464896739,204.48868622033126
2022/02/15,1563.0,1630.0,1563.0,1624.0,760800,239.191513424824,216.45857646818632
2022/02/16,1645.0,1656.0,1601.0,1634.0,364200,225.5948005792809,206.06676779369408
2022/02/17,1655.0,1704.0,1640.0,1671.0,594700,236.6424231329003,214.3153300523001
2022/02/18,1640.0,1687.0,1613.0,1665.0,369400,238.7012541576777,216.1936188795535
2022/02/21,1636.0,1693.0,1630.0,1673.0,286800,233.75881719534735,211.62443596349664
2022/02/22,1673.0,1693.0,1629.0,1647.0,392600,235.36782766958208,212.26160293605605
2022/02/24,1647.0,1668.0,1591.0,1621.0,449700,235.66819719829638,210.3763188141985
2022/02/25,1661.0,1677.0,1620.0,1672.0,378200,234.81558473621087,213.28999462339334
2022/02/28,1705.0,1746.0,1659.0,1740.0,825500,242.91477660372055,219.01862230647885
2022/03/01,1759.0,1769.0,1701.0,1703.0,617000,226.6856008778114,206.6728366291904
2022/03/02,1735.0,1875.0,1735.0,1851.0,1678100,236.91923468322648,216.6155000391718
2022/03/03,1905.0,1924.0,1841.0,1895.0,1491700,237.6452869338768,218.6590579271832
2022/03/04,1935.0,1943.0,1765.0,1836.0,1477300,237.41615506105842,219.67307416151147
2022/03/07,1855.0,1895.0,1769.0,1781.0,961900,238.50685708361587,220.8962362589285
2022/03/08,1691.0,1695.0,1491.0,1499.0,1424300,179.46750506879647,167.01704543936026
2022/03/09,1515.0,1543.0,1451.0,1460.0,906000,175.19038122235847,162.7698256232047
2022/03/10,1470.0,1507.0,1436.0,1493.0,833800,168.0828903072162,155.48657942793008
2022/03/11,1476.0,1543.0,1461.0,1507.0,722000,167.74761024275116,153.99513083231452
2022/03/14,1520.0,1574.0,1483.0,1547.0,716500,161.88379634813904,149.5150340299988
2022/03/15,1511.0,1521.0,1462.0,1478.0,768500,158.0393067843419,145.22749663254916
2022/03/16,1488.0,1507.0,1462.0,1478.0,567600,158.61589609249828,146.2383907174113
2022/03/17,1508.0,1528.0,1491.0,1510.0,729800,157.4892256817054,146.92447578372406
2022/03/18,1550.0,1633.0,1550.0,1603.0,2028200,165.90333572077049,157.4489449183751
2022/03/22,1656.0,1743.0,1620.0,1718.0,1466600,169.11382041645751,161.87888096787034
2022/03/23,1670.0,1703.0,1607.0,1689.0,1090700,162.95309258475774,156.782669718213
2022/03/24,1723.0,1745.0,1662.0,1709.0,888700,162.48023535980178,156.89001195675291
2022/03/25,1708.0,1723.0,1684.0,1703.0,505600,165.89498564224786,160.27368000615942
2022/03/28,1700.0,1700.0,1610.0,1618.0,758400,157.83070419811617,151.6116647897742
2022/03/29,1613.0,1646.0,1594.0,1641.0,499600,159.32477324297315,151.8760191789137
2022/03/30,1605.0,1635.0,1566.0,1594.0,556100,154.8033916352465,147.6662605856671
2022/03/31,1619.0,1643.0,1573.0,1575.0,466100,161.52761200576103,153.7956556091606
2022/04/01,1546.0,1556.0,1530.0,1548.0,307400,162.6510917035539,152.8506016848882
2022/04/04,1533.0,1557.0,1512.0,1539.0,398200,163.0417536896708,152.5939483087257
2022/04/05,1572.0,1593.0,1536.0,1554.0,402000,164.104576358942,153.96855895401984
2022/04/06,1531.0,1532.0,1511.0,1520.0,315700,158.72203148461745,149.39401178062607
2022/04/07,1490.0,1495.0,1456.0,1491.0,449700,161.03565539813474,150.28754929092193
2022/04/08,1508.0,1548.0,1493.0,1543.0,384300,168.1901851206359,157.50878481258553
2022/04/11,1538.0,1580.0,1520.0,1526.0,348800,165.90272570009233,155.81945723565337
2022/04/12,1500.0,1524.0,1486.0,1521.0,252100,173.04435845530259,160.97370345010808
2022/04/13,1532.0,1543.0,1514.0,1535.0,225500,170.06292006653024,159.18176265796717
2022/04/14,1558.0,1585.0,1550.0,1583.0,338700,172.17733766901844,162.05166058910342
2022/04/15,1578.0,1599.0,1560.0,1582.0,270500,170.9312966338385,161.32734666246915
2022/04/18,1571.0,1581.0,1533.0,1566.0,238500,172.94308291374116,162.48290149338408
2022/04/19,1586.0,1614.0,1575.0,1613.0,353700,176.05656010164108,165.890098281237
2022/04/20,1603.0,1607.0,1563.0,1576.0,304500,171.23813601790494,161.1832014718192
2022/04/21,1572.0,1576.0,1518.0,1544.0,343400,168.2744036684395,158.3945921486262
2022/04/22,1504.0,1529.0,1491.0,1508.0,354700,169.41883834058865,159.05360185275674
2022/04/25,1449.0,1480.0,1420.0,1427.0,680200,163.67177763922726,152.73900959367447
2022/04/26,1430.0,1444.0,1397.0,1429.0,502200,161.46274023133392,150.68139027161195
2022/04/27,1406.0,1409.0,1371.0,1398.0,578800,158.36618795855466,147.56050162962723
2022/04/28,1401.0,1452.0,1391.0,1452.0,313800,159.8212714531172,148.8148901035264
2022/05/02,1430.0,1456.0,1426.0,1440.0,208900,160.0533515355278,148.58089213546805
2022/05/06,1430.0,1438.0,1413.0,1420.0,541600,145.77906645291904,135.28833989389852
2022/05/09,1405.0,1405.0,1338.0,1338.0,625800,140.63992635691872,130.33042369985506
2022/05/10,1320.0,1334.0,1303.0,1315.0,478600,138.23985613320082,129.39836288884277
2022/05/11,1285.0,1296.0,1246.0,1277.0,573700,135.89778627402913,128.39323596209883
2022/05/12,1265.0,1267.0,1225.0,1229.0,571500,134.92358484697547,127.94476325989395
2022/05/13,1229.0,1325.0,1227.0,1304.0,950400,124.50595189797636,118.36876087606339
2022/05/16,1323.0,1334.0,1269.0,1277.0,508700,122.79499087037253,118.13684252922809
2022/05/17,1304.0,1322.0,1275.0,1292.0,397300,122.04507725042252,117.05655693175201
2022/05/18,1322.0,1378.0,1320.0,1375.0,734700,126.69338988399477,122.2543668561959
2022/05/19,1291.0,1342.0,1290.0,1336.0,430700,125.71076856037013,120.40159439440772
2022/05/20,1360.0,1386.0,1347.0,1382.0,429400,128.16111020399526,122.77681617557437
2022/05/23,1422.0,1422.0,1389.0,1407.0,447800,127.85710517504032,122.89937041524585
2022/05/24,1415.0,1417.0,1379.0,1381.0,337100,125.04114355505926,119.7062442801737
2022/05/25,1365.0,1388.0,1352.0,1375.0,283400,126.93435846295147,121.00648701168552
2022/05/26,1375.0,1384.0,1343.0,1344.0,296200,123.26614332252403,116.91767990492959
2022/05/27,1373.0,1374.0,1344.0,1352.0,225000,122.93470217837682,116.54823134949297
2022/05/30,1379.0,1393.0,1354.0,1360.0,424600,119.70543470798509,113.55442525235466
2022/05/31,1360.0,1360.0,1334.0,1335.0,402300,120.1104138021366,114.51700780331267
2022/06/01,1329.0,1381.0,1321.0,1372.0,301600,123.40989906533584,117.28766719965107
2022/06/02,1366.0,1369.0,1346.0,1359.0,216700,120.84816418940775,115.92227869557867
2022/06/03,1380.0,1386.0,1363.0,1379.0,263700,120.90930500569182,117.54269928312394
2022/06/06,1370.0,1378.0,1357.0,1358.0,201000,118.82775311295768,115.59132867490815
2022/06/07,1370.0,1384.0,1347.0,1381.0,260100,120.48733087108123,117.17837022981263
2022/06/08,1389.0,1389.0,1348.0,1348.0,426500,115.69367718874881,112.44449719253254
2022/06/09,1346.0,1357.0,1336.0,1348.0,296100,116.52445000080667,112.94821254358072
2022/06/10,1324.0,1345.0,1313.0,1337.0,361500,118.28495529659611,114.3299920671272
2022/06/13,1307.0,1334.0,1291.0,1292.0,344800,118.4135348865595,112.96751037167456
2022/06/14,1258.0,1289.0,1256.0,1287.0,284500,120.3785671747033,114.50753557616417
2022/06/15,1279.0,1294.0,1233.0,1233.0,407900,115.4764612634181,110.49464052082692
2022/06/16,1257.0,1278.0,1240.0,1241.0,233200,114.3972420363498,109.5402460199676
2022/06/17,1201.0,1212.0,1189.0,1205.0,320400,106.60481610764157,101.3189623345715
2022/06/20,1216.0,1217.0,1155.0,1172.0,267500,110.38609058101629,106.05503588192644
2022/06/21,1200.0,1246.0,1188.0,1239.0,261500,118.25868242159075,113.44076526356028
2022/06/22,1250.0,1251.0,1200.0,1203.0,270300,117.03772859123083,111.51143872849822
2022/06/23,1190.0,1213.0,1187.0,1199.0,180400,116.0420300835674,110.59171184465863
2022/06/24,1193.0,1215.0,1177.0,1215.0,204100,115.21701596133039,110.40953913849168
2022/06/27,1244.0,1246.0,1217.0,1228.0,208900,113.94644589945781,109.77779372554957
2022/06/28,1226.0,1248.0,1226.0,1240.0,191000,116.9907658377789,112.25593274126213
2022/06/29,1230.0,1235.0,1217.0,1225.0,286200,117.16873628547266,111.9631619611819
2022/06/30,1220.0,1229.0,1192.0,1197.0,200700,118.25127441946125,112.69370813427876
2022/07/01,1190.0,1199.0,1173.0,1187.0,181200,116.99194911655692,111.77488130242361
2022/07/04,1202.0,1204.0,1181.0,1198.0,127400,116.44152333190965,111.00426245543693
2022/07/05,1208.0,1220.0,1203.0,1217.0,150500,116.54026162689696,111.82149937261066
2022/07/06,1187.0,1193.0,1164.0,1183.0,266900,112.45619257231108,108.05618214246631
2022/07/07,1185.0,1186.0,1148.0,1166.0,244400,110.50317853479818,106.20827834196373
2022/07/08,1182.0,1211.0,1182.0,1191.0,281100,112.65020862456936,108.32530239199134
2022/07/11,1218.0,1218.0,1194.0,1201.0,195300,111.66566659818614,106.91591218224022
2022/07/12,1191.0,1195.0,1163.0,1163.0,170200,108.94915290134972,104.38855135288412
2022/07/13,1169.0,1170.0,1154.0,1155.0,159000,108.32448514807005,104.20480164297491
2022/07/14,1152.0,1172.0,1143.0,1166.0,175300,107.80343779771889,104.06163356369184
2022/07/15,1160.0,1167.0,1137.0,1166.0,243600,105.6210870058618,103.15889548500547
2022/07/19,1183.0,1195.0,1177.0,1194.0,190900,109.86292558469131,107.36211551595736
2022/07/20,1218.0,1223.0,1208.0,1220.0,230000,107.35372910190063,105.5398950835289
2022/07/21,1221.0,1236.0,1214.0,1235.0,143800,103.45987210976453,102.02430544510072
2022/07/22,1239.0,1240.0,1224.0,1227.0,153600,102.37852294866666,101.08461375508175
2022/07/25,1218.0,1224.0,1205.0,1213.0,116700,101.99747722124258,100.58743804384068
2022/07/26,1224.0,1237.0,1224.0,1233.0,108500,103.23217177063006,101.80007120882925
2022/07/27,1231.0,1234.0,1218.0,1229.0,65600,102.43333707888308,101.55061788018406
2022/07/28,1239.0,1239.0,1213.0,1220.0,156700,100.29217883891295,99.30788981705042
2022/07/29,1224.0,1241.0,1221.0,1233.0,162800,100.25058272119207,100.08870668891001
2022/08/01,1267.0,1295.0,1264.0,1278.0,419700,84.72320306619622,84.4970471116561
2022/08/02,1264.0,1264.0,1220.0,1238.0,403700,82.89525918371183,82.99683727981139
2022/08/03,1238.0,1248.0,1231.0,1248.0,159700,84.87690102999414,84.94958033903053
2022/08/04,1245.0,1256.0,1227.0,1250.0,124900,86.29118019622705,86.84749713849625
2022/08/05,1261.0,1292.0,1260.0,1279.0,358600,88.68312134867912,88.99496852620398
2022/08/08,1290.0,1298.0,1280.0,1289.0,132000,90.50665911694952,90.96770331068103
2022/08/09,1294.0,1297.0,1281.0,1284.0,135300,90.95822941198011,91.28801374926576
2022/08/10,1285.0,1298.0,1270.0,1283.0,126200,89.71477292493638,89.85138949299973
2022/08/12,1300.0,1328.0,1298.0,1320.0,252900,85.72904621761194,86.73081369071794
2022/08/15,1328.0,1328.0,1300.0,1314.0,158700,85.50331423333456,86.98256348491526
2022/08/16,1286.0,1295.0,1275.0,1289.0,173800,86.90600393654016,88.42166096888057
2022/08/17,1298.0,1321.0,1298.0,1302.0,104100,89.06310521317566,90.44508789606408
2022/08/18,1296.0,1315.0,1284.0,1311.0,120800,95.20513015627319,96.26682403976668
2022/08/19,1319.0,1328.0,1310.0,1323.0,112400,98.5112337121631,99.48069672625479
2022/08/22,1305.0,1330.0,1301.0,1330.0,105500,97.3135479989029,97.95434613980434
2022/08/23,1311.0,1329.0,1306.0,1323.0,191700,95.02513737772105,95.6528273113682
2022/08/24,1340.0,1352.0,1336.0,1347.0,167200,95.02840792545888,95.4911458708882
2022/08/25,1354.0,1354.0,1337.0,1345.0,131600,94.4633281005637,94.94815914330343
2022/08/26,1360.0,1371.0,1351.0,1354.0,153400,95.72999236226374,96.6476289804858
2022/08/29,1324.0,1345.0,1320.0,1340.0,143500,91.61111238449762,92.19226065372146
2022/08/30,1363.0,1371.0,1353.0,1370.0,129900,91.90892954702761,91.89593876493784
2022/08/31,1349.0,1357.0,1343.0,1354.0,156200,91.05758749570485,90.71444141863387
2022/09/01,1334.0,1342.0,1316.0,1319.0,142500,89.89820946516494,89.28438671789218
2022/09/02,1304.0,1310.0,1293.0,1297.0,161500,88.43322620034384,87.65727377870856
2022/09/05,1295.0,1318.0,1290.0,1316.0,114000,87.235422518571,85.96976585909204
2022/09/06,1336.0,1345.0,1326.0,1344.0,154900,86.42446775951267,85.47701563838447
2022/09/07,1331.0,1333.0,1293.0,1301.0,157100,80.5556411313868,79.47958703626516
2022/09/08,1319.0,1334.0,1313.0,1334.0,165200,77.47694052337567,76.43266132542496
2022/09/09,1340.0,1350.0,1334.0,1342.0,120300,78.1966980290197,77.27871411394419
2022/09/12,1369.0,1369.0,1349.0,1362.0,196400,77.73766927336968,77.1968913809582
2022/09/13,1362.0,1374.0,1361.0,1372.0,106600,79.74808296321612,79.35853355062326
2022/09/14,1327.0,1360.0,1325.0,1353.0,124900,81.8974857404218,80.37909950696182
2022/09/15,1353.0,1359.0,1340.0,1340.0,96500,80.39980141421337,79.20564924771327
2022/09/16,1323.0,1333.0,1311.0,1327.0,200600,82.01979828453887,80.31434004575861
2022/09/20,1327.0,1350.0,1311.0,1311.0,203900,76.45346071910754,75.21422015463666
2022/09/21,1294.0,1305.0,1287.0,1303.0,139500,81.21637112625302,79.62487539295923
2022/09/22,1280.0,1315.0,1280.0,1305.0,142900,80.85335089603525,79.19544906945697
2022/09/26,1281.0,1287.0,1224.0,1233.0,278400,81.16584628146222,79.44719641500535
2022/09/27,1240.0,1261.0,1237.0,1247.0,141800,81.50247157620487,79.74607759997203
2022/09/28,1244.0,1245.0,1207.0,1232.0,183700,80.15212115766613,78.0186034033617
2022/09/29,1219.0,1230.0,1195.0,1201.0,180500,80.6478758625366,78.59634686004289
2022/09/30,1190.0,1204.0,1172.0,1179.0,210400,79.89100437106393,77.92084808469805
2022/10/03,1170.0,1206.0,1146.0,1206.0,247200,81.630995834646,80.37853390819535
2022/10/04,1239.0,1277.0,1239.0,1273.0,209000,79.76535028863097,79.04421179054725
2022/10/05,1299.0,1303.0,1263.0,1265.0,119100,78.05753558511977,78.06509877767989
2022/10/06,1278.0,1301.0,1262.0,1262.0,124200,79.53695086354001,79.18271573672844
2022/10/07,1248.0,1267.0,1246.0,1260.0,90400,78.60950930376437,78.18918286986613
2022/10/11,1250.0,1269.0,1244.0,1246.0,91100,70.23385137577526,69.59432784511907
2022/10/12,1250.0,1251.0,1227.0,1232.0,125000,69.89732680452006,69.24435461527263
2022/10/13,1261.0,1262.0,1239.0,1257.0,119400,74.9089373638533,73.75190072081881
2022/10/14,1260.0,1278.0,1255.0,1269.0,183000,73.802084224271,73.33664842978138
2022/10/17,1255.0,1267.0,1253.0,1259.0,57600,67.73100154824225,67.12437819378775
2022/10/18,1265.0,1280.0,1261.0,1274.0,81600,67.18693697508816,66.56075570795473
2022/10/19,1277.0,1283.0,1270.0,1279.0,74200,74.04316475000621,73.42592595423855
2022/10/20,1259.0,1272.0,1254.0,1272.0,84400,74.9110553687004,74.3896622341819
2022/10/21,1269.0,1270.0,1252.0,1252.0,63500,79.16922093853528,78.63029106738577
2022/10/24,1276.0,1286.0,1266.0,1280.0,105100,79.17928353923801,78.9619466151644
2022/10/25,1285.0,1293.0,1273.0,1276.0,98500,78.14764571462092,77.43349400750222
2022/10/26,1291.0,1292.0,1272.0,1284.0,89900,79.92952201365013,79.10752108901997
2022/10/27,1290.0,1290.0,1272.0,1283.0,65400,82.30054028312188,81.94503110013694
2022/10/28,1268.0,1285.0,1246.0,1274.0,228800,82.05532910085176,81.11873777562968
2022/10/31,1275.0,1294.0,1272.0,1283.0,115900,82.463277547603,81.31959392920842
2022/11/01,1260.0,1277.0,1242.0,1260.0,235600,83.3654235186008,81.9205520115768
2022/11/02,1266.0,1294.0,1256.0,1256.0,231600,82.68660243922912,81.32644776311082
2022/11/04,1254.0,1280.0,1251.0,1260.0,273900,85.20034446620825,83.40989054392082
2022/11/07,1283.0,1295.0,1271.0,1276.0,194700,84.95356549641961,83.39873834129185
2022/11/08,1293.0,1315.0,1280.0,1312.0,184000,86.53668650122785,84.93561177348433
2022/11/09,1301.0,1310.0,1293.0,1294.0,163700,88.35574919213173,86.65866337313759
2022/11/10,1281.0,1281.0,1266.0,1273.0,139300,86.05578947642091,83.90583715287224
2022/11/11,1299.0,1299.0,1260.0,1289.0,316300,85.57696275404379,84.28110320605433
2022/11/14,1294.0,1341.0,1292.0,1306.0,320400,87.68533301006043,86.20085413163132
2022/11/15,1315.0,1350.0,1306.0,1350.0,195800,95.27381996947615,93.40799750478412
2022/11/16,1349.0,1349.0,1317.0,1324.0,174500,95.46742325812302,93.57468242456181
2022/11/17,1332.0,1345.0,1325.0,1329.0,160400,96.99528328948468,94.75199802555395
2022/11/18,1348.0,1353.0,1337.0,1342.0,116700,98.8120720799543,96.33108632828767
2022/11/21,1359.0,1362.0,1340.0,1346.0,119800,97.9584537725602,95.21418633609117
2022/11/22,1351.0,1366.0,1351.0,1357.0,143100,93.84780573587408,91.14655366488346
2022/11/24,1368.0,1379.0,1362.0,1371.0,152000,91.87077897465494,88.69626765656233
2022/11/25,1380.0,1381.0,1362.0,1364.0,104600,89.2851639211214,86.39286728522507
2022/11/28,1364.0,1364.0,1323.0,1329.0,142100,90.0616882676326,87.17818768569936
2022/11/29,1307.0,1317.0,1295.0,1311.0,130900,89.01235460284258,86.76417065630017
2022/11/30,1315.0,1318.0,1294.0,1295.0,160400,90.57807607359334,88.45607825164448
2022/12/01,1325.0,1325.0,1312.0,1321.0,124900,91.98844519581918,90.72521430423932
2022/12/02,1310.0,1310.0,1289.0,1291.0,130300,88.67913978591699,88.05742183461747
2022/12/05,1291.0,1300.0,1285.0,1287.0,88300,89.03849352161888,88.68105746707242
2022/12/06,1273.0,1300.0,1271.0,1290.0,119400,88.52425707645365,88.51471498151187
2022/12/07,1286.0,1303.0,1286.0,1291.0,121800,90.56212414069307,89.28232815059457
2022/12/08,1290.0,1290.0,1272.0,1289.0,125500,92.86353759167969,91.40557396517578
2022/12/09,1277.0,1310.0,1277.0,1306.0,139500,93.67521782556642,92.5593165955793
2022/12/12,1309.0,1323.0,1293.0,1294.0,155400,95.35066478937281,93.67843675475284
2022/12/13,1302.0,1308.0,1286.0,1286.0,116900,92.17615604901148,91.0020339440587
2022/12/14,1295.0,1332.0,1290.0,1331.0,196800,93.8178187481774,93.13084402118899
2022/12/15,1327.0,1343.0,1323.0,1325.0,149400,93.3962434134311,91.92516765559266
2022/12/16,1303.0,1317.0,1287.0,1289.0,253300,90.86986053769847,89.16684567264684
2022/12/19,1285.0,1292.0,1275.0,1285.0,119700,94.2798407362139,92.19817858956725
2022/12/20,1282.0,1292.0,1235.0,1239.0,358100,93.45872978210247,90.00297593214457
2022/12/21,1248.0,1255.0,1230.0,1238.0,191900,90.97202009728676,87.51708816285098
2022/12/22,1240.0,1250.0,1227.0,1237.0,188900,87.15220933063124,83.63670696175745
2022/12/23,1229.0,1230.0,1207.0,1207.0,196800,81.94275814670414,78.1867595737202
2022/12/26,1213.0,1224.0,1211.0,1224.0,152500,84.88182675892226,81.25774381274354
2022/12/27,1235.0,1253.0,1230.0,1253.0,131300,86.45240433485877,82.56320273010768
2022/12/28,1241.0,1252.0,1235.0,1249.0,147500,86.75261135869367,82.77620175982665
2022/12/29,1240.0,1250.0,1228.0,1250.0,105300,86.36492306865978,82.28018947303948
2022/12/30,1250.0,1257.0,1238.0,1241.0,167800,87.86456643168405,83.97637830469492
2023/01/04,1241.0,1241.0,1214.0,1220.0,133700,82.04650531075873,78.52301540369625
2023/01/05,1215.0,1231.0,1215.0,1221.0,163800,83.51636460447268,80.88639354975955
2023/01/06,1225.0,1242.0,1225.0,1238.0,125700,83.32613883047777,80.85617542723953
2023/01/10,1251.0,1270.0,1248.0,1270.0,152500,80.88089624483075,79.23995084629821
2023/01/11,1279.0,1304.0,1278.0,1299.0,152700,78.75915748808015,76.90617904520673
2023/01/12,1303.0,1372.0,1303.0,1353.0,488000,81.1424152121284,79.17938328155654
2023/01/13,1353.0,1369.0,1314.0,1321.0,255900,79.10962969691566,76.34976676062382
2023/01/16,1327.0,1327.0,1301.0,1306.0,132900,82.54651250660253,79.23459944606456
2023/01/17,1301.0,1318.0,1301.0,1310.0,72800,84.1459894722092,80.92509330657022
2023/01/18,1317.0,1376.0,1316.0,1370.0,316900,85.54042602601191,82.77897522571662
2023/01/19,1349.0,1377.0,1347.0,1353.0,136300,85.36777094063362,82.1344513632432
2023/01/20,1364.0,1416.0,1360.0,1407.0,316000,89.2491060116485,86.12156437721814
2023/01/23,1430.0,1430.0,1390.0,1410.0,242200,90.30338688497879,87.36779781889649
2023/01/24,1432.0,1439.0,1417.0,1421.0,266600,94.27656429079022,91.19123871803662
2023/01/25,1420.0,1442.0,1409.0,1438.0,243200,92.5496170791175,89.65413218673304
2023/01/26,1443.0,1479.0,1440.0,1462.0,344200,95.25116050463112,92.74714877075715
2023/01/27,1486.0,1487.0,1456.0,1470.0,252200,96.06754584834816,93.20690831572692
2023/01/30,1473.0,1486.0,1447.0,1457.0,230300,91.92865981445424,89.32354753885492
2023/01/31,1447.0,1454.0,1424.0,1429.0,315800,100.07056834679065,96.93963884634934
2023/02/01,1357.0,1413.0,1356.0,1372.0,464300,92.39918330450942,90.11276490457976
2023/02/02,1372.0,1372.0,1327.0,1337.0,328700,93.274187982542,91.66415726365894
2023/02/03,1320.0,1325.0,1295.0,1299.0,255500,88.80874696843709,87.23959131086666
2023/02/06,1311.0,1328.0,1308.0,1322.0,148200,88.91098606804488,87.93202729745518
2023/02/07,1344.0,1345.0,1310.0,1322.0,197100,85.996987796941,85.0899868246379
2023/02/08,1327.0,1327.0,1308.0,1322.0,164100,82.75229796791758,81.50649637294042
2023/02/09,1318.0,1374.0,1318.0,1363.0,267000,86.2875669140674,84.97010777552957
2023/02/10,1346.0,1384.0,1346.0,1360.0,232700,84.4501138437277,83.84885187462865
2023/02/13,1377.0,1385.0,1361.0,1367.0,209300,85.63888662263172,84.67632968540451
2023/02/14,1388.0,1398.0,1379.0,1390.0,164400,83.30403254791479,82.22475772018926
2023/02/15,1395.0,1414.0,1395.0,1406.0,196400,85.91679355167143,84.2669166642682
2023/02/16,1417.0,1433.0,1406.0,1430.0,235700,84.14514254112184,82.5903323741824
2023/02/17,1430.0,1449.0,1419.0,1419.0,223900,84.01386989863833,82.33208654578878
2023/02/20,1425.0,1429.0,1410.0,1416.0,109000,82.72908790731174,80.87015055915923
2023/02/21,1425.0,1468.0,1425.0,1449.0,278700,84.7005815305914,82.85218402234234
2023/02/22,1432.0,1450.0,1422.0,1432.0,151900,84.64613822716409,83.0778902490185
2023/02/24,1436.0,1439.0,1417.0,1430.0,153000,82.48271257414373,80.70201907907978
2023/02/27,1438.0,1460.0,1431.0,1453.0,189600,80.77396273144018,79.07019310977007
2023/02/28,1463.0,1476.0,1438.0,1448.0,243900,83.16501990654697,80.9267040956971
2023/03/01,1453.0,1480.0,1453.0,1478.0,187600,76.58850652066855,74.33832429005717
2023/03/02,1481.0,1488.0,1461.0,1475.0,182300,75.22779398487219,73.43565749347205
2023/03/03,1483.0,1496.0,1470.0,1485.0,217000,75.25801498962689,73.89037406675574
2023/03/06,1501.0,1553.0,1500.0,1531.0,440200,76.78034920621616,75.72838419851831
2023/03/07,1515.0,1528.0,1509.0,1527.0,160700,89.20795641908931,87.66504489481864
2023/03/08,1513.0,1516.0,1484.0,1498.0,257000,89.16008145284769,87.98072010019077
2023/03/09,1505.0,1520.0,1494.0,1519.0,165000,91.3169517600122,89.89948496369678
2023/03/10,1494.0,1501.0,1456.0,1470.0,350300,87.21222043162993,86.40356429574898
2023/03/13,1443.0,1459.0,1432.0,1459.0,158400,85.75527312291864,85.41720523195586
2023/03/14,1440.0,1441.0,1401.0,1433.0,207200,90.27525910912719,90.93602285374313
2023/03/15,1462.0,1464.0,1442.0,1456.0,161900,93.20245191630377,93.14044096110007
2023/03/16,1396.0,1423.0,1386.0,1415.0,209000,92.46756200496345,91.86597805622598
2023/03/17,1434.0,1443.0,1404.0,1424.0,175800,87.18779287324222,86.55980690378729
2023/03/20,1405.0,1421.0,1402.0,1402.0,136500,82.44979084380155,81.79432460167745
2023/03/22,1427.0,1433.0,1421.0,1427.0,139400,86.25211434905472,85.16663039791872
2023/03/23,1422.0,1429.0,1406.0,1426.0,93300,85.5427209935254,84.47396044820596
2023/03/24,1416.0,1437.0,1413.0,1426.0,101700,86.07243677017681,84.85443312106857
2023/03/27,1449.0,1449.0,1417.0,1427.0,159100,89.69434441266154,88.71363861034685
2023/03/28,1437.0,1443.0,1422.0,1433.0,147500,89.65457400485437,88.43441708664805
2023/03/29,1440.0,1460.0,1433.0,1460.0,195800,92.06475008550748,90.31377035060336
2023/03/30,1430.0,1437.0,1405.0,1421.0,117000,90.3472470326205,88.54271289218781
2023/03/31,1427.0,1455.0,1425.0,1428.0,146100,91.01277959507465,89.52090817813014
2023/04/03,1456.0,1456.0,1429.0,1437.0,90600,91.87614454512448,90.40827331999164
2023/04/04,1437.0,1442.0,1429.0,1442.0,71400,91.15445205926429,89.41460592867591
2023/04/05,1419.0,1423.0,1393.0,1394.0,133100,90.18397727899344,88.89380603168348
2023/04/06,1378.0,1387.0,1368.0,1373.0,160100,90.12813048313171,88.87527659567043
2023/04/07,1374.0,1383.0,1368.0,1379.0,67200,87.64191908513926,86.24974128441755
2023/04/10,1393.0,1399.0,1387.0,1396.0,45500,88.79241351532374,87.45941089192821
2023/04/11,1402.0,1413.0,1393.0,1413.0,67800,87.61492825441914,86.9192581069634
2023/04/12,1414.0,1422.0,1408.0,1412.0,76400,87.9278462429643,86.63070466738826
2023/04/13,1408.0,1408.0,1395.0,1400.0,74200,85.3459287083822,84.04043727832037
2023/04/14,1420.0,1420.0,1407.0,1408.0,70900,84.62739574437506,83.60445597099894
2023/04/17,1404.0,1406.0,1391.0,1399.0,83600,83.9626285241368,82.86191486854688
2023/04/18,1400.0,1409.0,1390.0,1405.0,74500,82.01765941214357,80.90809378694036
2023/04/19,1404.0,1410.0,1394.0,1410.0,79600,85.12321997009363,83.9758940842264
2023/04/20,1403.0,1404.0,1393.0,1401.0,53000,87.24113665499019,85.76798072100821
2023/04/21,1401.0,1415.0,1396.0,1401.0,86700,88.15881040997394,86.9738611451601
2023/04/24,1397.0,1397.0,1384.0,1386.0,86500,90.32390632087434,89.46001006341244
2023/04/25,1390.0,1394.0,1368.0,1370.0,97100,89.43977485781271,88.18895794915032
2023/04/26,1358.0,1359.0,1337.0,1351.0,169300,89.73502283732981,88.84837493808779
2023/04/27,1344.0,1371.0,1340.0,1370.0,77700,89.01532479454305,88.18363425385377
2023/04/28,1388.0,1389.0,1376.0,1388.0,94900,89.58167772370163,88.93396155599174
2023/05/01,1390.0,1414.0,1389.0,1412.0,114500,90.29597242929285,89.57574078173323
2023/05/02,1416.0,1420.0,1400.0,1405.0,103000,91.63302333243793,91.33433455958286
2023/05/08,1405.0,1428.0,1402.0,1426.0,136300,96.89282952961797,96.65516028270827
2023/05/09,1428.0,1438.0,1424.0,1430.0,88300,97.30757008571653,96.55310880981651
2023/05/10,1438.0,1453.0,1411.0,1416.0,147900,99.81040206845606,98.40527997697623
2023/05/11,1400.0,1403.0,1385.0,1403.0,98800,100.91828275503532,100.24303297534847
2023/05/12,1386.0,1398.0,1326.0,1368.0,407300,94.33928664362054,93.28867617798237
2023/05/15,1366.0,1384.0,1343.0,1356.0,154900,95.14961984010593,93.55406946393138
2023/05/16,1369.0,1375.0,1339.0,1351.0,179200,93.41283967868087,91.76254463204927
2023/05/17,1339.0,1344.0,1326.0,1330.0,127100,86.49838659389538,85.44247713329233
2023/05/18,1340.0,1344.0,1326.0,1342.0,105800,86.74519640995612,86.58774487080245
2023/05/19,1342.0,1349.0,1333.0,1336.0,133900,83.90263961296588,83.95660631044456
2023/05/22,1333.0,1336.0,1321.0,1331.0,97500,82.16670512259887,82.36746157011818
2023/05/23,1337.0,1350.0,1326.0,1326.0,104700,82.96095901600657,83.43577890153155
2023/05/24,1316.0,1335.0,1315.0,1320.0,110900,83.4695274337183,83.69804868983455
2023/05/25,1315.0,1325.0,1308.0,1319.0,77600,84.76948184554088,85.85862017033845
2023/05/26,1320.0,1320.0,1292.0,1298.0,173200,83.16645005433355,84.4387127910848
2023/05/29,1318.0,1324.0,1313.0,1315.0,82300,84.72886474057749,86.03104866318843
2023/05/30,1310.0,1313.0,1297.0,1304.0,75200,85.05554261533635,86.52457554463689
2023/05/31,1293.0,1295.0,1268.0,1275.0,201000,82.61047757960634,84.5561508662305
2023/06/01,1275.0,1284.0,1269.0,1278.0,81000,82.76592993404837,84.28699956637496
2023/06/02,1288.0,1293.0,1278.0,1289.0,129600,82.31677069639024,82.78619268343047
2023/06/05,1314.0,1322.0,1310.0,1318.0,138500,84.09617154075242,84.78249554594085
2023/06/06,1309.0,1327.0,1302.0,1327.0,91800,82.60209985341055,83.66112644114288
2023/06/07,1331.0,1335.0,1305.0,1308.0,136600,85.84539837811582,86.63933373421759
2023/06/08,1322.0,1323.0,1294.0,1299.0,92700,86.02614384195128,86.58337852411987
2023/06/09,1303.0,1319.0,1303.0,1311.0,104600,84.55930754615851,85.65780361827595
2023/06/12,1319.0,1322.0,1311.0,1317.0,74900,84.81729908854196,86.55847705294742
2023/06/13,1326.0,1329.0,1316.0,1322.0,82800,82.84427063765409,85.19706016162644
2023/06/14,1334.0,1362.0,1334.0,1358.0,153400,86.54620537796711,89.08499193163864
2023/06/15,1347.0,1363.0,1347.0,1354.0,70000,86.12061159397471,88.83658290378813
2023/06/16,1350.0,1359.0,1346.0,1359.0,130900,86.87184313945183,90.00893527832491
2023/06/19,1362.0,1363.0,1333.0,1342.0,89300,88.42971183980823,90.93121239009933
2023/06/20,1340.0,1340.0,1329.0,1337.0,55500,84.8254385124697,87.70357418814932
2023/06/21,1330.0,1359.0,1330.0,1353.0,142500,87.59484664550905,90.79061706260043
2023/06/22,1360.0,1388.0,1360.0,1380.0,123900,90.55207533991644,92.8054458619718
2023/06/23,1380.0,1382.0,1346.0,1351.0,88300,89.85949504738704,91.65197301201754
2023/06/26,1355.0,1366.0,1344.0,1352.0,52800,90.47624537416678,91.94026928792181
2023/06/27,1361.0,1363.0,1351.0,1362.0,93000,91.3101220086608,92.95555440099939
2023/06/28,1369.0,1398.0,1368.0,1398.0,107000,92.15543524349937,94.01324532945539
2023/06/29,1399.0,1402.0,1391.0,1394.0,74500,92.48548839154334,94.88148169370992
2023/06/30,1394.0,1403.0,1384.0,1396.0,74400,91.90447176397691,94.81359017601721
2023/07/03,1410.0,1421.0,1406.0,1411.0,89500,91.26169584038396,94.88659437660117
2023/07/04,1419.0,1446.0,1419.0,1440.0,157200,93.54542915951883,96.40453149745191
2023/07/05,1441.0,1459.0,1430.0,1459.0,148400,96.58054862972644,99.2605200752137
2023/07/06,1453.0,1470.0,1450.0,1454.0,152400,100.7952439894103,103.08211750591167
2023/07/07,1437.0,1500.0,1432.0,1464.0,239400,100.6391715985651,102.88993250969946
2023/07/10,1485.0,1485.0,1464.0,1467.0,162500,101.74283680834728,104.25229075696156
2023/07/11,1481.0,1483.0,1448.0,1450.0,144800,101.96355421830474,104.99250807364075
2023/07/12,1467.0,1471.0,1450.0,1453.0,84300,104.27809575534381,106.9642604785846
2023/07/13,1455.0,1467.0,1453.0,1460.0,84700,102.9057760348037,105.68355305135684
2023/07/14,1470.0,1475.0,1463.0,1468.0,106400,104.12321588615146,106.4118278961172
2023/07/18,1480.0,1487.0,1465.0,1479.0,92600,102.78011307486474,104.64833602898287
2023/07/19,1485.0,1494.0,1477.0,1488.0,118900,102.62892423468155,104.17068337673734
2023/07/20,1495.0,1504.0,1480.0,1483.0,123600,102.75647342857977,103.59977995936241
2023/07/21,1483.0,1515.0,1481.0,1515.0,178900,106.69418492835736,106.75771297343721
2023/07/24,1526.0,1544.0,1525.0,1539.0,132400,107.46959004323804,108.07817444995875
2023/07/25,1551.0,1570.0,1542.0,1557.0,181800,106.85309201083963,107.3687533188594
2023/07/26,1563.0,1584.0,1560.0,1573.0,201000,108.58664328902974,109.07892445209765
2023/07/27,1570.0,1570.0,1544.0,1561.0,156900,108.20577521661664,108.6456403173808
2023/07/28,1536.0,1542.0,1510.0,1530.0,156500,105.30890195361708,105.11103774129371
2023/07/31,1540.0,1549.0,1519.0,1549.0,199500,102.28239791579506,102.29020903112256
2023/08/01,1431.0,1481.0,1429.0,1446.0,476300,96.27925336534393,96.21954706034302
2023/08/02,1440.0,1466.0,1431.0,1441.0,205100,97.9345031762351,96.85452131445919
2023/08/03,1431.0,1436.0,1407.0,1415.0,188900,98.32076588779366,96.3513725835962
2023/08/04,1430.0,1461.0,1428.0,1448.0,158700,99.08713586990858,96.91502774268345
2023/08/07,1450.0,1463.0,1433.0,1436.0,125400,97.57019411743293,95.18472502671123
2023/08/08,1452.0,1456.0,1410.0,1411.0,159300,95.03397736066893,92.88223239315614
2023/08/09,1423.0,1425.0,1400.0,1401.0,127300,94.32870601825786,92.50500721809176
2023/08/10,1403.0,1419.0,1392.0,1416.0,130000,94.30145364010518,91.88950775121472
2023/08/14,1420.0,1430.0,1404.0,1411.0,125200,96.70365957130362,93.44994860447048
2023/08/15,1417.0,1429.0,1411.0,1429.0,91200,99.27265055613948,95.93562901474093
2023/08/16,1416.0,1416.0,1390.0,1390.0,110600,98.20903727612055,94.77181462208748
2023/08/17,1396.0,1396.0,1356.0,1375.0,114300,95.98124519104202,92.65938877411006
2023/08/18,1360.0,1379.0,1359.0,1368.0,103800,95.11488698502684,92.18120209389645
2023/08/21,1370.0,1371.0,1357.0,1358.0,78200,93.14146648064158,90.7672692342102
2023/08/22,1359.0,1384.0,1358.0,1384.0,82800,93.43284471462223,91.02391030831025
2023/08/23,1386.0,1423.0,1384.0,1422.0,119000,93.37613574752277,91.20182606446483
2023/08/24,1430.0,1431.0,1405.0,1420.0,104400,93.12374430853052,91.26338044227514
2023/08/25,1410.0,1411.0,1401.0,1407.0,82500,94.11280678401167,90.76410360120579
2023/08/28,1420.0,1427.0,1416.0,1418.0,99900,91.70585733576033,89.45365181692202
2023/08/29,1428.0,1434.0,1418.0,1428.0,83300,91.19461584210701,89.07284747016007
2023/08/30,1439.0,1446.0,1427.0,1431.0,293500,91.82145749915253,89.68703967375579
2023/08/31,1435.0,1442.0,1427.0,1440.0,131400,92.58012927844052,90.61082451100624
2023/09/01,1445.0,1481.0,1441.0,1481.0,164200,96.52384993310116,93.79700804798657
2023/09/04,1485.0,1515.0,1485.0,1515.0,175300,96.52982124311632,93.54280113722506
2023/09/05,1518.0,1519.0,1492.0,1511.0,94200,94.0142686843746,91.08938884867015
2023/09/06,1507.0,1523.0,1501.0,1507.0,125600,95.58553417866187,92.74590163420923
2023/09/07,1506.0,1506.0,1477.0,1477.0,111500,94.1884201168446,90.94100899101097
2023/09/08,1467.0,1476.0,1448.0,1450.0,116300,93.49383631925066,90.0250850586233
2023/09/11,1458.0,1463.0,1434.0,1441.0,92100,93.00806770812532,88.7564637541553
2023/09/12,1457.0,1470.0,1448.0,1457.0,89700,92.71131082167993,88.64388451713151
2023/09/13,1463.0,1480.0,1459.0,1470.0,122500,92.41038571523686,88.95274744934305
2023/09/14,1475.0,1496.0,1468.0,1490.0,132800,93.45228604161002,90.15583485069723
2023/09/15,1501.0,1516.0,1492.0,1503.0,162100,93.11383833627004,90.41711751008567
2023/09/19,1506.0,1525.0,1506.0,1525.0,183700,96.8881074652043,93.2037611350447
2023/09/20,1542.0,1552.0,1493.0,1495.0,227500,94.8945927528406,91.59743261442217
2023/09/21,1500.0,1544.0,1500.0,1520.0,157600,97.10300688039581,93.6390551925178
2023/09/22,1505.0,1505.0,1476.0,1488.0,254800,98.44307554213201,94.67933740684242
2023/09/25,1498.0,1498.0,1479.0,1488.0,88600,97.61100362797247,94.31300318581324
2023/09/26,1490.0,1490.0,1468.0,1469.0,122300,96.86628166643366,93.02329942731511
2023/09/27,1469.0,1480.0,1453.0,1480.0,176200,97.12981994204294,93.65670051288653
2023/09/28,1301.0,1343.0,1301.0,1321.0,1017800,91.18216882705484,87.63656502578955
2023/09/29,1325.0,1328.0,1305.0,1306.0,390000,90.18603681775255,87.53177595074818
2023/10/02,1310.0,1324.0,1277.0,1277.0,475700,87.40327100855356,84.528062664504
2023/10/03,1277.0,1277.0,1235.0,1237.0,402500,83.96481852130275,81.43213533458503
2023/10/04,1213.0,1233.0,1194.0,1208.0,439700,84.83833989401724,82.32608131862133
2023/10/05,1222.0,1229.0,1204.0,1210.0,226000,84.26596907907575,81.42451961470282
2023/10/06,1219.0,1224.0,1205.0,1209.0,206900,83.94524983381572,80.81074873679417
2023/10/10,1227.0,1250.0,1226.0,1249.0,209400,83.36286331929847,81.12418932952868
2023/10/11,1262.0,1266.0,1245.0,1246.0,224900,83.5933355813543,81.90509898275617
2023/10/12,1246.0,1248.0,1235.0,1247.0,146000,80.10143676108189,78.54273631198134
2023/10/13,1236.0,1237.0,1214.0,1219.0,200100,80.52779496663011,78.97776805016382
2023/10/16,1216.0,1227.0,1211.0,1220.0,124800,81.95562930283327,80.11017769973981
2023/10/17,1219.0,1234.0,1210.0,1217.0,136500,80.96414815531371,79.24538950232424
2023/10/18,1224.0,1229.0,1209.0,1219.0,123900,81.07636429084127,79.10333512997329
2023/10/19,1209.0,1211.0,1196.0,1200.0,167000,81.06192035328415,78.97510076626374
2023/10/20,1200.0,1218.0,1198.0,1214.0,125900,83.41313525427833,80.90170023177163
2023/10/23,1213.0,1213.0,1194.0,1195.0,194400,81.23859232432402,78.69666425746288
2023/10/24,1193.0,1207.0,1170.0,1202.0,275700,82.64002758371637,80.17645307514071
2023/10/25,1210.0,1216.0,1190.0,1190.0,178800,81.30366189345125,78.85824591688065
2023/10/26,1181.0,1197.0,1173.0,1179.0,164900,82.1149437036988,78.72744865438919
2023/10/27,1189.0,1206.0,1185.0,1201.0,186300,82.44815398945155,79.40189089765698
2023/10/30,1209.0,1209.0,1191.0,1203.0,435500,84.26657047662034,81.0814881177889
2023/10/31,1197.0,1245.0,1196.0,1243.0,219900,88.48506750565348,84.8528492856541
2023/11/01,1248.0,1254.0,1233.0,1242.0,177200,86.5620627766747,83.04181750782526
2023/11/02,1248.0,1248.0,1224.0,1229.0,147600,83.03796991983108,80.4462247669465
2023/11/06,1245.0,1245.0,1228.0,1237.0,127000,81.5882546739637,79.43265143022332
2023/11/07,1239.0,1244.0,1233.0,1238.0,121300,81.49541927057074,79.17788690791384
2023/11/08,1238.0,1242.0,1202.0,1217.0,205300,81.03825000646675,79.51103879410428
2023/11/09,1228.0,1234.0,1211.0,1224.0,149400,80.83464955102215,79.74384888237009
2023/11/10,1224.0,1245.0,1166.0,1215.0,484400,81.80085094635548,79.77930965463042
2023/11/13,1220.0,1227.0,1201.0,1206.0,146700,79.24575395002942,77.3365286749519
2023/11/14,1215.0,1215.0,1187.0,1195.0,155400,75.7784954115538,74.13575482965645
2023/11/15,1210.0,1219.0,1197.0,1216.0,182500,76.79664085710107,75.9787325802662
2023/11/16,1208.0,1218.0,1184.0,1192.0,252300,74.94925551709653,74.45626459359698
2023/11/17,1181.0,1200.0,1181.0,1200.0,218600,74.28162816660469,73.561581220779
2023/11/20,1201.0,1207.0,1193.0,1196.0,163100,74.36972490562394,73.87440866184156
2023/11/21,1196.0,1203.0,1193.0,1199.0,121800,74.47990373399341,74.43627421909682
2023/11/22,1203.0,1210.0,1197.0,1205.0,190900,74.57433432036886,74.60987966904426
2023/11/24,1210.0,1221.0,1205.0,1221.0,155800,75.29360467785149,75.55335909186252
2023/11/27,1225.0,1232.0,1215.0,1216.0,110000,77.04048672220534,76.99729885934218
2023/11/28,1216.0,1219.0,1203.0,1210.0,135500,77.43133755973399,77.39399168990805
2023/11/29,1208.0,1219.0,1205.0,1206.0,146300,78.16879713547374,78.2030017692527
2023/11/30,1210.0,1215.0,1206.0,1207.0,149000,77.01586633030236,76.424650858589
2023/12/01,1210.0,1218.0,1199.0,1210.0,143100,77.87580435315998,76.86748773499885
2023/12/04,1207.0,1216.0,1203.0,1205.0,103600,78.38355037845174,77.19261741228614
2023/12/05,1200.0,1211.0,1197.0,1203.0,153000,79.34262223343825,77.63270150483956
2023/12/06,1205.0,1217.0,1203.0,1216.0,106400,77.97061052169994,76.87348793358039
2023/12/07,1207.0,1209.0,1192.0,1204.0,160500,78.38534798701495,76.84498388797702
2023/12/08,1195.0,1195.0,1166.0,1170.0,290600,77.36676135900453,75.5997459639256
2023/12/11,1196.0,1196.0,1167.0,1171.0,207200,76.83567994479137,75.10028477730602
2023/12/12,1172.0,1178.0,1166.0,1171.0,122600,77.50344661093838,76.06367211270815
2023/12/13,1167.0,1167.0,1145.0,1154.0,288900,74.1409862194812,72.80320818936586
2023/12/14,1160.0,1160.0,1127.0,1131.0,225200,73.2555973784489,72.58238720068175
2023/12/15,1150.0,1176.0,1144.0,1174.0,200200,76.0413404124755,76.15805963147683
2023/12/18,1169.0,1169.0,1152.0,1162.0,81300,75.18688719405027,75.53986240131633
2023/12/19,1165.0,1168.0,1152.0,1161.0,125100,74.94257530929607,76.51117684678863
2023/12/20,1166.0,1174.0,1156.0,1157.0,125000,73.23098139807686,75.3153449442016
2023/12/21,1152.0,1162.0,1150.0,1158.0,124300,74.87813666720805,76.79800657106756
2023/12/22,1160.0,1165.0,1150.0,1158.0,103100,75.88456751352565,77.93472264373966
2023/12/25,1161.0,1165.0,1141.0,1143.0,161800,74.15168242943278,76.00829730369114
2023/12/26,1145.0,1153.0,1139.0,1142.0,167800,72.37443938129542,74.43518622270805
2023/12/27,1144.0,1159.0,1143.0,1159.0,211900,72.56996943241403,74.89052643992282
2023/12/28,1158.0,1179.0,1152.0,1179.0,108300,73.38052590935742,75.68177509081212
2023/12/29,1180.0,1180.0,1169.0,1180.0,124200,74.14453531666062,76.01135317657408
2024/01/04,1180.0,1218.0,1172.0,1216.0,216000,77.24957851023224,78.24342824910356
2024/01/05,1216.0,1222.0,1210.0,1221.0,144000,76.75003527410598,77.29147584553243
2024/01/09,1230.0,1230.0,1214.0,1224.0,131000,74.71887674796552,75.12167543669236
2024/01/10,1223.0,1230.0,1216.0,1219.0,114700,72.05592810338693,72.98729916857324
2024/01/11,1228.0,1231.0,1218.0,1218.0,138900,67.93380260320528,69.18546278211399
2024/01/12,1220.0,1228.0,1207.0,1214.0,155300,67.4699509109538,70.1191133390218
2024/01/15,1208.0,1226.0,1208.0,1211.0,102200,66.69297992878616,69.28216578575861
2024/01/16,1213.0,1217.0,1197.0,1198.0,129500,67.10969378282789,69.49736690943755
2024/01/17,1199.0,1211.0,1191.0,1193.0,144600,65.75892078344376,67.4954411359913
2024/01/18,1191.0,1202.0,1190.0,1199.0,123200,65.97768145437391,68.11880595080896
2024/01/19,1201.0,1216.0,1201.0,1212.0,150100,63.60212305760354,66.12748798940203
2024/01/22,1219.0,1234.0,1211.0,1226.0,180200,64.0132683889885,66.46632540553908
2024/01/23,1232.0,1234.0,1220.0,1220.0,122600,64.18205871738918,66.63274775207378
2024/01/24,1235.0,1253.0,1228.0,1241.0,175800,65.26167580905316,67.58382957406909
2024/01/25,1242.0,1254.0,1238.0,1248.0,144300,64.45863007004519,66.70084514138266
2024/01/26,1249.0,1254.0,1236.0,1239.0,148800,64.55635114057947,66.90685816095713
2024/01/29,1242.0,1254.0,1240.0,1250.0,101000,65.32850516573662,67.23733636866235
2024/01/30,1253.0,1259.0,1248.0,1251.0,113100,66.33190855567443,68.4318588741504
2024/01/31,1250.0,1258.0,1241.0,1256.0,132000,68.99152091642787,70.77267417827996
2024/02/01,1243.0,1248.0,1215.0,1221.0,216100,69.49068327435099,70.82244508805509
2024/02/02,1225.0,1232.0,1211.0,1226.0,124000,71.80567083643122,73.21934856576911
2024/02/05,1225.0,1231.0,1219.0,1229.0,134700,70.8184655701155,71.96693857652537
2024/02/06,1221.0,1221.0,1206.0,1209.0,136300,70.01811228120171,71.4331321996545
2024/02/07,1209.0,1231.0,1209.0,1229.0,122100,71.05331883717163,72.33089913453541
2024/02/08,1224.0,1227.0,1209.0,1215.0,99900,66.70358898528919,69.04862381027435
2024/02/09,1211.0,1227.0,1208.0,1219.0,86400,67.21919975944786,69.6263702753845
2024/02/13,1220.0,1239.0,1216.0,1236.0,131100,64.65240959071195,67.85040120260399
2024/02/14,1230.0,1230.0,1213.0,1223.0,118700,63.44882870199212,66.89737149127954
2024/02/15,1226.0,1229.0,1208.0,1212.0,92000,61.51848215729032,65.43699393378213
2024/02/16,1221.0,1236.0,1220.0,1231.0,110800,62.01530581100207,65.83625137568102
2024/02/19,1233.0,1241.0,1229.0,1240.0,110900,62.67130961652057,66.33955027204989
2024/02/20,1243.0,1243.0,1234.0,1235.0,109500,61.03609941482658,64.67572108844668
2024/02/21,1230.0,1236.0,1223.0,1229.0,82100,60.796404734158536,64.52399807394092
2024/02/22,1242.0,1245.0,1233.0,1236.0,73900,60.690084356111086,64.5934744848194
2024/02/26,1236.0,1238.0,1215.0,1215.0,138000,58.449587805070365,62.32615540319305
2024/02/27,1215.0,1220.0,1209.0,1216.0,115500,58.73722482556606,62.49541513155313
2024/02/28,1216.0,1222.0,1212.0,1215.0,80000,57.692650006459125,61.396039651291986
2024/02/29,1210.0,1210.0,1188.0,1188.0,191100,56.54939225275514,60.038718659194444
2024/03/01,1188.0,1197.0,1188.0,1188.0,86900,55.97974684559246,59.629588620442874
2024/03/04,1193.0,1198.0,1187.0,1188.0,91700,54.629531445542156,58.39165757016568
2024/03/05,1187.0,1202.0,1183.0,1202.0,96500,55.57426268482234,59.18297172171679
2024/03/06,1201.0,1214.0,1193.0,1214.0,80100,57.49842364929037,60.87623423630686
2024/03/07,1220.0,1220.0,1202.0,1206.0,91000,57.3886385848478,60.485709342697845
2024/03/08,1206.0,1225.0,1206.0,1222.0,132600,58.9480889634845,61.934767922131584
2024/03/11,1215.0,1219.0,1197.0,1209.0,105500,59.41134598543679,62.175687369717636
2024/03/12,1201.0,1206.0,1185.0,1203.0,105400,58.90284219815778,61.52831785133661
2024/03/13,1212.0,1212.0,1194.0,1200.0,71600,57.99539104686913,60.995937960722124
2024/03/14,1210.0,1217.0,1201.0,1217.0,69400,59.86241142028111,62.59577536459414
2024/03/15,1218.0,1227.0,1213.0,1223.0,115900,60.64843910224087,63.00900721157493
2024/03/18,1233.0,1237.0,1227.0,1231.0,75700,59.53417706455832,62.233364143321445
2024/03/19,1232.0,1254.0,1231.0,1251.0,179400,60.192075898172746,62.55359799584384
2024/03/21,1264.0,1264.0,1254.0,1264.0,119500,59.54728955169837,62.04682993745496
2024/03/22,1264.0,1264.0,1250.0,1259.0,106400,59.13198789893227,61.36494521014902
2024/03/25,1253.0,1260.0,1244.0,1251.0,115800,59.60291069070669,61.91857658536498
2024/03/26,1250.0,1255.0,1244.0,1254.0,79700,59.609018448715545,61.88894569240423
2024/03/27,1257.0,1265.0,1254.0,1259.0,135800,58.987672391267566,61.47151439724424
2024/03/28,1230.0,1242.0,1221.0,1224.0,104000,59.57779412668095,62.10399480031866
2024/03/29,1225.0,1247.0,1225.0,1244.0,102500,60.511842871341294,63.04028499307791
2024/04/01,1250.0,1256.0,1233.0,1235.0,81200,60.86392765980395,63.7233830662869
2024/04/02,1235.0,1238.0,1214.0,1216.0,80900,59.876196606960264,62.83922569939509
2024/04/03,1222.0,1234.0,1213.0,1229.0,82900,62.154650900578666,64.62285124139314
2024/04/04,1242.0,1242.0,1230.0,1235.0,79900,62.13077609868317,64.57364845338745
2024/04/05,1228.0,1238.0,1221.0,1238.0,57100,63.358040092957026,65.28767194344304
2024/04/08,1238.0,1238.0,1216.0,1232.0,107700,61.98000865265,63.93422327927336
2024/04/09,1236.0,1242.0,1229.0,1236.0,97500,61.41215963936446,63.249952894465025
2024/04/10,1239.0,1255.0,1239.0,1252.0,101200,62.909008866967596,64.87944643368728
2024/04/11,1248.0,1262.0,1240.0,1260.0,118700,64.24843627313894,65.78679704109267
2024/04/12,1270.0,1288.0,1270.0,1286.0,170700,65.84574407508025,66.81315316490564
2024/04/15,1292.0,1345.0,1290.0,1345.0,376100,69.87555827563232,70.78058210151372
2024/04/16,1350.0,1358.0,1322.0,1336.0,420700,70.83580881208621,71.95335890765185
