date,open,high,low,close,volume
2014/03/25,24735.0,25600.0,24335.0,25030.0,401700
2014/03/26,25275.0,26145.0,25230.0,26100.0,443700
2014/03/27,25800.0,26405.0,25705.0,26275.0,366700
2014/03/28,26010.0,26395.0,25765.0,26380.0,280100
2014/03/31,26860.0,27350.0,26685.0,27225.0,318500
2014/04/01,27675.0,28000.0,27390.0,27870.0,426400
2014/04/02,27875.0,27985.0,27205.0,27230.0,373600
2014/04/03,27475.0,27520.0,27100.0,27370.0,223600
2014/04/04,27330.0,27425.0,26780.0,26900.0,236300
2014/04/07,26240.0,27000.0,26230.0,26695.0,221100
2014/04/08,26490.0,26590.0,26000.0,26070.0,170800
2014/04/09,25500.0,25715.0,25140.0,25380.0,268000
2014/04/10,25390.0,25795.0,25175.0,25300.0,180500
2014/04/11,24905.0,25440.0,24660.0,25290.0,182300
2014/04/14,24890.0,25065.0,24585.0,24605.0,218100
2014/04/15,25020.0,25065.0,24605.0,24635.0,106000
2014/04/16,24995.0,25165.0,24675.0,25165.0,162800
2014/04/17,25380.0,25430.0,24925.0,25025.0,139500
2014/04/18,25075.0,25340.0,24925.0,25335.0,84600
2014/04/21,25340.0,25480.0,25130.0,25390.0,77400
2014/04/22,25165.0,25400.0,24800.0,24835.0,105700
2014/04/23,25235.0,25235.0,24960.0,24995.0,123400
2014/04/24,25170.0,25300.0,24750.0,24830.0,96000
2014/04/25,24875.0,25155.0,24765.0,24965.0,99600
2014/04/28,24800.0,24800.0,24350.0,24425.0,91400
2014/04/30,24395.0,24700.0,24070.0,24275.0,193300
2014/05/01,24905.0,25215.0,24540.0,25120.0,179100
2014/05/02,24950.0,25005.0,24710.0,24790.0,122300
2014/05/07,24750.0,24750.0,24105.0,24110.0,165600
2014/05/08,24125.0,24305.0,24000.0,24020.0,163200
2014/05/09,23925.0,24495.0,23925.0,24350.0,113500
2014/05/12,24200.0,24390.0,23770.0,23780.0,132500
2014/05/13,24585.0,24760.0,24055.0,24380.0,173200
2014/05/14,24385.0,24640.0,24195.0,24510.0,156900
2014/05/15,24010.0,24795.0,23910.0,24745.0,139400
2014/05/16,24690.0,24750.0,24200.0,24495.0,185600
2014/05/19,24360.0,24665.0,24210.0,24490.0,127000
2014/05/20,24700.0,24700.0,24255.0,24345.0,163300
2014/05/21,24425.0,24540.0,24150.0,24330.0,183200
2014/05/22,24550.0,24850.0,24280.0,24775.0,167400
2014/05/23,25000.0,25490.0,25000.0,25375.0,135200
2014/05/26,25860.0,25945.0,25490.0,25900.0,161000
2014/05/27,25815.0,26145.0,25615.0,25785.0,154200
2014/05/28,26190.0,26375.0,26060.0,26115.0,179400
2014/05/29,26145.0,26405.0,26020.0,26090.0,150400
2014/05/30,26050.0,26660.0,26050.0,26600.0,378200
2014/06/02,27050.0,27445.0,26865.0,27390.0,178800
2014/06/03,27605.0,27940.0,27400.0,27820.0,310100
2014/06/04,27835.0,27970.0,27350.0,27845.0,416200
2014/06/05,27845.0,27955.0,27755.0,27935.0,235600
2014/06/06,27940.0,27990.0,27775.0,27945.0,259400
2014/06/09,27980.0,27980.0,27140.0,27185.0,355300
2014/06/10,27185.0,27530.0,27165.0,27440.0,161500
2014/06/11,27360.0,27890.0,27355.0,27890.0,222800
2014/06/12,27690.0,28100.0,27645.0,27965.0,253500
2014/06/13,27965.0,28040.0,27450.0,27805.0,292600
2014/06/16,26805.0,27410.0,26505.0,27170.0,319000
2014/06/17,27670.0,27830.0,27540.0,27810.0,219600
2014/06/18,27725.0,28175.0,27645.0,28100.0,168600
2014/06/19,27905.0,28500.0,27825.0,28485.0,239700
2014/06/20,28160.0,28175.0,27785.0,27890.0,332000
2014/06/23,27800.0,27835.0,27415.0,27500.0,244300
2014/06/24,27525.0,27540.0,27120.0,27380.0,245900
2014/06/25,27085.0,27110.0,26635.0,26730.0,350000
2014/06/26,26995.0,27250.0,26830.0,26955.0,175000
2014/06/27,27000.0,27075.0,26605.0,26815.0,165000
2014/06/30,27110.0,27145.0,26790.0,27110.0,114500
2014/07/01,27280.0,27690.0,27025.0,27490.0,162600
2014/07/02,27990.0,28110.0,27605.0,27670.0,191500
2014/07/03,27915.0,27995.0,27690.0,27975.0,129600
2014/07/04,28070.0,28280.0,27960.0,28215.0,153600
2014/07/07,28300.0,28300.0,28020.0,28090.0,82900
2014/07/08,27780.0,28010.0,27340.0,27775.0,147400
2014/07/09,27505.0,27950.0,27505.0,27705.0,125600
2014/07/10,27650.0,27695.0,27225.0,27255.0,152600
2014/07/11,26795.0,27130.0,26735.0,26900.0,120900
2014/07/14,26905.0,27160.0,26750.0,27120.0,82600
2014/07/15,27290.0,27460.0,27110.0,27235.0,83600
2014/07/16,26915.0,27530.0,26915.0,27450.0,103000
2014/07/17,27450.0,27565.0,27310.0,27395.0,66000
2014/07/18,26900.0,27140.0,26840.0,27055.0,105900
2014/07/22,27250.0,27355.0,27020.0,27175.0,108300
2014/07/23,27180.0,27300.0,27085.0,27195.0,89200
2014/07/24,27175.0,27345.0,26950.0,27220.0,146200
2014/07/25,27450.0,27815.0,27300.0,27765.0,175900
2014/07/28,27720.0,28050.0,27640.0,27975.0,143600
2014/07/29,27970.0,28165.0,27840.0,28090.0,74700
2014/07/30,28055.0,28250.0,27960.0,28160.0,117600
2014/07/31,28395.0,29220.0,28375.0,28805.0,281500
2014/08/01,28355.0,28485.0,28055.0,28430.0,227100
2014/08/04,28185.0,28300.0,27965.0,28060.0,124600
2014/08/05,28090.0,28160.0,27405.0,27430.0,152400
2014/08/06,27425.0,27425.0,27090.0,27350.0,145100
2014/08/07,27350.0,27460.0,26875.0,27410.0,165900
2014/08/08,27275.0,27540.0,26450.0,26720.0,184800
2014/08/11,27705.0,28200.0,27540.0,27960.0,274900
2014/08/12,27965.0,27975.0,26905.0,27305.0,363800
2014/08/13,27160.0,27295.0,26525.0,26915.0,261300
2014/08/14,27200.0,27320.0,27070.0,27235.0,130400
2014/08/15,27245.0,27350.0,27110.0,27165.0,107400
2014/08/18,27055.0,27350.0,26950.0,27325.0,77100
2014/08/19,27650.0,27845.0,27650.0,27760.0,96100
2014/08/20,27900.0,27960.0,27685.0,27725.0,72400
2014/08/21,27600.0,28075.0,27565.0,27975.0,98700
2014/08/22,28015.0,28125.0,27570.0,27575.0,113400
2014/08/25,27975.0,28120.0,27570.0,28035.0,110100
2014/08/26,28030.0,28195.0,27835.0,27850.0,125300
2014/08/27,28110.0,28170.0,27695.0,27835.0,146300
2014/08/28,27400.0,27640.0,27170.0,27245.0,252500
2014/08/29,27160.0,27675.0,27160.0,27195.0,169400
2014/09/01,27160.0,27385.0,27160.0,27265.0,67500
2014/09/02,27490.0,27970.0,27420.0,27855.0,126000
2014/09/03,28100.0,28425.0,28090.0,28155.0,161100
2014/09/04,28280.0,28295.0,28060.0,28135.0,104900
2014/09/05,28275.0,28375.0,28155.0,28155.0,103800
2014/09/08,28380.0,28440.0,28190.0,28280.0,94800
2014/09/09,28320.0,28385.0,28080.0,28300.0,97100
2014/09/10,28030.0,28425.0,28010.0,28425.0,95200
2014/09/11,28550.0,28595.0,28320.0,28425.0,72000
2014/09/12,28580.0,28620.0,28395.0,28565.0,164900
2014/09/16,28345.0,28570.0,28290.0,28500.0,140800
2014/09/17,28370.0,28565.0,28010.0,28040.0,183600
2014/09/18,28300.0,28860.0,28300.0,28790.0,123400
2014/09/19,29145.0,30200.0,28890.0,30155.0,305000
2014/09/22,30225.0,30265.0,29565.0,29710.0,167100
2014/09/24,29245.0,29830.0,29200.0,29805.0,122700
2014/09/25,30070.0,31235.0,30030.0,31235.0,280200
2014/09/26,30800.0,30940.0,30415.0,30545.0,144400
2014/09/29,30980.0,31005.0,30640.0,30835.0,124800
2014/09/30,30535.0,30750.0,30080.0,30250.0,211700
2014/10/01,30405.0,30515.0,30000.0,30045.0,105700
2014/10/02,29500.0,29615.0,28740.0,28840.0,247100
2014/10/03,28600.0,29250.0,28600.0,29240.0,117800
2014/10/06,29600.0,29900.0,29145.0,29625.0,209700
2014/10/07,29800.0,30285.0,29705.0,29955.0,216400
2014/10/08,29455.0,29565.0,29200.0,29430.0,215000
2014/10/09,29465.0,29500.0,28555.0,28590.0,204700
2014/10/10,27660.0,28015.0,27465.0,27680.0,347800
2014/10/14,26705.0,27205.0,26705.0,26815.0,311700
2014/10/15,27100.0,27335.0,26860.0,27265.0,206600
2014/10/16,26765.0,27070.0,26505.0,26640.0,401400
2014/10/17,26835.0,27220.0,26395.0,26425.0,273000
2014/10/20,27430.0,27860.0,27320.0,27735.0,273900
2014/10/21,27735.0,27800.0,26995.0,27075.0,143300
2014/10/22,27550.0,27920.0,27455.0,27890.0,219900
2014/10/23,27755.0,27975.0,27470.0,27910.0,146500
2014/10/24,28410.0,28500.0,27950.0,28260.0,200600
2014/10/27,28490.0,28565.0,28050.0,28405.0,163200
2014/10/28,28110.0,28280.0,27760.0,27980.0,192200
2014/10/29,28450.0,28875.0,28205.0,28705.0,181500
2014/10/30,29070.0,29345.0,28800.0,29280.0,365600
2014/10/31,29630.0,31125.0,29630.0,31070.0,373900
2014/11/04,31800.0,31900.0,31010.0,31290.0,584500
2014/11/05,31220.0,31370.0,30725.0,31155.0,376100
2014/11/06,31375.0,31425.0,30585.0,30590.0,338000
2014/11/07,30745.0,30950.0,30635.0,30845.0,216900
2014/11/10,30220.0,31090.0,30160.0,30840.0,164400
2014/11/11,30980.0,30980.0,30040.0,30450.0,367000
2014/11/12,30980.0,31530.0,30865.0,31235.0,391800
2014/11/13,31490.0,31540.0,31135.0,31500.0,163700
2014/11/14,32000.0,32000.0,31195.0,31500.0,209300
2014/11/17,31140.0,31245.0,30250.0,30295.0,149200
2014/11/18,30990.0,31530.0,30965.0,31500.0,222500
2014/11/19,31900.0,32065.0,31560.0,31765.0,163700
2014/11/20,31800.0,31950.0,31640.0,31775.0,150200
2014/11/21,31800.0,31925.0,31305.0,31850.0,233900
2014/11/25,32500.0,32560.0,32030.0,32275.0,190900
2014/11/26,32135.0,32475.0,31940.0,32305.0,126200
2014/11/27,32260.0,33025.0,32200.0,32380.0,202700
2014/11/28,32315.0,32820.0,32315.0,32610.0,167400
2014/12/01,32665.0,33160.0,32560.0,32610.0,186300
2014/12/02,32200.0,32805.0,32160.0,32725.0,218100
2014/12/03,33250.0,33500.0,32765.0,32770.0,240200
2014/12/04,33300.0,33415.0,33020.0,33115.0,147500
2014/12/05,33265.0,33700.0,32980.0,33645.0,259900
2014/12/08,33905.0,33975.0,33350.0,33640.0,143500
2014/12/09,33430.0,33490.0,32955.0,33045.0,138300
2014/12/10,32345.0,32855.0,31690.0,31950.0,258800
2014/12/11,31245.0,31980.0,31040.0,31715.0,201700
2014/12/12,31585.0,32130.0,31570.0,31645.0,300700
2014/12/15,31090.0,31585.0,31065.0,31320.0,155500
2014/12/16,30920.0,31100.0,30390.0,30820.0,228800
2014/12/17,31015.0,31195.0,30655.0,30865.0,244800
2014/12/18,31810.0,32160.0,31235.0,31325.0,303500
2014/12/19,31880.0,32080.0,31515.0,31730.0,229600
2014/12/22,32000.0,32025.0,31660.0,31875.0,131000
2014/12/24,32400.0,32570.0,32090.0,32175.0,173700
2014/12/25,32150.0,32340.0,32015.0,32075.0,85600
2014/12/26,32050.0,32880.0,32025.0,32800.0,141200
2014/12/29,33000.0,33000.0,32235.0,32605.0,318600
2014/12/30,32755.0,32770.0,31950.0,31970.0,228100
2015/01/05,31655.0,32310.0,31470.0,32025.0,340000
2015/01/06,31620.0,31695.0,31175.0,31270.0,286800
2015/01/07,31000.0,31110.0,30580.0,30630.0,271800
2015/01/08,31040.0,31220.0,30770.0,31020.0,166800
2015/01/09,31130.0,31205.0,30865.0,31060.0,180400
2015/01/13,30415.0,30825.0,29835.0,30790.0,349300
2015/01/14,30445.0,30655.0,30080.0,30095.0,175600
2015/01/15,30320.0,30825.0,30215.0,30735.0,148700
2015/01/16,30345.0,30610.0,30065.0,30605.0,228700
2015/01/19,30935.0,31065.0,30295.0,30585.0,147000
2015/01/20,30750.0,31425.0,30670.0,31285.0,192500
2015/01/21,30935.0,30970.0,30625.0,30710.0,255800
2015/01/22,30685.0,30765.0,30390.0,30765.0,140100
2015/01/23,31235.0,31330.0,30930.0,31085.0,161600
2015/01/26,30600.0,31500.0,30550.0,31490.0,195700
2015/01/27,31935.0,32195.0,31810.0,32035.0,262000
2015/01/28,31940.0,32100.0,31680.0,31925.0,219400
2015/01/29,31880.0,32130.0,31450.0,31565.0,303600
2015/01/30,32000.0,32115.0,31805.0,31870.0,303700
2015/02/02,31465.0,31805.0,31355.0,31685.0,161600
2015/02/03,32150.0,32310.0,31150.0,31205.0,211600
2015/02/04,31895.0,32350.0,31545.0,31770.0,216300
2015/02/05,31765.0,31895.0,31385.0,31470.0,170500
2015/02/06,31900.0,31940.0,31550.0,31645.0,99100
2015/02/09,32200.0,32200.0,31300.0,31500.0,266100
2015/02/10,31725.0,31860.0,31235.0,31345.0,192500
2015/02/12,31000.0,31695.0,31000.0,31515.0,334500
2015/02/13,31425.0,31780.0,31310.0,31560.0,221300
2015/02/16,31700.0,31995.0,31445.0,31500.0,217100
2015/02/17,31255.0,31785.0,31020.0,31660.0,166500
2015/02/18,32040.0,33155.0,32000.0,32920.0,383400
2015/02/19,32815.0,33750.0,32580.0,33435.0,266400
2015/02/20,33835.0,34040.0,33605.0,34000.0,430000
2015/02/23,33885.0,33975.0,33205.0,33340.0,251300
2015/02/24,33075.0,33180.0,32545.0,33050.0,274300
2015/02/25,32900.0,33180.0,32740.0,32785.0,196200
2015/02/26,33000.0,33135.0,32700.0,33045.0,177700
2015/02/27,33190.0,33750.0,33100.0,33275.0,362500
2015/03/02,33075.0,33395.0,32980.0,33015.0,177500
2015/03/03,33510.0,33535.0,32815.0,33045.0,162000
2015/03/04,33045.0,33680.0,32610.0,33480.0,247600
2015/03/05,33635.0,33635.0,32990.0,33185.0,189800
2015/03/06,33050.0,33550.0,33050.0,33430.0,156500
2015/03/09,33065.0,33200.0,32735.0,32990.0,168000
2015/03/10,32955.0,33315.0,32855.0,33180.0,195000
2015/03/11,33275.0,33690.0,32940.0,33565.0,140500
2015/03/12,33480.0,33930.0,33480.0,33665.0,217200
2015/03/13,33700.0,36880.0,33700.0,36635.0,765500
2015/03/16,36055.0,36825.0,36055.0,36460.0,288100
2015/03/17,37095.0,37775.0,36860.0,37025.0,362400
2015/03/18,37000.0,37680.0,36830.0,37325.0,272300
2015/03/19,37025.0,37315.0,36315.0,36740.0,253700
2015/03/20,36740.0,36905.0,36335.0,36470.0,246500
2015/03/23,36840.0,37170.0,36630.0,36775.0,200000
2015/03/24,36310.0,36730.0,36180.0,36345.0,296000
2015/03/25,36340.0,36690.0,35995.0,36520.0,197100
2015/03/26,36345.0,36345.0,35535.0,35785.0,174500
2015/03/27,35695.0,36580.0,35365.0,35680.0,193200
2015/03/30,36130.0,36195.0,35555.0,36055.0,161200
2015/03/31,36785.0,36860.0,35845.0,35845.0,205900
2015/04/01,35520.0,35700.0,34930.0,35225.0,300500
2015/04/02,35925.0,36880.0,35730.0,36480.0,334100
2015/04/03,36645.0,36705.0,36280.0,36705.0,147300
2015/04/06,36295.0,36825.0,36295.0,36510.0,109300
2015/04/07,36910.0,37450.0,36675.0,37265.0,236100
2015/04/08,37550.0,37880.0,37465.0,37655.0,181900
2015/04/09,37790.0,37840.0,37400.0,37840.0,137600
2015/04/10,38075.0,38190.0,37345.0,37420.0,172800
2015/04/13,37450.0,37665.0,37010.0,37125.0,136600
2015/04/14,36790.0,37245.0,36790.0,37070.0,119700
2015/04/15,36760.0,37465.0,36760.0,37235.0,101200
2015/04/16,37010.0,37360.0,36500.0,36775.0,189800
2015/04/17,36585.0,36825.0,36000.0,36000.0,190100
2015/04/20,35505.0,36060.0,35325.0,35345.0,333700
2015/04/21,35410.0,35895.0,35320.0,35770.0,254100
2015/04/22,36020.0,36520.0,35955.0,36440.0,182000
2015/04/23,36700.0,36745.0,36095.0,36375.0,118800
2015/04/24,36070.0,36360.0,35810.0,35985.0,163600
2015/04/27,36070.0,36110.0,35685.0,35960.0,117700
2015/04/28,36985.0,37915.0,36800.0,37745.0,300700
2015/04/30,36905.0,37130.0,36140.0,36180.0,245400
2015/05/01,36090.0,36370.0,35515.0,35835.0,167200
2015/05/07,35210.0,36220.0,35210.0,36000.0,320300
2015/05/08,36400.0,36605.0,35285.0,35405.0,203300
2015/05/11,35950.0,35950.0,35440.0,35705.0,159600
2015/05/12,36485.0,36695.0,35980.0,36505.0,205500
2015/05/13,36115.0,36720.0,35985.0,36690.0,232000
2015/05/14,36430.0,36770.0,36165.0,36165.0,142700
2015/05/15,36400.0,37155.0,36360.0,36975.0,141000
2015/05/18,35500.0,36390.0,35500.0,36300.0,287700
2015/05/19,36050.0,36230.0,35600.0,35695.0,323500
2015/05/20,36000.0,36000.0,35505.0,35540.0,348600
2015/05/21,35895.0,36485.0,35595.0,36110.0,278900
2015/05/22,36615.0,36890.0,36425.0,36755.0,209800
2015/05/25,36800.0,36860.0,36355.0,36505.0,139200
2015/05/26,36250.0,36585.0,36120.0,36435.0,118200
2015/05/27,36435.0,36970.0,36390.0,36875.0,138500
2015/05/28,36995.0,37660.0,36730.0,37185.0,229500
2015/05/29,37350.0,37695.0,37030.0,37650.0,225300
2015/06/01,37500.0,37895.0,37335.0,37870.0,139800
2015/06/02,38150.0,38800.0,38150.0,38700.0,285600
2015/06/03,38700.0,39195.0,38630.0,39030.0,295600
2015/06/04,39000.0,39230.0,38770.0,39115.0,232100
2015/06/05,39060.0,39265.0,38735.0,39025.0,201000
2015/06/08,39025.0,39060.0,38195.0,38490.0,123000
2015/06/09,38020.0,38290.0,37735.0,37850.0,192500
2015/06/10,37525.0,38155.0,37525.0,37550.0,203500
2015/06/11,38450.0,38450.0,37620.0,37880.0,167300
2015/06/12,37885.0,38230.0,37535.0,38155.0,227800
2015/06/15,37635.0,38175.0,37605.0,38095.0,121100
2015/06/16,37900.0,38065.0,37225.0,37235.0,200100
2015/06/17,37425.0,37575.0,37105.0,37355.0,143700
2015/06/18,37885.0,37890.0,37055.0,37120.0,132100
2015/06/19,37985.0,37985.0,37140.0,37440.0,195300
2015/06/22,37350.0,37550.0,37270.0,37465.0,123800
2015/06/23,37600.0,38435.0,37355.0,38435.0,309000
2015/06/24,38500.0,38760.0,38255.0,38535.0,196400
2015/06/25,38500.0,38500.0,38150.0,38190.0,78700
2015/06/26,38120.0,38290.0,37685.0,38245.0,141800
2015/06/29,37205.0,37480.0,37000.0,37000.0,163000
2015/06/30,36635.0,36975.0,36300.0,36865.0,217700
2015/07/01,37000.0,37000.0,36510.0,36590.0,150000
2015/07/02,37290.0,37495.0,36925.0,37185.0,191300
2015/07/03,37185.0,37255.0,36610.0,36960.0,102100
2015/07/06,36480.0,36870.0,36350.0,36355.0,116900
2015/07/07,36900.0,37175.0,36165.0,36225.0,180700
2015/07/08,36220.0,36330.0,34500.0,34500.0,340400
2015/07/09,33960.0,34920.0,33100.0,34900.0,330400
2015/07/10,35250.0,35345.0,34250.0,34380.0,259700
2015/07/13,34785.0,35040.0,34645.0,34720.0,123500
2015/07/14,35300.0,35545.0,34990.0,35225.0,197900
2015/07/15,35285.0,35290.0,34465.0,34685.0,308800
2015/07/16,35195.0,35195.0,34415.0,34755.0,218200
2015/07/17,34805.0,34805.0,34390.0,34645.0,167200
2015/07/21,35245.0,35275.0,34740.0,35060.0,129900
2015/07/22,34675.0,34880.0,34495.0,34495.0,122200
2015/07/23,34800.0,35000.0,34305.0,34450.0,132100
2015/07/24,34005.0,34305.0,33510.0,33625.0,230800
2015/07/27,31950.0,33055.0,31860.0,32705.0,391700
2015/07/28,32005.0,32950.0,32005.0,32365.0,312900
2015/07/29,31600.0,31700.0,30735.0,30735.0,423800
2015/07/30,31400.0,31995.0,31060.0,31400.0,298600
2015/07/31,31355.0,31710.0,31300.0,31460.0,237200
2015/08/03,31425.0,31605.0,31135.0,31430.0,178900
2015/08/04,31500.0,31565.0,31105.0,31400.0,210100
2015/08/05,31015.0,31585.0,31015.0,31310.0,264500
2015/08/06,32200.0,32725.0,31870.0,32185.0,271400
2015/08/07,33470.0,33500.0,32540.0,33300.0,383300
2015/08/10,33455.0,33500.0,32370.0,32725.0,224100
2015/08/11,33500.0,33650.0,32525.0,32640.0,301000
2015/08/12,32920.0,33115.0,32355.0,32475.0,281700
2015/08/13,31775.0,32550.0,31680.0,32365.0,300900
2015/08/14,32365.0,32500.0,31905.0,32010.0,129900
2015/08/17,32310.0,32310.0,31925.0,32135.0,101600
2015/08/18,32300.0,32415.0,31930.0,31940.0,155700
2015/08/19,32030.0,32135.0,31260.0,31300.0,208100
2015/08/20,30825.0,31250.0,30595.0,30890.0,264300
2015/08/21,29955.0,30120.0,29550.0,29735.0,231200
2015/08/24,28800.0,29175.0,27885.0,27885.0,387400
2015/08/25,27245.0,29350.0,26755.0,27415.0,579200
2015/08/26,27915.0,29085.0,27600.0,28865.0,459900
2015/08/27,29445.0,29965.0,28830.0,29040.0,451800
2015/08/28,29675.0,30315.0,29420.0,30070.0,218000
2015/08/31,29600.0,29985.0,29105.0,29465.0,170800
2015/09/01,27990.0,28555.0,27610.0,27610.0,364300
2015/09/02,26780.0,27760.0,26780.0,27285.0,415300
2015/09/03,27420.0,27820.0,27180.0,27190.0,185200
2015/09/04,27425.0,27425.0,26135.0,26610.0,243000
2015/09/07,26420.0,26925.0,26150.0,26650.0,221100
2015/09/08,26680.0,26945.0,26125.0,26195.0,306900
2015/09/09,27000.0,27250.0,26650.0,27230.0,401600
2015/09/10,26500.0,26785.0,26205.0,26695.0,268000
2015/09/11,26595.0,26725.0,26405.0,26530.0,263900
2015/09/14,26695.0,26730.0,25910.0,26025.0,156200
2015/09/15,26085.0,26400.0,25450.0,25450.0,338200
2015/09/16,25955.0,26275.0,25905.0,26015.0,333700
2015/09/17,27015.0,28050.0,27005.0,27525.0,383900
2015/09/18,27030.0,27080.0,26285.0,26695.0,368100
2015/09/24,25365.0,25480.0,24790.0,25170.0,333400
2015/09/25,25170.0,25475.0,24665.0,25435.0,243200
2015/09/28,26000.0,26435.0,25560.0,25880.0,354800
2015/09/29,25235.0,25680.0,24835.0,25050.0,442100
2015/09/30,25700.0,26220.0,25490.0,26055.0,354500
2015/10/01,26410.0,27485.0,26105.0,27300.0,433700
2015/10/02,26750.0,26870.0,26035.0,26565.0,236700
2015/10/05,27340.0,28155.0,27340.0,28015.0,405300
2015/10/06,28850.0,28975.0,28375.0,28480.0,327600
2015/10/07,28865.0,29520.0,28535.0,29385.0,285900
2015/10/08,29285.0,29735.0,28715.0,29000.0,334600
2015/10/09,29750.0,29850.0,29135.0,29440.0,344700
2015/10/13,29760.0,30180.0,29315.0,29450.0,322400
2015/10/14,28930.0,28970.0,28060.0,28280.0,324400
2015/10/15,28385.0,28995.0,28285.0,28720.0,419900
2015/10/16,29110.0,29290.0,28785.0,29090.0,232200
2015/10/19,28910.0,29165.0,28515.0,28765.0,155400
2015/10/20,28810.0,29045.0,28440.0,28880.0,199500
2015/10/21,28880.0,30390.0,28730.0,30250.0,362700
2015/10/22,29540.0,30620.0,29540.0,29900.0,183300
2015/10/23,31070.0,31350.0,30770.0,30930.0,238100
2015/10/26,31880.0,31930.0,31110.0,31180.0,183200
2015/10/27,31280.0,31390.0,30310.0,30550.0,205100
2015/10/28,30130.0,30380.0,30000.0,30330.0,162100
2015/10/29,31310.0,31400.0,30860.0,31250.0,243900
2015/10/30,31130.0,31500.0,30600.0,31340.0,210200
2015/11/02,30700.0,31170.0,30440.0,30550.0,160800
2015/11/04,31540.0,31700.0,31160.0,31250.0,233900
2015/11/05,30950.0,31350.0,30910.0,31070.0,153900
2015/11/06,31400.0,31890.0,31320.0,31430.0,169100
2015/11/09,31320.0,32020.0,31320.0,32020.0,256600
2015/11/10,30620.0,32420.0,30620.0,32200.0,412700
2015/11/11,32230.0,32790.0,32020.0,32720.0,285000
2015/11/12,32740.0,33210.0,32690.0,33060.0,222600
2015/11/13,32390.0,32710.0,32150.0,32450.0,190500
2015/11/16,31850.0,32400.0,31850.0,32260.0,101700
2015/11/17,32600.0,32970.0,32370.0,32370.0,205400
2015/11/18,32690.0,32990.0,32050.0,32050.0,238000
2015/11/19,32690.0,32770.0,32460.0,32640.0,149100
2015/11/20,32620.0,32780.0,32370.0,32780.0,168900
2015/11/24,32400.0,32600.0,32210.0,32450.0,251900
2015/11/25,32150.0,32230.0,31760.0,32070.0,178200
2015/11/26,32180.0,32500.0,32160.0,32410.0,142300
2015/11/27,32430.0,32530.0,32010.0,32320.0,159500
2015/11/30,32600.0,32920.0,32430.0,32620.0,171500
2015/12/01,32620.0,33520.0,32560.0,33510.0,258100
2015/12/02,33760.0,33910.0,33430.0,33490.0,235200
2015/12/03,33290.0,33470.0,33110.0,33370.0,139800
2015/12/04,32720.0,32970.0,32550.0,32830.0,154200
2015/12/07,32950.0,33570.0,32920.0,33410.0,141600
2015/12/08,33590.0,33600.0,32600.0,32650.0,146900
2015/12/09,32790.0,33000.0,32390.0,32450.0,157500
2015/12/10,31920.0,32110.0,31650.0,31800.0,166700
2015/12/11,31500.0,32480.0,31500.0,32350.0,211600
2015/12/14,31450.0,31970.0,31110.0,31920.0,153400
2015/12/15,31650.0,31780.0,31090.0,31090.0,197700
2015/12/16,31430.0,31670.0,31050.0,31360.0,227400
2015/12/17,32300.0,32850.0,32300.0,32390.0,262300
2015/12/18,32530.0,33040.0,31530.0,31530.0,288700
2015/12/21,31520.0,31940.0,31010.0,31780.0,239700
2015/12/22,31510.0,31890.0,31250.0,31700.0,147500
2015/12/24,32380.0,32500.0,31230.0,31410.0,164200
2015/12/25,31260.0,31480.0,31020.0,31260.0,65000
2015/12/28,31130.0,31650.0,31110.0,31450.0,100500
2015/12/29,31670.0,31790.0,31250.0,31690.0,143900
2015/12/30,31620.0,32180.0,31620.0,31770.0,96800
2016/01/04,31780.0,31830.0,30860.0,30970.0,125700
2016/01/05,30790.0,31350.0,30630.0,30650.0,159800
2016/01/06,30940.0,30970.0,29685.0,30060.0,175500
2016/01/07,29700.0,29795.0,28380.0,28425.0,376000
2016/01/08,28450.0,29140.0,28340.0,28740.0,309300
2016/01/12,28165.0,28280.0,27525.0,27525.0,386700
2016/01/13,28525.0,29250.0,28475.0,29095.0,308300
2016/01/14,27870.0,28010.0,27545.0,27760.0,342300
2016/01/15,28200.0,28470.0,27450.0,27565.0,259700
2016/01/18,26650.0,27485.0,26585.0,27310.0,186800
2016/01/19,27305.0,27580.0,26995.0,27415.0,279500
2016/01/20,27095.0,27220.0,25895.0,25925.0,367000
2016/01/21,26005.0,26305.0,25050.0,25075.0,438300
2016/01/22,26140.0,27090.0,25990.0,27020.0,318500
2016/01/25,27800.0,27875.0,27055.0,27415.0,297800
2016/01/26,26915.0,26975.0,26465.0,26485.0,178100
2016/01/27,27485.0,27930.0,27345.0,27650.0,210100
2016/01/28,27300.0,27515.0,26970.0,27120.0,169400
2016/01/29,24620.0,26955.0,24575.0,26720.0,576500
2016/02/01,27445.0,27580.0,26955.0,27495.0,382200
2016/02/02,27085.0,27520.0,27045.0,27265.0,158000
2016/02/03,26950.0,27050.0,25180.0,25335.0,402300
2016/02/04,24810.0,25580.0,24635.0,25250.0,378000
2016/02/05,24750.0,25575.0,24730.0,25075.0,266500
2016/02/08,24400.0,25310.0,24160.0,25085.0,247600
2016/02/09,23895.0,24260.0,23010.0,23460.0,217800
2016/02/10,27460.0,27515.0,24430.0,25155.0,873700
2016/02/12,24730.0,25185.0,23840.0,24540.0,637500
2016/02/15,25765.0,27390.0,25505.0,27120.0,400400
2016/02/16,26620.0,27670.0,26360.0,27255.0,337000
2016/02/17,27100.0,27605.0,26240.0,26555.0,441200
2016/02/18,27780.0,29145.0,27610.0,28370.0,587400
2016/02/19,28080.0,28200.0,27120.0,27505.0,306700
2016/02/22,27100.0,27690.0,26970.0,27365.0,255100
2016/02/23,27600.0,28040.0,27030.0,27135.0,210500
2016/02/24,26835.0,26835.0,26175.0,26380.0,255800
2016/02/25,26430.0,26775.0,25930.0,26300.0,286900
2016/02/26,26610.0,27195.0,26610.0,26850.0,190300
2016/02/29,27225.0,27280.0,26130.0,26130.0,226800
2016/03/01,25975.0,26125.0,24905.0,25495.0,368500
2016/03/02,25990.0,27215.0,25910.0,27090.0,334300
2016/03/03,27090.0,27490.0,26800.0,27460.0,279400
2016/03/04,27395.0,28155.0,27180.0,28125.0,299400
2016/03/07,27625.0,27775.0,27285.0,27610.0,316100
2016/03/08,27640.0,28430.0,26465.0,27430.0,353300
2016/03/09,26600.0,27235.0,26205.0,27095.0,345500
2016/03/10,27260.0,27645.0,27200.0,27525.0,192500
2016/03/11,27025.0,27450.0,26570.0,27300.0,295100
2016/03/14,27800.0,28140.0,27650.0,27840.0,215900
2016/03/15,27635.0,27805.0,27285.0,27430.0,157700
2016/03/16,27000.0,27340.0,26810.0,26950.0,217500
2016/03/17,27175.0,27680.0,26825.0,27120.0,223300
2016/03/18,26810.0,27005.0,26270.0,26595.0,274300
2016/03/22,26600.0,27210.0,26520.0,27015.0,227100
2016/03/23,26785.0,26950.0,26040.0,26125.0,284500
2016/03/24,25890.0,25955.0,25360.0,25400.0,410500
2016/03/25,25110.0,26240.0,24735.0,26095.0,412500
2016/03/28,26395.0,26880.0,26255.0,26800.0,287800
2016/03/29,26310.0,26680.0,26210.0,26600.0,225400
2016/03/30,26680.0,26810.0,26415.0,26450.0,224300
2016/03/31,26500.0,26810.0,26060.0,26140.0,275300
2016/04/01,26140.0,26200.0,24755.0,24915.0,348600
2016/04/04,25000.0,25400.0,25000.0,25285.0,381000
2016/04/05,25100.0,25310.0,24205.0,24250.0,373300
2016/04/06,24370.0,24685.0,24230.0,24420.0,188700
2016/04/07,24025.0,24520.0,23910.0,24175.0,275900
2016/04/08,24020.0,25280.0,23905.0,24920.0,333800
2016/04/11,24610.0,24905.0,24290.0,24835.0,182100
2016/04/12,24860.0,25835.0,24610.0,25770.0,220500
2016/04/13,26265.0,26970.0,26185.0,26805.0,249300
2016/04/14,27445.0,27620.0,27260.0,27605.0,280500
2016/04/15,27100.0,27665.0,26950.0,27130.0,126200
2016/04/18,25910.0,26450.0,25910.0,26185.0,167600
2016/04/19,26935.0,27350.0,26925.0,27205.0,144200
2016/04/20,27885.0,28050.0,27710.0,27760.0,276900
2016/04/21,28390.0,28415.0,27550.0,28220.0,261600
2016/04/22,28000.0,28790.0,27915.0,28740.0,307400
2016/04/25,28750.0,28980.0,28320.0,28645.0,232600
2016/04/26,28770.0,28860.0,28500.0,28760.0,203400
2016/04/27,28755.0,28800.0,28345.0,28680.0,288100
2016/04/28,28950.0,29195.0,27155.0,27345.0,385200
2016/05/02,26000.0,26345.0,25770.0,25965.0,300000
2016/05/06,26350.0,26575.0,25975.0,26240.0,301900
2016/05/09,26350.0,26725.0,26240.0,26325.0,190400
2016/05/10,26400.0,27165.0,26235.0,27045.0,199600
2016/05/11,27500.0,27690.0,27195.0,27350.0,164300
2016/05/12,26950.0,27425.0,26700.0,27295.0,145000
2016/05/13,27360.0,27620.0,25610.0,26240.0,339300
2016/05/16,26095.0,27315.0,25835.0,26940.0,221700
2016/05/17,27380.0,27570.0,27070.0,27510.0,296800
2016/05/18,27370.0,27570.0,26950.0,27090.0,259300
2016/05/19,27370.0,27440.0,26615.0,26820.0,159800
2016/05/20,26800.0,27195.0,26365.0,27090.0,168700
2016/05/23,26840.0,27085.0,26500.0,27085.0,146700
2016/05/24,26970.0,27000.0,26565.0,26610.0,111900
2016/05/25,27300.0,27350.0,26855.0,27060.0,115400
2016/05/26,27360.0,27500.0,26965.0,27045.0,126200
2016/05/27,27210.0,27370.0,26950.0,27175.0,91200
2016/05/30,27550.0,27775.0,27195.0,27715.0,135100
2016/05/31,27725.0,28265.0,27610.0,28250.0,352100
2016/06/01,27930.0,28565.0,27825.0,28240.0,235400
2016/06/02,27850.0,28090.0,27420.0,27430.0,212900
2016/06/03,27570.0,27800.0,27260.0,27385.0,123300
2016/06/06,26710.0,26940.0,26605.0,26870.0,158600
2016/06/07,26905.0,27280.0,26755.0,27055.0,149700
2016/06/08,27120.0,27590.0,27080.0,27530.0,180500
2016/06/09,27525.0,27600.0,26850.0,27015.0,153500
2016/06/10,27000.0,27120.0,26580.0,26885.0,225400
2016/06/13,26385.0,26580.0,26040.0,26040.0,215800
2016/06/14,26000.0,26200.0,25900.0,25940.0,276400
2016/06/15,26000.0,26475.0,25960.0,26180.0,222000
2016/06/16,26025.0,26295.0,25460.0,25550.0,261800
2016/06/17,25785.0,26010.0,25715.0,25850.0,150300
2016/06/20,26350.0,26625.0,26225.0,26340.0,188700
2016/06/21,25945.0,26670.0,25830.0,26575.0,160500
2016/06/22,26500.0,26500.0,25945.0,26080.0,144700
2016/06/23,26080.0,26775.0,25900.0,26735.0,129800
2016/06/24,26905.0,27100.0,23800.0,24090.0,298900
2016/06/27,24360.0,24500.0,24030.0,24450.0,186100
2016/06/28,24080.0,24755.0,23975.0,24530.0,193100
2016/06/29,24910.0,25215.0,24640.0,25140.0,168000
2016/06/30,25075.0,25360.0,24905.0,24905.0,231200
2016/07/01,25060.0,25250.0,24800.0,24855.0,136300
2016/07/04,24550.0,24975.0,24500.0,24940.0,172600
2016/07/05,24720.0,24855.0,23980.0,24105.0,245200
2016/07/06,23700.0,23820.0,23475.0,23700.0,378300
2016/07/07,23835.0,24120.0,23460.0,23470.0,174100
2016/07/08,23550.0,23800.0,23185.0,23200.0,184900
2016/07/11,23970.0,24480.0,23855.0,24260.0,228900
2016/07/12,24645.0,25385.0,24630.0,25060.0,232900
2016/07/13,26100.0,26390.0,25480.0,25550.0,321700
2016/07/14,25600.0,25815.0,25385.0,25585.0,173200
2016/07/15,25870.0,26020.0,25625.0,25875.0,417300
2016/07/19,26875.0,26875.0,25695.0,26075.0,279200
2016/07/20,25810.0,26090.0,25705.0,26010.0,220500
2016/07/21,26510.0,26805.0,26215.0,26300.0,291200
2016/07/22,25700.0,26080.0,25590.0,25765.0,244000
2016/07/25,26255.0,26900.0,26215.0,26660.0,412700
2016/07/26,26535.0,26660.0,26305.0,26450.0,315600
2016/07/27,26750.0,27490.0,26545.0,27280.0,465500
2016/07/28,27000.0,27520.0,27000.0,27430.0,360400
2016/07/29,27520.0,27530.0,26370.0,27185.0,302400
2016/08/01,26685.0,27300.0,26325.0,27015.0,134900
2016/08/02,26360.0,26935.0,26315.0,26470.0,158500
2016/08/03,25740.0,26220.0,25630.0,25660.0,229200
2016/08/04,25660.0,25930.0,25405.0,25840.0,226500
2016/08/05,25950.0,26400.0,25950.0,26090.0,253000
2016/08/08,27920.0,28210.0,27425.0,28210.0,428900
2016/08/09,28135.0,28490.0,27850.0,28415.0,277300
2016/08/10,28450.0,28795.0,28090.0,28140.0,259600
2016/08/12,28620.0,28855.0,28295.0,28770.0,192900
2016/08/15,28650.0,28940.0,28600.0,28610.0,129400
2016/08/16,28685.0,28880.0,28225.0,28240.0,186200
2016/08/17,28150.0,28495.0,28055.0,28440.0,187600
2016/08/18,28090.0,28215.0,27635.0,27635.0,212400
2016/08/19,28050.0,28395.0,27960.0,28120.0,221300
2016/08/22,28400.0,28485.0,28010.0,28345.0,274500
2016/08/23,28090.0,28090.0,27500.0,27545.0,188900
2016/08/24,27990.0,28000.0,27540.0,27750.0,188800
2016/08/25,27605.0,27665.0,26935.0,27175.0,291400
2016/08/26,27175.0,27175.0,26630.0,26695.0,199500
2016/08/29,27500.0,28130.0,27365.0,28035.0,188900
2016/08/30,28140.0,28445.0,28090.0,28345.0,192400
2016/08/31,28780.0,29560.0,28715.0,29140.0,312200
2016/09/01,28940.0,28980.0,28455.0,28650.0,209800
2016/09/02,28650.0,28680.0,28300.0,28565.0,124800
2016/09/05,29055.0,29205.0,28670.0,28695.0,138200
2016/09/06,28780.0,28990.0,28550.0,28910.0,98900
2016/09/07,28600.0,28790.0,28275.0,28725.0,146500
2016/09/08,30230.0,30420.0,29215.0,29465.0,431700
2016/09/09,29475.0,29950.0,29305.0,29750.0,217700
2016/09/12,28915.0,29180.0,28680.0,28855.0,213800
2016/09/13,28700.0,28875.0,28530.0,28710.0,246000
2016/09/14,28440.0,28665.0,28250.0,28280.0,208800
2016/09/15,28000.0,28400.0,27975.0,28140.0,178000
2016/09/16,28045.0,28340.0,27950.0,28335.0,151600
2016/09/20,28330.0,28940.0,28260.0,28590.0,207200
2016/09/21,28605.0,29290.0,28125.0,29275.0,270900
2016/09/23,28995.0,29105.0,28690.0,29040.0,180700
2016/09/26,28865.0,28940.0,28645.0,28720.0,109900
2016/09/27,28300.0,29195.0,28200.0,29160.0,228700
2016/09/28,28860.0,29230.0,28810.0,28950.0,121300
2016/09/29,29270.0,29560.0,29060.0,29360.0,153200
2016/09/30,28885.0,29110.0,28530.0,28890.0,251000
2016/10/03,29140.0,29140.0,28720.0,28805.0,171100
2016/10/04,28690.0,29285.0,28675.0,29260.0,168800
2016/10/05,29715.0,29950.0,29555.0,29670.0,192100
2016/10/06,29900.0,30080.0,29710.0,29725.0,208000
2016/10/07,29805.0,29805.0,29650.0,29760.0,154400
2016/10/11,30160.0,30440.0,29770.0,29875.0,210400
2016/10/12,29200.0,29700.0,29200.0,29360.0,266400
2016/10/13,29795.0,29905.0,29410.0,29540.0,260300
2016/10/14,29405.0,29685.0,29210.0,29595.0,163100
2016/10/17,29800.0,29965.0,29620.0,29905.0,157900
2016/10/18,29785.0,29995.0,29640.0,29985.0,202300
2016/10/19,29895.0,30070.0,29765.0,29815.0,145900
2016/10/20,29680.0,30260.0,29600.0,30120.0,185400
2016/10/21,30250.0,30680.0,30070.0,30320.0,268700
2016/10/24,30250.0,30420.0,30070.0,30250.0,162400
2016/10/25,30250.0,30610.0,30250.0,30550.0,158800
2016/10/26,30390.0,30790.0,30180.0,30660.0,171000
2016/10/27,30600.0,30740.0,30400.0,30450.0,247600
2016/10/28,30750.0,30870.0,30530.0,30740.0,217200
2016/10/31,30520.0,30660.0,30400.0,30490.0,248700
2016/11/01,30410.0,30660.0,30340.0,30580.0,178800
2016/11/02,30200.0,30260.0,29850.0,29925.0,187300
2016/11/04,29575.0,29790.0,29050.0,29710.0,230600
2016/11/07,30490.0,30700.0,30300.0,30700.0,190800
2016/11/08,30720.0,30720.0,30170.0,30480.0,188300
2016/11/09,31180.0,32140.0,28910.0,29485.0,589000
2016/11/10,31890.0,32020.0,31000.0,31590.0,402500
2016/11/11,32080.0,32750.0,31970.0,32120.0,315300
2016/11/14,32450.0,32800.0,32170.0,32470.0,222000
2016/11/15,32700.0,32730.0,32240.0,32470.0,162200
2016/11/16,32900.0,32910.0,31360.0,31860.0,373000
2016/11/17,31730.0,31930.0,31510.0,31910.0,194900
2016/11/18,32230.0,32300.0,31670.0,31750.0,225400
2016/11/21,31910.0,31910.0,31480.0,31620.0,212100
2016/11/22,31660.0,31730.0,31280.0,31480.0,201300
2016/11/24,32130.0,32390.0,31810.0,32170.0,267000
2016/11/25,32500.0,32840.0,32300.0,32490.0,260200
2016/11/28,32340.0,32660.0,31990.0,32550.0,194100
2016/11/29,32600.0,32990.0,32510.0,32800.0,185400
2016/11/30,32800.0,32800.0,32330.0,32520.0,243100
2016/12/01,32600.0,32880.0,32030.0,32240.0,386800
2016/12/02,31650.0,31730.0,29910.0,29980.0,864000
2016/12/05,29950.0,30300.0,29240.0,30030.0,404100
2016/12/06,30640.0,31020.0,30240.0,30330.0,462000
2016/12/07,30490.0,30560.0,29270.0,29325.0,635900
2016/12/08,30390.0,31030.0,30200.0,31030.0,611400
2016/12/09,30330.0,30860.0,30010.0,30790.0,435300
2016/12/12,30800.0,30880.0,29425.0,29495.0,730500
2016/12/13,26550.0,28570.0,26355.0,28460.0,2133700
2016/12/14,28000.0,28215.0,27150.0,27185.0,1936900
2016/12/15,27055.0,27865.0,26935.0,27420.0,1563000
2016/12/16,27765.0,28140.0,27675.0,27850.0,1052200
2016/12/19,28140.0,28385.0,27915.0,28375.0,511100
2016/12/20,28875.0,29000.0,28380.0,28580.0,757000
2016/12/21,28500.0,28900.0,28450.0,28530.0,367900
2016/12/22,28100.0,28400.0,27900.0,28380.0,392800
2016/12/26,28300.0,28550.0,28110.0,28145.0,213800
2016/12/27,28370.0,28540.0,27155.0,28065.0,584100
2016/12/28,28150.0,28465.0,28120.0,28455.0,300000
2016/12/29,28250.0,28295.0,27960.0,28055.0,259300
2016/12/30,27900.0,27990.0,27685.0,27905.0,230700
2017/01/04,27900.0,28655.0,27655.0,28655.0,458300
2017/01/05,28920.0,29185.0,28665.0,29115.0,508400
2017/01/06,28500.0,29295.0,28450.0,29200.0,379700
2017/01/10,29050.0,29310.0,28860.0,29045.0,364500
2017/01/11,29500.0,29645.0,28960.0,29045.0,269700
2017/01/12,28765.0,29155.0,28475.0,28740.0,283000
2017/01/13,28760.0,28855.0,28405.0,28470.0,365300
2017/01/16,28005.0,28050.0,27405.0,27595.0,497300
2017/01/17,27000.0,27330.0,26615.0,26945.0,576700
2017/01/18,26485.0,27280.0,26255.0,27155.0,553100
2017/01/19,27655.0,27665.0,27070.0,27400.0,607700
2017/01/20,27080.0,27605.0,27080.0,27460.0,601100
2017/01/23,26960.0,27385.0,26845.0,27210.0,608300
2017/01/24,27425.0,28075.0,27200.0,27840.0,496000
2017/01/25,29230.0,29420.0,28440.0,29400.0,1162900
2017/01/26,29645.0,30580.0,29645.0,30260.0,841800
2017/01/27,30920.0,31240.0,30650.0,31050.0,765900
2017/01/30,30890.0,31150.0,30560.0,30760.0,426700
2017/01/31,30700.0,31060.0,30560.0,30910.0,446400
2017/02/01,30560.0,31430.0,30330.0,31410.0,395700
2017/02/02,30900.0,31200.0,30440.0,30480.0,458300
2017/02/03,30600.0,31000.0,30470.0,30630.0,413400
2017/02/06,30980.0,31030.0,30470.0,30870.0,251900
2017/02/07,30880.0,30950.0,30520.0,30880.0,403100
2017/02/08,31000.0,31700.0,30960.0,31620.0,346300
2017/02/09,32320.0,32470.0,30940.0,31060.0,619000
2017/02/10,31600.0,31800.0,31320.0,31720.0,432500
2017/02/13,31900.0,32300.0,31820.0,31930.0,305900
2017/02/14,32200.0,32240.0,31530.0,31560.0,188000
2017/02/15,32000.0,32000.0,31600.0,31670.0,157700
2017/02/16,31670.0,31860.0,31380.0,31810.0,222300
2017/02/17,31600.0,32040.0,31540.0,31840.0,228600
2017/02/20,31700.0,31880.0,31490.0,31700.0,172400
2017/02/21,31790.0,31980.0,31540.0,31700.0,234300
2017/02/22,31700.0,31760.0,31240.0,31460.0,208000
2017/02/23,32160.0,33230.0,31910.0,33200.0,585200
2017/02/24,32780.0,32960.0,32410.0,32460.0,281700
2017/02/27,32250.0,32450.0,31770.0,31970.0,242000
2017/02/28,32180.0,32470.0,31820.0,31850.0,290800
2017/03/01,31860.0,32570.0,31840.0,32470.0,243200
2017/03/02,32580.0,32840.0,32190.0,32470.0,427000
2017/03/03,32940.0,32950.0,32450.0,32820.0,301900
2017/03/06,32800.0,33070.0,32640.0,32810.0,179000
2017/03/07,32680.0,32790.0,32510.0,32520.0,160100
2017/03/08,32410.0,32470.0,32030.0,32350.0,160300
2017/03/09,32320.0,32490.0,32260.0,32430.0,137800
2017/03/10,32700.0,33280.0,32500.0,33280.0,272800
2017/03/13,33250.0,33320.0,33020.0,33140.0,188200
2017/03/14,33100.0,33370.0,33060.0,33220.0,139900
2017/03/15,32910.0,33120.0,32910.0,32990.0,159000
2017/03/16,32810.0,33280.0,32740.0,33220.0,192800
2017/03/17,33000.0,33270.0,33000.0,33100.0,283300
2017/03/21,33170.0,33390.0,33050.0,33270.0,217600
2017/03/22,32510.0,32980.0,32510.0,32800.0,348200
2017/03/23,32780.0,32910.0,32540.0,32800.0,233500
2017/03/24,32800.0,33200.0,32770.0,33040.0,183300
2017/03/27,32880.0,32880.0,32500.0,32730.0,203900
2017/03/28,32980.0,33760.0,32860.0,33730.0,320500
2017/03/29,33840.0,33960.0,33460.0,33490.0,224500
2017/03/30,33560.0,33840.0,33260.0,33270.0,251300
2017/03/31,33440.0,33720.0,32920.0,32920.0,250900
2017/04/03,32600.0,32800.0,32420.0,32570.0,286400
2017/04/04,32220.0,32300.0,31560.0,31860.0,383600
2017/04/05,32250.0,32580.0,32010.0,32310.0,329200
2017/04/06,32280.0,32430.0,31270.0,31450.0,313600
2017/04/07,31800.0,32050.0,31330.0,31520.0,274200
2017/04/10,31680.0,32060.0,31670.0,31880.0,209600
2017/04/11,31640.0,31760.0,31280.0,31390.0,176000
2017/04/12,31340.0,31350.0,30910.0,31100.0,170900
2017/04/13,30630.0,30920.0,30500.0,30840.0,192200
2017/04/14,30640.0,30950.0,30450.0,30480.0,143700
2017/04/17,30310.0,30640.0,30230.0,30410.0,128300
2017/04/18,30730.0,30930.0,30280.0,30400.0,120300
2017/04/19,30470.0,31290.0,30460.0,31110.0,330700
2017/04/20,30790.0,31140.0,30790.0,30910.0,264000
2017/04/21,31150.0,31300.0,30430.0,30950.0,418500
2017/04/24,31650.0,31650.0,30970.0,31080.0,233500
2017/04/25,31050.0,31390.0,30620.0,31170.0,313400
2017/04/26,31360.0,31430.0,31050.0,31280.0,363900
2017/04/27,31000.0,31400.0,30740.0,31260.0,267200
2017/04/28,31480.0,31570.0,31300.0,31390.0,216900
2017/05/01,31600.0,31730.0,31470.0,31680.0,161500
2017/05/02,31290.0,31830.0,31260.0,31410.0,196900
2017/05/08,31880.0,32450.0,31530.0,32350.0,383100
2017/05/09,32260.0,32290.0,31810.0,31940.0,266700
2017/05/10,32000.0,32110.0,31910.0,32010.0,322700
2017/05/11,31890.0,32040.0,31720.0,31720.0,307700
2017/05/12,31550.0,33450.0,31550.0,32870.0,650700
2017/05/15,33500.0,33780.0,33010.0,33660.0,413300
2017/05/16,33600.0,33730.0,32760.0,32880.0,331400
2017/05/17,32750.0,33100.0,32470.0,33050.0,218800
2017/05/18,32420.0,32700.0,32030.0,32170.0,267800
2017/05/19,32610.0,33280.0,32400.0,33060.0,313200
2017/05/22,33560.0,34530.0,33530.0,34520.0,524700
2017/05/23,34520.0,35150.0,34400.0,34470.0,357100
2017/05/24,35000.0,35000.0,34440.0,34770.0,196000
2017/05/25,34940.0,35390.0,34800.0,35230.0,255100
2017/05/26,34990.0,35170.0,34830.0,34830.0,148800
2017/05/29,34830.0,35150.0,34660.0,35070.0,138000
2017/05/30,34860.0,35300.0,34740.0,35180.0,176600
2017/05/31,34940.0,35300.0,34930.0,35010.0,188900
2017/06/01,35380.0,36140.0,35330.0,35870.0,296300
2017/06/02,36090.0,36670.0,35890.0,36590.0,297700
2017/06/05,36370.0,36850.0,36340.0,36580.0,182500
2017/06/06,36400.0,36550.0,35770.0,35800.0,326600
2017/06/07,36400.0,36400.0,35710.0,35760.0,244600
2017/06/08,35820.0,35850.0,35250.0,35270.0,290000
2017/06/09,34910.0,35510.0,34880.0,35170.0,307900
2017/06/12,35000.0,35090.0,34560.0,34940.0,242600
2017/06/13,34860.0,34970.0,34480.0,34790.0,209100
2017/06/14,34960.0,35030.0,34250.0,34250.0,237500
2017/06/15,34210.0,34370.0,33970.0,34200.0,309800
2017/06/16,34400.0,34530.0,33930.0,33950.0,342000
2017/06/19,33990.0,34110.0,33680.0,33830.0,294200
2017/06/20,34180.0,34950.0,34080.0,34600.0,306000
2017/06/21,34450.0,34960.0,34400.0,34710.0,280900
2017/06/22,34800.0,35020.0,34580.0,34580.0,241300
2017/06/23,34580.0,34780.0,34360.0,34710.0,145800
2017/06/26,34650.0,35320.0,34620.0,35250.0,160300
2017/06/27,35450.0,35530.0,35150.0,35180.0,153300
2017/06/28,35120.0,35270.0,34500.0,34600.0,216400
2017/06/29,34920.0,34950.0,34520.0,34760.0,166400
2017/06/30,34190.0,34330.0,33970.0,34150.0,253100
2017/07/03,34140.0,34760.0,34060.0,34680.0,202000
2017/07/04,34600.0,34860.0,33910.0,33960.0,243500
2017/07/05,33700.0,34440.0,33670.0,34440.0,232800
2017/07/06,34410.0,34760.0,34210.0,34470.0,263400
2017/07/07,34150.0,34750.0,34100.0,34690.0,172700
2017/07/10,35150.0,35260.0,34760.0,35070.0,194300
2017/07/11,35180.0,35420.0,35010.0,35350.0,152700
2017/07/12,35190.0,35530.0,35190.0,35460.0,154600
2017/07/13,35460.0,35590.0,35230.0,35370.0,116000
2017/07/14,35190.0,35500.0,35110.0,35280.0,124700
2017/07/18,35100.0,35270.0,34940.0,35170.0,123800
2017/07/19,34990.0,35170.0,34770.0,34910.0,127800
2017/07/20,35060.0,35370.0,34910.0,35330.0,161300
2017/07/21,36130.0,36900.0,36130.0,36500.0,436800
2017/07/24,36210.0,36300.0,35780.0,35930.0,156600
2017/07/25,35820.0,35920.0,35550.0,35570.0,128100
2017/07/26,36040.0,36170.0,35180.0,35440.0,182000
2017/07/27,35550.0,36060.0,35500.0,35710.0,155700
2017/07/28,35890.0,36040.0,35360.0,35460.0,152500
2017/07/31,35340.0,35490.0,35080.0,35110.0,145600
2017/08/01,35140.0,35580.0,35110.0,35580.0,124800
2017/08/02,35610.0,35860.0,35390.0,35760.0,92200
2017/08/03,35850.0,35940.0,35630.0,35630.0,94000
2017/08/04,35550.0,35890.0,35500.0,35740.0,152100
2017/08/07,36060.0,36070.0,35890.0,36000.0,154900
2017/08/08,36180.0,36690.0,35800.0,36000.0,265900
2017/08/09,36500.0,36550.0,34870.0,35290.0,354900
2017/08/10,35500.0,35620.0,34720.0,34810.0,248900
2017/08/14,34260.0,34790.0,34090.0,34190.0,253400
2017/08/15,35090.0,35550.0,34760.0,35350.0,233200
2017/08/16,35370.0,35550.0,35240.0,35320.0,125900
2017/08/17,35270.0,36280.0,35270.0,36190.0,188800
2017/08/18,35640.0,36370.0,35640.0,36250.0,262600
2017/08/21,36370.0,36470.0,36060.0,36450.0,160800
2017/08/22,36540.0,37100.0,36500.0,37060.0,256000
2017/08/23,37510.0,38260.0,37430.0,37590.0,274700
2017/08/24,37480.0,37770.0,37330.0,37450.0,162400
2017/08/25,37520.0,37580.0,37020.0,37020.0,186700
2017/08/28,37160.0,37490.0,37100.0,37230.0,168600
2017/08/29,36870.0,37430.0,36830.0,37250.0,112400
2017/08/30,37550.0,38080.0,37350.0,37750.0,235300
2017/08/31,37510.0,37950.0,37440.0,37710.0,264700
2017/09/01,37940.0,37940.0,37550.0,37670.0,95200
2017/09/04,37410.0,37600.0,36920.0,37120.0,142500
2017/09/05,37280.0,37540.0,36920.0,37110.0,222400
2017/09/06,36910.0,37250.0,36550.0,37110.0,209800
2017/09/07,37630.0,38180.0,37350.0,38050.0,341800
2017/09/08,38250.0,38290.0,37720.0,38180.0,223500
2017/09/11,38310.0,39020.0,38160.0,38350.0,253700
2017/09/12,38900.0,39570.0,38890.0,39380.0,292900
2017/09/13,39750.0,39970.0,39390.0,39420.0,153000
2017/09/14,39510.0,39870.0,39310.0,39440.0,143800
2017/09/15,39370.0,39670.0,39220.0,39480.0,253500
2017/09/19,40180.0,40460.0,39710.0,40100.0,211900
2017/09/20,40670.0,40950.0,40070.0,40400.0,238100
2017/09/21,40670.0,40750.0,39890.0,39970.0,214700
2017/09/22,40150.0,40170.0,39750.0,39910.0,149100
2017/09/25,40400.0,40430.0,39950.0,39960.0,143400
2017/09/26,39960.0,40080.0,39780.0,39970.0,152100
2017/09/27,39570.0,39910.0,39510.0,39600.0,154400
2017/09/28,40000.0,40000.0,39610.0,39790.0,229900
2017/09/29,39650.0,39720.0,39430.0,39690.0,180400
2017/10/02,39800.0,39850.0,39490.0,39560.0,134400
2017/10/03,40000.0,40000.0,39500.0,39710.0,201000
2017/10/04,39680.0,40030.0,39590.0,39870.0,286800
2017/10/05,39940.0,39990.0,39580.0,39770.0,252200
2017/10/06,39800.0,39820.0,39360.0,39520.0,196300
2017/10/10,39410.0,39660.0,39360.0,39600.0,202100
2017/10/11,40000.0,40250.0,39920.0,40200.0,319700
2017/10/12,40770.0,40810.0,40470.0,40650.0,196200
2017/10/13,40840.0,40880.0,40610.0,40800.0,235700
2017/10/16,40830.0,40840.0,40470.0,40520.0,279400
2017/10/17,41000.0,41490.0,40800.0,41300.0,567500
2017/10/18,41330.0,41330.0,40800.0,40890.0,228500
2017/10/19,41000.0,41040.0,40620.0,40800.0,167400
2017/10/20,40800.0,40800.0,40540.0,40700.0,161000
2017/10/23,41270.0,41390.0,40790.0,40920.0,325000
2017/10/24,40850.0,41330.0,40590.0,41290.0,222000
2017/10/25,41470.0,41550.0,41180.0,41280.0,280700
2017/10/26,41250.0,41800.0,41020.0,41770.0,247400
2017/10/27,42340.0,42550.0,41830.0,42540.0,262500
2017/10/30,42830.0,43100.0,42470.0,42890.0,298500
2017/10/31,42830.0,43440.0,42750.0,43240.0,156700
2017/11/01,43490.0,43720.0,43210.0,43650.0,149700
2017/11/02,44600.0,44600.0,44080.0,44200.0,191500
2017/11/06,44250.0,44920.0,44180.0,44780.0,210800
2017/11/07,44940.0,45640.0,44860.0,45640.0,219500
2017/11/08,45240.0,46430.0,45160.0,46390.0,330900
2017/11/09,47900.0,48080.0,46220.0,46900.0,555000
2017/11/10,46000.0,47130.0,45930.0,46880.0,294100
2017/11/13,46640.0,46870.0,46140.0,46150.0,221900
2017/11/14,46000.0,46440.0,45720.0,46080.0,217200
2017/11/15,45880.0,45880.0,44840.0,44910.0,389500
2017/11/16,45360.0,46540.0,45070.0,46420.0,225200
2017/11/17,46880.0,47480.0,46600.0,46780.0,283000
2017/11/20,46660.0,46950.0,46280.0,46640.0,189700
2017/11/21,47130.0,47920.0,46900.0,47820.0,180200
2017/11/22,48820.0,48950.0,48200.0,48790.0,277400
2017/11/24,48800.0,49510.0,48600.0,49500.0,260900
2017/11/27,49760.0,49840.0,48790.0,49010.0,272100
2017/11/28,48120.0,48480.0,47230.0,47280.0,414200
2017/11/29,48000.0,48290.0,46910.0,47120.0,311200
2017/11/30,46480.0,46500.0,44750.0,45470.0,535300
2017/12/01,46600.0,47180.0,46050.0,47040.0,342000
2017/12/04,46720.0,46860.0,46260.0,46500.0,224700
2017/12/05,45930.0,46610.0,45880.0,46600.0,195400
2017/12/06,46230.0,46300.0,45130.0,45140.0,372300
2017/12/07,45140.0,45900.0,44810.0,45740.0,377600
2017/12/08,46340.0,46590.0,46040.0,46540.0,282300
2017/12/11,47240.0,47300.0,46300.0,47000.0,173100
2017/12/12,46960.0,47110.0,46310.0,46560.0,156100
2017/12/13,46260.0,46260.0,44580.0,44600.0,374900
2017/12/14,44000.0,44910.0,43610.0,44420.0,360700
2017/12/15,44290.0,45070.0,44200.0,44760.0,234900
2017/12/18,44940.0,45940.0,44790.0,45710.0,198800
2017/12/19,46350.0,46460.0,45680.0,45700.0,171100
2017/12/20,45680.0,46130.0,45590.0,46030.0,198100
2017/12/21,46460.0,46800.0,46090.0,46730.0,191500
2017/12/22,46930.0,47100.0,46500.0,46840.0,165300
2017/12/25,46700.0,47290.0,46690.0,47250.0,109100
2017/12/26,47150.0,47330.0,47050.0,47150.0,102100
2017/12/27,47100.0,47100.0,46570.0,46680.0,106800
2017/12/28,46630.0,47020.0,46450.0,46520.0,96600
2017/12/29,46790.0,47120.0,46320.0,46380.0,111300
2018/01/04,47200.0,47720.0,46980.0,47610.0,342700
2018/01/05,47720.0,49570.0,47720.0,49570.0,346400
2018/01/09,49620.0,49820.0,49060.0,49790.0,258100
2018/01/10,49420.0,49950.0,49100.0,49520.0,195400
2018/01/11,49150.0,49910.0,49020.0,49870.0,215100
2018/01/12,49980.0,51570.0,49950.0,51570.0,340000
2018/01/15,52000.0,52400.0,51140.0,51450.0,170700
2018/01/16,51600.0,53270.0,51450.0,53270.0,240500
2018/01/17,52970.0,54810.0,52840.0,54800.0,404300
2018/01/18,55480.0,55830.0,54330.0,54390.0,433100
2018/01/19,54390.0,55350.0,54170.0,55200.0,210000
2018/01/22,54510.0,55290.0,54240.0,55270.0,289200
2018/01/23,54940.0,55410.0,54530.0,55010.0,253600
2018/01/24,54500.0,54990.0,54330.0,54630.0,259000
2018/01/25,53950.0,54780.0,53460.0,54550.0,250600
2018/01/26,54420.0,54910.0,54330.0,54710.0,281300
2018/01/29,54710.0,55540.0,54400.0,55460.0,301900
2018/01/30,55320.0,55440.0,53700.0,53960.0,238000
2018/01/31,53580.0,54750.0,53500.0,53520.0,256300
2018/02/01,53750.0,54850.0,53600.0,54820.0,171500
2018/02/02,54890.0,55320.0,54370.0,54990.0,213400
2018/02/05,53530.0,53860.0,52680.0,52860.0,324800
2018/02/06,48460.0,49970.0,48130.0,49460.0,499900
2018/02/07,51070.0,52630.0,49650.0,49650.0,373600
2018/02/08,47710.0,49980.0,46980.0,47550.0,676300
2018/02/09,45950.0,46190.0,44870.0,45850.0,432900
2018/02/13,46550.0,46570.0,44590.0,44610.0,409300
2018/02/14,44700.0,45040.0,43220.0,43570.0,405100
2018/02/15,44270.0,45180.0,44080.0,44890.0,293600
2018/02/16,45560.0,46030.0,44900.0,45540.0,255000
2018/02/19,45910.0,47300.0,45410.0,47280.0,266300
2018/02/20,46700.0,46910.0,45610.0,45780.0,199400
2018/02/21,45900.0,47040.0,45460.0,46400.0,293400
2018/02/22,46200.0,46210.0,45360.0,45600.0,269600
2018/02/23,45250.0,46060.0,44880.0,45880.0,207000
2018/02/26,46250.0,46260.0,45450.0,46110.0,166400
2018/02/27,46120.0,46880.0,46000.0,46650.0,227900
2018/02/28,45950.0,46350.0,45030.0,45030.0,341400
2018/03/01,43830.0,44310.0,43560.0,43800.0,290000
2018/03/02,42400.0,43800.0,42400.0,43440.0,249400
2018/03/05,43120.0,43210.0,42410.0,42980.0,201900
2018/03/06,43680.0,44620.0,43680.0,43830.0,226100
2018/03/07,43130.0,43590.0,42330.0,42350.0,225300
2018/03/08,43210.0,44040.0,43150.0,43510.0,311200
2018/03/09,44600.0,44950.0,43860.0,44400.0,352000
2018/03/12,45800.0,45830.0,45280.0,45630.0,241800
2018/03/13,45640.0,46500.0,45450.0,46500.0,243300
2018/03/14,45430.0,45590.0,44940.0,45300.0,348100
2018/03/15,45010.0,45700.0,44830.0,45680.0,185500
2018/03/16,45820.0,45840.0,45000.0,45130.0,165800
2018/03/19,45000.0,45350.0,44620.0,44990.0,252800
2018/03/20,44460.0,44660.0,43900.0,44320.0,219700
2018/03/22,43960.0,45330.0,43900.0,45260.0,241300
2018/03/23,43860.0,44040.0,41360.0,41460.0,501900
2018/03/26,40950.0,42580.0,40770.0,42560.0,391900
2018/03/27,43150.0,43600.0,42500.0,43600.0,328900
2018/03/28,42520.0,42730.0,42140.0,42630.0,245200
2018/03/29,43000.0,43090.0,42140.0,42590.0,188800
2018/03/30,43220.0,43270.0,42660.0,43070.0,149500
2018/04/02,43500.0,43530.0,42850.0,42870.0,104200
2018/04/03,42010.0,42450.0,41390.0,42070.0,225100
2018/04/04,42770.0,42790.0,40970.0,41320.0,236800
2018/04/05,41970.0,41980.0,40620.0,41250.0,261500
2018/04/06,41620.0,41640.0,41020.0,41030.0,191200
2018/04/09,40710.0,40710.0,39700.0,40110.0,348700
2018/04/10,39430.0,42170.0,39250.0,41210.0,397400
2018/04/11,42030.0,42610.0,41800.0,42030.0,210000
2018/04/12,42030.0,42030.0,41210.0,41330.0,156000
2018/04/13,42310.0,43230.0,42280.0,42830.0,248000
2018/04/16,42750.0,42900.0,41990.0,42150.0,136600
2018/04/17,42150.0,42420.0,41910.0,41930.0,117800
2018/04/18,42070.0,43580.0,42060.0,43470.0,187700
2018/04/19,43690.0,44080.0,43130.0,43250.0,202300
2018/04/20,42680.0,42850.0,41900.0,42360.0,183800
2018/04/23,42470.0,42670.0,41960.0,42600.0,109200
2018/04/24,43300.0,44100.0,43230.0,44090.0,201300
2018/04/25,43140.0,43300.0,41960.0,42210.0,274200
2018/04/26,42850.0,43230.0,42470.0,42780.0,190200
2018/04/27,41700.0,42060.0,40420.0,41720.0,313600
2018/05/01,41500.0,41700.0,40910.0,41180.0,223000
2018/05/02,41180.0,41860.0,41160.0,41280.0,155000
2018/05/07,41300.0,41700.0,40710.0,41700.0,144300
2018/05/08,42200.0,42550.0,42180.0,42540.0,176000
2018/05/09,42350.0,42730.0,41820.0,41910.0,176100
2018/05/10,42000.0,42310.0,41460.0,41600.0,134700
2018/05/11,42050.0,43070.0,41960.0,43040.0,172700
2018/05/14,42950.0,43200.0,42250.0,42530.0,186200
2018/05/15,43080.0,43160.0,42310.0,42340.0,159600
2018/05/16,42980.0,43710.0,42110.0,42130.0,362800
2018/05/17,42500.0,42900.0,41990.0,42210.0,164200
2018/05/18,42700.0,44180.0,42590.0,43980.0,419000
2018/05/21,44300.0,45490.0,44210.0,45350.0,320800
2018/05/22,45000.0,45580.0,44560.0,45190.0,216100
2018/05/23,44800.0,44810.0,44220.0,44330.0,204200
2018/05/24,44300.0,44480.0,43000.0,43080.0,231700
2018/05/25,43080.0,43970.0,43080.0,43100.0,182200
2018/05/28,43430.0,43970.0,43340.0,43430.0,101800
2018/05/29,43300.0,43300.0,42480.0,42890.0,104000
2018/05/30,42000.0,42330.0,41690.0,41840.0,185200
2018/05/31,42080.0,42220.0,40940.0,41430.0,312200
2018/06/01,41280.0,41770.0,41150.0,41200.0,158000
2018/06/04,42000.0,42570.0,41690.0,42470.0,162000
2018/06/05,42620.0,43270.0,42000.0,42300.0,155500
2018/06/06,42690.0,43030.0,42170.0,42180.0,169900
2018/06/07,42500.0,42900.0,42080.0,42080.0,167200
2018/06/08,41850.0,42430.0,41710.0,41830.0,203900
2018/06/11,41770.0,41970.0,41440.0,41870.0,85500
2018/06/12,41920.0,41930.0,40620.0,40860.0,229900
2018/06/13,41220.0,41580.0,40570.0,40840.0,239100
2018/06/14,40440.0,40660.0,40000.0,40010.0,214300
2018/06/15,40310.0,40320.0,39060.0,39150.0,321600
2018/06/18,38930.0,38960.0,37630.0,37970.0,257400
2018/06/19,37700.0,38910.0,37600.0,38500.0,421000
2018/06/20,38530.0,40550.0,38310.0,40500.0,504900
2018/06/21,41000.0,41870.0,41000.0,41590.0,487900
2018/06/22,41080.0,42610.0,40950.0,42500.0,408900
2018/06/25,42810.0,42940.0,41890.0,41960.0,295900
2018/06/26,41560.0,42720.0,41530.0,42610.0,236200
2018/06/27,43670.0,43990.0,41700.0,41780.0,345000
2018/06/28,41500.0,42280.0,41030.0,41420.0,278100
2018/06/29,41080.0,41290.0,40220.0,40630.0,268400
2018/07/02,40630.0,41200.0,40190.0,40260.0,219300
2018/07/03,40360.0,40630.0,39690.0,40110.0,275300
2018/07/04,39030.0,39250.0,36990.0,37730.0,566700
2018/07/05,37160.0,37940.0,36430.0,36640.0,474700
2018/07/06,36980.0,37480.0,36650.0,37370.0,376200
2018/07/09,37880.0,37920.0,37240.0,37850.0,205800
2018/07/10,38550.0,39170.0,38200.0,38710.0,182300
2018/07/11,38390.0,38390.0,37130.0,37710.0,209100
2018/07/12,37800.0,38170.0,36940.0,37980.0,228400
2018/07/13,38620.0,39180.0,37150.0,37470.0,316200
2018/07/17,36320.0,36640.0,35690.0,35820.0,511700
2018/07/18,36530.0,36530.0,35930.0,36000.0,259800
2018/07/19,36100.0,36710.0,35960.0,36030.0,283100
2018/07/20,36000.0,36110.0,35460.0,35670.0,326200
2018/07/23,35520.0,36110.0,35420.0,35820.0,238200
2018/07/24,36140.0,36610.0,36090.0,36510.0,196800
2018/07/25,36850.0,37330.0,36740.0,37320.0,223100
2018/07/26,37900.0,38040.0,36730.0,36970.0,248900
2018/07/27,37400.0,38220.0,37150.0,38180.0,246100
2018/07/30,37810.0,37880.0,37280.0,37340.0,125200
2018/07/31,37300.0,37910.0,36790.0,37480.0,215400
2018/08/01,38140.0,38310.0,37810.0,37890.0,162100
2018/08/02,38260.0,38260.0,36820.0,37070.0,217300
2018/08/03,37140.0,37400.0,36750.0,37060.0,137700
2018/08/06,37060.0,37660.0,36720.0,36790.0,263700
2018/08/07,36610.0,37180.0,36410.0,37160.0,135400
2018/08/08,37110.0,38420.0,37010.0,38290.0,265000
2018/08/09,38770.0,38840.0,38040.0,38640.0,323100
2018/08/10,38390.0,38390.0,37570.0,37840.0,283100
2018/08/13,37170.0,37440.0,35680.0,35740.0,267200
2018/08/14,36000.0,36430.0,35930.0,36060.0,186100
2018/08/15,36840.0,37200.0,36000.0,36480.0,281800
2018/08/16,36000.0,37320.0,35560.0,36790.0,290600
2018/08/17,37380.0,37860.0,37040.0,37760.0,205800
2018/08/20,37200.0,37690.0,37180.0,37390.0,221800
2018/08/21,37220.0,37610.0,37060.0,37280.0,231100
2018/08/22,37700.0,38650.0,37550.0,38380.0,295200
2018/08/23,37860.0,38160.0,37200.0,37200.0,297400
2018/08/24,37470.0,37470.0,36540.0,36690.0,248900
2018/08/27,36990.0,37730.0,36840.0,37560.0,208000
2018/08/28,37990.0,38260.0,37800.0,37960.0,229600
2018/08/29,37810.0,38020.0,37620.0,37700.0,207600
2018/08/30,37750.0,38230.0,37000.0,37050.0,349900
2018/08/31,36700.0,37280.0,36400.0,36970.0,403000
2018/09/03,36350.0,36590.0,35820.0,36050.0,217800
2018/09/04,36010.0,36520.0,35950.0,36080.0,185200
2018/09/05,35850.0,36090.0,34940.0,35150.0,355400
2018/09/06,35100.0,35140.0,34440.0,34570.0,268600
2018/09/07,34000.0,34080.0,33080.0,33240.0,334000
2018/09/10,33410.0,33700.0,32930.0,32970.0,268900
2018/09/11,33030.0,33140.0,32650.0,33070.0,240300
2018/09/12,33630.0,33720.0,32170.0,32510.0,321300
2018/09/13,32860.0,33930.0,32840.0,33260.0,392400
2018/09/14,33860.0,35010.0,33630.0,34600.0,489700
2018/09/18,34700.0,35340.0,33690.0,34910.0,409800
2018/09/19,36020.0,36590.0,35700.0,36160.0,342800
2018/09/20,36850.0,37310.0,35990.0,36230.0,306100
2018/09/21,37000.0,37420.0,36670.0,37380.0,341600
2018/09/25,36810.0,37280.0,36360.0,36820.0,320200
2018/09/26,37150.0,37830.0,36810.0,37830.0,284600
2018/09/27,38020.0,38080.0,36510.0,36580.0,324000
2018/09/28,37500.0,37850.0,36340.0,36360.0,370000
2018/10/01,36750.0,37260.0,36160.0,37120.0,239300
2018/10/02,37800.0,38020.0,37240.0,37380.0,288900
2018/10/03,37520.0,37660.0,36700.0,36720.0,226800
2018/10/04,37110.0,37330.0,36370.0,36840.0,244400
2018/10/05,36560.0,36820.0,36150.0,36320.0,219800
2018/10/09,35340.0,35380.0,33830.0,34030.0,398000
2018/10/10,34880.0,35260.0,33800.0,34190.0,413400
2018/10/11,32090.0,32890.0,31690.0,31890.0,470300
2018/10/12,32070.0,33560.0,31770.0,33500.0,335600
2018/10/15,33470.0,34480.0,33180.0,33650.0,438000
2018/10/16,33500.0,34020.0,33060.0,33920.0,276500
2018/10/17,34460.0,35280.0,34360.0,35100.0,352500
2018/10/18,34800.0,34980.0,33300.0,33340.0,275800
2018/10/19,32100.0,33970.0,32100.0,33890.0,339500
2018/10/22,33350.0,34190.0,32900.0,33990.0,293100
2018/10/23,33450.0,33770.0,32830.0,32880.0,228600
2018/10/24,33170.0,33410.0,32600.0,32920.0,223500
2018/10/25,31680.0,32170.0,31610.0,31800.0,322000
2018/10/26,32740.0,33010.0,31580.0,31950.0,394700
2018/10/29,32650.0,33260.0,32190.0,32700.0,384900
2018/10/30,32390.0,34190.0,32290.0,34060.0,671600
2018/10/31,34890.0,36190.0,34800.0,36150.0,509000
2018/11/01,36790.0,37150.0,35960.0,36250.0,413700
2018/11/02,36790.0,39390.0,36540.0,38700.0,644600
2018/11/05,38150.0,38350.0,37340.0,37360.0,385900
2018/11/06,37610.0,38090.0,37090.0,37190.0,376800
2018/11/07,37330.0,38250.0,36870.0,37170.0,336600
2018/11/08,38190.0,38400.0,36200.0,36470.0,501400
2018/11/09,36460.0,37020.0,35140.0,35320.0,510700
2018/11/12,35130.0,37170.0,35060.0,36930.0,424800
2018/11/13,35770.0,36880.0,34800.0,36820.0,514100
2018/11/14,36860.0,37740.0,36510.0,37400.0,484000
2018/11/15,37160.0,37760.0,36620.0,37210.0,371700
2018/11/16,37610.0,38090.0,36210.0,36700.0,465000
2018/11/19,36590.0,38240.0,36410.0,38060.0,321800
2018/11/20,37300.0,37770.0,37100.0,37550.0,251200
2018/11/21,36510.0,38010.0,36510.0,37900.0,336700
2018/11/22,37530.0,38140.0,37160.0,37400.0,258300
2018/11/26,37400.0,37710.0,36730.0,37580.0,263300
2018/11/27,37790.0,38300.0,37130.0,38130.0,290000
2018/11/28,38200.0,39570.0,38090.0,39430.0,377800
2018/11/29,39890.0,40410.0,38470.0,38500.0,380100
2018/11/30,38270.0,38810.0,38010.0,38480.0,216400
2018/12/03,39460.0,40200.0,39240.0,39910.0,342500
2018/12/04,39650.0,39850.0,38490.0,38580.0,340200
2018/12/05,37320.0,37980.0,37160.0,37380.0,271200
2018/12/06,36600.0,36700.0,35470.0,35720.0,402400
2018/12/07,35980.0,36240.0,35340.0,35950.0,292600
2018/12/10,34750.0,35280.0,34630.0,34720.0,268500
2018/12/11,34710.0,34750.0,33600.0,33810.0,250900
2018/12/12,34490.0,35600.0,34040.0,35270.0,313700
2018/12/13,35580.0,36130.0,35260.0,35750.0,330300
2018/12/14,35740.0,35850.0,34680.0,34840.0,361400
2018/12/17,34850.0,35570.0,34610.0,34620.0,315500
2018/12/18,33680.0,35080.0,33620.0,34630.0,305100
2018/12/19,35000.0,35330.0,34660.0,35060.0,242900
2018/12/20,34420.0,35360.0,33550.0,33740.0,272900
2018/12/21,33480.0,33850.0,32970.0,33560.0,432200
2018/12/25,32370.0,32780.0,31950.0,32030.0,253800
2018/12/26,32250.0,32910.0,31170.0,31940.0,231200
2018/12/27,33400.0,33550.0,32750.0,33300.0,202200
2018/12/28,32820.0,33840.0,32770.0,33240.0,195700
2019/01/04,32250.0,32250.0,30820.0,31460.0,434600
2019/01/07,32950.0,33760.0,32770.0,33000.0,293600
2019/01/08,33870.0,34490.0,33610.0,34150.0,293900
2019/01/09,34390.0,34630.0,33850.0,34450.0,303000
2019/01/10,34000.0,34210.0,33440.0,33960.0,186900
2019/01/11,34380.0,35180.0,34380.0,34750.0,231400
2019/01/15,35050.0,36590.0,34730.0,36530.0,278200
2019/01/16,36500.0,36910.0,36210.0,36320.0,265000
2019/01/17,36330.0,36840.0,35810.0,35950.0,204900
2019/01/18,35160.0,35990.0,34870.0,35580.0,401000
2019/01/21,36210.0,36390.0,35730.0,35980.0,243800
2019/01/22,35820.0,36140.0,34940.0,35190.0,229400
2019/01/23,34630.0,35190.0,34240.0,34630.0,264200
2019/01/24,34010.0,34970.0,33970.0,34680.0,246600
2019/01/25,34650.0,36630.0,34510.0,36470.0,349700
2019/01/28,36250.0,36910.0,36190.0,36700.0,169400
2019/01/29,36190.0,36340.0,35190.0,35630.0,190800
2019/01/30,35930.0,36070.0,35380.0,35490.0,198400
2019/01/31,36190.0,36200.0,35130.0,35730.0,295800
2019/02/01,36080.0,37550.0,36030.0,36320.0,420300
2019/02/04,35650.0,36870.0,35560.0,36700.0,289800
2019/02/05,37330.0,37820.0,37240.0,37760.0,403300
2019/02/06,37860.0,38690.0,37730.0,38420.0,352300
2019/02/07,38370.0,38800.0,38020.0,38620.0,276500
2019/02/08,37920.0,37990.0,36020.0,36600.0,295200
2019/02/12,38000.0,40210.0,37500.0,40000.0,576400
2019/02/13,40000.0,40500.0,39680.0,40240.0,319200
2019/02/14,40490.0,40930.0,39970.0,40490.0,290700
2019/02/15,39580.0,40030.0,39120.0,39140.0,295900
2019/02/18,40310.0,40350.0,39170.0,39250.0,243100
2019/02/19,39150.0,40080.0,38740.0,40000.0,245800
2019/02/20,40040.0,40100.0,39110.0,39410.0,263600
2019/02/21,39420.0,39530.0,38640.0,38990.0,204800
2019/02/22,39600.0,39820.0,39200.0,39790.0,263100
2019/02/25,40200.0,41560.0,40200.0,41230.0,433700
2019/02/26,41250.0,41630.0,39960.0,40560.0,408500
2019/02/27,40370.0,40520.0,39540.0,39710.0,271500
2019/02/28,39220.0,39340.0,38430.0,38750.0,310000
2019/03/01,38600.0,39030.0,37980.0,38610.0,401300
2019/03/04,39510.0,39700.0,38720.0,39360.0,305000
2019/03/05,38750.0,39180.0,38520.0,39000.0,154700
2019/03/06,38510.0,38980.0,38410.0,38840.0,161600
2019/03/07,38290.0,38300.0,37500.0,37740.0,252400
2019/03/08,37040.0,37450.0,36400.0,36590.0,335800
2019/03/11,36230.0,36500.0,35680.0,36230.0,289200
2019/03/12,37400.0,38130.0,37250.0,37750.0,407300
2019/03/13,37370.0,37910.0,37080.0,37170.0,226500
2019/03/14,37820.0,38080.0,37590.0,37670.0,275600
2019/03/15,38010.0,39010.0,38000.0,38420.0,486400
2019/03/18,38310.0,39280.0,38270.0,39120.0,326100
2019/03/19,39020.0,39330.0,38710.0,39020.0,184700
2019/03/20,38870.0,39500.0,38730.0,39490.0,240200
2019/03/22,40040.0,41520.0,40040.0,40960.0,517400
2019/03/25,39900.0,40130.0,39820.0,40050.0,366100
2019/03/26,41170.0,41880.0,40760.0,41850.0,408200
2019/03/27,42000.0,42560.0,41580.0,42500.0,378600
2019/03/28,41800.0,42020.0,41350.0,41840.0,356200
2019/03/29,41970.0,42050.0,41400.0,41530.0,213200
2019/04/01,42230.0,42280.0,41740.0,41850.0,448000
2019/04/02,42540.0,42860.0,42150.0,42350.0,356600
2019/04/03,42590.0,43500.0,42560.0,43360.0,407000
2019/04/04,43500.0,43910.0,43040.0,43510.0,380600
2019/04/05,43250.0,43850.0,43150.0,43550.0,185600
2019/04/08,43340.0,43660.0,43160.0,43410.0,207900
2019/04/09,43170.0,43430.0,42650.0,42900.0,367500
2019/04/10,42400.0,43360.0,42240.0,43210.0,245400
2019/04/11,43270.0,44320.0,43150.0,44040.0,358200
2019/04/12,43650.0,44160.0,43400.0,44020.0,308700
2019/04/15,45420.0,45770.0,45280.0,45370.0,405600
2019/04/16,44860.0,45620.0,44750.0,45570.0,177100
2019/04/17,46000.0,46690.0,45670.0,45700.0,262800
2019/04/18,45800.0,46100.0,45680.0,45800.0,241100
2019/04/19,45710.0,45900.0,45290.0,45590.0,310400
2019/04/22,45800.0,45940.0,45120.0,45530.0,212400
2019/04/23,45300.0,45540.0,44510.0,45420.0,251600
2019/04/24,45690.0,46240.0,45380.0,45710.0,290100
2019/04/25,45400.0,45760.0,45070.0,45510.0,180900
2019/04/26,45660.0,46060.0,45320.0,46060.0,371700
2019/05/07,44660.0,44670.0,41820.0,41960.0,631700
2019/05/08,41010.0,41950.0,40730.0,41570.0,292300
2019/05/09,40870.0,41480.0,40770.0,40780.0,286200
2019/05/10,40600.0,42040.0,40420.0,41270.0,293700
2019/05/13,40620.0,40900.0,39590.0,39680.0,317200
2019/05/14,38280.0,39310.0,38180.0,39130.0,317600
2019/05/15,39500.0,40230.0,39140.0,40010.0,261300
2019/05/16,41500.0,41500.0,39110.0,39470.0,271700
2019/05/17,40080.0,40080.0,39280.0,39350.0,210100
2019/05/20,38650.0,38780.0,37280.0,37390.0,313000
2019/05/21,36630.0,37420.0,35770.0,36870.0,507800
2019/05/22,37650.0,37760.0,36870.0,37010.0,299500
2019/05/23,36700.0,36800.0,36050.0,36100.0,245500
2019/05/24,35870.0,36960.0,35790.0,36790.0,255600
2019/05/27,36690.0,36970.0,36390.0,36420.0,202700
2019/05/28,36330.0,37030.0,36140.0,36930.0,229100
2019/05/29,36200.0,36490.0,35870.0,36410.0,314000
2019/05/30,36890.0,36890.0,36080.0,36700.0,192500
2019/05/31,35900.0,36260.0,35720.0,35770.0,280400
2019/06/03,35370.0,35610.0,35160.0,35270.0,305200
2019/06/04,35000.0,35740.0,34880.0,35660.0,266700
2019/06/05,37440.0,37520.0,36820.0,36990.0,417200
2019/06/06,36790.0,36890.0,36180.0,36290.0,267100
2019/06/07,36470.0,36790.0,36230.0,36700.0,165000
2019/06/10,37680.0,37830.0,37100.0,37750.0,326500
2019/06/11,37800.0,38110.0,37700.0,38000.0,214500
2019/06/12,38120.0,38620.0,37930.0,38360.0,269700
2019/06/13,37660.0,38110.0,37620.0,37790.0,230300
2019/06/14,37980.0,38110.0,37760.0,37870.0,166700
2019/06/17,37460.0,37670.0,37210.0,37500.0,185200
2019/06/18,38000.0,38200.0,37660.0,37760.0,242500
2019/06/19,38930.0,39700.0,38740.0,38970.0,298800
2019/06/20,38900.0,39250.0,38610.0,39230.0,185400
2019/06/21,39150.0,39360.0,38860.0,39000.0,223300
2019/06/24,39000.0,39270.0,38850.0,39170.0,170400
2019/06/25,38950.0,39270.0,38780.0,39000.0,138800
2019/06/26,38790.0,39160.0,38750.0,38900.0,115300
2019/06/27,39600.0,40150.0,39470.0,40030.0,190500
2019/06/28,40040.0,40530.0,39790.0,40170.0,243000
2019/07/01,41110.0,41850.0,40930.0,41850.0,243400
2019/07/02,41790.0,41800.0,41310.0,41490.0,241300
2019/07/03,41380.0,41380.0,40550.0,40890.0,178400
2019/07/04,41200.0,41510.0,41070.0,41460.0,113900
2019/07/05,41460.0,41690.0,41380.0,41690.0,134000
2019/07/08,41430.0,41540.0,40920.0,41000.0,168400
2019/07/09,40820.0,41000.0,40350.0,40400.0,164000
2019/07/10,39770.0,39900.0,39610.0,39620.0,219300
2019/07/11,39040.0,39230.0,38590.0,38770.0,343900
2019/07/12,38600.0,38600.0,37840.0,37850.0,300000
2019/07/16,38470.0,39030.0,38360.0,38890.0,357400
2019/07/17,38850.0,39660.0,38820.0,39450.0,321900
2019/07/18,39450.0,39570.0,38860.0,39000.0,279900
2019/07/19,39080.0,40690.0,39010.0,40470.0,310000
2019/07/22,40400.0,40690.0,40350.0,40470.0,119000
2019/07/23,40660.0,41390.0,40550.0,41220.0,161100
2019/07/24,41500.0,42100.0,41460.0,42070.0,249000
2019/07/25,42150.0,42680.0,42070.0,42510.0,180100
2019/07/26,41470.0,41660.0,40780.0,40860.0,224600
2019/07/29,40860.0,41000.0,40250.0,40860.0,145800
2019/07/30,40910.0,41280.0,40700.0,40910.0,164700
2019/07/31,40120.0,40340.0,39590.0,39860.0,255900
2019/08/01,39460.0,39970.0,39230.0,39740.0,161500
2019/08/02,38550.0,38590.0,37650.0,37800.0,389200
2019/08/05,37400.0,37490.0,36440.0,36800.0,235400
2019/08/06,35400.0,37540.0,35380.0,37510.0,317200
2019/08/07,37350.0,37440.0,36440.0,37130.0,276800
2019/08/08,37200.0,37350.0,36800.0,37010.0,217800
2019/08/09,37680.0,37710.0,37250.0,37520.0,221000
2019/08/13,38220.0,39270.0,37660.0,39060.0,471900
2019/08/14,40450.0,40450.0,39000.0,39420.0,374300
2019/08/15,38160.0,39080.0,38010.0,39000.0,289700
2019/08/16,38750.0,39370.0,38600.0,39060.0,161500
2019/08/19,39450.0,39760.0,39280.0,39320.0,127300
2019/08/20,39440.0,39510.0,39200.0,39470.0,127400
2019/08/21,39000.0,39880.0,38950.0,39770.0,134300
2019/08/22,39840.0,40270.0,39580.0,39970.0,139500
2019/08/23,40110.0,40290.0,39890.0,40260.0,112900
2019/08/26,38910.0,39190.0,38850.0,39030.0,256700
2019/08/27,39810.0,40310.0,39570.0,40070.0,181400
2019/08/28,39440.0,39540.0,38970.0,39020.0,186300
2019/08/29,39130.0,39490.0,39100.0,39340.0,178000
2019/08/30,40000.0,40330.0,39930.0,40140.0,260900
2019/09/02,39810.0,40030.0,39430.0,39660.0,122600
2019/09/03,39470.0,40100.0,39450.0,39970.0,150800
2019/09/04,39700.0,39960.0,39630.0,39630.0,169600
2019/09/05,40190.0,41950.0,40080.0,41860.0,286200
2019/09/06,41990.0,42600.0,41870.0,42200.0,223500
2019/09/09,42200.0,43760.0,42200.0,43610.0,257300
2019/09/10,44400.0,44590.0,43720.0,44560.0,288100
2019/09/11,45180.0,45760.0,44730.0,45750.0,445100
2019/09/12,46390.0,47130.0,45880.0,46660.0,431800
2019/09/13,47000.0,47440.0,46700.0,47200.0,359600
2019/09/17,45500.0,46230.0,44670.0,44950.0,534700
2019/09/18,45450.0,46690.0,45450.0,46350.0,341300
2019/09/19,46170.0,46480.0,45280.0,45480.0,329000
2019/09/20,44780.0,45080.0,44250.0,44630.0,449600
2019/09/24,45550.0,45660.0,44920.0,45250.0,259300
2019/09/25,44000.0,44610.0,43400.0,44210.0,331300
2019/09/26,45060.0,45280.0,44400.0,44570.0,278800
2019/09/27,45170.0,45940.0,44930.0,45920.0,379000
2019/09/30,45860.0,46450.0,45620.0,46100.0,365300
2019/10/01,47050.0,47290.0,46580.0,47040.0,252500
2019/10/02,45640.0,46250.0,45380.0,45930.0,300500
2019/10/03,45230.0,45970.0,44900.0,45880.0,285300
2019/10/04,45980.0,46390.0,45690.0,46100.0,312500
2019/10/07,46160.0,46680.0,45830.0,46070.0,174800
2019/10/08,46400.0,47000.0,46370.0,46710.0,277100
2019/10/09,46180.0,46780.0,46120.0,46300.0,253100
2019/10/10,46180.0,46610.0,45660.0,46460.0,232500
2019/10/11,46700.0,46700.0,45360.0,46150.0,310400
2019/10/15,46550.0,46880.0,46000.0,46560.0,378100
2019/10/16,47380.0,47810.0,46390.0,46730.0,411200
2019/10/17,46440.0,46640.0,46060.0,46290.0,295200
2019/10/18,46500.0,47020.0,46320.0,46550.0,275000
2019/10/21,46290.0,46500.0,45820.0,45970.0,161400
2019/10/23,45790.0,46720.0,45770.0,46580.0,264100
2019/10/24,46910.0,47060.0,46550.0,46550.0,137900
2019/10/25,47010.0,47370.0,46910.0,47210.0,235800
2019/10/28,46950.0,47050.0,46140.0,46210.0,354900
2019/10/29,46580.0,47220.0,46460.0,47160.0,395500
2019/10/30,47500.0,47500.0,46430.0,47250.0,527000
2019/10/31,47410.0,47720.0,46960.0,47190.0,258600
2019/11/01,46700.0,48340.0,46690.0,48340.0,244400
2019/11/05,50120.0,50950.0,49810.0,49940.0,335700
2019/11/06,50500.0,50590.0,49390.0,49580.0,240800
2019/11/07,49850.0,50920.0,49500.0,49950.0,283700
2019/11/08,50650.0,50670.0,49380.0,49860.0,277300
2019/11/11,49860.0,49970.0,49200.0,49390.0,171800
2019/11/12,49460.0,49570.0,48910.0,49460.0,311400
2019/11/13,49160.0,50570.0,49060.0,50450.0,480900
2019/11/14,50170.0,50520.0,49430.0,49500.0,256700
2019/11/15,49400.0,49790.0,49100.0,49560.0,250900
2019/11/18,49550.0,50160.0,49470.0,49870.0,236300
2019/11/19,49500.0,49580.0,48110.0,48440.0,336100
2019/11/20,47840.0,48720.0,47830.0,48710.0,162700
2019/11/21,48630.0,49170.0,48230.0,49170.0,408200
2019/11/22,48780.0,48790.0,48290.0,48340.0,211900
2019/11/25,48700.0,49150.0,48560.0,49100.0,195000
2019/11/26,49300.0,49990.0,49250.0,49590.0,263900
2019/11/27,49750.0,50640.0,49700.0,50570.0,226300
2019/11/28,50250.0,50780.0,50120.0,50370.0,146500
2019/11/29,50610.0,50670.0,49600.0,49610.0,165000
2019/12/02,49320.0,50190.0,49320.0,49930.0,205200
2019/12/03,49360.0,50560.0,49360.0,50530.0,165900
2019/12/04,50100.0,50270.0,49720.0,49970.0,180300
2019/12/05,50270.0,50310.0,49270.0,49540.0,180900
2019/12/06,49590.0,50170.0,49540.0,50000.0,215800
2019/12/09,50430.0,50580.0,49700.0,50000.0,135600
2019/12/10,49710.0,50210.0,49670.0,50150.0,193700
2019/12/11,50190.0,50390.0,49910.0,50050.0,139100
2019/12/12,50310.0,51560.0,50110.0,50960.0,313800
2019/12/13,51960.0,52570.0,51440.0,52460.0,286000
2019/12/16,52100.0,52160.0,51510.0,51800.0,170900
2019/12/17,52380.0,52380.0,51230.0,51430.0,177600
2019/12/18,51570.0,51750.0,50520.0,50660.0,162300
2019/12/19,50690.0,50900.0,50220.0,50750.0,160500
2019/12/20,50930.0,51100.0,50630.0,50700.0,174300
2019/12/23,51000.0,51000.0,50400.0,50550.0,79600
2019/12/24,50850.0,51050.0,50580.0,50770.0,62700
2019/12/25,50410.0,50930.0,50410.0,50880.0,41100
2019/12/26,50920.0,51160.0,50770.0,51050.0,77400
2019/12/27,51330.0,51350.0,50710.0,50890.0,79700
2019/12/30,50860.0,50970.0,49880.0,50290.0,111000
2020/01/06,49380.0,49770.0,49250.0,49580.0,216900
2020/01/07,49580.0,50770.0,49440.0,50730.0,183000
2020/01/08,50000.0,50020.0,49080.0,49780.0,193800
2020/01/09,50840.0,52020.0,50780.0,51670.0,368500
2020/01/10,52020.0,53450.0,52020.0,53120.0,250900
2020/01/14,53660.0,54370.0,53660.0,53950.0,164700
2020/01/15,53650.0,53760.0,53030.0,53300.0,143500
2020/01/16,53000.0,53040.0,51720.0,52120.0,250700
2020/01/17,52850.0,53270.0,51960.0,52320.0,224600
2020/01/20,52320.0,53070.0,52290.0,52930.0,121600
2020/01/21,52670.0,53060.0,51670.0,51790.0,180900
2020/01/22,51810.0,52820.0,51730.0,52810.0,157500
2020/01/23,52480.0,52630.0,52030.0,52200.0,127600
2020/01/24,52720.0,52730.0,52240.0,52470.0,114700
2020/01/27,50870.0,50890.0,49570.0,49590.0,342600
2020/01/28,48980.0,49010.0,48650.0,48930.0,258400
2020/01/29,49460.0,49700.0,49070.0,49480.0,152500
2020/01/30,49310.0,49400.0,47900.0,48190.0,175000
2020/01/31,48890.0,48890.0,48190.0,48230.0,169500
2020/02/03,46690.0,48010.0,46570.0,47820.0,212500
2020/02/04,48060.0,48630.0,47590.0,48430.0,261100
2020/02/05,49770.0,49910.0,48990.0,48990.0,209500
2020/02/06,50170.0,50340.0,49700.0,50300.0,286100
2020/02/07,50620.0,50980.0,50120.0,50750.0,236000
2020/02/10,50310.0,50580.0,49960.0,50430.0,243100
2020/02/12,51010.0,51250.0,50320.0,51000.0,226400
2020/02/13,51280.0,51280.0,49480.0,49690.0,271900
2020/02/14,49400.0,50190.0,49400.0,50080.0,183200
2020/02/17,49450.0,50020.0,49190.0,49940.0,115800
2020/02/18,48940.0,49140.0,47650.0,47690.0,210300
2020/02/19,48200.0,48670.0,47660.0,48530.0,174100
2020/02/20,48970.0,49630.0,48830.0,49230.0,189400
2020/02/21,49480.0,50040.0,48920.0,49020.0,194600
2020/02/25,46870.0,47620.0,46670.0,47390.0,258200
2020/02/26,46700.0,47280.0,46090.0,47140.0,257600
2020/02/27,46460.0,46610.0,44720.0,45270.0,318900
2020/02/28,44260.0,44260.0,42600.0,43070.0,337200
2020/03/02,42530.0,44400.0,42110.0,43690.0,331100
2020/03/03,44360.0,44440.0,42760.0,42780.0,357200
2020/03/04,42370.0,43040.0,41710.0,42900.0,343300
2020/03/05,43900.0,43900.0,42650.0,43000.0,205000
2020/03/06,41880.0,42450.0,41680.0,42060.0,246300
2020/03/09,40660.0,40700.0,38510.0,38820.0,409200
2020/03/10,38120.0,40340.0,37060.0,39880.0,547700
2020/03/11,39900.0,41740.0,39510.0,40090.0,430600
2020/03/12,39160.0,39980.0,37840.0,38060.0,397700
2020/03/13,37700.0,39880.0,35870.0,38440.0,765200
2020/03/16,38500.0,40090.0,37460.0,37620.0,569700
2020/03/17,37610.0,41220.0,37060.0,40630.0,695700
2020/03/18,41440.0,43240.0,40720.0,42320.0,405700
2020/03/19,43720.0,44380.0,40400.0,41010.0,488400
2020/03/23,40310.0,41690.0,40000.0,40040.0,552300
2020/03/24,40740.0,42720.0,40110.0,42640.0,426700
2020/03/25,44400.0,46850.0,44280.0,45840.0,499000
2020/03/26,45140.0,45500.0,43340.0,45160.0,395900
2020/03/27,47000.0,47340.0,45770.0,47340.0,356900
2020/03/30,45840.0,46190.0,44560.0,46000.0,398800
2020/03/31,46980.0,47350.0,45360.0,45750.0,278600
2020/04/01,45100.0,46350.0,44060.0,44510.0,256200
2020/04/02,44090.0,45550.0,44020.0,44700.0,262300
2020/04/03,44360.0,45650.0,44360.0,45270.0,217300
2020/04/06,45340.0,46580.0,45270.0,46500.0,258600
2020/04/07,47200.0,48210.0,46830.0,47310.0,229500
2020/04/08,48000.0,48240.0,47020.0,47880.0,385700
2020/04/09,48000.0,48200.0,46590.0,47400.0,265200
2020/04/10,47890.0,48850.0,47620.0,48670.0,212700
2020/04/13,48190.0,48850.0,48080.0,48320.0,141800
2020/04/14,48640.0,49990.0,48600.0,49820.0,182700
2020/04/15,50520.0,51070.0,50200.0,50720.0,215700
2020/04/16,49410.0,49740.0,48870.0,49100.0,302500
2020/04/17,49800.0,50150.0,49100.0,49340.0,273400
2020/04/20,48730.0,49330.0,48430.0,48810.0,178500
2020/04/21,48230.0,49050.0,48140.0,48230.0,192300
2020/04/22,47530.0,48400.0,47150.0,48400.0,247200
2020/04/23,48700.0,49010.0,47940.0,48000.0,170200
2020/04/24,47990.0,48420.0,47480.0,48000.0,294800
2020/04/27,48470.0,48900.0,48290.0,48900.0,227600
2020/04/28,48910.0,49490.0,48850.0,49420.0,254800
2020/04/30,50120.0,50120.0,48930.0,49000.0,351400
2020/05/01,48580.0,49480.0,48220.0,49470.0,221200
2020/05/07,48770.0,50260.0,48580.0,49560.0,277800
2020/05/08,50000.0,50650.0,50000.0,50560.0,205500
2020/05/11,50500.0,51320.0,50310.0,51120.0,140400
2020/05/12,50920.0,51220.0,50420.0,50840.0,125600
2020/05/13,51090.0,52120.0,50720.0,52030.0,241200
2020/05/14,51880.0,51910.0,51180.0,51180.0,125300
2020/05/15,51880.0,52350.0,51300.0,52300.0,245100
2020/05/18,51000.0,51720.0,50760.0,51210.0,186000
2020/05/19,52500.0,53390.0,51730.0,53000.0,268900
2020/05/20,53200.0,54470.0,53020.0,54000.0,235900
2020/05/21,53880.0,54200.0,53430.0,53560.0,114400
2020/05/22,53500.0,53800.0,53080.0,53320.0,109000
2020/05/25,54300.0,54380.0,53740.0,53990.0,78000
2020/05/26,54500.0,55850.0,54400.0,55500.0,188000
2020/05/27,55760.0,56300.0,55190.0,55700.0,218500
2020/05/28,56200.0,56880.0,55510.0,56810.0,262900
2020/05/29,56200.0,56560.0,54150.0,54370.0,509700
2020/06/01,55180.0,56390.0,54990.0,56220.0,227000
2020/06/02,56230.0,57470.0,55890.0,57120.0,217200
2020/06/03,57800.0,57970.0,56650.0,57630.0,290000
2020/06/04,57970.0,58270.0,56900.0,57950.0,245900
2020/06/05,57590.0,57980.0,57030.0,57980.0,199500
2020/06/08,58660.0,58670.0,56360.0,56690.0,246200
2020/06/09,55410.0,56540.0,55200.0,56190.0,248300
2020/06/10,56500.0,56650.0,55740.0,55890.0,241300
2020/06/11,54530.0,55750.0,54310.0,55050.0,227500
2020/06/12,54050.0,54490.0,53330.0,54020.0,271300
2020/06/15,53780.0,54130.0,52430.0,52500.0,172800
2020/06/16,54480.0,55780.0,54100.0,55550.0,259800
2020/06/17,55590.0,56240.0,55320.0,55590.0,166400
2020/06/18,55030.0,55700.0,54730.0,55490.0,108300
2020/06/19,56190.0,56420.0,55350.0,55820.0,207000
2020/06/22,55160.0,55860.0,54970.0,55630.0,105500
2020/06/23,55500.0,55900.0,55090.0,55200.0,148800
2020/06/24,55030.0,55460.0,54810.0,55240.0,156800
2020/06/25,55240.0,56000.0,54780.0,55710.0,162100
2020/06/26,56200.0,56420.0,55770.0,56080.0,130500
2020/06/29,55730.0,56280.0,55420.0,55730.0,127800
2020/06/30,56510.0,56620.0,55060.0,55180.0,231500
2020/07/01,55430.0,55870.0,54480.0,54800.0,169100
2020/07/02,54310.0,54800.0,53850.0,54260.0,182800
2020/07/03,54730.0,55950.0,54700.0,55950.0,141900
2020/07/06,55860.0,57150.0,55860.0,56950.0,135500
2020/07/07,56950.0,57790.0,56800.0,57350.0,122100
2020/07/08,58000.0,58260.0,56370.0,56530.0,228400
2020/07/09,56130.0,56870.0,55930.0,56330.0,224200
2020/07/10,56070.0,56340.0,55680.0,55700.0,132000
2020/07/13,56800.0,56870.0,55940.0,56870.0,132000
2020/07/14,56680.0,57070.0,56180.0,56390.0,135300
2020/07/15,57580.0,60430.0,57050.0,60080.0,404400
2020/07/16,59100.0,59270.0,57830.0,58360.0,299600
2020/07/17,58820.0,58960.0,56950.0,57080.0,211000
2020/07/20,57500.0,57670.0,56510.0,56900.0,137700
2020/07/21,57560.0,58350.0,57340.0,58350.0,127300
2020/07/22,57760.0,58020.0,57320.0,57350.0,138400
2020/07/27,57020.0,58590.0,56930.0,58420.0,174100
2020/07/28,58330.0,58500.0,57500.0,57740.0,136000
2020/07/29,57190.0,57620.0,56750.0,57190.0,136400
2020/07/30,57610.0,57780.0,56700.0,56700.0,112800
2020/07/31,56330.0,56530.0,54950.0,55070.0,237900
2020/08/03,54880.0,55100.0,54400.0,54700.0,191800
2020/08/04,54850.0,55380.0,54430.0,54990.0,246200
2020/08/05,54800.0,55520.0,54420.0,55350.0,158200
2020/08/06,56110.0,56150.0,55330.0,55680.0,102500
2020/08/07,55980.0,56060.0,55290.0,55450.0,95300
2020/08/11,57000.0,58190.0,56740.0,57830.0,234400
2020/08/12,58180.0,59600.0,58070.0,59600.0,231300
2020/08/13,60190.0,60290.0,59890.0,59920.0,172500
2020/08/14,59980.0,60030.0,59540.0,59800.0,110700
2020/08/17,60230.0,60340.0,59520.0,59520.0,68700
2020/08/18,59410.0,60150.0,59210.0,60150.0,97300
2020/08/19,59610.0,59980.0,59190.0,59730.0,113700
2020/08/20,60120.0,60500.0,59100.0,59190.0,153400
2020/08/21,58900.0,59420.0,58550.0,58710.0,115600
2020/08/24,58630.0,59360.0,58430.0,58990.0,98500
2020/08/25,59620.0,59800.0,59190.0,59350.0,94200
2020/08/26,58920.0,59400.0,58620.0,59130.0,156300
2020/08/27,59070.0,59420.0,58770.0,59350.0,98100
2020/08/28,59500.0,59980.0,58080.0,58720.0,176200
2020/08/31,59630.0,59840.0,58250.0,58250.0,178400
2020/09/01,58950.0,58950.0,57670.0,57980.0,174000
2020/09/02,58380.0,59340.0,58120.0,59340.0,168300
2020/09/03,60170.0,60700.0,59830.0,60370.0,174700
2020/09/04,59070.0,59070.0,58110.0,58130.0,226100
2020/09/07,56900.0,58230.0,56820.0,57710.0,159200
2020/09/08,57530.0,57650.0,56000.0,56480.0,313800
2020/09/09,56460.0,56920.0,55500.0,56750.0,249800
2020/09/10,57110.0,57750.0,56940.0,57200.0,173400
2020/09/11,56200.0,56740.0,56180.0,56570.0,225000
2020/09/14,56440.0,57790.0,56440.0,57620.0,154700
2020/09/15,57010.0,57540.0,56870.0,57100.0,129200
2020/09/16,56880.0,57380.0,56660.0,57090.0,135500
2020/09/17,57080.0,57220.0,56860.0,57200.0,141700
2020/09/18,57390.0,58260.0,57390.0,58260.0,223700
2020/09/23,58100.0,58690.0,57810.0,58120.0,193500
2020/09/24,57630.0,57760.0,56410.0,56700.0,220900
2020/09/25,57120.0,57470.0,56710.0,57080.0,212100
2020/09/28,57800.0,58890.0,57510.0,58540.0,230600
2020/09/29,58680.0,60100.0,58480.0,59610.0,176300
2020/09/30,59610.0,60040.0,58440.0,58460.0,199800
2020/10/01,,,,,0
2020/10/02,58550.0,58780.0,56610.0,56980.0,241700
2020/10/05,57440.0,57700.0,56670.0,56800.0,115600
2020/10/06,57020.0,57590.0,56590.0,57540.0,155400
2020/10/07,57790.0,58000.0,57330.0,57900.0,132700
2020/10/08,58000.0,58320.0,57680.0,58310.0,121300
2020/10/09,58590.0,58830.0,57610.0,58080.0,120100
2020/10/12,57790.0,58240.0,57360.0,57600.0,80100
2020/10/13,58370.0,59670.0,58170.0,59570.0,250600
2020/10/14,59510.0,59820.0,59180.0,59270.0,150300
2020/10/15,58770.0,58780.0,57660.0,57840.0,169400
2020/10/16,57840.0,58090.0,57220.0,57520.0,142200
2020/10/19,57780.0,58290.0,57410.0,57990.0,123500
2020/10/20,57310.0,57870.0,57120.0,57870.0,107600
2020/10/21,58480.0,58840.0,57350.0,57390.0,155000
2020/10/22,56890.0,57270.0,56200.0,57260.0,167800
2020/10/23,56870.0,57200.0,55890.0,56770.0,152800
2020/10/26,56550.0,56840.0,56170.0,56350.0,76800
2020/10/27,55690.0,56160.0,55140.0,56160.0,116700
2020/10/28,55630.0,56750.0,55630.0,56590.0,94500
2020/10/29,56000.0,56610.0,55730.0,56600.0,127100
2020/10/30,57740.0,57800.0,55070.0,55300.0,278300
2020/11/02,55400.0,56440.0,55240.0,56270.0,191900
2020/11/04,57170.0,57650.0,56560.0,57370.0,190600
2020/11/05,57840.0,58620.0,57510.0,58500.0,209100
2020/11/06,58210.0,58840.0,58000.0,58770.0,172200
2020/11/09,59680.0,60870.0,59460.0,60680.0,216600
2020/11/10,61800.0,62150.0,59910.0,60300.0,231900
2020/11/11,61300.0,61410.0,59970.0,61280.0,216600
2020/11/12,61880.0,62520.0,61550.0,62370.0,193300
2020/11/13,62430.0,62430.0,60060.0,60450.0,257500
2020/11/16,58990.0,60290.0,58850.0,60000.0,254400
2020/11/17,60070.0,60100.0,58150.0,58500.0,260600
2020/11/18,58100.0,58800.0,57810.0,58160.0,167600
2020/11/19,58700.0,60660.0,58430.0,60580.0,313900
2020/11/20,60580.0,60780.0,60010.0,60250.0,200200
2020/11/24,61500.0,63400.0,61410.0,63030.0,283100
2020/11/25,63850.0,65440.0,63740.0,64780.0,271000
2020/11/26,64420.0,66180.0,64120.0,65900.0,170000
2020/11/27,66190.0,67040.0,65760.0,66660.0,200900
2020/11/30,67650.0,67800.0,65810.0,66320.0,306400
2020/12/01,66800.0,67460.0,66370.0,66590.0,175600
2020/12/02,66450.0,67160.0,65720.0,65990.0,193100
2020/12/03,65690.0,66220.0,65090.0,65490.0,121900
2020/12/04,64840.0,65450.0,64250.0,64830.0,137900
2020/12/07,65370.0,65600.0,64410.0,64510.0,102400
2020/12/08,63980.0,64930.0,63710.0,64860.0,109200
2020/12/09,65470.0,66650.0,65270.0,66330.0,131700
2020/12/10,66330.0,66480.0,65200.0,65550.0,135300
2020/12/11,65610.0,65900.0,64690.0,65090.0,135200
2020/12/14,65880.0,66370.0,65120.0,65130.0,172900
2020/12/15,65130.0,65180.0,64610.0,64770.0,104300
2020/12/16,64870.0,65340.0,64050.0,64320.0,128200
2020/12/17,64430.0,64430.0,63650.0,64050.0,210100
2020/12/18,64100.0,64580.0,63410.0,63840.0,153900
2020/12/21,64080.0,64350.0,62820.0,63540.0,124600
2020/12/22,63010.0,63570.0,62380.0,62630.0,104900
2020/12/23,62790.0,63560.0,62410.0,63360.0,115700
2020/12/24,63540.0,63870.0,62820.0,63080.0,85700
2020/12/25,63060.0,63080.0,62520.0,62730.0,54500
2020/12/28,63000.0,63380.0,62870.0,63290.0,107200
2020/12/29,63150.0,64240.0,63150.0,64170.0,115300
2020/12/30,63670.0,63940.0,62490.0,62950.0,177300
2021/01/04,62600.0,63190.0,61430.0,63180.0,177000
2021/01/05,63450.0,64000.0,63030.0,64000.0,143500
2021/01/06,64400.0,65880.0,64370.0,64700.0,245000
2021/01/07,65870.0,67400.0,65400.0,67200.0,254600
2021/01/08,67850.0,68200.0,66590.0,68200.0,222900
2021/01/12,67700.0,68030.0,66950.0,67580.0,235200
2021/01/13,67540.0,68680.0,67040.0,67260.0,236300
2021/01/14,67310.0,69860.0,67200.0,69180.0,245400
2021/01/15,69630.0,69640.0,67740.0,67960.0,172800
2021/01/18,67270.0,67750.0,66770.0,67290.0,147000
2021/01/19,67300.0,67470.0,66910.0,67370.0,155200
2021/01/20,67460.0,67500.0,66610.0,66880.0,205700
2021/01/21,66910.0,68010.0,66800.0,67800.0,253400
2021/01/22,68300.0,68690.0,67860.0,68240.0,215800
2021/01/25,68590.0,68640.0,67350.0,67740.0,226000
2021/01/26,66750.0,67070.0,66070.0,66460.0,211400
2021/01/27,66700.0,67050.0,65950.0,66960.0,218100
2021/01/28,64960.0,67040.0,64940.0,66040.0,587700
2021/01/29,66040.0,66450.0,63330.0,63360.0,235100
2021/02/01,63330.0,64770.0,63000.0,64510.0,167700
2021/02/02,65180.0,65480.0,64640.0,65390.0,100200
2021/02/03,65960.0,66050.0,64710.0,64820.0,125100
2021/02/04,64160.0,64180.0,62610.0,62830.0,206300
2021/02/05,63350.0,64240.0,62930.0,63410.0,218400
2021/02/08,63790.0,64990.0,63270.0,64860.0,187400
2021/02/09,65170.0,66740.0,65130.0,66510.0,154600
2021/02/10,66660.0,66800.0,65790.0,66030.0,100500
2021/02/12,66710.0,67130.0,66210.0,66440.0,164200
2021/02/15,68440.0,68780.0,66600.0,67480.0,329100
2021/02/16,66480.0,66980.0,65600.0,66450.0,244400
2021/02/17,66200.0,66430.0,65500.0,66140.0,191600
2021/02/18,65820.0,66290.0,65560.0,65820.0,180100
2021/02/19,64670.0,65670.0,64640.0,65250.0,144200
2021/02/22,65600.0,66130.0,65400.0,65860.0,169000
2021/02/24,64860.0,65770.0,64490.0,64490.0,439600
2021/02/25,64770.0,66120.0,64520.0,65880.0,283700
2021/02/26,64240.0,65150.0,62900.0,62900.0,341500
2021/03/01,63930.0,64920.0,63770.0,64470.0,267500
2021/03/02,65400.0,65900.0,64800.0,65460.0,306900
2021/03/03,65010.0,65350.0,63510.0,64100.0,351400
2021/03/04,63340.0,63840.0,62690.0,63200.0,188800
2021/03/05,62300.0,63550.0,61850.0,63550.0,268900
2021/03/08,63620.0,63910.0,61450.0,61700.0,217800
2021/03/09,61000.0,61160.0,59240.0,60000.0,263100
2021/03/10,61000.0,61040.0,59940.0,60130.0,214400
2021/03/11,59890.0,60360.0,58760.0,60120.0,246200
2021/03/12,61120.0,63150.0,60660.0,62790.0,256900
2021/03/15,62820.0,63080.0,61660.0,62470.0,158800
2021/03/16,62790.0,63200.0,62160.0,63000.0,129800
2021/03/17,62810.0,64280.0,62760.0,63790.0,174100
2021/03/18,64790.0,66490.0,64680.0,66490.0,265100
2021/03/19,65380.0,65910.0,64370.0,64730.0,316700
2021/03/22,63900.0,63900.0,62740.0,63030.0,162500
2021/03/23,63920.0,64000.0,62260.0,62260.0,142800
2021/03/24,62220.0,63030.0,61710.0,62580.0,150800
2021/03/25,64420.0,65300.0,63630.0,64750.0,297300
2021/03/26,64760.0,65270.0,64050.0,65010.0,210300
2021/03/29,65900.0,65900.0,64550.0,65300.0,232100
2021/03/30,65880.0,65960.0,64780.0,65960.0,159000
2021/03/31,65300.0,65900.0,64280.0,64310.0,182300
2021/04/01,65190.0,65690.0,64600.0,65430.0,158200
2021/04/02,66610.0,66850.0,66360.0,66770.0,96900
2021/04/05,66770.0,66970.0,66230.0,66680.0,86200
2021/04/06,66960.0,67150.0,65690.0,65890.0,127500
2021/04/07,66000.0,66050.0,64490.0,64730.0,162800
2021/04/08,64890.0,66390.0,64800.0,66280.0,164000
2021/04/09,66100.0,67790.0,66100.0,66740.0,183200
2021/04/12,66750.0,67130.0,65900.0,66030.0,116700
2021/04/13,66220.0,67180.0,65900.0,66320.0,159500
2021/04/14,66000.0,66630.0,66000.0,66340.0,92600
2021/04/15,66380.0,67100.0,66110.0,66630.0,144100
2021/04/16,66660.0,66940.0,65600.0,65850.0,139800
2021/04/19,65510.0,66170.0,65390.0,65930.0,93100
2021/04/20,65920.0,66110.0,65510.0,65900.0,149800
2021/04/21,65100.0,65500.0,63530.0,63610.0,168700
2021/04/22,65160.0,66100.0,65160.0,65970.0,186300
2021/04/23,64970.0,65570.0,64050.0,64650.0,163600
2021/04/26,65230.0,65440.0,64550.0,65130.0,125300
2021/04/27,65190.0,65450.0,64550.0,64550.0,128600
2021/04/28,64380.0,65010.0,64020.0,64450.0,138300
2021/04/30,64540.0,64750.0,63320.0,63450.0,173500
2021/05/06,64450.0,64650.0,63320.0,63640.0,180400
2021/05/07,63600.0,64700.0,63510.0,63900.0,108300
2021/05/10,64150.0,65290.0,63950.0,65230.0,135000
2021/05/11,65190.0,65580.0,63510.0,63630.0,155300
2021/05/12,63480.0,64430.0,61750.0,62120.0,192100
2021/05/13,61350.0,61770.0,60400.0,61000.0,212100
2021/05/14,62500.0,63290.0,61810.0,62900.0,193200
2021/05/17,62030.0,63390.0,60780.0,61290.0,203400
2021/05/18,61000.0,63080.0,60940.0,62990.0,285300
2021/05/19,62090.0,63190.0,61850.0,62990.0,228000
2021/05/20,62980.0,63670.0,62830.0,63330.0,185300
2021/05/21,62950.0,63450.0,62660.0,62810.0,208500
2021/05/24,62160.0,62800.0,62090.0,62380.0,217200
2021/05/25,62800.0,63350.0,62680.0,63270.0,157500
2021/05/26,63270.0,63670.0,63210.0,63500.0,158500
2021/05/27,63100.0,63830.0,62860.0,63830.0,475100
2021/05/28,65290.0,66670.0,65290.0,66330.0,268100
2021/05/31,66100.0,66780.0,65410.0,65520.0,174500
2021/06/01,66140.0,66430.0,65670.0,66410.0,154600
2021/06/02,66010.0,66340.0,65470.0,66270.0,167900
2021/06/03,66500.0,66950.0,66020.0,66590.0,128000
2021/06/04,66320.0,66940.0,65920.0,66910.0,186200
2021/06/07,67160.0,67400.0,66210.0,66370.0,129600
2021/06/08,66260.0,66640.0,65380.0,65380.0,110500
2021/06/09,64560.0,64580.0,63350.0,63500.0,193200
2021/06/10,63180.0,63570.0,62380.0,62840.0,198500
2021/06/11,62870.0,63340.0,62800.0,63200.0,205400
2021/06/14,63710.0,63810.0,62920.0,63630.0,88900
2021/06/15,63690.0,65190.0,63540.0,64690.0,242400
2021/06/16,64360.0,65390.0,64360.0,65280.0,116800
2021/06/17,65230.0,65580.0,64820.0,65370.0,125300
2021/06/18,65690.0,65700.0,64500.0,64530.0,210000
2021/06/21,63640.0,64080.0,62930.0,63010.0,206000
2021/06/22,64340.0,64630.0,63880.0,64480.0,146800
2021/06/23,65050.0,65300.0,64720.0,65070.0,136500
2021/06/24,65170.0,65170.0,64350.0,64940.0,121600
2021/06/25,66200.0,66390.0,65620.0,65770.0,161600
2021/06/28,66040.0,66400.0,65540.0,65710.0,89200
2021/06/29,65980.0,66480.0,65510.0,66400.0,177100
2021/06/30,66700.0,67000.0,65600.0,65650.0,219200
2021/07/01,65750.0,66000.0,65150.0,65240.0,105900
2021/07/02,65100.0,65590.0,64910.0,65280.0,114500
2021/07/05,65150.0,65690.0,64910.0,65680.0,84000
2021/07/06,65890.0,66220.0,65520.0,66120.0,96700
2021/07/07,65370.0,66600.0,65220.0,66460.0,142600
2021/07/08,66060.0,66920.0,66060.0,66450.0,145800
2021/07/09,65800.0,66140.0,64200.0,65260.0,189900
2021/07/12,67160.0,67870.0,66560.0,67860.0,224300
2021/07/13,68220.0,68590.0,67840.0,68120.0,148000
2021/07/14,68210.0,68590.0,68040.0,68190.0,141500
2021/07/15,67960.0,67960.0,67070.0,67130.0,123200
2021/07/16,66930.0,67330.0,66610.0,66780.0,79700
2021/07/19,65930.0,65930.0,64480.0,64640.0,169200
2021/07/20,63990.0,64540.0,63820.0,63830.0,121600
2021/07/21,64830.0,65150.0,64180.0,64390.0,110200
2021/07/26,66100.0,66590.0,65700.0,65790.0,163900
2021/07/27,65780.0,66070.0,65350.0,65430.0,86400
2021/07/28,65040.0,65290.0,64430.0,64920.0,95700
2021/07/29,65260.0,65580.0,65040.0,65480.0,92400
2021/07/30,65380.0,65900.0,64770.0,64800.0,116500
2021/08/02,66100.0,66950.0,65660.0,66840.0,120200
2021/08/03,66630.0,67150.0,66430.0,66800.0,76200
2021/08/04,67800.0,67870.0,66410.0,66710.0,81500
2021/08/05,66880.0,67480.0,66840.0,67480.0,61100
2021/08/06,66930.0,67910.0,66870.0,67750.0,77000
2021/08/10,68570.0,69540.0,68400.0,69400.0,137500
2021/08/11,69860.0,70730.0,69580.0,70440.0,183200
2021/08/12,73440.0,74240.0,72280.0,73070.0,280900
2021/08/13,73070.0,73290.0,71160.0,71270.0,159500
2021/08/16,71280.0,71440.0,69400.0,69520.0,163800
2021/08/17,70200.0,70400.0,68700.0,68760.0,124500
2021/08/18,67770.0,68150.0,67280.0,67940.0,177600
2021/08/19,67300.0,67800.0,67000.0,67430.0,121500
2021/08/20,66880.0,67890.0,66510.0,66770.0,125800
2021/08/23,67690.0,68780.0,67600.0,68380.0,179900
2021/08/24,69290.0,69600.0,68920.0,69400.0,112400
2021/08/25,69480.0,70080.0,68690.0,68950.0,84900
2021/08/26,69040.0,69510.0,68860.0,69430.0,68000
2021/08/27,68840.0,69460.0,68660.0,68810.0,82100
2021/08/30,69200.0,69980.0,69160.0,69980.0,106600
2021/08/31,70060.0,70950.0,69720.0,70510.0,125200
2021/09/01,70510.0,71980.0,70400.0,71290.0,154300
2021/09/02,72280.0,72990.0,72040.0,72270.0,139200
2021/09/03,73700.0,74320.0,73010.0,73680.0,229500
2021/09/06,78180.0,78180.0,76050.0,76790.0,268900
2021/09/07,77500.0,78110.0,76400.0,76640.0,166900
2021/09/08,76440.0,77360.0,76110.0,77360.0,157900
2021/09/09,76270.0,77500.0,75890.0,76130.0,217700
2021/09/10,74630.0,76690.0,74630.0,76550.0,260600
2021/09/13,76440.0,77190.0,76190.0,77180.0,137000
2021/09/14,77650.0,78890.0,77510.0,78740.0,174100
2021/09/15,78530.0,78940.0,78250.0,78800.0,117800
2021/09/16,79150.0,79220.0,77850.0,78220.0,128900
2021/09/17,78400.0,79510.0,78350.0,79340.0,256600
2021/09/21,77750.0,77980.0,77140.0,77330.0,160300
2021/09/22,77550.0,77620.0,76850.0,76860.0,109100
2021/09/24,77900.0,78200.0,77230.0,77500.0,153800
2021/09/27,76930.0,77250.0,75340.0,75500.0,190400
2021/09/28,75030.0,75050.0,73210.0,73380.0,278300
2021/09/29,71300.0,71710.0,70350.0,70630.0,329200
2021/09/30,70520.0,70740.0,69780.0,70080.0,217100
2021/10/01,68580.0,69600.0,67670.0,67970.0,209700
2021/10/04,68970.0,69220.0,66090.0,66220.0,189700
2021/10/05,65320.0,65330.0,63380.0,63760.0,296000
2021/10/06,64760.0,65100.0,62220.0,62650.0,195800
2021/10/07,63490.0,63750.0,62400.0,62610.0,137300
2021/10/08,63780.0,63900.0,62800.0,62840.0,164200
2021/10/11,62720.0,63850.0,61510.0,63400.0,225800
2021/10/12,63900.0,64010.0,61790.0,62110.0,163900
2021/10/13,61600.0,61930.0,61170.0,61560.0,185800
2021/10/14,62440.0,62790.0,61910.0,62710.0,133600
2021/10/15,64270.0,65700.0,63760.0,65530.0,282900
2021/10/18,66130.0,66410.0,64810.0,65700.0,207800
2021/10/19,66390.0,67420.0,66120.0,67400.0,178400
2021/10/20,68240.0,68440.0,66160.0,66640.0,149000
2021/10/21,66790.0,66860.0,65200.0,65990.0,195700
2021/10/22,66200.0,68300.0,66170.0,67740.0,260300
2021/10/25,66930.0,67880.0,66630.0,67880.0,138500
2021/10/26,68880.0,69270.0,68390.0,68720.0,215800
2021/10/27,68550.0,68670.0,67350.0,67900.0,159500
2021/10/28,67700.0,68400.0,67600.0,68030.0,188000
2021/10/29,67900.0,68260.0,67100.0,67940.0,194000
2021/11/01,69700.0,70160.0,69060.0,70160.0,168400
2021/11/02,70000.0,70400.0,69780.0,70100.0,128000
2021/11/04,70980.0,72630.0,70760.0,72550.0,206800
2021/11/05,73000.0,73190.0,72220.0,72730.0,128000
2021/11/08,72500.0,72700.0,71350.0,71400.0,251000
2021/11/09,72070.0,72280.0,71220.0,71250.0,142700
2021/11/10,70290.0,72100.0,70160.0,70200.0,148000
2021/11/11,70160.0,72090.0,70050.0,71560.0,149000
2021/11/12,71890.0,72710.0,70460.0,70780.0,243900
2021/11/15,72560.0,72960.0,71630.0,72030.0,268700
2021/11/16,70590.0,71150.0,69050.0,70700.0,298200
2021/11/17,72200.0,73430.0,71820.0,73360.0,226500
2021/11/18,73290.0,75370.0,73290.0,74660.0,204600
2021/11/19,77280.0,77840.0,76110.0,77120.0,324700
2021/11/22,77060.0,77100.0,76120.0,76820.0,119500
2021/11/24,76210.0,76770.0,75710.0,76110.0,142100
2021/11/25,76490.0,77310.0,76130.0,76310.0,96100
2021/11/26,76060.0,76380.0,74510.0,75090.0,113100
2021/11/29,74910.0,75270.0,73500.0,73830.0,177600
2021/11/30,74700.0,75570.0,72650.0,72650.0,383000
2021/12/01,72530.0,73900.0,72150.0,73570.0,191800
2021/12/02,73900.0,74810.0,73490.0,73840.0,175100
2021/12/03,73390.0,74120.0,72550.0,74120.0,129100
2021/12/06,74010.0,74480.0,73310.0,74000.0,138000
2021/12/07,74770.0,76390.0,74450.0,76120.0,150800
2021/12/08,77600.0,77600.0,76500.0,76960.0,152200
2021/12/09,76300.0,76930.0,75980.0,76080.0,126100
2021/12/10,75400.0,76770.0,75370.0,76120.0,109000
2021/12/13,77150.0,77540.0,77040.0,77040.0,139200
2021/12/14,76800.0,77030.0,76200.0,76210.0,112100
2021/12/15,75550.0,76990.0,75550.0,76470.0,92700
2021/12/16,77500.0,77700.0,76430.0,76870.0,161400
2021/12/17,77370.0,77550.0,76350.0,76750.0,204300
2021/12/20,75960.0,76660.0,75070.0,75120.0,112700
2021/12/21,76450.0,77060.0,75740.0,76330.0,144400
2021/12/22,76340.0,76670.0,75180.0,75500.0,146500
2021/12/23,75640.0,76380.0,75470.0,76380.0,66800
2021/12/24,76970.0,77470.0,76750.0,77170.0,75100
2021/12/27,76860.0,77100.0,76390.0,76570.0,71000
2021/12/28,77160.0,77730.0,77120.0,77660.0,117600
2021/12/29,77490.0,77740.0,76850.0,77000.0,89200
2021/12/30,77100.0,78340.0,76820.0,77590.0,107000
2022/01/04,79030.0,79190.0,77780.0,79080.0,143100
2022/01/05,78830.0,79250.0,78600.0,79010.0,94100
2022/01/06,78000.0,78180.0,76670.0,76810.0,111600
2022/01/07,76880.0,77090.0,74800.0,75580.0,133700
2022/01/11,73330.0,73940.0,72370.0,72510.0,253600
2022/01/12,73500.0,74920.0,73140.0,74870.0,157600
2022/01/13,74570.0,74570.0,72200.0,72220.0,154300
2022/01/14,70500.0,70500.0,68270.0,68330.0,304500
2022/01/17,68680.0,68840.0,67100.0,67490.0,214000
2022/01/18,67690.0,68650.0,66810.0,67480.0,205600
2022/01/19,67570.0,68360.0,66200.0,66520.0,273400
2022/01/20,66400.0,67760.0,65600.0,67600.0,201300
2022/01/21,66400.0,66400.0,64400.0,65610.0,215700
2022/01/24,65400.0,65720.0,64350.0,65480.0,145400
2022/01/25,65630.0,66030.0,62760.0,63690.0,220800
2022/01/26,63960.0,64150.0,62390.0,63370.0,110300
2022/01/27,63730.0,63770.0,60400.0,61440.0,219900
2022/01/28,63440.0,64210.0,61600.0,63720.0,270400
2022/01/31,63030.0,64000.0,62010.0,63390.0,205000
2022/02/01,65530.0,66170.0,63820.0,64100.0,179800
2022/02/02,64800.0,66490.0,64350.0,66420.0,218700
2022/02/03,65320.0,65460.0,63710.0,63910.0,176500
2022/02/04,63580.0,64570.0,63060.0,64380.0,112100
2022/02/07,64380.0,64420.0,63100.0,63910.0,143700
2022/02/08,64910.0,65210.0,63260.0,63460.0,156800
2022/02/09,63840.0,64820.0,63530.0,64210.0,137900
2022/02/10,65650.0,65910.0,64990.0,65750.0,188900
2022/02/14,63800.0,64670.0,62860.0,63190.0,202600
2022/02/15,66340.0,67490.0,65060.0,65420.0,407500
2022/02/16,67950.0,69700.0,67260.0,69290.0,445700
2022/02/17,69140.0,69300.0,68130.0,68710.0,311700
2022/02/18,68670.0,68750.0,66620.0,67630.0,325900
2022/02/21,67510.0,67710.0,65560.0,67490.0,255100
2022/02/22,65900.0,67180.0,65790.0,67010.0,245100
2022/02/24,67080.0,67280.0,65450.0,65600.0,319400
2022/02/25,66440.0,68450.0,66440.0,68120.0,262200
2022/02/28,68050.0,68880.0,67200.0,68050.0,288300
2022/03/01,69580.0,70300.0,69060.0,69530.0,299000
2022/03/02,68060.0,68990.0,67960.0,68410.0,231600
2022/03/03,69320.0,69700.0,68850.0,68980.0,241900
2022/03/04,68730.0,68820.0,65850.0,66100.0,221800
2022/03/07,63440.0,63610.0,60610.0,61670.0,382200
2022/03/08,61030.0,63320.0,60940.0,62030.0,254800
2022/03/09,62470.0,63090.0,61600.0,61830.0,183400
2022/03/10,64500.0,65180.0,64010.0,64930.0,199200
2022/03/11,63110.0,63740.0,61700.0,62660.0,237800
2022/03/14,63250.0,64170.0,62720.0,62720.0,153500
2022/03/15,62150.0,63280.0,61330.0,61490.0,177600
2022/03/16,62290.0,63330.0,61820.0,62880.0,209900
2022/03/17,65770.0,67850.0,65380.0,67230.0,251500
2022/03/18,67160.0,67930.0,66620.0,67140.0,254600
2022/03/22,68010.0,68610.0,66820.0,67390.0,276600
2022/03/23,68600.0,70670.0,68520.0,70370.0,206500
2022/03/24,69010.0,71100.0,68640.0,71010.0,173400
2022/03/25,71860.0,71940.0,69610.0,69850.0,216500
2022/03/28,69000.0,69700.0,68830.0,69340.0,91500
2022/03/29,70530.0,70550.0,69750.0,70080.0,170600
2022/03/30,70680.0,71120.0,69010.0,69210.0,219200
2022/03/31,68690.0,69150.0,68210.0,68840.0,216000
2022/04/01,68100.0,68640.0,67060.0,68490.0,186300
2022/04/04,68620.0,69040.0,68000.0,69040.0,111600
2022/04/05,70040.0,70580.0,68310.0,68860.0,176100
2022/04/06,67800.0,68200.0,67010.0,67780.0,214700
2022/04/07,66180.0,66990.0,65610.0,66750.0,197000
2022/04/08,66250.0,67160.0,65800.0,67160.0,237400
2022/04/11,66900.0,67190.0,66250.0,67140.0,148600
2022/04/12,65800.0,66200.0,63980.0,64170.0,164900
2022/04/13,64410.0,65050.0,64210.0,64940.0,214400
2022/04/14,65800.0,66070.0,65290.0,65640.0,150400
2022/04/15,64260.0,64820.0,63320.0,64580.0,130600
2022/04/18,63900.0,64290.0,63100.0,63810.0,113000
2022/04/19,64660.0,65180.0,64500.0,64880.0,122700
2022/04/20,65420.0,66250.0,65000.0,65140.0,205800
2022/04/21,64860.0,66370.0,64860.0,66310.0,154300
2022/04/22,65310.0,66220.0,65240.0,65920.0,113300
2022/04/25,63920.0,65050.0,63470.0,64280.0,157700
2022/04/26,64600.0,64600.0,63220.0,63580.0,245700
2022/04/27,62000.0,62730.0,61080.0,62550.0,396500
2022/04/28,62100.0,63500.0,62000.0,63050.0,280400
2022/05/02,65700.0,65900.0,62590.0,62890.0,191700
2022/05/06,62320.0,63050.0,61430.0,62910.0,168500
2022/05/09,61910.0,62530.0,61550.0,61620.0,173500
2022/05/10,60780.0,61990.0,59830.0,61550.0,211200
2022/05/11,60980.0,61860.0,60580.0,61150.0,134800
2022/05/12,60470.0,61040.0,59550.0,60110.0,157400
2022/05/13,60360.0,62100.0,60260.0,60840.0,271500
2022/05/16,62840.0,65070.0,62670.0,63380.0,272200
2022/05/17,62940.0,64120.0,62430.0,64040.0,175800
2022/05/18,66040.0,66840.0,65520.0,65970.0,298000
2022/05/19,64380.0,65800.0,64250.0,65790.0,209600
2022/05/20,66100.0,66590.0,65290.0,65980.0,176200
2022/05/23,66580.0,66820.0,66100.0,66660.0,143600
2022/05/24,66820.0,67050.0,66230.0,66570.0,139900
2022/05/25,66080.0,66570.0,65510.0,66250.0,194300
2022/05/26,66270.0,66410.0,64870.0,64920.0,178900
2022/05/27,66130.0,66230.0,64280.0,64350.0,181600
2022/05/30,65750.0,66680.0,65290.0,66420.0,347200
2022/05/31,66000.0,66610.0,65620.0,66610.0,208600
2022/06/01,66560.0,68000.0,66190.0,67860.0,156300
2022/06/02,67740.0,68550.0,66750.0,68160.0,157600
2022/06/03,68480.0,69290.0,68260.0,68940.0,142700
2022/06/06,68310.0,69440.0,68140.0,69180.0,103900
2022/06/07,69210.0,70600.0,69190.0,69980.0,159900
2022/06/08,70860.0,71970.0,70760.0,71290.0,208700
2022/06/09,71250.0,72150.0,70730.0,71270.0,187800
2022/06/10,70200.0,70380.0,69320.0,69600.0,253900
2022/06/13,66900.0,67100.0,64610.0,64610.0,344300
2022/06/14,63670.0,63810.0,62360.0,63380.0,290500
2022/06/15,62840.0,63000.0,60730.0,60730.0,315200
2022/06/16,62100.0,63170.0,61570.0,61640.0,279700
2022/06/17,59890.0,61040.0,59430.0,60740.0,305500
2022/06/20,61500.0,61510.0,58740.0,59220.0,158300
2022/06/21,60220.0,60850.0,59450.0,60370.0,184400
2022/06/22,61250.0,61460.0,58900.0,59010.0,226000
2022/06/23,58740.0,60150.0,58570.0,59000.0,193500
2022/06/24,58500.0,59890.0,58320.0,59830.0,182800
2022/06/27,60900.0,62590.0,60860.0,62570.0,191000
2022/06/28,62340.0,63610.0,62010.0,63600.0,220100
2022/06/29,62100.0,63030.0,61010.0,61350.0,361400
2022/06/30,61080.0,61320.0,60210.0,60470.0,202500
2022/07/01,61080.0,61330.0,58850.0,59250.0,246800
2022/07/04,59550.0,60480.0,59300.0,59910.0,194600
2022/07/05,60480.0,60700.0,60000.0,60430.0,128700
2022/07/06,60610.0,60830.0,59920.0,60400.0,198100
2022/07/07,60140.0,60830.0,59330.0,60740.0,292700
2022/07/08,61950.0,62880.0,61690.0,62240.0,323400
2022/07/11,62590.0,63730.0,61640.0,62400.0,204700
2022/07/12,61400.0,61450.0,57950.0,58550.0,413200
2022/07/13,59000.0,59890.0,58310.0,58680.0,239000
2022/07/14,58030.0,59760.0,57820.0,59740.0,190900
2022/07/15,59700.0,60480.0,58860.0,60300.0,183400
2022/07/19,60540.0,61710.0,60050.0,61630.0,191300
2022/07/20,62760.0,64300.0,62620.0,64240.0,275100
2022/07/21,64230.0,64770.0,63440.0,64370.0,178700
2022/07/22,64570.0,65250.0,64470.0,64900.0,163700
2022/07/25,63700.0,64240.0,63230.0,63410.0,178400
2022/07/26,63380.0,64110.0,63110.0,63890.0,144100
2022/07/27,63200.0,65130.0,63200.0,64900.0,152000
2022/07/28,66200.0,66250.0,64580.0,65060.0,217900
2022/07/29,65300.0,66000.0,64940.0,65410.0,148600
2022/08/01,65410.0,67350.0,65410.0,67320.0,159100
2022/08/02,66470.0,66850.0,65070.0,65100.0,196000
2022/08/03,65290.0,66280.0,65180.0,66150.0,133300
2022/08/04,66500.0,66650.0,64980.0,66530.0,238100
2022/08/05,66570.0,67870.0,66420.0,67490.0,165900
2022/08/08,66940.0,67150.0,65980.0,66950.0,134200
2022/08/09,67360.0,67700.0,65870.0,66170.0,165100
2022/08/10,65140.0,65690.0,64250.0,65690.0,175800
2022/08/12,67890.0,68380.0,65980.0,68380.0,357900
2022/08/15,68500.0,69400.0,68500.0,69400.0,134300
2022/08/16,68450.0,68630.0,67860.0,68250.0,188700
2022/08/17,67710.0,68640.0,66800.0,68560.0,249200
2022/08/18,67620.0,67890.0,67160.0,67330.0,177600
2022/08/19,68170.0,68300.0,67360.0,67450.0,131700
2022/08/22,66520.0,67220.0,66340.0,67060.0,87400
2022/08/23,66690.0,67190.0,66150.0,66790.0,133500
2022/08/24,66850.0,68150.0,66620.0,67490.0,188800
2022/08/25,66490.0,67170.0,66060.0,66780.0,177200
2022/08/26,67350.0,67880.0,67330.0,67330.0,116000
2022/08/29,64730.0,64820.0,64050.0,64620.0,169100
2022/08/30,65710.0,66850.0,65700.0,66640.0,197500
2022/08/31,65860.0,66620.0,65800.0,66600.0,168100
2022/09/01,66300.0,66300.0,65170.0,65420.0,174000
2022/09/02,65320.0,65430.0,64730.0,65230.0,185100
2022/09/05,64900.0,66600.0,64900.0,66320.0,174200
2022/09/06,66400.0,67210.0,64730.0,64890.0,488900
2022/09/07,65040.0,65650.0,64240.0,65300.0,345400
2022/09/08,65800.0,67270.0,65510.0,67260.0,302600
2022/09/09,67980.0,68090.0,67150.0,67680.0,233100
2022/09/12,68650.0,69340.0,68360.0,68590.0,226200
2022/09/13,68680.0,69000.0,67720.0,69000.0,185300
2022/09/14,66370.0,67950.0,66360.0,66540.0,286800
2022/09/15,66200.0,66590.0,65420.0,65620.0,288900
2022/09/16,64480.0,64620.0,63540.0,63800.0,315800
2022/09/20,63920.0,64760.0,62980.0,63200.0,413100
2022/09/21,62550.0,63480.0,62450.0,62740.0,250100
2022/09/22,62000.0,62580.0,61770.0,62570.0,287200
2022/09/26,61310.0,61640.0,60640.0,60640.0,265400
2022/09/27,60890.0,61540.0,60330.0,60700.0,309100
2022/09/28,60380.0,61210.0,59120.0,59960.0,352300
2022/09/29,60510.0,60700.0,59180.0,59870.0,457500
2022/09/30,59440.0,59700.0,57710.0,58220.0,2344200
2022/10/03,57830.0,60360.0,57740.0,59790.0,383700
2022/10/04,61010.0,62670.0,60800.0,62230.0,412400
2022/10/05,62910.0,63850.0,62510.0,63430.0,344900
2022/10/06,62880.0,64330.0,62800.0,64220.0,252600
2022/10/07,62870.0,64010.0,62550.0,63650.0,225700
2022/10/11,60740.0,60850.0,59100.0,59380.0,547400
2022/10/12,59500.0,60050.0,59020.0,59500.0,295200
2022/10/13,59500.0,59510.0,58230.0,58230.0,278100
2022/10/14,59950.0,60150.0,58940.0,59370.0,268400
2022/10/17,58110.0,58320.0,57750.0,58190.0,225800
2022/10/18,59180.0,59220.0,58000.0,58800.0,203200
2022/10/19,58990.0,59980.0,58840.0,59330.0,217300
2022/10/20,58730.0,58730.0,57720.0,58220.0,225800
2022/10/21,58220.0,58220.0,57500.0,57580.0,234000
2022/10/24,58570.0,60000.0,58280.0,58940.0,239400
2022/10/25,59490.0,59490.0,58630.0,58840.0,188800
2022/10/26,59230.0,59460.0,58250.0,58380.0,227900
2022/10/27,58690.0,59600.0,58410.0,58930.0,297700
2022/10/28,57490.0,58080.0,56710.0,57610.0,384100
2022/10/31,58900.0,60120.0,58700.0,60120.0,282300
2022/11/01,60350.0,61820.0,60180.0,61780.0,282200
2022/11/02,60780.0,61030.0,60290.0,60560.0,191400
2022/11/04,59300.0,59610.0,58660.0,59430.0,227000
2022/11/07,60170.0,61380.0,59880.0,60990.0,191800
2022/11/08,61510.0,62420.0,61260.0,62420.0,181600
2022/11/09,62800.0,63440.0,62680.0,62920.0,187200
2022/11/10,62100.0,62420.0,61910.0,62180.0,130200
2022/11/11,65000.0,66800.0,64850.0,66660.0,402100
2022/11/14,68500.0,68700.0,67190.0,67930.0,480400
2022/11/15,65320.0,66060.0,64400.0,65190.0,431800
2022/11/16,64820.0,65760.0,64440.0,65260.0,215700
2022/11/17,64600.0,65030.0,63710.0,64070.0,170900
2022/11/18,64080.0,64520.0,63620.0,63930.0,141400
2022/11/21,64010.0,64340.0,63540.0,64240.0,123300
2022/11/22,63850.0,65150.0,63710.0,64870.0,191200
2022/11/24,65930.0,66170.0,65720.0,65850.0,192200
2022/11/25,65180.0,65620.0,64910.0,65170.0,105300
2022/11/28,64800.0,64840.0,64100.0,64260.0,145300
2022/11/29,62700.0,63170.0,62180.0,63170.0,252400
2022/11/30,62000.0,62350.0,61630.0,61760.0,333200
2022/12/01,63290.0,63360.0,62510.0,63080.0,222600
2022/12/02,62100.0,62440.0,61490.0,61950.0,219100
2022/12/05,62000.0,63100.0,61800.0,63040.0,211200
2022/12/06,62200.0,62860.0,62030.0,62710.0,176800
2022/12/07,61900.0,62200.0,61310.0,61310.0,171800
2022/12/08,61130.0,61900.0,60860.0,61710.0,205400
2022/12/09,62000.0,63080.0,61930.0,62930.0,179500
2022/12/12,62330.0,62930.0,62200.0,62610.0,87100
2022/12/13,63130.0,63440.0,62510.0,62650.0,118500
2022/12/14,62670.0,63310.0,62510.0,63080.0,119000
2022/12/15,62100.0,62100.0,61560.0,61560.0,243800
2022/12/16,60200.0,60560.0,59980.0,60290.0,194800
2022/12/19,59900.0,60280.0,59610.0,59860.0,149700
2022/12/20,60080.0,60290.0,57760.0,58320.0,199600
2022/12/21,58310.0,58320.0,57400.0,57550.0,182800
2022/12/22,58190.0,58610.0,57490.0,57540.0,148200
2022/12/23,56800.0,56800.0,55980.0,56320.0,175900
2022/12/26,55990.0,56830.0,55990.0,56820.0,99600
2022/12/27,57520.0,57690.0,56170.0,56290.0,101000
2022/12/28,56140.0,56340.0,55560.0,56340.0,132800
2022/12/29,55730.0,55940.0,55400.0,55850.0,103500
2022/12/30,56240.0,56620.0,55550.0,55580.0,129800
2023/01/04,54870.0,55580.0,54370.0,55350.0,201600
2023/01/05,55450.0,56380.0,55420.0,56260.0,187000
2023/01/06,55260.0,56820.0,55210.0,56640.0,174700
2023/01/10,58990.0,59800.0,58750.0,59750.0,447400
2023/01/11,59510.0,60840.0,59090.0,60710.0,285400
2023/01/12,60700.0,61240.0,60430.0,61200.0,219100
2023/01/13,60900.0,61550.0,60470.0,60650.0,198900
2023/01/16,60230.0,61010.0,60060.0,60610.0,160800
2023/01/17,60550.0,61800.0,60170.0,61300.0,159000
2023/01/18,61650.0,62980.0,61270.0,62080.0,217500
2023/01/19,61230.0,61730.0,61080.0,61380.0,166000
2023/01/20,61000.0,61320.0,60450.0,61300.0,142700
2023/01/23,62670.0,62770.0,62220.0,62700.0,163700
2023/01/24,63170.0,64740.0,62830.0,64500.0,321000
2023/01/25,64310.0,65360.0,64220.0,65000.0,195300
2023/01/26,65200.0,65390.0,64460.0,64780.0,128800
2023/01/27,64770.0,65090.0,64650.0,64940.0,107500
2023/01/30,65400.0,67090.0,65300.0,66970.0,362600
2023/01/31,66280.0,66790.0,65140.0,65350.0,211200
2023/02/01,65990.0,66260.0,65310.0,65820.0,199100
2023/02/02,65810.0,66980.0,65780.0,66910.0,205500
2023/02/03,66900.0,67930.0,66580.0,66960.0,179900
2023/02/06,67600.0,67840.0,66900.0,67020.0,186600
2023/02/07,67400.0,68180.0,67320.0,67810.0,192600
2023/02/08,67540.0,67790.0,66850.0,67270.0,151500
2023/02/09,66770.0,67390.0,66500.0,67230.0,151400
2023/02/10,67330.0,69390.0,67090.0,68890.0,313300
2023/02/13,68650.0,68770.0,67420.0,67730.0,209500
2023/02/14,68990.0,69460.0,68550.0,69230.0,200600
2023/02/15,70200.0,70280.0,67200.0,67360.0,333300
2023/02/16,68360.0,68960.0,68170.0,68460.0,249900
2023/02/17,67870.0,68230.0,67060.0,67100.0,201800
2023/02/20,67000.0,67390.0,66780.0,66940.0,156700
2023/02/21,66640.0,66710.0,65690.0,65760.0,178300
2023/02/22,65300.0,65710.0,65200.0,65400.0,182000
2023/02/24,66910.0,68190.0,66770.0,68100.0,274200
2023/02/27,67810.0,68850.0,67710.0,68800.0,206700
2023/02/28,69550.0,69720.0,68790.0,69100.0,203900
2023/03/01,69100.0,71290.0,69030.0,70860.0,319100
2023/03/02,71220.0,71290.0,69920.0,70100.0,193000
2023/03/03,70330.0,71180.0,70140.0,70920.0,232500
2023/03/06,72150.0,72900.0,71780.0,72730.0,271600
2023/03/07,70990.0,71620.0,70380.0,71510.0,312500
2023/03/08,70820.0,71980.0,70500.0,71830.0,271600
2023/03/09,73330.0,73700.0,72210.0,72270.0,229400
2023/03/10,70970.0,71980.0,70830.0,71110.0,342700
2023/03/13,70150.0,70300.0,69240.0,69700.0,263300
2023/03/14,69000.0,69000.0,68270.0,68500.0,278800
2023/03/15,68860.0,68900.0,67940.0,68150.0,257500
2023/03/16,66480.0,67310.0,66140.0,66810.0,359500
2023/03/17,67510.0,68730.0,67310.0,68570.0,274000
2023/03/20,68570.0,69470.0,67880.0,67880.0,235100
2023/03/22,68610.0,69400.0,68370.0,69100.0,216000
2023/03/23,68310.0,68920.0,67480.0,68530.0,221900
2023/03/24,68530.0,68940.0,67900.0,68290.0,241800
2023/03/27,68790.0,68860.0,67920.0,68510.0,109000
2023/03/28,68540.0,69240.0,68220.0,68950.0,192100
2023/03/29,69300.0,70150.0,68840.0,70070.0,255400
2023/03/30,70380.0,70610.0,69380.0,69780.0,196300
2023/03/31,70440.0,70700.0,69400.0,69830.0,283500
2023/04/03,70130.0,70280.0,68950.0,69030.0,198300
2023/04/04,69020.0,69480.0,68860.0,69160.0,189300
2023/04/05,68700.0,68940.0,67950.0,68220.0,229700
2023/04/06,66220.0,66230.0,65300.0,65920.0,309200
2023/04/07,66200.0,67290.0,66200.0,67130.0,197700
2023/04/10,67950.0,68040.0,66520.0,67440.0,174900
2023/04/11,68440.0,68790.0,68010.0,68320.0,174500
2023/04/12,68070.0,69400.0,68020.0,69300.0,179800
2023/04/13,69650.0,69720.0,68890.0,69360.0,138100
2023/04/14,69030.0,69610.0,68700.0,69110.0,173300
2023/04/17,69230.0,69560.0,69140.0,69350.0,116200
2023/04/18,69550.0,69600.0,69070.0,69100.0,119200
2023/04/19,69180.0,69500.0,68430.0,68630.0,123200
2023/04/20,68150.0,69050.0,67880.0,68570.0,143000
2023/04/21,69050.0,69300.0,68550.0,68800.0,134100
2023/04/24,68500.0,68870.0,68310.0,68540.0,93700
2023/04/25,69330.0,69620.0,68640.0,68720.0,163100
2023/04/26,68600.0,68600.0,66850.0,66920.0,192800
2023/04/27,66800.0,67600.0,66520.0,67480.0,184500
2023/04/28,68280.0,68350.0,66870.0,67750.0,281400
2023/05/01,68750.0,69480.0,68430.0,69410.0,182100
2023/05/02,69900.0,70030.0,69420.0,69920.0,147200
2023/05/08,70920.0,70920.0,69150.0,69400.0,161200
2023/05/09,69400.0,70070.0,69300.0,70040.0,173000
2023/05/10,70140.0,70200.0,69070.0,69710.0,127500
2023/05/11,70000.0,70320.0,69740.0,69800.0,120600
2023/05/12,69810.0,70330.0,69260.0,70210.0,248100
2023/05/15,70800.0,71620.0,70540.0,71450.0,180500
2023/05/16,72000.0,72710.0,71250.0,72670.0,256600
2023/05/17,72700.0,72800.0,70740.0,70780.0,278100
2023/05/18,71850.0,73550.0,71420.0,73440.0,343200
2023/05/19,75770.0,76170.0,74180.0,74940.0,279800
2023/05/22,74590.0,75030.0,73950.0,74920.0,129300
2023/05/23,74480.0,75320.0,73200.0,73780.0,216700
2023/05/24,73180.0,73960.0,73000.0,73590.0,125700
2023/05/25,73590.0,74480.0,73360.0,74180.0,139500
2023/05/26,74580.0,75070.0,74110.0,74110.0,133800
2023/05/29,75510.0,76170.0,74500.0,74550.0,147600
2023/05/30,74320.0,75540.0,74150.0,75540.0,120700
2023/05/31,75900.0,76060.0,74100.0,75080.0,414600
2023/06/01,74770.0,75790.0,74330.0,75600.0,202300
2023/06/02,76610.0,77040.0,76120.0,76860.0,161000
2023/06/05,78650.0,81290.0,78480.0,81080.0,299200
2023/06/06,80160.0,81870.0,80120.0,81680.0,199600
2023/06/07,82060.0,82800.0,79100.0,79320.0,347900
2023/06/08,78510.0,79400.0,77550.0,77950.0,240000
2023/06/09,79040.0,79700.0,78350.0,78930.0,276000
2023/06/12,79250.0,80910.0,78950.0,80860.0,211200
2023/06/13,81360.0,83030.0,81350.0,81660.0,260900
2023/06/14,82930.0,83430.0,80880.0,81680.0,324500
2023/06/15,81700.0,82570.0,81380.0,81950.0,159000
2023/06/16,82250.0,82640.0,81030.0,81950.0,297400
2023/06/19,82260.0,82330.0,80810.0,81230.0,164700
2023/06/20,80670.0,81460.0,80140.0,81460.0,204900
2023/06/21,81450.0,83570.0,81150.0,83030.0,276500
2023/06/22,81480.0,82440.0,80300.0,80370.0,312200
2023/06/23,80900.0,81390.0,78870.0,79210.0,291100
2023/06/26,78710.0,80420.0,78300.0,79210.0,184000
2023/06/27,78170.0,78970.0,77820.0,78210.0,180000
2023/06/28,79180.0,79850.0,78050.0,79750.0,218600
2023/06/29,80480.0,81340.0,80220.0,80310.0,167700
2023/06/30,80210.0,80300.0,79220.0,79480.0,195200
2023/07/03,80650.0,81500.0,80460.0,81500.0,165500
2023/07/04,81220.0,81220.0,80210.0,80270.0,154200
2023/07/05,79610.0,80570.0,79090.0,80130.0,132500
2023/07/06,79200.0,79270.0,78130.0,78300.0,167500
2023/07/07,77460.0,78160.0,76850.0,76900.0,241100
2023/07/10,77090.0,77120.0,75870.0,76110.0,232700
2023/07/11,77300.0,77320.0,76100.0,76630.0,160100
2023/07/12,76500.0,76550.0,75030.0,75030.0,214800
2023/07/13,75430.0,76200.0,74910.0,75970.0,206300
2023/07/14,75930.0,76460.0,75140.0,75850.0,206200
2023/07/18,75760.0,76770.0,75620.0,76200.0,240000
2023/07/19,76460.0,77140.0,76080.0,77140.0,179100
2023/07/20,76150.0,76450.0,74730.0,74730.0,179000
2023/07/21,73800.0,74820.0,73450.0,74120.0,170600
2023/07/24,74740.0,75070.0,74200.0,74560.0,159000
2023/07/25,74500.0,74970.0,74320.0,74610.0,138700
2023/07/26,75450.0,76180.0,75080.0,75810.0,178200
2023/07/27,75310.0,76020.0,74830.0,75840.0,173100
2023/07/28,74470.0,75690.0,73720.0,75220.0,268800
2023/07/31,75220.0,75230.0,73210.0,74150.0,301000
2023/08/01,74690.0,74710.0,73610.0,74090.0,185000
2023/08/02,73420.0,73500.0,72050.0,72050.0,274100
2023/08/03,70110.0,70950.0,69600.0,70240.0,361600
2023/08/04,69800.0,70640.0,69690.0,70530.0,208500
2023/08/07,69900.0,70610.0,69060.0,70150.0,190400
2023/08/08,70340.0,70580.0,69850.0,70380.0,176600
2023/08/09,69610.0,69810.0,69020.0,69490.0,236100
2023/08/10,70490.0,72120.0,69310.0,71050.0,476400
2023/08/14,71640.0,72000.0,69690.0,69870.0,299500
2023/08/15,70800.0,71590.0,70440.0,70440.0,226400
2023/08/16,69200.0,69690.0,68510.0,68530.0,230800
2023/08/17,68100.0,68350.0,67380.0,67890.0,234000
2023/08/18,67000.0,67870.0,66710.0,67370.0,226600
2023/08/21,67270.0,67270.0,66450.0,66490.0,149900
2023/08/22,67230.0,67270.0,66370.0,66880.0,148400
2023/08/23,66800.0,67650.0,66640.0,67590.0,146600
2023/08/24,68770.0,68860.0,67950.0,68470.0,182400
2023/08/25,67870.0,68190.0,66970.0,67090.0,222900
2023/08/28,68090.0,69950.0,68090.0,69800.0,256000
2023/08/29,70000.0,70380.0,69490.0,69730.0,279300
2023/08/30,70700.0,71290.0,70200.0,70950.0,273700
2023/08/31,70730.0,70920.0,70270.0,70600.0,229200
2023/09/01,70940.0,72030.0,70470.0,71740.0,288200
2023/09/04,71980.0,72300.0,71160.0,71760.0,200100
2023/09/05,72080.0,72910.0,71820.0,72810.0,207700
2023/09/06,72570.0,73050.0,72450.0,72760.0,185100
2023/09/07,71760.0,72110.0,71010.0,71110.0,239400
2023/09/08,70040.0,70900.0,69480.0,69600.0,324300
2023/09/11,69590.0,69820.0,68350.0,68500.0,198400
2023/09/12,69000.0,69800.0,68890.0,69720.0,179500
2023/09/13,69410.0,69460.0,68700.0,68940.0,182800
2023/09/14,69130.0,69830.0,68720.0,69650.0,205100
2023/09/15,69840.0,70680.0,69180.0,70330.0,364100
2023/09/19,69320.0,69800.0,68850.0,69550.0,231100
2023/09/20,69300.0,70190.0,69030.0,69920.0,209800
2023/09/21,69090.0,69190.0,67240.0,67700.0,269300
2023/09/22,67050.0,68270.0,66950.0,67680.0,181100
2023/09/25,68310.0,68720.0,67820.0,68390.0,157100
2023/09/26,68440.0,68490.0,67130.0,67200.0,230500
2023/09/27,66200.0,67020.0,66000.0,66800.0,285100
2023/09/28,66730.0,67160.0,66090.0,66740.0,266300
2023/09/29,67500.0,67550.0,66500.0,66980.0,241500
2023/10/02,67500.0,69920.0,67390.0,68220.0,327300
2023/10/03,68540.0,68720.0,66770.0,67010.0,216800
2023/10/04,66020.0,67220.0,65700.0,66610.0,217900
2023/10/05,67100.0,67900.0,66670.0,67810.0,167000
2023/10/06,67480.0,67850.0,67200.0,67330.0,166700
2023/10/10,68800.0,69710.0,68460.0,68800.0,278200
2023/10/11,67800.0,68690.0,67350.0,68170.0,268600
2023/10/12,70170.0,73050.0,69870.0,72900.0,518900
2023/10/13,73490.0,74440.0,72880.0,73200.0,510400
2023/10/16,71510.0,71680.0,70750.0,71000.0,239000
2023/10/17,71700.0,72740.0,71370.0,71750.0,254500
2023/10/18,71750.0,72660.0,71460.0,72580.0,238900
2023/10/19,70960.0,72040.0,70790.0,71340.0,309000
2023/10/20,70040.0,70680.0,69760.0,70110.0,183900
2023/10/23,69360.0,69630.0,68790.0,68830.0,148500
2023/10/24,68820.0,68940.0,67200.0,68660.0,193500
2023/10/25,69960.0,70740.0,69600.0,70160.0,228600
2023/10/26,69800.0,70100.0,68150.0,68400.0,241400
2023/10/27,69100.0,69750.0,68440.0,69270.0,226700
2023/10/30,67510.0,69470.0,67410.0,69110.0,768700
2023/10/31,69850.0,70000.0,67570.0,68680.0,248500
2023/11/01,70990.0,71970.0,70800.0,71640.0,296100
2023/11/02,72880.0,73400.0,72180.0,73400.0,234600
2023/11/06,75970.0,77300.0,75820.0,77300.0,374900
2023/11/07,76600.0,77110.0,75740.0,75890.0,258300
2023/11/08,76460.0,76770.0,75360.0,75400.0,226500
2023/11/09,75500.0,76360.0,75290.0,76360.0,209000
2023/11/10,75300.0,76410.0,75080.0,76380.0,220400
2023/11/13,77200.0,77550.0,75930.0,76070.0,180600
2023/11/14,76150.0,76820.0,75700.0,76210.0,199700
2023/11/15,78000.0,78210.0,74940.0,75820.0,501700
2023/11/16,75560.0,76260.0,74330.0,74540.0,296000
2023/11/17,74540.0,74790.0,73450.0,74790.0,229500
2023/11/20,74610.0,76040.0,74340.0,75570.0,177200
2023/11/21,76210.0,77090.0,75770.0,76890.0,242200
2023/11/22,75760.0,76940.0,75590.0,76940.0,170700
2023/11/24,77300.0,77480.0,76570.0,76600.0,148200
2023/11/27,76600.0,77140.0,75730.0,75820.0,201200
2023/11/28,75700.0,75700.0,74120.0,74160.0,182300
2023/11/29,73600.0,74800.0,73500.0,74220.0,156300
2023/11/30,74290.0,74670.0,73710.0,74450.0,251300
2023/12/01,74020.0,74380.0,73520.0,74010.0,164600
2023/12/04,73770.0,73820.0,72420.0,72460.0,168000
2023/12/05,72040.0,72230.0,70180.0,70510.0,229800
2023/12/06,71250.0,73110.0,71020.0,72970.0,166500
2023/12/07,73050.0,73380.0,72270.0,72340.0,209200
2023/12/08,71050.0,71400.0,70070.0,70390.0,276900
2023/12/11,71300.0,71850.0,70890.0,71400.0,142200
2023/12/12,71470.0,71740.0,70810.0,70970.0,173300
2023/12/13,71540.0,72160.0,71310.0,71770.0,142400
2023/12/14,71480.0,71720.0,69920.0,70700.0,181300
2023/12/15,71500.0,73110.0,71360.0,73040.0,285000
2023/12/18,72620.0,72920.0,71890.0,72920.0,159100
2023/12/19,72960.0,73780.0,72260.0,73750.0,144900
2023/12/20,74510.0,77090.0,74480.0,76960.0,343800
2023/12/21,75510.0,76110.0,75490.0,75830.0,190400
2023/12/22,76000.0,76070.0,74570.0,74690.0,150500
2023/12/25,74690.0,75070.0,74600.0,74880.0,74000
2023/12/26,74450.0,74990.0,74220.0,74880.0,102300
2023/12/27,75500.0,76250.0,75300.0,75690.0,143400
2023/12/28,75060.0,76000.0,75050.0,75990.0,90900
2023/12/29,75520.0,76080.0,75090.0,75760.0,117200
2024/01/04,75850.0,75890.0,73910.0,75410.0,287900
2024/01/05,76200.0,76280.0,74640.0,75000.0,248800
2024/01/09,75950.0,78070.0,75900.0,76440.0,241400
2024/01/10,76900.0,78470.0,76750.0,78470.0,247900
2024/01/11,80400.0,82550.0,80370.0,82150.0,505600
2024/01/12,84600.0,84960.0,83110.0,84350.0,487200
2024/01/15,84350.0,85580.0,83530.0,84480.0,216600
2024/01/16,84030.0,84600.0,83180.0,84000.0,189100
2024/01/17,85490.0,85850.0,83690.0,83690.0,272200
2024/01/18,82500.0,83490.0,81690.0,81690.0,283900
2024/01/19,82050.0,83330.0,81510.0,82880.0,229800
2024/01/22,83800.0,85390.0,83570.0,85390.0,218900
2024/01/23,85830.0,86790.0,84620.0,84840.0,241400
2024/01/24,84510.0,84550.0,83200.0,83200.0,172500
2024/01/25,82700.0,83800.0,82700.0,83310.0,158200
2024/01/26,82770.0,82980.0,81890.0,82120.0,160500
2024/01/29,82380.0,83280.0,82050.0,82800.0,144600
2024/01/30,83500.0,83890.0,82950.0,83100.0,142700
2024/01/31,81820.0,82940.0,81820.0,82910.0,135000
2024/02/01,82000.0,82380.0,81600.0,82280.0,139600
2024/02/02,82420.0,83040.0,82100.0,82280.0,147600
2024/02/05,83000.0,83430.0,81650.0,82390.0,159400
2024/02/06,81000.0,81320.0,78620.0,79130.0,402900
2024/02/07,79100.0,79330.0,78000.0,79080.0,289000
2024/02/08,79570.0,80550.0,79390.0,80400.0,266600
2024/02/09,80810.0,81470.0,80250.0,81290.0,177500
2024/02/13,82500.0,83940.0,81780.0,83220.0,351500
2024/02/14,77410.0,80990.0,76530.0,80750.0,555700
2024/02/15,80500.0,82700.0,80230.0,82680.0,380100
2024/02/16,83740.0,85130.0,83030.0,84210.0,334700
2024/02/19,83710.0,84300.0,82860.0,82860.0,169000
2024/02/20,82730.0,87180.0,82650.0,86860.0,350200
2024/02/21,85820.0,86000.0,83760.0,84440.0,340600
2024/02/22,85790.0,87390.0,85500.0,86460.0,312800
2024/02/26,87080.0,88770.0,86650.0,88090.0,244100
2024/02/27,89000.0,90950.0,88540.0,89930.0,297400
2024/02/28,89930.0,90600.0,89210.0,89870.0,185600
2024/02/29,89500.0,90380.0,88850.0,90150.0,242300
2024/03/01,90550.0,91620.0,90300.0,91450.0,176500
2024/03/04,92950.0,93220.0,90700.0,91000.0,288500
2024/03/05,91000.0,92010.0,90440.0,91220.0,180200
2024/03/06,90310.0,91540.0,89800.0,90980.0,196900
2024/03/07,90980.0,91340.0,89370.0,89640.0,227700
2024/03/08,89040.0,90190.0,88770.0,89360.0,437000
2024/03/11,86360.0,87600.0,85320.0,86530.0,257500
2024/03/12,85490.0,86400.0,84530.0,86130.0,268800
2024/03/13,86550.0,86870.0,84540.0,85750.0,205500
2024/03/14,85760.0,85760.0,83450.0,84090.0,259600
2024/03/15,84480.0,85660.0,84320.0,85530.0,252800
2024/03/18,86000.0,88890.0,85610.0,88790.0,213500
2024/03/19,88780.0,89520.0,88180.0,89050.0,217100
2024/03/21,90470.0,90700.0,87710.0,88520.0,312900
2024/03/22,88100.0,88600.0,86710.0,87000.0,314200
2024/03/25,85900.0,87080.0,85780.0,85990.0,162100
2024/03/28,84610,85650,84340,84940,199600
2024/03/29,85190,85340,84250,84830,144800
