date,open,high,low,close,volume
2014/03/26,4150.0,4200.0,3960.0,3990.0,774000
2014/03/27,3950.0,3950.0,3850.0,3920.0,583000
2014/03/28,3940.0,3980.0,3900.0,3920.0,630000
2014/03/31,4000.0,4000.0,3850.0,3890.0,711000
2014/04/01,3940.0,4140.0,3920.0,4110.0,794000
2014/04/02,4240.0,4490.0,4150.0,4450.0,2076000
2014/04/03,4450.0,4470.0,4300.0,4320.0,1509000
2014/04/04,4260.0,4420.0,4250.0,4370.0,554000
2014/04/07,4300.0,4360.0,4270.0,4300.0,427000
2014/04/08,4270.0,4320.0,4240.0,4280.0,435000
2014/04/09,4230.0,4240.0,4090.0,4210.0,453000
2014/04/10,4310.0,4370.0,4150.0,4180.0,374000
2014/04/11,4030.0,4090.0,3990.0,4060.0,319000
2014/04/14,4030.0,4100.0,4030.0,4050.0,230000
2014/04/15,4130.0,4140.0,4040.0,4050.0,175000
2014/04/16,4110.0,4200.0,4060.0,4200.0,240000
2014/04/17,4210.0,4280.0,4140.0,4150.0,364000
2014/04/18,4150.0,4510.0,4100.0,4480.0,1005000
2014/04/21,4490.0,4540.0,4400.0,4410.0,515000
2014/04/22,4450.0,4540.0,4180.0,4220.0,968000
2014/04/23,4240.0,4300.0,4160.0,4170.0,611000
2014/04/24,4240.0,4340.0,4220.0,4300.0,511000
2014/04/25,4460.0,4530.0,4400.0,4530.0,934000
2014/04/28,4130.0,4200.0,3970.0,4020.0,2208000
2014/04/30,4040.0,4060.0,3780.0,3800.0,1720000
2014/05/01,3800.0,3940.0,3740.0,3890.0,1039000
2014/05/02,3890.0,3920.0,3820.0,3900.0,550000
2014/05/07,3820.0,3850.0,3740.0,3740.0,598000
2014/05/08,3760.0,3790.0,3700.0,3720.0,398000
2014/05/09,3700.0,3840.0,3700.0,3810.0,420000
2014/05/12,3810.0,3890.0,3810.0,3860.0,668000
2014/05/13,3860.0,4010.0,3860.0,3980.0,722000
2014/05/14,3930.0,3960.0,3890.0,3950.0,268000
2014/05/15,3870.0,3890.0,3830.0,3870.0,264000
2014/05/16,3830.0,3830.0,3720.0,3760.0,397000
2014/05/19,3760.0,3780.0,3620.0,3630.0,460000
2014/05/20,3690.0,3700.0,3630.0,3630.0,303000
2014/05/21,3630.0,3630.0,3570.0,3610.0,274000
2014/05/22,3640.0,3660.0,3560.0,3640.0,372000
2014/05/23,3660.0,3770.0,3650.0,3700.0,301000
2014/05/26,3780.0,3840.0,3770.0,3840.0,413000
2014/05/27,3840.0,3840.0,3750.0,3760.0,244000
2014/05/28,3810.0,3820.0,3760.0,3780.0,409000
2014/05/29,3780.0,3850.0,3760.0,3830.0,363000
2014/05/30,3850.0,3880.0,3750.0,3770.0,464000
2014/06/02,3800.0,3910.0,3780.0,3900.0,480000
2014/06/03,3970.0,3970.0,3930.0,3950.0,294000
2014/06/04,3960.0,3960.0,3880.0,3920.0,219000
2014/06/05,3910.0,3960.0,3880.0,3950.0,214000
2014/06/06,3960.0,4030.0,3960.0,4000.0,243000
2014/06/09,4060.0,4180.0,4060.0,4130.0,622000
2014/06/10,4140.0,4200.0,4040.0,4090.0,465000
2014/06/11,4110.0,4240.0,4100.0,4220.0,410000
2014/06/12,4150.0,4220.0,4120.0,4200.0,270000
2014/06/13,4170.0,4240.0,4160.0,4200.0,499000
2014/06/16,4200.0,4230.0,4130.0,4170.0,274000
2014/06/17,4170.0,4200.0,4140.0,4190.0,195000
2014/06/18,4180.0,4210.0,4140.0,4200.0,320000
2014/06/19,4200.0,4220.0,4160.0,4180.0,278000
2014/06/20,4200.0,4210.0,4100.0,4100.0,416000
2014/06/23,4180.0,4400.0,4150.0,4380.0,1084000
2014/06/24,4390.0,4440.0,4290.0,4440.0,805000
2014/06/25,4440.0,4490.0,4400.0,4400.0,522000
2014/06/26,4420.0,4500.0,4390.0,4490.0,396000
2014/06/27,4480.0,4540.0,4320.0,4440.0,633000
2014/06/30,4500.0,4540.0,4440.0,4460.0,380000
2014/07/01,4480.0,4530.0,4410.0,4440.0,435000
2014/07/02,4520.0,4580.0,4460.0,4470.0,514000
2014/07/03,4490.0,4500.0,4440.0,4440.0,201000
2014/07/04,4500.0,4500.0,4440.0,4480.0,221000
2014/07/07,4470.0,4470.0,4370.0,4370.0,316000
2014/07/08,4330.0,4330.0,4250.0,4280.0,492000
2014/07/09,4250.0,4250.0,4180.0,4220.0,513000
2014/07/10,4260.0,4260.0,4120.0,4130.0,302000
2014/07/11,4100.0,4150.0,4070.0,4130.0,231000
2014/07/14,4130.0,4220.0,4100.0,4200.0,237000
2014/07/15,4220.0,4240.0,4180.0,4190.0,224000
2014/07/16,4180.0,4210.0,4160.0,4170.0,154000
2014/07/17,4160.0,4170.0,4100.0,4110.0,297000
2014/07/18,4050.0,4090.0,4020.0,4070.0,115000
2014/07/22,4090.0,4200.0,4080.0,4180.0,212000
2014/07/23,4170.0,4240.0,4150.0,4200.0,180000
2014/07/24,4240.0,4290.0,4240.0,4280.0,355000
2014/07/25,4380.0,4570.0,4310.0,4490.0,1319000
2014/07/28,4250.0,4550.0,4240.0,4440.0,1722000
2014/07/29,4490.0,4500.0,4340.0,4470.0,572000
2014/07/30,4400.0,4530.0,4400.0,4480.0,496000
2014/07/31,4490.0,4500.0,4400.0,4420.0,251000
2014/08/01,4370.0,4420.0,4330.0,4390.0,284000
2014/08/04,4370.0,4390.0,4330.0,4350.0,234000
2014/08/05,4380.0,4400.0,4320.0,4320.0,179000
2014/08/06,4320.0,4320.0,4220.0,4230.0,202000
2014/08/07,4240.0,4340.0,4200.0,4340.0,269000
2014/08/08,4280.0,4300.0,4140.0,4210.0,337000
2014/08/11,4290.0,4370.0,4280.0,4370.0,222000
2014/08/12,4360.0,4550.0,4330.0,4520.0,940000
2014/08/13,4520.0,4730.0,4430.0,4710.0,865000
2014/08/14,4700.0,4740.0,4660.0,4720.0,499000
2014/08/15,4710.0,4790.0,4700.0,4760.0,388000
2014/08/18,4740.0,4890.0,4740.0,4820.0,553000
2014/08/19,4980.0,5140.0,4930.0,5070.0,1584000
2014/08/20,5110.0,5340.0,5100.0,5330.0,1411000
2014/08/21,5280.0,5320.0,5230.0,5300.0,716000
2014/08/22,5290.0,5290.0,5120.0,5170.0,541000
2014/08/25,5170.0,5280.0,5170.0,5260.0,360000
2014/08/26,5220.0,5230.0,5130.0,5180.0,250000
2014/08/27,5200.0,5340.0,5150.0,5310.0,380000
2014/08/28,5300.0,5500.0,5270.0,5470.0,739000
2014/08/29,5390.0,5390.0,5270.0,5350.0,364000
2014/09/01,5350.0,5580.0,5310.0,5550.0,638000
2014/09/02,5620.0,5990.0,5620.0,5970.0,1386000
2014/09/03,5960.0,6050.0,5730.0,5780.0,805000
2014/09/04,5760.0,5870.0,5650.0,5680.0,546000
2014/09/05,5690.0,5710.0,5540.0,5570.0,306000
2014/09/08,5470.0,5470.0,5310.0,5410.0,865000
2014/09/09,5470.0,5630.0,5470.0,5530.0,652000
2014/09/10,5500.0,5500.0,5340.0,5460.0,380000
2014/09/11,5480.0,5540.0,5400.0,5400.0,360000
2014/09/12,5370.0,5530.0,5370.0,5450.0,307000
2014/09/16,5450.0,5570.0,5450.0,5520.0,340000
2014/09/17,5570.0,5610.0,5540.0,5550.0,298000
2014/09/18,5580.0,5710.0,5570.0,5640.0,386000
2014/09/19,5730.0,5750.0,5610.0,5670.0,366000
2014/09/22,5690.0,5690.0,5530.0,5550.0,139000
2014/09/24,5500.0,5500.0,5410.0,5460.0,266000
2014/09/25,5560.0,5680.0,5550.0,5680.0,313000
2014/09/26,5550.0,5630.0,5530.0,5600.0,212000
2014/09/29,5600.0,5600.0,5480.0,5490.0,250000
2014/09/30,5420.0,5460.0,5310.0,5330.0,334000
2014/10/01,5260.0,5260.0,5050.0,5080.0,638000
2014/10/02,5000.0,5100.0,4900.0,4910.0,694000
2014/10/03,4950.0,5050.0,4940.0,5000.0,227000
2014/10/06,5190.0,5240.0,5140.0,5230.0,348000
2014/10/07,5190.0,5190.0,5110.0,5110.0,242000
2014/10/08,4940.0,5040.0,4920.0,4990.0,236000
2014/10/09,5030.0,5090.0,4850.0,4850.0,235000
2014/10/10,4730.0,4750.0,4680.0,4710.0,241000
2014/10/14,4510.0,4650.0,4500.0,4560.0,266000
2014/10/15,4580.0,4780.0,4580.0,4760.0,243000
2014/10/16,4610.0,4640.0,4520.0,4550.0,191000
2014/10/17,4570.0,4620.0,4510.0,4510.0,163000
2014/10/20,4670.0,4820.0,4670.0,4800.0,161000
2014/10/21,4730.0,4800.0,4630.0,4640.0,100000
2014/10/22,4710.0,4800.0,4620.0,4660.0,223000
2014/10/23,4630.0,4690.0,4600.0,4620.0,165000
2014/10/24,4600.0,4600.0,4120.0,4220.0,1484000
2014/10/27,4220.0,4240.0,4060.0,4100.0,1114000
2014/10/28,4030.0,4130.0,4010.0,4020.0,622000
2014/10/29,4040.0,4140.0,4000.0,4110.0,571000
2014/10/30,4100.0,4180.0,4100.0,4140.0,204000
2014/10/31,4220.0,4400.0,4220.0,4380.0,787000
2014/11/04,4660.0,4660.0,4440.0,4460.0,530000
2014/11/05,4490.0,4500.0,4350.0,4400.0,434000
2014/11/06,4370.0,4500.0,4370.0,4400.0,410000
2014/11/07,4400.0,4450.0,4360.0,4360.0,195000
2014/11/10,4350.0,4360.0,4280.0,4320.0,226000
2014/11/11,4330.0,4400.0,4320.0,4380.0,206000
2014/11/12,4400.0,4520.0,4400.0,4450.0,380000
2014/11/13,4480.0,4480.0,4360.0,4410.0,183000
2014/11/14,4480.0,4480.0,4350.0,4460.0,183000
2014/11/17,4490.0,4490.0,4330.0,4360.0,227000
2014/11/18,4360.0,4440.0,4360.0,4420.0,193000
2014/11/19,4420.0,4450.0,4340.0,4340.0,308000
2014/11/20,4380.0,4550.0,4380.0,4530.0,511000
2014/11/21,4500.0,4660.0,4470.0,4660.0,463000
2014/11/25,4800.0,4830.0,4760.0,4800.0,559000
2014/11/26,4810.0,4850.0,4790.0,4800.0,313000
2014/11/27,4780.0,4780.0,4700.0,4700.0,170000
2014/11/28,4710.0,4830.0,4710.0,4820.0,268000
2014/12/01,4890.0,5080.0,4840.0,5050.0,567000
2014/12/02,5050.0,5070.0,4960.0,5070.0,308000
2014/12/03,5200.0,5420.0,5190.0,5260.0,866000
2014/12/04,5350.0,5430.0,5260.0,5310.0,440000
2014/12/05,5380.0,5380.0,5230.0,5280.0,348000
2014/12/08,5290.0,5300.0,5230.0,5270.0,272000
2014/12/09,5190.0,5190.0,5060.0,5070.0,253000
2014/12/10,5000.0,5000.0,4900.0,4920.0,356000
2014/12/11,4780.0,4910.0,4780.0,4890.0,236000
2014/12/12,4870.0,4950.0,4870.0,4880.0,241000
2014/12/15,4800.0,4850.0,4710.0,4720.0,186000
2014/12/16,4640.0,4700.0,4550.0,4580.0,288000
2014/12/17,4530.0,4660.0,4520.0,4590.0,343000
2014/12/18,4730.0,4790.0,4700.0,4750.0,165000
2014/12/19,4860.0,4890.0,4790.0,4820.0,221000
2014/12/22,4800.0,4800.0,4760.0,4780.0,148000
2014/12/24,4820.0,4830.0,4770.0,4800.0,153000
2014/12/25,4800.0,4800.0,4700.0,4730.0,181000
2014/12/26,4730.0,4850.0,4730.0,4830.0,64000
2014/12/29,4830.0,4840.0,4710.0,4820.0,178000
2014/12/30,4780.0,4910.0,4740.0,4860.0,361000
2015/01/05,4900.0,5060.0,4860.0,5020.0,291000
2015/01/06,4920.0,4930.0,4750.0,4750.0,302000
2015/01/07,4730.0,4760.0,4630.0,4630.0,315000
2015/01/08,4700.0,4710.0,4620.0,4630.0,247000
2015/01/09,4650.0,4720.0,4580.0,4610.0,318000
2015/01/13,4590.0,4590.0,4450.0,4510.0,203000
2015/01/14,4520.0,4550.0,4440.0,4440.0,153000
2015/01/15,4490.0,4540.0,4450.0,4520.0,119000
2015/01/16,4450.0,4450.0,4340.0,4450.0,198000
2015/01/19,4470.0,4490.0,4370.0,4390.0,164000
2015/01/20,4450.0,4520.0,4440.0,4480.0,145000
2015/01/21,4520.0,4520.0,4400.0,4410.0,120000
2015/01/22,4450.0,4450.0,4370.0,4410.0,99000
2015/01/23,4480.0,4480.0,4440.0,4460.0,96000
2015/01/26,4440.0,4480.0,4440.0,4460.0,72000
2015/01/27,4510.0,4570.0,4480.0,4560.0,182000
2015/01/28,5000.0,5200.0,4890.0,5040.0,2703000
2015/01/29,5040.0,5150.0,4980.0,5010.0,829000
2015/01/30,5000.0,5030.0,4910.0,4930.0,433000
2015/02/02,4890.0,4900.0,4810.0,4870.0,619000
2015/02/03,4900.0,4960.0,4760.0,4780.0,425000
2015/02/04,4810.0,4890.0,4730.0,4760.0,348000
2015/02/05,4730.0,4790.0,4690.0,4700.0,224000
2015/02/06,4720.0,4730.0,4650.0,4670.0,215000
2015/02/09,4730.0,4800.0,4710.0,4740.0,414000
2015/02/10,4760.0,4810.0,4740.0,4810.0,265000
2015/02/12,4840.0,4880.0,4800.0,4810.0,237000
2015/02/13,4840.0,4840.0,4730.0,4740.0,288000
2015/02/16,4760.0,4850.0,4760.0,4780.0,231000
2015/02/17,4820.0,4950.0,4780.0,4890.0,353000
2015/02/18,4960.0,5080.0,4960.0,5060.0,525000
2015/02/19,5050.0,5070.0,4990.0,5030.0,289000
2015/02/20,5050.0,5060.0,5010.0,5030.0,232000
2015/02/23,5040.0,5100.0,4960.0,4980.0,298000
2015/02/24,5000.0,5050.0,5000.0,5030.0,151000
2015/02/25,5040.0,5070.0,5020.0,5060.0,464000
2015/02/26,5030.0,5150.0,5020.0,5100.0,589000
2015/02/27,5110.0,5230.0,5100.0,5180.0,454000
2015/03/02,5180.0,5310.0,5180.0,5290.0,575000
2015/03/03,5310.0,5350.0,5290.0,5320.0,652000
2015/03/04,5250.0,5470.0,5230.0,5420.0,775000
2015/03/05,5450.0,5490.0,5240.0,5240.0,535000
2015/03/06,5260.0,5290.0,5170.0,5170.0,378000
2015/03/09,5100.0,5110.0,5050.0,5060.0,485000
2015/03/10,5110.0,5130.0,5020.0,5030.0,372000
2015/03/11,5030.0,5130.0,5010.0,5110.0,230000
2015/03/12,5120.0,5140.0,5090.0,5130.0,246000
2015/03/13,5160.0,5170.0,5120.0,5120.0,310000
2015/03/16,5140.0,5170.0,5130.0,5160.0,154000
2015/03/17,5160.0,5190.0,5120.0,5140.0,211000
2015/03/18,5140.0,5160.0,5100.0,5110.0,237000
2015/03/19,5120.0,5170.0,5080.0,5100.0,201000
2015/03/20,5110.0,5230.0,5100.0,5210.0,517000
2015/03/23,5290.0,5290.0,5230.0,5240.0,210000
2015/03/24,5250.0,5250.0,5180.0,5250.0,193000
2015/03/25,5270.0,5270.0,5200.0,5210.0,237000
2015/03/26,5190.0,5200.0,5130.0,5150.0,496000
2015/03/27,5080.0,5270.0,5070.0,5160.0,476000
2015/03/30,5200.0,5210.0,5020.0,5070.0,330000
2015/03/31,5120.0,5250.0,5110.0,5210.0,521000
2015/04/01,5210.0,5210.0,5120.0,5140.0,304000
2015/04/02,5140.0,5210.0,5110.0,5180.0,445000
2015/04/03,5190.0,5210.0,5120.0,5180.0,180000
2015/04/06,5100.0,5140.0,5080.0,5110.0,225000
2015/04/07,5120.0,5280.0,5120.0,5260.0,490000
2015/04/08,5260.0,5280.0,5210.0,5210.0,161000
2015/04/09,5210.0,5230.0,5180.0,5200.0,101000
2015/04/10,5230.0,5230.0,5130.0,5150.0,224000
2015/04/13,5160.0,5240.0,5160.0,5230.0,297000
2015/04/14,5230.0,5450.0,5220.0,5430.0,819000
2015/04/15,5430.0,5500.0,5410.0,5460.0,524000
2015/04/16,5460.0,5470.0,5360.0,5430.0,339000
2015/04/17,5350.0,5400.0,5290.0,5300.0,212000
2015/04/20,5200.0,5240.0,5150.0,5210.0,335000
2015/04/21,5210.0,5230.0,5140.0,5220.0,176000
2015/04/22,5240.0,5270.0,5230.0,5230.0,107000
2015/04/23,5250.0,5280.0,5220.0,5270.0,135000
2015/04/24,5250.0,5250.0,5190.0,5200.0,174000
2015/04/27,5220.0,5310.0,5200.0,5300.0,218000
2015/04/28,5000.0,5180.0,5000.0,5160.0,1012000
2015/04/30,5060.0,5140.0,4980.0,5000.0,812000
2015/05/01,4940.0,4970.0,4870.0,4920.0,430000
2015/05/07,4960.0,4960.0,4830.0,4850.0,316000
2015/05/08,4890.0,4890.0,4800.0,4800.0,318000
2015/05/11,4900.0,4930.0,4820.0,4910.0,320000
2015/05/12,4920.0,4920.0,4860.0,4910.0,236000
2015/05/13,4910.0,4960.0,4900.0,4930.0,166000
2015/05/14,4930.0,4930.0,4880.0,4910.0,227000
2015/05/15,4960.0,4980.0,4920.0,4950.0,134000
2015/05/18,4970.0,5040.0,4950.0,5040.0,183000
2015/05/19,5050.0,5190.0,5040.0,5180.0,270000
2015/05/20,5210.0,5210.0,5100.0,5130.0,187000
2015/05/21,5100.0,5140.0,5050.0,5050.0,210000
2015/05/22,5070.0,5090.0,5020.0,5080.0,143000
2015/05/25,5250.0,5320.0,5200.0,5290.0,752000
2015/05/26,5290.0,5350.0,5270.0,5330.0,356000
2015/05/27,5330.0,5400.0,5320.0,5380.0,361000
2015/05/28,5390.0,5450.0,5370.0,5450.0,425000
2015/05/29,5450.0,5530.0,5450.0,5510.0,668000
2015/06/01,5460.0,5500.0,5450.0,5500.0,241000
2015/06/02,5500.0,5530.0,5450.0,5520.0,236000
2015/06/03,5450.0,5490.0,5450.0,5470.0,185000
2015/06/04,5460.0,5470.0,5380.0,5430.0,207000
2015/06/05,5400.0,5400.0,5280.0,5340.0,200000
2015/06/08,5340.0,5340.0,5250.0,5300.0,218000
2015/06/09,5260.0,5270.0,5210.0,5210.0,268000
2015/06/10,5210.0,5310.0,5210.0,5240.0,259000
2015/06/11,5340.0,5470.0,5310.0,5440.0,332000
2015/06/12,5400.0,5400.0,5240.0,5290.0,370000
2015/06/15,5260.0,5290.0,5220.0,5270.0,167000
2015/06/16,5220.0,5250.0,5170.0,5170.0,120000
2015/06/17,5190.0,5200.0,5130.0,5150.0,109000
2015/06/18,5150.0,5160.0,5080.0,5080.0,126000
2015/06/19,5100.0,5150.0,5040.0,5080.0,179000
2015/06/22,5050.0,5120.0,5050.0,5120.0,84000
2015/06/23,5180.0,5260.0,5160.0,5250.0,162000
2015/06/24,5240.0,5270.0,5200.0,5240.0,128000
2015/06/25,5190.0,5280.0,5190.0,5200.0,184000
2015/06/26,5150.0,5190.0,5080.0,5090.0,136000
2015/06/29,4990.0,5060.0,4950.0,4950.0,227000
2015/06/30,4950.0,4970.0,4860.0,4920.0,164000
2015/07/01,4930.0,5020.0,4930.0,5010.0,120000
2015/07/02,5090.0,5130.0,5050.0,5110.0,289000
2015/07/03,5160.0,5180.0,5090.0,5120.0,140000
2015/07/06,5070.0,5090.0,5000.0,5020.0,354000
2015/07/07,5120.0,5310.0,5100.0,5230.0,441000
2015/07/08,5300.0,5310.0,5210.0,5210.0,597000
2015/07/09,5030.0,5300.0,4950.0,5290.0,438000
2015/07/10,5290.0,5290.0,5140.0,5170.0,272000
2015/07/13,5200.0,5400.0,5200.0,5370.0,256000
2015/07/14,5440.0,5470.0,5360.0,5390.0,156000
2015/07/15,5410.0,5410.0,5250.0,5300.0,166000
2015/07/16,5200.0,5280.0,5190.0,5260.0,170000
2015/07/17,5260.0,5350.0,5260.0,5340.0,126000
2015/07/21,5400.0,5440.0,5370.0,5390.0,129000
2015/07/22,5360.0,5400.0,5310.0,5360.0,89000
2015/07/23,5370.0,5510.0,5360.0,5500.0,452000
2015/07/24,5460.0,5460.0,5310.0,5350.0,156000
2015/07/27,5280.0,5300.0,5110.0,5130.0,166000
2015/07/28,5080.0,5210.0,5060.0,5160.0,213000
2015/07/29,5620.0,5670.0,5420.0,5520.0,1810000
2015/07/30,5500.0,5600.0,5490.0,5550.0,546000
2015/07/31,5540.0,5690.0,5490.0,5690.0,443000
2015/08/03,5700.0,5700.0,5640.0,5700.0,182000
2015/08/04,5690.0,5690.0,5540.0,5620.0,254000
2015/08/05,5620.0,5650.0,5550.0,5600.0,106000
2015/08/06,5650.0,5790.0,5620.0,5710.0,393000
2015/08/07,5730.0,5820.0,5700.0,5770.0,204000
2015/08/10,5780.0,5980.0,5780.0,5960.0,468000
2015/08/11,5970.0,6000.0,5920.0,5950.0,263000
2015/08/12,5950.0,6070.0,5920.0,6060.0,521000
2015/08/13,5820.0,5900.0,5800.0,5860.0,300000
2015/08/14,5860.0,5950.0,5800.0,5940.0,135000
2015/08/17,5940.0,5970.0,5900.0,5940.0,154000
2015/08/18,5940.0,5950.0,5830.0,5880.0,214000
2015/08/19,5840.0,5850.0,5700.0,5700.0,180000
2015/08/20,5610.0,5730.0,5570.0,5580.0,257000
2015/08/21,5420.0,5520.0,5420.0,5420.0,318000
2015/08/24,5240.0,5330.0,5090.0,5110.0,352000
2015/08/25,4960.0,5160.0,4840.0,4890.0,429000
2015/08/26,4910.0,5020.0,4800.0,5000.0,435000
2015/08/27,5100.0,5100.0,5020.0,5050.0,273000
2015/08/28,5150.0,5260.0,5150.0,5230.0,202000
2015/08/31,5230.0,5440.0,5220.0,5410.0,359000
2015/09/01,5340.0,5340.0,5000.0,5000.0,403000
2015/09/02,4860.0,5020.0,4820.0,4960.0,256000
2015/09/03,5090.0,5120.0,5010.0,5040.0,317000
2015/09/04,5080.0,5110.0,4820.0,4890.0,307000
2015/09/07,4890.0,4990.0,4770.0,4960.0,220000
2015/09/08,4960.0,5010.0,4860.0,4880.0,231000
2015/09/09,5030.0,5260.0,5030.0,5260.0,318000
2015/09/10,5180.0,5340.0,5120.0,5300.0,297000
2015/09/11,5400.0,5450.0,5270.0,5370.0,368000
2015/09/14,5310.0,5310.0,5200.0,5240.0,114000
2015/09/15,5240.0,5350.0,5150.0,5220.0,293000
2015/09/16,5280.0,5390.0,5280.0,5380.0,130000
2015/09/17,5340.0,5500.0,5340.0,5490.0,225000
2015/09/18,5410.0,5410.0,5320.0,5330.0,152000
2015/09/24,5230.0,5250.0,5150.0,5210.0,188000
2015/09/25,5230.0,5300.0,5010.0,5180.0,293000
2015/09/28,5100.0,5170.0,5010.0,5070.0,236000
2015/09/29,5000.0,5040.0,4840.0,4840.0,283000
2015/09/30,4940.0,5010.0,4900.0,4940.0,170000
2015/10/01,5020.0,5160.0,4980.0,5110.0,153000
2015/10/02,5140.0,5320.0,5140.0,5280.0,252000
2015/10/05,5380.0,5420.0,5280.0,5400.0,157000
2015/10/06,5500.0,5830.0,5500.0,5750.0,734000
2015/10/07,5680.0,5830.0,5670.0,5690.0,331000
2015/10/08,5710.0,5740.0,5580.0,5600.0,143000
2015/10/09,5600.0,5850.0,5600.0,5850.0,231000
2015/10/13,5780.0,6020.0,5760.0,5980.0,347000
2015/10/14,5900.0,5940.0,5800.0,5900.0,179000
2015/10/15,5860.0,6050.0,5860.0,6020.0,320000
2015/10/16,6030.0,6030.0,5940.0,5950.0,222000
2015/10/19,5980.0,6240.0,5950.0,6170.0,563000
2015/10/20,6170.0,6230.0,6130.0,6190.0,368000
2015/10/21,6190.0,6520.0,6140.0,6430.0,645000
2015/10/22,6500.0,6570.0,6320.0,6410.0,556000
2015/10/23,6510.0,6570.0,6410.0,6460.0,433000
2015/10/26,6560.0,6670.0,6460.0,6490.0,1099000
2015/10/27,6220.0,6250.0,5990.0,6210.0,964000
2015/10/28,6240.0,6430.0,6220.0,6280.0,304000
2015/10/29,6210.0,6320.0,6190.0,6260.0,238000
2015/10/30,6250.0,6290.0,6100.0,6220.0,432000
2015/11/02,6180.0,6260.0,6060.0,6160.0,420000
2015/11/04,6160.0,6300.0,6010.0,6050.0,516000
2015/11/05,6020.0,6110.0,5980.0,6030.0,409000
2015/11/06,6060.0,6200.0,6050.0,6200.0,317000
2015/11/09,6180.0,6270.0,6130.0,6160.0,339000
2015/11/10,6130.0,6250.0,6120.0,6220.0,222000
2015/11/11,6160.0,6250.0,6100.0,6230.0,221000
2015/11/12,6210.0,6330.0,6150.0,6290.0,426000
2015/11/13,6190.0,6220.0,6110.0,6150.0,353000
2015/11/16,6000.0,6110.0,5910.0,5940.0,342000
2015/11/17,6060.0,6250.0,6030.0,6230.0,583000
2015/11/18,6230.0,6300.0,6200.0,6260.0,288000
2015/11/19,6320.0,6320.0,6170.0,6220.0,242000
2015/11/20,6220.0,6240.0,6150.0,6210.0,119000
2015/11/24,6210.0,6320.0,6200.0,6310.0,229000
2015/11/25,6360.0,6370.0,6280.0,6360.0,208000
2015/11/26,6380.0,6420.0,6260.0,6310.0,194000
2015/11/27,6370.0,6520.0,6370.0,6510.0,423000
2015/11/30,6590.0,6860.0,6520.0,6860.0,845000
2015/12/01,6660.0,6950.0,6660.0,6930.0,673000
2015/12/02,6990.0,6990.0,6640.0,6670.0,491000
2015/12/03,6690.0,6730.0,6640.0,6680.0,197000
2015/12/04,6620.0,6620.0,6390.0,6430.0,429000
2015/12/07,6550.0,6740.0,6540.0,6650.0,380000
2015/12/08,6650.0,6710.0,6530.0,6610.0,238000
2015/12/09,6540.0,6690.0,6490.0,6490.0,186000
2015/12/10,6380.0,6480.0,6350.0,6410.0,173000
2015/12/11,6350.0,6570.0,6350.0,6520.0,226000
2015/12/14,6320.0,6420.0,6310.0,6370.0,182000
2015/12/15,6450.0,6450.0,6200.0,6210.0,241000
2015/12/16,6340.0,6340.0,6170.0,6300.0,137000
2015/12/17,6410.0,6440.0,6280.0,6310.0,266000
2015/12/18,6300.0,6480.0,6130.0,6150.0,419000
2015/12/21,6050.0,6080.0,5920.0,6000.0,344000
2015/12/22,5940.0,6020.0,5880.0,5980.0,181000
2015/12/24,6020.0,6050.0,5840.0,5870.0,191000
2015/12/25,5870.0,5870.0,5640.0,5660.0,299000
2015/12/28,5670.0,5840.0,5650.0,5810.0,167000
2015/12/29,5780.0,5990.0,5710.0,5960.0,335000
2015/12/30,6050.0,6050.0,5890.0,6010.0,237000
2016/01/04,6010.0,6060.0,5820.0,5840.0,370000
2016/01/05,5840.0,5860.0,5670.0,5690.0,246000
2016/01/06,5740.0,5800.0,5510.0,5660.0,419000
2016/01/07,5590.0,5590.0,5380.0,5440.0,407000
2016/01/08,5420.0,5850.0,5420.0,5720.0,492000
2016/01/12,5820.0,5900.0,5560.0,5580.0,478000
2016/01/13,5630.0,5910.0,5630.0,5860.0,293000
2016/01/14,5680.0,5750.0,5530.0,5670.0,304000
2016/01/15,5830.0,5890.0,5750.0,5810.0,341000
2016/01/18,5620.0,5830.0,5600.0,5760.0,282000
2016/01/19,5790.0,5960.0,5760.0,5950.0,257000
2016/01/20,6000.0,6000.0,5680.0,5690.0,518000
2016/01/21,5750.0,5930.0,5650.0,5670.0,495000
2016/01/22,5800.0,6070.0,5790.0,6060.0,336000
2016/01/25,6260.0,6270.0,6100.0,6220.0,509000
2016/01/26,6150.0,6180.0,5960.0,5980.0,315000
2016/01/27,6180.0,6250.0,6020.0,6220.0,298000
2016/01/28,6120.0,6120.0,5670.0,5740.0,902000
2016/01/29,5840.0,6000.0,5680.0,5870.0,1515000
2016/02/01,5930.0,6230.0,5930.0,6170.0,590000
2016/02/02,6140.0,6210.0,6070.0,6080.0,366000
2016/02/03,5920.0,5920.0,5640.0,5700.0,517000
2016/02/04,5690.0,5730.0,5540.0,5550.0,322000
2016/02/05,5410.0,5530.0,5400.0,5500.0,376000
2016/02/08,5520.0,5810.0,5400.0,5750.0,371000
2016/02/09,5490.0,5560.0,5340.0,5380.0,358000
2016/02/10,5470.0,5480.0,5110.0,5230.0,252000
2016/02/12,4910.0,4980.0,4730.0,4810.0,364000
2016/02/15,5070.0,5100.0,4920.0,5040.0,192000
2016/02/16,5000.0,5190.0,5000.0,5050.0,295000
2016/02/17,5100.0,5190.0,4900.0,4970.0,331000
2016/02/18,5140.0,5320.0,5140.0,5250.0,263000
2016/02/19,5230.0,5230.0,5020.0,5100.0,157000
2016/02/22,5050.0,5310.0,5030.0,5290.0,214000
2016/02/23,5340.0,5370.0,5140.0,5180.0,174000
2016/02/24,5110.0,5210.0,5000.0,5070.0,224000
2016/02/25,5130.0,5240.0,5080.0,5190.0,168000
2016/02/26,5440.0,5750.0,5290.0,5370.0,1045000
2016/02/29,5470.0,5590.0,5380.0,5390.0,344000
2016/03/01,5400.0,5460.0,5290.0,5330.0,317000
2016/03/02,5570.0,5630.0,5490.0,5580.0,246000
2016/03/03,5580.0,5580.0,5460.0,5570.0,236000
2016/03/04,5510.0,5690.0,5510.0,5660.0,130000
2016/03/07,5700.0,5700.0,5540.0,5560.0,118000
2016/03/08,5500.0,5540.0,5300.0,5450.0,164000
2016/03/09,5360.0,5390.0,5280.0,5370.0,135000
2016/03/10,5400.0,5500.0,5390.0,5450.0,161000
2016/03/11,5420.0,5660.0,5390.0,5630.0,263000
2016/03/14,5700.0,5730.0,5650.0,5670.0,110000
2016/03/15,5720.0,5780.0,5610.0,5770.0,231000
2016/03/16,5680.0,5720.0,5630.0,5660.0,199000
2016/03/17,5680.0,5790.0,5640.0,5710.0,299000
2016/03/18,5650.0,5680.0,5530.0,5590.0,195000
2016/03/22,5730.0,6020.0,5700.0,5980.0,424000
2016/03/23,5980.0,6020.0,5830.0,5850.0,128000
2016/03/24,5850.0,5870.0,5780.0,5780.0,185000
2016/03/25,5810.0,5840.0,5730.0,5830.0,202000
2016/03/28,5860.0,5890.0,5780.0,5870.0,237000
2016/03/29,5700.0,5840.0,5700.0,5830.0,192000
2016/03/30,5780.0,5800.0,5720.0,5740.0,90000
2016/03/31,5750.0,5880.0,5750.0,5780.0,227000
2016/04/01,5770.0,5830.0,5520.0,5530.0,419000
2016/04/04,5530.0,5550.0,5360.0,5400.0,298000
2016/04/05,5410.0,5410.0,5220.0,5280.0,528000
2016/04/06,5240.0,5340.0,5210.0,5230.0,241000
2016/04/07,5230.0,5370.0,5190.0,5210.0,297000
2016/04/08,5110.0,5370.0,5070.0,5240.0,294000
2016/04/11,5240.0,5300.0,5140.0,5270.0,192000
2016/04/12,5190.0,5440.0,5190.0,5410.0,169000
2016/04/13,5430.0,5520.0,5420.0,5500.0,120000
2016/04/14,5600.0,5710.0,5540.0,5640.0,243000
2016/04/15,5640.0,5640.0,5540.0,5590.0,132000
2016/04/18,5390.0,5450.0,5260.0,5360.0,341000
2016/04/19,5480.0,5510.0,5380.0,5420.0,369000
2016/04/20,5490.0,5620.0,5490.0,5560.0,258000
2016/04/21,5710.0,5780.0,5660.0,5770.0,299000
2016/04/22,5700.0,5730.0,5590.0,5700.0,316000
2016/04/25,5800.0,5840.0,5670.0,5690.0,342000
2016/04/26,5690.0,5710.0,5490.0,5580.0,506000
2016/04/27,4820.0,4890.0,4590.0,4590.0,3520000
2016/04/28,4610.0,4660.0,4510.0,4530.0,2144000
2016/05/02,4480.0,4480.0,4270.0,4360.0,1064000
2016/05/06,4410.0,4420.0,4280.0,4410.0,733000
2016/05/09,4410.0,4410.0,4320.0,4400.0,500000
2016/05/10,4400.0,4520.0,4340.0,4520.0,577000
2016/05/11,4570.0,4600.0,4530.0,4570.0,434000
2016/05/12,4560.0,4630.0,4480.0,4620.0,282000
2016/05/13,4620.0,4620.0,4460.0,4470.0,205000
2016/05/16,4470.0,4480.0,4410.0,4430.0,341000
2016/05/17,4440.0,4500.0,4430.0,4490.0,282000
2016/05/18,4490.0,4570.0,4440.0,4510.0,330000
2016/05/19,4510.0,4520.0,4460.0,4460.0,231000
2016/05/20,4480.0,4530.0,4450.0,4530.0,161000
2016/05/23,4500.0,4500.0,4420.0,4480.0,129000
2016/05/24,4470.0,4540.0,4460.0,4500.0,125000
2016/05/25,4580.0,4580.0,4470.0,4500.0,143000
2016/05/26,4520.0,4520.0,4430.0,4440.0,124000
2016/05/27,4450.0,4490.0,4440.0,4460.0,148000
2016/05/30,4480.0,4520.0,4460.0,4500.0,176000
2016/05/31,4520.0,4570.0,4500.0,4560.0,266000
2016/06/01,4530.0,4580.0,4510.0,4540.0,170000
2016/06/02,4480.0,4480.0,4410.0,4420.0,222000
2016/06/03,4420.0,4440.0,4280.0,4310.0,304000
2016/06/06,4190.0,4210.0,4040.0,4070.0,669000
2016/06/07,4100.0,4100.0,4030.0,4060.0,463000
2016/06/08,4070.0,4080.0,4020.0,4070.0,307000
2016/06/09,4050.0,4060.0,4000.0,4020.0,312000
2016/06/10,4000.0,4010.0,3980.0,3990.0,264000
2016/06/13,3990.0,3990.0,3690.0,3700.0,689000
2016/06/14,3700.0,3700.0,3390.0,3440.0,1088000
2016/06/15,3460.0,3470.0,3300.0,3350.0,1816000
2016/06/16,3400.0,3470.0,3350.0,3370.0,790000
2016/06/17,3370.0,3460.0,3350.0,3360.0,561000
2016/06/20,3360.0,3480.0,3350.0,3350.0,672000
2016/06/21,3360.0,3490.0,3330.0,3490.0,337000
2016/06/22,3450.0,3510.0,3420.0,3500.0,326000
2016/06/23,3800.0,3810.0,3650.0,3720.0,1053000
2016/06/24,3780.0,3780.0,3310.0,3350.0,873000
2016/06/27,3410.0,3430.0,3360.0,3380.0,371000
2016/06/28,3380.0,3390.0,3200.0,3300.0,601000
2016/06/29,3370.0,3440.0,3370.0,3440.0,284000
2016/06/30,3500.0,3560.0,3480.0,3500.0,370000
2016/07/01,3530.0,3530.0,3470.0,3500.0,328000
2016/07/04,3470.0,3480.0,3440.0,3470.0,298000
2016/07/05,3470.0,3470.0,3380.0,3400.0,281000
2016/07/06,3340.0,3340.0,3230.0,3270.0,252000
2016/07/07,3270.0,3310.0,3200.0,3210.0,193000
2016/07/08,3210.0,3250.0,3190.0,3210.0,237000
2016/07/11,3260.0,3390.0,3250.0,3380.0,300000
2016/07/12,3410.0,3540.0,3410.0,3490.0,322000
2016/07/13,3580.0,3620.0,3550.0,3590.0,276000
2016/07/14,3560.0,3600.0,3540.0,3580.0,206000
2016/07/15,3580.0,3680.0,3580.0,3630.0,283000
2016/07/19,3620.0,3670.0,3590.0,3660.0,135000
2016/07/20,3630.0,3760.0,3610.0,3740.0,327000
2016/07/21,3750.0,3800.0,3730.0,3760.0,200000
2016/07/22,3680.0,3710.0,3660.0,3710.0,194000
2016/07/25,3710.0,3740.0,3610.0,3660.0,410000
2016/07/26,3620.0,3640.0,3540.0,3570.0,440000
2016/07/27,3410.0,3450.0,3200.0,3260.0,1223000
2016/07/28,3270.0,3360.0,3230.0,3330.0,783000
2016/07/29,3310.0,3550.0,3300.0,3470.0,730000
2016/08/01,3450.0,3450.0,3340.0,3420.0,498000
2016/08/02,3390.0,3450.0,3360.0,3390.0,511000
2016/08/03,3340.0,3340.0,3210.0,3230.0,580000
2016/08/04,3240.0,3380.0,3240.0,3370.0,424000
2016/08/05,3370.0,3420.0,3360.0,3400.0,330000
2016/08/08,3420.0,3480.0,3420.0,3470.0,339000
2016/08/09,3430.0,3500.0,3430.0,3470.0,381000
2016/08/10,3460.0,3460.0,3410.0,3450.0,285000
2016/08/12,3450.0,3450.0,3390.0,3410.0,156000
2016/08/15,3380.0,3400.0,3370.0,3370.0,78000
2016/08/16,3370.0,3370.0,3230.0,3230.0,351000
2016/08/17,3220.0,3350.0,3200.0,3350.0,444000
2016/08/18,3280.0,3290.0,3220.0,3240.0,226000
2016/08/19,3240.0,3300.0,3230.0,3240.0,223000
2016/08/22,3250.0,3270.0,3230.0,3250.0,144000
2016/08/23,3230.0,3230.0,3170.0,3180.0,246000
2016/08/24,3170.0,3230.0,3170.0,3180.0,134000
2016/08/25,3180.0,3240.0,3160.0,3230.0,184000
2016/08/26,3210.0,3220.0,3180.0,3180.0,112000
2016/08/29,3220.0,3390.0,3220.0,3380.0,356000
2016/08/30,3370.0,3420.0,3330.0,3390.0,188000
2016/08/31,3380.0,3490.0,3380.0,3470.0,164000
2016/09/01,3460.0,3490.0,3440.0,3460.0,105000
2016/09/02,3430.0,3430.0,3370.0,3420.0,132000
2016/09/05,3480.0,3500.0,3440.0,3480.0,234000
2016/09/06,3440.0,3570.0,3440.0,3550.0,262000
2016/09/07,3490.0,3510.0,3410.0,3420.0,175000
2016/09/08,3450.0,3520.0,3450.0,3510.0,236000
2016/09/09,3510.0,3640.0,3510.0,3600.0,271000
2016/09/12,3500.0,3520.0,3420.0,3430.0,227000
2016/09/13,3460.0,3460.0,3360.0,3390.0,186000
2016/09/14,3390.0,3390.0,3330.0,3340.0,112000
2016/09/15,3320.0,3330.0,3290.0,3320.0,111000
2016/09/16,3360.0,3390.0,3350.0,3380.0,104000
2016/09/20,3320.0,3380.0,3320.0,3350.0,106000
2016/09/21,3340.0,3410.0,3300.0,3410.0,176000
2016/09/23,3410.0,3430.0,3380.0,3420.0,110000
2016/09/26,3400.0,3400.0,3330.0,3330.0,132000
2016/09/27,3300.0,3390.0,3280.0,3390.0,139000
2016/09/28,3320.0,3370.0,3310.0,3330.0,141000
2016/09/29,3370.0,3440.0,3370.0,3420.0,170000
2016/09/30,3380.0,3380.0,3320.0,3340.0,136000
2016/10/03,3380.0,3390.0,3360.0,3370.0,89000
2016/10/04,3390.0,3410.0,3370.0,3390.0,99000
2016/10/05,3390.0,3470.0,3370.0,3420.0,145000
2016/10/06,3460.0,3520.0,3450.0,3510.0,161000
2016/10/07,3510.0,3520.0,3470.0,3500.0,64000
2016/10/11,3470.0,3540.0,3460.0,3510.0,92000
2016/10/12,3460.0,3530.0,3460.0,3490.0,111000
2016/10/13,3500.0,3500.0,3400.0,3420.0,120000
2016/10/14,3420.0,3450.0,3380.0,3450.0,105000
2016/10/17,3430.0,3490.0,3430.0,3470.0,102000
2016/10/18,3470.0,3490.0,3450.0,3480.0,56000
2016/10/19,3480.0,3500.0,3460.0,3480.0,90000
2016/10/20,3470.0,3530.0,3470.0,3530.0,102000
2016/10/21,3540.0,3580.0,3530.0,3540.0,222000
2016/10/24,3540.0,3570.0,3540.0,3540.0,151000
2016/10/25,3590.0,3600.0,3540.0,3540.0,336000
2016/10/26,3670.0,3890.0,3650.0,3880.0,1853000
2016/10/27,3950.0,4080.0,3890.0,4080.0,1221000
2016/10/28,4090.0,4140.0,4030.0,4090.0,837000
2016/10/31,4020.0,4050.0,4000.0,4040.0,342000
2016/11/01,4030.0,4030.0,3970.0,4020.0,237000
2016/11/02,3970.0,4020.0,3950.0,3980.0,330000
2016/11/04,3940.0,3990.0,3930.0,3960.0,173000
2016/11/07,3980.0,4030.0,3980.0,4030.0,164000
2016/11/08,4040.0,4080.0,4020.0,4070.0,191000
2016/11/09,4060.0,4090.0,3790.0,3840.0,503000
2016/11/10,3950.0,4160.0,3950.0,4090.0,425000
2016/11/11,4060.0,4170.0,4040.0,4040.0,262000
2016/11/14,4080.0,4180.0,4080.0,4180.0,266000
2016/11/15,4380.0,4400.0,4230.0,4290.0,536000
2016/11/16,4330.0,4360.0,4240.0,4290.0,249000
2016/11/17,4240.0,4270.0,4200.0,4230.0,173000
2016/11/18,4250.0,4340.0,4250.0,4310.0,180000
2016/11/21,4330.0,4360.0,4310.0,4340.0,128000
2016/11/22,4320.0,4370.0,4270.0,4340.0,167000
2016/11/24,4370.0,4420.0,4330.0,4400.0,216000
2016/11/25,4430.0,4470.0,4380.0,4410.0,185000
2016/11/28,4380.0,4380.0,4300.0,4370.0,135000
2016/11/29,4350.0,4380.0,4330.0,4360.0,96000
2016/11/30,4360.0,4360.0,4260.0,4290.0,219000
2016/12/01,4330.0,4390.0,4300.0,4320.0,260000
2016/12/02,4320.0,4320.0,4230.0,4270.0,188000
2016/12/05,4270.0,4300.0,4220.0,4250.0,150000
2016/12/06,4230.0,4260.0,4200.0,4210.0,196000
2016/12/07,4220.0,4410.0,4220.0,4400.0,272000
2016/12/08,4430.0,4460.0,4300.0,4370.0,219000
2016/12/09,4340.0,4450.0,4340.0,4450.0,237000
2016/12/12,4430.0,4470.0,4360.0,4410.0,123000
2016/12/13,4330.0,4370.0,4310.0,4360.0,138000
2016/12/14,4360.0,4380.0,4320.0,4370.0,131000
2016/12/15,4350.0,4470.0,4350.0,4440.0,207000
2016/12/16,4420.0,4470.0,4420.0,4450.0,233000
2016/12/19,4400.0,4460.0,4400.0,4440.0,117000
2016/12/20,4410.0,4460.0,4410.0,4450.0,158000
2016/12/21,4440.0,4460.0,4340.0,4360.0,176000
2016/12/22,4390.0,4390.0,4300.0,4330.0,131000
2016/12/26,4260.0,4290.0,4190.0,4220.0,198000
2016/12/27,4150.0,4220.0,4150.0,4200.0,159000
2016/12/28,4200.0,4280.0,4190.0,4260.0,127000
2016/12/29,4240.0,4240.0,4160.0,4170.0,144000
2016/12/30,4170.0,4170.0,4130.0,4160.0,142000
2017/01/04,4220.0,4340.0,4210.0,4330.0,140000
2017/01/05,4330.0,4390.0,4320.0,4390.0,177000
2017/01/06,4350.0,4360.0,4260.0,4310.0,185000
2017/01/10,4310.0,4350.0,4280.0,4320.0,117000
2017/01/11,4310.0,4360.0,4300.0,4350.0,77000
2017/01/12,4350.0,4390.0,4300.0,4360.0,174000
2017/01/13,4350.0,4350.0,4300.0,4320.0,78000
2017/01/16,4260.0,4310.0,4180.0,4210.0,136000
2017/01/17,4180.0,4180.0,4120.0,4160.0,139000
2017/01/18,4120.0,4120.0,4050.0,4110.0,193000
2017/01/19,4160.0,4180.0,4120.0,4140.0,91000
2017/01/20,4140.0,4200.0,4120.0,4190.0,65000
2017/01/23,4150.0,4180.0,4140.0,4140.0,68000
2017/01/24,4130.0,4170.0,4120.0,4150.0,115000
2017/01/25,4260.0,4260.0,4210.0,4220.0,110000
2017/01/26,4300.0,4310.0,4250.0,4310.0,96000
2017/01/27,4330.0,4330.0,4250.0,4330.0,102000
2017/01/30,4370.0,4480.0,4270.0,4280.0,489000
2017/01/31,4170.0,4190.0,4080.0,4110.0,542000
2017/02/01,4100.0,4250.0,4090.0,4230.0,201000
2017/02/02,4290.0,4290.0,4150.0,4160.0,163000
2017/02/03,4190.0,4250.0,4140.0,4230.0,222000
2017/02/06,4280.0,4280.0,4110.0,4140.0,162000
2017/02/07,4100.0,4130.0,4090.0,4090.0,111000
2017/02/08,4080.0,4130.0,4080.0,4120.0,77000
2017/02/09,4080.0,4110.0,4050.0,4090.0,116000
2017/02/10,4150.0,4180.0,4140.0,4170.0,80000
2017/02/13,4210.0,4210.0,4190.0,4200.0,66000
2017/02/14,4200.0,4240.0,4180.0,4210.0,154000
2017/02/15,4240.0,4270.0,4230.0,4240.0,84000
2017/02/16,4260.0,4270.0,4210.0,4240.0,37000
2017/02/17,4210.0,4250.0,4210.0,4230.0,78000
2017/02/20,4200.0,4230.0,4190.0,4220.0,34000
2017/02/21,4220.0,4250.0,4200.0,4250.0,41000
2017/02/22,4260.0,4410.0,4260.0,4410.0,199000
2017/02/23,4410.0,4410.0,4320.0,4390.0,82000
2017/02/24,4380.0,4440.0,4340.0,4440.0,115000
2017/02/27,4410.0,4430.0,4350.0,4390.0,117000
2017/02/28,4380.0,4430.0,4380.0,4400.0,139000
2017/03/01,4420.0,4430.0,4380.0,4410.0,98000
2017/03/02,4470.0,4470.0,4330.0,4370.0,181000
2017/03/03,4370.0,4390.0,4360.0,4370.0,65000
2017/03/06,4400.0,4410.0,4330.0,4350.0,60000
2017/03/07,4350.0,4360.0,4320.0,4330.0,59000
2017/03/08,4330.0,4330.0,4240.0,4300.0,115000
2017/03/09,4320.0,4360.0,4290.0,4360.0,41000
2017/03/10,4350.0,4400.0,4350.0,4390.0,136000
2017/03/13,4420.0,4420.0,4380.0,4380.0,60000
2017/03/14,4370.0,4440.0,4370.0,4430.0,102000
2017/03/15,4410.0,4430.0,4410.0,4420.0,49000
2017/03/16,4400.0,4450.0,4360.0,4420.0,86000
2017/03/17,4400.0,4420.0,4370.0,4410.0,97000
2017/03/21,4390.0,4400.0,4310.0,4310.0,128000
2017/03/22,4250.0,4260.0,4100.0,4100.0,269000
2017/03/23,4100.0,4110.0,4050.0,4070.0,207000
2017/03/24,4070.0,4090.0,4050.0,4070.0,240000
2017/03/27,4060.0,4070.0,4020.0,4030.0,270000
2017/03/28,4070.0,4070.0,4030.0,4070.0,175000
2017/03/29,4070.0,4070.0,4040.0,4060.0,109000
2017/03/30,4040.0,4070.0,4010.0,4040.0,175000
2017/03/31,4070.0,4140.0,3960.0,3960.0,267000
2017/04/03,3990.0,4000.0,3950.0,3980.0,160000
2017/04/04,4000.0,4000.0,3890.0,3910.0,271000
2017/04/05,3920.0,3950.0,3890.0,3890.0,165000
2017/04/06,3900.0,3900.0,3750.0,3780.0,249000
2017/04/07,3820.0,3850.0,3790.0,3800.0,98000
2017/04/10,3830.0,3860.0,3820.0,3840.0,67000
2017/04/11,3810.0,3830.0,3780.0,3810.0,63000
2017/04/12,3820.0,3820.0,3750.0,3790.0,167000
2017/04/13,3750.0,3750.0,3670.0,3680.0,191000
2017/04/14,3680.0,3730.0,3650.0,3720.0,53000
2017/04/17,3670.0,3700.0,3640.0,3690.0,74000
2017/04/18,3730.0,3780.0,3730.0,3760.0,66000
2017/04/19,3750.0,3770.0,3710.0,3750.0,83000
2017/04/20,3740.0,3800.0,3740.0,3750.0,78000
2017/04/21,3800.0,3880.0,3770.0,3870.0,172000
2017/04/24,3870.0,3890.0,3810.0,3820.0,147000
2017/04/25,3870.0,4000.0,3840.0,4000.0,303000
2017/04/26,4050.0,4190.0,3950.0,4020.0,1393000
2017/04/27,4000.0,4000.0,3880.0,3890.0,473000
2017/04/28,3920.0,3920.0,3820.0,3840.0,227000
2017/05/01,3850.0,3890.0,3780.0,3820.0,246000
2017/05/02,3860.0,3910.0,3840.0,3850.0,237000
2017/05/08,3970.0,3970.0,3880.0,3910.0,513000
2017/05/09,3920.0,3930.0,3870.0,3900.0,371000
2017/05/10,3930.0,4010.0,3930.0,3960.0,700000
2017/05/11,3990.0,4020.0,3950.0,3970.0,420000
2017/05/12,3970.0,3980.0,3900.0,3940.0,240000
2017/05/15,3940.0,3940.0,3870.0,3870.0,224000
2017/05/16,3890.0,3910.0,3870.0,3910.0,216000
2017/05/17,3890.0,3890.0,3830.0,3850.0,268000
2017/05/18,3800.0,3810.0,3770.0,3810.0,223000
2017/05/19,3800.0,3840.0,3800.0,3840.0,110000
2017/05/22,3880.0,3910.0,3850.0,3900.0,198000
2017/05/23,3910.0,3910.0,3870.0,3890.0,155000
2017/05/24,3920.0,3930.0,3900.0,3910.0,198000
2017/05/25,3930.0,3990.0,3910.0,3920.0,313000
2017/05/26,3920.0,3930.0,3880.0,3900.0,199000
2017/05/29,3870.0,3890.0,3840.0,3850.0,104000
2017/05/30,3850.0,3850.0,3810.0,3830.0,101000
2017/05/31,3840.0,3860.0,3810.0,3820.0,213000
2017/06/01,3830.0,3880.0,3830.0,3830.0,137000
2017/06/02,3870.0,3900.0,3860.0,3890.0,337000
2017/06/05,3890.0,3890.0,3840.0,3870.0,245000
2017/06/06,3870.0,3870.0,3780.0,3780.0,252000
2017/06/07,3780.0,3780.0,3720.0,3750.0,235000
2017/06/08,3770.0,3790.0,3760.0,3760.0,174000
2017/06/09,3750.0,3810.0,3730.0,3800.0,268000
2017/06/12,3790.0,3820.0,3760.0,3810.0,168000
2017/06/13,3790.0,3850.0,3790.0,3820.0,343000
2017/06/14,3820.0,3830.0,3770.0,3800.0,173000
2017/06/15,3780.0,3800.0,3760.0,3790.0,196000
2017/06/16,3820.0,4020.0,3800.0,3890.0,1506000
2017/06/19,3970.0,4110.0,3930.0,4080.0,580000
2017/06/20,4100.0,4340.0,4100.0,4210.0,1341000
2017/06/21,4220.0,4240.0,4140.0,4150.0,322000
2017/06/22,4160.0,4220.0,4150.0,4200.0,302000
2017/06/23,4210.0,4230.0,4140.0,4170.0,237000
2017/06/26,4170.0,4200.0,4140.0,4150.0,142000
2017/06/27,4200.0,4260.0,4200.0,4230.0,409000
2017/06/28,4250.0,4290.0,4200.0,4210.0,271000
2017/06/29,4260.0,4320.0,4200.0,4310.0,253000
2017/06/30,4230.0,4300.0,4170.0,4300.0,321000
2017/07/03,4310.0,4340.0,4280.0,4310.0,230000
2017/07/04,4320.0,4330.0,4140.0,4170.0,311000
2017/07/05,4150.0,4230.0,4130.0,4220.0,279000
2017/07/06,4240.0,4450.0,4230.0,4440.0,665000
2017/07/07,4420.0,4550.0,4380.0,4480.0,626000
2017/07/10,4530.0,4530.0,4440.0,4460.0,174000
2017/07/11,4410.0,4470.0,4390.0,4450.0,169000
2017/07/12,4420.0,4480.0,4350.0,4360.0,258000
2017/07/13,4350.0,4370.0,4310.0,4330.0,209000
2017/07/14,4330.0,4370.0,4300.0,4340.0,152000
2017/07/18,4310.0,4470.0,4270.0,4470.0,209000
2017/07/19,4410.0,4420.0,4340.0,4340.0,170000
2017/07/20,4400.0,4550.0,4360.0,4510.0,482000
2017/07/21,4480.0,4480.0,4340.0,4410.0,332000
2017/07/24,4420.0,4430.0,4360.0,4430.0,213000
2017/07/25,4430.0,4430.0,4360.0,4380.0,299000
2017/07/26,4420.0,4730.0,4220.0,4300.0,1769000
2017/07/27,4320.0,4800.0,4320.0,4790.0,1670000
2017/07/28,4760.0,4790.0,4670.0,4740.0,502000
2017/07/31,4700.0,4730.0,4640.0,4660.0,207000
2017/08/01,4660.0,4660.0,4490.0,4550.0,263000
2017/08/02,4620.0,4670.0,4560.0,4660.0,150000
2017/08/03,4640.0,4660.0,4620.0,4630.0,115000
2017/08/04,4630.0,4780.0,4600.0,4780.0,395000
2017/08/07,4710.0,4770.0,4660.0,4770.0,128000
2017/08/08,4730.0,4850.0,4730.0,4820.0,360000
2017/08/09,4840.0,4840.0,4740.0,4790.0,276000
2017/08/10,4790.0,5010.0,4790.0,5000.0,752000
2017/08/14,4860.0,4900.0,4780.0,4830.0,336000
2017/08/15,4910.0,4970.0,4630.0,4630.0,390000
2017/08/16,4640.0,4750.0,4640.0,4710.0,330000
2017/08/17,4730.0,4810.0,4690.0,4770.0,226000
2017/08/18,4670.0,4690.0,4520.0,4520.0,496000
2017/08/21,4520.0,4680.0,4520.0,4640.0,330000
2017/08/22,4600.0,4710.0,4590.0,4670.0,227000
2017/08/23,4720.0,4730.0,4620.0,4650.0,146000
2017/08/24,4650.0,4690.0,4620.0,4680.0,105000
2017/08/25,4700.0,4700.0,4630.0,4660.0,163000
2017/08/28,4660.0,4700.0,4490.0,4500.0,336000
2017/08/29,4510.0,4550.0,4430.0,4500.0,416000
2017/08/30,4530.0,4540.0,4450.0,4520.0,242000
2017/08/31,4530.0,4570.0,4480.0,4560.0,239000
2017/09/01,4620.0,4630.0,4540.0,4570.0,153000
2017/09/04,4580.0,4580.0,4440.0,4460.0,129000
2017/09/05,4480.0,4480.0,4330.0,4350.0,136000
2017/09/06,4300.0,4340.0,4260.0,4270.0,267000
2017/09/07,4330.0,4410.0,4320.0,4390.0,209000
2017/09/08,4470.0,4700.0,4430.0,4620.0,922000
2017/09/11,4660.0,4810.0,4650.0,4780.0,620000
2017/09/12,4800.0,4870.0,4760.0,4810.0,278000
2017/09/13,4810.0,4830.0,4780.0,4790.0,142000
2017/09/14,4740.0,4790.0,4690.0,4720.0,150000
2017/09/15,4720.0,4810.0,4720.0,4790.0,368000
2017/09/19,4790.0,4920.0,4790.0,4900.0,246000
2017/09/20,4900.0,4930.0,4830.0,4870.0,228000
2017/09/21,4940.0,4940.0,4790.0,4820.0,294000
2017/09/22,4850.0,4880.0,4720.0,4870.0,371000
2017/09/25,4910.0,5020.0,4900.0,4970.0,382000
2017/09/26,4950.0,5240.0,4910.0,5160.0,578000
2017/09/27,5140.0,5220.0,5020.0,5040.0,444000
2017/09/28,5060.0,5210.0,5060.0,5200.0,242000
2017/09/29,5200.0,5250.0,5140.0,5200.0,239000
2017/10/02,5250.0,5320.0,5230.0,5260.0,279000
2017/10/03,5290.0,5290.0,5150.0,5250.0,172000
2017/10/04,5270.0,5410.0,5220.0,5330.0,467000
2017/10/05,5330.0,5330.0,5150.0,5160.0,210000
2017/10/06,5150.0,5250.0,5120.0,5230.0,185000
2017/10/10,5230.0,5400.0,5180.0,5360.0,307000
2017/10/11,5360.0,5390.0,5240.0,5260.0,199000
2017/10/12,5250.0,5400.0,5250.0,5320.0,212000
2017/10/13,5300.0,5360.0,5250.0,5320.0,165000
2017/10/16,5380.0,5480.0,5360.0,5430.0,290000
2017/10/17,5410.0,5470.0,5320.0,5340.0,298000
2017/10/18,5310.0,5340.0,5260.0,5280.0,177000
2017/10/19,5270.0,5280.0,5080.0,5220.0,451000
2017/10/20,5220.0,5260.0,5190.0,5210.0,148000
2017/10/23,5260.0,5290.0,5250.0,5260.0,233000
2017/10/24,5190.0,5200.0,5040.0,5200.0,648000
2017/10/25,5150.0,5220.0,4820.0,4870.0,2815000
2017/10/26,4950.0,5290.0,4950.0,5200.0,1059000
2017/10/27,5210.0,5700.0,5180.0,5640.0,1362000
2017/10/30,5600.0,5640.0,5360.0,5400.0,623000
2017/10/31,5340.0,5400.0,5270.0,5330.0,408000
2017/11/01,5400.0,5460.0,5320.0,5340.0,403000
2017/11/02,5290.0,5320.0,5210.0,5270.0,284000
2017/11/06,5310.0,5320.0,5170.0,5180.0,307000
2017/11/07,5190.0,5370.0,5160.0,5370.0,340000
2017/11/08,5330.0,5360.0,5280.0,5320.0,130000
2017/11/09,5320.0,5390.0,5200.0,5300.0,335000
2017/11/10,5170.0,5290.0,5150.0,5280.0,201000
2017/11/13,5330.0,5330.0,5190.0,5190.0,197000
2017/11/14,5220.0,5270.0,5210.0,5240.0,157000
2017/11/15,5160.0,5160.0,4960.0,5010.0,340000
2017/11/16,4950.0,5080.0,4950.0,5020.0,167000
2017/11/17,5060.0,5140.0,5010.0,5010.0,273000
2017/11/20,5010.0,5030.0,4950.0,4970.0,156000
2017/11/21,5010.0,5220.0,5010.0,5200.0,396000
2017/11/22,5250.0,5250.0,5160.0,5200.0,165000
2017/11/24,5180.0,5220.0,5130.0,5220.0,124000
2017/11/27,5220.0,5300.0,5210.0,5290.0,242000
2017/11/28,5350.0,5360.0,5240.0,5250.0,203000
2017/11/29,5300.0,5340.0,5230.0,5260.0,167000
2017/11/30,5210.0,5240.0,5100.0,5140.0,403000
2017/12/01,5200.0,5250.0,5150.0,5220.0,277000
2017/12/04,5240.0,5330.0,5190.0,5270.0,334000
2017/12/05,5260.0,5260.0,5140.0,5170.0,345000
2017/12/06,5150.0,5150.0,5010.0,5020.0,188000
2017/12/07,5060.0,5100.0,5020.0,5100.0,309000
2017/12/08,5050.0,5140.0,5050.0,5100.0,139000
2017/12/11,5150.0,5150.0,5050.0,5100.0,145000
2017/12/12,5080.0,5140.0,5080.0,5120.0,201000
2017/12/13,5120.0,5130.0,5030.0,5080.0,247000
2017/12/14,5100.0,5360.0,5100.0,5340.0,422000
2017/12/15,5340.0,5340.0,5200.0,5310.0,342000
2017/12/18,5370.0,5440.0,5310.0,5430.0,353000
2017/12/19,5450.0,5670.0,5400.0,5670.0,785000
2017/12/20,5680.0,5990.0,5660.0,5980.0,1074000
2017/12/21,5920.0,6060.0,5920.0,5990.0,607000
2017/12/22,5990.0,6190.0,5990.0,6090.0,545000
2017/12/25,6110.0,6140.0,6000.0,6040.0,346000
2017/12/26,6040.0,6220.0,6040.0,6130.0,343000
2017/12/27,6200.0,6270.0,6160.0,6250.0,224000
2017/12/28,6210.0,6290.0,6180.0,6240.0,351000
2017/12/29,6280.0,6410.0,6270.0,6360.0,288000
2018/01/04,6360.0,6380.0,6260.0,6310.0,194000
2018/01/05,6360.0,6360.0,6010.0,6060.0,729000
2018/01/09,6120.0,6130.0,5960.0,6040.0,440000
2018/01/10,6000.0,6010.0,5890.0,5950.0,430000
2018/01/11,5950.0,6010.0,5940.0,5990.0,145000
2018/01/12,5960.0,6110.0,5960.0,6060.0,290000
2018/01/15,6070.0,6130.0,6020.0,6060.0,156000
2018/01/16,6030.0,6080.0,6020.0,6070.0,126000
2018/01/17,6000.0,6140.0,5990.0,6100.0,176000
2018/01/18,6110.0,6180.0,6050.0,6050.0,219000
2018/01/19,6020.0,6220.0,6020.0,6200.0,277000
2018/01/22,6200.0,6250.0,6160.0,6250.0,138000
2018/01/23,6250.0,6530.0,6250.0,6490.0,464000
2018/01/24,6490.0,6540.0,6250.0,6360.0,330000
2018/01/25,6300.0,6300.0,6200.0,6230.0,301000
2018/01/26,6180.0,6300.0,6120.0,6120.0,515000
2018/01/29,6180.0,6440.0,5120.0,5120.0,2022000
2018/01/30,5020.0,5020.0,4720.0,4940.0,7451000
2018/01/31,4870.0,4910.0,4790.0,4810.0,1746000
2018/02/01,4860.0,4920.0,4800.0,4850.0,1294000
2018/02/02,4860.0,4890.0,4820.0,4840.0,772000
2018/02/05,4800.0,4800.0,4700.0,4740.0,767000
2018/02/06,4480.0,4530.0,4290.0,4460.0,1069000
2018/02/07,4640.0,4780.0,4530.0,4540.0,944000
2018/02/08,4600.0,4630.0,4470.0,4560.0,745000
2018/02/09,4450.0,4450.0,4350.0,4430.0,582000
2018/02/13,4510.0,4560.0,4380.0,4390.0,607000
2018/02/14,4380.0,4440.0,4210.0,4270.0,625000
2018/02/15,4340.0,4410.0,4280.0,4350.0,339000
2018/02/16,4410.0,4460.0,4350.0,4440.0,354000
2018/02/19,4470.0,4480.0,4420.0,4460.0,540000
2018/02/20,4460.0,4480.0,4380.0,4430.0,284000
2018/02/21,4430.0,4660.0,4420.0,4640.0,574000
2018/02/22,4570.0,4620.0,4480.0,4600.0,390000
2018/02/23,4650.0,4800.0,4640.0,4750.0,687000
2018/02/26,4830.0,4890.0,4690.0,4710.0,614000
2018/02/27,4780.0,4810.0,4730.0,4750.0,415000
2018/02/28,4710.0,4770.0,4670.0,4730.0,450000
2018/03/01,4680.0,4680.0,4560.0,4590.0,395000
2018/03/02,4510.0,4620.0,4470.0,4540.0,437000
2018/03/05,4540.0,4540.0,4320.0,4350.0,506000
2018/03/06,4410.0,4500.0,4390.0,4400.0,317000
2018/03/07,4360.0,4450.0,4350.0,4380.0,271000
2018/03/08,4380.0,4400.0,4310.0,4340.0,361000
2018/03/09,4380.0,4470.0,4360.0,4420.0,235000
2018/03/12,4480.0,4530.0,4430.0,4520.0,287000
2018/03/13,4510.0,4540.0,4460.0,4540.0,219000
2018/03/14,4500.0,4580.0,4500.0,4570.0,135000
2018/03/15,4590.0,4590.0,4470.0,4490.0,210000
2018/03/16,4490.0,4510.0,4420.0,4480.0,311000
2018/03/19,4440.0,4470.0,4370.0,4410.0,182000
2018/03/20,4370.0,4440.0,4330.0,4410.0,199000
2018/03/22,4410.0,4440.0,4370.0,4410.0,120000
2018/03/23,4330.0,4340.0,4190.0,4200.0,412000
2018/03/26,4150.0,4180.0,4060.0,4180.0,282000
2018/03/27,4250.0,4370.0,4240.0,4370.0,248000
2018/03/28,4270.0,4390.0,4270.0,4380.0,115000
2018/03/29,4450.0,4450.0,4280.0,4340.0,208000
2018/03/30,4400.0,4450.0,4390.0,4420.0,184000
2018/04/02,4500.0,4510.0,4450.0,4470.0,162000
2018/04/03,4410.0,4440.0,4350.0,4440.0,143000
2018/04/04,4440.0,4440.0,4330.0,4330.0,224000
2018/04/05,4360.0,4390.0,4290.0,4310.0,231000
2018/04/06,4320.0,4350.0,4260.0,4310.0,182000
2018/04/09,4300.0,4350.0,4250.0,4320.0,393000
2018/04/10,4320.0,4430.0,4270.0,4420.0,274000
2018/04/11,4420.0,4530.0,4420.0,4500.0,264000
2018/04/12,4480.0,4480.0,4430.0,4470.0,98000
2018/04/13,4470.0,4640.0,4470.0,4580.0,411000
2018/04/16,4520.0,4580.0,4510.0,4570.0,158000
2018/04/17,4570.0,4600.0,4490.0,4510.0,244000
2018/04/18,4520.0,4660.0,4520.0,4640.0,236000
2018/04/19,4610.0,4770.0,4610.0,4700.0,294000
2018/04/20,4670.0,4670.0,4590.0,4630.0,167000
2018/04/23,4620.0,4650.0,4540.0,4560.0,209000
2018/04/24,4620.0,4680.0,4600.0,4630.0,244000
2018/04/25,4630.0,4630.0,4560.0,4580.0,338000
2018/04/26,4620.0,4810.0,4080.0,4140.0,1677000
2018/04/27,4100.0,4110.0,3830.0,3880.0,2456000
2018/05/01,3840.0,3840.0,3690.0,3700.0,1293000
2018/05/02,3730.0,3970.0,3730.0,3930.0,1319000
2018/05/07,3940.0,3940.0,3810.0,3830.0,667000
2018/05/08,3830.0,3930.0,3830.0,3880.0,321000
2018/05/09,3870.0,3950.0,3850.0,3900.0,436000
2018/05/10,3900.0,3990.0,3900.0,3940.0,321000
2018/05/11,3940.0,3990.0,3850.0,3870.0,557000
2018/05/14,3910.0,4010.0,3910.0,3980.0,477000
2018/05/15,4000.0,4000.0,3920.0,3960.0,403000
2018/05/16,3990.0,4050.0,3910.0,3920.0,518000
2018/05/17,3980.0,4070.0,3970.0,4040.0,713000
2018/05/18,4090.0,4130.0,4060.0,4100.0,527000
2018/05/21,4160.0,4290.0,4160.0,4260.0,514000
2018/05/22,4360.0,4380.0,4250.0,4310.0,650000
2018/05/23,4380.0,4380.0,4290.0,4340.0,511000
2018/05/24,4340.0,4390.0,4300.0,4330.0,418000
2018/05/25,4380.0,4390.0,4280.0,4300.0,497000
2018/05/28,4300.0,4310.0,4090.0,4100.0,383000
2018/05/29,4140.0,4170.0,4090.0,4130.0,241000
2018/05/30,4050.0,4050.0,3990.0,4030.0,178000
2018/05/31,4110.0,4120.0,4030.0,4050.0,308000
2018/06/01,4060.0,4140.0,4060.0,4110.0,193000
2018/06/04,4170.0,4220.0,4120.0,4210.0,152000
2018/06/05,4250.0,4250.0,4030.0,4070.0,581000
2018/06/06,4030.0,4100.0,4020.0,4080.0,253000
2018/06/07,4100.0,4220.0,4090.0,4220.0,133000
2018/06/08,4220.0,4320.0,4210.0,4310.0,256000
2018/06/11,4310.0,4320.0,4260.0,4270.0,85000
2018/06/12,4280.0,4280.0,4150.0,4160.0,215000
2018/06/13,4140.0,4170.0,4100.0,4160.0,114000
2018/06/14,4090.0,4100.0,4020.0,4040.0,290000
2018/06/15,4060.0,4060.0,3950.0,3980.0,278000
2018/06/18,3930.0,3930.0,3830.0,3880.0,299000
2018/06/19,3870.0,3900.0,3750.0,3780.0,310000
2018/06/20,3750.0,3790.0,3680.0,3780.0,377000
2018/06/21,3770.0,3800.0,3730.0,3750.0,172000
2018/06/22,3730.0,3750.0,3660.0,3670.0,719000
2018/06/25,3680.0,3710.0,3600.0,3610.0,462000
2018/06/26,3570.0,3650.0,3510.0,3650.0,276000
2018/06/27,3660.0,3730.0,3640.0,3700.0,167000
2018/06/28,3700.0,3710.0,3640.0,3710.0,95000
2018/06/29,3720.0,3790.0,3670.0,3790.0,182000
2018/07/02,3820.0,3860.0,3680.0,3690.0,265000
2018/07/03,3710.0,3720.0,3600.0,3620.0,198000
2018/07/04,3600.0,3600.0,3520.0,3520.0,154000
2018/07/05,3510.0,3560.0,3450.0,3450.0,217000
2018/07/06,3470.0,3580.0,3470.0,3570.0,149000
2018/07/09,3550.0,3620.0,3550.0,3620.0,144000
2018/07/10,3640.0,3730.0,3630.0,3680.0,184000
2018/07/11,3640.0,3650.0,3530.0,3580.0,230000
2018/07/12,3590.0,3620.0,3530.0,3570.0,139000
2018/07/13,3620.0,3650.0,3600.0,3640.0,67000
2018/07/17,3620.0,3660.0,3600.0,3610.0,110000
2018/07/18,3630.0,3690.0,3630.0,3670.0,128000
2018/07/19,3670.0,3760.0,3660.0,3740.0,112000
2018/07/20,3720.0,3760.0,3630.0,3650.0,167000
2018/07/23,3620.0,3620.0,3580.0,3580.0,101000
2018/07/24,3610.0,3680.0,3580.0,3670.0,176000
2018/07/25,3700.0,3720.0,3210.0,3220.0,3589000
2018/07/26,3220.0,3270.0,3180.0,3250.0,1211000
2018/07/27,3250.0,3290.0,3230.0,3260.0,739000
2018/07/30,3250.0,3250.0,3200.0,3220.0,567000
2018/07/31,3210.0,3210.0,3170.0,3180.0,618000
2018/08/01,3190.0,3260.0,3180.0,3220.0,585000
2018/08/02,3220.0,3270.0,3220.0,3250.0,373000
2018/08/03,3270.0,3270.0,3220.0,3220.0,299000
2018/08/06,3220.0,3240.0,3200.0,3210.0,215000
2018/08/07,3210.0,3240.0,3180.0,3240.0,220000
2018/08/08,3240.0,3290.0,3210.0,3230.0,562000
2018/08/09,3240.0,3310.0,3220.0,3270.0,329000
2018/08/10,3220.0,3230.0,3050.0,3050.0,1048000
2018/08/13,3050.0,3080.0,3010.0,3030.0,308000
2018/08/14,3070.0,3090.0,3060.0,3080.0,193000
2018/08/15,3080.0,3080.0,3010.0,3050.0,321000
2018/08/16,3030.0,3080.0,3000.0,3070.0,346000
2018/08/17,3090.0,3110.0,3050.0,3090.0,147000
2018/08/20,3080.0,3110.0,3020.0,3020.0,248000
2018/08/21,3020.0,3050.0,3010.0,3050.0,236000
2018/08/22,3050.0,3130.0,3050.0,3130.0,255000
2018/08/23,3120.0,3140.0,3080.0,3100.0,166000
2018/08/24,3140.0,3170.0,3140.0,3170.0,240000
2018/08/27,3170.0,3250.0,3170.0,3240.0,358000
2018/08/28,3240.0,3260.0,3190.0,3200.0,342000
2018/08/29,3180.0,3250.0,3180.0,3240.0,305000
2018/08/30,3270.0,3290.0,3250.0,3280.0,277000
2018/08/31,3300.0,3350.0,3270.0,3320.0,362000
2018/09/03,3340.0,3340.0,3210.0,3230.0,185000
2018/09/04,3240.0,3240.0,3190.0,3200.0,172000
2018/09/05,3190.0,3270.0,3190.0,3220.0,161000
2018/09/06,3200.0,3220.0,3160.0,3180.0,208000
2018/09/07,3150.0,3190.0,3090.0,3150.0,223000
2018/09/10,3120.0,3210.0,3120.0,3170.0,167000
2018/09/11,3170.0,3190.0,3120.0,3160.0,151000
2018/09/12,3160.0,3170.0,3030.0,3060.0,240000
2018/09/13,3060.0,3110.0,3050.0,3070.0,171000
2018/09/14,3040.0,3110.0,3040.0,3100.0,287000
2018/09/18,3090.0,3140.0,3060.0,3140.0,122000
2018/09/19,3170.0,3250.0,3170.0,3230.0,276000
2018/09/20,3250.0,3270.0,3140.0,3140.0,209000
2018/09/21,3170.0,3210.0,3100.0,3110.0,426000
2018/09/25,3140.0,3140.0,3080.0,3130.0,324000
2018/09/26,3060.0,3190.0,3060.0,3185.0,31700
2018/09/27,3200.0,3205.0,3115.0,3120.0,29400
2018/09/28,3125.0,3150.0,3085.0,3110.0,21400
2018/10/01,3100.0,3140.0,3080.0,3105.0,24700
2018/10/02,3130.0,3150.0,3110.0,3125.0,23000
2018/10/03,3130.0,3175.0,3110.0,3110.0,21300
2018/10/04,3130.0,3180.0,3095.0,3095.0,25200
2018/10/05,3070.0,3090.0,3030.0,3050.0,30300
2018/10/09,3050.0,3050.0,2872.0,2877.0,59500
2018/10/10,2892.0,2922.0,2845.0,2867.0,49100
2018/10/11,2778.0,2780.0,2704.0,2723.0,68000
2018/10/12,2710.0,2775.0,2710.0,2763.0,22900
2018/10/15,2743.0,2780.0,2717.0,2717.0,39100
2018/10/16,2717.0,2743.0,2690.0,2730.0,42200
2018/10/17,2755.0,2793.0,2755.0,2761.0,28900
2018/10/18,2762.0,2779.0,2718.0,2731.0,21800
2018/10/19,2692.0,2736.0,2682.0,2726.0,21600
2018/10/22,2699.0,2718.0,2670.0,2702.0,45600
2018/10/23,2685.0,2690.0,2626.0,2626.0,29700
2018/10/24,2628.0,2657.0,2601.0,2614.0,34600
2018/10/25,2601.0,2622.0,2346.0,2347.0,247200
2018/10/26,2358.0,2391.0,2211.0,2240.0,147800
2018/10/29,2235.0,2281.0,2195.0,2240.0,75700
2018/10/30,2179.0,2348.0,2179.0,2299.0,104000
2018/10/31,2341.0,2349.0,2270.0,2319.0,47900
2018/11/01,2310.0,2386.0,2301.0,2382.0,34900
2018/11/02,2389.0,2511.0,2366.0,2511.0,55200
2018/11/05,2482.0,2535.0,2452.0,2491.0,33700
2018/11/06,2492.0,2594.0,2492.0,2561.0,45300
2018/11/07,2565.0,2720.0,2565.0,2608.0,66200
2018/11/08,2623.0,2634.0,2481.0,2485.0,53900
2018/11/09,2455.0,2471.0,2427.0,2456.0,21200
2018/11/12,2456.0,2469.0,2390.0,2463.0,22600
2018/11/13,2400.0,2400.0,2313.0,2330.0,56000
2018/11/14,2349.0,2354.0,2291.0,2310.0,37600
2018/11/15,2302.0,2376.0,2274.0,2369.0,44400
2018/11/16,2388.0,2419.0,2341.0,2348.0,21100
2018/11/19,2328.0,2448.0,2328.0,2448.0,26200
2018/11/20,2395.0,2395.0,2321.0,2368.0,26300
2018/11/21,2332.0,2376.0,2270.0,2328.0,43000
2018/11/22,2325.0,2359.0,2274.0,2359.0,24900
2018/11/26,2339.0,2453.0,2339.0,2447.0,27400
2018/11/27,2445.0,2529.0,2445.0,2521.0,29100
2018/11/28,2510.0,2542.0,2500.0,2527.0,14300
2018/11/29,2548.0,2555.0,2463.0,2489.0,18500
2018/11/30,2505.0,2585.0,2479.0,2552.0,120600
2018/12/03,2546.0,2593.0,2545.0,2583.0,18900
2018/12/04,2566.0,2577.0,2441.0,2447.0,33200
2018/12/05,2397.0,2488.0,2373.0,2382.0,43900
2018/12/06,2384.0,2384.0,2323.0,2363.0,23200
2018/12/07,2385.0,2385.0,2290.0,2304.0,35100
2018/12/10,2290.0,2290.0,2213.0,2226.0,30500
2018/12/11,2236.0,2238.0,2175.0,2186.0,28200
2018/12/12,2200.0,2305.0,2200.0,2260.0,22200
2018/12/13,2260.0,2310.0,2260.0,2300.0,19200
2018/12/14,2296.0,2296.0,2203.0,2248.0,23800
2018/12/17,2223.0,2300.0,2223.0,2282.0,29400
2018/12/18,2234.0,2300.0,2234.0,2264.0,37300
2018/12/19,2309.0,2383.0,2263.0,2315.0,42800
2018/12/20,2350.0,2350.0,2175.0,2197.0,65100
2018/12/21,2213.0,2213.0,2046.0,2071.0,88100
2018/12/25,2040.0,2045.0,1940.0,1954.0,71800
2018/12/26,1954.0,2046.0,1954.0,2036.0,33000
2018/12/27,2086.0,2267.0,2074.0,2210.0,47600
2018/12/28,2160.0,2260.0,2148.0,2171.0,37800
2019/01/04,2139.0,2164.0,2061.0,2162.0,43600
2019/01/07,2262.0,2341.0,2247.0,2297.0,42500
2019/01/08,2290.0,2294.0,2233.0,2240.0,30000
2019/01/09,2234.0,2263.0,2196.0,2249.0,18700
2019/01/10,2211.0,2228.0,2171.0,2192.0,17100
2019/01/11,2197.0,2266.0,2191.0,2232.0,27500
2019/01/15,2190.0,2319.0,2190.0,2306.0,24800
2019/01/16,2280.0,2311.0,2256.0,2265.0,15700
2019/01/17,2265.0,2317.0,2228.0,2242.0,17100
2019/01/18,2242.0,2288.0,2216.0,2260.0,24000
2019/01/21,2272.0,2320.0,2272.0,2277.0,22700
2019/01/22,2277.0,2277.0,2217.0,2238.0,17400
2019/01/23,2220.0,2238.0,2196.0,2232.0,15300
2019/01/24,2232.0,2396.0,2232.0,2360.0,61200
2019/01/25,2398.0,2460.0,2380.0,2418.0,70900
2019/01/28,2449.0,2449.0,2346.0,2358.0,15800
2019/01/29,2341.0,2506.0,2298.0,2506.0,130800
2019/01/30,2510.0,2648.0,2505.0,2582.0,125200
2019/01/31,2607.0,2607.0,2524.0,2528.0,40200
2019/02/01,2545.0,2568.0,2518.0,2525.0,32600
2019/02/04,2557.0,2591.0,2536.0,2559.0,35200
2019/02/05,2548.0,2583.0,2520.0,2570.0,36400
2019/02/06,2570.0,2607.0,2546.0,2584.0,39700
2019/02/07,2584.0,2626.0,2579.0,2609.0,20100
2019/02/08,2562.0,2626.0,2540.0,2570.0,42100
2019/02/12,2571.0,2685.0,2568.0,2661.0,42500
2019/02/13,2695.0,2701.0,2630.0,2660.0,33600
2019/02/14,2656.0,2690.0,2641.0,2663.0,14300
2019/02/15,2650.0,2681.0,2641.0,2668.0,16600
2019/02/18,2656.0,2693.0,2656.0,2688.0,13800
2019/02/19,2665.0,2693.0,2634.0,2648.0,29100
2019/02/20,2641.0,2670.0,2624.0,2631.0,16200
2019/02/21,2630.0,2650.0,2613.0,2621.0,20800
2019/02/22,2615.0,2657.0,2602.0,2649.0,15900
2019/02/25,2674.0,2697.0,2670.0,2697.0,20000
2019/02/26,2689.0,2699.0,2648.0,2678.0,22300
2019/02/27,2680.0,2727.0,2676.0,2726.0,15800
2019/02/28,2714.0,2760.0,2712.0,2726.0,36500
2019/03/01,2725.0,2760.0,2720.0,2755.0,16100
2019/03/04,2756.0,2794.0,2747.0,2792.0,27700
2019/03/05,2790.0,2835.0,2764.0,2835.0,26000
2019/03/06,2838.0,2841.0,2807.0,2818.0,14200
2019/03/07,2799.0,2799.0,2698.0,2740.0,34400
2019/03/08,2713.0,2734.0,2661.0,2730.0,32900
2019/03/11,2720.0,2757.0,2693.0,2735.0,15900
2019/03/12,2740.0,2777.0,2734.0,2751.0,16800
2019/03/13,2712.0,2727.0,2683.0,2703.0,22700
2019/03/14,2719.0,2724.0,2674.0,2685.0,19300
2019/03/15,2679.0,2721.0,2678.0,2682.0,26400
2019/03/18,2693.0,2706.0,2657.0,2691.0,17700
2019/03/19,2696.0,2722.0,2676.0,2706.0,13700
2019/03/20,2700.0,2719.0,2689.0,2712.0,9000
2019/03/22,2712.0,2739.0,2686.0,2726.0,14600
2019/03/25,2676.0,2676.0,2579.0,2583.0,22600
2019/03/26,2586.0,2711.0,2586.0,2710.0,24100
2019/03/27,2610.0,2709.0,2610.0,2702.0,13500
2019/03/28,2652.0,2659.0,2608.0,2616.0,21400
2019/03/29,2612.0,2634.0,2612.0,2618.0,9300
2019/04/01,2630.0,2745.0,2630.0,2727.0,34600
2019/04/02,2739.0,2779.0,2739.0,2759.0,19400
2019/04/03,2757.0,2800.0,2749.0,2800.0,17500
2019/04/04,2801.0,2827.0,2783.0,2801.0,13800
2019/04/05,2808.0,2817.0,2791.0,2815.0,7900
2019/04/08,2815.0,2826.0,2769.0,2784.0,5800
2019/04/09,2750.0,2775.0,2730.0,2767.0,8600
2019/04/10,2717.0,2745.0,2717.0,2737.0,5100
2019/04/11,2720.0,2745.0,2700.0,2729.0,7900
2019/04/12,2711.0,2712.0,2689.0,2690.0,7400
2019/04/15,2693.0,2782.0,2693.0,2779.0,11100
2019/04/16,2779.0,2806.0,2775.0,2799.0,5500
2019/04/17,2799.0,2839.0,2788.0,2830.0,8500
2019/04/18,2840.0,2840.0,2774.0,2785.0,7700
2019/04/19,2815.0,2872.0,2815.0,2855.0,18100
2019/04/22,2867.0,2867.0,2799.0,2836.0,11400
2019/04/23,2844.0,2888.0,2832.0,2871.0,12300
2019/04/24,2884.0,2928.0,2860.0,2915.0,21600
2019/04/25,2900.0,2990.0,2450.0,2522.0,164400
2019/04/26,2452.0,2593.0,2435.0,2566.0,46300
2019/05/07,2600.0,2612.0,2514.0,2546.0,44600
2019/05/08,2543.0,2543.0,2470.0,2498.0,22600
2019/05/09,2548.0,2750.0,2510.0,2623.0,105900
2019/05/10,2649.0,2671.0,2593.0,2640.0,26800
2019/05/13,2680.0,2745.0,2650.0,2651.0,30500
2019/05/14,2637.0,2638.0,2591.0,2620.0,22500
2019/05/15,2659.0,2659.0,2590.0,2652.0,16400
2019/05/16,2668.0,2668.0,2579.0,2581.0,20300
2019/05/17,2629.0,2670.0,2594.0,2647.0,13700
2019/05/20,2644.0,2644.0,2603.0,2613.0,6800
2019/05/21,2613.0,2613.0,2542.0,2606.0,12900
2019/05/22,2635.0,2655.0,2616.0,2618.0,5800
2019/05/23,2621.0,2621.0,2543.0,2567.0,15600
2019/05/24,2565.0,2567.0,2528.0,2560.0,19100
2019/05/27,2553.0,2590.0,2540.0,2578.0,4500
2019/05/28,2560.0,2623.0,2560.0,2608.0,5700
2019/05/29,2568.0,2592.0,2555.0,2568.0,7400
2019/05/30,2550.0,2600.0,2530.0,2599.0,6800
2019/05/31,2585.0,2602.0,2536.0,2562.0,14100
2019/06/03,2559.0,2559.0,2509.0,2526.0,13800
2019/06/04,2544.0,2566.0,2521.0,2551.0,11700
2019/06/05,2577.0,2663.0,2577.0,2653.0,18600
2019/06/06,2642.0,2653.0,2587.0,2606.0,11900
2019/06/07,2598.0,2620.0,2571.0,2602.0,7500
2019/06/10,2650.0,2670.0,2605.0,2661.0,8600
2019/06/11,2644.0,2719.0,2644.0,2710.0,6400
2019/06/12,2696.0,2741.0,2696.0,2714.0,6400
2019/06/13,2714.0,2720.0,2670.0,2683.0,13500
2019/06/14,2683.0,2683.0,2648.0,2653.0,5800
2019/06/17,2641.0,2650.0,2591.0,2640.0,6200
2019/06/18,2615.0,2632.0,2575.0,2575.0,7100
2019/06/19,2625.0,2654.0,2592.0,2637.0,9300
2019/06/20,2640.0,2675.0,2618.0,2661.0,6800
2019/06/21,2680.0,2690.0,2591.0,2591.0,29100
2019/06/24,2631.0,2659.0,2604.0,2655.0,9300
2019/06/25,2705.0,2721.0,2652.0,2671.0,19200
2019/06/26,2650.0,2719.0,2632.0,2636.0,13300
2019/06/27,2636.0,2707.0,2636.0,2702.0,7300
2019/06/28,2671.0,2719.0,2659.0,2690.0,7800
2019/07/01,2788.0,2830.0,2745.0,2830.0,26100
2019/07/02,2837.0,2871.0,2807.0,2868.0,19600
2019/07/03,2874.0,2880.0,2836.0,2871.0,20100
2019/07/04,2874.0,2880.0,2827.0,2880.0,8600
2019/07/05,2836.0,2859.0,2810.0,2840.0,11200
2019/07/08,2820.0,2820.0,2774.0,2807.0,15900
2019/07/09,2801.0,2820.0,2769.0,2785.0,9200
2019/07/10,2785.0,2816.0,2785.0,2804.0,9700
2019/07/11,2809.0,2836.0,2802.0,2823.0,8200
2019/07/12,2797.0,2809.0,2758.0,2794.0,7600
2019/07/16,2779.0,2783.0,2753.0,2767.0,3300
2019/07/17,2774.0,2774.0,2725.0,2731.0,5800
2019/07/18,2735.0,2735.0,2617.0,2621.0,12500
2019/07/19,2632.0,2744.0,2632.0,2744.0,11500
2019/07/22,2740.0,2763.0,2730.0,2752.0,5400
2019/07/23,2756.0,2813.0,2756.0,2805.0,9000
2019/07/24,2805.0,2864.0,2803.0,2860.0,12400
2019/07/25,2887.0,2887.0,2851.0,2879.0,15000
2019/07/26,2828.0,2853.0,2820.0,2844.0,6500
2019/07/29,2850.0,2850.0,2636.0,2691.0,33800
2019/07/30,2703.0,2734.0,2626.0,2733.0,26800
2019/07/31,2745.0,2745.0,2687.0,2696.0,6600
2019/08/01,2690.0,2717.0,2665.0,2709.0,6300
2019/08/02,2737.0,2737.0,2658.0,2687.0,22200
2019/08/05,2687.0,2687.0,2599.0,2642.0,24600
2019/08/06,2600.0,2715.0,2570.0,2698.0,17100
2019/08/07,2672.0,2683.0,2646.0,2649.0,16700
2019/08/08,2649.0,2703.0,2641.0,2649.0,6400
2019/08/09,2692.0,2692.0,2647.0,2654.0,4100
2019/08/13,2650.0,2684.0,2642.0,2669.0,8800
2019/08/14,2699.0,2754.0,2684.0,2754.0,10800
2019/08/15,2669.0,2722.0,2657.0,2720.0,4800
2019/08/16,2681.0,2715.0,2681.0,2687.0,4500
2019/08/19,2687.0,2754.0,2687.0,2735.0,8000
2019/08/20,2731.0,2733.0,2700.0,2710.0,5100
2019/08/21,2702.0,2713.0,2688.0,2701.0,9300
2019/08/22,2703.0,2770.0,2692.0,2766.0,9100
2019/08/23,2771.0,2771.0,2739.0,2756.0,4500
2019/08/26,2700.0,2700.0,2624.0,2627.0,11200
2019/08/27,2660.0,2666.0,2594.0,2601.0,10200
2019/08/28,2604.0,2618.0,2594.0,2600.0,5700
2019/08/29,2600.0,2600.0,2582.0,2597.0,9600
2019/08/30,2607.0,2690.0,2607.0,2673.0,4800
2019/09/02,2672.0,2710.0,2672.0,2693.0,4700
2019/09/03,2693.0,2711.0,2638.0,2646.0,6900
2019/09/04,2635.0,2635.0,2571.0,2576.0,7500
2019/09/05,2579.0,2688.0,2579.0,2682.0,7600
2019/09/06,2699.0,2700.0,2664.0,2674.0,4200
2019/09/09,2663.0,2700.0,2657.0,2700.0,4700
2019/09/10,2719.0,2756.0,2707.0,2754.0,4900
2019/09/11,2750.0,2806.0,2745.0,2805.0,12400
2019/09/12,2790.0,2810.0,2768.0,2794.0,11700
2019/09/13,2810.0,2834.0,2785.0,2834.0,18300
2019/09/17,2791.0,2845.0,2743.0,2828.0,15600
2019/09/18,2788.0,2800.0,2730.0,2754.0,8800
2019/09/19,2750.0,2828.0,2750.0,2828.0,9200
2019/09/20,2780.0,2823.0,2766.0,2800.0,8800
2019/09/24,2783.0,2840.0,2783.0,2834.0,10100
2019/09/25,2829.0,2840.0,2809.0,2835.0,11200
2019/09/26,2815.0,2865.0,2815.0,2841.0,12500
2019/09/27,2791.0,2833.0,2770.0,2770.0,18700
2019/09/30,2720.0,2743.0,2685.0,2689.0,11200
2019/10/01,2690.0,2779.0,2690.0,2779.0,9800
2019/10/02,2767.0,2845.0,2759.0,2845.0,16200
2019/10/03,2800.0,2800.0,2726.0,2741.0,7200
2019/10/04,2757.0,2771.0,2731.0,2754.0,6400
2019/10/07,2755.0,2755.0,2713.0,2736.0,3900
2019/10/08,2735.0,2772.0,2729.0,2741.0,6200
2019/10/09,2737.0,2737.0,2691.0,2734.0,4600
2019/10/10,2747.0,2758.0,2691.0,2758.0,5100
2019/10/11,2764.0,2764.0,2697.0,2742.0,6800
2019/10/15,2787.0,2814.0,2760.0,2794.0,9900
2019/10/16,2801.0,2850.0,2795.0,2808.0,9800
2019/10/17,2781.0,2805.0,2715.0,2732.0,13000
2019/10/18,2748.0,2778.0,2733.0,2765.0,8100
2019/10/21,2765.0,2803.0,2753.0,2803.0,5700
2019/10/23,2796.0,2816.0,2765.0,2779.0,7000
2019/10/24,2800.0,2800.0,2735.0,2797.0,9900
2019/10/25,2805.0,2828.0,2785.0,2828.0,11800
2019/10/28,2830.0,2847.0,2818.0,2846.0,10700
2019/10/29,2849.0,3095.0,2726.0,3035.0,67900
2019/10/30,3000.0,3085.0,2987.0,3085.0,41300
2019/10/31,3080.0,3145.0,3065.0,3125.0,26700
2019/11/01,3035.0,3150.0,3010.0,3145.0,15200
2019/11/05,3130.0,3160.0,3075.0,3105.0,16100
2019/11/06,3115.0,3115.0,3045.0,3045.0,9800
2019/11/07,3020.0,3080.0,2989.0,3005.0,11300
2019/11/08,3045.0,3100.0,3005.0,3060.0,10700
2019/11/11,3065.0,3080.0,3040.0,3060.0,9300
2019/11/12,3030.0,3150.0,3030.0,3150.0,16100
2019/11/13,3145.0,3145.0,3035.0,3035.0,8800
2019/11/14,3050.0,3050.0,2975.0,2996.0,11800
2019/11/15,3010.0,3085.0,3010.0,3075.0,6500
2019/11/18,3075.0,3090.0,3045.0,3055.0,4600
2019/11/19,3055.0,3055.0,2967.0,3035.0,10600
2019/11/20,2988.0,3040.0,2983.0,2992.0,8300
2019/11/21,2972.0,2976.0,2875.0,2917.0,10000
2019/11/22,2950.0,2961.0,2920.0,2955.0,5400
2019/11/25,3005.0,3025.0,2977.0,3020.0,11400
2019/11/26,3040.0,3080.0,2985.0,2985.0,6800
2019/11/27,2989.0,3010.0,2987.0,3000.0,4400
2019/11/28,3015.0,3015.0,2925.0,2939.0,11300
2019/11/29,2948.0,2965.0,2921.0,2952.0,3800
2019/12/02,2973.0,2990.0,2962.0,2979.0,6700
2019/12/03,2972.0,2972.0,2927.0,2934.0,4600
2019/12/04,2934.0,2985.0,2910.0,2985.0,5800
2019/12/05,2986.0,2988.0,2965.0,2976.0,6100
2019/12/06,2996.0,3025.0,2992.0,3010.0,10100
2019/12/09,3040.0,3040.0,2997.0,3030.0,6100
2019/12/10,3040.0,3040.0,3005.0,3005.0,2500
2019/12/11,2992.0,2992.0,2948.0,2948.0,4000
2019/12/12,2973.0,3100.0,2958.0,3075.0,32000
2019/12/13,3100.0,3100.0,3015.0,3015.0,20600
2019/12/16,3045.0,3085.0,3025.0,3065.0,6700
2019/12/17,3065.0,3070.0,3035.0,3040.0,3900
2019/12/18,3040.0,3045.0,2977.0,2997.0,10600
2019/12/19,3015.0,3015.0,2990.0,3010.0,1800
2019/12/20,2995.0,3070.0,2976.0,3055.0,23000
2019/12/23,3025.0,3025.0,2985.0,2990.0,7200
2019/12/24,2972.0,2977.0,2961.0,2961.0,5300
2019/12/25,2988.0,2988.0,2911.0,2930.0,7300
2019/12/26,2915.0,2937.0,2890.0,2937.0,13000
2019/12/27,2953.0,2988.0,2953.0,2967.0,4100
2019/12/30,2960.0,2962.0,2940.0,2956.0,3700
2020/01/06,2965.0,2965.0,2903.0,2913.0,9000
2020/01/07,2946.0,2955.0,2918.0,2930.0,6800
2020/01/08,2990.0,3055.0,2921.0,2990.0,30200
2020/01/09,3100.0,3225.0,3060.0,3195.0,41300
2020/01/10,3210.0,3250.0,3175.0,3185.0,40700
2020/01/14,3195.0,3225.0,3165.0,3180.0,18000
2020/01/15,3180.0,3180.0,3080.0,3095.0,17400
2020/01/16,3095.0,3095.0,3015.0,3015.0,8500
2020/01/17,3050.0,3145.0,3040.0,3120.0,16300
2020/01/20,3150.0,3150.0,3120.0,3120.0,6200
2020/01/21,3145.0,3175.0,3115.0,3150.0,6400
2020/01/22,3155.0,3165.0,3135.0,3135.0,5900
2020/01/23,3150.0,3150.0,3120.0,3150.0,8100
2020/01/24,3150.0,3150.0,3100.0,3100.0,9300
2020/01/27,3070.0,3070.0,3005.0,3005.0,7900
2020/01/28,2980.0,3345.0,2910.0,3285.0,98100
2020/01/29,3245.0,3315.0,3140.0,3265.0,50000
2020/01/30,3210.0,3235.0,3135.0,3180.0,21800
2020/01/31,3135.0,3160.0,3130.0,3130.0,4600
2020/02/03,3100.0,3100.0,2910.0,3055.0,14200
2020/02/04,3100.0,3100.0,3055.0,3095.0,8000
2020/02/05,3065.0,3145.0,3065.0,3080.0,11100
2020/02/06,3100.0,3190.0,3100.0,3185.0,13800
2020/02/07,3170.0,3170.0,3115.0,3130.0,4900
2020/02/10,3125.0,3125.0,3065.0,3065.0,6900
2020/02/12,3070.0,3080.0,3030.0,3045.0,4300
2020/02/13,3045.0,3045.0,3020.0,3025.0,5100
2020/02/14,2955.0,3005.0,2920.0,2970.0,21400
2020/02/17,2920.0,2938.0,2873.0,2914.0,9800
2020/02/18,2913.0,2921.0,2860.0,2870.0,7400
2020/02/19,2955.0,2955.0,2849.0,2862.0,8000
2020/02/20,2861.0,2886.0,2818.0,2832.0,8900
2020/02/21,2832.0,2835.0,2805.0,2816.0,9700
2020/02/25,2716.0,2747.0,2650.0,2650.0,21900
2020/02/26,2601.0,2612.0,2576.0,2593.0,16000
2020/02/27,2543.0,2585.0,2421.0,2434.0,20100
2020/02/28,2288.0,2342.0,2235.0,2244.0,29600
2020/03/02,2244.0,2363.0,2240.0,2336.0,22400
2020/03/03,2404.0,2429.0,2280.0,2303.0,31400
2020/03/04,2285.0,2364.0,2246.0,2349.0,12800
2020/03/05,2376.0,2401.0,2305.0,2332.0,12000
2020/03/06,2263.0,2280.0,2210.0,2224.0,15900
2020/03/09,2197.0,2197.0,2054.0,2069.0,15700
2020/03/10,1969.0,2179.0,1948.0,2168.0,25600
2020/03/11,2168.0,2196.0,2058.0,2060.0,14900
2020/03/12,1972.0,2035.0,1928.0,1939.0,25700
2020/03/13,1779.0,1872.0,1753.0,1818.0,35000
2020/03/16,1882.0,1933.0,1832.0,1847.0,24200
2020/03/17,1767.0,2043.0,1767.0,2029.0,31800
2020/03/18,2029.0,2074.0,1934.0,1954.0,21200
2020/03/19,2024.0,2040.0,1909.0,1950.0,22400
2020/03/23,2020.0,2069.0,1977.0,2069.0,18800
2020/03/24,2119.0,2119.0,2028.0,2119.0,14600
2020/03/25,2194.0,2292.0,2146.0,2292.0,24700
2020/03/26,2262.0,2262.0,2169.0,2246.0,15200
2020/03/27,2344.0,2390.0,2265.0,2387.0,27200
2020/03/30,2287.0,2367.0,2245.0,2364.0,15000
2020/03/31,2350.0,2350.0,2217.0,2307.0,12400
2020/04/01,2307.0,2359.0,2190.0,2212.0,13400
2020/04/02,2213.0,2245.0,2158.0,2175.0,12700
2020/04/03,2217.0,2242.0,2100.0,2168.0,10600
2020/04/06,2184.0,2235.0,2135.0,2221.0,14100
2020/04/07,2221.0,2383.0,2221.0,2383.0,12100
2020/04/08,2398.0,2430.0,2325.0,2420.0,15000
2020/04/09,2420.0,2420.0,2335.0,2399.0,7200
2020/04/10,2399.0,2441.0,2356.0,2436.0,7200
2020/04/13,2412.0,2412.0,2337.0,2352.0,3600
2020/04/14,2392.0,2442.0,2354.0,2425.0,4900
2020/04/15,2379.0,2511.0,2330.0,2417.0,13500
2020/04/16,2400.0,2467.0,2393.0,2467.0,5600
2020/04/17,2417.0,2487.0,2416.0,2455.0,4400
2020/04/20,2464.0,2464.0,2403.0,2436.0,1800
2020/04/21,2436.0,2436.0,2383.0,2394.0,2300
2020/04/22,2380.0,2391.0,2328.0,2328.0,4100
2020/04/23,2356.0,2445.0,2346.0,2432.0,4800
2020/04/24,2467.0,2467.0,2385.0,2420.0,8900
2020/04/27,2421.0,2423.0,2351.0,2413.0,7000
2020/04/28,2420.0,2588.0,2420.0,2588.0,14800
2020/04/30,2638.0,2638.0,2581.0,2590.0,8700
2020/05/01,2590.0,2590.0,2536.0,2536.0,3700
2020/05/07,2577.0,2586.0,2521.0,2543.0,7600
2020/05/08,2600.0,2645.0,2562.0,2645.0,9300
2020/05/11,2639.0,2639.0,2595.0,2628.0,7800
2020/05/12,2621.0,2628.0,2601.0,2605.0,1900
2020/05/13,2602.0,2645.0,2600.0,2634.0,4900
2020/05/14,2589.0,2606.0,2537.0,2537.0,3100
2020/05/15,2508.0,2571.0,2437.0,2452.0,10400
2020/05/18,2450.0,2450.0,2328.0,2371.0,9900
2020/05/19,2421.0,2421.0,2333.0,2373.0,14300
2020/05/20,2381.0,2419.0,2363.0,2406.0,10400
2020/05/21,2406.0,2438.0,2356.0,2393.0,8500
2020/05/22,2377.0,2430.0,2369.0,2387.0,6200
2020/05/25,2437.0,2437.0,2387.0,2436.0,8600
2020/05/26,2436.0,2480.0,2426.0,2460.0,13400
2020/05/27,2449.0,2485.0,2407.0,2451.0,10700
2020/05/28,2451.0,2606.0,2429.0,2606.0,15000
2020/05/29,2550.0,2587.0,2511.0,2560.0,9700
2020/06/01,2599.0,2648.0,2577.0,2648.0,16100
2020/06/02,2683.0,2743.0,2596.0,2690.0,16400
2020/06/03,2690.0,2690.0,2596.0,2607.0,14700
2020/06/04,2657.0,2657.0,2562.0,2606.0,11300
2020/06/05,2634.0,2634.0,2600.0,2629.0,6600
2020/06/08,2630.0,2678.0,2611.0,2678.0,12700
2020/06/09,2701.0,2701.0,2612.0,2620.0,6800
2020/06/10,2607.0,2698.0,2607.0,2638.0,7700
2020/06/11,2607.0,2607.0,2484.0,2507.0,9200
2020/06/12,2407.0,2469.0,2342.0,2440.0,19300
2020/06/15,2450.0,2476.0,2368.0,2416.0,13000
2020/06/16,2449.0,2487.0,2424.0,2467.0,15900
2020/06/17,2482.0,2494.0,2441.0,2481.0,8800
2020/06/18,2481.0,2489.0,2441.0,2468.0,5800
2020/06/19,2512.0,2580.0,2432.0,2544.0,17100
2020/06/22,2557.0,2574.0,2511.0,2552.0,3800
2020/06/23,2561.0,2607.0,2541.0,2560.0,5500
2020/06/24,2592.0,2601.0,2550.0,2572.0,7700
2020/06/25,2594.0,2594.0,2511.0,2511.0,13500
2020/06/26,2561.0,2590.0,2531.0,2582.0,5500
2020/06/29,2580.0,2620.0,2575.0,2620.0,5000
2020/06/30,2628.0,2643.0,2559.0,2599.0,11000
2020/07/01,2573.0,2590.0,2548.0,2548.0,5500
2020/07/02,2581.0,2581.0,2497.0,2547.0,11900
2020/07/03,2576.0,2634.0,2516.0,2634.0,8100
2020/07/06,2620.0,2718.0,2616.0,2714.0,11100
2020/07/07,2714.0,2714.0,2642.0,2642.0,3200
2020/07/08,2642.0,2690.0,2629.0,2629.0,2600
2020/07/09,2630.0,2630.0,2541.0,2541.0,3600
2020/07/10,2516.0,2525.0,2420.0,2420.0,7300
2020/07/13,2451.0,2508.0,2451.0,2493.0,6500
2020/07/14,2510.0,2510.0,2479.0,2499.0,3000
2020/07/15,2505.0,2596.0,2505.0,2572.0,5700
2020/07/16,2587.0,2587.0,2528.0,2528.0,2900
2020/07/17,2528.0,2545.0,2514.0,2524.0,2300
2020/07/20,2518.0,2597.0,2518.0,2597.0,3700
2020/07/21,2599.0,2662.0,2599.0,2662.0,11400
2020/07/22,2690.0,2692.0,2657.0,2664.0,8900
2020/07/27,2657.0,2658.0,2619.0,2658.0,5100
2020/07/28,2699.0,2739.0,2386.0,2446.0,34200
2020/07/29,2479.0,2556.0,2459.0,2531.0,10900
2020/07/30,2531.0,2531.0,2288.0,2288.0,12100
2020/07/31,2307.0,2345.0,2252.0,2303.0,13300
2020/08/03,2353.0,2424.0,2326.0,2407.0,8100
2020/08/04,2466.0,2516.0,2450.0,2516.0,7500
2020/08/05,2500.0,2505.0,2469.0,2505.0,3800
2020/08/06,2524.0,2524.0,2396.0,2410.0,5800
2020/08/07,2390.0,2395.0,2354.0,2362.0,5400
2020/08/11,2392.0,2513.0,2382.0,2513.0,6600
2020/08/12,2515.0,2522.0,2441.0,2475.0,7700
2020/08/13,2528.0,2528.0,2431.0,2481.0,7100
2020/08/14,2431.0,2507.0,2431.0,2462.0,6000
2020/08/17,2412.0,2482.0,2411.0,2451.0,3200
2020/08/18,2424.0,2467.0,2397.0,2424.0,5500
2020/08/19,2382.0,2393.0,2382.0,2391.0,1500
2020/08/20,2370.0,2390.0,2355.0,2355.0,4200
2020/08/21,2356.0,2369.0,2356.0,2358.0,1100
2020/08/24,2369.0,2414.0,2352.0,2414.0,3100
2020/08/25,2481.0,2524.0,2420.0,2450.0,15500
2020/08/26,2430.0,2434.0,2421.0,2434.0,2100
2020/08/27,2424.0,2436.0,2410.0,2422.0,2300
2020/08/28,2443.0,2533.0,2421.0,2479.0,9400
2020/08/31,2466.0,2495.0,2447.0,2460.0,5200
2020/09/01,2460.0,2509.0,2460.0,2502.0,6200
2020/09/02,2502.0,2540.0,2478.0,2540.0,6100
2020/09/03,2561.0,2568.0,2463.0,2535.0,17800
2020/09/04,2535.0,2540.0,2511.0,2515.0,5100
2020/09/07,2486.0,2641.0,2486.0,2578.0,11900
2020/09/08,2627.0,2670.0,2559.0,2670.0,8200
2020/09/09,2622.0,2672.0,2622.0,2631.0,9200
2020/09/10,2631.0,2647.0,2547.0,2596.0,11200
2020/09/11,2623.0,2623.0,2565.0,2590.0,7600
2020/09/14,2605.0,2647.0,2590.0,2641.0,10800
2020/09/15,2620.0,2620.0,2557.0,2561.0,6200
2020/09/16,2592.0,2666.0,2556.0,2666.0,12900
2020/09/17,2689.0,2695.0,2586.0,2640.0,10300
2020/09/18,2643.0,2690.0,2588.0,2690.0,7600
2020/09/23,2665.0,2691.0,2620.0,2689.0,7700
2020/09/24,2699.0,2714.0,2590.0,2611.0,11600
2020/09/25,2661.0,2734.0,2631.0,2727.0,16700
2020/09/28,2750.0,2865.0,2742.0,2865.0,30200
2020/09/29,2871.0,2940.0,2860.0,2939.0,18700
2020/09/30,2939.0,2948.0,2834.0,2841.0,11200
2020/10/01,,,,,0
2020/10/02,2936.0,2936.0,2736.0,2791.0,9700
2020/10/05,2791.0,2866.0,2604.0,2753.0,21500
2020/10/06,2732.0,2787.0,2702.0,2772.0,8800
2020/10/07,2772.0,2792.0,2714.0,2744.0,12700
2020/10/08,2744.0,2751.0,2673.0,2722.0,12100
2020/10/09,2706.0,2750.0,2671.0,2750.0,10800
2020/10/12,2716.0,2742.0,2643.0,2666.0,19800
2020/10/13,2670.0,2683.0,2551.0,2564.0,20800
2020/10/14,2558.0,2623.0,2532.0,2597.0,15900
2020/10/15,2597.0,2605.0,2536.0,2563.0,11300
2020/10/16,2534.0,2601.0,2500.0,2583.0,11500
2020/10/19,2572.0,2645.0,2558.0,2635.0,11400
2020/10/20,2595.0,2626.0,2547.0,2547.0,6500
2020/10/21,2566.0,2692.0,2550.0,2682.0,9300
2020/10/22,2632.0,2697.0,2595.0,2681.0,16300
2020/10/23,2710.0,2710.0,2626.0,2646.0,9600
2020/10/26,2682.0,2682.0,2607.0,2607.0,8900
2020/10/27,2624.0,2930.0,2598.0,2815.0,71000
2020/10/28,2765.0,2799.0,2702.0,2799.0,15200
2020/10/29,2740.0,2829.0,2740.0,2808.0,16700
2020/10/30,2783.0,2785.0,2629.0,2650.0,9100
2020/11/02,2686.0,2767.0,2636.0,2712.0,14100
2020/11/04,2765.0,2767.0,2676.0,2724.0,17200
2020/11/05,2692.0,2783.0,2692.0,2780.0,14800
2020/11/06,2773.0,2859.0,2739.0,2826.0,15400
2020/11/09,2811.0,2875.0,2764.0,2796.0,17400
2020/11/10,2893.0,2893.0,2802.0,2886.0,21200
2020/11/11,2884.0,2910.0,2827.0,2910.0,21000
2020/11/12,2860.0,2908.0,2829.0,2850.0,9900
2020/11/13,2850.0,2850.0,2759.0,2795.0,10700
2020/11/16,2800.0,2843.0,2776.0,2843.0,11600
2020/11/17,2841.0,2856.0,2800.0,2848.0,11200
2020/11/18,2848.0,2863.0,2816.0,2841.0,5300
2020/11/19,2840.0,2847.0,2783.0,2804.0,8900
2020/11/20,2804.0,2829.0,2768.0,2796.0,5300
2020/11/24,2807.0,2867.0,2784.0,2833.0,17900
2020/11/25,2859.0,2950.0,2830.0,2948.0,20000
2020/11/26,2990.0,3000.0,2954.0,2997.0,13500
2020/11/27,3000.0,3080.0,2966.0,3075.0,26100
2020/11/30,3125.0,3135.0,3005.0,3045.0,16000
2020/12/01,3035.0,3170.0,3035.0,3170.0,17400
2020/12/02,3170.0,3170.0,3045.0,3095.0,15200
2020/12/03,3130.0,3170.0,3095.0,3150.0,7900
2020/12/04,3180.0,3180.0,3110.0,3160.0,11700
2020/12/07,3160.0,3160.0,3030.0,3045.0,10900
2020/12/08,3005.0,3095.0,3005.0,3070.0,7000
2020/12/09,3115.0,3115.0,3015.0,3015.0,6300
2020/12/10,3005.0,3055.0,2969.0,3035.0,7200
2020/12/11,3055.0,3055.0,2960.0,2962.0,7500
2020/12/14,2962.0,3050.0,2962.0,3015.0,7600
2020/12/15,3070.0,3085.0,3025.0,3075.0,5800
2020/12/16,3100.0,3100.0,3040.0,3040.0,6500
2020/12/17,3015.0,3065.0,2951.0,2951.0,5200
2020/12/18,2906.0,3150.0,2906.0,3150.0,33400
2020/12/21,3150.0,3150.0,3060.0,3150.0,7400
2020/12/22,3095.0,3120.0,3055.0,3100.0,7700
2020/12/23,3100.0,3145.0,3070.0,3075.0,5400
2020/12/24,3105.0,3105.0,3040.0,3065.0,6600
2020/12/25,3065.0,3070.0,3035.0,3050.0,7600
2020/12/28,3020.0,3070.0,2963.0,3015.0,11000
2020/12/29,3010.0,3055.0,2978.0,3030.0,5400
2020/12/30,3055.0,3055.0,2988.0,3020.0,5400
2021/01/04,3070.0,3075.0,2935.0,3045.0,9200
2021/01/05,2991.0,3060.0,2961.0,2998.0,12200
2021/01/06,3000.0,3055.0,2964.0,2987.0,8300
2021/01/07,3040.0,3050.0,2976.0,3010.0,11900
2021/01/08,2984.0,3095.0,2981.0,3095.0,13400
2021/01/12,3090.0,3110.0,3025.0,3025.0,9000
2021/01/13,3030.0,3095.0,2995.0,3090.0,10500
2021/01/14,3090.0,3090.0,2999.0,3020.0,10500
2021/01/15,2992.0,2995.0,2930.0,2961.0,14700
2021/01/18,2966.0,3060.0,2946.0,3045.0,6500
2021/01/19,3040.0,3040.0,2990.0,3010.0,4100
2021/01/20,3050.0,3065.0,2980.0,3055.0,7800
2021/01/21,3125.0,3125.0,3045.0,3060.0,12500
2021/01/22,3060.0,3090.0,3030.0,3070.0,7300
2021/01/25,3135.0,3135.0,3070.0,3100.0,10400
2021/01/26,3110.0,3320.0,3050.0,3150.0,91500
2021/01/27,3150.0,3150.0,3035.0,3080.0,17000
2021/01/28,3035.0,3130.0,2985.0,3130.0,23800
2021/01/29,3130.0,3130.0,2983.0,2983.0,16700
2021/02/01,2980.0,3075.0,2980.0,3035.0,10600
2021/02/02,3060.0,3095.0,3025.0,3035.0,9100
2021/02/03,3060.0,3075.0,3010.0,3035.0,9500
2021/02/04,3015.0,3070.0,3015.0,3030.0,9300
2021/02/05,3030.0,3070.0,3015.0,3055.0,9800
2021/02/08,3035.0,3065.0,3015.0,3065.0,9400
2021/02/09,3065.0,3065.0,3015.0,3030.0,8400
2021/02/10,3015.0,3055.0,3015.0,3020.0,4500
2021/02/12,3065.0,3090.0,3040.0,3050.0,12700
2021/02/15,3045.0,3090.0,3030.0,3065.0,10400
2021/02/16,3055.0,3065.0,3010.0,3050.0,11500
2021/02/17,3045.0,3070.0,3025.0,3025.0,4100
2021/02/18,3035.0,3065.0,3015.0,3025.0,6700
2021/02/19,3020.0,3045.0,3010.0,3025.0,5500
2021/02/22,3020.0,3040.0,3015.0,3015.0,2000
2021/02/24,3005.0,3020.0,2921.0,2932.0,20800
2021/02/25,2950.0,2998.0,2911.0,2988.0,13600
2021/02/26,2950.0,2985.0,2920.0,2948.0,17900
2021/03/01,2952.0,3015.0,2941.0,3015.0,11900
2021/03/02,3015.0,3015.0,2958.0,2958.0,9700
2021/03/03,2980.0,2993.0,2940.0,2993.0,9900
2021/03/04,2999.0,2999.0,2935.0,2962.0,9500
2021/03/05,2973.0,2999.0,2915.0,2999.0,14000
2021/03/08,3000.0,3025.0,2920.0,2947.0,12300
2021/03/09,2947.0,2975.0,2923.0,2973.0,12200
2021/03/10,2957.0,2974.0,2925.0,2974.0,12800
2021/03/11,2953.0,2982.0,2924.0,2924.0,11100
2021/03/12,2924.0,2934.0,2882.0,2930.0,19400
2021/03/15,2930.0,2976.0,2930.0,2976.0,10400
2021/03/16,2978.0,3045.0,2965.0,3020.0,15000
2021/03/17,2950.0,3050.0,2950.0,3045.0,14800
2021/03/18,3040.0,3045.0,2988.0,3030.0,9300
2021/03/19,3025.0,3040.0,3000.0,3035.0,13800
2021/03/22,3030.0,3065.0,2985.0,3060.0,29100
2021/03/23,2991.0,3030.0,2910.0,2920.0,60400
2021/03/24,2905.0,2905.0,2830.0,2838.0,28600
2021/03/25,2890.0,2922.0,2871.0,2905.0,25600
2021/03/26,2929.0,2970.0,2907.0,2939.0,9200
2021/03/29,2940.0,2964.0,2916.0,2964.0,17200
2021/03/30,2918.0,2923.0,2872.0,2895.0,17300
2021/03/31,2895.0,2895.0,2833.0,2834.0,13500
2021/04/01,2857.0,2894.0,2834.0,2883.0,8400
2021/04/02,2923.0,2923.0,2840.0,2889.0,8500
2021/04/05,2919.0,2919.0,2864.0,2895.0,7400
2021/04/06,2890.0,2890.0,2826.0,2841.0,10600
2021/04/07,2830.0,2853.0,2830.0,2847.0,3900
2021/04/08,2847.0,2851.0,2811.0,2811.0,8700
2021/04/09,2813.0,2850.0,2801.0,2805.0,7500
2021/04/12,2813.0,2855.0,2811.0,2855.0,5300
2021/04/13,2862.0,2862.0,2834.0,2834.0,3600
2021/04/14,2834.0,2844.0,2811.0,2836.0,6500
2021/04/15,2836.0,2861.0,2830.0,2852.0,7700
2021/04/16,2844.0,2865.0,2842.0,2849.0,7600
2021/04/19,2849.0,2904.0,2849.0,2899.0,9900
2021/04/20,2892.0,2921.0,2863.0,2906.0,9600
2021/04/21,2859.0,2884.0,2833.0,2851.0,6000
2021/04/22,2851.0,2903.0,2850.0,2883.0,7400
2021/04/23,2883.0,2883.0,2865.0,2865.0,4600
2021/04/26,2875.0,2898.0,2824.0,2851.0,5900
2021/04/27,2851.0,2971.0,2653.0,2679.0,48600
2021/04/28,2678.0,2745.0,2614.0,2614.0,30100
2021/04/30,2641.0,2654.0,2592.0,2611.0,18800
2021/05/06,2648.0,2750.0,2641.0,2743.0,15100
2021/05/07,2777.0,2788.0,2746.0,2783.0,7400
2021/05/10,2814.0,2838.0,2783.0,2838.0,8800
2021/05/11,2836.0,2836.0,2758.0,2763.0,11100
2021/05/12,2749.0,2765.0,2691.0,2691.0,9300
2021/05/13,2656.0,2675.0,2595.0,2595.0,10500
2021/05/14,2600.0,2642.0,2596.0,2601.0,6200
2021/05/17,2602.0,2615.0,2560.0,2581.0,12600
2021/05/18,2575.0,2603.0,2575.0,2596.0,4600
2021/05/19,2596.0,2645.0,2575.0,2645.0,6500
2021/05/20,2633.0,2725.0,2633.0,2725.0,10400
2021/05/21,2751.0,2751.0,2664.0,2664.0,10300
2021/05/24,2688.0,2698.0,2616.0,2685.0,6300
2021/05/25,2685.0,2685.0,2606.0,2608.0,9800
2021/05/26,2594.0,2625.0,2593.0,2623.0,6500
2021/05/27,2614.0,2627.0,2591.0,2591.0,4000
2021/05/28,2621.0,2632.0,2592.0,2632.0,6600
2021/05/31,2615.0,2615.0,2581.0,2593.0,6700
2021/06/01,2593.0,2640.0,2581.0,2640.0,8100
2021/06/02,2632.0,2660.0,2618.0,2623.0,9000
2021/06/03,2623.0,2632.0,2593.0,2620.0,6900
2021/06/04,2619.0,2625.0,2607.0,2607.0,2200
2021/06/07,2617.0,2618.0,2595.0,2595.0,3200
2021/06/08,2591.0,2593.0,2582.0,2584.0,4600
2021/06/09,2578.0,2578.0,2557.0,2557.0,5600
2021/06/10,2557.0,2572.0,2552.0,2568.0,4900
2021/06/11,2578.0,2578.0,2546.0,2546.0,12700
2021/06/14,2550.0,2550.0,2525.0,2534.0,9600
2021/06/15,2531.0,2586.0,2531.0,2581.0,12100
2021/06/16,2591.0,2632.0,2581.0,2606.0,9700
2021/06/17,2600.0,2612.0,2578.0,2602.0,3900
2021/06/18,2609.0,2610.0,2482.0,2482.0,20600
2021/06/21,2495.0,2495.0,2412.0,2422.0,15500
2021/06/22,2490.0,2507.0,2460.0,2507.0,10300
2021/06/23,2481.0,2507.0,2470.0,2507.0,7800
2021/06/24,2451.0,2514.0,2451.0,2504.0,10100
2021/06/25,2547.0,2559.0,2505.0,2534.0,14800
2021/06/28,2534.0,2534.0,2480.0,2511.0,7600
2021/06/29,2505.0,2514.0,2482.0,2491.0,5500
2021/06/30,2497.0,2511.0,2465.0,2465.0,8200
2021/07/01,2471.0,2485.0,2454.0,2485.0,7500
2021/07/02,2502.0,2530.0,2480.0,2520.0,18000
2021/07/05,2583.0,2583.0,2535.0,2575.0,15300
2021/07/06,2562.0,2581.0,2532.0,2541.0,4900
2021/07/07,2522.0,2522.0,2462.0,2462.0,8400
2021/07/08,2463.0,2470.0,2443.0,2443.0,8900
2021/07/09,2431.0,2431.0,2398.0,2406.0,16800
2021/07/12,2448.0,2470.0,2437.0,2450.0,9700
2021/07/13,2454.0,2509.0,2454.0,2509.0,5800
2021/07/14,2511.0,2560.0,2508.0,2560.0,7300
2021/07/15,2536.0,2538.0,2487.0,2490.0,5400
2021/07/16,2499.0,2532.0,2497.0,2532.0,5100
2021/07/19,2495.0,2507.0,2456.0,2464.0,7900
2021/07/20,2450.0,2470.0,2438.0,2449.0,7400
2021/07/21,2496.0,2496.0,2434.0,2447.0,17100
2021/07/26,2462.0,2474.0,2457.0,2459.0,2900
2021/07/27,2460.0,2560.0,2431.0,2442.0,38700
2021/07/28,2439.0,2453.0,2420.0,2441.0,6200
2021/07/29,2444.0,2528.0,2430.0,2528.0,12400
2021/07/30,2500.0,2507.0,2455.0,2455.0,6700
2021/08/02,2498.0,2528.0,2483.0,2528.0,7000
2021/08/03,2524.0,2524.0,2483.0,2493.0,5200
2021/08/04,2485.0,2485.0,2436.0,2438.0,5300
2021/08/05,2438.0,2441.0,2421.0,2421.0,1400
2021/08/06,2443.0,2454.0,2422.0,2423.0,8700
2021/08/10,2445.0,2456.0,2421.0,2441.0,4500
2021/08/11,2441.0,2443.0,2426.0,2436.0,2700
2021/08/12,2455.0,2455.0,2378.0,2378.0,9700
2021/08/13,2378.0,2399.0,2363.0,2363.0,3500
2021/08/16,2350.0,2350.0,2275.0,2281.0,14500
2021/08/17,2285.0,2290.0,2250.0,2250.0,5900
2021/08/18,2250.0,2250.0,2223.0,2224.0,6100
2021/08/19,2224.0,2224.0,2206.0,2206.0,2900
2021/08/20,2206.0,2222.0,2171.0,2171.0,7200
2021/08/23,2160.0,2171.0,2107.0,2112.0,24900
2021/08/24,2151.0,2173.0,2142.0,2169.0,11900
2021/08/25,2192.0,2192.0,2144.0,2145.0,17400
2021/08/26,2175.0,2175.0,2132.0,2139.0,11900
2021/08/27,2165.0,2165.0,2124.0,2135.0,8700
2021/08/30,2135.0,2151.0,2128.0,2135.0,8100
2021/08/31,2134.0,2160.0,2129.0,2160.0,9800
2021/09/01,2348.0,2400.0,2266.0,2336.0,83200
2021/09/02,2336.0,2366.0,2324.0,2342.0,15400
2021/09/03,2350.0,2375.0,2342.0,2361.0,17000
2021/09/06,2393.0,2457.0,2392.0,2442.0,20600
2021/09/07,2445.0,2484.0,2438.0,2450.0,19000
2021/09/08,2455.0,2470.0,2415.0,2438.0,20700
2021/09/09,2438.0,2448.0,2419.0,2444.0,16800
2021/09/10,2431.0,2500.0,2431.0,2500.0,22300
2021/09/13,2545.0,2545.0,2489.0,2520.0,18000
2021/09/14,2500.0,2553.0,2500.0,2553.0,16500
2021/09/15,2502.0,2511.0,2452.0,2459.0,25100
2021/09/16,2459.0,2499.0,2437.0,2499.0,18100
2021/09/17,2491.0,2575.0,2459.0,2511.0,189700
2021/09/21,2461.0,2466.0,2390.0,2391.0,27300
2021/09/22,2380.0,2381.0,2323.0,2336.0,25500
2021/09/24,2375.0,2421.0,2362.0,2421.0,24600
2021/09/27,2421.0,2437.0,2383.0,2383.0,12400
2021/09/28,2398.0,2398.0,2344.0,2380.0,11300
2021/09/29,2335.0,2350.0,2325.0,2338.0,13300
2021/09/30,2333.0,2390.0,2328.0,2378.0,18500
2021/10/01,2378.0,2407.0,2361.0,2375.0,18900
2021/10/04,2375.0,2384.0,2300.0,2306.0,28600
2021/10/05,2299.0,2325.0,2254.0,2310.0,23700
2021/10/06,2310.0,2368.0,2300.0,2309.0,14000
2021/10/07,2309.0,2331.0,2306.0,2309.0,13500
2021/10/08,2339.0,2355.0,2306.0,2309.0,12800
2021/10/11,2309.0,2322.0,2249.0,2264.0,20900
2021/10/12,2244.0,2250.0,2162.0,2169.0,31800
2021/10/13,2155.0,2195.0,2115.0,2195.0,17700
2021/10/14,2195.0,2195.0,2146.0,2154.0,11600
2021/10/15,2154.0,2230.0,2141.0,2227.0,16500
2021/10/18,2227.0,2229.0,2210.0,2220.0,9700
2021/10/19,2205.0,2215.0,2193.0,2214.0,6700
2021/10/20,2228.0,2235.0,2192.0,2208.0,9100
2021/10/21,2219.0,2219.0,2175.0,2177.0,9000
2021/10/22,2175.0,2195.0,2167.0,2194.0,11300
2021/10/25,2181.0,2199.0,2172.0,2181.0,11500
2021/10/26,2191.0,2404.0,2191.0,2279.0,105600
2021/10/27,2329.0,2329.0,2260.0,2319.0,35800
2021/10/28,2329.0,2344.0,2308.0,2318.0,69600
2021/10/29,2318.0,2341.0,2314.0,2329.0,15600
2021/11/01,2355.0,2355.0,2321.0,2355.0,10600
2021/11/02,2340.0,2370.0,2340.0,2353.0,13200
2021/11/04,2376.0,2386.0,2353.0,2381.0,13800
2021/11/05,2381.0,2402.0,2362.0,2392.0,16300
2021/11/08,2420.0,2420.0,2392.0,2403.0,5300
2021/11/09,2408.0,2410.0,2372.0,2384.0,13400
2021/11/10,2349.0,2410.0,2347.0,2399.0,15800
2021/11/11,2399.0,2407.0,2389.0,2403.0,8200
2021/11/12,2417.0,2433.0,2401.0,2426.0,7800
2021/11/15,2426.0,2443.0,2426.0,2438.0,3000
2021/11/16,2438.0,2460.0,2438.0,2439.0,8500
2021/11/17,2459.0,2459.0,2429.0,2450.0,5000
2021/11/18,2464.0,2464.0,2444.0,2460.0,4100
2021/11/19,2466.0,2472.0,2460.0,2463.0,3700
2021/11/22,2463.0,2481.0,2452.0,2468.0,11300
2021/11/24,2470.0,2476.0,2406.0,2476.0,11600
2021/11/25,2486.0,2490.0,2472.0,2477.0,12300
2021/11/26,2477.0,2487.0,2470.0,2473.0,10800
2021/11/29,2470.0,2483.0,2422.0,2422.0,12800
2021/11/30,2422.0,2431.0,2281.0,2281.0,21600
2021/12/01,2233.0,2249.0,2203.0,2233.0,17000
2021/12/02,2238.0,2280.0,2190.0,2233.0,19200
2021/12/03,2283.0,2283.0,2234.0,2277.0,20900
2021/12/06,2279.0,2311.0,2263.0,2283.0,11800
2021/12/07,2285.0,2392.0,2285.0,2392.0,14600
2021/12/08,2392.0,2392.0,2322.0,2330.0,15300
2021/12/09,2330.0,2347.0,2317.0,2338.0,7900
2021/12/10,2338.0,2345.0,2307.0,2316.0,9300
2021/12/13,2317.0,2321.0,2270.0,2286.0,7900
2021/12/14,2278.0,2280.0,2260.0,2268.0,8600
2021/12/15,2281.0,2293.0,2276.0,2276.0,4500
2021/12/16,2279.0,2286.0,2263.0,2285.0,8700
2021/12/17,2287.0,2300.0,2273.0,2287.0,11500
2021/12/20,2293.0,2293.0,2183.0,2183.0,12200
2021/12/21,2183.0,2192.0,2156.0,2175.0,17500
2021/12/22,2159.0,2179.0,2132.0,2133.0,27300
2021/12/23,2153.0,2158.0,2141.0,2158.0,5300
2021/12/24,2184.0,2184.0,2151.0,2156.0,9800
2021/12/27,2156.0,2158.0,2125.0,2136.0,15800
2021/12/28,2136.0,2157.0,2132.0,2150.0,14000
2021/12/29,2150.0,2251.0,2150.0,2251.0,11400
2021/12/30,2233.0,2295.0,2204.0,2282.0,9100
2022/01/04,2382.0,2382.0,2294.0,2321.0,11600
2022/01/05,2340.0,2340.0,2298.0,2324.0,9300
2022/01/06,2293.0,2303.0,2266.0,2268.0,11300
2022/01/07,2318.0,2318.0,2241.0,2252.0,12300
2022/01/11,2252.0,2252.0,2202.0,2208.0,9900
2022/01/12,2202.0,2319.0,2202.0,2315.0,13000
2022/01/13,2293.0,2293.0,2255.0,2274.0,13200
2022/01/14,2290.0,2290.0,2212.0,2223.0,15300
2022/01/17,2214.0,2238.0,2214.0,2238.0,4100
2022/01/18,2232.0,2250.0,2204.0,2208.0,13200
2022/01/19,2193.0,2201.0,2150.0,2150.0,19600
2022/01/20,2168.0,2191.0,2139.0,2173.0,11800
2022/01/21,2150.0,2167.0,2144.0,2167.0,5600
2022/01/24,2154.0,2202.0,2152.0,2192.0,9900
2022/01/25,2208.0,2215.0,2075.0,2123.0,40000
2022/01/26,2146.0,2173.0,2105.0,2136.0,16500
2022/01/27,2122.0,2133.0,2030.0,2030.0,27000
2022/01/28,2100.0,2111.0,2036.0,2111.0,19800
2022/01/31,2111.0,2156.0,2099.0,2144.0,9700
2022/02/01,2176.0,2176.0,2138.0,2160.0,14900
2022/02/02,2170.0,2214.0,2159.0,2214.0,17400
2022/02/03,2213.0,2220.0,2190.0,2197.0,8900
2022/02/04,2195.0,2204.0,2166.0,2198.0,8900
2022/02/07,2174.0,2191.0,2151.0,2163.0,9000
2022/02/08,2212.0,2249.0,2190.0,2249.0,7100
2022/02/09,2248.0,2248.0,2208.0,2208.0,9000
2022/02/10,2226.0,2226.0,2200.0,2211.0,3100
2022/02/14,2191.0,2191.0,2124.0,2174.0,12100
2022/02/15,2162.0,2190.0,2137.0,2138.0,7900
2022/02/16,2186.0,2223.0,2168.0,2223.0,6400
2022/02/17,2220.0,2220.0,2168.0,2169.0,4900
2022/02/18,2155.0,2176.0,2138.0,2173.0,5200
2022/02/21,2163.0,2180.0,2154.0,2180.0,1200
2022/02/22,2143.0,2166.0,2135.0,2140.0,6200
2022/02/24,2135.0,2135.0,2065.0,2100.0,12700
2022/02/25,2128.0,2140.0,2098.0,2138.0,9700
2022/02/28,2150.0,2230.0,2146.0,2213.0,11700
2022/03/01,2213.0,2213.0,2166.0,2171.0,6300
2022/03/02,2199.0,2199.0,2161.0,2171.0,9800
2022/03/03,2225.0,2225.0,2167.0,2177.0,7200
2022/03/04,2177.0,2189.0,2129.0,2129.0,4700
2022/03/07,2109.0,2109.0,2055.0,2087.0,9700
2022/03/08,2072.0,2095.0,2025.0,2037.0,17200
2022/03/09,2047.0,2076.0,2023.0,2023.0,10900
2022/03/10,2068.0,2144.0,2068.0,2119.0,18800
2022/03/11,2083.0,2179.0,2083.0,2179.0,16200
2022/03/14,2203.0,2222.0,2184.0,2194.0,10500
2022/03/15,2181.0,2205.0,2173.0,2199.0,14900
2022/03/16,2200.0,2200.0,2156.0,2175.0,8700
2022/03/17,2181.0,2207.0,2169.0,2188.0,9300
2022/03/18,2160.0,2213.0,2160.0,2213.0,8600
2022/03/22,2204.0,2220.0,2188.0,2220.0,13100
2022/03/23,2224.0,2245.0,2219.0,2241.0,12700
2022/03/24,2229.0,2290.0,2212.0,2290.0,11700
2022/03/25,2298.0,2298.0,2245.0,2273.0,9700
2022/03/28,2289.0,2291.0,2255.0,2284.0,8300
2022/03/29,2280.0,2286.0,2263.0,2285.0,9400
2022/03/30,2265.0,2277.0,2231.0,2277.0,11100
2022/03/31,2276.0,2290.0,2231.0,2231.0,9700
2022/04/01,2210.0,2268.0,2185.0,2268.0,10000
2022/04/04,2265.0,2272.0,2231.0,2246.0,8500
2022/04/05,2277.0,2300.0,2275.0,2283.0,11800
2022/04/06,2270.0,2270.0,2195.0,2203.0,9700
2022/04/07,2192.0,2192.0,2122.0,2140.0,8800
2022/04/08,2140.0,2183.0,2124.0,2137.0,9400
2022/04/11,2124.0,2170.0,2124.0,2141.0,9200
2022/04/12,2123.0,2147.0,2118.0,2129.0,8900
2022/04/13,2107.0,2160.0,2107.0,2145.0,10200
2022/04/14,2145.0,2208.0,2145.0,2208.0,5300
2022/04/15,2180.0,2185.0,2154.0,2184.0,6600
2022/04/18,2164.0,2164.0,2118.0,2132.0,8200
2022/04/19,2140.0,2180.0,2140.0,2168.0,9700
2022/04/20,2166.0,2198.0,2166.0,2198.0,4000
2022/04/21,2200.0,2200.0,2147.0,2158.0,7000
2022/04/22,2156.0,2181.0,2123.0,2165.0,8900
2022/04/25,2144.0,2144.0,2126.0,2139.0,7500
2022/04/26,2143.0,2143.0,2106.0,2115.0,6300
2022/04/27,2090.0,2161.0,2065.0,2161.0,23500
2022/04/28,2148.0,2187.0,2133.0,2164.0,5200
2022/05/02,2192.0,2209.0,2143.0,2209.0,17600
2022/05/06,2222.0,2222.0,2187.0,2212.0,5700
2022/05/09,2184.0,2193.0,2147.0,2147.0,7300
2022/05/10,2139.0,2176.0,2120.0,2162.0,8800
2022/05/11,2143.0,2154.0,2128.0,2128.0,1900
2022/05/12,2128.0,2144.0,2106.0,2136.0,6900
2022/05/13,2121.0,2198.0,2121.0,2198.0,8800
2022/05/16,2200.0,2219.0,2162.0,2174.0,7000
2022/05/17,2174.0,2210.0,2159.0,2187.0,7300
2022/05/18,2171.0,2183.0,2151.0,2163.0,6000
2022/05/19,2150.0,2150.0,2108.0,2108.0,9300
2022/05/20,2099.0,2172.0,2099.0,2147.0,7700
2022/05/23,2148.0,2199.0,2148.0,2188.0,4200
2022/05/24,2178.0,2181.0,2126.0,2140.0,8000
2022/05/25,2174.0,2174.0,2137.0,2151.0,6300
2022/05/26,2173.0,2186.0,2153.0,2186.0,5200
2022/05/27,2185.0,2186.0,2154.0,2165.0,4500
2022/05/30,2174.0,2189.0,2138.0,2176.0,27200
2022/05/31,2164.0,2190.0,2161.0,2177.0,5500
2022/06/01,2180.0,2198.0,2153.0,2163.0,19400
2022/06/02,2168.0,2168.0,2115.0,2124.0,18100
2022/06/03,2149.0,2150.0,2085.0,2122.0,35500
2022/06/06,2128.0,2154.0,2122.0,2154.0,10200
2022/06/07,2166.0,2182.0,2149.0,2154.0,11100
2022/06/08,2160.0,2179.0,2160.0,2179.0,6700
2022/06/09,2153.0,2183.0,2153.0,2175.0,8800
2022/06/10,2198.0,2200.0,2160.0,2164.0,11700
2022/06/13,2130.0,2136.0,2119.0,2130.0,7100
2022/06/14,2121.0,2153.0,2102.0,2153.0,7100
2022/06/15,2132.0,2153.0,2091.0,2091.0,14000
2022/06/16,2115.0,2120.0,2092.0,2107.0,7700
2022/06/17,2088.0,2096.0,2065.0,2074.0,11300
2022/06/20,2075.0,2077.0,2019.0,2037.0,7900
2022/06/21,2046.0,2080.0,2046.0,2069.0,7200
2022/06/22,2088.0,2090.0,2051.0,2090.0,6900
2022/06/23,2094.0,2097.0,2060.0,2072.0,6800
2022/06/24,2112.0,2112.0,2063.0,2087.0,12900
2022/06/27,2087.0,2091.0,2075.0,2081.0,3400
2022/06/28,2080.0,2093.0,2069.0,2090.0,3600
2022/06/29,2060.0,2166.0,2060.0,2166.0,17600
2022/06/30,2139.0,2159.0,2085.0,2085.0,12300
2022/07/01,2100.0,2106.0,2072.0,2105.0,15200
2022/07/04,2147.0,2157.0,2115.0,2157.0,24900
2022/07/05,2187.0,2200.0,2132.0,2141.0,24200
2022/07/06,2121.0,2121.0,2097.0,2097.0,5500
2022/07/07,2115.0,2136.0,2091.0,2132.0,9200
2022/07/08,2133.0,2165.0,2108.0,2123.0,19600
2022/07/11,2124.0,2159.0,2124.0,2147.0,9100
2022/07/12,2126.0,2126.0,2109.0,2112.0,8200
2022/07/13,2113.0,2128.0,2111.0,2118.0,3000
2022/07/14,2127.0,2134.0,2105.0,2128.0,3100
2022/07/15,2128.0,2128.0,2108.0,2120.0,2700
2022/07/19,2135.0,2140.0,2117.0,2140.0,2100
2022/07/20,2159.0,2180.0,2150.0,2180.0,11100
2022/07/21,2173.0,2199.0,2173.0,2199.0,6500
2022/07/22,2199.0,2280.0,2183.0,2230.0,17600
2022/07/25,2318.0,2318.0,2191.0,2205.0,19100
2022/07/26,2220.0,2389.0,2220.0,2351.0,146900
2022/07/27,2391.0,2391.0,2246.0,2260.0,51500
2022/07/28,2261.0,2277.0,2170.0,2180.0,58300
2022/07/29,2186.0,2215.0,2170.0,2205.0,15200
2022/08/01,2208.0,2263.0,2201.0,2250.0,16500
2022/08/02,2245.0,2263.0,2213.0,2239.0,10800
2022/08/03,2244.0,2244.0,2211.0,2223.0,15100
2022/08/04,2228.0,2262.0,2223.0,2239.0,10500
2022/08/05,2240.0,2286.0,2233.0,2284.0,14900
2022/08/08,2276.0,2344.0,2273.0,2317.0,15700
2022/08/09,2292.0,2324.0,2249.0,2254.0,14300
2022/08/10,2251.0,2264.0,2222.0,2259.0,7400
2022/08/12,2275.0,2319.0,2268.0,2319.0,11600
2022/08/15,2327.0,2337.0,2317.0,2335.0,7600
2022/08/16,2333.0,2333.0,2292.0,2300.0,9000
2022/08/17,2301.0,2345.0,2300.0,2326.0,9700
2022/08/18,2315.0,2348.0,2307.0,2348.0,8400
2022/08/19,2349.0,2398.0,2349.0,2393.0,21700
2022/08/22,2392.0,2433.0,2367.0,2427.0,12100
2022/08/23,2410.0,2520.0,2400.0,2481.0,30900
2022/08/24,2481.0,2560.0,2481.0,2514.0,31900
2022/08/25,2529.0,2589.0,2527.0,2577.0,27200
2022/08/26,2577.0,2578.0,2535.0,2555.0,13200
2022/08/29,2493.0,2541.0,2493.0,2540.0,10300
2022/08/30,2563.0,2563.0,2512.0,2545.0,5200
2022/08/31,2545.0,2545.0,2465.0,2465.0,7900
2022/09/01,2462.0,2492.0,2441.0,2480.0,20900
2022/09/02,2481.0,2490.0,2446.0,2462.0,10800
2022/09/05,2462.0,2462.0,2405.0,2415.0,13100
2022/09/06,2415.0,2430.0,2390.0,2407.0,10300
2022/09/07,2409.0,2463.0,2375.0,2438.0,15900
2022/09/08,2439.0,2507.0,2439.0,2493.0,11700
2022/09/09,2493.0,2508.0,2481.0,2494.0,10500
2022/09/12,2534.0,2537.0,2482.0,2482.0,5700
2022/09/13,2470.0,2483.0,2459.0,2479.0,5900
2022/09/14,2455.0,2464.0,2429.0,2459.0,5500
2022/09/15,2484.0,2484.0,2426.0,2431.0,7300
2022/09/16,2431.0,2441.0,2405.0,2408.0,16500
2022/09/20,2407.0,2491.0,2407.0,2440.0,4300
2022/09/21,2422.0,2423.0,2390.0,2390.0,14700
2022/09/22,2373.0,2422.0,2362.0,2418.0,13900
2022/09/26,2375.0,2375.0,2319.0,2323.0,14300
2022/09/27,2347.0,2352.0,2322.0,2339.0,7200
2022/09/28,2310.0,2327.0,2258.0,2323.0,17600
2022/09/29,2338.0,2409.0,2338.0,2351.0,19600
2022/09/30,2338.0,2385.0,2309.0,2330.0,14100
2022/10/03,2330.0,2364.0,2305.0,2322.0,12500
2022/10/04,2368.0,2379.0,2334.0,2350.0,13500
2022/10/05,2367.0,2387.0,2347.0,2347.0,9700
2022/10/06,2332.0,2447.0,2332.0,2440.0,12400
2022/10/07,2404.0,2472.0,2393.0,2429.0,15500
2022/10/11,2407.0,2457.0,2382.0,2405.0,14100
2022/10/12,2406.0,2415.0,2386.0,2406.0,12400
2022/10/13,2392.0,2424.0,2392.0,2408.0,5300
2022/10/14,2439.0,2475.0,2417.0,2449.0,10500
2022/10/17,2449.0,2505.0,2435.0,2498.0,13200
2022/10/18,2510.0,2537.0,2499.0,2527.0,9100
2022/10/19,2527.0,2639.0,2527.0,2610.0,32400
2022/10/20,2587.0,2587.0,2525.0,2533.0,15800
2022/10/21,2539.0,2592.0,2539.0,2582.0,16100
2022/10/24,2622.0,2666.0,2622.0,2650.0,28200
2022/10/25,2660.0,2857.0,2611.0,2707.0,383200
2022/10/26,2719.0,2784.0,2660.0,2743.0,87300
2022/10/27,2743.0,2760.0,2684.0,2697.0,26300
2022/10/28,2680.0,2686.0,2579.0,2581.0,52300
2022/10/31,2617.0,2681.0,2617.0,2651.0,17900
2022/11/01,2651.0,2704.0,2632.0,2703.0,15000
2022/11/02,2691.0,2691.0,2641.0,2641.0,15200
2022/11/04,2640.0,2649.0,2584.0,2584.0,25800
2022/11/07,2584.0,2633.0,2569.0,2620.0,7600
2022/11/08,2620.0,2667.0,2617.0,2662.0,8100
2022/11/09,2666.0,2700.0,2662.0,2679.0,12500
2022/11/10,2647.0,2718.0,2570.0,2679.0,17800
2022/11/11,2719.0,2726.0,2603.0,2618.0,14400
2022/11/14,2602.0,2654.0,2601.0,2619.0,14100
2022/11/15,2600.0,2685.0,2580.0,2682.0,18600
2022/11/16,2683.0,2708.0,2666.0,2686.0,8700
2022/11/17,2658.0,2666.0,2613.0,2627.0,11300
2022/11/18,2641.0,2681.0,2618.0,2667.0,10400
2022/11/21,2686.0,2715.0,2660.0,2715.0,8600
2022/11/22,2724.0,2740.0,2682.0,2695.0,18300
2022/11/24,2719.0,2778.0,2715.0,2773.0,20400
2022/11/25,2754.0,2797.0,2716.0,2769.0,18400
2022/11/28,2749.0,2755.0,2691.0,2696.0,14000
2022/11/29,2685.0,2689.0,2651.0,2672.0,13100
2022/11/30,2672.0,2672.0,2634.0,2639.0,11300
2022/12/01,2648.0,2648.0,2581.0,2590.0,19800
2022/12/02,2580.0,2580.0,2482.0,2490.0,41700
2022/12/05,2482.0,2498.0,2431.0,2439.0,14300
2022/12/06,2431.0,2445.0,2382.0,2395.0,34700
2022/12/07,2393.0,2410.0,2377.0,2386.0,31500
2022/12/08,2377.0,2377.0,2318.0,2330.0,35100
2022/12/09,2351.0,2365.0,2333.0,2349.0,18800
2022/12/12,2349.0,2375.0,2339.0,2360.0,16700
2022/12/13,2360.0,2385.0,2360.0,2384.0,23300
2022/12/14,2384.0,2400.0,2362.0,2376.0,23400
2022/12/15,2376.0,2403.0,2376.0,2403.0,9800
2022/12/16,2365.0,2384.0,2338.0,2354.0,23600
2022/12/19,2354.0,2393.0,2346.0,2372.0,15000
2022/12/20,2370.0,2383.0,2306.0,2336.0,25500
2022/12/21,2311.0,2345.0,2283.0,2283.0,25600
2022/12/22,2303.0,2306.0,2274.0,2288.0,27600
2022/12/23,2288.0,2288.0,2244.0,2255.0,14200
2022/12/26,2241.0,2258.0,2220.0,2255.0,14100
2022/12/27,2282.0,2291.0,2276.0,2285.0,7900
2022/12/28,2285.0,2301.0,2256.0,2301.0,15700
2022/12/29,2282.0,2287.0,2236.0,2287.0,10800
2022/12/30,2301.0,2335.0,2300.0,2311.0,10300
2023/01/04,2301.0,2301.0,2270.0,2273.0,11400
2023/01/05,2250.0,2279.0,2234.0,2242.0,19000
2023/01/06,2232.0,2306.0,2230.0,2306.0,12600
2023/01/10,2311.0,2334.0,2305.0,2306.0,13000
2023/01/11,2306.0,2350.0,2306.0,2350.0,3200
2023/01/12,2363.0,2363.0,2307.0,2307.0,17200
2023/01/13,2300.0,2332.0,2290.0,2328.0,12000
2023/01/16,2320.0,2320.0,2287.0,2295.0,15200
2023/01/17,2316.0,2343.0,2312.0,2334.0,13800
2023/01/18,2354.0,2380.0,2334.0,2362.0,13400
2023/01/19,2334.0,2360.0,2334.0,2343.0,7400
2023/01/20,2354.0,2397.0,2354.0,2389.0,12400
2023/01/23,2400.0,2410.0,2382.0,2385.0,18700
2023/01/24,2390.0,2449.0,2390.0,2445.0,31900
2023/01/25,2444.0,2465.0,2431.0,2456.0,17900
2023/01/26,2473.0,2473.0,2430.0,2457.0,25600
2023/01/27,2507.0,2509.0,2306.0,2319.0,160800
2023/01/30,2330.0,2349.0,2302.0,2310.0,56800
2023/01/31,2315.0,2350.0,2302.0,2344.0,24200
2023/02/01,2348.0,2355.0,2330.0,2335.0,20500
2023/02/02,2337.0,2337.0,2315.0,2326.0,13600
2023/02/03,2327.0,2345.0,2320.0,2341.0,12900
2023/02/06,2353.0,2389.0,2352.0,2364.0,23000
2023/02/07,2367.0,2384.0,2354.0,2377.0,18000
2023/02/08,2387.0,2398.0,2348.0,2365.0,9500
2023/02/09,2360.0,2382.0,2354.0,2365.0,5800
2023/02/10,2350.0,2380.0,2350.0,2366.0,10400
2023/02/13,2378.0,2381.0,2352.0,2373.0,14900
2023/02/14,2423.0,2469.0,2400.0,2465.0,39500
2023/02/15,2486.0,2490.0,2469.0,2479.0,18800
2023/02/16,2474.0,2497.0,2474.0,2493.0,17100
2023/02/17,2475.0,2497.0,2465.0,2497.0,14100
2023/02/20,2499.0,2510.0,2486.0,2500.0,19800
2023/02/21,2503.0,2552.0,2500.0,2536.0,29200
2023/02/22,2517.0,2583.0,2516.0,2562.0,29900
2023/02/24,2575.0,2605.0,2554.0,2605.0,28100
2023/02/27,2612.0,2613.0,2561.0,2586.0,29700
2023/02/28,2587.0,2601.0,2555.0,2562.0,18000
2023/03/01,2562.0,2583.0,2548.0,2565.0,21400
2023/03/02,2570.0,2570.0,2516.0,2519.0,31600
2023/03/03,2525.0,2582.0,2521.0,2578.0,36000
2023/03/06,2600.0,2600.0,2568.0,2589.0,21400
2023/03/07,2587.0,2587.0,2565.0,2575.0,14800
2023/03/08,2556.0,2600.0,2550.0,2593.0,27100
2023/03/09,2607.0,2620.0,2588.0,2599.0,18700
2023/03/10,2565.0,2578.0,2540.0,2550.0,31400
2023/03/13,2503.0,2525.0,2483.0,2515.0,31700
2023/03/14,2465.0,2488.0,2423.0,2434.0,34800
2023/03/15,2500.0,2516.0,2470.0,2496.0,25400
2023/03/16,2458.0,2458.0,2417.0,2442.0,29000
2023/03/17,2451.0,2468.0,2420.0,2445.0,20800
2023/03/20,2426.0,2441.0,2405.0,2406.0,12100
2023/03/22,2449.0,2467.0,2436.0,2449.0,11600
2023/03/23,2440.0,2468.0,2422.0,2468.0,19000
2023/03/24,2429.0,2472.0,2429.0,2458.0,19400
2023/03/27,2466.0,2479.0,2458.0,2469.0,12000
2023/03/28,2470.0,2485.0,2453.0,2470.0,16500
2023/03/29,2488.0,2514.0,2479.0,2510.0,39700
2023/03/30,2460.0,2465.0,2429.0,2455.0,21500
2023/03/31,2455.0,2484.0,2452.0,2462.0,22800
2023/04/03,2480.0,2498.0,2450.0,2498.0,17100
2023/04/04,2494.0,2504.0,2477.0,2496.0,25000
2023/04/05,2470.0,2470.0,2427.0,2441.0,21700
2023/04/06,2420.0,2424.0,2404.0,2409.0,20300
2023/04/07,2432.0,2434.0,2410.0,2421.0,10000
2023/04/10,2425.0,2471.0,2421.0,2471.0,19800
2023/04/11,2475.0,2528.0,2475.0,2528.0,29900
2023/04/12,2529.0,2574.0,2515.0,2568.0,25500
2023/04/13,2566.0,2567.0,2545.0,2560.0,17800
2023/04/14,2560.0,2560.0,2544.0,2552.0,14200
2023/04/17,2552.0,2552.0,2510.0,2535.0,10100
2023/04/18,2557.0,2569.0,2534.0,2559.0,8900
2023/04/19,2545.0,2548.0,2527.0,2548.0,4100
2023/04/20,2548.0,2566.0,2548.0,2557.0,9200
2023/04/21,2543.0,2582.0,2543.0,2555.0,17400
2023/04/24,2541.0,2541.0,2506.0,2510.0,16900
2023/04/25,2510.0,2542.0,2499.0,2505.0,23700
2023/04/26,2492.0,2492.0,2443.0,2443.0,15900
2023/04/27,2454.0,2493.0,2452.0,2467.0,13700
2023/04/28,2487.0,2520.0,2372.0,2423.0,55300
2023/05/01,2406.0,2426.0,2387.0,2422.0,23900
2023/05/02,2426.0,2465.0,2420.0,2450.0,31400
2023/05/08,2460.0,2492.0,2437.0,2490.0,16700
2023/05/09,2495.0,2497.0,2465.0,2465.0,11100
2023/05/10,2456.0,2459.0,2397.0,2408.0,25000
2023/05/11,2407.0,2407.0,2380.0,2383.0,12300
2023/05/12,2369.0,2389.0,2360.0,2378.0,10600
2023/05/15,2380.0,2403.0,2380.0,2403.0,8800
2023/05/16,2384.0,2387.0,2369.0,2384.0,11600
2023/05/17,2373.0,2392.0,2370.0,2378.0,8600
2023/05/18,2387.0,2412.0,2383.0,2392.0,13300
2023/05/19,2385.0,2454.0,2385.0,2449.0,19600
2023/05/22,2452.0,2452.0,2439.0,2447.0,6400
2023/05/23,2436.0,2460.0,2382.0,2405.0,17400
2023/05/24,2396.0,2415.0,2393.0,2405.0,9300
2023/05/25,2428.0,2429.0,2392.0,2408.0,14100
2023/05/26,2394.0,2413.0,2337.0,2345.0,25500
2023/05/29,2382.0,2382.0,2331.0,2358.0,39400
2023/05/30,2367.0,2378.0,2335.0,2337.0,12400
2023/05/31,2331.0,2336.0,2277.0,2281.0,27500
2023/06/01,2281.0,2321.0,2281.0,2288.0,14100
2023/06/02,2283.0,2330.0,2283.0,2318.0,13800
2023/06/05,2368.0,2368.0,2327.0,2333.0,20700
2023/06/06,2327.0,2327.0,2265.0,2307.0,32100
2023/06/07,2315.0,2335.0,2305.0,2314.0,22400
2023/06/08,2315.0,2331.0,2291.0,2300.0,16400
2023/06/09,2312.0,2337.0,2292.0,2330.0,15700
2023/06/12,2318.0,2365.0,2318.0,2349.0,10200
2023/06/13,2359.0,2360.0,2332.0,2346.0,12700
2023/06/14,2346.0,2356.0,2334.0,2345.0,10900
2023/06/15,2345.0,2355.0,2315.0,2321.0,23700
2023/06/16,2320.0,2330.0,2302.0,2324.0,21400
2023/06/19,2338.0,2354.0,2331.0,2338.0,8000
2023/06/20,2321.0,2340.0,2320.0,2340.0,9600
2023/06/21,2348.0,2363.0,2339.0,2358.0,13200
2023/06/22,2351.0,2361.0,2332.0,2352.0,14400
2023/06/23,2402.0,2402.0,2349.0,2361.0,29200
2023/06/26,2361.0,2378.0,2348.0,2361.0,13800
2023/06/27,2348.0,2351.0,2325.0,2347.0,19900
2023/06/28,2350.0,2410.0,2350.0,2408.0,19600
2023/06/29,2400.0,2422.0,2380.0,2392.0,21300
2023/06/30,2398.0,2428.0,2379.0,2412.0,24200
2023/07/03,2462.0,2482.0,2457.0,2480.0,26700
2023/07/04,2479.0,2502.0,2470.0,2491.0,28200
2023/07/05,2491.0,2517.0,2473.0,2514.0,18800
2023/07/06,2514.0,2522.0,2500.0,2505.0,17300
2023/07/07,2547.0,2556.0,2503.0,2543.0,38800
2023/07/10,2543.0,2543.0,2475.0,2482.0,17800
2023/07/11,2483.0,2514.0,2452.0,2452.0,11600
2023/07/12,2452.0,2456.0,2410.0,2440.0,12100
2023/07/13,2420.0,2457.0,2412.0,2447.0,7100
2023/07/14,2450.0,2473.0,2432.0,2456.0,9500
2023/07/18,2506.0,2506.0,2452.0,2495.0,8600
2023/07/19,2505.0,2506.0,2458.0,2500.0,7500
2023/07/20,2513.0,2513.0,2453.0,2465.0,7400
2023/07/21,2466.0,2506.0,2466.0,2505.0,8700
2023/07/24,2506.0,2523.0,2480.0,2522.0,17400
2023/07/25,2544.0,2549.0,2490.0,2516.0,22300
2023/07/26,2486.0,2491.0,2343.0,2478.0,205200
2023/07/27,2523.0,2626.0,2453.0,2568.0,89300
2023/07/28,2577.0,2626.0,2550.0,2570.0,35700
2023/07/31,2590.0,2669.0,2575.0,2667.0,35000
2023/08/01,2650.0,2674.0,2610.0,2647.0,26900
2023/08/02,2612.0,2681.0,2606.0,2623.0,31300
2023/08/03,2600.0,2600.0,2528.0,2537.0,22200
2023/08/04,2522.0,2543.0,2504.0,2507.0,10800
2023/08/07,2512.0,2518.0,2499.0,2507.0,7700
2023/08/08,2507.0,2518.0,2494.0,2505.0,9400
2023/08/09,2505.0,2505.0,2480.0,2485.0,5600
2023/08/10,2471.0,2504.0,2461.0,2498.0,11700
2023/08/14,2516.0,2516.0,2453.0,2457.0,14200
2023/08/15,2479.0,2490.0,2453.0,2478.0,11800
2023/08/16,2478.0,2483.0,2457.0,2479.0,9400
2023/08/17,2466.0,2485.0,2442.0,2482.0,17100
2023/08/18,2459.0,2459.0,2402.0,2429.0,23300
2023/08/21,2429.0,2455.0,2425.0,2425.0,15500
2023/08/22,2441.0,2443.0,2413.0,2421.0,12600
2023/08/23,2412.0,2454.0,2410.0,2445.0,5800
2023/08/24,2437.0,2486.0,2437.0,2478.0,15900
2023/08/25,2461.0,2470.0,2451.0,2453.0,8400
2023/08/28,2458.0,2481.0,2457.0,2481.0,3300
2023/08/29,2499.0,2522.0,2465.0,2514.0,7200
2023/08/30,2520.0,2542.0,2513.0,2525.0,10800
2023/08/31,2547.0,2547.0,2504.0,2535.0,5300
2023/09/01,2535.0,2563.0,2535.0,2547.0,8300
2023/09/04,2557.0,2575.0,2547.0,2560.0,10500
2023/09/05,2579.0,2584.0,2545.0,2574.0,14600
2023/09/06,2574.0,2600.0,2556.0,2577.0,12800
2023/09/07,2556.0,2574.0,2552.0,2566.0,10300
2023/09/08,2529.0,2541.0,2490.0,2509.0,21600
2023/09/11,2536.0,2585.0,2536.0,2572.0,19200
2023/09/12,2572.0,2590.0,2554.0,2564.0,4700
2023/09/13,2554.0,2555.0,2529.0,2539.0,7700
2023/09/14,2542.0,2577.0,2541.0,2569.0,8700
2023/09/15,2578.0,2595.0,2555.0,2563.0,13100
2023/09/19,2563.0,2566.0,2527.0,2546.0,15700
2023/09/20,2536.0,2550.0,2527.0,2534.0,8600
2023/09/21,2535.0,2539.0,2516.0,2520.0,11400
2023/09/22,2514.0,2544.0,2501.0,2529.0,9500
2023/09/25,2569.0,2569.0,2523.0,2560.0,11100
2023/09/26,2551.0,2551.0,2518.0,2527.0,6200
2023/09/27,2528.0,2562.0,2503.0,2562.0,9300
2023/09/28,2511.0,2520.0,2502.0,2511.0,11500
2023/09/29,2526.0,2526.0,2470.0,2471.0,13100
2023/10/02,2491.0,2514.0,2448.0,2452.0,14800
2023/10/03,2457.0,2460.0,2420.0,2420.0,10700
2023/10/04,2366.0,2387.0,2341.0,2341.0,17500
2023/10/05,2357.0,2383.0,2344.0,2383.0,23900
2023/10/06,2383.0,2407.0,2380.0,2393.0,9200
2023/10/10,2420.0,2444.0,2420.0,2437.0,7700
2023/10/11,2443.0,2443.0,2414.0,2431.0,7000
2023/10/12,2431.0,2468.0,2412.0,2463.0,9200
2023/10/13,2456.0,2456.0,2424.0,2430.0,7400
2023/10/16,2430.0,2430.0,2382.0,2396.0,7500
2023/10/17,2391.0,2414.0,2389.0,2408.0,5100
2023/10/18,2417.0,2438.0,2380.0,2394.0,11700
2023/10/19,2390.0,2393.0,2350.0,2361.0,6900
2023/10/20,2335.0,2358.0,2330.0,2344.0,10100
2023/10/23,2355.0,2374.0,2331.0,2333.0,8800
2023/10/24,2341.0,2342.0,2269.0,2330.0,22600
2023/10/25,2353.0,2451.0,2228.0,2352.0,121600
2023/10/26,2400.0,2453.0,2373.0,2415.0,36300
2023/10/27,2415.0,2429.0,2377.0,2429.0,22200
2023/10/30,2428.0,2440.0,2381.0,2406.0,50400
2023/10/31,2425.0,2441.0,2373.0,2441.0,18700
2023/11/01,2469.0,2490.0,2467.0,2475.0,17600
2023/11/02,2489.0,2489.0,2437.0,2468.0,10500
2023/11/06,2515.0,2533.0,2491.0,2521.0,18800
2023/11/07,2535.0,2543.0,2526.0,2534.0,7100
2023/11/08,2533.0,2533.0,2465.0,2465.0,6100
2023/11/09,2452.0,2490.0,2452.0,2490.0,5800
2023/11/10,2443.0,2484.0,2443.0,2484.0,4400
2023/11/13,2499.0,2499.0,2428.0,2428.0,4800
2023/11/14,2430.0,2498.0,2430.0,2482.0,3700
2023/11/15,2482.0,2498.0,2471.0,2471.0,3100
2023/11/16,2454.0,2468.0,2439.0,2439.0,5300
2023/11/17,2432.0,2465.0,2426.0,2465.0,3700
2023/11/20,2459.0,2469.0,2421.0,2421.0,4300
2023/11/21,2449.0,2455.0,2436.0,2454.0,3300
2023/11/22,2435.0,2462.0,2431.0,2447.0,2000
2023/11/24,2454.0,2454.0,2394.0,2413.0,14000
2023/11/27,2413.0,2437.0,2412.0,2431.0,5500
2023/11/28,2439.0,2496.0,2412.0,2485.0,17500
2023/11/29,2484.0,2496.0,2471.0,2490.0,4700
2023/11/30,2499.0,2534.0,2499.0,2516.0,9100
2023/12/01,2566.0,2566.0,2501.0,2523.0,11400
2023/12/04,2549.0,2585.0,2507.0,2568.0,16400
2023/12/05,2577.0,2577.0,2550.0,2553.0,12100
2023/12/06,2540.0,2553.0,2530.0,2549.0,4500
2023/12/07,2530.0,2551.0,2505.0,2505.0,7400
2023/12/08,2491.0,2512.0,2436.0,2443.0,10000
2023/12/11,2443.0,2500.0,2443.0,2500.0,11000
2023/12/12,2500.0,2520.0,2487.0,2520.0,3200
2023/12/13,2542.0,2542.0,2503.0,2506.0,2900
2023/12/14,2506.0,2512.0,2469.0,2499.0,7800
2023/12/15,2517.0,2517.0,2454.0,2496.0,5600
2023/12/18,2499.0,2499.0,2435.0,2469.0,4200
2023/12/19,2515.0,2515.0,2461.0,2502.0,7400
2023/12/20,2502.0,2513.0,2486.0,2512.0,6800
2023/12/21,2511.0,2515.0,2494.0,2502.0,3300
2023/12/22,2501.0,2510.0,2484.0,2510.0,8500
2023/12/25,2560.0,2560.0,2500.0,2530.0,12200
2023/12/26,2509.0,2543.0,2498.0,2514.0,11700
2023/12/27,2495.0,2519.0,2495.0,2519.0,7000
2023/12/28,2534.0,2555.0,2523.0,2555.0,7500
2023/12/29,2559.0,2568.0,2554.0,2562.0,7400
2024/01/04,2563.0,2580.0,2543.0,2580.0,7600
2024/01/05,2595.0,2597.0,2568.0,2577.0,5000
2024/01/09,2574.0,2575.0,2544.0,2575.0,7800
2024/01/10,2575.0,2595.0,2575.0,2584.0,6700
2024/01/11,2584.0,2640.0,2584.0,2627.0,8600
2024/01/12,2620.0,2633.0,2539.0,2572.0,9300
2024/01/15,2583.0,2619.0,2574.0,2597.0,6400
2024/01/16,2605.0,2605.0,2568.0,2568.0,2800
2024/01/17,2566.0,2599.0,2535.0,2535.0,3700
2024/01/18,2535.0,2553.0,2528.0,2552.0,2700
2024/01/19,2554.0,2568.0,2553.0,2558.0,3100
2024/01/22,2550.0,2571.0,2550.0,2565.0,2500
2024/01/23,2578.0,2588.0,2556.0,2568.0,2200
2024/01/24,2559.0,2559.0,2521.0,2548.0,7600
2024/01/25,2554.0,2575.0,2554.0,2556.0,9900
2024/01/26,2560.0,2560.0,2501.0,2508.0,6800
2024/01/29,2536.0,2547.0,2510.0,2547.0,5000
2024/01/30,2546.0,2582.0,2358.0,2434.0,40700
2024/01/31,2449.0,2534.0,2449.0,2511.0,21100
2024/02/01,2510.0,2528.0,2471.0,2528.0,10000
2024/02/02,2506.0,2528.0,2477.0,2496.0,13400
2024/02/05,2539.0,2539.0,2498.0,2513.0,8700
2024/02/06,2491.0,2515.0,2481.0,2482.0,10500
2024/02/07,2482.0,2509.0,2482.0,2500.0,4300
2024/02/08,2493.0,2509.0,2457.0,2489.0,8300
2024/02/09,2489.0,2489.0,2470.0,2476.0,4600
2024/02/13,2473.0,2496.0,2451.0,2472.0,10100
2024/02/14,2472.0,2477.0,2408.0,2414.0,13700
2024/02/15,2415.0,2429.0,2402.0,2422.0,5800
2024/02/16,2422.0,2450.0,2422.0,2435.0,8600
2024/02/19,2458.0,2458.0,2426.0,2443.0,5600
2024/02/20,2465.0,2474.0,2437.0,2437.0,7900
2024/02/21,2451.0,2494.0,2444.0,2494.0,6300
2024/02/22,2508.0,2508.0,2480.0,2496.0,7400
2024/02/26,2493.0,2509.0,2482.0,2486.0,7500
2024/02/27,2480.0,2509.0,2473.0,2488.0,7900
2024/02/28,2506.0,2529.0,2486.0,2514.0,13200
2024/02/29,2494.0,2528.0,2491.0,2513.0,5500
2024/03/01,2502.0,2528.0,2501.0,2528.0,4300
2024/03/04,2514.0,2514.0,2455.0,2455.0,9000
2024/03/05,2467.0,2495.0,2467.0,2482.0,6800
2024/03/06,2484.0,2516.0,2484.0,2493.0,6000
2024/03/07,2519.0,2529.0,2496.0,2518.0,7200
2024/03/08,2518.0,2559.0,2518.0,2559.0,10000
2024/03/11,2545.0,2545.0,2491.0,2535.0,8900
2024/03/12,2535.0,2570.0,2508.0,2570.0,5300
2024/03/13,2560.0,2592.0,2550.0,2590.0,8800
2024/03/14,2599.0,2644.0,2561.0,2644.0,13100
2024/03/15,2643.0,2668.0,2643.0,2652.0,8700
2024/03/18,2700.0,2803.0,2650.0,2702.0,40900
2024/03/19,2702.0,2702.0,2662.0,2682.0,8700
2024/03/21,2702.0,2719.0,2688.0,2710.0,6700
2024/03/22,2710.0,2710.0,2638.0,2693.0,10600
2024/03/25,2709.0,2739.0,2696.0,2713.0,16600
2024/03/26,2684.0,2750.0,2682.0,2685.0,13400
2024/03/28,2704,2705,2598,2606,13300
2024/03/29,2600,2619,2566,2619,7200
2024/04/01,2612,2612,2565,2568,4500
2024/04/02,2577,2577,2503,2519,9400
2024/04/03,2521,2544,2484,2544,8400
2024/04/04,2533,2567,2527,2527,6100
