date,open,high,low,close,volume
2014/03/26,812.0,820.0,812.0,817.0,68400
2014/03/27,800.0,825.0,800.0,825.0,73600
2014/03/28,813.0,825.0,813.0,823.0,57800
2014/03/31,826.0,827.0,812.0,821.0,35500
2014/04/01,828.0,847.0,827.0,845.0,103800
2014/04/02,850.0,858.0,840.0,842.0,79200
2014/04/03,850.0,858.0,849.0,856.0,56000
2014/04/04,850.0,854.0,844.0,849.0,26300
2014/04/07,836.0,845.0,832.0,832.0,20900
2014/04/08,830.0,843.0,828.0,831.0,46500
2014/04/09,818.0,823.0,792.0,794.0,67000
2014/04/10,815.0,822.0,799.0,799.0,38700
2014/04/11,781.0,786.0,774.0,783.0,122700
2014/04/14,782.0,786.0,767.0,768.0,85700
2014/04/15,777.0,777.0,764.0,765.0,52600
2014/04/16,770.0,776.0,769.0,773.0,37700
2014/04/17,778.0,778.0,770.0,772.0,61600
2014/04/18,770.0,778.0,765.0,774.0,92700
2014/04/21,777.0,786.0,777.0,785.0,44400
2014/04/22,785.0,786.0,781.0,783.0,43100
2014/04/23,786.0,795.0,786.0,787.0,37400
2014/04/24,788.0,795.0,785.0,787.0,27200
2014/04/25,792.0,792.0,785.0,786.0,14700
2014/04/28,785.0,790.0,782.0,789.0,31800
2014/04/30,793.0,804.0,792.0,799.0,46600
2014/05/01,804.0,817.0,801.0,816.0,47300
2014/05/02,811.0,815.0,808.0,811.0,19400
2014/05/07,807.0,809.0,781.0,787.0,57900
2014/05/08,850.0,852.0,824.0,843.0,384600
2014/05/09,838.0,845.0,828.0,832.0,110200
2014/05/12,825.0,825.0,791.0,795.0,135800
2014/05/13,794.0,813.0,794.0,799.0,78600
2014/05/14,802.0,807.0,787.0,805.0,47900
2014/05/15,790.0,799.0,788.0,797.0,33900
2014/05/16,791.0,794.0,785.0,786.0,48300
2014/05/19,790.0,792.0,784.0,787.0,34100
2014/05/20,781.0,791.0,780.0,787.0,41300
2014/05/21,781.0,801.0,781.0,801.0,44000
2014/05/22,806.0,832.0,806.0,829.0,82600
2014/05/23,828.0,834.0,825.0,834.0,41800
2014/05/26,835.0,843.0,834.0,843.0,48500
2014/05/27,838.0,843.0,836.0,838.0,39500
2014/05/28,833.0,843.0,833.0,841.0,51600
2014/05/29,834.0,846.0,834.0,841.0,76400
2014/05/30,842.0,845.0,830.0,833.0,43900
2014/06/02,838.0,852.0,838.0,847.0,72600
2014/06/03,850.0,860.0,845.0,860.0,73800
2014/06/04,853.0,875.0,851.0,869.0,133400
2014/06/05,865.0,875.0,851.0,858.0,63500
2014/06/06,860.0,878.0,860.0,877.0,73600
2014/06/09,887.0,915.0,883.0,907.0,269900
2014/06/10,915.0,923.0,895.0,917.0,275000
2014/06/11,915.0,950.0,915.0,948.0,297000
2014/06/12,944.0,965.0,926.0,952.0,274200
2014/06/13,954.0,960.0,932.0,944.0,220100
2014/06/16,945.0,960.0,940.0,951.0,165500
2014/06/17,940.0,957.0,925.0,943.0,142100
2014/06/18,943.0,957.0,937.0,954.0,108100
2014/06/19,950.0,954.0,934.0,952.0,128000
2014/06/20,956.0,970.0,947.0,963.0,148000
2014/06/23,975.0,988.0,966.0,980.0,296700
2014/06/24,970.0,984.0,965.0,970.0,195000
2014/06/25,978.0,1019.0,959.0,963.0,601000
2014/06/26,962.0,997.0,961.0,976.0,193500
2014/06/27,979.0,998.0,971.0,995.0,239500
2014/06/30,982.0,1018.0,982.0,1011.0,240700
2014/07/01,1010.0,1043.0,1009.0,1014.0,249400
2014/07/02,1019.0,1019.0,1000.0,1007.0,138000
2014/07/03,1000.0,1028.0,1000.0,1024.0,178600
2014/07/04,1040.0,1092.0,1033.0,1087.0,459400
2014/07/07,1091.0,1109.0,1042.0,1049.0,377200
2014/07/08,1039.0,1082.0,1030.0,1067.0,328800
2014/07/09,1048.0,1065.0,1028.0,1041.0,171400
2014/07/10,1063.0,1064.0,1021.0,1025.0,172000
2014/07/11,1004.0,1017.0,998.0,1012.0,138600
2014/07/14,1004.0,1023.0,1004.0,1009.0,126600
2014/07/15,1036.0,1040.0,1009.0,1030.0,103600
2014/07/16,1035.0,1035.0,1003.0,1005.0,167400
2014/07/17,1010.0,1022.0,1001.0,1009.0,129800
2014/07/18,990.0,1004.0,980.0,1001.0,103700
2014/07/22,1010.0,1011.0,1001.0,1005.0,114200
2014/07/23,1015.0,1027.0,1001.0,1006.0,104600
2014/07/24,1010.0,1015.0,996.0,999.0,103300
2014/07/25,1010.0,1011.0,992.0,999.0,151800
2014/07/28,1001.0,1042.0,992.0,1021.0,210000
2014/07/29,1020.0,1021.0,1000.0,1010.0,88300
2014/07/30,1020.0,1025.0,1009.0,1022.0,108100
2014/07/31,1035.0,1035.0,1011.0,1011.0,74000
2014/08/01,1001.0,1010.0,992.0,997.0,125300
2014/08/04,993.0,1022.0,988.0,1018.0,174600
2014/08/05,920.0,926.0,888.0,889.0,601300
2014/08/06,900.0,921.0,900.0,915.0,283700
2014/08/07,915.0,925.0,911.0,922.0,159800
2014/08/08,919.0,928.0,907.0,920.0,147000
2014/08/11,926.0,945.0,920.0,944.0,100000
2014/08/12,953.0,965.0,940.0,945.0,179600
2014/08/13,953.0,991.0,953.0,983.0,150400
2014/08/14,985.0,990.0,980.0,982.0,104100
2014/08/15,990.0,1010.0,986.0,1008.0,130500
2014/08/18,1010.0,1014.0,982.0,985.0,134200
2014/08/19,990.0,991.0,956.0,966.0,108100
2014/08/20,971.0,971.0,952.0,958.0,84600
2014/08/21,956.0,962.0,944.0,951.0,86400
2014/08/22,966.0,986.0,965.0,976.0,96500
2014/08/25,985.0,1006.0,979.0,999.0,155200
2014/08/26,1003.0,1013.0,1000.0,1008.0,122600
2014/08/27,1015.0,1027.0,1010.0,1026.0,161600
2014/08/28,1025.0,1025.0,1004.0,1016.0,83900
2014/08/29,1020.0,1118.0,955.0,1019.0,614000
2014/09/01,1022.0,1100.0,1022.0,1064.0,363200
2014/09/02,1065.0,1065.0,1034.0,1049.0,202600
2014/09/03,1058.0,1064.0,1038.0,1051.0,155900
2014/09/04,1050.0,1054.0,1043.0,1046.0,92000
2014/09/05,1049.0,1060.0,1047.0,1055.0,88300
2014/09/08,1065.0,1080.0,1058.0,1069.0,176400
2014/09/09,1071.0,1088.0,1063.0,1066.0,93000
2014/09/10,1058.0,1078.0,1054.0,1075.0,93400
2014/09/11,1080.0,1098.0,1077.0,1082.0,151700
2014/09/12,1092.0,1092.0,1070.0,1075.0,118900
2014/09/16,1081.0,1115.0,1076.0,1082.0,195000
2014/09/17,1095.0,1190.0,1087.0,1153.0,441300
2014/09/18,1166.0,1170.0,1121.0,1132.0,184500
2014/09/19,1126.0,1143.0,1114.0,1119.0,115200
2014/09/22,1119.0,1125.0,1111.0,1124.0,59200
2014/09/24,1129.0,1145.0,1120.0,1125.0,107600
2014/09/25,1133.0,1148.0,1126.0,1133.0,94400
2014/09/26,1130.0,1140.0,1117.0,1123.0,45500
2014/09/29,1132.0,1140.0,1108.0,1115.0,147400
2014/09/30,1109.0,1115.0,1083.0,1105.0,179300
2014/10/01,1104.0,1105.0,1070.0,1074.0,59300
2014/10/02,1044.0,1044.0,1014.0,1017.0,153900
2014/10/03,1011.0,1030.0,1004.0,1021.0,122000
2014/10/06,1026.0,1032.0,1015.0,1026.0,124400
2014/10/07,1022.0,1027.0,995.0,995.0,147400
2014/10/08,985.0,989.0,963.0,986.0,184100
2014/10/09,993.0,994.0,954.0,958.0,162600
2014/10/10,932.0,971.0,932.0,965.0,233600
2014/10/14,937.0,944.0,923.0,934.0,129900
2014/10/15,932.0,961.0,932.0,956.0,124600
2014/10/16,928.0,942.0,921.0,924.0,95000
2014/10/17,921.0,937.0,900.0,902.0,111900
2014/10/20,938.0,949.0,934.0,948.0,99500
2014/10/21,947.0,950.0,928.0,936.0,130500
2014/10/22,949.0,965.0,934.0,956.0,88400
2014/10/23,945.0,958.0,940.0,945.0,78900
2014/10/24,953.0,961.0,929.0,933.0,75100
2014/10/27,944.0,944.0,926.0,940.0,78000
2014/10/28,940.0,940.0,916.0,934.0,76800
2014/10/29,938.0,953.0,938.0,946.0,50500
2014/10/30,941.0,956.0,937.0,944.0,108000
2014/10/31,950.0,985.0,950.0,975.0,134600
2014/11/04,1004.0,1014.0,975.0,976.0,113200
2014/11/05,988.0,1080.0,988.0,1075.0,391500
2014/11/06,1075.0,1077.0,1045.0,1058.0,176300
2014/11/07,1058.0,1072.0,1040.0,1052.0,103000
2014/11/10,1038.0,1078.0,1036.0,1057.0,76000
2014/11/11,1055.0,1074.0,1048.0,1059.0,102900
2014/11/12,1055.0,1076.0,1055.0,1070.0,113600
2014/11/13,1063.0,1075.0,1050.0,1064.0,60800
2014/11/14,1074.0,1074.0,1043.0,1058.0,58000
2014/11/17,1057.0,1058.0,1024.0,1026.0,54900
2014/11/18,1026.0,1048.0,1023.0,1044.0,64100
2014/11/19,1049.0,1060.0,1041.0,1054.0,61700
2014/11/20,1060.0,1070.0,1053.0,1055.0,57600
2014/11/21,1045.0,1063.0,1028.0,1060.0,64800
2014/11/25,1060.0,1100.0,1060.0,1092.0,124400
2014/11/26,1094.0,1094.0,1052.0,1059.0,117200
2014/11/27,1046.0,1057.0,1021.0,1030.0,102800
2014/11/28,1023.0,1035.0,1021.0,1028.0,74200
2014/12/01,1040.0,1048.0,1038.0,1048.0,49900
2014/12/02,1038.0,1065.0,1037.0,1063.0,62000
2014/12/03,1081.0,1081.0,1055.0,1063.0,49100
2014/12/04,1059.0,1062.0,1039.0,1042.0,71800
2014/12/05,1041.0,1066.0,1041.0,1064.0,49900
2014/12/08,1075.0,1075.0,1049.0,1050.0,36300
2014/12/09,1077.0,1146.0,1071.0,1108.0,466200
2014/12/10,1108.0,1170.0,1108.0,1158.0,444800
2014/12/11,1152.0,1175.0,1118.0,1161.0,347200
2014/12/12,1162.0,1184.0,1135.0,1145.0,143300
2014/12/15,1138.0,1154.0,1125.0,1137.0,71300
2014/12/16,1121.0,1122.0,1095.0,1098.0,91300
2014/12/17,1081.0,1133.0,1076.0,1119.0,79000
2014/12/18,1150.0,1164.0,1128.0,1132.0,88500
2014/12/19,1145.0,1174.0,1136.0,1143.0,92500
2014/12/22,1147.0,1174.0,1138.0,1173.0,80500
2014/12/24,1200.0,1250.0,1200.0,1219.0,279900
2014/12/25,1225.0,1270.0,1225.0,1264.0,227100
2014/12/26,1266.0,1266.0,1227.0,1246.0,144000
2014/12/29,1242.0,1248.0,1202.0,1221.0,152300
2014/12/30,1226.0,1228.0,1202.0,1220.0,76000
2015/01/05,1231.0,1235.0,1211.0,1215.0,93400
2015/01/06,1219.0,1219.0,1167.0,1176.0,163000
2015/01/07,1164.0,1209.0,1159.0,1171.0,139500
2015/01/08,1171.0,1190.0,1171.0,1185.0,84300
2015/01/09,1185.0,1194.0,1169.0,1177.0,76500
2015/01/13,1150.0,1172.0,1150.0,1166.0,68600
2015/01/14,1167.0,1180.0,1159.0,1161.0,59500
2015/01/15,1167.0,1176.0,1150.0,1162.0,152900
2015/01/16,1141.0,1142.0,1121.0,1137.0,86600
2015/01/19,1142.0,1159.0,1123.0,1155.0,72300
2015/01/20,1154.0,1154.0,1117.0,1128.0,161500
2015/01/21,1131.0,1141.0,1120.0,1134.0,42800
2015/01/22,1139.0,1139.0,1113.0,1117.0,47600
2015/01/23,1121.0,1125.0,1107.0,1109.0,89400
2015/01/26,1109.0,1137.0,1102.0,1130.0,50000
2015/01/27,1130.0,1150.0,1129.0,1149.0,72900
2015/01/28,1147.0,1167.0,1142.0,1164.0,50900
2015/01/29,1169.0,1189.0,1158.0,1164.0,64900
2015/01/30,1188.0,1188.0,1170.0,1177.0,49600
2015/02/02,1177.0,1194.0,1151.0,1186.0,78000
2015/02/03,1190.0,1194.0,1159.0,1171.0,82700
2015/02/04,1171.0,1192.0,1171.0,1187.0,51600
2015/02/05,1190.0,1190.0,1170.0,1176.0,21500
2015/02/06,1184.0,1190.0,1175.0,1188.0,50300
2015/02/09,1190.0,1193.0,1129.0,1145.0,120600
2015/02/10,1100.0,1101.0,1049.0,1069.0,292600
2015/02/12,1066.0,1070.0,1038.0,1043.0,317000
2015/02/13,1030.0,1055.0,1030.0,1043.0,119000
2015/02/16,1041.0,1088.0,1037.0,1081.0,135100
2015/02/17,1074.0,1078.0,1056.0,1070.0,69600
2015/02/18,1080.0,1083.0,1069.0,1075.0,65200
2015/02/19,1085.0,1086.0,1070.0,1073.0,60500
2015/02/20,1078.0,1095.0,1078.0,1085.0,109100
2015/02/23,1090.0,1096.0,1079.0,1086.0,69600
2015/02/24,1086.0,1089.0,1073.0,1083.0,81900
2015/02/25,1088.0,1092.0,1081.0,1083.0,73000
2015/02/26,1083.0,1088.0,1078.0,1086.0,89400
2015/02/27,1088.0,1088.0,1066.0,1070.0,127000
2015/03/02,1069.0,1090.0,1069.0,1082.0,81800
2015/03/03,1080.0,1084.0,1073.0,1080.0,38100
2015/03/04,1080.0,1080.0,1061.0,1076.0,36600
2015/03/05,1067.0,1078.0,1061.0,1077.0,66100
2015/03/06,1080.0,1083.0,1067.0,1071.0,28900
2015/03/09,1067.0,1076.0,1061.0,1075.0,30800
2015/03/10,1078.0,1084.0,1067.0,1071.0,34100
2015/03/11,1062.0,1066.0,1060.0,1060.0,34900
2015/03/12,1060.0,1082.0,1060.0,1078.0,45300
2015/03/13,1076.0,1079.0,1056.0,1069.0,130000
2015/03/16,1070.0,1089.0,1063.0,1087.0,80200
2015/03/17,1091.0,1130.0,1088.0,1109.0,148000
2015/03/18,1113.0,1119.0,1106.0,1116.0,43800
2015/03/19,1116.0,1126.0,1104.0,1111.0,72900
2015/03/20,1123.0,1139.0,1119.0,1139.0,86600
2015/03/23,1140.0,1150.0,1131.0,1136.0,51400
2015/03/24,1126.0,1135.0,1109.0,1115.0,49100
2015/03/25,1111.0,1116.0,1101.0,1104.0,51100
2015/03/26,1074.0,1087.0,1060.0,1072.0,66700
2015/03/27,1070.0,1085.0,1054.0,1058.0,51500
2015/03/30,1058.0,1059.0,1044.0,1049.0,45700
2015/03/31,1055.0,1065.0,1043.0,1044.0,51100
2015/04/01,1051.0,1056.0,1038.0,1052.0,60800
2015/04/02,1065.0,1082.0,1062.0,1068.0,54000
2015/04/03,1081.0,1081.0,1068.0,1077.0,33100
2015/04/06,1079.0,1079.0,1066.0,1073.0,25300
2015/04/07,1078.0,1084.0,1072.0,1079.0,32400
2015/04/08,1088.0,1119.0,1087.0,1107.0,88000
2015/04/09,1105.0,1108.0,1094.0,1101.0,47900
2015/04/10,1102.0,1102.0,1090.0,1098.0,32100
2015/04/13,1098.0,1105.0,1093.0,1103.0,25000
2015/04/14,1105.0,1137.0,1102.0,1130.0,66400
2015/04/15,1125.0,1141.0,1123.0,1136.0,68600
2015/04/16,1130.0,1132.0,1118.0,1131.0,35800
2015/04/17,1121.0,1130.0,1119.0,1121.0,42500
2015/04/20,1106.0,1116.0,1095.0,1103.0,49800
2015/04/21,1101.0,1124.0,1101.0,1118.0,30400
2015/04/22,1119.0,1129.0,1113.0,1118.0,30300
2015/04/23,1115.0,1125.0,1112.0,1116.0,37600
2015/04/24,1108.0,1145.0,1106.0,1125.0,67100
2015/04/27,1082.0,1107.0,1045.0,1071.0,180200
2015/04/28,1074.0,1083.0,1065.0,1066.0,43600
2015/04/30,1066.0,1080.0,1066.0,1070.0,36100
2015/05/01,1065.0,1072.0,1061.0,1067.0,36600
2015/05/07,1070.0,1075.0,1052.0,1058.0,57000
2015/05/08,1058.0,1079.0,1057.0,1074.0,43300
2015/05/11,1099.0,1099.0,1082.0,1088.0,32600
2015/05/12,1110.0,1139.0,1082.0,1090.0,158200
2015/05/13,1097.0,1107.0,1091.0,1102.0,49500
2015/05/14,1101.0,1121.0,1101.0,1113.0,56500
2015/05/15,1114.0,1130.0,1112.0,1122.0,44200
2015/05/18,1130.0,1136.0,1125.0,1131.0,34100
2015/05/19,1133.0,1148.0,1133.0,1148.0,76200
2015/05/20,1150.0,1164.0,1149.0,1151.0,48300
2015/05/21,1146.0,1152.0,1143.0,1150.0,45500
2015/05/22,1151.0,1168.0,1149.0,1166.0,69600
2015/05/25,1173.0,1191.0,1173.0,1191.0,66300
2015/05/26,1199.0,1199.0,1178.0,1190.0,47900
2015/05/27,1180.0,1200.0,1180.0,1199.0,67300
2015/05/28,1200.0,1208.0,1185.0,1189.0,74600
2015/05/29,1196.0,1205.0,1195.0,1200.0,107800
2015/06/01,1191.0,1203.0,1176.0,1189.0,66700
2015/06/02,1191.0,1205.0,1191.0,1201.0,80500
2015/06/03,1206.0,1206.0,1190.0,1195.0,24000
2015/06/04,1202.0,1206.0,1195.0,1200.0,43800
2015/06/05,1195.0,1204.0,1186.0,1194.0,55500
2015/06/08,1203.0,1241.0,1201.0,1221.0,77000
2015/06/09,1217.0,1217.0,1196.0,1199.0,70900
2015/06/10,1200.0,1209.0,1195.0,1200.0,43100
2015/06/11,1201.0,1206.0,1195.0,1204.0,74400
2015/06/12,1200.0,1201.0,1177.0,1190.0,151000
2015/06/15,1178.0,1193.0,1165.0,1185.0,85100
2015/06/16,1190.0,1190.0,1174.0,1181.0,41700
2015/06/17,1185.0,1219.0,1185.0,1212.0,112200
2015/06/18,1208.0,1211.0,1199.0,1203.0,52500
2015/06/19,1202.0,1239.0,1201.0,1232.0,78500
2015/06/22,1232.0,1245.0,1221.0,1236.0,63400
2015/06/23,1240.0,1265.0,1240.0,1259.0,61600
2015/06/24,1259.0,1265.0,1250.0,1260.0,67500
2015/06/25,1245.0,1249.0,1219.0,1227.0,55600
2015/06/26,1230.0,1240.0,1220.0,1236.0,48700
2015/06/29,1201.0,1241.0,1201.0,1222.0,77900
2015/06/30,1205.0,1228.0,1205.0,1217.0,73400
2015/07/01,1223.0,1259.0,1215.0,1254.0,71500
2015/07/02,1253.0,1256.0,1248.0,1253.0,33800
2015/07/03,1235.0,1244.0,1232.0,1237.0,28300
2015/07/06,1224.0,1229.0,1203.0,1206.0,64500
2015/07/07,1223.0,1265.0,1223.0,1253.0,53000
2015/07/08,1252.0,1252.0,1203.0,1209.0,50300
2015/07/09,1138.0,1184.0,1128.0,1183.0,114700
2015/07/10,1186.0,1187.0,1151.0,1158.0,61800
2015/07/13,1180.0,1209.0,1177.0,1188.0,21400
2015/07/14,1218.0,1220.0,1206.0,1215.0,29700
2015/07/15,1224.0,1236.0,1200.0,1234.0,66500
2015/07/16,1247.0,1293.0,1232.0,1290.0,141600
2015/07/17,1297.0,1297.0,1279.0,1282.0,52500
2015/07/21,1290.0,1310.0,1285.0,1300.0,55400
2015/07/22,1290.0,1294.0,1264.0,1270.0,55100
2015/07/23,1272.0,1286.0,1272.0,1284.0,26300
2015/07/24,1281.0,1290.0,1266.0,1273.0,37000
2015/07/27,1273.0,1280.0,1227.0,1230.0,82000
2015/07/28,1203.0,1229.0,1190.0,1218.0,33800
2015/07/29,1218.0,1228.0,1211.0,1217.0,24000
2015/07/30,1218.0,1225.0,1211.0,1212.0,26100
2015/07/31,1193.0,1221.0,1193.0,1205.0,30400
2015/08/03,1206.0,1226.0,1206.0,1209.0,26800
2015/08/04,1200.0,1209.0,1167.0,1170.0,81400
2015/08/05,1170.0,1188.0,1152.0,1168.0,69700
2015/08/06,1179.0,1194.0,1172.0,1188.0,63200
2015/08/07,1170.0,1193.0,1170.0,1189.0,50000
2015/08/10,1185.0,1195.0,1180.0,1192.0,35900
2015/08/11,1190.0,1199.0,1186.0,1191.0,41500
2015/08/12,1190.0,1191.0,1171.0,1177.0,47000
2015/08/13,1166.0,1173.0,1158.0,1169.0,24200
2015/08/14,1164.0,1182.0,1159.0,1176.0,15400
2015/08/17,1176.0,1190.0,1176.0,1190.0,20900
2015/08/18,1194.0,1199.0,1186.0,1194.0,14400
2015/08/19,1192.0,1192.0,1170.0,1180.0,23000
2015/08/20,1168.0,1191.0,1168.0,1174.0,40600
2015/08/21,1127.0,1141.0,1110.0,1120.0,48800
2015/08/24,1103.0,1118.0,1061.0,1061.0,65200
2015/08/25,1010.0,1055.0,982.0,1000.0,63600
2015/08/26,1030.0,1046.0,1008.0,1041.0,40400
2015/08/27,1046.0,1071.0,1046.0,1058.0,25500
2015/08/28,1084.0,1084.0,1071.0,1078.0,23800
2015/08/31,1078.0,1104.0,1062.0,1102.0,38000
2015/09/01,1099.0,1100.0,1042.0,1053.0,91500
2015/09/02,1041.0,1077.0,1037.0,1053.0,35900
2015/09/03,1068.0,1093.0,1068.0,1085.0,36100
2015/09/04,1100.0,1107.0,1090.0,1103.0,82800
2015/09/07,1086.0,1120.0,1065.0,1092.0,20700
2015/09/08,1093.0,1093.0,1077.0,1084.0,32400
2015/09/09,1119.0,1149.0,1115.0,1149.0,33500
2015/09/10,1126.0,1148.0,1110.0,1129.0,16800
2015/09/11,1145.0,1184.0,1139.0,1181.0,67700
2015/09/14,1160.0,1199.0,1160.0,1170.0,23700
2015/09/15,1180.0,1180.0,1100.0,1102.0,41700
2015/09/16,1116.0,1128.0,1091.0,1101.0,55700
2015/09/17,1105.0,1121.0,1098.0,1110.0,25200
2015/09/18,1115.0,1117.0,1095.0,1106.0,44600
2015/09/24,1100.0,1114.0,1094.0,1094.0,24000
2015/09/25,1105.0,1124.0,1099.0,1124.0,20400
2015/09/28,1131.0,1132.0,1112.0,1124.0,16500
2015/09/29,1101.0,1107.0,1085.0,1092.0,28700
2015/09/30,1107.0,1126.0,1086.0,1126.0,21000
2015/10/01,1132.0,1132.0,1105.0,1125.0,22200
2015/10/02,1113.0,1116.0,1095.0,1108.0,27000
2015/10/05,1117.0,1127.0,1097.0,1106.0,34500
2015/10/06,1120.0,1120.0,1088.0,1094.0,65300
2015/10/07,1099.0,1104.0,1080.0,1092.0,36300
2015/10/08,1087.0,1098.0,1068.0,1070.0,50300
2015/10/09,1065.0,1090.0,1065.0,1072.0,63100
2015/10/13,1132.0,1150.0,1122.0,1130.0,120400
2015/10/14,1143.0,1148.0,1131.0,1145.0,103700
2015/10/15,1148.0,1169.0,1135.0,1163.0,42900
2015/10/16,1184.0,1191.0,1160.0,1165.0,37800
2015/10/19,1168.0,1171.0,1131.0,1133.0,50600
2015/10/20,1135.0,1149.0,1128.0,1128.0,27200
2015/10/21,1125.0,1137.0,1125.0,1136.0,41700
2015/10/22,1140.0,1140.0,1130.0,1130.0,38100
2015/10/23,1135.0,1138.0,1129.0,1133.0,36800
2015/10/26,1150.0,1154.0,1133.0,1137.0,60500
2015/10/27,1137.0,1137.0,1118.0,1125.0,57900
2015/10/28,1133.0,1137.0,1122.0,1129.0,17300
2015/10/29,1123.0,1138.0,1123.0,1127.0,26300
2015/10/30,1136.0,1144.0,1129.0,1136.0,33900
2015/11/02,1130.0,1134.0,1119.0,1120.0,31000
2015/11/04,1135.0,1148.0,1123.0,1125.0,40900
2015/11/05,1127.0,1127.0,1068.0,1116.0,38100
2015/11/06,1105.0,1129.0,1105.0,1116.0,35900
2015/11/09,1146.0,1147.0,1126.0,1134.0,51500
2015/11/10,1135.0,1214.0,1131.0,1205.0,185000
2015/11/11,1181.0,1216.0,1181.0,1203.0,125000
2015/11/12,1208.0,1228.0,1201.0,1201.0,42100
2015/11/13,1179.0,1196.0,1175.0,1191.0,28000
2015/11/16,1180.0,1199.0,1170.0,1171.0,36700
2015/11/17,1169.0,1214.0,1169.0,1204.0,52700
2015/11/18,1200.0,1206.0,1188.0,1188.0,20700
2015/11/19,1205.0,1215.0,1194.0,1211.0,55200
2015/11/20,1218.0,1268.0,1218.0,1263.0,97800
2015/11/24,1267.0,1270.0,1232.0,1234.0,80300
2015/11/25,1230.0,1245.0,1200.0,1207.0,88500
2015/11/26,1200.0,1217.0,1190.0,1192.0,43300
2015/11/27,1190.0,1201.0,1179.0,1182.0,38400
2015/11/30,1183.0,1209.0,1180.0,1190.0,42600
2015/12/01,1190.0,1203.0,1181.0,1202.0,38800
2015/12/02,1213.0,1230.0,1191.0,1227.0,56800
2015/12/03,1228.0,1277.0,1228.0,1274.0,98600
2015/12/04,1248.0,1248.0,1227.0,1242.0,55500
2015/12/07,1253.0,1263.0,1243.0,1257.0,29700
2015/12/08,1263.0,1269.0,1231.0,1248.0,40000
2015/12/09,1237.0,1247.0,1229.0,1235.0,23600
2015/12/10,1236.0,1236.0,1207.0,1208.0,30400
2015/12/11,1219.0,1257.0,1217.0,1235.0,79900
2015/12/14,1199.0,1245.0,1195.0,1233.0,43100
2015/12/15,1238.0,1257.0,1219.0,1221.0,39300
2015/12/16,1245.0,1246.0,1221.0,1243.0,32600
2015/12/17,1240.0,1256.0,1234.0,1240.0,67900
2015/12/18,1232.0,1239.0,1179.0,1182.0,131800
2015/12/21,1170.0,1187.0,1162.0,1183.0,57500
2015/12/22,1195.0,1215.0,1191.0,1197.0,37800
2015/12/24,1200.0,1200.0,1179.0,1181.0,32700
2015/12/25,1181.0,1181.0,1157.0,1161.0,35200
2015/12/28,1161.0,1192.0,1161.0,1187.0,23800
2015/12/29,1173.0,1181.0,1163.0,1168.0,46400
2015/12/30,1181.0,1188.0,1165.0,1167.0,27900
2016/01/04,1144.0,1157.0,1132.0,1142.0,43400
2016/01/05,1145.0,1153.0,1131.0,1137.0,120600
2016/01/06,1132.0,1189.0,1132.0,1185.0,84100
2016/01/07,1195.0,1218.0,1175.0,1179.0,93200
2016/01/08,1174.0,1180.0,1144.0,1148.0,56100
2016/01/12,1135.0,1144.0,1103.0,1106.0,52700
2016/01/13,1117.0,1145.0,1117.0,1137.0,28600
2016/01/14,1113.0,1115.0,1086.0,1105.0,49100
2016/01/15,1115.0,1116.0,1084.0,1089.0,21200
2016/01/18,1044.0,1065.0,1010.0,1059.0,31100
2016/01/19,1060.0,1061.0,1017.0,1020.0,61000
2016/01/20,1021.0,1054.0,1010.0,1013.0,63600
2016/01/21,990.0,1041.0,990.0,995.0,52400
2016/01/22,1042.0,1067.0,1026.0,1067.0,38000
2016/01/25,1088.0,1094.0,1072.0,1079.0,25800
2016/01/26,1065.0,1088.0,1054.0,1074.0,26900
2016/01/27,1099.0,1119.0,1099.0,1116.0,40800
2016/01/28,1110.0,1120.0,1102.0,1111.0,45200
2016/01/29,1118.0,1132.0,1094.0,1130.0,39000
2016/02/01,1136.0,1159.0,1136.0,1159.0,30300
2016/02/02,1141.0,1152.0,1141.0,1145.0,15600
2016/02/03,1108.0,1116.0,1100.0,1107.0,22200
2016/02/04,1092.0,1134.0,1092.0,1119.0,37200
2016/02/05,1119.0,1143.0,1119.0,1140.0,67000
2016/02/08,1130.0,1168.0,1120.0,1167.0,67600
2016/02/09,1080.0,1152.0,1051.0,1150.0,161200
2016/02/10,1170.0,1172.0,1073.0,1093.0,78000
2016/02/12,1033.0,1070.0,1026.0,1033.0,98900
2016/02/15,1107.0,1159.0,1100.0,1157.0,77600
2016/02/16,1157.0,1183.0,1157.0,1160.0,71200
2016/02/17,1161.0,1184.0,1150.0,1176.0,47900
2016/02/18,1185.0,1187.0,1166.0,1170.0,61600
2016/02/19,1146.0,1146.0,1118.0,1130.0,46700
2016/02/22,1120.0,1163.0,1120.0,1163.0,14700
2016/02/23,1163.0,1172.0,1089.0,1097.0,85000
2016/02/24,1090.0,1129.0,1090.0,1111.0,53900
2016/02/25,1115.0,1168.0,1115.0,1159.0,38100
2016/02/26,1164.0,1167.0,1139.0,1145.0,43100
2016/02/29,1158.0,1195.0,1146.0,1190.0,54400
2016/03/01,1190.0,1197.0,1176.0,1190.0,43400
2016/03/02,1199.0,1217.0,1190.0,1201.0,46100
2016/03/03,1200.0,1215.0,1190.0,1207.0,25700
2016/03/04,1204.0,1213.0,1195.0,1206.0,41400
2016/03/07,1208.0,1227.0,1200.0,1206.0,48700
2016/03/08,1199.0,1212.0,1181.0,1197.0,41500
2016/03/09,1197.0,1204.0,1179.0,1194.0,45300
2016/03/10,1200.0,1220.0,1176.0,1192.0,38700
2016/03/11,1162.0,1174.0,1157.0,1158.0,88900
2016/03/14,1173.0,1194.0,1170.0,1185.0,25000
2016/03/15,1175.0,1198.0,1175.0,1191.0,41200
2016/03/16,1186.0,1203.0,1183.0,1188.0,32100
2016/03/17,1199.0,1225.0,1173.0,1193.0,77300
2016/03/18,1197.0,1212.0,1183.0,1191.0,58000
2016/03/22,1191.0,1230.0,1191.0,1219.0,54700
2016/03/23,1226.0,1229.0,1200.0,1205.0,32500
2016/03/24,1202.0,1216.0,1200.0,1210.0,42300
2016/03/25,1207.0,1218.0,1188.0,1202.0,50100
2016/03/28,1213.0,1213.0,1194.0,1207.0,25600
2016/03/29,1204.0,1207.0,1183.0,1194.0,33200
2016/03/30,1191.0,1206.0,1179.0,1186.0,25300
2016/03/31,1187.0,1196.0,1171.0,1186.0,54400
2016/04/01,1190.0,1190.0,1154.0,1154.0,38500
2016/04/04,1154.0,1210.0,1148.0,1184.0,54600
2016/04/05,1163.0,1178.0,1142.0,1148.0,70700
2016/04/06,1149.0,1154.0,1121.0,1143.0,36900
2016/04/07,1136.0,1177.0,1136.0,1162.0,33000
2016/04/08,1135.0,1170.0,1135.0,1158.0,28800
2016/04/11,1188.0,1188.0,1164.0,1183.0,31000
2016/04/12,1183.0,1202.0,1180.0,1191.0,62800
2016/04/13,1191.0,1205.0,1183.0,1205.0,34000
2016/04/14,1210.0,1222.0,1210.0,1222.0,48000
2016/04/15,1222.0,1225.0,1211.0,1216.0,17600
2016/04/18,1186.0,1208.0,1183.0,1202.0,21200
2016/04/19,1224.0,1225.0,1211.0,1214.0,12800
2016/04/20,1210.0,1220.0,1208.0,1213.0,27700
2016/04/21,1220.0,1220.0,1210.0,1217.0,24800
2016/04/22,1206.0,1224.0,1204.0,1224.0,23300
2016/04/25,1222.0,1222.0,1209.0,1215.0,39100
2016/04/26,1035.0,1074.0,1023.0,1053.0,272300
2016/04/27,1052.0,1089.0,1052.0,1085.0,140500
2016/04/28,1086.0,1109.0,1056.0,1084.0,102400
2016/05/02,1044.0,1060.0,1036.0,1042.0,57000
2016/05/06,1064.0,1073.0,1045.0,1066.0,48400
2016/05/09,1093.0,1093.0,1078.0,1088.0,41800
2016/05/10,1100.0,1103.0,1048.0,1064.0,191700
2016/05/11,1080.0,1125.0,1066.0,1076.0,100700
2016/05/12,1081.0,1081.0,1060.0,1068.0,27000
2016/05/13,1068.0,1071.0,1054.0,1059.0,27200
2016/05/16,1054.0,1064.0,1050.0,1056.0,20100
2016/05/17,1056.0,1062.0,1041.0,1059.0,22800
2016/05/18,1059.0,1059.0,1043.0,1050.0,24000
2016/05/19,1057.0,1067.0,1050.0,1062.0,19200
2016/05/20,1068.0,1068.0,1057.0,1066.0,15000
2016/05/23,1060.0,1065.0,1045.0,1061.0,18600
2016/05/24,1056.0,1067.0,1052.0,1064.0,17800
2016/05/25,1075.0,1077.0,1065.0,1075.0,16600
2016/05/26,1077.0,1091.0,1070.0,1084.0,28900
2016/05/27,1084.0,1096.0,1078.0,1091.0,37600
2016/05/30,1113.0,1113.0,1100.0,1108.0,35500
2016/05/31,1101.0,1134.0,1093.0,1134.0,69800
2016/06/01,1134.0,1141.0,1116.0,1124.0,25500
2016/06/02,1107.0,1108.0,1077.0,1081.0,29200
2016/06/03,1078.0,1082.0,1063.0,1072.0,33400
2016/06/06,1061.0,1061.0,1051.0,1055.0,37900
2016/06/07,1065.0,1074.0,1059.0,1061.0,20000
2016/06/08,1060.0,1068.0,1051.0,1059.0,22700
2016/06/09,1053.0,1053.0,1044.0,1048.0,22200
2016/06/10,1059.0,1059.0,1031.0,1035.0,46200
2016/06/13,1020.0,1021.0,993.0,996.0,25200
2016/06/14,990.0,999.0,975.0,977.0,27000
2016/06/15,971.0,1008.0,967.0,1000.0,16700
2016/06/16,1000.0,1000.0,955.0,956.0,23500
2016/06/17,961.0,969.0,941.0,946.0,29600
2016/06/20,969.0,969.0,933.0,933.0,55500
2016/06/21,918.0,926.0,908.0,916.0,94200
2016/06/22,918.0,920.0,909.0,918.0,35200
2016/06/23,917.0,922.0,910.0,918.0,37800
2016/06/24,929.0,951.0,874.0,896.0,91500
2016/06/27,885.0,904.0,867.0,869.0,63400
2016/06/28,860.0,883.0,859.0,876.0,41000
2016/06/29,880.0,910.0,877.0,902.0,29700
2016/06/30,908.0,918.0,902.0,902.0,31000
2016/07/01,908.0,932.0,902.0,911.0,46000
2016/07/04,902.0,919.0,888.0,912.0,30000
2016/07/05,912.0,914.0,900.0,914.0,11600
2016/07/06,892.0,908.0,871.0,875.0,22600
2016/07/07,870.0,870.0,848.0,853.0,37900
2016/07/08,851.0,862.0,841.0,841.0,23500
2016/07/11,843.0,886.0,843.0,877.0,50300
2016/07/12,887.0,918.0,885.0,907.0,36200
2016/07/13,922.0,930.0,912.0,926.0,33200
2016/07/14,925.0,952.0,925.0,931.0,43100
2016/07/15,932.0,950.0,924.0,935.0,32000
2016/07/19,938.0,945.0,938.0,943.0,34900
2016/07/20,941.0,980.0,941.0,979.0,37300
2016/07/21,990.0,990.0,972.0,976.0,21900
2016/07/22,968.0,990.0,968.0,988.0,23900
2016/07/25,988.0,995.0,977.0,982.0,27200
2016/07/26,982.0,998.0,982.0,992.0,32100
2016/07/27,1003.0,1020.0,1001.0,1009.0,27500
2016/07/28,1009.0,1011.0,998.0,1000.0,30100
2016/07/29,995.0,1012.0,995.0,1012.0,21000
2016/08/01,1012.0,1014.0,997.0,1009.0,29300
2016/08/02,1009.0,1009.0,988.0,988.0,23400
2016/08/03,977.0,977.0,962.0,964.0,33900
2016/08/04,962.0,986.0,962.0,983.0,25900
2016/08/05,983.0,997.0,975.0,977.0,23500
2016/08/08,977.0,1007.0,975.0,1007.0,27000
2016/08/09,1012.0,1019.0,991.0,1001.0,26700
2016/08/10,986.0,1003.0,986.0,1002.0,17700
2016/08/12,1008.0,1009.0,997.0,999.0,20100
2016/08/15,995.0,1002.0,993.0,995.0,12100
2016/08/16,996.0,1001.0,973.0,979.0,18000
2016/08/17,965.0,997.0,958.0,983.0,40700
2016/08/18,968.0,990.0,968.0,984.0,34200
2016/08/19,981.0,997.0,981.0,992.0,22100
2016/08/22,992.0,1011.0,992.0,1009.0,31700
2016/08/23,1000.0,1005.0,996.0,999.0,28600
2016/08/24,999.0,1040.0,970.0,1007.0,33600
2016/08/25,1015.0,1028.0,1008.0,1015.0,29200
2016/08/26,1015.0,1015.0,994.0,1000.0,9100
2016/08/29,1000.0,1010.0,996.0,1002.0,13900
2016/08/30,1002.0,1009.0,993.0,1001.0,19700
2016/08/31,1000.0,1015.0,999.0,1010.0,24600
2016/09/01,1022.0,1023.0,1003.0,1011.0,16400
2016/09/02,1010.0,1016.0,1002.0,1011.0,11600
2016/09/05,1028.0,1035.0,1009.0,1018.0,25500
2016/09/06,1021.0,1029.0,1020.0,1021.0,13800
2016/09/07,1008.0,1022.0,1004.0,1019.0,22200
2016/09/08,1023.0,1080.0,1015.0,1079.0,81400
2016/09/09,1080.0,1080.0,1053.0,1054.0,34500
2016/09/12,1044.0,1044.0,1011.0,1016.0,16300
2016/09/13,1013.0,1021.0,1004.0,1008.0,22300
2016/09/14,1004.0,1016.0,997.0,1000.0,16700
2016/09/15,999.0,1005.0,999.0,1003.0,10500
2016/09/16,1003.0,1012.0,998.0,1009.0,16600
2016/09/20,1001.0,1023.0,1001.0,1015.0,18900
2016/09/21,1019.0,1033.0,1004.0,1033.0,30600
2016/09/23,1040.0,1055.0,1028.0,1041.0,31000
2016/09/26,1041.0,1047.0,1037.0,1039.0,25700
2016/09/27,1034.0,1061.0,1026.0,1061.0,33100
2016/09/28,1044.0,1096.0,1032.0,1090.0,67800
2016/09/29,1084.0,1126.0,1084.0,1113.0,44300
2016/09/30,1109.0,1109.0,1088.0,1090.0,42600
2016/10/03,1080.0,1089.0,1070.0,1084.0,25600
2016/10/04,1084.0,1109.0,1079.0,1109.0,24700
2016/10/05,1107.0,1116.0,1092.0,1092.0,41700
2016/10/06,1096.0,1115.0,1082.0,1085.0,31100
2016/10/07,1077.0,1084.0,1065.0,1077.0,30100
2016/10/11,1073.0,1086.0,1065.0,1071.0,19800
2016/10/12,1056.0,1062.0,1045.0,1046.0,25700
2016/10/13,1052.0,1062.0,1045.0,1052.0,19400
2016/10/14,1049.0,1060.0,1044.0,1054.0,12200
2016/10/17,1054.0,1075.0,1054.0,1070.0,21000
2016/10/18,1072.0,1079.0,1062.0,1067.0,21100
2016/10/19,1067.0,1074.0,1061.0,1074.0,26200
2016/10/20,1071.0,1071.0,1062.0,1064.0,22400
2016/10/21,1070.0,1072.0,1056.0,1068.0,14100
2016/10/24,1067.0,1071.0,1048.0,1070.0,9900
2016/10/25,1074.0,1075.0,1065.0,1068.0,18900
2016/10/26,1064.0,1073.0,1058.0,1068.0,36400
2016/10/27,1069.0,1069.0,1059.0,1068.0,14800
2016/10/28,1070.0,1087.0,1070.0,1087.0,72400
2016/10/31,1085.0,1085.0,1071.0,1074.0,13200
2016/11/01,1070.0,1070.0,1059.0,1067.0,19300
2016/11/02,1059.0,1062.0,1048.0,1057.0,14800
2016/11/04,1041.0,1041.0,1027.0,1033.0,20500
2016/11/07,1050.0,1050.0,1040.0,1043.0,12900
2016/11/08,1070.0,1093.0,1060.0,1092.0,34600
2016/11/09,1095.0,1100.0,1007.0,1013.0,40600
2016/11/10,1059.0,1084.0,1056.0,1078.0,48000
2016/11/11,1078.0,1083.0,1043.0,1049.0,36400
2016/11/14,1063.0,1075.0,1055.0,1059.0,23400
2016/11/15,1059.0,1067.0,1053.0,1059.0,21400
2016/11/16,1064.0,1074.0,1064.0,1074.0,26200
2016/11/17,1072.0,1087.0,1071.0,1083.0,22100
2016/11/18,1091.0,1095.0,1078.0,1083.0,20500
2016/11/21,1092.0,1097.0,1080.0,1089.0,14300
2016/11/22,1094.0,1097.0,1087.0,1096.0,8000
2016/11/24,1097.0,1102.0,1085.0,1088.0,14700
2016/11/25,1094.0,1108.0,1089.0,1097.0,26300
2016/11/28,1097.0,1108.0,1092.0,1105.0,11500
2016/11/29,1101.0,1103.0,1097.0,1103.0,10300
2016/11/30,1105.0,1114.0,1099.0,1106.0,19400
2016/12/01,1117.0,1120.0,1102.0,1107.0,34900
2016/12/02,1098.0,1100.0,1093.0,1097.0,12500
2016/12/05,1094.0,1110.0,1089.0,1110.0,20200
2016/12/06,1119.0,1124.0,1105.0,1121.0,45000
2016/12/07,1130.0,1139.0,1124.0,1131.0,25700
2016/12/08,1137.0,1144.0,1130.0,1139.0,17700
2016/12/09,1139.0,1170.0,1139.0,1170.0,33100
2016/12/12,1180.0,1197.0,1179.0,1196.0,35200
2016/12/13,1190.0,1198.0,1187.0,1197.0,23000
2016/12/14,1193.0,1193.0,1180.0,1187.0,16500
2016/12/15,1188.0,1199.0,1187.0,1199.0,43400
2016/12/16,1200.0,1225.0,1199.0,1225.0,45400
2016/12/19,1224.0,1224.0,1208.0,1214.0,15400
2016/12/20,1219.0,1228.0,1211.0,1226.0,32900
2016/12/21,1227.0,1229.0,1192.0,1206.0,34300
2016/12/22,1197.0,1200.0,1187.0,1195.0,34900
2016/12/26,1190.0,1197.0,1160.0,1175.0,43900
2016/12/27,1173.0,1174.0,1159.0,1167.0,16300
2016/12/28,1174.0,1184.0,1167.0,1178.0,10600
2016/12/29,1165.0,1194.0,1165.0,1193.0,22900
2016/12/30,1192.0,1204.0,1177.0,1196.0,33000
2017/01/04,1207.0,1257.0,1202.0,1257.0,68600
2017/01/05,1260.0,1277.0,1242.0,1270.0,62500
2017/01/06,1261.0,1280.0,1250.0,1280.0,45700
2017/01/10,1280.0,1308.0,1270.0,1293.0,85300
2017/01/11,1299.0,1308.0,1291.0,1305.0,44600
2017/01/12,1306.0,1308.0,1272.0,1303.0,45700
2017/01/13,1300.0,1308.0,1291.0,1299.0,30300
2017/01/16,1286.0,1293.0,1279.0,1280.0,28500
2017/01/17,1280.0,1283.0,1259.0,1260.0,14800
2017/01/18,1257.0,1274.0,1249.0,1264.0,28300
2017/01/19,1264.0,1296.0,1264.0,1288.0,28700
2017/01/20,1288.0,1298.0,1273.0,1295.0,16400
2017/01/23,1288.0,1307.0,1288.0,1300.0,21400
2017/01/24,1300.0,1306.0,1284.0,1293.0,16500
2017/01/25,1305.0,1339.0,1303.0,1329.0,63100
2017/01/26,1337.0,1342.0,1302.0,1315.0,31300
2017/01/27,1320.0,1321.0,1291.0,1297.0,23000
2017/01/30,1289.0,1303.0,1284.0,1291.0,27600
2017/01/31,1289.0,1291.0,1277.0,1285.0,29700
2017/02/01,1280.0,1292.0,1278.0,1287.0,24300
2017/02/02,1284.0,1295.0,1270.0,1272.0,22300
2017/02/03,1268.0,1282.0,1258.0,1272.0,13800
2017/02/06,1275.0,1283.0,1265.0,1270.0,22700
2017/02/07,1264.0,1265.0,1250.0,1257.0,21700
2017/02/08,1269.0,1273.0,1200.0,1243.0,52300
2017/02/09,1250.0,1264.0,1232.0,1256.0,38400
2017/02/10,1264.0,1275.0,1223.0,1242.0,43900
2017/02/13,1255.0,1260.0,1239.0,1240.0,31700
2017/02/14,1248.0,1260.0,1232.0,1237.0,26600
2017/02/15,1249.0,1263.0,1232.0,1240.0,28900
2017/02/16,1250.0,1274.0,1250.0,1274.0,23800
2017/02/17,1272.0,1289.0,1271.0,1286.0,25300
2017/02/20,1288.0,1298.0,1282.0,1293.0,20700
2017/02/21,1290.0,1293.0,1268.0,1291.0,27200
2017/02/22,1296.0,1297.0,1289.0,1291.0,19500
2017/02/23,1292.0,1298.0,1288.0,1296.0,11300
2017/02/24,1280.0,1321.0,1280.0,1302.0,38500
2017/02/27,1299.0,1304.0,1292.0,1301.0,12300
2017/02/28,1303.0,1323.0,1302.0,1311.0,16300
2017/03/01,1313.0,1319.0,1299.0,1319.0,21300
2017/03/02,1325.0,1348.0,1320.0,1347.0,48900
2017/03/03,1349.0,1375.0,1333.0,1346.0,61400
2017/03/06,1364.0,1364.0,1300.0,1333.0,31700
2017/03/07,1333.0,1335.0,1320.0,1331.0,18200
2017/03/08,1329.0,1345.0,1329.0,1336.0,17000
2017/03/09,1337.0,1340.0,1328.0,1340.0,22900
2017/03/10,1347.0,1347.0,1325.0,1337.0,34100
2017/03/13,1338.0,1346.0,1329.0,1341.0,13900
2017/03/14,1339.0,1346.0,1335.0,1346.0,11000
2017/03/15,1341.0,1348.0,1337.0,1344.0,15900
2017/03/16,1333.0,1343.0,1331.0,1342.0,18900
2017/03/17,1335.0,1351.0,1329.0,1351.0,20700
2017/03/21,1345.0,1350.0,1329.0,1350.0,9100
2017/03/22,1331.0,1342.0,1331.0,1334.0,33000
2017/03/23,1334.0,1342.0,1330.0,1337.0,6500
2017/03/24,1346.0,1352.0,1332.0,1348.0,17100
2017/03/27,1345.0,1345.0,1327.0,1330.0,19900
2017/03/28,1343.0,1360.0,1343.0,1360.0,43200
2017/03/29,1357.0,1374.0,1355.0,1373.0,17800
2017/03/30,1375.0,1385.0,1373.0,1379.0,23400
2017/03/31,1380.0,1388.0,1364.0,1364.0,40500
2017/04/03,1378.0,1387.0,1365.0,1382.0,19900
2017/04/04,1385.0,1394.0,1322.0,1394.0,51400
2017/04/05,1394.0,1412.0,1364.0,1374.0,62600
2017/04/06,1361.0,1409.0,1346.0,1347.0,52700
2017/04/07,1335.0,1366.0,1335.0,1353.0,32100
2017/04/10,1350.0,1368.0,1350.0,1360.0,20800
2017/04/11,1350.0,1353.0,1344.0,1345.0,15300
2017/04/12,1332.0,1332.0,1305.0,1319.0,21800
2017/04/13,1295.0,1306.0,1280.0,1304.0,20000
2017/04/14,1285.0,1290.0,1277.0,1277.0,23800
2017/04/17,1268.0,1290.0,1266.0,1280.0,16500
2017/04/18,1286.0,1298.0,1281.0,1290.0,15900
2017/04/19,1283.0,1304.0,1283.0,1289.0,20300
2017/04/20,1300.0,1302.0,1289.0,1289.0,18100
2017/04/21,1288.0,1290.0,1273.0,1277.0,47000
2017/04/24,1287.0,1304.0,1287.0,1300.0,25900
2017/04/25,1300.0,1326.0,1298.0,1321.0,23600
2017/04/26,1321.0,1325.0,1312.0,1313.0,52100
2017/04/27,1321.0,1336.0,1321.0,1327.0,32600
2017/04/28,1331.0,1348.0,1321.0,1333.0,31600
2017/05/01,1330.0,1346.0,1330.0,1344.0,12700
2017/05/02,1335.0,1361.0,1335.0,1338.0,31900
2017/05/08,1372.0,1400.0,1361.0,1400.0,56600
2017/05/09,1424.0,1525.0,1424.0,1522.0,220100
2017/05/10,1529.0,1532.0,1507.0,1509.0,66200
2017/05/11,1510.0,1518.0,1502.0,1510.0,63200
2017/05/12,1506.0,1519.0,1497.0,1517.0,85000
2017/05/15,1492.0,1533.0,1492.0,1512.0,79300
2017/05/16,1523.0,1549.0,1516.0,1538.0,87800
2017/05/17,1538.0,1595.0,1531.0,1595.0,67000
2017/05/18,1550.0,1574.0,1544.0,1567.0,103900
2017/05/19,1573.0,1616.0,1573.0,1608.0,57800
2017/05/22,1615.0,1617.0,1601.0,1613.0,32100
2017/05/23,1613.0,1634.0,1601.0,1627.0,51800
2017/05/24,1634.0,1669.0,1629.0,1669.0,51900
2017/05/25,1678.0,1683.0,1644.0,1644.0,42300
2017/05/26,1636.0,1636.0,1592.0,1600.0,45600
2017/05/29,1595.0,1615.0,1577.0,1599.0,29100
2017/05/30,1595.0,1609.0,1586.0,1603.0,19400
2017/05/31,1608.0,1648.0,1598.0,1633.0,44100
2017/06/01,1645.0,1660.0,1638.0,1654.0,64100
2017/06/02,1654.0,1658.0,1648.0,1652.0,47500
2017/06/05,1645.0,1647.0,1634.0,1637.0,19200
2017/06/06,1639.0,1639.0,1587.0,1591.0,43800
2017/06/07,1585.0,1631.0,1584.0,1615.0,78000
2017/06/08,1616.0,1629.0,1601.0,1603.0,26000
2017/06/09,1593.0,1627.0,1585.0,1614.0,35900
2017/06/12,1610.0,1619.0,1586.0,1611.0,24400
2017/06/13,1609.0,1627.0,1604.0,1618.0,28700
2017/06/14,1611.0,1623.0,1592.0,1592.0,29200
2017/06/15,1590.0,1598.0,1563.0,1563.0,30900
2017/06/16,1580.0,1581.0,1563.0,1568.0,26700
2017/06/19,1561.0,1595.0,1561.0,1580.0,26500
2017/06/20,1585.0,1609.0,1578.0,1603.0,31400
2017/06/21,1584.0,1605.0,1583.0,1587.0,17000
2017/06/22,1583.0,1591.0,1565.0,1566.0,41000
2017/06/23,1563.0,1567.0,1550.0,1550.0,29700
2017/06/26,1557.0,1574.0,1555.0,1568.0,13500
2017/06/27,1575.0,1575.0,1560.0,1562.0,21400
2017/06/28,1553.0,1566.0,1547.0,1549.0,33500
2017/06/29,1549.0,1577.0,1549.0,1575.0,21300
2017/06/30,1560.0,1584.0,1556.0,1575.0,43300
2017/07/03,1578.0,1591.0,1555.0,1562.0,115400
2017/07/04,1566.0,1567.0,1534.0,1543.0,39100
2017/07/05,1530.0,1540.0,1514.0,1532.0,32700
2017/07/06,1515.0,1535.0,1515.0,1526.0,23100
2017/07/07,1510.0,1523.0,1496.0,1496.0,30200
2017/07/10,1496.0,1513.0,1479.0,1501.0,53500
2017/07/11,1490.0,1537.0,1490.0,1528.0,24400
2017/07/12,1515.0,1527.0,1507.0,1507.0,21300
2017/07/13,1501.0,1513.0,1495.0,1500.0,25500
2017/07/14,1497.0,1516.0,1490.0,1491.0,29600
2017/07/18,1491.0,1510.0,1468.0,1498.0,38700
2017/07/19,1498.0,1514.0,1492.0,1497.0,27200
2017/07/20,1498.0,1527.0,1498.0,1525.0,26300
2017/07/21,1529.0,1530.0,1514.0,1518.0,18800
2017/07/24,1503.0,1527.0,1498.0,1523.0,28900
2017/07/25,1530.0,1531.0,1503.0,1504.0,17800
2017/07/26,1508.0,1509.0,1455.0,1463.0,39500
2017/07/27,1463.0,1492.0,1457.0,1475.0,19600
2017/07/28,1471.0,1486.0,1465.0,1480.0,17000
2017/07/31,1488.0,1488.0,1452.0,1452.0,16700
2017/08/01,1447.0,1468.0,1446.0,1456.0,18200
2017/08/02,1456.0,1483.0,1456.0,1476.0,16600
2017/08/03,1471.0,1496.0,1470.0,1495.0,27800
2017/08/04,1490.0,1540.0,1480.0,1537.0,34300
2017/08/07,1552.0,1581.0,1551.0,1579.0,42800
2017/08/08,1570.0,1587.0,1559.0,1578.0,48000
2017/08/09,1580.0,1580.0,1529.0,1546.0,48300
2017/08/10,1544.0,1555.0,1534.0,1547.0,23300
2017/08/14,1538.0,1545.0,1516.0,1530.0,25200
2017/08/15,1544.0,1576.0,1544.0,1567.0,19300
2017/08/16,1569.0,1574.0,1563.0,1564.0,14000
2017/08/17,1556.0,1583.0,1556.0,1579.0,24200
2017/08/18,1567.0,1579.0,1538.0,1570.0,45500
2017/08/21,1570.0,1573.0,1554.0,1565.0,11700
2017/08/22,1565.0,1579.0,1560.0,1579.0,16100
2017/08/23,1583.0,1589.0,1570.0,1580.0,15800
2017/08/24,1590.0,1619.0,1584.0,1619.0,39900
2017/08/25,1620.0,1620.0,1575.0,1580.0,14000
2017/08/28,1577.0,1577.0,1540.0,1555.0,21400
2017/08/29,1553.0,1571.0,1541.0,1571.0,12100
2017/08/30,1571.0,1579.0,1554.0,1568.0,12000
2017/08/31,1568.0,1572.0,1535.0,1535.0,14800
2017/09/01,1539.0,1542.0,1523.0,1532.0,23000
2017/09/04,1516.0,1534.0,1485.0,1487.0,18400
2017/09/05,1485.0,1495.0,1426.0,1431.0,21300
2017/09/06,1429.0,1458.0,1405.0,1451.0,16000
2017/09/07,1472.0,1477.0,1441.0,1448.0,20100
2017/09/08,1478.0,1561.0,1418.0,1524.0,79400
2017/09/11,1527.0,1560.0,1511.0,1522.0,20700
2017/09/12,1555.0,1655.0,1547.0,1649.0,76800
2017/09/13,1650.0,1730.0,1650.0,1693.0,60300
2017/09/14,1688.0,1700.0,1640.0,1652.0,21600
2017/09/15,1652.0,1670.0,1623.0,1665.0,34300
2017/09/19,1669.0,1669.0,1651.0,1666.0,16400
2017/09/20,1657.0,1662.0,1638.0,1652.0,20600
2017/09/21,1654.0,1660.0,1638.0,1649.0,11900
2017/09/22,1658.0,1691.0,1652.0,1687.0,24900
2017/09/25,1697.0,1748.0,1686.0,1730.0,40200
2017/09/26,1730.0,1730.0,1691.0,1717.0,22400
2017/09/27,1699.0,1718.0,1697.0,1718.0,11200
2017/09/28,1737.0,1739.0,1717.0,1736.0,18200
2017/09/29,1705.0,1726.0,1705.0,1708.0,29300
2017/10/02,1725.0,1749.0,1695.0,1748.0,59100
2017/10/03,1750.0,1806.0,1750.0,1806.0,69400
2017/10/04,1813.0,1837.0,1778.0,1809.0,66100
2017/10/05,1800.0,1800.0,1752.0,1770.0,33200
2017/10/06,1770.0,1797.0,1769.0,1773.0,12800
2017/10/10,1780.0,1827.0,1777.0,1821.0,41000
2017/10/11,1835.0,1884.0,1835.0,1862.0,61600
2017/10/12,1870.0,1925.0,1867.0,1902.0,53200
2017/10/13,1897.0,1950.0,1897.0,1935.0,75400
2017/10/16,1928.0,1957.0,1913.0,1917.0,38900
2017/10/17,1920.0,1933.0,1871.0,1871.0,42200
2017/10/18,1876.0,1921.0,1875.0,1889.0,33800
2017/10/19,1871.0,1888.0,1861.0,1869.0,23500
2017/10/20,1869.0,1869.0,1821.0,1825.0,28300
2017/10/23,1890.0,2004.0,1885.0,1969.0,165900
2017/10/24,1971.0,1971.0,1927.0,1950.0,51600
2017/10/25,1950.0,1970.0,1906.0,1906.0,34900
2017/10/26,1904.0,1912.0,1880.0,1880.0,24900
2017/10/27,1890.0,1964.0,1886.0,1952.0,41500
2017/10/30,1970.0,2025.0,1966.0,1994.0,78500
2017/10/31,1996.0,2025.0,1983.0,2014.0,55600
2017/11/01,2020.0,2025.0,1996.0,2021.0,36200
2017/11/02,2024.0,2024.0,1950.0,1962.0,27000
2017/11/06,1996.0,1996.0,1950.0,1950.0,27600
2017/11/07,1910.0,1920.0,1871.0,1882.0,68600
2017/11/08,1886.0,1947.0,1886.0,1944.0,41400
2017/11/09,1946.0,1994.0,1932.0,1965.0,52900
2017/11/10,1939.0,1966.0,1925.0,1956.0,21300
2017/11/13,1971.0,1971.0,1921.0,1924.0,13700
2017/11/14,1926.0,1943.0,1884.0,1884.0,34400
2017/11/15,1880.0,1881.0,1832.0,1833.0,31200
2017/11/16,1813.0,1866.0,1812.0,1849.0,19900
2017/11/17,1855.0,1875.0,1848.0,1857.0,25600
2017/11/20,1857.0,1909.0,1857.0,1902.0,18700
2017/11/21,1906.0,1917.0,1896.0,1908.0,17300
2017/11/22,1910.0,1930.0,1904.0,1911.0,7700
2017/11/24,1911.0,1944.0,1906.0,1939.0,13200
2017/11/27,1937.0,1948.0,1903.0,1908.0,16700
2017/11/28,1910.0,1910.0,1856.0,1861.0,13900
2017/11/29,1868.0,1883.0,1859.0,1868.0,12500
2017/11/30,1846.0,1878.0,1823.0,1835.0,38200
2017/12/01,1850.0,1864.0,1820.0,1828.0,20600
2017/12/04,1835.0,1852.0,1832.0,1834.0,15500
2017/12/05,1819.0,1826.0,1809.0,1821.0,22200
2017/12/06,1830.0,1849.0,1810.0,1811.0,18200
2017/12/07,1815.0,1868.0,1815.0,1863.0,27700
2017/12/08,1876.0,1972.0,1874.0,1970.0,75500
2017/12/11,1976.0,1976.0,1919.0,1952.0,26400
2017/12/12,1945.0,1963.0,1922.0,1935.0,29300
2017/12/13,1923.0,1925.0,1872.0,1877.0,54300
2017/12/14,1885.0,1917.0,1885.0,1917.0,11100
2017/12/15,1916.0,1916.0,1873.0,1884.0,28100
2017/12/18,1899.0,1921.0,1890.0,1918.0,24800
2017/12/19,1904.0,1907.0,1884.0,1885.0,12600
2017/12/20,1885.0,1895.0,1875.0,1878.0,9900
2017/12/21,1880.0,1884.0,1862.0,1882.0,13100
2017/12/22,1882.0,1885.0,1847.0,1856.0,27800
2017/12/25,1856.0,1875.0,1850.0,1866.0,10600
2017/12/26,1866.0,1866.0,1840.0,1844.0,14300
2017/12/27,1844.0,1926.0,1842.0,1926.0,30500
2017/12/28,1930.0,1930.0,1915.0,1929.0,24000
2017/12/29,1910.0,1923.0,1892.0,1903.0,22000
2018/01/04,1938.0,1974.0,1931.0,1967.0,23800
2018/01/05,1965.0,1965.0,1935.0,1946.0,10900
2018/01/09,1940.0,1954.0,1930.0,1942.0,21400
2018/01/10,1938.0,1949.0,1931.0,1940.0,13300
2018/01/11,1914.0,1960.0,1914.0,1950.0,25300
2018/01/12,1939.0,1949.0,1929.0,1939.0,16300
2018/01/15,1945.0,1971.0,1940.0,1947.0,11400
2018/01/16,1950.0,1995.0,1948.0,1978.0,30500
2018/01/17,1950.0,1970.0,1950.0,1955.0,13800
2018/01/18,1956.0,1963.0,1908.0,1908.0,23300
2018/01/19,1910.0,1926.0,1910.0,1915.0,8100
2018/01/22,1913.0,1922.0,1913.0,1922.0,7100
2018/01/23,1936.0,1943.0,1927.0,1937.0,12100
2018/01/24,1940.0,1944.0,1920.0,1924.0,9600
2018/01/25,1916.0,1944.0,1911.0,1914.0,23100
2018/01/26,1914.0,1932.0,1905.0,1907.0,14000
2018/01/29,1898.0,1909.0,1879.0,1881.0,30900
2018/01/30,1893.0,1893.0,1858.0,1858.0,30600
2018/01/31,1841.0,1864.0,1839.0,1839.0,23900
2018/02/01,1829.0,1873.0,1829.0,1869.0,22400
2018/02/02,1870.0,1880.0,1866.0,1868.0,28000
2018/02/05,1828.0,1829.0,1807.0,1820.0,36400
2018/02/06,1755.0,1780.0,1741.0,1778.0,49500
2018/02/07,1810.0,1850.0,1774.0,1774.0,31400
2018/02/08,1797.0,1825.0,1785.0,1794.0,22200
2018/02/09,1725.0,1746.0,1724.0,1739.0,32500
2018/02/13,1760.0,1800.0,1701.0,1714.0,33500
2018/02/14,1720.0,1736.0,1713.0,1718.0,32000
2018/02/15,1736.0,1794.0,1726.0,1785.0,33100
2018/02/16,1785.0,1791.0,1749.0,1749.0,16900
2018/02/19,1776.0,1798.0,1774.0,1798.0,6200
2018/02/20,1796.0,1800.0,1771.0,1787.0,11600
2018/02/21,1764.0,1795.0,1764.0,1774.0,11000
2018/02/22,1785.0,1816.0,1776.0,1807.0,13600
2018/02/23,1818.0,1818.0,1803.0,1810.0,8100
2018/02/26,1818.0,1823.0,1798.0,1819.0,9400
2018/02/27,1830.0,1831.0,1818.0,1825.0,7300
2018/02/28,1810.0,1824.0,1798.0,1798.0,13400
2018/03/01,1783.0,1785.0,1753.0,1759.0,16100
2018/03/02,1721.0,1726.0,1711.0,1718.0,31100
2018/03/05,1718.0,1734.0,1667.0,1674.0,33100
2018/03/06,1685.0,1721.0,1685.0,1713.0,12400
2018/03/07,1703.0,1714.0,1676.0,1679.0,10700
2018/03/08,1681.0,1699.0,1668.0,1675.0,19200
2018/03/09,1663.0,1685.0,1653.0,1668.0,35000
2018/03/12,1689.0,1690.0,1658.0,1670.0,15400
2018/03/13,1661.0,1673.0,1655.0,1673.0,19700
2018/03/14,1673.0,1673.0,1654.0,1662.0,10900
2018/03/15,1662.0,1669.0,1653.0,1661.0,10100
2018/03/16,1665.0,1665.0,1645.0,1653.0,28200
2018/03/19,1640.0,1656.0,1627.0,1637.0,15700
2018/03/20,1614.0,1634.0,1614.0,1628.0,31900
2018/03/22,1609.0,1628.0,1608.0,1612.0,13200
2018/03/23,1561.0,1572.0,1511.0,1518.0,27400
2018/03/26,1512.0,1521.0,1482.0,1490.0,64100
2018/03/27,1501.0,1533.0,1492.0,1515.0,98500
2018/03/28,1505.0,1524.0,1492.0,1497.0,34800
2018/03/29,1497.0,1497.0,1458.0,1460.0,52000
2018/03/30,1475.0,1480.0,1461.0,1466.0,38000
2018/04/02,1476.0,1483.0,1433.0,1433.0,45400
2018/04/03,1420.0,1424.0,1409.0,1415.0,63200
2018/04/04,1425.0,1426.0,1417.0,1423.0,35600
2018/04/05,1424.0,1430.0,1414.0,1414.0,48200
2018/04/06,1421.0,1426.0,1394.0,1394.0,59600
2018/04/09,1380.0,1406.0,1365.0,1396.0,38700
2018/04/10,1396.0,1405.0,1388.0,1396.0,33600
2018/04/11,1406.0,1415.0,1390.0,1407.0,54000
2018/04/12,1403.0,1445.0,1403.0,1434.0,55200
2018/04/13,1446.0,1484.0,1446.0,1478.0,71100
2018/04/16,1478.0,1501.0,1474.0,1478.0,48500
2018/04/17,1478.0,1496.0,1470.0,1472.0,56800
2018/04/18,1472.0,1505.0,1472.0,1489.0,35900
2018/04/19,1486.0,1525.0,1485.0,1517.0,41200
2018/04/20,1517.0,1533.0,1507.0,1519.0,34500
2018/04/23,1519.0,1550.0,1511.0,1530.0,34100
2018/04/24,1538.0,1546.0,1525.0,1530.0,19100
2018/04/25,1520.0,1525.0,1510.0,1518.0,27500
2018/04/26,1501.0,1510.0,1474.0,1496.0,56500
2018/04/27,1496.0,1523.0,1496.0,1519.0,34600
2018/05/01,1521.0,1539.0,1519.0,1528.0,37600
2018/05/02,1530.0,1537.0,1513.0,1531.0,39400
2018/05/07,1530.0,1540.0,1518.0,1529.0,43800
2018/05/08,1650.0,1720.0,1635.0,1700.0,284700
2018/05/09,1708.0,1724.0,1686.0,1709.0,148900
2018/05/10,1704.0,1718.0,1680.0,1701.0,59500
2018/05/11,1714.0,1808.0,1714.0,1803.0,87500
2018/05/14,1814.0,1826.0,1760.0,1782.0,62600
2018/05/15,1782.0,1808.0,1770.0,1796.0,28700
2018/05/16,1779.0,1791.0,1762.0,1769.0,32300
2018/05/17,1775.0,1813.0,1775.0,1800.0,32800
2018/05/18,1798.0,1807.0,1764.0,1779.0,18400
2018/05/21,1773.0,1824.0,1773.0,1822.0,28600
2018/05/22,1812.0,1812.0,1778.0,1786.0,24100
2018/05/23,1791.0,1808.0,1781.0,1799.0,17300
2018/05/24,1784.0,1799.0,1772.0,1789.0,20200
2018/05/25,1776.0,1805.0,1767.0,1783.0,20900
2018/05/28,1783.0,1784.0,1724.0,1729.0,25900
2018/05/29,1731.0,1731.0,1704.0,1729.0,23900
2018/05/30,1703.0,1728.0,1692.0,1709.0,35700
2018/05/31,1727.0,1805.0,1726.0,1755.0,37000
2018/06/01,1744.0,1803.0,1743.0,1793.0,31300
2018/06/04,1800.0,1819.0,1800.0,1812.0,22000
2018/06/05,1808.0,1808.0,1780.0,1795.0,19400
2018/06/06,1782.0,1782.0,1733.0,1744.0,35300
2018/06/07,1742.0,1798.0,1742.0,1796.0,19200
2018/06/08,1800.0,1807.0,1782.0,1800.0,31000
2018/06/11,1805.0,1821.0,1792.0,1816.0,21500
2018/06/12,1830.0,1830.0,1793.0,1818.0,16100
2018/06/13,1818.0,1840.0,1810.0,1828.0,20900
2018/06/14,1813.0,1815.0,1777.0,1789.0,29300
2018/06/15,1773.0,1831.0,1773.0,1831.0,38100
2018/06/18,1826.0,1826.0,1792.0,1807.0,15900
2018/06/19,1798.0,1812.0,1772.0,1786.0,23600
2018/06/20,1777.0,1793.0,1757.0,1787.0,26700
2018/06/21,1809.0,1882.0,1809.0,1877.0,53600
2018/06/22,1899.0,1930.0,1878.0,1917.0,54600
2018/06/25,1950.0,1951.0,1796.0,1806.0,39200
2018/06/26,1759.0,1811.0,1756.0,1806.0,31800
2018/06/27,1828.0,1845.0,1804.0,1831.0,23000
2018/06/28,1804.0,1811.0,1792.0,1804.0,13000
2018/06/29,1796.0,1825.0,1768.0,1801.0,30700
2018/07/02,1801.0,1801.0,1681.0,1686.0,31700
2018/07/03,1688.0,1704.0,1617.0,1632.0,41200
2018/07/04,1632.0,1655.0,1621.0,1626.0,20500
2018/07/05,1620.0,1626.0,1577.0,1589.0,27300
2018/07/06,1577.0,1607.0,1577.0,1598.0,30700
2018/07/09,1598.0,1660.0,1598.0,1654.0,19100
2018/07/10,1680.0,1689.0,1633.0,1633.0,23000
2018/07/11,1606.0,1631.0,1575.0,1607.0,21000
2018/07/12,1627.0,1660.0,1627.0,1631.0,12600
2018/07/13,1626.0,1648.0,1625.0,1642.0,9000
2018/07/17,1639.0,1665.0,1631.0,1660.0,18200
2018/07/18,1649.0,1666.0,1636.0,1649.0,68900
2018/07/19,1652.0,1672.0,1643.0,1662.0,11100
2018/07/20,1659.0,1659.0,1622.0,1627.0,10100
2018/07/23,1610.0,1628.0,1602.0,1606.0,10000
2018/07/24,1622.0,1622.0,1588.0,1599.0,24500
2018/07/25,1621.0,1630.0,1594.0,1600.0,10300
2018/07/26,1620.0,1620.0,1580.0,1599.0,33400
2018/07/27,1617.0,1655.0,1616.0,1646.0,15700
2018/07/30,1638.0,1643.0,1619.0,1631.0,12100
2018/07/31,1628.0,1636.0,1606.0,1622.0,16600
2018/08/01,1619.0,1619.0,1591.0,1608.0,17100
2018/08/02,1622.0,1631.0,1590.0,1597.0,17000
2018/08/03,1614.0,1625.0,1591.0,1614.0,21000
2018/08/06,1654.0,1690.0,1628.0,1681.0,66300
2018/08/07,1794.0,1845.0,1761.0,1786.0,151300
2018/08/08,1797.0,1805.0,1764.0,1783.0,69300
2018/08/09,1786.0,1809.0,1769.0,1795.0,33800
2018/08/10,1808.0,1809.0,1750.0,1771.0,34300
2018/08/13,1733.0,1740.0,1683.0,1686.0,29100
2018/08/14,1686.0,1723.0,1686.0,1720.0,16300
2018/08/15,1748.0,1748.0,1669.0,1693.0,17100
2018/08/16,1663.0,1685.0,1649.0,1651.0,17400
2018/08/17,1651.0,1668.0,1633.0,1634.0,14700
2018/08/20,1638.0,1638.0,1603.0,1603.0,9400
2018/08/21,1600.0,1600.0,1569.0,1595.0,16000
2018/08/22,1595.0,1630.0,1595.0,1618.0,10600
2018/08/23,1618.0,1645.0,1617.0,1624.0,9400
2018/08/24,1615.0,1641.0,1605.0,1637.0,19200
2018/08/27,1637.0,1649.0,1637.0,1646.0,13000
2018/08/28,1660.0,1678.0,1645.0,1655.0,17300
2018/08/29,1659.0,1696.0,1648.0,1692.0,14400
2018/08/30,1700.0,1746.0,1692.0,1735.0,32400
2018/08/31,1683.0,1718.0,1677.0,1700.0,36300
2018/09/03,1700.0,1710.0,1673.0,1689.0,32200
2018/09/04,1683.0,1688.0,1674.0,1680.0,16200
2018/09/05,1670.0,1695.0,1657.0,1671.0,13000
2018/09/06,1655.0,1663.0,1632.0,1650.0,19100
2018/09/07,1629.0,1636.0,1612.0,1631.0,10400
2018/09/10,1645.0,1663.0,1636.0,1651.0,13200
2018/09/11,1653.0,1689.0,1640.0,1684.0,17400
2018/09/12,1690.0,1693.0,1651.0,1676.0,20800
2018/09/13,1662.0,1698.0,1662.0,1682.0,18000
2018/09/14,1715.0,1759.0,1701.0,1759.0,37300
2018/09/18,1778.0,1832.0,1765.0,1814.0,39700
2018/09/19,1826.0,1848.0,1800.0,1845.0,40600
2018/09/20,1850.0,1850.0,1782.0,1791.0,28200
2018/09/21,1783.0,1800.0,1746.0,1800.0,46100
2018/09/25,1779.0,1807.0,1767.0,1802.0,39600
2018/09/26,1806.0,1834.0,1779.0,1834.0,17300
2018/09/27,1834.0,1911.0,1821.0,1887.0,54300
2018/09/28,1899.0,1899.0,1854.0,1864.0,28700
2018/10/01,1850.0,1867.0,1842.0,1853.0,13300
2018/10/02,1850.0,1918.0,1850.0,1859.0,29400
2018/10/03,1850.0,1906.0,1839.0,1864.0,31700
2018/10/04,1890.0,1920.0,1850.0,1905.0,37900
2018/10/05,1894.0,1898.0,1862.0,1887.0,20700
2018/10/09,1861.0,1874.0,1823.0,1837.0,25200
2018/10/10,1839.0,1872.0,1808.0,1828.0,31500
2018/10/11,1750.0,1836.0,1750.0,1784.0,38800
2018/10/12,1745.0,1782.0,1711.0,1711.0,55100
2018/10/15,1715.0,1725.0,1660.0,1661.0,34000
2018/10/16,1650.0,1681.0,1637.0,1655.0,22400
2018/10/17,1670.0,1740.0,1670.0,1710.0,25700
2018/10/18,1714.0,1741.0,1680.0,1682.0,19900
2018/10/19,1652.0,1710.0,1650.0,1691.0,28700
2018/10/22,1691.0,1786.0,1690.0,1772.0,39400
2018/10/23,1758.0,1759.0,1706.0,1709.0,24900
2018/10/24,1709.0,1754.0,1709.0,1734.0,31300
2018/10/25,1710.0,1710.0,1623.0,1625.0,38500
2018/10/26,1647.0,1657.0,1595.0,1612.0,33100
2018/10/29,1610.0,1639.0,1580.0,1583.0,25100
2018/10/30,1557.0,1599.0,1550.0,1586.0,56800
2018/10/31,1606.0,1683.0,1606.0,1681.0,38500
2018/11/01,1671.0,1677.0,1626.0,1632.0,23400
2018/11/02,1642.0,1685.0,1640.0,1655.0,32300
2018/11/05,1623.0,1690.0,1623.0,1669.0,29000
2018/11/06,1829.0,1944.0,1820.0,1850.0,202200
2018/11/07,1850.0,1853.0,1768.0,1781.0,151700
2018/11/08,1801.0,1884.0,1801.0,1858.0,56700
2018/11/09,1856.0,1878.0,1819.0,1837.0,38100
2018/11/12,1812.0,1906.0,1812.0,1896.0,62000
2018/11/13,1830.0,1890.0,1802.0,1861.0,45300
2018/11/14,1850.0,1877.0,1816.0,1817.0,25800
2018/11/15,1791.0,1840.0,1771.0,1824.0,22800
2018/11/16,1836.0,1860.0,1821.0,1823.0,14100
2018/11/19,1808.0,1856.0,1808.0,1856.0,24600
2018/11/20,1837.0,1849.0,1800.0,1826.0,32300
2018/11/21,1792.0,1870.0,1790.0,1855.0,25900
2018/11/22,1857.0,1878.0,1834.0,1874.0,17100
2018/11/26,1852.0,1877.0,1850.0,1862.0,25100
2018/11/27,1885.0,1900.0,1855.0,1889.0,36000
2018/11/28,1888.0,1891.0,1867.0,1867.0,14600
2018/11/29,1855.0,1867.0,1802.0,1811.0,41900
2018/11/30,1812.0,1815.0,1765.0,1766.0,34100
2018/12/03,1777.0,1810.0,1739.0,1802.0,76200
2018/12/04,1790.0,1792.0,1717.0,1717.0,50800
2018/12/05,1681.0,1732.0,1664.0,1725.0,44100
2018/12/06,1700.0,1715.0,1655.0,1660.0,32100
2018/12/07,1700.0,1700.0,1648.0,1673.0,30800
2018/12/10,1660.0,1660.0,1605.0,1607.0,34500
2018/12/11,1614.0,1614.0,1555.0,1558.0,31800
2018/12/12,1594.0,1682.0,1589.0,1643.0,59700
2018/12/13,1650.0,1718.0,1650.0,1712.0,62100
2018/12/14,1709.0,1724.0,1686.0,1702.0,71400
2018/12/17,1700.0,1703.0,1669.0,1689.0,21300
2018/12/18,1671.0,1671.0,1590.0,1591.0,22000
2018/12/19,1571.0,1582.0,1543.0,1552.0,36200
2018/12/20,1550.0,1550.0,1446.0,1450.0,37200
2018/12/21,1460.0,1466.0,1401.0,1446.0,51500
2018/12/25,1389.0,1406.0,1350.0,1354.0,37200
2018/12/26,1414.0,1421.0,1376.0,1395.0,50900
2018/12/27,1455.0,1513.0,1455.0,1504.0,67400
2018/12/28,1467.0,1504.0,1465.0,1495.0,25800
2019/01/04,1465.0,1493.0,1448.0,1462.0,38900
2019/01/07,1510.0,1555.0,1509.0,1530.0,45900
2019/01/08,1534.0,1557.0,1524.0,1541.0,21500
2019/01/09,1542.0,1560.0,1535.0,1545.0,21000
2019/01/10,1520.0,1537.0,1501.0,1519.0,26600
2019/01/11,1519.0,1563.0,1512.0,1554.0,61400
2019/01/15,1521.0,1551.0,1520.0,1546.0,27700
2019/01/16,1534.0,1554.0,1523.0,1534.0,21100
2019/01/17,1536.0,1562.0,1519.0,1524.0,18500
2019/01/18,1535.0,1550.0,1499.0,1521.0,26500
2019/01/21,1526.0,1549.0,1512.0,1520.0,20600
2019/01/22,1521.0,1528.0,1483.0,1490.0,23000
2019/01/23,1473.0,1500.0,1452.0,1488.0,19900
2019/01/24,1488.0,1505.0,1475.0,1499.0,14500
2019/01/25,1507.0,1539.0,1495.0,1518.0,14300
2019/01/28,1518.0,1523.0,1500.0,1504.0,18800
2019/01/29,1507.0,1508.0,1445.0,1464.0,40200
2019/01/30,1464.0,1489.0,1433.0,1433.0,41300
2019/01/31,1440.0,1472.0,1439.0,1443.0,30800
2019/02/01,1450.0,1523.0,1434.0,1484.0,32200
2019/02/04,1514.0,1589.0,1514.0,1567.0,46200
2019/02/05,1591.0,1633.0,1584.0,1614.0,44900
2019/02/06,1614.0,1620.0,1594.0,1609.0,20500
2019/02/07,1630.0,1654.0,1604.0,1646.0,44600
2019/02/08,1610.0,1650.0,1555.0,1576.0,76500
2019/02/12,1600.0,1626.0,1569.0,1623.0,48300
2019/02/13,1622.0,1625.0,1576.0,1597.0,42200
2019/02/14,1579.0,1623.0,1571.0,1620.0,29500
2019/02/15,1600.0,1623.0,1596.0,1600.0,14400
2019/02/18,1627.0,1648.0,1598.0,1627.0,23100
2019/02/19,1618.0,1638.0,1605.0,1608.0,16000
2019/02/20,1607.0,1615.0,1596.0,1599.0,11300
2019/02/21,1599.0,1599.0,1571.0,1585.0,16600
2019/02/22,1569.0,1587.0,1564.0,1581.0,18900
2019/02/25,1587.0,1593.0,1574.0,1589.0,13800
2019/02/26,1597.0,1597.0,1558.0,1577.0,12400
2019/02/27,1577.0,1581.0,1553.0,1557.0,30800
2019/02/28,1560.0,1561.0,1540.0,1547.0,35000
2019/03/01,1548.0,1556.0,1540.0,1545.0,23200
2019/03/04,1560.0,1560.0,1539.0,1554.0,16800
2019/03/05,1536.0,1589.0,1536.0,1566.0,39800
2019/03/06,1558.0,1600.0,1558.0,1587.0,41800
2019/03/07,1571.0,1579.0,1548.0,1557.0,28800
2019/03/08,1538.0,1551.0,1515.0,1524.0,58500
2019/03/11,1529.0,1602.0,1460.0,1478.0,93200
2019/03/12,1499.0,1540.0,1493.0,1512.0,75400
2019/03/13,1510.0,1519.0,1460.0,1468.0,40500
2019/03/14,1480.0,1481.0,1441.0,1452.0,47000
2019/03/15,1449.0,1477.0,1426.0,1474.0,67400
2019/03/18,1475.0,1484.0,1406.0,1471.0,105400
2019/03/19,1477.0,1477.0,1430.0,1436.0,40700
2019/03/20,1444.0,1498.0,1430.0,1482.0,70400
2019/03/22,1497.0,1499.0,1463.0,1492.0,38100
2019/03/25,1462.0,1463.0,1432.0,1447.0,35400
2019/03/26,1460.0,1505.0,1460.0,1496.0,63400
2019/03/27,1512.0,1518.0,1487.0,1516.0,48500
2019/03/28,1486.0,1495.0,1470.0,1474.0,33800
2019/03/29,1481.0,1498.0,1469.0,1497.0,36300
2019/04/01,1499.0,1533.0,1499.0,1522.0,57200
2019/04/02,1535.0,1535.0,1492.0,1497.0,22500
2019/04/03,1497.0,1530.0,1494.0,1525.0,52400
2019/04/04,1523.0,1533.0,1511.0,1512.0,29200
2019/04/05,1521.0,1521.0,1496.0,1503.0,29800
2019/04/08,1500.0,1500.0,1462.0,1480.0,29200
2019/04/09,1479.0,1490.0,1440.0,1488.0,52100
2019/04/10,1479.0,1527.0,1479.0,1520.0,29600
2019/04/11,1507.0,1525.0,1505.0,1510.0,15400
2019/04/12,1499.0,1522.0,1482.0,1514.0,15600
2019/04/15,1525.0,1565.0,1525.0,1565.0,38600
2019/04/16,1546.0,1558.0,1540.0,1551.0,11600
2019/04/17,1544.0,1563.0,1539.0,1553.0,20100
2019/04/18,1551.0,1551.0,1491.0,1497.0,28000
2019/04/19,1501.0,1513.0,1488.0,1493.0,18100
2019/04/22,1491.0,1504.0,1474.0,1475.0,16400
2019/04/23,1484.0,1503.0,1482.0,1489.0,16400
2019/04/24,1491.0,1514.0,1484.0,1502.0,15100
2019/04/25,1503.0,1531.0,1502.0,1524.0,26200
2019/04/26,1516.0,1532.0,1509.0,1525.0,13400
2019/05/07,1527.0,1568.0,1527.0,1553.0,45800
2019/05/08,1550.0,1595.0,1549.0,1593.0,78400
2019/05/09,1608.0,1615.0,1578.0,1587.0,63400
2019/05/10,1600.0,1649.0,1591.0,1625.0,70800
2019/05/13,1625.0,1641.0,1606.0,1622.0,63700
2019/05/14,1462.0,1510.0,1406.0,1504.0,74700
2019/05/15,1500.0,1504.0,1476.0,1479.0,25700
2019/05/16,1478.0,1479.0,1410.0,1434.0,42000
2019/05/17,1467.0,1480.0,1443.0,1477.0,29700
2019/05/20,1477.0,1480.0,1444.0,1459.0,39800
2019/05/21,1439.0,1445.0,1426.0,1436.0,27400
2019/05/22,1444.0,1454.0,1429.0,1442.0,23900
2019/05/23,1420.0,1432.0,1407.0,1424.0,27800
2019/05/24,1415.0,1430.0,1405.0,1430.0,20700
2019/05/27,1435.0,1455.0,1435.0,1450.0,12100
2019/05/28,1450.0,1465.0,1439.0,1455.0,30000
2019/05/29,1465.0,1484.0,1455.0,1480.0,40100
2019/05/30,1480.0,1495.0,1474.0,1488.0,34500
2019/05/31,1491.0,1523.0,1479.0,1505.0,29000
2019/06/03,1476.0,1520.0,1476.0,1500.0,30100
2019/06/04,1505.0,1565.0,1501.0,1558.0,78500
2019/06/05,1575.0,1594.0,1573.0,1586.0,29600
2019/06/06,1575.0,1591.0,1566.0,1572.0,15800
2019/06/07,1583.0,1583.0,1562.0,1583.0,24000
2019/06/10,1590.0,1610.0,1588.0,1596.0,23000
2019/06/11,1602.0,1602.0,1582.0,1596.0,20900
2019/06/12,1592.0,1605.0,1573.0,1584.0,17500
2019/06/13,1583.0,1600.0,1579.0,1585.0,31000
2019/06/14,1573.0,1593.0,1559.0,1577.0,43900
2019/06/17,1570.0,1585.0,1567.0,1572.0,22100
2019/06/18,1565.0,1577.0,1542.0,1560.0,24400
2019/06/19,1561.0,1607.0,1559.0,1594.0,43300
2019/06/20,1594.0,1608.0,1574.0,1604.0,29700
2019/06/21,1602.0,1637.0,1589.0,1617.0,50200
2019/06/24,1617.0,1660.0,1609.0,1649.0,38700
2019/06/25,1650.0,1715.0,1631.0,1681.0,56600
2019/06/26,1690.0,1742.0,1686.0,1721.0,54500
2019/06/27,1730.0,1829.0,1723.0,1796.0,106000
2019/06/28,1778.0,1815.0,1771.0,1801.0,54300
2019/07/01,1806.0,1806.0,1778.0,1803.0,54200
2019/07/02,1801.0,1825.0,1798.0,1809.0,38700
2019/07/03,1816.0,1816.0,1792.0,1807.0,43200
2019/07/04,1804.0,1827.0,1784.0,1784.0,38300
2019/07/05,1765.0,1778.0,1746.0,1762.0,71900
2019/07/08,1751.0,1752.0,1723.0,1738.0,51300
2019/07/09,1746.0,1746.0,1701.0,1711.0,66600
2019/07/10,1700.0,1752.0,1700.0,1745.0,51600
2019/07/11,1745.0,1847.0,1745.0,1781.0,75500
2019/07/12,1786.0,1844.0,1786.0,1801.0,42700
2019/07/16,1801.0,1831.0,1801.0,1824.0,31300
2019/07/17,1823.0,1848.0,1800.0,1840.0,40200
2019/07/18,1838.0,1840.0,1810.0,1819.0,49500
2019/07/19,1813.0,1815.0,1778.0,1781.0,47000
2019/07/22,1781.0,1781.0,1750.0,1761.0,35300
2019/07/23,1784.0,1866.0,1758.0,1844.0,97200
2019/07/24,1858.0,1884.0,1828.0,1870.0,52900
2019/07/25,1880.0,1920.0,1870.0,1875.0,69400
2019/07/26,1861.0,1864.0,1831.0,1849.0,22900
2019/07/29,1855.0,1875.0,1843.0,1852.0,29700
2019/07/30,1848.0,1897.0,1836.0,1885.0,54100
2019/07/31,1885.0,1895.0,1865.0,1873.0,65800
2019/08/01,1857.0,1857.0,1818.0,1819.0,31100
2019/08/02,1798.0,1838.0,1788.0,1795.0,52200
2019/08/05,1768.0,1836.0,1765.0,1806.0,70900
2019/08/06,1747.0,1920.0,1730.0,1814.0,99900
2019/08/07,1813.0,1886.0,1803.0,1832.0,55000
2019/08/08,1835.0,1881.0,1823.0,1849.0,51700
2019/08/09,1862.0,1870.0,1844.0,1852.0,31000
2019/08/13,1813.0,1847.0,1785.0,1836.0,35700
2019/08/14,1845.0,1904.0,1842.0,1885.0,53300
2019/08/15,1830.0,1890.0,1825.0,1882.0,50200
2019/08/16,1882.0,1908.0,1879.0,1894.0,57800
2019/08/19,1910.0,1933.0,1869.0,1871.0,55500
2019/08/20,1871.0,1882.0,1849.0,1881.0,19800
2019/08/21,1857.0,1857.0,1825.0,1827.0,23900
2019/08/22,1826.0,1829.0,1806.0,1812.0,28100
2019/08/23,1805.0,1813.0,1781.0,1808.0,28600
2019/08/26,1771.0,1782.0,1755.0,1763.0,40400
2019/08/27,1787.0,1799.0,1760.0,1776.0,22000
2019/08/28,1751.0,1774.0,1750.0,1772.0,19100
2019/08/29,1772.0,1782.0,1741.0,1752.0,15600
2019/08/30,1771.0,1796.0,1762.0,1795.0,29700
2019/09/02,1798.0,1798.0,1750.0,1760.0,21600
2019/09/03,1761.0,1799.0,1750.0,1799.0,13300
2019/09/04,1786.0,1810.0,1786.0,1799.0,18400
2019/09/05,1802.0,1855.0,1802.0,1847.0,21900
2019/09/06,1843.0,1858.0,1832.0,1833.0,25700
2019/09/09,1827.0,1872.0,1827.0,1865.0,19000
2019/09/10,1839.0,1861.0,1831.0,1857.0,26700
2019/09/11,1872.0,1872.0,1837.0,1849.0,19400
2019/09/12,1849.0,1856.0,1816.0,1845.0,24100
2019/09/13,1849.0,1867.0,1832.0,1857.0,32700
2019/09/17,1871.0,1903.0,1845.0,1869.0,32100
2019/09/18,1857.0,1858.0,1820.0,1835.0,24000
2019/09/19,1840.0,1869.0,1840.0,1869.0,24800
2019/09/20,1870.0,1905.0,1869.0,1896.0,29200
2019/09/24,1900.0,1907.0,1840.0,1848.0,16800
2019/09/25,1832.0,1851.0,1819.0,1845.0,15900
2019/09/26,1855.0,1885.0,1852.0,1864.0,29400
2019/09/27,1849.0,1869.0,1824.0,1850.0,22500
2019/09/30,1829.0,1864.0,1823.0,1860.0,18400
2019/10/01,1874.0,1898.0,1874.0,1890.0,25800
2019/10/02,1890.0,1909.0,1885.0,1892.0,27200
2019/10/03,1867.0,1878.0,1846.0,1878.0,39300
2019/10/04,1857.0,1872.0,1841.0,1846.0,29300
2019/10/07,1850.0,1862.0,1819.0,1832.0,12900
2019/10/08,1845.0,1876.0,1830.0,1872.0,12800
2019/10/09,1870.0,1896.0,1867.0,1886.0,22400
2019/10/10,1878.0,1899.0,1850.0,1893.0,21000
2019/10/11,1894.0,1894.0,1866.0,1886.0,22800
2019/10/15,1880.0,1899.0,1867.0,1872.0,21000
2019/10/16,1899.0,1936.0,1890.0,1936.0,39400
2019/10/17,1940.0,1997.0,1934.0,1991.0,60600
2019/10/18,1999.0,2017.0,1970.0,1980.0,38700
2019/10/21,1978.0,1994.0,1967.0,1989.0,16200
2019/10/23,1992.0,2002.0,1972.0,1987.0,25000
2019/10/24,2000.0,2000.0,1941.0,1948.0,20700
2019/10/25,2022.0,2128.0,2022.0,2128.0,178800
2019/10/28,2160.0,2243.0,2156.0,2210.0,135000
2019/10/29,2242.0,2277.0,2206.0,2212.0,85900
2019/10/30,2185.0,2248.0,2140.0,2248.0,87800
2019/10/31,2250.0,2309.0,2246.0,2306.0,99100
2019/11/01,2268.0,2292.0,2234.0,2247.0,60500
2019/11/05,2268.0,2347.0,2255.0,2329.0,67200
2019/11/06,2335.0,2391.0,2315.0,2376.0,93200
2019/11/07,2376.0,2455.0,2376.0,2394.0,102900
2019/11/08,2395.0,2400.0,2276.0,2313.0,102400
2019/11/11,2300.0,2330.0,2286.0,2294.0,60600
2019/11/12,2415.0,2472.0,2343.0,2372.0,133400
2019/11/13,2450.0,2450.0,2351.0,2357.0,70400
2019/11/14,2351.0,2375.0,2331.0,2346.0,28700
2019/11/15,2355.0,2355.0,2250.0,2277.0,93200
2019/11/18,2268.0,2327.0,2253.0,2283.0,97900
2019/11/19,2280.0,2281.0,2251.0,2278.0,47200
2019/11/20,2267.0,2323.0,2255.0,2315.0,39800
2019/11/21,2315.0,2543.0,2314.0,2538.0,224400
2019/11/22,2540.0,2579.0,2494.0,2498.0,83700
2019/11/25,2531.0,2579.0,2496.0,2500.0,37100
2019/11/26,2500.0,2517.0,2444.0,2446.0,70400
2019/11/27,2492.0,2527.0,2428.0,2522.0,57500
2019/11/28,2513.0,2538.0,2471.0,2508.0,44000
2019/11/29,2509.0,2509.0,2460.0,2474.0,27400
2019/12/02,2450.0,2536.0,2450.0,2510.0,65900
2019/12/03,2500.0,2550.0,2477.0,2532.0,34600
2019/12/04,2522.0,2523.0,2460.0,2500.0,39100
2019/12/05,2520.0,2520.0,2425.0,2439.0,41200
2019/12/06,2439.0,2467.0,2408.0,2417.0,39000
2019/12/09,2411.0,2435.0,2373.0,2396.0,28500
2019/12/10,2410.0,2459.0,2385.0,2437.0,41100
2019/12/11,2448.0,2494.0,2439.0,2494.0,58400
2019/12/12,2515.0,2559.0,2475.0,2534.0,66900
2019/12/13,2563.0,2573.0,2533.0,2550.0,54100
2019/12/16,2566.0,2575.0,2534.0,2542.0,34000
2019/12/17,2550.0,2578.0,2535.0,2578.0,38300
2019/12/18,2570.0,2571.0,2519.0,2537.0,37600
2019/12/19,2558.0,2588.0,2502.0,2505.0,28700
2019/12/20,2529.0,2540.0,2478.0,2481.0,37400
2019/12/23,2517.0,2544.0,2492.0,2502.0,31100
2019/12/24,2495.0,2508.0,2469.0,2508.0,26000
2019/12/25,2508.0,2553.0,2508.0,2517.0,24000
2019/12/26,2534.0,2540.0,2468.0,2508.0,35700
2019/12/27,2540.0,2557.0,2510.0,2532.0,36400
2019/12/30,2517.0,2524.0,2485.0,2490.0,27400
2020/01/06,2447.0,2497.0,2425.0,2473.0,38100
2020/01/07,2492.0,2592.0,2492.0,2575.0,51700
2020/01/08,2570.0,2570.0,2475.0,2540.0,45900
2020/01/09,2585.0,2602.0,2555.0,2579.0,22300
2020/01/10,2595.0,2620.0,2548.0,2619.0,42300
2020/01/14,2629.0,2669.0,2610.0,2636.0,46800
2020/01/15,2636.0,2664.0,2594.0,2619.0,62800
2020/01/16,2619.0,2660.0,2611.0,2656.0,30000
2020/01/17,2656.0,2685.0,2622.0,2643.0,52500
2020/01/20,2672.0,2672.0,2639.0,2660.0,39300
2020/01/21,2670.0,2726.0,2643.0,2664.0,72000
2020/01/22,2677.0,2682.0,2604.0,2653.0,45300
2020/01/23,2638.0,2655.0,2613.0,2647.0,31700
2020/01/24,2640.0,2640.0,2593.0,2600.0,32500
2020/01/27,2550.0,2662.0,2521.0,2640.0,56800
2020/01/28,2627.0,2644.0,2602.0,2609.0,58300
2020/01/29,2622.0,2636.0,2528.0,2593.0,52500
2020/01/30,2550.0,2557.0,2493.0,2508.0,51500
2020/01/31,2489.0,2535.0,2475.0,2501.0,27300
2020/02/03,2435.0,2509.0,2433.0,2502.0,30700
2020/02/04,2508.0,2591.0,2505.0,2585.0,32500
2020/02/05,2603.0,2620.0,2593.0,2600.0,55100
2020/02/06,2630.0,2740.0,2628.0,2738.0,82300
2020/02/07,2601.0,2716.0,2601.0,2641.0,228600
2020/02/10,2641.0,2702.0,2640.0,2677.0,125200
2020/02/12,2678.0,2707.0,2644.0,2659.0,129100
2020/02/13,2629.0,2649.0,2578.0,2599.0,61100
2020/02/14,2570.0,2575.0,2519.0,2533.0,40700
2020/02/17,2483.0,2490.0,2449.0,2467.0,49300
2020/02/18,2471.0,2478.0,2401.0,2420.0,56500
2020/02/19,2421.0,2481.0,2414.0,2439.0,44000
2020/02/20,2445.0,2481.0,2415.0,2426.0,39400
2020/02/21,2410.0,2423.0,2389.0,2400.0,51800
2020/02/25,2300.0,2312.0,2257.0,2279.0,74900
2020/02/26,2236.0,2269.0,2221.0,2262.0,56300
2020/02/27,2250.0,2260.0,2201.0,2211.0,73400
2020/02/28,2126.0,2174.0,2110.0,2130.0,97400
2020/03/02,2081.0,2250.0,2081.0,2208.0,57300
2020/03/03,2274.0,2279.0,2161.0,2161.0,82100
2020/03/04,2119.0,2236.0,2112.0,2185.0,83100
2020/03/05,2220.0,2220.0,2169.0,2185.0,44600
2020/03/06,2160.0,2185.0,2105.0,2116.0,47500
2020/03/09,2016.0,2067.0,2008.0,2022.0,75600
2020/03/10,1972.0,2148.0,1956.0,2124.0,102700
2020/03/11,2124.0,2161.0,2062.0,2064.0,68700
2020/03/12,2036.0,2064.0,1917.0,1931.0,85800
2020/03/13,1738.0,1856.0,1738.0,1784.0,138200
2020/03/16,1830.0,1912.0,1800.0,1830.0,113700
2020/03/17,1790.0,2017.0,1788.0,1999.0,81100
2020/03/18,2012.0,2099.0,1904.0,1909.0,141000
2020/03/19,1926.0,2039.0,1917.0,2039.0,87400
2020/03/23,1949.0,1976.0,1833.0,1900.0,120400
2020/03/24,1940.0,1980.0,1863.0,1896.0,93700
2020/03/25,1998.0,2098.0,1925.0,2097.0,56700
2020/03/26,2081.0,2222.0,2040.0,2194.0,78000
2020/03/27,2282.0,2325.0,2162.0,2269.0,96700
2020/03/30,2207.0,2313.0,2203.0,2306.0,59800
2020/03/31,2318.0,2412.0,2300.0,2306.0,92600
2020/04/01,2271.0,2319.0,2207.0,2222.0,43600
2020/04/02,2204.0,2230.0,2067.0,2073.0,106600
2020/04/03,2081.0,2161.0,2039.0,2047.0,53100
2020/04/06,2043.0,2120.0,2000.0,2105.0,57300
2020/04/07,2108.0,2218.0,2088.0,2202.0,49800
2020/04/08,2171.0,2251.0,2166.0,2215.0,36100
2020/04/09,2222.0,2233.0,2134.0,2191.0,28000
2020/04/10,2190.0,2233.0,2139.0,2229.0,30100
2020/04/13,2184.0,2200.0,2148.0,2181.0,32200
2020/04/14,2181.0,2181.0,2128.0,2147.0,28700
2020/04/15,2150.0,2176.0,2087.0,2100.0,69600
2020/04/16,2100.0,2257.0,2099.0,2257.0,43100
2020/04/17,2286.0,2371.0,2265.0,2329.0,52200
2020/04/20,2321.0,2322.0,2238.0,2250.0,58700
2020/04/21,2180.0,2200.0,2130.0,2168.0,58500
2020/04/22,2135.0,2234.0,2115.0,2233.0,46400
2020/04/23,2222.0,2238.0,2179.0,2201.0,57900
2020/04/24,2201.0,2282.0,2177.0,2276.0,84700
2020/04/27,2282.0,2372.0,2282.0,2372.0,49600
2020/04/28,2370.0,2414.0,2334.0,2414.0,45400
2020/04/30,2477.0,2477.0,2417.0,2443.0,47200
2020/05/01,2397.0,2482.0,2373.0,2470.0,62200
2020/05/07,2520.0,2585.0,2520.0,2549.0,81300
2020/05/08,2537.0,2559.0,2494.0,2533.0,54800
2020/05/11,2548.0,2621.0,2510.0,2621.0,59900
2020/05/12,2650.0,2718.0,2582.0,2623.0,113900
2020/05/13,2581.0,2582.0,2508.0,2566.0,56000
2020/05/14,2566.0,2598.0,2530.0,2530.0,22700
2020/05/15,2507.0,2525.0,2459.0,2494.0,76600
2020/05/18,2497.0,2516.0,2401.0,2413.0,95400
2020/05/19,2450.0,2495.0,2395.0,2495.0,69900
2020/05/20,2486.0,2508.0,2452.0,2456.0,54600
2020/05/21,2456.0,2562.0,2456.0,2548.0,105400
2020/05/22,2534.0,2566.0,2502.0,2514.0,72900
2020/05/25,2517.0,2553.0,2512.0,2526.0,43600
2020/05/26,2560.0,2578.0,2530.0,2574.0,65300
2020/05/27,2574.0,2578.0,2525.0,2570.0,60900
2020/05/28,2580.0,2590.0,2512.0,2530.0,79700
2020/05/29,2552.0,2637.0,2491.0,2602.0,430700
2020/06/01,2620.0,2702.0,2598.0,2681.0,72100
2020/06/02,2697.0,2775.0,2647.0,2736.0,101600
2020/06/03,2744.0,2759.0,2708.0,2750.0,79000
2020/06/04,2775.0,2805.0,2695.0,2766.0,83600
2020/06/05,2775.0,2783.0,2713.0,2780.0,61500
2020/06/08,2780.0,2791.0,2725.0,2749.0,43500
2020/06/09,2757.0,2789.0,2685.0,2711.0,63800
2020/06/10,2728.0,2755.0,2722.0,2747.0,48900
2020/06/11,2757.0,2757.0,2659.0,2665.0,27000
2020/06/12,2623.0,2639.0,2569.0,2594.0,78800
2020/06/15,2600.0,2611.0,2538.0,2557.0,76200
2020/06/16,2600.0,2700.0,2579.0,2697.0,46700
2020/06/17,2717.0,2749.0,2658.0,2723.0,50000
2020/06/18,2773.0,2779.0,2711.0,2750.0,33100
2020/06/19,2750.0,2771.0,2698.0,2749.0,68700
2020/06/22,2730.0,2766.0,2706.0,2750.0,30600
2020/06/23,2766.0,2768.0,2695.0,2749.0,55400
2020/06/24,2780.0,2827.0,2754.0,2812.0,74100
2020/06/25,2826.0,2865.0,2761.0,2782.0,43600
2020/06/26,2830.0,2897.0,2802.0,2871.0,113400
2020/06/29,2854.0,2925.0,2854.0,2892.0,101800
2020/06/30,2933.0,2950.0,2821.0,2862.0,76300
2020/07/01,2912.0,2962.0,2853.0,2878.0,77400
2020/07/02,2907.0,2917.0,2797.0,2812.0,97100
2020/07/03,2899.0,2980.0,2873.0,2971.0,73200
2020/07/06,2995.0,3025.0,2967.0,2979.0,48800
2020/07/07,3015.0,3065.0,3000.0,3045.0,57900
2020/07/08,3045.0,3095.0,3025.0,3050.0,59700
2020/07/09,3060.0,3100.0,3015.0,3060.0,56800
2020/07/10,3055.0,3110.0,3045.0,3070.0,50800
2020/07/13,3070.0,3080.0,3020.0,3040.0,57900
2020/07/14,3050.0,3085.0,3025.0,3085.0,64200
2020/07/15,3100.0,3190.0,3090.0,3190.0,82400
2020/07/16,3195.0,3200.0,3115.0,3165.0,71400
2020/07/17,3170.0,3195.0,3040.0,3075.0,64100
2020/07/20,3125.0,3130.0,3030.0,3090.0,36300
2020/07/21,3095.0,3170.0,3095.0,3145.0,42300
2020/07/22,3085.0,3110.0,3040.0,3050.0,32700
2020/07/27,3040.0,3105.0,3020.0,3100.0,33500
2020/07/28,3100.0,3215.0,3095.0,3185.0,44600
2020/07/29,3255.0,3265.0,3205.0,3235.0,61300
2020/07/30,3210.0,3235.0,3140.0,3185.0,44100
2020/07/31,3115.0,3150.0,3025.0,3065.0,56900
2020/08/03,3095.0,3135.0,3075.0,3100.0,35300
2020/08/04,3145.0,3165.0,3055.0,3085.0,46400
2020/08/05,3045.0,3045.0,2939.0,3000.0,100900
2020/08/06,2701.0,2835.0,2610.0,2835.0,259400
2020/08/07,2836.0,2837.0,2706.0,2824.0,100100
2020/08/11,2824.0,2824.0,2742.0,2760.0,65300
2020/08/12,2760.0,2804.0,2744.0,2785.0,52500
2020/08/13,2835.0,2850.0,2781.0,2842.0,41400
2020/08/14,2899.0,2951.0,2891.0,2895.0,69000
2020/08/17,2875.0,2880.0,2799.0,2806.0,33600
2020/08/18,2810.0,2907.0,2804.0,2896.0,43300
2020/08/19,2914.0,2929.0,2829.0,2838.0,39800
2020/08/20,2864.0,2864.0,2792.0,2804.0,72600
2020/08/21,2789.0,2789.0,2695.0,2716.0,56300
2020/08/24,2698.0,2698.0,2629.0,2647.0,105000
2020/08/25,2626.0,2626.0,2529.0,2556.0,230900
2020/08/26,2506.0,2531.0,2467.0,2501.0,131400
2020/08/27,2506.0,2540.0,2471.0,2522.0,64900
2020/08/28,2521.0,2598.0,2516.0,2548.0,130400
2020/08/31,2578.0,2587.0,2543.0,2564.0,68700
2020/09/01,2590.0,2653.0,2582.0,2640.0,90600
2020/09/02,2655.0,2660.0,2610.0,2633.0,50800
2020/09/03,2683.0,2700.0,2663.0,2692.0,58700
2020/09/04,2629.0,2653.0,2583.0,2585.0,46700
2020/09/07,2535.0,2540.0,2502.0,2532.0,85200
2020/09/08,2550.0,2565.0,2503.0,2530.0,40800
2020/09/09,2510.0,2562.0,2500.0,2554.0,48400
2020/09/10,2580.0,2616.0,2525.0,2557.0,42000
2020/09/11,2558.0,2583.0,2534.0,2579.0,51600
2020/09/14,2618.0,2623.0,2589.0,2600.0,54600
2020/09/15,2618.0,2618.0,2565.0,2584.0,47200
2020/09/16,2610.0,2650.0,2602.0,2623.0,50400
2020/09/17,2606.0,2661.0,2600.0,2655.0,54800
2020/09/18,2700.0,2758.0,2661.0,2727.0,113100
2020/09/23,2800.0,2932.0,2797.0,2915.0,188900
2020/09/24,2929.0,3020.0,2878.0,2916.0,181800
2020/09/25,3090.0,3100.0,2975.0,3000.0,160900
2020/09/28,3070.0,3070.0,2942.0,3010.0,166500
2020/09/29,3015.0,3015.0,2895.0,2956.0,119700
2020/09/30,2933.0,2940.0,2825.0,2828.0,57500
2020/10/01,,,,,0
2020/10/02,2850.0,2929.0,2780.0,2798.0,88800
2020/10/05,2782.0,2788.0,2740.0,2772.0,53300
2020/10/06,2772.0,2791.0,2727.0,2772.0,45900
2020/10/07,2772.0,2792.0,2743.0,2762.0,48000
2020/10/08,2764.0,2776.0,2722.0,2760.0,43600
2020/10/09,2736.0,2791.0,2724.0,2782.0,43700
2020/10/12,2816.0,2850.0,2788.0,2820.0,56900
2020/10/13,2844.0,2845.0,2754.0,2801.0,32100
2020/10/14,2777.0,2815.0,2744.0,2755.0,37600
2020/10/15,2755.0,2788.0,2716.0,2780.0,49100
2020/10/16,2780.0,2786.0,2700.0,2739.0,34700
2020/10/19,2725.0,2775.0,2705.0,2754.0,49100
2020/10/20,2736.0,2763.0,2665.0,2692.0,61000
2020/10/21,2692.0,2763.0,2688.0,2730.0,38600
2020/10/22,2706.0,2727.0,2653.0,2679.0,54900
2020/10/23,2705.0,2705.0,2588.0,2654.0,49900
2020/10/26,2692.0,2749.0,2658.0,2663.0,50000
2020/10/27,2663.0,2687.0,2601.0,2679.0,44000
2020/10/28,2701.0,2764.0,2663.0,2747.0,58800
2020/10/29,2697.0,2727.0,2624.0,2674.0,37000
2020/10/30,2683.0,2683.0,2598.0,2637.0,58100
2020/11/02,2630.0,2710.0,2626.0,2630.0,57400
2020/11/04,2690.0,2776.0,2679.0,2731.0,67600
2020/11/05,2708.0,2802.0,2656.0,2797.0,59700
2020/11/06,2837.0,2883.0,2814.0,2880.0,49300
2020/11/09,2921.0,2971.0,2851.0,2946.0,61700
2020/11/10,2646.0,2766.0,2570.0,2677.0,110400
2020/11/11,2777.0,2804.0,2705.0,2717.0,71000
2020/11/12,2743.0,2803.0,2705.0,2779.0,74400
2020/11/13,2790.0,2790.0,2701.0,2730.0,56700
2020/11/16,2734.0,2767.0,2693.0,2739.0,43300
2020/11/17,2711.0,2798.0,2661.0,2661.0,44500
2020/11/18,2700.0,2705.0,2650.0,2650.0,61100
2020/11/19,2630.0,2669.0,2605.0,2625.0,82300
2020/11/20,2639.0,2690.0,2629.0,2675.0,51200
2020/11/24,2725.0,2736.0,2676.0,2690.0,52500
2020/11/25,2670.0,2688.0,2628.0,2630.0,50400
2020/11/26,2630.0,2640.0,2604.0,2616.0,41000
2020/11/27,2665.0,2755.0,2615.0,2707.0,122600
2020/11/30,2669.0,2750.0,2642.0,2642.0,99800
2020/12/01,2686.0,2787.0,2686.0,2781.0,76900
2020/12/02,2799.0,2847.0,2747.0,2811.0,55900
2020/12/03,2778.0,2825.0,2726.0,2729.0,47000
2020/12/04,2719.0,2743.0,2708.0,2742.0,22400
2020/12/07,2726.0,2850.0,2703.0,2786.0,62400
2020/12/08,2759.0,2863.0,2755.0,2848.0,48900
2020/12/09,2858.0,2915.0,2794.0,2826.0,52100
2020/12/10,2820.0,2900.0,2783.0,2868.0,94200
2020/12/11,2999.0,3045.0,2929.0,3000.0,154000
2020/12/14,2961.0,2965.0,2883.0,2891.0,65600
2020/12/15,2891.0,2938.0,2836.0,2908.0,67800
2020/12/16,2867.0,2887.0,2780.0,2819.0,143100
2020/12/17,2865.0,2872.0,2780.0,2855.0,35300
2020/12/18,2843.0,2862.0,2778.0,2780.0,53900
2020/12/21,2787.0,2788.0,2739.0,2768.0,34400
2020/12/22,2736.0,2747.0,2643.0,2650.0,44100
2020/12/23,2675.0,2705.0,2672.0,2692.0,31100
2020/12/24,2729.0,2729.0,2680.0,2682.0,31300
2020/12/25,2782.0,2834.0,2750.0,2834.0,57500
2020/12/28,2867.0,2872.0,2806.0,2820.0,47500
2020/12/29,2854.0,2911.0,2847.0,2911.0,39700
2020/12/30,2880.0,2946.0,2880.0,2889.0,34300
2021/01/04,2839.0,2880.0,2802.0,2849.0,48900
2021/01/05,2821.0,2843.0,2792.0,2832.0,37300
2021/01/06,2849.0,2849.0,2776.0,2777.0,32400
2021/01/07,2821.0,2860.0,2770.0,2798.0,58400
2021/01/08,2748.0,2816.0,2690.0,2792.0,85400
2021/01/12,2810.0,2829.0,2746.0,2749.0,91300
2021/01/13,2737.0,2774.0,2686.0,2724.0,128700
2021/01/14,2680.0,2845.0,2680.0,2799.0,93300
2021/01/15,2780.0,2780.0,2712.0,2712.0,45400
2021/01/18,2715.0,2729.0,2681.0,2720.0,33000
2021/01/19,2711.0,2713.0,2675.0,2692.0,44500
2021/01/20,2663.0,2710.0,2650.0,2694.0,49000
2021/01/21,2701.0,2826.0,2701.0,2820.0,81700
2021/01/22,2823.0,2845.0,2761.0,2831.0,56300
2021/01/25,2819.0,2859.0,2798.0,2859.0,37200
2021/01/26,2868.0,2880.0,2825.0,2851.0,46900
2021/01/27,2796.0,2847.0,2796.0,2819.0,24800
2021/01/28,2782.0,2797.0,2729.0,2743.0,55100
2021/01/29,2733.0,2776.0,2725.0,2725.0,53500
2021/02/01,2680.0,2722.0,2670.0,2702.0,21900
2021/02/02,2734.0,2820.0,2732.0,2818.0,49600
2021/02/03,2816.0,2841.0,2816.0,2834.0,33700
2021/02/04,2819.0,2866.0,2813.0,2860.0,31800
2021/02/05,2899.0,3045.0,2872.0,3025.0,111300
2021/02/08,3025.0,3070.0,2957.0,3065.0,80100
2021/02/09,2895.0,2962.0,2851.0,2910.0,167800
2021/02/10,2936.0,2997.0,2933.0,2975.0,75900
2021/02/12,2975.0,2993.0,2934.0,2943.0,29500
2021/02/15,2928.0,2933.0,2878.0,2893.0,33000
2021/02/16,2866.0,2919.0,2831.0,2892.0,45600
2021/02/17,2886.0,2900.0,2877.0,2892.0,18900
2021/02/18,2892.0,2908.0,2876.0,2908.0,25200
2021/02/19,2879.0,2899.0,2860.0,2880.0,26400
2021/02/22,2894.0,2963.0,2894.0,2950.0,28100
2021/02/24,2889.0,2904.0,2751.0,2751.0,64500
2021/02/25,2751.0,2769.0,2695.0,2715.0,47300
2021/02/26,2700.0,2702.0,2652.0,2652.0,61600
2021/03/01,2652.0,2744.0,2652.0,2713.0,42300
2021/03/02,2749.0,2749.0,2674.0,2697.0,38600
2021/03/03,2697.0,2785.0,2676.0,2688.0,52500
2021/03/04,2670.0,2685.0,2655.0,2684.0,30600
2021/03/05,2655.0,2660.0,2615.0,2647.0,67100
2021/03/08,2651.0,2682.0,2651.0,2673.0,40100
2021/03/09,2672.0,2712.0,2647.0,2704.0,54400
2021/03/10,2745.0,2765.0,2665.0,2690.0,53100
2021/03/11,2675.0,2695.0,2639.0,2666.0,86900
2021/03/12,2649.0,2731.0,2649.0,2704.0,73200
2021/03/15,2700.0,2751.0,2685.0,2742.0,46800
2021/03/16,2760.0,2808.0,2747.0,2799.0,44400
2021/03/17,2809.0,2826.0,2775.0,2799.0,46100
2021/03/18,2799.0,2829.0,2774.0,2778.0,57300
2021/03/19,2767.0,2814.0,2750.0,2811.0,55900
2021/03/22,2812.0,2823.0,2752.0,2788.0,62800
2021/03/23,2788.0,2818.0,2743.0,2773.0,54600
2021/03/24,2765.0,2801.0,2702.0,2734.0,45100
2021/03/25,2769.0,2796.0,2732.0,2784.0,48400
2021/03/26,2811.0,2835.0,2773.0,2802.0,60700
2021/03/29,2811.0,2872.0,2799.0,2833.0,86500
2021/03/30,2837.0,2874.0,2796.0,2826.0,70000
2021/03/31,2796.0,2848.0,2755.0,2826.0,47700
2021/04/01,2844.0,2977.0,2844.0,2919.0,80900
2021/04/02,2919.0,2966.0,2886.0,2942.0,40800
2021/04/05,2921.0,2936.0,2874.0,2883.0,20000
2021/04/06,2883.0,2893.0,2814.0,2824.0,34500
2021/04/07,2805.0,2851.0,2805.0,2832.0,30900
2021/04/08,2803.0,2836.0,2764.0,2835.0,36300
2021/04/09,2846.0,2914.0,2843.0,2902.0,42600
2021/04/12,2924.0,2925.0,2897.0,2916.0,15600
2021/04/13,2900.0,2920.0,2892.0,2900.0,12400
2021/04/14,2884.0,2930.0,2856.0,2930.0,18500
2021/04/15,2923.0,2940.0,2895.0,2908.0,16700
2021/04/16,2908.0,2920.0,2896.0,2898.0,22000
2021/04/19,2879.0,2915.0,2866.0,2892.0,23900
2021/04/20,2870.0,2906.0,2867.0,2868.0,26900
2021/04/21,2827.0,2853.0,2815.0,2824.0,26700
2021/04/22,2847.0,2902.0,2847.0,2900.0,24200
2021/04/23,2900.0,2900.0,2869.0,2884.0,20600
2021/04/26,2900.0,2905.0,2876.0,2896.0,25600
2021/04/27,2905.0,2911.0,2882.0,2892.0,33000
2021/04/28,2920.0,2981.0,2917.0,2971.0,52300
2021/04/30,2945.0,3030.0,2897.0,2999.0,68700
2021/05/06,2983.0,3000.0,2940.0,2966.0,67500
2021/05/07,2938.0,2966.0,2892.0,2923.0,41300
2021/05/10,2934.0,2994.0,2875.0,2971.0,72400
2021/05/11,3020.0,3220.0,2974.0,3120.0,140300
2021/05/12,3115.0,3250.0,3095.0,3100.0,86200
2021/05/13,3070.0,3195.0,3035.0,3165.0,59800
2021/05/14,3135.0,3200.0,3090.0,3100.0,36500
2021/05/17,3120.0,3245.0,3120.0,3135.0,37600
2021/05/18,3205.0,3205.0,3070.0,3140.0,29000
2021/05/19,3135.0,3195.0,3100.0,3120.0,29500
2021/05/20,3120.0,3195.0,3115.0,3135.0,33800
2021/05/21,3135.0,3160.0,3090.0,3130.0,20700
2021/05/24,3145.0,3215.0,3105.0,3190.0,31800
2021/05/25,3165.0,3180.0,3095.0,3095.0,35300
2021/05/26,3060.0,3125.0,3045.0,3100.0,17300
2021/05/27,3100.0,3100.0,3055.0,3065.0,42000
2021/05/28,3095.0,3135.0,3065.0,3115.0,29100
2021/05/31,3135.0,3195.0,3135.0,3150.0,20100
2021/06/01,3150.0,3170.0,3070.0,3085.0,21500
2021/06/02,3085.0,3110.0,3030.0,3045.0,33700
2021/06/03,3030.0,3055.0,3010.0,3045.0,14400
2021/06/04,3035.0,3040.0,3010.0,3020.0,10000
2021/06/07,3050.0,3075.0,3050.0,3050.0,20600
2021/06/08,3055.0,3075.0,3035.0,3055.0,16600
2021/06/09,3080.0,3080.0,3040.0,3040.0,7100
2021/06/10,3050.0,3060.0,3020.0,3050.0,14900
2021/06/11,3065.0,3100.0,3050.0,3065.0,61400
2021/06/14,3085.0,3085.0,3050.0,3080.0,15100
2021/06/15,3080.0,3080.0,3030.0,3050.0,17200
2021/06/16,3050.0,3085.0,3040.0,3080.0,18300
2021/06/17,3080.0,3090.0,3065.0,3065.0,15400
2021/06/18,3090.0,3100.0,3050.0,3075.0,27600
2021/06/21,3075.0,3140.0,3040.0,3075.0,63400
2021/06/22,3145.0,3285.0,3085.0,3220.0,85800
2021/06/23,3205.0,3270.0,3175.0,3220.0,52800
2021/06/24,3190.0,3230.0,3175.0,3210.0,24900
2021/06/25,3170.0,3215.0,3100.0,3100.0,41300
2021/06/28,3110.0,3110.0,3040.0,3060.0,27200
2021/06/29,3060.0,3100.0,3060.0,3085.0,25900
2021/06/30,3070.0,3125.0,3070.0,3110.0,18500
2021/07/01,3110.0,3125.0,3055.0,3100.0,47200
2021/07/02,3120.0,3180.0,3120.0,3180.0,15000
2021/07/05,3175.0,3240.0,3175.0,3240.0,15900
2021/07/06,3240.0,3265.0,3235.0,3250.0,18300
2021/07/07,3215.0,3265.0,3210.0,3265.0,17100
2021/07/08,3260.0,3365.0,3260.0,3340.0,39000
2021/07/09,3315.0,3420.0,3305.0,3385.0,74800
2021/07/12,3440.0,3490.0,3350.0,3405.0,42000
2021/07/13,3425.0,3455.0,3400.0,3405.0,21200
2021/07/14,3400.0,3640.0,3400.0,3580.0,86100
2021/07/15,3550.0,3605.0,3500.0,3570.0,48400
2021/07/16,3515.0,3550.0,3500.0,3505.0,22200
2021/07/19,3500.0,3525.0,3475.0,3510.0,26100
2021/07/20,3495.0,3500.0,3430.0,3450.0,44700
2021/07/21,3495.0,3530.0,3455.0,3505.0,27800
2021/07/26,3575.0,3590.0,3510.0,3575.0,29200
2021/07/27,3560.0,3560.0,3500.0,3530.0,16600
2021/07/28,3530.0,3530.0,3440.0,3445.0,18900
2021/07/29,3435.0,3485.0,3410.0,3470.0,21100
2021/07/30,3450.0,3450.0,3415.0,3445.0,25900
2021/08/02,3500.0,3535.0,3485.0,3500.0,23400
2021/08/03,3480.0,3505.0,3435.0,3460.0,22700
2021/08/04,3490.0,3505.0,3450.0,3490.0,25200
2021/08/05,3490.0,3635.0,3470.0,3550.0,93200
2021/08/06,3505.0,3505.0,3330.0,3345.0,45200
2021/08/10,3365.0,3380.0,3310.0,3345.0,38400
2021/08/11,3225.0,3275.0,3185.0,3210.0,58800
2021/08/12,3240.0,3290.0,3210.0,3250.0,46000
2021/08/13,3305.0,3380.0,3275.0,3355.0,29000
2021/08/16,3355.0,3355.0,3300.0,3300.0,18400
2021/08/17,3345.0,3365.0,3305.0,3310.0,29400
2021/08/18,3335.0,3395.0,3335.0,3365.0,23400
2021/08/19,3320.0,3365.0,3315.0,3315.0,25500
2021/08/20,3315.0,3390.0,3315.0,3340.0,14100
2021/08/23,3390.0,3470.0,3390.0,3440.0,29300
2021/08/24,3455.0,3510.0,3450.0,3505.0,44900
2021/08/25,3500.0,3590.0,3495.0,3550.0,26500
2021/08/26,3550.0,3550.0,3525.0,3545.0,13800
2021/08/27,3545.0,3570.0,3510.0,3555.0,19700
2021/08/30,3600.0,3715.0,3590.0,3710.0,62900
2021/08/31,3680.0,3690.0,3625.0,3650.0,35200
2021/09/01,3695.0,3840.0,3690.0,3840.0,69500
2021/09/02,3845.0,3965.0,3845.0,3915.0,71300
2021/09/03,3935.0,3980.0,3895.0,3940.0,61000
2021/09/06,3940.0,4005.0,3915.0,4005.0,32800
2021/09/07,4075.0,4160.0,4075.0,4130.0,66200
2021/09/08,4060.0,4135.0,4035.0,4130.0,68100
2021/09/09,4060.0,4105.0,4055.0,4070.0,41100
2021/09/10,4020.0,4095.0,3975.0,4095.0,64300
2021/09/13,4115.0,4250.0,4115.0,4210.0,67500
2021/09/14,4165.0,4260.0,4150.0,4260.0,35600
2021/09/15,4175.0,4235.0,4175.0,4215.0,38600
2021/09/16,4200.0,4260.0,4180.0,4250.0,39500
2021/09/17,4250.0,4330.0,4245.0,4320.0,47100
2021/09/21,4220.0,4305.0,4200.0,4265.0,77500
2021/09/22,4275.0,4310.0,4165.0,4170.0,35900
2021/09/24,4290.0,4435.0,4285.0,4430.0,111900
2021/09/27,4360.0,4395.0,4255.0,4255.0,88400
2021/09/28,4235.0,4235.0,4100.0,4160.0,110400
2021/09/29,4080.0,4100.0,4045.0,4075.0,47500
2021/09/30,4050.0,4110.0,4025.0,4085.0,28000
2021/10/01,4015.0,4020.0,3915.0,3920.0,45900
2021/10/04,3990.0,4035.0,3950.0,4005.0,27000
2021/10/05,3940.0,3990.0,3890.0,3925.0,39100
2021/10/06,3985.0,4060.0,3955.0,3955.0,23200
2021/10/07,3950.0,4040.0,3950.0,3985.0,18500
2021/10/08,4105.0,4230.0,4040.0,4175.0,46300
2021/10/11,4145.0,4170.0,4090.0,4145.0,37000
2021/10/12,4100.0,4140.0,4005.0,4020.0,24500
2021/10/13,4020.0,4095.0,4015.0,4070.0,22800
2021/10/14,4140.0,4235.0,4110.0,4170.0,58000
2021/10/15,4255.0,4315.0,4185.0,4310.0,33800
2021/10/18,4310.0,4340.0,4245.0,4295.0,42700
2021/10/19,4290.0,4310.0,4265.0,4310.0,13500
2021/10/20,4280.0,4295.0,4220.0,4220.0,22700
2021/10/21,4235.0,4235.0,4145.0,4145.0,15800
2021/10/22,4060.0,4140.0,4020.0,4100.0,30100
2021/10/25,4100.0,4175.0,4085.0,4175.0,19100
2021/10/26,4195.0,4325.0,4190.0,4315.0,26900
2021/10/27,4325.0,4395.0,4300.0,4390.0,25100
2021/10/28,4385.0,4440.0,4355.0,4375.0,33100
2021/10/29,4400.0,4440.0,4360.0,4380.0,16300
2021/11/01,4450.0,4455.0,4370.0,4445.0,20300
2021/11/02,4480.0,4480.0,4365.0,4365.0,14300
2021/11/04,4435.0,4535.0,4390.0,4535.0,29100
2021/11/05,4510.0,4540.0,4460.0,4495.0,18200
2021/11/08,4600.0,4720.0,4575.0,4665.0,83200
2021/11/09,4700.0,4850.0,4525.0,4530.0,65200
2021/11/10,4440.0,4495.0,4280.0,4280.0,69300
2021/11/11,4250.0,4300.0,4120.0,4120.0,76900
2021/11/12,4050.0,4180.0,4050.0,4150.0,41000
2021/11/15,4200.0,4200.0,3945.0,3980.0,93000
2021/11/16,3985.0,4035.0,3950.0,3995.0,64400
2021/11/17,3980.0,3980.0,3935.0,3940.0,42800
2021/11/18,3895.0,3900.0,3780.0,3875.0,81100
2021/11/19,3935.0,4050.0,3900.0,4035.0,91300
2021/11/22,4040.0,4085.0,3985.0,4070.0,30400
2021/11/24,4070.0,4070.0,3995.0,4030.0,26900
2021/11/25,4030.0,4055.0,3980.0,4000.0,26500
2021/11/26,3950.0,3950.0,3835.0,3870.0,71600
2021/11/29,3730.0,3880.0,3710.0,3725.0,78900
2021/11/30,3795.0,3875.0,3715.0,3735.0,169100
2021/12/01,3665.0,3805.0,3645.0,3690.0,92700
2021/12/02,3640.0,3705.0,3620.0,3635.0,79600
2021/12/03,3650.0,3710.0,3620.0,3695.0,63600
2021/12/06,3630.0,3630.0,3495.0,3520.0,91800
2021/12/07,3625.0,3730.0,3605.0,3715.0,121600
2021/12/08,3815.0,3895.0,3775.0,3865.0,100300
2021/12/09,3845.0,3845.0,3775.0,3785.0,28900
2021/12/10,3765.0,3765.0,3660.0,3685.0,45900
2021/12/13,3710.0,3765.0,3655.0,3730.0,37500
2021/12/14,3800.0,3800.0,3690.0,3690.0,38300
2021/12/15,3675.0,3745.0,3665.0,3725.0,38100
2021/12/16,3795.0,3795.0,3760.0,3780.0,52100
2021/12/17,3765.0,3770.0,3665.0,3685.0,45700
2021/12/20,3655.0,3665.0,3550.0,3560.0,113800
2021/12/21,3575.0,3635.0,3560.0,3620.0,53500
2021/12/22,3685.0,3715.0,3660.0,3680.0,51400
2021/12/23,3700.0,3725.0,3675.0,3705.0,43200
2021/12/24,3695.0,3710.0,3660.0,3675.0,19500
2021/12/27,3675.0,3675.0,3600.0,3620.0,31200
2021/12/28,3590.0,3705.0,3590.0,3705.0,30200
2021/12/29,3725.0,3760.0,3705.0,3735.0,28700
2021/12/30,3680.0,3720.0,3625.0,3700.0,28300
2022/01/04,3745.0,3780.0,3665.0,3720.0,35500
2022/01/05,3715.0,3715.0,3650.0,3680.0,49500
2022/01/06,3660.0,3660.0,3545.0,3545.0,43400
2022/01/07,3510.0,3550.0,3445.0,3475.0,42500
2022/01/11,3445.0,3445.0,3330.0,3340.0,40000
2022/01/12,3360.0,3430.0,3360.0,3410.0,27100
2022/01/13,3410.0,3430.0,3290.0,3290.0,28100
2022/01/14,3175.0,3185.0,3140.0,3140.0,58700
2022/01/17,3140.0,3160.0,3110.0,3140.0,73200
2022/01/18,3195.0,3225.0,3100.0,3140.0,51100
2022/01/19,3105.0,3105.0,2986.0,2989.0,116900
2022/01/20,3010.0,3010.0,2938.0,2979.0,168000
2022/01/21,2946.0,2994.0,2903.0,2983.0,67000
2022/01/24,2942.0,2958.0,2889.0,2934.0,142600
2022/01/25,2944.0,2995.0,2875.0,2912.0,93700
2022/01/26,2918.0,3020.0,2918.0,2999.0,64900
2022/01/27,2991.0,3005.0,2785.0,2814.0,66400
2022/01/28,2864.0,2910.0,2822.0,2879.0,57600
2022/01/31,2888.0,2977.0,2854.0,2947.0,66200
2022/02/01,3050.0,3070.0,2980.0,3025.0,102600
2022/02/02,3050.0,3100.0,3045.0,3080.0,45200
2022/02/03,3100.0,3100.0,2967.0,3005.0,40900
2022/02/04,3000.0,3025.0,2981.0,3025.0,34200
2022/02/07,3020.0,3025.0,2950.0,2987.0,47400
2022/02/08,2977.0,3030.0,2930.0,2994.0,73800
2022/02/09,2999.0,3035.0,2894.0,3030.0,52800
2022/02/10,3070.0,3105.0,3035.0,3060.0,51000
2022/02/14,2995.0,3030.0,2934.0,2964.0,72200
2022/02/15,2964.0,2998.0,2941.0,2965.0,28300
2022/02/16,2948.0,3000.0,2948.0,2991.0,27600
2022/02/17,2991.0,2991.0,2924.0,2958.0,46400
2022/02/18,2915.0,3045.0,2904.0,3025.0,65500
2022/02/21,2965.0,3005.0,2921.0,2988.0,55200
2022/02/22,3015.0,3080.0,2956.0,3005.0,50600
2022/02/24,2958.0,3040.0,2944.0,3025.0,57500
2022/02/25,3200.0,3220.0,3115.0,3215.0,84200
2022/02/28,3215.0,3225.0,3155.0,3205.0,57500
2022/03/01,3215.0,3235.0,3175.0,3195.0,60600
2022/03/02,3125.0,3170.0,3110.0,3165.0,33600
2022/03/03,3210.0,3215.0,3160.0,3190.0,28000
2022/03/04,3140.0,3195.0,3115.0,3120.0,49800
2022/03/07,3000.0,3045.0,2973.0,2996.0,44300
2022/03/08,2937.0,2964.0,2815.0,2832.0,68500
2022/03/09,2832.0,2868.0,2774.0,2835.0,48400
2022/03/10,2913.0,2976.0,2891.0,2973.0,56600
2022/03/11,2884.0,2923.0,2851.0,2862.0,48200
2022/03/14,2862.0,2905.0,2800.0,2882.0,43100
2022/03/15,2863.0,2958.0,2852.0,2957.0,42000
2022/03/16,2981.0,3005.0,2906.0,2917.0,42300
2022/03/17,2967.0,3005.0,2930.0,2949.0,48300
2022/03/18,2923.0,2973.0,2918.0,2955.0,73200
2022/03/22,2998.0,3035.0,2961.0,2967.0,57500
2022/03/23,3005.0,3040.0,2995.0,3015.0,44300
2022/03/24,3020.0,3020.0,2940.0,2971.0,45900
2022/03/25,2984.0,2999.0,2938.0,2975.0,45800
2022/03/28,2989.0,3005.0,2952.0,2989.0,58800
2022/03/29,3005.0,3040.0,2981.0,3040.0,84000
2022/03/30,3065.0,3065.0,2970.0,3055.0,50800
2022/03/31,3000.0,3055.0,2997.0,3020.0,39600
2022/04/01,3025.0,3080.0,3005.0,3080.0,49000
2022/04/04,3100.0,3145.0,3040.0,3135.0,66500
2022/04/05,3160.0,3180.0,3110.0,3150.0,55300
2022/04/06,3105.0,3110.0,3055.0,3100.0,33600
2022/04/07,3035.0,3035.0,2972.0,3015.0,49900
2022/04/08,3040.0,3070.0,3015.0,3055.0,42500
2022/04/11,3060.0,3060.0,2951.0,2979.0,61200
2022/04/12,2919.0,3000.0,2907.0,2955.0,44800
2022/04/13,2962.0,3045.0,2955.0,3035.0,41200
2022/04/14,3105.0,3105.0,3035.0,3040.0,20100
2022/04/15,2985.0,2998.0,2951.0,2986.0,34100
2022/04/18,2970.0,2972.0,2878.0,2880.0,47100
2022/04/19,2895.0,2899.0,2851.0,2861.0,37200
2022/04/20,2875.0,2907.0,2845.0,2875.0,45300
2022/04/21,2905.0,2931.0,2884.0,2924.0,38200
2022/04/22,2895.0,2910.0,2861.0,2910.0,27300
2022/04/25,2910.0,2962.0,2896.0,2927.0,39400
2022/04/26,2927.0,2935.0,2870.0,2925.0,65500
2022/04/27,2882.0,2961.0,2850.0,2958.0,88300
2022/04/28,2958.0,3045.0,2957.0,3030.0,39900
2022/05/02,3030.0,3060.0,2982.0,3055.0,39000
2022/05/06,3010.0,3040.0,2998.0,3030.0,28500
2022/05/09,3100.0,3100.0,2948.0,2950.0,42100
2022/05/10,2820.0,2820.0,2507.0,2542.0,275500
2022/05/11,2550.0,2670.0,2540.0,2647.0,191900
2022/05/12,2621.0,2661.0,2594.0,2626.0,110700
2022/05/13,2641.0,2698.0,2641.0,2678.0,88200
2022/05/16,2724.0,2798.0,2724.0,2788.0,94200
2022/05/17,2849.0,2875.0,2790.0,2827.0,67800
2022/05/18,2815.0,2827.0,2790.0,2820.0,73900
2022/05/19,2800.0,2809.0,2773.0,2785.0,54700
2022/05/20,2804.0,2819.0,2785.0,2806.0,56700
2022/05/23,2833.0,2883.0,2825.0,2880.0,105600
2022/05/24,2879.0,2879.0,2826.0,2835.0,43300
2022/05/25,2833.0,2833.0,2749.0,2759.0,61600
2022/05/26,2759.0,2791.0,2720.0,2755.0,53600
2022/05/27,2798.0,2827.0,2755.0,2787.0,50300
2022/05/30,2798.0,2855.0,2793.0,2847.0,116900
2022/05/31,2845.0,2870.0,2799.0,2844.0,109900
2022/06/01,2869.0,2909.0,2869.0,2907.0,53000
2022/06/02,2880.0,2906.0,2854.0,2899.0,36000
2022/06/03,2899.0,2960.0,2886.0,2948.0,51300
2022/06/06,2898.0,2912.0,2874.0,2897.0,73400
2022/06/07,2904.0,2950.0,2900.0,2938.0,37600
2022/06/08,2938.0,3010.0,2938.0,3000.0,51300
2022/06/09,2980.0,3010.0,2951.0,3000.0,100300
2022/06/10,3000.0,3040.0,2957.0,2991.0,73200
2022/06/13,2981.0,2987.0,2950.0,2979.0,82000
2022/06/14,2879.0,2949.0,2858.0,2888.0,54200
2022/06/15,2883.0,2905.0,2807.0,2807.0,46000
2022/06/16,2850.0,2892.0,2825.0,2827.0,50000
2022/06/17,2777.0,2793.0,2736.0,2752.0,63400
2022/06/20,2752.0,2775.0,2666.0,2696.0,37300
2022/06/21,2700.0,2812.0,2700.0,2792.0,29900
2022/06/22,2812.0,2819.0,2781.0,2783.0,31800
2022/06/23,2783.0,2865.0,2783.0,2824.0,88600
2022/06/24,2824.0,2948.0,2817.0,2947.0,55000
2022/06/27,2962.0,2988.0,2955.0,2971.0,33000
2022/06/28,2950.0,3040.0,2937.0,3040.0,77200
2022/06/29,3020.0,3105.0,2997.0,3080.0,103300
2022/06/30,3080.0,3100.0,3050.0,3055.0,88800
2022/07/01,3055.0,3125.0,3055.0,3110.0,75400
2022/07/04,3080.0,3160.0,3080.0,3135.0,44300
2022/07/05,3150.0,3165.0,3135.0,3150.0,31600
2022/07/06,3100.0,3190.0,3075.0,3180.0,37300
2022/07/07,3200.0,3245.0,3175.0,3245.0,36900
2022/07/08,3245.0,3275.0,3205.0,3210.0,47400
2022/07/11,3250.0,3275.0,3220.0,3255.0,29800
2022/07/12,3245.0,3245.0,3165.0,3180.0,35700
2022/07/13,3180.0,3190.0,3125.0,3125.0,31500
2022/07/14,3125.0,3215.0,3120.0,3210.0,61600
2022/07/15,3215.0,3280.0,3205.0,3270.0,52300
2022/07/19,3300.0,3320.0,3280.0,3305.0,48600
2022/07/20,3345.0,3360.0,3300.0,3315.0,48000
2022/07/21,3280.0,3350.0,3270.0,3340.0,25800
2022/07/22,3385.0,3510.0,3385.0,3495.0,107900
2022/07/25,3485.0,3495.0,3395.0,3435.0,44000
2022/07/26,3390.0,3420.0,3365.0,3395.0,30800
2022/07/27,3395.0,3420.0,3375.0,3375.0,33300
2022/07/28,3400.0,3420.0,3365.0,3410.0,45900
2022/07/29,3420.0,3425.0,3370.0,3380.0,30700
2022/08/01,3400.0,3460.0,3400.0,3460.0,33400
2022/08/02,3455.0,3470.0,3410.0,3445.0,42700
2022/08/03,3460.0,3485.0,3425.0,3455.0,40500
2022/08/04,3495.0,3495.0,3440.0,3475.0,31000
2022/08/05,3490.0,3585.0,3490.0,3585.0,63100
2022/08/08,3565.0,3565.0,3525.0,3540.0,46700
2022/08/09,3810.0,3880.0,3735.0,3760.0,133700
2022/08/10,3705.0,3730.0,3450.0,3500.0,96000
2022/08/12,3545.0,3600.0,3510.0,3590.0,76500
2022/08/15,3640.0,3680.0,3615.0,3630.0,35000
2022/08/16,3695.0,3760.0,3660.0,3720.0,61700
2022/08/17,3750.0,3750.0,3670.0,3690.0,41500
2022/08/18,3705.0,3835.0,3655.0,3825.0,80400
2022/08/19,3825.0,3825.0,3735.0,3770.0,72200
2022/08/22,3765.0,3800.0,3665.0,3665.0,46400
2022/08/23,3665.0,3665.0,3525.0,3525.0,54700
2022/08/24,3575.0,3575.0,3535.0,3540.0,56800
2022/08/25,3545.0,3565.0,3475.0,3480.0,43900
2022/08/26,3520.0,3590.0,3505.0,3560.0,58400
2022/08/29,3420.0,3460.0,3400.0,3405.0,40300
2022/08/30,3515.0,3535.0,3475.0,3525.0,45300
2022/08/31,3525.0,3540.0,3505.0,3525.0,31600
2022/09/01,3485.0,3525.0,3470.0,3475.0,36800
2022/09/02,3475.0,3505.0,3420.0,3445.0,49300
2022/09/05,3480.0,3535.0,3455.0,3515.0,67200
2022/09/06,3495.0,3495.0,3420.0,3450.0,63500
2022/09/07,3475.0,3515.0,3450.0,3470.0,79100
2022/09/08,3505.0,3560.0,3465.0,3550.0,93100
2022/09/09,3600.0,3645.0,3580.0,3585.0,74400
2022/09/12,3645.0,3675.0,3610.0,3660.0,39700
2022/09/13,3690.0,3710.0,3660.0,3690.0,37200
2022/09/14,3620.0,3675.0,3605.0,3610.0,61200
2022/09/15,3620.0,3700.0,3590.0,3670.0,57300
2022/09/16,3625.0,3625.0,3485.0,3485.0,89800
2022/09/20,3545.0,3625.0,3520.0,3610.0,47800
2022/09/21,3560.0,3600.0,3550.0,3550.0,40100
2022/09/22,3550.0,3660.0,3510.0,3655.0,110800
2022/09/26,3540.0,3610.0,3465.0,3475.0,125000
2022/09/27,3560.0,3575.0,3500.0,3530.0,94100
2022/09/28,3500.0,3525.0,3415.0,3450.0,158600
2022/09/29,3470.0,3620.0,3470.0,3570.0,83400
2022/09/30,3540.0,3565.0,3480.0,3495.0,57400
2022/10/03,3425.0,3445.0,3395.0,3420.0,97500
2022/10/04,3545.0,3545.0,3465.0,3480.0,145900
2022/10/05,3495.0,3545.0,3415.0,3430.0,91400
2022/10/06,3450.0,3475.0,3435.0,3440.0,85800
2022/10/07,3400.0,3430.0,3370.0,3385.0,58200
2022/10/11,3350.0,3375.0,3280.0,3325.0,76600
2022/10/12,3320.0,3380.0,3320.0,3360.0,66200
2022/10/13,3335.0,3350.0,3295.0,3295.0,61300
2022/10/14,3365.0,3420.0,3350.0,3390.0,76700
2022/10/17,3350.0,3375.0,3330.0,3350.0,33500
2022/10/18,3420.0,3425.0,3365.0,3385.0,42300
2022/10/19,3415.0,3415.0,3360.0,3395.0,24500
2022/10/20,3355.0,3390.0,3310.0,3320.0,48500
2022/10/21,3300.0,3350.0,3300.0,3320.0,59800
2022/10/24,3335.0,3360.0,3290.0,3290.0,36900
2022/10/25,3330.0,3330.0,3265.0,3270.0,63700
2022/10/26,3330.0,3365.0,3270.0,3285.0,69200
2022/10/27,3265.0,3280.0,3180.0,3185.0,70600
2022/10/28,3235.0,3265.0,3220.0,3220.0,379000
2022/10/31,3245.0,3360.0,3245.0,3355.0,74600
2022/11/01,3395.0,3470.0,3270.0,3290.0,32200
2022/11/02,3270.0,3290.0,3230.0,3245.0,35500
2022/11/04,3190.0,3200.0,3130.0,3180.0,60700
2022/11/07,3230.0,3235.0,3150.0,3200.0,56900
2022/11/08,3230.0,3230.0,3010.0,3020.0,157400
2022/11/09,3090.0,3160.0,3075.0,3090.0,79900
2022/11/10,3045.0,3045.0,2977.0,2990.0,56600
2022/11/11,3100.0,3135.0,3040.0,3110.0,116100
2022/11/14,3110.0,3150.0,3100.0,3100.0,48400
2022/11/15,3100.0,3155.0,3075.0,3125.0,40100
2022/11/16,3125.0,3165.0,3110.0,3150.0,23100
2022/11/17,3165.0,3210.0,3160.0,3210.0,27700
2022/11/18,3260.0,3260.0,3165.0,3175.0,34200
2022/11/21,3175.0,3210.0,3145.0,3195.0,38300
2022/11/22,3200.0,3230.0,3200.0,3220.0,38700
2022/11/24,3250.0,3325.0,3250.0,3315.0,56900
2022/11/25,3345.0,3345.0,3285.0,3285.0,28900
2022/11/28,3320.0,3320.0,3255.0,3290.0,40200
2022/11/29,3265.0,3315.0,3225.0,3315.0,49100
2022/11/30,3300.0,3335.0,3270.0,3290.0,39100
2022/12/01,3340.0,3340.0,3240.0,3240.0,41200
2022/12/02,3200.0,3200.0,3125.0,3145.0,54400
2022/12/05,3160.0,3165.0,3100.0,3110.0,34800
2022/12/06,3070.0,3160.0,3065.0,3110.0,69000
2022/12/07,3095.0,3140.0,3065.0,3070.0,43900
2022/12/08,3055.0,3120.0,3050.0,3095.0,35300
2022/12/09,3115.0,3190.0,3105.0,3190.0,32000
2022/12/12,3160.0,3215.0,3135.0,3210.0,29000
2022/12/13,3250.0,3260.0,3180.0,3185.0,24500
2022/12/14,3185.0,3185.0,3110.0,3145.0,26100
2022/12/15,3130.0,3160.0,3095.0,3095.0,15000
2022/12/16,3085.0,3095.0,3060.0,3095.0,54400
2022/12/19,3065.0,3160.0,3065.0,3130.0,28800
2022/12/20,3095.0,3105.0,2988.0,3030.0,65700
2022/12/21,3020.0,3075.0,2994.0,3060.0,49500
2022/12/22,3070.0,3085.0,3030.0,3085.0,33900
2022/12/23,3050.0,3080.0,3030.0,3040.0,37200
2022/12/26,3035.0,3060.0,3030.0,3060.0,22900
2022/12/27,3065.0,3080.0,3025.0,3040.0,18700
2022/12/28,3035.0,3065.0,3005.0,3050.0,24800
2022/12/29,3040.0,3070.0,3015.0,3070.0,24300
2022/12/30,3095.0,3095.0,3010.0,3045.0,30100
2023/01/04,3015.0,3030.0,2983.0,2990.0,35800
2023/01/05,2950.0,2951.0,2852.0,2908.0,31500
2023/01/06,2890.0,2896.0,2856.0,2871.0,21200
2023/01/10,2912.0,2979.0,2912.0,2963.0,33300
2023/01/11,2970.0,3030.0,2970.0,3030.0,11900
2023/01/12,3015.0,3050.0,3000.0,3005.0,10100
2023/01/13,2986.0,3010.0,2950.0,2960.0,26400
2023/01/16,2926.0,3015.0,2921.0,2978.0,30000
2023/01/17,2958.0,3010.0,2958.0,3000.0,11500
2023/01/18,3020.0,3120.0,3005.0,3105.0,21800
2023/01/19,3075.0,3075.0,3015.0,3020.0,15900
2023/01/20,3005.0,3035.0,2992.0,2993.0,19700
2023/01/23,2991.0,3020.0,2985.0,2993.0,27700
2023/01/24,3005.0,3075.0,3005.0,3065.0,23900
2023/01/25,3035.0,3060.0,3020.0,3035.0,25500
2023/01/26,3030.0,3115.0,3030.0,3085.0,31600
2023/01/27,3095.0,3150.0,3090.0,3130.0,36300
2023/01/30,3130.0,3150.0,3105.0,3140.0,40100
2023/01/31,3160.0,3175.0,3140.0,3155.0,27700
2023/02/01,3160.0,3175.0,3115.0,3120.0,35900
2023/02/02,3125.0,3200.0,3090.0,3195.0,47300
2023/02/03,3180.0,3205.0,3150.0,3195.0,27400
2023/02/06,3230.0,3235.0,3130.0,3195.0,34200
2023/02/07,3215.0,3235.0,3190.0,3195.0,19400
2023/02/08,3240.0,3255.0,3190.0,3245.0,36500
2023/02/09,3305.0,3385.0,3275.0,3345.0,56100
2023/02/10,3400.0,3480.0,3395.0,3420.0,61100
2023/02/13,3365.0,3405.0,3310.0,3395.0,28200
2023/02/14,3440.0,3485.0,3435.0,3460.0,26800
2023/02/15,3485.0,3485.0,3420.0,3455.0,16800
2023/02/16,3490.0,3490.0,3445.0,3470.0,17600
2023/02/17,3460.0,3530.0,3450.0,3480.0,33200
2023/02/20,3540.0,3540.0,3470.0,3470.0,14400
2023/02/21,3460.0,3480.0,3435.0,3460.0,11700
2023/02/22,3430.0,3460.0,3425.0,3445.0,16100
2023/02/24,3485.0,3500.0,3445.0,3460.0,17600
2023/02/27,3425.0,3450.0,3420.0,3440.0,8900
2023/02/28,3480.0,3540.0,3460.0,3505.0,41200
2023/03/01,3485.0,3540.0,3480.0,3500.0,20900
2023/03/02,3520.0,3530.0,3445.0,3455.0,23100
2023/03/03,3455.0,3465.0,3425.0,3430.0,28500
2023/03/06,3470.0,3500.0,3455.0,3500.0,17000
2023/03/07,3490.0,3490.0,3440.0,3450.0,22700
2023/03/08,3435.0,3505.0,3435.0,3505.0,16700
2023/03/09,3515.0,3545.0,3505.0,3535.0,14100
2023/03/10,3495.0,3530.0,3465.0,3465.0,34200
2023/03/13,3425.0,3425.0,3360.0,3410.0,14400
2023/03/14,3350.0,3350.0,3290.0,3330.0,19300
2023/03/15,3315.0,3360.0,3255.0,3270.0,22600
2023/03/16,3175.0,3245.0,3175.0,3230.0,25800
2023/03/17,3255.0,3315.0,3255.0,3310.0,20000
2023/03/20,3305.0,3315.0,3200.0,3200.0,20200
2023/03/22,3230.0,3345.0,3230.0,3320.0,34800
2023/03/23,3285.0,3335.0,3260.0,3320.0,21600
2023/03/24,3310.0,3360.0,3295.0,3360.0,38000
2023/03/27,3380.0,3410.0,3375.0,3375.0,28800
2023/03/28,3395.0,3395.0,3340.0,3360.0,16800
2023/03/29,3370.0,3525.0,3365.0,3485.0,56200
2023/03/30,3475.0,3485.0,3365.0,3395.0,36900
2023/03/31,3395.0,3450.0,3380.0,3440.0,25300
2023/04/03,3500.0,3540.0,3485.0,3520.0,23100
2023/04/04,3520.0,3520.0,3445.0,3475.0,30100
2023/04/05,3450.0,3450.0,3355.0,3355.0,25800
2023/04/06,3285.0,3370.0,3260.0,3370.0,29800
2023/04/07,3390.0,3390.0,3355.0,3370.0,11900
2023/04/10,3370.0,3380.0,3335.0,3370.0,11000
2023/04/11,3415.0,3445.0,3390.0,3420.0,16300
2023/04/12,3435.0,3465.0,3400.0,3450.0,15700
2023/04/13,3445.0,3475.0,3430.0,3470.0,12000
2023/04/14,3500.0,3515.0,3480.0,3500.0,16200
2023/04/17,3500.0,3540.0,3500.0,3530.0,21700
2023/04/18,3545.0,3570.0,3525.0,3525.0,22900
2023/04/19,3510.0,3535.0,3500.0,3535.0,17700
2023/04/20,3465.0,3505.0,3460.0,3490.0,16300
2023/04/21,3490.0,3525.0,3425.0,3440.0,18200
2023/04/24,3455.0,3500.0,3450.0,3485.0,17400
2023/04/25,3500.0,3520.0,3415.0,3435.0,39500
2023/04/26,3400.0,3400.0,3300.0,3335.0,45800
2023/04/27,3335.0,3340.0,3200.0,3265.0,61000
2023/04/28,3335.0,3440.0,3335.0,3440.0,44000
2023/05/01,3455.0,3480.0,3350.0,3370.0,24900
2023/05/02,3370.0,3465.0,3360.0,3435.0,23300
2023/05/08,3450.0,3530.0,3395.0,3410.0,27800
2023/05/09,3445.0,3500.0,3445.0,3490.0,17500
2023/05/10,3490.0,3490.0,3410.0,3455.0,18200
2023/05/11,3455.0,3495.0,3455.0,3485.0,16500
2023/05/12,3500.0,3520.0,3485.0,3510.0,21300
2023/05/15,3550.0,3560.0,3530.0,3560.0,19900
2023/05/16,3590.0,3590.0,3525.0,3580.0,30300
2023/05/17,3585.0,3585.0,3535.0,3550.0,38600
2023/05/18,3550.0,3555.0,3490.0,3515.0,26300
2023/05/19,3530.0,3530.0,3455.0,3495.0,33600
2023/05/22,3495.0,3530.0,3470.0,3525.0,33300
2023/05/23,3540.0,3610.0,3540.0,3580.0,37000
2023/05/24,3550.0,3570.0,3520.0,3560.0,36400
2023/05/25,3535.0,3585.0,3520.0,3560.0,30000
2023/05/26,3535.0,3570.0,3495.0,3535.0,42500
2023/05/29,3605.0,3660.0,3600.0,3640.0,21800
2023/05/30,3610.0,3630.0,3580.0,3600.0,24700
2023/05/31,3530.0,3555.0,3450.0,3490.0,83600
2023/06/01,3490.0,3565.0,3475.0,3550.0,27900
2023/06/02,3550.0,3665.0,3535.0,3640.0,29100
2023/06/05,3720.0,3725.0,3665.0,3710.0,33000
2023/06/06,3710.0,3790.0,3695.0,3715.0,59800
2023/06/07,3750.0,3775.0,3680.0,3715.0,48200
2023/06/08,3695.0,3720.0,3575.0,3585.0,53700
2023/06/09,3700.0,3715.0,3650.0,3680.0,52700
2023/06/12,3725.0,3725.0,3585.0,3610.0,49500
2023/06/13,3645.0,3670.0,3605.0,3625.0,83800
2023/06/14,3650.0,3670.0,3625.0,3655.0,44100
2023/06/15,3655.0,3735.0,3615.0,3625.0,47300
2023/06/16,3630.0,3765.0,3630.0,3740.0,64300
2023/06/19,3680.0,3770.0,3680.0,3755.0,21600
2023/06/20,3965.0,4290.0,3965.0,4225.0,454800
2023/06/21,4225.0,4280.0,4145.0,4170.0,186700
2023/06/22,4135.0,4245.0,4115.0,4205.0,87800
2023/06/23,4210.0,4215.0,4015.0,4100.0,130300
2023/06/26,4040.0,4105.0,4005.0,4015.0,47700
2023/06/27,3995.0,3995.0,3835.0,3840.0,59800
2023/06/28,3870.0,3915.0,3865.0,3890.0,65600
2023/06/29,3960.0,3990.0,3915.0,3975.0,44000
2023/06/30,3980.0,3980.0,3865.0,3895.0,60100
2023/07/03,3945.0,3965.0,3905.0,3935.0,32200
2023/07/04,3920.0,4095.0,3905.0,4045.0,114800
2023/07/05,3975.0,3985.0,3935.0,3950.0,51100
2023/07/06,3900.0,3910.0,3830.0,3875.0,46500
2023/07/07,3830.0,3860.0,3795.0,3815.0,48200
2023/07/10,3800.0,3835.0,3785.0,3805.0,59200
2023/07/11,3795.0,3840.0,3780.0,3790.0,55200
2023/07/12,3795.0,3795.0,3690.0,3690.0,39900
2023/07/13,3655.0,3790.0,3645.0,3790.0,46900
2023/07/14,3830.0,3920.0,3805.0,3910.0,49400
2023/07/18,3910.0,4030.0,3910.0,3985.0,49000
2023/07/19,4030.0,4115.0,4005.0,4075.0,71100
2023/07/20,4100.0,4100.0,4040.0,4050.0,43200
2023/07/21,4050.0,4055.0,3990.0,4000.0,39600
2023/07/24,4060.0,4080.0,3990.0,4000.0,83900
2023/07/25,3995.0,4010.0,3865.0,3940.0,109700
2023/07/26,3910.0,4030.0,3910.0,4025.0,32100
2023/07/27,4000.0,4075.0,3990.0,4040.0,33900
2023/07/28,4025.0,4100.0,4010.0,4090.0,63900
2023/07/31,4185.0,4205.0,4135.0,4140.0,46600
2023/08/01,4190.0,4205.0,4105.0,4115.0,59600
2023/08/02,4080.0,4100.0,4055.0,4065.0,36100
2023/08/03,4025.0,4065.0,4015.0,4025.0,72700
2023/08/04,3985.0,3985.0,3915.0,3950.0,79900
2023/08/07,3910.0,3995.0,3910.0,3975.0,48800
2023/08/08,4000.0,4055.0,3980.0,4025.0,68200
2023/08/09,3815.0,3820.0,3685.0,3790.0,206000
2023/08/10,3835.0,3910.0,3780.0,3795.0,110700
2023/08/14,3820.0,3830.0,3770.0,3825.0,50600
2023/08/15,3850.0,3870.0,3815.0,3850.0,47700
2023/08/16,3825.0,3895.0,3815.0,3875.0,42100
2023/08/17,3875.0,3900.0,3835.0,3890.0,31200
2023/08/18,3880.0,3925.0,3845.0,3925.0,31300
2023/08/21,3905.0,3930.0,3860.0,3895.0,120800
2023/08/22,3900.0,4020.0,3900.0,4015.0,68300
2023/08/23,4005.0,4095.0,3995.0,4095.0,40200
2023/08/24,4095.0,4210.0,4085.0,4205.0,52300
2023/08/25,4135.0,4195.0,4125.0,4185.0,54000
2023/08/28,4210.0,4215.0,4070.0,4070.0,38600
2023/08/29,4045.0,4195.0,4010.0,4185.0,44300
2023/08/30,4200.0,4200.0,4165.0,4180.0,35600
2023/08/31,4220.0,4275.0,4215.0,4255.0,37500
2023/09/01,4255.0,4285.0,4240.0,4280.0,27000
2023/09/04,4300.0,4350.0,4265.0,4280.0,41600
2023/09/05,4275.0,4410.0,4275.0,4410.0,58900
2023/09/06,4410.0,4425.0,4345.0,4410.0,47200
2023/09/07,4395.0,4400.0,4340.0,4355.0,52000
2023/09/08,4355.0,4365.0,4295.0,4295.0,62200
2023/09/11,4290.0,4385.0,4290.0,4330.0,65600
2023/09/12,4370.0,4385.0,4270.0,4285.0,53100
2023/09/13,4245.0,4290.0,4195.0,4260.0,60300
2023/09/14,4260.0,4260.0,4175.0,4190.0,62400
2023/09/15,4220.0,4220.0,4165.0,4205.0,41700
2023/09/19,4195.0,4195.0,4140.0,4180.0,58100
2023/09/20,4155.0,4160.0,4025.0,4045.0,74100
2023/09/21,4045.0,4065.0,3985.0,3985.0,82800
2023/09/22,3955.0,4010.0,3945.0,3975.0,83400
2023/09/25,3900.0,3985.0,3900.0,3985.0,112900
2023/09/26,3965.0,3980.0,3820.0,3820.0,186700
2023/09/27,3710.0,3770.0,3710.0,3755.0,190700
2023/09/28,3725.0,3725.0,3560.0,3650.0,128800
2023/09/29,3665.0,3685.0,3590.0,3610.0,65000
2023/10/02,3625.0,3740.0,3625.0,3665.0,104700
2023/10/03,3600.0,3605.0,3550.0,3575.0,78800
2023/10/04,3525.0,3630.0,3525.0,3590.0,51000
2023/10/05,3590.0,3630.0,3580.0,3620.0,40500
2023/10/06,3670.0,3705.0,3635.0,3655.0,51000
2023/10/10,3700.0,3750.0,3675.0,3740.0,48900
2023/10/11,3750.0,3755.0,3690.0,3710.0,43400
2023/10/12,3690.0,3775.0,3660.0,3770.0,51600
2023/10/13,3750.0,3750.0,3665.0,3685.0,42500
2023/10/16,3680.0,3700.0,3625.0,3640.0,27700
2023/10/17,3635.0,3675.0,3605.0,3625.0,23000
2023/10/18,3615.0,3665.0,3570.0,3650.0,28000
2023/10/19,3580.0,3670.0,3580.0,3640.0,27800
2023/10/20,3570.0,3640.0,3565.0,3620.0,35500
2023/10/23,3590.0,3605.0,3540.0,3540.0,57800
2023/10/24,3545.0,3615.0,3500.0,3600.0,56200
2023/10/25,3600.0,3615.0,3570.0,3580.0,38200
2023/10/26,3570.0,3605.0,3475.0,3550.0,63500
2023/10/27,3600.0,3625.0,3560.0,3625.0,35900
2023/10/30,3625.0,3655.0,3600.0,3645.0,70000
2023/10/31,3670.0,3740.0,3635.0,3740.0,45200
2023/11/01,3810.0,3830.0,3760.0,3800.0,80000
2023/11/02,3835.0,3865.0,3830.0,3840.0,42200
2023/11/06,3900.0,3990.0,3885.0,3955.0,118300
2023/11/07,4095.0,4255.0,4035.0,4070.0,156400
2023/11/08,4020.0,4160.0,3980.0,4140.0,60000
2023/11/09,4070.0,4145.0,4040.0,4125.0,41600
2023/11/10,4095.0,4110.0,4040.0,4060.0,39500
2023/11/13,4000.0,4025.0,3935.0,3945.0,39400
2023/11/14,4010.0,4010.0,3910.0,3910.0,33800
2023/11/15,3920.0,4010.0,3920.0,3980.0,32900
2023/11/16,3980.0,4005.0,3940.0,3970.0,31400
2023/11/17,3975.0,4060.0,3970.0,4055.0,58100
2023/11/20,4015.0,4070.0,4005.0,4005.0,41400
2023/11/21,4015.0,4050.0,4005.0,4045.0,30200
2023/11/22,4020.0,4095.0,4020.0,4080.0,20700
2023/11/24,4055.0,4140.0,4055.0,4105.0,20800
2023/11/27,4140.0,4165.0,4095.0,4130.0,28700
2023/11/28,4135.0,4180.0,4125.0,4180.0,29600
2023/11/29,4110.0,4190.0,4110.0,4190.0,28100
2023/11/30,4170.0,4260.0,4170.0,4240.0,55200
2023/12/01,4245.0,4280.0,4175.0,4200.0,36000
2023/12/04,4150.0,4150.0,4040.0,4055.0,70300
2023/12/05,4000.0,4065.0,3975.0,4030.0,94100
2023/12/06,4080.0,4245.0,4065.0,4235.0,58500
2023/12/07,4190.0,4290.0,4175.0,4260.0,42800
2023/12/08,4120.0,4175.0,4095.0,4145.0,58400
2023/12/11,4150.0,4215.0,4140.0,4175.0,38100
2023/12/12,4175.0,4180.0,4050.0,4075.0,36800
2023/12/13,4085.0,4135.0,4060.0,4090.0,52600
2023/12/14,4110.0,4140.0,4055.0,4085.0,68500
2023/12/15,4070.0,4070.0,3940.0,3940.0,36100
2023/12/18,3910.0,3925.0,3830.0,3880.0,59100
2023/12/19,3890.0,3990.0,3875.0,3970.0,51000
2023/12/20,3970.0,4010.0,3925.0,3935.0,45100
2023/12/21,3905.0,4010.0,3880.0,3990.0,66400
2023/12/22,4005.0,4020.0,3995.0,4015.0,22700
2023/12/25,4035.0,4075.0,3975.0,3990.0,36700
2023/12/26,3990.0,4040.0,3990.0,4005.0,23900
2023/12/27,4015.0,4065.0,4010.0,4045.0,23100
2023/12/28,4040.0,4065.0,4030.0,4050.0,18200
2023/12/29,4050.0,4060.0,3965.0,4040.0,41300
2024/01/04,4010.0,4065.0,3965.0,4045.0,68800
2024/01/05,4040.0,4040.0,3960.0,3990.0,41200
2024/01/09,4040.0,4075.0,4040.0,4075.0,67800
2024/01/10,4005.0,4095.0,4005.0,4065.0,44100
2024/01/11,4115.0,4130.0,4050.0,4100.0,48900
2024/01/12,4140.0,4140.0,4055.0,4105.0,38500
2024/01/15,4135.0,4195.0,4115.0,4190.0,27500
2024/01/16,4200.0,4200.0,4065.0,4095.0,44200
2024/01/17,4145.0,4150.0,4080.0,4080.0,28100
2024/01/18,4040.0,4100.0,4040.0,4085.0,42900
2024/01/19,4100.0,4105.0,4070.0,4080.0,25200
2024/01/22,4080.0,4135.0,4080.0,4105.0,53000
2024/01/23,4160.0,4185.0,4125.0,4150.0,65000
2024/01/24,4115.0,4130.0,4050.0,4095.0,36700
2024/01/25,4090.0,4110.0,4030.0,4065.0,51400
2024/01/26,4070.0,4135.0,4065.0,4085.0,55500
2024/01/29,4130.0,4160.0,4120.0,4145.0,77200
2024/01/30,4150.0,4165.0,4050.0,4050.0,46900
2024/01/31,4000.0,4055.0,3980.0,4055.0,42500
2024/02/01,4015.0,4095.0,4010.0,4080.0,49200
2024/02/02,4085.0,4100.0,4070.0,4075.0,44000
2024/02/05,4065.0,4080.0,4035.0,4075.0,59200
2024/02/06,4075.0,4100.0,4005.0,4070.0,80300
2024/02/07,4050.0,4075.0,3985.0,4075.0,94100
2024/02/08,4035.0,4090.0,4000.0,4065.0,103000
2024/02/09,4020.0,4355.0,4020.0,4260.0,144000
2024/02/13,4300.0,4425.0,4275.0,4355.0,120100
2024/02/14,4285.0,4370.0,4215.0,4330.0,74300
2024/02/15,4330.0,4405.0,4225.0,4240.0,59100
2024/02/16,4250.0,4250.0,4165.0,4235.0,78300
2024/02/19,4210.0,4295.0,4180.0,4265.0,30000
2024/02/20,4300.0,4485.0,4300.0,4390.0,52000
2024/02/21,4410.0,4475.0,4335.0,4345.0,44200
2024/02/22,4325.0,4390.0,4300.0,4355.0,45900
2024/02/26,4360.0,4485.0,4360.0,4460.0,33500
2024/02/27,4495.0,4600.0,4470.0,4595.0,45100
2024/02/28,4605.0,4625.0,4550.0,4575.0,53400
2024/02/29,4585.0,4645.0,4565.0,4625.0,80100
2024/03/01,4680.0,4750.0,4610.0,4705.0,53300
2024/03/04,4730.0,4855.0,4730.0,4780.0,78900
2024/03/05,4775.0,4790.0,4665.0,4765.0,58900
2024/03/06,4715.0,4845.0,4710.0,4820.0,50000
2024/03/07,4850.0,4850.0,4715.0,4775.0,57200
2024/03/08,4705.0,4755.0,4570.0,4570.0,83300
2024/03/11,4500.0,4560.0,4410.0,4560.0,49400
2024/03/12,4565.0,4635.0,4485.0,4630.0,50300
2024/03/13,4630.0,4655.0,4535.0,4550.0,36700
2024/03/14,4550.0,4550.0,4425.0,4510.0,49400
2024/03/15,4560.0,4655.0,4470.0,4490.0,42900
2024/03/18,4515.0,4570.0,4500.0,4540.0,37300
2024/03/19,4510.0,4550.0,4465.0,4550.0,43000
2024/03/21,4620.0,4695.0,4550.0,4590.0,78900
2024/03/22,4600.0,4660.0,4570.0,4625.0,59700
2024/03/25,4685.0,4725.0,4580.0,4615.0,83900
2024/03/26,4610.0,4700.0,4610.0,4685.0,67800
2024/03/27,4690,4715,4595,4595,105100
2024/03/28,4550,4585,4415,4425,51300
2024/03/29,4425,4510,4415,4505,43900
2024/04/01,4450,4465,4345,4420,40300
2024/04/02,4405,4405,4310,4345,46300
2024/04/03,4315,4335,4260,4300,82000
2024/04/04,4315,4380,4275,4350,48300
2024/04/05,4280,4330,4225,4290,59800
2024/04/08,4330,4330,4250,4275,48600
2024/04/09,4205,4300,4165,4280,64700
2024/04/10,4260,4330,4260,4300,59700
2024/04/11,4230,4300,4170,4185,56600
2024/04/12,4230,4310,4215,4225,56000
