date,open,high,low,close,volume
2014/03/26,4825.0,4849.0,4725.0,4737.0,1727100
2014/03/27,4615.0,4840.0,4590.0,4813.0,1993600
2014/03/28,4811.0,4913.0,4803.0,4902.0,1378200
2014/03/31,4940.0,4974.0,4906.0,4942.0,1073900
2014/04/01,4911.0,4938.0,4868.0,4916.0,1051600
2014/04/02,4937.0,4987.0,4881.0,4951.0,1217100
2014/04/03,4980.0,5077.0,4960.0,5037.0,1252600
2014/04/04,5020.0,5100.0,5015.0,5048.0,1276500
2014/04/07,5001.0,5023.0,4921.0,4950.0,1044100
2014/04/08,4940.0,4996.0,4914.0,4955.0,1098300
2014/04/09,4875.0,4897.0,4777.0,4777.0,1772600
2014/04/10,4834.0,4859.0,4755.0,4773.0,937400
2014/04/11,4563.0,4663.0,4561.0,4625.0,2436600
2014/04/14,4608.0,4683.0,4595.0,4596.0,1511100
2014/04/15,4623.0,4669.0,4593.0,4654.0,976200
2014/04/16,4671.0,4748.0,4614.0,4736.0,1237500
2014/04/17,4682.0,4743.0,4638.0,4729.0,1181700
2014/04/18,4763.0,4765.0,4709.0,4747.0,669900
2014/04/21,4747.0,4867.0,4735.0,4829.0,1097700
2014/04/22,4850.0,4856.0,4729.0,4729.0,1271500
2014/04/23,4735.0,4779.0,4693.0,4772.0,1088200
2014/04/24,4781.0,4789.0,4633.0,4654.0,1401600
2014/04/25,4625.0,4713.0,4596.0,4622.0,1276800
2014/04/28,4572.0,4603.0,4502.0,4530.0,1521300
2014/04/30,4535.0,4570.0,4387.0,4410.0,1993700
2014/05/01,4580.0,4744.0,4572.0,4712.0,2320100
2014/05/02,4724.0,4740.0,4619.0,4664.0,1440800
2014/05/07,4606.0,4633.0,4498.0,4510.0,1288100
2014/05/08,4500.0,4587.0,4500.0,4574.0,1124400
2014/05/09,4590.0,4648.0,4580.0,4611.0,1685300
2014/05/12,4649.0,4720.0,4649.0,4677.0,1165300
2014/05/13,4747.0,4784.0,4685.0,4727.0,1129500
2014/05/14,4745.0,4789.0,4733.0,4768.0,819000
2014/05/15,4732.0,4783.0,4693.0,4769.0,855900
2014/05/16,4702.0,4735.0,4684.0,4725.0,844600
2014/05/19,4730.0,4730.0,4644.0,4665.0,862100
2014/05/20,4678.0,4705.0,4602.0,4648.0,666200
2014/05/21,4628.0,4692.0,4604.0,4673.0,998200
2014/05/22,4710.0,4758.0,4682.0,4730.0,1013700
2014/05/23,4745.0,4792.0,4728.0,4749.0,642300
2014/05/26,4788.0,4791.0,4752.0,4790.0,537200
2014/05/27,4784.0,4797.0,4758.0,4758.0,1098700
2014/05/28,4750.0,4773.0,4709.0,4732.0,1084600
2014/05/29,4700.0,4756.0,4668.0,4727.0,945800
2014/05/30,4714.0,4748.0,4685.0,4694.0,1286400
2014/06/02,4723.0,4827.0,4700.0,4811.0,1199100
2014/06/03,4846.0,4848.0,4753.0,4760.0,973400
2014/06/04,4791.0,4838.0,4784.0,4826.0,1012000
2014/06/05,4858.0,4877.0,4821.0,4838.0,1083200
2014/06/06,4854.0,4858.0,4805.0,4833.0,690500
2014/06/09,4848.0,4855.0,4798.0,4834.0,1067200
2014/06/10,4809.0,4819.0,4711.0,4718.0,1407500
2014/06/11,4715.0,4729.0,4664.0,4690.0,1352500
2014/06/12,4580.0,4587.0,4511.0,4543.0,2836600
2014/06/13,4425.0,4494.0,4395.0,4492.0,4124800
2014/06/16,4514.0,4516.0,4445.0,4479.0,1325000
2014/06/17,4497.0,4561.0,4475.0,4545.0,1442700
2014/06/18,4559.0,4597.0,4541.0,4587.0,1352700
2014/06/19,4591.0,4658.0,4590.0,4620.0,1780500
2014/06/20,4600.0,4607.0,4494.0,4494.0,2518400
2014/06/23,4533.0,4542.0,4505.0,4516.0,907400
2014/06/24,4515.0,4582.0,4490.0,4575.0,1306300
2014/06/25,4625.0,4697.0,4610.0,4678.0,2631200
2014/06/26,4671.0,4764.0,4671.0,4739.0,1892900
2014/06/27,4750.0,4767.0,4699.0,4727.0,1622700
2014/06/30,4728.0,4767.0,4722.0,4747.0,931300
2014/07/01,4722.0,4800.0,4713.0,4765.0,1064000
2014/07/02,4773.0,4804.0,4763.0,4785.0,841000
2014/07/03,4800.0,4837.0,4772.0,4830.0,1646500
2014/07/04,4841.0,4860.0,4800.0,4832.0,873300
2014/07/07,4841.0,4888.0,4828.0,4832.0,929100
2014/07/08,4799.0,4799.0,4720.0,4760.0,1342400
2014/07/09,4728.0,4754.0,4701.0,4727.0,1106700
2014/07/10,4735.0,4744.0,4702.0,4712.0,649200
2014/07/11,4700.0,4732.0,4683.0,4713.0,1162100
2014/07/14,4730.0,4740.0,4688.0,4721.0,863900
2014/07/15,4750.0,4781.0,4711.0,4724.0,850500
2014/07/16,4705.0,4718.0,4696.0,4708.0,579500
2014/07/17,4712.0,4746.0,4712.0,4730.0,919200
2014/07/18,4669.0,4669.0,4601.0,4646.0,1355900
2014/07/22,4666.5,4725.5,4666.0,4688.5,959100
2014/07/23,4599.0,4617.0,4571.5,4609.5,1845400
2014/07/24,4602.0,4638.0,4555.0,4571.5,1801400
2014/07/25,4575.0,4589.5,4543.0,4589.5,1128700
2014/07/28,4571.0,4636.0,4571.0,4621.5,970100
2014/07/29,4633.0,4694.0,4626.5,4671.0,1144300
2014/07/30,4670.5,4698.0,4667.0,4687.0,890100
2014/07/31,4700.5,4714.0,4668.0,4684.0,1526800
2014/08/01,4800.0,4899.5,4764.0,4873.0,3264400
2014/08/04,4897.0,4944.5,4888.5,4922.5,1664300
2014/08/05,4940.0,4971.5,4889.0,4922.5,1665800
2014/08/06,4915.5,4916.0,4835.0,4856.0,1235900
2014/08/07,4846.5,4867.0,4796.5,4853.5,881900
2014/08/08,4783.5,4799.0,4712.5,4739.5,1625500
2014/08/11,4899.0,4929.5,4877.5,4912.5,1457500
2014/08/12,4902.5,4918.0,4886.0,4898.0,522400
2014/08/13,4929.5,4941.0,4910.0,4926.0,788900
2014/08/14,4948.5,4968.0,4915.5,4923.0,558400
2014/08/15,4912.0,4914.0,4852.5,4878.0,681600
2014/08/18,4885.0,4983.5,4883.0,4969.0,1198600
2014/08/19,4999.0,5030.0,4966.0,4986.5,960400
2014/08/20,5057.0,5157.0,5050.0,5144.0,2389300
2014/08/21,5160.0,5249.0,5158.0,5208.0,1503500
2014/08/22,5200.0,5288.0,5190.0,5262.0,1289500
2014/08/25,5274.0,5296.0,5243.0,5265.0,836600
2014/08/26,5272.0,5278.0,5220.0,5236.0,609300
2014/08/27,5234.0,5286.0,5190.0,5283.0,1152600
2014/08/28,5302.0,5435.0,5302.0,5420.0,2123500
2014/08/29,5442.0,5485.0,5405.0,5450.0,1500600
2014/09/01,5450.0,5572.0,5450.0,5563.0,1487600
2014/09/02,5580.0,5679.0,5580.0,5626.0,1430500
2014/09/03,5681.0,5689.0,5625.0,5637.0,1287600
2014/09/04,5613.0,5635.0,5537.0,5548.0,1194400
2014/09/05,5551.0,5600.0,5495.0,5507.0,1444600
2014/09/08,5486.0,5500.0,5393.0,5496.0,1248500
2014/09/09,5580.0,5628.0,5549.0,5589.0,1293700
2014/09/10,5555.0,5566.0,5489.0,5543.0,731000
2014/09/11,5584.0,5659.0,5581.0,5653.0,1213800
2014/09/12,5680.0,5791.0,5680.0,5721.0,3124000
2014/09/16,5722.0,5780.0,5661.0,5683.0,1130300
2014/09/17,5707.0,5722.0,5686.0,5710.0,1034800
2014/09/18,5730.0,5743.0,5649.0,5664.0,2007700
2014/09/19,5760.0,5955.0,5740.0,5920.0,2723000
2014/09/22,5910.0,5975.0,5844.0,5927.0,1681600
2014/09/24,5867.0,5977.0,5865.0,5946.0,1226000
2014/09/25,6000.0,6070.0,5991.0,6047.0,1344800
2014/09/26,5901.0,6013.0,5901.0,6003.0,1136700
2014/09/29,6073.0,6084.0,6006.0,6068.0,966600
2014/09/30,6031.0,6040.0,5922.0,6015.0,1440100
2014/10/01,6047.0,6047.0,5951.0,5958.0,1181500
2014/10/02,5873.0,5944.0,5815.0,5845.0,1621000
2014/10/03,5780.0,5890.0,5765.0,5890.0,1571100
2014/10/06,6000.0,6034.0,5958.0,5995.0,1131000
2014/10/07,5898.0,5967.0,5882.0,5924.0,1387700
2014/10/08,5791.0,5813.0,5751.0,5767.0,1495600
2014/10/09,5791.0,5829.0,5692.0,5704.0,1238900
2014/10/10,5637.0,5644.0,5557.0,5615.0,2053000
2014/10/14,5428.0,5514.0,5427.0,5479.0,1607900
2014/10/15,5475.0,5484.0,5404.0,5472.0,1400000
2014/10/16,5289.0,5397.0,5286.0,5363.0,1399500
2014/10/17,5395.0,5449.0,5315.0,5341.0,1837000
2014/10/20,5417.0,5500.0,5394.0,5461.0,2063800
2014/10/21,5474.0,5487.0,5396.0,5412.0,1788900
2014/10/22,5540.0,5710.0,5530.0,5700.0,2196800
2014/10/23,5650.0,5693.0,5624.0,5650.0,1323100
2014/10/24,5760.0,5762.0,5672.0,5702.0,1522100
2014/10/27,5759.0,5790.0,5714.0,5775.0,978300
2014/10/28,5723.0,5750.0,5646.0,5694.0,1287900
2014/10/29,5772.0,5789.0,5720.0,5745.0,1025400
2014/10/30,5772.0,5819.0,5745.0,5786.0,1610000
2014/10/31,5824.0,6004.0,5792.0,5953.0,1728200
2014/11/04,6300.0,6333.0,5805.0,5856.0,4112000
2014/11/05,5917.0,5968.0,5840.0,5916.0,2493000
2014/11/06,5960.0,6100.0,5891.0,6031.0,2504900
2014/11/07,6033.0,6060.0,5982.0,6046.0,1315000
2014/11/10,6010.0,6080.0,5985.0,6076.0,1029500
2014/11/11,6099.0,6140.0,6065.0,6125.0,1530100
2014/11/12,6180.0,6248.0,6125.0,6144.0,1900500
2014/11/13,6144.0,6198.0,6090.0,6180.0,847500
2014/11/14,6245.0,6245.0,6131.0,6224.0,2077800
2014/11/17,6156.0,6199.0,5987.0,6021.0,1503400
2014/11/18,6120.0,6219.0,6102.0,6217.0,1550500
2014/11/19,6230.0,6263.0,6174.0,6184.0,1017600
2014/11/20,6270.0,6289.0,6195.0,6239.0,1317200
2014/11/21,6160.0,6256.0,6101.0,6248.0,1330700
2014/11/25,6290.0,6330.0,6251.0,6309.0,1152600
2014/11/26,6260.0,6279.0,6229.0,6258.0,868800
2014/11/27,6276.0,6307.0,6220.0,6250.0,1356300
2014/11/28,6297.0,6318.0,6230.0,6263.0,1055800
2014/12/01,6231.0,6314.0,6231.0,6272.0,1404300
2014/12/02,6241.0,6350.0,6232.0,6334.0,1067700
2014/12/03,6380.0,6477.0,6377.0,6400.0,1489200
2014/12/04,6500.0,6688.0,6479.0,6661.0,2410800
2014/12/05,6643.0,6680.0,6585.0,6667.0,1484700
2014/12/08,6700.0,6851.0,6700.0,6757.0,2171300
2014/12/09,6737.0,6839.0,6693.0,6735.0,2399600
2014/12/10,6613.0,6645.0,6507.0,6564.0,1642400
2014/12/11,6580.0,6658.0,6533.0,6609.0,1241600
2014/12/12,6709.0,6846.0,6692.0,6768.0,3233900
2014/12/15,6650.0,6730.0,6592.0,6649.0,1167600
2014/12/16,6593.0,6612.0,6427.0,6470.0,1731500
2014/12/17,6430.0,6546.0,6405.0,6512.0,1142700
2014/12/18,6677.0,6680.0,6546.0,6571.0,1345300
2014/12/19,6700.0,6700.0,6626.0,6681.0,1180900
2014/12/22,6683.0,6710.0,6582.0,6706.0,1236500
2014/12/24,6799.0,6817.0,6766.0,6811.0,1109000
2014/12/25,6804.0,6859.0,6782.0,6814.0,627000
2014/12/26,6825.0,6867.0,6806.0,6858.0,586800
2014/12/29,6900.0,6949.0,6803.0,6912.0,1101200
2014/12/30,6871.0,6881.0,6767.0,6773.0,863200
2015/01/05,6711.0,6867.0,6702.0,6816.0,992900
2015/01/06,6680.0,6691.0,6516.0,6528.0,1685500
2015/01/07,6428.0,6572.0,6427.0,6529.0,1207600
2015/01/08,6625.0,6739.0,6614.0,6676.0,1116400
2015/01/09,6713.0,6818.0,6695.0,6804.0,1696900
2015/01/13,6721.0,6840.0,6624.0,6827.0,1112000
2015/01/14,6849.0,6978.0,6757.0,6772.0,1810900
2015/01/15,6775.0,6850.0,6701.0,6839.0,1115900
2015/01/16,6651.0,6761.0,6632.0,6753.0,1765800
2015/01/19,6844.0,6861.0,6710.0,6850.0,1247200
2015/01/20,6890.0,6989.0,6878.0,6982.0,1331100
2015/01/21,6987.0,7129.0,6965.0,7122.0,2365900
2015/01/22,7169.0,7277.0,7125.0,7177.0,2124300
2015/01/23,7208.0,7209.0,7133.0,7179.0,1128900
2015/01/26,7096.0,7177.0,7029.0,7153.0,906000
2015/01/27,7270.0,7336.0,7209.0,7225.0,1023000
2015/01/28,7191.0,7292.0,7190.0,7202.0,1226100
2015/01/29,7126.0,7226.0,7112.0,7124.0,1136500
2015/01/30,7231.0,7250.0,7077.0,7085.0,1261600
2015/02/02,7300.0,7475.0,7271.0,7450.0,2384300
2015/02/03,7501.0,7620.0,7240.0,7313.0,2205300
2015/02/04,7499.0,7509.0,7391.0,7451.0,1714800
2015/02/05,7467.0,7484.0,7259.0,7298.0,1632100
2015/02/06,7400.0,7425.0,7259.0,7307.0,989200
2015/02/09,7432.0,7445.0,7271.0,7349.0,984100
2015/02/10,7284.0,7316.0,7230.0,7270.0,892500
2015/02/12,7449.0,7588.0,7440.0,7582.0,2110300
2015/02/13,7513.0,7568.0,7467.0,7518.0,1278300
2015/02/16,7507.0,7577.0,7467.0,7495.0,989700
2015/02/17,7394.0,7469.0,7277.0,7354.0,1442500
2015/02/18,7440.0,7448.0,7333.0,7363.0,1278000
2015/02/19,7326.0,7390.0,7307.0,7352.0,1007900
2015/02/20,7387.0,7423.0,7340.0,7392.0,908500
2015/02/23,7500.0,7525.0,7458.0,7489.0,1036200
2015/02/24,7523.0,7540.0,7459.0,7511.0,800000
2015/02/25,7491.0,7550.0,7445.0,7465.0,891900
2015/02/26,7475.0,7573.0,7457.0,7573.0,1083300
2015/02/27,7570.0,7635.0,7533.0,7580.0,1027700
2015/03/02,7630.0,7676.0,7506.0,7510.0,1212000
2015/03/03,7595.0,7595.0,7451.0,7518.0,966700
2015/03/04,7518.0,7566.0,7441.0,7475.0,1269200
2015/03/05,7440.0,7492.0,7386.0,7457.0,1364200
2015/03/06,7506.0,7747.0,7500.0,7745.0,2060500
2015/03/09,7681.0,7733.0,7577.0,7595.0,1372300
2015/03/10,7613.0,7649.0,7460.0,7511.0,1362300
2015/03/11,7499.0,7534.0,7421.0,7431.0,1197000
2015/03/12,7412.0,7536.0,7363.0,7527.0,1141800
2015/03/13,7869.0,7869.0,7586.0,7768.0,3680500
2015/03/16,7707.0,7796.0,7688.0,7693.0,1094800
2015/03/17,7749.0,7791.0,7681.0,7718.0,847100
2015/03/18,7717.0,7788.0,7662.0,7777.0,1067000
2015/03/19,7778.0,8034.0,7747.0,8028.0,2055300
2015/03/20,8035.0,8121.0,7933.0,8002.0,1398700
2015/03/23,8029.0,8151.0,8019.0,8137.0,1027300
2015/03/24,8071.0,8240.0,8067.0,8139.0,1569900
2015/03/25,8139.0,8280.0,8116.0,8273.0,1454800
2015/03/26,8214.0,8262.0,8102.0,8142.0,1066900
2015/03/27,7937.0,8147.0,7892.0,7956.0,1539000
2015/03/30,8076.0,8127.0,8031.0,8092.0,1049700
2015/03/31,8133.0,8180.0,8030.0,8030.0,1281200
2015/04/01,7986.0,8041.0,7821.0,7886.0,1321600
2015/04/02,7867.0,7971.0,7807.0,7887.0,1374200
2015/04/03,7823.0,7886.0,7762.0,7850.0,1092200
2015/04/06,7810.0,7919.0,7780.0,7906.0,884200
2015/04/07,7963.0,8107.0,7913.0,8100.0,1192000
2015/04/08,8150.0,8184.0,8069.0,8113.0,1107500
2015/04/09,8142.0,8143.0,8014.0,8051.0,876100
2015/04/10,8043.0,8065.0,7996.0,8027.0,1372200
2015/04/13,8050.0,8058.0,7941.0,7971.0,668200
2015/04/14,7915.0,7935.0,7850.0,7902.0,677900
2015/04/15,7901.0,7918.0,7822.0,7850.0,796300
2015/04/16,7843.0,7850.0,7786.0,7816.0,779800
2015/04/17,7796.0,7796.0,7655.0,7655.0,1028200
2015/04/20,7525.0,7708.0,7520.0,7667.0,882800
2015/04/21,7699.0,7789.0,7699.0,7776.0,773900
2015/04/22,7800.0,7927.0,7799.0,7904.0,1351000
2015/04/23,7927.0,7940.0,7842.0,7882.0,908200
2015/04/24,7860.0,7885.0,7785.0,7788.0,568200
2015/04/27,7797.0,7817.0,7741.0,7765.0,536600
2015/04/28,7818.0,7920.0,7791.0,7887.0,929300
2015/04/30,7887.0,7887.0,7664.0,7697.0,1363600
2015/05/01,7915.0,8080.0,7863.0,8080.0,2213900
2015/05/07,8000.0,8120.0,7982.0,8071.0,1095900
2015/05/08,8028.0,8223.0,8028.0,8206.0,1470100
2015/05/11,8300.0,8331.0,8258.0,8315.0,1041900
2015/05/12,8250.0,8278.0,8188.0,8278.0,772800
2015/05/13,8300.0,8493.0,8240.0,8463.0,1322300
2015/05/14,8463.0,8554.0,8379.0,8410.0,1149900
2015/05/15,8600.0,8790.0,8599.0,8763.0,1454200
2015/05/18,8730.0,8753.0,8634.0,8661.0,1075600
2015/05/19,8727.0,8777.0,8644.0,8644.0,1097000
2015/05/20,8690.0,9009.0,8689.0,8998.0,1780900
2015/05/21,8955.0,9150.0,8881.0,8926.0,1210900
2015/05/22,8999.0,9200.0,8996.0,9200.0,1433000
2015/05/25,9260.0,9478.0,9252.0,9360.0,1490000
2015/05/26,9473.0,9560.0,9404.0,9450.0,1519500
2015/05/27,9480.0,9510.0,9371.0,9483.0,1200600
2015/05/28,9770.0,9864.0,9596.0,9667.0,1793300
2015/05/29,9601.0,9765.0,9585.0,9658.0,1711400
2015/06/01,9563.0,9677.0,9520.0,9648.0,836100
2015/06/02,9650.0,9676.0,9598.0,9648.0,713300
2015/06/03,9573.0,9593.0,9361.0,9382.0,1694900
2015/06/04,9422.0,9529.0,9383.0,9450.0,1553000
2015/06/05,9472.0,9480.0,9362.0,9374.0,974400
2015/06/08,9368.0,9482.0,9304.0,9482.0,955900
2015/06/09,9534.0,9559.0,9389.0,9411.0,1290500
2015/06/10,9379.0,9480.0,9311.0,9360.0,1150700
2015/06/11,9440.0,9512.0,9438.0,9512.0,954700
2015/06/12,9466.0,9545.0,9417.0,9538.0,1864600
2015/06/15,9388.0,9436.0,9364.0,9404.0,906400
2015/06/16,9484.0,9663.0,9457.0,9640.0,1588600
2015/06/17,9562.0,9770.0,9561.0,9741.0,1053300
2015/06/18,9785.0,9825.0,9651.0,9715.0,1127000
2015/06/19,9800.0,9888.0,9745.0,9875.0,1329600
2015/06/22,9850.0,9930.0,9815.0,9930.0,793100
2015/06/23,9980.0,10215.0,9979.0,10200.0,1258800
2015/06/24,10185.0,10210.0,10075.0,10085.0,1086300
2015/06/25,10100.0,10145.0,10020.0,10060.0,700900
2015/06/26,10120.0,10295.0,10110.0,10245.0,876200
2015/06/29,9893.0,10095.0,9883.0,9960.0,1345000
2015/06/30,9972.0,10145.0,9958.0,10060.0,843500
2015/07/01,10145.0,10145.0,9961.0,9994.0,773000
2015/07/02,10200.0,10345.0,10135.0,10190.0,884000
2015/07/03,10200.0,10425.0,10145.0,10415.0,861100
2015/07/06,10215.0,10310.0,9993.0,10065.0,1128200
2015/07/07,10280.0,10280.0,10035.0,10060.0,815600
2015/07/08,9994.0,10000.0,9495.0,9509.0,2166800
2015/07/09,9240.0,9648.0,9116.0,9622.0,2434100
2015/07/10,9571.0,9747.0,9339.0,9373.0,2262100
2015/07/13,9468.0,9659.0,9450.0,9659.0,1055100
2015/07/14,9860.0,9935.0,9811.0,9890.0,963000
2015/07/15,9890.0,9924.0,9820.0,9913.0,657900
2015/07/16,10025.0,10195.0,9986.0,10035.0,840700
2015/07/17,10090.0,10145.0,10020.0,10145.0,582400
2015/07/21,10245.0,10435.0,10225.0,10260.0,818800
2015/07/22,10000.0,10160.0,9995.0,10015.0,788900
2015/07/23,10000.0,10065.0,9954.0,9965.0,722000
2015/07/24,9926.0,10090.0,9865.0,10040.0,992100
2015/07/27,9840.0,9875.0,9702.0,9723.0,1231400
2015/07/28,9123.0,9427.0,8833.0,9329.0,4078400
2015/07/29,9179.0,9206.0,9005.0,9163.0,1891000
2015/07/30,9320.0,9374.0,9252.0,9351.0,1265300
2015/07/31,9351.0,9479.0,9310.0,9390.0,984500
2015/08/03,9550.0,9554.0,8805.0,8984.0,2717700
2015/08/04,8878.0,8959.0,8705.0,8794.0,1695800
2015/08/05,8705.0,8782.0,8516.0,8634.0,1915900
2015/08/06,8687.0,8805.0,8665.0,8781.0,1218500
2015/08/07,8750.0,8936.0,8710.0,8914.0,1109600
2015/08/10,8823.0,8848.0,8681.0,8736.0,1234600
2015/08/11,8820.0,8820.0,8581.0,8653.0,1000900
2015/08/12,8555.0,8670.0,8395.0,8437.0,1368800
2015/08/13,8557.0,8717.0,8459.0,8651.0,1205000
2015/08/14,8709.0,8828.0,8637.0,8785.0,1284800
2015/08/17,8780.0,8843.0,8744.0,8810.0,606000
2015/08/18,8773.0,8828.0,8747.0,8761.0,413200
2015/08/19,8726.0,8752.0,8415.0,8434.0,1124500
2015/08/20,8414.0,8430.0,8253.0,8256.0,997600
2015/08/21,7980.0,8090.0,7964.0,7967.0,1529200
2015/08/24,7728.0,7848.0,7501.0,7541.0,1776400
2015/08/25,7391.0,8050.0,7300.0,7418.0,2552900
2015/08/26,7510.0,8105.0,7500.0,8105.0,2385500
2015/08/27,8325.0,8450.0,8055.0,8151.0,1498100
2015/08/28,8420.0,8441.0,8214.0,8354.0,1141200
2015/08/31,8350.0,8369.0,8125.0,8172.0,1093500
2015/09/01,8022.0,8063.0,7805.0,7805.0,1243700
2015/09/02,7589.0,7878.0,7576.0,7638.0,1260600
2015/09/03,7768.0,7820.0,7601.0,7669.0,1170900
2015/09/04,7750.0,7750.0,7359.0,7481.0,1183000
2015/09/07,7380.0,7581.0,7281.0,7462.0,993400
2015/09/08,7480.0,7488.0,7140.0,7140.0,1413600
2015/09/09,7434.0,7938.0,7356.0,7938.0,1721100
2015/09/10,7628.0,7658.0,7468.0,7598.0,1211700
2015/09/11,7450.0,7580.0,7206.0,7294.0,3415600
2015/09/14,7439.0,7530.0,7313.0,7387.0,1429700
2015/09/15,7468.0,7667.0,7447.0,7619.0,1623000
2015/09/16,7669.0,7735.0,7558.0,7684.0,910800
2015/09/17,7720.0,7843.0,7670.0,7800.0,858800
2015/09/18,7710.0,7798.0,7555.0,7555.0,1079300
2015/09/24,7392.0,7420.0,7148.0,7272.0,1520700
2015/09/25,7310.0,7387.0,7101.0,7332.0,1447100
2015/09/28,7352.0,7438.0,7092.0,7128.0,1119900
2015/09/29,6946.0,6962.0,6807.0,6824.0,1351100
2015/09/30,7024.0,7160.0,6933.0,7125.0,1444700
2015/10/01,7133.0,7567.0,7064.0,7504.0,1760700
2015/10/02,7407.0,7994.0,7360.0,7935.0,2708000
2015/10/05,7936.0,8124.0,7918.0,8013.0,1253800
2015/10/06,8132.0,8199.0,7905.0,7962.0,1292400
2015/10/07,7961.0,8075.0,7800.0,8040.0,1036200
2015/10/08,7949.0,7996.0,7804.0,7927.0,1175100
2015/10/09,8010.0,8288.0,8010.0,8271.0,1896300
2015/10/13,8131.0,8182.0,7871.0,7950.0,1692500
2015/10/14,7835.0,7871.0,7641.0,7685.0,1504100
2015/10/15,7612.0,7882.0,7570.0,7822.0,854500
2015/10/16,7903.0,7940.0,7787.0,7866.0,808900
2015/10/19,7851.0,7861.0,7592.0,7621.0,1226900
2015/10/20,7890.0,7940.0,7584.0,7623.0,2114300
2015/10/21,7555.0,7748.0,7516.0,7698.0,1318900
2015/10/22,7655.0,7862.0,7635.0,7705.0,907300
2015/10/23,7948.0,8046.0,7899.0,7973.0,1392200
2015/10/26,8099.0,8169.0,8029.0,8043.0,848900
2015/10/27,8070.0,8126.0,7868.0,7885.0,1230400
2015/10/28,7889.0,7934.0,7774.0,7808.0,1163100
2015/10/29,7875.0,7916.0,7775.0,7842.0,750300
2015/10/30,7819.0,7900.0,7719.0,7824.0,1493500
2015/11/02,7955.0,8324.0,7872.0,8250.0,2881300
2015/11/04,8327.0,8588.0,8306.0,8446.0,1660200
2015/11/05,8589.0,8697.0,8505.0,8556.0,1311200
2015/11/06,8547.0,8611.0,8483.0,8553.0,651600
2015/11/09,8699.0,8845.0,8686.0,8822.0,1254600
2015/11/10,8688.0,8820.0,8668.0,8781.0,880100
2015/11/11,8701.0,8834.0,8681.0,8782.0,746400
2015/11/12,8729.0,8763.0,8675.0,8694.0,687600
2015/11/13,8560.0,8680.0,8504.0,8673.0,956600
2015/11/16,8451.0,8540.0,8442.0,8456.0,1052700
2015/11/17,8624.0,8697.0,8516.0,8552.0,1441900
2015/11/18,8634.0,8659.0,8472.0,8472.0,1057000
2015/11/19,8587.0,8592.0,8349.0,8369.0,1687600
2015/11/20,8361.0,8378.0,8251.0,8346.0,1450000
2015/11/24,8763.0,8808.0,8677.0,8788.0,2490700
2015/11/25,8802.0,8909.0,8707.0,8781.0,1427200
2015/11/26,8353.0,8575.0,8302.0,8348.0,3440300
2015/11/27,8388.0,8412.0,8253.0,8263.0,1520300
2015/11/30,8280.0,8339.0,8240.0,8296.0,989100
2015/12/01,8353.0,8587.0,8314.0,8587.0,1762700
2015/12/02,8584.0,8660.0,8492.0,8597.0,1814800
2015/12/03,8540.0,8626.0,8517.0,8586.0,949800
2015/12/04,8489.0,8633.0,8460.0,8606.0,1527900
2015/12/07,8700.0,8726.0,8667.0,8702.0,983800
2015/12/08,8745.0,8819.0,8661.0,8681.0,1140400
2015/12/09,8551.0,8681.0,8509.0,8589.0,1110900
2015/12/10,8478.0,8588.0,8464.0,8580.0,936300
2015/12/11,8607.0,8818.0,8607.0,8816.0,2916100
2015/12/14,8610.0,8723.0,8533.0,8702.0,1792000
2015/12/15,8604.0,8633.0,8385.0,8416.0,2188400
2015/12/16,8566.0,8778.0,8566.0,8766.0,2253500
2015/12/17,8848.0,8907.0,8673.0,8697.0,2104800
2015/12/18,8676.0,8852.0,8568.0,8596.0,2540700
2015/12/21,8467.0,8622.0,8333.0,8575.0,1937500
2015/12/22,8559.0,8702.0,8515.0,8670.0,1181200
2015/12/24,8740.0,8827.0,8704.0,8723.0,1035500
2015/12/25,8788.0,8859.0,8770.0,8778.0,801000
2015/12/28,8800.0,8836.0,8694.0,8751.0,694400
2015/12/29,8764.0,8952.0,8736.0,8905.0,937900
2015/12/30,8920.0,8964.0,8883.0,8912.0,818500
2016/01/04,8742.0,8798.0,8556.0,8600.0,1690600
2016/01/05,8520.0,8649.0,8480.0,8577.0,1203600
2016/01/06,8577.0,8656.0,8188.0,8253.0,2323900
2016/01/07,8076.0,8101.0,7561.0,7565.0,3760500
2016/01/08,7415.0,7696.0,7350.0,7573.0,3241300
2016/01/12,7403.0,7443.0,7192.0,7239.0,2099900
2016/01/13,7480.0,7514.0,7370.0,7444.0,1606700
2016/01/14,7184.0,7228.0,7021.0,7191.0,1924000
2016/01/15,7375.0,7427.0,7065.0,7100.0,1460300
2016/01/18,6900.0,7168.0,6881.0,7105.0,1515600
2016/01/19,7114.0,7232.0,7013.0,7159.0,1351000
2016/01/20,7212.0,7252.0,6840.0,6866.0,1644100
2016/01/21,6916.0,7198.0,6816.0,6818.0,1971900
2016/01/22,7140.0,7387.0,7081.0,7378.0,2161300
2016/01/25,7474.0,7499.0,7270.0,7288.0,1766700
2016/01/26,7150.0,7208.0,7050.0,7080.0,1255800
2016/01/27,7050.0,7237.0,6890.0,7130.0,1949700
2016/01/28,7024.0,7050.0,6764.0,6789.0,2426900
2016/01/29,6849.0,6969.0,6550.0,6821.0,2954300
2016/02/01,7050.0,7060.0,6753.0,6934.0,2362700
2016/02/02,6822.0,6911.0,6730.0,6743.0,1853400
2016/02/03,6450.0,6457.0,6323.0,6351.0,2140900
2016/02/04,6322.0,6579.0,6320.0,6475.0,1633400
2016/02/05,6152.0,6217.0,6072.0,6177.0,2087400
2016/02/08,6102.0,6245.0,6051.0,6207.0,1847700
2016/02/09,5870.0,5940.0,5763.0,5782.0,1796300
2016/02/10,5807.0,5930.0,5607.0,5720.0,2302300
2016/02/12,5281.0,5478.0,5175.0,5215.0,3144800
2016/02/15,5511.0,5736.0,5445.0,5681.0,1845100
2016/02/16,5621.0,5856.0,5613.0,5736.0,1689100
2016/02/17,5700.0,5870.0,5643.0,5722.0,2375600
2016/02/18,6020.0,6115.0,5951.0,6080.0,2370000
2016/02/19,6007.0,6019.0,5813.0,5945.0,1422300
2016/02/22,5866.0,6047.0,5836.0,5982.0,1092700
2016/02/23,6010.0,6129.0,5988.0,6053.0,1303900
2016/02/24,5894.0,5894.0,5737.0,5777.0,1402000
2016/02/25,5736.0,5845.0,5690.0,5811.0,1381400
2016/02/26,5971.0,6020.0,5891.0,5920.0,1202500
2016/02/29,5984.0,6119.0,5976.0,5976.0,1391900
2016/03/01,6275.0,6297.0,6095.0,6192.0,2800100
2016/03/02,6374.0,6584.0,6336.0,6562.0,1776600
2016/03/03,6510.0,6638.0,6451.0,6553.0,1294000
2016/03/04,6510.0,6744.0,6510.0,6695.0,1584800
2016/03/07,6709.0,6831.0,6605.0,6630.0,1543900
2016/03/08,6605.0,6725.0,6590.0,6644.0,2191000
2016/03/09,6642.0,6681.0,6485.0,6667.0,2150600
2016/03/10,6659.0,6721.0,6620.0,6718.0,1784200
2016/03/11,6708.0,6909.0,6668.0,6900.0,3431900
2016/03/14,7000.0,7229.0,6987.0,7216.0,2191600
2016/03/15,7142.0,7144.0,7005.0,7072.0,1936500
2016/03/16,7046.0,7158.0,7014.0,7134.0,1438100
2016/03/17,7132.0,7254.0,6978.0,7040.0,1901700
2016/03/18,6934.0,6971.0,6657.0,6704.0,2530700
2016/03/22,6801.0,6994.0,6765.0,6932.0,1594900
2016/03/23,6845.0,6871.0,6702.0,6719.0,1350600
2016/03/24,6680.0,6698.0,6521.0,6546.0,1728700
2016/03/25,6446.0,6474.0,6338.0,6453.0,1828000
2016/03/28,6546.0,6571.0,6407.0,6490.0,935500
2016/03/29,6416.0,6503.0,6394.0,6448.0,1115400
2016/03/30,6348.0,6383.0,6259.0,6273.0,1241000
2016/03/31,6283.0,6387.0,6253.0,6257.0,1241800
2016/04/01,6248.0,6248.0,5903.0,5928.0,1384700
2016/04/04,5946.0,6039.0,5868.0,5925.0,970400
2016/04/05,5922.0,5949.0,5783.0,5809.0,1250200
2016/04/06,5800.0,5944.0,5778.0,5802.0,1250100
2016/04/07,5775.0,5845.0,5680.0,5728.0,1463100
2016/04/08,5600.0,5918.0,5582.0,5827.0,2134000
2016/04/11,5861.0,5914.0,5772.0,5902.0,1279200
2016/04/12,5800.0,5992.0,5714.0,5984.0,1027800
2016/04/13,6011.0,6180.0,6002.0,6147.0,1676800
2016/04/14,6239.0,6380.0,6217.0,6376.0,1375100
2016/04/15,6314.0,6418.0,6291.0,6312.0,1211900
2016/04/18,6000.0,6076.0,5984.0,6007.0,1393900
2016/04/19,6112.0,6224.0,6106.0,6196.0,1394300
2016/04/20,6283.0,6304.0,6157.0,6225.0,1389200
2016/04/21,6425.0,6427.0,6195.0,6333.0,1543200
2016/04/22,6175.0,6403.0,6172.0,6403.0,1365300
2016/04/25,6450.0,6472.0,6273.0,6314.0,1381400
2016/04/26,6324.0,6333.0,6156.0,6212.0,1504800
2016/04/27,6112.0,6174.0,6060.0,6143.0,1481800
2016/04/28,6243.0,6420.0,5977.0,6036.0,2414300
2016/05/02,6236.0,6632.0,6089.0,6578.0,4417300
2016/05/06,6515.0,6570.0,6320.0,6372.0,1998200
2016/05/09,6365.0,6397.0,6291.0,6321.0,1439500
2016/05/10,6420.0,6898.0,6420.0,6840.0,2914000
2016/05/11,6870.0,6880.0,6631.0,6664.0,1985100
2016/05/12,6600.0,6837.0,6537.0,6815.0,1396800
2016/05/13,6929.0,7016.0,6681.0,6806.0,2202000
2016/05/16,6968.0,7163.0,6889.0,6997.0,2158000
2016/05/17,7080.0,7139.0,6864.0,6968.0,1442800
2016/05/18,6947.0,6988.0,6766.0,6838.0,1342200
2016/05/19,6900.0,6957.0,6835.0,6857.0,828900
2016/05/20,6813.0,6835.0,6723.0,6752.0,1132300
2016/05/23,6718.0,6748.0,6588.0,6732.0,757500
2016/05/24,6709.0,6712.0,6602.0,6614.0,977600
2016/05/25,6758.0,6956.0,6751.0,6938.0,1467100
2016/05/26,7050.0,7149.0,6973.0,7000.0,1428900
2016/05/27,6989.0,7218.0,6913.0,7184.0,1625100
2016/05/30,7169.0,7205.0,7081.0,7140.0,1047600
2016/05/31,7187.0,7289.0,7140.0,7289.0,990800
2016/06/01,7170.0,7247.0,7084.0,7116.0,1215200
2016/06/02,7045.0,7058.0,6927.0,6986.0,1343100
2016/06/03,6972.0,7014.0,6836.0,6894.0,1198400
2016/06/06,6730.0,6987.0,6677.0,6975.0,1049700
2016/06/07,7040.0,7115.0,7009.0,7063.0,937200
2016/06/08,7058.0,7118.0,6980.0,7114.0,886800
2016/06/09,7060.0,7076.0,7005.0,7041.0,775800
2016/06/10,7075.0,7100.0,7037.0,7077.0,1647400
2016/06/13,6927.0,7000.0,6746.0,6746.0,1041400
2016/06/14,6761.0,6819.0,6693.0,6741.0,759400
2016/06/15,6712.0,6936.0,6709.0,6863.0,820600
2016/06/16,6663.0,6734.0,6352.0,6368.0,1866100
2016/06/17,6428.0,6648.0,6380.0,6566.0,1486400
2016/06/20,6734.0,6828.0,6682.0,6780.0,1118400
2016/06/21,6552.0,6768.0,6544.0,6733.0,1064000
2016/06/22,6610.0,6622.0,6404.0,6459.0,1686500
2016/06/23,6391.0,6565.0,6371.0,6541.0,1039600
2016/06/24,6670.0,6707.0,5965.0,6019.0,1601800
2016/06/27,6119.0,6143.0,5939.0,6067.0,1253600
2016/06/28,5999.0,6229.0,5933.0,6151.0,1027000
2016/06/29,6163.0,6307.0,6163.0,6277.0,1267700
2016/06/30,6374.0,6521.0,6342.0,6436.0,1759300
2016/07/01,6500.0,6576.0,6445.0,6470.0,1006000
2016/07/04,6447.0,6548.0,6408.0,6517.0,512800
2016/07/05,6455.0,6510.0,6411.0,6455.0,559400
2016/07/06,6255.0,6297.0,6111.0,6172.0,1477500
2016/07/07,6090.0,6106.0,6015.0,6086.0,1650400
2016/07/08,6168.0,6321.0,6145.0,6173.0,1862100
2016/07/11,6400.0,6598.0,6360.0,6565.0,1161700
2016/07/12,6678.0,6864.0,6677.0,6813.0,1102900
2016/07/13,6999.0,7009.0,6764.0,6764.0,1289300
2016/07/14,6758.0,6767.0,6602.0,6733.0,1274900
2016/07/15,6725.0,6945.0,6719.0,6871.0,1120500
2016/07/19,6971.0,7006.0,6851.0,6992.0,819500
2016/07/20,6850.0,6889.0,6773.0,6808.0,1037100
2016/07/21,6850.0,7017.0,6820.0,6924.0,1287000
2016/07/22,6871.0,6880.0,6740.0,6810.0,1090400
2016/07/25,6785.0,6859.0,6756.0,6790.0,681300
2016/07/26,6605.0,6637.0,6391.0,6479.0,1539400
2016/07/27,6674.0,7008.0,6641.0,6968.0,1720100
2016/07/28,6898.0,7005.0,6872.0,6926.0,812000
2016/07/29,6826.0,7018.0,6692.0,6911.0,967600
2016/08/01,6611.0,6811.0,6611.0,6776.0,1420400
2016/08/02,6676.0,6712.0,6613.0,6631.0,866700
2016/08/03,6450.0,6606.0,6414.0,6491.0,1235400
2016/08/04,6471.0,6660.0,6429.0,6649.0,1151300
2016/08/05,6501.0,6557.0,6462.0,6490.0,1256200
2016/08/08,6653.0,6959.0,6650.0,6943.0,1256000
2016/08/09,6875.0,6991.0,6807.0,6977.0,760700
2016/08/10,6877.0,6973.0,6865.0,6944.0,683800
2016/08/12,7034.0,7078.0,6980.0,7041.0,899200
2016/08/15,6980.0,7055.0,6958.0,6990.0,450000
2016/08/16,7031.0,7055.0,6902.0,6902.0,748600
2016/08/17,6912.0,7124.0,6899.0,7118.0,909300
2016/08/18,7091.0,7123.0,7002.0,7022.0,686200
2016/08/19,7120.0,7127.0,7059.0,7081.0,527800
2016/08/22,7095.0,7102.0,6991.0,7084.0,450100
2016/08/23,6990.0,6990.0,6821.0,6834.0,827900
2016/08/24,6780.0,6907.0,6777.0,6833.0,621200
2016/08/25,6850.0,6970.0,6844.0,6891.0,1281400
2016/08/26,6784.0,6797.0,6644.0,6685.0,1344700
2016/08/29,6829.0,7020.0,6801.0,6969.0,1031800
2016/08/30,6945.0,6998.0,6940.0,6972.0,482400
2016/08/31,7047.0,7162.0,7025.0,7064.0,685900
2016/09/01,7050.0,7119.0,6990.0,7018.0,731600
2016/09/02,6990.0,6990.0,6877.0,6968.0,857600
2016/09/05,7005.0,7071.0,6921.0,6933.0,562800
2016/09/06,6932.0,6947.0,6881.0,6899.0,614100
2016/09/07,6804.0,6918.0,6707.0,6910.0,958100
2016/09/08,6816.0,6825.0,6660.0,6673.0,1480300
2016/09/09,6760.0,6767.0,6675.0,6736.0,1386600
2016/09/12,6660.0,6676.0,6515.0,6548.0,887800
2016/09/13,6599.0,6649.0,6538.0,6589.0,601400
2016/09/14,6555.0,6629.0,6550.0,6587.0,824400
2016/09/15,6563.0,6618.0,6520.0,6603.0,1167700
2016/09/16,6643.0,6670.0,6569.0,6632.0,1259900
2016/09/20,6575.0,6713.0,6575.0,6622.0,879700
2016/09/21,6654.0,6749.0,6566.0,6737.0,1155600
2016/09/23,6735.0,6735.0,6621.0,6668.0,753500
2016/09/26,6631.0,6651.0,6541.0,6553.0,864700
2016/09/27,6500.0,6598.0,6412.0,6598.0,813000
2016/09/28,6450.0,6545.0,6450.0,6487.0,656900
2016/09/29,6537.0,6651.0,6513.0,6617.0,622400
2016/09/30,6498.0,6522.0,6433.0,6506.0,1129100
2016/10/03,6558.0,6566.0,6480.0,6542.0,762300
2016/10/04,6592.0,6679.0,6576.0,6678.0,723600
2016/10/05,6703.0,6734.0,6647.0,6665.0,709000
2016/10/06,6734.0,6781.0,6717.0,6722.0,659700
2016/10/07,6748.0,6811.0,6732.0,6805.0,754100
2016/10/11,6859.0,6979.0,6856.0,6958.0,889300
2016/10/12,6860.0,6880.0,6801.0,6830.0,808300
2016/10/13,6897.0,6910.0,6765.0,6814.0,592200
2016/10/14,6760.0,6859.0,6754.0,6805.0,1266400
2016/10/17,6811.0,6905.0,6811.0,6887.0,673600
2016/10/18,6869.0,7175.0,6856.0,7145.0,1859300
2016/10/19,7140.0,7188.0,7077.0,7135.0,876900
2016/10/20,7128.0,7230.0,7092.0,7213.0,794800
2016/10/21,7255.0,7467.0,7247.0,7356.0,1478400
2016/10/24,7354.0,7387.0,7286.0,7383.0,646700
2016/10/25,7376.0,7437.0,7339.0,7415.0,958800
2016/10/26,7340.0,7448.0,7323.0,7433.0,598100
2016/10/27,7395.0,7424.0,7272.0,7301.0,825500
2016/10/28,7420.0,7454.0,7384.0,7399.0,1265400
2016/10/31,7272.0,7344.0,7205.0,7326.0,991600
2016/11/01,7439.0,7499.0,7386.0,7437.0,1253500
2016/11/02,7408.0,7489.0,7342.0,7347.0,1034700
2016/11/04,7280.0,7283.0,7101.0,7148.0,1265200
2016/11/07,7219.0,7280.0,7163.0,7241.0,1061200
2016/11/08,7230.0,7325.0,7170.0,7299.0,945200
2016/11/09,7337.0,7498.0,6768.0,6842.0,1964100
2016/11/10,7100.0,7324.0,7094.0,7262.0,2301300
2016/11/11,8012.0,8050.0,7701.0,7755.0,3218200
2016/11/14,7707.0,8000.0,7701.0,7898.0,1540800
2016/11/15,7926.0,7974.0,7856.0,7880.0,1448900
2016/11/16,7990.0,7998.0,7874.0,7910.0,1229100
2016/11/17,7818.0,7857.0,7684.0,7831.0,1173200
2016/11/18,7832.0,7908.0,7811.0,7839.0,1030700
2016/11/21,7892.0,7939.0,7848.0,7874.0,722000
2016/11/22,7926.0,7960.0,7888.0,7920.0,646000
2016/11/24,7965.0,7988.0,7801.0,7829.0,1051200
2016/11/25,7878.0,7960.0,7858.0,7892.0,1022600
2016/11/28,7892.0,7957.0,7818.0,7955.0,969900
2016/11/29,7950.0,7957.0,7874.0,7922.0,881800
2016/11/30,7950.0,7980.0,7863.0,7896.0,1135700
2016/12/01,8010.0,8382.0,8004.0,8207.0,1973300
2016/12/02,8182.0,8220.0,8112.0,8180.0,1002700
2016/12/05,8180.0,8214.0,8101.0,8129.0,823000
2016/12/06,8375.0,8462.0,8255.0,8293.0,1373700
2016/12/07,8332.0,8496.0,8301.0,8404.0,1099700
2016/12/08,8500.0,8583.0,8418.0,8490.0,1064100
2016/12/09,8646.0,8710.0,8539.0,8547.0,2177400
2016/12/12,8668.0,8855.0,8578.0,8801.0,1828500
2016/12/13,8776.0,8831.0,8730.0,8811.0,891500
2016/12/14,8850.0,8914.0,8807.0,8869.0,921700
2016/12/15,8950.0,9147.0,8950.0,9058.0,1628900
2016/12/16,9073.0,9157.0,9035.0,9073.0,1064500
2016/12/19,9003.0,9137.0,8983.0,9127.0,699800
2016/12/20,9134.0,9197.0,9073.0,9166.0,981300
2016/12/21,9150.0,9150.0,9043.0,9093.0,1262700
2016/12/22,9100.0,9133.0,9008.0,9121.0,622800
2016/12/26,9109.0,9130.0,9063.0,9096.0,419900
2016/12/27,9100.0,9105.0,9033.0,9087.0,750200
2016/12/28,9110.0,9180.0,9074.0,9124.0,674600
2016/12/29,9099.0,9100.0,8933.0,8971.0,608900
2016/12/30,8899.0,9015.0,8846.0,8969.0,632300
2017/01/04,8819.0,9170.0,8771.0,9163.0,1065400
2017/01/05,9117.0,9150.0,8900.0,8920.0,1007400
2017/01/06,8968.0,9075.0,8882.0,8987.0,953700
2017/01/10,8931.0,9010.0,8852.0,8899.0,630300
2017/01/11,8891.0,8969.0,8881.0,8918.0,524700
2017/01/12,8895.0,8912.0,8808.0,8846.0,773000
2017/01/13,8800.0,8887.0,8792.0,8871.0,888800
2017/01/16,8795.0,8855.0,8727.0,8798.0,710500
2017/01/17,8848.0,8865.0,8696.0,8701.0,700400
2017/01/18,8601.0,8700.0,8489.0,8669.0,1235700
2017/01/19,8761.0,8867.0,8743.0,8793.0,726900
2017/01/20,8727.0,8845.0,8727.0,8784.0,635000
2017/01/23,8732.0,8880.0,8732.0,8791.0,826600
2017/01/24,8800.0,8948.0,8800.0,8891.0,909300
2017/01/25,9100.0,9168.0,9080.0,9149.0,1044300
2017/01/26,9195.0,9296.0,9130.0,9290.0,1123300
2017/01/27,9311.0,9353.0,9237.0,9287.0,994000
2017/01/30,9217.0,9238.0,9150.0,9204.0,504700
2017/01/31,9100.0,9124.0,8910.0,8943.0,1237700
2017/02/01,9243.0,9539.0,9214.0,9450.0,1573400
2017/02/02,9430.0,9432.0,9218.0,9249.0,1142400
2017/02/03,9310.0,9397.0,9225.0,9326.0,720000
2017/02/06,9397.0,9428.0,9261.0,9311.0,570200
2017/02/07,9221.0,9282.0,9145.0,9259.0,528900
2017/02/08,9226.0,9346.0,9222.0,9318.0,357400
2017/02/09,9250.0,9291.0,9196.0,9201.0,431600
2017/02/10,9350.0,9475.0,9294.0,9454.0,921300
2017/02/13,9543.0,9666.0,9543.0,9594.0,840700
2017/02/14,9648.0,9775.0,9606.0,9612.0,760700
2017/02/15,9762.0,9859.0,9750.0,9774.0,668300
2017/02/16,9762.0,9770.0,9652.0,9676.0,445500
2017/02/17,9638.0,9645.0,9558.0,9585.0,452000
2017/02/20,9527.0,9569.0,9477.0,9528.0,355900
2017/02/21,9567.0,9624.0,9534.0,9577.0,381100
2017/02/22,9619.0,9664.0,9560.0,9660.0,437600
2017/02/23,9661.0,9661.0,9552.0,9591.0,429400
2017/02/24,9540.0,9592.0,9442.0,9525.0,624300
2017/02/27,9441.0,9500.0,9381.0,9455.0,547800
2017/02/28,9520.0,9540.0,9440.0,9460.0,670900
2017/03/01,9539.0,9654.0,9466.0,9642.0,896600
2017/03/02,9800.0,9848.0,9702.0,9714.0,1116700
2017/03/03,9631.0,9671.0,9491.0,9533.0,992800
2017/03/06,9472.0,9480.0,9291.0,9390.0,797800
2017/03/07,9350.0,9353.0,9250.0,9273.0,1057200
2017/03/08,9264.0,9264.0,9039.0,9044.0,1215400
2017/03/09,9174.0,9174.0,9023.0,9073.0,825900
2017/03/10,9014.0,9161.0,8983.0,9136.0,1666700
2017/03/13,9077.0,9152.0,9040.0,9137.0,626400
2017/03/14,9125.0,9133.0,9018.0,9040.0,901100
2017/03/15,8850.0,8895.0,8800.0,8873.0,1351000
2017/03/16,8801.0,8888.0,8721.0,8838.0,1473500
2017/03/17,8752.0,8813.0,8703.0,8800.0,1348200
2017/03/21,8732.0,8767.0,8675.0,8739.0,863400
2017/03/22,8520.0,8629.0,8510.0,8605.0,1297200
2017/03/23,8540.0,8648.0,8502.0,8634.0,872100
2017/03/24,8643.0,8713.0,8586.0,8649.0,895900
2017/03/27,8499.0,8567.0,8490.0,8564.0,811500
2017/03/28,8647.0,8736.0,8628.0,8677.0,940600
2017/03/29,8697.0,8749.0,8588.0,8675.0,772300
2017/03/30,8648.0,8812.0,8640.0,8801.0,1069600
2017/03/31,8776.0,8843.0,8602.0,8602.0,1366000
2017/04/03,8644.0,8738.0,8618.0,8700.0,784300
2017/04/04,8604.0,8613.0,8401.0,8464.0,1049700
2017/04/05,8530.0,8583.0,8439.0,8500.0,698800
2017/04/06,8394.0,8426.0,8271.0,8318.0,1083000
2017/04/07,8350.0,8369.0,8206.0,8309.0,1080900
2017/04/10,8318.0,8394.0,8232.0,8389.0,915800
2017/04/11,8347.0,8390.0,8275.0,8373.0,574300
2017/04/12,8313.0,8325.0,8247.0,8294.0,837300
2017/04/13,8190.0,8209.0,8068.0,8185.0,847200
2017/04/14,8335.0,8343.0,8124.0,8211.0,1257300
2017/04/17,8129.0,8160.0,8063.0,8094.0,700100
2017/04/18,8181.0,8270.0,8109.0,8142.0,551000
2017/04/19,8065.0,8133.0,8048.0,8088.0,842700
2017/04/20,8080.0,8178.0,8080.0,8135.0,917300
2017/04/21,8176.0,8205.0,8108.0,8173.0,933900
2017/04/24,8300.0,8313.0,8197.0,8272.0,806700
2017/04/25,8273.0,8356.0,8257.0,8344.0,849800
2017/04/26,8389.0,8436.0,8350.0,8404.0,889200
2017/04/27,8340.0,8427.0,8282.0,8397.0,1132700
2017/04/28,8404.0,8430.0,8323.0,8389.0,1037700
2017/05/01,8892.0,9000.0,8764.0,8886.0,2219700
2017/05/02,8891.0,8960.0,8851.0,8947.0,975100
2017/05/08,9200.0,9258.0,9101.0,9238.0,1823100
2017/05/09,9250.0,9274.0,9183.0,9189.0,1090900
2017/05/10,9200.0,9229.0,9162.0,9197.0,820900
2017/05/11,9161.0,9185.0,9090.0,9119.0,637200
2017/05/12,9156.0,9330.0,9114.0,9319.0,1930200
2017/05/15,9231.0,9289.0,9174.0,9239.0,834200
2017/05/16,9302.0,9325.0,9207.0,9274.0,627300
2017/05/17,9321.0,9321.0,9130.0,9159.0,742000
2017/05/18,8986.0,9034.0,8950.0,8980.0,626900
2017/05/19,8966.0,9043.0,8934.0,9002.0,689700
2017/05/22,9038.0,9064.0,8945.0,8980.0,544600
2017/05/23,8921.0,8977.0,8910.0,8938.0,367300
2017/05/24,9046.0,9059.0,8956.0,8990.0,554300
2017/05/25,8989.0,9000.0,8926.0,8939.0,573500
2017/05/26,8927.0,8963.0,8912.0,8926.0,500500
2017/05/29,8912.0,8925.0,8837.0,8852.0,437900
2017/05/30,8834.0,8898.0,8815.0,8876.0,422800
2017/05/31,8823.0,8928.0,8813.0,8891.0,587100
2017/06/01,8912.0,9043.0,8912.0,8996.0,610200
2017/06/02,9058.0,9173.0,9043.0,9123.0,702200
2017/06/05,9089.0,9119.0,8954.0,8954.0,770800
2017/06/06,8891.0,9023.0,8880.0,8959.0,688000
2017/06/07,8970.0,9021.0,8919.0,8992.0,454900
2017/06/08,9027.0,9123.0,9021.0,9085.0,831600
2017/06/09,9204.0,9210.0,9050.0,9116.0,1422200
2017/06/12,9116.0,9116.0,8975.0,8989.0,560700
2017/06/13,8950.0,9085.0,8911.0,9084.0,537000
2017/06/14,9047.0,9093.0,8966.0,8968.0,449100
2017/06/15,8910.0,8956.0,8855.0,8883.0,447100
2017/06/16,8941.0,8978.0,8860.0,8917.0,640100
2017/06/19,8909.0,8975.0,8870.0,8938.0,394800
2017/06/20,9022.0,9169.0,9022.0,9101.0,686700
2017/06/21,9018.0,9057.0,8942.0,8962.0,696700
2017/06/22,8898.0,8919.0,8786.0,8867.0,691500
2017/06/23,8917.0,8984.0,8860.0,8968.0,507200
2017/06/26,8960.0,9023.0,8940.0,8998.0,449600
2017/06/27,9050.0,9071.0,8984.0,8986.0,561900
2017/06/28,8963.0,9041.0,8953.0,9023.0,482100
2017/06/29,9230.0,9385.0,9228.0,9363.0,1174000
2017/06/30,9290.0,9291.0,9152.0,9240.0,738100
2017/07/03,9260.0,9316.0,9237.0,9295.0,606800
2017/07/04,9374.0,9518.0,9351.0,9398.0,990500
2017/07/05,9397.0,9492.0,9330.0,9477.0,637900
2017/07/06,9477.0,9525.0,9421.0,9495.0,717800
2017/07/07,9518.0,9697.0,9496.0,9653.0,1049200
2017/07/10,9686.0,9725.0,9617.0,9712.0,693900
2017/07/11,9670.0,9820.0,9646.0,9814.0,749300
2017/07/12,9770.0,9822.0,9720.0,9803.0,630500
2017/07/13,9847.0,9850.0,9740.0,9747.0,465500
2017/07/14,9820.0,9886.0,9780.0,9824.0,778100
2017/07/18,9720.0,9812.0,9720.0,9771.0,535700
2017/07/19,9771.0,9815.0,9729.0,9811.0,487300
2017/07/20,9845.0,9949.0,9829.0,9925.0,680700
2017/07/21,9833.0,9940.0,9807.0,9909.0,582300
2017/07/24,9810.0,9868.0,9786.0,9867.0,699900
2017/07/25,9850.0,9938.0,9809.0,9833.0,695200
2017/07/26,9931.0,9980.0,9846.0,9880.0,686100
2017/07/27,9862.0,9919.0,9821.0,9853.0,641100
2017/07/28,9815.0,9855.0,9689.0,9690.0,553300
2017/07/31,9660.0,9887.0,9660.0,9858.0,1030500
2017/08/01,10235.0,10320.0,10095.0,10220.0,1514800
2017/08/02,10250.0,10495.0,10180.0,10475.0,998100
2017/08/03,10450.0,10485.0,10355.0,10455.0,630600
2017/08/04,10255.0,10330.0,10240.0,10260.0,625400
2017/08/07,10300.0,10300.0,10155.0,10210.0,685600
2017/08/08,10235.0,10325.0,10100.0,10115.0,720300
2017/08/09,10060.0,10065.0,9802.0,9806.0,1229900
2017/08/10,9873.0,9909.0,9771.0,9803.0,1029900
2017/08/14,9781.0,9863.0,9712.0,9788.0,974200
2017/08/15,9850.0,9911.0,9810.0,9832.0,664900
2017/08/16,9850.0,9902.0,9821.0,9864.0,605100
2017/08/17,9850.0,9908.0,9826.0,9881.0,542900
2017/08/18,9731.0,9766.0,9635.0,9650.0,665800
2017/08/21,9665.0,9665.0,9586.0,9600.0,480900
2017/08/22,9565.0,9640.0,9558.0,9631.0,582200
2017/08/23,9700.0,9720.0,9572.0,9588.0,455200
2017/08/24,9552.0,9652.0,9541.0,9601.0,461100
2017/08/25,9642.0,9677.0,9611.0,9647.0,397700
2017/08/28,9653.0,9671.0,9583.0,9585.0,509900
2017/08/29,9520.0,9597.0,9489.0,9585.0,780500
2017/08/30,9661.0,9674.0,9563.0,9614.0,576800
2017/08/31,9680.0,9741.0,9646.0,9698.0,752600
2017/09/01,9800.0,9800.0,9667.0,9737.0,771600
2017/09/04,9718.0,9730.0,9550.0,9551.0,641700
2017/09/05,9590.0,9590.0,9386.0,9403.0,684300
2017/09/06,9404.0,9484.0,9368.0,9445.0,998000
2017/09/07,9500.0,9525.0,9465.0,9487.0,622500
2017/09/08,9364.0,9455.0,9361.0,9369.0,1615300
2017/09/11,9510.0,9542.0,9469.0,9492.0,811500
2017/09/12,9623.0,9625.0,9523.0,9541.0,809100
2017/09/13,9600.0,9614.0,9473.0,9477.0,631700
2017/09/14,9508.0,9577.0,9468.0,9474.0,709000
2017/09/15,9451.0,9468.0,9394.0,9398.0,1151500
2017/09/19,9662.0,9776.0,9639.0,9765.0,1680700
2017/09/20,9824.0,9952.0,9824.0,9925.0,1225400
2017/09/21,10000.0,10005.0,9660.0,9670.0,1271700
2017/09/22,9800.0,9800.0,9480.0,9480.0,1118500
2017/09/25,9574.0,9580.0,9463.0,9495.0,681000
2017/09/26,9494.0,9525.0,9302.0,9310.0,965100
2017/09/27,9311.0,9400.0,9310.0,9393.0,668000
2017/09/28,9449.0,9454.0,9303.0,9343.0,855000
2017/09/29,9345.0,9412.0,9294.0,9382.0,1002500
2017/10/02,9380.0,9421.0,9372.0,9398.0,398400
2017/10/03,9494.0,9632.0,9482.0,9546.0,1064900
2017/10/04,9534.0,9573.0,9474.0,9496.0,663800
2017/10/05,9513.0,9513.0,9428.0,9481.0,418000
2017/10/06,9560.0,9562.0,9467.0,9470.0,579100
2017/10/10,9467.0,9607.0,9461.0,9596.0,631600
2017/10/11,9575.0,9577.0,9501.0,9517.0,495400
2017/10/12,9570.0,9575.0,9452.0,9453.0,534900
2017/10/13,9405.0,9536.0,9345.0,9493.0,1305700
2017/10/16,9527.0,9578.0,9470.0,9527.0,576400
2017/10/17,9620.0,9762.0,9539.0,9615.0,825000
2017/10/18,9621.0,9642.0,9538.0,9600.0,528600
2017/10/19,9637.0,9711.0,9637.0,9698.0,438300
2017/10/20,9697.0,9757.0,9655.0,9729.0,648900
2017/10/23,9860.0,9972.0,9779.0,9923.0,1016600
2017/10/24,9888.0,10010.0,9856.0,10005.0,710400
2017/10/25,10100.0,10175.0,10040.0,10075.0,888700
2017/10/26,10000.0,10095.0,9985.0,10075.0,496600
2017/10/27,10245.0,10250.0,10085.0,10180.0,602500
2017/10/30,10200.0,10215.0,10060.0,10140.0,681500
2017/10/31,10295.0,10505.0,10270.0,10505.0,1345000
2017/11/01,10990.0,11295.0,10815.0,11165.0,1802200
2017/11/02,11200.0,11305.0,11165.0,11295.0,1171900
2017/11/06,11335.0,11455.0,11285.0,11325.0,828600
2017/11/07,11395.0,11750.0,11380.0,11685.0,1120500
2017/11/08,11515.0,11575.0,11385.0,11395.0,1165400
2017/11/09,11480.0,11680.0,11230.0,11435.0,1289000
2017/11/10,11195.0,11370.0,11185.0,11265.0,1305100
2017/11/13,11260.0,11365.0,11175.0,11215.0,758500
2017/11/14,11175.0,11440.0,11155.0,11360.0,732700
2017/11/15,11250.0,11300.0,11035.0,11035.0,865300
2017/11/16,10895.0,11100.0,10850.0,11060.0,1137400
2017/11/17,11060.0,11275.0,10975.0,10995.0,1437300
2017/11/20,10995.0,11090.0,10850.0,10895.0,618400
2017/11/21,11100.0,11145.0,11020.0,11080.0,563700
2017/11/22,11155.0,11165.0,11020.0,11065.0,609100
2017/11/24,10945.0,11010.0,10885.0,11005.0,457700
2017/11/27,11195.0,11220.0,10815.0,10940.0,789900
2017/11/28,10910.0,10940.0,10650.0,10685.0,829700
2017/11/29,11005.0,11135.0,10930.0,10970.0,1217900
2017/11/30,11095.0,11105.0,10915.0,11030.0,923100
2017/12/01,11175.0,11265.0,10970.0,11075.0,632100
2017/12/04,11100.0,11120.0,10900.0,10915.0,568100
2017/12/05,10660.0,10720.0,10445.0,10445.0,1032900
2017/12/06,10305.0,10410.0,9974.0,9990.0,2015500
2017/12/07,10060.0,10165.0,10025.0,10105.0,997500
2017/12/08,10225.0,10415.0,10225.0,10410.0,1710200
2017/12/11,10430.0,10450.0,10255.0,10320.0,879400
2017/12/12,10325.0,10420.0,10235.0,10250.0,800900
2017/12/13,10250.0,10265.0,10005.0,10040.0,842100
2017/12/14,10015.0,10200.0,10015.0,10135.0,507200
2017/12/15,10050.0,10260.0,10050.0,10120.0,879600
2017/12/18,10255.0,10430.0,10220.0,10405.0,573500
2017/12/19,10365.0,10480.0,10255.0,10270.0,529900
2017/12/20,10280.0,10395.0,10210.0,10375.0,457600
2017/12/21,10390.0,10475.0,10340.0,10440.0,471600
2017/12/22,10380.0,10385.0,10210.0,10235.0,730000
2017/12/25,10300.0,10305.0,10200.0,10295.0,351100
2017/12/26,10275.0,10315.0,10225.0,10245.0,303000
2017/12/27,10245.0,10270.0,10030.0,10075.0,823400
2017/12/28,10095.0,10160.0,10030.0,10055.0,545000
2017/12/29,10070.0,10140.0,9997.0,10010.0,468500
2018/01/04,10250.0,10440.0,10225.0,10415.0,1068500
2018/01/05,10500.0,10530.0,10350.0,10515.0,738500
2018/01/09,10680.0,10680.0,10480.0,10520.0,708600
2018/01/10,10590.0,10680.0,10510.0,10570.0,779800
2018/01/11,10400.0,10420.0,10325.0,10375.0,665500
2018/01/12,10310.0,10380.0,10165.0,10185.0,1212600
2018/01/15,10185.0,10265.0,10150.0,10180.0,587900
2018/01/16,10150.0,10345.0,10125.0,10310.0,704600
2018/01/17,10245.0,10290.0,10210.0,10260.0,771500
2018/01/18,10320.0,10375.0,10085.0,10130.0,1234200
2018/01/19,10120.0,10140.0,9960.0,10040.0,1268300
2018/01/22,10000.0,10060.0,9930.0,10000.0,1044800
2018/01/23,10105.0,10160.0,10050.0,10140.0,777800
2018/01/24,10130.0,10130.0,10000.0,10055.0,759800
2018/01/25,10000.0,10185.0,9970.0,9981.0,981000
2018/01/26,10065.0,10115.0,9982.0,10045.0,901700
2018/01/29,10060.0,10100.0,9973.0,10045.0,912500
2018/01/30,10000.0,10025.0,9847.0,9899.0,1404100
2018/01/31,9883.0,10085.0,9855.0,9974.0,1296000
2018/02/01,10150.0,10155.0,9529.0,9701.0,2456500
2018/02/02,9730.0,9748.0,9514.0,9523.0,1549900
2018/02/05,9399.0,9435.0,9231.0,9231.0,1591400
2018/02/06,8871.0,8980.0,8560.0,8793.0,2370300
2018/02/07,9044.0,9087.0,8641.0,8645.0,1856200
2018/02/08,8640.0,8840.0,8615.0,8774.0,1311800
2018/02/09,8451.0,8544.0,8380.0,8453.0,2321300
2018/02/13,8591.0,8633.0,8342.0,8346.0,1943100
2018/02/14,8200.0,8250.0,7965.0,8000.0,2051300
2018/02/15,8165.0,8221.0,8105.0,8166.0,1879100
2018/02/16,8200.0,8235.0,8105.0,8110.0,1314000
2018/02/19,8260.0,8468.0,8225.0,8452.0,1047100
2018/02/20,8452.0,8489.0,8321.0,8381.0,976400
2018/02/21,8449.0,8547.0,8427.0,8505.0,1241500
2018/02/22,8499.0,8508.0,8364.0,8497.0,1266100
2018/02/23,8518.0,8687.0,8488.0,8680.0,1225400
2018/02/26,8827.0,8896.0,8752.0,8882.0,1399400
2018/02/27,8980.0,9061.0,8965.0,9002.0,1448500
2018/02/28,8972.0,9005.0,8885.0,8903.0,1276900
2018/03/01,8809.0,8834.0,8697.0,8784.0,1288700
2018/03/02,8564.0,8587.0,8419.0,8505.0,1507900
2018/03/05,8366.0,8419.0,8265.0,8302.0,1412900
2018/03/06,8518.0,8772.0,8518.0,8657.0,1683100
2018/03/07,8484.0,8560.0,8341.0,8467.0,1663100
2018/03/08,8549.0,8621.0,8520.0,8605.0,1245400
2018/03/09,8712.0,8866.0,8555.0,8618.0,1990100
2018/03/12,8863.0,8910.0,8637.0,8703.0,1032500
2018/03/13,8630.0,8838.0,8609.0,8820.0,1007100
2018/03/14,8684.0,8747.0,8587.0,8602.0,977400
2018/03/15,8563.0,8664.0,8491.0,8620.0,705000
2018/03/16,8697.0,8706.0,8500.0,8500.0,1166600
2018/03/19,8400.0,8461.0,8281.0,8308.0,1131400
2018/03/20,8088.0,8119.0,8043.0,8088.0,1557000
2018/03/22,8070.0,8174.0,8035.0,8100.0,1409500
2018/03/23,7897.0,7897.0,7632.0,7660.0,2166000
2018/03/26,7510.0,7763.0,7473.0,7763.0,1420700
2018/03/27,7800.0,7849.0,7733.0,7846.0,1405400
2018/03/28,7651.0,7819.0,7629.0,7816.0,1328300
2018/03/29,7964.0,8028.0,7855.0,7912.0,1297400
2018/03/30,8019.0,8026.0,7935.0,7978.0,726400
2018/04/02,7974.0,8038.0,7933.0,7934.0,569900
2018/04/03,7830.0,7916.0,7791.0,7885.0,1008700
2018/04/04,7935.0,7949.0,7856.0,7881.0,780300
2018/04/05,8070.0,8158.0,7989.0,8079.0,1257200
2018/04/06,8063.0,8139.0,8007.0,8071.0,1370000
2018/04/09,8053.0,8095.0,7991.0,8059.0,905100
2018/04/10,8074.0,8269.0,8064.0,8259.0,1306700
2018/04/11,8319.0,8319.0,8180.0,8217.0,706300
2018/04/12,8217.0,8270.0,8157.0,8223.0,903200
2018/04/13,8255.0,8380.0,8226.0,8315.0,699300
2018/04/16,8319.0,8452.0,8311.0,8444.0,846900
2018/04/17,8444.0,8477.0,8404.0,8432.0,806900
2018/04/18,8450.0,8549.0,8386.0,8496.0,886300
2018/04/19,8567.0,8675.0,8547.0,8653.0,884400
2018/04/20,8600.0,8600.0,8373.0,8401.0,1081400
2018/04/23,8380.0,8489.0,8360.0,8432.0,752600
2018/04/24,8400.0,8461.0,8360.0,8406.0,800100
2018/04/25,8335.0,8383.0,8295.0,8319.0,834500
2018/04/26,8337.0,8416.0,8319.0,8360.0,1006600
2018/04/27,8384.0,8386.0,8081.0,8150.0,1231400
2018/05/01,7975.0,8260.0,7975.0,8230.0,1286200
2018/05/02,8364.0,8667.0,8353.0,8646.0,1928700
2018/05/07,8780.0,8790.0,8461.0,8476.0,1662000
2018/05/08,8362.0,8532.0,8309.0,8475.0,1211600
2018/05/09,8447.0,8448.0,8183.0,8239.0,1172800
2018/05/10,8307.0,8441.0,8307.0,8382.0,618200
2018/05/11,8387.0,8442.0,8358.0,8431.0,811400
2018/05/14,8439.0,8595.0,8388.0,8580.0,727700
2018/05/15,8580.0,8601.0,8452.0,8531.0,897400
2018/05/16,8451.0,8482.0,8401.0,8459.0,659900
2018/05/17,8538.0,8575.0,8440.0,8447.0,869200
2018/05/18,8472.0,8481.0,8395.0,8469.0,793300
2018/05/21,8468.0,8698.0,8451.0,8659.0,851200
2018/05/22,8751.0,8968.0,8750.0,8833.0,1570400
2018/05/23,8833.0,8867.0,8675.0,8687.0,1240900
2018/05/24,8644.0,8693.0,8428.0,8477.0,917200
2018/05/25,8490.0,8690.0,8455.0,8658.0,825800
2018/05/28,8747.0,8867.0,8685.0,8867.0,951700
2018/05/29,8955.0,8955.0,8656.0,8767.0,1053100
2018/05/30,8707.0,8707.0,8508.0,8546.0,1079400
2018/05/31,8589.0,8621.0,8494.0,8559.0,1128500
2018/06/01,8556.0,8764.0,8502.0,8707.0,889100
2018/06/04,8809.0,8939.0,8803.0,8890.0,914300
2018/06/05,8968.0,8983.0,8827.0,8913.0,897000
2018/06/06,8920.0,9062.0,8869.0,8905.0,1120300
2018/06/07,8970.0,9020.0,8903.0,8974.0,1041600
2018/06/08,9058.0,9154.0,8988.0,8988.0,1496600
2018/06/11,8932.0,8957.0,8654.0,8762.0,1077300
2018/06/12,8899.0,8899.0,8663.0,8747.0,1028400
2018/06/13,8670.0,8702.0,8589.0,8682.0,851700
2018/06/14,8719.0,8775.0,8689.0,8709.0,682700
2018/06/15,8798.0,8799.0,8658.0,8706.0,741200
2018/06/18,8706.0,8762.0,8596.0,8629.0,691700
2018/06/19,8600.0,8729.0,8503.0,8513.0,1034800
2018/06/20,8451.0,8479.0,8214.0,8415.0,1011600
2018/06/21,8288.0,8311.0,8151.0,8242.0,884100
2018/06/22,8178.0,8292.0,8170.0,8284.0,656000
2018/06/25,8335.0,8347.0,8207.0,8221.0,436800
2018/06/26,8069.0,8244.0,8006.0,8229.0,625700
2018/06/27,8139.0,8307.0,8139.0,8257.0,699100
2018/06/28,8200.0,8399.0,8200.0,8337.0,695600
2018/06/29,8337.0,8394.0,8274.0,8383.0,630200
2018/07/02,8324.0,8384.0,8092.0,8103.0,813500
2018/07/03,8082.0,8125.0,7934.0,8017.0,1142200
2018/07/04,8112.0,8207.0,8065.0,8119.0,876600
2018/07/05,8095.0,8158.0,8003.0,8030.0,689800
2018/07/06,8060.0,8099.0,7996.0,8058.0,861100
2018/07/09,8050.0,8119.0,8024.0,8095.0,929000
2018/07/10,8097.0,8151.0,8080.0,8086.0,1051400
2018/07/11,7983.0,7983.0,7783.0,7872.0,980000
2018/07/12,7909.0,7966.0,7881.0,7941.0,967400
2018/07/13,7988.0,8077.0,7960.0,7999.0,1150300
2018/07/17,7928.0,8013.0,7895.0,7960.0,841300
2018/07/18,8071.0,8084.0,8015.0,8015.0,643700
2018/07/19,8004.0,8089.0,7960.0,8080.0,881800
2018/07/20,8067.0,8120.0,7920.0,7945.0,967500
2018/07/23,7907.0,7933.0,7791.0,7886.0,1039800
2018/07/24,7967.0,8024.0,7935.0,7970.0,585600
2018/07/25,8076.0,8148.0,8062.0,8129.0,910100
2018/07/26,8204.0,8216.0,8122.0,8132.0,901100
2018/07/27,8165.0,8165.0,8026.0,8100.0,931700
2018/07/30,8085.0,8138.0,8073.0,8073.0,663600
2018/07/31,8063.0,8120.0,8031.0,8082.0,1035800
2018/08/01,8532.0,8750.0,8484.0,8727.0,2576900
2018/08/02,8698.0,8715.0,8486.0,8682.0,1205700
2018/08/03,8605.0,8694.0,8522.0,8533.0,930500
2018/08/06,8500.0,8500.0,8379.0,8395.0,588900
2018/08/07,8378.0,8526.0,8340.0,8507.0,647900
2018/08/08,8522.0,8694.0,8502.0,8675.0,897100
2018/08/09,8634.0,8714.0,8603.0,8609.0,664000
2018/08/10,8593.0,8593.0,8418.0,8434.0,923900
2018/08/13,8345.0,8350.0,8210.0,8210.0,765900
2018/08/14,8270.0,8419.0,8270.0,8419.0,753900
2018/08/15,8536.0,8540.0,8278.0,8338.0,539600
2018/08/16,8202.0,8352.0,8190.0,8325.0,762400
2018/08/17,8372.0,8397.0,8308.0,8355.0,413400
2018/08/20,8355.0,8479.0,8355.0,8392.0,451600
2018/08/21,8301.0,8345.0,8213.0,8312.0,665200
2018/08/22,8407.0,8407.0,8295.0,8325.0,617200
2018/08/23,8314.0,8314.0,8240.0,8268.0,593600
2018/08/24,8325.0,8336.0,8275.0,8307.0,473200
2018/08/27,8344.0,8385.0,8275.0,8366.0,546100
2018/08/28,8475.0,8513.0,8464.0,8469.0,659700
2018/08/29,8516.0,8693.0,8510.0,8649.0,954300
2018/08/30,8740.0,8762.0,8661.0,8709.0,833000
2018/08/31,8612.0,8654.0,8515.0,8628.0,642400
2018/09/03,8637.0,8652.0,8444.0,8444.0,553000
2018/09/04,8400.0,8453.0,8324.0,8338.0,749200
2018/09/05,8343.0,8387.0,8276.0,8290.0,706000
2018/09/06,8294.0,8356.0,8269.0,8299.0,615300
2018/09/07,8250.0,8262.0,8031.0,8084.0,758900
2018/09/10,8084.0,8116.0,8006.0,8006.0,630700
2018/09/11,7985.0,8049.0,7938.0,8021.0,646000
2018/09/12,8096.0,8109.0,8001.0,8015.0,920500
2018/09/13,8036.0,8072.0,7854.0,7868.0,926900
2018/09/14,7967.0,8186.0,7907.0,8177.0,1530000
2018/09/18,8154.0,8408.0,8100.0,8351.0,960500
2018/09/19,8501.0,8609.0,8452.0,8516.0,979300
2018/09/20,8571.0,8571.0,8401.0,8446.0,795300
2018/09/21,8579.0,8579.0,8461.0,8479.0,1144400
2018/09/25,8509.0,8599.0,8421.0,8590.0,1088000
2018/09/26,8550.0,8607.0,8487.0,8600.0,977400
2018/09/27,8506.0,8573.0,8306.0,8308.0,1031900
2018/09/28,8458.0,8615.0,8431.0,8516.0,1180700
2018/10/01,8580.0,8717.0,8564.0,8657.0,866200
2018/10/02,8760.0,8839.0,8711.0,8743.0,1074500
2018/10/03,8750.0,8818.0,8675.0,8727.0,724500
2018/10/04,8819.0,8830.0,8659.0,8763.0,1082800
2018/10/05,8681.0,8699.0,8612.0,8652.0,828000
2018/10/09,8555.0,8579.0,8375.0,8398.0,931100
2018/10/10,8440.0,8495.0,8361.0,8428.0,812000
2018/10/11,8100.0,8129.0,7905.0,7953.0,1717900
2018/10/12,7800.0,7950.0,7746.0,7947.0,2009100
2018/10/15,7888.0,7899.0,7804.0,7832.0,903000
2018/10/16,7803.0,7923.0,7785.0,7914.0,715200
2018/10/17,7975.0,8107.0,7946.0,8097.0,867700
2018/10/18,8097.0,8100.0,7897.0,7912.0,773400
2018/10/19,7764.0,7792.0,7678.0,7779.0,763700
2018/10/22,7799.0,7924.0,7694.0,7895.0,675500
2018/10/23,7723.0,7742.0,7440.0,7440.0,1629400
2018/10/24,7525.0,7525.0,7305.0,7320.0,1360000
2018/10/25,7050.0,7098.0,6870.0,6887.0,1596100
2018/10/26,6930.0,7003.0,6712.0,6839.0,1394100
2018/10/29,6885.0,6988.0,6821.0,6855.0,613900
2018/10/30,6779.0,6929.0,6702.0,6873.0,1043700
2018/10/31,6904.0,7078.0,6851.0,7078.0,1197100
2018/11/01,6128.0,6234.0,5951.0,6060.0,2533700
2018/11/02,6060.0,6280.0,5992.0,6230.0,2346600
2018/11/05,6280.0,6486.0,6246.0,6454.0,1616500
2018/11/06,6409.0,6420.0,6241.0,6292.0,1562600
2018/11/07,6265.0,6277.0,6072.0,6085.0,1965600
2018/11/08,6150.0,6209.0,6060.0,6075.0,1487100
2018/11/09,6077.0,6175.0,6076.0,6156.0,1002500
2018/11/12,6077.0,6228.0,6012.0,6200.0,1026800
2018/11/13,6000.0,6000.0,5860.0,5916.0,1533400
2018/11/14,5994.0,6192.0,5991.0,6146.0,1474700
2018/11/15,6087.0,6153.0,6031.0,6084.0,804800
2018/11/16,6072.0,6104.0,6002.0,6027.0,952300
2018/11/19,6000.0,6140.0,5986.0,6038.0,828100
2018/11/20,5888.0,5979.0,5821.0,5893.0,1058900
2018/11/21,5751.0,5961.0,5751.0,5943.0,989500
2018/11/22,5950.0,5976.0,5852.0,5917.0,974200
2018/11/26,5962.0,6126.0,5924.0,6069.0,1148200
2018/11/27,6082.0,6128.0,5977.0,6077.0,1398600
2018/11/28,6066.0,6192.0,6042.0,6179.0,998000
2018/11/29,6241.0,6277.0,6106.0,6116.0,820000
2018/11/30,6146.0,6238.0,6122.0,6203.0,1619400
2018/12/03,6345.0,6402.0,6261.0,6274.0,778200
2018/12/04,6273.0,6297.0,6046.0,6046.0,1110600
2018/12/05,5981.0,6090.0,5981.0,6033.0,928600
2018/12/06,5958.0,5972.0,5784.0,5866.0,1115900
2018/12/07,5890.0,5948.0,5776.0,5816.0,934600
2018/12/10,5657.0,5702.0,5598.0,5689.0,1049000
2018/12/11,5701.0,5719.0,5592.0,5618.0,1076900
2018/12/12,5700.0,5823.0,5663.0,5708.0,1305500
2018/12/13,5724.0,5843.0,5712.0,5821.0,798500
2018/12/14,5725.0,5763.0,5531.0,5565.0,1710600
2018/12/17,5576.0,5745.0,5576.0,5616.0,918800
2018/12/18,5500.0,5725.0,5476.0,5680.0,1002700
2018/12/19,5680.0,5705.0,5567.0,5626.0,951400
2018/12/20,5542.0,5562.0,5383.0,5426.0,1262000
2018/12/21,5326.0,5409.0,5217.0,5309.0,1556700
2018/12/25,5109.0,5285.0,5109.0,5218.0,1319500
2018/12/26,5256.0,5390.0,5199.0,5326.0,1063100
2018/12/27,5502.0,5566.0,5389.0,5413.0,1162500
2018/12/28,5374.0,5583.0,5367.0,5543.0,939700
2019/01/04,5300.0,5335.0,5117.0,5301.0,1247100
2019/01/07,5481.0,5603.0,5406.0,5494.0,1321900
2019/01/08,5490.0,5602.0,5348.0,5540.0,1358300
2019/01/09,5640.0,5651.0,5496.0,5601.0,1136200
2019/01/10,5571.0,5642.0,5529.0,5587.0,1084100
2019/01/11,5687.0,5739.0,5607.0,5731.0,1442300
2019/01/15,5635.0,5757.0,5560.0,5735.0,845100
2019/01/16,5784.0,5799.0,5593.0,5680.0,912000
2019/01/17,5708.0,5747.0,5624.0,5647.0,754600
2019/01/18,5519.0,5694.0,5485.0,5686.0,1448700
2019/01/21,5799.0,5925.0,5730.0,5861.0,1231500
2019/01/22,5887.0,5896.0,5760.0,5792.0,634000
2019/01/23,5731.0,5845.0,5707.0,5822.0,563000
2019/01/24,5791.0,5892.0,5717.0,5889.0,452000
2019/01/25,5891.0,6065.0,5885.0,6032.0,1038500
2019/01/28,6093.0,6138.0,6015.0,6047.0,905300
2019/01/29,6102.0,6106.0,5986.0,6070.0,1197700
2019/01/30,6134.0,6134.0,5927.0,6012.0,1655800
2019/01/31,6086.0,6163.0,6069.0,6140.0,997500
2019/02/01,5915.0,6103.0,5887.0,5991.0,1434400
2019/02/04,6050.0,6105.0,6013.0,6054.0,907700
2019/02/05,6106.0,6120.0,6044.0,6069.0,687900
2019/02/06,6133.0,6231.0,6099.0,6189.0,1033200
2019/02/07,6130.0,6185.0,6029.0,6055.0,873800
2019/02/08,5933.0,5962.0,5836.0,5838.0,1114600
2019/02/12,5884.0,6008.0,5832.0,5964.0,1357000
2019/02/13,5930.0,6028.0,5892.0,5983.0,1295400
2019/02/14,6070.0,6150.0,6024.0,6111.0,948300
2019/02/15,6030.0,6039.0,5856.0,5863.0,1259200
2019/02/18,5998.0,6029.0,5937.0,6016.0,763300
2019/02/19,6049.0,6073.0,5990.0,6056.0,576000
2019/02/20,6062.0,6126.0,5975.0,6061.0,907200
2019/02/21,6035.0,6040.0,5932.0,5943.0,1171400
2019/02/22,5916.0,5952.0,5873.0,5929.0,790600
2019/02/25,5987.0,6014.0,5939.0,5981.0,766800
2019/02/26,6002.0,6071.0,5981.0,6002.0,875500
2019/02/27,6010.0,6056.0,5988.0,6009.0,665100
2019/02/28,5989.0,5993.0,5929.0,5942.0,727400
2019/03/01,5970.0,6008.0,5948.0,5983.0,650200
2019/03/04,5976.0,6025.0,5921.0,6003.0,761700
2019/03/05,5965.0,5995.0,5936.0,5961.0,575900
2019/03/06,5938.0,5989.0,5903.0,5945.0,634000
2019/03/07,5900.0,5923.0,5846.0,5873.0,861200
2019/03/08,5833.0,5843.0,5665.0,5673.0,1422800
2019/03/11,5650.0,5686.0,5588.0,5654.0,757600
2019/03/12,5744.0,5890.0,5732.0,5855.0,957700
2019/03/13,5848.0,5925.0,5788.0,5846.0,815500
2019/03/14,5804.0,5866.0,5728.0,5741.0,838200
2019/03/15,5789.0,5885.0,5781.0,5852.0,905000
2019/03/18,5852.0,5954.0,5839.0,5952.0,439500
2019/03/19,5972.0,6025.0,5932.0,6000.0,538000
2019/03/20,6000.0,6010.0,5955.0,5977.0,565400
2019/03/22,6000.0,6000.0,5889.0,5935.0,835100
2019/03/25,5842.0,5847.0,5715.0,5771.0,867500
2019/03/26,5833.0,5951.0,5811.0,5915.0,1164800
2019/03/27,5850.0,5923.0,5836.0,5917.0,934100
2019/03/28,5847.0,5855.0,5758.0,5841.0,1268400
2019/03/29,5884.0,5884.0,5796.0,5815.0,790000
2019/04/01,5805.0,5963.0,5797.0,5946.0,1170300
2019/04/02,5950.0,5984.0,5910.0,5967.0,1028100
2019/04/03,5975.0,6024.0,5927.0,5993.0,1286200
2019/04/04,6030.0,6093.0,6006.0,6044.0,933800
2019/04/05,6043.0,6353.0,6018.0,6346.0,1771200
2019/04/08,6388.0,6391.0,6239.0,6269.0,1334900
2019/04/09,6269.0,6292.0,6172.0,6216.0,850800
2019/04/10,6104.0,6118.0,6055.0,6111.0,788600
2019/04/11,6068.0,6087.0,6021.0,6056.0,873000
2019/04/12,6060.0,6072.0,5951.0,6012.0,1016100
2019/04/15,6150.0,6160.0,6063.0,6124.0,691600
2019/04/16,6092.0,6127.0,6041.0,6083.0,571000
2019/04/17,6133.0,6163.0,6078.0,6080.0,802000
2019/04/18,6065.0,6079.0,5975.0,5993.0,1403000
2019/04/19,6077.0,6099.0,6022.0,6085.0,810800
2019/04/22,6023.0,6070.0,5960.0,6022.0,628000
2019/04/23,6053.0,6093.0,6040.0,6077.0,661200
2019/04/24,6105.0,6119.0,6015.0,6030.0,804700
2019/04/25,5983.0,6018.0,5911.0,5933.0,1736400
2019/04/26,5896.0,6006.0,5896.0,5990.0,1067600
2019/05/07,5463.0,5529.0,5401.0,5441.0,1974600
2019/05/08,5452.0,5455.0,5316.0,5349.0,1098700
2019/05/09,5279.0,5326.0,5208.0,5227.0,1232200
2019/05/10,5278.0,5391.0,5255.0,5303.0,1056100
2019/05/13,5221.0,5267.0,5199.0,5219.0,562900
2019/05/14,5120.0,5256.0,5114.0,5222.0,935400
2019/05/15,5218.0,5253.0,5138.0,5177.0,856200
2019/05/16,5199.0,5200.0,5033.0,5043.0,1044000
2019/05/17,5056.0,5064.0,4981.0,4988.0,990700
2019/05/20,5023.0,5054.0,4913.0,4955.0,756400
2019/05/21,4929.0,5003.0,4879.0,4936.0,957500
2019/05/22,4960.0,4961.0,4851.0,4903.0,966700
2019/05/23,4906.0,4960.0,4870.0,4918.0,904000
2019/05/24,4886.0,4948.0,4847.0,4936.0,704500
2019/05/27,4949.0,4980.0,4903.0,4917.0,572400
2019/05/28,4930.0,5029.0,4922.0,5004.0,1744100
2019/05/29,4907.0,4926.0,4829.0,4875.0,1161400
2019/05/30,4832.0,4914.0,4826.0,4888.0,842800
2019/05/31,4849.0,4872.0,4746.0,4750.0,1039100
2019/06/03,4659.0,4725.0,4643.0,4707.0,738100
2019/06/04,4717.0,4799.0,4717.0,4773.0,801700
2019/06/05,4907.0,4982.0,4903.0,4980.0,1016700
2019/06/06,4942.0,4992.0,4895.0,4927.0,860000
2019/06/07,4938.0,5020.0,4938.0,5015.0,660300
2019/06/10,5077.0,5107.0,5045.0,5076.0,772000
2019/06/11,5078.0,5160.0,5073.0,5148.0,659600
2019/06/12,5068.0,5148.0,5049.0,5116.0,707600
2019/06/13,5121.0,5156.0,5067.0,5105.0,561700
2019/06/14,5089.0,5094.0,5041.0,5063.0,1090100
2019/06/17,5050.0,5080.0,5011.0,5043.0,570000
2019/06/18,5043.0,5068.0,5002.0,5017.0,608100
2019/06/19,5104.0,5210.0,5104.0,5181.0,812100
2019/06/20,5188.0,5279.0,5171.0,5223.0,1106300
2019/06/21,5190.0,5287.0,5177.0,5247.0,1080100
2019/06/24,5245.0,5286.0,5227.0,5277.0,569300
2019/06/25,5299.0,5314.0,5219.0,5238.0,556900
2019/06/26,5211.0,5281.0,5194.0,5222.0,415500
2019/06/27,5261.0,5369.0,5247.0,5356.0,645200
2019/06/28,5300.0,5360.0,5262.0,5317.0,1139800
2019/07/01,5417.0,5449.0,5308.0,5394.0,1180600
2019/07/02,5393.0,5419.0,5357.0,5400.0,856200
2019/07/03,5315.0,5319.0,5207.0,5250.0,815500
2019/07/04,5270.0,5391.0,5243.0,5346.0,819100
2019/07/05,5331.0,5349.0,5276.0,5280.0,672200
2019/07/08,5293.0,5323.0,5273.0,5295.0,728300
2019/07/09,5260.0,5264.0,5121.0,5131.0,911900
2019/07/10,5088.0,5136.0,5012.0,5084.0,1249500
2019/07/11,5082.0,5247.0,5081.0,5247.0,779200
2019/07/12,5214.0,5221.0,5151.0,5165.0,841300
2019/07/16,5138.0,5183.0,5122.0,5146.0,497000
2019/07/17,5143.0,5229.0,5116.0,5200.0,612800
2019/07/18,5127.0,5167.0,5041.0,5070.0,861600
2019/07/19,5070.0,5203.0,5030.0,5198.0,633400
2019/07/22,5186.0,5228.0,5126.0,5153.0,584600
2019/07/23,5154.0,5258.0,5149.0,5235.0,450600
2019/07/24,5282.0,5343.0,5271.0,5279.0,598900
2019/07/25,5284.0,5337.0,5253.0,5289.0,559800
2019/07/26,5272.0,5292.0,5211.0,5283.0,731800
2019/07/29,5500.0,5598.0,5325.0,5357.0,1600800
2019/07/30,5257.0,5444.0,5238.0,5360.0,963300
2019/07/31,5317.0,5417.0,5309.0,5390.0,1120000
2019/08/01,5360.0,5474.0,5302.0,5410.0,873300
2019/08/02,5302.0,5311.0,5145.0,5174.0,1388900
2019/08/05,5122.0,5148.0,4959.0,5002.0,1042900
2019/08/06,4852.0,5049.0,4821.0,5012.0,846200
2019/08/07,4951.0,4965.0,4837.0,4839.0,939700
2019/08/08,4781.0,4919.0,4740.0,4876.0,713600
2019/08/09,4965.0,4970.0,4890.0,4937.0,930400
2019/08/13,4876.0,4937.0,4802.0,4828.0,711800
2019/08/14,4952.0,4998.0,4912.0,4957.0,739900
2019/08/15,4817.0,4862.0,4783.0,4839.0,697400
2019/08/16,4769.0,4808.0,4752.0,4794.0,760300
2019/08/19,4864.0,4934.0,4837.0,4915.0,595500
2019/08/20,4905.0,4925.0,4854.0,4915.0,664600
2019/08/21,4876.0,4924.0,4861.0,4895.0,674000
2019/08/22,4902.0,4965.0,4892.0,4916.0,958600
2019/08/23,4846.0,4908.0,4845.0,4877.0,524600
2019/08/26,4754.0,4852.0,4754.0,4835.0,1094800
2019/08/27,4886.0,4943.0,4867.0,4879.0,766700
2019/08/28,4874.0,4888.0,4836.0,4850.0,635600
2019/08/29,4860.0,4872.0,4818.0,4845.0,451800
2019/08/30,4908.0,4951.0,4899.0,4946.0,732200
2019/09/02,4946.0,4950.0,4860.0,4899.0,456700
2019/09/03,4886.0,5004.0,4867.0,4984.0,610800
2019/09/04,4940.0,4953.0,4891.0,4926.0,490800
2019/09/05,4979.0,5171.0,4979.0,5134.0,1189500
2019/09/06,5200.0,5259.0,5188.0,5225.0,991800
2019/09/09,5192.0,5203.0,5143.0,5173.0,727100
2019/09/10,5250.0,5314.0,5232.0,5310.0,694200
2019/09/11,5379.0,5429.0,5368.0,5410.0,845400
2019/09/12,5478.0,5519.0,5449.0,5489.0,1092500
2019/09/13,5555.0,5559.0,5472.0,5531.0,1762500
2019/09/17,5474.0,5474.0,5377.0,5394.0,1131000
2019/09/18,5417.0,5447.0,5363.0,5369.0,764500
2019/09/19,5394.0,5451.0,5360.0,5364.0,670000
2019/09/20,5365.0,5394.0,5319.0,5345.0,1358000
2019/09/24,5358.0,5413.0,5320.0,5322.0,800200
2019/09/25,5229.0,5252.0,5125.0,5231.0,1112000
2019/09/26,5303.0,5384.0,5299.0,5321.0,977400
2019/09/27,5218.0,5256.0,5124.0,5203.0,979800
2019/09/30,5187.0,5234.0,5153.0,5204.0,810000
2019/10/01,5248.0,5372.0,5247.0,5333.0,628500
2019/10/02,5270.0,5305.0,5237.0,5302.0,713400
2019/10/03,5169.0,5205.0,5140.0,5184.0,664200
2019/10/04,5174.0,5226.0,5164.0,5222.0,640600
2019/10/07,5222.0,5250.0,5162.0,5188.0,382000
2019/10/08,5260.0,5347.0,5260.0,5265.0,715200
2019/10/09,5164.0,5212.0,5153.0,5209.0,542500
2019/10/10,5245.0,5294.0,5168.0,5293.0,505100
2019/10/11,5358.0,5435.0,5315.0,5415.0,1131200
2019/10/15,5499.0,5526.0,5439.0,5479.0,783000
2019/10/16,5572.0,5591.0,5454.0,5482.0,1152300
2019/10/17,5473.0,5500.0,5435.0,5472.0,602200
2019/10/18,5490.0,5572.0,5480.0,5543.0,640800
2019/10/21,5580.0,5623.0,5529.0,5551.0,762600
2019/10/23,5638.0,5677.0,5530.0,5657.0,1488900
2019/10/24,5700.0,5775.0,5681.0,5773.0,1510000
2019/10/25,5793.0,5805.0,5658.0,5750.0,1365000
2019/10/28,5741.0,5784.0,5726.0,5744.0,837400
2019/10/29,5844.0,6174.0,5844.0,6116.0,2472700
2019/10/30,6100.0,6141.0,5966.0,6021.0,1348300
2019/10/31,5980.0,6070.0,5940.0,6040.0,688800
2019/11/01,5950.0,6030.0,5900.0,5930.0,529500
2019/11/05,6050.0,6120.0,6000.0,6090.0,723200
2019/11/06,6150.0,6170.0,6120.0,6150.0,576700
2019/11/07,6190.0,6250.0,6160.0,6240.0,560400
2019/11/08,6340.0,6340.0,6170.0,6250.0,941700
2019/11/11,6280.0,6300.0,6140.0,6150.0,457000
2019/11/12,6130.0,6500.0,6130.0,6470.0,1506700
2019/11/13,6390.0,6400.0,6260.0,6310.0,754400
2019/11/14,6230.0,6230.0,6100.0,6180.0,682400
2019/11/15,6190.0,6260.0,6160.0,6230.0,565800
2019/11/18,6240.0,6280.0,6190.0,6230.0,536000
2019/11/19,6200.0,6210.0,6110.0,6180.0,498800
2019/11/20,6090.0,6170.0,6050.0,6120.0,744500
2019/11/21,6110.0,6130.0,5970.0,6040.0,985500
2019/11/22,6110.0,6180.0,6080.0,6120.0,527700
2019/11/25,6220.0,6250.0,6170.0,6190.0,415400
2019/11/26,6320.0,6350.0,6230.0,6240.0,852500
2019/11/27,6280.0,6340.0,6220.0,6230.0,489800
2019/11/28,6260.0,6290.0,6190.0,6220.0,344100
2019/11/29,6260.0,6260.0,6130.0,6140.0,485200
2019/12/02,6210.0,6220.0,6180.0,6210.0,319400
2019/12/03,6060.0,6180.0,6060.0,6150.0,461200
2019/12/04,6060.0,6090.0,6000.0,6060.0,532100
2019/12/05,6120.0,6190.0,6120.0,6170.0,507000
2019/12/06,6170.0,6250.0,6140.0,6210.0,444100
2019/12/09,6270.0,6280.0,6130.0,6150.0,550300
2019/12/10,6120.0,6210.0,6120.0,6170.0,452700
2019/12/11,6150.0,6160.0,6090.0,6100.0,457300
2019/12/12,6130.0,6200.0,6100.0,6150.0,453000
2019/12/13,6350.0,6440.0,6260.0,6410.0,1568700
2019/12/16,6370.0,6380.0,6270.0,6310.0,602900
2019/12/17,6370.0,6370.0,6300.0,6330.0,521600
2019/12/18,6330.0,6350.0,6260.0,6290.0,447200
2019/12/19,6350.0,6360.0,6250.0,6300.0,433500
2019/12/20,6340.0,6340.0,6220.0,6230.0,502800
2019/12/23,6220.0,6240.0,6170.0,6200.0,330400
2019/12/24,6240.0,6270.0,6230.0,6260.0,312500
2019/12/25,6300.0,6300.0,6190.0,6210.0,283500
2019/12/26,6200.0,6310.0,6200.0,6310.0,391200
2019/12/27,6370.0,6380.0,6250.0,6260.0,362600
2019/12/30,6210.0,6210.0,6160.0,6180.0,417000
2020/01/06,6000.0,6060.0,6000.0,6060.0,717700
2020/01/07,6070.0,6140.0,6050.0,6120.0,561100
2020/01/08,5980.0,5990.0,5860.0,5940.0,804800
2020/01/09,6080.0,6150.0,6070.0,6120.0,579100
2020/01/10,6200.0,6230.0,6150.0,6170.0,671800
2020/01/14,6190.0,6270.0,6170.0,6220.0,495900
2020/01/15,6160.0,6190.0,6060.0,6110.0,596900
2020/01/16,6130.0,6130.0,6030.0,6050.0,473400
2020/01/17,6130.0,6250.0,6130.0,6210.0,802100
2020/01/20,6230.0,6360.0,6230.0,6330.0,453600
2020/01/21,6370.0,6390.0,6300.0,6320.0,787900
2020/01/22,6280.0,6380.0,6280.0,6360.0,564000
2020/01/23,6300.0,6330.0,6170.0,6180.0,741800
2020/01/24,6160.0,6190.0,6120.0,6180.0,430200
2020/01/27,6020.0,6150.0,6010.0,6120.0,734100
2020/01/28,6040.0,6060.0,5850.0,6020.0,1525300
2020/01/29,6020.0,6270.0,6020.0,6250.0,919200
2020/01/30,6240.0,6310.0,6150.0,6200.0,818100
2020/01/31,6230.0,6310.0,6190.0,6190.0,671700
2020/02/03,6090.0,6130.0,6040.0,6100.0,866800
2020/02/04,6100.0,6150.0,6070.0,6140.0,758600
2020/02/05,6230.0,6290.0,6180.0,6210.0,783600
2020/02/06,6370.0,6440.0,6310.0,6340.0,1061000
2020/02/07,6340.0,6350.0,6250.0,6310.0,733300
2020/02/10,6190.0,6210.0,6140.0,6170.0,922500
2020/02/12,6200.0,6220.0,6160.0,6200.0,798000
2020/02/13,6200.0,6200.0,6120.0,6140.0,886400
2020/02/14,6110.0,6120.0,6080.0,6100.0,749000
2020/02/17,6070.0,6090.0,5990.0,6050.0,664200
2020/02/18,6050.0,6090.0,5990.0,6050.0,749100
2020/02/19,6050.0,6050.0,5880.0,5990.0,1100000
2020/02/20,6070.0,6140.0,5980.0,6000.0,650900
2020/02/21,5960.0,6040.0,5900.0,5920.0,853400
2020/02/25,5630.0,5780.0,5600.0,5710.0,1024900
2020/02/26,5620.0,5660.0,5560.0,5630.0,1048800
2020/02/27,5570.0,5580.0,5450.0,5490.0,1119600
2020/02/28,5340.0,5420.0,5250.0,5420.0,2062200
2020/03/02,5250.0,5470.0,5230.0,5360.0,1546700
2020/03/03,5440.0,5450.0,5300.0,5310.0,1145200
2020/03/04,5280.0,5420.0,5280.0,5310.0,1177700
2020/03/05,5400.0,5400.0,5310.0,5350.0,981500
2020/03/06,5250.0,5280.0,5150.0,5190.0,1236900
2020/03/09,4995.0,5080.0,4930.0,5030.0,1523700
2020/03/10,4955.0,5120.0,4835.0,5060.0,1473400
2020/03/11,5060.0,5130.0,4940.0,4950.0,1415600
2020/03/12,4840.0,4895.0,4690.0,4715.0,1461100
2020/03/13,4435.0,4605.0,4325.0,4405.0,2606000
2020/03/16,4460.0,4520.0,4290.0,4300.0,1302900
2020/03/17,4235.0,4390.0,4115.0,4190.0,1996500
2020/03/18,4250.0,4465.0,4205.0,4275.0,1871800
2020/03/19,4415.0,4455.0,4175.0,4230.0,1835200
2020/03/23,4220.0,4350.0,4140.0,4255.0,1567700
2020/03/24,4375.0,4760.0,4345.0,4735.0,1419400
2020/03/25,4995.0,5100.0,4885.0,5070.0,1305800
2020/03/26,4850.0,4935.0,4740.0,4790.0,1269600
2020/03/27,4930.0,5000.0,4815.0,5000.0,1421300
2020/03/30,4770.0,4865.0,4695.0,4865.0,1171000
2020/03/31,4890.0,4995.0,4810.0,4825.0,1185800
2020/04/01,4735.0,4875.0,4595.0,4665.0,988700
2020/04/02,4525.0,4555.0,4390.0,4510.0,1341800
2020/04/03,4580.0,4660.0,4505.0,4635.0,1167800
2020/04/06,4605.0,4830.0,4545.0,4785.0,893500
2020/04/07,4855.0,4995.0,4830.0,4945.0,985500
2020/04/08,4945.0,5050.0,4880.0,4995.0,959100
2020/04/09,4995.0,4995.0,4915.0,4980.0,847600
2020/04/10,5050.0,5050.0,4925.0,4975.0,1029200
2020/04/13,4940.0,4960.0,4850.0,4850.0,468700
2020/04/14,4895.0,5040.0,4880.0,5000.0,795000
2020/04/15,4950.0,4970.0,4890.0,4935.0,1044100
2020/04/16,4850.0,4870.0,4765.0,4850.0,861200
2020/04/17,4920.0,5020.0,4920.0,4975.0,832500
2020/04/20,4875.0,4975.0,4865.0,4960.0,677900
2020/04/21,4855.0,4885.0,4780.0,4840.0,989300
2020/04/22,4780.0,4865.0,4745.0,4860.0,810800
2020/04/23,4920.0,5000.0,4905.0,4985.0,814600
2020/04/24,4935.0,4970.0,4875.0,4965.0,959300
2020/04/27,4965.0,5070.0,4955.0,5060.0,791900
2020/04/28,5250.0,5400.0,5170.0,5290.0,1146900
2020/04/30,5450.0,5500.0,5400.0,5410.0,1197400
2020/05/01,5310.0,5320.0,5230.0,5270.0,897700
2020/05/07,5210.0,5360.0,5200.0,5350.0,908300
2020/05/08,5420.0,5430.0,5310.0,5410.0,957900
2020/05/11,5430.0,5510.0,5400.0,5420.0,756100
2020/05/12,5460.0,5510.0,5400.0,5470.0,591000
2020/05/13,5340.0,5410.0,5300.0,5360.0,1027900
2020/05/14,5350.0,5360.0,5280.0,5320.0,767800
2020/05/15,5400.0,5430.0,5310.0,5340.0,720400
2020/05/18,5390.0,5390.0,5280.0,5320.0,586900
2020/05/19,5480.0,5490.0,5410.0,5410.0,829600
2020/05/20,5410.0,5460.0,5390.0,5430.0,505000
2020/05/21,5450.0,5500.0,5420.0,5430.0,500400
2020/05/22,5410.0,5430.0,5350.0,5400.0,560300
2020/05/25,5470.0,5520.0,5430.0,5500.0,543800
2020/05/26,5550.0,5720.0,5550.0,5650.0,921100
2020/05/27,5630.0,5820.0,5610.0,5790.0,920300
2020/05/28,5770.0,5890.0,5720.0,5880.0,1051100
2020/05/29,5870.0,5920.0,5810.0,5830.0,2025000
2020/06/01,5870.0,5940.0,5860.0,5880.0,751200
2020/06/02,5890.0,5980.0,5850.0,5940.0,614000
2020/06/03,6050.0,6110.0,6030.0,6060.0,806100
2020/06/04,6160.0,6200.0,6070.0,6100.0,841300
2020/06/05,6170.0,6240.0,6140.0,6220.0,816000
2020/06/08,6300.0,6300.0,6160.0,6200.0,1238200
2020/06/09,6200.0,6210.0,6100.0,6140.0,886200
2020/06/10,6080.0,6220.0,6070.0,6170.0,793700
2020/06/11,6090.0,6130.0,6000.0,6000.0,916500
2020/06/12,5950.0,6030.0,5830.0,6010.0,1357900
2020/06/15,6000.0,6010.0,5840.0,5840.0,696000
2020/06/16,6040.0,6120.0,5990.0,6070.0,1148800
2020/06/17,6060.0,6060.0,5960.0,6000.0,652500
2020/06/18,5960.0,6000.0,5900.0,5950.0,570700
2020/06/19,5900.0,5990.0,5820.0,5950.0,1398900
2020/06/22,5910.0,5970.0,5880.0,5900.0,606500
2020/06/23,6000.0,6000.0,5890.0,5930.0,672200
2020/06/24,6000.0,6010.0,5940.0,5980.0,624200
2020/06/25,5920.0,5930.0,5850.0,5860.0,648000
2020/06/26,5930.0,6010.0,5910.0,5990.0,531500
2020/06/29,5930.0,5990.0,5920.0,5940.0,617100
2020/06/30,6030.0,6160.0,6000.0,6100.0,1084400
2020/07/01,6100.0,6100.0,5980.0,6020.0,647500
2020/07/02,6060.0,6060.0,5900.0,5960.0,692100
2020/07/03,6030.0,6040.0,5950.0,6000.0,589500
2020/07/06,6030.0,6150.0,6000.0,6130.0,423900
2020/07/07,6090.0,6110.0,5940.0,5980.0,694500
2020/07/08,5950.0,5950.0,5810.0,5850.0,1248100
2020/07/09,5900.0,5980.0,5860.0,5950.0,848500
2020/07/10,5940.0,5960.0,5840.0,5850.0,1050900
2020/07/13,5940.0,6040.0,5940.0,6000.0,900300
2020/07/14,6010.0,6090.0,5970.0,6000.0,720400
2020/07/15,6100.0,6180.0,6090.0,6120.0,711600
2020/07/16,6040.0,6060.0,5970.0,6030.0,767900
2020/07/17,6030.0,6050.0,6000.0,6030.0,593800
2020/07/20,6100.0,6230.0,6100.0,6230.0,792500
2020/07/21,6230.0,6280.0,6150.0,6200.0,764600
2020/07/22,6200.0,6270.0,6190.0,6190.0,624700
2020/07/27,6300.0,6350.0,6260.0,6290.0,1054300
2020/07/28,6010.0,6230.0,5990.0,6190.0,1480200
2020/07/29,6160.0,6180.0,5950.0,6010.0,1028200
2020/07/30,6030.0,6150.0,6030.0,6150.0,744700
2020/07/31,6110.0,6120.0,5930.0,5950.0,961700
2020/08/03,6000.0,6080.0,5960.0,6020.0,824700
2020/08/04,6030.0,6120.0,6010.0,6060.0,564500
2020/08/05,6140.0,6140.0,6040.0,6100.0,695100
2020/08/06,6110.0,6140.0,6050.0,6140.0,579400
2020/08/07,6160.0,6160.0,6040.0,6090.0,572300
2020/08/11,6160.0,6170.0,6110.0,6130.0,746400
2020/08/12,6150.0,6210.0,6130.0,6150.0,498300
2020/08/13,6300.0,6330.0,6250.0,6250.0,707500
2020/08/14,6290.0,6290.0,6210.0,6240.0,653400
2020/08/17,6230.0,6270.0,6210.0,6210.0,379200
2020/08/18,6250.0,6320.0,6230.0,6310.0,559200
2020/08/19,6300.0,6410.0,6290.0,6390.0,797100
2020/08/20,6410.0,6420.0,6290.0,6330.0,727200
2020/08/21,6430.0,6480.0,6360.0,6380.0,600700
2020/08/24,6400.0,6480.0,6390.0,6440.0,524500
2020/08/25,6560.0,6610.0,6530.0,6550.0,750200
2020/08/26,6620.0,6620.0,6490.0,6520.0,446300
2020/08/27,6490.0,6510.0,6420.0,6470.0,539700
2020/08/28,6500.0,6540.0,6280.0,6400.0,808000
2020/08/31,6460.0,6530.0,6440.0,6440.0,608400
2020/09/01,6350.0,6390.0,6270.0,6380.0,787000
2020/09/02,6430.0,6450.0,6390.0,6420.0,365700
2020/09/03,6520.0,6580.0,6470.0,6480.0,470700
2020/09/04,6380.0,6480.0,6360.0,6480.0,356300
2020/09/07,6490.0,6520.0,6460.0,6490.0,309800
2020/09/08,6530.0,6610.0,6520.0,6590.0,451300
2020/09/09,6520.0,6570.0,6480.0,6540.0,522700
2020/09/10,6600.0,6650.0,6550.0,6620.0,580100
2020/09/11,6620.0,6640.0,6520.0,6620.0,966200
2020/09/14,6670.0,6710.0,6650.0,6670.0,511700
2020/09/15,6670.0,6700.0,6650.0,6680.0,416200
2020/09/16,6590.0,6620.0,6550.0,6590.0,642500
2020/09/17,6590.0,6610.0,6540.0,6590.0,346700
2020/09/18,6490.0,6560.0,6460.0,6530.0,1116400
2020/09/23,6390.0,6520.0,6370.0,6500.0,604600
2020/09/24,6470.0,6530.0,6450.0,6470.0,549100
2020/09/25,6730.0,7010.0,6710.0,6950.0,2069300
2020/09/28,7010.0,7140.0,6960.0,7030.0,952800
2020/09/29,7000.0,7050.0,6890.0,7020.0,734500
2020/09/30,6980.0,6980.0,6830.0,6840.0,874100
2020/10/01,,,,,0
2020/10/02,6770.0,6870.0,6730.0,6810.0,806700
2020/10/05,6900.0,6940.0,6850.0,6870.0,508500
2020/10/06,6960.0,6990.0,6920.0,6990.0,508000
2020/10/07,7050.0,7110.0,7000.0,7050.0,782900
2020/10/08,7060.0,7100.0,7010.0,7090.0,547100
2020/10/09,7140.0,7220.0,7140.0,7160.0,889600
2020/10/12,7130.0,7160.0,7090.0,7130.0,409000
2020/10/13,7150.0,7170.0,7090.0,7160.0,418000
2020/10/14,7160.0,7290.0,7150.0,7270.0,727600
2020/10/15,7380.0,7410.0,7310.0,7360.0,823400
2020/10/16,7280.0,7370.0,7240.0,7240.0,600100
2020/10/19,7090.0,7270.0,7050.0,7210.0,585700
2020/10/20,7220.0,7290.0,7210.0,7270.0,582800
2020/10/21,7270.0,7330.0,7250.0,7310.0,361300
2020/10/22,7210.0,7340.0,7200.0,7280.0,402600
2020/10/23,7330.0,7370.0,7270.0,7350.0,428400
2020/10/26,7370.0,7470.0,7360.0,7380.0,646900
2020/10/27,6940.0,7420.0,6920.0,7400.0,1013200
2020/10/28,7450.0,7560.0,7430.0,7540.0,854200
2020/10/29,7510.0,7550.0,7470.0,7530.0,556600
2020/10/30,7470.0,7470.0,7280.0,7310.0,740400
2020/11/02,7330.0,7370.0,7280.0,7300.0,701800
2020/11/04,7390.0,7450.0,7330.0,7330.0,775000
2020/11/05,7330.0,7440.0,7310.0,7430.0,684800
2020/11/06,7480.0,7620.0,7430.0,7550.0,744900
2020/11/09,7690.0,7830.0,7680.0,7770.0,866700
2020/11/10,7850.0,7900.0,7640.0,7660.0,941500
2020/11/11,7810.0,7860.0,7740.0,7810.0,924600
2020/11/12,7840.0,7900.0,7800.0,7870.0,897800
2020/11/13,7930.0,7970.0,7790.0,7880.0,1009700
2020/11/16,7970.0,8090.0,7960.0,8050.0,774600
2020/11/17,8140.0,8240.0,8100.0,8130.0,920600
2020/11/18,8150.0,8210.0,8100.0,8140.0,654800
2020/11/19,8010.0,8230.0,8000.0,8190.0,753900
2020/11/20,8210.0,8330.0,8210.0,8310.0,742000
2020/11/24,8390.0,8490.0,8330.0,8460.0,1030000
2020/11/25,8530.0,8660.0,8480.0,8500.0,928800
2020/11/26,8460.0,8540.0,8400.0,8530.0,676900
2020/11/27,8570.0,8700.0,8550.0,8650.0,800500
2020/11/30,8760.0,8770.0,8480.0,8640.0,2351600
2020/12/01,8680.0,8930.0,8660.0,8810.0,937900
2020/12/02,9000.0,9050.0,8860.0,8900.0,968600
2020/12/03,8910.0,8930.0,8830.0,8890.0,647700
2020/12/04,8870.0,8920.0,8680.0,8750.0,736300
2020/12/07,8810.0,8810.0,8640.0,8680.0,412800
2020/12/08,8600.0,8690.0,8560.0,8620.0,563300
2020/12/09,8670.0,8820.0,8630.0,8780.0,556300
2020/12/10,8700.0,8720.0,8600.0,8610.0,557400
2020/12/11,8690.0,8840.0,8680.0,8770.0,1126200
2020/12/14,8780.0,8860.0,8770.0,8780.0,441300
2020/12/15,8840.0,8880.0,8780.0,8830.0,440300
2020/12/16,8840.0,8910.0,8830.0,8910.0,443600
2020/12/17,8890.0,8930.0,8750.0,8750.0,587800
2020/12/18,8760.0,8890.0,8750.0,8820.0,840700
2020/12/21,8750.0,8810.0,8670.0,8770.0,414000
2020/12/22,8740.0,8780.0,8660.0,8670.0,440500
2020/12/23,8700.0,8710.0,8610.0,8710.0,315800
2020/12/24,8710.0,8810.0,8710.0,8780.0,325800
2020/12/25,8800.0,8830.0,8740.0,8830.0,230900
2020/12/28,8830.0,8960.0,8800.0,8910.0,348500
2020/12/29,8910.0,9190.0,8910.0,9180.0,787800
2020/12/30,9200.0,9280.0,9120.0,9230.0,773700
2021/01/04,9280.0,9300.0,9040.0,9140.0,393900
2021/01/05,9130.0,9260.0,9100.0,9130.0,430900
2021/01/06,9130.0,9170.0,8960.0,8980.0,518500
2021/01/07,9150.0,9240.0,9100.0,9150.0,627300
2021/01/08,9250.0,9390.0,9170.0,9390.0,864300
2021/01/12,9320.0,9460.0,9250.0,9430.0,629700
2021/01/13,9430.0,9630.0,9420.0,9620.0,669100
2021/01/14,9550.0,9670.0,9460.0,9500.0,679600
2021/01/15,9470.0,9520.0,9240.0,9290.0,584200
2021/01/18,9150.0,9270.0,9040.0,9230.0,406600
2021/01/19,9350.0,9480.0,9320.0,9400.0,444700
2021/01/20,9520.0,9530.0,9350.0,9420.0,445900
2021/01/21,9500.0,9560.0,9460.0,9510.0,433100
2021/01/22,9410.0,9470.0,9340.0,9370.0,528000
2021/01/25,9450.0,9450.0,9260.0,9290.0,569500
2021/01/26,9350.0,9480.0,9340.0,9360.0,710300
2021/01/27,9710.0,10170.0,9680.0,10100.0,2160100
2021/01/28,9800.0,10000.0,9770.0,9810.0,1809200
2021/01/29,9810.0,9850.0,9430.0,9470.0,914300
2021/02/01,9400.0,9680.0,9390.0,9670.0,466200
2021/02/02,9850.0,10010.0,9840.0,9890.0,653200
2021/02/03,10000.0,10130.0,9890.0,10010.0,707600
2021/02/04,9930.0,9970.0,9710.0,9740.0,482800
2021/02/05,9800.0,9810.0,9570.0,9650.0,541500
2021/02/08,9710.0,9760.0,9620.0,9700.0,510900
2021/02/09,9760.0,9820.0,9710.0,9780.0,532500
2021/02/10,9770.0,9870.0,9690.0,9730.0,505000
2021/02/12,9780.0,9890.0,9660.0,9870.0,725800
2021/02/15,9870.0,10050.0,9870.0,10020.0,443500
2021/02/16,9980.0,10040.0,9900.0,9920.0,581500
2021/02/17,9860.0,9920.0,9630.0,9630.0,555100
2021/02/18,9600.0,9630.0,9400.0,9410.0,679100
2021/02/19,9310.0,9380.0,9290.0,9380.0,491200
2021/02/22,9460.0,9490.0,9370.0,9430.0,424100
2021/02/24,9480.0,9480.0,9120.0,9130.0,679500
2021/02/25,9400.0,9440.0,9200.0,9300.0,657000
2021/02/26,9150.0,9150.0,9010.0,9090.0,917000
2021/03/01,9170.0,9340.0,9120.0,9180.0,473900
2021/03/02,9240.0,9320.0,9110.0,9130.0,487700
2021/03/03,9270.0,9270.0,9070.0,9130.0,416300
2021/03/04,9080.0,9200.0,9030.0,9110.0,437000
2021/03/05,9020.0,9060.0,8860.0,9030.0,623100
2021/03/08,9100.0,9120.0,8960.0,9010.0,596000
2021/03/09,9050.0,9070.0,8820.0,8970.0,631600
2021/03/10,9080.0,9180.0,9020.0,9150.0,672600
2021/03/11,9150.0,9360.0,9140.0,9280.0,635800
2021/03/12,9280.0,9560.0,9260.0,9540.0,1107800
2021/03/15,9560.0,9580.0,9440.0,9490.0,414700
2021/03/16,9470.0,9520.0,9410.0,9450.0,462300
2021/03/17,9500.0,9670.0,9500.0,9560.0,459400
2021/03/18,9600.0,9700.0,9530.0,9670.0,494200
2021/03/19,9590.0,9690.0,9420.0,9560.0,1184100
2021/03/22,9440.0,9460.0,9260.0,9360.0,705000
2021/03/23,9480.0,9590.0,9380.0,9380.0,623100
2021/03/24,9310.0,9440.0,9200.0,9230.0,646100
2021/03/25,9310.0,9460.0,9300.0,9440.0,551700
2021/03/26,9580.0,9700.0,9380.0,9430.0,744700
2021/03/29,9560.0,9760.0,9530.0,9670.0,830800
2021/03/30,9620.0,9780.0,9590.0,9690.0,515400
2021/03/31,9560.0,9580.0,9430.0,9460.0,652700
2021/04/01,9540.0,9630.0,9380.0,9410.0,604400
2021/04/02,9680.0,9870.0,9670.0,9840.0,672900
2021/04/05,9880.0,9940.0,9820.0,9840.0,484800
2021/04/06,9830.0,9860.0,9630.0,9640.0,524200
2021/04/07,9730.0,9770.0,9640.0,9720.0,613900
2021/04/08,9720.0,9740.0,9600.0,9650.0,458500
2021/04/09,9770.0,9850.0,9720.0,9720.0,809600
2021/04/12,9800.0,9800.0,9340.0,9360.0,765000
2021/04/13,9420.0,9440.0,9300.0,9330.0,807600
2021/04/14,9290.0,9470.0,9280.0,9440.0,550800
2021/04/15,9440.0,9530.0,9420.0,9480.0,279500
2021/04/16,9630.0,9630.0,9510.0,9560.0,430700
2021/04/19,9630.0,9770.0,9560.0,9750.0,470200
2021/04/20,9660.0,9670.0,9460.0,9510.0,553300
2021/04/21,9360.0,9370.0,9170.0,9210.0,704400
2021/04/22,9340.0,9340.0,9230.0,9330.0,525200
2021/04/23,9350.0,9350.0,9180.0,9300.0,550300
2021/04/26,9350.0,9480.0,9320.0,9410.0,739600
2021/04/27,9310.0,9340.0,9050.0,9060.0,1155300
2021/04/28,9110.0,9220.0,9050.0,9090.0,1650900
2021/04/30,9160.0,9220.0,9010.0,9060.0,789000
2021/05/06,9140.0,9250.0,9120.0,9140.0,833400
2021/05/07,9050.0,9070.0,8960.0,8980.0,704800
2021/05/10,9030.0,9170.0,9000.0,9030.0,591500
2021/05/11,8970.0,8980.0,8630.0,8690.0,821300
2021/05/12,8740.0,8820.0,8390.0,8450.0,885500
2021/05/13,8360.0,8450.0,8240.0,8250.0,866800
2021/05/14,8390.0,8590.0,8370.0,8580.0,876000
2021/05/17,8670.0,8680.0,8440.0,8530.0,488400
2021/05/18,8590.0,8620.0,8500.0,8590.0,591600
2021/05/19,8440.0,8530.0,8330.0,8390.0,608900
2021/05/20,8330.0,8480.0,8300.0,8420.0,555600
2021/05/21,8430.0,8510.0,8370.0,8370.0,511400
2021/05/24,8340.0,8520.0,8340.0,8400.0,385900
2021/05/25,8400.0,8480.0,8370.0,8470.0,530100
2021/05/26,8420.0,8540.0,8390.0,8510.0,467700
2021/05/27,8520.0,8550.0,8450.0,8510.0,1369500
2021/05/28,8660.0,8780.0,8650.0,8710.0,604500
2021/05/31,8590.0,8600.0,8470.0,8490.0,543500
2021/06/01,8590.0,8620.0,8500.0,8550.0,311100
2021/06/02,8690.0,8730.0,8600.0,8690.0,544000
2021/06/03,8710.0,8780.0,8670.0,8750.0,463100
2021/06/04,8760.0,8760.0,8630.0,8660.0,391900
2021/06/07,8780.0,8810.0,8610.0,8630.0,351500
2021/06/08,8590.0,8600.0,8470.0,8500.0,427900
2021/06/09,8480.0,8480.0,8360.0,8420.0,361800
2021/06/10,8390.0,8520.0,8390.0,8450.0,411400
2021/06/11,8400.0,8510.0,8370.0,8400.0,614300
2021/06/14,8330.0,8420.0,8330.0,8400.0,337500
2021/06/15,8460.0,8560.0,8440.0,8470.0,565400
2021/06/16,8390.0,8500.0,8380.0,8470.0,386800
2021/06/17,8390.0,8400.0,8240.0,8340.0,517300
2021/06/18,8370.0,8430.0,8310.0,8310.0,627500
2021/06/21,8110.0,8150.0,8020.0,8150.0,837000
2021/06/22,8450.0,8510.0,8390.0,8480.0,976900
2021/06/23,8570.0,8570.0,8390.0,8390.0,523100
2021/06/24,8320.0,8360.0,8290.0,8360.0,311100
2021/06/25,8480.0,8510.0,8450.0,8500.0,293100
2021/06/28,8470.0,8490.0,8380.0,8410.0,324000
2021/06/29,8310.0,8350.0,8220.0,8260.0,504300
2021/06/30,8220.0,8340.0,8220.0,8290.0,473400
2021/07/01,8280.0,8340.0,8150.0,8210.0,566300
2021/07/02,8190.0,8300.0,8190.0,8270.0,437500
2021/07/05,8210.0,8300.0,8200.0,8290.0,235800
2021/07/06,8380.0,8390.0,8250.0,8270.0,257900
2021/07/07,8140.0,8180.0,8090.0,8140.0,495400
2021/07/08,8090.0,8120.0,8030.0,8050.0,664700
2021/07/09,7930.0,8090.0,7830.0,8010.0,988700
2021/07/12,8220.0,8300.0,8160.0,8290.0,455800
2021/07/13,8300.0,8340.0,8280.0,8310.0,339300
2021/07/14,8330.0,8400.0,8270.0,8360.0,453300
2021/07/15,8320.0,8350.0,8210.0,8230.0,381300
2021/07/16,8090.0,8280.0,8030.0,8190.0,599700
2021/07/19,8150.0,8180.0,8060.0,8140.0,482400
2021/07/20,8000.0,8090.0,7990.0,8040.0,497800
2021/07/21,8250.0,8290.0,8120.0,8200.0,552700
2021/07/26,8340.0,8380.0,8250.0,8310.0,962900
2021/07/27,8340.0,8380.0,8050.0,8060.0,883100
2021/07/28,8000.0,8130.0,8000.0,8060.0,613300
2021/07/29,8140.0,8180.0,8060.0,8160.0,531300
2021/07/30,8200.0,8240.0,8080.0,8100.0,663500
2021/08/02,8200.0,8450.0,8200.0,8380.0,596600
2021/08/03,8230.0,8420.0,8230.0,8360.0,477600
2021/08/04,8450.0,8450.0,8280.0,8290.0,558200
2021/08/05,8220.0,8350.0,8190.0,8280.0,480000
2021/08/06,8280.0,8400.0,8280.0,8390.0,438200
2021/08/10,8420.0,8500.0,8330.0,8360.0,464100
2021/08/11,8400.0,8450.0,8350.0,8420.0,412500
2021/08/12,8450.0,8540.0,8410.0,8530.0,431900
2021/08/13,8470.0,8500.0,8420.0,8440.0,532500
2021/08/16,8410.0,8420.0,8200.0,8230.0,283100
2021/08/17,8260.0,8300.0,8160.0,8160.0,261500
2021/08/18,8170.0,8290.0,8140.0,8240.0,318000
2021/08/19,8120.0,8150.0,8060.0,8090.0,503400
2021/08/20,8110.0,8270.0,8090.0,8230.0,624000
2021/08/23,8320.0,8420.0,8290.0,8320.0,586600
2021/08/24,8310.0,8470.0,8290.0,8360.0,496400
2021/08/25,8360.0,8430.0,8250.0,8280.0,264000
2021/08/26,8190.0,8200.0,8120.0,8160.0,497700
2021/08/27,8150.0,8160.0,8080.0,8080.0,409600
2021/08/30,8110.0,8250.0,8090.0,8230.0,482400
2021/08/31,8240.0,8400.0,8200.0,8360.0,1489800
2021/09/01,8380.0,8480.0,8360.0,8460.0,591500
2021/09/02,8450.0,8580.0,8430.0,8550.0,637000
2021/09/03,8540.0,8800.0,8490.0,8770.0,774800
2021/09/06,8890.0,8890.0,8770.0,8830.0,586700
2021/09/07,8910.0,9050.0,8860.0,8960.0,647200
2021/09/08,8900.0,9180.0,8850.0,9140.0,916000
2021/09/09,9070.0,9210.0,9050.0,9210.0,757700
2021/09/10,9330.0,9450.0,9250.0,9410.0,1300800
2021/09/13,9400.0,9400.0,9000.0,9170.0,985400
2021/09/14,9150.0,9180.0,9030.0,9040.0,938100
2021/09/15,8860.0,8890.0,8670.0,8740.0,1356600
2021/09/16,8740.0,8830.0,8620.0,8640.0,714600
2021/09/17,8670.0,8710.0,8560.0,8560.0,975100
2021/09/21,8350.0,8420.0,8310.0,8310.0,677200
2021/09/22,8180.0,8300.0,8150.0,8260.0,738800
2021/09/24,8360.0,8380.0,8270.0,8360.0,872600
2021/09/27,8360.0,8370.0,8240.0,8270.0,590900
2021/09/28,8250.0,8260.0,8170.0,8260.0,810400
2021/09/29,8000.0,8040.0,7880.0,7970.0,1040100
2021/09/30,7970.0,8050.0,7880.0,7980.0,1131700
2021/10/01,7920.0,8050.0,7840.0,7860.0,850000
2021/10/04,7900.0,7940.0,7700.0,7720.0,603700
2021/10/05,7580.0,7590.0,7420.0,7480.0,984400
2021/10/06,7630.0,7700.0,7390.0,7480.0,782200
2021/10/07,7480.0,7550.0,7410.0,7420.0,597500
2021/10/08,7480.0,7570.0,7480.0,7500.0,639500
2021/10/11,7480.0,7730.0,7480.0,7710.0,541500
2021/10/12,7720.0,7800.0,7710.0,7770.0,518300
2021/10/13,7700.0,7780.0,7640.0,7740.0,479200
2021/10/14,7750.0,7970.0,7740.0,7930.0,694500
2021/10/15,7990.0,8140.0,7960.0,8140.0,659100
2021/10/18,8120.0,8150.0,8050.0,8150.0,559600
2021/10/19,8150.0,8150.0,8000.0,8110.0,529200
2021/10/20,8090.0,8150.0,8050.0,8090.0,487500
2021/10/21,8130.0,8150.0,7980.0,7980.0,438300
2021/10/22,7910.0,8030.0,7870.0,8020.0,536100
2021/10/25,7870.0,8070.0,7870.0,8040.0,451300
2021/10/26,8140.0,8200.0,8080.0,8120.0,650200
2021/10/27,8420.0,8720.0,8370.0,8710.0,2160500
2021/10/28,8760.0,8800.0,8650.0,8760.0,1025700
2021/10/29,8800.0,8900.0,8710.0,8880.0,1060000
2021/11/01,9000.0,9020.0,8890.0,9010.0,929800
2021/11/02,8880.0,8940.0,8790.0,8830.0,721100
2021/11/04,8940.0,9030.0,8850.0,8940.0,700600
2021/11/05,9000.0,9000.0,8850.0,8960.0,491800
2021/11/08,9000.0,9000.0,8800.0,8800.0,503400
2021/11/09,8780.0,8820.0,8630.0,8660.0,443500
2021/11/10,8650.0,8690.0,8530.0,8550.0,522100
2021/11/11,8400.0,8550.0,8390.0,8490.0,656100
2021/11/12,8490.0,8700.0,8490.0,8580.0,570400
2021/11/15,8660.0,8660.0,8520.0,8580.0,437100
2021/11/16,8530.0,8670.0,8530.0,8560.0,456300
2021/11/17,8870.0,8920.0,8780.0,8870.0,870900
2021/11/18,8880.0,8900.0,8780.0,8840.0,521100
2021/11/19,8700.0,8870.0,8660.0,8830.0,540400
2021/11/22,8790.0,8800.0,8660.0,8690.0,571400
2021/11/24,8730.0,8730.0,8490.0,8520.0,716500
2021/11/25,8520.0,8630.0,8510.0,8530.0,427900
2021/11/26,8450.0,8450.0,8160.0,8210.0,814800
2021/11/29,8070.0,8190.0,7990.0,8020.0,780900
2021/11/30,8080.0,8180.0,7860.0,7900.0,2013300
2021/12/01,7870.0,8000.0,7830.0,7970.0,796000
2021/12/02,7890.0,7940.0,7800.0,7870.0,877600
2021/12/03,7970.0,8140.0,7930.0,8120.0,810500
2021/12/06,8140.0,8220.0,8080.0,8180.0,425000
2021/12/07,8320.0,8350.0,8190.0,8290.0,948600
2021/12/08,8510.0,8600.0,8440.0,8580.0,799400
2021/12/09,8630.0,8640.0,8500.0,8500.0,451300
2021/12/10,8410.0,8560.0,8410.0,8500.0,771700
2021/12/13,8550.0,8680.0,8550.0,8590.0,493900
2021/12/14,8570.0,8660.0,8560.0,8630.0,517700
2021/12/15,8580.0,8630.0,8530.0,8600.0,452600
2021/12/16,8750.0,8900.0,8720.0,8890.0,637800
2021/12/17,8800.0,8870.0,8740.0,8760.0,645100
2021/12/20,8680.0,8710.0,8480.0,8530.0,528100
2021/12/21,8640.0,8750.0,8630.0,8750.0,356500
2021/12/22,8720.0,8770.0,8660.0,8770.0,347700
2021/12/23,8810.0,8820.0,8760.0,8820.0,266200
2021/12/24,8880.0,8920.0,8820.0,8880.0,278600
2021/12/27,8880.0,8890.0,8820.0,8840.0,254600
2021/12/28,8940.0,8980.0,8900.0,8980.0,411200
2021/12/29,9000.0,9030.0,8910.0,8960.0,389800
2021/12/30,8870.0,8950.0,8810.0,8890.0,386600
2022/01/04,9000.0,9140.0,8880.0,9090.0,608900
2022/01/05,9180.0,9270.0,9110.0,9250.0,608100
2022/01/06,9200.0,9250.0,9050.0,9050.0,567000
2022/01/07,9100.0,9170.0,8980.0,9020.0,682700
2022/01/11,9020.0,9070.0,8970.0,9040.0,457200
2022/01/12,9190.0,9280.0,9150.0,9250.0,486000
2022/01/13,9200.0,9260.0,9090.0,9140.0,466500
2022/01/14,9000.0,9050.0,8810.0,8950.0,679700
2022/01/17,9000.0,9080.0,8980.0,9030.0,283900
2022/01/18,9110.0,9200.0,8980.0,9020.0,423300
2022/01/19,8920.0,8970.0,8750.0,8800.0,557900
2022/01/20,8800.0,8980.0,8760.0,8910.0,456000
2022/01/21,8810.0,8940.0,8690.0,8910.0,521800
2022/01/24,8900.0,8960.0,8780.0,8960.0,452800
2022/01/25,8920.0,8950.0,8700.0,8810.0,819900
2022/01/26,8980.0,8980.0,8740.0,8810.0,792800
2022/01/27,8690.0,8700.0,8150.0,8200.0,1777100
2022/01/28,8500.0,8750.0,8380.0,8750.0,1102500
2022/01/31,8680.0,8960.0,8650.0,8850.0,695000
2022/02/01,8810.0,8930.0,8670.0,8690.0,734600
2022/02/02,8760.0,8950.0,8760.0,8850.0,695500
2022/02/03,8790.0,8810.0,8650.0,8690.0,466300
2022/02/04,8620.0,8820.0,8610.0,8760.0,576300
2022/02/07,8660.0,8770.0,8610.0,8710.0,347200
2022/02/08,8670.0,8730.0,8590.0,8620.0,331400
2022/02/09,8650.0,8670.0,8550.0,8610.0,760200
2022/02/10,8710.0,8810.0,8700.0,8760.0,663000
2022/02/14,8610.0,8780.0,8610.0,8680.0,666700
2022/02/15,8710.0,8770.0,8480.0,8520.0,477200
2022/02/16,8640.0,8730.0,8640.0,8700.0,434500
2022/02/17,8650.0,8730.0,8570.0,8610.0,511400
2022/02/18,8460.0,8490.0,8250.0,8350.0,593800
2022/02/21,8200.0,8310.0,8120.0,8260.0,440500
2022/02/22,8150.0,8180.0,8030.0,8100.0,411600
2022/02/24,8120.0,8200.0,8010.0,8090.0,684800
2022/02/25,8150.0,8320.0,8130.0,8310.0,561200
2022/02/28,8350.0,8390.0,8230.0,8350.0,637900
2022/03/01,8430.0,8440.0,8240.0,8290.0,552900
2022/03/02,8060.0,8150.0,8000.0,8020.0,536600
2022/03/03,8090.0,8180.0,8070.0,8110.0,434300
2022/03/04,8180.0,8190.0,7920.0,7980.0,563600
2022/03/07,7890.0,7900.0,7690.0,7750.0,564600
2022/03/08,7610.0,7820.0,7580.0,7590.0,560600
2022/03/09,7600.0,7710.0,7510.0,7530.0,537000
2022/03/10,7830.0,7950.0,7770.0,7950.0,710000
2022/03/11,7830.0,7840.0,7660.0,7730.0,759700
2022/03/14,7950.0,8000.0,7830.0,7830.0,426300
2022/03/15,7850.0,8040.0,7850.0,7940.0,361200
2022/03/16,8070.0,8210.0,8060.0,8070.0,708800
2022/03/17,8330.0,8380.0,8200.0,8360.0,729500
2022/03/18,8400.0,8580.0,8370.0,8560.0,1346600
2022/03/22,8670.0,8750.0,8610.0,8730.0,693000
2022/03/23,8870.0,9020.0,8870.0,8960.0,609900
2022/03/24,8810.0,8920.0,8740.0,8900.0,461700
2022/03/25,9050.0,9140.0,8980.0,9080.0,544900
2022/03/28,9040.0,9040.0,8900.0,8920.0,439800
2022/03/29,8940.0,9060.0,8910.0,9040.0,409700
2022/03/30,9020.0,9020.0,8790.0,8900.0,560300
2022/03/31,8920.0,8920.0,8770.0,8820.0,685800
2022/04/01,8780.0,8830.0,8690.0,8790.0,410600
2022/04/04,8790.0,8840.0,8710.0,8840.0,232400
2022/04/05,8900.0,8900.0,8750.0,8780.0,431000
2022/04/06,8750.0,8780.0,8590.0,8680.0,690800
2022/04/07,8580.0,8600.0,8480.0,8560.0,628300
2022/04/08,8700.0,8720.0,8470.0,8550.0,836200
2022/04/11,8580.0,8610.0,8480.0,8540.0,429400
2022/04/12,8420.0,8480.0,8190.0,8210.0,579000
2022/04/13,8220.0,8430.0,8200.0,8390.0,448900
2022/04/14,8540.0,8800.0,8460.0,8740.0,689000
2022/04/15,8740.0,8760.0,8580.0,8690.0,400200
2022/04/18,8590.0,8600.0,8480.0,8560.0,305800
2022/04/19,8710.0,8730.0,8580.0,8700.0,578500
2022/04/20,8790.0,8830.0,8660.0,8770.0,539600
2022/04/21,8770.0,8960.0,8730.0,8890.0,583300
2022/04/22,8680.0,8800.0,8620.0,8770.0,486200
2022/04/25,8650.0,8650.0,8530.0,8650.0,620800
2022/04/26,8770.0,8820.0,8650.0,8740.0,864000
2022/04/27,8700.0,8700.0,8240.0,8360.0,1732700
2022/04/28,8440.0,8750.0,8360.0,8750.0,974300
2022/05/02,8640.0,8710.0,8570.0,8700.0,602600
2022/05/06,8670.0,8970.0,8590.0,8960.0,678400
2022/05/09,8900.0,9010.0,8820.0,8980.0,480000
2022/05/10,8970.0,9100.0,8890.0,9060.0,635500
2022/05/11,9030.0,9070.0,8920.0,8990.0,510100
2022/05/12,8980.0,9070.0,8820.0,9020.0,500500
2022/05/13,8990.0,9050.0,8960.0,9020.0,535800
2022/05/16,9160.0,9170.0,8910.0,8950.0,505900
2022/05/17,8950.0,8990.0,8900.0,8930.0,346700
2022/05/18,8960.0,9110.0,8950.0,9070.0,353000
2022/05/19,8700.0,8910.0,8700.0,8870.0,583800
2022/05/20,8860.0,8980.0,8840.0,8980.0,389000
2022/05/23,9040.0,9100.0,8950.0,9060.0,289200
2022/05/24,9140.0,9140.0,9010.0,9030.0,384700
2022/05/25,9090.0,9170.0,9060.0,9080.0,451300
2022/05/26,9050.0,9150.0,9020.0,9030.0,495700
2022/05/27,9180.0,9210.0,9080.0,9110.0,462400
2022/05/30,9200.0,9350.0,9150.0,9290.0,808000
2022/05/31,9240.0,9410.0,9210.0,9350.0,888900
2022/06/01,9310.0,9480.0,9310.0,9450.0,371700
2022/06/02,9440.0,9470.0,9380.0,9460.0,226200
2022/06/03,9500.0,9670.0,9470.0,9630.0,625200
2022/06/06,9580.0,9710.0,9520.0,9660.0,415600
2022/06/07,9710.0,9780.0,9650.0,9740.0,363500
2022/06/08,9850.0,9890.0,9800.0,9880.0,506600
2022/06/09,9860.0,9920.0,9820.0,9820.0,579600
2022/06/10,9800.0,9800.0,9660.0,9750.0,700000
2022/06/13,9600.0,9670.0,9500.0,9530.0,471000
2022/06/14,9340.0,9460.0,9330.0,9450.0,423300
2022/06/15,9500.0,9540.0,9360.0,9400.0,394000
2022/06/16,9690.0,9690.0,9360.0,9380.0,429000
2022/06/17,9080.0,9220.0,9060.0,9110.0,719300
2022/06/20,9200.0,9200.0,8830.0,8870.0,500800
2022/06/21,8990.0,9180.0,8990.0,9090.0,493400
2022/06/22,9120.0,9170.0,8930.0,9020.0,427400
2022/06/23,9020.0,9080.0,8930.0,8980.0,367700
2022/06/24,9010.0,9160.0,8960.0,9120.0,483700
2022/06/27,8830.0,9150.0,8830.0,9100.0,657300
2022/06/28,9140.0,9150.0,8910.0,9040.0,536000
2022/06/29,8990.0,9010.0,8800.0,8900.0,902900
2022/06/30,8950.0,8950.0,8720.0,8780.0,782600
2022/07/01,8870.0,8950.0,8570.0,8590.0,581700
2022/07/04,8660.0,8660.0,8510.0,8560.0,397300
2022/07/05,8670.0,8770.0,8610.0,8660.0,427500
2022/07/06,8420.0,8580.0,8420.0,8540.0,552800
2022/07/07,8560.0,8700.0,8530.0,8630.0,493500
2022/07/08,8610.0,8730.0,8550.0,8550.0,856700
2022/07/11,8700.0,8780.0,8640.0,8720.0,453900
2022/07/12,8550.0,8550.0,8270.0,8310.0,899600
2022/07/13,8310.0,8400.0,8310.0,8360.0,660400
2022/07/14,8370.0,8540.0,8350.0,8490.0,499000
2022/07/15,8460.0,8570.0,8410.0,8430.0,500800
2022/07/19,8460.0,8660.0,8450.0,8630.0,623800
2022/07/20,8740.0,8910.0,8710.0,8850.0,614500
2022/07/21,8880.0,8950.0,8850.0,8950.0,493300
2022/07/22,8970.0,9000.0,8880.0,9000.0,386400
2022/07/25,8960.0,9000.0,8910.0,8960.0,417500
2022/07/26,9050.0,9050.0,8840.0,8880.0,504500
2022/07/27,8700.0,8790.0,8600.0,8760.0,1177900
2022/07/28,8770.0,8860.0,8520.0,8560.0,977500
2022/07/29,8650.0,8650.0,8480.0,8530.0,697900
2022/08/01,8630.0,8650.0,8570.0,8620.0,476200
2022/08/02,8520.0,8550.0,8380.0,8440.0,454900
2022/08/03,8610.0,8630.0,8470.0,8590.0,463300
2022/08/04,8590.0,8660.0,8560.0,8650.0,315700
2022/08/05,8600.0,8670.0,8560.0,8650.0,360000
2022/08/08,8570.0,8700.0,8570.0,8670.0,415600
2022/08/09,8710.0,8710.0,8560.0,8630.0,344400
2022/08/10,8690.0,8700.0,8610.0,8680.0,426700
2022/08/12,8830.0,8870.0,8740.0,8850.0,1000500
2022/08/15,8880.0,9030.0,8870.0,8990.0,426900
2022/08/16,8990.0,9060.0,8900.0,8910.0,371900
2022/08/17,8970.0,9070.0,8950.0,9040.0,750900
2022/08/18,8960.0,9060.0,8940.0,8970.0,657300
2022/08/19,8990.0,9040.0,8970.0,8970.0,583000
2022/08/22,8890.0,8960.0,8830.0,8960.0,370700
2022/08/23,8940.0,8950.0,8880.0,8940.0,405800
2022/08/24,8950.0,8950.0,8760.0,8790.0,412300
2022/08/25,8800.0,8820.0,8750.0,8770.0,351200
2022/08/26,8830.0,8880.0,8760.0,8780.0,410200
2022/08/29,8570.0,8630.0,8550.0,8560.0,553700
2022/08/30,8640.0,8700.0,8590.0,8670.0,334900
2022/08/31,8550.0,8670.0,8550.0,8620.0,589100
2022/09/01,8600.0,8600.0,8470.0,8550.0,537600
2022/09/02,8610.0,8670.0,8520.0,8630.0,652900
2022/09/05,8580.0,8620.0,8540.0,8590.0,249800
2022/09/06,8630.0,8710.0,8580.0,8640.0,349800
2022/09/07,8630.0,8800.0,8590.0,8750.0,774000
2022/09/08,8900.0,9070.0,8850.0,9060.0,854800
2022/09/09,9160.0,9230.0,9080.0,9170.0,966700
2022/09/12,9220.0,9270.0,9150.0,9230.0,405600
2022/09/13,9270.0,9350.0,9240.0,9350.0,494100
2022/09/14,9050.0,9160.0,9040.0,9090.0,767100
2022/09/15,9090.0,9110.0,8950.0,9000.0,725800
2022/09/16,8850.0,8880.0,8600.0,8630.0,1187800
2022/09/20,8740.0,8850.0,8640.0,8640.0,736600
2022/09/21,8520.0,8570.0,8410.0,8430.0,805000
2022/09/22,8380.0,8420.0,8270.0,8350.0,687100
2022/09/26,8100.0,8130.0,7930.0,7980.0,1028800
2022/09/27,8080.0,8150.0,8060.0,8080.0,588100
2022/09/28,8050.0,8130.0,7790.0,7890.0,1040800
2022/09/29,7870.0,7910.0,7770.0,7860.0,693800
2022/09/30,7870.0,7900.0,7740.0,7830.0,1338800
2022/10/03,7880.0,8030.0,7830.0,8000.0,717900
2022/10/04,8150.0,8210.0,8070.0,8160.0,688600
2022/10/05,8180.0,8240.0,8090.0,8200.0,672200
2022/10/06,8230.0,8320.0,8190.0,8260.0,746000
2022/10/07,8140.0,8190.0,8060.0,8170.0,576700
2022/10/11,8050.0,8060.0,7850.0,7890.0,633600
2022/10/12,7810.0,7850.0,7740.0,7780.0,559700
2022/10/13,7780.0,7820.0,7750.0,7750.0,378900
2022/10/14,7900.0,7980.0,7840.0,7960.0,849500
2022/10/17,7810.0,7920.0,7810.0,7920.0,482500
2022/10/18,8100.0,8100.0,7920.0,8050.0,683300
2022/10/19,8060.0,8120.0,8030.0,8040.0,406200
2022/10/20,7960.0,8020.0,7920.0,7970.0,560300
2022/10/21,7900.0,7960.0,7860.0,7890.0,514300
2022/10/24,8010.0,8080.0,7930.0,7950.0,657700
2022/10/25,8040.0,8070.0,8000.0,8040.0,447700
2022/10/26,8070.0,8150.0,8040.0,8070.0,680900
2022/10/27,7770.0,7870.0,7740.0,7830.0,1171800
2022/10/28,7660.0,7770.0,7630.0,7670.0,1863900
2022/10/31,7750.0,7840.0,7730.0,7830.0,728000
2022/11/01,7790.0,7840.0,7760.0,7840.0,507300
2022/11/02,7800.0,7840.0,7770.0,7800.0,476400
2022/11/04,7690.0,7840.0,7690.0,7840.0,781300
2022/11/07,7910.0,7990.0,7890.0,7990.0,575000
2022/11/08,8060.0,8170.0,8010.0,8160.0,674600
2022/11/09,8200.0,8370.0,8180.0,8340.0,836700
2022/11/10,8240.0,8280.0,8200.0,8250.0,640800
2022/11/11,8530.0,8580.0,8450.0,8580.0,1219100
2022/11/14,8570.0,8600.0,8500.0,8560.0,568900
2022/11/15,8560.0,8660.0,8530.0,8550.0,570200
2022/11/16,8510.0,8560.0,8380.0,8520.0,734500
2022/11/17,8580.0,8610.0,8510.0,8590.0,523200
2022/11/18,8620.0,8620.0,8480.0,8510.0,467400
2022/11/21,8520.0,8640.0,8510.0,8640.0,341700
2022/11/22,8680.0,8710.0,8610.0,8650.0,355500
2022/11/24,8710.0,8730.0,8640.0,8720.0,501700
2022/11/25,8750.0,8760.0,8680.0,8690.0,318700
2022/11/28,8780.0,8780.0,8670.0,8740.0,463200
2022/11/29,8650.0,8650.0,8560.0,8570.0,405900
2022/11/30,8530.0,8610.0,8480.0,8610.0,711500
2022/12/01,8720.0,8720.0,8600.0,8650.0,446400
2022/12/02,8540.0,8540.0,8410.0,8450.0,546100
2022/12/05,8450.0,8520.0,8420.0,8440.0,367600
2022/12/06,8390.0,8490.0,8370.0,8420.0,357800
2022/12/07,8380.0,8480.0,8380.0,8400.0,459500
2022/12/08,8390.0,8390.0,8290.0,8330.0,433000
2022/12/09,8240.0,8450.0,8220.0,8410.0,727800
2022/12/12,8430.0,8450.0,8360.0,8430.0,287000
2022/12/13,8460.0,8480.0,8310.0,8340.0,508800
2022/12/14,8330.0,8430.0,8330.0,8430.0,366800
2022/12/15,8330.0,8400.0,8310.0,8400.0,401300
2022/12/16,8260.0,8320.0,8230.0,8300.0,710600
2022/12/19,8300.0,8350.0,8240.0,8270.0,454700
2022/12/20,8290.0,8290.0,7830.0,7890.0,882900
2022/12/21,7890.0,7950.0,7780.0,7820.0,622800
2022/12/22,7890.0,7950.0,7870.0,7950.0,599600
2022/12/23,7800.0,7820.0,7730.0,7750.0,451100
2022/12/26,7790.0,7850.0,7770.0,7820.0,186200
2022/12/27,7880.0,7890.0,7750.0,7760.0,271900
2022/12/28,7700.0,7750.0,7650.0,7730.0,368300
2022/12/29,7670.0,7710.0,7650.0,7700.0,468600
2022/12/30,7780.0,7790.0,7620.0,7650.0,543600
2023/01/04,7600.0,7610.0,7510.0,7530.0,521800
2023/01/05,7590.0,7620.0,7500.0,7550.0,541500
2023/01/06,7550.0,7650.0,7550.0,7620.0,374600
2023/01/10,7700.0,7710.0,7620.0,7700.0,586400
2023/01/11,7740.0,7800.0,7700.0,7770.0,536400
2023/01/12,7820.0,7830.0,7770.0,7790.0,487600
2023/01/13,7740.0,7740.0,7600.0,7680.0,879100
2023/01/16,7600.0,7630.0,7500.0,7550.0,578600
2023/01/17,7570.0,7780.0,7560.0,7740.0,556100
2023/01/18,7770.0,8040.0,7750.0,8030.0,886100
2023/01/19,7910.0,7940.0,7860.0,7880.0,552700
2023/01/20,7850.0,7860.0,7760.0,7840.0,423800
2023/01/23,7920.0,8020.0,7910.0,7960.0,405200
2023/01/24,8060.0,8130.0,8040.0,8060.0,490400
2023/01/25,7980.0,8120.0,7980.0,8110.0,538300
2023/01/26,8180.0,8190.0,8100.0,8160.0,666800
2023/01/27,8100.0,8200.0,7890.0,8120.0,1548600
2023/01/30,8070.0,8340.0,8050.0,8330.0,793300
2023/01/31,8370.0,8420.0,8280.0,8360.0,829300
2023/02/01,8380.0,8420.0,8270.0,8300.0,466200
2023/02/02,8300.0,8320.0,8160.0,8190.0,409000
2023/02/03,8120.0,8250.0,8080.0,8220.0,596900
2023/02/06,8320.0,8400.0,8320.0,8370.0,623600
2023/02/07,8360.0,8460.0,8320.0,8460.0,585200
2023/02/08,8390.0,8480.0,8350.0,8450.0,634900
2023/02/09,8350.0,8540.0,8340.0,8510.0,666800
2023/02/10,8550.0,8590.0,8480.0,8510.0,894600
2023/02/13,8460.0,8490.0,8350.0,8430.0,420000
2023/02/14,8480.0,8530.0,8390.0,8400.0,357600
2023/02/15,8380.0,8430.0,8310.0,8360.0,702600
2023/02/16,8400.0,8470.0,8380.0,8430.0,347800
2023/02/17,8440.0,8470.0,8380.0,8390.0,469500
2023/02/20,8340.0,8390.0,8320.0,8390.0,317200
2023/02/21,8340.0,8440.0,8340.0,8410.0,329700
2023/02/22,8380.0,8410.0,8260.0,8260.0,656100
2023/02/24,8230.0,8330.0,8200.0,8280.0,498400
2023/02/27,8250.0,8250.0,8160.0,8200.0,470900
2023/02/28,8250.0,8270.0,8170.0,8200.0,874500
2023/03/01,8170.0,8410.0,8170.0,8380.0,600700
2023/03/02,8380.0,8430.0,8350.0,8380.0,585600
2023/03/03,8450.0,8590.0,8430.0,8580.0,716100
2023/03/06,8560.0,8700.0,8530.0,8650.0,539100
2023/03/07,8650.0,8750.0,8640.0,8670.0,584400
2023/03/08,8590.0,8780.0,8570.0,8750.0,550200
2023/03/09,8820.0,8870.0,8790.0,8790.0,497200
2023/03/10,8800.0,8820.0,8710.0,8760.0,1100100
2023/03/13,8670.0,8730.0,8620.0,8680.0,569500
2023/03/14,8500.0,8520.0,8370.0,8430.0,712900
2023/03/15,8500.0,8550.0,8450.0,8500.0,522500
2023/03/16,8310.0,8470.0,8310.0,8450.0,654900
2023/03/17,8460.0,8550.0,8380.0,8470.0,971900
2023/03/20,8450.0,8600.0,8420.0,8440.0,601500
2023/03/22,8470.0,8590.0,8460.0,8570.0,704500
2023/03/23,8490.0,8510.0,8430.0,8460.0,544000
2023/03/24,8460.0,8460.0,8350.0,8400.0,512400
2023/03/27,8420.0,8470.0,8340.0,8430.0,449400
2023/03/28,8470.0,8540.0,8450.0,8500.0,391600
2023/03/29,8530.0,8540.0,8430.0,8530.0,626100
2023/03/30,8400.0,8480.0,8380.0,8460.0,631800
2023/03/31,8510.0,8600.0,8500.0,8550.0,951000
2023/04/03,8560.0,8620.0,8440.0,8580.0,679500
2023/04/04,8650.0,8740.0,8570.0,8620.0,737100
2023/04/05,8530.0,8600.0,8420.0,8440.0,612600
2023/04/06,8340.0,8370.0,8240.0,8270.0,680500
2023/04/07,8320.0,8390.0,8320.0,8370.0,350300
2023/04/10,8420.0,8470.0,8360.0,8380.0,363800
2023/04/11,8470.0,8480.0,8380.0,8390.0,624400
2023/04/12,8400.0,8490.0,8390.0,8460.0,457100
2023/04/13,8410.0,8500.0,8390.0,8490.0,471700
2023/04/14,8560.0,8590.0,8450.0,8530.0,787200
2023/04/17,8550.0,8620.0,8520.0,8540.0,425000
2023/04/18,8560.0,8610.0,8490.0,8490.0,552700
2023/04/19,8470.0,8480.0,8370.0,8390.0,588900
2023/04/20,8350.0,8460.0,8350.0,8440.0,465900
2023/04/21,8390.0,8460.0,8380.0,8430.0,537900
2023/04/24,8440.0,8500.0,8400.0,8470.0,462100
2023/04/25,8470.0,8520.0,8360.0,8380.0,564200
2023/04/26,8310.0,8370.0,8210.0,8270.0,785100
2023/04/27,8420.0,8790.0,8420.0,8780.0,1348600
2023/04/28,8750.0,8810.0,8590.0,8760.0,1095100
2023/05/01,8860.0,8950.0,8830.0,8890.0,583900
2023/05/02,8930.0,8950.0,8830.0,8870.0,611500
2023/05/08,8940.0,8960.0,8730.0,8800.0,865000
2023/05/09,8820.0,9000.0,8820.0,8950.0,645100
2023/05/10,8980.0,9190.0,8940.0,9130.0,890900
2023/05/11,9280.0,9470.0,9170.0,9360.0,1106100
2023/05/12,9500.0,9500.0,9350.0,9380.0,999600
2023/05/15,9400.0,9420.0,9290.0,9390.0,506600
2023/05/16,9490.0,9560.0,9460.0,9550.0,761500
2023/05/17,9600.0,9830.0,9570.0,9810.0,983500
2023/05/18,9860.0,9960.0,9820.0,9910.0,692800
2023/05/19,9960.0,10120.0,9910.0,10100.0,921500
2023/05/22,10010.0,10110.0,9970.0,10100.0,721800
2023/05/23,10120.0,10150.0,9950.0,10000.0,683900
2023/05/24,9930.0,9970.0,9810.0,9920.0,632800
2023/05/25,9840.0,10040.0,9840.0,9980.0,689000
2023/05/26,10050.0,10160.0,10000.0,10000.0,754600
2023/05/29,10150.0,10270.0,10050.0,10070.0,755100
2023/05/30,10070.0,10240.0,10060.0,10220.0,546300
2023/05/31,10050.0,10060.0,9910.0,9930.0,1623700
2023/06/01,9950.0,10090.0,9910.0,10040.0,654500
2023/06/02,10050.0,10100.0,9990.0,10050.0,623800
2023/06/05,10235.0,10380.0,10210.0,10365.0,738800
2023/06/06,10335.0,10465.0,10245.0,10415.0,648200
2023/06/07,10490.0,10580.0,10355.0,10395.0,861300
2023/06/08,10395.0,10485.0,10240.0,10320.0,709800
2023/06/09,10495.0,10620.0,10440.0,10615.0,992800
2023/06/12,10615.0,10620.0,10510.0,10535.0,601700
2023/06/13,10555.0,10765.0,10555.0,10715.0,528000
2023/06/14,10840.0,10910.0,10765.0,10830.0,641800
2023/06/15,10895.0,10935.0,10835.0,10840.0,521900
2023/06/16,10785.0,10925.0,10730.0,10875.0,756200
2023/06/19,10920.0,10955.0,10760.0,10785.0,492500
2023/06/20,10720.0,10805.0,10675.0,10750.0,527900
2023/06/21,10615.0,10735.0,10570.0,10655.0,492200
2023/06/22,10710.0,10800.0,10630.0,10630.0,559100
2023/06/23,10685.0,10735.0,10455.0,10560.0,549100
2023/06/26,10515.0,10635.0,10440.0,10535.0,375600
2023/06/27,10575.0,10615.0,10490.0,10540.0,417900
2023/06/28,10675.0,10780.0,10595.0,10760.0,616200
2023/06/29,10790.0,10800.0,10620.0,10640.0,506100
2023/06/30,10680.0,10695.0,10550.0,10630.0,545900
2023/07/03,10710.0,10770.0,10660.0,10690.0,534900
2023/07/04,10610.0,10650.0,10400.0,10470.0,466900
2023/07/05,10400.0,10480.0,10370.0,10425.0,523500
2023/07/06,10370.0,10385.0,10200.0,10260.0,600500
2023/07/07,10200.0,10240.0,10030.0,10040.0,714400
2023/07/10,10050.0,10160.0,10020.0,10070.0,823900
2023/07/11,10125.0,10180.0,9930.0,9963.0,727900
2023/07/12,10045.0,10045.0,9775.0,9825.0,949500
2023/07/13,9891.0,10050.0,9826.0,9953.0,559600
2023/07/14,9903.0,10060.0,9847.0,9847.0,955800
2023/07/18,9960.0,10140.0,9919.0,10035.0,690900
2023/07/19,10140.0,10190.0,10070.0,10125.0,455000
2023/07/20,10145.0,10230.0,10095.0,10115.0,620400
2023/07/21,10095.0,10175.0,10010.0,10135.0,507200
2023/07/24,10330.0,10410.0,10270.0,10285.0,693000
2023/07/25,10280.0,10360.0,10255.0,10360.0,438300
2023/07/26,10410.0,10465.0,10270.0,10300.0,563300
2023/07/27,9690.0,9865.0,9572.0,9832.0,1894600
2023/07/28,9640.0,9795.0,9538.0,9769.0,1392100
2023/07/31,9900.0,10155.0,9858.0,10100.0,942400
2023/08/01,10110.0,10115.0,9924.0,10000.0,651100
2023/08/02,9899.0,10030.0,9831.0,9832.0,601100
2023/08/03,9742.0,9827.0,9684.0,9685.0,558000
2023/08/04,9602.0,9709.0,9544.0,9700.0,562400
2023/08/07,9600.0,9725.0,9569.0,9702.0,406000
2023/08/08,9810.0,9904.0,9750.0,9878.0,589600
2023/08/09,9897.0,9964.0,9825.0,9828.0,512600
2023/08/10,9757.0,9986.0,9732.0,9958.0,652700
2023/08/14,9930.0,10015.0,9718.0,9721.0,514700
2023/08/15,9819.0,9829.0,9679.0,9709.0,415800
2023/08/16,9648.0,9724.0,9615.0,9663.0,418100
2023/08/17,9768.0,9768.0,9571.0,9713.0,487300
2023/08/18,9700.0,9733.0,9648.0,9686.0,328900
2023/08/21,9747.0,9778.0,9654.0,9696.0,355500
2023/08/22,9775.0,9782.0,9671.0,9723.0,332600
2023/08/23,9599.0,9739.0,9539.0,9720.0,449900
2023/08/24,9706.0,9780.0,9641.0,9766.0,492900
2023/08/25,9650.0,9694.0,9608.0,9620.0,403000
2023/08/28,9700.0,9878.0,9684.0,9856.0,418100
2023/08/29,9887.0,9887.0,9802.0,9812.0,496000
2023/08/30,9855.0,9910.0,9797.0,9815.0,467700
2023/08/31,9815.0,9950.0,9790.0,9949.0,1430200
2023/09/01,9949.0,10175.0,9884.0,10085.0,703400
2023/09/04,10110.0,10280.0,10110.0,10240.0,515400
2023/09/05,10265.0,10310.0,10235.0,10300.0,411300
2023/09/06,10300.0,10400.0,10275.0,10335.0,490600
2023/09/07,10335.0,10430.0,10240.0,10265.0,549200
2023/09/08,10315.0,10315.0,10075.0,10140.0,771900
2023/09/11,10150.0,10200.0,10055.0,10070.0,407400
2023/09/12,10110.0,10265.0,10085.0,10250.0,414300
2023/09/13,10260.0,10275.0,10115.0,10140.0,520700
2023/09/14,10270.0,10405.0,10240.0,10365.0,598600
2023/09/15,10560.0,10560.0,9874.0,10150.0,1618800
2023/09/19,10050.0,10185.0,10045.0,10160.0,633800
2023/09/20,10140.0,10285.0,10110.0,10215.0,598700
2023/09/21,10150.0,10255.0,10105.0,10125.0,685100
2023/09/22,10010.0,10220.0,10005.0,10165.0,479800
2023/09/25,10250.0,10260.0,10145.0,10180.0,376900
2023/09/26,10165.0,10175.0,9995.0,10090.0,420400
2023/09/27,10000.0,10130.0,9991.0,10130.0,606700
2023/09/28,9940.0,9965.0,9778.0,9846.0,835900
2023/09/29,9762.0,9845.0,9612.0,9808.0,1441300
2023/10/02,9860.0,10015.0,9685.0,9685.0,575300
2023/10/03,9630.0,9670.0,9475.0,9536.0,656000
2023/10/04,9463.0,9497.0,9309.0,9317.0,713600
2023/10/05,9353.0,9532.0,9318.0,9532.0,580600
2023/10/06,9500.0,9582.0,9462.0,9462.0,439800
2023/10/10,9602.0,9770.0,9560.0,9732.0,616300
2023/10/11,9806.0,9829.0,9717.0,9752.0,576600
2023/10/12,9800.0,10060.0,9786.0,10015.0,729100
2023/10/13,9871.0,9897.0,9767.0,9817.0,687000
2023/10/16,9707.0,9752.0,9576.0,9623.0,432300
2023/10/17,9668.0,9752.0,9617.0,9695.0,474100
2023/10/18,9700.0,9718.0,9609.0,9675.0,410300
2023/10/19,9500.0,9581.0,9454.0,9463.0,555000
2023/10/20,9421.0,9479.0,9320.0,9414.0,447100
2023/10/23,9416.0,9441.0,9347.0,9348.0,542600
2023/10/24,9348.0,9424.0,9146.0,9378.0,603700
2023/10/25,9379.0,9484.0,9363.0,9462.0,655700
2023/10/26,9320.0,9431.0,9283.0,9300.0,659100
2023/10/27,9600.0,9723.0,9470.0,9558.0,1204100
2023/10/30,9453.0,9789.0,9400.0,9766.0,2496100
2023/10/31,9809.0,9822.0,9548.0,9683.0,779500
2023/11/01,9958.0,10090.0,9892.0,9917.0,659500
2023/11/02,10050.0,10120.0,9957.0,9963.0,534700
2023/11/06,10115.0,10220.0,10090.0,10220.0,532300
2023/11/07,10180.0,10215.0,10005.0,10035.0,465500
2023/11/08,10180.0,10275.0,10150.0,10220.0,570800
2023/11/09,10300.0,10375.0,10265.0,10270.0,483200
2023/11/10,10195.0,10380.0,10165.0,10345.0,617700
2023/11/13,10450.0,10475.0,10355.0,10400.0,375500
2023/11/14,10450.0,10495.0,10370.0,10455.0,391000
2023/11/15,10575.0,10640.0,10505.0,10635.0,632800
2023/11/16,10545.0,10635.0,10480.0,10600.0,394100
2023/11/17,10655.0,10740.0,10580.0,10715.0,389700
2023/11/20,10715.0,10825.0,10600.0,10615.0,483300
2023/11/21,10615.0,10645.0,10480.0,10505.0,394700
2023/11/22,10365.0,10575.0,10365.0,10575.0,244700
2023/11/24,10605.0,10720.0,10590.0,10645.0,378000
2023/11/27,10660.0,10670.0,10485.0,10565.0,277400
2023/11/28,10585.0,10620.0,10465.0,10495.0,370800
2023/11/29,10380.0,10455.0,10365.0,10405.0,440700
2023/11/30,10350.0,10540.0,10310.0,10515.0,867700
2023/12/01,10520.0,10650.0,10515.0,10585.0,449400
2023/12/04,10510.0,10510.0,10290.0,10340.0,536600
2023/12/05,10280.0,10370.0,10225.0,10235.0,464400
2023/12/06,10285.0,10405.0,10210.0,10385.0,497000
2023/12/07,10420.0,10500.0,10220.0,10280.0,620800
2023/12/08,10150.0,10250.0,9923.0,10025.0,1088900
2023/12/11,10170.0,10215.0,10095.0,10125.0,525700
2023/12/12,10220.0,10280.0,10145.0,10195.0,400400
2023/12/13,10255.0,10280.0,10035.0,10065.0,489800
2023/12/14,9900.0,9977.0,9725.0,9844.0,745200
2023/12/15,9871.0,10020.0,9870.0,9931.0,561400
2023/12/18,9922.0,9992.0,9783.0,9979.0,639400
2023/12/19,10060.0,10270.0,10015.0,10270.0,571500
2023/12/20,10270.0,10720.0,10230.0,10610.0,910000
2023/12/21,10505.0,10550.0,10405.0,10485.0,533200
2023/12/22,10495.0,10560.0,10410.0,10560.0,369300
2023/12/25,10675.0,10675.0,10460.0,10460.0,169200
2023/12/26,10500.0,10545.0,10435.0,10480.0,175800
2023/12/27,10565.0,10690.0,10540.0,10655.0,546300
2023/12/28,10530.0,10640.0,10530.0,10530.0,267100
2023/12/29,10515.0,10710.0,10490.0,10550.0,475300
2024/01/04,10515.0,10740.0,10430.0,10740.0,643100
2024/01/05,10640.0,10835.0,10640.0,10700.0,552000
2024/01/09,10775.0,10825.0,10430.0,10585.0,863500
2024/01/10,10640.0,10875.0,10630.0,10825.0,761800
2024/01/11,10950.0,11165.0,10915.0,11020.0,765800
2024/01/12,11545.0,11545.0,11080.0,11210.0,897300
2024/01/15,11150.0,11360.0,11100.0,11300.0,468500
2024/01/16,11330.0,11370.0,11225.0,11250.0,462900
2024/01/17,11465.0,11585.0,11215.0,11250.0,647600
2024/01/18,11150.0,11240.0,10920.0,11015.0,632700
2024/01/19,11100.0,11195.0,11040.0,11140.0,430400
2024/01/22,11345.0,11385.0,11220.0,11370.0,377700
2024/01/23,11370.0,11615.0,11365.0,11415.0,609900
2024/01/24,11345.0,11385.0,11150.0,11245.0,534400
2024/01/25,11230.0,11355.0,11145.0,11350.0,410300
2024/01/26,11245.0,11390.0,11210.0,11255.0,506100
2024/01/29,11700.0,12025.0,11495.0,11840.0,1282600
2024/01/30,11825.0,12325.0,11720.0,12255.0,952800
2024/01/31,12230.0,12390.0,12175.0,12310.0,907500
2024/02/01,12320.0,12785.0,12305.0,12775.0,1001800
2024/02/02,12865.0,12875.0,12590.0,12770.0,709000
2024/02/05,12875.0,12920.0,12575.0,12670.0,726100
2024/02/06,12670.0,12805.0,12610.0,12735.0,696800
2024/02/07,12435.0,12945.0,12400.0,12860.0,639100
2024/02/08,12875.0,13130.0,12825.0,12990.0,764900
2024/02/09,13125.0,13165.0,12985.0,12995.0,669500
2024/02/13,12995.0,13260.0,12930.0,13195.0,532500
2024/02/14,13260.0,13380.0,13135.0,13215.0,640100
2024/02/15,14330.0,14385.0,13800.0,13940.0,866300
2024/02/16,13960.0,14290.0,13870.0,14170.0,736400
2024/02/19,14135.0,14175.0,14025.0,14045.0,339800
2024/02/20,14000.0,14065.0,13735.0,13850.0,650200
2024/02/21,13775.0,14045.0,13705.0,13880.0,575800
2024/02/22,13970.0,14075.0,13700.0,13985.0,644000
2024/02/26,14145.0,14270.0,13860.0,13955.0,536800
2024/02/27,13820.0,14030.0,13770.0,13830.0,546000
2024/02/28,13890.0,13910.0,13680.0,13835.0,597100
2024/02/29,13700.0,13835.0,13585.0,13750.0,1376200
2024/03/01,13705.0,14120.0,13700.0,14000.0,602700
2024/03/04,14115.0,14275.0,14015.0,14065.0,509500
2024/03/05,13930.0,14085.0,13885.0,13990.0,665100
2024/03/06,13885.0,13955.0,13825.0,13900.0,713900
2024/03/07,13940.0,14050.0,13655.0,13725.0,653800
2024/03/08,13725.0,13945.0,13725.0,13830.0,998200
2024/03/11,13730.0,13735.0,13505.0,13590.0,672700
2024/03/12,13595.0,13755.0,13480.0,13710.0,606000
2024/03/13,13830.0,13920.0,13670.0,13860.0,520400
2024/03/14,13875.0,13875.0,13525.0,13645.0,507500
2024/03/15,13630.0,13810.0,13575.0,13745.0,572300
2024/03/18,13875.0,14120.0,13805.0,14085.0,491300
2024/03/19,14015.0,14345.0,13925.0,14345.0,555800
2024/03/21,14430.0,14445.0,14185.0,14320.0,661000
2024/03/22,14325.0,14415.0,14270.0,14380.0,578600
2024/03/25,14415.0,14430.0,14150.0,14150.0,395400
2024/03/26,14040.0,14260.0,13990.0,14160.0,510500
2024/03/28,14000,14115,13720,13775,908900
2024/03/29,13755,13865,13750,13780,805500
2024/04/01,13980,13990,13515,13620,452700
2024/04/02,13620,13920,13610,13865,466400
2024/04/03,13865,13900,13690,13780,509100
