date,open,high,low,close,volume
2014/09/11,,,,,0
2014/09/12,467.0,517.0,467.0,517.0,652000
2014/09/16,522.0,528.5,467.0,467.0,479300
2014/09/17,442.0,453.0,422.7,424.7,1068700
2014/09/18,426.7,440.0,411.7,412.2,558500
2014/09/19,417.0,431.0,412.0,416.2,437300
2014/09/22,416.0,419.7,399.2,403.5,165300
2014/09/24,405.0,411.0,396.0,409.2,110000
2014/09/25,417.7,444.5,413.2,425.0,667600
2014/09/26,426.0,460.0,423.2,460.0,539600
2014/09/29,470.0,473.5,433.0,433.0,393900
2014/09/30,428.0,429.0,416.5,420.0,122500
2014/10/01,422.5,442.0,418.5,427.2,204300
2014/10/02,414.5,421.0,411.7,412.2,82600
2014/10/03,415.7,428.5,412.5,427.5,52200
2014/10/06,443.5,462.5,433.0,448.0,515000
2014/10/07,453.0,498.0,446.0,493.0,968800
2014/10/08,488.5,543.0,476.0,543.0,1169300
2014/10/09,580.5,618.0,517.0,533.5,2083200
2014/10/10,566.5,572.0,482.0,499.5,1047900
2014/10/14,484.5,496.0,461.0,467.5,429200
2014/10/15,472.5,501.5,441.5,449.5,359600
2014/10/16,451.5,484.0,449.5,473.5,434900
2014/10/17,482.0,490.5,446.5,449.0,208300
2014/10/20,469.0,479.0,456.0,462.5,366800
2014/10/21,463.0,496.0,461.0,482.5,412200
2014/10/22,501.0,532.5,497.5,532.5,669500
2014/10/23,536.0,607.5,521.5,607.5,2005100
2014/10/24,637.5,681.5,581.5,588.5,2548400
2014/10/27,585.5,591.5,535.5,543.5,509100
2014/10/28,549.0,618.5,546.0,618.5,896000
2014/10/29,663.5,693.5,602.5,630.5,1669100
2014/10/30,645.5,705.5,641.0,705.5,2523300
2014/10/31,660.5,701.0,571.0,581.5,1647400
2014/11/04,604.0,637.5,590.0,612.5,554900
2014/11/05,633.5,687.5,620.0,687.5,1182200
2014/11/06,753.5,837.5,722.5,813.5,2121400
2014/11/07,788.5,800.5,747.0,783.5,1002700
2014/11/10,758.5,841.5,746.0,774.5,709400
2014/11/11,759.5,811.0,741.5,761.5,505700
2014/11/12,783.5,867.5,749.0,786.0,1074600
2014/11/13,814.0,840.0,778.5,797.0,451600
2014/11/14,808.5,823.0,785.5,798.5,179700
2014/11/17,774.0,779.0,713.5,722.5,203000
2014/11/18,728.0,742.5,677.5,695.5,239100
2014/11/19,694.0,706.0,668.5,678.0,106800
2014/11/20,702.0,713.5,680.0,690.5,181800
2014/11/21,683.5,695.0,662.5,695.0,118300
2014/11/25,704.0,727.0,693.0,718.5,163500
2014/11/26,703.5,788.5,701.0,733.5,469800
2014/11/27,738.5,773.5,703.5,712.0,280400
2014/11/28,726.0,758.5,711.0,752.5,284100
2014/12/01,766.0,860.5,759.0,826.5,926100
2014/12/02,836.0,853.5,792.5,808.5,410200
2014/12/03,823.5,845.0,733.0,743.0,433000
2014/12/04,741.5,763.0,738.5,759.5,152800
2014/12/05,766.0,772.0,729.5,742.0,107400
2014/12/08,728.5,732.0,673.5,678.5,146100
2014/12/09,663.5,679.0,632.5,641.0,132100
2014/12/10,641.0,672.5,634.0,661.5,155500
2014/12/11,646.5,663.5,644.0,646.5,61100
2014/12/12,653.5,663.5,630.0,638.5,54200
2014/12/15,630.0,656.0,604.0,623.5,111300
2014/12/16,697.5,698.0,661.0,676.0,176300
2014/12/17,683.5,709.0,674.0,678.0,83200
2014/12/18,690.5,753.0,686.5,753.0,267200
2014/12/19,778.5,809.5,728.5,747.5,287800
2014/12/22,757.5,764.0,730.0,738.0,78200
2014/12/24,744.0,747.0,699.0,722.5,101500
2014/12/25,713.5,716.0,689.0,691.0,54300
2014/12/26,703.5,713.5,660.7,678.7,173500
2014/12/29,687.2,691.0,656.0,667.2,121400
2014/12/30,667.2,668.0,651.0,656.0,135600
2015/01/05,647.2,701.0,643.5,691.0,267500
2015/01/06,656.0,672.2,653.5,661.5,150800
2015/01/07,656.5,661.2,649.7,650.0,79100
2015/01/08,651.0,657.2,636.5,638.5,83800
2015/01/09,633.5,637.0,602.5,613.5,125100
2015/01/13,623.5,638.7,608.5,637.0,62300
2015/01/14,612.2,638.5,612.2,621.0,56600
2015/01/15,601.0,613.5,583.5,593.5,94100
2015/01/16,587.2,593.2,572.0,574.2,130300
2015/01/19,579.0,588.5,572.5,577.0,46100
2015/01/20,573.0,574.0,552.2,563.0,132300
2015/01/21,563.0,580.7,560.0,570.5,53500
2015/01/22,567.2,567.2,552.2,553.5,91800
2015/01/23,566.0,566.0,553.5,557.2,47200
2015/01/26,557.2,561.0,553.5,556.2,52300
2015/01/27,556.0,573.5,556.0,572.0,95000
2015/01/28,628.5,636.0,599.2,618.7,499900
2015/01/29,591.2,612.2,591.0,593.7,92100
2015/01/30,591.2,599.5,582.2,583.7,44200
2015/02/02,628.5,665.2,616.2,640.7,421300
2015/02/03,668.2,673.2,628.5,653.5,337500
2015/02/04,643.7,753.5,628.7,643.5,1692800
2015/02/05,631.0,633.5,575.7,624.2,577800
2015/02/06,623.5,637.7,603.5,609.7,115500
2015/02/09,611.0,619.2,591.2,605.7,82900
2015/02/10,607.2,629.2,607.2,623.7,99800
2015/02/12,623.7,646.0,616.0,645.0,121400
2015/02/13,666.0,668.5,627.0,628.2,351300
2015/02/16,618.5,628.2,604.0,609.7,82800
2015/02/17,609.7,616.2,596.5,599.5,91100
2015/02/18,599.5,600.5,574.7,582.5,136100
2015/02/19,584.7,587.0,579.2,581.0,51600
2015/02/20,586.0,586.0,580.2,582.0,48000
2015/02/23,585.7,598.5,581.7,593.5,45100
2015/02/24,592.0,622.5,592.0,621.2,135400
2015/02/25,615.7,620.0,602.7,610.0,68700
2015/02/26,623.5,642.2,618.7,633.5,148600
2015/02/27,642.2,645.5,627.2,631.0,55400
2015/03/02,631.0,632.2,617.5,621.2,42300
2015/03/03,617.5,617.7,598.5,606.0,56900
2015/03/04,599.2,609.2,595.5,603.5,24200
2015/03/05,603.0,621.0,599.7,615.5,36000
2015/03/06,623.2,628.0,613.7,625.5,32800
2015/03/09,626.0,626.0,607.2,611.2,56400
2015/03/10,628.5,638.5,617.2,625.7,132900
2015/03/11,618.5,636.0,617.5,636.0,129900
2015/03/12,640.5,676.0,638.7,676.0,270100
2015/03/13,686.0,688.2,634.0,645.7,205200
2015/03/16,638.5,641.7,616.2,627.0,125500
2015/03/17,629.0,648.2,628.5,632.2,69400
2015/03/18,629.7,634.7,616.2,625.5,86700
2015/03/19,619.2,620.0,601.2,604.2,145600
2015/03/20,599.7,610.5,594.7,608.2,51700
2015/03/23,608.5,610.7,603.7,606.0,27900
2015/03/24,604.7,608.5,597.5,601.0,32400
2015/03/25,603.0,615.7,602.2,615.0,33900
2015/03/26,603.7,605.0,596.0,596.0,52000
2015/03/27,595.0,598.2,587.0,588.5,73000
2015/03/30,592.5,606.5,587.2,604.7,46000
2015/03/31,607.2,615.0,602.7,611.7,47200
2015/04/01,614.0,614.5,596.7,603.5,34800
2015/04/02,596.5,607.7,596.2,601.7,31500
2015/04/03,606.0,623.7,604.2,617.0,77300
2015/04/06,623.5,639.0,621.0,636.7,83400
2015/04/07,639.7,640.7,619.5,623.0,51900
2015/04/08,616.7,628.0,614.0,624.0,32700
2015/04/09,626.0,665.5,626.0,655.5,162900
2015/04/10,653.5,657.2,639.7,653.5,72200
2015/04/13,658.5,677.5,651.0,672.2,96300
2015/04/14,669.0,701.2,668.7,692.2,136400
2015/04/15,689.7,689.7,667.2,673.0,84100
2015/04/16,675.7,686.0,654.7,662.2,65000
2015/04/17,659.7,672.5,657.2,658.5,42900
2015/04/20,658.5,664.2,643.5,652.2,68000
2015/04/21,653.7,663.2,653.7,658.7,29000
2015/04/22,658.7,673.5,653.5,673.5,53000
2015/04/23,691.0,696.0,667.5,676.5,83000
2015/04/24,675.2,676.2,661.0,668.2,25900
2015/04/27,668.2,689.7,668.2,678.0,56100
2015/04/28,671.7,673.7,666.0,672.0,28300
2015/04/30,662.0,668.5,653.5,658.7,43600
2015/05/01,658.5,659.5,630.5,632.7,85700
2015/05/07,622.7,629.7,621.0,627.2,32600
2015/05/08,623.5,641.0,621.5,638.2,12100
2015/05/11,644.2,644.2,629.7,629.7,17000
2015/05/12,625.5,637.5,625.5,632.0,20700
2015/05/13,592.0,609.5,592.0,602.0,123800
2015/05/14,599.0,603.7,581.5,587.2,109900
2015/05/15,587.5,598.5,586.0,589.7,36900
2015/05/18,587.5,589.2,581.0,582.2,49600
2015/05/19,579.0,585.5,567.5,578.5,66300
2015/05/20,585.7,591.0,579.5,585.5,40400
2015/05/21,595.5,613.0,588.2,601.7,83700
2015/05/22,596.0,599.0,591.0,596.5,24600
2015/05/25,597.2,603.5,593.0,596.0,31400
2015/05/26,591.5,592.7,566.0,581.0,205000
2015/05/27,581.0,582.0,573.5,573.5,41100
2015/05/28,571.0,578.0,568.5,568.7,42800
2015/05/29,570.0,591.0,570.0,576.7,129400
2015/06/01,587.2,594.0,583.5,588.0,93000
2015/06/02,595.0,595.7,585.0,585.0,42800
2015/06/03,578.5,588.5,578.5,585.0,47600
2015/06/04,584.7,588.2,579.7,587.0,30100
2015/06/05,587.0,593.5,587.0,590.0,24300
2015/06/08,616.0,643.5,611.2,623.2,405200
2015/06/09,623.2,623.2,606.2,610.5,91400
2015/06/10,615.7,617.2,600.2,603.5,56100
2015/06/11,603.5,605.7,594.0,596.0,48100
2015/06/12,598.5,607.7,597.7,606.0,37300
2015/06/15,598.2,612.5,598.2,607.2,42600
2015/06/16,611.0,624.2,608.0,609.2,68600
2015/06/17,618.0,618.0,604.7,609.0,35300
2015/06/18,601.0,605.0,588.5,590.0,76600
2015/06/19,591.0,603.2,591.0,601.0,46000
2015/06/22,603.5,617.0,600.5,616.0,185100
2015/06/23,611.0,617.5,607.2,609.5,97100
2015/06/24,616.0,622.7,612.2,620.5,100300
2015/06/25,614.0,622.2,604.2,605.5,74800
2015/06/26,600.0,604.5,593.5,599.0,53000
2015/06/29,579.7,589.0,571.7,575.2,97500
2015/06/30,575.2,578.0,567.0,568.5,79400
2015/07/01,570.5,577.2,567.5,577.0,52700
2015/07/02,583.5,588.0,578.5,578.5,48500
2015/07/03,581.7,583.2,572.5,575.2,49600
2015/07/06,574.7,583.5,569.5,574.7,79100
2015/07/07,578.5,591.0,577.7,583.5,65600
2015/07/08,581.5,587.0,566.2,566.5,84400
2015/07/09,553.5,576.0,529.7,561.2,86800
2015/07/10,561.5,566.0,551.0,551.0,66100
2015/07/13,556.2,565.2,552.5,553.2,38700
2015/07/14,563.2,564.7,553.5,560.5,61100
2015/07/15,560.5,562.2,554.7,555.0,36600
2015/07/16,558.5,560.7,551.2,554.7,45300
2015/07/17,554.7,555.0,551.5,552.5,41200
2015/07/21,554.2,561.5,552.2,554.7,88700
2015/07/22,556.0,563.0,554.7,563.0,63200
2015/07/23,570.5,602.7,567.7,602.7,173800
2015/07/24,602.7,613.5,592.5,613.2,220700
2015/07/27,608.7,612.2,600.0,602.2,71800
2015/07/28,590.2,611.2,585.5,603.7,95000
2015/07/29,611.0,626.0,604.2,624.5,216000
2015/07/30,603.2,603.2,567.2,572.2,343500
2015/07/31,579.0,589.0,579.0,586.2,102000
2015/08/03,590.5,590.5,567.2,570.2,62200
2015/08/04,559.0,563.7,553.5,554.5,86100
2015/08/05,546.5,553.5,542.5,550.2,48900
2015/08/06,554.7,555.0,548.7,548.7,37800
2015/08/07,553.5,554.0,548.5,550.5,26300
2015/08/10,553.5,553.7,549.0,551.0,17800
2015/08/11,551.0,552.5,548.5,551.2,22500
2015/08/12,551.0,554.7,548.0,553.0,29700
2015/08/13,560.5,561.2,536.2,540.7,79400
2015/08/14,542.2,544.7,538.5,541.0,24600
2015/08/17,541.0,543.5,518.7,519.5,68400
2015/08/18,519.2,530.7,519.2,530.5,26300
2015/08/19,531.2,536.5,523.2,530.0,22400
2015/08/20,525.0,525.5,522.2,522.7,18100
2015/08/21,500.0,507.5,492.5,497.5,62200
2015/08/24,452.5,477.0,431.2,440.2,352100
2015/08/25,417.7,459.7,399.7,427.7,160500
2015/08/26,431.0,450.7,428.0,444.0,74800
2015/08/27,449.7,465.2,449.7,457.5,63000
2015/08/28,471.7,490.0,461.5,490.0,64600
2015/08/31,470.7,490.7,470.7,479.7,44500
2015/09/01,479.7,482.2,458.5,459.2,42200
2015/09/02,451.0,467.2,450.0,458.0,27000
2015/09/03,471.0,471.2,463.5,467.0,15400
2015/09/04,464.5,469.5,441.7,450.2,46100
2015/09/07,429.7,465.7,429.7,464.0,37100
2015/09/08,456.5,468.5,441.0,462.2,26500
2015/09/09,468.2,473.5,464.7,471.5,33900
2015/09/10,470.0,491.0,466.2,491.0,33700
2015/09/11,492.2,516.0,485.0,515.7,76500
2015/09/14,514.2,515.0,505.2,510.0,29400
2015/09/15,513.5,514.5,504.7,511.0,26200
2015/09/16,501.5,508.2,491.0,500.0,36300
2015/09/17,503.5,532.7,498.7,532.7,86400
2015/09/18,536.0,553.5,529.7,548.2,83000
2015/09/24,533.2,551.7,529.7,547.5,21600
2015/09/25,540.0,557.0,533.5,554.2,54900
2015/09/28,563.5,600.5,561.0,588.0,127900
2015/09/29,578.5,596.0,566.2,593.5,102000
2015/09/30,606.0,623.5,601.2,620.7,130500
2015/10/01,622.5,627.2,609.7,621.7,93500
2015/10/02,618.5,623.2,612.2,622.2,43700
2015/10/05,623.5,625.2,611.7,617.2,39300
2015/10/06,616.0,628.5,613.5,628.5,73500
2015/10/07,626.0,637.7,616.7,622.0,62600
2015/10/08,623.7,629.5,605.5,626.7,48000
2015/10/09,616.7,631.0,614.7,628.5,41600
2015/10/13,631.0,640.7,629.0,640.7,55900
2015/10/14,638.2,638.2,618.5,623.7,35000
2015/10/15,616.2,640.7,614.7,640.7,52300
2015/10/16,633.5,653.0,633.5,650.7,57600
2015/10/19,650.7,650.7,641.5,644.0,19100
2015/10/20,634.7,647.7,615.0,615.0,51100
2015/10/21,618.5,622.2,598.5,603.5,47000
2015/10/22,603.0,613.2,603.0,609.7,18400
2015/10/23,608.5,615.2,607.2,613.2,13200
2015/10/26,608.7,614.7,606.7,607.0,17000
2015/10/27,607.2,622.5,607.2,609.2,39500
2015/10/28,619.2,619.2,609.7,609.7,17000
2015/10/29,615.5,616.0,607.2,611.0,27900
2015/10/30,616.0,623.5,578.7,592.5,47000
2015/11/02,578.0,604.7,576.0,603.5,28700
2015/11/04,611.0,611.0,597.2,600.7,18200
2015/11/05,590.7,591.0,575.5,575.7,19700
2015/11/06,576.0,580.7,565.0,572.5,21600
2015/11/09,572.7,590.0,572.7,588.7,10400
2015/11/10,587.2,595.5,587.2,591.5,19200
2015/11/11,597.2,601.0,593.2,595.5,12200
2015/11/12,595.5,601.0,594.5,594.7,35900
2015/11/13,607.5,620.5,605.5,619.2,53900
2015/11/16,617.2,627.7,611.0,621.2,36300
2015/11/17,627.7,627.7,616.2,622.0,16600
2015/11/18,621.5,621.5,610.5,611.2,15500
2015/11/19,611.5,613.7,605.0,607.2,11300
2015/11/20,609.0,614.2,609.0,614.0,7500
2015/11/24,614.5,618.5,613.5,618.2,25500
2015/11/25,624.7,636.0,621.2,634.2,85700
2015/11/26,643.5,671.0,643.5,665.0,198600
2015/11/27,674.7,678.0,646.2,650.5,153800
2015/11/30,678.5,687.5,664.5,664.5,129800
2015/12/01,664.7,670.0,641.0,648.0,69400
2015/12/02,641.2,657.2,637.0,639.7,65800
2015/12/03,636.2,637.2,618.5,631.5,70600
2015/12/04,618.7,631.5,617.0,621.0,42800
2015/12/07,619.0,632.5,617.2,626.2,58400
2015/12/08,619.7,626.2,618.5,618.5,28500
2015/12/09,611.0,612.5,603.2,610.7,39100
2015/12/10,608.2,609.5,600.5,601.0,41300
2015/12/11,600.2,614.7,600.0,612.7,53700
2015/12/14,608.5,610.7,586.0,597.0,71000
2015/12/15,614.2,614.2,586.0,587.5,37600
2015/12/16,593.5,597.7,586.0,587.0,29400
2015/12/17,594.7,627.0,592.2,608.2,80400
2015/12/18,603.5,626.0,603.5,618.0,71200
2015/12/21,612.2,638.5,607.0,638.5,56700
2015/12/22,641.0,646.2,630.5,634.7,59000
2015/12/24,636.0,645.5,624.7,630.7,64900
2015/12/25,630.5,633.5,626.0,629.0,31200
2015/12/28,627.7,641.5,621.0,634.7,36700
2015/12/29,633.5,639.2,628.7,634.7,19000
2015/12/30,634.7,641.0,633.5,636.2,26300
2016/01/04,636.2,640.2,611.7,621.0,45200
2016/01/05,621.0,624.2,617.2,623.5,15300
2016/01/06,628.5,641.0,628.5,638.5,43600
2016/01/07,640.5,640.5,626.0,630.0,30800
2016/01/08,643.5,663.2,638.0,650.5,110800
2016/01/12,660.7,664.5,628.5,638.7,94700
2016/01/13,653.5,703.5,646.2,703.5,264500
2016/01/14,716.0,753.5,668.7,694.0,512900
2016/01/15,706.5,711.0,623.7,627.7,275600
2016/01/18,605.2,619.2,596.0,615.2,98700
2016/01/19,610.2,629.2,602.7,623.2,111500
2016/01/20,628.7,638.5,602.0,602.7,136800
2016/01/21,601.5,620.0,577.7,580.5,119800
2016/01/22,591.2,606.0,586.7,601.2,57700
2016/01/25,615.2,632.7,604.0,628.7,85800
2016/01/26,613.7,638.0,611.0,621.5,38400
2016/01/27,636.0,636.0,623.5,629.5,31700
2016/01/28,626.0,647.7,626.0,630.2,52300
2016/01/29,628.5,660.0,619.7,650.5,123200
2016/02/01,670.5,691.0,653.5,691.0,136100
2016/02/02,675.7,677.7,666.0,670.7,67200
2016/02/03,654.0,656.0,636.0,652.0,62400
2016/02/04,647.5,657.0,642.2,653.5,20200
2016/02/05,642.2,651.0,636.0,651.0,38100
2016/02/08,643.7,677.2,643.7,674.5,62800
2016/02/09,647.7,657.0,627.7,636.7,65800
2016/02/10,646.7,650.7,616.2,616.2,54900
2016/02/12,606.2,616.0,571.0,614.2,88700
2016/02/15,633.5,641.0,579.7,598.7,144900
2016/02/16,603.5,613.5,569.5,569.5,131000
2016/02/17,586.0,605.5,571.2,592.7,154600
2016/02/18,612.7,612.7,587.0,588.5,172300
2016/02/19,581.0,584.5,574.5,578.0,76900
2016/02/22,571.7,582.0,566.0,574.7,105600
2016/02/23,579.7,593.5,578.0,578.0,59400
2016/02/24,577.5,591.7,572.2,591.0,61500
2016/02/25,608.0,616.7,603.7,611.5,102100
2016/02/26,615.7,619.7,595.2,603.2,43500
2016/02/29,618.5,634.0,616.7,628.5,87800
2016/03/01,633.5,648.7,633.5,642.2,99800
2016/03/02,651.0,657.2,646.5,656.0,78000
2016/03/03,658.5,667.5,652.5,665.7,116200
2016/03/04,657.5,682.2,657.5,682.0,107700
2016/03/07,688.5,689.5,671.2,676.7,66300
2016/03/08,676.2,679.2,651.0,665.2,69700
2016/03/09,648.7,651.0,641.7,641.7,54400
2016/03/10,654.7,710.5,654.7,706.0,192900
2016/03/11,695.5,731.0,690.0,725.5,164700
2016/03/14,753.5,768.5,735.0,768.5,235400
2016/03/15,791.0,873.5,783.0,853.0,512900
2016/03/16,829.5,858.5,828.7,857.2,136400
2016/03/17,846.0,882.2,841.0,853.7,131800
2016/03/18,845.7,879.7,831.5,847.2,145400
2016/03/22,872.2,907.5,862.5,867.2,232000
2016/03/23,871.0,918.5,858.7,858.7,191200
2016/03/24,847.5,858.5,833.5,838.5,102200
2016/03/25,858.5,887.5,856.5,878.2,137200
2016/03/28,923.5,926.2,871.7,884.0,149400
2016/03/29,907.5,991.0,897.5,972.2,311800
2016/03/30,977.2,1064.7,977.2,1032.2,313700
2016/03/31,1049.7,1089.7,1011.0,1023.5,170400
2016/04/01,988.5,1048.5,954.7,977.2,146000
2016/04/04,951.0,1002.2,936.0,996.0,129500
2016/04/05,1004.7,1019.7,891.5,952.2,130700
2016/04/06,928.2,992.2,924.5,988.5,95200
2016/04/07,997.2,1041.0,953.5,958.5,134900
2016/04/08,941.0,1023.5,941.0,1014.7,110800
2016/04/11,1017.2,1068.5,971.0,1063.5,317000
2016/04/12,1116.0,1116.0,1043.5,1072.2,164900
2016/04/13,1072.2,1088.5,1058.5,1062.2,92600
2016/04/14,1069.7,1073.5,1033.5,1046.0,83500
2016/04/15,1029.7,1068.5,1028.5,1037.2,76400
2016/04/18,1031.0,1072.2,1018.5,1052.2,87700
2016/04/19,1058.5,1096.0,1029.7,1096.0,206800
2016/04/20,1166.0,1196.0,1121.0,1176.0,250600
2016/04/21,1199.7,1256.0,1191.0,1216.0,222600
2016/04/22,1216.0,1216.0,1159.7,1171.0,191500
2016/04/25,1171.0,1171.0,1101.0,1104.7,147700
2016/04/26,1037.2,1072.2,1034.7,1054.7,513300
2016/04/27,1061.0,1098.5,1041.0,1086.0,219600
2016/04/28,1092.2,1108.5,1028.5,1083.5,194800
2016/05/02,1048.5,1107.2,1048.5,1098.5,124100
2016/05/06,1116.0,1119.7,1032.2,1077.2,176700
2016/05/09,1017.2,1034.7,921.2,1011.0,546400
2016/05/10,1011.0,1029.7,977.2,1019.7,141900
2016/05/11,1024.7,1068.5,1009.7,1029.7,71600
2016/05/12,1007.2,1038.5,958.5,977.2,89800
2016/05/13,953.5,1006.0,928.0,998.5,133600
2016/05/16,978.5,1011.0,963.5,981.0,98300
2016/05/17,963.5,1026.0,963.5,1011.0,62400
2016/05/18,1002.2,1056.0,993.5,1034.7,189400
2016/05/19,1046.0,1061.0,1002.2,1004.7,84900
2016/05/20,1004.7,1019.7,973.5,983.5,60300
2016/05/23,983.5,1007.2,969.7,997.2,67700
2016/05/24,1003.5,1004.7,953.5,953.5,60700
2016/05/25,966.0,973.5,953.5,954.7,36400
2016/05/26,944.7,966.0,928.5,933.5,65100
2016/05/27,933.5,974.7,933.5,956.0,69900
2016/05/30,958.5,1012.2,941.0,1012.2,98300
2016/05/31,1036.0,1076.0,1016.0,1073.5,172600
2016/06/01,1064.7,1067.2,1027.2,1056.0,115000
2016/06/02,1032.2,1048.5,968.5,983.5,109300
2016/06/03,993.5,1029.7,983.5,1022.2,42500
2016/06/06,1018.5,1024.7,982.2,988.5,36900
2016/06/07,993.5,1008.5,966.0,998.5,68000
2016/06/08,1003.5,1021.0,987.2,991.0,39300
2016/06/09,986.0,1032.2,986.0,1006.0,52200
2016/06/10,1021.0,1021.0,999.7,999.7,22700
2016/06/13,983.5,991.0,963.5,963.5,52800
2016/06/14,954.7,958.5,899.0,899.0,124200
2016/06/15,887.0,931.0,861.5,909.0,98000
2016/06/16,904.0,918.5,838.7,838.7,124300
2016/06/17,876.2,876.2,844.0,868.0,83800
2016/06/20,873.5,942.2,873.5,931.0,61700
2016/06/21,907.2,928.2,901.0,914.5,32500
2016/06/22,907.2,923.0,895.0,921.0,48500
2016/06/23,908.5,923.5,878.5,896.0,55900
2016/06/24,915.7,917.5,771.0,838.0,140700
2016/06/27,838.0,872.2,827.5,861.0,53600
2016/06/28,849.7,964.7,849.7,946.0,142700
2016/06/29,974.7,991.0,949.7,988.5,90900
2016/06/30,981.0,1014.7,969.7,986.0,52500
2016/07/01,988.5,994.7,961.0,961.0,24800
2016/07/04,978.5,1011.0,973.5,1008.5,36500
2016/07/05,1073.5,1073.5,1023.5,1042.2,106000
2016/07/06,1026.0,1036.0,989.7,1027.2,49900
2016/07/07,1028.5,1037.2,991.0,1002.2,38500
2016/07/08,989.7,999.7,947.2,967.2,50000
2016/07/11,978.5,1001.0,977.2,991.0,24400
2016/07/12,1002.2,1026.0,982.2,988.5,31400
2016/07/13,996.0,1007.2,977.2,994.7,21100
2016/07/14,979.7,1022.2,979.7,1014.7,34400
2016/07/15,1003.5,1004.7,964.7,977.2,51300
2016/07/19,971.0,993.5,967.2,972.2,27000
2016/07/20,987.2,993.5,964.7,993.5,31500
2016/07/21,996.0,1004.7,974.7,982.2,22000
2016/07/22,978.5,989.7,968.5,969.7,16900
2016/07/25,987.2,1018.5,979.7,1016.0,39500
2016/07/26,984.7,1002.2,954.7,964.7,45000
2016/07/27,981.0,996.0,964.7,966.0,27000
2016/07/28,967.2,991.0,958.5,966.0,21700
2016/07/29,928.5,949.7,890.2,947.2,126800
2016/08/01,917.2,922.2,899.7,900.2,60800
2016/08/02,897.2,923.5,889.7,906.0,49700
2016/08/03,890.2,903.5,859.7,861.2,59700
2016/08/04,860.0,871.0,836.0,846.2,44500
2016/08/05,858.7,894.0,836.0,852.7,78700
2016/08/08,870.7,877.5,842.2,867.7,47600
2016/08/09,855.2,866.2,846.7,854.7,19800
2016/08/10,852.2,875.5,849.0,849.2,40000
2016/08/12,845.5,859.5,845.5,855.7,16700
2016/08/15,856.0,900.5,853.7,900.0,73700
2016/08/16,903.5,943.5,900.5,927.0,60300
2016/08/17,931.0,941.0,895.0,895.0,38800
2016/08/18,906.0,923.2,878.5,882.5,25700
2016/08/19,903.5,910.5,872.0,881.7,14600
2016/08/22,884.2,903.5,884.2,892.5,49600
2016/08/23,904.5,922.2,903.2,912.5,14400
2016/08/24,900.0,915.7,894.7,905.5,13100
2016/08/25,896.0,917.5,896.0,905.0,12200
2016/08/26,917.0,917.0,896.0,897.2,7200
2016/08/29,908.2,908.2,896.0,896.0,8100
2016/08/30,896.0,907.7,894.7,901.5,4800
2016/08/31,906.0,906.0,885.7,903.2,17500
2016/09/01,904.2,904.2,879.7,887.7,88400
2016/09/02,870.2,886.0,868.7,875.2,19600
2016/09/05,875.2,877.5,854.7,857.0,23200
2016/09/06,852.2,865.7,850.7,854.0,18200
2016/09/07,848.5,852.0,843.5,849.7,26700
2016/09/08,849.2,853.2,844.0,845.2,44400
2016/09/09,844.0,873.2,843.7,870.2,37800
2016/09/12,877.7,877.7,843.7,845.7,41500
2016/09/13,847.7,853.2,842.7,843.2,20100
2016/09/14,839.0,846.0,831.0,831.0,36300
2016/09/15,827.0,827.0,798.5,799.5,70400
2016/09/16,801.7,823.5,801.2,823.0,35600
2016/09/20,823.5,823.7,803.5,808.2,32000
2016/09/21,786.2,798.2,780.2,787.7,99200
2016/09/23,798.0,813.5,798.0,803.7,59900
2016/09/26,812.2,860.5,809.5,854.7,79000
2016/09/27,853.5,858.7,833.7,847.7,31300
2016/09/28,853.0,883.2,845.5,881.5,50600
2016/09/29,884.0,893.5,866.2,875.2,73000
2016/09/30,878.5,878.5,855.5,855.5,34600
2016/10/03,863.5,883.2,861.7,883.2,47000
2016/10/04,908.2,947.2,902.0,941.0,140100
2016/10/05,963.5,998.5,959.7,986.0,121400
2016/10/06,986.0,996.0,947.2,952.2,75500
2016/10/07,953.5,958.5,946.0,948.5,54000
2016/10/11,983.5,1007.2,957.2,1002.2,69500
2016/10/12,993.5,1011.0,982.2,998.5,57500
2016/10/13,1003.5,1017.2,992.2,1013.5,56400
2016/10/14,1012.2,1053.5,1004.7,1052.2,102200
2016/10/17,1052.2,1053.5,1028.5,1051.0,55600
2016/10/18,1056.0,1061.0,1037.2,1048.5,45300
2016/10/19,1053.5,1066.0,1042.2,1059.7,55800
2016/10/20,1061.0,1073.5,1051.0,1058.5,50600
2016/10/21,1058.5,1059.7,993.5,1007.2,101000
2016/10/24,1011.0,1028.5,1002.2,1009.7,24900
2016/10/25,1016.0,1016.0,986.0,994.7,43800
2016/10/26,994.7,1019.7,974.7,987.2,45000
2016/10/27,982.2,982.2,967.2,977.2,31700
2016/10/28,978.5,987.2,971.0,976.0,30400
2016/10/31,978.5,1026.0,978.5,1016.0,45400
2016/11/01,1013.5,1013.5,977.2,983.5,30200
2016/11/02,976.0,978.5,928.5,943.5,84200
2016/11/04,941.0,968.5,932.2,956.0,39100
2016/11/07,878.5,880.2,806.2,828.2,240200
2016/11/08,830.5,840.7,818.5,821.0,109200
2016/11/09,829.7,834.7,782.2,817.0,126900
2016/11/10,845.2,862.7,832.5,861.0,67300
2016/11/11,861.0,862.5,834.7,837.7,67900
2016/11/14,843.5,860.0,838.0,857.0,60800
2016/11/15,866.2,900.7,861.0,893.7,65200
2016/11/16,898.5,928.5,891.5,926.0,69500
2016/11/17,916.2,925.0,903.7,909.2,45000
2016/11/18,917.0,917.2,905.5,909.5,48300
2016/11/21,903.7,941.0,900.0,937.2,63700
2016/11/22,925.0,976.0,924.0,973.5,61000
2016/11/24,974.7,993.5,963.5,968.5,44600
2016/11/25,967.2,967.2,926.7,931.0,54600
2016/11/28,948.5,956.0,928.0,949.7,49400
2016/11/29,947.2,1003.5,946.0,966.0,80400
2016/11/30,968.5,1023.5,968.5,1017.2,81800
2016/12/01,1009.7,1028.5,977.2,988.5,81800
2016/12/02,987.2,987.2,951.0,959.7,38800
2016/12/05,963.5,963.5,932.2,939.7,79600
2016/12/06,946.0,962.2,934.7,943.5,33000
2016/12/07,953.5,973.5,937.2,972.2,21700
2016/12/08,986.0,1006.0,976.0,983.5,50600
2016/12/09,989.7,1023.5,981.0,1018.5,55000
2016/12/12,1028.5,1059.7,1012.2,1059.7,84500
2016/12/13,1053.5,1084.7,1038.5,1081.0,82100
2016/12/14,1083.5,1097.2,1049.7,1049.7,90900
2016/12/15,1049.7,1076.0,1037.2,1054.7,42600
2016/12/16,1044.7,1053.5,1012.2,1037.2,61300
2016/12/19,1047.2,1047.2,996.0,1009.7,54600
2016/12/20,1001.0,1011.0,974.7,987.2,68400
2016/12/21,987.2,1052.2,987.2,1002.2,90600
2016/12/22,998.5,1023.5,987.2,1012.2,32500
2016/12/26,1003.5,1034.7,1001.0,1023.5,88000
2016/12/27,1021.0,1064.7,1019.7,1048.5,137500
2016/12/28,1047.2,1073.5,1043.5,1064.7,54400
2016/12/29,1056.0,1062.2,1021.0,1022.2,67300
2016/12/30,1027.2,1086.0,1012.2,1076.0,87000
2017/01/04,1093.5,1156.0,1091.0,1136.0,213500
2017/01/05,1124.7,1131.0,1111.0,1113.5,67700
2017/01/06,1111.0,1114.7,1079.7,1079.7,87700
2017/01/10,1093.5,1142.2,1084.7,1084.7,135600
2017/01/11,1088.5,1129.7,1087.2,1101.0,72900
2017/01/12,1096.0,1137.2,1093.5,1129.7,87700
2017/01/13,1129.7,1151.0,1113.5,1133.5,90500
2017/01/16,1148.5,1168.5,1122.2,1136.0,125600
2017/01/17,1178.5,1212.2,1151.0,1156.0,232100
2017/01/18,1134.7,1158.5,1108.5,1151.0,126600
2017/01/19,1153.5,1166.0,1133.5,1148.5,66800
2017/01/20,1078.5,1149.7,1069.7,1141.0,296300
2017/01/23,1137.2,1151.0,1116.0,1128.5,87200
2017/01/24,1123.5,1128.5,1101.0,1103.5,68700
2017/01/25,1113.5,1121.0,1104.7,1112.2,48800
2017/01/26,1123.5,1148.5,1119.7,1136.0,72100
2017/01/27,1148.5,1148.5,1113.5,1116.0,51400
2017/01/30,1118.5,1134.7,1116.0,1119.7,46300
2017/01/31,1107.2,1114.7,1081.0,1098.5,79800
2017/02/01,1088.5,1098.5,1058.5,1092.2,90200
2017/02/02,1093.5,1094.7,1061.0,1061.0,64800
2017/02/03,1076.0,1083.5,1047.2,1061.0,60900
2017/02/06,1067.2,1081.0,1056.0,1067.2,50500
2017/02/07,1062.2,1101.0,1062.2,1081.0,65900
2017/02/08,1096.0,1117.2,1079.7,1116.0,108400
2017/02/09,1078.5,1083.5,1011.0,1058.5,411200
2017/02/10,1066.0,1081.0,1044.7,1071.0,111600
2017/02/13,1083.5,1112.2,1067.2,1069.7,156700
2017/02/14,1071.0,1087.2,1029.7,1042.2,168200
2017/02/15,1052.2,1059.7,1028.5,1058.5,99700
2017/02/16,1058.5,1108.5,1057.2,1093.5,183000
2017/02/17,1093.5,1131.0,1092.2,1113.5,120800
2017/02/20,1126.0,1161.0,1119.7,1148.5,168600
2017/02/21,1158.5,1173.5,1151.0,1168.5,86000
2017/02/22,1173.5,1173.5,1156.0,1167.2,47600
2017/02/23,1159.7,1162.2,1136.0,1152.2,47800
2017/02/24,1139.7,1148.5,1132.2,1142.2,34400
2017/02/27,1132.2,1142.2,1124.7,1132.2,29500
2017/02/28,1128.5,1144.7,1112.2,1118.5,92500
2017/03/01,1112.2,1157.2,1107.2,1154.7,159600
2017/03/02,1189.7,1222.2,1163.5,1222.2,282200
2017/03/03,1236.0,1274.7,1186.0,1209.7,379600
2017/03/06,1217.2,1249.7,1179.7,1244.7,196600
2017/03/07,1261.0,1283.5,1211.0,1259.7,255300
2017/03/08,1271.0,1341.0,1262.2,1318.5,381200
2017/03/09,1313.5,1373.5,1296.0,1354.7,266300
2017/03/10,1368.5,1406.0,1359.7,1398.5,270300
2017/03/13,1404.7,1418.5,1337.2,1363.5,242600
2017/03/14,1356.0,1381.0,1328.5,1343.5,127500
2017/03/15,1328.5,1364.7,1289.7,1294.7,210300
2017/03/16,1294.7,1331.0,1286.0,1323.5,130400
2017/03/17,1341.0,1344.7,1256.0,1291.0,212400
2017/03/21,1292.2,1293.5,1263.5,1266.0,125400
2017/03/22,1232.2,1268.5,1219.7,1226.0,161600
2017/03/23,1243.5,1286.0,1236.0,1278.5,116900
2017/03/24,1278.5,1289.7,1257.2,1278.5,53700
2017/03/27,1276.0,1278.5,1246.0,1253.5,55200
2017/03/28,1253.5,1288.5,1249.7,1257.2,95200
2017/03/29,1274.7,1319.7,1267.2,1306.0,163100
2017/03/30,1317.2,1334.7,1273.5,1274.7,132700
2017/03/31,1284.7,1296.0,1258.5,1258.5,86100
2017/04/03,1241.0,1244.7,1217.2,1223.5,105800
2017/04/04,1223.5,1227.2,1144.7,1203.5,167300
2017/04/05,1209.7,1212.2,1159.7,1182.2,101700
2017/04/06,1166.0,1197.2,1117.2,1149.7,149600
2017/04/07,1161.0,1174.7,1111.0,1146.0,150500
2017/04/10,1163.5,1191.0,1138.5,1142.2,86000
2017/04/11,1143.5,1148.5,1117.2,1133.5,91300
2017/04/12,1103.5,1113.5,1053.5,1084.7,256100
2017/04/13,1077.2,1112.2,1069.7,1108.5,83300
2017/04/14,1098.5,1141.0,1093.5,1098.5,92800
2017/04/17,1109.7,1153.5,1108.5,1141.0,105600
2017/04/18,1177.2,1182.2,1143.5,1149.7,97100
2017/04/19,1141.0,1162.2,1139.7,1154.7,68800
2017/04/20,1159.7,1167.2,1149.7,1153.5,41600
2017/04/21,1156.0,1171.0,1138.5,1163.5,59200
2017/04/24,1169.7,1169.7,1129.7,1129.7,57500
2017/04/25,1143.5,1167.2,1134.7,1159.7,46600
2017/04/26,1173.5,1184.7,1158.5,1162.2,73500
2017/04/27,1168.5,1171.0,1147.2,1163.5,40700
2017/04/28,1152.2,1158.5,1136.0,1143.5,60000
2017/05/01,1162.2,1196.0,1157.2,1169.7,249900
2017/05/02,1188.5,1227.2,1186.0,1213.5,204900
2017/05/08,1219.7,1266.0,1182.2,1188.5,434600
2017/05/09,1187.2,1192.2,1126.0,1134.7,313200
2017/05/10,1142.2,1156.0,1126.0,1137.2,150400
2017/05/11,1137.2,1139.7,1098.5,1109.7,172300
2017/05/12,1122.2,1172.2,1107.2,1162.2,205700
2017/05/15,1158.5,1201.0,1148.5,1201.0,158400
2017/05/16,1203.5,1207.2,1168.5,1186.0,98600
2017/05/17,1184.7,1193.5,1159.7,1166.0,73100
2017/05/18,1136.0,1166.0,1136.0,1158.5,94600
2017/05/19,1169.7,1177.2,1138.5,1147.2,116900
2017/05/22,1152.2,1168.5,1149.7,1167.2,50400
2017/05/23,1172.2,1183.5,1163.5,1163.5,80700
2017/05/24,1173.5,1202.2,1168.5,1202.2,147300
2017/05/25,1204.7,1213.5,1157.2,1159.7,149100
2017/05/26,1154.7,1162.2,1136.0,1148.5,135200
2017/05/29,1159.7,1159.7,1132.2,1132.2,95700
2017/05/30,1136.0,1157.2,1121.0,1144.7,90400
2017/05/31,1144.7,1147.2,1128.5,1142.2,51500
2017/06/01,1137.2,1144.7,1127.2,1129.7,93100
2017/06/02,1137.2,1141.0,1122.2,1131.0,85500
2017/06/05,1136.0,1161.0,1132.2,1159.7,87100
2017/06/06,1157.2,1157.2,1132.2,1134.7,65100
2017/06/07,1136.0,1154.7,1132.2,1154.7,53100
2017/06/08,1157.2,1169.7,1147.2,1153.5,66200
2017/06/09,1158.5,1161.0,1142.2,1153.5,57900
2017/06/12,1171.0,1196.0,1159.7,1186.0,180900
2017/06/13,1177.2,1186.0,1163.5,1173.5,70100
2017/06/14,1173.5,1183.5,1168.5,1182.2,41400
2017/06/15,1177.2,1178.5,1151.0,1156.0,83200
2017/06/16,1162.2,1176.0,1153.5,1156.0,53600
2017/06/19,1169.7,1181.0,1163.5,1177.2,103700
2017/06/20,1186.0,1187.2,1171.0,1176.0,67000
2017/06/21,1187.2,1276.0,1176.0,1273.5,334900
2017/06/22,1267.2,1311.0,1254.7,1261.0,225400
2017/06/23,1296.0,1302.2,1262.2,1293.5,179200
2017/06/26,1302.2,1333.5,1298.5,1321.0,134600
2017/06/27,1321.0,1337.2,1284.7,1327.2,136800
2017/06/28,1306.0,1314.7,1258.5,1258.5,162000
2017/06/29,1272.2,1287.2,1259.7,1281.0,54900
2017/06/30,1259.7,1313.5,1256.0,1313.5,98300
2017/07/03,1329.7,1357.2,1318.5,1354.7,163800
2017/07/04,1371.0,1398.5,1289.7,1307.2,300500
2017/07/05,1309.7,1346.0,1299.7,1318.5,87100
2017/07/06,1321.0,1333.5,1304.7,1309.7,47700
2017/07/07,1277.2,1292.2,1248.5,1251.0,503500
2017/07/10,1251.0,1272.2,1251.0,1264.7,116500
2017/07/11,1267.2,1269.7,1257.2,1269.7,70100
2017/07/12,1273.5,1326.0,1272.2,1296.0,199100
2017/07/13,1313.5,1331.0,1301.0,1301.0,124500
2017/07/14,1301.0,1312.2,1274.7,1279.7,119700
2017/07/18,1279.7,1303.5,1273.5,1282.2,236300
2017/07/19,1279.7,1297.2,1273.5,1274.7,401400
2017/07/20,1278.5,1289.7,1278.5,1278.5,167700
2017/07/21,1278.5,1278.5,1257.2,1257.2,142600
2017/07/24,1256.0,1256.0,1244.7,1246.0,107400
2017/07/25,1251.0,1257.2,1247.2,1251.0,99000
2017/07/26,1262.2,1274.7,1254.7,1267.2,599600
2017/07/27,1272.2,1272.2,1251.0,1256.0,157900
2017/07/28,1252.2,1258.5,1243.5,1246.0,125200
2017/07/31,1244.7,1267.2,1229.7,1262.2,188900
2017/08/01,1267.2,1271.0,1239.7,1246.0,100600
2017/08/02,1253.5,1266.0,1247.2,1256.0,114900
2017/08/03,1281.0,1323.5,1279.7,1301.0,395200
2017/08/04,1303.5,1337.2,1293.5,1327.2,217900
2017/08/07,1336.0,1359.7,1328.5,1354.7,152900
2017/08/08,1348.5,1356.0,1334.7,1356.0,100100
2017/08/09,1353.5,1353.5,1317.2,1348.5,138500
2017/08/10,1354.7,1373.5,1328.5,1334.7,101400
2017/08/14,1319.7,1328.5,1304.7,1316.0,85300
2017/08/15,1326.0,1371.0,1323.5,1371.0,132400
2017/08/16,1371.0,1428.5,1371.0,1428.5,248600
2017/08/17,1441.0,1463.5,1424.7,1446.0,196700
2017/08/18,1421.0,1456.0,1418.5,1438.5,129900
2017/08/21,1458.5,1463.5,1419.7,1422.2,134200
2017/08/22,1421.0,1496.0,1419.7,1486.0,206800
2017/08/23,1503.5,1526.0,1486.0,1506.0,174100
2017/08/24,1506.0,1543.5,1488.5,1541.0,141500
2017/08/25,1528.5,1541.0,1483.5,1501.0,149100
2017/08/28,1468.5,1516.0,1468.5,1478.5,119300
2017/08/29,1478.5,1513.0,1446.0,1462.5,213600
2017/08/30,1478.5,1491.5,1446.0,1477.5,163800
2017/08/31,1488.5,1488.5,1461.5,1488.5,99400
2017/09/01,1508.0,1588.5,1494.0,1580.0,423500
2017/09/04,1577.0,1583.0,1536.0,1574.5,279400
2017/09/05,1578.5,1616.0,1439.0,1465.5,492200
2017/09/06,1440.0,1512.0,1439.5,1471.5,288300
2017/09/07,1491.5,1523.5,1459.0,1487.5,253700
2017/09/08,1487.5,1487.5,1448.5,1486.0,165300
2017/09/11,1503.5,1530.5,1490.0,1516.0,215300
2017/09/12,1533.5,1546.0,1507.5,1528.0,91700
2017/09/13,1543.5,1549.0,1514.5,1531.0,131900
2017/09/14,1523.0,1536.0,1497.0,1507.0,125000
2017/09/15,1500.5,1598.0,1500.5,1577.0,270100
2017/09/19,1585.0,1615.0,1578.0,1602.5,193700
2017/09/20,1592.0,1601.0,1554.0,1556.5,148300
2017/09/21,1551.0,1567.5,1540.5,1556.0,80200
2017/09/22,1556.5,1557.5,1507.5,1526.0,126200
2017/09/25,1535.0,1549.5,1518.5,1520.5,98500
2017/09/26,1519.0,1526.0,1458.5,1508.5,267000
2017/09/27,1516.0,1543.5,1515.0,1516.0,114600
2017/09/28,1524.0,1551.5,1515.0,1517.0,150600
2017/09/29,1514.5,1520.5,1491.0,1509.0,108400
2017/10/02,1513.0,1528.5,1494.0,1515.5,149200
2017/10/03,1536.0,1557.0,1519.5,1544.5,213900
2017/10/04,1558.5,1558.5,1528.0,1531.5,100200
2017/10/05,1528.5,1539.0,1499.5,1500.5,155800
2017/10/06,1500.5,1509.0,1471.5,1502.5,161800
2017/10/10,1503.5,1525.0,1492.5,1494.0,81500
2017/10/11,1495.5,1498.0,1479.0,1479.5,95500
2017/10/12,1479.5,1503.0,1479.5,1489.5,58700
2017/10/13,1479.0,1486.0,1471.0,1479.5,78600
2017/10/16,1480.0,1496.0,1474.0,1478.0,85300
2017/10/17,1495.5,1500.5,1454.0,1456.0,161200
2017/10/18,1443.5,1472.0,1438.5,1466.5,154100
2017/10/19,1471.5,1474.5,1447.0,1457.0,144700
2017/10/20,1456.5,1463.0,1445.0,1445.5,65100
2017/10/23,1453.5,1478.0,1441.5,1477.0,126000
2017/10/24,1493.5,1493.5,1456.5,1474.5,137100
2017/10/25,1478.5,1484.0,1462.5,1465.5,129500
2017/10/26,1467.5,1478.0,1451.0,1453.5,123500
2017/10/27,1454.0,1460.5,1433.5,1443.0,270500
2017/10/30,1454.0,1510.0,1443.5,1509.0,299100
2017/10/31,1500.0,1545.0,1493.5,1539.0,230400
2017/11/01,1548.0,1558.0,1528.5,1555.5,239100
2017/11/02,1563.5,1587.0,1523.0,1542.5,458900
2017/11/06,1517.5,1519.5,1454.5,1465.0,493900
2017/11/07,1458.5,1503.0,1458.5,1503.0,199800
2017/11/08,1494.0,1496.0,1475.5,1485.0,94200
2017/11/09,1484.0,1490.5,1434.5,1453.5,325000
2017/11/10,1433.5,1470.5,1430.0,1470.5,167300
2017/11/13,1471.5,1478.5,1446.0,1467.5,95600
2017/11/14,1467.5,1476.5,1439.0,1440.0,163600
2017/11/15,1453.5,1453.5,1395.5,1409.0,283400
2017/11/16,1403.5,1445.5,1399.0,1437.0,143300
2017/11/17,1453.5,1462.5,1430.0,1449.5,129000
2017/11/20,1449.5,1473.5,1445.5,1454.5,120600
2017/11/21,1465.0,1467.5,1439.0,1460.5,70800
2017/11/22,1472.0,1487.0,1462.0,1473.5,93800
2017/11/24,1478.5,1525.0,1472.0,1512.5,177300
2017/11/27,1525.0,1533.5,1499.0,1508.5,122900
2017/11/28,1509.0,1511.5,1475.5,1506.5,112400
2017/11/29,1511.0,1549.5,1499.0,1531.0,212600
2017/11/30,1527.0,1540.0,1506.0,1520.0,285400
2017/12/01,1534.0,1538.5,1513.5,1528.5,159400
2017/12/04,1528.0,1534.0,1507.0,1514.5,133200
2017/12/05,1508.0,1518.0,1471.0,1501.0,135100
2017/12/06,1508.5,1522.5,1478.5,1482.0,96100
2017/12/07,1483.5,1564.5,1483.5,1558.5,314100
2017/12/08,1572.5,1576.0,1543.5,1567.5,138200
2017/12/11,1576.0,1577.5,1557.5,1577.5,66800
2017/12/12,1581.0,1674.0,1578.5,1658.5,400700
2017/12/13,1670.5,1728.5,1667.0,1718.5,383900
2017/12/14,1718.5,1761.0,1671.0,1698.5,413400
2017/12/15,1716.0,1723.5,1665.0,1703.5,142000
2017/12/18,1738.5,1803.5,1731.0,1771.0,307300
2017/12/19,1771.0,1813.5,1758.5,1808.5,257000
2017/12/20,1808.5,1808.5,1669.0,1683.5,525300
2017/12/21,1688.5,1723.5,1678.0,1718.5,174700
2017/12/22,1716.0,1786.0,1716.0,1768.5,157000
2017/12/25,1786.0,1831.0,1738.5,1756.0,340500
2017/12/26,1758.5,1813.5,1758.5,1788.5,221600
2017/12/27,1788.5,1821.0,1773.5,1778.5,140400
2017/12/28,1783.5,1821.0,1743.5,1748.5,160700
2017/12/29,1748.5,1773.5,1728.5,1756.0,109800
2018/01/04,1808.5,1816.0,1751.0,1778.5,187300
2018/01/05,1791.0,1808.5,1773.5,1798.5,135900
2018/01/09,1828.5,1906.0,1828.5,1891.0,314900
2018/01/10,1903.5,1916.0,1838.5,1878.5,273500
2018/01/11,1856.0,1866.0,1816.0,1836.0,225900
2018/01/12,1866.0,1883.5,1796.0,1808.5,210600
2018/01/15,1828.5,1831.0,1791.0,1811.0,115100
2018/01/16,1808.5,1871.0,1798.5,1863.5,174600
2018/01/17,1863.5,1868.5,1833.5,1868.5,117600
2018/01/18,1896.0,1921.0,1863.5,1878.5,228600
2018/01/19,1998.5,2083.5,1993.5,2036.0,1181000
2018/01/22,2026.0,2116.0,2008.5,2111.0,391200
2018/01/23,2113.5,2113.5,2031.0,2056.0,367500
2018/01/24,2071.0,2073.5,2023.5,2061.0,247900
2018/01/25,2028.5,2041.0,2008.5,2018.5,194200
2018/01/26,2026.0,2073.5,2006.0,2043.5,155000
2018/01/29,2048.5,2071.0,2026.0,2031.0,117600
2018/01/30,2046.0,2046.0,1978.5,1996.0,152700
2018/01/31,1973.5,2058.5,1966.0,2041.0,202700
2018/02/01,2038.5,2048.5,2008.5,2046.0,102800
2018/02/02,2058.5,2063.5,2021.0,2063.5,128200
2018/02/05,2003.5,2038.5,1993.5,2001.0,225800
2018/02/06,1801.0,1898.5,1748.5,1831.0,597600
2018/02/07,1998.5,2008.5,1898.5,1921.0,372200
2018/02/08,2061.0,2208.5,2031.0,2161.0,1379100
2018/02/09,2056.0,2101.0,1988.5,2098.5,617500
2018/02/13,2168.5,2178.5,2043.5,2061.0,385800
2018/02/14,2041.0,2071.0,1891.0,1941.0,558800
2018/02/15,1986.0,2053.5,1926.0,2046.0,381600
2018/02/16,2053.5,2153.5,2033.5,2121.0,317700
2018/02/19,2176.0,2283.5,2163.5,2283.5,496000
2018/02/20,2283.5,2363.5,2271.0,2318.5,438500
2018/02/21,2321.0,2451.0,2316.0,2423.5,694600
2018/02/22,2396.0,2418.5,2338.5,2413.5,321400
2018/02/23,2398.5,2401.0,2331.0,2388.5,261500
2018/02/26,2403.5,2411.0,2361.0,2371.0,194900
2018/02/27,2381.0,2411.0,2331.0,2386.0,255600
2018/02/28,2388.5,2473.5,2358.5,2363.5,405700
2018/03/01,2343.5,2398.5,2296.0,2376.0,255200
2018/03/02,2316.0,2368.5,2316.0,2336.0,192100
2018/03/05,2321.0,2346.0,2223.5,2238.5,334800
2018/03/06,2303.5,2343.5,2273.5,2321.0,191600
2018/03/07,2331.0,2391.0,2291.0,2348.5,266800
2018/03/08,2378.5,2411.0,2338.5,2346.0,138500
2018/03/09,2408.5,2461.0,2366.0,2408.5,253300
2018/03/12,2443.5,2453.5,2338.5,2376.0,294200
2018/03/13,2341.0,2478.5,2341.0,2476.0,215600
2018/03/14,2443.5,2538.5,2436.0,2478.5,317600
2018/03/15,2458.5,2486.0,2356.0,2441.0,437100
2018/03/16,2466.0,2473.5,2413.5,2448.5,171200
2018/03/19,2443.5,2443.5,2333.5,2401.0,254200
2018/03/20,2348.5,2398.5,2338.5,2396.0,191200
2018/03/22,2361.0,2413.5,2356.0,2406.0,192600
2018/03/23,2311.0,2338.5,2266.0,2273.5,454100
2018/03/26,2238.5,2263.5,2148.5,2228.5,441800
2018/03/27,2288.5,2323.5,2246.0,2278.5,271800
2018/03/28,2251.0,2313.5,2251.0,2301.0,158900
2018/03/29,2326.0,2378.5,2318.5,2361.0,191700
2018/03/30,2381.0,2393.5,2328.5,2343.5,156900
2018/04/02,2358.5,2386.0,2338.5,2373.5,122100
2018/04/03,2328.5,2373.5,2316.0,2368.5,106700
2018/04/04,2393.5,2393.5,2321.0,2328.5,119600
2018/04/05,2343.5,2358.5,2316.0,2338.5,86600
2018/04/06,2323.5,2338.5,2288.5,2311.0,128600
2018/04/09,2306.0,2368.5,2296.0,2348.5,93600
2018/04/10,2343.5,2348.5,2281.0,2323.5,171600
2018/04/11,2311.0,2338.5,2203.5,2243.5,266200
2018/04/12,2221.0,2283.5,2218.5,2246.0,121100
2018/04/13,2256.0,2271.0,2236.0,2248.5,88500
2018/04/16,2253.5,2286.0,2173.5,2176.0,183800
2018/04/17,2151.0,2178.5,2066.0,2168.5,338100
2018/04/18,2168.5,2221.0,2128.5,2198.5,148800
2018/04/19,2216.0,2223.5,2148.5,2153.5,110000
2018/04/20,2151.0,2233.5,2136.0,2218.5,132400
2018/04/23,2191.0,2213.5,2168.5,2213.5,89500
2018/04/24,2236.0,2258.5,2208.5,2213.5,92700
2018/04/25,2213.5,2236.0,2196.0,2216.0,80400
2018/04/26,2223.5,2243.5,2171.0,2186.0,112900
2018/04/27,2186.0,2221.0,2176.0,2218.5,112100
2018/05/01,2228.5,2253.5,2186.0,2246.0,116300
2018/05/02,2278.5,2356.0,2271.0,2321.0,279200
2018/05/07,2531.0,2618.5,2508.5,2601.0,1227700
2018/05/08,2653.5,2843.5,2636.0,2728.5,1030400
2018/05/09,2683.5,2793.5,2683.5,2748.5,510400
2018/05/10,2733.5,2808.5,2733.5,2773.5,271700
2018/05/11,2773.5,3023.5,2763.5,2958.5,677900
2018/05/14,2928.5,3093.5,2928.5,3043.5,464400
2018/05/15,3033.5,3183.5,3003.5,3113.5,596000
2018/05/16,3083.5,3153.5,3053.5,3108.5,276500
2018/05/17,3178.5,3358.5,3178.5,3268.5,625400
2018/05/18,3318.5,3338.5,3018.5,3158.5,588400
2018/05/21,2958.5,3223.5,2948.5,3153.5,1106100
2018/05/22,3138.5,3158.5,3088.5,3098.5,304000
2018/05/23,3083.5,3143.5,3073.5,3118.5,243400
2018/05/24,3098.5,3188.5,3088.5,3148.5,227600
2018/05/25,3143.5,3293.5,3143.5,3208.5,438000
2018/05/28,3213.5,3223.5,3058.5,3058.5,718800
2018/05/29,2978.5,3013.5,2963.5,2973.5,1247500
2018/05/30,2963.5,3018.5,2958.5,2958.5,862700
2018/05/31,2968.5,2993.5,2888.5,2933.5,634700
2018/06/01,2933.5,2933.5,2863.5,2873.5,270800
2018/06/04,2918.5,3033.5,2913.5,2938.5,646900
2018/06/05,2958.5,2968.5,2758.5,2813.5,1326800
2018/06/06,2798.5,2858.5,2758.5,2813.5,457400
2018/06/07,2818.5,2908.5,2778.5,2903.5,330200
2018/06/08,2898.5,2963.5,2888.5,2948.5,331900
2018/06/11,2963.5,2978.5,2898.5,2963.5,208900
2018/06/12,2973.5,2973.5,2883.5,2928.5,298400
2018/06/13,2928.5,2933.5,2848.5,2848.5,321000
2018/06/14,2878.5,3098.5,2878.5,3008.5,706700
2018/06/15,3008.5,3038.5,2938.5,3018.5,233700
2018/06/18,3038.5,3093.5,2993.5,3073.5,206300
2018/06/19,3073.5,3148.5,2923.5,2943.5,386700
2018/06/20,2948.5,2983.5,2853.5,2958.5,193200
2018/06/21,2918.5,3058.5,2918.5,3028.5,241300
2018/06/22,3003.5,3078.5,2953.5,3013.5,245100
2018/06/25,3003.5,3008.5,2863.5,2868.5,243600
2018/06/26,2818.5,2913.5,2798.5,2873.5,198600
2018/06/27,2868.5,2938.5,2853.5,2938.5,102600
2018/06/28,2918.5,2963.5,2833.5,2858.5,143300
2018/06/29,2868.5,2903.5,2823.5,2893.5,167000
2018/07/02,2823.5,2833.5,2588.5,2588.5,748000
2018/07/03,2601.0,2723.5,2543.5,2646.0,406900
2018/07/04,2723.5,2723.5,2553.5,2603.5,320700
2018/07/05,2561.0,2593.5,2461.0,2488.5,395400
2018/07/06,2506.0,2571.0,2466.0,2563.5,180800
2018/07/09,2578.5,2658.5,2568.5,2633.5,175200
2018/07/10,2666.0,2666.0,2541.0,2568.5,206200
2018/07/11,2536.0,2563.5,2473.5,2498.5,183000
2018/07/12,2486.0,2543.5,2471.0,2526.0,140900
2018/07/13,2556.0,2573.5,2521.0,2538.5,102700
2018/07/17,2568.5,2571.0,2496.0,2551.0,114800
2018/07/18,2561.0,2601.0,2541.0,2598.5,131200
2018/07/19,2636.0,2638.5,2533.5,2543.5,171100
2018/07/20,2543.5,2603.5,2541.0,2601.0,113800
2018/07/23,2616.0,2688.5,2573.5,2678.5,269200
2018/07/24,2743.5,2823.5,2651.0,2818.5,456300
2018/07/25,2878.5,2898.5,2793.5,2863.5,302200
2018/07/26,2853.5,2878.5,2788.5,2853.5,160900
2018/07/27,2868.5,2918.5,2848.5,2913.5,158900
2018/07/30,2903.5,2908.5,2783.5,2813.5,261800
2018/07/31,2768.5,2838.5,2738.5,2803.5,214900
2018/08/01,2768.5,2803.5,2641.0,2653.5,306900
2018/08/02,2651.0,2693.5,2591.0,2666.0,374400
2018/08/03,2828.5,2903.5,2548.5,2581.0,1289800
2018/08/06,2598.5,2601.0,2338.5,2361.0,742100
2018/08/07,2358.5,2431.0,2323.5,2356.0,407100
2018/08/08,2348.5,2456.0,2336.0,2396.0,388100
2018/08/09,2388.5,2403.5,2301.0,2323.5,332500
2018/08/10,2346.0,2456.0,2333.5,2381.0,418000
2018/08/13,2336.0,2358.5,2263.5,2318.5,346900
2018/08/14,2353.5,2401.0,2336.0,2396.0,218100
2018/08/15,2386.0,2401.0,2306.0,2311.0,231800
2018/08/16,2286.0,2286.0,2228.5,2281.0,294200
2018/08/17,2281.0,2316.0,2266.0,2308.5,188700
2018/08/20,2308.5,2326.0,2256.0,2278.5,191000
2018/08/21,2278.5,2326.0,2246.0,2318.5,137300
2018/08/22,2298.5,2341.0,2273.5,2333.5,253400
2018/08/23,2333.5,2368.5,2296.0,2343.5,266000
2018/08/24,2351.0,2368.5,2321.0,2366.0,211000
2018/08/27,2391.0,2406.0,2351.0,2403.5,249300
2018/08/28,2433.5,2448.5,2398.5,2421.0,204400
2018/08/29,2428.5,2441.0,2401.0,2433.5,144900
2018/08/30,2456.0,2496.0,2426.0,2491.0,227700
2018/08/31,2463.5,2476.0,2398.5,2403.5,248100
2018/09/03,2398.5,2398.5,2338.5,2356.0,199200
2018/09/04,2351.0,2393.5,2343.5,2373.5,95200
2018/09/05,2373.5,2381.0,2313.5,2318.5,126500
2018/09/06,2291.0,2306.0,2238.5,2243.5,230200
2018/09/07,2228.5,2268.5,2183.5,2238.5,149600
2018/09/10,2231.0,2233.5,2181.0,2191.0,166300
2018/09/11,2198.5,2256.0,2186.0,2216.0,162800
2018/09/12,2216.0,2236.0,2116.0,2138.5,250800
2018/09/13,2123.5,2163.5,2093.5,2131.0,306400
2018/09/14,2166.0,2293.5,2151.0,2258.5,278300
2018/09/18,2253.5,2288.5,2221.0,2271.0,142300
2018/09/19,2321.0,2323.5,2253.5,2283.5,131100
2018/09/20,2263.5,2293.5,2233.5,2293.5,125200
2018/09/21,2313.5,2346.0,2291.0,2331.0,139300
2018/09/25,2306.0,2308.5,2241.0,2253.5,198100
2018/09/26,2263.5,2376.0,2263.5,2373.5,242000
2018/09/27,2351.0,2398.5,2293.5,2306.0,197600
2018/09/28,2331.0,2351.0,2273.5,2316.0,166900
2018/10/01,2316.0,2358.5,2308.5,2321.0,139700
2018/10/02,2338.5,2338.5,2258.5,2258.5,164200
2018/10/03,2253.5,2253.5,2201.0,2211.0,215100
2018/10/04,2218.5,2228.5,2188.5,2208.5,102000
2018/10/05,2173.5,2231.0,2161.0,2216.0,174400
2018/10/09,2198.5,2206.0,2148.5,2156.0,164200
2018/10/10,2208.5,2243.5,2163.5,2206.0,127200
2018/10/11,2093.5,2128.5,2053.5,2063.5,352400
2018/10/12,2056.0,2148.5,2041.0,2141.0,172700
2018/10/15,2128.5,2156.0,2098.5,2098.5,129200
2018/10/16,2101.0,2131.0,2066.0,2096.0,96400
2018/10/17,2153.5,2191.0,2128.5,2186.0,249400
2018/10/18,2203.5,2261.0,2183.5,2183.5,189700
2018/10/19,2153.5,2226.0,2141.0,2193.5,111000
2018/10/22,2173.5,2218.5,2141.0,2188.5,97000
2018/10/23,2158.5,2163.5,2081.0,2088.5,188200
2018/10/24,2113.5,2118.5,2041.0,2078.5,133700
2018/10/25,1993.5,1998.5,1878.5,1888.5,458500
2018/10/26,1908.5,1928.5,1751.0,1781.0,490400
2018/10/29,1763.5,1821.0,1668.5,1669.0,734600
2018/10/30,1630.5,1811.0,1618.0,1781.0,610000
2018/10/31,1836.0,1946.0,1781.0,1946.0,593600
2018/11/01,1978.5,1978.5,1763.5,1773.5,658700
2018/11/02,1788.5,1818.5,1731.0,1786.0,394400
2018/11/05,1741.0,1853.5,1723.5,1806.0,447100
2018/11/06,1811.0,1826.0,1733.5,1768.5,208600
2018/11/07,1766.0,1833.5,1733.5,1798.5,368800
2018/11/08,1853.5,1898.5,1818.5,1876.0,347400
2018/11/09,1883.5,1918.5,1843.5,1896.0,314500
2018/11/12,1878.5,1878.5,1746.0,1766.0,396800
2018/11/13,1696.0,1786.0,1691.0,1756.0,339700
2018/11/14,1771.0,1826.0,1746.0,1761.0,244200
2018/11/15,1726.0,1793.5,1706.0,1783.5,329600
2018/11/16,1818.5,1821.0,1763.5,1796.0,250400
2018/11/19,1761.0,1816.0,1678.0,1796.0,564600
2018/11/20,1753.5,1766.0,1698.5,1703.5,328700
2018/11/21,1643.5,1723.5,1639.0,1675.0,306200
2018/11/22,1683.5,1708.5,1665.5,1698.5,160600
2018/11/26,1701.0,1751.0,1683.5,1713.5,202700
2018/11/27,1743.5,1781.0,1731.0,1753.5,296700
2018/11/28,1763.5,1893.5,1763.5,1858.5,381200
2018/11/29,1918.5,1933.5,1848.5,1858.5,411800
2018/11/30,1863.5,1998.5,1856.0,1991.0,579800
2018/12/03,2058.5,2073.5,1973.5,2071.0,600900
2018/12/04,2076.0,2078.5,1951.0,1963.5,472800
2018/12/05,1908.5,1996.0,1886.0,1946.0,251900
2018/12/06,1933.5,1961.0,1858.5,1876.0,244900
2018/12/07,1898.5,1988.5,1871.0,1981.0,359500
2018/12/10,1946.0,1956.0,1896.0,1941.0,256300
2018/12/11,1946.0,1966.0,1836.0,1848.5,254900
2018/12/12,1858.5,1978.5,1853.5,1971.0,279300
2018/12/13,1986.0,2003.5,1913.5,1946.0,262600
2018/12/14,1971.0,1971.0,1873.5,1886.0,195900
2018/12/17,1871.0,1898.5,1833.5,1861.0,257700
2018/12/18,1808.5,1836.0,1751.0,1766.0,239600
2018/12/19,1753.5,1806.0,1743.5,1788.5,187100
2018/12/20,1748.5,1773.5,1648.5,1686.0,427300
2018/12/21,1656.5,1678.5,1581.0,1629.5,463900
2018/12/25,1460.0,1558.5,1453.5,1515.5,659900
2018/12/26,1533.5,1591.0,1520.5,1549.0,578200
2018/12/27,1649.0,1723.5,1631.5,1698.5,350300
2018/12/28,1721.0,1783.5,1698.5,1721.0,462800
2019/01/04,1678.5,1701.0,1643.5,1696.0,308700
2019/01/07,1786.0,1893.5,1773.5,1853.5,420700
2019/01/08,1876.0,1946.0,1868.5,1876.0,310300
2019/01/09,1883.5,1901.0,1863.5,1886.0,105400
2019/01/10,1903.5,1911.0,1841.0,1871.0,174600
2019/01/11,1906.0,1968.5,1906.0,1946.0,218800
2019/01/15,1946.0,1981.0,1931.0,1971.0,207500
2019/01/16,1988.5,2006.0,1931.0,1986.0,275200
2019/01/17,2031.0,2056.0,1981.0,2041.0,543700
2019/01/18,2018.5,2033.5,1956.0,2008.5,301000
2019/01/21,2011.0,2016.0,1918.5,1923.5,303800
2019/01/22,1906.0,1926.0,1841.0,1846.0,342100
2019/01/23,1823.5,1856.0,1791.0,1798.5,271000
2019/01/24,1783.5,1838.5,1781.0,1838.5,179800
2019/01/25,1831.0,1868.5,1818.5,1828.5,132500
2019/01/28,1816.0,1863.5,1788.5,1846.0,127400
2019/01/29,1846.0,2098.5,1826.0,2078.5,1067100
2019/01/30,2043.5,2073.5,1961.0,2003.5,753200
2019/01/31,2046.0,2166.0,2023.5,2163.5,590100
2019/02/01,2146.0,2171.0,2113.5,2143.5,386400
2019/02/04,2163.5,2178.5,2098.5,2146.0,248100
2019/02/05,2146.0,2198.5,2133.5,2163.5,272000
2019/02/06,2156.0,2166.0,2118.5,2158.5,173500
2019/02/07,2133.5,2148.5,2073.5,2118.5,304300
2019/02/08,2293.5,2403.5,2113.5,2123.5,2008900
2019/02/12,2193.5,2198.5,1858.5,1903.5,1393500
2019/02/13,1953.5,1993.5,1796.0,1853.5,1233000
2019/02/14,1856.0,1856.0,1741.0,1803.5,1047600
2019/02/15,1803.5,1803.5,1691.0,1711.0,753200
2019/02/18,1748.5,1828.5,1728.5,1803.5,711200
2019/02/19,1866.0,1913.5,1771.0,1788.5,869100
2019/02/20,1766.0,1848.5,1753.5,1818.5,439100
2019/02/21,1816.0,1821.0,1726.0,1728.5,692100
2019/02/22,1751.0,1796.0,1741.0,1763.5,442200
2019/02/25,1791.0,1866.0,1773.5,1831.0,418900
2019/02/26,1833.5,1843.5,1766.0,1813.5,284000
2019/02/27,1801.0,1851.0,1788.5,1821.0,214800
2019/02/28,1811.0,1846.0,1771.0,1781.0,240400
2019/03/01,1798.5,1836.0,1791.0,1798.5,214900
2019/03/04,1818.5,1888.5,1818.5,1851.0,408000
2019/03/05,1836.0,1961.0,1836.0,1956.0,686000
2019/03/06,1971.0,2051.0,1936.0,2008.5,844100
2019/03/07,2008.5,2058.5,1986.0,2023.5,615300
2019/03/08,1931.0,1938.5,1791.0,1846.0,1281200
2019/03/11,1846.0,1898.5,1798.5,1806.0,365200
2019/03/12,1821.0,1848.5,1743.5,1823.5,529600
2019/03/13,1813.5,1828.5,1718.5,1751.0,596300
2019/03/14,1751.0,1758.5,1608.5,1612.0,1212900
2019/03/15,1593.5,1645.0,1540.0,1605.5,1239500
2019/03/18,1626.0,1683.5,1616.5,1665.5,591500
2019/03/19,1653.5,1653.5,1598.5,1606.0,657600
2019/03/20,1593.5,1623.0,1572.0,1599.0,337900
2019/03/22,1597.5,1631.0,1572.0,1586.0,335000
2019/03/25,1521.5,1556.5,1504.5,1512.5,522100
2019/03/26,1513.0,1531.0,1469.5,1531.0,618800
2019/03/27,1536.0,1560.5,1503.0,1549.0,492200
2019/03/28,1544.0,1544.0,1431.0,1438.5,980500
2019/03/29,1460.5,1493.0,1444.0,1482.5,479500
2019/04/01,1528.5,1547.0,1509.5,1524.5,433700
2019/04/02,1531.0,1546.0,1491.5,1504.0,330000
2019/04/03,1528.5,1538.5,1501.5,1527.5,215800
2019/04/04,1527.5,1594.0,1527.5,1535.5,415400
2019/04/05,1544.0,1576.5,1536.0,1568.5,280800
2019/04/08,1601.0,1612.5,1556.0,1573.0,223200
2019/04/09,1560.5,1565.0,1515.0,1539.5,329400
2019/04/10,1515.0,1571.5,1513.5,1565.5,199200
2019/04/11,1555.5,1565.5,1521.0,1525.5,268800
2019/04/12,1524.0,1541.0,1510.5,1522.0,160300
2019/04/15,1543.5,1569.5,1538.0,1559.0,257800
2019/04/16,1545.5,1576.0,1534.0,1557.5,301400
2019/04/17,1573.5,1627.5,1568.0,1621.0,521500
2019/04/18,1646.0,1647.0,1529.5,1537.5,629900
2019/04/19,1552.5,1564.5,1533.0,1564.5,236200
2019/04/22,1553.5,1553.5,1492.5,1515.5,472800
2019/04/23,1501.0,1503.5,1471.0,1490.5,325600
2019/04/24,1484.5,1516.5,1480.5,1502.0,223400
2019/04/25,1491.0,1521.0,1486.5,1505.5,327900
2019/04/26,1497.5,1540.0,1492.5,1529.0,278300
2019/05/07,1279.0,1279.0,1279.0,1279.0,122400
2019/05/08,1229.0,1236.0,1091.0,1101.5,3350500
2019/05/09,1103.5,1133.0,1048.5,1051.5,1329300
2019/05/10,1043.5,1103.5,1037.5,1070.0,1044900
2019/05/13,1080.0,1124.5,1061.5,1077.0,684400
2019/05/14,1049.0,1084.5,1032.5,1078.0,468500
2019/05/15,1078.0,1103.5,1072.5,1098.5,291300
2019/05/16,1097.0,1097.5,1046.0,1052.0,409600
2019/05/17,1061.5,1082.5,1058.5,1078.0,263200
2019/05/20,1082.5,1092.0,1050.0,1057.5,252300
2019/05/21,1053.5,1080.0,1053.0,1067.5,179300
2019/05/22,1083.5,1130.0,1076.5,1112.0,436300
2019/05/23,1107.0,1134.5,1093.5,1116.0,317300
2019/05/24,1103.5,1139.5,1094.5,1136.5,302100
2019/05/27,1143.5,1145.0,1126.0,1134.5,185100
2019/05/28,1130.0,1151.5,1115.0,1151.0,289200
2019/05/29,1131.5,1158.0,1124.0,1152.5,225400
2019/05/30,1150.5,1167.0,1139.5,1162.0,195400
2019/05/31,1154.5,1161.0,1138.5,1147.5,158800
2019/06/03,1133.0,1133.0,1076.5,1078.0,308900
2019/06/04,1081.0,1122.5,1081.0,1104.0,291100
2019/06/05,1123.5,1144.0,1110.0,1118.0,299800
2019/06/06,1112.5,1135.0,1091.5,1122.5,318100
2019/06/07,1113.0,1120.0,1091.0,1099.5,354300
2019/06/10,1108.5,1185.5,1108.5,1130.0,693500
2019/06/11,1131.0,1176.0,1130.5,1159.5,486100
2019/06/12,1160.0,1160.0,1117.0,1126.0,420800
2019/06/13,1116.5,1132.5,1096.0,1112.0,287300
2019/06/14,1103.5,1111.5,1092.0,1107.0,199800
2019/06/17,1104.0,1115.0,1090.5,1099.0,182100
2019/06/18,1093.5,1093.5,1056.0,1073.5,361200
2019/06/19,1083.5,1122.5,1082.5,1099.5,215700
2019/06/20,1099.5,1129.5,1093.0,1126.5,221100
2019/06/21,1126.5,1144.0,1111.5,1121.5,177600
2019/06/24,1128.0,1128.0,1108.5,1111.5,123900
2019/06/25,1106.5,1110.5,1064.5,1080.5,288000
2019/06/26,1065.5,1070.0,1049.0,1065.0,231300
2019/06/27,1061.0,1087.0,1060.0,1085.0,154800
2019/06/28,1079.5,1092.0,1071.5,1073.5,108400
2019/07/01,1102.0,1116.0,1094.0,1102.5,180600
2019/07/02,1102.5,1113.0,1095.0,1111.5,181600
2019/07/03,1104.5,1107.5,1074.0,1077.0,203200
2019/07/04,1086.5,1101.0,1077.5,1101.0,194500
2019/07/05,1108.0,1144.0,1102.5,1120.5,369100
2019/07/08,1126.0,1136.0,1116.5,1125.0,115000
2019/07/09,1121.5,1121.5,1093.5,1100.5,200700
2019/07/10,1098.5,1137.5,1078.5,1132.5,322800
2019/07/11,1136.0,1136.5,1101.5,1114.5,216600
2019/07/12,1115.0,1118.0,1091.5,1104.0,217200
2019/07/16,1096.5,1096.5,1081.5,1093.0,156300
2019/07/17,1073.5,1087.0,1071.0,1086.0,185700
2019/07/18,1079.5,1084.5,1065.0,1080.5,217900
2019/07/19,1083.5,1106.5,1081.5,1088.0,182000
2019/07/22,1086.5,1092.0,1072.5,1074.5,135100
2019/07/23,1107.5,1223.5,1102.0,1183.5,3673400
2019/07/24,1207.5,1232.5,1164.0,1169.5,1740300
2019/07/25,1159.5,1167.0,1117.5,1162.5,930800
2019/07/26,1160.5,1160.5,1123.5,1140.5,563400
2019/07/29,1148.0,1178.5,1099.5,1120.0,875600
2019/07/30,1116.5,1121.5,1087.0,1110.0,437000
2019/07/31,1095.0,1126.5,1091.5,1108.5,459800
2019/08/01,1101.0,1114.0,1089.0,1094.0,517400
2019/08/02,1078.5,1093.0,1053.5,1073.5,599300
2019/08/05,1083.0,1098.5,1006.0,1019.0,876400
2019/08/06,982.0,1007.5,949.0,1007.5,765200
2019/08/07,987.5,1011.0,980.5,986.0,426000
2019/08/08,978.5,990.0,957.5,983.0,352200
2019/08/09,969.5,990.5,967.0,978.0,205500
2019/08/13,963.5,989.5,963.0,976.5,173000
2019/08/14,978.5,1003.5,978.5,981.0,227400
2019/08/15,957.0,968.5,943.0,951.0,370100
2019/08/16,952.0,981.0,948.5,969.5,209000
2019/08/19,975.0,1001.5,973.0,997.0,242300
2019/08/20,997.0,1028.5,991.5,1023.5,412300
2019/08/21,1018.5,1054.5,1018.5,1038.5,280600
2019/08/22,1051.0,1074.5,1039.5,1048.5,289700
2019/08/23,1051.0,1066.0,1045.0,1049.5,197000
2019/08/26,1019.0,1041.5,1013.5,1017.5,246700
2019/08/27,1036.5,1056.5,1031.5,1044.5,209400
2019/08/28,1036.5,1063.5,1034.0,1054.5,190000
2019/08/29,1049.0,1051.0,1024.5,1030.5,191500
2019/08/30,1047.0,1056.5,1037.5,1044.0,171800
2019/09/02,1033.5,1053.0,1026.0,1038.5,117400
2019/09/03,1033.5,1056.0,1033.5,1041.5,138400
2019/09/04,1044.5,1058.5,1040.0,1040.0,144700
2019/09/05,1042.5,1065.5,1035.0,1058.0,193400
2019/09/06,1065.5,1093.0,1065.5,1073.0,319500
2019/09/09,1082.0,1091.5,1069.5,1088.5,141000
2019/09/10,1097.5,1108.5,1095.0,1101.5,236600
2019/09/11,1106.0,1131.0,1102.5,1129.0,300600
2019/09/12,1138.5,1149.0,1122.0,1128.0,208300
2019/09/13,1123.0,1126.0,1098.0,1121.5,300100
2019/09/17,1104.0,1105.0,1081.0,1085.5,306700
2019/09/18,1083.0,1083.0,1061.5,1063.5,285000
2019/09/19,1064.0,1091.0,1054.5,1057.0,290700
2019/09/20,1053.5,1081.5,1047.0,1078.0,192100
2019/09/24,1073.5,1093.0,1067.5,1090.5,241500
2019/09/25,1088.5,1092.0,1072.5,1081.0,134200
2019/09/26,1091.5,1107.0,1084.5,1095.0,125200
2019/09/27,1093.0,1099.5,1079.0,1086.0,138000
2019/09/30,1084.0,1099.5,1079.5,1099.0,128100
2019/10/01,1104.0,1130.0,1104.0,1126.0,227000
2019/10/02,1110.0,1110.5,1093.0,1106.0,146200
2019/10/03,1086.0,1086.5,1069.0,1070.0,236000
2019/10/04,1078.5,1099.5,1071.5,1099.0,143700
2019/10/07,1102.5,1104.5,1086.5,1100.5,159200
2019/10/08,1098.0,1124.5,1098.0,1119.5,231400
2019/10/09,1113.5,1136.0,1109.5,1128.5,212400
2019/10/10,1134.0,1134.0,1104.0,1104.5,113500
2019/10/11,1116.5,1126.0,1111.0,1117.5,98200
2019/10/15,1130.5,1160.0,1130.5,1154.0,322900
2019/10/16,1168.5,1177.5,1130.0,1131.5,292800
2019/10/17,1133.5,1158.0,1133.5,1145.0,150000
2019/10/18,1153.0,1164.0,1148.5,1153.5,141700
2019/10/21,1146.0,1156.5,1141.5,1153.0,150300
2019/10/23,1156.0,1174.5,1147.0,1173.0,163000
2019/10/24,1177.0,1191.0,1171.5,1186.0,273900
2019/10/25,1186.0,1187.5,1165.0,1181.0,165600
2019/10/28,1182.5,1201.5,1168.5,1175.0,230600
2019/10/29,1177.0,1264.0,1176.0,1255.5,721500
2019/10/30,1241.0,1241.0,1164.5,1195.0,710600
2019/10/31,1195.0,1219.5,1182.0,1200.5,284800
2019/11/01,950.5,950.5,950.5,950.5,133200
2019/11/05,950.5,1003.5,900.5,924.0,2270300
2019/11/06,919.0,923.0,894.5,920.0,875200
2019/11/07,917.5,937.0,914.5,929.5,445700
2019/11/08,930.5,950.5,924.5,931.0,490200
2019/11/11,937.0,958.5,935.0,958.0,370300
2019/11/12,971.0,981.5,959.0,974.5,363100
2019/11/13,981.5,990.0,970.0,981.0,360900
2019/11/14,981.0,992.0,970.5,980.0,335900
2019/11/15,979.5,1008.5,975.5,1004.5,319200
2019/11/18,998.5,1014.5,990.0,1008.0,275700
2019/11/19,1017.5,1038.5,1015.0,1034.0,381500
2019/11/20,1035.0,1047.5,1011.5,1014.0,314000
2019/11/21,1004.0,1012.0,984.0,999.0,245900
2019/11/22,998.5,1021.5,996.0,1008.0,159900
2019/11/25,1008.5,1027.5,1008.5,1021.5,150800
2019/11/26,1035.0,1040.5,1011.5,1022.0,180100
2019/11/27,1022.0,1033.5,1011.0,1011.0,177100
2019/11/28,1009.0,1011.0,991.0,995.5,204700
2019/11/29,995.5,1001.5,979.5,987.5,155100
2019/12/02,980.5,981.5,959.0,969.5,274900
2019/12/03,953.5,962.0,945.0,955.0,291300
2019/12/04,944.0,945.0,930.0,936.5,314800
2019/12/05,936.5,946.0,933.5,933.5,236000
2019/12/06,935.0,948.5,934.5,944.5,138600
2019/12/09,949.5,953.5,933.5,934.5,180500
2019/12/10,933.0,939.5,919.0,939.0,258500
2019/12/11,939.0,939.0,921.0,921.0,259600
2019/12/12,924.5,924.5,906.0,909.0,272400
2019/12/13,916.0,932.0,911.5,922.0,277200
2019/12/16,923.5,934.5,916.5,933.5,269200
2019/12/17,939.0,946.0,929.5,942.0,156300
2019/12/18,938.5,942.0,923.5,925.0,156100
2019/12/19,923.5,930.0,920.5,923.0,122100
2019/12/20,927.5,930.5,917.0,921.0,197000
2019/12/23,923.5,930.5,918.0,920.0,223400
2019/12/24,916.5,920.5,903.5,914.5,246900
2019/12/25,909.0,923.0,906.5,907.0,242200
2019/12/26,914.5,922.5,906.0,921.0,448000
2019/12/27,914.5,953.0,914.5,948.0,246700
2019/12/30,938.0,950.5,924.0,936.0,195500
2020/01/06,920.0,926.0,907.5,911.0,200800
2020/01/07,912.0,929.0,908.0,926.0,163600
2020/01/08,918.0,918.0,897.0,908.5,226600
2020/01/09,922.0,932.5,912.0,914.5,182000
2020/01/10,914.5,934.5,914.5,925.5,153200
2020/01/14,926.5,936.0,921.0,921.0,157300
2020/01/15,925.5,925.5,901.0,902.0,215200
2020/01/16,903.5,905.0,852.5,857.0,593000
2020/01/17,853.5,861.5,835.5,859.5,410200
2020/01/20,863.0,892.0,863.0,876.5,300900
2020/01/21,874.5,881.5,862.5,870.5,124400
2020/01/22,865.5,883.5,858.0,878.5,95400
2020/01/23,871.5,878.0,868.5,871.5,103100
2020/01/24,1021.5,1021.5,1021.5,1021.5,174600
2020/01/27,1051.5,1111.0,1038.5,1086.5,2620000
2020/01/28,1067.0,1069.5,1033.5,1038.0,790900
2020/01/29,1058.0,1061.0,1008.5,1014.5,793300
2020/01/30,1026.5,1041.5,1000.0,1005.0,537000
2020/01/31,1010.0,1056.5,1010.0,1045.5,501300
2020/02/03,1024.0,1056.5,1014.0,1047.5,344600
2020/02/04,1039.5,1065.5,1035.5,1062.5,229800
2020/02/05,1076.0,1135.5,1073.0,1123.5,681700
2020/02/06,1116.0,1121.5,1099.5,1112.0,294900
2020/02/07,1114.0,1119.0,1091.0,1101.5,302700
2020/02/10,1109.5,1130.0,1089.0,1110.5,349000
2020/02/12,1190.5,1271.0,1182.5,1244.0,1740500
2020/02/13,1236.0,1300.0,1231.5,1291.0,975300
2020/02/14,1279.0,1283.0,1240.0,1245.5,495800
2020/02/17,1220.5,1222.5,1176.5,1197.5,638800
2020/02/18,1173.5,1175.0,1098.5,1111.0,850600
2020/02/19,1131.0,1167.0,1124.5,1139.5,431500
2020/02/20,1151.0,1181.0,1149.5,1157.5,270900
2020/02/21,1151.0,1158.5,1132.0,1134.0,195500
2020/02/25,1054.0,1090.5,1051.0,1062.5,475100
2020/02/26,1045.0,1086.5,1043.0,1078.0,435700
2020/02/27,1059.5,1063.5,982.0,992.5,809800
2020/02/28,965.0,976.5,916.0,927.5,944200
2020/03/02,924.5,978.0,921.5,954.0,649400
2020/03/03,1003.5,1003.5,948.5,957.0,581100
2020/03/04,937.0,965.0,934.0,964.5,366700
2020/03/05,965.0,978.5,951.0,957.0,244600
2020/03/06,935.0,946.0,905.0,909.0,287000
2020/03/09,859.5,863.5,797.5,809.0,663000
2020/03/10,779.0,808.5,741.5,807.5,733100
2020/03/11,808.5,830.5,767.5,772.5,414000
2020/03/12,742.5,770.5,710.5,715.0,947300
2020/03/13,655.0,678.5,623.5,647.5,921700
2020/03/16,643.5,669.5,624.0,626.5,645900
2020/03/17,591.5,638.5,586.5,619.5,728600
2020/03/18,618.0,628.5,593.5,596.0,687100
2020/03/19,592.0,595.5,521.0,521.0,1265100
2020/03/23,491.0,503.0,471.0,499.5,1995700
2020/03/24,509.5,536.0,507.0,523.5,1202000
2020/03/25,563.5,573.5,553.5,573.5,578600
2020/03/26,558.5,578.0,524.5,530.5,1197900
2020/03/27,544.0,548.5,503.5,513.0,1296900
2020/03/30,503.0,507.5,488.0,494.0,778200
2020/03/31,499.0,505.0,488.5,491.0,704700
2020/04/01,486.0,491.0,453.5,457.5,1427300
2020/04/02,454.5,461.0,434.5,443.5,991300
2020/04/03,439.5,441.5,417.5,419.5,1412500
2020/04/06,420.5,454.5,411.5,448.0,2023900
2020/04/07,468.5,488.0,462.5,476.5,2243700
2020/04/08,472.0,511.5,447.5,490.0,1786000
2020/04/09,487.5,524.0,484.5,515.0,2301500
2020/04/10,512.0,513.5,489.0,495.0,1503600
2020/04/13,491.0,498.5,477.5,486.0,1126900
2020/04/14,486.0,515.5,483.0,514.5,1428300
2020/04/15,507.0,521.0,504.5,515.5,1187100
2020/04/16,506.0,509.5,492.5,497.5,1085700
2020/04/17,517.5,547.5,515.5,547.5,1942900
2020/04/20,554.5,612.0,532.0,597.0,5090200
2020/04/21,573.5,588.5,543.5,546.0,2720000
2020/04/22,514.0,523.0,494.0,508.5,2187700
2020/04/23,518.5,542.0,510.0,521.0,1332800
2020/04/24,515.5,517.5,495.5,498.0,1333000
2020/04/27,498.0,517.0,494.0,512.0,1377200
2020/04/28,532.0,562.0,531.0,562.0,2229000
2020/04/30,581.0,593.5,541.5,544.0,1683800
2020/05/01,551.5,571.5,531.0,555.0,1267300
2020/05/07,630.0,630.0,630.0,630.0,174600
2020/05/08,622.5,675.0,609.5,631.0,3336300
2020/05/11,638.5,706.0,638.5,706.0,2429400
2020/05/12,736.0,755.5,695.5,744.0,2420200
2020/05/13,726.0,796.0,713.0,794.5,2555200
2020/05/14,821.5,892.0,709.0,727.0,4530100
2020/05/15,772.0,777.0,679.0,703.0,2001500
2020/05/18,722.5,741.5,706.0,721.5,1442900
2020/05/19,756.0,817.0,732.5,797.5,3276700
2020/05/20,812.5,855.5,782.5,848.0,3333100
2020/05/21,858.5,897.0,792.5,826.5,3650200
2020/05/22,811.5,847.5,799.5,810.0,1482500
2020/05/25,853.5,867.0,836.5,850.0,1330700
2020/05/26,869.5,873.5,834.0,843.0,854700
2020/05/27,847.5,867.5,843.0,865.5,810600
2020/05/28,865.5,892.5,823.5,834.0,1290200
2020/05/29,823.5,839.0,792.5,792.5,1052800
2020/06/01,813.0,823.0,789.5,791.5,686400
2020/06/02,788.5,819.5,780.5,789.5,779700
2020/06/03,804.5,807.0,759.5,771.5,808800
2020/06/04,778.5,789.0,737.5,757.0,764000
2020/06/05,761.0,796.5,756.5,789.5,949400
2020/06/08,812.5,822.0,796.0,812.5,607200
2020/06/09,818.5,818.5,778.5,801.0,595100
2020/06/10,786.5,797.5,779.0,790.0,288000
2020/06/11,778.0,786.5,753.5,754.0,644100
2020/06/12,684.5,736.5,681.5,727.0,735000
2020/06/15,720.0,733.5,682.5,682.5,488600
2020/06/16,712.5,741.5,708.5,726.5,871900
2020/06/17,723.0,725.0,701.0,705.5,456900
2020/06/18,709.5,709.5,682.5,700.5,425000
2020/06/19,701.0,717.5,697.5,711.0,447500
2020/06/22,712.0,721.5,704.5,707.0,303600
2020/06/23,717.0,753.0,709.0,714.5,588200
2020/06/24,718.5,735.0,714.5,722.0,287800
2020/06/25,705.0,715.5,699.0,701.5,416900
2020/06/26,707.0,712.0,688.0,703.0,419900
2020/06/29,679.5,683.0,655.0,661.5,600500
2020/06/30,699.5,725.5,675.0,689.0,882200
2020/07/01,694.5,705.0,680.0,690.5,419500
2020/07/02,686.0,689.0,657.0,659.0,493100
2020/07/03,666.5,678.5,658.0,665.5,349400
2020/07/06,665.5,683.5,658.5,681.5,304700
2020/07/07,684.0,689.5,661.0,668.0,301700
2020/07/08,664.0,682.0,662.0,674.0,261600
2020/07/09,674.0,674.0,629.0,635.0,734700
2020/07/10,629.0,629.5,600.0,601.5,742300
2020/07/13,615.5,637.0,613.5,625.0,712200
2020/07/14,613.5,626.0,613.5,625.0,273900
2020/07/15,628.5,638.5,621.0,630.5,328600
2020/07/16,636.5,656.0,630.5,634.5,624800
2020/07/17,633.5,635.5,612.0,617.5,369000
2020/07/20,619.0,633.0,605.5,629.5,606100
2020/07/21,625.0,629.0,614.5,619.0,549500
2020/07/22,619.0,637.5,616.0,629.0,273400
2020/07/27,623.5,634.5,614.0,626.5,469500
2020/07/28,624.0,629.5,611.0,612.5,230400
2020/07/29,605.0,611.0,582.5,590.0,450700
2020/07/30,595.5,613.0,593.0,595.5,1182800
2020/07/31,593.5,599.0,572.5,574.0,1233900
2020/08/03,634.0,649.0,626.5,649.0,529000
2020/08/04,656.5,707.5,656.5,680.0,3052200
2020/08/05,671.0,672.5,642.0,646.5,1512300
2020/08/06,648.5,662.5,637.5,644.5,1247100
2020/08/07,638.5,656.0,634.0,647.5,599000
2020/08/11,655.0,674.5,648.5,672.0,493000
2020/08/12,679.5,690.0,666.0,677.5,354600
2020/08/13,683.5,686.5,671.0,679.5,604100
2020/08/14,677.0,698.0,671.5,697.5,921800
2020/08/17,697.5,704.5,675.5,678.0,746600
2020/08/18,676.5,686.0,664.5,685.0,854900
2020/08/19,684.0,696.0,676.0,687.5,617100
2020/08/20,687.5,696.5,676.0,680.5,724500
2020/08/21,687.5,742.5,683.0,737.5,2887100
2020/08/24,730.0,732.5,678.0,678.0,1702700
2020/08/25,689.0,695.5,682.5,689.5,581400
2020/08/26,693.5,711.0,687.0,701.5,946100
2020/08/27,707.0,715.0,683.5,686.5,691300
2020/08/28,683.5,695.5,661.0,666.5,778900
2020/08/31,685.0,701.5,682.0,694.0,466300
2020/09/01,690.0,702.5,686.0,702.0,291600
2020/09/02,708.5,713.0,688.5,693.0,396900
2020/09/03,705.0,717.0,699.5,705.0,531800
2020/09/04,690.0,710.0,686.0,704.0,365800
2020/09/07,711.0,739.0,708.0,726.0,547200
2020/09/08,733.5,761.0,733.5,760.5,723900
2020/09/09,746.0,763.5,735.0,756.5,539800
2020/09/10,763.5,781.5,754.0,769.0,763700
2020/09/11,780.5,784.5,758.5,784.5,577000
2020/09/14,802.5,807.5,781.5,784.5,919500
2020/09/15,784.0,790.0,762.0,787.0,1034500
2020/09/16,789.5,792.5,768.5,787.5,677300
2020/09/17,787.5,793.0,772.0,772.0,352600
2020/09/18,773.5,783.5,769.0,781.5,358800
2020/09/23,778.5,789.5,764.0,782.5,391700
2020/09/24,778.5,789.5,765.5,776.0,485400
2020/09/25,777.0,786.0,768.5,771.0,289700
2020/09/28,774.5,778.5,741.5,751.0,476100
2020/09/29,746.0,767.0,742.5,761.0,359900
2020/09/30,765.0,798.5,759.0,793.5,837500
2020/10/01,,,,,0
2020/10/02,844.0,856.5,813.5,818.5,1301500
2020/10/05,847.0,865.0,844.0,860.5,908200
2020/10/06,862.5,883.0,852.5,868.0,763300
2020/10/07,872.5,879.0,856.5,879.0,433400
2020/10/08,881.0,934.5,869.0,902.5,1203800
2020/10/09,895.0,913.0,874.5,885.0,841800
2020/10/12,885.0,890.0,861.0,866.0,422700
2020/10/13,871.0,871.0,835.0,837.5,602600
2020/10/14,838.0,844.0,826.5,838.0,429700
2020/10/15,841.5,854.5,834.0,838.5,365600
2020/10/16,838.0,846.0,816.5,826.5,390900
2020/10/19,829.0,854.0,826.5,850.0,349900
2020/10/20,851.0,879.5,846.0,870.0,431300
2020/10/21,876.0,893.0,873.0,890.5,443800
2020/10/22,893.5,901.0,848.0,850.0,664200
2020/10/23,858.0,871.5,834.0,868.0,459800
2020/10/26,883.0,891.0,835.0,835.5,562300
2020/10/27,823.0,853.5,817.5,853.5,316600
2020/10/28,846.5,861.0,826.0,829.5,342300
2020/10/29,814.5,826.5,798.0,807.0,576500
2020/10/30,822.0,826.0,784.5,800.0,570200
2020/11/02,831.5,875.0,793.5,804.0,957100
2020/11/04,810.5,819.5,775.5,784.0,672000
2020/11/05,799.0,826.0,796.0,822.5,708600
2020/11/06,821.5,852.0,821.0,848.0,476700
2020/11/09,861.0,883.5,856.0,875.0,561600
2020/11/10,923.0,962.0,905.5,919.5,1354400
2020/11/11,928.0,969.0,926.0,965.0,793600
2020/11/12,950.0,972.0,924.0,935.0,519700
2020/11/13,928.0,935.0,907.0,915.0,372100
2020/11/16,935.0,945.0,894.5,923.0,402400
2020/11/17,938.0,938.0,901.0,905.0,342900
2020/11/18,896.5,907.5,873.5,876.0,413300
2020/11/19,871.0,876.0,846.0,849.0,438400
2020/11/20,843.5,852.5,827.0,846.5,336400
2020/11/24,875.0,896.0,866.0,892.5,508400
2020/11/25,914.0,929.5,896.0,896.0,471700
2020/11/26,884.5,893.5,867.5,880.5,318400
2020/11/27,874.5,950.5,873.5,938.5,1596000
2020/11/30,931.0,931.5,886.5,886.5,745600
2020/12/01,891.0,925.0,891.0,921.0,384000
2020/12/02,914.0,941.0,912.0,939.5,420200
2020/12/03,937.0,949.0,927.0,936.0,277700
2020/12/04,936.0,936.0,912.5,928.5,207400
2020/12/07,931.5,931.5,906.0,906.0,268000
2020/12/08,896.5,926.0,891.0,925.5,178100
2020/12/09,928.5,935.5,922.0,929.5,203600
2020/12/10,930.5,930.5,910.5,912.0,167700
2020/12/11,911.0,928.0,903.5,919.5,169900
2020/12/14,928.0,938.5,923.5,930.5,242100
2020/12/15,923.0,925.5,906.0,910.0,240300
2020/12/16,903.5,903.5,863.5,879.0,580300
2020/12/17,873.5,877.5,847.0,850.0,439500
2020/12/18,846.0,860.0,841.5,848.0,295900
2020/12/21,856.0,860.0,829.5,836.0,270200
2020/12/22,838.5,838.5,806.0,809.0,397900
2020/12/23,821.5,827.0,808.0,826.0,267800
2020/12/24,829.0,849.0,829.0,844.0,300700
2020/12/25,839.5,848.5,828.5,843.5,254100
2020/12/28,841.0,841.0,813.5,818.5,455200
2020/12/29,814.0,843.0,812.5,838.5,301400
2020/12/30,834.5,849.5,832.0,844.5,192600
2021/01/04,843.5,844.5,817.0,827.5,206400
2021/01/05,819.0,831.5,816.0,826.5,115600
2021/01/06,826.5,837.5,824.5,832.0,112100
2021/01/07,839.0,844.0,829.5,829.5,148500
2021/01/08,828.5,833.0,817.5,819.0,233200
2021/01/12,818.5,821.5,803.5,808.5,231800
2021/01/13,809.0,826.0,808.0,823.5,210400
2021/01/14,816.0,818.5,806.5,809.0,205500
2021/01/15,813.5,813.5,782.5,784.0,371900
2021/01/18,784.0,790.5,776.0,787.5,206000
2021/01/19,788.0,790.0,776.5,779.5,161100
2021/01/20,778.5,781.0,760.0,763.0,311900
2021/01/21,769.0,792.5,768.5,782.5,251800
2021/01/22,773.0,773.5,765.5,769.5,202200
2021/01/25,764.0,773.0,760.5,769.5,145000
2021/01/26,771.0,778.0,757.0,758.5,206700
2021/01/27,758.0,764.0,746.0,750.0,323500
2021/01/28,736.5,759.5,731.5,759.5,304600
2021/01/29,767.0,768.0,733.0,733.0,319900
2021/02/01,736.0,754.0,733.0,750.0,184600
2021/02/02,752.0,764.5,744.0,761.5,200000
2021/02/03,768.5,787.5,763.5,786.0,297000
2021/02/04,794.0,809.5,787.5,795.5,422400
2021/02/05,803.5,848.0,798.5,840.0,627700
2021/02/08,838.5,841.0,814.5,825.5,330300
2021/02/09,820.5,825.0,799.5,810.0,385500
2021/02/10,808.5,810.5,798.5,799.5,204500
2021/02/12,789.5,818.0,784.5,803.0,523200
2021/02/15,813.0,836.5,804.5,810.0,362400
2021/02/16,811.0,848.0,811.0,834.5,397500
2021/02/17,838.0,856.5,824.5,841.0,374900
2021/02/18,850.5,861.5,821.0,824.5,344500
2021/02/19,823.5,829.5,800.5,809.0,303400
2021/02/22,818.5,847.5,811.5,835.0,284400
2021/02/24,827.0,829.5,807.0,812.0,420500
2021/02/25,826.0,872.5,826.0,852.0,703800
2021/02/26,837.0,875.5,837.0,851.5,517900
2021/03/01,864.0,872.5,845.5,861.0,247500
2021/03/02,872.5,873.5,829.0,843.0,351300
2021/03/03,848.0,871.0,847.0,856.0,238800
2021/03/04,856.0,867.0,847.0,849.5,292500
2021/03/05,862.5,863.5,838.5,850.5,210800
2021/03/08,862.0,875.5,838.5,846.5,258000
2021/03/09,858.5,858.5,831.5,844.0,243700
2021/03/10,835.5,835.5,818.0,825.0,269800
2021/03/11,823.5,845.5,821.5,842.0,162700
2021/03/12,841.5,852.0,830.0,851.0,171200
2021/03/15,852.5,898.5,852.5,886.5,471000
2021/03/16,887.0,911.0,868.5,904.5,334000
2021/03/17,896.0,907.0,888.5,896.0,184400
2021/03/18,910.5,932.5,904.5,925.5,429900
2021/03/19,924.0,946.0,917.0,946.0,320600
2021/03/22,946.0,948.5,925.5,936.0,245000
2021/03/23,936.0,942.5,913.0,916.5,254500
2021/03/24,901.5,907.5,872.0,883.5,298300
2021/03/25,879.0,912.0,878.5,908.5,199800
2021/03/26,923.5,939.5,914.5,936.0,211700
2021/03/29,946.0,953.0,925.0,931.0,239500
2021/03/30,931.0,963.0,928.5,962.0,313700
2021/03/31,969.5,1034.5,965.0,1017.5,731000
2021/04/01,1009.5,1009.5,982.0,992.0,429100
2021/04/02,992.0,1005.5,986.0,997.0,227100
2021/04/05,1004.5,1023.5,997.5,1021.5,213600
2021/04/06,1001.5,1005.5,939.0,948.5,630900
2021/04/07,948.5,954.5,923.5,931.0,867700
2021/04/08,932.0,936.5,909.0,925.0,565800
2021/04/09,925.0,945.0,924.0,929.0,417700
2021/04/12,932.5,945.0,921.5,941.0,414300
2021/04/13,939.0,974.0,930.0,966.0,625300
2021/04/14,967.0,975.5,953.5,959.0,273500
2021/04/15,957.5,971.5,954.5,971.0,191100
2021/04/16,972.5,977.5,961.0,972.5,153500
2021/04/19,966.0,966.0,951.0,960.0,173200
2021/04/20,948.5,957.5,940.0,941.5,164800
2021/04/21,921.5,934.0,898.5,905.5,323500
2021/04/22,928.5,938.5,923.5,938.5,211200
2021/04/23,931.0,957.0,931.0,945.5,180000
2021/04/26,953.5,983.0,952.5,982.0,404200
2021/04/27,985.0,995.0,976.5,979.0,397300
2021/04/28,973.5,973.5,950.0,963.5,625100
2021/04/30,963.5,994.0,962.5,980.0,543600
2021/05/06,973.5,991.5,944.5,982.5,456800
2021/05/07,983.0,1043.5,979.5,1041.5,796600
2021/05/10,1038.5,1038.5,1011.0,1021.0,306000
2021/05/11,1015.5,1015.5,992.5,996.0,284800
2021/05/12,1003.0,1012.0,969.0,982.0,217500
2021/05/13,982.0,987.0,954.0,956.5,226600
2021/05/14,975.0,978.0,935.0,935.5,229600
2021/05/17,940.0,944.5,913.5,923.0,217000
2021/05/18,934.5,958.0,927.5,955.0,172500
2021/05/19,943.0,954.5,930.5,941.0,281900
2021/05/20,941.5,951.5,937.5,948.5,96900
2021/05/21,948.5,952.0,926.0,927.5,216900
2021/05/24,926.5,927.0,904.5,910.5,202500
2021/05/25,919.5,921.5,907.0,909.5,110200
2021/05/26,908.5,923.5,905.0,914.0,136900
2021/05/27,918.5,923.5,903.5,909.5,169900
2021/05/28,913.0,917.5,881.0,884.5,454800
2021/05/31,899.5,905.0,890.0,901.0,140300
2021/06/01,903.0,906.0,892.5,902.5,119700
2021/06/02,906.5,937.5,906.0,927.5,235800
2021/06/03,937.5,967.0,937.0,965.5,324400
2021/06/04,948.5,958.0,936.0,942.5,176600
2021/06/07,951.0,953.0,935.0,942.5,121300
2021/06/08,943.0,950.0,940.0,948.0,73100
2021/06/09,948.0,968.5,944.0,963.5,158000
2021/06/10,967.0,999.0,959.0,992.0,267500
2021/06/11,983.0,992.0,972.5,973.0,128000
2021/06/14,982.0,986.0,971.0,976.0,106400
2021/06/15,978.5,983.0,955.0,959.0,134000
2021/06/16,948.0,948.5,937.5,943.0,133800
2021/06/17,941.5,950.0,933.0,941.0,117900
2021/06/18,936.0,936.0,912.5,912.5,151200
2021/06/21,889.0,902.5,887.5,902.0,208800
2021/06/22,921.0,921.0,904.5,907.0,102600
2021/06/23,907.0,915.5,901.5,904.0,110100
2021/06/24,909.0,909.0,895.5,902.0,86600
2021/06/25,909.5,911.5,903.0,903.5,105700
2021/06/28,911.0,925.5,911.0,917.5,118300
2021/06/29,912.5,917.0,903.5,915.0,87100
2021/06/30,918.5,935.5,917.0,925.5,136500
2021/07/01,926.0,932.5,919.5,921.5,56300
2021/07/02,926.5,935.0,924.0,930.0,92700
2021/07/05,932.5,933.5,922.0,922.0,74900
2021/07/06,922.0,934.5,918.5,932.5,81300
2021/07/07,922.5,932.5,918.5,921.0,75400
2021/07/08,913.5,924.0,904.0,904.0,122300
2021/07/09,898.5,912.0,891.5,911.0,167100
2021/07/12,925.5,943.5,923.0,931.5,179200
2021/07/13,935.5,950.0,932.5,941.5,123900
2021/07/14,946.5,965.5,941.5,961.5,142700
2021/07/15,958.5,958.5,938.0,939.5,87600
2021/07/16,936.5,961.0,935.5,960.5,120500
2021/07/19,948.5,950.0,934.5,939.0,126400
2021/07/20,931.0,942.5,927.0,929.5,113900
2021/07/21,943.0,951.0,938.0,942.5,88200
2021/07/26,949.5,954.5,942.5,945.5,78100
2021/07/27,951.0,958.0,945.5,957.0,82700
2021/07/28,951.0,954.0,928.5,934.5,101200
2021/07/29,944.5,951.0,939.0,950.0,256400
2021/07/30,941.0,943.5,913.5,914.5,165300
2021/08/02,904.5,909.0,885.0,889.0,287200
2021/08/03,901.5,921.0,893.5,902.0,153200
2021/08/04,901.0,912.0,897.0,900.0,85400
2021/08/05,900.0,910.5,894.0,897.0,83300
2021/08/06,893.5,903.5,888.5,892.0,107800
2021/08/10,892.5,918.0,892.5,917.0,108600
2021/08/11,918.5,921.0,903.5,904.5,65000
2021/08/12,918.0,918.0,895.0,895.5,67100
2021/08/13,898.0,905.5,897.0,900.5,44900
2021/08/16,898.0,900.5,871.0,880.5,275000
2021/08/17,875.5,880.5,862.0,865.0,134100
2021/08/18,860.5,867.0,855.0,861.0,108100
2021/08/19,855.0,855.5,833.5,835.5,173600
2021/08/20,828.5,844.0,812.5,815.0,155200
2021/08/23,830.0,850.0,829.0,846.5,149100
2021/08/24,852.0,875.5,851.0,869.0,118900
2021/08/25,869.0,883.0,867.5,874.5,76100
2021/08/26,874.5,888.0,873.5,880.5,104800
2021/08/27,880.5,885.5,876.5,885.5,51400
2021/08/30,898.0,908.0,885.5,890.5,88900
2021/08/31,884.0,890.5,879.5,884.5,84900
2021/09/01,886.0,900.0,881.0,895.0,92900
2021/09/02,891.0,891.0,880.5,885.0,73700
2021/09/03,890.0,890.0,879.0,879.5,95100
2021/09/06,888.0,893.5,880.0,886.0,124300
2021/09/07,893.0,893.5,872.0,873.0,251200
2021/09/08,880.0,881.0,866.5,872.0,155500
2021/09/09,865.0,866.0,848.5,850.5,233700
2021/09/10,855.0,871.0,855.0,870.5,175400
2021/09/13,868.5,871.0,861.5,871.0,119700
2021/09/14,877.0,889.0,876.0,883.0,166600
2021/09/15,871.5,877.5,867.0,873.0,103100
2021/09/16,876.0,876.0,838.5,853.5,225800
2021/09/17,851.0,863.0,848.5,863.0,110600
2021/09/21,843.5,846.5,828.5,841.5,162700
2021/09/22,840.0,842.0,830.0,833.5,134900
2021/09/24,848.0,853.5,840.0,853.0,119400
2021/09/27,855.0,867.0,855.0,858.0,126500
2021/09/28,863.5,863.5,844.0,851.5,140400
2021/09/29,833.5,845.5,831.0,841.0,288200
2021/09/30,843.5,862.0,842.5,860.0,170000
2021/10/01,853.5,862.0,840.5,854.5,175500
2021/10/04,865.0,865.5,841.0,846.0,143900
2021/10/05,841.0,847.0,820.5,844.5,211000
2021/10/06,849.0,854.5,823.0,826.0,183600
2021/10/07,828.5,832.5,818.0,818.0,120300
2021/10/08,831.0,836.0,826.5,826.5,117300
2021/10/11,836.5,842.5,831.5,840.5,78200
2021/10/12,841.5,843.5,831.0,834.5,74100
2021/10/13,833.5,835.0,820.0,823.5,107000
2021/10/14,823.5,826.0,807.0,810.0,151100
2021/10/15,817.5,828.0,814.0,828.0,138900
2021/10/18,831.0,838.0,826.5,830.5,84200
2021/10/19,830.5,833.0,822.5,830.5,52600
2021/10/20,831.0,838.5,831.0,831.5,62400
2021/10/21,831.5,834.0,819.5,819.5,64200
2021/10/22,819.5,828.5,814.0,821.5,93000
2021/10/25,818.5,822.0,807.0,810.5,92700
2021/10/26,815.5,823.5,813.0,822.5,49800
2021/10/27,818.0,818.0,807.0,811.0,84500
2021/10/28,807.0,819.5,798.0,812.5,186900
2021/10/29,812.5,812.5,799.0,799.0,90400
2021/11/01,806.0,822.0,792.0,803.0,235200
2021/11/02,803.0,808.0,799.5,801.5,98700
2021/11/04,813.0,823.5,808.5,814.0,146700
2021/11/05,810.5,815.5,800.5,803.0,83800
2021/11/08,815.0,838.5,814.5,834.0,210200
2021/11/09,842.5,852.5,828.5,833.5,183100
2021/11/10,831.0,835.0,817.5,822.5,128700
2021/11/11,823.0,841.0,822.5,834.5,120200
2021/11/12,837.5,842.0,816.5,820.0,202300
2021/11/15,822.5,824.0,804.5,805.5,156900
2021/11/16,812.0,816.5,803.5,805.5,125100
2021/11/17,808.0,813.0,786.0,786.0,233600
2021/11/18,787.5,803.0,786.5,799.5,135700
2021/11/19,793.5,798.0,780.5,783.5,197000
2021/11/22,779.5,789.0,766.0,786.5,279700
2021/11/24,787.0,789.5,776.0,776.0,158900
2021/11/25,776.5,778.0,766.5,771.0,215200
2021/11/26,761.0,768.0,741.0,741.5,349000
2021/11/29,726.5,751.0,720.5,732.0,292500
2021/11/30,747.0,759.5,742.0,750.0,852400
2021/12/01,748.5,763.0,736.0,759.0,185800
2021/12/02,757.0,761.0,745.5,750.0,121500
2021/12/03,762.5,769.0,756.5,767.0,100200
2021/12/06,775.0,777.0,763.5,768.5,113100
2021/12/07,775.0,791.5,775.0,791.5,151800
2021/12/08,804.0,812.5,797.5,812.5,155100
2021/12/09,813.5,821.5,809.5,818.5,108000
2021/12/10,817.0,820.0,800.5,804.5,129700
2021/12/13,818.5,824.5,804.0,806.5,92900
2021/12/14,805.5,806.5,793.5,798.0,89100
2021/12/15,792.5,805.0,792.5,803.5,61400
2021/12/16,816.0,818.0,806.0,806.0,83700
2021/12/17,813.0,818.0,806.0,818.0,78400
2021/12/20,818.0,819.5,798.0,799.5,89800
2021/12/21,799.5,805.0,795.0,798.5,72600
2021/12/22,804.5,835.5,804.5,833.0,241300
2021/12/23,831.5,831.5,818.5,823.0,124600
2021/12/24,829.5,832.5,818.0,821.5,98100
2021/12/27,823.5,826.0,818.5,819.0,86000
2021/12/28,830.5,830.5,815.5,828.5,199800
2021/12/29,819.0,832.5,814.5,828.5,97300
2021/12/30,823.0,832.0,820.0,829.0,60800
2022/01/04,833.5,837.5,825.5,834.0,125200
2022/01/05,838.0,840.0,816.0,818.0,106700
2022/01/06,806.5,810.0,789.5,790.0,120600
2022/01/07,790.5,796.0,767.0,773.5,184200
2022/01/11,769.5,779.0,762.5,776.0,79300
2022/01/12,774.0,785.0,772.5,782.0,70900
2022/01/13,773.5,773.5,746.5,746.5,152400
2022/01/14,743.5,743.5,730.0,734.5,112700
2022/01/17,733.0,741.5,725.0,728.0,117700
2022/01/18,726.0,743.0,724.5,729.0,96400
2022/01/19,726.5,728.0,699.5,702.0,146800
2022/01/20,700.0,714.5,698.5,709.0,113700
2022/01/21,704.5,723.0,698.5,723.0,92500
2022/01/24,715.0,721.0,706.5,721.0,64200
2022/01/25,719.0,719.0,698.5,701.0,100400
2022/01/26,701.0,711.0,701.0,702.0,53100
2022/01/27,702.0,706.5,678.5,685.5,142200
2022/01/28,689.0,697.0,685.0,693.5,60800
2022/01/31,699.5,714.5,698.5,711.5,63000
2022/02/01,730.5,746.5,727.0,733.5,162500
2022/02/02,737.5,765.5,737.0,765.5,116300
2022/02/03,756.5,760.0,747.0,753.0,105800
2022/02/04,762.5,774.0,756.0,771.0,94900
2022/02/07,775.5,776.0,759.5,761.0,63800
2022/02/08,757.5,768.5,753.5,757.5,55600
2022/02/09,763.5,775.0,762.0,771.5,92800
2022/02/10,784.5,798.0,776.5,788.5,171800
2022/02/14,734.5,747.0,716.5,739.0,206900
2022/02/15,734.0,741.5,723.5,724.0,94300
2022/02/16,736.0,753.5,735.0,753.0,107200
2022/02/17,753.0,771.0,747.5,765.5,98500
2022/02/18,751.0,773.0,751.0,763.5,54100
2022/02/21,762.0,762.0,748.0,752.0,44500
2022/02/22,753.5,753.5,740.0,747.0,38600
2022/02/24,743.5,746.0,733.0,745.5,76200
2022/02/25,745.5,757.0,744.0,755.5,55100
2022/02/28,753.5,766.0,750.5,757.5,53000
2022/03/01,771.0,771.0,761.5,764.5,46900
2022/03/02,750.5,759.5,747.5,759.5,110200
2022/03/03,769.0,772.5,746.5,752.0,115000
2022/03/04,748.5,748.5,732.0,745.0,76600
2022/03/07,739.0,742.5,705.0,713.0,124200
2022/03/08,698.5,713.0,691.5,696.0,76100
2022/03/09,691.5,705.0,690.0,693.0,68200
2022/03/10,710.5,721.0,710.5,721.0,80700
2022/03/11,708.5,718.5,703.5,707.0,70000
2022/03/14,706.0,719.0,706.0,713.5,44800
2022/03/15,708.5,733.0,698.5,714.5,314900
2022/03/16,726.0,746.0,716.0,746.0,129200
2022/03/17,752.5,761.5,740.0,751.0,81100
2022/03/18,747.5,765.0,744.0,762.5,106500
2022/03/22,768.5,776.0,761.0,770.5,75000
2022/03/23,779.5,792.0,775.5,779.0,105400
2022/03/24,769.5,796.0,768.5,796.0,71000
2022/03/25,797.5,800.5,786.0,792.0,49200
2022/03/28,792.0,803.5,778.5,795.5,60700
2022/03/29,793.5,794.0,787.0,793.0,42400
2022/03/30,786.5,796.0,783.5,796.0,53200
2022/03/31,790.0,797.0,787.0,794.0,38500
2022/04/01,786.0,797.0,779.5,796.0,42600
2022/04/04,798.5,806.5,797.5,802.5,71900
2022/04/05,802.0,813.5,798.0,803.0,92300
2022/04/06,792.5,793.0,776.5,779.5,87300
2022/04/07,769.5,771.5,763.0,770.5,61300
2022/04/08,779.5,780.0,764.0,772.5,76500
2022/04/11,775.5,783.5,774.0,777.0,43500
2022/04/12,768.5,778.5,766.0,766.0,43400
2022/04/13,769.5,770.5,761.0,769.0,44100
2022/04/14,767.0,773.5,763.5,772.5,27200
2022/04/15,767.5,777.0,763.0,777.0,27400
2022/04/18,777.0,783.0,769.5,780.5,45600
2022/04/19,774.0,783.5,771.0,783.5,30100
2022/04/20,784.5,796.0,784.5,789.5,67600
2022/04/21,788.5,795.5,785.5,788.5,38600
2022/04/22,788.5,788.5,772.5,772.5,32000
2022/04/25,760.0,766.5,759.0,761.0,40000
2022/04/26,764.5,764.5,756.5,759.0,27500
2022/04/27,756.0,768.5,749.5,768.5,89700
2022/04/28,762.5,773.5,760.0,772.0,44900
2022/05/02,772.0,774.5,759.0,759.0,71400
2022/05/06,759.0,779.5,750.0,774.0,76200
2022/05/09,773.5,773.5,760.0,763.0,46300
2022/05/10,753.5,754.5,738.5,747.0,57400
2022/05/11,750.0,764.5,750.0,759.0,38900
2022/05/12,753.5,754.0,744.0,744.5,38000
2022/05/13,743.5,770.0,743.5,770.0,49600
2022/05/16,773.5,777.5,765.5,772.5,49800
2022/05/17,772.0,786.5,768.5,786.0,56300
2022/05/18,786.5,786.5,774.0,777.5,38200
2022/05/19,771.0,771.0,759.5,762.5,44600
2022/05/20,758.5,779.5,758.5,779.0,43400
2022/05/23,783.5,793.5,781.5,793.5,58300
2022/05/24,789.5,789.5,776.5,777.0,37400
2022/05/25,773.5,782.0,769.5,776.0,45400
2022/05/26,776.0,842.5,776.0,838.0,344800
2022/05/27,831.0,838.5,810.0,812.5,227900
2022/05/30,823.0,823.0,796.0,822.0,146100
2022/05/31,811.5,817.5,803.5,807.5,63200
2022/06/01,805.0,815.0,803.5,808.0,41200
2022/06/02,806.0,813.5,796.5,808.5,51300
2022/06/03,806.0,807.5,795.5,801.0,65200
2022/06/06,794.5,812.0,792.5,811.0,56800
2022/06/07,806.0,814.5,805.5,808.0,33200
2022/06/08,808.0,847.0,803.5,846.5,133900
2022/06/09,847.0,893.5,846.0,879.0,309700
2022/06/10,882.5,882.5,864.5,873.5,142500
2022/06/13,864.5,876.0,854.5,856.5,140700
2022/06/14,854.5,872.5,843.5,871.0,117800
2022/06/15,872.5,887.5,872.0,876.0,83000
2022/06/16,876.0,877.5,857.5,859.5,77700
2022/06/17,838.5,838.5,821.5,830.5,106100
2022/06/20,836.0,842.5,818.5,824.5,55400
2022/06/21,825.5,838.5,821.0,833.5,47300
2022/06/22,828.5,834.0,823.0,831.0,45500
2022/06/23,826.5,838.0,826.5,826.5,42400
2022/06/24,831.0,831.0,815.5,830.0,53000
2022/06/27,830.0,837.0,822.0,832.0,53900
2022/06/28,832.5,841.0,827.0,838.5,77000
2022/06/29,825.0,832.0,819.0,832.0,85100
2022/06/30,826.0,837.0,820.0,821.5,55600
2022/07/01,821.5,825.0,814.0,815.0,62600
2022/07/04,815.0,823.0,801.0,805.0,35200
2022/07/05,805.0,822.5,805.0,813.5,38600
2022/07/06,810.5,814.0,802.0,804.0,31400
2022/07/07,808.5,810.5,792.5,804.0,54700
2022/07/08,800.0,809.5,793.5,796.0,63900
2022/07/11,796.5,820.5,796.5,816.5,54600
2022/07/12,809.5,809.5,795.5,803.0,61200
2022/07/13,801.0,810.5,798.5,810.5,30700
2022/07/14,806.5,808.5,801.0,804.5,36200
2022/07/15,806.0,806.0,796.5,803.0,26000
2022/07/19,806.5,807.0,799.5,806.0,25300
2022/07/20,816.0,826.0,810.5,824.5,47500
2022/07/21,825.5,832.0,818.5,830.5,34500
2022/07/22,881.0,921.5,855.0,904.5,1303400
2022/07/25,890.5,914.5,889.0,899.5,386100
2022/07/26,901.0,905.5,890.0,893.5,182300
2022/07/27,890.5,898.0,886.5,893.5,119800
2022/07/28,893.5,894.0,876.0,893.5,365300
2022/07/29,893.5,902.0,878.5,880.5,141800
2022/08/01,888.0,928.0,875.0,904.0,359600
2022/08/02,905.0,905.0,877.5,881.5,144800
2022/08/03,887.0,887.0,875.5,881.5,44300
2022/08/04,881.0,881.0,862.5,868.5,69000
2022/08/05,864.0,877.0,863.5,870.5,44700
2022/08/08,870.5,870.5,861.0,870.5,49900
2022/08/09,873.5,876.0,863.5,865.0,29800
2022/08/10,862.0,862.0,849.0,849.5,60700
2022/08/12,862.5,880.0,856.5,870.5,93700
2022/08/15,871.0,876.5,867.5,873.0,38800
2022/08/16,873.0,889.5,868.0,888.0,64400
2022/08/17,893.5,893.5,878.0,878.5,62200
2022/08/18,876.0,890.5,874.0,883.5,53600
2022/08/19,890.0,890.0,879.0,884.0,29400
2022/08/22,881.0,883.5,869.0,869.0,41400
2022/08/23,860.0,867.0,855.0,863.5,42100
2022/08/24,861.0,863.5,852.0,857.0,63600
2022/08/25,857.0,862.0,855.0,857.0,30400
2022/08/26,862.0,862.0,853.5,854.5,39500
2022/08/29,836.0,850.0,836.0,846.5,51500
2022/08/30,849.0,857.5,845.0,849.0,86500
2022/08/31,849.0,860.5,849.0,855.5,46000
2022/09/01,853.0,854.0,844.0,844.0,52700
2022/09/02,853.5,862.5,849.5,852.5,92000
2022/09/05,848.5,848.5,835.0,847.0,72500
2022/09/06,847.0,851.5,841.5,846.5,68300
2022/09/07,846.5,846.5,831.5,844.0,74300
2022/09/08,850.0,859.0,843.5,857.0,61700
2022/09/09,854.5,867.5,854.5,862.5,55300
2022/09/12,874.0,879.0,869.0,873.0,43500
2022/09/13,877.5,877.5,864.5,864.5,35600
2022/09/14,850.5,877.0,849.5,874.0,79000
2022/09/15,876.0,876.5,867.0,869.0,35400
2022/09/16,861.5,872.5,858.5,862.5,31600
2022/09/20,865.0,872.0,862.0,870.0,45500
2022/09/21,861.0,861.0,851.0,853.0,44500
2022/09/22,844.5,856.5,839.0,856.5,43400
2022/09/26,851.0,857.0,838.5,847.5,66900
2022/09/27,847.5,855.0,844.0,852.0,39900
2022/09/28,852.0,852.0,830.5,842.5,66300
2022/09/29,854.0,862.0,846.0,853.5,35000
2022/09/30,851.0,851.0,834.0,839.5,43400
2022/10/03,834.0,843.5,826.0,843.5,42600
2022/10/04,850.0,854.5,846.5,853.0,38000
2022/10/05,862.0,862.5,847.0,847.0,36400
2022/10/06,847.0,856.0,847.0,849.0,27800
2022/10/07,841.5,860.0,841.5,856.5,39000
2022/10/11,849.5,851.5,839.5,839.5,46100
2022/10/12,837.5,840.5,831.0,835.0,42500
2022/10/13,838.0,838.0,821.5,821.5,37100
2022/10/14,839.0,842.0,828.0,837.0,63400
2022/10/17,839.0,845.0,831.0,833.0,44500
2022/10/18,842.0,842.0,832.5,834.0,50700
2022/10/19,836.0,844.0,835.0,842.5,33200
2022/10/20,834.5,838.0,831.5,838.0,41500
2022/10/21,836.0,844.0,836.0,840.0,25000
2022/10/24,854.5,856.0,836.5,841.0,54800
2022/10/25,844.0,847.0,837.5,839.5,36100
2022/10/26,841.0,858.5,841.0,854.0,74000
2022/10/27,854.0,856.5,849.0,851.5,27100
2022/10/28,850.0,866.0,850.0,858.5,134200
2022/10/31,873.0,878.0,866.0,876.0,121200
2022/11/01,841.0,847.5,819.5,821.5,359300
2022/11/02,821.5,824.5,806.0,806.0,164700
2022/11/04,801.0,801.0,785.5,787.0,167400
2022/11/07,794.0,804.5,792.5,800.5,72000
2022/11/08,801.0,810.0,800.5,805.0,55100
2022/11/09,805.0,810.0,804.5,809.5,48900
2022/11/10,807.5,814.5,806.0,810.0,33300
2022/11/11,822.0,822.0,809.0,813.5,43400
2022/11/14,821.5,821.5,809.5,809.5,33700
2022/11/15,811.5,816.0,810.5,811.0,25500
2022/11/16,813.5,816.0,802.5,805.0,39200
2022/11/17,801.0,811.5,801.0,805.5,55500
2022/11/18,811.0,816.0,808.5,810.0,28700
2022/11/21,813.5,820.5,810.0,812.5,38200
2022/11/22,815.5,818.0,813.0,814.5,46700
2022/11/24,816.5,821.5,816.0,821.5,49600
2022/11/25,814.5,818.0,812.0,812.5,70700
2022/11/28,812.5,815.0,810.5,811.0,61700
2022/11/29,808.0,808.0,795.0,796.0,146600
2022/11/30,795.5,796.5,790.5,792.0,80300
2022/12/01,797.5,797.5,784.0,785.5,108500
2022/12/02,784.5,787.0,776.5,782.0,96800
2022/12/05,784.0,786.0,777.0,777.5,75000
2022/12/06,777.5,779.5,773.5,773.5,67700
2022/12/07,771.5,780.5,771.0,779.5,74400
2022/12/08,779.0,781.0,764.0,772.0,110900
2022/12/09,774.0,780.0,774.0,780.0,64600
2022/12/12,781.0,787.5,778.5,786.5,74400
2022/12/13,791.5,793.5,788.5,790.5,41300
2022/12/14,794.0,797.5,790.5,797.0,69700
2022/12/15,793.5,801.5,792.0,800.0,46600
2022/12/16,797.0,801.5,790.0,791.5,74400
2022/12/19,785.0,788.0,778.5,784.0,62400
2022/12/20,784.0,788.5,769.5,773.0,84500
2022/12/21,770.0,773.0,761.0,761.5,81800
2022/12/22,763.0,768.0,760.0,766.5,52000
2022/12/23,761.0,762.0,757.5,759.0,68900
2022/12/26,761.0,763.5,759.0,762.5,56300
2022/12/27,769.0,774.5,767.5,769.5,120700
2022/12/28,771.5,772.0,764.5,765.5,220300
2022/12/29,754.0,756.0,746.0,753.5,99800
2022/12/30,755.0,767.5,755.0,761.5,69600
2023/01/04,756.0,758.5,748.5,748.5,78200
2023/01/05,748.0,750.0,744.0,747.5,54800
2023/01/06,747.5,755.0,746.0,747.0,63600
2023/01/10,748.5,762.5,748.5,762.5,60500
2023/01/11,763.0,769.0,762.5,767.0,40000
2023/01/12,768.5,771.5,766.5,770.0,34200
2023/01/13,768.0,771.0,766.5,766.5,22700
2023/01/16,762.5,765.5,759.5,761.5,21500
2023/01/17,761.0,764.0,756.5,756.5,29000
2023/01/18,756.0,762.5,753.5,758.5,46600
2023/01/19,761.5,762.0,756.5,758.5,17800
2023/01/20,755.0,759.0,755.0,758.5,24500
2023/01/23,762.0,773.5,761.0,772.5,55200
2023/01/24,776.0,777.0,771.0,771.5,51700
2023/01/25,771.5,776.0,769.5,774.0,29100
2023/01/26,777.0,779.5,774.0,779.0,35900
2023/01/27,734.0,747.0,706.5,738.5,289900
2023/01/30,738.5,738.5,709.0,710.0,233400
2023/01/31,713.5,734.0,711.5,726.0,142300
2023/02/01,731.0,734.0,718.5,718.5,83100
2023/02/02,718.5,723.5,716.0,720.0,67000
2023/02/03,719.5,727.5,719.0,726.5,45600
2023/02/06,727.5,729.0,720.0,722.5,41300
2023/02/07,722.5,726.5,719.0,719.0,41500
2023/02/08,723.0,723.0,716.5,721.5,29000
2023/02/09,722.0,723.0,719.5,720.0,29500
2023/02/10,718.0,720.5,713.0,719.0,63200
2023/02/13,717.5,722.0,712.0,712.0,68600
2023/02/14,714.0,715.0,704.0,710.5,65600
2023/02/15,713.5,713.5,705.5,707.5,31100
2023/02/16,711.0,711.0,706.5,710.5,33500
2023/02/17,706.0,708.0,702.0,703.5,58500
2023/02/20,702.5,706.5,701.0,706.0,60100
2023/02/21,706.0,707.5,702.0,702.0,36800
2023/02/22,700.0,700.0,695.0,696.0,60600
2023/02/24,696.0,698.0,694.5,696.5,45600
2023/02/27,695.5,701.0,695.0,701.0,38600
2023/02/28,701.0,705.5,698.5,698.5,38700
2023/03/01,700.5,700.5,695.0,696.0,51600
2023/03/02,697.0,700.0,691.0,694.0,57700
2023/03/03,696.0,699.0,695.0,698.0,49600
2023/03/06,698.5,700.5,697.0,700.5,41800
2023/03/07,699.5,705.5,699.0,701.0,50200
2023/03/08,699.5,708.0,698.0,707.5,36700
2023/03/09,710.5,715.0,708.5,715.0,48000
2023/03/10,710.0,711.5,706.5,707.0,59900
2023/03/13,703.5,703.5,695.0,699.0,63200
2023/03/14,694.0,695.5,684.5,692.0,102900
2023/03/15,701.0,701.0,696.0,698.5,42300
2023/03/16,688.5,692.0,683.0,689.0,52100
2023/03/17,695.0,695.0,691.0,692.5,30100
2023/03/20,692.5,692.5,682.0,682.0,52900
2023/03/22,691.5,694.5,688.0,692.0,53300
2023/03/23,687.0,693.5,684.5,693.5,24000
2023/03/24,694.0,694.5,690.0,693.5,27600
2023/03/27,696.0,700.0,695.0,697.0,23400
2023/03/28,698.5,702.5,698.0,702.5,17800
2023/03/29,701.5,711.0,701.5,709.5,59200
2023/03/30,711.0,711.0,705.0,708.0,30100
2023/03/31,708.5,710.0,704.5,708.0,34700
2023/04/03,711.0,712.5,708.5,711.5,51100
2023/04/04,713.0,717.5,710.0,716.0,55400
2023/04/05,714.5,714.5,707.0,707.5,43600
2023/04/06,705.0,709.0,704.5,707.0,36600
2023/04/07,705.0,714.0,705.0,712.5,24800
2023/04/10,712.5,719.0,712.5,719.0,38900
2023/04/11,720.5,723.5,718.0,723.5,38900
2023/04/12,723.5,727.0,721.5,723.5,50200
2023/04/13,724.0,727.0,722.0,727.0,37300
2023/04/14,728.0,732.5,725.0,728.0,54600
2023/04/17,733.5,737.0,727.0,727.0,52200
2023/04/18,732.0,738.0,729.5,738.0,91200
2023/04/19,741.0,745.5,735.0,737.0,60700
2023/04/20,735.0,740.0,733.5,734.5,39900
2023/04/21,734.5,742.0,733.5,738.0,76300
2023/04/24,735.5,738.5,732.5,734.0,55200
2023/04/25,737.5,742.5,737.5,741.0,48700
2023/04/26,739.5,739.5,733.5,736.5,39600
2023/04/27,732.5,733.5,729.5,732.0,59700
2023/04/28,736.5,739.0,729.0,734.0,55700
2023/05/01,738.5,747.5,737.5,747.5,91500
2023/05/02,750.5,755.0,739.0,741.0,75800
2023/05/08,741.0,744.5,734.0,736.5,38900
2023/05/09,742.0,748.0,741.5,745.5,49900
2023/05/10,745.5,748.5,744.5,748.5,29100
2023/05/11,746.0,753.0,745.0,752.5,43200
2023/05/12,752.5,752.5,737.5,738.0,66600
2023/05/15,739.5,742.5,736.5,738.0,45500
2023/05/16,737.0,737.0,730.0,734.0,44600
2023/05/17,733.0,736.0,730.0,734.5,44100
2023/05/18,732.0,732.5,721.0,726.5,83400
2023/05/19,726.5,726.5,719.5,720.5,56400
2023/05/22,720.5,724.5,719.0,724.0,24200
2023/05/23,723.5,725.5,716.5,718.0,53700
2023/05/24,716.0,717.5,710.0,713.5,29900
2023/05/25,711.0,714.0,708.0,712.5,32800
2023/05/26,712.5,718.5,711.0,711.0,29400
2023/05/29,717.0,717.0,711.0,714.0,31500
2023/05/30,713.5,718.0,707.5,716.0,42000
2023/05/31,712.0,712.5,705.5,709.5,50300
2023/06/01,711.0,711.0,704.5,704.5,36300
2023/06/02,706.5,716.0,705.5,714.0,26400
2023/06/05,720.0,723.5,717.5,721.0,32200
2023/06/06,721.0,731.0,719.0,729.5,46800
2023/06/07,731.5,732.5,724.5,726.5,39900
2023/06/08,729.5,731.0,722.5,724.0,30100
2023/06/09,726.5,733.5,725.5,731.5,45600
2023/06/12,736.0,737.0,731.0,734.0,19900
2023/06/13,734.5,735.5,732.0,733.0,30300
2023/06/14,735.5,735.5,732.0,732.0,27200
2023/06/15,733.5,739.5,731.5,736.5,32300
2023/06/16,736.0,740.0,734.0,740.0,27600
2023/06/19,742.0,745.5,739.0,743.0,47400
2023/06/20,743.0,749.0,740.5,749.0,35100
2023/06/21,744.5,751.5,744.5,748.5,39100
2023/06/22,749.0,751.5,747.0,748.0,31200
2023/06/23,748.0,749.5,736.0,739.0,42600
2023/06/26,737.5,742.0,734.5,739.5,22700
2023/06/27,736.0,738.0,732.5,736.0,37400
2023/06/28,740.5,744.0,737.0,744.0,71300
2023/06/29,740.5,741.0,732.5,734.5,48500
2023/06/30,734.5,734.5,728.0,733.0,42800
2023/07/03,737.5,743.5,737.5,739.0,49900
2023/07/04,740.0,745.0,739.0,743.0,32600
2023/07/05,743.0,763.5,740.5,763.5,86900
2023/07/06,763.5,768.5,761.0,765.0,64800
2023/07/07,763.5,770.5,757.0,766.5,65900
2023/07/10,770.5,773.0,763.5,763.5,45300
2023/07/11,764.0,770.5,761.0,766.0,62400
2023/07/12,765.0,765.5,748.5,748.5,59200
2023/07/13,748.5,758.0,748.5,757.5,29800
2023/07/14,763.5,766.5,754.5,760.0,37000
2023/07/18,760.0,765.0,759.5,763.5,16400
2023/07/19,766.0,768.0,760.5,764.5,27000
2023/07/20,764.5,771.5,759.5,769.0,50300
2023/07/21,810.5,823.5,796.0,821.0,715800
2023/07/24,818.5,820.5,805.5,814.0,179600
2023/07/25,813.5,820.0,806.5,819.5,135400
2023/07/26,814.0,821.0,812.5,820.5,53500
2023/07/27,817.5,828.5,811.5,828.5,94100
2023/07/28,818.0,831.5,817.5,831.5,83100
2023/07/31,831.5,832.0,820.0,831.0,84100
2023/08/01,866.0,905.5,854.0,890.5,469800
2023/08/02,890.5,898.0,872.5,878.5,163600
2023/08/03,864.5,872.0,859.0,862.5,110400
2023/08/04,855.5,878.5,854.5,867.0,78400
2023/08/07,863.0,869.0,856.5,863.0,36600
2023/08/08,859.5,863.5,859.0,860.0,33000
2023/08/09,860.0,860.0,845.5,858.0,95100
2023/08/10,854.0,862.5,853.0,861.0,31400
2023/08/14,860.5,872.0,854.0,856.0,65900
2023/08/15,874.5,897.5,870.0,889.5,188600
2023/08/16,881.5,888.5,872.5,883.0,112700
2023/08/17,882.0,882.0,860.0,874.0,74300
2023/08/18,861.0,870.5,860.5,866.0,53000
2023/08/21,863.5,898.5,863.5,893.5,170400
2023/08/22,895.5,905.5,886.0,905.0,155000
2023/08/23,899.0,960.5,896.0,954.0,332900
2023/08/24,953.5,959.0,936.0,940.5,162000
2023/08/25,929.0,964.0,929.0,956.0,139800
2023/08/28,963.5,990.5,954.0,990.5,203200
2023/08/29,992.0,1037.5,990.0,1019.5,342500
2023/08/30,1021.0,1030.0,1019.5,1022.0,148700
2023/08/31,1023.5,1033.0,1018.5,1022.0,95700
2023/09/01,1022.0,1061.0,1019.0,1050.0,248100
2023/09/04,1038.5,1059.5,1037.0,1056.5,149700
2023/09/05,1063.5,1084.0,1059.5,1083.0,213600
2023/09/06,1087.0,1115.5,1071.5,1112.5,264400
2023/09/07,1113.5,1138.0,1108.0,1137.5,269300
2023/09/08,1131.5,1132.0,1100.0,1109.0,249500
2023/09/11,1081.5,1085.5,985.0,994.5,807300
2023/09/12,998.5,1003.5,961.0,968.5,383900
2023/09/13,953.5,1023.0,942.5,1016.0,560800
2023/09/14,1013.5,1068.0,1002.0,1068.0,392900
2023/09/15,1065.0,1103.5,1058.5,1076.5,499300
2023/09/19,1067.0,1113.0,1057.5,1113.0,258900
2023/09/20,1094.5,1119.0,1089.5,1089.5,189800
2023/09/21,1093.0,1113.5,1084.5,1089.5,148400
2023/09/22,1073.0,1091.5,1066.5,1072.0,127100
2023/09/25,1053.5,1083.5,1049.0,1071.5,143800
2023/09/26,1073.5,1083.0,1053.5,1056.0,159800
2023/09/27,1043.5,1055.5,1031.0,1052.5,169600
2023/09/28,1052.5,1059.0,1031.0,1050.5,135300
2023/09/29,1055.0,1059.0,1019.5,1025.0,163700
2023/10/02,1025.0,1076.5,1024.0,1049.5,232300
2023/10/03,1029.5,1036.5,1009.5,1010.0,145200
2023/10/04,980.5,1004.5,965.0,966.5,290200
2023/10/05,1006.5,1028.0,982.5,1018.5,252800
2023/10/06,1025.0,1031.5,1009.5,1023.0,102200
2023/10/10,1024.0,1047.0,1023.0,1042.0,99200
2023/10/11,1045.0,1053.0,1037.0,1046.0,79300
2023/10/12,1043.5,1053.5,1034.5,1049.0,62200
2023/10/13,1046.0,1051.0,1019.5,1025.0,96700
2023/10/16,1013.0,1014.5,990.5,996.0,123800
2023/10/17,1013.0,1036.0,1011.0,1021.0,106900
2023/10/18,1030.0,1045.0,1016.5,1043.5,67400
2023/10/19,1019.5,1031.5,1014.0,1029.5,64900
2023/10/20,1019.0,1031.0,1012.0,1018.5,53400
2023/10/23,1010.0,1011.5,969.5,972.0,126500
2023/10/24,967.5,980.5,934.5,976.0,308400
2023/10/25,981.0,999.5,981.0,987.5,88100
2023/10/26,968.0,983.0,961.5,967.5,94700
2023/10/27,979.5,980.0,946.0,970.5,179100
2023/10/30,978.0,982.5,960.0,962.5,97400
2023/10/31,963.0,984.0,949.0,981.0,139800
2023/11/01,941.0,971.0,899.0,970.5,442700
2023/11/02,990.5,1053.0,976.0,994.0,322500
2023/11/06,1028.5,1028.5,963.0,968.5,299800
2023/11/07,968.5,968.5,940.0,940.5,233800
2023/11/08,940.5,958.0,923.5,923.5,136400
2023/11/09,924.0,996.0,924.0,991.5,189600
2023/11/10,991.0,1001.0,977.0,996.0,77100
2023/11/13,995.5,1007.0,983.0,990.0,79000
2023/11/14,990.0,992.0,974.0,978.0,54100
2023/11/15,988.0,988.0,962.0,970.0,86100
2023/11/16,966.0,968.5,950.0,961.5,87000
2023/11/17,954.5,968.5,952.0,968.5,70500
2023/11/20,969.0,981.0,964.0,970.0,70800
2023/11/21,969.0,989.0,967.5,974.5,81800
2023/11/22,968.5,979.0,964.5,969.5,71400
2023/11/24,967.0,977.5,960.0,974.0,62400
2023/11/27,980.5,1022.5,980.5,1017.0,187300
2023/11/28,1017.0,1023.0,1005.0,1009.5,77400
2023/11/29,1004.0,1016.5,988.0,988.0,98700
2023/11/30,978.5,981.5,955.0,968.0,111600
2023/12/01,968.0,998.5,961.0,992.0,84300
2023/12/04,979.0,984.5,971.0,981.5,77700
2023/12/05,971.5,990.0,963.5,963.5,112300
2023/12/06,970.5,997.5,969.5,996.0,106600
2023/12/07,983.5,988.5,973.5,978.0,78500
2023/12/08,971.0,980.5,955.0,957.0,126300
2023/12/11,964.5,973.5,961.5,972.0,62900
2023/12/12,973.5,975.0,950.5,951.0,90500
2023/12/13,951.0,963.0,941.0,945.0,85000
2023/12/14,945.0,945.0,916.0,918.0,163600
2023/12/15,913.5,933.5,910.0,929.5,93300
2023/12/18,919.0,937.5,910.0,934.0,128200
2023/12/19,933.5,946.0,928.0,945.0,80600
2023/12/20,949.0,951.0,941.5,943.5,67400
2023/12/21,933.5,940.0,928.0,931.5,100100
2023/12/22,933.0,955.5,933.0,954.5,121700
2023/12/25,954.5,954.5,926.5,928.5,128900
2023/12/26,922.0,922.5,909.5,917.5,189200
2023/12/27,903.5,927.5,903.5,922.0,249100
2023/12/28,910.5,945.0,910.5,944.0,142100
2023/12/29,877.5,888.5,834.5,843.5,1006300
2024/01/04,841.0,917.5,835.0,883.0,622300
2024/01/05,898.0,927.5,895.0,923.0,345800
2024/01/09,910.5,956.0,909.5,941.5,240500
2024/01/10,938.5,949.5,921.0,923.5,172500
2024/01/11,921.0,933.5,910.0,929.0,127200
2024/01/12,916.5,941.0,899.0,921.0,422400
2024/01/15,966.0,1071.0,965.0,1071.0,938800
2024/01/16,1060.0,1205.0,1051.0,1080.0,1345800
2024/01/17,999.0,1049.0,902.0,921.0,1781900
2024/01/18,901.0,905.0,821.0,832.0,1254700
2024/01/19,830.0,838.0,798.0,807.0,1016100
2024/01/22,800.0,842.0,793.0,841.0,776800
2024/01/23,852.0,859.0,830.0,835.0,357600
2024/01/24,829.0,845.0,815.0,841.0,355700
2024/01/25,845.0,874.0,835.0,859.0,463100
2024/01/26,858.0,886.0,854.0,881.0,322500
2024/01/29,881.0,885.0,865.0,875.0,273800
2024/01/30,868.0,898.0,854.0,898.0,800600
2024/01/31,887.0,909.0,880.0,881.0,351900
2024/02/01,872.0,890.0,866.0,883.0,205500
2024/02/02,884.0,914.0,875.0,905.0,419300
2024/02/05,920.0,946.0,906.0,945.0,336100
2024/02/06,956.0,956.0,920.0,930.0,322700
2024/02/07,933.0,945.0,919.0,945.0,266600
2024/02/08,950.0,955.0,917.0,945.0,336300
2024/02/09,930.0,946.0,898.0,913.0,358800
2024/02/13,898.0,940.0,870.0,940.0,801500
2024/02/14,918.0,918.0,857.0,886.0,856000
2024/02/15,890.0,893.0,840.0,850.0,473100
2024/02/16,895.0,932.0,890.0,913.0,892200
2024/02/19,907.0,912.0,885.0,901.0,413700
2024/02/20,905.0,919.0,893.0,898.0,274000
2024/02/21,889.0,893.0,878.0,886.0,191100
2024/02/22,888.0,893.0,874.0,880.0,321400
2024/02/26,880.0,883.0,865.0,866.0,263400
2024/02/27,860.0,868.0,850.0,851.0,286100
2024/02/28,852.0,855.0,836.0,841.0,264100
2024/02/29,841.0,862.0,841.0,849.0,271400
2024/03/01,858.0,863.0,844.0,846.0,220300
2024/03/04,849.0,849.0,823.0,845.0,384000
2024/03/05,845.0,862.0,827.0,860.0,295900
2024/03/06,860.0,911.0,857.0,893.0,423600
2024/03/07,893.0,912.0,882.0,897.0,257900
2024/03/08,897.0,955.0,894.0,941.0,462000
2024/03/11,926.0,957.0,898.0,909.0,335400
2024/03/12,894.0,899.0,875.0,895.0,341500
2024/03/13,909.0,919.0,872.0,880.0,269800
2024/03/14,895.0,903.0,884.0,891.0,191700
2024/03/15,890.0,900.0,884.0,892.0,115100
2024/03/18,906.0,949.0,899.0,945.0,452700
2024/03/19,945.0,1024.0,936.0,1019.0,733800
2024/03/21,1046.0,1105.0,1046.0,1068.0,663900
2024/03/22,1077.0,1084.0,1050.0,1065.0,296600
2024/03/25,1085.0,1119.0,1082.0,1084.0,502100
2024/03/26,1071.0,1071.0,1038.0,1039.0,237900
2024/03/28,1041,1065,1027,1036,234900
2024/03/29,1060,1093,1055,1079,224500
2024/04/01,1090,1093,1043,1053,215200
