date,open,high,low,close,volume
2014/03/26,1025.0,1025.0,1016.0,1016.0,700
2014/03/27,1010.0,1010.0,1010.0,1010.0,400
2014/03/28,,,,,0
2014/03/31,1037.0,1037.0,1037.0,1037.0,100
2014/04/01,,,,,0
2014/04/02,1037.0,1037.0,1020.0,1020.0,200
2014/04/03,1021.0,1021.0,1021.0,1021.0,100
2014/04/04,1021.0,1021.0,1021.0,1021.0,100
2014/04/07,,,,,0
2014/04/08,1020.0,1020.0,1020.0,1020.0,400
2014/04/09,995.0,1010.0,995.0,1010.0,1300
2014/04/10,1017.0,1017.0,1017.0,1017.0,100
2014/04/11,,,,,0
2014/04/14,1017.0,1030.0,1017.0,1030.0,300
2014/04/15,1039.0,1039.0,1039.0,1039.0,1100
2014/04/16,1030.0,1030.0,1010.0,1010.0,2800
2014/04/17,,,,,0
2014/04/18,1012.0,1012.0,1012.0,1012.0,200
2014/04/21,1016.0,1016.0,1016.0,1016.0,100
2014/04/22,,,,,0
2014/04/23,,,,,0
2014/04/24,1016.0,1016.0,1016.0,1016.0,400
2014/04/25,1016.0,1016.0,1014.0,1014.0,1100
2014/04/28,,,,,0
2014/04/30,1014.0,1014.0,1014.0,1014.0,500
2014/05/01,,,,,0
2014/05/02,,,,,0
2014/05/07,,,,,0
2014/05/08,1018.0,1018.0,1002.0,1002.0,800
2014/05/09,1003.0,1015.0,1003.0,1015.0,900
2014/05/12,1015.0,1025.0,1010.0,1016.0,2000
2014/05/13,1031.0,1031.0,1013.0,1013.0,2900
2014/05/14,1024.0,1024.0,1020.0,1024.0,500
2014/05/15,1023.0,1023.0,1023.0,1023.0,1500
2014/05/16,1015.0,1016.0,1014.0,1014.0,1700
2014/05/19,1015.0,1015.0,1006.0,1006.0,1500
2014/05/20,1003.0,1005.0,1003.0,1005.0,1100
2014/05/21,1005.0,1005.0,1005.0,1005.0,100
2014/05/22,1003.0,1006.0,1003.0,1006.0,1000
2014/05/23,1004.0,1018.0,1004.0,1018.0,1300
2014/05/26,1015.0,1019.0,1015.0,1019.0,800
2014/05/27,1017.0,1029.0,1017.0,1029.0,4600
2014/05/28,1021.0,1030.0,1014.0,1030.0,2700
2014/05/29,1025.0,1030.0,1025.0,1030.0,700
2014/05/30,,,,,0
2014/06/02,1020.0,1025.0,1020.0,1025.0,900
2014/06/03,1025.0,1040.0,1025.0,1038.0,1000
2014/06/04,1038.0,1038.0,1038.0,1038.0,500
2014/06/05,1038.0,1038.0,1038.0,1038.0,1700
2014/06/06,1026.0,1034.0,1026.0,1034.0,900
2014/06/09,,,,,0
2014/06/10,1034.0,1035.0,1034.0,1035.0,600
2014/06/11,1035.0,1040.0,1020.0,1024.0,2500
2014/06/12,1030.0,1036.0,1030.0,1036.0,12200
2014/06/13,1036.0,1043.0,1036.0,1043.0,1500
2014/06/16,1046.0,1046.0,1040.0,1040.0,2200
2014/06/17,1040.0,1040.0,1040.0,1040.0,500
2014/06/18,1040.0,1048.0,1040.0,1048.0,11100
2014/06/19,1051.0,1051.0,1048.0,1048.0,3500
2014/06/20,1051.0,1051.0,1048.0,1048.0,1100
2014/06/23,1064.0,1064.0,1034.0,1053.0,700
2014/06/24,1053.0,1053.0,1051.0,1051.0,600
2014/06/25,1050.0,1050.0,1040.0,1040.0,2200
2014/06/26,1045.0,1045.0,1032.0,1040.0,600
2014/06/27,1045.0,1045.0,1032.0,1032.0,1100
2014/06/30,,,,,0
2014/07/01,1040.0,1040.0,1040.0,1040.0,100
2014/07/02,1050.0,1050.0,1042.0,1042.0,900
2014/07/03,,,,,0
2014/07/04,1047.0,1054.0,1047.0,1054.0,600
2014/07/07,1050.0,1066.0,1050.0,1066.0,900
2014/07/08,1066.0,1070.0,1061.0,1070.0,800
2014/07/09,1065.0,1077.0,1064.0,1077.0,1300
2014/07/10,1075.0,1076.0,1070.0,1076.0,900
2014/07/11,1073.0,1076.0,1072.0,1076.0,1700
2014/07/14,1076.0,1079.0,1071.0,1079.0,1800
2014/07/15,1080.0,1080.0,1080.0,1080.0,6100
2014/07/16,,,,,0
2014/07/17,1063.0,1063.0,1063.0,1063.0,300
2014/07/18,1059.0,1059.0,1050.0,1050.0,2000
2014/07/22,1050.0,1050.0,1050.0,1050.0,600
2014/07/23,1051.0,1051.0,1051.0,1051.0,300
2014/07/24,1053.0,1074.0,1053.0,1074.0,600
2014/07/25,1074.0,1074.0,1074.0,1074.0,16000
2014/07/28,1087.0,1087.0,1087.0,1087.0,100
2014/07/29,1086.0,1089.0,1086.0,1089.0,400
2014/07/30,,,,,0
2014/07/31,,,,,0
2014/08/01,1070.0,1070.0,1070.0,1070.0,1400
2014/08/04,1057.0,1057.0,1050.0,1050.0,300
2014/08/05,1069.0,1069.0,1069.0,1069.0,100
2014/08/06,,,,,0
2014/08/07,1069.0,1069.0,1068.0,1068.0,300
2014/08/08,1069.0,1077.0,1061.0,1077.0,1500
2014/08/11,1060.0,1060.0,1060.0,1060.0,1000
2014/08/12,,,,,0
2014/08/13,1060.0,1061.0,1060.0,1061.0,800
2014/08/14,1075.0,1075.0,1073.0,1073.0,700
2014/08/15,1071.0,1075.0,1071.0,1075.0,1400
2014/08/18,1075.0,1075.0,1068.0,1068.0,600
2014/08/19,1100.0,1100.0,1100.0,1100.0,2000
2014/08/20,1100.0,1105.0,1100.0,1105.0,1300
2014/08/21,1075.0,1128.0,1075.0,1128.0,1800
2014/08/22,1110.0,1140.0,1102.0,1140.0,9000
2014/08/25,1150.0,1165.0,1150.0,1164.0,3500
2014/08/26,1168.0,1210.0,1164.0,1195.0,15100
2014/08/27,1195.0,1229.0,1195.0,1229.0,8100
2014/08/28,1194.0,1225.0,1193.0,1196.0,37900
2014/08/29,1191.0,1207.0,1185.0,1200.0,10400
2014/09/01,1185.0,1207.0,1185.0,1201.0,5400
2014/09/02,1192.0,1205.0,1192.0,1204.0,3000
2014/09/03,1203.0,1203.0,1188.0,1188.0,600
2014/09/04,1188.0,1188.0,1188.0,1188.0,1000
2014/09/05,1187.0,1187.0,1180.0,1180.0,1500
2014/09/08,1185.0,1203.0,1185.0,1203.0,5200
2014/09/09,1185.0,1207.0,1185.0,1207.0,4500
2014/09/10,1200.0,1200.0,1200.0,1200.0,300
2014/09/11,1200.0,1212.0,1200.0,1212.0,2600
2014/09/12,1218.0,1220.0,1192.0,1220.0,7500
2014/09/16,1220.0,1224.0,1215.0,1224.0,3100
2014/09/17,1224.0,1225.0,1220.0,1225.0,8900
2014/09/18,1227.0,1230.0,1215.0,1222.0,4300
2014/09/19,1225.0,1225.0,1222.0,1222.0,500
2014/09/22,1222.0,1222.0,1222.0,1222.0,100
2014/09/24,1222.0,1222.0,1221.0,1221.0,200
2014/09/25,1222.0,1238.0,1222.0,1238.0,2800
2014/09/26,1238.0,1238.0,1222.0,1222.0,700
2014/09/29,1203.0,1203.0,1203.0,1203.0,300
2014/09/30,1222.0,1222.0,1201.0,1204.0,800
2014/10/01,1199.0,1230.0,1199.0,1230.0,3800
2014/10/02,1210.0,1225.0,1201.0,1220.0,3600
2014/10/03,1220.0,1235.0,1220.0,1235.0,5200
2014/10/06,1235.0,1245.0,1235.0,1245.0,700
2014/10/07,1245.0,1300.0,1245.0,1300.0,5000
2014/10/08,1250.0,1250.0,1244.0,1245.0,800
2014/10/09,1246.0,1250.0,1240.0,1240.0,1600
2014/10/10,1247.0,1247.0,1220.0,1220.0,1400
2014/10/14,1182.0,1190.0,1170.0,1185.0,2300
2014/10/15,1195.0,1195.0,1195.0,1195.0,800
2014/10/16,1177.0,1177.0,1171.0,1171.0,1100
2014/10/17,1171.0,1171.0,1157.0,1157.0,300
2014/10/20,1187.0,1187.0,1187.0,1187.0,100
2014/10/21,1180.0,1180.0,1180.0,1180.0,100
2014/10/22,1190.0,1190.0,1189.0,1189.0,200
2014/10/23,1190.0,1195.0,1190.0,1195.0,500
2014/10/24,1196.0,1200.0,1196.0,1196.0,1000
2014/10/27,,,,,0
2014/10/28,,,,,0
2014/10/29,1198.0,1200.0,1195.0,1200.0,500
2014/10/30,,,,,0
2014/10/31,1200.0,1200.0,1200.0,1200.0,500
2014/11/04,1210.0,1212.0,1200.0,1210.0,5700
2014/11/05,1210.0,1215.0,1205.0,1210.0,1100
2014/11/06,1235.0,1235.0,1201.0,1201.0,1500
2014/11/07,1203.0,1228.0,1203.0,1215.0,2000
2014/11/10,1208.0,1228.0,1196.0,1228.0,1700
2014/11/11,1227.0,1228.0,1227.0,1228.0,1200
2014/11/12,1227.0,1227.0,1218.0,1218.0,2100
2014/11/13,1209.0,1220.0,1203.0,1220.0,600
2014/11/14,1228.0,1228.0,1200.0,1200.0,4500
2014/11/17,1200.0,1200.0,1180.0,1199.0,2000
2014/11/18,1187.0,1188.0,1187.0,1188.0,200
2014/11/19,1199.0,1200.0,1181.0,1181.0,2400
2014/11/20,1181.0,1181.0,1180.0,1180.0,800
2014/11/21,,,,,0
2014/11/25,1180.0,1195.0,1180.0,1195.0,600
2014/11/26,1190.0,1200.0,1190.0,1200.0,1200
2014/11/27,1200.0,1200.0,1200.0,1200.0,400
2014/11/28,1200.0,1200.0,1197.0,1200.0,1200
2014/12/01,1190.0,1192.0,1190.0,1192.0,500
2014/12/02,1190.0,1190.0,1181.0,1183.0,900
2014/12/03,1200.0,1228.0,1200.0,1228.0,6100
2014/12/04,1204.0,1226.0,1204.0,1226.0,1000
2014/12/05,1230.0,1230.0,1220.0,1220.0,1000
2014/12/08,1220.0,1220.0,1217.0,1217.0,600
2014/12/09,1217.0,1217.0,1215.0,1215.0,300
2014/12/10,1212.0,1212.0,1192.0,1192.0,4000
2014/12/11,1194.0,1199.0,1184.0,1195.0,1300
2014/12/12,1196.0,1216.0,1196.0,1215.0,6400
2014/12/15,1224.0,1224.0,1195.0,1195.0,14700
2014/12/16,1201.0,1201.0,1192.0,1200.0,2200
2014/12/17,1200.0,1200.0,1190.0,1197.0,1000
2014/12/18,1201.0,1201.0,1201.0,1201.0,400
2014/12/19,1201.0,1216.0,1201.0,1215.0,800
2014/12/22,1214.0,1214.0,1214.0,1214.0,200
2014/12/24,1213.0,1213.0,1187.0,1200.0,3200
2014/12/25,1201.0,1203.0,1201.0,1203.0,700
2014/12/26,1203.0,1220.0,1191.0,1201.0,3500
2014/12/29,1201.0,1223.0,1197.0,1197.0,4200
2014/12/30,1202.0,1225.0,1202.0,1224.0,1800
2015/01/05,1224.0,1228.0,1224.0,1228.0,2000
2015/01/06,1228.0,1228.0,1204.0,1204.0,1600
2015/01/07,1205.0,1229.0,1205.0,1220.0,2300
2015/01/08,1239.0,1239.0,1215.0,1235.0,1000
2015/01/09,1234.0,1235.0,1234.0,1235.0,700
2015/01/13,1224.0,1224.0,1205.0,1205.0,700
2015/01/14,1239.0,1250.0,1239.0,1244.0,500
2015/01/15,1253.0,1253.0,1249.0,1250.0,4400
2015/01/16,1250.0,1250.0,1249.0,1250.0,300
2015/01/19,1225.0,1225.0,1225.0,1225.0,100
2015/01/20,1225.0,1225.0,1222.0,1222.0,800
2015/01/21,1224.0,1228.0,1224.0,1228.0,900
2015/01/22,,,,,0
2015/01/23,1240.0,1240.0,1225.0,1225.0,500
2015/01/26,1226.0,1226.0,1222.0,1222.0,1100
2015/01/27,1222.0,1222.0,1215.0,1218.0,400
2015/01/28,1213.0,1244.0,1213.0,1244.0,400
2015/01/29,,,,,0
2015/01/30,1216.0,1227.0,1216.0,1227.0,500
2015/02/02,1227.0,1240.0,1218.0,1218.0,1500
2015/02/03,1234.0,1235.0,1220.0,1235.0,2600
2015/02/04,,,,,0
2015/02/05,1230.0,1230.0,1230.0,1230.0,100
2015/02/06,1239.0,1239.0,1227.0,1227.0,900
2015/02/09,1238.0,1238.0,1229.0,1229.0,1800
2015/02/10,1244.0,1249.0,1235.0,1235.0,2100
2015/02/12,1244.0,1244.0,1187.0,1188.0,26100
2015/02/13,1199.0,1209.0,1170.0,1170.0,15500
2015/02/16,1198.0,1198.0,1198.0,1198.0,100
2015/02/17,1180.0,1180.0,1149.0,1151.0,32900
2015/02/18,1154.0,1155.0,1146.0,1150.0,5000
2015/02/19,1151.0,1164.0,1151.0,1164.0,1100
2015/02/20,1165.0,1175.0,1165.0,1175.0,2600
2015/02/23,1182.0,1182.0,1160.0,1165.0,7100
2015/02/24,1163.0,1170.0,1150.0,1155.0,7000
2015/02/25,1154.0,1160.0,1140.0,1140.0,7800
2015/02/26,1149.0,1150.0,1148.0,1150.0,800
2015/02/27,1150.0,1158.0,1150.0,1151.0,1300
2015/03/02,1152.0,1170.0,1152.0,1162.0,3300
2015/03/03,1162.0,1172.0,1156.0,1159.0,900
2015/03/04,1152.0,1165.0,1152.0,1165.0,900
2015/03/05,1170.0,1170.0,1168.0,1168.0,600
2015/03/06,1165.0,1173.0,1164.0,1173.0,5800
2015/03/09,1167.0,1177.0,1166.0,1168.0,1300
2015/03/10,1170.0,1172.0,1160.0,1160.0,3400
2015/03/11,1155.0,1159.0,1150.0,1159.0,1100
2015/03/12,1156.0,1172.0,1155.0,1172.0,2200
2015/03/13,1180.0,1189.0,1170.0,1185.0,3600
2015/03/16,1187.0,1200.0,1185.0,1200.0,4100
2015/03/17,1184.0,1203.0,1184.0,1202.0,800
2015/03/18,1202.0,1202.0,1189.0,1202.0,1300
2015/03/19,1200.0,1200.0,1200.0,1200.0,200
2015/03/20,1200.0,1200.0,1186.0,1186.0,1700
2015/03/23,1186.0,1190.0,1186.0,1190.0,800
2015/03/24,1190.0,1192.0,1189.0,1192.0,2400
2015/03/25,1184.0,1194.0,1184.0,1184.0,1400
2015/03/26,1184.0,1185.0,1180.0,1180.0,3400
2015/03/27,1160.0,1160.0,1160.0,1160.0,100
2015/03/30,1160.0,1160.0,1160.0,1160.0,1000
2015/03/31,1155.0,1155.0,1155.0,1155.0,200
2015/04/01,,,,,0
2015/04/02,1180.0,1180.0,1180.0,1180.0,100
2015/04/03,1174.0,1174.0,1162.0,1162.0,2900
2015/04/06,1160.0,1168.0,1160.0,1168.0,500
2015/04/07,1160.0,1173.0,1160.0,1173.0,700
2015/04/08,1178.0,1178.0,1174.0,1178.0,400
2015/04/09,1168.0,1178.0,1168.0,1178.0,300
2015/04/10,1182.0,1190.0,1182.0,1190.0,500
2015/04/13,1192.0,1192.0,1189.0,1189.0,700
2015/04/14,1184.0,1185.0,1184.0,1185.0,500
2015/04/15,1195.0,1196.0,1183.0,1192.0,11700
2015/04/16,1195.0,1195.0,1195.0,1195.0,100
2015/04/17,1186.0,1186.0,1180.0,1180.0,1200
2015/04/20,1176.0,1176.0,1176.0,1176.0,500
2015/04/21,,,,,0
2015/04/22,1176.0,1176.0,1162.0,1172.0,1500
2015/04/23,1173.0,1173.0,1173.0,1173.0,100
2015/04/24,1173.0,1173.0,1172.0,1173.0,800
2015/04/27,1168.0,1185.0,1165.0,1185.0,400
2015/04/28,1186.0,1186.0,1186.0,1186.0,100
2015/04/30,1170.0,1170.0,1170.0,1170.0,100
2015/05/01,1170.0,1172.0,1170.0,1172.0,2500
2015/05/07,1189.0,1189.0,1167.0,1167.0,1200
2015/05/08,1167.0,1167.0,1167.0,1167.0,100
2015/05/11,1171.0,1171.0,1165.0,1171.0,500
2015/05/12,1172.0,1172.0,1165.0,1165.0,2400
2015/05/13,1165.0,1179.0,1165.0,1172.0,900
2015/05/14,1167.0,1184.0,1167.0,1182.0,3600
2015/05/15,1182.0,1182.0,1182.0,1182.0,3200
2015/05/18,1182.0,1182.0,1182.0,1182.0,200
2015/05/19,1175.0,1175.0,1175.0,1175.0,1400
2015/05/20,1172.0,1172.0,1172.0,1172.0,800
2015/05/21,1175.0,1175.0,1172.0,1175.0,1200
2015/05/22,1175.0,1175.0,1171.0,1171.0,3100
2015/05/25,1173.0,1173.0,1165.0,1165.0,1500
2015/05/26,1172.0,1172.0,1161.0,1164.0,1000
2015/05/27,1168.0,1173.0,1168.0,1173.0,2100
2015/05/28,1173.0,1173.0,1172.0,1172.0,6400
2015/05/29,1173.0,1173.0,1160.0,1173.0,10600
2015/06/01,1173.0,1173.0,1173.0,1173.0,100
2015/06/02,1173.0,1176.0,1173.0,1176.0,2200
2015/06/03,1180.0,1185.0,1178.0,1185.0,1100
2015/06/04,,,,,0
2015/06/05,1175.0,1175.0,1173.0,1173.0,300
2015/06/08,1180.0,1180.0,1174.0,1175.0,900
2015/06/09,1176.0,1178.0,1176.0,1176.0,600
2015/06/10,1175.0,1181.0,1175.0,1181.0,300
2015/06/11,1176.0,1184.0,1176.0,1184.0,600
2015/06/12,1186.0,1187.0,1183.0,1187.0,1200
2015/06/15,1187.0,1187.0,1170.0,1170.0,5400
2015/06/16,1172.0,1175.0,1172.0,1175.0,12200
2015/06/17,,,,,0
2015/06/18,1172.0,1172.0,1167.0,1167.0,1300
2015/06/19,1167.0,1167.0,1167.0,1167.0,100
2015/06/22,1167.0,1167.0,1167.0,1167.0,300
2015/06/23,1169.0,1169.0,1169.0,1169.0,100
2015/06/24,1175.0,1175.0,1171.0,1171.0,1100
2015/06/25,1184.0,1184.0,1184.0,1184.0,1300
2015/06/26,1180.0,1180.0,1180.0,1180.0,2100
2015/06/29,1171.0,1171.0,1167.0,1167.0,1300
2015/06/30,,,,,0
2015/07/01,1160.0,1178.0,1160.0,1178.0,1700
2015/07/02,1170.0,1170.0,1170.0,1170.0,1000
2015/07/03,1173.0,1173.0,1140.0,1158.0,4300
2015/07/06,1160.0,1163.0,1158.0,1158.0,300
2015/07/07,1160.0,1178.0,1160.0,1178.0,700
2015/07/08,1177.0,1177.0,1145.0,1145.0,7300
2015/07/09,1139.0,1139.0,1126.0,1134.0,6300
2015/07/10,1147.0,1150.0,1147.0,1150.0,500
2015/07/13,1150.0,1150.0,1150.0,1150.0,500
2015/07/14,1158.0,1186.0,1158.0,1186.0,2900
2015/07/15,1182.0,1182.0,1182.0,1182.0,9200
2015/07/16,1178.0,1180.0,1177.0,1180.0,600
2015/07/17,1180.0,1182.0,1164.0,1182.0,800
2015/07/21,1182.0,1182.0,1178.0,1178.0,700
2015/07/22,1178.0,1178.0,1178.0,1178.0,900
2015/07/23,1178.0,1178.0,1170.0,1170.0,2000
2015/07/24,1178.0,1178.0,1173.0,1173.0,200
2015/07/27,1173.0,1173.0,1170.0,1170.0,200
2015/07/28,1163.0,1163.0,1140.0,1145.0,5300
2015/07/29,1170.0,1170.0,1169.0,1170.0,900
2015/07/30,,,,,0
2015/07/31,,,,,0
2015/08/03,1152.0,1152.0,1152.0,1152.0,100
2015/08/04,1148.0,1148.0,1148.0,1148.0,100
2015/08/05,1150.0,1150.0,1150.0,1150.0,100
2015/08/06,1168.0,1180.0,1168.0,1177.0,8900
2015/08/07,1176.0,1250.0,1165.0,1236.0,28900
2015/08/10,1232.0,1236.0,1195.0,1198.0,7400
2015/08/11,1138.0,1144.0,1068.0,1099.0,23400
2015/08/12,1075.0,1082.0,1038.0,1043.0,26300
2015/08/13,1052.0,1058.0,1042.0,1057.0,3300
2015/08/14,1060.0,1060.0,1060.0,1060.0,3600
2015/08/17,1055.0,1060.0,1055.0,1060.0,300
2015/08/18,1075.0,1075.0,1070.0,1070.0,500
2015/08/19,1066.0,1066.0,1065.0,1065.0,300
2015/08/20,1063.0,1063.0,1061.0,1061.0,1600
2015/08/21,1060.0,1060.0,1055.0,1057.0,1900
2015/08/24,1044.0,1044.0,1025.0,1025.0,6700
2015/08/25,1010.0,1010.0,997.0,1002.0,6500
2015/08/26,1015.0,1015.0,1002.0,1008.0,700
2015/08/27,1014.0,1046.0,1013.0,1043.0,1000
2015/08/28,1044.0,1054.0,1030.0,1054.0,2700
2015/08/31,1046.0,1046.0,1020.0,1023.0,1800
2015/09/01,1000.0,1002.0,999.0,1000.0,7100
2015/09/02,1000.0,1020.0,1000.0,1020.0,300
2015/09/03,,,,,0
2015/09/04,1006.0,1006.0,997.0,997.0,19100
2015/09/07,995.0,995.0,989.0,995.0,4100
2015/09/08,,,,,0
2015/09/09,1021.0,1025.0,1020.0,1025.0,5200
2015/09/10,1020.0,1020.0,1020.0,1020.0,400
2015/09/11,1020.0,1020.0,1015.0,1015.0,300
2015/09/14,1016.0,1019.0,1016.0,1019.0,300
2015/09/15,1020.0,1020.0,1019.0,1019.0,3100
2015/09/16,1015.0,1020.0,1015.0,1020.0,1500
2015/09/17,1010.0,1010.0,1010.0,1010.0,400
2015/09/18,1019.0,1019.0,1019.0,1019.0,100
2015/09/24,1015.0,1015.0,1015.0,1015.0,9700
2015/09/25,1015.0,1015.0,1015.0,1015.0,200
2015/09/28,1000.0,1000.0,995.0,995.0,1700
2015/09/29,995.0,995.0,990.0,990.0,700
2015/09/30,991.0,991.0,990.0,990.0,800
2015/10/01,989.0,990.0,989.0,990.0,900
2015/10/02,995.0,1010.0,995.0,1010.0,200
2015/10/05,,,,,0
2015/10/06,1010.0,1010.0,1010.0,1010.0,600
2015/10/07,1008.0,1008.0,1008.0,1008.0,100
2015/10/08,1010.0,1020.0,1010.0,1020.0,2400
2015/10/09,1026.0,1033.0,1020.0,1033.0,1100
2015/10/13,,,,,0
2015/10/14,,,,,0
2015/10/15,1033.0,1033.0,1033.0,1033.0,2700
2015/10/16,1033.0,1033.0,1032.0,1032.0,300
2015/10/19,1002.0,1006.0,1002.0,1006.0,1500
2015/10/20,998.0,998.0,998.0,998.0,200
2015/10/21,998.0,999.0,998.0,999.0,600
2015/10/22,999.0,999.0,999.0,999.0,1200
2015/10/23,1014.0,1014.0,1014.0,1014.0,1600
2015/10/26,1021.0,1029.0,1021.0,1021.0,1000
2015/10/27,1015.0,1015.0,1009.0,1009.0,400
2015/10/28,1009.0,1009.0,1009.0,1009.0,400
2015/10/29,1009.0,1009.0,999.0,999.0,1000
2015/10/30,1000.0,1000.0,1000.0,1000.0,200
2015/11/02,1000.0,1000.0,1000.0,1000.0,600
2015/11/04,,,,,0
2015/11/05,1000.0,1000.0,1000.0,1000.0,100
2015/11/06,1000.0,1000.0,1000.0,1000.0,100
2015/11/09,1002.0,1015.0,1002.0,1011.0,2100
2015/11/10,1010.0,1011.0,996.0,1011.0,3300
2015/11/11,1055.0,1070.0,1055.0,1069.0,16300
2015/11/12,1068.0,1068.0,1055.0,1066.0,3700
2015/11/13,1066.0,1066.0,1058.0,1061.0,9400
2015/11/16,1042.0,1042.0,1042.0,1042.0,100
2015/11/17,1050.0,1057.0,1050.0,1050.0,1200
2015/11/18,1057.0,1057.0,1057.0,1057.0,100
2015/11/19,1057.0,1057.0,1057.0,1057.0,500
2015/11/20,,,,,0
2015/11/24,,,,,0
2015/11/25,1057.0,1070.0,1057.0,1070.0,4200
2015/11/26,1070.0,1070.0,1070.0,1070.0,100
2015/11/27,1072.0,1076.0,1072.0,1076.0,4600
2015/11/30,,,,,0
2015/12/01,1055.0,1088.0,1055.0,1088.0,700
2015/12/02,1090.0,1090.0,1090.0,1090.0,3000
2015/12/03,,,,,0
2015/12/04,1088.0,1088.0,1070.0,1070.0,400
2015/12/07,1075.0,1084.0,1073.0,1073.0,1400
2015/12/08,1078.0,1079.0,1065.0,1068.0,4800
2015/12/09,1069.0,1069.0,1069.0,1069.0,100
2015/12/10,1065.0,1070.0,1062.0,1070.0,1000
2015/12/11,1069.0,1076.0,1064.0,1076.0,2500
2015/12/14,1063.0,1077.0,1063.0,1077.0,1200
2015/12/15,1084.0,1084.0,1060.0,1060.0,5500
2015/12/16,,,,,0
2015/12/17,1065.0,1066.0,1060.0,1060.0,3000
2015/12/18,1060.0,1076.0,1053.0,1076.0,1600
2015/12/21,1068.0,1068.0,1068.0,1068.0,200
2015/12/22,1068.0,1068.0,1050.0,1050.0,1300
2015/12/24,1057.0,1057.0,1054.0,1054.0,400
2015/12/25,1050.0,1050.0,1050.0,1050.0,100
2015/12/28,1052.0,1052.0,1052.0,1052.0,100
2015/12/29,,,,,0
2015/12/30,1052.0,1052.0,1052.0,1052.0,300
2016/01/04,1055.0,1055.0,1050.0,1050.0,600
2016/01/05,,,,,0
2016/01/06,1045.0,1046.0,1041.0,1041.0,5600
2016/01/07,,,,,0
2016/01/08,1038.0,1038.0,1028.0,1028.0,500
2016/01/12,1030.0,1030.0,1028.0,1028.0,300
2016/01/13,1047.0,1047.0,1047.0,1047.0,100
2016/01/14,1050.0,1050.0,1015.0,1045.0,5100
2016/01/15,1054.0,1054.0,1054.0,1054.0,3700
2016/01/18,1006.0,1030.0,1006.0,1030.0,1500
2016/01/19,1016.0,1016.0,1010.0,1012.0,600
2016/01/20,1020.0,1020.0,1012.0,1012.0,1700
2016/01/21,1003.0,1004.0,1002.0,1004.0,1000
2016/01/22,1002.0,1002.0,1002.0,1002.0,100
2016/01/25,,,,,0
2016/01/26,,,,,0
2016/01/27,,,,,0
2016/01/28,,,,,0
2016/01/29,1054.0,1054.0,1030.0,1030.0,2300
2016/02/01,1030.0,1030.0,1030.0,1030.0,200
2016/02/02,,,,,0
2016/02/03,,,,,0
2016/02/04,1048.0,1048.0,1048.0,1048.0,100
2016/02/05,1035.0,1035.0,1033.0,1033.0,300
2016/02/08,,,,,0
2016/02/09,1003.0,1011.0,1002.0,1004.0,2600
2016/02/10,1001.0,1001.0,998.0,998.0,3400
2016/02/12,998.0,1000.0,948.0,948.0,10800
2016/02/15,958.0,988.0,958.0,988.0,2700
2016/02/16,998.0,998.0,983.0,983.0,700
2016/02/17,,,,,0
2016/02/18,,,,,0
2016/02/19,,,,,0
2016/02/22,,,,,0
2016/02/23,,,,,0
2016/02/24,,,,,0
2016/02/25,990.0,990.0,990.0,990.0,100
2016/02/26,975.0,975.0,971.0,971.0,1800
2016/02/29,986.0,986.0,986.0,986.0,20200
2016/03/01,,,,,0
2016/03/02,1009.0,1009.0,1009.0,1009.0,300
2016/03/03,1025.0,1025.0,1025.0,1025.0,300
2016/03/04,1001.0,1010.0,1000.0,1010.0,1600
2016/03/07,1004.0,1030.0,1004.0,1030.0,300
2016/03/08,,,,,0
2016/03/09,1015.0,1015.0,1010.0,1010.0,2000
2016/03/10,1020.0,1020.0,1013.0,1013.0,200
2016/03/11,1034.0,1034.0,1029.0,1029.0,400
2016/03/14,1038.0,1050.0,1038.0,1050.0,400
2016/03/15,1059.0,1059.0,1029.0,1030.0,2400
2016/03/16,,,,,0
2016/03/17,1048.0,1048.0,1048.0,1048.0,100
2016/03/18,,,,,0
2016/03/22,1047.0,1047.0,1020.0,1020.0,20200
2016/03/23,1049.0,1049.0,1021.0,1024.0,1300
2016/03/24,1024.0,1024.0,1024.0,1024.0,200
2016/03/25,,,,,0
2016/03/28,1024.0,1024.0,1024.0,1024.0,100
2016/03/29,,,,,0
2016/03/30,,,,,0
2016/03/31,,,,,0
2016/04/01,,,,,0
2016/04/04,1001.0,1002.0,1001.0,1001.0,1400
2016/04/05,1001.0,1001.0,1001.0,1001.0,1500
2016/04/06,,,,,0
2016/04/07,1000.0,1000.0,960.0,960.0,2200
2016/04/08,971.0,978.0,971.0,978.0,300
2016/04/11,988.0,988.0,975.0,975.0,1200
2016/04/12,982.0,982.0,982.0,982.0,200
2016/04/13,,,,,0
2016/04/14,,,,,0
2016/04/15,994.0,994.0,994.0,994.0,900
2016/04/18,1004.0,1004.0,1004.0,1004.0,1400
2016/04/19,,,,,0
2016/04/20,1028.0,1030.0,1027.0,1030.0,500
2016/04/21,1040.0,1040.0,1039.0,1040.0,1000
2016/04/22,,,,,0
2016/04/25,1010.0,1010.0,1010.0,1010.0,200
2016/04/26,1010.0,1010.0,1010.0,1010.0,100
2016/04/27,,,,,0
2016/04/28,1040.0,1040.0,1040.0,1040.0,100
2016/05/02,1010.0,1010.0,1000.0,1008.0,400
2016/05/06,,,,,0
2016/05/09,1012.0,1012.0,1012.0,1012.0,100
2016/05/10,1038.0,1040.0,1038.0,1040.0,300
2016/05/11,1050.0,1050.0,1037.0,1037.0,400
2016/05/12,1038.0,1050.0,1038.0,1050.0,200
2016/05/13,1060.0,1060.0,1060.0,1060.0,2800
2016/05/16,1060.0,1060.0,1060.0,1060.0,200
2016/05/17,,,,,0
2016/05/18,,,,,0
2016/05/19,,,,,0
2016/05/20,1009.0,1009.0,1009.0,1009.0,100
2016/05/23,,,,,0
2016/05/24,1015.0,1015.0,1015.0,1015.0,500
2016/05/25,,,,,0
2016/05/26,,,,,0
2016/05/27,1008.0,1015.0,1008.0,1015.0,200
2016/05/30,,,,,0
2016/05/31,,,,,0
2016/06/01,1015.0,1015.0,1015.0,1015.0,100
2016/06/02,1028.0,1028.0,1028.0,1028.0,100
2016/06/03,1015.0,1015.0,1015.0,1015.0,200
2016/06/06,1015.0,1029.0,1015.0,1029.0,400
2016/06/07,1029.0,1030.0,1029.0,1030.0,200
2016/06/08,1030.0,1030.0,1030.0,1030.0,100
2016/06/09,1030.0,1031.0,1030.0,1031.0,400
2016/06/10,1020.0,1020.0,1020.0,1020.0,100
2016/06/13,1020.0,1020.0,1020.0,1020.0,200
2016/06/14,1017.0,1017.0,994.0,1010.0,1900
2016/06/15,1019.0,1019.0,1019.0,1019.0,2200
2016/06/16,,,,,0
2016/06/17,,,,,0
2016/06/20,989.0,991.0,975.0,975.0,3800
2016/06/21,977.0,985.0,977.0,985.0,200
2016/06/22,990.0,990.0,990.0,990.0,500
2016/06/23,1005.0,1005.0,988.0,988.0,400
2016/06/24,982.0,982.0,982.0,982.0,100
2016/06/27,1012.0,1012.0,1012.0,1012.0,300
2016/06/28,975.0,981.0,975.0,980.0,3100
2016/06/29,983.0,984.0,983.0,984.0,900
2016/06/30,994.0,994.0,980.0,980.0,2100
2016/07/01,980.0,980.0,976.0,976.0,900
2016/07/04,,,,,0
2016/07/05,,,,,0
2016/07/06,976.0,976.0,976.0,976.0,200
2016/07/07,,,,,0
2016/07/08,978.0,978.0,978.0,978.0,200
2016/07/11,993.0,995.0,993.0,995.0,400
2016/07/12,1005.0,1020.0,1005.0,1011.0,1700
2016/07/13,1017.0,1020.0,1017.0,1020.0,1000
2016/07/14,1019.0,1019.0,1010.0,1015.0,3700
2016/07/15,1021.0,1021.0,1021.0,1021.0,9000
2016/07/19,,,,,0
2016/07/20,,,,,0
2016/07/21,1023.0,1023.0,1017.0,1017.0,300
2016/07/22,1000.0,1001.0,999.0,1000.0,3500
2016/07/25,987.0,996.0,987.0,996.0,600
2016/07/26,994.0,994.0,994.0,994.0,300
2016/07/27,998.0,1000.0,998.0,1000.0,1000
2016/07/28,1002.0,1002.0,1002.0,1002.0,100
2016/07/29,,,,,0
2016/08/01,1002.0,1002.0,1002.0,1002.0,100
2016/08/02,1002.0,1002.0,1002.0,1002.0,100
2016/08/03,,,,,0
2016/08/04,1000.0,1000.0,1000.0,1000.0,100
2016/08/05,,,,,0
2016/08/08,1015.0,1015.0,1015.0,1015.0,100
2016/08/09,1014.0,1015.0,1014.0,1015.0,400
2016/08/10,1020.0,1020.0,1015.0,1015.0,300
2016/08/12,1017.0,1060.0,1017.0,1060.0,3000
2016/08/15,1070.0,1070.0,1070.0,1070.0,2200
2016/08/16,,,,,0
2016/08/17,,,,,0
2016/08/18,,,,,0
2016/08/19,,,,,0
2016/08/22,1036.0,1036.0,1025.0,1025.0,600
2016/08/23,,,,,0
2016/08/24,,,,,0
2016/08/25,,,,,0
2016/08/26,,,,,0
2016/08/29,1022.0,1030.0,1022.0,1030.0,500
2016/08/30,1031.0,1034.0,1031.0,1034.0,300
2016/08/31,,,,,0
2016/09/01,1035.0,1035.0,1035.0,1035.0,100
2016/09/02,1035.0,1035.0,1035.0,1035.0,200
2016/09/05,,,,,0
2016/09/06,1033.0,1033.0,1033.0,1033.0,100
2016/09/07,,,,,0
2016/09/08,1035.0,1035.0,1035.0,1035.0,200
2016/09/09,1039.0,1040.0,1039.0,1040.0,700
2016/09/12,1038.0,1038.0,1028.0,1028.0,300
2016/09/13,,,,,0
2016/09/14,1045.0,1048.0,1039.0,1048.0,800
2016/09/15,1048.0,1048.0,1048.0,1048.0,2100
2016/09/16,1022.0,1022.0,1022.0,1022.0,100
2016/09/20,1035.0,1036.0,1035.0,1035.0,1100
2016/09/21,1030.0,1040.0,1030.0,1040.0,400
2016/09/23,1020.0,1035.0,1020.0,1035.0,2100
2016/09/26,,,,,0
2016/09/27,1045.0,1045.0,1045.0,1045.0,100
2016/09/28,1045.0,1047.0,1043.0,1045.0,2700
2016/09/29,1045.0,1100.0,1045.0,1100.0,2300
2016/09/30,1070.0,1070.0,1070.0,1070.0,200
2016/10/03,,,,,0
2016/10/04,,,,,0
2016/10/05,,,,,0
2016/10/06,,,,,0
2016/10/07,1070.0,1078.0,1070.0,1078.0,1800
2016/10/11,1075.0,1079.0,1075.0,1075.0,500
2016/10/12,1070.0,1070.0,1070.0,1070.0,200
2016/10/13,1071.0,1079.0,1070.0,1079.0,600
2016/10/14,1088.0,1088.0,1088.0,1088.0,2000
2016/10/17,1080.0,1080.0,1080.0,1080.0,1000
2016/10/18,,,,,0
2016/10/19,1089.0,1095.0,1089.0,1095.0,1500
2016/10/20,1095.0,1095.0,1095.0,1095.0,1000
2016/10/21,,,,,0
2016/10/24,1080.0,1080.0,1080.0,1080.0,1400
2016/10/25,,,,,0
2016/10/26,,,,,0
2016/10/27,,,,,0
2016/10/28,,,,,0
2016/10/31,1080.0,1081.0,1080.0,1080.0,4400
2016/11/01,1075.0,1076.0,1075.0,1076.0,1700
2016/11/02,1097.0,1097.0,1071.0,1071.0,300
2016/11/04,1092.0,1104.0,1074.0,1092.0,1800
2016/11/07,1099.0,1099.0,1087.0,1087.0,1600
2016/11/08,1106.0,1106.0,1077.0,1080.0,5400
2016/11/09,1100.0,1100.0,1070.0,1070.0,4600
2016/11/10,1086.0,1094.0,1083.0,1094.0,4100
2016/11/11,1100.0,1109.0,1083.0,1096.0,3400
2016/11/14,1118.0,1118.0,1100.0,1107.0,9100
2016/11/15,1250.0,1320.0,1250.0,1292.0,61800
2016/11/16,1300.0,1300.0,1261.0,1282.0,10600
2016/11/17,1275.0,1318.0,1275.0,1315.0,4500
2016/11/18,1320.0,1320.0,1285.0,1310.0,5500
2016/11/21,1306.0,1313.0,1300.0,1300.0,2800
2016/11/22,1300.0,1300.0,1282.0,1300.0,3800
2016/11/24,1300.0,1305.0,1264.0,1305.0,33500
2016/11/25,1455.0,1480.0,1406.0,1420.0,22800
2016/11/28,1445.0,1471.0,1444.0,1471.0,9300
2016/11/29,1490.0,1505.0,1471.0,1495.0,8600
2016/11/30,1494.0,1494.0,1459.0,1461.0,3300
2016/12/01,1446.0,1459.0,1405.0,1406.0,6800
2016/12/02,1387.0,1387.0,1322.0,1374.0,9400
2016/12/05,1360.0,1371.0,1350.0,1350.0,1400
2016/12/06,1360.0,1387.0,1360.0,1380.0,2100
2016/12/07,1380.0,1405.0,1380.0,1405.0,1000
2016/12/08,1395.0,1395.0,1395.0,1395.0,200
2016/12/09,1377.0,1404.0,1356.0,1404.0,1900
2016/12/12,1396.0,1396.0,1374.0,1374.0,3000
2016/12/13,1373.0,1410.0,1373.0,1395.0,2900
2016/12/14,1390.0,1417.0,1390.0,1417.0,4200
2016/12/15,1427.0,1436.0,1427.0,1431.0,6600
2016/12/16,1441.0,1442.0,1431.0,1434.0,3400
2016/12/19,1431.0,1431.0,1401.0,1413.0,4000
2016/12/20,1413.0,1474.0,1413.0,1420.0,12500
2016/12/21,1415.0,1419.0,1414.0,1414.0,1800
2016/12/22,1396.0,1396.0,1356.0,1395.0,3500
2016/12/26,,,,,0
2016/12/27,1365.0,1367.0,1365.0,1367.0,2200
2016/12/28,1358.0,1358.0,1342.0,1350.0,4900
2016/12/29,1341.0,1370.0,1341.0,1370.0,900
2016/12/30,1350.0,1376.0,1345.0,1376.0,1400
2017/01/04,1388.0,1395.0,1352.0,1382.0,3900
2017/01/05,1355.0,1419.0,1355.0,1419.0,2300
2017/01/06,1419.0,1500.0,1419.0,1460.0,4000
2017/01/10,1449.0,1458.0,1443.0,1458.0,1100
2017/01/11,1450.0,1450.0,1446.0,1446.0,1200
2017/01/12,1446.0,1446.0,1401.0,1445.0,3300
2017/01/13,1455.0,1460.0,1445.0,1445.0,2700
2017/01/16,1417.0,1469.0,1417.0,1469.0,1000
2017/01/17,1468.0,1468.0,1450.0,1450.0,1800
2017/01/18,1420.0,1453.0,1420.0,1453.0,2200
2017/01/19,,,,,0
2017/01/20,1448.0,1448.0,1423.0,1438.0,2400
2017/01/23,1438.0,1484.0,1438.0,1475.0,2900
2017/01/24,1475.0,1475.0,1441.0,1450.0,1000
2017/01/25,1452.0,1499.0,1452.0,1499.0,2600
2017/01/26,1493.0,1493.0,1489.0,1490.0,3100
2017/01/27,1489.0,1492.0,1488.0,1492.0,2700
2017/01/30,1562.0,1562.0,1530.0,1550.0,9600
2017/01/31,1550.0,1589.0,1550.0,1585.0,5400
2017/02/01,1586.0,1687.0,1586.0,1618.0,10400
2017/02/02,1650.0,1793.0,1650.0,1764.0,44900
2017/02/03,1764.0,1764.0,1625.0,1660.0,28300
2017/02/06,1700.0,1700.0,1651.0,1651.0,1700
2017/02/07,1611.0,1636.0,1479.0,1536.0,18100
2017/02/08,1530.0,1570.0,1530.0,1567.0,2700
2017/02/09,1542.0,1584.0,1542.0,1576.0,2300
2017/02/10,1576.0,1578.0,1543.0,1576.0,10600
2017/02/13,1579.0,1579.0,1550.0,1551.0,9500
2017/02/14,1550.0,1654.0,1548.0,1654.0,10100
2017/02/15,1660.0,1660.0,1615.0,1621.0,9500
2017/02/16,1600.0,1638.0,1600.0,1624.0,1800
2017/02/17,1616.0,1616.0,1570.0,1570.0,2900
2017/02/20,1555.0,1565.0,1551.0,1565.0,6800
2017/02/21,1565.0,1571.0,1557.0,1571.0,2800
2017/02/22,1592.0,1593.0,1562.0,1565.0,3200
2017/02/23,1594.0,1647.0,1580.0,1635.0,10800
2017/02/24,1675.0,1711.0,1654.0,1710.0,8700
2017/02/27,1700.0,1744.0,1691.0,1716.0,8600
2017/02/28,1721.0,1743.0,1718.0,1736.0,4700
2017/03/01,1744.0,1750.0,1723.0,1737.0,9900
2017/03/02,1718.0,1721.0,1691.0,1691.0,10400
2017/03/03,1668.0,1711.0,1668.0,1711.0,2000
2017/03/06,1712.0,1716.0,1700.0,1700.0,21000
2017/03/07,1708.0,1815.0,1708.0,1810.0,15900
2017/03/08,1840.0,1926.0,1840.0,1910.0,37800
2017/03/09,1950.0,1996.0,1922.0,1955.0,19700
2017/03/10,1954.0,1954.0,1878.0,1900.0,10500
2017/03/13,1900.0,1900.0,1838.0,1870.0,4200
2017/03/14,1891.0,1891.0,1835.0,1878.0,4600
2017/03/15,1888.0,1900.0,1783.0,1830.0,10700
2017/03/16,1870.0,1875.0,1835.0,1875.0,5000
2017/03/17,1870.0,1901.0,1870.0,1889.0,4900
2017/03/21,1925.0,2050.0,1914.0,1995.0,22100
2017/03/22,1980.0,2049.0,1934.0,1960.0,14800
2017/03/23,1990.0,2000.0,1966.0,2000.0,5500
2017/03/24,2050.0,2065.0,2020.0,2034.0,7600
2017/03/27,2084.0,2145.0,2035.0,2084.0,9500
2017/03/28,2092.0,2134.0,2092.0,2127.0,3400
2017/03/29,2094.0,2145.0,2081.0,2132.0,6500
2017/03/30,2116.0,2120.0,2102.0,2102.0,2300
2017/03/31,2103.0,2199.0,2103.0,2179.0,9600
2017/04/03,2179.0,2194.0,2125.0,2149.0,9600
2017/04/04,2175.0,2175.0,1997.0,2000.0,21200
2017/04/05,1985.0,2044.0,1940.0,2029.0,13400
2017/04/06,2000.0,2003.0,1850.0,1889.0,15900
2017/04/07,1871.0,1928.0,1871.0,1907.0,6000
2017/04/10,1927.0,1927.0,1883.0,1921.0,4400
2017/04/11,1891.0,1902.0,1890.0,1891.0,4400
2017/04/12,1880.0,1897.0,1800.0,1827.0,21000
2017/04/13,1790.0,1826.0,1770.0,1826.0,10400
2017/04/14,1826.0,1924.0,1823.0,1843.0,8400
2017/04/17,1803.0,1883.0,1803.0,1862.0,4600
2017/04/18,1871.0,1908.0,1871.0,1887.0,3100
2017/04/19,1908.0,1967.0,1897.0,1967.0,3800
2017/04/20,1979.0,2007.0,1979.0,1980.0,3700
2017/04/21,1990.0,1999.0,1990.0,1997.0,2500
2017/04/24,1986.0,1986.0,1942.0,1961.0,900
2017/04/25,1892.0,1955.0,1892.0,1946.0,4600
2017/04/26,1947.0,1970.0,1931.0,1931.0,3900
2017/04/27,1933.0,1939.0,1911.0,1939.0,2200
2017/04/28,1931.0,1965.0,1931.0,1936.0,2100
2017/05/01,1936.0,1936.0,1936.0,1936.0,900
2017/05/02,1940.0,1979.0,1940.0,1968.0,2500
2017/05/08,1970.0,1991.0,1947.0,1974.0,14900
2017/05/09,1968.0,1968.0,1938.0,1950.0,11900
2017/05/10,1950.0,1950.0,1941.0,1945.0,2700
2017/05/11,1945.0,1950.0,1937.0,1946.0,2500
2017/05/12,1947.0,1950.0,1903.0,1904.0,7800
2017/05/15,1898.0,1898.0,1803.0,1878.0,20300
2017/05/16,1838.0,1889.0,1838.0,1864.0,7100
2017/05/17,1864.0,1888.0,1860.0,1887.0,5000
2017/05/18,1866.0,1866.0,1842.0,1844.0,2000
2017/05/19,1858.0,1862.0,1857.0,1862.0,2500
2017/05/22,1880.0,1880.0,1872.0,1875.0,1500
2017/05/23,1875.0,1875.0,1853.0,1853.0,2000
2017/05/24,1875.0,1875.0,1833.0,1840.0,4800
2017/05/25,1810.0,1858.0,1805.0,1816.0,11200
2017/05/26,1816.0,1823.0,1798.0,1814.0,10200
2017/05/29,1814.0,1815.0,1799.0,1807.0,2500
2017/05/30,1800.0,1807.0,1798.0,1804.0,2800
2017/05/31,1823.0,1828.0,1800.0,1800.0,3500
2017/06/01,1800.0,1818.0,1800.0,1814.0,6100
2017/06/02,1823.0,1824.0,1816.0,1818.0,2400
2017/06/05,1818.0,1923.0,1818.0,1888.0,7400
2017/06/06,1885.0,1885.0,1826.0,1827.0,2300
2017/06/07,1865.0,1871.0,1847.0,1862.0,2500
2017/06/08,1899.0,1900.0,1880.0,1897.0,1900
2017/06/09,1897.0,1910.0,1890.0,1909.0,3200
2017/06/12,1923.0,1949.0,1923.0,1928.0,7100
2017/06/13,1946.0,1947.0,1930.0,1935.0,3700
2017/06/14,1947.0,1947.0,1907.0,1925.0,3200
2017/06/15,1929.0,1929.0,1873.0,1874.0,6800
2017/06/16,1879.0,1907.0,1870.0,1891.0,1000
2017/06/19,1855.0,1870.0,1821.0,1864.0,1300
2017/06/20,1853.0,1870.0,1853.0,1854.0,1600
2017/06/21,1850.0,1900.0,1850.0,1900.0,5300
2017/06/22,1876.0,1897.0,1876.0,1888.0,1100
2017/06/23,1877.0,1877.0,1870.0,1870.0,3800
2017/06/26,1875.0,1897.0,1875.0,1875.0,1000
2017/06/27,1887.0,1903.0,1887.0,1903.0,700
2017/06/28,1874.0,1875.0,1874.0,1875.0,400
2017/06/29,1889.0,1900.0,1882.0,1888.0,1700
2017/06/30,1888.0,1888.0,1873.0,1878.0,300
2017/07/03,1888.0,1897.0,1885.0,1897.0,1500
2017/07/04,1895.0,1895.0,1873.0,1873.0,400
2017/07/05,1875.0,1880.0,1875.0,1880.0,1500
2017/07/06,1889.0,1890.0,1873.0,1880.0,2400
2017/07/07,1880.0,1886.0,1876.0,1880.0,1000
2017/07/10,1880.0,1892.0,1876.0,1892.0,2100
2017/07/11,1894.0,1917.0,1894.0,1917.0,1600
2017/07/12,1917.0,1928.0,1917.0,1918.0,5300
2017/07/13,1930.0,1950.0,1930.0,1950.0,3400
2017/07/14,1960.0,1997.0,1960.0,1984.0,6800
2017/07/18,1995.0,2024.0,1993.0,1996.0,11500
2017/07/19,2001.0,2001.0,2001.0,2001.0,500
2017/07/20,1951.0,1994.0,1936.0,1994.0,1400
2017/07/21,1997.0,1999.0,1995.0,1999.0,1100
2017/07/24,1959.0,1960.0,1942.0,1942.0,1400
2017/07/25,1959.0,1959.0,1900.0,1940.0,1400
2017/07/26,1943.0,1978.0,1943.0,1944.0,900
2017/07/27,1950.0,1963.0,1950.0,1963.0,200
2017/07/28,1961.0,1961.0,1922.0,1959.0,1000
2017/07/31,1951.0,1951.0,1911.0,1921.0,1300
2017/08/01,1911.0,1911.0,1899.0,1901.0,3100
2017/08/02,1941.0,1960.0,1941.0,1960.0,5200
2017/08/03,1900.0,1918.0,1900.0,1906.0,7300
2017/08/04,1919.0,1919.0,1913.0,1913.0,400
2017/08/07,1900.0,1911.0,1900.0,1911.0,2300
2017/08/08,1881.0,1883.0,1881.0,1883.0,600
2017/08/09,1903.0,1928.0,1901.0,1923.0,2300
2017/08/10,1901.0,1901.0,1901.0,1901.0,200
2017/08/14,1941.0,1985.0,1903.0,1950.0,5700
2017/08/15,1960.0,1994.0,1960.0,1994.0,2500
2017/08/16,2013.0,2013.0,1975.0,1982.0,4400
2017/08/17,,,,,0
2017/08/18,1960.0,1960.0,1926.0,1930.0,600
2017/08/21,1932.0,1933.0,1892.0,1907.0,4000
2017/08/22,1907.0,1907.0,1876.0,1899.0,1400
2017/08/23,1905.0,1927.0,1900.0,1927.0,3700
2017/08/24,1925.0,1925.0,1891.0,1918.0,600
2017/08/25,1919.0,1919.0,1918.0,1919.0,1000
2017/08/28,1921.0,1921.0,1900.0,1914.0,1000
2017/08/29,1913.0,1917.0,1891.0,1917.0,2600
2017/08/30,1905.0,1916.0,1900.0,1915.0,2100
2017/08/31,1915.0,1915.0,1890.0,1900.0,1300
2017/09/01,1900.0,1900.0,1891.0,1895.0,1700
2017/09/04,1897.0,1905.0,1895.0,1895.0,600
2017/09/05,1913.0,1913.0,1871.0,1905.0,3800
2017/09/06,1883.0,1893.0,1863.0,1893.0,4600
2017/09/07,1893.0,1893.0,1893.0,1893.0,100
2017/09/08,1893.0,1898.0,1893.0,1898.0,1100
2017/09/11,1898.0,1909.0,1898.0,1901.0,500
2017/09/12,1911.0,1920.0,1911.0,1919.0,1500
2017/09/13,1927.0,2039.0,1927.0,1990.0,4000
2017/09/14,1990.0,1990.0,1985.0,1988.0,1400
2017/09/15,1980.0,1985.0,1957.0,1985.0,2200
2017/09/19,1985.0,2000.0,1985.0,1995.0,3400
2017/09/20,1981.0,1981.0,1981.0,1981.0,300
2017/09/21,1990.0,1991.0,1990.0,1991.0,2200
2017/09/22,1987.0,1990.0,1954.0,1956.0,600
2017/09/25,1956.0,1970.0,1956.0,1961.0,600
2017/09/26,1970.0,1975.0,1970.0,1975.0,1800
2017/09/27,1973.0,1973.0,1955.0,1955.0,1100
2017/09/28,1970.0,1985.0,1965.0,1985.0,1100
2017/09/29,1990.0,2000.0,1955.0,1955.0,6600
2017/10/02,1961.0,1995.0,1961.0,1995.0,600
2017/10/03,1985.0,1985.0,1985.0,1985.0,300
2017/10/04,1985.0,1985.0,1985.0,1985.0,200
2017/10/05,1971.0,1971.0,1971.0,1971.0,100
2017/10/06,1970.0,1970.0,1960.0,1960.0,1100
2017/10/10,1970.0,2013.0,1968.0,2013.0,1700
2017/10/11,1987.0,1988.0,1981.0,1981.0,500
2017/10/12,1990.0,1990.0,1990.0,1990.0,1000
2017/10/13,2001.0,2001.0,1967.0,1967.0,2700
2017/10/16,1990.0,1999.0,1990.0,1999.0,500
2017/10/17,1999.0,1999.0,1999.0,1999.0,300
2017/10/18,,,,,0
2017/10/19,1988.0,1988.0,1970.0,1970.0,600
2017/10/20,2010.0,2014.0,1964.0,2013.0,1100
2017/10/23,2019.0,2019.0,1974.0,1990.0,1000
2017/10/24,1990.0,1990.0,1984.0,1984.0,700
2017/10/25,1971.0,1971.0,1881.0,1970.0,3400
2017/10/26,1975.0,1978.0,1975.0,1978.0,200
2017/10/27,1984.0,1999.0,1984.0,1999.0,300
2017/10/30,1999.0,1999.0,1999.0,1999.0,700
2017/10/31,1999.0,1999.0,1980.0,1980.0,400
2017/11/01,1981.0,2010.0,1981.0,2010.0,6400
2017/11/02,2010.0,2010.0,1990.0,1990.0,3800
2017/11/06,2000.0,2030.0,2000.0,2000.0,3200
2017/11/07,1981.0,1990.0,1977.0,1980.0,6400
2017/11/08,1999.0,1999.0,1960.0,1966.0,7200
2017/11/09,1985.0,1995.0,1985.0,1986.0,1300
2017/11/10,1995.0,2022.0,1995.0,2022.0,4000
2017/11/13,2030.0,2142.0,2024.0,2135.0,41300
2017/11/14,2159.0,2160.0,2135.0,2144.0,14400
2017/11/15,2154.0,2154.0,2077.0,2077.0,9000
2017/11/16,2077.0,2100.0,2068.0,2068.0,11400
2017/11/17,2056.0,2097.0,2040.0,2097.0,3400
2017/11/20,2118.0,2160.0,2112.0,2150.0,17900
2017/11/21,2150.0,2232.0,2149.0,2214.0,14600
2017/11/22,2214.0,2290.0,2214.0,2280.0,18000
2017/11/24,2330.0,2360.0,2257.0,2296.0,14100
2017/11/27,2358.0,2358.0,2300.0,2305.0,5600
2017/11/28,2322.0,2322.0,2257.0,2275.0,4500
2017/11/29,2400.0,2638.0,2400.0,2534.0,42200
2017/11/30,2501.0,2501.0,2401.0,2429.0,17100
2017/12/01,2493.0,2551.0,2450.0,2530.0,9900
2017/12/04,2538.0,2720.0,2538.0,2685.0,32900
2017/12/05,2600.0,2788.0,2577.0,2784.0,18200
2017/12/06,2849.0,2950.0,2786.0,2799.0,27300
2017/12/07,2848.0,3000.0,2804.0,2938.0,8800
2017/12/08,2988.0,3185.0,2950.0,3140.0,29000
2017/12/11,3180.0,3305.0,3180.0,3210.0,27600
2017/12/12,3240.0,3290.0,3180.0,3205.0,10800
2017/12/13,3185.0,3210.0,2902.0,2956.0,36300
2017/12/14,2956.0,2985.0,2948.0,2974.0,12100
2017/12/15,2949.0,2972.0,2841.0,2865.0,22600
2017/12/18,2867.0,2885.0,2700.0,2700.0,20800
2017/12/19,2702.0,2821.0,2700.0,2799.0,14500
2017/12/20,2795.0,2820.0,2650.0,2697.0,14200
2017/12/21,2670.0,2786.0,2670.0,2755.0,7900
2017/12/22,2741.0,2841.0,2741.0,2801.0,5700
2017/12/25,2800.0,2848.0,2755.0,2761.0,9900
2017/12/26,2745.0,2771.0,2731.0,2744.0,5200
2017/12/27,2744.0,2788.0,2710.0,2735.0,11300
2017/12/28,2740.0,2800.0,2700.0,2744.0,8100
2017/12/29,2713.0,2740.0,2652.0,2662.0,11200
2018/01/04,2699.0,2718.0,2682.0,2705.0,4800
2018/01/05,2705.0,2744.0,2670.0,2732.0,11600
2018/01/09,2771.0,2775.0,2752.0,2773.0,10100
2018/01/10,2764.0,2795.0,2760.0,2795.0,5400
2018/01/11,2777.0,2784.0,2765.0,2775.0,4600
2018/01/12,2776.0,2874.0,2776.0,2874.0,6600
2018/01/15,2902.0,2965.0,2902.0,2930.0,7500
2018/01/16,2967.0,2980.0,2900.0,2922.0,9100
2018/01/17,2915.0,2915.0,2822.0,2838.0,5900
2018/01/18,2828.0,2828.0,2730.0,2779.0,10800
2018/01/19,2761.0,2841.0,2751.0,2812.0,4600
2018/01/22,2785.0,2820.0,2785.0,2808.0,2000
2018/01/23,2817.0,2867.0,2817.0,2820.0,3300
2018/01/24,2809.0,2831.0,2803.0,2826.0,1300
2018/01/25,2845.0,2880.0,2830.0,2876.0,2100
2018/01/26,2926.0,2950.0,2876.0,2929.0,3900
2018/01/29,2949.0,2949.0,2906.0,2906.0,4900
2018/01/30,2897.0,2897.0,2830.0,2879.0,6700
2018/01/31,2849.0,2865.0,2812.0,2822.0,3100
2018/02/01,2815.0,2820.0,2763.0,2779.0,6300
2018/02/02,2770.0,2794.0,2752.0,2786.0,3500
2018/02/05,2731.0,2735.0,2600.0,2690.0,12900
2018/02/06,2490.0,2537.0,2375.0,2474.0,19200
2018/02/07,2624.0,2669.0,2550.0,2551.0,4300
2018/02/08,2550.0,2550.0,2500.0,2541.0,4000
2018/02/09,2391.0,2562.0,2391.0,2562.0,7200
2018/02/13,2515.0,2543.0,2401.0,2425.0,15300
2018/02/14,2424.0,2425.0,2350.0,2354.0,8800
2018/02/15,2354.0,2382.0,2335.0,2347.0,5600
2018/02/16,2347.0,2499.0,2347.0,2458.0,4800
2018/02/19,2468.0,2476.0,2421.0,2452.0,1800
2018/02/20,2480.0,2492.0,2461.0,2473.0,1300
2018/02/21,2523.0,2525.0,2500.0,2501.0,1200
2018/02/22,2520.0,2535.0,2481.0,2535.0,5500
2018/02/23,2548.0,2549.0,2531.0,2549.0,6500
2018/02/26,2590.0,2685.0,2590.0,2597.0,9000
2018/02/27,2607.0,2620.0,2507.0,2507.0,12800
2018/02/28,2460.0,2484.0,2458.0,2472.0,55900
2018/03/01,2461.0,2469.0,2458.0,2459.0,7000
2018/03/02,2433.0,2444.0,2432.0,2432.0,6300
2018/03/05,2430.0,2440.0,2362.0,2362.0,16300
2018/03/06,2386.0,2422.0,2378.0,2411.0,5700
2018/03/07,2400.0,2421.0,2391.0,2391.0,4300
2018/03/08,2396.0,2410.0,2393.0,2406.0,1400
2018/03/09,2408.0,2418.0,2397.0,2412.0,1600
2018/03/12,2412.0,2416.0,2401.0,2412.0,2200
2018/03/13,2417.0,2432.0,2406.0,2432.0,2200
2018/03/14,2411.0,2415.0,2411.0,2415.0,1000
2018/03/15,2416.0,2430.0,2416.0,2417.0,2200
2018/03/16,2421.0,2443.0,2421.0,2443.0,2400
2018/03/19,2446.0,2460.0,2418.0,2418.0,4600
2018/03/20,2414.0,2414.0,2405.0,2405.0,1200
2018/03/22,2405.0,2421.0,2405.0,2411.0,1400
2018/03/23,2387.0,2387.0,2340.0,2340.0,5700
2018/03/26,2302.0,2307.0,2300.0,2300.0,4700
2018/03/27,2320.0,2331.0,2310.0,2330.0,1800
2018/03/28,2309.0,2336.0,2300.0,2328.0,5600
2018/03/29,2334.0,2338.0,2334.0,2336.0,800
2018/03/30,2358.0,2385.0,2357.0,2357.0,3100
2018/04/02,2358.0,2370.0,2358.0,2366.0,1100
2018/04/03,2355.0,2355.0,2345.0,2346.0,900
2018/04/04,2365.0,2365.0,2349.0,2362.0,1800
2018/04/05,2365.0,2368.0,2363.0,2363.0,600
2018/04/06,2363.0,2375.0,2320.0,2341.0,3500
2018/04/09,2334.0,2334.0,2330.0,2330.0,500
2018/04/10,2331.0,2341.0,2326.0,2340.0,1000
2018/04/11,2360.0,2398.0,2360.0,2396.0,3600
2018/04/12,2396.0,2436.0,2396.0,2436.0,2700
2018/04/13,2436.0,2436.0,2425.0,2425.0,2300
2018/04/16,2410.0,2429.0,2384.0,2407.0,1800
2018/04/17,2407.0,2407.0,2363.0,2363.0,6300
2018/04/18,2363.0,2378.0,2348.0,2351.0,2900
2018/04/19,2355.0,2376.0,2339.0,2339.0,1900
2018/04/20,2333.0,2349.0,2316.0,2346.0,1900
2018/04/23,2344.0,2353.0,2320.0,2330.0,2000
2018/04/24,2330.0,2331.0,2323.0,2323.0,1400
2018/04/25,2322.0,2340.0,2322.0,2329.0,2500
2018/04/26,2329.0,2350.0,2323.0,2350.0,3400
2018/04/27,2356.0,2367.0,2330.0,2344.0,1500
2018/05/01,2345.0,2355.0,2345.0,2351.0,1100
2018/05/02,2355.0,2360.0,2350.0,2360.0,2000
2018/05/07,2388.0,2398.0,2380.0,2380.0,3000
2018/05/08,2394.0,2421.0,2394.0,2421.0,2500
2018/05/09,2430.0,2466.0,2414.0,2466.0,4300
2018/05/10,2485.0,2490.0,2449.0,2449.0,8100
2018/05/11,2469.0,2469.0,2420.0,2420.0,8000
2018/05/14,2440.0,2487.0,2290.0,2290.0,24800
2018/05/15,2140.0,2240.0,2132.0,2145.0,30100
2018/05/16,2130.0,2147.0,2040.0,2065.0,13300
2018/05/17,2078.0,2091.0,2077.0,2078.0,3000
2018/05/18,2079.0,2086.0,2073.0,2073.0,2600
2018/05/21,2070.0,2070.0,2050.0,2057.0,4000
2018/05/22,2060.0,2084.0,2060.0,2077.0,3600
2018/05/23,2077.0,2078.0,2060.0,2070.0,1700
2018/05/24,2060.0,2079.0,2060.0,2060.0,1600
2018/05/25,2065.0,2065.0,2050.0,2050.0,2000
2018/05/28,2072.0,2072.0,2061.0,2065.0,1800
2018/05/29,2046.0,2069.0,2046.0,2048.0,8500
2018/05/30,2044.0,2044.0,2016.0,2016.0,4500
2018/05/31,2018.0,2018.0,2018.0,2018.0,100
2018/06/01,2026.0,2040.0,2026.0,2026.0,2300
2018/06/04,2030.0,2052.0,2030.0,2052.0,900
2018/06/05,2052.0,2053.0,2018.0,2019.0,7300
2018/06/06,2020.0,2033.0,2015.0,2015.0,1500
2018/06/07,2015.0,2018.0,1998.0,2003.0,4400
2018/06/08,2003.0,2005.0,2001.0,2001.0,2300
2018/06/11,1992.0,2000.0,1991.0,2000.0,700
2018/06/12,1996.0,1996.0,1995.0,1995.0,700
2018/06/13,1994.0,1994.0,1974.0,1976.0,2800
2018/06/14,1955.0,1993.0,1955.0,1993.0,4100
2018/06/15,2003.0,2003.0,1976.0,1976.0,2200
2018/06/18,1970.0,1970.0,1936.0,1937.0,5800
2018/06/19,1977.0,1977.0,1952.0,1952.0,600
2018/06/20,1937.0,1937.0,1916.0,1917.0,1400
2018/06/21,1917.0,1917.0,1892.0,1901.0,3500
2018/06/22,1901.0,1919.0,1881.0,1881.0,3500
2018/06/25,1885.0,1887.0,1865.0,1865.0,5100
2018/06/26,1865.0,1890.0,1862.0,1862.0,1000
2018/06/27,1880.0,1888.0,1876.0,1880.0,3400
2018/06/28,1864.0,1872.0,1864.0,1866.0,700
2018/06/29,1866.0,1881.0,1866.0,1873.0,500
2018/07/02,1944.0,1944.0,1891.0,1895.0,2400
2018/07/03,1905.0,1910.0,1881.0,1884.0,4200
2018/07/04,1876.0,1876.0,1865.0,1865.0,300
2018/07/05,1862.0,1862.0,1821.0,1825.0,1800
2018/07/06,1820.0,1844.0,1820.0,1844.0,2300
2018/07/09,1833.0,1851.0,1833.0,1851.0,500
2018/07/10,1865.0,1906.0,1865.0,1898.0,1000
2018/07/11,1898.0,1902.0,1891.0,1894.0,1200
2018/07/12,1900.0,1920.0,1900.0,1913.0,1900
2018/07/13,1923.0,1923.0,1891.0,1891.0,7300
2018/07/17,1893.0,1893.0,1888.0,1888.0,800
2018/07/18,1864.0,1885.0,1860.0,1884.0,2000
2018/07/19,1856.0,1881.0,1856.0,1881.0,300
2018/07/20,1870.0,1870.0,1857.0,1857.0,600
2018/07/23,1858.0,1874.0,1858.0,1874.0,600
2018/07/24,1874.0,1874.0,1874.0,1874.0,200
2018/07/25,,,,,0
2018/07/26,1880.0,1883.0,1880.0,1883.0,300
2018/07/27,1860.0,1870.0,1860.0,1870.0,800
2018/07/30,1900.0,1900.0,1871.0,1900.0,3000
2018/07/31,1900.0,1900.0,1884.0,1884.0,1300
2018/08/01,1884.0,1884.0,1866.0,1870.0,2100
2018/08/02,1880.0,1880.0,1870.0,1871.0,1000
2018/08/03,,,,,0
2018/08/06,1871.0,1871.0,1846.0,1859.0,2700
2018/08/07,1866.0,1866.0,1848.0,1848.0,400
2018/08/08,1849.0,1850.0,1848.0,1850.0,1100
2018/08/09,1855.0,1855.0,1848.0,1848.0,1300
2018/08/10,1850.0,1855.0,1835.0,1835.0,1400
2018/08/13,1795.0,1795.0,1739.0,1755.0,5900
2018/08/14,1715.0,1779.0,1715.0,1753.0,1400
2018/08/15,1763.0,1763.0,1722.0,1732.0,2700
2018/08/16,,,,,0
2018/08/17,1732.0,1732.0,1671.0,1671.0,3500
2018/08/20,1690.0,1691.0,1655.0,1655.0,3800
2018/08/21,1674.0,1688.0,1674.0,1688.0,1200
2018/08/22,,,,,0
2018/08/23,1675.0,1675.0,1653.0,1671.0,1400
2018/08/24,1650.0,1665.0,1650.0,1664.0,2600
2018/08/27,1654.0,1688.0,1654.0,1686.0,1500
2018/08/28,1685.0,1685.0,1661.0,1661.0,1500
2018/08/29,1662.0,1665.0,1662.0,1665.0,500
2018/08/30,1666.0,1666.0,1666.0,1666.0,100
2018/08/31,1672.0,1676.0,1672.0,1672.0,600
2018/09/03,1665.0,1665.0,1655.0,1655.0,300
2018/09/04,1660.0,1660.0,1652.0,1653.0,3400
2018/09/05,1650.0,1650.0,1640.0,1640.0,2400
2018/09/06,1636.0,1639.0,1625.0,1626.0,5400
2018/09/07,1625.0,1626.0,1604.0,1625.0,12300
2018/09/10,1630.0,1630.0,1624.0,1624.0,200
2018/09/11,1624.0,1625.0,1610.0,1610.0,3800
2018/09/12,1612.0,1612.0,1612.0,1612.0,100
2018/09/13,1612.0,1619.0,1612.0,1616.0,600
2018/09/14,1626.0,1626.0,1608.0,1608.0,1400
2018/09/18,1605.0,1605.0,1591.0,1591.0,11100
2018/09/19,1595.0,1600.0,1595.0,1600.0,2600
2018/09/20,1600.0,1601.0,1598.0,1600.0,6100
2018/09/21,1602.0,1613.0,1600.0,1605.0,2900
2018/09/25,1603.0,1619.0,1603.0,1605.0,5500
2018/09/26,1619.0,1650.0,1619.0,1645.0,4300
2018/09/27,1636.0,1638.0,1626.0,1626.0,700
2018/09/28,1620.0,1735.0,1620.0,1705.0,2300
2018/10/01,1705.0,1705.0,1666.0,1677.0,1000
2018/10/02,1661.0,1676.0,1636.0,1636.0,1300
2018/10/03,1644.0,1650.0,1643.0,1648.0,1000
2018/10/04,1644.0,1644.0,1633.0,1638.0,2600
2018/10/05,1641.0,1641.0,1625.0,1625.0,300
2018/10/09,1611.0,1611.0,1611.0,1611.0,200
2018/10/10,1613.0,1613.0,1613.0,1613.0,500
2018/10/11,1605.0,1645.0,1600.0,1600.0,3800
2018/10/12,1600.0,1607.0,1581.0,1607.0,1200
2018/10/15,1617.0,1619.0,1617.0,1618.0,1700
2018/10/16,1681.0,1681.0,1628.0,1630.0,800
2018/10/17,1643.0,1659.0,1581.0,1581.0,900
2018/10/18,1583.0,1588.0,1583.0,1587.0,700
2018/10/19,1583.0,1619.0,1583.0,1619.0,500
2018/10/22,,,,,0
2018/10/23,1619.0,1619.0,1619.0,1619.0,100
2018/10/24,1619.0,1619.0,1591.0,1591.0,200
2018/10/25,1591.0,1592.0,1568.0,1568.0,1400
2018/10/26,1571.0,1571.0,1567.0,1567.0,400
2018/10/29,1561.0,1561.0,1434.0,1461.0,15100
2018/10/30,1451.0,1482.0,1450.0,1455.0,2900
2018/10/31,1460.0,1470.0,1460.0,1470.0,200
2018/11/01,1491.0,1521.0,1491.0,1519.0,2400
2018/11/02,1519.0,1526.0,1519.0,1519.0,400
2018/11/05,1519.0,1520.0,1519.0,1520.0,300
2018/11/06,1520.0,1520.0,1479.0,1480.0,1400
2018/11/07,1480.0,1481.0,1480.0,1481.0,900
2018/11/08,1481.0,1512.0,1480.0,1511.0,1800
2018/11/09,1511.0,1511.0,1473.0,1473.0,1500
2018/11/12,1509.0,1596.0,1509.0,1580.0,5800
2018/11/13,1580.0,1589.0,1565.0,1589.0,5700
2018/11/14,1608.0,1698.0,1608.0,1698.0,2400
2018/11/15,1708.0,1729.0,1628.0,1632.0,4500
2018/11/16,1650.0,1651.0,1632.0,1632.0,2600
2018/11/19,1632.0,1688.0,1632.0,1688.0,800
2018/11/20,1688.0,1696.0,1648.0,1696.0,1500
2018/11/21,1700.0,1700.0,1684.0,1684.0,700
2018/11/22,1684.0,1684.0,1612.0,1662.0,800
2018/11/26,1662.0,1662.0,1662.0,1662.0,100
2018/11/27,1675.0,1675.0,1662.0,1662.0,900
2018/11/28,1637.0,1640.0,1620.0,1639.0,800
2018/11/29,1640.0,1673.0,1640.0,1673.0,200
2018/11/30,1659.0,1659.0,1658.0,1658.0,400
2018/12/03,1658.0,1658.0,1649.0,1649.0,1900
2018/12/04,1649.0,1667.0,1649.0,1667.0,1500
2018/12/05,,,,,0
2018/12/06,1667.0,1667.0,1667.0,1667.0,100
2018/12/07,1627.0,1650.0,1610.0,1649.0,2800
2018/12/10,,,,,0
2018/12/11,1648.0,1648.0,1576.0,1645.0,4500
2018/12/12,1645.0,1645.0,1603.0,1644.0,3000
2018/12/13,1644.0,1667.0,1644.0,1655.0,1500
2018/12/14,1665.0,1699.0,1665.0,1666.0,3600
2018/12/17,1676.0,1690.0,1668.0,1689.0,1600
2018/12/18,1688.0,1690.0,1615.0,1687.0,2500
2018/12/19,1687.0,1691.0,1687.0,1687.0,1500
2018/12/20,1678.0,1678.0,1512.0,1548.0,3800
2018/12/21,1508.0,1508.0,1442.0,1444.0,9900
2018/12/25,1414.0,1414.0,1385.0,1410.0,15000
2018/12/26,1415.0,1445.0,1361.0,1445.0,5400
2018/12/27,1455.0,1468.0,1445.0,1445.0,1500
2018/12/28,1445.0,1460.0,1414.0,1431.0,2100
2019/01/04,1431.0,1487.0,1427.0,1427.0,700
2019/01/07,1487.0,1487.0,1459.0,1487.0,2400
2019/01/08,1490.0,1505.0,1487.0,1505.0,900
2019/01/09,1519.0,1541.0,1519.0,1526.0,2000
2019/01/10,1530.0,1536.0,1530.0,1536.0,200
2019/01/11,1562.0,1599.0,1562.0,1599.0,600
2019/01/15,1609.0,1631.0,1599.0,1615.0,1600
2019/01/16,1615.0,1617.0,1600.0,1616.0,600
2019/01/17,1616.0,1616.0,1616.0,1616.0,200
2019/01/18,,,,,0
2019/01/21,1630.0,1652.0,1630.0,1642.0,500
2019/01/22,1642.0,1647.0,1634.0,1647.0,300
2019/01/23,1640.0,1640.0,1640.0,1640.0,300
2019/01/24,,,,,0
2019/01/25,,,,,0
2019/01/28,1649.0,1698.0,1649.0,1697.0,4800
2019/01/29,1697.0,1697.0,1668.0,1697.0,2200
2019/01/30,1696.0,1697.0,1696.0,1697.0,1100
2019/01/31,1695.0,1695.0,1630.0,1692.0,1900
2019/02/01,1685.0,1685.0,1606.0,1617.0,2800
2019/02/04,1630.0,1674.0,1630.0,1632.0,1400
2019/02/05,1643.0,1669.0,1643.0,1660.0,1300
2019/02/06,1685.0,1685.0,1680.0,1680.0,300
2019/02/07,1685.0,1685.0,1680.0,1685.0,300
2019/02/08,1685.0,1685.0,1685.0,1685.0,100
2019/02/12,1606.0,1612.0,1562.0,1612.0,1500
2019/02/13,1612.0,1624.0,1612.0,1624.0,600
2019/02/14,1624.0,1676.0,1621.0,1664.0,2300
2019/02/15,1674.0,1674.0,1592.0,1638.0,3700
2019/02/18,1681.0,1681.0,1681.0,1681.0,300
2019/02/19,1681.0,1681.0,1681.0,1681.0,100
2019/02/20,1681.0,1684.0,1681.0,1684.0,400
2019/02/21,1680.0,1680.0,1640.0,1680.0,400
2019/02/22,1680.0,1680.0,1661.0,1661.0,700
2019/02/25,1682.0,1682.0,1661.0,1665.0,2100
2019/02/26,1682.0,1684.0,1682.0,1684.0,1500
2019/02/27,1685.0,1685.0,1684.0,1684.0,600
2019/02/28,1684.0,1690.0,1656.0,1656.0,500
2019/03/01,1696.0,1701.0,1681.0,1681.0,500
2019/03/04,1681.0,1705.0,1632.0,1705.0,1700
2019/03/05,1709.0,1772.0,1707.0,1722.0,3400
2019/03/06,1722.0,1740.0,1675.0,1739.0,1800
2019/03/07,1730.0,1748.0,1690.0,1707.0,2400
2019/03/08,1724.0,1724.0,1707.0,1719.0,1000
2019/03/11,1725.0,1725.0,1685.0,1709.0,1300
2019/03/12,1730.0,1741.0,1726.0,1726.0,2600
2019/03/13,1743.0,1754.0,1743.0,1754.0,300
2019/03/14,1771.0,1778.0,1770.0,1778.0,1100
2019/03/15,1778.0,1778.0,1765.0,1770.0,2400
2019/03/18,1775.0,1775.0,1740.0,1740.0,700
2019/03/19,1740.0,1740.0,1675.0,1739.0,2000
2019/03/20,1739.0,1739.0,1739.0,1739.0,400
2019/03/22,1739.0,1777.0,1720.0,1770.0,3700
2019/03/25,1770.0,1770.0,1710.0,1740.0,5100
2019/03/26,1740.0,1770.0,1740.0,1770.0,1000
2019/03/27,1763.0,1763.0,1763.0,1763.0,200
2019/03/28,1763.0,1763.0,1683.0,1685.0,1600
2019/03/29,1685.0,1697.0,1685.0,1687.0,400
2019/04/01,1687.0,1691.0,1650.0,1669.0,1300
2019/04/02,1669.0,1669.0,1581.0,1592.0,2400
2019/04/03,1607.0,1649.0,1606.0,1607.0,1700
2019/04/04,1625.0,1625.0,1615.0,1615.0,2500
2019/04/05,1648.0,1649.0,1630.0,1631.0,1700
2019/04/08,1631.0,1631.0,1614.0,1630.0,2100
2019/04/09,1630.0,1631.0,1591.0,1628.0,2200
2019/04/10,1606.0,1629.0,1561.0,1579.0,2100
2019/04/11,1579.0,1595.0,1540.0,1540.0,1700
2019/04/12,1570.0,1570.0,1541.0,1541.0,1600
2019/04/15,1551.0,1583.0,1551.0,1556.0,2400
2019/04/16,1566.0,1611.0,1566.0,1566.0,1500
2019/04/17,1576.0,1581.0,1538.0,1538.0,2700
2019/04/18,1540.0,1560.0,1538.0,1557.0,1400
2019/04/19,1557.0,1573.0,1537.0,1537.0,3000
2019/04/22,1545.0,1550.0,1522.0,1550.0,1600
2019/04/23,1550.0,1550.0,1489.0,1519.0,2500
2019/04/24,1519.0,1519.0,1519.0,1519.0,400
2019/04/25,1525.0,1525.0,1454.0,1454.0,2200
2019/04/26,1485.0,1485.0,1485.0,1485.0,100
2019/05/07,1499.0,1499.0,1465.0,1466.0,1300
2019/05/08,1466.0,1467.0,1450.0,1450.0,900
2019/05/09,1451.0,1451.0,1451.0,1451.0,100
2019/05/10,1456.0,1465.0,1450.0,1450.0,1600
2019/05/13,1453.0,1492.0,1453.0,1492.0,22700
2019/05/14,1481.0,1481.0,1467.0,1467.0,600
2019/05/15,1477.0,1477.0,1405.0,1420.0,4900
2019/05/16,1425.0,1455.0,1421.0,1423.0,1300
2019/05/17,1423.0,1430.0,1423.0,1430.0,500
2019/05/20,1435.0,1500.0,1435.0,1441.0,2800
2019/05/21,1471.0,1471.0,1442.0,1460.0,2200
2019/05/22,1461.0,1485.0,1461.0,1464.0,600
2019/05/23,1464.0,1473.0,1464.0,1465.0,1100
2019/05/24,1465.0,1465.0,1465.0,1465.0,100
2019/05/27,1499.0,1499.0,1486.0,1496.0,500
2019/05/28,1496.0,1500.0,1495.0,1500.0,1800
2019/05/29,1504.0,1520.0,1504.0,1520.0,200
2019/05/30,1525.0,1549.0,1525.0,1533.0,900
2019/05/31,1531.0,1548.0,1491.0,1548.0,2900
2019/06/03,1574.0,1574.0,1520.0,1545.0,1600
2019/06/04,1545.0,1545.0,1545.0,1545.0,1000
2019/06/05,1545.0,1545.0,1545.0,1545.0,100
2019/06/06,,,,,0
2019/06/07,,,,,0
2019/06/10,,,,,0
2019/06/11,1552.0,1577.0,1552.0,1577.0,300
2019/06/12,1589.0,1590.0,1580.0,1580.0,500
2019/06/13,1581.0,1594.0,1581.0,1594.0,1300
2019/06/14,1604.0,1609.0,1604.0,1609.0,1700
2019/06/17,1619.0,1619.0,1619.0,1619.0,500
2019/06/18,1619.0,1619.0,1612.0,1616.0,1100
2019/06/19,1620.0,1638.0,1620.0,1638.0,700
2019/06/20,1638.0,1654.0,1635.0,1654.0,2800
2019/06/21,1654.0,1654.0,1654.0,1654.0,500
2019/06/24,1654.0,1654.0,1654.0,1654.0,100
2019/06/25,,,,,0
2019/06/26,1654.0,1654.0,1654.0,1654.0,100
2019/06/27,1654.0,1684.0,1654.0,1684.0,900
2019/06/28,1684.0,1739.0,1684.0,1727.0,500
2019/07/01,1727.0,1748.0,1727.0,1742.0,1100
2019/07/02,1742.0,1742.0,1742.0,1742.0,200
2019/07/03,1745.0,1769.0,1735.0,1765.0,4200
2019/07/04,,,,,0
2019/07/05,1767.0,1830.0,1767.0,1830.0,1700
2019/07/08,1830.0,1830.0,1783.0,1813.0,1800
2019/07/09,1825.0,1825.0,1798.0,1809.0,5700
2019/07/10,1809.0,1820.0,1799.0,1809.0,6000
2019/07/11,1822.0,1835.0,1815.0,1828.0,2400
2019/07/12,1828.0,1828.0,1816.0,1818.0,6400
2019/07/16,1818.0,1818.0,1818.0,1818.0,1300
2019/07/17,1839.0,1839.0,1839.0,1839.0,100
2019/07/18,,,,,0
2019/07/19,1759.0,1759.0,1759.0,1759.0,200
2019/07/22,1759.0,1759.0,1759.0,1759.0,100
2019/07/23,1759.0,1770.0,1759.0,1770.0,700
2019/07/24,1770.0,1800.0,1770.0,1800.0,200
2019/07/25,1765.0,1765.0,1765.0,1765.0,100
2019/07/26,1769.0,1769.0,1760.0,1760.0,300
2019/07/29,,,,,0
2019/07/30,1760.0,1775.0,1749.0,1749.0,500
2019/07/31,1749.0,1764.0,1749.0,1764.0,200
2019/08/01,1764.0,1764.0,1764.0,1764.0,100
2019/08/02,1692.0,1706.0,1692.0,1701.0,300
2019/08/05,1701.0,1704.0,1701.0,1704.0,300
2019/08/06,1704.0,1704.0,1674.0,1674.0,300
2019/08/07,1634.0,1634.0,1634.0,1634.0,100
2019/08/08,1657.0,1657.0,1657.0,1657.0,100
2019/08/09,1670.0,1670.0,1641.0,1641.0,400
2019/08/13,1749.0,1749.0,1728.0,1742.0,1900
2019/08/14,1794.0,1794.0,1777.0,1792.0,1100
2019/08/15,1775.0,1775.0,1736.0,1737.0,1600
2019/08/16,1707.0,1707.0,1707.0,1707.0,100
2019/08/19,1700.0,1700.0,1695.0,1695.0,2000
2019/08/20,1695.0,1740.0,1681.0,1684.0,3900
2019/08/21,1684.0,1684.0,1684.0,1684.0,800
2019/08/22,1684.0,1685.0,1684.0,1684.0,800
2019/08/23,1674.0,1677.0,1650.0,1650.0,300
2019/08/26,,,,,0
2019/08/27,,,,,0
2019/08/28,,,,,0
2019/08/29,1650.0,1650.0,1650.0,1650.0,100
2019/08/30,1650.0,1650.0,1650.0,1650.0,200
2019/09/02,,,,,0
2019/09/03,,,,,0
2019/09/04,1600.0,1600.0,1600.0,1600.0,200
2019/09/05,1670.0,1670.0,1670.0,1670.0,300
2019/09/06,1670.0,1670.0,1670.0,1670.0,100
2019/09/09,1685.0,1719.0,1685.0,1694.0,300
2019/09/10,1710.0,1719.0,1694.0,1694.0,300
2019/09/11,1719.0,1719.0,1719.0,1719.0,100
2019/09/12,1735.0,1750.0,1735.0,1749.0,500
2019/09/13,1759.0,1759.0,1749.0,1749.0,1300
2019/09/17,1709.0,1728.0,1709.0,1711.0,3700
2019/09/18,1712.0,1729.0,1676.0,1676.0,2400
2019/09/19,,,,,0
2019/09/20,1685.0,1685.0,1650.0,1650.0,600
2019/09/24,,,,,0
2019/09/25,1650.0,1650.0,1650.0,1650.0,100
2019/09/26,1650.0,1650.0,1650.0,1650.0,100
2019/09/27,,,,,0
2019/09/30,1650.0,1650.0,1650.0,1650.0,21400
2019/10/01,,,,,0
2019/10/02,,,,,0
2019/10/03,,,,,0
2019/10/04,,,,,0
2019/10/07,,,,,0
2019/10/08,1650.0,1650.0,1650.0,1650.0,4000
2019/10/09,,,,,0
2019/10/10,1670.0,1670.0,1670.0,1670.0,4700
2019/10/11,1700.0,1713.0,1700.0,1710.0,900
2019/10/15,1717.0,1717.0,1707.0,1709.0,1600
2019/10/16,,,,,0
2019/10/17,,,,,0
2019/10/18,1709.0,1737.0,1708.0,1708.0,1700
2019/10/21,,,,,0
2019/10/23,1708.0,1708.0,1708.0,1708.0,100
2019/10/24,1705.0,1705.0,1704.0,1705.0,500
2019/10/25,1703.0,1703.0,1703.0,1703.0,100
2019/10/28,1703.0,1703.0,1703.0,1703.0,200
2019/10/29,1695.0,1695.0,1695.0,1695.0,100
2019/10/30,1694.0,1694.0,1691.0,1691.0,500
2019/10/31,1691.0,1691.0,1691.0,1691.0,100
2019/11/01,1691.0,1691.0,1691.0,1691.0,100
2019/11/05,1691.0,1695.0,1676.0,1676.0,900
2019/11/06,1680.0,1691.0,1680.0,1691.0,200
2019/11/07,1691.0,1700.0,1685.0,1685.0,1600
2019/11/08,1695.0,1705.0,1650.0,1650.0,6200
2019/11/11,1660.0,1688.0,1658.0,1658.0,700
2019/11/12,1675.0,1675.0,1661.0,1661.0,1100
2019/11/13,1670.0,1670.0,1645.0,1645.0,2500
2019/11/14,1660.0,1660.0,1638.0,1638.0,3300
2019/11/15,1648.0,1648.0,1648.0,1648.0,1100
2019/11/18,1658.0,1660.0,1658.0,1660.0,1300
2019/11/19,1645.0,1660.0,1645.0,1660.0,500
2019/11/20,1660.0,1669.0,1640.0,1660.0,1600
2019/11/21,1660.0,1660.0,1660.0,1660.0,200
2019/11/22,1660.0,1669.0,1660.0,1669.0,200
2019/11/25,1669.0,1670.0,1648.0,1668.0,900
2019/11/26,1668.0,1670.0,1655.0,1655.0,2600
2019/11/27,1655.0,1658.0,1648.0,1648.0,1200
2019/11/28,1650.0,1675.0,1633.0,1633.0,2300
2019/11/29,1633.0,1660.0,1633.0,1660.0,400
2019/12/02,1677.0,1677.0,1677.0,1677.0,100
2019/12/03,1677.0,1677.0,1660.0,1674.0,400
2019/12/04,1640.0,1672.0,1640.0,1672.0,300
2019/12/05,1672.0,1677.0,1644.0,1650.0,500
2019/12/06,1677.0,1677.0,1677.0,1677.0,100
2019/12/09,1677.0,1678.0,1677.0,1678.0,700
2019/12/10,1678.0,1678.0,1678.0,1678.0,200
2019/12/11,1690.0,1700.0,1676.0,1676.0,2000
2019/12/12,1714.0,1734.0,1714.0,1734.0,300
2019/12/13,1744.0,1744.0,1724.0,1724.0,3000
2019/12/16,1724.0,1745.0,1724.0,1745.0,300
2019/12/17,1745.0,1745.0,1725.0,1725.0,700
2019/12/18,1725.0,1725.0,1725.0,1725.0,100
2019/12/19,1706.0,1720.0,1706.0,1720.0,300
2019/12/20,1720.0,1722.0,1702.0,1702.0,500
2019/12/23,1733.0,1733.0,1691.0,1691.0,1100
2019/12/24,1700.0,1702.0,1700.0,1700.0,5600
2019/12/25,1681.0,1681.0,1670.0,1670.0,1000
2019/12/26,1673.0,1673.0,1650.0,1652.0,1200
2019/12/27,1652.0,1652.0,1650.0,1650.0,300
2019/12/30,1652.0,1669.0,1650.0,1669.0,1800
2020/01/06,1669.0,1670.0,1658.0,1658.0,5400
2020/01/07,1670.0,1670.0,1670.0,1670.0,400
2020/01/08,1670.0,1670.0,1650.0,1662.0,1800
2020/01/09,1696.0,1698.0,1688.0,1698.0,1100
2020/01/10,1705.0,1731.0,1705.0,1731.0,300
2020/01/14,1733.0,1759.0,1733.0,1759.0,600
2020/01/15,1769.0,1783.0,1769.0,1783.0,1900
2020/01/16,1795.0,1795.0,1761.0,1790.0,1800
2020/01/17,1787.0,1794.0,1762.0,1768.0,800
2020/01/20,1776.0,1776.0,1776.0,1776.0,100
2020/01/21,1771.0,1771.0,1771.0,1771.0,300
2020/01/22,1771.0,1771.0,1748.0,1770.0,600
2020/01/23,1770.0,1770.0,1765.0,1769.0,400
2020/01/24,1750.0,1750.0,1750.0,1750.0,100
2020/01/27,1750.0,1750.0,1712.0,1712.0,700
2020/01/28,1692.0,1692.0,1690.0,1690.0,500
2020/01/29,1716.0,1716.0,1716.0,1716.0,100
2020/01/30,,,,,0
2020/01/31,1716.0,1716.0,1652.0,1652.0,1000
2020/02/03,1656.0,1656.0,1656.0,1656.0,100
2020/02/04,1669.0,1698.0,1669.0,1698.0,400
2020/02/05,1698.0,1698.0,1698.0,1698.0,100
2020/02/06,1730.0,1730.0,1730.0,1730.0,100
2020/02/07,,,,,0
2020/02/10,1750.0,1750.0,1740.0,1740.0,600
2020/02/12,1779.0,1783.0,1779.0,1783.0,400
2020/02/13,1796.0,1799.0,1787.0,1799.0,1000
2020/02/14,1799.0,1799.0,1796.0,1796.0,1900
2020/02/17,1796.0,1796.0,1726.0,1748.0,900
2020/02/18,1748.0,1748.0,1748.0,1748.0,100
2020/02/19,1708.0,1711.0,1701.0,1711.0,400
2020/02/20,1671.0,1699.0,1671.0,1699.0,700
2020/02/21,1699.0,1721.0,1681.0,1681.0,2400
2020/02/25,1681.0,1686.0,1599.0,1599.0,1900
2020/02/26,1599.0,1604.0,1599.0,1604.0,700
2020/02/27,1604.0,1604.0,1578.0,1578.0,200
2020/02/28,1529.0,1577.0,1451.0,1481.0,1800
2020/03/02,1481.0,1585.0,1478.0,1585.0,1900
2020/03/03,1600.0,1600.0,1586.0,1586.0,300
2020/03/04,1587.0,1587.0,1587.0,1587.0,100
2020/03/05,1587.0,1600.0,1544.0,1544.0,500
2020/03/06,1554.0,1554.0,1539.0,1539.0,600
2020/03/09,1524.0,1524.0,1410.0,1440.0,2200
2020/03/10,1440.0,1445.0,1420.0,1445.0,1100
2020/03/11,1458.0,1515.0,1458.0,1515.0,500
2020/03/12,1445.0,1445.0,1445.0,1445.0,100
2020/03/13,1415.0,1415.0,1200.0,1269.0,3900
2020/03/16,1269.0,1272.0,1269.0,1269.0,1200
2020/03/17,1241.0,1273.0,1241.0,1266.0,500
2020/03/18,1296.0,1300.0,1284.0,1284.0,1100
2020/03/19,1254.0,1270.0,1240.0,1240.0,900
2020/03/23,1240.0,1250.0,1240.0,1241.0,300
2020/03/24,1316.0,1316.0,1295.0,1295.0,800
2020/03/25,1325.0,1480.0,1325.0,1401.0,1400
2020/03/26,1401.0,1448.0,1401.0,1448.0,200
2020/03/27,1448.0,1449.0,1442.0,1449.0,800
2020/03/30,1374.0,1422.0,1351.0,1381.0,1300
2020/03/31,1381.0,1441.0,1333.0,1333.0,1400
2020/04/01,1423.0,1423.0,1414.0,1414.0,300
2020/04/02,1400.0,1400.0,1400.0,1400.0,200
2020/04/03,1449.0,1449.0,1400.0,1400.0,300
2020/04/06,1400.0,1400.0,1400.0,1400.0,200
2020/04/07,1420.0,1420.0,1420.0,1420.0,600
2020/04/08,1399.0,1413.0,1353.0,1413.0,800
2020/04/09,1413.0,1413.0,1413.0,1413.0,200
2020/04/10,1426.0,1450.0,1412.0,1412.0,1700
2020/04/13,1412.0,1412.0,1412.0,1412.0,800
2020/04/14,1413.0,1497.0,1412.0,1424.0,1300
2020/04/15,1434.0,1481.0,1434.0,1468.0,1600
2020/04/16,1478.0,1551.0,1478.0,1512.0,1500
2020/04/17,1529.0,1580.0,1529.0,1533.0,1400
2020/04/20,1543.0,1587.0,1543.0,1562.0,1300
2020/04/21,1565.0,1565.0,1506.0,1506.0,500
2020/04/22,,,,,0
2020/04/23,,,,,0
2020/04/24,1550.0,1614.0,1550.0,1600.0,1000
2020/04/27,1600.0,1600.0,1568.0,1568.0,500
2020/04/28,1640.0,1640.0,1582.0,1611.0,900
2020/04/30,1639.0,1640.0,1611.0,1611.0,400
2020/05/01,1611.0,1611.0,1611.0,1611.0,100
2020/05/07,1571.0,1571.0,1524.0,1555.0,900
2020/05/08,1578.0,1598.0,1578.0,1598.0,200
2020/05/11,1600.0,1609.0,1599.0,1599.0,400
2020/05/12,1601.0,1601.0,1601.0,1601.0,700
2020/05/13,,,,,0
2020/05/14,1600.0,1600.0,1565.0,1600.0,600
2020/05/15,1610.0,1611.0,1524.0,1531.0,2300
2020/05/18,,,,,0
2020/05/19,1541.0,1541.0,1541.0,1541.0,100
2020/05/20,,,,,0
2020/05/21,,,,,0
2020/05/22,,,,,0
2020/05/25,,,,,0
2020/05/26,,,,,0
2020/05/27,1541.0,1541.0,1526.0,1526.0,200
2020/05/28,1511.0,1534.0,1511.0,1534.0,800
2020/05/29,,,,,0
2020/06/01,1567.0,1567.0,1567.0,1567.0,100
2020/06/02,1598.0,1600.0,1598.0,1600.0,700
2020/06/03,1600.0,1600.0,1600.0,1600.0,400
2020/06/04,1607.0,1675.0,1607.0,1610.0,1700
2020/06/05,1610.0,1610.0,1610.0,1610.0,300
2020/06/08,1618.0,1620.0,1617.0,1620.0,600
2020/06/09,1621.0,1638.0,1621.0,1638.0,200
2020/06/10,1638.0,1638.0,1631.0,1631.0,500
2020/06/11,1637.0,1639.0,1637.0,1639.0,200
2020/06/12,1639.0,1650.0,1630.0,1650.0,700
2020/06/15,1650.0,1650.0,1642.0,1650.0,1700
2020/06/16,,,,,0
2020/06/17,1650.0,1685.0,1650.0,1679.0,300
2020/06/18,1674.0,1674.0,1652.0,1657.0,300
2020/06/19,1657.0,1666.0,1651.0,1651.0,400
2020/06/22,,,,,0
2020/06/23,1651.0,1689.0,1651.0,1671.0,3600
2020/06/24,1698.0,1699.0,1684.0,1699.0,500
2020/06/25,1699.0,1700.0,1697.0,1697.0,800
2020/06/26,1700.0,1724.0,1699.0,1724.0,900
2020/06/29,1724.0,1724.0,1720.0,1721.0,300
2020/06/30,1721.0,1724.0,1716.0,1724.0,500
2020/07/01,1724.0,1724.0,1655.0,1655.0,800
2020/07/02,1676.0,1715.0,1676.0,1696.0,400
2020/07/03,1696.0,1713.0,1696.0,1709.0,300
2020/07/06,1709.0,1722.0,1694.0,1720.0,600
2020/07/07,,,,,0
2020/07/08,,,,,0
2020/07/09,1725.0,1729.0,1725.0,1729.0,400
2020/07/10,1740.0,1750.0,1740.0,1741.0,1900
2020/07/13,1760.0,1785.0,1760.0,1785.0,1500
2020/07/14,1790.0,1824.0,1790.0,1819.0,3200
2020/07/15,1821.0,1839.0,1820.0,1820.0,7100
2020/07/16,1820.0,1848.0,1820.0,1848.0,2200
2020/07/17,1848.0,1848.0,1838.0,1841.0,700
2020/07/20,1841.0,1879.0,1841.0,1879.0,2100
2020/07/21,1879.0,1879.0,1879.0,1879.0,500
2020/07/22,1879.0,1879.0,1860.0,1860.0,700
2020/07/27,1860.0,1860.0,1835.0,1835.0,400
2020/07/28,1835.0,1857.0,1835.0,1856.0,700
2020/07/29,1856.0,1856.0,1815.0,1815.0,600
2020/07/30,1775.0,1786.0,1775.0,1785.0,800
2020/07/31,1769.0,1802.0,1769.0,1802.0,800
2020/08/03,1812.0,1834.0,1812.0,1816.0,400
2020/08/04,1776.0,1794.0,1772.0,1772.0,700
2020/08/05,,,,,0
2020/08/06,1772.0,1816.0,1772.0,1816.0,300
2020/08/07,1816.0,1865.0,1803.0,1856.0,3000
2020/08/11,1736.0,1745.0,1725.0,1738.0,7500
2020/08/12,1744.0,1750.0,1732.0,1750.0,3100
2020/08/13,1748.0,1768.0,1748.0,1753.0,1000
2020/08/14,1753.0,1753.0,1673.0,1712.0,3400
2020/08/17,1730.0,1730.0,1730.0,1730.0,100
2020/08/18,1730.0,1730.0,1730.0,1730.0,100
2020/08/19,1729.0,1729.0,1710.0,1724.0,1600
2020/08/20,,,,,0
2020/08/21,1711.0,1730.0,1711.0,1730.0,600
2020/08/24,1730.0,1730.0,1730.0,1730.0,100
2020/08/25,1730.0,1730.0,1715.0,1716.0,2000
2020/08/26,,,,,0
2020/08/27,1716.0,1716.0,1716.0,1716.0,500
2020/08/28,1716.0,1716.0,1700.0,1700.0,200
2020/08/31,1700.0,1700.0,1700.0,1700.0,100
2020/09/01,1700.0,1700.0,1700.0,1700.0,100
2020/09/02,1681.0,1681.0,1681.0,1681.0,300
2020/09/03,1681.0,1681.0,1681.0,1681.0,100
2020/09/04,,,,,0
2020/09/07,1681.0,1681.0,1681.0,1681.0,100
2020/09/08,,,,,0
2020/09/09,1681.0,1681.0,1680.0,1680.0,200
2020/09/10,1702.0,1704.0,1702.0,1704.0,200
2020/09/11,1709.0,1710.0,1709.0,1710.0,200
2020/09/14,1715.0,1725.0,1715.0,1725.0,300
2020/09/15,1733.0,1760.0,1732.0,1732.0,1600
2020/09/16,1784.0,1784.0,1733.0,1735.0,700
2020/09/17,,,,,0
2020/09/18,1750.0,1758.0,1711.0,1711.0,900
2020/09/23,1677.0,1703.0,1677.0,1703.0,700
2020/09/24,1678.0,1681.0,1678.0,1681.0,200
2020/09/25,1694.0,1694.0,1694.0,1694.0,100
2020/09/28,1654.0,1654.0,1643.0,1650.0,21600
2020/09/29,1663.0,1683.0,1663.0,1670.0,700
2020/09/30,1670.0,1670.0,1670.0,1670.0,100
2020/10/01,,,,,0
2020/10/02,1680.0,1687.0,1676.0,1687.0,500
2020/10/05,1687.0,1687.0,1664.0,1664.0,300
2020/10/06,1686.0,1689.0,1686.0,1689.0,300
2020/10/07,1669.0,1669.0,1669.0,1669.0,100
2020/10/08,1673.0,1673.0,1673.0,1673.0,200
2020/10/09,,,,,0
2020/10/12,1710.0,1718.0,1698.0,1701.0,600
2020/10/13,1701.0,1701.0,1698.0,1698.0,300
2020/10/14,1707.0,1708.0,1707.0,1708.0,200
2020/10/15,1718.0,1718.0,1680.0,1680.0,1200
2020/10/16,1680.0,1680.0,1666.0,1674.0,600
2020/10/19,1684.0,1684.0,1684.0,1684.0,200
2020/10/20,1684.0,1684.0,1665.0,1680.0,400
2020/10/21,1680.0,1680.0,1651.0,1665.0,2000
2020/10/22,1680.0,1680.0,1666.0,1670.0,2100
2020/10/23,1670.0,1670.0,1670.0,1670.0,200
2020/10/26,,,,,0
2020/10/27,,,,,0
2020/10/28,1681.0,1681.0,1681.0,1681.0,100
2020/10/29,1681.0,1681.0,1678.0,1680.0,500
2020/10/30,,,,,0
2020/11/02,1683.0,1683.0,1681.0,1681.0,200
2020/11/04,1681.0,1681.0,1681.0,1681.0,100
2020/11/05,1686.0,1686.0,1686.0,1686.0,100
2020/11/06,1691.0,1725.0,1691.0,1725.0,400
2020/11/09,1720.0,1720.0,1691.0,1691.0,300
2020/11/10,1730.0,1737.0,1725.0,1725.0,300
2020/11/11,1725.0,1737.0,1712.0,1712.0,500
2020/11/12,1717.0,1734.0,1717.0,1720.0,1400
2020/11/13,1720.0,1720.0,1720.0,1720.0,1600
2020/11/16,1724.0,1724.0,1715.0,1715.0,700
2020/11/17,1700.0,1700.0,1694.0,1694.0,1200
2020/11/18,1697.0,1702.0,1697.0,1702.0,900
2020/11/19,1700.0,1700.0,1691.0,1691.0,700
2020/11/20,,,,,0
2020/11/24,,,,,0
2020/11/25,1693.0,1700.0,1693.0,1700.0,400
2020/11/26,1700.0,1700.0,1688.0,1688.0,200
2020/11/27,1700.0,1700.0,1692.0,1692.0,400
2020/11/30,1700.0,1700.0,1693.0,1693.0,200
2020/12/01,1693.0,1693.0,1693.0,1693.0,100
2020/12/02,1693.0,1693.0,1693.0,1693.0,300
2020/12/03,,,,,0
2020/12/04,1699.0,1710.0,1685.0,1687.0,1900
2020/12/07,,,,,0
2020/12/08,,,,,0
2020/12/09,1687.0,1687.0,1687.0,1687.0,100
2020/12/10,1700.0,1719.0,1700.0,1719.0,700
2020/12/11,1725.0,1748.0,1725.0,1743.0,1100
2020/12/14,1743.0,1785.0,1743.0,1785.0,2300
2020/12/15,1785.0,1785.0,1756.0,1766.0,5500
2020/12/16,1766.0,1766.0,1760.0,1761.0,800
2020/12/17,1761.0,1761.0,1761.0,1761.0,300
2020/12/18,1761.0,1775.0,1712.0,1712.0,1900
2020/12/21,1722.0,1722.0,1722.0,1722.0,100
2020/12/22,1740.0,1740.0,1695.0,1721.0,800
2020/12/23,1721.0,1721.0,1681.0,1716.0,600
2020/12/24,1716.0,1716.0,1711.0,1711.0,200
2020/12/25,1728.0,1728.0,1728.0,1728.0,100
2020/12/28,1728.0,1739.0,1728.0,1739.0,400
2020/12/29,1739.0,1739.0,1739.0,1739.0,100
2020/12/30,1738.0,1740.0,1716.0,1740.0,400
2021/01/04,1750.0,1750.0,1740.0,1740.0,300
2021/01/05,,,,,0
2021/01/06,,,,,0
2021/01/07,,,,,0
2021/01/08,1740.0,1740.0,1740.0,1740.0,200
2021/01/12,1740.0,1745.0,1710.0,1745.0,800
2021/01/13,1750.0,1750.0,1731.0,1750.0,700
2021/01/14,1759.0,1761.0,1759.0,1759.0,700
2021/01/15,1731.0,1735.0,1710.0,1718.0,3500
2021/01/18,,,,,0
2021/01/19,1701.0,1701.0,1701.0,1701.0,200
2021/01/20,,,,,0
2021/01/21,,,,,0
2021/01/22,1712.0,1737.0,1712.0,1735.0,300
2021/01/25,1735.0,1735.0,1724.0,1724.0,200
2021/01/26,,,,,0
2021/01/27,1738.0,1740.0,1720.0,1720.0,700
2021/01/28,,,,,0
2021/01/29,1722.0,1727.0,1722.0,1726.0,400
2021/02/01,1726.0,1764.0,1726.0,1738.0,400
2021/02/02,,,,,0
2021/02/03,1778.0,1778.0,1739.0,1745.0,500
2021/02/04,1745.0,1745.0,1730.0,1730.0,300
2021/02/05,1749.0,1749.0,1739.0,1739.0,700
2021/02/08,1739.0,1739.0,1730.0,1730.0,300
2021/02/09,1730.0,1781.0,1725.0,1781.0,2500
2021/02/10,1800.0,1800.0,1741.0,1780.0,900
2021/02/12,1780.0,1780.0,1778.0,1780.0,400
2021/02/15,1790.0,1790.0,1701.0,1725.0,3800
2021/02/16,1725.0,1725.0,1712.0,1718.0,2800
2021/02/17,1719.0,1724.0,1719.0,1719.0,700
2021/02/18,1739.0,1739.0,1739.0,1739.0,300
2021/02/19,1741.0,1741.0,1741.0,1741.0,100
2021/02/22,1741.0,1748.0,1702.0,1710.0,600
2021/02/24,1704.0,1715.0,1700.0,1715.0,1000
2021/02/25,,,,,0
2021/02/26,1732.0,1732.0,1715.0,1719.0,400
2021/03/01,,,,,0
2021/03/02,1752.0,1752.0,1745.0,1750.0,400
2021/03/03,1750.0,1750.0,1728.0,1745.0,600
2021/03/04,1745.0,1745.0,1712.0,1712.0,300
2021/03/05,,,,,0
2021/03/08,1745.0,1745.0,1741.0,1743.0,300
2021/03/09,1745.0,1767.0,1739.0,1741.0,400
2021/03/10,1743.0,1745.0,1743.0,1745.0,400
2021/03/11,1745.0,1750.0,1733.0,1747.0,2100
2021/03/12,1750.0,1768.0,1750.0,1768.0,700
2021/03/15,1770.0,1771.0,1744.0,1744.0,2500
2021/03/16,1750.0,1757.0,1750.0,1757.0,400
2021/03/17,1757.0,1760.0,1757.0,1760.0,300
2021/03/18,1762.0,1779.0,1758.0,1762.0,1500
2021/03/19,1763.0,1777.0,1762.0,1777.0,700
2021/03/22,1777.0,1777.0,1760.0,1766.0,1000
2021/03/23,1775.0,1779.0,1770.0,1770.0,800
2021/03/24,1769.0,1769.0,1746.0,1760.0,1000
2021/03/25,1760.0,1784.0,1760.0,1761.0,1300
2021/03/26,1761.0,1761.0,1761.0,1761.0,800
2021/03/29,1761.0,1761.0,1751.0,1751.0,400
2021/03/30,1751.0,1751.0,1729.0,1744.0,2000
2021/03/31,,,,,0
2021/04/01,1744.0,1744.0,1744.0,1744.0,100
2021/04/02,1737.0,1746.0,1737.0,1738.0,300
2021/04/05,,,,,0
2021/04/06,1745.0,1745.0,1737.0,1737.0,200
2021/04/07,1736.0,1736.0,1731.0,1731.0,200
2021/04/08,1731.0,1731.0,1731.0,1731.0,100
2021/04/09,,,,,0
2021/04/12,,,,,0
2021/04/13,1755.0,1755.0,1742.0,1746.0,1300
2021/04/14,1750.0,1750.0,1742.0,1750.0,1300
2021/04/15,1749.0,1749.0,1733.0,1733.0,1400
2021/04/16,,,,,0
2021/04/19,,,,,0
2021/04/20,1733.0,1733.0,1731.0,1731.0,200
2021/04/21,,,,,0
2021/04/22,,,,,0
2021/04/23,,,,,0
2021/04/26,,,,,0
2021/04/27,,,,,0
2021/04/28,1742.0,1749.0,1734.0,1748.0,400
2021/04/30,1748.0,1748.0,1720.0,1732.0,1000
2021/05/06,1732.0,1765.0,1730.0,1753.0,2100
2021/05/07,,,,,0
2021/05/10,1753.0,1753.0,1740.0,1740.0,200
2021/05/11,1730.0,1750.0,1730.0,1750.0,1400
2021/05/12,1755.0,1755.0,1755.0,1755.0,300
2021/05/13,1761.0,1770.0,1761.0,1765.0,900
2021/05/14,1775.0,1777.0,1765.0,1765.0,1700
2021/05/17,1765.0,1765.0,1765.0,1765.0,200
2021/05/18,1740.0,1742.0,1740.0,1740.0,1900
2021/05/19,1740.0,1775.0,1740.0,1775.0,400
2021/05/20,1785.0,1785.0,1774.0,1779.0,1600
2021/05/21,1789.0,1790.0,1772.0,1790.0,1500
2021/05/24,1790.0,1792.0,1769.0,1769.0,1400
2021/05/25,1785.0,1790.0,1785.0,1789.0,300
2021/05/26,1783.0,1789.0,1782.0,1789.0,1100
2021/05/27,1789.0,1789.0,1783.0,1783.0,300
2021/05/28,1783.0,1788.0,1777.0,1788.0,500
2021/05/31,1788.0,1788.0,1788.0,1788.0,100
2021/06/01,,,,,0
2021/06/02,1765.0,1771.0,1760.0,1765.0,2000
2021/06/03,1784.0,1784.0,1780.0,1780.0,500
2021/06/04,1780.0,1781.0,1745.0,1781.0,800
2021/06/07,1781.0,1786.0,1781.0,1786.0,300
2021/06/08,,,,,0
2021/06/09,,,,,0
2021/06/10,,,,,0
2021/06/11,1785.0,1793.0,1785.0,1790.0,1100
2021/06/14,1792.0,1805.0,1780.0,1787.0,1800
2021/06/15,1787.0,1788.0,1787.0,1788.0,1200
2021/06/16,1788.0,1790.0,1788.0,1790.0,300
2021/06/17,1800.0,1800.0,1777.0,1777.0,300
2021/06/18,1795.0,1800.0,1795.0,1800.0,200
2021/06/21,1794.0,1794.0,1775.0,1775.0,800
2021/06/22,1775.0,1792.0,1774.0,1792.0,300
2021/06/23,1773.0,1773.0,1773.0,1773.0,100
2021/06/24,1768.0,1768.0,1767.0,1767.0,200
2021/06/25,1770.0,1770.0,1770.0,1770.0,300
2021/06/28,1765.0,1790.0,1765.0,1790.0,300
2021/06/29,,,,,0
2021/06/30,,,,,0
2021/07/01,1770.0,1785.0,1770.0,1785.0,200
2021/07/02,,,,,0
2021/07/05,1785.0,1785.0,1775.0,1775.0,200
2021/07/06,1773.0,1773.0,1773.0,1773.0,100
2021/07/07,1770.0,1770.0,1770.0,1770.0,300
2021/07/08,1771.0,1771.0,1771.0,1771.0,100
2021/07/09,,,,,0
2021/07/12,1783.0,1790.0,1783.0,1790.0,800
2021/07/13,1790.0,1837.0,1780.0,1837.0,3300
2021/07/14,1837.0,1855.0,1837.0,1854.0,1700
2021/07/15,1864.0,1864.0,1854.0,1855.0,7300
2021/07/16,1855.0,1858.0,1855.0,1858.0,1000
2021/07/19,1846.0,1846.0,1845.0,1845.0,400
2021/07/20,1799.0,1811.0,1750.0,1811.0,600
2021/07/21,1801.0,1825.0,1800.0,1825.0,900
2021/07/26,1823.0,1829.0,1823.0,1829.0,1300
2021/07/27,1821.0,1826.0,1821.0,1826.0,200
2021/07/28,1817.0,1827.0,1817.0,1827.0,200
2021/07/29,1787.0,1822.0,1787.0,1793.0,1500
2021/07/30,1803.0,1803.0,1803.0,1803.0,400
2021/08/02,,,,,0
2021/08/03,,,,,0
2021/08/04,1803.0,1803.0,1803.0,1803.0,100
2021/08/05,,,,,0
2021/08/06,1803.0,1825.0,1803.0,1825.0,21000
2021/08/10,1825.0,1825.0,1823.0,1824.0,900
2021/08/11,1755.0,1757.0,1749.0,1754.0,1600
2021/08/12,1755.0,1763.0,1740.0,1745.0,6800
2021/08/13,1755.0,1755.0,1750.0,1750.0,1500
2021/08/16,1750.0,1750.0,1706.0,1730.0,2200
2021/08/17,,,,,0
2021/08/18,1725.0,1727.0,1720.0,1720.0,500
2021/08/19,1730.0,1731.0,1715.0,1731.0,600
2021/08/20,1731.0,1733.0,1731.0,1733.0,4000
2021/08/23,1733.0,1733.0,1733.0,1733.0,500
2021/08/24,,,,,0
2021/08/25,,,,,0
2021/08/26,1710.0,1729.0,1710.0,1729.0,200
2021/08/27,,,,,0
2021/08/30,1729.0,1729.0,1715.0,1715.0,200
2021/08/31,1715.0,1716.0,1700.0,1716.0,1100
2021/09/01,1705.0,1719.0,1681.0,1716.0,4100
2021/09/02,1716.0,1724.0,1700.0,1700.0,1200
2021/09/03,1700.0,1722.0,1697.0,1722.0,1500
2021/09/06,1722.0,1725.0,1697.0,1720.0,5700
2021/09/07,1720.0,1720.0,1720.0,1720.0,1800
2021/09/08,1720.0,1720.0,1720.0,1720.0,600
2021/09/09,1720.0,1720.0,1720.0,1720.0,100
2021/09/10,1715.0,1715.0,1687.0,1715.0,6300
2021/09/13,1715.0,1720.0,1706.0,1717.0,1100
2021/09/14,1720.0,1720.0,1717.0,1720.0,21300
2021/09/15,1721.0,1721.0,1720.0,1720.0,1700
2021/09/16,1720.0,1720.0,1720.0,1720.0,1500
2021/09/17,1720.0,1721.0,1713.0,1713.0,600
2021/09/21,1697.0,1717.0,1697.0,1716.0,3600
2021/09/22,1716.0,1716.0,1710.0,1710.0,7100
2021/09/24,1716.0,1721.0,1714.0,1714.0,400
2021/09/27,1714.0,1724.0,1714.0,1724.0,200
2021/09/28,1724.0,1724.0,1724.0,1724.0,300
2021/09/29,,,,,0
2021/09/30,,,,,0
2021/10/01,1723.0,1725.0,1723.0,1725.0,700
2021/10/04,1720.0,1720.0,1700.0,1700.0,700
2021/10/05,,,,,0
2021/10/06,1700.0,1726.0,1700.0,1726.0,1500
2021/10/07,,,,,0
2021/10/08,1710.0,1710.0,1710.0,1710.0,100
2021/10/11,1710.0,1710.0,1706.0,1706.0,200
2021/10/12,,,,,0
2021/10/13,1714.0,1715.0,1712.0,1715.0,300
2021/10/14,1715.0,1724.0,1715.0,1724.0,400
2021/10/15,1725.0,1725.0,1722.0,1723.0,1700
2021/10/18,1723.0,1723.0,1723.0,1723.0,300
2021/10/19,,,,,0
2021/10/20,,,,,0
2021/10/21,,,,,0
2021/10/22,,,,,0
2021/10/25,1723.0,1723.0,1723.0,1723.0,100
2021/10/26,1709.0,1709.0,1709.0,1709.0,100
2021/10/27,1710.0,1710.0,1710.0,1710.0,100
2021/10/28,,,,,0
2021/10/29,1709.0,1709.0,1709.0,1709.0,100
2021/11/01,1709.0,1709.0,1709.0,1709.0,4500
2021/11/02,,,,,0
2021/11/04,,,,,0
2021/11/05,1711.0,1711.0,1711.0,1711.0,100
2021/11/08,1718.0,1718.0,1718.0,1718.0,200
2021/11/09,1716.0,1716.0,1715.0,1715.0,200
2021/11/10,1718.0,1718.0,1718.0,1718.0,100
2021/11/11,1725.0,1793.0,1725.0,1747.0,7100
2021/11/12,1751.0,1771.0,1728.0,1771.0,1700
2021/11/15,1627.0,1692.0,1585.0,1686.0,17000
2021/11/16,1710.0,1720.0,1710.0,1720.0,600
2021/11/17,1720.0,1720.0,1720.0,1720.0,100
2021/11/18,1700.0,1726.0,1697.0,1726.0,900
2021/11/19,1698.0,1714.0,1698.0,1714.0,600
2021/11/22,1710.0,1731.0,1703.0,1731.0,1900
2021/11/24,1731.0,1746.0,1731.0,1746.0,600
2021/11/25,1738.0,1738.0,1731.0,1731.0,200
2021/11/26,1731.0,1731.0,1681.0,1681.0,500
2021/11/29,1681.0,1720.0,1681.0,1720.0,500
2021/11/30,1720.0,1720.0,1715.0,1715.0,200
2021/12/01,1697.0,1701.0,1697.0,1701.0,200
2021/12/02,1701.0,1701.0,1692.0,1692.0,500
2021/12/03,1716.0,1719.0,1706.0,1719.0,1000
2021/12/06,1702.0,1705.0,1673.0,1674.0,1300
2021/12/07,1710.0,1729.0,1710.0,1729.0,1100
2021/12/08,1730.0,1739.0,1730.0,1739.0,300
2021/12/09,1739.0,1740.0,1739.0,1740.0,500
2021/12/10,1740.0,1758.0,1740.0,1758.0,900
2021/12/13,1756.0,1797.0,1756.0,1797.0,2300
2021/12/14,1796.0,1836.0,1796.0,1832.0,2500
2021/12/15,1836.0,1836.0,1780.0,1799.0,4200
2021/12/16,1799.0,1799.0,1795.0,1795.0,1100
2021/12/17,1795.0,1795.0,1795.0,1795.0,100
2021/12/20,1795.0,1795.0,1751.0,1760.0,600
2021/12/21,1750.0,1750.0,1750.0,1750.0,100
2021/12/22,1740.0,1740.0,1740.0,1740.0,200
2021/12/23,1741.0,1741.0,1741.0,1741.0,100
2021/12/24,1741.0,1759.0,1741.0,1759.0,2800
2021/12/27,1765.0,1770.0,1765.0,1769.0,400
2021/12/28,1769.0,1769.0,1731.0,1731.0,400
2021/12/29,,,,,0
2021/12/30,1750.0,1750.0,1750.0,1750.0,200
2022/01/04,,,,,0
2022/01/05,,,,,0
2022/01/06,1750.0,1780.0,1750.0,1780.0,500
2022/01/07,1780.0,1780.0,1750.0,1750.0,300
2022/01/11,1760.0,1779.0,1750.0,1779.0,500
2022/01/12,1762.0,1762.0,1762.0,1762.0,200
2022/01/13,,,,,0
2022/01/14,1819.0,1819.0,1797.0,1797.0,1500
2022/01/17,1799.0,1799.0,1797.0,1797.0,400
2022/01/18,,,,,0
2022/01/19,,,,,0
2022/01/20,,,,,0
2022/01/21,,,,,0
2022/01/24,1745.0,1745.0,1745.0,1745.0,100
2022/01/25,1730.0,1737.0,1730.0,1737.0,200
2022/01/26,1739.0,1742.0,1739.0,1742.0,200
2022/01/27,1715.0,1715.0,1693.0,1693.0,500
2022/01/28,1693.0,1693.0,1693.0,1693.0,100
2022/01/31,,,,,0
2022/02/01,,,,,0
2022/02/02,,,,,0
2022/02/03,1700.0,1700.0,1700.0,1700.0,200
2022/02/04,,,,,0
2022/02/07,,,,,0
2022/02/08,,,,,0
2022/02/09,,,,,0
2022/02/10,1725.0,1750.0,1725.0,1750.0,1000
2022/02/14,1720.0,1749.0,1720.0,1749.0,3100
2022/02/15,1745.0,1745.0,1727.0,1743.0,1400
2022/02/16,1743.0,1748.0,1743.0,1748.0,400
2022/02/17,1748.0,1748.0,1748.0,1748.0,200
2022/02/18,1715.0,1748.0,1715.0,1748.0,200
2022/02/21,1748.0,1750.0,1748.0,1750.0,200
2022/02/22,,,,,0
2022/02/24,1750.0,1750.0,1716.0,1749.0,600
2022/02/25,1773.0,1773.0,1773.0,1773.0,600
2022/02/28,1773.0,1773.0,1750.0,1750.0,300
2022/03/01,,,,,0
2022/03/02,,,,,0
2022/03/03,,,,,0
2022/03/04,1686.0,1699.0,1686.0,1699.0,200
2022/03/07,1700.0,1707.0,1700.0,1707.0,400
2022/03/08,1740.0,1740.0,1715.0,1715.0,2100
2022/03/09,1715.0,1715.0,1715.0,1715.0,300
2022/03/10,1720.0,1720.0,1720.0,1720.0,200
2022/03/11,1720.0,1720.0,1720.0,1720.0,200
2022/03/14,1745.0,1745.0,1745.0,1745.0,300
2022/03/15,1755.0,1756.0,1755.0,1756.0,2100
2022/03/16,1756.0,1756.0,1756.0,1756.0,100
2022/03/17,,,,,0
2022/03/18,,,,,0
2022/03/22,1756.0,1756.0,1745.0,1745.0,300
2022/03/23,1705.0,1706.0,1705.0,1706.0,200
2022/03/24,1721.0,1721.0,1721.0,1721.0,300
2022/03/25,1750.0,1751.0,1750.0,1751.0,39600
2022/03/28,,,,,0
2022/03/29,1755.0,1755.0,1745.0,1745.0,1100
2022/03/30,1705.0,1705.0,1690.0,1695.0,500
2022/03/31,1655.0,1655.0,1644.0,1646.0,46900
2022/04/01,1646.0,1646.0,1646.0,1646.0,100
2022/04/04,1646.0,1684.0,1646.0,1684.0,300
2022/04/05,,,,,0
2022/04/06,,,,,0
2022/04/07,1655.0,1679.0,1646.0,1679.0,500
2022/04/08,,,,,0
2022/04/11,1679.0,1693.0,1679.0,1685.0,400
2022/04/12,1672.0,1673.0,1672.0,1673.0,200
2022/04/13,1673.0,1683.0,1650.0,1683.0,900
2022/04/14,1683.0,1683.0,1673.0,1679.0,800
2022/04/15,1663.0,1678.0,1663.0,1672.0,1600
2022/04/18,,,,,0
2022/04/19,1672.0,1672.0,1672.0,1672.0,100
2022/04/20,,,,,0
2022/04/21,,,,,0
2022/04/22,1669.0,1669.0,1669.0,1669.0,100
2022/04/25,,,,,0
2022/04/26,1666.0,1666.0,1666.0,1666.0,100
2022/04/27,,,,,0
2022/04/28,,,,,0
2022/05/02,1666.0,1666.0,1666.0,1666.0,100
2022/05/06,1663.0,1770.0,1663.0,1740.0,1500
2022/05/09,1750.0,1750.0,1750.0,1750.0,200
2022/05/10,1716.0,1716.0,1716.0,1716.0,100
2022/05/11,,,,,0
2022/05/12,1716.0,1730.0,1716.0,1730.0,400
2022/05/13,1740.0,1780.0,1645.0,1670.0,11800
2022/05/16,1670.0,1680.0,1670.0,1680.0,800
2022/05/17,1670.0,1680.0,1670.0,1671.0,1100
2022/05/18,,,,,0
2022/05/19,1650.0,1655.0,1650.0,1655.0,300
2022/05/20,,,,,0
2022/05/23,,,,,0
2022/05/24,,,,,0
2022/05/25,,,,,0
2022/05/26,,,,,0
2022/05/27,1735.0,1735.0,1710.0,1710.0,500
2022/05/30,1710.0,1710.0,1710.0,1710.0,100
2022/05/31,,,,,0
2022/06/01,,,,,0
2022/06/02,,,,,0
2022/06/03,,,,,0
2022/06/06,1710.0,1710.0,1710.0,1710.0,100
2022/06/07,,,,,0
2022/06/08,1710.0,1710.0,1710.0,1710.0,100
2022/06/09,1694.0,1694.0,1693.0,1693.0,200
2022/06/10,1680.0,1680.0,1680.0,1680.0,200
2022/06/13,1680.0,1680.0,1680.0,1680.0,100
2022/06/14,1697.0,1697.0,1697.0,1697.0,300
2022/06/15,1697.0,1697.0,1685.0,1696.0,1300
2022/06/16,1700.0,1700.0,1696.0,1699.0,600
2022/06/17,1637.0,1690.0,1637.0,1690.0,600
2022/06/20,1690.0,1690.0,1690.0,1690.0,100
2022/06/21,,,,,0
2022/06/22,,,,,0
2022/06/23,,,,,0
2022/06/24,,,,,0
2022/06/27,,,,,0
2022/06/28,,,,,0
2022/06/29,,,,,0
2022/06/30,1690.0,1690.0,1690.0,1690.0,100
2022/07/01,,,,,0
2022/07/04,,,,,0
2022/07/05,1691.0,1691.0,1691.0,1691.0,200
2022/07/06,,,,,0
2022/07/07,,,,,0
2022/07/08,1692.0,1693.0,1692.0,1693.0,300
2022/07/11,1695.0,1698.0,1695.0,1698.0,400
2022/07/12,,,,,0
2022/07/13,,,,,0
2022/07/14,1699.0,1700.0,1699.0,1700.0,900
2022/07/15,1710.0,1737.0,1703.0,1720.0,7100
2022/07/19,1720.0,1720.0,1720.0,1720.0,400
2022/07/20,,,,,0
2022/07/21,,,,,0
2022/07/22,,,,,0
2022/07/25,1680.0,1680.0,1667.0,1667.0,900
2022/07/26,,,,,0
2022/07/27,1671.0,1671.0,1670.0,1670.0,300
2022/07/28,1670.0,1670.0,1670.0,1670.0,200
2022/07/29,1630.0,1632.0,1625.0,1630.0,5800
2022/08/01,1625.0,1625.0,1625.0,1625.0,100
2022/08/02,1625.0,1625.0,1623.0,1623.0,200
2022/08/03,1623.0,1642.0,1623.0,1641.0,1200
2022/08/04,1680.0,1680.0,1680.0,1680.0,100
2022/08/05,1654.0,1654.0,1635.0,1635.0,200
2022/08/08,1630.0,1630.0,1610.0,1628.0,500
2022/08/09,1628.0,1628.0,1628.0,1628.0,2200
2022/08/10,1639.0,1639.0,1637.0,1637.0,700
2022/08/12,1658.0,1671.0,1651.0,1670.0,4200
2022/08/15,1669.0,1669.0,1668.0,1668.0,1300
2022/08/16,1636.0,1638.0,1634.0,1634.0,500
2022/08/17,1630.0,1630.0,1610.0,1610.0,3500
2022/08/18,,,,,0
2022/08/19,1607.0,1610.0,1607.0,1610.0,2200
2022/08/22,1613.0,1614.0,1606.0,1606.0,1000
2022/08/23,,,,,0
2022/08/24,1606.0,1606.0,1606.0,1606.0,700
2022/08/25,1606.0,1606.0,1585.0,1601.0,3300
2022/08/26,1601.0,1601.0,1596.0,1596.0,200
2022/08/29,1596.0,1596.0,1585.0,1585.0,700
2022/08/30,1584.0,1588.0,1583.0,1585.0,8600
2022/08/31,1583.0,1583.0,1582.0,1582.0,600
2022/09/01,1577.0,1577.0,1577.0,1577.0,300
2022/09/02,1570.0,1574.0,1560.0,1572.0,22400
2022/09/05,1588.0,1588.0,1560.0,1569.0,400
2022/09/06,1594.0,1594.0,1553.0,1553.0,1400
2022/09/07,,,,,0
2022/09/08,1600.0,1600.0,1600.0,1600.0,100
2022/09/09,,,,,0
2022/09/12,1615.0,1615.0,1601.0,1601.0,400
2022/09/13,1570.0,1581.0,1555.0,1581.0,6700
2022/09/14,1570.0,1570.0,1556.0,1556.0,200
2022/09/15,1566.0,1566.0,1556.0,1556.0,1300
2022/09/16,1556.0,1559.0,1523.0,1559.0,1900
2022/09/20,1559.0,1560.0,1558.0,1560.0,700
2022/09/21,,,,,0
2022/09/22,1520.0,1531.0,1510.0,1520.0,10800
2022/09/26,1510.0,1547.0,1505.0,1547.0,2100
2022/09/27,1509.0,1517.0,1509.0,1511.0,600
2022/09/28,,,,,0
2022/09/29,1501.0,1501.0,1501.0,1501.0,100
2022/09/30,1501.0,1501.0,1500.0,1500.0,1100
2022/10/03,1519.0,1519.0,1519.0,1519.0,100
2022/10/04,1519.0,1600.0,1519.0,1600.0,600
2022/10/05,1584.0,1584.0,1560.0,1563.0,400
2022/10/06,1559.0,1559.0,1559.0,1559.0,1300
2022/10/07,1555.0,1555.0,1555.0,1555.0,100
2022/10/11,1541.0,1541.0,1540.0,1540.0,200
2022/10/12,1571.0,1572.0,1560.0,1560.0,500
2022/10/13,1573.0,1585.0,1552.0,1585.0,1000
2022/10/14,1585.0,1585.0,1585.0,1585.0,1300
2022/10/17,1576.0,1576.0,1539.0,1548.0,400
2022/10/18,1546.0,1564.0,1534.0,1534.0,1600
2022/10/19,1550.0,1563.0,1550.0,1555.0,1800
2022/10/20,1550.0,1560.0,1550.0,1560.0,1000
2022/10/21,1560.0,1560.0,1531.0,1536.0,1900
2022/10/24,1569.0,1575.0,1568.0,1568.0,700
2022/10/25,1563.0,1563.0,1563.0,1563.0,400
2022/10/26,1562.0,1578.0,1560.0,1578.0,700
2022/10/27,1578.0,1591.0,1578.0,1587.0,1200
2022/10/28,1587.0,1587.0,1587.0,1587.0,200
2022/10/31,,,,,0
2022/11/01,,,,,0
2022/11/02,1588.0,1589.0,1587.0,1587.0,700
2022/11/04,1587.0,1587.0,1587.0,1587.0,1000
2022/11/07,1587.0,1595.0,1574.0,1595.0,42300
2022/11/08,1604.0,1618.0,1585.0,1618.0,800
2022/11/09,1618.0,1618.0,1601.0,1601.0,200
2022/11/10,1597.0,1601.0,1557.0,1557.0,700
2022/11/11,1568.0,1577.0,1568.0,1576.0,300
2022/11/14,1590.0,1630.0,1585.0,1585.0,400
2022/11/15,1595.0,1596.0,1595.0,1595.0,1600
2022/11/16,,,,,0
2022/11/17,1568.0,1570.0,1568.0,1570.0,200
2022/11/18,1570.0,1570.0,1570.0,1570.0,1500
2022/11/21,1567.0,1567.0,1553.0,1555.0,1300
2022/11/22,1555.0,1555.0,1543.0,1551.0,600
2022/11/24,,,,,0
2022/11/25,1551.0,1551.0,1549.0,1549.0,1800
2022/11/28,1554.0,1554.0,1554.0,1554.0,200
2022/11/29,1554.0,1554.0,1554.0,1554.0,100
2022/11/30,1555.0,1560.0,1555.0,1558.0,1600
2022/12/01,1567.0,1575.0,1559.0,1559.0,1300
2022/12/02,1559.0,1560.0,1550.0,1550.0,1700
2022/12/05,1550.0,1550.0,1550.0,1550.0,200
2022/12/06,1531.0,1581.0,1530.0,1581.0,2300
2022/12/07,1581.0,1581.0,1581.0,1581.0,300
2022/12/08,1581.0,1590.0,1581.0,1590.0,800
2022/12/09,1590.0,1590.0,1583.0,1583.0,200
2022/12/12,1583.0,1589.0,1583.0,1583.0,1000
2022/12/13,1583.0,1583.0,1580.0,1580.0,300
2022/12/14,1581.0,1582.0,1575.0,1580.0,1800
2022/12/15,1580.0,1580.0,1552.0,1552.0,3600
2022/12/16,1552.0,1552.0,1521.0,1536.0,5700
2022/12/19,1536.0,1536.0,1523.0,1530.0,4300
2022/12/20,1551.0,1551.0,1550.0,1550.0,1200
2022/12/21,1550.0,1550.0,1550.0,1550.0,200
2022/12/22,1523.0,1542.0,1523.0,1542.0,300
2022/12/23,1542.0,1550.0,1542.0,1545.0,900
2022/12/26,1545.0,1545.0,1545.0,1545.0,1500
2022/12/27,1538.0,1550.0,1531.0,1535.0,1100
2022/12/28,1535.0,1579.0,1521.0,1575.0,4500
2022/12/29,,,,,0
2022/12/30,1575.0,1575.0,1575.0,1575.0,100
2023/01/04,1575.0,1575.0,1568.0,1568.0,700
2023/01/05,1561.0,1561.0,1561.0,1561.0,100
2023/01/06,1555.0,1560.0,1550.0,1550.0,600
2023/01/10,,,,,0
2023/01/11,1580.0,1600.0,1567.0,1600.0,1500
2023/01/12,1600.0,1600.0,1580.0,1580.0,1600
2023/01/13,1570.0,1570.0,1543.0,1543.0,2100
2023/01/16,,,,,0
2023/01/17,,,,,0
2023/01/18,1561.0,1561.0,1560.0,1560.0,500
2023/01/19,1566.0,1600.0,1563.0,1563.0,400
2023/01/20,1563.0,1563.0,1550.0,1550.0,400
2023/01/23,1570.0,1570.0,1568.0,1568.0,200
2023/01/24,1573.0,1589.0,1573.0,1589.0,300
2023/01/25,1565.0,1574.0,1565.0,1574.0,300
2023/01/26,1568.0,1572.0,1568.0,1572.0,1500
2023/01/27,1570.0,1570.0,1554.0,1554.0,900
2023/01/30,1560.0,1560.0,1558.0,1558.0,1000
2023/01/31,,,,,0
2023/02/01,,,,,0
2023/02/02,1558.0,1558.0,1558.0,1558.0,200
2023/02/03,,,,,0
2023/02/06,1552.0,1552.0,1551.0,1551.0,200
2023/02/07,,,,,0
2023/02/08,1560.0,1580.0,1560.0,1580.0,1800
2023/02/09,1580.0,1580.0,1580.0,1580.0,500
2023/02/10,1579.0,1630.0,1579.0,1610.0,8300
2023/02/13,1650.0,1652.0,1616.0,1626.0,2000
2023/02/14,1665.0,1665.0,1643.0,1645.0,900
2023/02/15,1645.0,1645.0,1645.0,1645.0,1800
2023/02/16,1625.0,1625.0,1621.0,1625.0,2000
2023/02/17,1634.0,1634.0,1634.0,1634.0,100
2023/02/20,,,,,0
2023/02/21,1625.0,1625.0,1625.0,1625.0,100
2023/02/22,,,,,0
2023/02/24,1622.0,1631.0,1622.0,1631.0,4300
2023/02/27,,,,,0
2023/02/28,1640.0,1640.0,1640.0,1640.0,200
2023/03/01,1625.0,1625.0,1625.0,1625.0,200
2023/03/02,,,,,0
2023/03/03,1620.0,1623.0,1620.0,1623.0,300
2023/03/06,,,,,0
2023/03/07,,,,,0
2023/03/08,1623.0,1625.0,1623.0,1625.0,700
2023/03/09,1625.0,1660.0,1625.0,1645.0,1700
2023/03/10,1645.0,1645.0,1645.0,1645.0,500
2023/03/13,1640.0,1640.0,1611.0,1611.0,900
2023/03/14,1611.0,1618.0,1611.0,1618.0,2000
2023/03/15,1620.0,1638.0,1619.0,1638.0,3500
2023/03/16,1638.0,1638.0,1638.0,1638.0,100
2023/03/17,1640.0,1649.0,1640.0,1649.0,1600
2023/03/20,1661.0,1664.0,1624.0,1624.0,400
2023/03/22,1624.0,1626.0,1622.0,1622.0,500
2023/03/23,1646.0,1651.0,1646.0,1649.0,600
2023/03/24,1659.0,1659.0,1638.0,1638.0,700
2023/03/27,1650.0,1650.0,1621.0,1621.0,300
2023/03/28,1637.0,1640.0,1611.0,1640.0,1300
2023/03/29,,,,,0
2023/03/30,1637.0,1637.0,1624.0,1624.0,500
2023/03/31,1644.0,1667.0,1632.0,1636.0,2400
2023/04/03,1660.0,1680.0,1642.0,1655.0,2200
2023/04/04,,,,,0
2023/04/05,1639.0,1667.0,1636.0,1636.0,1400
2023/04/06,1650.0,1675.0,1648.0,1660.0,2900
2023/04/07,1661.0,1661.0,1661.0,1661.0,100
2023/04/10,1670.0,1679.0,1665.0,1679.0,1800
2023/04/11,1688.0,1688.0,1661.0,1667.0,1100
2023/04/12,1675.0,1675.0,1675.0,1675.0,500
2023/04/13,1690.0,1691.0,1690.0,1691.0,700
2023/04/14,1690.0,1690.0,1690.0,1690.0,1300
2023/04/17,1690.0,1690.0,1665.0,1665.0,1000
2023/04/18,,,,,0
2023/04/19,1670.0,1672.0,1665.0,1671.0,2500
2023/04/20,,,,,0
2023/04/21,,,,,0
2023/04/24,1660.0,1693.0,1660.0,1674.0,22000
2023/04/25,1699.0,1699.0,1699.0,1699.0,2100
2023/04/26,1697.0,1697.0,1697.0,1697.0,100
2023/04/27,1697.0,1697.0,1696.0,1696.0,400
2023/04/28,1699.0,1699.0,1677.0,1697.0,700
2023/05/01,1666.0,1691.0,1666.0,1691.0,300
2023/05/02,1676.0,1708.0,1676.0,1687.0,26100
2023/05/08,1690.0,1700.0,1681.0,1700.0,500
2023/05/09,1696.0,1698.0,1678.0,1698.0,800
2023/05/10,1698.0,1714.0,1698.0,1705.0,400
2023/05/11,1713.0,1719.0,1701.0,1715.0,600
2023/05/12,1719.0,1728.0,1631.0,1650.0,7800
2023/05/15,1610.0,1617.0,1600.0,1601.0,11900
2023/05/16,1598.0,1598.0,1581.0,1584.0,5000
2023/05/17,1578.0,1584.0,1575.0,1575.0,4300
2023/05/18,1575.0,1577.0,1560.0,1570.0,9100
2023/05/19,1570.0,1600.0,1563.0,1582.0,4900
2023/05/22,1567.0,1636.0,1567.0,1575.0,4800
2023/05/23,1528.0,1559.0,1527.0,1556.0,130700
2023/05/24,1550.0,1557.0,1546.0,1548.0,13400
2023/05/25,1548.0,1557.0,1540.0,1557.0,16200
2023/05/26,1557.0,1563.0,1546.0,1548.0,13900
2023/05/29,1551.0,1551.0,1540.0,1549.0,7500
2023/05/30,1549.0,1549.0,1535.0,1540.0,7700
2023/05/31,1540.0,1540.0,1531.0,1531.0,3800
2023/06/01,1531.0,1537.0,1527.0,1537.0,2600
2023/06/02,1538.0,1545.0,1538.0,1540.0,2800
2023/06/05,1545.0,1549.0,1545.0,1545.0,6900
2023/06/06,1545.0,1545.0,1532.0,1543.0,8400
2023/06/07,1545.0,1548.0,1544.0,1545.0,4700
2023/06/08,1545.0,1564.0,1545.0,1564.0,6500
2023/06/09,1564.0,1565.0,1556.0,1558.0,2200
2023/06/12,1560.0,1575.0,1556.0,1575.0,6300
2023/06/13,1580.0,1588.0,1577.0,1579.0,7700
2023/06/14,1579.0,1587.0,1578.0,1585.0,3200
2023/06/15,1587.0,1600.0,1587.0,1597.0,10800
2023/06/16,1602.0,1619.0,1602.0,1614.0,5000
2023/06/19,1608.0,1615.0,1599.0,1599.0,3000
2023/06/20,1599.0,1617.0,1595.0,1604.0,3700
2023/06/21,1613.0,1613.0,1608.0,1612.0,600
2023/06/22,1612.0,1622.0,1607.0,1610.0,3300
2023/06/23,1610.0,1610.0,1594.0,1602.0,2200
2023/06/26,1586.0,1608.0,1586.0,1589.0,9700
2023/06/27,1590.0,1595.0,1551.0,1592.0,12200
2023/06/28,1594.0,1594.0,1585.0,1590.0,3200
2023/06/29,1592.0,1595.0,1585.0,1591.0,7600
2023/06/30,1591.0,1592.0,1588.0,1592.0,4600
2023/07/03,1592.0,1592.0,1589.0,1591.0,10200
2023/07/04,1604.0,1605.0,1591.0,1593.0,3000
2023/07/05,1598.0,1603.0,1598.0,1600.0,2500
2023/07/06,1600.0,1604.0,1595.0,1595.0,6100
2023/07/07,1572.0,1602.0,1572.0,1586.0,2200
2023/07/10,1603.0,1612.0,1591.0,1612.0,4400
2023/07/11,1620.0,1625.0,1615.0,1615.0,5100
2023/07/12,1619.0,1622.0,1614.0,1614.0,2700
2023/07/13,1618.0,1621.0,1602.0,1621.0,1800
2023/07/14,1610.0,1621.0,1608.0,1608.0,10400
2023/07/18,1608.0,1622.0,1595.0,1595.0,2200
2023/07/19,1595.0,1595.0,1560.0,1589.0,6400
2023/07/20,1582.0,1591.0,1581.0,1591.0,900
2023/07/21,1591.0,1591.0,1587.0,1587.0,500
2023/07/24,1588.0,1600.0,1588.0,1592.0,3800
2023/07/25,1595.0,1599.0,1595.0,1595.0,5400
2023/07/26,1587.0,1595.0,1587.0,1589.0,2300
2023/07/27,1589.0,1589.0,1582.0,1586.0,2000
2023/07/28,1588.0,1592.0,1580.0,1590.0,8100
2023/07/31,1590.0,1590.0,1585.0,1590.0,13700
2023/08/01,1590.0,1590.0,1583.0,1590.0,3600
2023/08/02,1590.0,1590.0,1584.0,1584.0,6200
2023/08/03,1580.0,1589.0,1572.0,1577.0,43200
2023/08/04,1577.0,1580.0,1572.0,1579.0,2000
2023/08/07,1589.0,1589.0,1571.0,1571.0,4200
2023/08/08,1576.0,1589.0,1575.0,1585.0,20600
2023/08/09,1589.0,1589.0,1578.0,1581.0,3100
2023/08/10,1582.0,1599.0,1573.0,1594.0,19700
2023/08/14,1581.0,1589.0,1574.0,1585.0,9800
2023/08/15,1584.0,1584.0,1579.0,1581.0,3900
2023/08/16,1579.0,1584.0,1575.0,1577.0,5400
2023/08/17,1571.0,1581.0,1570.0,1571.0,7800
2023/08/18,1582.0,1588.0,1577.0,1588.0,9600
2023/08/21,1586.0,1608.0,1571.0,1601.0,15800
2023/08/22,1620.0,1651.0,1620.0,1638.0,17600
2023/08/23,1647.0,1647.0,1629.0,1647.0,6600
2023/08/24,1647.0,1648.0,1632.0,1648.0,3900
2023/08/25,1637.0,1643.0,1635.0,1642.0,1300
2023/08/28,1648.0,1661.0,1631.0,1661.0,7100
2023/08/29,1661.0,1676.0,1649.0,1669.0,8300
2023/08/30,1669.0,1671.0,1654.0,1666.0,600
2023/08/31,1666.0,1666.0,1631.0,1651.0,1400
2023/09/01,1647.0,1671.0,1641.0,1671.0,1300
2023/09/04,1666.0,1666.0,1646.0,1664.0,1300
2023/09/05,1661.0,1661.0,1651.0,1659.0,500
2023/09/06,1665.0,1679.0,1607.0,1668.0,10900
2023/09/07,1630.0,1655.0,1627.0,1635.0,2800
2023/09/08,1630.0,1668.0,1630.0,1665.0,2400
2023/09/11,1669.0,1672.0,1657.0,1667.0,4000
2023/09/12,1665.0,1672.0,1650.0,1651.0,3200
2023/09/13,1652.0,1664.0,1650.0,1664.0,800
2023/09/14,1673.0,1673.0,1665.0,1672.0,1400
2023/09/15,1673.0,1687.0,1654.0,1678.0,6200
2023/09/19,1678.0,1686.0,1677.0,1682.0,2300
2023/09/20,1686.0,1686.0,1667.0,1682.0,1700
2023/09/21,1676.0,1680.0,1671.0,1674.0,4000
2023/09/22,1663.0,1671.0,1660.0,1671.0,4200
2023/09/25,1664.0,1664.0,1660.0,1660.0,600
2023/09/26,1661.0,1668.0,1660.0,1668.0,1100
2023/09/27,1652.0,1665.0,1651.0,1663.0,700
2023/09/28,1659.0,1660.0,1647.0,1660.0,1400
2023/09/29,1662.0,1662.0,1639.0,1647.0,900
2023/10/02,1644.0,1661.0,1644.0,1661.0,4700
2023/10/03,1661.0,1661.0,1611.0,1615.0,3800
2023/10/04,1605.0,1620.0,1589.0,1600.0,6400
2023/10/05,1623.0,1626.0,1617.0,1618.0,2900
2023/10/06,1611.0,1645.0,1611.0,1625.0,2100
2023/10/10,1626.0,1650.0,1625.0,1648.0,5100
2023/10/11,1650.0,1650.0,1611.0,1644.0,1600
2023/10/12,1645.0,1660.0,1636.0,1660.0,2800
2023/10/13,1625.0,1667.0,1625.0,1646.0,28900
2023/10/16,1646.0,1666.0,1639.0,1657.0,2700
2023/10/17,1655.0,1655.0,1640.0,1642.0,2200
2023/10/18,1638.0,1660.0,1638.0,1657.0,7700
2023/10/19,1652.0,1663.0,1639.0,1662.0,1500
2023/10/20,1655.0,1670.0,1654.0,1654.0,2000
2023/10/23,1665.0,1696.0,1665.0,1685.0,5300
2023/10/24,1685.0,1697.0,1658.0,1679.0,4500
2023/10/25,1695.0,1695.0,1684.0,1687.0,1100
2023/10/26,1684.0,1686.0,1660.0,1679.0,1100
2023/10/27,1678.0,1693.0,1655.0,1686.0,1100
2023/10/30,1662.0,1684.0,1662.0,1684.0,1100
2023/10/31,1659.0,1695.0,1659.0,1694.0,3100
2023/11/01,1697.0,1739.0,1690.0,1730.0,7800
2023/11/02,1734.0,1747.0,1706.0,1747.0,9100
2023/11/06,1750.0,1785.0,1716.0,1783.0,5800
2023/11/07,1779.0,1779.0,1752.0,1774.0,2700
2023/11/08,1778.0,1778.0,1745.0,1760.0,700
2023/11/09,1760.0,1762.0,1749.0,1762.0,700
2023/11/10,1750.0,1840.0,1740.0,1837.0,8800
2023/11/13,1835.0,1922.0,1801.0,1906.0,25900
2023/11/14,1839.0,1888.0,1735.0,1870.0,23500
2023/11/15,1880.0,1880.0,1843.0,1843.0,2100
2023/11/16,1828.0,1828.0,1802.0,1822.0,1200
2023/11/17,1803.0,1914.0,1799.0,1913.0,15200
2023/11/20,1913.0,1972.0,1913.0,1959.0,6900
2023/11/21,1948.0,1971.0,1933.0,1971.0,6200
2023/11/22,1956.0,1959.0,1956.0,1959.0,200
2023/11/24,1955.0,1955.0,1950.0,1950.0,300
2023/11/27,1946.0,2035.0,1935.0,2021.0,16000
2023/11/28,2036.0,2037.0,1984.0,2003.0,3000
2023/11/29,1990.0,2037.0,1977.0,2035.0,5200
2023/11/30,2037.0,2043.0,2009.0,2038.0,6000
2023/12/01,2043.0,2043.0,2022.0,2042.0,4200
2023/12/04,2040.0,2042.0,2002.0,2027.0,4700
2023/12/05,2016.0,2048.0,2016.0,2038.0,9000
2023/12/06,2038.0,2038.0,2000.0,2031.0,5500
2023/12/07,2031.0,2039.0,2008.0,2033.0,3300
2023/12/08,2020.0,2038.0,1999.0,2036.0,3400
2023/12/11,2036.0,2036.0,1941.0,1993.0,5400
2023/12/12,2010.0,2030.0,1984.0,2024.0,4300
2023/12/13,2024.0,2030.0,2010.0,2030.0,2500
2023/12/14,2030.0,2032.0,2006.0,2032.0,2700
2023/12/15,2033.0,2039.0,2014.0,2039.0,4200
2023/12/18,2020.0,2049.0,2017.0,2038.0,4300
2023/12/19,2038.0,2090.0,2037.0,2067.0,4900
2023/12/20,2067.0,2090.0,2033.0,2054.0,1100
2023/12/21,2054.0,2074.0,2016.0,2074.0,2700
2023/12/22,2076.0,2136.0,2076.0,2136.0,12000
2023/12/25,2125.0,2200.0,2125.0,2200.0,9800
2023/12/26,2200.0,2300.0,2150.0,2251.0,8500
2023/12/27,2206.0,2340.0,2206.0,2339.0,10200
2023/12/28,2300.0,2338.0,2297.0,2334.0,1500
2023/12/29,2304.0,2328.0,2263.0,2284.0,3500
2024/01/04,2273.0,2296.0,2236.0,2267.0,3200
2024/01/05,2267.0,2276.0,2267.0,2267.0,500
2024/01/09,2267.0,2323.0,2267.0,2323.0,9800
2024/01/10,2323.0,2375.0,2284.0,2349.0,11300
2024/01/11,2348.0,2355.0,2320.0,2321.0,2900
2024/01/12,2321.0,2345.0,2301.0,2329.0,3800
2024/01/15,2320.0,2336.0,2291.0,2324.0,5100
2024/01/16,2324.0,2330.0,2303.0,2327.0,800
2024/01/17,2322.0,2322.0,2282.0,2285.0,3100
2024/01/18,2284.0,2374.0,2284.0,2374.0,5700
2024/01/19,2373.0,2416.0,2340.0,2416.0,5300
2024/01/22,2416.0,2432.0,2367.0,2386.0,5500
2024/01/23,2420.0,2443.0,2404.0,2405.0,5200
2024/01/24,2411.0,2422.0,2411.0,2422.0,800
2024/01/25,2420.0,2433.0,2407.0,2412.0,800
2024/01/26,2406.0,2424.0,2405.0,2420.0,800
2024/01/29,2420.0,2456.0,2419.0,2426.0,59400
2024/01/30,2426.0,2470.0,2426.0,2470.0,3500
2024/01/31,2470.0,2471.0,2451.0,2471.0,3500
2024/02/01,2450.0,2498.0,2450.0,2498.0,3700
2024/02/02,2500.0,2528.0,2500.0,2528.0,6100
2024/02/05,2530.0,2544.0,2515.0,2520.0,3000
2024/02/06,2547.0,2600.0,2498.0,2598.0,10100
2024/02/07,2599.0,2610.0,2543.0,2600.0,3600
2024/02/08,2600.0,2750.0,2600.0,2728.0,7000
2024/02/09,2710.0,2728.0,2400.0,2400.0,15000
2024/02/13,2500.0,2520.0,2179.0,2300.0,15500
2024/02/14,2290.0,2290.0,2118.0,2167.0,9900
2024/02/15,2160.0,2160.0,2041.0,2050.0,11700
2024/02/16,2100.0,2151.0,2100.0,2129.0,8000
2024/02/19,2115.0,2400.0,2106.0,2335.0,9900
2024/02/20,2285.0,2305.0,2200.0,2280.0,1800
2024/02/21,2280.0,2280.0,2231.0,2231.0,200
2024/02/22,2278.0,2278.0,2176.0,2176.0,1800
2024/02/26,2200.0,2248.0,2152.0,2215.0,4100
2024/02/27,,,,,0
2024/02/28,2200.0,2242.0,2188.0,2205.0,2100
2024/02/29,2166.0,2166.0,2160.0,2161.0,900
2024/03/01,2161.0,2181.0,2160.0,2181.0,2000
2024/03/04,2162.0,2162.0,2145.0,2161.0,2800
2024/03/05,2157.0,2157.0,2144.0,2150.0,800
2024/03/06,2150.0,2150.0,2115.0,2120.0,4100
2024/03/07,2120.0,2120.0,2077.0,2086.0,5900
2024/03/08,2085.0,2119.0,2077.0,2095.0,2800
2024/03/11,2082.0,2159.0,2082.0,2101.0,1800
2024/03/12,2091.0,2150.0,2091.0,2145.0,1800
2024/03/13,2145.0,2185.0,2135.0,2150.0,700
2024/03/14,2150.0,2155.0,2138.0,2153.0,1400
2024/03/15,2130.0,2130.0,2130.0,2130.0,1100
2024/03/18,2130.0,2130.0,2107.0,2107.0,3900
2024/03/19,2107.0,2150.0,2107.0,2150.0,1200
2024/03/21,2145.0,2233.0,2138.0,2210.0,9200
2024/03/22,2197.0,2347.0,2168.0,2347.0,6100
2024/03/25,2300.0,2366.0,2300.0,2326.0,3700
2024/03/26,2278.0,2520.0,2278.0,2519.0,6500
2024/03/27,2519,2519,2400,2447,6900
2024/03/28,2406,2406,2406,2406,100
2024/03/29,2404,2407,2404,2407,500
2024/04/01,2335,2335,2305,2306,1200
2024/04/02,,,,2306,0
2024/04/03,2207,2230,2196,2230,800
2024/04/04,2224,2255,2224,2255,500
2024/04/05,2232,2232,2229,2229,200
2024/04/08,2179,2266,2131,2266,1400
2024/04/09,,,,2266,0
2024/04/10,2242,2242,2242,2242,1500
