date,open,high,low,close,volume,rs_nikkei,rs_topix
2014/03/26,1433.0,1445.0,1428.0,1445.0,10631900,-1.0,-1.0
2014/03/27,1419.0,1441.0,1399.0,1435.0,11551300,-1.0,-1.0
2014/03/28,1445.0,1445.0,1411.0,1438.0,8609500,-1.0,-1.0
2014/03/31,1445.0,1461.0,1439.0,1459.0,10719700,-1.0,-1.0
2014/04/01,1465.0,1465.0,1432.0,1454.0,11145200,-1.0,-1.0
2014/04/02,1465.0,1484.0,1458.0,1473.0,9232500,-1.0,-1.0
2014/04/03,1480.0,1487.0,1472.0,1480.0,6054600,-1.0,-1.0
2014/04/04,1473.0,1488.0,1472.0,1481.0,4829500,-1.0,-1.0
2014/04/07,1464.0,1479.0,1460.0,1468.0,4393500,-1.0,-1.0
2014/04/08,1461.0,1476.0,1452.0,1452.0,6643000,-1.0,-1.0
2014/04/09,1435.0,1441.0,1414.0,1428.0,7447300,-1.0,-1.0
2014/04/10,1440.0,1467.0,1437.0,1444.0,6342200,-1.0,-1.0
2014/04/11,1409.0,1450.0,1402.0,1440.0,8376300,-1.0,-1.0
2014/04/14,1426.0,1456.0,1425.0,1439.0,5266100,-1.0,-1.0
2014/04/15,1445.0,1458.0,1442.0,1448.0,5227900,-1.0,-1.0
2014/04/16,1451.0,1472.0,1440.0,1472.0,7226800,-1.0,-1.0
2014/04/17,1469.0,1478.0,1460.0,1466.0,6644100,-1.0,-1.0
2014/04/18,1473.0,1475.0,1463.0,1470.0,2714300,-1.0,-1.0
2014/04/21,1472.0,1482.0,1462.0,1466.0,3187400,-1.0,-1.0
2014/04/22,1469.0,1480.0,1452.0,1455.0,5430500,-1.0,-1.0
2014/04/23,1467.0,1476.0,1462.0,1475.0,4447500,-1.0,-1.0
2014/04/24,1475.0,1479.0,1461.0,1473.0,4018100,-1.0,-1.0
2014/04/25,1473.0,1485.0,1461.0,1479.0,3710800,-1.0,-1.0
2014/04/28,1460.0,1467.0,1453.0,1459.0,5342500,-1.0,-1.0
2014/04/30,1467.0,1470.0,1443.0,1449.0,5357100,-1.0,-1.0
2014/05/01,1460.0,1476.0,1450.0,1462.0,6906500,-1.0,-1.0
2014/05/02,1458.0,1470.0,1453.0,1463.0,5111000,-1.0,-1.0
2014/05/07,1459.0,1500.0,1429.0,1463.0,16313700,-1.0,-1.0
2014/05/08,1500.0,1532.0,1494.0,1516.0,19569200,-1.0,-1.0
2014/05/09,1504.0,1557.0,1503.0,1542.0,14401500,-1.0,-1.0
2014/05/12,1533.0,1538.0,1523.0,1528.0,8276500,-1.0,-1.0
2014/05/13,1550.0,1552.0,1539.0,1551.0,7735900,-1.0,-1.0
2014/05/14,1551.0,1575.0,1549.0,1570.0,8772100,-1.0,-1.0
2014/05/15,1553.0,1568.0,1546.0,1565.0,5716300,-1.0,-1.0
2014/05/16,1550.0,1570.0,1539.0,1568.0,8344200,-1.0,-1.0
2014/05/19,1564.0,1565.0,1531.0,1536.0,7060100,-1.0,-1.0
2014/05/20,1540.0,1541.0,1508.0,1517.0,10260100,-1.0,-1.0
2014/05/21,1501.0,1513.0,1491.0,1513.0,8800500,-1.0,-1.0
2014/05/22,1527.0,1541.0,1518.0,1534.0,8192700,-1.0,-1.0
2014/05/23,1540.0,1557.0,1538.0,1546.0,7042700,-1.0,-1.0
2014/05/26,1558.0,1566.0,1550.0,1565.0,5489500,-1.0,-1.0
2014/05/27,1566.0,1583.0,1564.0,1572.0,7473100,-1.0,-1.0
2014/05/28,1578.0,1594.0,1575.0,1587.0,10465500,-1.0,-1.0
2014/05/29,1570.0,1576.0,1552.0,1556.0,10455300,-1.0,-1.0
2014/05/30,1559.0,1560.0,1539.0,1542.0,9077400,-1.0,-1.0
2014/06/02,1553.0,1559.0,1537.0,1541.0,9323400,-1.0,-1.0
2014/06/03,1549.0,1551.0,1538.0,1539.0,8112700,-1.0,-1.0
2014/06/04,1548.0,1579.0,1540.0,1572.0,16157200,-1.0,-1.0
2014/06/05,1566.0,1582.0,1559.0,1564.0,9319600,-1.0,-1.0
2014/06/06,1568.0,1569.0,1554.0,1559.0,7850800,-1.0,-1.0
2014/06/09,1569.0,1570.0,1550.0,1550.0,5038000,-1.0,-1.0
2014/06/10,1552.0,1552.0,1545.0,1549.0,7523900,-1.0,-1.0
2014/06/11,1550.0,1562.0,1548.0,1557.0,4656600,-1.0,-1.0
2014/06/12,1550.0,1561.0,1547.0,1560.0,5946400,-1.0,-1.0
2014/06/13,1548.0,1582.0,1546.0,1579.0,14043900,-1.0,-1.0
2014/06/16,1581.0,1598.0,1576.0,1584.0,8651500,-1.0,-1.0
2014/06/17,1588.0,1596.0,1581.0,1591.0,7854400,-1.0,-1.0
2014/06/18,1595.0,1597.0,1582.0,1597.0,7466300,-1.0,-1.0
2014/06/19,1598.0,1625.0,1594.0,1621.0,12936000,-1.0,-1.0
2014/06/20,1621.0,1628.0,1614.0,1628.0,9298800,-1.0,-1.0
2014/06/23,1634.0,1650.0,1630.0,1638.0,8433400,-1.0,-1.0
2014/06/24,1635.0,1647.0,1619.0,1642.0,8695800,-1.0,-1.0
2014/06/25,1639.0,1657.0,1627.0,1630.0,8638300,-1.0,-1.0
2014/06/26,1634.0,1645.0,1631.0,1639.0,6165900,-1.0,-1.0
2014/06/27,1630.0,1636.0,1610.0,1624.0,10626100,-1.0,-1.0
2014/06/30,1624.0,1625.0,1611.0,1624.0,8183600,-1.0,-1.0
2014/07/01,1624.0,1649.0,1618.0,1642.0,8284000,-1.0,-1.0
2014/07/02,1650.0,1663.0,1650.0,1655.0,7292600,-1.0,-1.0
2014/07/03,1664.0,1664.0,1648.0,1657.0,5540600,-1.0,-1.0
2014/07/04,1668.0,1672.0,1655.0,1662.0,5669400,-1.0,-1.0
2014/07/07,1660.0,1662.0,1647.0,1649.0,3616400,-1.0,-1.0
2014/07/08,1639.0,1651.0,1628.0,1651.0,7951700,-1.0,-1.0
2014/07/09,1643.0,1659.0,1635.0,1659.0,7027900,-1.0,-1.0
2014/07/10,1659.0,1661.0,1630.0,1631.0,7476800,-1.0,-1.0
2014/07/11,1622.0,1630.0,1613.0,1627.0,6846800,-1.0,-1.0
2014/07/14,1627.0,1633.0,1616.0,1630.0,6317400,-1.0,-1.0
2014/07/15,1640.0,1652.0,1638.0,1642.0,4660500,-1.0,-1.0
2014/07/16,1638.0,1650.0,1636.0,1642.0,4305500,-1.0,-1.0
2014/07/17,1649.0,1666.0,1649.0,1656.0,7020600,-1.0,-1.0
2014/07/18,1635.0,1647.0,1629.0,1645.0,6049300,-1.0,-1.0
2014/07/22,1649.0,1658.5,1639.0,1640.0,6022400,-1.0,-1.0
2014/07/23,1640.0,1645.5,1637.0,1644.5,3600900,-1.0,-1.0
2014/07/24,1644.5,1649.0,1634.0,1641.0,5075700,-1.0,-1.0
2014/07/25,1646.5,1654.5,1644.5,1654.0,4990000,-1.0,-1.0
2014/07/28,1650.0,1665.0,1645.5,1654.5,3843200,-1.0,-1.0
2014/07/29,1657.5,1674.5,1657.0,1672.5,5878000,-1.0,-1.0
2014/07/30,1675.0,1679.0,1667.0,1670.5,3938600,-1.0,-1.0
2014/07/31,1678.5,1679.0,1666.0,1666.0,5309300,-1.0,-1.0
2014/08/01,1651.5,1666.0,1649.0,1658.5,5657700,-1.0,-1.0
2014/08/04,1651.0,1670.0,1645.0,1664.0,4192800,-1.0,-1.0
2014/08/05,1660.0,1664.0,1637.0,1639.0,5924100,-1.0,-1.0
2014/08/06,1635.0,1676.0,1624.0,1643.0,9038500,-1.0,-1.0
2014/08/07,1655.0,1674.5,1646.5,1668.5,9068700,-1.0,-1.0
2014/08/08,1660.0,1668.0,1631.0,1633.0,10259700,-1.0,-1.0
2014/08/11,1650.0,1670.0,1644.0,1668.0,7641200,-1.0,-1.0
2014/08/12,1670.0,1699.0,1669.5,1697.0,8860300,-1.0,-1.0
2014/08/13,1699.0,1717.0,1694.0,1702.0,7533100,-1.0,-1.0
2014/08/14,1704.5,1717.0,1697.0,1706.5,5535400,-1.0,-1.0
2014/08/15,1700.0,1708.0,1691.0,1699.5,5272300,-1.0,-1.0
2014/08/18,1702.5,1715.5,1701.5,1713.0,5843600,-1.0,-1.0
2014/08/19,1722.0,1725.0,1713.0,1717.0,5053600,-1.0,-1.0
2014/08/20,1722.0,1723.0,1712.0,1715.5,4608900,-1.0,-1.0
2014/08/21,1722.0,1735.0,1720.5,1727.5,7604400,-1.0,-1.0
2014/08/22,1732.0,1734.0,1714.5,1716.5,5223000,-1.0,-1.0
2014/08/25,1726.0,1730.0,1719.0,1721.5,3703300,-1.0,-1.0
2014/08/26,1730.5,1731.5,1720.0,1720.0,5219900,-1.0,-1.0
2014/08/27,1719.0,1722.0,1706.5,1716.0,4771400,-1.0,-1.0
2014/08/28,1715.0,1716.0,1698.0,1700.5,6379100,-1.0,-1.0
2014/08/29,1690.0,1701.0,1685.0,1696.0,9359600,-1.0,-1.0
2014/09/01,1705.0,1720.0,1704.0,1717.0,4279300,-1.0,-1.0
2014/09/02,1719.5,1728.0,1714.0,1722.5,6321300,-1.0,-1.0
2014/09/03,1734.0,1735.0,1727.0,1728.0,7911000,-1.0,-1.0
2014/09/04,1730.0,1731.0,1716.0,1721.0,6034700,-1.0,-1.0
2014/09/05,1725.0,1725.5,1701.0,1705.5,8788100,-1.0,-1.0
2014/09/08,1706.0,1718.5,1703.5,1714.0,6710600,-1.0,-1.0
2014/09/09,1725.0,1728.0,1713.0,1717.0,5519100,-1.0,-1.0
2014/09/10,1708.5,1726.0,1706.0,1725.0,7720700,-1.0,-1.0
2014/09/11,1738.0,1741.5,1727.5,1735.0,8468600,-1.0,-1.0
2014/09/12,1738.5,1746.5,1735.0,1741.5,11814800,-1.0,-1.0
2014/09/16,1748.0,1762.0,1746.0,1758.5,9133100,-1.0,-1.0
2014/09/17,1766.0,1767.0,1751.0,1751.5,6564100,-1.0,-1.0
2014/09/18,1762.0,1769.0,1756.0,1756.0,9244200,-1.0,-1.0
2014/09/19,1760.5,1782.0,1760.5,1777.0,11203700,-1.0,-1.0
2014/09/22,1789.5,1802.0,1783.0,1800.0,10074900,-1.0,-1.0
2014/09/24,1785.0,1806.5,1784.0,1798.5,10287400,-1.0,-1.0
2014/09/25,1810.5,1820.0,1806.0,1820.0,11190900,-1.0,-1.0
2014/09/26,1771.0,1782.5,1761.0,1771.0,12284200,-1.0,-1.0
2014/09/29,1775.5,1783.5,1763.0,1769.0,7163900,-1.0,-1.0
2014/09/30,1715.0,1732.0,1700.0,1729.5,17385000,-1.0,-1.0
2014/10/01,1716.5,1724.0,1690.5,1693.5,15215400,-1.0,-1.0
2014/10/02,1663.0,1670.0,1650.5,1656.0,14037300,-1.0,-1.0
2014/10/03,1650.0,1665.5,1648.0,1662.0,9075000,-1.0,-1.0
2014/10/06,1687.0,1691.0,1667.5,1667.5,8517500,-1.0,-1.0
2014/10/07,1670.0,1675.5,1656.0,1662.0,6773200,-1.0,-1.0
2014/10/08,1648.0,1653.0,1631.5,1646.0,9673600,-1.0,-1.0
2014/10/09,1650.0,1650.5,1620.5,1621.5,10040000,-1.0,-1.0
2014/10/10,1585.0,1601.0,1574.0,1597.5,13344600,-1.0,-1.0
2014/10/14,1557.5,1594.0,1553.5,1574.5,12203400,-1.0,-1.0
2014/10/15,1576.0,1585.5,1560.0,1570.5,9555500,-1.0,-1.0
2014/10/16,1528.0,1554.0,1514.5,1550.5,12624400,-1.0,-1.0
2014/10/17,1554.0,1557.0,1521.0,1522.5,12315200,-1.0,-1.0
2014/10/20,1560.5,1569.5,1545.5,1559.0,11944000,-1.0,-1.0
2014/10/21,1569.0,1570.0,1535.0,1537.5,8655200,-1.0,-1.0
2014/10/22,1555.0,1567.0,1544.5,1566.5,6766400,-1.0,-1.0
2014/10/23,1553.0,1559.5,1539.0,1549.0,8485200,-1.0,-1.0
2014/10/24,1572.5,1578.5,1545.5,1551.0,9032500,-1.0,-1.0
2014/10/27,1574.0,1586.0,1568.0,1585.0,9177200,-1.0,-1.0
2014/10/28,1584.5,1589.0,1555.0,1567.0,7065500,-1.0,-1.0
2014/10/29,1581.0,1615.0,1578.5,1613.5,11347000,-1.0,-1.0
2014/10/30,1613.0,1626.0,1604.0,1613.0,16021500,-1.0,-1.0
2014/10/31,1636.0,1683.5,1628.5,1665.5,14104200,-1.0,-1.0
2014/11/04,1739.0,1739.0,1682.0,1683.5,16445600,-1.0,-1.0
2014/11/05,1655.5,1676.0,1652.5,1672.0,14860300,-1.0,-1.0
2014/11/06,1655.5,1658.0,1613.0,1641.0,21295400,-1.0,-1.0
2014/11/07,1660.0,1688.0,1644.0,1679.0,12824200,-1.0,-1.0
2014/11/10,1659.0,1665.5,1646.5,1652.5,14208100,-1.0,-1.0
2014/11/11,1665.0,1667.5,1655.0,1660.0,10039900,-1.0,-1.0
2014/11/12,1665.5,1666.0,1641.5,1642.0,15265100,-1.0,-1.0
2014/11/13,1638.0,1650.5,1630.0,1647.0,9517600,-1.0,-1.0
2014/11/14,1660.0,1660.0,1625.0,1638.5,13852400,-1.0,-1.0
2014/11/17,1630.0,1635.5,1610.0,1614.0,11396600,-1.0,-1.0
2014/11/18,1621.5,1636.5,1620.5,1630.0,8580900,-1.0,-1.0
2014/11/19,1637.5,1645.5,1625.5,1627.0,9165700,-1.0,-1.0
2014/11/20,1628.0,1635.0,1624.0,1627.5,7074800,-1.0,-1.0
2014/11/21,1628.0,1632.0,1610.5,1620.5,10048000,-1.0,-1.0
2014/11/25,1640.0,1665.0,1634.0,1663.5,12417300,-1.0,-1.0
2014/11/26,1664.5,1687.5,1655.5,1680.0,11890300,-1.0,-1.0
2014/11/27,1667.5,1670.5,1655.0,1655.0,7532500,-1.0,-1.0
2014/11/28,1641.0,1642.0,1626.0,1637.5,13659000,-1.0,-1.0
2014/12/01,1631.0,1633.5,1610.0,1612.0,13720200,-1.0,-1.0
2014/12/02,1608.0,1629.0,1595.0,1626.0,11433600,-1.0,-1.0
2014/12/03,1632.0,1635.0,1621.5,1622.0,8609200,-1.0,-1.0
2014/12/04,1626.5,1632.5,1623.0,1632.5,8503300,-1.0,-1.0
2014/12/05,1633.0,1638.0,1626.5,1636.0,6855200,-1.0,-1.0
2014/12/08,1635.0,1639.0,1630.0,1633.5,7050100,-1.0,-1.0
2014/12/09,1629.0,1629.5,1610.0,1616.5,9420800,-1.0,-1.0
2014/12/10,1600.5,1605.0,1592.0,1598.5,11452900,-1.0,-1.0
2014/12/11,1570.0,1570.5,1551.0,1565.0,14396200,-1.0,-1.0
2014/12/12,1550.0,1565.0,1550.0,1550.0,16445400,-1.0,-1.0
2014/12/15,1540.0,1540.5,1512.0,1527.5,12919700,-1.0,-1.0
2014/12/16,1520.5,1522.5,1480.0,1481.5,17113700,-1.0,-1.0
2014/12/17,1495.0,1517.5,1486.0,1494.0,13496800,-1.0,-1.0
2014/12/18,1538.0,1543.0,1495.0,1499.0,13633700,-1.0,-1.0
2014/12/19,1521.0,1548.0,1515.5,1547.5,11667800,-1.0,-1.0
2014/12/22,1566.0,1600.0,1560.0,1600.0,13532500,-1.0,-1.0
2014/12/24,1620.0,1620.0,1606.5,1614.0,8252100,-1.0,-1.0
2014/12/25,1607.0,1614.0,1600.0,1610.5,4921300,-1.0,-1.0
2014/12/26,1610.0,1625.5,1605.0,1624.5,5120900,-1.0,-1.0
2014/12/29,1629.0,1630.0,1611.5,1629.5,6443400,-1.0,-1.0
2014/12/30,1627.5,1632.5,1618.0,1621.5,6702000,-1.0,-1.0
2015/01/05,1610.0,1619.5,1588.0,1606.5,7205700,-1.0,-1.0
2015/01/06,1567.5,1574.0,1548.5,1548.5,12915700,-1.0,-1.0
2015/01/07,1538.0,1571.0,1535.0,1557.0,8263800,-1.0,-1.0
2015/01/08,1575.5,1578.0,1547.0,1550.0,11457900,-1.0,-1.0
2015/01/09,1546.0,1549.0,1526.0,1535.0,13410300,-1.0,-1.0
2015/01/13,1526.5,1529.5,1503.5,1524.5,10009000,-1.0,-1.0
2015/01/14,1510.0,1519.0,1484.0,1485.0,14345400,-1.0,-1.0
2015/01/15,1497.0,1503.5,1488.0,1491.0,9633100,-1.0,-1.0
2015/01/16,1480.0,1492.5,1462.0,1492.0,15548600,-1.0,-1.0
2015/01/19,1522.0,1536.5,1513.0,1523.5,10514600,-1.0,-1.0
2015/01/20,1524.5,1545.5,1516.5,1545.0,8561800,-1.0,-1.0
2015/01/21,1545.0,1557.5,1538.5,1548.0,7809900,-1.0,-1.0
2015/01/22,1536.0,1561.5,1531.0,1557.0,8870500,-1.0,-1.0
2015/01/23,1566.0,1576.0,1557.5,1573.0,8721300,-1.0,-1.0
2015/01/26,1560.0,1583.0,1555.5,1562.0,9274300,-1.0,-1.0
2015/01/27,1522.0,1549.5,1508.5,1547.0,17577700,-1.0,-1.0
2015/01/28,1534.5,1542.0,1525.5,1536.0,9614000,-1.0,-1.0
2015/01/29,1523.0,1525.0,1504.5,1508.5,11928600,-1.0,-1.0
2015/01/30,1520.0,1525.0,1507.0,1507.0,7912700,-1.0,-1.0
2015/02/02,1507.0,1524.0,1502.0,1520.0,7875500,-1.0,-1.0
2015/02/03,1531.5,1568.0,1531.0,1556.0,12905800,-1.0,-1.0
2015/02/04,1588.5,1623.5,1553.5,1581.5,21649500,-1.0,-1.0
2015/02/05,1559.5,1580.0,1553.0,1573.0,10023400,-1.0,-1.0
2015/02/06,1573.0,1580.0,1554.0,1579.0,12876200,-1.0,-1.0
2015/02/09,1594.5,1601.5,1583.0,1588.5,6718700,-1.0,-1.0
2015/02/10,1580.0,1595.5,1575.5,1591.5,6325700,-1.0,-1.0
2015/02/12,1610.0,1611.5,1586.5,1595.5,9794200,-1.0,-1.0
2015/02/13,1595.5,1604.0,1592.0,1599.0,9958600,-1.0,-1.0
2015/02/16,1610.5,1634.5,1602.0,1632.0,12077600,-1.0,-1.0
2015/02/17,1626.0,1640.5,1623.5,1635.0,8807800,-1.0,-1.0
2015/02/18,1634.0,1638.0,1626.5,1634.0,11854500,-1.0,-1.0
2015/02/19,1632.5,1634.0,1618.5,1624.0,11038800,-1.0,-1.0
2015/02/20,1622.0,1624.0,1612.0,1613.5,10848700,-1.0,-1.0
2015/02/23,1622.0,1631.0,1616.0,1624.0,8613600,-1.0,-1.0
2015/02/24,1618.5,1625.0,1612.0,1625.0,9450700,-1.0,-1.0
2015/02/25,1629.5,1639.0,1626.5,1639.0,8469600,-1.0,-1.0
2015/02/26,1641.0,1654.5,1640.5,1654.0,11310000,-1.0,-1.0
2015/02/27,1662.5,1665.5,1654.0,1662.5,11314800,-1.0,-1.0
2015/03/02,1669.0,1674.5,1663.0,1672.0,8267700,-1.0,-1.0
2015/03/03,1670.0,1673.5,1660.5,1673.0,9265100,-1.0,-1.0
2015/03/04,1667.0,1677.0,1663.0,1673.5,8362000,-1.0,-1.0
2015/03/05,1673.0,1680.5,1669.0,1673.5,6661000,-1.0,-1.0
2015/03/06,1679.0,1682.0,1673.0,1682.0,8869000,-1.0,-1.0
2015/03/09,1677.5,1687.0,1671.0,1685.5,8944600,-1.0,-1.0
2015/03/10,1694.5,1696.0,1675.0,1680.0,9849300,-1.0,-1.0
2015/03/11,1670.0,1679.5,1660.5,1670.5,9065200,-1.0,-1.0
2015/03/12,1674.5,1675.0,1663.0,1672.5,9756600,-1.0,-1.0
2015/03/13,1679.0,1681.0,1670.5,1674.5,14225000,-1.0,-1.0
2015/03/16,1674.0,1674.5,1668.5,1668.5,9120400,-1.0,-1.0
2015/03/17,1670.0,1674.0,1667.0,1670.0,7687600,-1.0,-1.0
2015/03/18,1670.0,1670.5,1650.0,1653.0,14250700,-1.0,-1.0
2015/03/19,1656.5,1658.0,1649.5,1655.5,14284100,-1.0,-1.0
2015/03/20,1655.5,1657.0,1640.5,1657.0,10942400,-1.0,-1.0
2015/03/23,1666.5,1685.0,1661.5,1684.5,10189900,-1.0,-1.0
2015/03/24,1689.5,1695.0,1681.5,1695.0,12159200,-1.0,-1.0
2015/03/25,1696.0,1708.0,1695.0,1703.5,12582100,-1.0,-1.0
2015/03/26,1700.0,1704.0,1694.5,1701.0,14713900,-1.0,-1.0
2015/03/27,1638.0,1650.0,1625.5,1639.5,16814800,-1.0,-1.0
2015/03/30,1629.5,1634.5,1605.0,1622.0,9073500,-1.0,-1.0
2015/03/31,1638.0,1648.5,1612.0,1612.0,9351200,-1.0,-1.0
2015/04/01,1605.0,1614.0,1590.5,1593.0,9268800,-1.0,-1.0
2015/04/02,1591.5,1612.5,1591.0,1598.5,8539200,-1.0,-1.0
2015/04/03,1595.5,1598.0,1580.0,1586.5,7815500,-1.0,-1.0
2015/04/06,1580.0,1583.0,1560.0,1566.0,9073100,81.43864311127915,81.80495019235762
2015/04/07,1584.0,1607.5,1580.5,1603.5,9557600,82.13086279031876,82.17112105444642
2015/04/08,1617.0,1621.5,1609.0,1616.0,8585100,81.77078122981688,81.95927448393512
2015/04/09,1624.0,1624.0,1602.0,1606.5,6916900,79.79537608367305,80.21926039464067
2015/04/10,1595.5,1604.0,1572.0,1576.0,15213800,76.74695162943387,78.08538948375029
2015/04/13,1576.5,1587.0,1571.5,1586.0,8000900,77.01978398519427,78.70565198587296
2015/04/14,1588.5,1589.5,1578.0,1585.0,6515700,76.95685409108371,78.17221170068262
2015/04/15,1589.5,1590.0,1577.0,1585.5,6841100,78.15579715432997,79.08421893997522
2015/04/16,1600.0,1613.0,1590.5,1612.5,10749400,79.7469725314306,80.2271713247079
2015/04/17,1615.0,1642.5,1614.0,1640.0,12475800,82.40533862174495,82.39907410131244
2015/04/20,1631.0,1636.0,1610.0,1619.5,7877200,81.65184427597273,81.76342726522117
2015/04/21,1627.5,1627.5,1612.0,1617.0,9180800,80.31918394339831,80.30014604512
2015/04/22,1617.0,1626.0,1611.0,1624.5,5942300,79.57038008499194,79.71331718531165
2015/04/23,1642.0,1688.0,1640.0,1680.0,21184100,81.38300642692441,81.76671680342629
2015/04/24,1686.0,1692.0,1658.0,1666.5,10250400,81.21126252184975,81.4357999715622
2015/04/27,1672.0,1674.5,1658.5,1660.0,6971000,81.35112922697067,81.56843337657122
2015/04/28,1661.5,1690.0,1661.5,1682.0,12921200,82.7771083998375,82.91361187816506
2015/04/30,1685.0,1688.0,1674.0,1680.5,9634600,85.29695066894732,85.31464319434185
2015/05/01,1661.0,1679.0,1661.0,1674.5,6803000,84.72192959572902,85.35682524713499
2015/05/07,1660.0,1664.5,1646.5,1661.0,8510800,80.44009511481647,80.71437436736396
2015/05/08,1663.5,1699.0,1650.5,1684.0,13432400,80.01988031140829,80.16575015470208
2015/05/11,1697.5,1700.0,1688.0,1694.5,11066500,79.97251988736728,80.33902790324065
2015/05/12,1694.0,1694.0,1677.0,1692.0,6242600,80.18839203969902,80.22822166505834
2015/05/13,1691.5,1706.0,1680.5,1703.0,10090000,79.06067255447859,80.00066266718505
2015/05/14,1703.0,1703.0,1683.0,1690.0,6897200,78.8965263211676,79.95039992763446
2015/05/15,1700.0,1700.0,1689.5,1698.0,6514900,77.35962232251524,78.100837204418
2015/05/18,1700.0,1717.5,1698.5,1717.0,9702500,78.71657078331089,79.03265412652827
2015/05/19,1720.0,1722.0,1706.0,1718.0,8733400,79.59600002165357,79.97164989573015
2015/05/20,1712.0,1715.0,1703.5,1709.0,9907500,78.53440488007463,79.04539506340001
2015/05/21,1706.5,1718.0,1700.0,1710.5,7440600,79.13468259804455,79.17674917084683
2015/05/22,1706.5,1716.0,1703.0,1714.0,7047000,79.12265039757274,79.41957690684899
2015/05/25,1719.0,1726.0,1705.5,1720.0,6754300,78.6174037154377,79.13774702181627
2015/05/26,1720.0,1743.5,1716.5,1738.0,10303900,79.17858130042087,79.61768308695076
2015/05/27,1737.0,1748.0,1726.0,1744.5,8223600,78.7734211030768,79.27871111351503
2015/05/28,1749.0,1754.0,1741.0,1750.5,9452400,80.36866967115708,80.7506755302613
2015/05/29,1751.0,1759.0,1744.0,1745.5,9325400,80.54912128852496,81.25724246535479
2015/06/01,1732.0,1737.0,1712.0,1733.0,10332000,81.65755193271383,81.76852485530252
2015/06/02,1730.0,1731.0,1712.0,1712.0,9140900,81.41023818127488,81.63232857211088
2015/06/03,1713.0,1743.0,1712.5,1741.0,10014100,81.50952890912629,81.83327292706593
2015/06/04,1741.0,1741.5,1724.5,1724.5,7952800,81.15327570554024,81.20346221267319
2015/06/05,1723.5,1723.5,1700.0,1713.5,9382700,80.99069182880633,81.39589108285402
2015/06/08,1710.0,1715.0,1703.5,1705.5,6721800,81.34684533739703,81.74876600515262
2015/06/09,1700.0,1701.5,1670.0,1670.5,10693300,80.46733801792783,81.07764810065976
2015/06/10,1671.0,1695.0,1671.0,1676.5,8316500,80.94269986987115,81.93982554378138
2015/06/11,1698.0,1703.5,1683.0,1693.5,6451600,79.74754721711341,81.49003181180372
2015/06/12,1685.5,1692.0,1683.0,1686.5,8535600,79.02020774538198,80.45273337491011
2015/06/15,1667.5,1683.5,1660.0,1679.0,6792900,77.63916685779681,79.22475793090001
2015/06/16,1677.5,1687.5,1673.0,1675.5,5001900,77.85274563173107,79.51668744422193
2015/06/17,1677.0,1679.5,1666.5,1666.5,4400700,78.01283620142661,79.78893809469938
2015/06/18,1663.0,1663.0,1645.0,1645.0,8382800,77.97875400009094,79.6598539240085
2015/06/19,1658.0,1676.5,1646.5,1676.5,10429400,78.3508917667999,80.11738690367281
2015/06/22,1672.0,1687.5,1667.0,1673.5,6155500,76.86620741345624,78.54797706187696
2015/06/23,1683.0,1699.0,1679.0,1694.0,5883100,76.23079106058994,78.06440836186603
2015/06/24,1700.0,1719.5,1696.5,1709.5,9387100,76.72601804382212,78.71494379543661
2015/06/25,1696.5,1703.0,1692.5,1692.5,4929800,76.10554660555667,78.08144655287876
2015/06/26,1683.5,1689.0,1670.5,1683.0,6267500,75.54954491103413,77.90363708100804
2015/06/29,1645.0,1666.5,1640.0,1652.0,8285400,76.69594164700266,79.04434188784421
2015/06/30,1661.5,1669.0,1657.0,1662.5,6611100,76.68388614332864,79.24506693170818
2015/07/01,1672.5,1673.0,1654.5,1655.5,5712200,75.62778044454174,78.29131712701542
2015/07/02,1660.0,1673.0,1652.0,1664.0,6890400,75.1035638130076,77.90075511792622
2015/07/03,1667.5,1673.0,1659.5,1666.5,5263500,75.36068909854257,78.00542898369686
2015/07/06,1652.0,1660.5,1648.0,1648.5,6424900,76.44533116059702,78.96281847301492
2015/07/07,1649.0,1651.5,1627.5,1627.5,13058100,74.08711558798706,76.80911932203774
2015/07/08,1621.0,1622.0,1570.0,1570.0,20133600,73.37104221178254,75.99746001111227
2015/07/09,1550.0,1592.0,1536.5,1590.0,16845100,74.70957218324232,77.70129779425434
2015/07/10,1593.5,1607.5,1573.0,1588.5,10217400,74.8500393316146,77.38866523690099
2015/07/13,1600.0,1612.5,1598.5,1605.5,5698700,74.99786444739107,77.25017398148088
2015/07/14,1629.0,1643.0,1618.5,1622.5,9184600,74.62391217202095,76.80151340931424
2015/07/15,1619.5,1621.0,1605.0,1608.5,7323100,73.62209527071506,75.7773751357928
2015/07/16,1619.0,1619.0,1599.0,1617.0,6573900,72.85530006199218,74.86563816049043
2015/07/17,1619.5,1631.0,1618.0,1624.0,6109100,72.73994036884089,74.99746795536976
2015/07/21,1624.0,1624.5,1600.0,1601.5,9805000,71.88901599196937,74.28126331432698
2015/07/22,1601.0,1612.5,1599.0,1607.0,5400800,72.73603247028689,75.11162639696907
2015/07/23,1600.0,1604.0,1586.0,1594.5,10218100,71.80115433893675,74.11205397194959
2015/07/24,1585.0,1588.5,1575.5,1583.5,8008500,72.03374643426733,74.08439191543867
2015/07/27,1578.0,1586.0,1575.0,1576.5,6215000,72.71354735892196,74.81771292730143
2015/07/28,1570.0,1570.5,1550.0,1554.0,12226000,71.38362313050675,73.58154526859431
2015/07/29,1566.5,1583.0,1561.5,1568.0,8070300,72.335418595896,74.23464802268317
2015/07/30,1576.0,1599.5,1574.0,1598.0,8936900,73.00741443076046,75.08396696504404
2015/07/31,1600.0,1615.0,1595.5,1611.5,7282700,73.2719305312313,75.02105537438136
2015/08/03,1611.0,1611.5,1592.0,1606.5,5286100,72.70631794701299,74.24023176779188
2015/08/04,1601.0,1609.5,1563.0,1569.0,12404700,71.47045839802489,72.8728807496356
2015/08/05,1565.0,1598.0,1563.0,1582.5,8724100,70.83302753903588,72.34828419547033
2015/08/06,1600.0,1677.0,1595.0,1645.0,20108700,72.67474742826234,74.11656449049366
2015/08/07,1640.0,1657.0,1637.5,1651.5,8981900,72.11632878055828,73.97464040624354
2015/08/10,1650.0,1650.0,1631.5,1645.5,6617500,71.73167200334495,73.0575259887405
2015/08/11,1656.0,1664.5,1641.0,1646.0,6695800,70.97072559368344,72.2856481810617
2015/08/12,1640.0,1651.5,1629.5,1636.0,8091000,71.71010730907953,72.83129152291123
2015/08/13,1649.0,1659.0,1638.0,1650.0,8601900,71.89671781175944,73.6494135964182
2015/08/14,1636.0,1638.0,1620.5,1628.5,6801000,71.53401194220395,73.15254258067526
2015/08/17,1636.5,1643.0,1629.5,1638.0,4372800,71.05503567765338,72.66557655244331
2015/08/18,1642.0,1650.0,1635.0,1644.0,5056800,71.9693890254157,73.30717067620644
2015/08/19,1638.0,1650.0,1635.5,1635.5,5296100,72.85774811270413,74.00549208586388
2015/08/20,1627.0,1628.5,1592.0,1595.0,11686300,71.83326591232237,73.41399404053702
2015/08/21,1580.0,1600.5,1575.0,1581.0,11633000,73.63992666300076,75.30454455548714
2015/08/24,1550.0,1558.0,1516.5,1516.5,18189500,74.18276949420311,76.81551856636888
2015/08/25,1482.0,1524.0,1445.0,1455.0,23184000,73.73555596593458,75.87539232468069
2015/08/26,1467.0,1494.0,1450.0,1489.5,17472000,73.37681414642735,75.47060132710999
2015/08/27,1527.0,1529.5,1502.0,1503.0,9765200,73.56515798349706,75.44550466212795
2015/08/28,1559.0,1610.5,1557.0,1598.5,15893000,75.96997734543535,77.71982161575343
2015/08/31,1590.0,1593.5,1562.0,1578.5,9668200,75.31940072888345,76.7420262138272
2015/09/01,1578.5,1591.0,1552.0,1552.0,10189100,77.71606116703651,79.06161969146297
2015/09/02,1515.0,1537.0,1500.0,1515.0,14006000,76.20507097491316,77.83747387999479
2015/09/03,1535.0,1554.0,1520.0,1520.5,8053900,76.17190671485884,77.65243789949217
2015/09/04,1535.0,1536.0,1500.0,1511.0,9650700,78.02189176713308,79.31498183658442
2015/09/07,1503.0,1533.0,1500.0,1524.5,7394400,78.21043663658023,79.89916234035906
2015/09/08,1523.0,1559.0,1520.5,1523.5,7453900,80.18712780705856,81.39684845790633
2015/09/09,1568.0,1587.5,1553.0,1587.5,12443600,77.4100120773012,79.78303798736518
2015/09/10,1547.5,1574.0,1546.0,1572.0,8174000,78.76972560684385,80.29979035182075
2015/09/11,1550.0,1567.5,1547.5,1552.0,12490700,77.8182092354688,79.09369191562593
2015/09/14,1555.5,1556.5,1538.0,1538.5,6019000,77.48594367978599,78.42279043490508
2015/09/15,1536.0,1544.0,1518.0,1523.5,12641400,76.47176197472318,77.66721588291294
2015/09/16,1537.0,1553.5,1530.0,1543.0,7075300,77.02827302103947,78.067125405674
2015/09/17,1549.0,1561.5,1540.0,1553.5,10443700,77.11842000896206,78.15016051873059
2015/09/18,1534.5,1537.5,1503.0,1509.5,20673200,76.72444900972451,77.36781473156582
2015/09/24,1515.0,1518.5,1500.0,1505.0,14623000,77.05602791951237,78.0250487719814
2015/09/25,1512.0,1527.0,1501.5,1522.5,15409800,78.0321569600562,78.7624125600683
2015/09/28,1481.0,1492.0,1440.0,1450.5,18286200,75.79429756571254,76.21800154964595
2015/09/29,1400.0,1402.0,1310.0,1312.0,36908100,72.46683820191883,73.14503539913898
2015/09/30,1340.0,1351.0,1333.5,1340.5,16504000,73.2107824254145,73.94179028729073
2015/10/01,1355.0,1369.5,1316.0,1357.5,15025000,72.44416708417623,72.73648226814024
2015/10/02,1347.0,1363.0,1331.0,1357.5,8804200,72.38661247765148,72.4996542099294
2015/10/05,1370.5,1409.5,1370.0,1395.0,12372100,73.83347029680698,74.08495872289026
2015/10/06,1419.0,1433.5,1400.5,1404.5,13440700,73.34382307268703,73.91637900899208
2015/10/07,1412.0,1501.0,1408.0,1483.5,21414600,76.71393881266411,76.94981009154131
2015/10/08,1471.0,1510.0,1471.0,1481.0,15522400,77.93162797667948,77.73293682863948
2015/10/09,1503.5,1527.0,1498.5,1526.0,13057800,79.26676192489617,78.37297670847609
2015/10/13,1501.5,1511.5,1474.0,1494.5,12111600,77.75043241497256,76.67821195554754
2015/10/14,1470.0,1477.0,1454.0,1468.0,12071600,78.75319474569126,77.76603352578869
2015/10/15,1462.0,1494.5,1460.0,1486.5,7841100,78.07980250443993,76.88588988093154
2015/10/16,1493.0,1512.0,1489.0,1503.0,6328300,78.43065925742296,77.17568303529741
2015/10/19,1497.5,1499.5,1466.0,1474.0,8320800,78.79958259850191,77.44347722910052
2015/10/20,1480.0,1494.0,1462.0,1486.5,6336600,78.6131338512619,77.72913177186858
2015/10/21,1497.5,1527.0,1497.0,1522.0,9491300,79.57247355736978,78.67953171560623
2015/10/22,1492.5,1528.0,1492.5,1508.5,8548200,79.96985364368464,79.04779023316704
2015/10/23,1531.0,1538.0,1516.5,1533.5,10978900,80.31268434135302,79.35593147704823
2015/10/26,1549.0,1549.5,1531.5,1541.5,6497300,78.99026202935242,78.2465918695281
2015/10/27,1537.0,1540.0,1510.5,1510.5,8013000,78.69809266457392,78.20944001744718
2015/10/28,1525.0,1538.5,1517.0,1523.0,7416200,77.66749916429666,77.51929363679291
2015/10/29,1542.5,1552.0,1531.0,1542.0,14283300,79.05152428906351,79.02516302189424
2015/10/30,1542.0,1549.0,1523.5,1540.5,7929300,79.55660073034144,79.1648655406494
2015/11/02,1520.0,1524.5,1503.5,1507.0,6839900,80.79214319812868,80.23466223037943
2015/11/04,1527.0,1549.0,1525.0,1528.0,8606700,81.78093225453117,81.38104233432382
2015/11/05,1533.0,1548.5,1498.5,1512.0,10421300,80.93785923430893,80.36309614987418
2015/11/06,1493.0,1526.0,1476.0,1506.0,14962800,78.59120644429142,78.22772094460909
2015/11/09,1515.0,1545.5,1515.0,1540.5,10327600,79.63864091251445,79.69522071126917
2015/11/10,1544.5,1560.0,1532.0,1557.0,9715900,81.650031170788,81.15111261665949
2015/11/11,1559.0,1572.0,1553.0,1561.0,6677500,83.02470296534307,82.06002595655657
2015/11/12,1559.0,1569.0,1548.5,1565.5,5864900,83.9289256731206,82.88004995211155
2015/11/13,1545.5,1551.5,1531.0,1544.5,7477500,84.13259557605474,83.24152746790341
2015/11/16,1515.0,1538.5,1515.0,1534.5,6728000,83.2112399736749,82.64806971786595
2015/11/17,1548.0,1562.0,1545.0,1555.5,8526400,84.31385387657735,83.92395749403194
2015/11/18,1556.0,1560.0,1541.0,1545.5,5600800,83.57966376783084,83.61545303779442
2015/11/19,1559.5,1564.0,1544.0,1545.5,8254400,82.725731235832,82.93163323019553
2015/11/20,1539.0,1540.5,1523.5,1536.0,6398100,82.75940795057028,82.78349618762786
2015/11/24,1538.5,1555.5,1537.0,1548.5,5834500,81.3264602047979,81.68011001417543
2015/11/25,1541.5,1550.0,1538.0,1544.0,4564300,80.49514252883155,81.0542978439788
2015/11/26,1550.0,1553.0,1541.0,1548.5,4893600,80.91766669688039,81.27780993993795
2015/11/27,1552.0,1564.0,1547.5,1555.0,6601700,83.38484945697155,83.99665729813285
2015/11/30,1546.5,1547.5,1510.0,1510.0,10501800,83.43893564147278,84.27112665136481
2015/12/01,1527.5,1545.0,1518.0,1540.0,6990900,83.59318698421757,84.41775700256474
2015/12/02,1532.0,1548.5,1530.5,1534.5,4825900,84.08255029102705,84.41957420562716
2015/12/03,1526.0,1554.0,1526.0,1547.0,7827600,85.00740397175315,85.1654151346826
2015/12/04,1529.5,1534.0,1523.0,1527.5,6657900,85.78521702791512,85.75448478688627
2015/12/07,1538.0,1538.0,1521.5,1523.0,6700800,84.89306281437686,85.14056647375394
2015/12/08,1516.5,1521.5,1484.0,1489.0,13196400,84.17740831571896,84.32424179542403
2015/12/09,1467.5,1477.0,1456.0,1468.0,13260300,82.85050385359555,83.05440762574179
2015/12/10,1458.5,1480.0,1456.0,1464.0,8411300,84.7589912197881,84.84302860092289
2015/12/11,1452.0,1464.5,1450.5,1459.5,13125700,85.05925945384308,85.05453336861359
2015/12/14,1433.5,1443.0,1422.5,1439.5,12130500,85.33568310232926,85.07398803866634
2015/12/15,1440.0,1443.0,1415.0,1417.0,10456300,86.31870458176188,86.15010416592634
2015/12/16,1450.5,1464.0,1442.0,1449.0,9090500,85.63353646555821,85.10870289403123
2015/12/17,1469.0,1477.5,1449.5,1449.5,8845000,85.98800156827781,85.05545057937343
2015/12/18,1435.0,1475.0,1423.0,1427.5,16818300,85.61189164563054,84.59453522668066
2015/12/21,1420.0,1430.0,1411.0,1420.5,11589300,82.76951351949317,81.9264571551252
2015/12/22,1424.0,1428.5,1410.0,1415.0,8802800,82.87775008880487,81.52042331089682
2015/12/24,1445.0,1456.0,1429.5,1432.0,9432900,84.2744857567526,82.94288882527485
2015/12/25,1426.0,1428.5,1403.5,1405.0,9778000,82.11007311441769,81.42899927488537
2015/12/28,1417.5,1449.0,1411.5,1441.0,6476100,83.07406052397936,82.38609644180481
2015/12/29,1437.5,1450.0,1426.0,1446.0,5143000,81.98203667539083,81.32557583050063
2015/12/30,1455.5,1463.0,1445.5,1445.5,6150400,82.29633766997259,81.47584512596057
2016/01/04,1440.5,1454.0,1423.5,1429.5,7418200,83.95577644154795,82.5823882448646
2016/01/05,1426.0,1447.5,1426.0,1430.5,7037600,84.88431500703713,83.56542804104441
2016/01/06,1430.5,1447.0,1415.0,1422.0,7931800,84.77276000995417,83.41381652131555
2016/01/07,1410.0,1412.0,1388.5,1388.5,15200600,86.55431221265474,84.64859145050903
2016/01/08,1373.0,1408.5,1371.0,1389.0,12250000,87.93095360562876,86.31591527001633
2016/01/12,1374.5,1378.0,1330.0,1330.0,18452400,86.57672631067808,85.54536048867227
2016/01/13,1340.0,1369.0,1334.5,1359.0,10764600,86.76433320420578,86.17752390942708
2016/01/14,1329.0,1329.0,1299.0,1315.0,17941300,87.51931866765467,86.31786691378139
2016/01/15,1335.5,1351.5,1311.0,1314.0,11589300,86.6164384467835,85.63820380592117
2016/01/18,1290.0,1308.5,1280.5,1302.0,9192200,85.75707553003146,84.50547289683392
2016/01/19,1303.0,1318.5,1292.0,1311.0,7722200,86.43679291242911,85.29499331167466
2016/01/20,1302.0,1304.5,1268.0,1269.5,15956700,86.32670817107115,85.17188329553886
2016/01/21,1268.0,1282.5,1226.5,1226.5,14617800,85.22455016775879,84.09589097359502
2016/01/22,1255.0,1286.0,1246.5,1281.5,14936200,84.12619230228404,83.18956820183013
2016/01/25,1300.0,1315.0,1286.0,1306.5,11830900,85.39086028879066,84.2103422385357
2016/01/26,1290.0,1290.5,1260.0,1263.0,9749400,86.81825554626386,85.61225346215483
2016/01/27,1293.0,1321.5,1291.0,1316.0,11051600,88.83088724414353,87.46439280359841
2016/01/28,1315.5,1324.5,1300.5,1307.0,6638600,89.51377088093554,87.9792451638355
2016/01/29,1317.0,1367.5,1302.5,1355.5,14935800,90.74835140355142,88.87916104607812
2016/02/01,1380.0,1386.5,1364.0,1371.5,10458400,88.67876706523462,86.90400652483783
2016/02/02,1355.5,1358.0,1337.0,1341.0,8194200,84.16845027141233,82.64212970756019
2016/02/03,1315.0,1315.0,1257.0,1262.5,16361500,82.09298421344056,80.43838245669464
2016/02/04,1265.5,1307.0,1261.5,1287.5,14293900,84.05710948444232,83.10529062844164
2016/02/05,1288.0,1344.5,1288.0,1337.5,19648200,88.88000183082147,87.68913961344514
2016/02/08,1317.5,1333.5,1303.0,1325.0,10800700,86.88319594830187,86.10156484439364
2016/02/09,1275.0,1289.5,1260.0,1262.0,13286400,87.02227153809845,86.79771093954055
2016/02/10,1264.0,1268.5,1200.0,1215.0,17280500,87.13497358788513,87.25452072269114
2016/02/12,1187.5,1195.0,1164.0,1176.5,22735800,88.14618399029483,89.14415854460484
2016/02/15,1240.0,1312.5,1224.5,1294.5,18054800,89.13269327659509,89.58294806492756
2016/02/16,1286.5,1352.0,1283.5,1332.5,12959400,91.30939758087221,91.87012391497389
2016/02/17,1324.5,1340.5,1278.0,1294.0,11348500,91.0077631553209,91.55945839769541
2016/02/18,1349.0,1370.0,1337.5,1358.0,13261300,94.29728935387841,95.33791762218367
2016/02/19,1328.0,1328.5,1302.5,1319.5,12449700,93.8921818644811,94.97847980607239
2016/02/22,1304.5,1325.5,1296.5,1313.0,9602800,92.67216807703646,93.46418103448299
2016/02/23,1348.0,1378.0,1341.0,1341.5,12663900,95.67555706879507,96.43526032739544
2016/02/24,1320.0,1329.5,1298.5,1328.0,10266900,94.61460056232397,95.09698761105948
2016/02/25,1333.5,1344.5,1323.0,1337.5,8843000,94.11851573862808,94.10801963993461
2016/02/26,1358.0,1367.0,1317.5,1324.5,9805700,92.51163842721918,92.5849513623682
2016/02/29,1344.0,1344.0,1301.5,1301.5,9449200,91.44090599381624,91.46284326876271
2016/03/01,1305.0,1315.0,1285.5,1301.0,8880500,90.96083457881919,91.2749273753258
2016/03/02,1340.5,1366.0,1330.0,1360.5,11557400,90.79724787072858,91.38038543272954
2016/03/03,1385.0,1410.0,1380.5,1410.0,13254300,93.15525085651292,93.77331182537257
2016/03/04,1420.0,1446.0,1412.0,1446.0,13371600,95.85310539393002,96.3133777168041
2016/03/07,1440.0,1468.0,1415.5,1450.0,12219400,95.58752791735965,96.7575247634764
2016/03/08,1480.0,1508.5,1451.5,1456.0,18344900,96.38493767062006,98.05078206155605
2016/03/09,1412.0,1438.0,1398.5,1429.0,12977900,96.24152828636213,97.9567907550225
2016/03/10,1450.0,1454.0,1425.0,1434.0,9440500,96.62130611822298,98.07044786438793
2016/03/11,1405.0,1444.5,1400.5,1437.0,13031400,97.54697086321447,98.50683557576319
2016/03/14,1450.0,1453.5,1433.0,1439.0,7729500,96.31559895850262,97.38615498602826
2016/03/15,1420.0,1424.0,1403.5,1410.0,14333500,95.87435372713293,96.64094061308926
2016/03/16,1397.5,1403.0,1383.0,1385.0,9606700,96.47289886058911,97.45656833665623
2016/03/17,1415.0,1423.0,1388.0,1398.5,12987800,97.14600586396391,97.95514869824746
2016/03/18,1402.5,1424.0,1392.0,1407.0,13108000,99.30797618582923,99.77699226944871
2016/03/22,1426.5,1436.5,1409.0,1419.0,10965700,96.80279144493205,97.01807901947592
2016/03/23,1417.5,1426.5,1401.0,1405.0,8934600,95.79520283894838,96.25026469345028
2016/03/24,1308.0,1320.5,1290.0,1299.5,46995100,88.05891834069583,88.47708589651543
2016/03/25,1303.0,1347.5,1300.5,1344.0,20929400,92.98277622411942,93.18181828836958
2016/03/28,1350.0,1350.0,1330.5,1344.0,17037500,93.87223043371739,93.4094579243762
2016/03/29,1328.0,1334.5,1318.0,1334.0,12768200,92.93179989998707,92.69675765815637
2016/03/30,1314.5,1315.0,1296.0,1298.0,10614200,91.88877531334643,91.85673445234455
2016/03/31,1301.5,1313.5,1295.0,1295.0,8691500,93.36037699529963,93.45952624454196
2016/04/01,1282.5,1282.5,1254.0,1257.0,11959200,95.26390793646607,95.22819978445987
2016/04/04,1250.5,1287.5,1250.5,1268.0,9644700,97.41613083581694,97.00675160974235
2016/04/05,1250.0,1259.5,1225.5,1226.5,12149800,95.48726155561229,95.19430543525006
2016/04/06,1217.0,1234.5,1203.0,1214.0,12174800,94.6007589969871,94.12884466320833
2016/04/07,1227.0,1241.5,1209.0,1234.0,9393000,97.23749813709262,96.2207950539757
2016/04/08,1214.5,1263.0,1204.0,1246.5,9459200,99.51932587759475,97.63290414626313
2016/04/11,1247.0,1269.5,1219.5,1268.0,12028100,101.0360997266875,99.09499752713026
2016/04/12,1269.0,1292.5,1259.5,1284.0,8052100,101.25009433992282,99.18149465414592
2016/04/13,1306.0,1320.0,1289.0,1318.5,10276800,100.86959248510747,99.1603818740203
2016/04/14,1332.0,1345.0,1324.5,1345.0,11267300,98.08314874346298,97.28295916178368
2016/04/15,1336.0,1343.5,1331.0,1336.5,6354200,95.06095878069145,95.09956505498292
2016/04/18,1280.0,1300.0,1276.5,1298.0,8295600,96.68676245579564,96.08676551988849
2016/04/19,1350.0,1350.0,1327.5,1333.0,8355900,97.26177033750761,97.3057194035456
2016/04/20,1350.0,1353.0,1334.5,1338.5,7593000,98.12322885870259,97.83911807187803
2016/04/21,1352.0,1384.5,1347.0,1383.0,14156800,95.71023712221319,95.97728290773891
2016/04/22,1363.0,1403.0,1363.0,1400.5,12484700,95.7435290286488,96.65700154384892
2016/04/25,1400.0,1400.0,1374.0,1391.0,6367400,96.01910115907023,96.78082453151389
2016/04/26,1389.0,1399.0,1375.0,1387.0,8601300,95.31847624720409,96.42958117739977
2016/04/27,1387.0,1395.0,1373.5,1379.0,7053700,92.63998672439672,94.4178378334347
2016/04/28,1394.5,1400.0,1336.5,1341.5,10271400,93.49739602370636,94.84788774154718
2016/05/02,1288.0,1315.5,1287.0,1315.0,9896300,94.5869197469201,95.89752763939074
2016/05/06,1301.5,1312.5,1288.0,1303.0,8278700,93.09596119919318,94.62490096831151
2016/05/09,1309.5,1322.0,1306.5,1309.5,6247600,93.50579696714635,94.52959215406948
2016/05/10,1284.0,1330.0,1263.0,1284.5,18025500,89.93804707712164,91.12147017148469
2016/05/11,1310.5,1326.5,1292.0,1295.5,9188200,90.68904781719728,91.45985374637462
2016/05/12,1281.0,1295.0,1277.0,1292.5,6551200,89.91274112937724,91.01828736749434
2016/05/13,1302.0,1306.0,1278.5,1278.5,7938700,90.5289193863838,91.65838717168613
2016/05/16,1280.0,1292.0,1273.0,1276.0,5487400,89.76817513794381,91.46621469813871
2016/05/17,1291.0,1302.5,1281.5,1296.0,6000900,90.71874393208782,92.23549572301056
2016/05/18,1302.0,1328.5,1298.0,1321.0,8382400,93.79127678201175,94.91275930200456
2016/05/19,1327.0,1333.0,1294.5,1302.0,7704500,92.37912952181046,93.78649473593993
2016/05/20,1301.0,1318.5,1295.5,1309.5,7171400,92.50557338670168,93.714548580041
2016/05/23,1308.5,1311.0,1278.0,1302.5,5933000,92.81930149404928,93.85516151453618
2016/05/24,1301.5,1304.0,1286.0,1288.0,4836400,91.7998836616548,92.7159413513244
2016/05/25,1304.0,1310.0,1293.5,1294.5,4944400,90.65636831307813,91.80150112298271
2016/05/26,1304.5,1310.0,1291.5,1293.0,6342500,90.5070323685355,92.01022080316066
2016/05/27,1303.0,1315.5,1299.0,1304.0,5060000,91.25115887112163,92.62135520557044
2016/05/30,1312.0,1320.5,1307.0,1317.0,5758600,91.5873759157574,93.383512060576
2016/05/31,1318.0,1339.5,1314.0,1335.0,6722100,92.94683469506249,94.61746242175163
2016/06/01,1326.5,1333.0,1310.0,1314.0,5946800,91.13231585943873,92.53606701868159
2016/06/02,1307.5,1308.0,1288.0,1290.5,6797200,92.5701997344649,94.0544728194236
2016/06/03,1288.0,1301.5,1281.0,1287.5,5232200,92.37965627292031,93.6716669344756
2016/06/06,1261.0,1283.5,1251.0,1278.0,7610100,92.45699984466633,93.46803963643167
2016/06/07,1284.5,1300.0,1282.5,1290.0,7327900,93.06401243395968,94.13244262868565
2016/06/08,1292.0,1306.5,1282.0,1306.5,5193500,92.81828204460489,93.92385373383212
2016/06/09,1300.0,1304.0,1288.0,1297.0,6489800,93.65437413333359,94.42331841872677
2016/06/10,1287.5,1299.0,1282.5,1291.5,7714700,94.13372933583287,95.0374334644615
2016/06/13,1261.5,1268.0,1232.5,1233.5,8683300,93.50144613087872,94.47781405687049
2016/06/14,1229.0,1246.5,1219.0,1230.5,7679900,93.81162681598609,94.68490496551274
2016/06/15,1228.5,1239.5,1219.0,1223.5,7010500,93.2464961516271,93.91666433675967
2016/06/16,1222.0,1224.0,1189.0,1198.5,8866300,94.36703493498354,94.86873656643957
2016/06/17,1211.5,1223.5,1181.5,1195.0,12133400,92.18205757930662,92.94428320650859
2016/06/20,1222.0,1237.5,1214.5,1230.0,9001600,94.04423966676701,94.72448851562038
2016/06/21,1231.0,1238.5,1208.0,1236.5,6027700,93.94086933076956,94.57092872349087
2016/06/22,1241.0,1247.0,1235.0,1237.5,5964800,94.02803520150798,94.66417380465846
2016/06/23,1237.5,1261.0,1229.0,1259.0,6475600,95.1526579043767,95.70572694297384
2016/06/24,1270.0,1272.0,1164.5,1193.0,17135800,98.1648063572738,98.10703488517106
2016/06/27,1200.0,1204.0,1181.5,1190.5,7861100,94.66241222645417,95.52546665321329
2016/06/28,1177.0,1191.0,1156.5,1184.5,8370000,94.0902272911121,94.8563108052668
2016/06/29,1210.0,1229.5,1195.0,1222.0,6988400,96.39726012279574,96.8116119361762
2016/06/30,1238.0,1244.0,1213.5,1213.5,8154500,96.08664178763641,96.48318013900023
2016/07/01,1214.0,1224.0,1209.5,1219.0,5298000,95.8031181068532,96.33457733707435
2016/07/04,1220.0,1243.0,1218.5,1239.5,5212400,95.8570455772659,96.54283826485212
2016/07/05,1233.0,1238.5,1223.5,1236.0,3565300,98.75942519323624,98.94555476149432
2016/07/06,1216.5,1218.0,1199.0,1212.0,6969900,99.0764361651258,98.98187020241599
2016/07/07,1212.0,1221.0,1202.5,1206.0,4476800,98.58583940787936,97.73602756546082
2016/07/08,1212.0,1216.5,1188.0,1188.0,6045000,97.92061262700457,97.885576833832
2016/07/11,1230.5,1233.0,1214.0,1224.0,6681100,97.49952710215766,97.95480600752367
2016/07/12,1242.0,1242.0,1220.0,1221.0,8956300,95.31037646922911,95.91428308154967
2016/07/13,1250.0,1261.0,1241.0,1245.5,9383100,97.62076157019223,98.04613071312251
2016/07/14,1244.0,1254.5,1233.5,1249.5,5071600,97.14623096734154,97.88039875862889
2016/07/15,1258.0,1269.5,1251.0,1262.0,6872500,97.27144861135871,98.11404028779458
2016/07/19,1269.0,1270.5,1257.0,1270.0,5528700,98.8310260188997,99.70014905841732
2016/07/20,1262.0,1264.0,1248.0,1254.5,5403000,96.37031641707905,97.10763881623014
2016/07/21,1270.0,1280.0,1260.5,1267.5,5475100,97.81006026288527,98.80964261703872
2016/07/22,1248.0,1263.0,1246.5,1254.5,4280000,97.88775797989241,98.81853516864211
2016/07/25,1257.0,1259.5,1244.0,1247.5,5046600,96.88901250034111,97.79127373893802
2016/07/26,1239.0,1244.5,1218.0,1227.5,6966500,98.01434920132348,98.48238102978186
2016/07/27,1236.0,1240.0,1216.0,1228.0,7004000,95.41353156419511,96.82006746875442
2016/07/28,1233.0,1237.0,1219.0,1223.5,5908500,95.36533131927094,96.49406033555734
2016/07/29,1219.0,1225.5,1188.5,1208.5,11305100,93.168457359507,94.0858577807757
2016/08/01,1188.0,1208.0,1181.5,1203.5,6093800,92.5325092586607,94.05744701063895
2016/08/02,1190.0,1190.0,1181.5,1183.0,6930200,94.39074270911667,96.25321603216625
2016/08/03,1172.5,1229.0,1162.0,1204.0,14608000,97.5160882498238,99.64106910282334
2016/08/04,1230.0,1270.5,1226.0,1259.5,13230300,97.33563695186612,99.87469714492678
2016/08/05,1265.0,1265.0,1247.5,1257.5,6926500,97.08283625596694,99.89717705437789
2016/08/08,1270.0,1282.0,1265.5,1282.0,7099500,97.36565135227471,100.93025339608882
2016/08/09,1285.0,1308.0,1282.0,1303.0,7362400,97.84018723366073,101.39972426488993
2016/08/10,1299.5,1304.5,1290.5,1299.5,5115200,96.79220304044476,100.63132749114607
2016/08/12,1303.5,1305.0,1288.0,1295.0,5331000,96.43827112427651,100.0283976188435
2016/08/15,1292.0,1298.0,1278.0,1282.0,3525400,95.66751859888132,99.44262369545119
2016/08/16,1285.5,1285.5,1254.0,1254.0,6586700,94.46811166046429,98.2329568224567
2016/08/17,1256.5,1304.0,1256.5,1299.0,8023200,95.91675733085724,99.86114250590674
2016/08/18,1297.5,1304.5,1283.5,1295.0,5963900,98.66219789938386,102.14272074298462
2016/08/19,1312.0,1358.0,1311.0,1343.0,12058700,99.7835473190948,103.12909889855631
2016/08/22,1350.0,1358.0,1337.0,1355.0,7132800,99.8071851103386,101.49457111116614
2016/08/23,1345.0,1364.5,1343.5,1354.5,7467200,100.48124475923635,102.78474697791246
2016/08/24,1357.0,1366.5,1350.0,1353.5,5021000,100.61226043336163,102.84848590360971
2016/08/25,1353.5,1358.0,1346.5,1349.0,3946700,100.69655017683645,103.25127281274867
2016/08/26,1351.5,1356.5,1342.0,1342.0,5074800,98.19653271053117,101.02605364436923
2016/08/29,1370.5,1382.5,1368.5,1376.0,6222300,98.38446094748107,102.02761636229884
2016/08/30,1366.5,1376.0,1363.0,1370.5,3877500,95.90996824320573,99.42422214935692
2016/08/31,1380.0,1383.5,1376.0,1377.0,5307400,97.39276702520114,100.21919440014781
2016/09/01,1375.0,1385.5,1370.0,1372.5,5417000,96.96187574622867,99.55366111664333
2016/09/02,1367.0,1373.0,1355.5,1362.0,5507700,94.75348516351512,97.11541360551571
2016/09/05,1385.5,1397.0,1377.5,1389.0,7449700,95.51212721649352,98.01378979807103
2016/09/06,1392.0,1406.5,1385.0,1388.0,6593700,92.94658192022227,95.4256233488173
2016/09/07,1380.0,1384.0,1372.0,1379.5,5771000,95.87766241718391,97.0611192663111
2016/09/08,1382.0,1388.5,1370.5,1382.5,6526400,94.89871233294818,96.67284768262009
2016/09/09,1393.0,1401.5,1387.0,1394.5,9447900,96.72853546863638,98.96963673153573
2016/09/12,1375.0,1378.0,1355.5,1369.0,7510200,95.88229587581439,98.35182572555715
2016/09/13,1376.0,1391.0,1371.0,1378.0,5849300,97.46454742402771,99.96980787517242
2016/09/14,1355.0,1362.5,1352.0,1354.0,5525100,95.97661460273093,98.28735731440534
2016/09/15,1342.5,1348.0,1325.5,1335.5,6940200,96.59062111185641,98.57374237689164
2016/09/16,1336.5,1344.5,1325.5,1338.0,6923300,96.96049374640062,98.8359497739378
2016/09/20,1327.0,1344.5,1325.5,1343.5,6524600,95.11322065305943,96.72531029080996
2016/09/21,1333.0,1365.0,1330.0,1358.5,8179200,94.36999133848795,95.22393571940562
2016/09/23,1371.0,1372.5,1356.5,1367.5,5248400,95.85856118301888,96.75768921778604
2016/09/26,1365.0,1366.0,1355.5,1361.5,5199300,100.1080636305157,101.08964149467255
2016/09/27,1352.0,1368.5,1336.5,1368.0,7930200,105.81138739420521,106.3007678149001
2016/09/28,1345.0,1364.5,1341.5,1353.5,6406600,106.6283120151036,107.06923448617935
2016/09/29,1398.0,1404.5,1391.0,1394.5,11226000,109.05581813998313,110.33413736714395
2016/09/30,1385.5,1399.0,1375.0,1390.5,6693700,110.37199837883821,111.88898585341651
2016/10/03,1398.5,1398.5,1381.0,1390.0,4210800,108.08669726880747,109.61531914380147
2016/10/04,1390.0,1393.5,1384.0,1390.0,6030800,107.54495615413889,108.98318090344408
2016/10/05,1393.0,1399.0,1386.0,1398.0,4928100,102.66191488067291,104.39992873433339
2016/10/06,1406.0,1409.0,1395.0,1398.5,5731500,101.36992598453558,103.31979627885288
2016/10/07,1402.0,1404.0,1396.5,1402.5,3549300,100.51202887311719,103.10228081689196
2016/10/11,1408.0,1419.5,1403.0,1407.0,7209100,100.83626595419098,104.33330118915896
2016/10/12,1400.0,1418.0,1395.5,1406.5,9072600,101.79025667121869,104.98092455288837
2016/10/13,1408.5,1413.0,1392.5,1403.5,6840800,101.86121157722687,104.85538904481993
2016/10/14,1395.5,1412.5,1390.0,1411.0,6053300,101.87331109150801,104.9344310016636
2016/10/17,1419.0,1424.0,1410.5,1419.5,5839000,103.31785760428662,106.42653818972482
2016/10/18,1419.5,1425.0,1409.5,1420.5,4377000,102.56519625834932,105.61287461453715
2016/10/19,1424.0,1427.5,1416.5,1422.5,4056800,102.01420613464055,105.14261336724407
2016/10/20,1429.0,1449.0,1425.0,1445.0,8573000,102.46187119844316,106.09212420348497
2016/10/21,1449.5,1454.0,1445.0,1446.5,5859500,103.33260750719045,106.93892501219449
2016/10/24,1445.0,1452.0,1443.5,1452.0,4885700,103.55465367682912,107.37524036922042
2016/10/25,1455.0,1462.5,1447.0,1450.0,5113100,103.79904648209497,107.54972503773774
2016/10/26,1447.0,1453.0,1438.0,1451.0,5456700,103.55073159281802,106.60637990673705
2016/10/27,1450.0,1450.0,1441.0,1446.5,4549000,102.46044510128247,105.01324336606257
2016/10/28,1458.0,1462.0,1448.5,1462.0,8233000,103.80744971540572,106.20421087038534
2016/10/31,1462.0,1469.5,1453.5,1458.0,6445800,103.73449071020832,106.05164870866221
2016/11/01,1452.5,1454.0,1442.0,1452.5,5602000,103.1492945299026,105.10524920040179
2016/11/02,1438.0,1462.0,1427.0,1439.0,8566400,104.02582255885248,106.01166301108557
2016/11/04,1415.5,1421.5,1383.0,1391.0,10572100,105.25925059084148,107.21228450808542
2016/11/07,1414.0,1417.5,1395.5,1400.0,5790700,103.9239812887488,106.09531305566662
2016/11/08,1411.5,1412.5,1400.5,1408.0,3469000,103.59553119774819,105.4185777832683
2016/11/09,1414.5,1429.0,1333.0,1361.0,13427300,105.64211192830832,106.89867646607334
2016/11/10,1458.0,1470.0,1440.0,1464.5,16764000,106.24135098799626,108.31249553224573
2016/11/11,1479.5,1503.5,1477.0,1496.5,15631600,109.28406537899136,111.48282972139008
2016/11/14,1500.0,1523.5,1499.0,1521.0,9356000,108.7731814886131,111.2645873481357
2016/11/15,1529.0,1540.0,1513.5,1530.0,8644000,109.28601123175086,111.19960346699958
2016/11/16,1540.0,1540.0,1511.0,1517.5,7859100,108.01123467899008,109.57596136913226
2016/11/17,1500.5,1520.5,1498.0,1520.5,6086900,109.38231277387854,110.63975752621616
2016/11/18,1530.0,1534.5,1508.0,1508.5,5847800,108.66278958695783,110.22200363138741
2016/11/21,1507.5,1508.5,1494.0,1498.5,6028700,106.49236555294404,107.70344381952476
2016/11/22,1500.5,1514.0,1497.0,1510.5,6575800,107.00875323142482,108.22317301884988
2016/11/24,1539.5,1545.0,1533.0,1540.5,9866400,108.22520957584139,109.18394683925992
2016/11/25,1545.0,1548.5,1527.0,1536.0,7674000,106.85354457489385,107.54084752627315
2016/11/28,1540.0,1555.0,1536.5,1553.0,10375600,110.63864942365183,110.59285623707069
2016/11/29,1550.0,1551.0,1538.5,1549.0,6739800,109.95417929067497,109.71979854242888
2016/11/30,1551.5,1551.5,1540.0,1541.5,13606600,109.39784566872197,109.53697038597643
2016/12/01,1565.0,1599.0,1564.0,1586.5,17381900,110.456969187474,110.82731614985678
2016/12/02,1592.0,1600.0,1589.0,1596.5,10732300,110.63413071969295,111.3087724079725
2016/12/05,1599.0,1619.0,1595.5,1618.0,13480600,114.51092061266928,114.80138968923221
2016/12/06,1631.0,1662.0,1630.5,1661.5,18387300,118.46497543539516,118.49896328832226
2016/12/07,1665.0,1670.0,1635.0,1669.0,11936100,118.63631513167859,118.64670670657425
2016/12/08,1680.0,1690.0,1677.5,1690.0,11099300,117.1662426070722,117.54796227196604
2016/12/09,1684.5,1698.0,1682.0,1696.5,9642700,117.67095259522122,118.0787629073029
2016/12/12,1700.0,1703.5,1680.0,1692.0,9206300,115.87413514403015,117.26834202914414
2016/12/13,1684.0,1693.5,1681.0,1690.0,7199400,115.0245110976818,116.34683396148311
2016/12/14,1682.0,1684.0,1665.0,1677.0,6397200,114.51053265574416,115.8876792924616
2016/12/15,1678.0,1690.0,1677.0,1688.0,8735400,116.93592705701687,118.11388945354413
2016/12/16,1690.0,1697.5,1688.0,1691.0,7937900,115.9289208003824,117.42220415497032
2016/12/19,1680.0,1687.5,1674.0,1681.0,5094800,115.43635251292565,116.98033101774624
2016/12/20,1660.0,1667.0,1653.5,1661.0,8332200,113.72514662756741,115.96657982597931
2016/12/21,1665.0,1681.0,1659.0,1664.0,7787300,112.2880040601238,114.59755483624932
2016/12/22,1656.5,1659.0,1642.0,1659.0,5209400,112.0475242845548,114.33609886207677
2016/12/26,1647.0,1653.0,1622.5,1624.5,6560100,109.69282549470825,112.08044275146645
2016/12/27,1623.0,1644.5,1621.5,1629.0,5308300,110.21223154975432,113.18139917827101
2016/12/28,1630.0,1632.0,1622.5,1626.0,4188300,110.35338532994989,113.25558271906321
2016/12/29,1618.0,1619.0,1602.0,1614.0,5007700,108.81286926863064,112.2581964976475
2016/12/30,1604.5,1609.0,1596.5,1607.0,4296600,108.51534780217334,111.75513475982746
2017/01/04,1618.0,1644.0,1618.0,1638.0,6238400,106.94287727063909,110.3258267325669
2017/01/05,1642.0,1642.0,1624.0,1637.0,3997600,107.3074918109477,110.4897976802219
2017/01/06,1625.0,1642.5,1624.0,1637.5,4359200,107.24720770103009,109.84560680977668
2017/01/10,1623.0,1637.5,1618.5,1626.0,5289700,109.06517645307778,111.1295999073354
2017/01/11,1640.0,1649.0,1637.5,1648.5,4743100,110.97265985354213,112.8283144761332
2017/01/12,1648.5,1650.0,1630.5,1640.0,4885900,112.37187566450298,114.24807874479872
2017/01/13,1631.5,1643.0,1629.5,1642.5,3881000,111.12965384439879,113.47490759859909
2017/01/16,1640.0,1644.0,1624.5,1627.0,3946300,110.95933407693872,113.31073934877239
2017/01/17,1610.0,1619.0,1603.5,1603.5,5153500,110.83548973599395,112.69149387688748
2017/01/18,1600.0,1625.5,1597.0,1621.5,4930900,110.97475682901694,112.97162622254191
2017/01/19,1631.0,1644.5,1628.5,1642.5,5264100,112.46674348065709,114.05456579039823
2017/01/20,1643.0,1656.5,1638.5,1649.0,5191200,114.02386061823981,115.31249712009995
2017/01/23,1638.5,1650.0,1626.0,1641.0,5086000,113.76708651232255,115.48573930742856
2017/01/24,1644.5,1673.0,1643.5,1661.0,8230900,116.95904712315175,118.75680511062023
2017/01/25,1682.0,1686.5,1655.0,1666.0,6474100,114.01701346150095,116.53850574696558
2017/01/26,1682.0,1700.0,1676.0,1699.5,10150400,114.20809724955951,117.16144519300438
2017/01/27,1699.5,1699.5,1687.5,1693.5,4633900,112.42675764346725,115.48575586037846
2017/01/30,1691.5,1691.5,1674.0,1679.0,3917100,112.91708551980197,115.98949058501145
2017/01/31,1655.0,1675.0,1653.0,1656.5,6209000,115.15429726957606,117.87474441997014
2017/02/01,1630.0,1662.5,1628.0,1659.0,5281200,117.9769656402952,120.95553131636821
2017/02/02,1670.0,1671.0,1643.0,1655.0,5729300,115.83793555178745,118.19490149366645
2017/02/03,1659.5,1672.0,1643.5,1645.0,4957500,109.34720943694933,111.13638762490218
2017/02/06,1650.0,1655.5,1641.5,1648.0,3799400,111.44976747714091,112.92389565643855
2017/02/07,1652.5,1661.5,1648.0,1654.0,4406200,111.48069129133327,112.75127545147446
2017/02/08,1664.0,1698.5,1658.5,1695.0,11045000,115.32833715116936,115.78238913168806
2017/02/09,1687.0,1690.0,1670.0,1673.5,6595300,112.48970486683709,112.42680136788972
2017/02/10,1695.0,1697.5,1685.5,1686.0,7541300,110.57395681679922,110.84898156875671
2017/02/13,1695.5,1710.0,1691.0,1702.0,8824700,108.25951667016736,109.31768234980876
2017/02/14,1707.0,1708.0,1691.0,1693.0,5542600,106.02361016915867,107.068220167622
2017/02/15,1709.5,1713.5,1705.0,1708.0,5641000,107.53697727856706,108.94636106019252
2017/02/16,1712.0,1713.0,1696.5,1698.0,5148300,104.6746715249935,105.70011468067958
2017/02/17,1691.0,1699.0,1682.5,1694.5,3475500,106.60474042244297,107.40760251320923
2017/02/20,1684.5,1707.0,1673.5,1703.0,4172300,108.54721083720824,108.99338813979126
2017/02/21,1709.5,1720.0,1704.0,1714.0,5398100,105.819231535071,106.04876930037766
2017/02/22,1725.0,1740.0,1722.5,1738.5,7115500,107.51126224108172,107.99587213660145
2017/02/23,1740.0,1744.0,1728.0,1741.0,6497600,108.45643009784386,109.36556465863463
2017/02/24,1747.0,1750.0,1722.5,1723.5,6500600,109.23875886986704,110.07293010220332
2017/02/27,1700.0,1715.5,1691.0,1709.5,5928700,110.17104776359868,111.12814744395301
2017/02/28,1720.0,1737.0,1717.5,1719.0,5902600,111.1651015575039,111.948999588135
2017/03/01,1727.5,1753.0,1713.5,1736.5,6862000,110.21596353928527,110.91439271298538
2017/03/02,1751.0,1751.5,1732.5,1733.5,5262300,106.5759630263758,107.57113128111979
2017/03/03,1722.0,1728.0,1707.5,1713.5,5292300,103.56063782939155,104.60384702603984
2017/03/06,1707.5,1714.0,1707.0,1708.0,2559500,102.79284148867794,103.17218315403376
2017/03/07,1712.5,1724.0,1711.0,1718.0,4325100,102.37304223189507,102.26332116540738
2017/03/08,1713.0,1716.0,1706.5,1712.5,4653200,103.582751734426,102.99316832913368
2017/03/09,1707.0,1709.0,1690.5,1697.0,4963500,103.23286027619403,102.92549765338912
2017/03/10,1697.0,1701.5,1690.5,1695.0,7121300,101.91524719550678,101.86550769447433
2017/03/13,1690.0,1707.5,1690.0,1697.0,4272900,103.51363991736642,103.16741829276704
2017/03/14,1710.5,1714.0,1695.5,1696.5,4085600,105.02620131471254,104.82411446589653
2017/03/15,1693.0,1697.5,1685.0,1688.0,5115500,105.67294466888863,105.52596700855763
2017/03/16,1691.0,1699.0,1681.0,1685.0,6220100,104.16468003792797,104.11281251898737
2017/03/17,1680.0,1680.5,1665.0,1671.5,11933400,101.77902563399279,102.04707376042484
2017/03/21,1668.5,1683.0,1667.0,1679.0,5505000,103.68235889456318,103.67905108268596
2017/03/22,1655.0,1664.0,1632.0,1637.5,8527900,104.05920910461836,103.90461368295074
2017/03/23,1627.0,1630.5,1611.5,1614.5,8815800,109.96439874919301,109.96848654219097
2017/03/24,1620.0,1640.0,1617.5,1639.0,7534300,107.64293381064066,107.9000106061198
2017/03/27,1615.0,1635.0,1612.5,1627.0,6757700,109.25273735645749,109.73700321268285
2017/03/28,1647.5,1653.0,1638.0,1652.0,7541700,110.29957151371548,110.4324361449707
2017/03/29,1647.5,1654.0,1642.0,1652.0,7548000,111.78527427775515,111.93961835242735
2017/03/30,1642.5,1661.0,1640.5,1643.0,5508200,111.53497758741804,111.89046081392853
2017/03/31,1648.5,1648.5,1612.5,1612.5,6952900,109.65868985905831,110.37002780462744
2017/04/03,1620.5,1622.5,1601.5,1611.0,5375600,107.9094065028751,109.101284697264
2017/04/04,1615.0,1615.5,1593.5,1603.0,5992300,109.31455119893533,110.18137624180422
2017/04/05,1601.0,1619.0,1598.5,1602.0,5633900,109.95050465106368,111.18317413506658
2017/04/06,1596.5,1609.5,1588.0,1601.0,7222300,109.87731193655618,111.54939257573768
2017/04/07,1611.5,1624.0,1600.5,1616.5,7670300,109.92899197531261,112.0922339775642
2017/04/10,1628.5,1631.0,1617.5,1623.5,4780800,107.28422849988615,109.26519368714965
2017/04/11,1614.0,1630.0,1613.5,1627.5,4056400,107.6928392024836,110.15694492976115
2017/04/12,1620.0,1625.0,1592.0,1595.5,5787500,106.84590995741728,108.977696841677
2017/04/13,1562.5,1563.5,1518.0,1534.0,11843700,104.67013492255224,106.52060625853149
2017/04/14,1534.0,1542.0,1527.5,1533.5,5182900,105.43094707622123,107.0593088842158
2017/04/17,1521.5,1532.5,1521.0,1531.0,3392300,104.58907080735595,106.23843231395685
2017/04/18,1539.0,1547.5,1523.5,1525.5,5432900,104.84676888471012,106.00304889579932
2017/04/19,1496.5,1506.5,1476.5,1500.0,11272900,102.78990052639567,104.0200306711005
2017/04/20,1490.0,1503.5,1489.0,1490.5,7583400,101.5343964003483,101.98261499065171
2017/04/21,1520.0,1525.0,1502.5,1521.5,7440000,102.52386710872732,102.72237864311695
2017/04/24,1540.0,1544.5,1523.5,1525.0,5056100,101.28952970181942,102.24078743174547
2017/04/25,1527.0,1556.5,1526.0,1552.0,4375500,101.77326571224022,102.5037967618611
2017/04/26,1573.5,1574.5,1557.0,1570.5,5280400,102.08491725687246,102.54492974229248
2017/04/27,1569.0,1574.0,1559.0,1570.0,4043900,101.31383046186266,102.09662353450533
2017/04/28,1570.0,1583.5,1568.0,1573.0,4478700,100.61843374380611,101.51515774329467
2017/05/01,1570.0,1581.5,1563.5,1581.5,2717000,100.56608427681127,101.53542214627834
2017/05/02,1584.0,1604.0,1582.0,1599.0,5062400,101.64536404264592,102.77087359963821
2017/05/08,1601.0,1617.5,1601.0,1617.0,6588500,100.64445038493157,101.74246807651748
2017/05/09,1610.5,1628.0,1585.0,1605.5,10591500,104.34347363275059,105.48278797599187
2017/05/10,1598.5,1599.0,1565.0,1569.5,10285700,100.93166920562022,101.97555197876567
2017/05/11,1570.0,1574.0,1559.5,1562.5,7614300,100.81240469134609,101.87554922460278
2017/05/12,1551.5,1563.0,1549.5,1560.0,5581800,100.71388776336275,101.90795907920429
2017/05/15,1556.0,1559.5,1535.5,1540.0,5594900,100.01706796634274,100.9553688345699
2017/05/16,1555.0,1562.5,1553.0,1562.0,5170300,100.75761629607682,101.62849393750722
2017/05/17,1540.5,1546.0,1512.0,1513.5,10568700,96.2418299533702,97.30887186658332
2017/05/18,1498.0,1501.5,1483.0,1484.5,13059900,97.06526077047083,97.99964242232096
2017/05/19,1491.5,1512.5,1487.0,1506.0,6627400,98.2491799901451,99.05476855486238
2017/05/22,1520.0,1520.5,1504.0,1507.5,4681100,97.95501141535487,98.83420132081511
2017/05/23,1505.5,1512.0,1501.5,1505.5,3573500,98.32545698343688,99.05964392837126
2017/05/24,1520.0,1520.0,1503.0,1506.0,4885900,98.74509957827298,99.18573915119477
2017/05/25,1504.0,1508.0,1491.5,1506.0,5228300,98.59845794002243,99.09182876670909
2017/05/26,1507.0,1511.0,1501.5,1502.0,5075200,98.49752610423094,99.0750744696977
2017/05/29,1504.0,1505.5,1495.0,1496.0,2716400,98.50247821048043,98.81934213278903
2017/05/30,1496.0,1497.5,1487.0,1493.5,5018600,97.98443648293352,98.152756224183
2017/05/31,1494.5,1499.0,1491.5,1495.5,4653800,98.20472686487174,98.84209758769119
2017/06/01,1487.0,1503.0,1482.5,1497.0,5504600,96.74111612233699,97.40125337088591
2017/06/02,1513.0,1546.5,1509.5,1545.0,9405600,98.97605623751082,99.53330852251575
2017/06/05,1525.0,1530.0,1506.0,1514.5,7456700,97.40924607605649,98.0765188977996
2017/06/06,1512.0,1512.5,1499.0,1500.0,6514900,97.04782376055381,97.65696698409776
2017/06/07,1508.5,1513.0,1496.0,1507.5,5293900,97.17619002859385,97.60323704121492
2017/06/08,1513.5,1514.5,1498.0,1503.0,7734900,97.01928300201479,97.4483461558431
2017/06/09,1499.0,1512.0,1496.0,1508.0,7236200,96.85738974494681,97.62101368404107
2017/06/12,1504.0,1522.0,1503.5,1509.0,4392500,98.43512172861244,98.7364325301449
2017/06/13,1523.0,1544.0,1518.0,1533.0,7577800,99.29114986553617,99.4417948518837
2017/06/14,1535.5,1538.0,1517.0,1527.0,5091900,99.92482552673684,100.13434320398942
2017/06/15,1519.0,1529.5,1513.5,1522.5,5674100,98.86421589988768,99.31431788744163
2017/06/16,1524.5,1548.5,1524.5,1546.5,10699300,101.22808025615548,101.423019620003
2017/06/19,1541.5,1545.0,1532.5,1540.5,3774000,99.64029229035441,99.7532782263385
2017/06/20,1562.0,1574.0,1556.0,1556.0,7374600,100.57658908758451,100.67903054644222
2017/06/21,1550.0,1550.5,1539.0,1544.0,3924000,99.53341586063505,99.45506543505964
2017/06/22,1544.0,1546.0,1535.0,1535.5,3405900,98.47883543704856,98.35759636640852
2017/06/23,1545.0,1546.5,1532.5,1534.5,3006100,95.5267370111596,96.14768987833085
2017/06/26,1535.0,1537.5,1525.5,1525.5,3429400,97.33932837711482,97.42415476648121
2017/06/27,1530.0,1537.5,1528.5,1534.0,4598500,98.11775466720229,97.95789154150587
2017/06/28,1542.5,1571.5,1542.5,1569.0,7680200,99.28858009824876,99.2328246250963
2017/06/29,1600.0,1609.5,1588.5,1594.5,9849000,101.21639290312403,100.79414318875021
2017/06/30,1589.0,1611.5,1584.0,1605.5,10326500,103.10174926531543,102.49871075264106
2017/07/03,1601.5,1610.0,1594.0,1601.5,4748100,101.63231393609078,100.9986581145009
2017/07/04,1609.0,1614.5,1598.0,1603.5,4462400,101.47732747378231,101.27830609454433
2017/07/05,1605.0,1625.0,1603.0,1624.5,6323300,102.64692633501542,102.20097817718137
2017/07/06,1624.5,1624.5,1608.0,1613.5,5037700,102.22029823454584,101.5380889075427
2017/07/07,1605.0,1620.0,1601.0,1608.0,4055600,102.60293628636063,101.90132002136502
2017/07/10,1620.0,1620.0,1598.0,1603.0,4743500,102.4497172875135,101.80463219737949
2017/07/11,1608.0,1611.5,1600.5,1609.0,3124500,105.02549088485158,104.1274507497449
2017/07/12,1610.0,1614.5,1605.5,1608.5,2884000,104.29729942036157,103.6977879341509
2017/07/13,1598.5,1603.0,1582.0,1599.0,4938800,104.32545469469667,103.63144164472604
2017/07/14,1610.5,1617.5,1606.0,1615.5,4025500,104.97154505464974,103.72530652606082
2017/07/18,1615.5,1616.5,1595.0,1606.5,3089900,105.7721197343816,103.92944887137571
2017/07/19,1600.5,1612.5,1597.0,1607.0,2903700,106.73521654021269,105.10554906822227
2017/07/20,1606.0,1617.5,1600.5,1616.0,2603100,106.39184810258433,104.57108071158213
2017/07/21,1605.0,1611.0,1604.0,1610.0,2603300,106.16588426046145,104.52208673539809
2017/07/24,1601.0,1601.5,1589.0,1595.5,3824200,106.41270835430234,104.53324021329054
2017/07/25,1590.0,1593.5,1580.5,1581.0,3949800,105.74230569755281,104.09675682944533
2017/07/26,1602.0,1605.5,1590.0,1603.5,4021200,108.53089437846253,106.47380295651504
2017/07/27,1604.0,1605.5,1595.0,1595.5,3635000,107.00666700409435,104.76677619327268
2017/07/28,1594.0,1604.5,1589.0,1604.0,3439300,110.18031978174925,108.29047118813446
2017/07/31,1604.0,1612.0,1597.5,1605.0,5494300,111.34471194253277,108.90863810228319
2017/08/01,1615.0,1630.0,1608.0,1629.0,6155500,112.93599778889742,109.94076092302384
2017/08/02,1633.0,1638.5,1622.5,1630.0,6046900,108.43427402538374,105.36305658735982
2017/08/03,1628.0,1667.0,1620.5,1647.5,11123100,106.15644887155327,102.71794323236934
2017/08/04,1665.0,1678.5,1656.5,1665.5,10261400,107.89847412440739,103.90559033247257
2017/08/07,1665.0,1669.5,1658.5,1668.0,5021600,108.01776510424621,103.62019043768447
2017/08/08,1666.5,1668.0,1642.0,1649.0,5209600,106.1049573864278,101.95788530356612
2017/08/09,1641.0,1643.5,1632.5,1639.5,4488600,106.96586352712826,102.53049800851228
2017/08/10,1637.0,1643.5,1630.0,1635.5,3737500,108.30729845451765,103.3322001992274
2017/08/14,1619.0,1628.0,1600.5,1600.5,6694400,107.79815035853497,102.7937335083737
2017/08/15,1615.0,1629.5,1606.0,1619.5,5432800,108.50763763584503,103.75703349420414
2017/08/16,1621.5,1629.0,1617.5,1617.5,3173600,105.68799337111206,101.02748377464752
2017/08/17,1615.0,1623.5,1613.5,1617.0,2620400,104.47962585760438,99.80946416251884
2017/08/18,1605.0,1613.0,1604.0,1607.5,3673500,101.71574104925381,97.08822633480759
2017/08/21,1614.5,1614.5,1601.0,1602.5,3134400,101.22121963900187,96.65344264072098
2017/08/22,1610.0,1618.5,1609.0,1615.0,3137000,101.47712452821305,96.92937821614981
2017/08/23,1627.5,1628.0,1602.0,1605.0,3822800,101.2692795510542,96.84170725778596
2017/08/24,1605.0,1614.0,1596.5,1597.0,3452700,101.27016020319974,96.97568409152481
2017/08/25,1603.0,1612.5,1599.0,1607.5,3256600,100.74482170541603,96.6002860130992
2017/08/28,1615.5,1619.0,1601.0,1608.5,2514000,100.59481333870094,95.9387775204652
2017/08/29,1599.0,1609.0,1595.0,1607.5,3245600,101.31759303207247,96.37453009733487
2017/08/30,1612.0,1623.5,1604.0,1616.0,4095900,101.59912410703065,97.05486709209734
2017/08/31,1630.5,1648.0,1630.0,1644.5,6187900,103.23286221105126,99.07320783574357
2017/09/01,1643.0,1643.5,1627.5,1635.0,3760900,103.18311556575534,99.37716602175863
2017/09/04,1628.0,1636.0,1621.0,1629.0,3057200,102.42588112538881,98.28497421992901
2017/09/05,1634.0,1637.5,1628.5,1634.0,3366900,103.73297734917222,100.10010573459849
2017/09/06,1630.0,1641.5,1620.5,1635.5,4053900,104.19230304737361,100.50052341264116
2017/09/07,1641.0,1644.0,1627.5,1631.0,3077800,103.14765349921716,99.35180280587116
2017/09/08,1618.0,1630.5,1616.5,1618.0,5509900,102.12756723223484,97.84779802486227
2017/09/11,1637.0,1653.0,1636.0,1647.0,5676700,102.62402247699039,98.72968267429493
2017/09/12,1656.0,1658.5,1647.0,1648.0,5248400,101.16422074316405,97.22028652034321
2017/09/13,1660.0,1666.5,1650.0,1665.0,5227200,102.84177343433747,98.74138861065562
2017/09/14,1660.0,1668.0,1656.5,1660.5,4450100,102.97768821999576,99.11839357555884
2017/09/15,1660.0,1671.5,1659.5,1659.5,7173300,102.9087178338485,99.24905572147578
2017/09/19,1678.5,1687.5,1676.0,1686.5,6977100,101.98661496571401,99.11964908303719
2017/09/20,1686.0,1693.0,1685.0,1691.5,5539500,103.03833217864509,100.97852002338767
2017/09/21,1697.0,1701.0,1687.0,1688.0,5637100,101.6373905865525,99.82713993736924
2017/09/22,1685.0,1690.0,1676.5,1689.5,8508000,101.98347531195991,100.16374626764724
2017/09/25,1698.0,1699.5,1687.0,1691.0,4572700,100.74013730626558,99.18161903871182
2017/09/26,1692.5,1698.0,1690.5,1696.0,5581500,101.74115700008595,99.99863654736835
2017/09/27,1670.0,1675.0,1661.5,1669.0,4129700,100.17972225708488,98.59060767196412
2017/09/28,1678.5,1678.5,1655.0,1664.5,4243900,97.85297599176424,95.65420503661377
2017/09/29,1656.5,1666.5,1653.5,1663.0,4299000,96.64614111149542,94.46238129108336
2017/10/02,1657.0,1658.5,1640.5,1647.5,4588800,96.43554546062957,94.2411224400579
2017/10/03,1650.5,1653.5,1644.5,1651.0,4112500,96.42976563332351,94.50274523859528
2017/10/04,1653.0,1660.5,1648.5,1658.5,4223900,96.73547360024719,94.91841873202928
2017/10/05,1655.0,1655.0,1641.0,1642.5,3689000,96.21384501501414,94.51192898752251
2017/10/06,1652.5,1654.0,1642.0,1644.0,4489300,95.51760801213351,93.83668001145612
2017/10/10,1633.0,1633.5,1617.5,1627.5,6627200,94.57012483959288,92.55355389129136
2017/10/11,1632.0,1636.5,1623.5,1627.0,4313300,93.28954924237281,91.51248919437293
2017/10/12,1638.5,1639.0,1625.5,1628.0,4782200,92.85450388627513,91.58253874049906
2017/10/13,1633.5,1642.0,1626.5,1637.0,6329800,92.4419283406331,91.47555023474965
2017/10/16,1642.0,1655.5,1641.0,1652.5,4866100,92.55999196629149,91.58856630458342
2017/10/17,1660.0,1673.0,1651.5,1661.0,5299700,92.96751626206358,92.04327742740293
2017/10/18,1661.0,1667.0,1656.5,1661.5,4346300,92.94068908930169,91.91649746602572
2017/10/19,1671.5,1672.5,1661.5,1667.0,3617800,92.70311111778213,91.40831513866232
2017/10/20,1657.5,1660.5,1651.5,1655.0,4104300,91.62980879525972,90.26049940760679
2017/10/23,1671.0,1672.5,1662.0,1666.5,4790400,91.1680552695295,89.93802008047797
2017/10/24,1675.5,1702.0,1672.5,1702.0,10164500,93.4787974120594,92.01834558439654
2017/10/25,1706.0,1713.0,1699.0,1708.0,7523700,94.3091378804362,92.9299347801229
2017/10/26,1700.0,1704.0,1696.0,1700.5,3939300,93.74809971656273,92.6327496864575
2017/10/27,1705.0,1714.0,1702.0,1712.0,5052100,92.82671993485263,92.06460603587453
2017/10/30,1710.0,1711.5,1692.5,1705.0,9506500,92.57359967458035,91.99090422596396
2017/10/31,1699.0,1699.0,1686.5,1689.0,5473000,92.14418664387182,91.73667492522284
2017/11/01,1709.0,1713.5,1702.0,1704.0,7487800,90.49980359981534,90.69440347747995
2017/11/02,1715.0,1733.0,1687.0,1692.0,14555300,91.23483615160201,91.32967581597393
2017/11/06,1697.0,1700.0,1669.0,1681.5,10992700,91.49696609096206,91.30678114406186
2017/11/07,1699.5,1742.0,1692.0,1742.0,15306500,92.61956140592491,93.03153493850192
2017/11/08,1735.0,1744.5,1732.5,1740.0,7345800,90.67512167789708,91.52158080740132
2017/11/09,1749.0,1762.5,1731.5,1752.0,17043300,90.7324922234904,90.8133004855898
2017/11/10,1715.5,1732.5,1715.5,1726.0,7139200,88.35139147848706,88.29230836642266
2017/11/13,1710.0,1714.5,1684.0,1684.0,8959400,87.4247741816913,86.910096109863
2017/11/14,1692.0,1694.0,1671.5,1681.0,6850200,86.73753666367884,86.65298977528923
2017/11/15,1661.0,1661.0,1624.0,1638.0,13552400,87.52638906437376,87.98910824980823
2017/11/16,1635.0,1646.0,1627.0,1633.0,8033000,85.83133599694699,86.75502830814928
2017/11/17,1656.5,1656.5,1625.5,1625.5,8346000,86.44525616863316,87.2710605941904
2017/11/20,1630.0,1638.5,1624.5,1625.0,5177100,88.19828032235324,88.92330324622736
2017/11/21,1638.0,1647.5,1631.0,1635.5,5334900,87.73008489642346,88.49076547391938
2017/11/22,1645.0,1649.0,1637.5,1643.5,5369900,86.84046244711148,87.64799458373597
2017/11/24,1645.0,1654.0,1643.0,1651.0,4422200,87.6127423666033,88.40921148344233
2017/11/27,1661.0,1667.0,1646.0,1647.5,4182800,86.56612207547275,87.74568424497619
2017/11/28,1654.5,1666.0,1652.0,1655.0,5282600,86.98570128724778,88.54424909213652
2017/11/29,1667.0,1689.0,1665.5,1688.5,6355400,88.74730965810056,90.11322034050333
2017/11/30,1689.0,1706.5,1686.0,1705.0,8986600,87.55093643825575,88.9502405323769
2017/12/01,1708.5,1712.0,1690.5,1694.5,6877300,85.70544680982023,87.31859392042405
2017/12/04,1706.0,1708.5,1688.5,1692.0,4514900,84.1620236288805,85.85135537115981
2017/12/05,1685.5,1706.5,1685.5,1702.5,5205500,83.16372465151657,84.51577198819001
2017/12/06,1692.5,1695.0,1665.0,1670.0,7602100,83.45465625034763,84.48488867406714
2017/12/07,1675.0,1678.0,1665.5,1671.0,5839100,82.47165311965097,83.73315191241441
2017/12/08,1658.0,1694.5,1658.0,1693.0,8930100,83.1051363609468,84.39251295791664
2017/12/11,1696.5,1703.0,1684.0,1703.0,5352400,84.04807213337193,85.00259770373727
2017/12/12,1709.5,1725.5,1706.0,1723.5,7378000,85.85658703634677,86.54062536308243
2017/12/13,1723.0,1732.5,1721.0,1730.5,5349800,87.30020884301864,87.68182754101778
2017/12/14,1732.0,1739.0,1726.5,1736.0,6233500,87.34232315751154,87.7470115790745
2017/12/15,1716.0,1729.0,1708.0,1719.5,7240600,87.47369854130503,87.91922293879743
2017/12/18,1729.5,1740.0,1725.5,1740.0,6243700,87.64479513665168,88.20227456493129
2017/12/19,1743.5,1757.0,1742.5,1748.0,6807100,89.71320692207601,90.00042115890936
2017/12/20,1744.0,1782.0,1741.5,1778.0,9299800,90.76043447696372,90.64460262647455
2017/12/21,1785.0,1787.0,1771.0,1778.0,5794500,91.05713676301183,90.77960416435285
2017/12/22,1788.0,1806.5,1788.0,1802.5,7576400,93.97108493884302,93.30796612919934
2017/12/25,1800.5,1807.0,1794.5,1804.5,3017100,93.92599120093067,93.26617419501538
2017/12/26,1804.5,1807.0,1793.0,1798.0,4054200,93.54961454302536,92.80707677341043
2017/12/27,1804.0,1831.0,1797.5,1825.0,6752300,95.0461509768906,94.2667272655052
2017/12/28,1831.0,1850.0,1828.0,1833.5,7883200,95.45668312699179,94.82456457296844
2017/12/29,1837.5,1843.5,1830.0,1832.0,5530200,95.72008399258355,95.25046215463436
2018/01/04,1855.0,1895.5,1854.5,1895.5,12670900,96.15800517441592,96.6476748146603
2018/01/05,1900.0,1922.5,1898.0,1922.5,9318500,96.31341822087667,96.98612083067304
2018/01/09,1948.0,1952.0,1925.0,1929.0,8353800,96.00927633272819,96.84667949315939
2018/01/10,1934.0,1945.5,1924.0,1935.0,7253600,95.55216620157884,96.18102401183812
2018/01/11,1925.0,1956.5,1921.5,1956.5,6896700,96.27604286383664,97.01472946140287
2018/01/12,1956.5,1964.0,1941.0,1955.0,7078700,97.05347305591937,98.00552398556587
2018/01/15,1972.5,1979.5,1960.5,1963.5,4828300,97.17343220620145,98.05247604380827
2018/01/16,1968.0,1974.0,1959.0,1965.5,4637200,96.27998994150671,97.65282400141008
2018/01/17,1952.5,1959.5,1936.5,1943.0,7769900,94.85627100220978,95.93815764273815
2018/01/18,1957.0,1958.0,1925.0,1929.0,9200600,94.25854902969157,95.6226899323783
2018/01/19,1928.0,1948.5,1924.0,1941.5,6479600,94.64272555593134,95.54041763283034
2018/01/22,1930.0,1938.0,1911.5,1921.0,4960500,92.85377872375,93.71790465983459
2018/01/23,1930.0,1935.5,1923.0,1931.0,5091800,90.54009409480763,91.63390022983015
2018/01/24,1925.0,1949.5,1923.0,1949.0,7607100,93.12461165994321,93.62610894360114
2018/01/25,1950.0,1961.5,1933.5,1961.5,6951400,94.6092224140198,94.62120387844942
2018/01/26,1966.5,1968.5,1938.5,1944.0,8805400,94.56289063621315,94.62712660225561
2018/01/29,1949.0,1955.0,1933.5,1953.5,5131300,95.37069859726812,95.517627373385
2018/01/30,1950.0,1955.5,1919.5,1924.0,7615100,94.95217412118842,95.11697079935388
2018/01/31,1905.5,1937.5,1905.0,1914.0,6676300,95.64030470094868,95.96501480953077
2018/02/01,1930.0,1955.0,1919.0,1952.0,6282800,94.98771199521634,95.24296042658531
2018/02/02,1953.0,2042.0,1933.0,2031.0,19020100,100.35590087240895,100.33703970737675
2018/02/05,2002.0,2025.0,1982.0,2003.5,14698700,101.71152884938144,101.35210886654433
2018/02/06,1903.0,1917.0,1870.0,1915.0,20170300,101.31718742580405,100.6875818087592
2018/02/07,1970.0,1978.0,1903.0,1904.0,14525400,98.64146452798661,97.83837682069412
2018/02/08,1905.0,1924.5,1899.0,1914.0,8959100,98.78509164526618,98.03892301676727
2018/02/09,1867.5,1912.0,1859.5,1912.0,11205800,102.7777707599607,101.26438416649215
2018/02/13,1932.0,1934.5,1864.0,1867.5,12509800,99.89310248288004,98.89207481908838
2018/02/14,1867.5,1879.5,1851.5,1860.0,8061700,100.06454355522227,99.36792274391539
2018/02/15,1878.5,1884.5,1870.0,1881.0,7245700,99.84955880161571,99.93978769977151
2018/02/16,1888.0,1895.0,1881.5,1885.0,7204000,98.51187211980294,98.89552112522172
2018/02/19,1907.0,1950.5,1901.5,1949.5,6449600,99.49596065052046,99.76234654952692
2018/02/20,1932.5,1953.0,1925.0,1951.5,6915000,100.64731562197153,100.49370716277406
2018/02/21,1950.0,1950.0,1916.0,1922.5,6712200,97.54307548058489,97.74523657052104
2018/02/22,1911.0,1919.0,1901.0,1913.5,6382500,97.94981788462493,97.95408164602867
2018/02/23,1927.5,1956.0,1927.0,1953.5,7750200,99.83618519558726,99.7997884801717
2018/02/26,1969.5,1985.5,1965.5,1979.5,6805900,99.87221669788096,100.0829028922134
2018/02/27,1993.0,2005.0,1974.0,1980.0,7233000,98.3564582289898,98.77628906311445
2018/02/28,1979.0,1990.0,1951.5,1951.5,7589300,98.76047267103266,98.70727911840754
2018/03/01,1926.5,1935.5,1913.0,1927.5,7260400,100.1375043096196,99.97690391421665
2018/03/02,1905.5,1918.0,1893.5,1910.5,8702300,102.48275408922653,101.68807221274547
2018/03/05,1900.0,1901.0,1874.0,1884.0,9017000,101.58712239921677,101.19978803201704
2018/03/06,1920.0,1924.5,1891.0,1894.5,6180700,99.59718266549896,99.9124968790309
2018/03/07,1894.0,1898.0,1864.0,1870.0,7150500,98.92775418177125,99.34668285794717
2018/03/08,1885.0,1886.0,1856.0,1863.0,6558100,99.25237678583798,99.81334558831816
2018/03/09,1880.0,1900.0,1859.0,1872.0,9365800,100.85060021773926,101.3346495451827
2018/03/12,1897.0,1916.5,1895.0,1907.0,5911400,101.09674141848801,101.79749407281476
2018/03/13,1898.5,1905.5,1881.5,1889.5,7876700,99.41846551223247,100.17340322380517
2018/03/14,1889.5,1912.0,1888.5,1898.0,6587700,101.08215726596971,101.35284212154122
2018/03/15,1880.5,1897.0,1873.0,1892.5,6083200,100.91096172015696,101.30531888388082
2018/03/16,1893.0,1895.0,1879.5,1879.5,5881600,101.26556169852232,101.38619085710702
2018/03/19,1879.0,1880.0,1833.0,1837.0,8622700,99.09616912442412,99.45193823639787
2018/03/20,1838.0,1853.5,1831.0,1852.5,5559500,100.39937177434606,100.50612098604257
2018/03/22,1855.0,1873.0,1831.5,1839.5,10381800,100.70900169507607,100.94368074167981
2018/03/23,1806.0,1818.0,1794.0,1798.5,13218300,102.51826091586165,101.75545354920573
2018/03/26,1788.5,1797.0,1776.5,1790.0,7589300,100.58532764176856,100.34643754048646
2018/03/27,1818.0,1860.0,1807.0,1860.0,8985400,101.42299674619395,101.29323002206978
2018/03/28,1785.0,1803.0,1777.5,1800.0,8399700,99.56176223517616,98.86214959382467
2018/03/29,1815.0,1820.5,1796.5,1810.0,6925400,99.25227969997877,98.75935109541409
2018/03/30,1818.5,1828.0,1802.5,1822.5,4997800,99.61574743676366,99.60902915818095
2018/04/02,1809.0,1820.5,1802.0,1802.0,3457500,99.27671618891388,99.30411908688276
2018/04/03,1778.0,1792.0,1770.0,1786.0,4442900,98.42833239775729,98.3859439510534
2018/04/04,1791.0,1794.5,1774.0,1778.5,4793200,98.21645532620565,97.90787259860274
2018/04/05,1795.0,1801.0,1779.5,1793.0,5018900,96.2204165670738,96.11974045378962
2018/04/06,1790.5,1804.5,1788.5,1794.0,4363200,96.04304161292109,96.16439221185844
2018/04/09,1786.0,1795.0,1774.0,1789.0,3392200,95.55259801493176,95.74968710007771
2018/04/10,1786.0,1825.0,1776.0,1821.5,5321600,96.27572295376552,96.61522669933508
2018/04/11,1838.0,1856.0,1835.0,1851.5,6025700,99.27283879067551,99.51510292842934
2018/04/12,1854.5,1857.0,1832.0,1846.5,4811400,102.40254514353052,102.84593200492313
2018/04/13,1850.0,1862.5,1845.0,1847.5,4243400,101.4293758749528,101.64625566628935
2018/04/16,1847.0,1858.0,1841.0,1850.0,3523400,101.57652250444752,102.00792368288288
2018/04/17,1850.0,1853.5,1834.0,1841.5,3366400,101.76826129507224,102.68039940623498
2018/04/18,1843.0,1864.0,1841.0,1862.5,4239000,103.28748875510338,104.42044309307849
2018/04/19,1874.0,1908.0,1871.0,1890.5,6948000,105.34190961269927,106.73545577019074
2018/04/20,1896.5,1922.5,1895.5,1917.0,6375100,105.86043442610776,107.10357011123439
2018/04/23,1908.0,1930.5,1904.5,1920.5,5170600,107.62037362197132,108.1245438710152
2018/04/24,1930.0,1956.5,1916.5,1956.0,6793500,107.93485547124845,108.18897916445174
2018/04/25,1938.0,1958.5,1937.0,1955.5,4630500,108.11518620720871,108.29132031690447
2018/04/26,1961.0,1968.0,1953.0,1966.0,5220800,108.01154536987244,108.58476508225854
2018/04/27,1978.0,1989.5,1960.0,1976.5,5845800,107.35781811776481,108.29951846999305
2018/05/01,1977.5,1995.0,1972.0,1995.0,4267500,107.79051137704474,109.02158811436853
2018/05/02,1995.0,1996.0,1966.5,1987.0,4757700,108.7903241347156,110.00353270413498
2018/05/07,1993.0,1993.5,1969.5,1979.0,5953400,108.37941934370127,109.45807225662759
2018/05/08,1989.0,2016.0,1902.0,1923.5,16757200,105.61825629232693,106.4753637654881
2018/05/09,1902.0,1944.0,1902.0,1935.5,7308800,109.51326956776217,110.26215848653185
2018/05/10,1930.0,1935.5,1918.0,1934.5,4575000,109.85374977663842,110.52191293977344
2018/05/11,1949.5,1973.0,1945.0,1971.0,5280700,110.38761325279793,111.26522532321282
2018/05/14,1955.0,1973.0,1949.5,1969.5,5630800,111.1328143791662,111.89066205346006
2018/05/15,1969.0,1975.5,1953.0,1970.0,5031500,110.10135147347478,110.68534779369152
2018/05/16,1970.0,1983.5,1969.0,1976.0,4195600,113.87819804820273,114.27577625974375
2018/05/17,1970.0,1995.5,1967.0,1995.0,5334300,115.06151682916746,115.5602813818182
2018/05/18,1994.5,2009.5,1993.5,2004.5,5426000,113.71598037980606,114.36524608081943
2018/05/21,1995.0,2009.5,1990.0,1999.0,3451000,113.44099424188585,114.61122506008891
2018/05/22,1997.5,2008.0,1994.5,2006.5,3211300,113.84928768629763,115.2811778542036
2018/05/23,1985.5,1987.5,1952.5,1952.5,5968000,112.81043058710374,113.61978646958791
2018/05/24,1961.0,1977.0,1950.5,1953.0,4549500,114.51579146095376,115.27695093531212
2018/05/25,1935.0,1947.5,1922.0,1925.5,3869900,112.41337176389396,113.55926890803585
2018/05/28,1924.5,1924.5,1906.5,1908.5,2817500,111.69275701463393,113.14672880878393
2018/05/29,1910.5,1923.5,1894.0,1900.5,2924100,111.99509137180223,113.5877033491109
2018/05/30,1868.0,1873.0,1854.0,1858.0,11209400,110.87823923608615,112.23429349871013
2018/05/31,1880.0,1918.0,1880.0,1917.0,8288500,114.54908788833158,116.23504068424715
2018/06/01,1891.0,1928.5,1885.0,1922.5,3966400,113.24221293985586,114.68979101377938
2018/06/04,1957.5,1980.0,1952.5,1980.0,4263400,117.32798236592315,118.60177642080383
2018/06/05,1980.0,1983.5,1967.0,1975.0,3565700,116.71430886936152,118.42403960277042
2018/06/06,1985.0,1985.0,1958.0,1963.0,5337000,115.01547391869616,116.99324061999539
2018/06/07,1985.0,1997.5,1984.0,1995.0,4435900,115.78741544481994,117.99952227729355
2018/06/08,1979.0,1998.5,1975.0,1976.0,5268700,115.55342362307135,117.07514416852997
2018/06/11,1973.5,1988.5,1964.0,1971.0,3126500,114.03177250134848,116.3407891839934
2018/06/12,1995.0,2008.0,1964.0,1977.0,4734200,112.16713070459066,114.62586323078527
2018/06/13,1985.0,1988.0,1967.5,1967.5,3472200,111.55176035048578,113.91849839467096
2018/06/14,1956.5,1956.5,1920.5,1920.5,6971200,110.015954034921,112.29593881845328
2018/06/15,1932.0,1935.0,1915.5,1920.0,7112200,108.34976939932372,110.75797962487644
2018/06/18,1910.0,1913.5,1881.5,1892.0,4364900,108.66976857341793,111.35248257347365
2018/06/19,1888.0,1906.0,1863.0,1863.0,6474000,108.723240970024,111.03345751161204
2018/06/20,1865.5,1870.0,1824.0,1847.0,6962700,106.80752752185248,109.98820210727283
2018/06/21,1835.5,1847.0,1818.0,1827.5,4865800,105.47219167658304,109.481708601929
2018/06/22,1805.5,1813.5,1790.5,1801.0,15495200,104.9399725013072,108.38792159142614
2018/06/25,1818.0,1827.0,1803.0,1808.5,5667100,106.95629379270486,110.59011772451694
2018/06/26,1796.5,1810.0,1787.5,1803.5,5626500,106.42880906302274,109.95838960384359
2018/06/27,1826.5,1837.5,1807.5,1832.0,5526200,105.53594737722479,108.86684810001222
2018/06/28,1827.0,1844.5,1822.5,1841.0,4508800,104.83083309986856,108.5779584315873
2018/06/29,1838.0,1847.5,1820.5,1847.5,4449300,103.35625463519173,107.16248195431805
2018/07/02,1847.0,1864.5,1826.0,1828.0,4724000,104.95306916052564,108.69738275640897
2018/07/03,1839.5,1844.5,1802.0,1815.5,5577400,104.10961948616635,107.66302616323102
2018/07/04,1820.5,1843.5,1815.0,1834.0,3449800,104.39457856756414,107.9210387486716
2018/07/05,1834.5,1838.0,1815.5,1817.5,4259800,104.52491684847425,108.56620089702929
2018/07/06,1840.0,1859.0,1835.0,1847.0,5562600,105.06260438977122,109.12661161247455
2018/07/09,1852.0,1859.0,1840.5,1856.5,3354400,105.46170931878902,109.2980797586697
2018/07/10,1879.0,1886.5,1867.5,1867.5,5132700,105.60065606825788,110.04727791765632
2018/07/11,1873.0,1878.5,1848.5,1871.0,4569700,106.59366133749315,110.67813473792347
2018/07/12,1874.5,1875.5,1857.0,1857.0,3928400,105.2053965904067,109.98284857274028
2018/07/13,1873.0,1877.0,1861.0,1874.0,3907400,103.27815727444447,108.98847581618527
2018/07/17,1887.0,1892.5,1875.0,1888.5,4132800,103.58311200097883,109.16214467220087
2018/07/18,1906.0,1913.5,1889.0,1896.0,3459900,103.62893167877223,109.26983024026752
2018/07/19,1905.5,1907.0,1886.5,1891.0,2660700,103.54927325689363,109.22013999149675
2018/07/20,1889.0,1891.5,1852.5,1864.5,3963200,102.55146567878775,108.17601977890207
2018/07/23,1856.0,1879.5,1851.5,1869.5,2384400,104.50579170384049,109.27975379798076
2018/07/24,1879.0,1885.0,1865.5,1881.0,2779400,105.4698321177318,110.13558054320542
2018/07/25,1898.0,1898.5,1874.0,1877.0,3848800,103.78413309193284,108.2045081269865
2018/07/26,1885.5,1893.0,1884.5,1886.5,3427100,105.11383250853623,108.93520364141018
2018/07/27,1891.0,1904.0,1889.5,1901.0,3587400,104.15139419725121,108.20203694597377
2018/07/30,1891.5,1908.0,1887.0,1898.0,2952800,104.51443263162294,108.25408291028442
2018/07/31,1884.0,1894.5,1868.5,1868.5,4575900,101.64245664868056,106.53836436889151
2018/08/01,1880.0,1908.5,1877.0,1905.5,3681400,103.19710697063039,107.95928829974109
2018/08/02,1908.0,1932.0,1857.0,1859.0,9960000,100.39095049173714,105.22083978768875
2018/08/03,1870.5,1885.0,1845.0,1849.5,5667500,98.3637432782323,103.96585791026764
2018/08/06,1851.5,1867.5,1844.5,1847.5,3749400,98.69759135616732,104.7768626232374
2018/08/07,1845.0,1876.0,1844.5,1875.5,3203700,100.35230257245928,106.52277828727834
2018/08/08,1891.5,1904.0,1882.0,1884.0,3733400,100.1680345136403,106.56090548093762
2018/08/09,1880.0,1880.0,1863.5,1867.0,2638200,99.66384365551492,106.09178285745584
2018/08/10,1868.0,1870.0,1836.5,1837.5,4493800,100.59219836855635,106.72534919050709
2018/08/13,1829.0,1833.0,1807.0,1808.5,4574700,101.00057304662357,107.32835512216958
2018/08/14,1819.5,1830.0,1807.5,1828.0,3953900,99.73313330249955,106.62418154151771
2018/08/15,1834.5,1836.5,1803.5,1806.0,3232200,99.20856580506307,106.25991255745663
2018/08/16,1795.5,1798.0,1773.5,1793.5,4629900,98.47326467658097,106.1602137925272
2018/08/17,1812.0,1813.5,1800.0,1811.0,3041900,98.49517089431518,106.01145994034577
2018/08/20,1804.0,1805.5,1788.0,1800.5,4439100,98.15435760166558,105.91772589616457
2018/08/21,1804.5,1807.5,1783.5,1786.5,4896700,96.50093757705352,104.75816686494967
2018/08/22,1778.0,1803.0,1776.0,1803.0,4074800,97.62833117793727,105.83320158707441
2018/08/23,1813.5,1816.0,1789.0,1791.0,3473500,96.84974863288612,105.14638307757909
2018/08/24,1800.0,1807.0,1791.0,1800.0,4588300,96.37334924286692,104.62388340984444
2018/08/27,1810.0,1830.5,1806.0,1828.0,3743000,96.94926240094789,105.17808171964616
2018/08/28,1842.5,1853.0,1829.0,1829.0,5387400,96.56815372985963,104.98304544260758
2018/08/29,1835.0,1855.5,1834.5,1850.5,3913600,97.76324395584558,105.82538054298327
2018/08/30,1863.0,1864.0,1845.5,1849.5,4356300,96.61470525478283,104.59382316054568
2018/08/31,1837.0,1855.5,1830.5,1852.5,7866200,97.57634424906115,105.74466510338321
2018/09/03,1830.0,1831.0,1815.0,1825.0,4170500,96.24830038178719,104.42814818245247
2018/09/04,1820.0,1821.5,1805.0,1813.0,2742000,94.76831516463577,102.71950979015523
2018/09/05,1805.0,1806.5,1790.0,1797.5,4710400,94.2189504018999,102.62359386289364
2018/09/06,1795.0,1806.0,1790.5,1795.5,3423000,94.95232277118568,103.96038074865592
2018/09/07,1790.0,1804.0,1778.5,1799.5,3607100,96.09954453582174,105.22387129745634
2018/09/10,1789.5,1811.5,1782.0,1808.0,3622900,95.90287821492811,104.87399598934866
2018/09/11,1820.0,1831.0,1812.5,1822.0,3946200,96.47026039696588,105.9079220868802
2018/09/12,1833.0,1844.0,1827.5,1841.0,4885900,97.1737646547431,107.04095754340553
2018/09/13,1853.0,1895.0,1848.0,1892.0,6243300,98.89397658932617,108.7516387328122
2018/09/14,1909.0,1920.5,1900.5,1919.5,8770900,99.71476088796206,109.66723487610281
2018/09/18,1901.0,1945.0,1901.0,1942.0,7410300,99.80418426357484,109.13011810140088
2018/09/19,1960.0,1972.0,1959.0,1965.5,7018300,99.69567393153052,108.53691971745238
2018/09/20,1975.0,1985.5,1971.5,1979.0,5997500,100.76165186137263,109.44393062158595
2018/09/21,1990.0,2014.0,1984.5,2011.0,10538300,101.20985724523572,109.83102224898855
2018/09/25,2020.0,2027.5,2004.5,2027.5,8441300,101.51906044235739,109.72616945382777
2018/09/26,1984.0,2001.0,1968.0,1988.0,6656700,100.44499932684272,108.83181503044925
2018/09/27,1979.5,2013.5,1974.5,1995.0,5946100,102.56182549474391,111.60357829939964
2018/09/28,2014.5,2028.0,2003.0,2020.5,7600300,102.5385089270618,111.97006091899901
2018/10/01,2023.0,2033.0,2008.0,2032.5,5717700,103.80448103679309,113.57367131415211
2018/10/02,2043.0,2080.0,2042.5,2077.5,10234800,106.87517405101985,116.20442999543779
2018/10/03,2074.5,2100.0,2072.0,2091.0,8623700,107.85814935912437,117.8133092455239
2018/10/04,2100.0,2120.0,2098.5,2106.5,8532700,110.3456332087279,119.79785712951137
2018/10/05,2080.0,2108.5,2077.5,2098.0,5466800,111.01950355556754,120.10592590737681
2018/10/09,2085.0,2090.0,2070.5,2076.0,5609100,113.17708027114051,122.77868419719513
2018/10/10,2070.5,2097.5,2060.0,2089.0,5603700,114.05867578413162,123.51508182684574
2018/10/11,1989.0,2039.0,1987.0,2002.0,8087600,114.0666719290997,122.84796666032491
2018/10/12,1988.5,1999.5,1970.5,1975.0,7456900,112.46346621995826,121.08477535869302
2018/10/15,1956.5,1972.0,1942.0,1957.5,4667600,113.05435223162871,121.54938702217638
2018/10/16,1957.0,1986.0,1955.5,1982.5,4287400,112.93462128171984,121.86326395027282
2018/10/17,2000.0,2003.5,1984.0,1997.0,4252000,112.41482293457257,120.94789020041847
2018/10/18,2011.5,2016.0,1982.0,1986.5,4415000,112.80430146215525,120.94180305106579
2018/10/19,1960.0,1971.5,1957.5,1963.5,4170100,112.98312370065753,121.28893059818768
2018/10/22,1950.0,1976.0,1946.0,1967.0,2940600,113.23966860988723,121.5087532666296
2018/10/23,1955.0,1956.5,1906.0,1906.5,4806900,110.96890428027402,119.2218419634596
2018/10/24,1911.5,1922.5,1883.0,1889.5,5103400,108.70570227341756,117.27984124068655
2018/10/25,1842.0,1873.5,1841.5,1849.0,5695300,111.14088781242192,119.12295901776486
2018/10/26,1868.0,1873.5,1836.5,1847.0,5659200,112.08108442003501,119.71769575554261
2018/10/29,1860.5,1881.5,1854.5,1863.0,3775600,113.71956765659536,121.7281072782898
2018/10/30,1858.0,1919.5,1825.5,1834.0,11695300,111.3901068004567,118.99563044583645
2018/10/31,1880.0,1892.0,1860.0,1885.5,7961600,113.17342015530063,120.10180180846923
2018/11/01,1887.5,1887.5,1850.5,1855.0,5604500,113.93784870178021,120.5179956490635
2018/11/02,1867.0,1882.5,1839.0,1882.5,6205200,113.48713504021978,120.99083870115305
2018/11/05,1865.5,1866.5,1831.0,1834.5,4941400,112.33407837778861,119.2261882371816
2018/11/06,1854.5,1905.5,1850.5,1905.5,5275400,113.286762250511,119.53361923597738
2018/11/07,1897.5,1909.5,1847.0,1856.0,5821600,110.66571281094649,117.32862108127631
2018/11/08,1896.0,1914.5,1886.5,1907.0,5116700,110.69507110503933,117.38387635585875
2018/11/09,1900.5,1915.0,1889.0,1891.0,3768200,111.68274586678714,117.90674260778526
2018/11/12,1883.5,1897.5,1876.0,1896.0,3108100,113.15080867595091,120.1001746080128
2018/11/13,1866.0,1866.5,1834.0,1846.5,5804000,112.71347897473119,119.25939910453171
2018/11/14,1835.0,1836.0,1790.5,1791.5,11623100,110.28153954813101,116.21829524584135
2018/11/15,1796.0,1800.5,1784.5,1800.0,6345700,112.99442232150594,118.4812795271877
2018/11/16,1800.0,1810.5,1785.5,1790.5,4486800,113.7908219902365,119.2410476535101
2018/11/19,1785.0,1792.5,1765.0,1770.5,4245900,111.15377799135508,117.07343957634306
2018/11/20,1751.0,1790.0,1748.0,1789.0,4897100,113.60906463969805,119.17299119021652
2018/11/21,1751.0,1762.5,1742.5,1753.5,5711400,111.73119705176693,117.33599154004185
2018/11/22,1772.5,1774.5,1755.5,1765.5,3305500,111.4024843360561,116.88716930998926
2018/11/26,1721.5,1749.5,1719.0,1747.0,5254700,109.36468413900877,115.42916223743748
2018/11/27,1765.0,1780.0,1754.0,1775.5,6341900,109.88983282753313,115.62705745149869
2018/11/28,1775.0,1775.0,1736.5,1745.5,6380700,105.33440088844226,111.65816712928871
2018/11/29,1760.0,1773.0,1757.0,1760.5,4461500,105.39958242500941,111.50635859129466
2018/11/30,1761.5,1784.0,1760.5,1774.5,6814600,106.91373098156947,112.82779070821083
2018/12/03,1797.5,1805.5,1792.0,1799.0,4812500,106.94746205124997,112.48154063970514
2018/12/04,1805.0,1810.0,1759.0,1763.5,6331300,106.33907726179869,112.48725747151731
2018/12/05,1726.0,1755.0,1707.0,1740.0,6431200,105.41661869658488,112.12623305954723
2018/12/06,1733.0,1744.0,1704.5,1711.5,7665800,107.17013131841718,113.59389745360684
2018/12/07,1728.5,1741.0,1710.5,1714.0,6811600,106.52876011632333,112.69113497802049
2018/12/10,1700.0,1707.0,1689.5,1699.0,4714400,107.84821318683986,113.79226661190127
2018/12/11,1699.0,1705.5,1667.5,1682.0,6472800,105.52088360470862,112.44611241570195
2018/12/12,1701.5,1727.0,1695.5,1726.0,6003300,105.07407534778217,112.41876270544057
2018/12/13,1744.0,1762.0,1731.5,1759.0,5567800,105.40394687074294,113.32667997955066
2018/12/14,1799.0,1800.0,1747.5,1752.0,8911800,107.50726380709249,114.77289313740859
2018/12/17,1750.5,1760.0,1741.5,1743.0,3555400,106.6693811949705,114.22872351930953
2018/12/18,1725.0,1744.5,1718.5,1725.5,4674300,106.90582702755201,114.675443285401
2018/12/19,1708.5,1714.0,1687.0,1688.5,5823900,103.58057878114518,111.13886420464519
2018/12/20,1682.0,1699.0,1657.0,1664.5,6298500,104.97163619078142,112.46422831321124
2018/12/21,1670.0,1677.5,1623.0,1636.0,7837100,103.0794264435541,111.55328016284743
2018/12/25,1580.0,1583.0,1556.0,1561.0,6383500,103.75549561399549,112.05440296871063
2018/12/26,1581.0,1603.0,1553.5,1579.5,4701300,102.59802306565156,110.63072551819744
2018/12/27,1663.0,1685.0,1645.0,1678.5,6140200,103.88618349768419,110.89637670542565
2018/12/28,1668.5,1703.5,1659.0,1690.5,5393400,104.9555991055627,112.25396840845497
2019/01/04,1650.5,1682.5,1636.0,1678.5,6689200,105.84178422227559,111.59159208106666
2019/01/07,1729.0,1741.0,1722.5,1730.5,4684900,106.7707226564425,112.05571330526965
2019/01/08,1726.5,1741.5,1716.0,1726.5,4534600,105.65360901150225,111.36230340807225
2019/01/09,1735.0,1743.5,1727.0,1738.0,4099500,104.59827428940838,110.70715315588929
2019/01/10,1734.0,1743.0,1720.0,1739.5,3366600,104.54701318207455,110.2934615026719
2019/01/11,1740.5,1751.0,1726.5,1738.0,4030000,103.28397017492064,109.03768368063503
2019/01/15,1728.0,1757.0,1722.0,1751.5,4217500,103.8369260889067,109.4176239401087
2019/01/16,1751.0,1753.0,1736.0,1744.0,3639400,104.79886474569142,110.36528351300406
2019/01/17,1741.5,1755.0,1736.5,1750.0,3196600,105.66602263821781,110.33555529218843
2019/01/18,1759.0,1777.0,1755.0,1772.0,4287600,105.14592232516158,110.73253140759678
2019/01/21,1786.0,1799.0,1781.5,1799.0,4491000,107.64724766659126,113.11291902782617
2019/01/22,1800.0,1807.0,1773.5,1779.5,3271200,107.79975957671057,113.15212654536705
2019/01/23,1775.5,1787.0,1771.0,1771.5,3792100,105.66540202180936,111.7031037478732
2019/01/24,1765.0,1785.5,1757.0,1785.0,3362000,104.69037959001038,110.45879345112088
2019/01/25,1773.0,1791.5,1772.5,1789.0,3102000,104.68908980826419,110.43621208669383
2019/01/28,1781.0,1784.0,1744.0,1744.0,6877800,102.16111685654627,107.92499765651404
2019/01/29,1735.0,1756.0,1729.0,1740.0,5941300,101.93481964124966,107.92114893033937
2019/01/30,1747.0,1765.0,1743.0,1755.0,6658700,103.03030829142537,108.60034064801974
2019/01/31,1770.0,1777.5,1759.5,1772.5,5480700,102.66160646461613,108.35412093511931
2019/02/01,1772.0,1774.0,1717.0,1729.0,7879100,95.3114625399733,101.42988204034185
2019/02/04,1751.0,1767.0,1740.0,1759.5,4640800,95.38364195876751,101.28388181375823
2019/02/05,1779.0,1782.0,1758.0,1771.5,4669600,95.9050614915643,101.88820691450759
2019/02/06,1772.0,1783.0,1757.0,1767.0,5021900,96.23381257053258,102.6462653633567
2019/02/07,1761.0,1764.5,1732.0,1745.0,5531200,96.17704533326024,102.59748332288008
2019/02/08,1716.5,1719.5,1682.5,1686.5,7646000,92.75862107052039,99.24013366752136
2019/02/12,1699.5,1726.0,1681.5,1717.0,5011700,93.61769269001809,100.3704932920032
2019/02/13,1727.5,1750.0,1720.0,1750.0,4611900,94.12913883663202,100.79854437884805
2019/02/14,1750.0,1763.0,1744.5,1749.0,4073300,94.41314764504862,100.55412116442935
2019/02/15,1746.5,1748.5,1734.5,1743.0,3742100,96.0929387085309,101.85135256921625
2019/02/18,1766.0,1777.5,1763.0,1777.5,3754900,94.89323071913608,101.03451449071568
2019/02/19,1759.5,1776.0,1755.0,1773.5,3277600,93.53423272705376,99.6995747006838
2019/02/20,1786.0,1806.5,1781.5,1803.0,5255400,96.14419792487215,102.39488213672676
2019/02/21,1793.0,1805.5,1783.0,1796.0,4413000,95.04974785182996,101.57700853192826
2019/02/22,1771.5,1778.5,1760.5,1776.5,3445400,92.92264017203813,99.47154159523308
2019/02/25,1788.0,1788.5,1770.0,1775.0,3274700,92.27401644504877,98.18531418907686
2019/02/26,1775.5,1779.0,1756.5,1761.0,4172100,92.8390307970473,98.46138668405561
2019/02/27,1766.0,1773.5,1762.5,1765.0,4575600,92.59028110406906,98.69377706275505
2019/02/28,1763.0,1764.5,1749.0,1750.0,4960000,92.23172856193474,98.27625986374939
2019/03/01,1745.0,1753.5,1737.5,1743.0,4410600,89.45447971522866,96.46250905450661
2019/03/04,1750.0,1750.0,1731.0,1736.5,4679600,88.87659658311674,95.9764692339652
2019/03/05,1736.5,1743.5,1729.0,1741.0,4188100,90.59262355079932,97.4066982337268
2019/03/06,1745.0,1749.5,1738.0,1746.5,4430900,91.9076996682718,98.52504214923438
2019/03/07,1744.5,1749.0,1738.5,1745.0,4617500,93.28222816310458,99.99900029913283
2019/03/08,1742.0,1750.5,1720.5,1724.0,6325300,94.03720385068814,100.47152479232571
2019/03/11,1728.5,1746.5,1726.5,1745.0,3163000,94.53249499074762,100.75477067809344
2019/03/12,1755.5,1762.0,1752.0,1754.0,4667900,94.83359166055698,101.24448598163636
2019/03/13,1755.0,1757.0,1733.0,1736.5,4038100,93.58405448892842,100.17656348185078
2019/03/14,1749.5,1756.0,1741.0,1741.0,3899700,94.22869840788245,100.99036497740359
2019/03/15,1749.0,1759.0,1746.0,1755.0,5645000,94.35819948392918,101.18329587918662
2019/03/18,1762.0,1766.5,1758.5,1764.5,4236400,95.5923167006789,102.38019725171246
2019/03/19,1764.0,1774.0,1761.0,1770.5,3460800,94.74982157680367,101.86863172068625
2019/03/20,1780.0,1809.0,1779.5,1807.5,6047800,98.18341250353076,105.13818030927244
2019/03/22,1805.0,1809.0,1797.0,1807.0,6378200,95.78294565782434,103.44434045787361
2019/03/25,1770.5,1775.0,1747.0,1763.0,7292600,97.50088703363988,104.35524976077235
2019/03/26,1789.0,1808.5,1769.0,1808.0,9145700,96.70046099580273,103.16354222367721
2019/03/27,1768.0,1771.5,1750.5,1759.0,5183000,96.13416463206408,103.19093625931208
2019/03/28,1748.0,1755.0,1714.0,1715.5,5087900,95.34370270560257,102.0333104301512
2019/03/29,1733.0,1735.0,1716.0,1718.5,4234900,95.39848607980652,101.67878709466838
2019/04/01,1739.0,1761.0,1738.0,1746.5,5359300,96.37733885242648,102.49664832064076
2019/04/02,1762.5,1764.5,1751.0,1751.5,4173500,97.09689730302674,103.6730295493557
2019/04/03,1759.0,1769.0,1756.0,1767.0,4044600,97.55211304300214,104.52147674031842
2019/04/04,1760.0,1775.0,1754.0,1763.5,3516000,97.9946589947016,104.70264571681783
2019/04/05,1773.5,1784.0,1769.0,1782.5,4130700,98.26558141312263,105.0763552916407
2019/04/08,1789.0,1790.0,1766.0,1770.0,3406900,98.55882684642913,105.3952351853217
2019/04/09,1766.5,1774.5,1760.5,1774.5,2891200,97.3827564949351,104.23107246236766
2019/04/10,1758.0,1764.5,1744.5,1751.5,3049200,94.59692371284163,101.52122308560654
2019/04/11,1738.5,1748.0,1736.0,1743.5,2412900,94.19964747838054,101.00458624605986
2019/04/12,1756.0,1756.0,1739.5,1754.0,3332100,94.54052045461258,102.26977320959911
2019/04/15,1778.5,1789.5,1777.0,1786.5,4644500,95.11450927207498,102.99124788053682
2019/04/16,1778.5,1782.5,1767.0,1782.0,3405400,95.13997109774454,102.92803265588081
2019/04/17,1780.0,1796.0,1775.5,1789.0,5132600,95.53729096562314,103.062686740147
2019/04/18,1793.0,1796.5,1775.5,1780.0,3379700,94.58573471297834,102.03791552855668
2019/04/19,1789.0,1789.0,1771.5,1776.5,2391800,92.51088233110113,100.36222210820975
2019/04/22,1776.0,1790.0,1771.0,1789.0,2238200,92.60836172494969,100.75930984771082
2019/04/23,1785.5,1799.0,1784.0,1798.0,4588400,91.99819117163642,100.23566265250324
2019/04/24,1800.0,1805.0,1773.5,1774.0,4565600,90.78109024903173,99.47941430078133
2019/04/25,1772.0,1787.5,1763.5,1783.5,3843000,90.76611410692693,99.21905962851683
2019/04/26,1792.0,1796.0,1762.5,1794.0,7266800,91.61933620160112,99.70329881981915
2019/05/07,1800.0,1807.0,1729.5,1735.0,8335800,92.6068818878963,100.34756075035638
2019/05/08,1715.5,1715.5,1658.0,1673.5,10280900,89.69058751250465,97.49347038626175
2019/05/09,1654.0,1659.5,1616.0,1640.5,11150300,89.14122256057759,97.21109632238299
2019/05/10,1647.0,1663.5,1637.5,1657.0,7711400,89.63644120786881,97.39160017986399
2019/05/13,1648.0,1661.0,1637.0,1650.5,3608000,90.42528657519274,98.20101091787984
2019/05/14,1612.0,1652.0,1607.5,1652.0,4769500,90.82686758746507,98.61759140630686
2019/05/15,1647.5,1660.0,1642.5,1660.0,6015300,90.06894593979894,97.94642860654315
2019/05/16,1655.0,1664.5,1640.5,1664.5,3326000,90.46616674859193,98.12935528962579
2019/05/17,1670.0,1706.5,1663.0,1704.0,5132800,91.73047221080013,99.28396189801849
2019/05/20,1700.0,1706.0,1691.5,1694.0,2556800,91.5078435736601,98.8484782097272
2019/05/21,1675.0,1691.0,1664.0,1676.0,4491400,90.1562114670842,97.49772698190345
2019/05/22,1680.0,1689.5,1671.0,1684.5,3858200,91.97485187134279,100.28465522002779
2019/05/23,1678.5,1686.0,1658.5,1668.0,3278500,90.599333893326,98.43893652756599
2019/05/24,1637.0,1652.0,1617.5,1648.0,5061800,90.99312231412001,98.38798162362087
2019/05/27,1654.0,1664.5,1649.5,1654.5,1853000,92.00535729059311,99.21117668566386
2019/05/28,1660.0,1676.0,1656.0,1661.5,4485100,91.94066823149734,99.3098680244966
2019/05/29,1651.0,1666.5,1646.0,1663.5,4195300,93.85906779438652,101.170107634009
2019/05/30,1659.0,1695.0,1657.0,1695.0,3944900,93.73613032617116,100.85542228218141
2019/05/31,1677.5,1686.0,1674.5,1677.5,5311500,93.90657707981939,100.92435717331449
2019/06/03,1650.5,1666.5,1650.0,1665.0,4601400,92.5987623891144,99.55922469882165
2019/06/04,1667.0,1690.0,1665.0,1689.0,4180700,94.448629639816,101.25661686233127
2019/06/05,1725.0,1730.0,1711.0,1725.0,6572400,95.69899413915441,102.09071837942638
2019/06/06,1728.0,1729.5,1711.5,1713.5,3765100,94.36217073198966,100.76501281336179
2019/06/07,1716.0,1734.5,1714.0,1732.0,3716600,95.2473973186632,101.89733784380068
2019/06/10,1750.0,1761.5,1741.5,1757.0,3931500,96.18483349418119,102.56900126205028
2019/06/11,1759.0,1771.5,1757.5,1770.0,5133300,96.59791806053704,102.80431946090371
2019/06/12,1752.5,1779.0,1746.0,1757.0,5955000,97.06347258586293,103.44423561203384
2019/06/13,1753.5,1766.0,1725.0,1741.0,5195600,98.00941556284124,104.9080951608468
2019/06/14,1750.0,1756.5,1733.0,1750.0,4647900,98.63392748056181,105.42606026124281
2019/06/17,1735.5,1755.0,1735.0,1750.0,3898900,99.30934719303669,106.41271400506376
2019/06/18,1742.0,1747.5,1717.5,1719.5,4195200,98.04384401875078,105.29364035417362
2019/06/19,1745.5,1770.0,1736.5,1769.0,4728600,101.26104480296512,107.93818682441945
2019/06/20,1750.5,1775.5,1736.0,1763.5,6067800,102.02889056977693,108.29681565227156
2019/06/21,1764.0,1785.0,1760.5,1774.0,8720600,104.33059257818607,111.17614866269298
2019/06/24,1774.0,1805.0,1773.0,1784.5,4434100,103.55030640169669,110.18224673117541
2019/06/25,1784.0,1787.0,1752.0,1755.5,4304300,102.61189261954533,109.16803596560266
2019/06/26,1750.0,1754.0,1741.0,1754.0,3848500,101.12359458709432,108.04196325142843
2019/06/27,1753.0,1769.0,1748.0,1768.5,3125300,100.25866728123454,106.80624797559175
2019/06/28,1756.0,1761.5,1747.0,1754.0,3439400,99.52896322552841,105.9408891165524
2019/07/01,1780.0,1798.5,1772.0,1798.0,3497900,98.72984711777033,105.21298255659164
2019/07/02,1801.0,1830.0,1798.5,1827.5,5725400,100.80566693120603,107.17990387403987
2019/07/03,1800.0,1808.0,1788.5,1796.0,4275400,98.28501413728827,104.9777975336166
2019/07/04,1812.5,1817.0,1807.5,1813.5,2362800,99.06516931989077,105.2039261165842
2019/07/05,1810.0,1812.0,1794.5,1798.0,3524200,97.53398671694882,103.39601635122135
2019/07/08,1793.0,1799.5,1782.0,1789.0,3677800,98.68136503107016,104.50782268133958
2019/07/09,1795.0,1806.5,1789.0,1798.5,4059100,99.12643289647922,104.94210942660092
2019/07/10,1793.0,1812.0,1789.0,1807.0,5065900,98.36770506302382,104.60408895730697
2019/07/11,1799.5,1814.5,1792.0,1809.5,3822200,99.8932087171606,105.53126965631911
2019/07/12,1818.0,1823.5,1810.0,1815.5,4049200,100.95009411389428,106.3282610827319
2019/07/16,1812.0,1823.0,1811.5,1815.5,3337300,101.32221896003739,106.9390123423062
2019/07/17,1803.0,1820.0,1798.5,1807.0,3961200,101.18788683236272,106.48181248073068
2019/07/18,1798.0,1804.0,1752.5,1758.5,6445100,100.58607809988953,106.04381376616378
2019/07/19,1762.5,1799.0,1761.0,1798.5,3652000,101.99108128917418,107.62492624237045
2019/07/22,1800.0,1808.0,1786.5,1793.0,2958300,100.29749766602652,107.1436959205019
2019/07/23,1786.0,1801.0,1780.5,1797.0,2765000,99.46508793640781,106.37614914587421
2019/07/24,1802.0,1805.0,1790.5,1793.0,2678100,99.50547665454108,106.34362478844635
2019/07/25,1785.0,1792.5,1781.5,1783.5,2703300,98.14819729874907,105.80036926352929
2019/07/26,1775.0,1788.0,1771.0,1784.0,3233400,98.41495462691265,106.04179968938973
2019/07/29,1788.0,1792.5,1778.5,1790.0,2924300,98.35865376377242,106.30948730204315
2019/07/30,1800.0,1811.5,1786.5,1799.5,3290600,100.05318382566806,107.16970746347954
2019/07/31,1783.0,1798.5,1777.5,1779.0,5553900,98.67616262539113,105.56699981186463
2019/08/01,1765.0,1779.0,1751.0,1763.0,5502700,99.11321594027615,106.01403028753467
2019/08/02,1731.5,1733.5,1703.5,1711.0,7258500,98.82022781270705,105.12740569225589
2019/08/05,1690.0,1695.0,1666.0,1674.0,7267800,98.42353579997231,104.26874419528491
2019/08/06,1638.0,1701.5,1631.0,1701.5,6709300,99.87801206665549,105.6582217136816
2019/08/07,1695.0,1695.0,1676.0,1682.5,5196600,98.56636066674172,103.8786825975445
2019/08/08,1680.5,1683.0,1653.5,1653.5,5122300,97.1874931144438,102.83618264774998
2019/08/09,1664.5,1665.5,1650.0,1662.0,4593600,97.50331803018558,103.45962119287546
2019/08/13,1650.0,1659.0,1625.5,1629.0,6109000,97.39389223782017,102.5644479576727
2019/08/14,1648.5,1659.5,1632.5,1655.0,4310100,98.51170622311989,103.77175005178916
2019/08/15,1620.0,1643.0,1610.0,1642.5,4938900,99.59803964410762,104.12803968879733
2019/08/16,1634.0,1643.0,1622.5,1640.0,4567600,98.76944131913655,103.49791451428554
2019/08/19,1647.5,1649.0,1636.0,1643.5,3374800,98.54172017175672,103.36390913387119
2019/08/20,1640.0,1656.0,1636.0,1655.5,4599800,99.58015395249448,103.65430474022475
2019/08/21,1635.0,1649.0,1631.5,1640.5,4993600,98.68321526432882,103.19130070207547
2019/08/22,1636.0,1645.0,1634.5,1643.0,4145100,99.66493589294464,103.99362591214485
2019/08/23,1635.0,1642.5,1628.0,1631.5,4776400,98.91401776755451,103.12530463563927
2019/08/26,1600.0,1620.0,1595.5,1614.5,5073300,99.38666406802392,103.31444398808034
2019/08/27,1628.0,1629.5,1608.0,1609.0,4458600,98.10954757528877,102.25899906057785
2019/08/28,1623.5,1628.5,1618.5,1627.0,3481900,98.09190809557491,102.62651718308797
2019/08/29,1621.0,1630.0,1616.5,1629.5,4347100,98.47621077665166,102.82500921697579
2019/08/30,1640.0,1664.5,1639.5,1663.0,5676400,99.13935000560616,103.04087449778328
2019/09/02,1655.0,1666.5,1649.5,1663.0,2612300,100.34685034424984,104.14513789683733
2019/09/03,1663.0,1689.5,1659.5,1685.5,3331900,102.30577995659213,105.7330295743877
2019/09/04,1672.5,1681.0,1668.5,1674.0,3687400,101.84142957696577,105.37613255292446
2019/09/05,1681.5,1711.0,1680.0,1706.0,5747300,101.33286573029423,104.79573991277411
2019/09/06,1720.0,1729.0,1714.0,1719.0,5198500,100.51695157746572,104.67523155046943
2019/09/09,1719.0,1742.5,1715.0,1742.5,3892500,101.14520901346009,104.85855123133918
2019/09/10,1752.0,1789.5,1751.5,1788.0,6203300,103.97178619305333,107.01011940932175
2019/09/11,1794.5,1831.0,1792.0,1830.5,7898300,104.06489547444406,106.18906130185324
2019/09/12,1834.5,1843.5,1822.0,1829.5,6947200,101.41470583093533,103.66318699590434
2019/09/13,1832.5,1849.0,1821.0,1845.0,8136400,100.95516870294017,103.20826272170338
2019/09/17,1865.0,1912.0,1862.5,1905.0,10176000,104.42246019306802,106.9225337561521
2019/09/18,1889.0,1890.5,1853.0,1853.0,6879700,101.62498309472203,104.78231093716208
2019/09/19,1850.5,1872.5,1836.0,1838.5,6436800,99.77167784950771,102.78700528331358
2019/09/20,1850.5,1865.0,1848.0,1855.5,6744600,99.75136877388044,102.98810622985255
2019/09/24,1832.0,1850.5,1829.0,1830.0,6248000,97.77990522976741,101.35402531798377
2019/09/25,1807.0,1832.0,1802.0,1826.0,4418600,100.25046188375177,103.28033518875344
2019/09/26,1834.5,1844.5,1826.0,1831.5,6565300,99.08491950896246,101.80574938056672
2019/09/27,1777.0,1796.0,1760.5,1777.0,6156600,96.95743403299475,99.62565795037521
2019/09/30,1769.0,1781.5,1760.0,1768.0,4690900,96.94192784956657,99.59561831164363
2019/10/01,1773.0,1788.0,1769.5,1782.0,3613000,95.12534049702917,97.60343939950153
2019/10/02,1754.0,1776.5,1752.0,1772.0,4596600,93.81969773851013,95.70366682292641
2019/10/03,1734.0,1739.5,1723.0,1733.5,5126400,92.44903972664154,94.47892674959485
2019/10/04,1724.0,1731.0,1716.5,1730.0,3973200,91.600886862911,93.97990729661437
2019/10/07,1735.0,1738.5,1721.0,1730.0,3279900,91.49752634472104,93.31425846447323
2019/10/08,1736.0,1751.5,1731.0,1737.0,5572000,90.96331678427549,92.87981505804959
2019/10/09,1721.5,1736.0,1721.0,1730.0,4011100,90.72577399464701,92.35228815164633
2019/10/10,1720.0,1740.0,1717.5,1738.0,4140200,90.99788276764117,93.42482712365477
2019/10/11,1753.0,1764.0,1747.5,1761.0,4242800,92.82863305775922,95.15517749346512
2019/10/15,1775.0,1784.0,1767.5,1774.5,4377900,90.8867800068565,93.24884602386675
2019/10/16,1796.0,1807.5,1786.0,1795.0,5321900,91.35751496413376,94.42228908391303
2019/10/17,1780.0,1787.0,1769.0,1777.0,4178100,90.27576392279593,93.88640786643711
2019/10/18,1778.0,1788.0,1769.0,1775.5,3374200,90.58365722434944,94.37567624134395
2019/10/21,1772.0,1796.0,1772.0,1792.5,3516900,91.39502988729032,94.8613929854887
2019/10/23,1793.0,1809.0,1779.0,1807.0,4963100,93.37578987686474,96.44699173837911
2019/10/24,1820.0,1826.0,1806.5,1816.0,3334100,91.81795934020542,95.65670994867367
2019/10/25,1818.5,1824.5,1812.5,1819.5,3318700,91.53226406542213,95.37787195288526
2019/10/28,1810.0,1824.5,1807.0,1818.0,3505000,90.25535302508985,94.0995268781735
2019/10/29,1824.5,1833.0,1819.5,1828.5,5253300,93.11752623252258,96.62877867763724
2019/10/30,1828.0,1855.5,1817.0,1838.5,16846600,93.5688603331254,96.34954338343297
2019/10/31,1837.0,1873.5,1832.0,1867.5,9123900,95.23162690896876,98.56255460431753
2019/11/01,1846.0,1859.0,1834.5,1852.0,7307400,95.76601292615344,97.92289252829657
2019/11/05,1875.0,1888.0,1861.5,1878.5,7105600,93.90132737054147,96.55745766149136
2019/11/06,1884.5,1897.5,1881.0,1890.5,6561200,96.53498373649786,99.33287893615164
2019/11/07,1889.5,1907.5,1887.0,1902.5,6116500,96.15751948762113,98.77233830405098
2019/11/08,1918.5,1938.0,1911.0,1926.0,8149000,96.88012873913782,100.0689892150626
2019/11/11,1925.0,1926.5,1907.0,1916.0,5925700,96.45529176435083,99.15239774977704
2019/11/12,1905.0,1930.0,1900.5,1928.0,4935700,96.82471683262682,100.06417502521148
2019/11/13,1920.0,1922.0,1903.5,1904.0,6009100,99.56472029211535,102.58746525372399
2019/11/14,1900.0,1914.0,1881.0,1889.0,4929800,98.87707555361577,102.11398486767469
2019/11/15,1897.5,1929.0,1897.5,1929.0,5585000,100.23195288355116,103.45740453958558
2019/11/18,1919.0,1922.5,1911.5,1921.5,3785400,101.13360458544565,104.50140282463731
2019/11/19,1918.5,1928.5,1914.5,1925.0,3125200,99.7047198861299,103.09557992813818
2019/11/20,1920.5,1932.0,1914.0,1928.0,4252500,102.15692948595769,105.06091890719058
2019/11/21,1928.0,1935.0,1901.0,1935.0,5122400,102.97842111072532,105.6808552217751
2019/11/22,1938.0,1947.5,1932.5,1935.5,5192000,104.55425100193185,106.91600538191273
2019/11/25,1950.0,1969.0,1950.0,1963.0,5385900,105.22065464223161,107.6951935186005
2019/11/26,1972.0,1986.0,1956.5,1962.0,9156200,103.78627595402934,106.51657883926208
2019/11/27,1955.0,1965.5,1941.0,1942.5,6266000,105.29992802761325,107.55793677273242
2019/11/28,1935.0,1950.0,1928.5,1949.5,4229900,105.31194514597419,107.58543827372165
2019/11/29,1948.0,1951.5,1937.5,1939.5,3721100,104.87440538194296,107.24602611073
2019/12/02,1946.5,1968.5,1943.5,1967.5,3863300,104.92863446370184,107.74351189427477
2019/12/03,1947.0,1948.0,1933.5,1939.5,5216800,103.65901830772326,106.27297141325323
2019/12/04,1921.5,1951.5,1920.5,1951.5,5072400,106.2607216502634,108.02129949632364
2019/12/05,1974.0,1979.5,1965.5,1979.0,5034800,106.70443595476196,108.81844614722911
2019/12/06,1975.0,1981.5,1957.0,1962.0,4292600,106.25571694210181,108.26178837855993
2019/12/09,1974.0,1977.5,1964.0,1977.5,4230200,105.40785994804898,107.45275048873582
2019/12/10,1980.0,1980.0,1968.0,1968.0,4320400,105.69729587135856,107.11303045576126
2019/12/11,1974.5,1975.0,1965.0,1972.5,3954300,105.54082974723538,107.06196836848545
2019/12/12,1953.0,1959.5,1942.5,1953.0,4505800,103.4044512242059,104.79441785827719
2019/12/13,1982.0,1989.5,1973.5,1985.0,8365300,100.80916778464484,103.6737629010693
2019/12/16,1979.5,1990.0,1977.0,1983.0,3091700,102.15381961720182,104.4241185355019
2019/12/17,1990.0,1996.0,1985.5,1994.5,3772600,101.41760267857968,103.37112945310739
2019/12/18,1989.0,1995.0,1979.5,1983.5,3642700,103.00954070757862,105.15571570411977
2019/12/19,1973.5,1984.0,1969.0,1979.5,3569600,101.62139966929884,103.92639241977015
2019/12/20,1986.0,1989.0,1971.5,1983.5,5379900,102.65791758405472,104.1096970844578
2019/12/23,1980.0,1981.5,1968.5,1969.5,2858500,101.45887004878205,103.27086604359054
2019/12/24,1968.0,1969.0,1950.0,1954.5,2214600,100.64613293565243,102.55550064727575
2019/12/25,1957.5,1959.0,1944.5,1946.0,2035100,100.1208985566725,102.45156857165784
2019/12/26,1949.0,1959.5,1946.5,1959.5,2778900,97.96831945689507,101.26039448703483
2019/12/27,1967.5,1968.5,1957.0,1959.5,2421900,97.3231108369861,99.92247505452141
2019/12/30,1955.0,1957.5,1933.0,1946.0,3078700,95.86965468725764,99.08540564298634
2020/01/06,1945.0,1953.5,1928.0,1953.0,6021200,97.46015150868219,100.56049732343635
2020/01/07,1953.0,1971.5,1948.0,1971.0,3811700,97.83478531211126,100.48775176211522
2020/01/08,1945.5,1956.5,1930.5,1949.0,4598200,98.71675038118758,101.18010815705402
2020/01/09,1970.5,1984.5,1970.0,1981.5,4112800,96.75283253745073,100.2719815029678
2020/01/10,1981.0,1981.5,1967.5,1971.5,3759900,96.83216032433346,100.00512698828584
2020/01/14,1971.0,1973.5,1962.0,1972.5,3646400,96.35272666226882,99.81882809184108
2020/01/15,1964.0,1967.0,1949.0,1952.5,4504600,95.69402074606624,99.45435951928268
2020/01/16,1942.5,1952.5,1935.5,1951.5,3059300,95.06255830307197,99.54697447492113
2020/01/17,1951.5,1969.5,1951.0,1969.0,3085400,95.51743893979659,99.729937211752
2020/01/20,1966.0,1989.0,1965.5,1987.5,3139100,95.04557425710412,99.21652415705165
2020/01/21,1987.5,1992.0,1977.0,1984.5,2893000,96.37172348727897,100.04392787375562
2020/01/22,1980.5,1988.0,1976.0,1987.0,2826500,96.11990776036457,99.48935007526288
2020/01/23,1974.5,1983.0,1968.5,1972.0,2725200,95.52278683887086,99.11894442839258
2020/01/24,1976.5,1980.0,1970.5,1978.0,2694400,96.39493830638558,100.06423759672407
2020/01/27,1944.5,1968.0,1940.5,1957.0,3189600,99.26067196116203,102.52084470196236
2020/01/28,1942.5,1950.0,1927.0,1945.0,4147200,99.49843070247155,102.85178922050055
2020/01/29,1945.0,1964.0,1937.5,1963.0,3440300,98.34670978154544,102.03557620975776
2020/01/30,1956.0,1961.0,1928.5,1938.0,4151400,98.84836588482997,102.33333667112461
2020/01/31,1936.0,1978.5,1936.0,1960.5,4992600,101.57989688069551,105.32414941293943
2020/02/03,1919.0,1948.0,1917.0,1937.0,4499900,100.08098655580025,104.07710140320043
2020/02/04,1919.0,1943.0,1913.0,1940.0,8198500,98.88464256851371,102.921139890495
2020/02/05,1953.5,1959.0,1938.5,1945.5,5750700,98.55558980586446,102.35773710766378
2020/02/06,1975.0,1999.5,1968.5,1990.0,7061000,99.12536612927494,103.01348376579942
2020/02/07,1981.0,1986.5,1971.0,1981.0,4224700,100.2342153030626,104.39185655095231
2020/02/10,1950.0,1969.0,1946.5,1957.5,3585500,100.42505138442932,104.25867669855491
2020/02/12,1971.5,1973.5,1944.5,1952.0,3616700,98.84308934877977,103.13360083241622
2020/02/13,1952.5,1963.5,1946.0,1963.0,3631300,99.57420439504219,104.15930411746162
2020/02/14,1951.0,1953.5,1936.0,1943.0,4725900,98.35895662694107,103.25366333973611
2020/02/17,1926.0,1940.0,1911.5,1937.0,4379300,98.58985993038625,103.43283204603387
2020/02/18,1928.5,1947.0,1923.0,1930.0,3528400,99.9511603534286,104.95735067857892
2020/02/19,1939.0,1941.0,1926.0,1934.0,3389600,98.23907396657854,103.51939628994593
2020/02/20,1941.0,1954.0,1929.0,1929.5,4240400,98.21354645995501,103.5207609311068
2020/02/21,1938.0,1956.0,1935.0,1942.0,6029700,100.14874115782035,105.10537782364395
2020/02/25,1852.0,1891.5,1844.5,1869.0,10296800,100.70534064546513,106.06335940651401
2020/02/26,1853.0,1878.5,1839.0,1874.0,11335400,102.0581823856447,107.11763159915134
2020/02/27,1863.0,1866.0,1840.0,1849.0,9832100,102.94656585714912,108.32542267879673
2020/02/28,1806.5,1811.5,1767.5,1783.5,11634400,104.54849175204588,109.42453998902506
2020/03/02,1713.0,1760.5,1711.5,1732.5,13115400,102.00380283237939,106.42065657261564
2020/03/03,1760.0,1763.0,1705.0,1705.0,13145900,100.92160241524668,105.35691056014547
2020/03/04,1704.5,1733.5,1703.0,1728.0,6420900,101.2700595750865,106.36540968792826
2020/03/05,1762.5,1786.5,1752.0,1778.0,8376900,102.49728237874236,107.66896518504873
2020/03/06,1745.5,1761.0,1728.5,1737.5,8132700,102.12269211081858,107.69937274918942
2020/03/09,1657.5,1669.0,1611.5,1617.0,10033300,99.37434233275467,105.50534024171148
2020/03/10,1586.5,1633.0,1526.0,1622.0,9610400,100.09199289979995,105.54334345855689
2020/03/11,1622.5,1640.0,1587.0,1588.0,8410200,100.27557528338289,105.1115569634175
2020/03/12,1554.0,1557.5,1500.5,1517.5,11027000,99.97133297393866,104.25596209750039
2020/03/13,1417.5,1516.0,1378.0,1457.0,18180700,102.16529381358774,105.4531594531593
2020/03/16,1459.5,1496.0,1429.0,1433.0,8240400,103.1016194380245,105.99955050646706
2020/03/17,1400.0,1492.0,1389.0,1474.5,13336700,105.58256007350195,105.72068851838779
2020/03/18,1474.5,1526.0,1454.5,1479.0,10363600,105.71011775437722,103.94592082787489
2020/03/19,1508.0,1540.0,1481.5,1506.5,13624100,108.92857855388492,105.06291019063845
2020/03/23,1517.5,1534.5,1456.0,1468.5,11912800,103.4653024024345,101.69517622036514
2020/03/24,1495.0,1516.0,1471.5,1515.5,10611900,99.27778429173273,101.73190997030656
2020/03/25,1595.5,1652.5,1573.0,1651.0,9584400,102.65763243162323,106.04018566406388
2020/03/26,1581.5,1591.0,1542.5,1553.0,11492100,102.01850629798497,102.40082427345129
2020/03/27,1615.0,1627.0,1570.5,1625.5,11575600,103.44922968927905,103.15283269214575
2020/03/30,1535.0,1571.5,1511.0,1570.0,8933600,101.3118873920253,101.18265146702572
2020/03/31,1551.0,1559.0,1500.5,1503.5,8306500,97.58577256121475,98.6063195771103
2020/04/01,1488.0,1502.5,1430.5,1444.5,8098500,98.25557621444327,98.12715192871154
2020/04/02,1425.5,1449.0,1415.0,1431.5,7408100,98.96876946779119,98.88607013394336
2020/04/03,1425.0,1454.0,1424.5,1436.5,6146400,98.62105469575904,98.87155584481043
2020/04/06,1435.0,1501.5,1415.5,1488.5,6446000,98.51631928733924,98.99539829010126
2020/04/07,1518.0,1523.0,1469.0,1504.0,6612000,97.51391232377345,97.77585579354363
2020/04/08,1508.5,1522.0,1473.5,1518.0,6619400,97.12227380424085,97.74572100454846
2020/04/09,1516.0,1520.0,1495.0,1515.5,4556700,97.55182473091703,98.5499492870813
2020/04/10,1521.0,1524.5,1481.5,1516.5,5211800,96.97762103093088,97.06170118691517
2020/04/13,1496.5,1505.5,1481.0,1481.0,3459500,96.50633138749876,95.99093999340187
2020/04/14,1482.0,1519.5,1482.0,1517.0,4274200,96.3250428864179,96.58741459170692
2020/04/15,1515.0,1515.0,1487.5,1505.0,4679800,95.86344083486581,95.65871736655991
2020/04/16,1483.0,1494.5,1467.5,1488.0,4990200,95.72916561579429,94.92366528002646
2020/04/17,1500.5,1511.0,1484.5,1496.5,4488800,93.99011129969172,94.42236276396945
2020/04/20,1473.0,1481.5,1469.5,1470.0,4291600,92.8164752750557,92.85056531021775
2020/04/21,1440.0,1444.5,1425.5,1436.0,7316500,92.20622470974591,91.54734004233873
2020/04/22,1404.0,1422.5,1396.0,1415.5,6576600,92.55796915525497,91.4263825582448
2020/04/23,1425.5,1468.0,1425.5,1463.0,4753900,94.18101967859178,93.20685396423777
2020/04/24,1450.5,1476.5,1450.0,1472.0,4809700,94.81659917627103,93.40333835405212
2020/04/27,1472.0,1504.5,1465.0,1500.0,4496000,95.80960421944276,95.57070126539283
2020/04/28,1510.0,1510.0,1475.0,1483.0,3714300,94.78139776265978,94.36368273521346
2020/04/30,1513.0,1525.0,1507.5,1514.0,6714800,94.7381626728169,95.35708597647063
2020/05/01,1500.0,1515.0,1459.0,1485.0,8394500,95.64375239762293,95.67203054111509
2020/05/07,1464.0,1501.5,1463.5,1501.0,8985700,99.52949284360935,99.44735844662253
2020/05/08,1539.0,1593.0,1528.5,1590.5,9574400,101.53227540763542,101.98572862576056
2020/05/11,1603.5,1647.0,1600.5,1639.0,6008200,103.20228939645692,103.36223846490269
2020/05/12,1623.5,1626.0,1593.0,1596.5,4981600,99.96554579110311,100.45312327221635
2020/05/13,1580.5,1603.0,1574.0,1587.0,4004500,99.9492966549687,100.10541933787674
2020/05/14,1560.0,1568.0,1530.0,1530.5,4574300,97.25094648121446,97.73392320251037
2020/05/15,1558.0,1559.0,1522.5,1534.0,4367700,95.4714806012811,96.24561295238175
2020/05/18,1535.0,1564.0,1528.5,1559.0,4074300,97.36959074036933,98.06164005796589
2020/05/19,1610.0,1616.5,1596.5,1604.5,6750300,99.6647356613672,99.87298543117655
2020/05/20,1594.5,1615.5,1587.5,1606.0,4103800,98.52579805387455,98.62610326019642
2020/05/21,1605.0,1619.5,1604.0,1615.0,3585000,99.64364785699378,100.0280790114323
2020/05/22,1615.5,1616.0,1572.0,1573.5,3925300,98.89361468612312,99.57623372022447
2020/05/25,1608.0,1608.5,1591.0,1604.0,3087400,99.00865165680439,99.83898301027166
2020/05/26,1615.0,1632.5,1605.0,1627.0,5291100,97.87278554235134,98.96103356802058
2020/05/27,1625.0,1658.0,1620.0,1652.0,6774400,97.3805821621528,98.47164451855234
2020/05/28,1653.0,1683.5,1647.0,1669.0,10055000,94.09105662366237,95.63446065971274
2020/05/29,1635.5,1666.0,1626.5,1635.5,8616200,91.80680904093506,94.29206007263062
2020/06/01,1634.0,1650.0,1629.5,1644.0,3395200,91.34751709800013,94.34608434729535
2020/06/02,1659.5,1703.5,1659.0,1693.5,6313800,91.6566868295976,94.67172371577313
2020/06/03,1740.0,1756.0,1734.0,1743.0,7388300,92.83239092904745,96.68347125684248
2020/06/04,1756.0,1783.5,1716.0,1729.5,5533800,92.38746984004904,95.96769085998596
2020/06/05,1726.5,1748.0,1713.5,1746.0,4155200,92.08263066926423,95.80128276006057
2020/06/08,1780.0,1783.0,1761.0,1782.0,5026900,92.48013174526874,96.58534090817714
2020/06/09,1778.0,1779.5,1741.0,1759.5,4466700,91.28432944873,95.310079782575
2020/06/10,1738.5,1761.5,1736.0,1748.0,4038600,90.90391895052751,95.17136681109625
2020/06/11,1711.0,1716.5,1687.5,1688.5,5027300,90.76607474661745,94.09006992897385
2020/06/12,1636.5,1682.5,1630.5,1676.5,5817300,90.6951144741114,94.33800519520194
2020/06/15,1658.5,1678.5,1635.0,1635.0,3881800,91.66270614427809,93.9754298928838
2020/06/16,1661.0,1711.0,1658.5,1702.5,5509100,91.95451335997546,94.98614069550172
2020/06/17,1678.5,1684.5,1662.0,1671.5,4644700,89.76776952233581,92.59398761461442
2020/06/18,1662.5,1682.5,1653.5,1674.0,4053700,91.13474269738009,93.5343520708889
2020/06/19,1687.0,1688.5,1661.5,1674.5,8687700,89.26764626488523,92.19065317153759
2020/06/22,1661.0,1672.0,1654.0,1654.5,3532200,87.95773937434974,90.874355264263
2020/06/23,1651.0,1676.0,1640.0,1655.0,6121800,88.60902366358219,91.68235226089658
2020/06/24,1627.0,1639.0,1623.5,1629.5,4286800,86.93340139857251,90.18864929151869
2020/06/25,1600.5,1613.0,1584.5,1591.5,4951900,86.26560783697647,89.4971511541506
2020/06/26,1610.5,1629.0,1605.5,1623.0,4241900,87.45037095036588,90.99265799372796
2020/06/29,1600.5,1613.0,1595.0,1596.0,4872300,87.69555283536839,90.80677852038761
2020/06/30,1630.0,1631.5,1592.5,1594.5,5200600,85.16042601135932,88.98944919451232
2020/07/01,1595.0,1598.0,1565.5,1568.5,4522500,85.42390708221374,89.65618773801698
2020/07/02,1549.0,1593.5,1547.5,1581.0,4536200,85.43357170059281,89.83653006832249
2020/07/03,1588.5,1595.0,1563.5,1569.0,2706300,85.07249806516802,89.52626432230218
2020/07/06,1578.5,1600.0,1577.0,1594.0,2353100,84.4710144167666,89.17067382814595
2020/07/07,1595.0,1597.0,1569.0,1574.5,3479400,83.4822349444262,87.72230441670827
2020/07/08,1574.0,1596.0,1567.0,1574.0,3743700,83.59187607220899,87.89384266354836
2020/07/09,1570.5,1576.5,1555.5,1566.5,3900500,83.16726139052892,87.75999966186684
2020/07/10,1565.0,1571.0,1550.5,1560.0,4758800,83.59493141484616,88.22771143455341
2020/07/13,1587.0,1604.5,1580.0,1602.5,3865300,83.4271918624652,88.0275289690135
2020/07/14,1598.0,1613.0,1589.5,1601.5,3291100,84.10500934557199,88.414947747381
2020/07/15,1625.0,1657.0,1625.0,1655.0,4806500,85.69545262910165,90.31485609179865
2020/07/16,1664.5,1671.5,1645.5,1650.5,3864100,86.75165678108948,91.19611066644495
2020/07/17,1643.0,1652.5,1638.0,1644.0,2869600,86.45799612862929,90.83509483856542
2020/07/20,1645.0,1662.5,1637.0,1657.0,2917000,87.123726447939,91.20425805949337
2020/07/21,1641.0,1647.0,1621.5,1630.5,4313700,85.72549038752736,89.93655852998363
2020/07/22,1633.5,1655.0,1631.0,1638.5,3505500,87.19774282551442,91.50690184049093
2020/07/27,1620.5,1645.5,1612.0,1645.5,3755600,87.47969654688121,91.45394561288535
2020/07/28,1640.0,1659.0,1635.0,1643.0,2909700,87.48267297656861,91.67903088655231
2020/07/29,1624.5,1649.0,1617.0,1643.5,3325400,88.77177835490882,93.34355105268628
2020/07/30,1660.0,1661.0,1625.0,1629.5,3620400,89.12499367964524,94.10155728285979
2020/07/31,1620.5,1621.0,1572.0,1574.0,6809700,89.35379209660522,94.29271898625016
2020/08/03,1594.5,1628.5,1590.5,1627.5,4389400,90.76089883970863,96.15207796984201
2020/08/04,1645.5,1663.5,1622.5,1639.0,5359200,87.84204386757794,92.85648967481231
2020/08/05,1630.0,1659.0,1622.5,1657.0,3344200,89.74348330465126,95.01431354885077
2020/08/06,1653.5,1690.0,1644.0,1684.0,5135100,93.55459390102085,98.47884123479169
2020/08/07,1677.5,1677.5,1657.0,1660.0,3688900,92.52120032501465,97.10942530158572
2020/08/11,1695.5,1735.0,1690.5,1734.0,5932900,95.70857541606046,99.77486374798872
2020/08/12,1729.0,1768.5,1724.5,1768.0,6292900,96.59192120324283,99.77283385898717
2020/08/13,1779.5,1793.0,1770.0,1774.0,5912100,94.79446903892249,98.67612849451608
2020/08/14,1771.0,1783.0,1760.0,1772.0,4188000,94.73113557058636,98.85779864894945
2020/08/17,1777.0,1794.0,1771.5,1772.5,2919900,96.01863253834465,100.11190653385538
2020/08/18,1766.0,1776.5,1752.0,1767.5,2867100,95.77035735996705,99.86702226268088
2020/08/19,1750.5,1779.5,1746.0,1777.0,3310300,96.6403125493271,100.5194379177753
2020/08/20,1759.5,1771.0,1749.0,1750.0,3013100,96.02626346266794,99.77618906836254
2020/08/21,1765.0,1779.0,1760.0,1765.0,2537800,97.75444520981168,101.31627992131193
2020/08/24,1771.5,1788.0,1768.5,1785.0,2842600,97.4558156808514,101.67926827052483
2020/08/25,1801.5,1815.0,1795.0,1800.5,4788000,98.25706401597463,102.56947998758561
2020/08/26,1793.0,1797.0,1780.0,1794.5,3417500,96.9813080948055,101.18818656455444
2020/08/27,1792.5,1793.0,1774.0,1785.0,2727100,96.57293187699082,101.02011958936856
2020/08/28,1798.0,1812.5,1766.0,1783.0,4675900,97.00961839286529,101.00219498393068
2020/08/31,1861.0,1937.5,1855.0,1914.0,13594600,102.56129518469086,107.05820315106178
2020/09/01,1940.0,1988.0,1939.5,1952.0,7795800,103.2336427048908,108.28414367728531
2020/09/02,1978.5,1979.0,1942.5,1956.5,4882400,103.81417320021384,108.48191690699147
2020/09/03,1970.0,1974.5,1955.0,1964.5,3577600,103.4750404730376,108.32051490946431
2020/09/04,1940.5,1959.0,1935.0,1951.0,3539200,103.6856905362469,107.91478276177277
2020/09/07,1962.0,1965.5,1942.5,1953.0,3475000,103.48120520973076,107.99815056974089
2020/09/08,1967.5,1971.5,1932.0,1943.5,3532800,99.90724766658221,104.4787946062112
2020/09/09,1928.0,1928.0,1896.5,1919.5,6509100,98.32982359707472,103.44203888222509
2020/09/10,1927.0,1945.0,1908.5,1940.0,5590000,99.30450744166367,104.09773584311206
2020/09/11,1900.0,1938.5,1895.0,1927.5,6010800,98.14161038033576,102.76273688230604
2020/09/14,1926.0,1936.0,1914.0,1930.0,4157400,94.61253616871403,99.07145017932056
2020/09/15,1925.5,1927.5,1910.0,1912.0,3469800,94.14738140066684,98.76117353885898
2020/09/16,1905.5,1914.0,1897.5,1908.5,3068000,96.34911190846015,100.63189507396093
2020/09/17,1910.5,1915.0,1890.0,1890.0,3463400,97.18083460227209,101.37437826140531
2020/09/18,1894.5,1897.5,1872.5,1877.0,5728600,95.61060534943638,99.30379472139593
2020/09/23,1865.0,1894.5,1865.0,1887.5,5048500,97.49556576150378,101.84853752855435
2020/09/24,1877.0,1885.0,1873.5,1877.5,3353900,97.89579158882972,102.31180308465677
2020/09/25,1892.0,1897.5,1874.0,1893.0,4781900,100.4417356224507,104.57359911817075
2020/09/28,1900.0,1910.5,1886.0,1908.5,5002400,99.88567432186949,103.13188929090353
2020/09/29,1889.5,1895.0,1858.0,1870.5,4432300,97.59138298542945,101.47821418251428
2020/09/30,1850.0,1851.0,1800.0,1803.0,5051300,95.57687331737067,99.92162773018737
2020/10/01,,,,,0,-1.0,-1.0
2020/10/02,1817.5,1830.0,1785.5,1793.5,4006200,-1.0,-1.0
2020/10/05,1816.5,1847.0,1815.0,1822.0,3402500,-1.0,-1.0
2020/10/06,1830.0,1854.0,1830.0,1851.5,3129800,-1.0,-1.0
2020/10/07,1827.0,1852.0,1826.5,1849.0,3336200,-1.0,-1.0
2020/10/08,1859.0,1861.5,1836.0,1847.0,3576100,-1.0,-1.0
2020/10/09,1860.0,1860.0,1844.0,1848.5,3048900,-1.0,-1.0
2020/10/12,1854.5,1855.5,1828.0,1832.5,2336200,-1.0,-1.0
2020/10/13,1839.0,1841.5,1826.0,1830.0,2517100,-1.0,-1.0
2020/10/14,1813.0,1823.5,1806.0,1815.5,3358600,-1.0,-1.0
2020/10/15,1814.0,1826.0,1808.0,1823.0,2541200,-1.0,-1.0
2020/10/16,1813.5,1818.5,1795.5,1795.5,2529000,-1.0,-1.0
2020/10/19,1800.5,1816.0,1798.0,1806.0,2139200,-1.0,-1.0
2020/10/20,1808.0,1810.0,1783.5,1784.5,2154300,-1.0,-1.0
2020/10/21,1783.0,1793.0,1777.0,1782.0,2315000,-1.0,-1.0
2020/10/22,1770.0,1771.0,1755.5,1764.5,2073700,-1.0,-1.0
2020/10/23,1784.0,1809.5,1777.5,1804.5,3160700,-1.0,-1.0
2020/10/26,1809.5,1809.5,1786.5,1791.5,2666300,-1.0,-1.0
2020/10/27,1782.5,1784.0,1761.0,1772.5,2090300,-1.0,-1.0
2020/10/28,1754.5,1756.5,1733.0,1744.0,3225900,-1.0,-1.0
2020/10/29,1725.5,1744.5,1720.0,1740.0,2237600,-1.0,-1.0
2020/10/30,1727.5,1735.0,1610.5,1630.0,9502600,-1.0,-1.0
2020/11/02,1650.0,1695.0,1650.0,1678.5,4865800,-1.0,-1.0
2020/11/04,1728.0,1755.5,1701.5,1714.0,7546100,-1.0,-1.0
2020/11/05,1694.0,1698.5,1674.0,1684.5,4852500,-1.0,-1.0
2020/11/06,1681.0,1712.5,1679.0,1706.0,3925100,-1.0,-1.0
2020/11/09,1718.5,1730.0,1710.0,1723.0,3193000,-1.0,-1.0
2020/11/10,1800.0,1822.0,1771.5,1793.0,6621900,-1.0,-1.0
2020/11/11,1849.0,1852.5,1804.0,1829.0,5908700,-1.0,-1.0
2020/11/12,1825.0,1825.0,1794.5,1812.0,3578900,-1.0,-1.0
2020/11/13,1806.0,1807.0,1769.0,1781.0,3530400,-1.0,-1.0
2020/11/16,1816.0,1840.0,1809.0,1832.0,5402100,-1.0,-1.0
2020/11/17,1853.5,1872.5,1840.5,1864.5,6167200,-1.0,-1.0
2020/11/18,1874.5,1882.0,1850.5,1859.5,4491500,-1.0,-1.0
2020/11/19,1850.0,1879.5,1846.0,1877.5,4273100,-1.0,-1.0
2020/11/20,1859.5,1859.5,1834.5,1842.5,3459100,-1.0,-1.0
2020/11/24,1890.0,1898.5,1877.5,1882.5,5583600,-1.0,-1.0
2020/11/25,1882.5,1889.0,1861.0,1865.5,4920200,-1.0,-1.0
2020/11/26,1859.0,1874.0,1828.0,1865.5,4177200,-1.0,-1.0
2020/11/27,1865.0,1879.0,1861.5,1871.0,4795000,-1.0,-1.0
2020/11/30,1855.0,1874.0,1770.0,1780.0,9322900,-1.0,-1.0
2020/12/01,1800.0,1812.5,1779.5,1799.0,4147700,-1.0,-1.0
2020/12/02,1829.5,1837.0,1818.5,1828.0,4347200,-1.0,-1.0
2020/12/03,1842.0,1872.0,1840.5,1867.5,4919300,-1.0,-1.0
2020/12/04,1855.5,1874.5,1853.0,1865.5,2585900,-1.0,-1.0
2020/12/07,1895.5,1943.0,1894.0,1910.0,6150800,-1.0,-1.0
2020/12/08,1892.5,1920.0,1883.0,1892.0,3778000,-1.0,-1.0
2020/12/09,1885.5,1894.0,1876.0,1883.0,3457600,-1.0,-1.0
2020/12/10,1895.0,1907.5,1890.5,1900.5,3879400,-1.0,-1.0
2020/12/11,1924.5,1929.5,1910.0,1928.5,4875100,-1.0,-1.0
2020/12/14,1926.0,1945.0,1904.5,1922.5,3433900,-1.0,-1.0
2020/12/15,1901.5,1910.5,1881.0,1881.5,3423800,-1.0,-1.0
2020/12/16,1907.5,1922.0,1907.5,1921.0,3179900,-1.0,-1.0
2020/12/17,1910.5,1916.5,1902.5,1908.0,2429000,-1.0,-1.0
2020/12/18,1912.0,1920.0,1901.0,1913.5,5346600,-1.0,-1.0
2020/12/21,1916.0,1918.0,1888.0,1904.5,2826000,-1.0,-1.0
2020/12/22,1887.5,1889.5,1867.5,1876.0,3363100,-1.0,-1.0
2020/12/23,1883.5,1883.5,1852.0,1864.5,2437600,-1.0,-1.0
2020/12/24,1880.0,1892.0,1872.0,1874.0,2911300,-1.0,-1.0
2020/12/25,1880.0,1914.0,1879.5,1908.5,2510900,-1.0,-1.0
2020/12/28,1914.0,1921.0,1891.0,1898.0,2864000,-1.0,-1.0
2020/12/29,1884.0,1911.0,1873.0,1911.0,3382400,-1.0,-1.0
2020/12/30,1905.0,1905.0,1886.5,1889.5,2678200,-1.0,-1.0
2021/01/04,1892.5,1895.5,1858.5,1875.0,2636300,-1.0,-1.0
2021/01/05,1868.0,1886.0,1867.0,1876.5,2382300,-1.0,-1.0
2021/01/06,1881.5,1906.5,1881.0,1904.0,3388700,-1.0,-1.0
2021/01/07,1937.0,1998.5,1936.0,1985.5,8817000,-1.0,-1.0
2021/01/08,1972.0,1988.0,1966.5,1983.5,4696000,-1.0,-1.0
2021/01/12,1966.5,1972.0,1936.5,1960.0,5628900,-1.0,-1.0
2021/01/13,1960.0,2000.0,1954.0,1998.0,6208600,-1.0,-1.0
2021/01/14,2000.0,2026.5,1988.0,2000.0,6677300,-1.0,-1.0
2021/01/15,2000.0,2001.0,1981.5,1983.5,3528400,-1.0,-1.0
2021/01/18,1970.0,1989.5,1964.5,1978.5,3216800,-1.0,-1.0
2021/01/19,1973.0,2002.5,1967.5,1984.0,3641800,-1.0,-1.0
2021/01/20,2000.0,2029.5,1991.0,2028.5,5481800,-1.0,-1.0
2021/01/21,2035.0,2062.5,2029.5,2051.5,6392300,-1.0,-1.0
2021/01/22,2041.5,2074.0,2039.0,2059.5,5755400,-1.0,-1.0
2021/01/25,2054.5,2068.0,2033.5,2037.0,3091100,-1.0,-1.0
2021/01/26,2028.0,2030.5,1996.0,2002.0,4969500,-1.0,-1.0
2021/01/27,2010.0,2030.0,2010.0,2019.0,4554600,-1.0,-1.0
2021/01/28,1954.5,1999.0,1952.0,1979.5,13153600,-1.0,-1.0
2021/01/29,1989.0,1992.0,1936.5,1936.5,4741600,-1.0,-1.0
2021/02/01,1932.0,1955.5,1931.0,1931.0,2803900,-1.0,-1.0
2021/02/02,1927.5,1943.0,1922.0,1941.0,3203700,-1.0,-1.0
2021/02/03,1956.0,1979.0,1945.0,1974.0,5579200,-1.0,-1.0
2021/02/04,1976.0,1988.0,1931.0,1932.0,7871800,-1.0,-1.0
2021/02/05,1950.0,1959.5,1927.5,1938.5,4990400,-1.0,-1.0
2021/02/08,1951.0,2011.5,1950.0,2010.0,5749300,-1.0,-1.0
2021/02/09,2023.0,2024.5,1982.0,1994.0,4755300,-1.0,-1.0
2021/02/10,1995.0,2018.5,1991.0,2008.0,3069600,-1.0,-1.0
2021/02/12,2008.0,2013.0,1986.0,2009.0,3344000,-1.0,-1.0
2021/02/15,2028.0,2059.0,2026.0,2057.5,4886800,-1.0,-1.0
2021/02/16,2070.0,2120.0,2069.0,2112.5,6095700,-1.0,-1.0
2021/02/17,2135.5,2190.0,2130.5,2185.0,6990700,-1.0,-1.0
2021/02/18,2201.0,2233.5,2152.5,2158.5,6651000,-1.0,-1.0
2021/02/19,2138.0,2180.0,2130.5,2174.5,4318300,-1.0,-1.0
2021/02/22,2200.0,2239.0,2198.5,2214.5,5027900,-1.0,-1.0
2021/02/24,2250.0,2281.0,2232.5,2255.0,7867900,-1.0,-1.0
2021/02/25,2350.0,2362.5,2306.5,2324.0,9634700,-1.0,-1.0
2021/02/26,2291.0,2303.0,2260.0,2263.5,8131100,-1.0,-1.0
2021/03/01,2266.5,2305.5,2266.5,2289.0,5018600,-1.0,-1.0
2021/03/02,2307.5,2316.5,2241.5,2250.0,5576500,-1.0,-1.0
2021/03/03,2258.0,2313.0,2257.0,2310.5,5510000,-1.0,-1.0
2021/03/04,2276.0,2292.0,2247.5,2274.5,5627900,-1.0,-1.0
2021/03/05,2275.0,2286.5,2241.0,2286.0,5592200,-1.0,-1.0
2021/03/08,2312.0,2313.0,2275.0,2285.0,6635400,-1.0,-1.0
2021/03/09,2304.0,2336.0,2286.0,2336.0,6726600,-1.0,-1.0
2021/03/10,2313.0,2324.0,2296.0,2310.5,6061000,-1.0,-1.0
2021/03/11,2321.0,2361.0,2312.5,2331.0,6291000,-1.0,-1.0
2021/03/12,2341.5,2382.5,2333.0,2382.5,8227900,-1.0,-1.0
2021/03/15,2385.0,2394.5,2371.0,2387.5,5509700,-1.0,-1.0
2021/03/16,2376.5,2394.0,2358.5,2376.5,5958900,-1.0,-1.0
2021/03/17,2360.0,2389.0,2347.0,2382.0,4642800,-1.0,-1.0
2021/03/18,2382.0,2393.5,2373.0,2388.0,5698700,-1.0,-1.0
2021/03/19,2349.0,2381.5,2341.5,2372.0,9598100,-1.0,-1.0
2021/03/22,2370.5,2402.5,2365.5,2384.5,6666400,-1.0,-1.0
2021/03/23,2400.0,2413.0,2376.0,2379.5,4807300,-1.0,-1.0
2021/03/24,2345.0,2349.5,2288.5,2313.5,6350500,-1.0,-1.0
2021/03/25,2340.0,2366.5,2325.0,2348.0,4091100,-1.0,-1.0
2021/03/26,2385.5,2393.0,2363.5,2381.5,5220600,-1.0,-1.0
2021/03/29,2400.5,2415.0,2365.5,2389.5,6913600,-1.0,-1.0
2021/03/30,2339.0,2365.0,2310.0,2331.0,5556900,-1.0,-1.0
2021/03/31,2331.0,2342.5,2301.5,2302.0,4694000,-1.0,-1.0
2021/04/01,2299.5,2303.5,2232.5,2246.5,5695300,-1.0,-1.0
2021/04/02,2273.0,2284.5,2198.0,2224.5,4450700,-1.0,-1.0
2021/04/05,2225.0,2331.0,2212.5,2328.0,7033600,-1.0,-1.0
2021/04/06,2327.0,2333.0,2298.5,2325.5,5691700,-1.0,-1.0
2021/04/07,2325.0,2342.5,2305.0,2342.5,4681800,-1.0,-1.0
2021/04/08,2311.5,2327.0,2287.5,2301.0,4054800,-1.0,-1.0
2021/04/09,2314.0,2318.0,2286.5,2290.0,4711900,-1.0,-1.0
2021/04/12,2290.5,2311.5,2284.5,2293.0,3996300,-1.0,-1.0
2021/04/13,2303.0,2328.5,2296.5,2303.0,3688500,-1.0,-1.0
2021/04/14,2296.5,2296.5,2275.5,2283.0,3597900,-1.0,-1.0
2021/04/15,2300.0,2326.0,2297.0,2300.0,3402500,-1.0,-1.0
2021/04/16,2300.0,2309.0,2292.0,2308.0,3733800,-1.0,-1.0
2021/04/19,2298.0,2313.0,2290.5,2310.0,2493900,-1.0,-1.0
2021/04/20,2291.0,2291.5,2260.5,2276.5,4325500,-1.0,-1.0
2021/04/21,2232.5,2268.0,2230.5,2263.0,3918800,-1.0,-1.0
2021/04/22,2291.0,2292.0,2252.5,2271.5,4180600,-1.0,-1.0
2021/04/23,2256.0,2272.0,2252.0,2272.0,2617400,-1.0,-1.0
2021/04/26,2288.0,2293.0,2259.0,2269.5,3589100,-1.0,-1.0
2021/04/27,2259.5,2263.5,2230.5,2232.5,4294900,-1.0,-1.0
2021/04/28,2246.0,2257.0,2226.5,2239.5,4277000,-1.0,-1.0
2021/04/30,2239.0,2368.5,2233.0,2303.5,8387500,-1.0,-1.0
2021/05/06,2403.5,2494.5,2400.5,2456.0,12757100,-1.0,-1.0
2021/05/07,2464.0,2496.0,2448.5,2496.0,6792500,-1.0,-1.0
2021/05/10,2498.0,2558.5,2487.5,2539.5,6201900,-1.0,-1.0
2021/05/11,2539.0,2545.0,2492.5,2506.0,4474000,-1.0,-1.0
2021/05/12,2487.5,2488.5,2395.5,2426.5,6514500,-1.0,-1.0
2021/05/13,2412.0,2446.5,2384.0,2388.5,4586200,-1.0,-1.0
2021/05/14,2414.0,2423.0,2391.0,2398.0,4988700,-1.0,-1.0
2021/05/17,2396.0,2411.5,2364.5,2396.5,3760400,-1.0,-1.0
2021/05/18,2409.5,2453.0,2397.0,2451.0,5021800,-1.0,-1.0
2021/05/19,2415.5,2437.0,2405.0,2421.5,4995600,-1.0,-1.0
2021/05/20,2397.5,2402.5,2369.0,2389.0,4818500,-1.0,-1.0
2021/05/21,2399.5,2407.0,2378.0,2406.5,4492500,-1.0,-1.0
2021/05/24,2406.5,2448.5,2406.0,2435.0,3613700,-1.0,-1.0
2021/05/25,2446.0,2446.5,2422.0,2446.0,3210800,-1.0,-1.0
2021/05/26,2425.0,2443.0,2421.0,2426.5,3839700,-1.0,-1.0
2021/05/27,2415.5,2423.0,2381.5,2392.0,12112100,-1.0,-1.0
2021/05/28,2430.0,2467.0,2416.0,2443.5,10099000,-1.0,-1.0
2021/05/31,2411.0,2431.5,2405.5,2414.0,4067400,-1.0,-1.0
2021/06/01,2429.5,2446.0,2409.5,2439.5,2988700,-1.0,-1.0
2021/06/02,2482.5,2533.5,2451.0,2533.0,5800100,-1.0,-1.0
2021/06/03,2530.0,2564.0,2518.0,2543.0,4412800,-1.0,-1.0
2021/06/04,2533.5,2551.5,2519.0,2551.5,3442900,-1.0,-1.0
2021/06/07,2537.0,2558.0,2536.0,2552.5,3823100,-1.0,-1.0
2021/06/08,2526.5,2537.0,2517.5,2535.5,5214300,-1.0,-1.0
2021/06/09,2549.0,2555.5,2524.5,2541.0,3388300,-1.0,-1.0
2021/06/10,2536.5,2558.5,2531.5,2552.0,3384400,-1.0,-1.0
2021/06/11,2552.0,2552.5,2520.0,2547.0,4231900,-1.0,-1.0
2021/06/14,2600.0,2613.5,2584.0,2597.0,3852500,-1.0,-1.0
2021/06/15,2585.0,2613.0,2582.5,2604.0,3450500,-1.0,-1.0
2021/06/16,2613.5,2634.0,2606.0,2625.0,3102900,-1.0,-1.0
2021/06/17,2623.5,2641.0,2601.5,2605.5,3397400,-1.0,-1.0
2021/06/18,2520.5,2540.0,2505.0,2508.0,9304300,-1.0,-1.0
2021/06/21,2439.0,2440.5,2414.0,2418.5,7546300,-1.0,-1.0
2021/06/22,2484.5,2535.0,2476.0,2528.0,4758600,-1.0,-1.0
2021/06/23,2532.5,2556.0,2531.0,2536.5,3895500,-1.0,-1.0
2021/06/24,2516.0,2537.5,2511.0,2527.0,2458100,-1.0,-1.0
2021/06/25,2550.0,2554.0,2524.5,2550.5,3392900,-1.0,-1.0
2021/06/28,2553.0,2558.0,2542.0,2546.5,1993000,-1.0,-1.0
2021/06/29,2519.0,2524.5,2498.0,2503.0,2860900,-1.0,-1.0
2021/06/30,2512.0,2524.5,2500.5,2500.5,2459000,-1.0,-1.0
2021/07/01,2510.0,2511.5,2463.0,2476.5,3589900,-1.0,-1.0
2021/07/02,2480.0,2517.5,2480.0,2517.0,2606700,-1.0,-1.0
2021/07/05,2500.0,2546.5,2495.0,2535.0,3063900,-1.0,-1.0
2021/07/06,2566.5,2620.0,2564.5,2610.5,4529400,-1.0,-1.0
2021/07/07,2565.0,2565.0,2527.0,2528.5,4522700,-1.0,-1.0
2021/07/08,2550.0,2559.5,2528.0,2528.0,3332500,-1.0,-1.0
2021/07/09,2488.5,2523.5,2467.0,2519.5,5738200,-1.0,-1.0
2021/07/12,2588.0,2588.0,2555.0,2562.5,3200700,-1.0,-1.0
2021/07/13,2586.0,2596.5,2577.0,2591.5,2528900,-1.0,-1.0
2021/07/14,2593.0,2602.0,2570.0,2570.0,2733800,-1.0,-1.0
2021/07/15,2554.0,2554.0,2533.0,2540.0,2835600,-1.0,-1.0
2021/07/16,2538.5,2561.0,2534.5,2540.0,2457200,-1.0,-1.0
2021/07/19,2510.5,2540.0,2505.5,2523.5,2086800,-1.0,-1.0
2021/07/20,2473.5,2492.5,2461.5,2469.5,3653300,-1.0,-1.0
2021/07/21,2517.0,2522.0,2464.0,2471.5,2907500,-1.0,-1.0
2021/07/26,2535.0,2562.5,2523.5,2554.0,3858400,-1.0,-1.0
2021/07/27,2565.0,2565.0,2542.0,2547.5,2620500,-1.0,-1.0
2021/07/28,2541.5,2561.5,2535.0,2547.0,2344400,-1.0,-1.0
2021/07/29,2529.5,2545.0,2523.0,2533.0,1882900,-1.0,-1.0
2021/07/30,2544.5,2549.0,2495.5,2499.5,4489300,-1.0,-1.0
2021/08/02,2515.0,2566.0,2513.5,2566.0,3449800,-1.0,-1.0
2021/08/03,2566.0,2746.5,2558.0,2735.0,12161900,-1.0,-1.0
2021/08/04,2698.5,2715.0,2633.0,2646.5,5997100,-1.0,-1.0
2021/08/05,2654.5,2682.5,2644.0,2650.5,4062700,-1.0,-1.0
2021/08/06,2645.0,2652.0,2617.0,2635.0,3755800,-1.0,-1.0
2021/08/10,2627.5,2649.5,2606.5,2615.0,3998800,-1.0,-1.0
2021/08/11,2610.5,2647.0,2607.5,2631.0,4498700,-1.0,-1.0
2021/08/12,2650.5,2658.5,2615.0,2615.0,3157500,-1.0,-1.0
2021/08/13,2621.0,2648.0,2617.5,2633.5,3151600,-1.0,-1.0
2021/08/16,2609.5,2618.5,2553.0,2558.5,4749000,-1.0,-1.0
2021/08/17,2575.0,2586.0,2548.0,2550.5,3280200,-1.0,-1.0
2021/08/18,2555.0,2607.5,2553.0,2574.0,4359000,-1.0,-1.0
2021/08/19,2500.0,2515.0,2417.0,2417.5,10536500,-1.0,-1.0
2021/08/20,2387.5,2389.5,2315.0,2320.0,10262000,-1.0,-1.0
2021/08/23,2352.5,2382.5,2328.0,2338.0,8657400,-1.0,-1.0
2021/08/24,2362.5,2395.0,2354.0,2388.0,4830600,-1.0,-1.0
2021/08/25,2396.0,2414.5,2370.5,2382.0,3867900,-1.0,-1.0
2021/08/26,2404.0,2404.5,2384.0,2397.5,3221300,-1.0,-1.0
2021/08/27,2376.5,2380.0,2357.5,2365.0,4458200,-1.0,-1.0
2021/08/30,2394.0,2435.0,2392.5,2435.0,4474000,-1.0,-1.0
2021/08/31,2413.0,2438.5,2400.0,2429.0,7411100,-1.0,-1.0
2021/09/01,2428.0,2454.0,2426.5,2446.0,3340500,-1.0,-1.0
2021/09/02,2450.0,2457.5,2433.0,2446.0,3505200,-1.0,-1.0
2021/09/03,2450.0,2477.0,2439.0,2473.0,5103100,-1.0,-1.0
2021/09/06,2514.0,2519.0,2492.0,2506.0,4350800,-1.0,-1.0
2021/09/07,2510.0,2520.5,2494.5,2512.5,4782200,-1.0,-1.0
2021/09/08,2516.5,2533.0,2508.0,2533.0,5076000,-1.0,-1.0
2021/09/09,2510.0,2534.5,2505.5,2521.5,5598300,-1.0,-1.0
2021/09/10,2520.0,2564.5,2517.5,2558.5,6691800,-1.0,-1.0
2021/09/13,2564.0,2602.0,2559.0,2602.0,4542500,-1.0,-1.0
2021/09/14,2606.5,2619.0,2586.0,2605.0,5322500,-1.0,-1.0
2021/09/15,2564.5,2580.0,2548.5,2557.0,4689500,-1.0,-1.0
2021/09/16,2574.0,2582.5,2547.0,2555.5,3972200,-1.0,-1.0
2021/09/17,2547.0,2558.0,2490.5,2512.0,12362300,-1.0,-1.0
2021/09/21,2400.0,2454.0,2394.5,2445.0,9807500,-1.0,-1.0
2021/09/22,2400.0,2413.0,2354.0,2375.0,8915500,-1.0,-1.0
2021/09/24,2469.0,2473.0,2410.0,2433.5,7158500,-1.0,-1.0
2021/09/27,2455.5,2475.5,2449.5,2467.0,5020800,-1.0,-1.0
2021/09/28,2497.0,2512.5,2467.0,2512.5,7348400,-1.0,-1.0
2021/09/29,2431.0,2477.5,2431.0,2440.0,10694700,-1.0,-1.0
2021/09/30,2469.0,2483.5,2443.0,2464.0,5913500,-1.0,-1.0
2021/10/01,2414.0,2433.0,2383.5,2398.0,5821600,107.0246549350638,108.32188033248724
2021/10/04,2443.0,2449.5,2400.0,2413.0,3527100,108.53925422426029,109.8485683054564
2021/10/05,2413.0,2433.5,2382.0,2420.0,5347000,110.08872752111184,110.4389579880787
2021/10/06,2451.5,2500.0,2440.5,2467.5,5089300,113.54579259663407,113.14750294393691
2021/10/07,2458.5,2473.0,2424.0,2457.0,5129500,113.65213484240542,113.53843990238576
2021/10/08,2490.0,2506.0,2474.5,2490.0,5442300,113.43253350074744,113.11179190447558
2021/10/11,2519.5,2582.0,2513.0,2581.0,6738900,116.43343997897182,115.92774121237068
2021/10/12,2569.0,2597.5,2553.5,2597.0,5122200,118.64388393993097,118.03620170347335
2021/10/13,2580.0,2603.5,2551.0,2560.0,4995300,118.39106190508684,117.4381934961298
2021/10/14,2531.5,2567.5,2523.0,2561.5,4285000,115.68815337705054,115.39331473568417
2021/10/15,2587.0,2592.0,2568.5,2592.0,3987700,116.2620897225959,115.38501231264173
2021/10/18,2610.0,2634.5,2595.5,2631.0,5112800,118.80726037488967,118.1750804881498
2021/10/19,2620.5,2631.5,2602.0,2610.5,2799300,118.00449850677421,117.3536568646861
2021/10/20,2620.0,2632.5,2589.0,2591.0,3084400,117.48677909208179,117.42762229116863
2021/10/21,2612.0,2633.5,2585.0,2587.5,3651300,119.90549314298873,118.71663002270436
2021/10/22,2556.0,2599.0,2548.0,2574.5,2841400,116.47822377830856,115.81396357912679
2021/10/25,2567.5,2618.5,2558.5,2594.0,3300800,118.94444100880276,117.47902193651156
2021/10/26,2618.0,2632.5,2599.5,2618.0,4298200,119.18074128583017,118.3664179534182
2021/10/27,2603.5,2632.0,2602.5,2627.5,3514200,121.25196408557646,120.63989223790455
2021/10/28,2582.0,2588.0,2540.5,2566.5,7228300,119.41188074013678,118.82628796895476
2021/10/29,2573.0,2597.5,2554.0,2592.0,3842800,126.46058784983998,125.49722534870091
2021/11/01,2631.0,2668.0,2620.5,2667.5,5600200,124.8742292502972,124.97460637750861
2021/11/02,2700.0,2742.5,2532.0,2560.5,14995600,119.90720988634268,119.65065351765061
2021/11/04,2560.5,2566.0,2506.0,2541.5,9688700,122.06666307858242,121.10361079279947
2021/11/05,2535.5,2539.5,2508.5,2519.0,4032100,121.29549237245836,119.95811497692874
2021/11/08,2550.5,2561.0,2535.5,2540.0,3369500,124.09990261109469,121.82523223948533
2021/11/09,2539.0,2546.0,2481.5,2487.0,4328100,117.96149826517855,116.85892870314534
2021/11/10,2490.0,2509.5,2453.0,2457.5,3508100,117.01910402203328,115.7010604900207
2021/11/11,2467.5,2506.0,2466.0,2495.5,2577400,120.0482121420205,118.02496709783357
2021/11/12,2545.5,2568.0,2525.5,2567.5,5690200,123.59491897714526,120.32597754632069
2021/11/15,2570.0,2571.0,2552.0,2557.0,2730600,121.4348068589554,117.99545882608473
2021/11/16,2570.0,2612.5,2564.5,2593.0,4377400,121.37326354380065,117.63182403840374
2021/11/17,2599.5,2605.0,2570.5,2578.0,3014200,120.14600978441979,117.03146513548252
2021/11/18,2568.0,2584.5,2555.5,2573.5,3090500,118.71191673040842,116.2553093020029
2021/11/19,2618.0,2698.5,2602.0,2698.5,11222100,125.68814697963195,123.74049229455704
2021/11/22,2673.5,2680.0,2632.0,2646.0,5124100,123.52264947593916,121.26325958830991
2021/11/24,2701.0,2733.0,2683.0,2690.0,6159100,129.40583961624904,126.23973882319729
2021/11/25,2695.5,2772.0,2694.5,2752.5,5879900,132.73258604909455,129.52449493042883
2021/11/26,2708.0,2721.0,2667.5,2682.5,5811700,132.86623265478127,129.03801994453516
2021/11/29,2633.5,2670.0,2625.5,2632.0,5115600,138.1920072042525,133.17639471435893
2021/11/30,2667.0,2677.5,2557.0,2557.0,14544000,136.8509439317732,130.34347552196988
2021/12/01,2533.0,2571.5,2532.0,2559.5,5622200,134.3294704405505,128.2489716189146
2021/12/02,2541.0,2559.0,2523.5,2540.0,3828400,131.38445655693826,125.3409324523288
2021/12/03,2553.0,2554.5,2513.0,2537.0,5343500,129.7934260186173,123.3592923235647
2021/12/06,2570.0,2582.5,2533.0,2554.0,2972400,127.11012175679733,120.89235462947023
2021/12/07,2571.5,2629.0,2567.0,2621.5,5445000,128.8745057505411,122.46932290783803
2021/12/08,2589.5,2632.0,2573.0,2609.0,4627700,128.74889704712254,123.13629817981455
2021/12/09,2606.5,2621.5,2578.0,2578.0,3180600,126.34934029493903,121.027454553713
2021/12/10,2598.0,2611.0,2566.5,2570.0,3431300,124.89821184033536,120.21287387309296
2021/12/13,2594.5,2594.5,2563.5,2573.0,2896200,124.91989041743639,121.14284946461726
2021/12/14,2571.0,2612.0,2569.0,2590.0,3599400,129.2087069841132,124.28252887856664
2021/12/15,2582.5,2621.5,2582.0,2616.0,3207900,128.03351328030126,122.63941017187634
2021/12/16,2645.5,2649.0,2617.5,2623.5,3029300,126.81058782123067,122.43912313469893
2021/12/17,2650.0,2675.5,2635.0,2650.0,7252900,129.842879179304,125.14436159359106
2021/12/20,2628.5,2643.5,2593.5,2599.0,3472200,130.49043913250898,125.76170450585349
2021/12/21,2630.0,2646.0,2602.0,2643.0,3497400,130.6031519934888,125.9602024182961
2021/12/22,2673.0,2684.0,2646.5,2662.5,2831700,132.61338937943177,127.85703341688863
2021/12/23,2682.5,2709.5,2677.5,2709.5,3567400,133.88989711656447,128.9468138203254
2021/12/24,2699.5,2710.0,2683.0,2693.0,1709700,130.68304217393813,126.30667464890277
2021/12/27,2695.0,2695.0,2672.0,2676.5,1659000,132.05503695310355,127.48055315770381
2021/12/28,2717.5,2723.0,2700.5,2715.0,2342500,134.73619783377524,128.90391584939687
2021/12/29,2730.0,2748.0,2710.0,2719.5,2078100,136.64415148595322,129.93667544369734
2021/12/30,2725.0,2730.5,2705.5,2723.5,2114400,137.5177284109442,130.83684904943794
2022/01/04,2730.0,2763.5,2715.5,2763.0,3245800,136.47277519634062,129.90867228786945
2022/01/05,2795.0,2839.0,2783.5,2834.5,5347300,137.3181991056859,131.12474097358842
2022/01/06,2835.0,2845.0,2793.0,2798.0,4150000,135.98613597241715,128.87530267470345
2022/01/07,2810.5,2819.5,2779.0,2785.5,3514000,138.7592854589952,130.52987419804305
2022/01/11,2800.5,2806.0,2768.0,2805.0,3588200,142.81742509763097,133.82891469066868
2022/01/12,2820.0,2870.5,2811.0,2870.5,4187100,142.1250338128917,132.64393959762768
2022/01/13,2879.5,2939.5,2872.5,2927.5,5231100,147.449494157947,136.71923333898414
2022/01/14,2885.5,2893.0,2820.5,2856.5,6046200,146.03523195850985,135.19825283812133
2022/01/17,2899.0,2930.0,2880.5,2891.0,3077300,145.6498973300615,135.73418998255283
2022/01/18,2917.0,2921.5,2863.5,2870.0,3709400,146.58318882764587,135.69725017764628
2022/01/19,2821.5,2868.0,2815.0,2841.0,4585200,145.43887892151915,134.93712502779974
2022/01/20,2850.0,2876.0,2822.0,2860.5,3836600,144.37440066008156,133.83208919310746
2022/01/21,2853.0,2864.0,2816.0,2853.5,3122400,144.13695072302104,133.48163062857927
2022/01/24,2847.5,2851.5,2810.5,2849.0,3334400,146.11804804690829,134.94383299539257
2022/01/25,2840.0,2840.0,2777.5,2799.0,4735300,147.10098521325688,136.22614480983555
2022/01/26,2812.0,2829.5,2792.0,2812.5,2568500,147.67623647053298,136.96159380145573
2022/01/27,2856.0,2858.5,2756.0,2779.0,4764000,151.26334941287195,140.1154387452829
2022/01/28,2808.5,2843.5,2800.0,2843.0,3915700,152.00978355210506,141.48365977862906
2022/01/31,2829.0,2866.0,2817.5,2853.5,3049200,153.73330526603627,142.62196687929315
2022/02/01,2853.5,2866.0,2828.5,2834.0,3383000,152.9288715616663,142.2308588036374
2022/02/02,2853.5,2904.0,2842.5,2896.5,4758500,152.6634081371746,141.771882141027
2022/02/03,2902.5,2935.0,2837.0,2877.5,8270500,154.9565538488251,144.6877811592737
2022/02/04,2955.0,2963.0,2878.0,2962.5,8839600,160.2828925423214,149.6887961100456
2022/02/07,2962.0,2965.0,2908.0,2965.0,5039500,159.09537821593958,147.35619329610654
2022/02/08,2975.0,3015.0,2955.5,2988.5,6003400,162.07689051272294,149.21439006532867
2022/02/09,3000.0,3026.0,2986.5,3013.0,5833500,160.8387478791641,148.4049729920307
2022/02/10,3030.0,3033.0,2989.0,3033.0,4638200,160.91315555012628,148.76062290138836
2022/02/14,3010.0,3069.0,3006.0,3060.0,5599900,165.22556414736758,150.5182834469309
2022/02/15,3070.0,3093.0,2963.0,2964.0,6656200,159.12263015105026,143.9994986159714
2022/02/16,3010.0,3039.0,3001.0,3020.0,4081300,152.4682145993166,139.2701963568306
2022/02/17,3061.0,3100.0,3053.0,3098.0,5840700,159.35348909034678,144.31856789348078
2022/02/18,3046.0,3121.0,3041.0,3100.0,5111700,157.78294038812012,142.90526038640573
2022/02/21,3062.0,3084.0,3043.0,3075.0,3145100,155.60224689453221,140.86843067053104
2022/02/22,3026.0,3052.0,3001.0,3029.0,4217100,150.68703367373968,135.89398188340866
2022/02/24,3001.0,3015.0,2888.5,2916.0,7489900,145.75254272430033,130.1103999635007
2022/02/25,2930.5,2995.0,2930.0,2994.5,6848100,144.73445191575783,131.46661668820335
2022/02/28,2935.0,2944.0,2806.5,2865.5,16558800,139.98832652383658,126.21731309601442
2022/03/01,2800.0,2866.5,2791.0,2826.0,10720600,137.59376711696044,125.44640701676751
2022/03/02,2797.0,2842.5,2753.0,2820.0,8007000,136.69262725760368,124.97820974588126
2022/03/03,2870.0,2959.0,2856.0,2956.5,8351600,141.49192612874225,130.1876913730749
2022/03/04,2980.0,3024.0,2931.0,2989.0,7366000,145.23806135079482,134.38382663547912
2022/03/07,3090.0,3113.0,3016.0,3072.0,9257500,153.21508170530848,141.90214612966696
2022/03/08,3102.0,3130.0,2907.0,2940.0,8937100,147.36608271793398,137.14264163914672
2022/03/09,2954.0,3017.0,2945.0,2968.5,5524800,150.9284715929782,140.2280241150054
2022/03/10,2960.0,3020.0,2955.0,3018.0,5894700,147.2183803485769,136.18567807515552
2022/03/11,3019.0,3072.0,3011.0,3039.0,6088100,150.64553504197244,138.29513782355087
2022/03/14,3055.0,3103.0,3054.0,3080.0,3779000,151.7353302635529,140.141963431098
2022/03/15,3068.0,3069.0,2953.0,2978.5,7831900,147.95155743353817,135.9575332627845
2022/03/16,2998.0,3049.0,2990.0,3009.0,6964200,146.6830617067106,135.23672858729705
2022/03/17,3047.0,3107.0,3041.0,3107.0,6926000,147.50623406709454,137.611166867631
2022/03/18,3098.0,3153.0,3080.0,3134.0,8089200,146.7255091638266,139.2484154106349
2022/03/22,3161.0,3345.0,3161.0,3332.0,8939600,149.14286639226145,142.76231390471483
2022/03/23,3358.0,3358.0,3261.0,3336.0,6500700,146.07597532742844,140.5446256358332
2022/03/24,3320.0,3368.0,3311.0,3368.0,4721700,146.60234975664926,141.5584138912392
2022/03/25,3389.0,3407.0,3363.0,3407.0,4260500,148.2797301208114,143.25531253869542
2022/03/28,3403.0,3414.0,3332.0,3356.0,4932300,147.6884916693399,141.8690881856091
2022/03/29,3399.0,3402.0,3350.0,3383.0,4774800,151.19386677256773,144.12524896342424
2022/03/30,3310.0,3337.0,3259.0,3318.0,5079800,150.05760211071765,143.1392732554086
2022/03/31,3324.0,3393.0,3287.0,3328.0,6292800,156.4877455337095,148.99703598848458
2022/04/01,3291.0,3304.0,3254.0,3296.0,4470800,159.8863038083045,150.2524052086531
2022/04/04,3281.0,3292.0,3241.0,3253.0,3357500,151.58675707285263,141.87299418460356
2022/04/05,3260.0,3270.0,3160.0,3177.0,5588900,145.999396750721,136.9816566035078
2022/04/06,3153.0,3172.0,3137.0,3146.0,4308000,145.99012273315773,137.4103513636425
2022/04/07,3106.0,3128.0,3052.0,3125.0,4427900,150.05602522885016,140.04073962518152
2022/04/08,3127.0,3155.0,3085.0,3108.0,3963800,149.7134308482018,140.20544983709664
2022/04/11,3131.0,3148.0,3087.0,3121.0,3408800,149.89879683960888,140.7882183084128
2022/04/12,3100.0,3117.0,3068.0,3091.0,2529400,151.62909631391327,141.05225620948755
2022/04/13,3123.0,3173.0,3109.0,3166.0,4089400,153.0261280048717,143.23503782605712
2022/04/14,3219.0,3253.0,3199.0,3250.0,4813600,154.15284035996135,145.0871764138895
2022/04/15,3221.0,3283.0,3207.0,3272.0,3211700,155.32113426780327,146.59425725709545
2022/04/18,3249.0,3263.0,3205.0,3243.0,2648400,155.50606810937242,146.1005362026598
2022/04/19,3273.0,3274.0,3233.0,3271.0,3163800,154.94860790106299,146.00103386325677
2022/04/20,3273.0,3304.0,3267.0,3294.0,4085900,152.46155795881916,143.50916556703388
2022/04/21,3285.0,3297.0,3263.0,3288.0,3450000,153.34022522907165,144.33723671363478
2022/04/22,3286.0,3290.0,3232.0,3245.0,2919600,152.91836037777858,143.5626418273968
2022/04/25,3151.0,3200.0,3141.0,3161.0,3765400,152.56239804966992,142.37170216789815
2022/04/26,3141.0,3153.0,3091.0,3101.0,4077900,150.82515361027575,140.7541071170016
2022/04/27,3046.0,3087.0,3036.0,3047.0,4822300,149.81073814754828,139.58880967913595
2022/04/28,3111.0,3159.0,3091.0,3150.0,3813600,146.7556795983559,136.64908389809773
2022/05/02,3215.0,3250.0,3098.0,3192.0,9184100,142.14510194189464,131.9562874291054
2022/05/06,3249.0,3386.0,3242.0,3386.0,10882900,147.48408333083617,136.8706583194249
2022/05/09,3386.0,3386.0,3282.0,3308.0,6300200,146.0946189537826,135.38526421148592
2022/05/10,3238.0,3273.0,3146.0,3148.0,7524100,137.3392010631851,128.55531158043226
2022/05/11,3110.0,3115.0,3046.0,3109.0,6309400,137.57929436592903,129.98188778001844
2022/05/12,3120.0,3202.0,3120.0,3143.0,4898600,140.2730868112434,133.01756623316848
2022/05/13,3087.0,3127.0,3065.0,3080.0,7994800,136.49263680378436,129.7645939080051
2022/05/16,3120.0,3124.0,3025.0,3035.0,6526100,132.73868591899577,127.70332995507063
2022/05/17,3065.0,3079.0,3036.0,3065.0,4374600,133.24595081537166,127.79960141727862
2022/05/18,3094.0,3129.0,3074.0,3095.0,4574000,133.19565052540082,128.52880436692104
2022/05/19,2993.0,3061.0,2991.0,3057.0,4993500,136.17830282573732,130.4270506807804
2022/05/20,3091.0,3148.0,3062.0,3124.0,5658700,137.47998653329316,131.70418863843753
2022/05/23,3125.0,3136.0,3111.0,3125.0,3972700,134.81544826318213,129.58789964086182
2022/05/24,3141.0,3166.0,3112.0,3125.0,3939700,136.38500763062078,130.56612068167445
2022/05/25,3126.0,3194.0,3123.0,3174.0,5379100,140.43741785198043,133.87894960071304
2022/05/26,3174.0,3188.0,3155.0,3165.0,3979900,141.98515513967487,134.67262358032178
2022/05/27,3193.0,3194.0,3135.0,3150.0,3985000,140.31049690420033,133.02135169469992
2022/05/30,3183.0,3203.0,3163.0,3188.0,4944900,139.25564999731046,132.10006159839642
2022/05/31,3203.0,3273.0,3190.0,3232.0,21537300,139.93876088919944,133.42197121336775
2022/06/01,3220.0,3283.0,3201.0,3283.0,4725600,136.63412828106766,129.85585668018456
2022/06/02,3295.0,3303.0,3257.0,3262.0,2948500,135.967293446128,130.4251379412106
2022/06/03,3292.0,3292.0,3213.0,3256.0,3564200,133.03506826812352,129.33083208785115
2022/06/06,3228.0,3311.0,3228.0,3309.0,3299600,134.76141806751139,131.0910200728165
2022/06/07,3298.0,3334.0,3286.0,3334.0,4175700,136.29066994243865,132.54769996085446
2022/06/08,3342.0,3442.0,3335.0,3441.0,6010000,138.4240340781872,134.5364871227158
2022/06/09,3433.0,3530.0,3422.0,3511.0,6532400,141.04640391665214,136.71756621014282
2022/06/10,3485.0,3505.0,3443.0,3459.0,4366300,141.29508063549906,136.57075329380945
2022/06/13,3401.0,3417.0,3344.0,3356.0,3882600,139.6376848884007,133.21552836860303
2022/06/14,3286.0,3316.0,3273.0,3315.0,4310700,140.74424712612844,133.87995274562726
2022/06/15,3298.0,3325.0,3210.0,3213.0,4607100,136.1846780540728,130.3094750340803
2022/06/16,3252.0,3322.0,3233.0,3274.0,4414900,137.95680629677972,132.09953520624623
2022/06/17,3180.0,3208.0,3143.0,3194.0,9833900,142.07322689183314,135.0287205567708
2022/06/20,3139.0,3167.0,3022.0,3031.0,5852000,136.21733974529516,130.87278277895905
2022/06/21,3086.0,3118.0,3038.0,3101.0,4819900,134.99439397084336,129.494655654536
2022/06/22,3122.0,3127.0,3006.0,3010.0,5983200,131.03513116566353,124.84791166184192
2022/06/23,3000.0,3041.0,2936.0,2951.0,5641400,128.84422386196815,122.79260598879571
2022/06/24,2928.0,2954.0,2886.0,2954.0,4619900,127.07463391856018,121.7723931667321
2022/06/27,2993.5,3019.0,2956.0,2980.0,3784000,126.50302939563458,121.8750032704371
2022/06/28,3030.0,3066.0,3022.0,3057.0,4102500,130.0943482809389,124.82918891986175
2022/06/29,3060.0,3096.0,3042.0,3043.0,5063800,130.71652890719696,124.90905305474908
2022/06/30,3014.0,3050.0,2983.0,2994.5,5324800,131.5179357017735,125.336863667317
2022/07/01,2894.5,2925.0,2798.0,2829.5,12494600,124.75849605947822,119.19509157526771
2022/07/04,2855.0,2923.0,2854.0,2923.0,5712200,126.0823905347074,120.19494738169729
2022/07/05,2959.0,2959.0,2914.5,2933.5,3688500,121.813166400148,116.8809021023008
2022/07/06,2800.0,2825.0,2747.0,2773.5,7545100,119.18183656894878,114.51867563528806
2022/07/07,2799.5,2803.0,2727.5,2803.0,6145900,117.69019182921589,113.1159557367867
2022/07/08,2848.5,2889.5,2823.5,2851.5,6497700,119.25166267704923,114.67331111024377
2022/07/11,2923.0,2927.0,2881.5,2902.0,4279700,120.66874810186783,115.53604315661457
2022/07/12,2912.0,2916.0,2846.0,2857.0,4234700,120.21430519438377,115.18214540408556
2022/07/13,2838.0,2852.0,2817.5,2835.5,3967500,119.20477620167145,114.67130484867761
2022/07/14,2800.0,2852.0,2790.5,2847.0,3137500,118.9678734575444,114.83855716011877
2022/07/15,2828.0,2850.0,2803.0,2828.0,2925500,116.38676034111988,113.67360426049807
2022/07/19,2887.0,2911.0,2868.0,2894.0,3418200,119.04342205489058,116.33363632046718
2022/07/20,2940.0,2965.0,2903.0,2959.5,4476000,119.17293593005232,117.15940619925011
2022/07/21,2934.5,2945.5,2913.5,2927.5,3767600,114.74899636470748,113.1567864515729
2022/07/22,2919.5,2920.0,2889.0,2903.0,3875000,113.3335114847336,111.90114785779512
2022/07/25,2884.0,2923.5,2880.0,2919.5,2574200,114.864048997762,113.27613904572912
2022/07/26,2950.0,2965.5,2919.0,2922.5,2822900,116.02704958603954,114.41745056234127
2022/07/27,2903.5,2939.5,2894.0,2939.5,2520000,114.85192664194442,113.86219025781838
2022/07/28,2944.5,2949.5,2915.5,2935.0,3403400,115.73279175345583,114.59696523426737
2022/07/29,2936.0,2944.5,2908.5,2925.5,3930600,114.86244605264051,114.67697603819758
2022/08/01,2960.0,3024.0,2955.0,3024.0,4912400,116.95490695408071,116.64271327321049
2022/08/02,2968.0,3029.0,2895.0,2902.5,12571400,106.30545247892364,106.43571693040307
2022/08/03,2918.0,2967.5,2895.5,2967.5,6735500,111.49133893734671,111.58680794456981
2022/08/04,2917.5,2932.0,2877.0,2915.5,5731200,109.19443841379362,109.89841205227006
2022/08/05,2905.0,2944.5,2887.0,2943.5,4079800,110.29703447467047,110.6848852671009
2022/08/08,2950.0,3006.0,2947.5,2998.0,3774400,113.18082953120204,113.7573767687887
2022/08/09,2995.0,3012.0,2960.5,2974.0,3445200,113.27434660607322,113.68504177426686
2022/08/10,2996.5,3005.0,2972.0,2984.5,3069600,114.46016617724611,114.63446473001824
2022/08/12,3048.0,3084.0,3048.0,3075.0,5676700,114.43400504939478,115.7711978578245
2022/08/15,3070.0,3082.0,3055.0,3081.0,2302600,114.79725023164302,116.78329893643668
2022/08/16,3069.0,3079.0,3043.0,3077.0,2912100,114.60670460570543,116.6054670607809
2022/08/17,3082.0,3121.0,3080.0,3121.0,3969400,114.45931991874436,116.2353729504041
2022/08/18,3100.0,3101.0,3076.0,3093.0,3371500,120.59957827537148,121.9444620478813
2022/08/19,3125.0,3130.0,3100.0,3125.0,3044000,125.77244021865779,127.01018463002427
2022/08/22,3109.0,3174.0,3104.0,3170.0,3985000,129.4633775539987,130.31587849921507
2022/08/23,3170.0,3180.0,3139.0,3149.0,3672200,128.52773310572655,129.3767249250624
2022/08/24,3185.0,3231.0,3182.0,3223.0,4513500,132.49328623932513,133.13845827152056
2022/08/25,3222.0,3262.0,3214.0,3256.0,3851000,132.29492960426344,132.97393054525222
2022/08/26,3280.0,3334.0,3278.0,3295.0,4789400,134.45788795798677,135.74675760640517
2022/08/29,3238.0,3268.0,3228.0,3259.0,4067100,133.4093527385613,134.25565415794466
2022/08/30,3309.0,3362.0,3295.0,3360.0,4557000,137.80829420290965,137.7888158178498
2022/08/31,3261.0,3290.0,3254.0,3266.0,11515500,135.2328419793761,134.72322361046673
2022/09/01,3239.0,3258.0,3172.0,3174.0,5130800,133.90062099482088,132.98635087164985
2022/09/02,3145.0,3152.0,3094.0,3146.0,5327900,134.01042321766081,132.8345562173488
2022/09/05,3170.0,3187.0,3142.0,3177.0,3311500,136.1407511010749,134.1655506230711
2022/09/06,3200.0,3215.0,3165.0,3199.0,2751000,137.8756909081836,136.36419052884114
2022/09/07,3156.0,3177.0,3127.0,3157.0,5165300,137.13410669706457,135.30228318948986
2022/09/08,3157.0,3208.0,3151.0,3206.0,4090100,135.9486712016781,134.11627606106046
2022/09/09,3199.0,3232.0,3189.0,3224.0,4886400,135.6898860015124,134.09696538047044
2022/09/12,3267.0,3268.0,3232.0,3247.0,2624600,133.11858901944595,132.1925567537039
2022/09/13,3265.0,3276.0,3230.0,3275.0,2947300,134.750577165229,134.09235434367886
2022/09/14,3239.0,3289.0,3224.0,3278.0,4947300,140.6077267891106,138.00084777756956
2022/09/15,3248.0,3284.0,3235.0,3283.0,3463300,139.74715629494182,137.67153712031123
2022/09/16,3262.0,3294.0,3257.0,3281.0,5274100,144.50650596117248,141.50174593611297
2022/09/20,3297.0,3338.0,3294.0,3317.0,4107000,146.20527166585006,143.83541814079538
2022/09/21,3260.0,3266.0,3209.0,3214.0,5526900,146.85211120843803,143.97443389815658
2022/09/22,3187.0,3266.0,3180.0,3253.0,4128600,148.91207386542266,145.8586246697487
2022/09/26,3183.0,3195.0,3089.0,3091.0,6892300,143.3474171892101,140.3121008499355
2022/09/27,3110.0,3163.0,3099.0,3128.0,4974800,141.42128256394403,138.37362665851313
2022/09/28,3127.0,3151.0,3113.0,3151.0,6848300,145.76805809796926,141.88795192647152
2022/09/29,3141.0,3168.0,3099.0,3158.0,10324900,142.8661811439123,139.23193646037186
2022/09/30,3125.0,3179.0,3071.0,3089.0,6855700,142.88988440541317,139.36614094724
2022/10/03,3091.0,3131.0,3065.0,3117.0,4340400,140.1589352136253,138.00848086461167
2022/10/04,3202.0,3293.0,3197.0,3285.0,7108900,139.91741835303534,138.65246011538264
2022/10/05,3290.0,3312.0,3279.0,3294.0,3997300,135.5054135532988,135.51854301643084
2022/10/06,3315.0,3359.0,3310.0,3336.0,4308700,137.59939132923947,136.98656248292957
2022/10/07,3283.0,3318.0,3279.0,3281.0,2875900,136.3000294646935,135.57123080111532
2022/10/11,3250.0,3287.0,3233.0,3264.0,3307200,134.39217210725823,133.1684465858036
2022/10/12,3219.0,3255.0,3206.0,3246.0,3917500,135.1715173990592,133.9087617877208
2022/10/13,3230.0,3251.0,3206.0,3206.0,3345200,136.19723462247214,134.09354450639518
2022/10/14,3275.0,3335.0,3256.0,3308.0,5004000,136.94112105947147,136.07749640511986
2022/10/17,3246.0,3250.0,3199.0,3200.0,3762800,131.84569329125762,130.66483556131908
2022/10/18,3239.0,3250.0,3218.0,3238.0,2778000,133.4439007569313,132.20020555918498
2022/10/19,3229.0,3253.0,3228.0,3237.0,2164800,134.09094295082272,132.9731337319737
2022/10/20,3221.0,3241.0,3198.0,3212.0,3038300,131.95662178133284,131.03818222241307
2022/10/21,3194.0,3212.0,3189.0,3189.0,2623600,132.68660175977706,131.78336218836358
2022/10/24,3250.0,3263.0,3206.0,3216.0,2801200,131.4493624192225,131.08855086823797
2022/10/25,3214.0,3277.0,3202.0,3272.0,3316100,133.492036318749,132.2721202899037
2022/10/26,3268.0,3305.0,3248.0,3300.0,3609000,133.22416217966523,131.85407536147983
2022/10/27,3300.0,3311.0,3275.0,3276.0,3140800,134.52909412636055,133.94797609024513
2022/10/28,3260.0,3270.0,3235.0,3237.0,7548100,133.11992490951576,131.60047494507495
2022/10/31,3269.0,3303.0,3253.0,3293.0,3739500,132.66535131278042,130.82541487637812
2022/11/01,3390.0,3499.0,3361.0,3479.0,10560500,144.9139190866723,142.4023023537135
2022/11/02,3520.0,3579.0,3471.0,3579.0,9918600,151.67024614729297,149.1753438482552
2022/11/04,3642.0,3679.0,3577.0,3629.0,7208900,156.83951196597005,153.54358727073023
2022/11/07,3620.0,3649.0,3589.0,3628.0,5899300,153.1053527108051,150.3032059309833
2022/11/08,3669.0,3715.0,3656.0,3715.0,6132700,156.95141505059092,154.04754902242354
2022/11/09,3715.0,3800.0,3713.0,3800.0,6283400,162.3853863684159,159.2663823541048
2022/11/10,3772.0,3805.0,3760.0,3785.0,5034600,161.79570846675745,157.75352767363808
2022/11/11,3863.0,3885.0,3814.0,3863.0,6853900,157.62503866015706,155.23818237574983
2022/11/14,3810.0,3832.0,3788.0,3817.0,4618800,158.95653732978428,156.26546444274604
2022/11/15,3818.0,3849.0,3813.0,3824.0,3992200,157.05234181285377,153.97666176159944
2022/11/16,3865.0,3958.0,3860.0,3940.0,5823600,161.8834011408292,158.67389455567115
2022/11/17,3891.0,3897.0,3843.0,3847.0,4429700,158.41279803158662,154.74906219422948
2022/11/18,3857.0,3877.0,3819.0,3836.0,4302600,151.55917362770822,147.75380711337723
2022/11/21,3798.0,3903.0,3784.0,3843.0,5289300,154.74566185000955,150.41052318259233
2022/11/22,3840.0,3923.0,3835.0,3906.0,6061600,151.33433977501107,146.97843400264006
2022/11/24,3949.0,4054.0,3945.0,4050.0,7755100,152.92533388670444,147.64113788157027
2022/11/25,4048.0,4053.0,4010.0,4053.0,3849600,153.59364919120907,148.61814849947896
2022/11/28,4043.0,4059.0,3965.0,3984.0,5255000,152.01860795828986,147.15143576838153
2022/11/29,3984.0,3993.0,3933.0,3983.0,4305400,154.62316145539205,150.7178461663103
2022/11/30,3934.0,4000.0,3922.0,3983.0,12277200,155.43066436799614,151.78934689305913
2022/12/01,3958.0,3988.0,3929.0,3929.0,4864700,152.09448606049315,150.00584924505853
2022/12/02,3870.0,3870.0,3817.0,3825.0,5522500,152.13460017811786,151.06800422135902
2022/12/05,3841.0,3869.0,3821.0,3867.0,4349500,151.99172643372282,151.38157097318617
2022/12/06,3863.0,3958.0,3859.0,3946.0,4381900,153.59984158901344,153.58328494883494
2022/12/07,3938.0,3973.0,3930.0,3943.0,4059400,157.54037158905442,155.31405967608436
2022/12/08,3977.0,4015.0,3961.0,3987.0,5213700,161.1105284406959,158.58108258492655
2022/12/09,4057.0,4097.0,4023.0,4023.0,5799000,159.548425186572,157.64781275095714
2022/12/12,4023.0,4023.0,3990.0,3999.0,3368900,159.8771821560999,157.0733096640932
2022/12/13,4048.0,4065.0,3999.0,4001.0,3813800,157.11903652029972,155.11768452435317
2022/12/14,4016.0,4039.0,3994.0,4034.0,3590300,155.8671453456484,154.72581855880736
2022/12/15,4019.0,4103.0,4015.0,4073.0,3801800,160.8659790217363,158.33219357865082
2022/12/16,4041.0,4042.0,3973.0,3981.0,6817600,155.78510112319023,152.86549344032932
2022/12/19,3961.0,3998.0,3953.0,3973.0,2961500,156.79606868504644,153.33407258518142
2022/12/20,3991.0,4034.0,3885.0,3926.0,5030000,159.4434195360987,153.54779895365587
2022/12/21,3937.0,3947.0,3881.0,3907.0,4558700,158.83409599068807,152.80190070769214
2022/12/22,3935.0,3940.0,3908.0,3940.0,2552100,157.97928416604864,151.60679456441636
2022/12/23,3885.0,3904.0,3852.0,3875.0,3094800,157.86287857120806,150.626940215569
2022/12/26,3879.0,3931.0,3873.0,3920.0,1284700,159.05373676038099,152.26283749573125
2022/12/27,3945.0,3952.0,3906.0,3932.0,1507500,159.1788841732477,152.0179639358974
2022/12/28,3928.0,3937.0,3896.0,3925.0,2150100,158.3900161028809,151.13002046088135
2022/12/29,3874.0,3891.0,3839.0,3870.0,2648500,156.78910428032017,149.37357377412278
2022/12/30,3878.0,3901.0,3853.0,3853.0,2262400,156.58973744382263,149.66031887768418
2023/01/04,3800.0,3809.0,3744.0,3744.0,4850700,150.6556707715481,144.18575796545485
2023/01/05,3737.0,3760.0,3707.0,3733.0,3535200,147.1975443344888,142.56222187094582
2023/01/06,3722.0,3747.0,3709.0,3712.0,3482500,146.1122075271509,141.78113194362209
2023/01/10,3741.0,3770.0,3735.0,3742.0,3685900,143.83683219661992,140.9186104793671
2023/01/11,3754.0,3812.0,3752.0,3808.0,3019500,144.2958157906657,140.90094661500947
2023/01/12,3795.0,3841.0,3785.0,3828.0,2929200,140.8417755567185,137.43447122823022
2023/01/13,3828.0,3850.0,3784.0,3814.0,3196500,143.768149149969,138.75257281901636
2023/01/16,3780.0,3793.0,3749.0,3777.0,2227000,143.35213538350592,137.60059246526734
2023/01/17,3782.0,3830.0,3782.0,3826.0,2565200,144.11504143359622,138.59868126865123
2023/01/18,3849.0,3915.0,3809.0,3904.0,3916500,140.88429069221434,136.3362067586278
2023/01/19,3866.0,3880.0,3834.0,3836.0,3482500,141.04847378209377,135.70623763588077
2023/01/20,3835.0,3858.0,3808.0,3842.0,3824500,139.55368634683245,134.66332963859844
2023/01/23,3859.0,3865.0,3832.0,3857.0,3319800,138.81405726727462,134.30147980158804
2023/01/24,3887.0,3947.0,3877.0,3932.0,4097900,139.61500407315918,135.04591794186604
2023/01/25,3890.0,3925.0,3872.0,3910.0,3017400,137.07515061238473,132.78665066775298
2023/01/26,3935.0,3944.0,3892.0,3909.0,2643500,134.53214982352526,130.99549914172047
2023/01/27,3945.0,3953.0,3914.0,3917.0,2744700,134.4299017260091,130.42693465749394
2023/01/30,3915.0,3915.0,3858.0,3866.0,3245400,133.35212730349483,129.57313972207254
2023/01/31,3870.0,3872.0,3820.0,3820.0,3529900,133.5654385404334,129.3865477968891
2023/02/01,3867.0,3884.0,3853.0,3864.0,3019600,134.31323171564077,130.98964991149654
2023/02/02,3882.0,3883.0,3787.0,3802.0,3317100,131.35351961806572,129.08619136581575
2023/02/03,3758.0,3889.0,3721.0,3854.0,9092000,129.76430188260736,127.47150533496394
2023/02/06,3910.0,3916.0,3853.0,3892.0,6481800,129.1565487999183,127.7344642879997
2023/02/07,3923.0,3961.0,3901.0,3912.0,5035100,129.00602780562394,127.64541511848022
2023/02/08,3942.0,3968.0,3934.0,3951.0,4083000,131.00545882539848,129.03322586555157
2023/02/09,3941.0,4015.0,3920.0,4010.0,3773200,132.74785510862569,130.72102921598784
2023/02/10,4005.0,4053.0,3962.0,3971.0,4615100,126.99774357644841,126.09355399163375
2023/02/13,4002.0,4004.0,3943.0,3949.0,3184000,127.41613239188237,125.98401099253604
2023/02/14,3994.0,4000.0,3958.0,3974.0,2235200,130.49290914498013,128.80226215312118
2023/02/15,4000.0,4005.0,3922.0,3933.0,3085600,130.03545917903284,127.53836297963468
2023/02/16,3951.0,3966.0,3921.0,3932.0,2454000,124.7962566619104,122.49030669505288
2023/02/17,3904.0,3950.0,3885.0,3950.0,2737000,125.60826998928599,123.09385305190317
2023/02/20,3948.0,3952.0,3908.0,3908.0,2359700,124.22252675150173,121.43122443811274
2023/02/21,3920.0,3949.0,3912.0,3927.0,2594900,124.81685448885547,122.09301058299798
2023/02/22,3927.0,3930.0,3874.0,3875.0,3470100,127.33017423295792,124.97111459385341
2023/02/24,3883.0,3887.0,3847.0,3874.0,3144300,124.76663712667957,122.07308920374027
2023/02/27,3849.0,3867.0,3825.0,3847.0,3044700,129.8604182136561,127.12126529694913
2023/02/28,3885.0,3886.0,3811.0,3824.0,4814200,132.3526093821111,128.79045141569551
2023/03/01,3862.0,3963.0,3859.0,3963.0,5931700,134.7939963994255,130.83372782558632
2023/03/02,3987.0,4075.0,3983.0,4016.0,6497000,131.283861212199,128.1563123908471
2023/03/03,4052.0,4182.0,4051.0,4182.0,8000600,130.18384543745293,127.81805417201049
2023/03/06,4219.0,4236.0,4172.0,4220.0,5757300,122.69590021735364,121.0148477742346
2023/03/07,4219.0,4260.0,4195.0,4248.0,4406200,126.53287155544186,124.34440055399007
2023/03/08,4231.0,4263.0,4208.0,4231.0,4447700,123.856120047193,122.2178182545803
2023/03/09,4259.0,4299.0,4252.0,4291.0,4157000,127.61235368637483,125.63149174712089
2023/03/10,4225.0,4263.0,4177.0,4179.0,5974800,122.94614968223954,121.80615854531598
2023/03/13,4125.0,4128.0,4056.0,4111.0,3750800,121.3647642308531,120.88631517009493
2023/03/14,3997.0,4003.0,3896.0,3930.0,6350700,122.85474454472691,123.75397166243674
2023/03/15,4000.0,4008.0,3948.0,3977.0,4217900,125.04715057637199,124.96395219378323
2023/03/16,3837.0,3846.0,3768.0,3780.0,7116900,120.04952919758978,119.26849995606091
2023/03/17,3831.0,3836.0,3778.0,3786.0,7014900,118.56618176962863,117.71218723496459
2023/03/20,3743.0,3770.0,3705.0,3712.0,5182100,112.55574812644282,111.66094302749873
2023/03/22,3782.0,3814.0,3772.0,3796.0,4755300,116.16507796507598,114.7031389880991
2023/03/23,3738.0,3787.0,3718.0,3772.0,3751000,114.81673659672305,113.38222999473876
2023/03/24,3720.0,3745.0,3700.0,3731.0,3776900,112.56732251333264,110.97439201506319
2023/03/27,3769.0,3793.0,3736.0,3781.0,2984200,114.57881576635718,113.32602652774662
2023/03/28,3826.0,3864.0,3805.0,3821.0,3662500,115.96044729502199,114.3822797160019
2023/03/29,3808.0,3864.0,3796.0,3863.0,4712200,117.0246002607247,114.79890906673927
2023/03/30,3820.0,3838.0,3785.0,3825.0,3560600,115.09316306698945,112.79437091884812
2023/03/31,3965.0,4122.0,3964.0,4116.0,10537800,123.20640630078528,121.18682051555407
2023/04/03,4106.0,4121.0,4045.0,4095.0,5685300,123.86666844929555,121.88769644007624
2023/04/04,4100.0,4150.0,4080.0,4088.0,4511900,126.40297955275727,123.9903520847459
2023/04/05,4020.0,4040.0,3941.0,3950.0,4431600,123.46634052922218,121.70003206326716
2023/04/06,3927.0,3973.0,3906.0,3942.0,3462700,123.46221581552257,121.74599118942746
2023/04/07,3942.0,3966.0,3920.0,3943.0,2279300,124.41115028610407,122.43489915652408
2023/04/10,3960.0,3974.0,3939.0,3953.0,2191900,122.9357009901936,121.09011975818196
2023/04/11,3975.0,4098.0,3960.0,4058.0,5125100,123.81640766543742,122.83329462415374
2023/04/12,4123.0,4175.0,4083.0,4155.0,5482800,125.44698736691508,123.59635062557206
2023/04/13,4175.0,4191.0,4105.0,4154.0,4245500,123.34422456568413,121.45749334657316
2023/04/14,4190.0,4298.0,4163.0,4288.0,6538300,124.61097166772194,123.10472752542326
2023/04/17,4263.0,4266.0,4213.0,4233.0,3363800,122.67650344621357,121.06826767588565
2023/04/18,4233.0,4317.0,4232.0,4288.0,4163100,123.43537679904696,121.7654967755023
2023/04/19,4310.0,4359.0,4259.0,4281.0,3955700,123.65360345578817,121.98694916127918
2023/04/20,4235.0,4254.0,4207.0,4242.0,2875600,124.04216318594186,121.94758423193323
2023/04/21,4214.0,4254.0,4205.0,4221.0,3056000,123.43251514616426,121.77344933758091
2023/04/24,4212.0,4221.0,4181.0,4197.0,2670100,123.4746852765395,122.2937208691461
2023/04/25,4252.0,4265.0,4219.0,4227.0,2986200,127.16653577135682,125.38810941225982
2023/04/26,4160.0,4193.0,4141.0,4173.0,3790500,127.17148146097222,125.91493386878774
2023/04/27,4152.0,4200.0,4132.0,4190.0,6275100,125.4914967468485,124.31900098814414
2023/04/28,4248.0,4255.0,4171.0,4229.0,4263300,123.13089047697802,122.24059828182132
2023/05/01,4299.0,4329.0,4276.0,4317.0,4583000,124.54185807277808,123.5484694950081
2023/05/02,4332.0,4360.0,4212.0,4262.0,8801300,116.57100149219156,116.1910244040203
2023/05/08,4332.0,4332.0,4200.0,4213.0,6866800,115.78550250518511,115.5014912598013
2023/05/09,4233.0,4360.0,4219.0,4357.0,7094000,123.84805181344085,122.88781244967302
2023/05/10,4380.0,4386.0,4296.0,4311.0,5277000,124.8132666406701,123.0561564133585
2023/05/11,4245.0,4292.0,4223.0,4283.0,3427500,120.46690621681213,119.66085552251016
2023/05/12,4320.0,4320.0,4216.0,4221.0,6200900,123.2391566309786,121.86670245690749
2023/05/15,4250.0,4289.0,4241.0,4275.0,4175400,126.21637092587711,124.09986664085122
2023/05/16,4319.0,4331.0,4257.0,4268.0,4705000,124.39635957539879,122.19868849792765
2023/05/17,4259.0,4283.0,4251.0,4264.0,3873000,123.20138972633738,121.69743666901338
2023/05/18,4330.0,4420.0,4311.0,4419.0,6736800,124.83257809565507,124.60599400372688
2023/05/19,4450.0,4540.0,4397.0,4407.0,6013500,122.43602865351377,122.514780265493
2023/05/22,4380.0,4434.0,4366.0,4426.0,4368000,123.01931431519849,123.31988521531345
2023/05/23,4471.0,4548.0,4418.0,4439.0,5953700,122.73234766974485,123.43479566410225
2023/05/24,4414.0,4474.0,4410.0,4431.0,3960400,121.38123426630634,121.71354945936292
2023/05/25,4413.0,4434.0,4391.0,4427.0,5369800,120.8174901036863,122.36978175290906
2023/05/26,4450.0,4492.0,4448.0,4456.0,4642300,122.54195131697925,124.41657213159286
2023/05/29,4600.0,4659.0,4588.0,4635.0,7393000,127.40191873964247,129.35993777837857
2023/05/30,4630.0,4657.0,4575.0,4651.0,5559100,125.30871637814383,127.47298016422523
2023/05/31,4596.0,4603.0,4404.0,4404.0,22504500,119.24920352702868,122.05780597736758
2023/06/01,4485.0,4543.0,4457.0,4486.0,5675400,121.03626526175356,123.26066590156488
2023/06/02,4551.0,4570.0,4503.0,4570.0,4594000,123.60370171336645,124.30856774215928
2023/06/05,4696.0,4745.0,4689.0,4711.0,6551700,123.36072748816309,124.36749660763013
2023/06/06,4695.0,4900.0,4672.0,4893.0,7634000,126.16051808449775,127.77799927699378
2023/06/07,4904.0,4931.0,4758.0,4803.0,9086500,123.4886612989436,124.63073782412985
2023/06/08,4837.0,4907.0,4794.0,4826.0,5886200,122.70653288374767,123.50136492895831
2023/06/09,4920.0,5040.0,4891.0,5033.0,9559000,125.47768623011169,127.10774623724834
2023/06/12,5019.0,5057.0,4985.0,5042.0,5406400,125.00922610750813,127.57548690789689
2023/06/13,5088.0,5182.0,5084.0,5153.0,6335100,125.36785065108533,128.92831612907742
2023/06/14,5270.0,5446.0,5270.0,5385.0,8777200,131.70016519302214,135.56351895935012
2023/06/15,5385.0,5497.0,5351.0,5446.0,7207400,131.2983246024399,135.43905788389912
2023/06/16,5433.0,5575.0,5397.0,5547.0,10464100,133.77343539254719,138.60422494867925
2023/06/19,5614.0,5618.0,5473.0,5564.0,7600100,141.76678503577392,145.77708523241378
2023/06/20,5722.0,5860.0,5618.0,5748.0,10971600,145.70719771334137,150.6510576131098
2023/06/21,5650.0,5770.0,5639.0,5754.0,6728200,148.88459001178742,154.3164274604673
2023/06/22,5711.0,5928.0,5711.0,5808.0,8858400,154.84454246300876,158.69781833965214
2023/06/23,5791.0,5825.0,5448.0,5536.0,13399200,151.4504238860998,154.4714908018066
2023/06/26,5442.0,5529.0,5385.0,5460.0,7059500,150.56797984699392,153.0043665718206
2023/06/27,5462.0,5525.0,5348.0,5411.0,7006200,147.14502932635062,149.79662142040374
2023/06/28,5452.0,5519.0,5358.0,5498.0,6140100,145.8991141602529,148.84037145129355
2023/06/29,5519.0,5556.0,5440.0,5474.0,4854700,145.17286461238353,148.93381367927967
2023/06/30,5450.0,5460.0,5354.0,5411.0,6255000,149.44100499712678,154.17136871944297
2023/07/03,5450.0,5540.0,5432.0,5529.0,5162900,146.5669712871754,152.38858565434532
2023/07/04,5478.0,5479.0,5413.0,5460.0,4669300,147.14896373969145,151.6463929570523
2023/07/05,5405.0,5443.0,5383.0,5438.0,4101900,153.5430466868441,157.80364560258897
2023/07/06,5387.0,5415.0,5287.0,5311.0,6494100,153.15366288260748,156.6284603208498
2023/07/07,5254.0,5295.0,5214.0,5236.0,5380700,150.33634935349275,153.69857077555687
2023/07/10,5250.0,5265.0,5122.0,5157.0,6982400,148.01865697638334,151.66948896485698
2023/07/11,5230.0,5233.0,5165.0,5182.0,3319800,148.33507186139616,152.74154916831867
2023/07/12,5196.0,5214.0,5040.0,5046.0,6174200,147.5118998021206,151.31175113845825
2023/07/13,5050.0,5168.0,4991.0,5125.0,5109400,147.94212392279712,151.9355851982246
2023/07/14,5125.0,5163.0,5034.0,5102.0,4978400,149.2042235604332,152.4837090725921
2023/07/18,5081.0,5188.0,5077.0,5178.0,3418600,148.4597631174076,151.15830010983973
2023/07/19,5244.0,5298.0,5242.0,5298.0,4298300,150.63305555244852,152.8959643008899
2023/07/20,5300.0,5338.0,5272.0,5312.0,4016000,155.273077287074,156.54737948684655
2023/07/21,5280.0,5339.0,5263.0,5300.0,2949400,157.76167683768568,157.85561158140905
2023/07/24,5359.0,5382.0,5333.0,5361.0,3614200,155.54107667840415,156.4218828100079
2023/07/25,5373.0,5425.0,5342.0,5412.0,3413700,156.69849523654904,157.4547049961151
2023/07/26,5425.0,5446.0,5381.0,5404.0,3331600,155.9701336110791,156.67722940529706
2023/07/27,5400.0,5438.0,5376.0,5433.0,2834500,156.54491598062435,157.1812835414508
2023/07/28,5373.0,5449.0,5281.0,5403.0,5356500,156.73702358367862,156.4425314074431
2023/07/31,5503.0,5592.0,5489.0,5541.0,6163100,154.6274879586325,154.63929657053313
2023/08/01,5600.0,5677.0,5371.0,5669.0,9967300,160.99755995921646,160.89771945273836
2023/08/02,5569.0,5663.0,5489.0,5567.0,6819100,159.1170881915314,157.36240967096734
2023/08/03,5478.0,5515.0,5432.0,5458.0,4808000,162.59953962874732,159.34262394344958
2023/08/04,5425.0,5548.0,5395.0,5515.0,3576900,163.98372009365522,160.38900148542254
2023/08/07,5461.0,5526.0,5429.0,5519.0,2739200,161.2294646801837,157.28760612402175
2023/08/08,5564.0,5613.0,5544.0,5584.0,3054300,162.37582144311796,158.69933260891932
2023/08/09,5620.0,5688.0,5605.0,5612.0,3523900,162.43457525022174,159.2941554088642
2023/08/10,5581.0,5694.0,5576.0,5688.0,3606300,162.60860827763833,158.44957202640228
2023/08/14,5714.0,5730.0,5589.0,5597.0,3198600,163.5968244967847,158.09241251936845
2023/08/15,5632.0,5660.0,5576.0,5582.0,2796100,162.4473540990557,156.98673310289132
2023/08/16,5510.0,5510.0,5370.0,5370.0,4814400,158.2807701564344,152.74109413507313
2023/08/17,5300.0,5313.0,5156.0,5249.0,5174700,155.30413753665428,149.92914948742268
2023/08/18,5211.0,5289.0,5202.0,5273.0,2949000,155.2136788707174,150.42633128472414
2023/08/21,5282.0,5300.0,5224.0,5251.0,2344500,151.10460452871857,147.2529136594348
2023/08/22,5317.0,5403.0,5301.0,5387.0,2933400,152.79095338871613,148.8516172193478
2023/08/23,5322.0,5402.0,5317.0,5357.0,2220900,147.0162149951798,143.59286943400917
2023/08/24,5386.0,5387.0,5353.0,5356.0,2368700,145.09436354221015,142.19576541199595
2023/08/25,5280.0,5327.0,5265.0,5304.0,2278000,145.78786945501562,140.60047446446015
2023/08/28,5354.0,5413.0,5339.0,5399.0,2404800,143.56699486692835,140.04113089753673
2023/08/29,5430.0,5432.0,5376.0,5381.0,1728200,140.11520694726588,136.85523362774185
2023/08/30,5438.0,5446.0,5379.0,5393.0,3610700,143.4621888086148,140.12736641085047
2023/08/31,5375.0,5460.0,5366.0,5432.0,4717600,145.12857306220792,142.04149170846762
2023/09/01,5406.0,5530.0,5405.0,5500.0,3701600,147.78267538380348,143.6077487785122
2023/09/04,5499.0,5631.0,5491.0,5631.0,4770200,148.61856749277865,144.01971251208172
2023/09/05,5616.0,5640.0,5569.0,5632.0,3046800,147.22344724570704,142.6431755676119
2023/09/06,5636.0,5687.0,5629.0,5655.0,3331800,147.81354853786834,143.42233843954304
2023/09/07,5670.0,5735.0,5653.0,5653.0,4118800,149.9989828060153,144.82734530510274
2023/09/08,5575.0,5639.0,5555.0,5571.0,4354500,149.5221796835287,143.97469901862206
2023/09/11,5610.0,5654.0,5593.0,5629.0,2513300,152.39920748533754,145.43270351323156
2023/09/12,5649.0,5651.0,5556.0,5581.0,3208800,148.7743286905816,142.24730828072566
2023/09/13,5582.0,5607.0,5559.0,5560.0,3192800,144.26702867857392,138.8691159331065
2023/09/14,5588.0,5688.0,5570.0,5672.0,4366400,145.20240143213573,140.08050822439503
2023/09/15,5720.0,5771.0,5662.0,5695.0,7004600,142.69661458842964,138.56389984632102
2023/09/19,5691.0,5839.0,5679.0,5832.0,5202400,146.44527524442896,140.8764275650603
2023/09/20,5853.0,5858.0,5777.0,5808.0,4474300,149.46015373900843,144.26708586343767
2023/09/21,5830.0,5837.0,5745.0,5756.0,3028500,147.5150477338013,142.25274932511968
2023/09/22,5680.0,5695.0,5588.0,5644.0,4193600,148.94753449522716,143.25287783553026
2023/09/25,5719.0,5737.0,5657.0,5685.0,2898900,148.76144475237965,143.7352152051506
2023/09/26,5730.0,5730.0,5603.0,5623.0,2905900,147.8150402342167,141.95076461093208
2023/09/27,5615.0,5640.0,5539.0,5629.0,4014400,144.4389828949693,139.27420612384543
2023/09/28,5614.0,5658.0,5502.0,5536.0,7121600,145.3229025640075,139.6720451390307
2023/09/29,5530.0,5555.0,5381.0,5423.0,4580200,142.93270959599548,138.72606396567244
2023/10/02,5480.0,5526.0,5381.0,5391.0,3611800,142.76331578302052,138.06698952397983
2023/10/03,5341.0,5341.0,5213.0,5236.0,4116400,137.7273913262459,133.5730341263435
2023/10/04,5163.0,5186.0,5033.0,5060.0,5115400,136.47172307758382,132.43048114582257
2023/10/05,5044.0,5074.0,4913.0,5067.0,7501800,133.4907172539191,128.98940870450974
2023/10/06,5072.0,5179.0,5059.0,5093.0,4605900,135.8025159592613,130.73167352213372
2023/10/10,5347.0,5369.0,5294.0,5362.0,4271800,136.61704478904835,132.9482525649015
2023/10/11,5370.0,5378.0,5315.0,5323.0,3699400,135.54149489556832,132.8041222244096
2023/10/12,5342.0,5434.0,5337.0,5430.0,3835900,136.75570155075394,134.09456110130088
2023/10/13,5361.0,5425.0,5340.0,5398.0,3009500,136.79527697904524,134.16219406089448
2023/10/16,5391.0,5457.0,5346.0,5430.0,4323300,143.51408952279976,140.2824834839063
2023/10/17,5465.0,5534.0,5424.0,5467.0,3529500,143.1013827193655,140.06353516081595
2023/10/18,5545.0,5611.0,5531.0,5602.0,5143500,147.2182020025774,143.63558198622266
2023/10/19,5530.0,5574.0,5442.0,5462.0,4185400,146.11638278574594,142.35483200761277
2023/10/20,5393.0,5542.0,5389.0,5518.0,4178300,148.8494603249151,144.36784305202835
2023/10/23,5450.0,5481.0,5391.0,5391.0,3063900,145.86723327977037,141.3030969044259
2023/10/24,5435.0,5449.0,5222.0,5349.0,4358900,143.4154576388074,139.1401121929608
2023/10/25,5413.0,5503.0,5403.0,5428.0,3296900,144.2959254792022,139.95585575413483
2023/10/26,5360.0,5427.0,5303.0,5328.0,3324400,145.33003355640497,139.33472080353087
2023/10/27,5375.0,5487.0,5340.0,5481.0,3551300,148.0895657152706,142.61800866408385
2023/10/30,5400.0,5420.0,5321.0,5375.0,14545400,146.69087058850548,141.14629340362163
2023/10/31,5399.0,5424.0,5252.0,5417.0,7725000,139.66056989088565,133.92765154801657
2023/11/01,5560.0,5660.0,5430.0,5478.0,6549400,133.98493510017562,128.53612971414466
2023/11/02,5560.0,5602.0,5465.0,5553.0,4652200,130.26750363408655,126.20165073031286
2023/11/06,5653.0,5754.0,5650.0,5754.0,7257200,133.47846289274545,129.95189391868328
2023/11/07,5750.0,5800.0,5656.0,5672.0,4604600,131.86325527230196,128.11338363198018
2023/11/08,5636.0,5665.0,5446.0,5500.0,7699800,124.71332121611012,122.36302882360401
2023/11/09,5544.0,5584.0,5430.0,5567.0,4052800,123.65164066238803,121.98305803026659
2023/11/10,5533.0,5635.0,5513.0,5613.0,3641700,126.09701181739598,122.98078120117444
2023/11/13,5670.0,5710.0,5610.0,5625.0,2738700,126.46555015408568,123.41868375752117
2023/11/14,5700.0,5724.0,5640.0,5647.0,2801800,126.41882382250178,123.67829260607846
2023/11/15,5743.0,5756.0,5691.0,5715.0,3380400,121.2876683366851,119.99591668318286
2023/11/16,5709.0,5743.0,5629.0,5667.0,3160500,123.0968884102684,122.28719859709265
2023/11/17,5610.0,5718.0,5604.0,5717.0,2854800,123.80616691923407,122.60605520164174
2023/11/20,5720.0,5748.0,5549.0,5551.0,4611500,120.8957122258088,120.09052422565047
2023/11/21,5550.0,5550.0,5363.0,5390.0,6585900,116.32050994199498,116.25237065653862
2023/11/22,5348.0,5428.0,5330.0,5396.0,4189800,113.04639333190012,113.1002761255462
2023/11/24,5463.0,5464.0,5394.0,5435.0,3607600,112.79237476541924,113.18149569192366
2023/11/27,5411.0,5423.0,5364.0,5400.0,4142000,114.12606780134074,114.06209025946606
2023/11/28,5410.0,5452.0,5347.0,5445.0,4303200,114.688972114901,114.6336565339223
2023/11/29,5382.0,5428.0,5322.0,5341.0,4277600,112.55587312063666,112.60512464504085
2023/11/30,5300.0,5392.0,5256.0,5392.0,9862800,115.67609180712397,114.78809952134743
2023/12/01,5423.0,5458.0,5402.0,5445.0,3805100,118.27960402344621,116.74814901868618
2023/12/04,5390.0,5390.0,5277.0,5277.0,4453700,114.24293527672826,112.5071670305124
2023/12/05,5262.0,5286.0,5185.0,5205.0,5019700,112.22620713280762,109.80760900148037
2023/12/06,5219.0,5320.0,5202.0,5312.0,3948900,111.52054712857824,109.9513441881939
2023/12/07,5256.0,5266.0,5175.0,5205.0,3735800,109.55591220785243,107.40300993292368
2023/12/08,5163.0,5164.0,5004.0,5025.0,7356400,107.86927653867843,105.40560003275105
2023/12/11,5158.0,5239.0,5141.0,5238.0,4937400,111.21270652136911,108.70087876636225
2023/12/12,5294.0,5299.0,5194.0,5194.0,3228100,110.49394602301983,108.44131000940646
2023/12/13,5183.0,5215.0,5158.0,5209.0,2735200,110.42033716361468,108.42794525371858
2023/12/14,5150.0,5184.0,5064.0,5095.0,3687500,107.35539293660736,106.36880971635534
2023/12/15,5160.0,5186.0,5106.0,5123.0,4922000,107.44018871513228,107.60510341611153
2023/12/18,5080.0,5097.0,5025.0,5084.0,3220600,106.39619124995143,106.89568283765134
2023/12/19,5042.0,5160.0,5012.0,5129.0,3674000,104.48407528847636,106.6710014844949
2023/12/20,5155.0,5231.0,5148.0,5195.0,3279500,104.18957841407502,107.15511233136463
2023/12/21,5126.0,5153.0,5108.0,5146.0,2080600,104.46955115266418,107.1481427423444
2023/12/22,5168.0,5219.0,5166.0,5211.0,2803200,106.36568476121691,109.23934091341236
2023/12/25,5246.0,5255.0,5193.0,5212.0,1410100,105.57826884103252,108.22174472595596
2023/12/26,5216.0,5240.0,5187.0,5237.0,2219300,105.76433534199727,108.77580626810514
2023/12/27,5268.0,5313.0,5267.0,5312.0,3259600,105.8411007410526,109.22556279785194
2023/12/28,5280.0,5328.0,5269.0,5321.0,1908000,106.96934137119965,110.32395223315083
2023/12/29,5315.0,5364.0,5263.0,5298.0,3358300,107.2214970948497,109.92112970955901
2024/01/04,5301.0,5405.0,5227.0,5405.0,3582700,112.3093505528067,113.75425964968842
2024/01/05,5443.0,5511.0,5421.0,5443.0,3166000,114.10743190119277,114.91241385217083
2024/01/09,5498.0,5526.0,5385.0,5425.0,3147400,112.39541546460245,113.0013229399083
2024/01/10,5440.0,5508.0,5430.0,5496.0,3182700,110.82173528124008,112.25418033262555
2024/01/11,5586.0,5729.0,5571.0,5693.0,5922100,112.22915369332122,114.29694258791679
2024/01/12,5776.0,5824.0,5740.0,5817.0,6051500,111.9728932807926,116.36943393091161
2024/01/15,5817.0,5976.0,5796.0,5968.0,4383500,113.64778772136732,118.0598749449188
2024/01/16,5950.0,5983.0,5902.0,5910.0,3062300,113.35540944177558,117.38844326481497
2024/01/17,5902.0,6114.0,5886.0,5954.0,5650600,115.16852954824755,118.20982787174219
2024/01/18,5970.0,6020.0,5864.0,5864.0,4274400,113.81277864451516,117.50625987925105
2024/01/19,5964.0,6008.0,5887.0,5933.0,3837600,114.01974835923501,118.5469789011796
2024/01/22,5935.0,5980.0,5881.0,5978.0,3402700,114.10506331054118,118.47769156749833
2024/01/23,6010.0,6082.0,5926.0,5946.0,2964300,113.0470637165504,117.36358464139853
2024/01/24,6000.0,6000.0,5885.0,5904.0,2675800,114.18654106156066,118.24954899007398
2024/01/25,5886.0,5943.0,5881.0,5928.0,2329800,114.51341942221266,118.49680713336721
2024/01/26,5900.0,5900.0,5803.0,5803.0,3207700,113.47077016228609,117.60225896488754
2024/01/29,5802.0,5926.0,5802.0,5910.0,2852200,116.40667672560501,119.80795915505915
2024/01/30,5895.0,5957.0,5842.0,5936.0,2811300,117.74106012101015,121.46853279717003
2024/01/31,5876.0,6034.0,5866.0,6031.0,3392200,117.62845743158567,120.6652698957534
2024/02/01,5979.0,6119.0,5976.0,6062.0,4015800,121.3238391979969,123.6489632077576
2024/02/02,6100.0,6100.0,5846.0,5846.0,8541900,115.40497347113367,117.67701464769489
2024/02/05,5899.0,5914.0,5763.0,5809.0,4778300,113.69847240605635,115.54233650812603
2024/02/06,5812.0,5835.0,5724.0,5736.0,3746200,112.26020957412427,114.5289144480733
2024/02/07,5700.0,5893.0,5691.0,5840.0,4490800,112.97172441661958,115.00302220306973
2024/02/08,5866.0,5868.0,5760.0,5866.0,3560100,109.4627779978539,113.31105708372438
2024/02/09,5851.0,5923.0,5793.0,5862.0,3849300,110.70684336464825,114.67133937491711
2024/02/13,5890.0,6120.0,5865.0,6118.0,7089700,111.93416271452273,117.47091711720205
2024/02/14,6066.0,6111.0,5970.0,6007.0,5070200,111.4079437075701,117.46313919032008
2024/02/15,6050.0,6127.0,6038.0,6052.0,4317800,111.7183311096324,118.83439738356645
2024/02/16,6148.0,6348.0,6139.0,6267.0,6062000,113.41900454162052,120.40708331808156
2024/02/19,6297.0,6512.0,6293.0,6512.0,5833000,119.2532366616573,126.23329777259404
2024/02/20,6520.0,6556.0,6342.0,6370.0,5332500,116.16270876528516,123.08956543768006
2024/02/21,6379.0,6438.0,6322.0,6373.0,3867200,116.50410938134344,123.64729398388907
2024/02/22,6413.0,6530.0,6401.0,6497.0,4618800,117.75749491426646,125.33127649830018
2024/02/26,6650.0,6708.0,6556.0,6590.0,5897800,119.7385562845199,127.68000848237944
2024/02/27,6648.0,6699.0,6561.0,6596.0,4502200,120.64551280322256,128.3647878970734
2024/02/28,6608.0,6670.0,6535.0,6545.0,4457800,115.90554745884656,123.34572231976419
2024/02/29,6598.0,6615.0,6523.0,6553.0,5877900,114.56447923848556,121.63357134932676
2024/03/01,6553.0,6768.0,6545.0,6713.0,3973500,112.3242588995881,119.64772489509588
2024/03/04,6767.0,6767.0,6651.0,6709.0,3784800,111.92615033086099,119.63407465395409
2024/03/05,6647.0,6846.0,6605.0,6816.0,3931900,113.28002928265306,120.63585634401004
2024/03/06,6846.0,6862.0,6738.0,6850.0,3825100,114.86735244577537,121.61536629673736
2024/03/07,6862.0,6929.0,6744.0,6744.0,3739600,113.60447404050743,119.73532333729986
2024/03/08,6721.0,6845.0,6708.0,6762.0,4057300,114.74100629981214,120.55450348412164
2024/03/11,6675.0,6686.0,6417.0,6522.0,4763200,113.74483899665387,119.03725512477669
2024/03/12,6422.0,6425.0,6164.0,6297.0,7042300,112.423721392477,117.43478252875848
2024/03/13,6368.0,6374.0,6223.0,6264.0,4167800,110.83317336719651,116.56742449123354
2024/03/14,6287.0,6350.0,6205.0,6350.0,3477600,116.92355045455709,122.26237008228217
2024/03/15,6352.0,6584.0,6334.0,6508.0,7851400,121.386417694271,126.11103898307863
2024/03/18,6590.0,6671.0,6564.0,6645.0,3222400,121.37893797024566,126.88207040874401
2024/03/19,6646.0,6773.0,6616.0,6769.0,3634700,122.43463623705925,127.2381273059379
2024/03/21,6940.0,7119.0,6884.0,7108.0,6430000,126.59314369922868,131.90698212274572
2024/03/22,7127.0,7174.0,7082.0,7145.0,3895300,128.26059753213045,133.10400715147065
2024/03/25,7168.0,7193.0,7111.0,7122.0,3277800,128.06469640965508,133.04020928895892
2024/03/26,7140.0,7142.0,7053.0,7087.0,3162300,126.34149731549098,131.17381009691738
2024/03/27,7174.0,7268.0,7101.0,7127.0,4879600,126.20322002648369,131.5173618883976
2024/03/28,7022.0,7120.0,7003.0,7043.0,4086900,127.35714898812817,132.75731057991672
2024/03/29,7083.0,7140.0,7053.0,7106.0,2713600,119.92177378016551,124.9326154559649
2024/04/01,7092.0,7121.0,6872.0,6924.0,4515300,119.74377305440844,125.3694694630749
2024/04/02,7000.0,7041.0,6878.0,6919.0,3088800,120.17616327203069,126.12319211104732
2024/04/03,6868.0,6953.0,6732.0,6922.0,4040500,123.54324993791899,128.44923021749386
2024/04/04,7102.0,7152.0,7061.0,7076.0,4410700,123.9885446892469,128.86355522573686
2024/04/05,7061.0,7096.0,6987.0,7071.0,3318300,126.56085965000771,130.41539595585368
2024/04/08,7180.0,7313.0,7122.0,7271.0,4515300,129.17952202731345,133.25252099736434
2024/04/09,7350.0,7535.0,7333.0,7514.0,4406600,129.99816119346974,133.8884289388121
2024/04/10,7400.0,7405.0,7318.0,7331.0,4118600,125.18013112753007,129.10102636055126
2024/04/11,7341.0,7425.0,7324.0,7358.0,2844500,126.4484015668314,129.4760746344512
2024/04/12,7430.0,7462.0,7335.0,7429.0,3178700,124.90073025397457,126.73577826612474
2024/04/15,7381.0,7508.0,7341.0,7470.0,2612900,128.26053710160906,129.92175949269773
2024/04/16,7430.0,7464.0,7153.0,7190.0,4590700,124.90989316188998,126.88054988736728
2024/04/17,7187.0,7216.0,7019.0,7061.0,3408900,124.29190925599451,126.36779662079167
2024/04/18,7005.0,7243.0,6987.0,7164.0,3443500,127.09567050799468,128.65783147811914
2024/04/19,7185.0,7212.0,7021.0,7125.0,4707100,130.0741245137325,130.79739475319158
2024/04/22,7194.0,7313.0,7151.0,7273.0,3044300,132.34956695305746,132.60351567714613
2024/04/23,7368.0,7413.0,7264.0,7296.0,2812200,131.5492409321886,132.203394224896
2024/04/24,7368.0,7548.0,7346.0,7545.0,5155700,133.58903214469703,134.99374558665724
