date,open,high,low,close,volume,rs_nikkei,rs_topix
2014/03/26,389.0,392.0,386.0,390.0,56500,-1.0,-1.0
2014/03/27,377.0,396.0,377.0,390.0,41200,-1.0,-1.0
2014/03/28,390.0,395.0,390.0,390.0,39900,-1.0,-1.0
2014/03/31,390.0,402.0,390.0,402.0,61900,-1.0,-1.0
2014/04/01,402.0,404.0,398.0,404.0,53800,-1.0,-1.0
2014/04/02,405.0,410.0,405.0,405.0,62700,-1.0,-1.0
2014/04/03,408.0,409.0,403.0,405.0,25400,-1.0,-1.0
2014/04/04,404.0,404.0,399.0,402.0,35000,-1.0,-1.0
2014/04/07,395.0,401.0,395.0,400.0,18700,-1.0,-1.0
2014/04/08,393.0,394.0,389.0,391.0,20700,-1.0,-1.0
2014/04/09,391.0,393.0,381.0,382.0,27900,-1.0,-1.0
2014/04/10,385.0,389.0,381.0,381.0,19100,-1.0,-1.0
2014/04/11,376.0,380.0,376.0,377.0,18900,-1.0,-1.0
2014/04/14,371.0,385.0,370.0,377.0,23400,-1.0,-1.0
2014/04/15,378.0,386.0,374.0,381.0,14400,-1.0,-1.0
2014/04/16,382.0,395.0,382.0,393.0,15500,-1.0,-1.0
2014/04/17,395.0,396.0,394.0,396.0,22600,-1.0,-1.0
2014/04/18,400.0,402.0,399.0,401.0,36600,-1.0,-1.0
2014/04/21,397.0,405.0,396.0,401.0,18500,-1.0,-1.0
2014/04/22,395.0,403.0,393.0,395.0,18400,-1.0,-1.0
2014/04/23,394.0,403.0,394.0,400.0,14400,-1.0,-1.0
2014/04/24,399.0,399.0,395.0,397.0,13000,-1.0,-1.0
2014/04/25,397.0,401.0,395.0,400.0,27900,-1.0,-1.0
2014/04/28,395.0,401.0,395.0,400.0,23800,-1.0,-1.0
2014/04/30,400.0,402.0,398.0,400.0,8200,-1.0,-1.0
2014/05/01,396.0,402.0,396.0,402.0,14900,-1.0,-1.0
2014/05/02,396.0,402.0,395.0,401.0,10000,-1.0,-1.0
2014/05/07,400.0,401.0,385.0,394.0,29100,-1.0,-1.0
2014/05/08,390.0,400.0,384.0,398.0,25000,-1.0,-1.0
2014/05/09,395.0,401.0,395.0,401.0,10400,-1.0,-1.0
2014/05/12,393.0,401.0,393.0,398.0,16500,-1.0,-1.0
2014/05/13,400.0,401.0,394.0,401.0,39200,-1.0,-1.0
2014/05/14,401.0,401.0,394.0,399.0,21700,-1.0,-1.0
2014/05/15,393.0,399.0,393.0,398.0,20700,-1.0,-1.0
2014/05/16,390.0,396.0,390.0,391.0,17900,-1.0,-1.0
2014/05/19,387.0,399.0,387.0,390.0,19900,-1.0,-1.0
2014/05/20,396.0,396.0,385.0,389.0,9200,-1.0,-1.0
2014/05/21,390.0,391.0,385.0,386.0,7100,-1.0,-1.0
2014/05/22,386.0,393.0,386.0,391.0,7400,-1.0,-1.0
2014/05/23,395.0,395.0,390.0,394.0,13100,-1.0,-1.0
2014/05/26,399.0,399.0,384.0,398.0,46800,-1.0,-1.0
2014/05/27,399.0,400.0,396.0,396.0,30600,-1.0,-1.0
2014/05/28,400.0,402.0,396.0,400.0,52600,-1.0,-1.0
2014/05/29,400.0,401.0,397.0,398.0,22600,-1.0,-1.0
2014/05/30,398.0,401.0,398.0,400.0,16100,-1.0,-1.0
2014/06/02,401.0,401.0,397.0,401.0,106700,-1.0,-1.0
2014/06/03,400.0,401.0,400.0,400.0,27800,-1.0,-1.0
2014/06/04,399.0,401.0,399.0,401.0,9400,-1.0,-1.0
2014/06/05,400.0,402.0,400.0,402.0,33700,-1.0,-1.0
2014/06/06,402.0,404.0,400.0,402.0,31900,-1.0,-1.0
2014/06/09,404.0,404.0,398.0,402.0,22200,-1.0,-1.0
2014/06/10,405.0,405.0,402.0,404.0,14100,-1.0,-1.0
2014/06/11,403.0,406.0,401.0,405.0,40100,-1.0,-1.0
2014/06/12,405.0,406.0,401.0,404.0,21600,-1.0,-1.0
2014/06/13,410.0,410.0,405.0,407.0,33800,-1.0,-1.0
2014/06/16,405.0,408.0,405.0,406.0,25900,-1.0,-1.0
2014/06/17,405.0,410.0,405.0,409.0,26000,-1.0,-1.0
2014/06/18,410.0,412.0,400.0,410.0,72000,-1.0,-1.0
2014/06/19,410.0,412.0,410.0,411.0,30500,-1.0,-1.0
2014/06/20,412.0,415.0,410.0,411.0,22600,-1.0,-1.0
2014/06/23,411.0,415.0,409.0,409.0,10100,-1.0,-1.0
2014/06/24,410.0,414.0,409.0,414.0,18400,-1.0,-1.0
2014/06/25,410.0,412.0,409.0,410.0,17400,-1.0,-1.0
2014/06/26,410.0,412.0,409.0,410.0,21400,-1.0,-1.0
2014/06/27,411.0,411.0,407.0,410.0,22200,-1.0,-1.0
2014/06/30,410.0,415.0,399.0,412.0,12800,-1.0,-1.0
2014/07/01,417.0,417.0,410.0,414.0,23000,-1.0,-1.0
2014/07/02,419.0,419.0,415.0,416.0,16500,-1.0,-1.0
2014/07/03,412.0,415.0,410.0,413.0,24300,-1.0,-1.0
2014/07/04,415.0,415.0,412.0,414.0,17900,-1.0,-1.0
2014/07/07,415.0,416.0,412.0,415.0,27900,-1.0,-1.0
2014/07/08,413.0,415.0,412.0,414.0,13500,-1.0,-1.0
2014/07/09,413.0,413.0,410.0,411.0,8600,-1.0,-1.0
2014/07/10,410.0,411.0,402.0,407.0,30400,-1.0,-1.0
2014/07/11,401.0,406.0,401.0,404.0,13000,-1.0,-1.0
2014/07/14,407.0,407.0,400.0,406.0,8900,-1.0,-1.0
2014/07/15,410.0,410.0,408.0,409.0,10200,-1.0,-1.0
2014/07/16,404.0,410.0,404.0,407.0,21100,-1.0,-1.0
2014/07/17,407.0,410.0,407.0,409.0,11900,-1.0,-1.0
2014/07/18,407.0,408.0,399.0,404.0,25400,-1.0,-1.0
2014/07/22,406.0,410.0,402.0,406.0,23200,-1.0,-1.0
2014/07/23,406.0,410.0,403.0,409.0,9700,-1.0,-1.0
2014/07/24,410.0,410.0,405.0,410.0,14100,-1.0,-1.0
2014/07/25,410.0,410.0,405.0,409.0,18600,-1.0,-1.0
2014/07/28,409.0,410.0,407.0,409.0,10500,-1.0,-1.0
2014/07/29,407.0,410.0,406.0,410.0,17000,-1.0,-1.0
2014/07/30,410.0,410.0,404.0,410.0,24300,-1.0,-1.0
2014/07/31,410.0,410.0,408.0,408.0,15300,-1.0,-1.0
2014/08/01,397.0,410.0,397.0,401.0,33900,-1.0,-1.0
2014/08/04,399.0,404.0,396.0,399.0,21500,-1.0,-1.0
2014/08/05,404.0,405.0,398.0,400.0,24500,-1.0,-1.0
2014/08/06,397.0,400.0,390.0,394.0,39000,-1.0,-1.0
2014/08/07,391.0,396.0,391.0,395.0,9900,-1.0,-1.0
2014/08/08,392.0,402.0,390.0,390.0,22100,-1.0,-1.0
2014/08/11,395.0,399.0,395.0,399.0,8800,-1.0,-1.0
2014/08/12,401.0,401.0,396.0,399.0,16300,-1.0,-1.0
2014/08/13,399.0,402.0,396.0,401.0,18700,-1.0,-1.0
2014/08/14,401.0,404.0,401.0,404.0,15400,-1.0,-1.0
2014/08/15,401.0,405.0,401.0,404.0,11700,-1.0,-1.0
2014/08/18,405.0,411.0,404.0,409.0,25900,-1.0,-1.0
2014/08/19,410.0,410.0,407.0,410.0,20800,-1.0,-1.0
2014/08/20,409.0,410.0,405.0,410.0,54700,-1.0,-1.0
2014/08/21,410.0,411.0,401.0,411.0,39500,-1.0,-1.0
2014/08/22,410.0,410.0,406.0,410.0,10900,-1.0,-1.0
2014/08/25,410.0,410.0,405.0,410.0,15000,-1.0,-1.0
2014/08/26,408.0,410.0,404.0,410.0,27000,-1.0,-1.0
2014/08/27,409.0,410.0,407.0,408.0,6700,-1.0,-1.0
2014/08/28,405.0,410.0,402.0,409.0,16000,-1.0,-1.0
2014/08/29,405.0,410.0,405.0,410.0,5900,-1.0,-1.0
2014/09/01,409.0,411.0,407.0,410.0,27100,-1.0,-1.0
2014/09/02,409.0,412.0,406.0,412.0,23600,-1.0,-1.0
2014/09/03,411.0,412.0,409.0,412.0,27200,-1.0,-1.0
2014/09/04,412.0,412.0,408.0,411.0,9600,-1.0,-1.0
2014/09/05,412.0,417.0,408.0,413.0,37500,-1.0,-1.0
2014/09/08,413.0,416.0,405.0,413.0,13000,-1.0,-1.0
2014/09/09,410.0,415.0,410.0,414.0,7700,-1.0,-1.0
2014/09/10,410.0,416.0,408.0,414.0,18000,-1.0,-1.0
2014/09/11,410.0,414.0,410.0,414.0,13700,-1.0,-1.0
2014/09/12,415.0,417.0,415.0,415.0,47200,-1.0,-1.0
2014/09/16,416.0,418.0,413.0,415.0,22100,-1.0,-1.0
2014/09/17,415.0,416.0,414.0,415.0,8500,-1.0,-1.0
2014/09/18,413.0,420.0,413.0,420.0,62900,-1.0,-1.0
2014/09/19,422.0,422.0,414.0,422.0,44800,-1.0,-1.0
2014/09/22,420.0,425.0,419.0,422.0,7700,-1.0,-1.0
2014/09/24,424.0,424.0,419.0,423.0,16100,-1.0,-1.0
2014/09/25,420.0,425.0,420.0,425.0,48300,-1.0,-1.0
2014/09/26,423.0,423.0,418.0,420.0,24400,-1.0,-1.0
2014/09/29,418.0,421.0,418.0,420.0,18900,-1.0,-1.0
2014/09/30,416.0,420.0,411.0,414.0,20600,-1.0,-1.0
2014/10/01,420.0,420.0,416.0,416.0,11600,-1.0,-1.0
2014/10/02,410.0,416.0,401.0,401.0,20800,-1.0,-1.0
2014/10/03,399.0,402.0,394.0,400.0,17400,-1.0,-1.0
2014/10/06,403.0,413.0,399.0,410.0,12900,-1.0,-1.0
2014/10/07,405.0,408.0,400.0,400.0,16000,-1.0,-1.0
2014/10/08,400.0,401.0,397.0,400.0,17000,-1.0,-1.0
2014/10/09,400.0,402.0,394.0,396.0,13800,-1.0,-1.0
2014/10/10,380.0,388.0,380.0,384.0,31500,-1.0,-1.0
2014/10/14,371.0,380.0,371.0,371.0,31500,-1.0,-1.0
2014/10/15,378.0,379.0,370.0,378.0,16300,-1.0,-1.0
2014/10/16,370.0,374.0,366.0,366.0,18600,-1.0,-1.0
2014/10/17,365.0,384.0,364.0,366.0,28400,-1.0,-1.0
2014/10/20,373.0,383.0,373.0,381.0,20200,-1.0,-1.0
2014/10/21,381.0,388.0,376.0,376.0,17600,-1.0,-1.0
2014/10/22,381.0,396.0,381.0,394.0,14700,-1.0,-1.0
2014/10/23,386.0,391.0,386.0,389.0,4400,-1.0,-1.0
2014/10/24,395.0,396.0,394.0,395.0,5300,-1.0,-1.0
2014/10/27,393.0,400.0,393.0,398.0,13500,-1.0,-1.0
2014/10/28,413.0,413.0,404.0,409.0,50200,-1.0,-1.0
2014/10/29,410.0,417.0,406.0,417.0,30200,-1.0,-1.0
2014/10/30,415.0,421.0,415.0,421.0,58500,-1.0,-1.0
2014/10/31,417.0,429.0,415.0,428.0,76800,-1.0,-1.0
2014/11/04,437.0,437.0,418.0,430.0,72000,-1.0,-1.0
2014/11/05,429.0,443.0,417.0,443.0,86100,-1.0,-1.0
2014/11/06,435.0,445.0,434.0,436.0,32700,-1.0,-1.0
2014/11/07,435.0,442.0,420.0,441.0,44100,-1.0,-1.0
2014/11/10,440.0,443.0,438.0,440.0,22600,-1.0,-1.0
2014/11/11,437.0,443.0,435.0,443.0,27700,-1.0,-1.0
2014/11/12,441.0,444.0,424.0,435.0,57200,-1.0,-1.0
2014/11/13,433.0,449.0,430.0,445.0,78300,-1.0,-1.0
2014/11/14,450.0,452.0,434.0,448.0,69600,-1.0,-1.0
2014/11/17,443.0,450.0,437.0,437.0,16200,-1.0,-1.0
2014/11/18,441.0,448.0,441.0,448.0,25800,-1.0,-1.0
2014/11/19,451.0,453.0,449.0,450.0,16700,-1.0,-1.0
2014/11/20,454.0,455.0,447.0,453.0,24300,-1.0,-1.0
2014/11/21,452.0,452.0,425.0,449.0,16900,-1.0,-1.0
2014/11/25,449.0,457.0,449.0,455.0,17100,-1.0,-1.0
2014/11/26,455.0,459.0,452.0,458.0,34500,-1.0,-1.0
2014/11/27,460.0,465.0,456.0,463.0,41700,-1.0,-1.0
2014/11/28,470.0,470.0,452.0,470.0,37300,-1.0,-1.0
2014/12/01,474.0,483.0,470.0,474.0,34000,-1.0,-1.0
2014/12/02,479.0,480.0,475.0,478.0,18900,-1.0,-1.0
2014/12/03,475.0,480.0,475.0,477.0,15900,-1.0,-1.0
2014/12/04,476.0,483.0,475.0,482.0,25300,-1.0,-1.0
2014/12/05,474.0,483.0,474.0,480.0,55100,-1.0,-1.0
2014/12/08,483.0,484.0,479.0,484.0,13600,-1.0,-1.0
2014/12/09,484.0,488.0,480.0,483.0,16100,-1.0,-1.0
2014/12/10,475.0,483.0,466.0,480.0,44900,-1.0,-1.0
2014/12/11,474.0,480.0,473.0,477.0,25100,-1.0,-1.0
2014/12/12,490.0,490.0,470.0,479.0,57900,-1.0,-1.0
2014/12/15,471.0,487.0,469.0,469.0,22700,-1.0,-1.0
2014/12/16,464.0,477.0,464.0,467.0,17900,-1.0,-1.0
2014/12/17,462.0,470.0,459.0,459.0,25800,-1.0,-1.0
2014/12/18,467.0,474.0,467.0,474.0,16000,-1.0,-1.0
2014/12/19,482.0,482.0,467.0,476.0,27100,-1.0,-1.0
2014/12/22,474.0,475.0,469.0,474.0,9900,-1.0,-1.0
2014/12/24,474.0,479.0,474.0,477.0,9100,-1.0,-1.0
2014/12/25,470.0,476.0,468.0,470.0,29100,-1.0,-1.0
2014/12/26,467.0,475.0,458.0,474.0,14700,-1.0,-1.0
2014/12/29,479.0,481.0,475.0,481.0,18300,-1.0,-1.0
2014/12/30,484.0,484.0,472.0,472.0,10700,-1.0,-1.0
2015/01/05,476.0,480.0,476.0,476.0,2900,-1.0,-1.0
2015/01/06,472.0,477.0,460.0,460.0,19600,-1.0,-1.0
2015/01/07,452.0,458.0,452.0,455.0,11900,-1.0,-1.0
2015/01/08,455.0,461.0,450.0,459.0,14800,-1.0,-1.0
2015/01/09,456.0,458.0,452.0,456.0,15300,-1.0,-1.0
2015/01/13,448.0,452.0,430.0,450.0,26200,-1.0,-1.0
2015/01/14,445.0,449.0,435.0,440.0,9600,-1.0,-1.0
2015/01/15,436.0,455.0,436.0,453.0,15700,-1.0,-1.0
2015/01/16,443.0,455.0,425.0,431.0,57000,-1.0,-1.0
2015/01/19,432.0,437.0,430.0,437.0,20100,-1.0,-1.0
2015/01/20,442.0,448.0,441.0,447.0,13500,-1.0,-1.0
2015/01/21,447.0,450.0,438.0,440.0,8500,-1.0,-1.0
2015/01/22,435.0,443.0,435.0,443.0,19300,-1.0,-1.0
2015/01/23,451.0,454.0,436.0,452.0,20700,-1.0,-1.0
2015/01/26,445.0,453.0,436.0,452.0,10100,-1.0,-1.0
2015/01/27,460.0,463.0,457.0,459.0,8500,-1.0,-1.0
2015/01/28,452.0,465.0,452.0,460.0,18500,-1.0,-1.0
2015/01/29,466.0,472.0,461.0,466.0,15500,-1.0,-1.0
2015/01/30,471.0,480.0,470.0,480.0,12700,-1.0,-1.0
2015/02/02,470.0,479.0,467.0,470.0,15000,-1.0,-1.0
2015/02/03,469.0,477.0,465.0,467.0,18800,-1.0,-1.0
2015/02/04,475.0,480.0,460.0,480.0,17400,-1.0,-1.0
2015/02/05,475.0,475.0,469.0,473.0,7600,-1.0,-1.0
2015/02/06,473.0,473.0,468.0,473.0,8800,-1.0,-1.0
2015/02/09,470.0,479.0,466.0,474.0,15100,-1.0,-1.0
2015/02/10,468.0,473.0,465.0,473.0,6700,-1.0,-1.0
2015/02/12,470.0,483.0,470.0,482.0,28400,-1.0,-1.0
2015/02/13,490.0,490.0,473.0,479.0,23700,-1.0,-1.0
2015/02/16,483.0,490.0,481.0,487.0,11400,-1.0,-1.0
2015/02/17,482.0,488.0,481.0,487.0,18900,-1.0,-1.0
2015/02/18,488.0,488.0,472.0,486.0,26600,-1.0,-1.0
2015/02/19,485.0,490.0,471.0,490.0,32700,-1.0,-1.0
2015/02/20,488.0,488.0,481.0,482.0,19800,-1.0,-1.0
2015/02/23,485.0,488.0,478.0,483.0,8300,-1.0,-1.0
2015/02/24,485.0,492.0,479.0,490.0,25400,-1.0,-1.0
2015/02/25,490.0,491.0,489.0,490.0,10100,-1.0,-1.0
2015/02/26,491.0,498.0,490.0,498.0,40200,-1.0,-1.0
2015/02/27,500.0,506.0,495.0,506.0,63700,-1.0,-1.0
2015/03/02,500.0,500.0,494.0,498.0,22800,-1.0,-1.0
2015/03/03,497.0,497.0,485.0,494.0,23300,-1.0,-1.0
2015/03/04,490.0,500.0,485.0,498.0,19500,-1.0,-1.0
2015/03/05,500.0,500.0,496.0,497.0,9000,-1.0,-1.0
2015/03/06,498.0,502.0,496.0,500.0,18000,-1.0,-1.0
2015/03/09,500.0,500.0,497.0,498.0,5300,-1.0,-1.0
2015/03/10,498.0,499.0,490.0,498.0,13800,-1.0,-1.0
2015/03/11,497.0,499.0,492.0,498.0,10100,-1.0,-1.0
2015/03/12,500.0,503.0,499.0,503.0,24400,-1.0,-1.0
2015/03/13,504.0,504.0,500.0,502.0,38500,-1.0,-1.0
2015/03/16,502.0,504.0,500.0,503.0,10000,-1.0,-1.0
2015/03/17,503.0,504.0,500.0,503.0,9600,-1.0,-1.0
2015/03/18,502.0,504.0,501.0,503.0,9000,-1.0,-1.0
2015/03/19,496.0,502.0,482.0,500.0,23800,-1.0,-1.0
2015/03/20,503.0,503.0,499.0,500.0,10900,-1.0,-1.0
2015/03/23,506.0,506.0,485.0,505.0,12700,-1.0,-1.0
2015/03/24,500.0,503.0,495.0,502.0,11000,-1.0,-1.0
2015/03/25,500.0,504.0,483.0,504.0,30700,-1.0,-1.0
2015/03/26,503.0,503.0,494.0,498.0,11900,-1.0,-1.0
2015/03/27,493.0,504.0,484.0,485.0,15800,-1.0,-1.0
2015/03/30,490.0,497.0,490.0,497.0,31300,-1.0,-1.0
2015/03/31,497.0,507.0,495.0,506.0,36900,-1.0,-1.0
2015/04/01,497.0,502.0,491.0,493.0,26300,-1.0,-1.0
2015/04/02,495.0,505.0,495.0,499.0,25700,-1.0,-1.0
2015/04/03,503.0,503.0,498.0,503.0,10500,-1.0,-1.0
2015/04/06,501.0,501.0,496.0,496.0,3700,94.66436195933802,95.09015768464373
2015/04/07,492.0,498.0,492.0,493.0,18300,93.77222028917012,93.81818482289084
2015/04/08,493.0,499.0,493.0,495.0,12700,93.63254629767164,93.84838260347166
2015/04/09,494.0,494.0,485.0,492.0,16200,92.6199018388932,93.11191184247663
2015/04/10,486.0,494.0,486.0,491.0,31400,91.32875876892598,92.9214978331989
2015/04/13,488.0,493.0,484.0,487.0,14700,90.27084716457368,92.24676458156056
2015/04/14,491.0,494.0,486.0,493.0,7300,90.97216802682195,92.40886548514385
2015/04/15,493.0,496.0,491.0,496.0,18400,91.57815439690347,92.66602192211568
2015/04/16,495.0,496.0,494.0,495.0,7200,90.62717963649385,91.17289392404774
2015/04/17,493.0,496.0,492.0,495.0,13900,91.17791595418866,91.17098453533838
2015/04/20,495.0,497.0,492.0,492.0,9000,90.68589567239584,90.80982432840509
2015/04/21,492.0,497.0,491.0,496.0,10200,90.75213306133631,90.73062226163773
2015/04/22,496.0,497.0,486.0,495.0,23900,89.40646931294962,89.56707557698613
2015/04/23,497.0,497.0,491.0,494.0,10800,88.78991427166335,89.20854726312628
2015/04/24,495.0,495.0,490.0,492.0,13000,88.6511205771817,88.89622816337636
2015/04/27,492.0,497.0,492.0,495.0,12000,88.48221729422342,88.71856991976901
2015/04/28,497.0,499.0,481.0,499.0,24700,88.95967747564042,89.10637631111635
2015/04/30,494.0,498.0,490.0,497.0,22800,91.74294921312298,91.76197878505955
2015/05/01,490.0,494.0,488.0,490.0,14900,90.44961449658972,91.12743270952765
2015/05/07,488.0,493.0,487.0,488.0,8400,90.01997629130324,90.32692038151446
2015/05/08,491.0,497.0,490.0,494.0,14800,90.26570122711999,90.43024838267138
2015/05/11,495.0,496.0,487.0,495.0,15700,89.69013723383694,90.10118035574031
2015/05/12,507.0,507.0,495.0,502.0,19300,92.02001264406024,92.0657190429036
2015/05/13,500.0,501.0,500.0,500.0,17400,91.33613239685484,92.42207131707755
2015/05/14,502.0,502.0,495.0,499.0,21800,91.60158601085466,92.82516958682059
2015/05/15,500.0,504.0,499.0,503.0,14300,91.89966767621465,92.78019681116238
2015/05/18,505.0,507.0,492.0,506.0,18700,91.36355640864633,91.73042323313454
2015/05/19,501.0,506.0,500.0,506.0,15800,91.4228130525141,91.85427905836315
2015/05/20,506.0,507.0,498.0,507.0,54700,91.32243376859054,91.91663025157644
2015/05/21,507.0,515.0,502.0,509.0,44000,92.38685235191508,92.43596353961236
2015/05/22,510.0,510.0,506.0,507.0,3100,91.8356355838249,92.18027058485247
2015/05/25,511.0,511.0,505.0,510.0,13300,91.66249967201803,92.26918427232486
2015/05/26,509.0,509.0,503.0,505.0,12800,91.32857422201309,91.83505639741297
2015/05/27,505.0,510.0,505.0,508.0,8100,91.01005588938953,91.59383746757135
2015/05/28,506.0,511.0,506.0,510.0,19300,91.54220331053078,91.97731886193927
2015/05/29,505.0,512.0,505.0,510.0,25900,90.72678310472861,91.52437785678033
2015/06/01,503.0,508.0,503.0,506.0,19500,91.6234363446921,91.74795294197102
2015/06/02,505.0,505.0,499.0,502.0,23300,91.84544245562633,92.09600050172926
2015/06/03,500.0,502.0,498.0,500.0,13400,91.76726438151225,92.13175063586569
2015/06/04,498.0,504.0,498.0,500.0,17000,91.54266591330456,91.59927738851472
2015/06/05,505.0,509.0,498.0,504.0,39300,92.38502880229576,92.84723432135702
2015/06/08,506.0,508.0,500.0,501.0,17100,92.13663833683466,92.59186950224131
2015/06/09,497.0,501.0,494.0,494.0,19900,91.23682340816092,91.92881539663738
2015/06/10,498.0,507.0,495.0,497.0,21700,92.24951820938315,93.3859315383221
2015/06/11,500.0,505.0,499.0,502.0,19400,91.28072562924858,93.27521027174285
2015/06/12,500.0,506.0,498.0,500.0,66800,90.88862780816743,92.53631126133388
2015/06/15,504.0,510.0,502.0,504.0,18700,90.92636936803515,92.7833192222718
2015/06/16,502.0,504.0,501.0,501.0,11900,90.55534693266341,92.49078064001954
2015/06/17,504.0,505.0,499.0,502.0,19500,91.5346501074493,93.61860030426227
2015/06/18,500.0,503.0,498.0,498.0,17000,93.10669801818605,95.11393274463991
2015/06/19,500.0,505.0,498.0,500.0,12600,92.55991968288588,94.64677082525473
2015/06/22,503.0,503.0,498.0,501.0,16600,92.15906332111264,94.17542812868864
2015/06/23,505.0,509.0,500.0,505.0,18200,90.13245705980134,92.30045807844508
2015/06/24,508.0,509.0,500.0,504.0,26000,89.93067198847277,92.26189461592243
2015/06/25,504.0,507.0,495.0,501.0,20000,90.05761780327862,92.39575017614906
2015/06/26,501.0,508.0,495.0,500.0,26500,88.90371500914395,91.67391752500384
2015/06/29,485.0,493.0,485.0,489.0,27200,89.48701238243741,92.2270702905643
2015/06/30,487.0,506.0,487.0,504.0,20200,92.20316049233523,95.28267269701749
2015/07/01,504.0,509.0,494.0,501.0,17400,91.05306364346973,94.2598637589886
2015/07/02,504.0,508.0,502.0,502.0,7300,90.90408454430661,94.28975763303004
2015/07/03,504.0,506.0,501.0,502.0,10200,91.1326372803254,94.33088458323172
2015/07/06,498.0,500.0,495.0,495.0,14200,91.20943652534497,94.21313335992284
2015/07/07,498.0,500.0,492.0,493.0,12200,89.49841436516508,92.78663818330351
2015/07/08,493.0,493.0,476.0,476.0,27600,89.79177413791008,93.00599471758353
2015/07/09,466.0,487.0,462.0,472.0,21500,88.87521730250447,92.43420253047506
2015/07/10,472.0,487.0,472.0,477.0,21200,90.5168392786644,93.58682287666107
2015/07/13,477.0,495.0,477.0,495.0,7800,92.83363519394896,95.62158233314008
2015/07/14,500.0,500.0,490.0,492.0,13200,90.84651155313222,93.49750464909657
2015/07/15,490.0,498.0,485.0,498.0,28000,91.95920208350746,94.65129901351749
2015/07/16,500.0,502.0,496.0,502.0,32200,91.57815146394542,94.10511994422563
2015/07/17,505.0,505.0,500.0,502.0,10600,91.55354606213878,94.39496516190417
2015/07/21,502.0,504.0,497.0,500.0,13100,90.66160744224528,93.67854938604067
2015/07/22,500.0,508.0,490.0,495.0,16600,90.08438124724258,93.026580618198
2015/07/23,495.0,500.0,492.0,500.0,5900,90.11594296720816,93.01629883820836
2015/07/24,500.0,500.0,493.0,493.0,2900,90.69368570121898,93.27553942895325
2015/07/27,493.0,500.0,486.0,490.0,11300,91.42414359377487,94.06975149018288
2015/07/28,482.0,492.0,482.0,487.0,15700,91.25544843671894,94.06522974991282
2015/07/29,493.0,500.0,485.0,489.0,11700,91.91289027161068,94.326143271225
2015/07/30,535.0,550.0,525.0,528.0,395400,98.5006167163451,101.30227332705563
2015/07/31,528.0,528.0,513.0,520.0,89400,97.78714604853744,100.12149052744175
2015/08/03,520.0,526.0,518.0,521.0,34800,98.33532805910676,100.40994719867888
2015/08/04,523.0,528.0,519.0,523.0,22300,97.61673442863558,99.53220962387722
2015/08/05,525.0,525.0,516.0,522.0,27500,97.43251896415238,99.51679063858062
2015/08/06,527.0,533.0,516.0,520.0,50900,97.03984358233046,98.96504741370768
2015/08/07,520.0,528.0,520.0,523.0,24300,95.62650836767644,98.0906361904345
2015/08/10,530.0,537.0,527.0,536.0,48700,97.67895565599865,99.48440684692783
2015/08/11,545.0,545.0,524.0,526.0,71100,96.45929986095993,98.24646648619671
2015/08/12,521.0,533.0,511.0,517.0,96800,96.18399228839219,97.68782456286156
2015/08/13,518.0,542.0,518.0,533.0,50900,98.10186346848779,100.49338741842064
2015/08/14,538.0,544.0,535.0,537.0,37600,99.22906735505154,101.47422712423723
2015/08/17,540.0,546.0,538.0,545.0,26300,99.01740073487247,101.26173950239377
2015/08/18,549.0,550.0,545.0,549.0,64300,100.64791568036695,102.51877962142362
2015/08/19,543.0,548.0,531.0,541.0,60600,100.83918483353769,102.42772647322712
2015/08/20,535.0,537.0,527.0,527.0,43900,99.75892812405553,101.95417487670508
2015/08/21,515.0,535.0,512.0,514.0,78200,100.23157331136335,102.49729080847196
2015/08/24,501.0,510.0,478.0,478.0,132700,98.17743812064246,101.66175881778132
2015/08/25,462.0,488.0,452.0,465.0,124100,98.85792919546448,101.72682722534485
2015/08/26,466.0,490.0,461.0,488.0,67900,101.11027384622315,103.9954276605066
2015/08/27,500.0,501.0,486.0,490.0,42800,99.71548356255525,102.26424011340755
2015/08/28,502.0,502.0,492.0,499.0,64700,98.10065184182008,100.36024003097191
2015/08/31,501.0,513.0,497.0,504.0,33800,100.71154178473279,102.61377155003142
2015/09/01,498.0,505.0,482.0,484.0,38100,101.32729305491613,103.0816511744567
2015/09/02,468.0,483.0,468.0,472.0,45300,99.57716551038939,101.71022637076791
2015/09/03,478.0,488.0,477.0,477.0,20100,100.06122832984379,102.0060893068653
2015/09/04,478.0,482.0,459.0,461.0,32900,98.30024707348318,99.92941896917003
2015/09/07,458.0,468.0,455.0,466.0,13600,99.21651411468333,101.35880464303509
2015/09/08,463.0,475.0,461.0,461.0,17100,100.63129899372878,102.14944490870985
2015/09/09,476.0,481.0,470.0,481.0,21700,97.72760054903358,100.7234679053086
2015/09/10,471.0,481.0,468.0,478.0,13400,100.37691075943083,102.32668487860525
2015/09/11,492.0,496.0,485.0,491.0,43900,103.31095824949101,105.00428092052469
2015/09/14,492.0,492.0,471.0,475.0,17600,101.3709021561905,102.59653091204571
2015/09/15,476.0,481.0,463.0,469.0,21100,99.75295205612656,101.3123519353706
2015/09/16,476.0,476.0,470.0,474.0,10000,99.86760195374382,101.21448008521953
2015/09/17,480.0,480.0,472.0,478.0,29600,99.20875130823245,100.53603067464529
2015/09/18,472.0,472.0,464.0,471.0,25400,100.80835893107019,101.65367803662811
2015/09/24,463.0,464.0,455.0,455.0,35300,99.76173026405797,101.01628749357465
2015/09/25,453.0,464.0,453.0,464.0,24800,100.27751472200224,101.21595112481143
2015/09/28,458.0,462.0,451.0,456.0,14300,100.36035398556803,100.92138671729542
2015/09/29,450.0,450.0,439.0,441.0,22400,101.75699954998494,102.70931530715986
2015/09/30,445.0,450.0,440.0,447.0,26800,99.38197507520042,100.3743016519963
2015/10/01,450.0,456.0,449.0,451.0,17400,99.39306586539075,99.79412096068128
2015/10/02,450.0,454.0,450.0,453.0,8500,100.3662377934603,100.52297359023339
2015/10/05,455.0,468.0,455.0,460.0,16000,99.01908102310621,99.3563556051976
2015/10/06,465.0,468.0,463.0,466.0,14900,101.11107906587992,101.90039909475277
2015/10/07,467.0,474.0,466.0,474.0,27200,100.86370393898822,101.17382816424121
2015/10/08,474.0,475.0,468.0,471.0,15300,101.48488510004063,101.22614357426028
2015/10/09,471.0,485.0,470.0,485.0,21600,104.80643892134498,103.62467693916273
2015/10/13,485.0,496.0,477.0,483.0,28200,106.6406490815861,105.17001692945387
2015/10/14,480.0,484.0,476.0,477.0,24800,106.31796247647767,104.9852804198989
2015/10/15,474.0,490.0,474.0,480.0,27300,106.80847521299042,105.1752745290207
2015/10/16,481.0,492.0,481.0,492.0,16900,106.79925018807144,105.09034552252533
2015/10/19,492.0,492.0,484.0,488.0,18000,106.74987988525405,104.91276247267909
2015/10/20,493.0,493.0,484.0,484.0,19600,104.66532758553306,103.48836945279851
2015/10/21,485.0,495.0,484.0,494.0,19900,102.68554972892308,101.53323888827366
2015/10/22,491.0,497.0,490.0,492.0,10400,103.85990138262117,102.66238243614949
2015/10/23,496.0,505.0,496.0,505.0,31900,103.84998588285464,102.61283670441192
2015/10/26,512.0,570.0,507.0,540.0,522000,110.19705284600514,109.15957989938161
2015/10/27,554.0,554.0,538.0,540.0,172100,107.79110537712617,107.1218082290523
2015/10/28,540.0,544.0,525.0,539.0,76700,106.35578025347287,106.15283159817761
2015/10/29,538.0,546.0,533.0,541.0,42700,106.26137014725934,106.22593522815542
2015/10/30,544.0,546.0,538.0,543.0,42500,109.12272771371735,108.58540947678641
2015/11/02,539.0,539.0,526.0,529.0,40500,111.03405835738971,110.26790249302047
2015/11/04,529.0,538.0,525.0,527.0,44500,106.45642184192525,105.93587446171895
2015/11/05,523.0,533.0,523.0,527.0,29900,106.17753269083556,105.42353540496237
2015/11/06,528.0,533.0,527.0,530.0,24600,105.30208249177335,104.81505879276394
2015/11/09,530.0,547.0,530.0,536.0,72900,104.06764303480334,104.14157857956303
2015/11/10,533.0,533.0,527.0,529.0,25900,103.95078567818786,103.3155994455874
2015/11/11,531.0,542.0,530.0,538.0,33700,108.01164962155406,106.75664537162004
2015/11/12,529.0,534.0,528.0,533.0,20500,105.75950007869743,104.43780352403597
2015/11/13,526.0,536.0,526.0,532.0,23900,105.98793700129248,104.86539383162135
2015/11/16,523.0,530.0,518.0,527.0,22400,105.5474656125414,104.83312469864796
2015/11/17,530.0,535.0,527.0,531.0,38100,104.72082062754546,104.23655538212522
2015/11/18,536.0,540.0,531.0,536.0,28400,104.80245090238995,104.84732788608552
2015/11/19,543.0,543.0,524.0,535.0,46700,102.8840809766431,103.1401565307045
2015/11/20,536.0,536.0,522.0,534.0,16100,103.84129864949021,103.87152305394376
2015/11/24,536.0,537.0,529.0,537.0,26600,103.11132182184943,103.55970355659029
2015/11/25,537.0,538.0,533.0,534.0,21300,102.11920812705779,102.82857388763671
2015/11/26,531.0,536.0,530.0,532.0,21100,99.37125640285211,99.81353171810174
2015/11/27,530.0,539.0,528.0,538.0,25400,100.51305705733785,101.25053726923778
2015/11/30,539.0,549.0,539.0,547.0,78600,102.79354185453853,103.81876899518518
2015/12/01,548.0,555.0,543.0,549.0,32100,101.37133157358755,102.37126666101632
2015/12/02,544.0,546.0,539.0,540.0,24600,100.61557503609086,101.01886745349537
2015/12/03,535.0,539.0,527.0,535.0,46100,99.56951084065724,99.75458994512533
2015/12/04,528.0,529.0,525.0,525.0,22100,100.49225709939438,100.45625611491582
2015/12/07,530.0,530.0,525.0,526.0,14900,98.9536505326474,99.24214749345445
2015/12/08,528.0,528.0,519.0,521.0,24500,98.57508361882105,98.74703144698039
2015/12/09,522.0,525.0,519.0,519.0,18600,97.54563930911603,97.78570934956734
2015/12/10,520.0,520.0,511.0,511.0,29100,97.06475562104426,97.16099399936247
2015/12/11,506.0,516.0,506.0,511.0,39000,96.36838544732305,96.36303100142291
2015/12/14,498.0,516.0,498.0,511.0,29700,98.66162777843623,98.3590666454621
2015/12/15,507.0,510.0,502.0,502.0,11300,97.01157516878358,96.82208910091951
2015/12/16,509.0,509.0,505.0,509.0,18000,97.91093289653239,97.31085322302391
2015/12/17,512.0,519.0,507.0,514.0,33600,96.4286410072088,95.3828599343858
2015/12/18,519.0,523.0,513.0,513.0,54500,100.02280885809583,98.83420240778648
2015/12/21,511.0,511.0,501.0,505.0,18900,99.32582561223076,98.31413343394131
2015/12/22,504.0,508.0,504.0,505.0,22300,100.08247626120554,98.443379822377
2015/12/24,505.0,509.0,498.0,498.0,19200,100.42580164180788,98.83900240943512
2015/12/25,498.0,500.0,490.0,492.0,28000,98.54318419296753,97.72580354437741
2015/12/28,492.0,504.0,492.0,502.0,8400,98.04251952423841,97.23059662636703
2015/12/29,503.0,503.0,492.0,500.0,24200,97.38574008159999,96.6059360195546
2015/12/30,505.0,511.0,500.0,507.0,21700,97.41910812558407,96.4478419170939
2016/01/04,502.0,507.0,488.0,492.0,47600,97.52260705224926,95.92728624036208
2016/01/05,486.0,498.0,485.0,491.0,23400,98.07864480054499,96.55475141389347
2016/01/06,489.0,493.0,486.0,487.0,22400,99.34886359157954,97.75625894752208
2016/01/07,487.0,494.0,476.0,478.0,28200,100.62125617660107,98.40581465662449
2016/01/08,477.0,486.0,474.0,475.0,17000,101.22241254547602,99.36324839473426
2016/01/12,471.0,471.0,455.0,458.0,42900,101.001985666446,99.79877551505635
2016/01/13,461.0,475.0,461.0,468.0,21200,100.84198991614612,100.15996984175099
2016/01/14,462.0,470.0,458.0,464.0,26900,101.64256056863191,100.2472271208581
2016/01/15,470.0,473.0,461.0,465.0,19700,106.10832594477715,104.90995249529773
2016/01/18,447.0,462.0,445.0,452.0,32500,103.79069846010766,102.27589970220706
2016/01/19,452.0,460.0,452.0,457.0,19000,104.14372652621707,102.76802456687683
2016/01/20,460.0,468.0,439.0,441.0,45200,105.5041018542171,104.09273376346937
2016/01/21,441.0,452.0,427.0,427.0,27600,104.28213797999703,102.90109233544396
2016/01/22,432.0,453.0,429.0,452.0,28700,103.26219312640849,102.11251719194574
2016/01/25,456.0,464.0,456.0,459.0,14400,103.67099223238915,102.23775362577163
2016/01/26,451.0,456.0,446.0,446.0,18200,103.32851586758886,101.89316791340426
2016/01/27,455.0,464.0,455.0,463.0,17000,104.35721623437774,102.75187871902558
2016/01/28,461.0,464.0,458.0,463.0,18400,102.64898371941055,100.88928234830941
2016/01/29,460.0,466.0,450.0,462.0,30900,97.10759819731352,95.10742317065505
2016/02/01,460.0,460.0,445.0,457.0,59400,95.56211750481994,93.64959795908072
2016/02/02,457.0,457.0,450.0,452.0,26500,94.52609129830155,92.81194405543415
2016/02/03,448.0,449.0,433.0,438.0,20300,93.83756416781772,91.94624787558567
2016/02/04,432.0,437.0,431.0,431.0,18900,93.57763520170911,92.51801087925455
2016/02/05,428.0,431.0,426.0,429.0,14200,95.16747477059431,93.89236959853167
2016/02/08,429.0,440.0,427.0,435.0,19000,95.59122871154628,94.73125715080614
2016/02/09,436.0,436.0,414.0,415.0,28000,96.28633572410415,96.03786924763801
2016/02/10,429.0,429.0,398.0,403.0,39600,95.66895769490415,95.80021325523056
2016/02/12,391.0,391.0,367.0,372.0,43300,93.03952282402187,94.09289884236138
2016/02/15,371.0,396.0,371.0,391.0,46000,90.22002132242415,90.67576876043573
2016/02/16,386.0,398.0,382.0,393.0,28100,90.41273480100213,90.96795477489552
2016/02/17,393.0,400.0,387.0,392.0,12100,92.69280267640983,93.25471274282535
2016/02/18,400.0,410.0,395.0,403.0,20600,92.74583805417834,93.76934510839112
2016/02/19,400.0,400.0,388.0,393.0,24700,93.61264550300822,94.69570931191626
2016/02/22,388.0,398.0,388.0,393.0,11900,93.26443035190842,94.06150501672231
2016/02/23,394.0,398.0,388.0,388.0,14600,91.76970453707051,92.49839372074022
2016/02/24,380.0,389.0,372.0,379.0,22000,90.31963393149879,90.7801233421832
2016/02/25,378.0,388.0,378.0,383.0,15700,89.51302118700963,89.50303869315752
2016/02/26,386.0,396.0,386.0,390.0,12700,89.49940624211702,89.570332065908
2016/02/29,420.0,421.0,392.0,392.0,31300,92.46754882779807,92.4897324011148
2016/03/01,392.0,395.0,387.0,389.0,18200,92.1076566163552,92.42570945283431
2016/03/02,397.0,410.0,395.0,402.0,22200,90.15640085264086,90.73542262945551
2016/03/03,403.0,425.0,403.0,413.0,23500,91.87716937562764,92.48675060479367
2016/03/04,412.0,428.0,412.0,420.0,14300,93.65763177660824,94.10736176246047
2016/03/07,420.0,427.0,416.0,418.0,23900,93.26290171910874,94.4044450066953
2016/03/08,417.0,424.0,413.0,416.0,16300,92.90114474276592,94.50677789065604
2016/03/09,412.0,412.0,405.0,405.0,12900,91.49607044828531,93.12675710158618
2016/03/10,413.0,425.0,413.0,417.0,21100,93.42389051922414,94.82507691671395
2016/03/11,408.0,423.0,406.0,419.0,35000,94.8751503875655,95.80872431763122
2016/03/14,427.0,434.0,426.0,430.0,16700,95.46903160712225,96.53017796694581
2016/03/15,428.0,436.0,423.0,427.0,14600,96.3961520230123,97.16691107509214
2016/03/16,425.0,435.0,424.0,425.0,9100,97.28577742503131,98.27773527888158
2016/03/17,430.0,442.0,426.0,428.0,18900,98.43859998417594,99.25850901785908
2016/03/18,430.0,436.0,418.0,421.0,21800,98.47469262730036,98.93977324263041
2016/03/22,430.0,444.0,427.0,435.0,24400,100.1983864431415,100.42122575664231
2016/03/23,443.0,443.0,435.0,438.0,13300,100.93764062564685,101.41713091922007
2016/03/24,435.0,436.0,428.0,428.0,21500,99.06398692382449,99.53441452005511
2016/03/25,425.0,431.0,425.0,426.0,16100,99.62825455615352,99.84152215526994
2016/03/28,430.0,434.0,426.0,431.0,12400,98.24480603272,97.76047754486542
2016/03/29,422.0,428.0,416.0,428.0,14600,94.98757680813347,94.74733511451431
2016/03/30,423.0,423.0,418.0,421.0,12700,96.3027576052746,96.26917762491243
2016/03/31,420.0,426.0,414.0,414.0,13500,95.61042846708445,95.71196728373606
2016/04/01,418.0,418.0,392.0,394.0,26200,94.18059477159943,94.14529268220393
2016/04/04,398.0,399.0,393.0,396.0,13800,96.05431736542202,95.65066099181331
2016/04/05,395.0,398.0,382.0,382.0,15400,96.73046909730938,96.43369880056082
2016/04/06,382.0,388.0,378.0,380.0,22500,96.67088360519482,96.18864248878049
2016/04/07,379.0,388.0,373.0,375.0,24500,96.4862686022793,95.47742028094467
2016/04/08,370.0,386.0,368.0,379.0,29900,97.12456209196863,95.28353390010057
2016/04/11,375.0,375.0,369.0,375.0,23800,97.31119568148416,95.44165621499799
2016/04/12,370.0,378.0,367.0,373.0,30700,94.5630762516888,92.63109632519495
2016/04/13,378.0,381.0,374.0,380.0,33300,92.92836553077241,91.35371707108287
2016/04/14,384.0,389.0,382.0,389.0,28000,92.40941923126626,91.65551751149889
2016/04/15,387.0,387.0,383.0,385.0,19600,90.72617589910095,90.7630217260009
2016/04/18,381.0,381.0,375.0,376.0,29300,92.19259090867197,91.62048289043281
2016/04/19,381.0,384.0,378.0,384.0,25900,91.34222547390057,91.38349971233443
2016/04/20,386.0,390.0,380.0,382.0,37000,91.90334842987579,91.63724698847476
2016/04/21,387.0,390.0,384.0,386.0,26200,90.8460083094205,91.09948217366228
2016/04/22,384.0,390.0,381.0,388.0,23300,89.84589905025541,90.70310329391032
2016/04/25,389.0,394.0,387.0,393.0,20700,90.975813075622,91.69752784185339
2016/04/26,390.0,391.0,383.0,389.0,23000,90.11055762800727,91.16095508278298
2016/04/27,384.0,387.0,381.0,383.0,23600,86.99917214002434,88.66877055150375
2016/04/28,385.0,388.0,378.0,380.0,20000,89.55185023938425,90.84535184701133
2016/05/02,374.0,374.0,365.0,370.0,38900,90.5851200973395,91.84027856594837
2016/05/06,373.0,373.0,363.0,368.0,27200,89.62917140245409,91.10117515927789
2016/05/09,368.0,372.0,366.0,371.0,14600,90.68664124014899,91.67956948450703
2016/05/10,372.0,378.0,369.0,373.0,16800,88.02678041299143,89.18505467231384
2016/05/11,380.0,385.0,375.0,383.0,22900,91.31893593163873,92.09509555572208
2016/05/12,382.0,384.0,378.0,384.0,14400,90.47072478933964,91.5831318652919
2016/05/13,380.0,382.0,374.0,378.0,20000,90.35415000747805,91.4814373140486
2016/05/16,370.0,378.0,368.0,369.0,48300,88.08822658919358,89.75448852785962
2016/05/17,371.0,376.0,370.0,372.0,18000,88.41126599939832,89.88943842805011
2016/05/18,372.0,374.0,367.0,370.0,39300,88.55140530315091,89.61023355003677
2016/05/19,373.0,377.0,373.0,374.0,13000,89.17431455249326,90.53285547991548
2016/05/20,376.0,379.0,375.0,377.0,31500,90.03401240950035,91.21068624195007
2016/05/23,377.0,377.0,369.0,373.0,22200,89.6453292183541,90.64576782396709
2016/05/24,372.0,374.0,372.0,373.0,3200,91.49418513756153,92.40719230611339
2016/05/25,374.0,377.0,372.0,373.0,16300,89.70411291376216,90.83721723718028
2016/05/26,376.0,381.0,375.0,378.0,25300,90.81708102589182,92.32541891182161
2016/05/27,378.0,380.0,375.0,378.0,12600,90.53203321906523,91.89143140755463
2016/05/30,380.0,381.0,376.0,378.0,9400,90.03050514650135,91.79610922471674
2016/05/31,379.0,384.0,378.0,381.0,9700,90.46453550624133,92.09054635206101
2016/06/01,383.0,389.0,380.0,381.0,24300,92.00910028645151,93.42635694200727
2016/06/02,382.0,388.0,376.0,376.0,24300,93.02383316578646,94.51537982144589
2016/06/03,382.0,385.0,378.0,383.0,19500,93.42894623525584,94.73563213888386
2016/06/06,374.0,378.0,373.0,373.0,26300,91.86112772371399,92.86565150883736
2016/06/07,374.0,380.0,374.0,378.0,11500,92.21538710637941,93.2740745777875
2016/06/08,380.0,382.0,374.0,375.0,26100,89.86747687490035,90.93790110627567
2016/06/09,375.0,378.0,374.0,374.0,14900,91.10478255129875,91.85279354985686
2016/06/10,374.0,375.0,372.0,373.0,30500,91.70141289629257,92.58176626187321
2016/06/13,371.0,373.0,363.0,363.0,25600,91.66550994316981,92.62270651639622
2016/06/14,361.0,366.0,356.0,358.0,11700,91.2777197355081,92.12741012985539
2016/06/15,358.0,362.0,354.0,359.0,15300,90.82901351743897,91.48180710924731
2016/06/16,359.0,359.0,342.0,344.0,33600,89.46996618766832,89.94563258996224
2016/06/17,346.0,356.0,346.0,352.0,12800,91.04470841031133,91.79752964031877
2016/06/20,355.0,366.0,342.0,354.0,19300,90.41038965831963,91.06435383206785
2016/06/21,355.0,360.0,354.0,360.0,10400,91.74554455874154,92.36087995537315
2016/06/22,358.0,358.0,350.0,354.0,12400,91.23342611295527,91.85065802813622
2016/06/23,354.0,361.0,352.0,360.0,6800,91.91547716502896,92.44973028740571
2016/06/24,357.0,358.0,337.0,338.0,46900,93.61515969079731,93.56006575451646
2016/06/27,340.0,349.0,340.0,341.0,18400,91.60174146958042,92.43689120446192
2016/06/28,341.0,347.0,339.0,341.0,13000,89.35008070375386,90.07756989988212
2016/06/29,341.0,347.0,340.0,343.0,26500,89.40855244946732,89.79286415907367
2016/06/30,350.0,351.0,342.0,344.0,23100,90.28825964458889,90.66086874988058
2016/07/01,345.0,349.0,344.0,346.0,9500,90.27211928083322,90.77289578969292
2016/07/04,343.0,345.0,341.0,343.0,21000,88.3395903276478,88.97160067916893
2016/07/05,343.0,343.0,341.0,343.0,9900,90.47493521630197,90.64545120094888
2016/07/06,341.0,343.0,337.0,338.0,23100,91.13331255960297,91.04632810829743
2016/07/07,338.0,340.0,337.0,337.0,8000,92.80091479383444,92.00096911347366
2016/07/08,336.0,339.0,333.0,333.0,32700,91.40516877653694,91.37246419573172
2016/07/11,339.0,346.0,339.0,345.0,17400,89.13439016483018,89.55060764598976
2016/07/12,347.0,353.0,345.0,351.0,16100,90.35480234661163,90.92730939792574
2016/07/13,353.0,355.0,349.0,351.0,29400,88.8581564152467,89.24534370234383
2016/07/14,351.0,351.0,347.0,349.0,19700,87.40201094061973,88.062538278504
2016/07/15,351.0,356.0,350.0,355.0,13900,88.51903882634363,89.28581475479908
2016/07/19,351.0,354.0,349.0,354.0,17300,88.23680694790662,89.01276410368104
2016/07/20,358.0,358.0,350.0,353.0,24400,88.03553391907563,88.709087493382
2016/07/21,357.0,359.0,355.0,358.0,16600,88.09943117936557,88.99977452422357
2016/07/22,354.0,365.0,354.0,358.0,8400,89.72467439246331,90.57783194674761
2016/07/25,362.0,363.0,356.0,359.0,9200,89.70699705735832,90.5423770884583
2016/07/26,360.0,361.0,356.0,356.0,10400,90.70687625313613,91.14001390586189
2016/07/27,363.0,363.0,350.0,359.0,15500,89.44236039758091,90.7608724495438
2016/07/28,355.0,366.0,351.0,352.0,19000,83.03707911630276,84.01989288446823
2016/07/29,350.0,372.0,350.0,360.0,30800,86.010548442991,86.85746719222689
2016/08/01,358.0,358.0,352.0,352.0,8100,83.45145532131001,84.82673710818192
2016/08/02,351.0,361.0,350.0,350.0,22500,83.77876571815067,85.43184854925977
2016/08/03,347.0,350.0,344.0,344.0,17600,84.46590566795079,86.30650895195285
2016/08/04,343.0,349.0,342.0,344.0,16700,84.09974995926648,86.29354386718043
2016/08/05,343.0,351.0,343.0,345.0,6600,84.10667149146671,86.54484538631348
2016/08/08,349.0,357.0,348.0,356.0,9800,83.00434813674362,86.04317615159653
2016/08/09,350.0,354.0,350.0,352.0,8400,82.71030258001441,85.71939723960072
2016/08/10,352.0,353.0,350.0,352.0,10400,82.96587744178777,86.25660044070086
2016/08/12,355.0,360.0,349.0,357.0,14200,80.62344306024545,83.62482783870958
2016/08/15,358.0,359.0,356.0,357.0,8100,80.06857430476059,83.2281344915398
2016/08/16,357.0,357.0,347.0,347.0,12800,78.27924735232938,81.3989164184166
2016/08/17,344.0,352.0,344.0,349.0,22500,77.9047695703665,81.10844770451193
2016/08/18,347.0,350.0,344.0,345.0,13500,79.55183188747166,82.35819515556953
2016/08/19,348.0,349.0,345.0,347.0,15300,79.30145435488608,81.96028051409414
2016/08/22,347.0,351.0,345.0,348.0,8000,81.32353978678107,82.69843281098822
2016/08/23,344.0,348.0,342.0,342.0,15900,79.38567531508815,81.2055679692603
2016/08/24,346.0,347.0,343.0,346.0,11000,78.50357425309032,80.24840824741794
2016/08/25,345.0,349.0,345.0,348.0,13600,79.67916732075632,81.70066827592804
2016/08/26,348.0,352.0,346.0,349.0,14900,81.80524682851014,84.16245488881302
2016/08/29,353.0,358.0,352.0,358.0,12600,80.16875754834038,83.13738938662793
2016/08/30,356.0,361.0,356.0,359.0,18300,80.56112293295001,83.51297711595984
2016/08/31,360.0,363.0,360.0,362.0,8700,82.18110363297613,84.56607459238496
2016/09/01,361.0,367.0,361.0,366.0,8100,82.42098229050472,84.62409041389563
2016/09/02,364.0,367.0,364.0,367.0,12400,83.68501311093503,85.77103677850582
2016/09/05,368.0,368.0,365.0,368.0,5200,82.78384665920194,84.95212892431113
2016/09/06,368.0,374.0,366.0,370.0,18800,81.88176857651834,84.06569285166863
2016/09/07,369.0,372.0,365.0,369.0,16800,84.6429431453681,85.6877253007757
2016/09/08,373.0,373.0,369.0,372.0,11600,83.97746577119962,85.54742796497347
2016/09/09,364.0,372.0,364.0,369.0,36700,80.90450120156687,82.77897577040663
2016/09/12,363.0,367.0,363.0,366.0,6700,83.02711601554434,85.16554980528174
2016/09/13,369.0,371.0,365.0,368.0,17600,84.55024831913354,86.72355542255494
2016/09/14,367.0,370.0,360.0,367.0,22300,84.6838143177099,86.7226704238709
2016/09/15,364.0,370.0,364.0,365.0,9300,85.79604963978997,87.55754540964999
2016/09/16,371.0,372.0,366.0,370.0,24600,85.93154875891537,87.59367768223775
2016/09/20,372.0,374.0,368.0,370.0,19000,86.64231431050777,88.11082916187824
2016/09/21,369.0,375.0,366.0,375.0,30500,86.16495061482496,86.94464842305788
2016/09/23,375.0,378.0,374.0,378.0,21300,86.94301401631654,87.75851656887386
2016/09/26,377.0,379.0,373.0,379.0,10500,88.64281018453575,89.51196914274854
2016/09/27,375.0,383.0,369.0,383.0,22000,88.13336071667007,88.54097980386804
2016/09/28,380.0,380.0,374.0,379.0,9600,89.53911121984233,89.90936753761454
2016/09/29,384.0,389.0,375.0,386.0,29700,90.86171350428852,91.92676695458881
2016/09/30,386.0,406.0,386.0,392.0,185600,93.2428664349061,94.52442573031746
2016/10/03,397.0,398.0,386.0,392.0,47700,92.43998988813654,93.74732737034131
2016/10/04,389.0,389.0,375.0,384.0,49300,89.5451973209919,90.74270693533295
2016/10/05,389.0,389.0,377.0,387.0,33200,88.94516870206391,90.45096503948889
2016/10/06,388.0,393.0,381.0,391.0,29300,89.11638631592845,90.8305573851748
2016/10/07,390.0,390.0,386.0,387.0,6600,87.26476622432803,89.51362870247937
2016/10/11,393.0,393.0,387.0,389.0,12200,86.26230279136912,89.25390813748477
2016/10/12,388.0,388.0,380.0,387.0,25200,86.19560345986616,88.89744892616505
2016/10/13,388.0,390.0,387.0,388.0,12800,87.2070955226583,89.77051997427317
2016/10/14,389.0,392.0,385.0,390.0,6400,86.01850553218503,88.60321547343626
2016/10/17,391.0,393.0,388.0,391.0,8400,85.95960558801717,88.54600220153259
2016/10/18,387.0,393.0,385.0,392.0,8000,86.9289424648377,89.5119966210356
2016/10/19,392.0,392.0,388.0,392.0,10700,86.61281418622593,89.2689163567287
2016/10/20,392.0,394.0,391.0,394.0,15300,85.65857974642512,88.69348739445954
2016/10/21,395.0,395.0,391.0,395.0,15400,85.68571961251514,88.67615910709557
2016/10/24,392.0,396.0,390.0,394.0,15000,80.21378235036686,83.17322162723981
2016/10/25,398.0,398.0,391.0,395.0,26800,79.09507226810427,81.95309651271202
2016/10/26,395.0,399.0,391.0,397.0,20900,80.05480500773837,82.41711888210966
2016/10/27,398.0,398.0,393.0,397.0,14300,80.15219414755644,82.14918315083416
2016/10/28,397.0,399.0,394.0,398.0,33300,80.1726232916637,82.02369110736552
2016/10/31,400.0,400.0,396.0,399.0,14800,80.87161780336265,82.67807884402526
2016/11/01,397.0,397.0,394.0,395.0,21900,81.33171977447513,82.87396160829104
2016/11/02,393.0,397.0,390.0,395.0,20300,82.7923479746517,84.372843948624
2016/11/04,390.0,395.0,374.0,395.0,19700,84.93356265883627,86.50946337686307
2016/11/07,395.0,398.0,391.0,396.0,13500,84.485044905951,86.25022999180788
2016/11/08,397.0,402.0,396.0,396.0,15000,85.75639051713401,87.26550865293821
2016/11/09,398.0,398.0,377.0,377.0,25500,84.90649771444228,85.91642161795339
2016/11/10,396.0,398.0,391.0,396.0,21000,84.3772287461113,86.02213852324829
2016/11/11,398.0,398.0,392.0,395.0,12700,83.74396071566943,85.42886540945335
2016/11/14,398.0,398.0,395.0,395.0,13500,82.25190977515209,84.13585660070477
2016/11/15,395.0,404.0,393.0,402.0,24400,84.11524065991816,85.58809404324423
2016/11/16,404.0,482.0,404.0,471.0,971700,96.66413246636819,98.0644770555129
2016/11/17,495.0,537.0,475.0,531.0,4140400,110.34951426107045,111.61807783512323
2016/11/18,520.0,525.0,486.0,517.0,1922500,107.1213500084762,108.6584457707547
2016/11/21,508.0,510.0,492.0,500.0,661700,102.46337464636193,103.62863344693795
2016/11/22,528.0,530.0,493.0,494.0,928100,100.9165621692935,102.06184296433514
2016/11/24,501.0,501.0,492.0,492.0,269900,100.60774455353292,101.49900079660235
2016/11/25,486.0,499.0,475.0,479.0,419500,96.3122100672904,96.93170908808999
2016/11/28,479.0,488.0,477.0,480.0,163300,94.39875537499837,94.35968385848554
2016/11/29,477.0,499.0,474.0,492.0,228600,97.96564510737706,97.75681938241776
2016/11/30,490.0,496.0,484.0,491.0,137700,99.01930315796163,99.14522915285097
2016/12/01,491.0,494.0,487.0,490.0,84700,98.64740329848594,98.97815441747179
2016/12/02,485.0,489.0,477.0,484.0,148900,97.58599219408649,98.18106695174022
2016/12/05,482.0,484.0,475.0,482.0,47600,98.77103083287341,99.02157401219374
2016/12/06,480.0,489.0,478.0,482.0,99800,98.21857655857792,98.24675567668866
2016/12/07,485.0,492.0,479.0,490.0,100200,98.51811417832252,98.52674356268031
2016/12/08,497.0,498.0,482.0,486.0,115800,96.53220889531164,96.84670427905931
2016/12/09,490.0,506.0,486.0,498.0,253200,98.65700956295672,98.99892356102993
2016/12/12,505.0,506.0,484.0,491.0,124400,94.7236464588245,95.8633689681821
2016/12/13,491.0,497.0,487.0,493.0,76300,94.71455949825518,95.80339896702765
2016/12/14,493.0,499.0,486.0,493.0,162900,95.83185496642946,96.98436481593099
2016/12/15,495.0,497.0,489.0,494.0,49900,96.5067233308108,97.47889068738654
2016/12/16,499.0,499.0,489.0,496.0,74700,94.62123532507572,95.84005384530312
2016/12/19,495.0,495.0,489.0,493.0,30800,95.2295345192842,96.50324380687955
2016/12/20,489.0,491.0,479.0,485.0,68300,93.04513564157776,94.87898208770066
2016/12/21,476.0,491.0,471.0,489.0,138200,94.88609518252508,96.83772177529076
2016/12/22,485.0,492.0,481.0,490.0,64200,95.16245432602774,97.10615076283659
2016/12/26,492.0,495.0,477.0,485.0,60300,94.00706848919398,96.0532633790583
2016/12/27,486.0,491.0,471.0,483.0,54000,94.50485737816592,97.05086120477532
2016/12/28,479.0,483.0,476.0,481.0,34800,93.07227559047473,95.51999492785515
2016/12/29,481.0,482.0,475.0,478.0,59500,93.63186748083908,96.5965206942291
2016/12/30,478.0,483.0,472.0,479.0,36000,93.97879242523311,96.78458231728058
2017/01/04,484.0,495.0,484.0,495.0,66100,94.3656207700958,97.35071088695135
2017/01/05,494.0,496.0,492.0,493.0,27300,93.87420480761803,96.65813375695026
2017/01/06,492.0,496.0,481.0,493.0,54400,94.41918347659397,96.70678356850578
2017/01/10,492.0,493.0,486.0,490.0,26000,95.44381891220563,97.25041259072079
2017/01/11,490.0,494.0,490.0,493.0,30100,96.37126662323827,97.9827607212475
2017/01/12,495.0,495.0,473.0,485.0,62000,94.18099900379558,95.75348036882872
2017/01/13,484.0,484.0,478.0,480.0,21200,91.77158511021325,93.70831079110123
2017/01/16,480.0,481.0,473.0,474.0,23300,93.11661495846433,95.08990455262155
2017/01/17,474.0,480.0,469.0,470.0,39000,93.1953470364368,94.75595682328077
2017/01/18,467.0,470.0,464.0,470.0,34100,92.5974917312017,94.26368233561195
2017/01/19,476.0,476.0,470.0,472.0,14000,92.8325794772206,94.14320372224554
2017/01/20,473.0,476.0,468.0,471.0,20600,92.33708676625028,93.38063098442757
2017/01/23,468.0,472.0,466.0,470.0,36900,92.74759174731912,94.14870794605922
2017/01/24,467.0,471.0,466.0,468.0,14600,93.32081733914251,94.75523604291222
2017/01/25,476.0,476.0,470.0,475.0,15600,92.3981278664176,94.44151735306835
2017/01/26,480.0,480.0,476.0,480.0,15100,91.0566274930099,93.41129331811227
2017/01/27,480.0,484.0,477.0,479.0,22200,93.29911940250244,95.83767735679939
2017/01/30,477.0,479.0,472.0,474.0,14700,95.66804905318173,98.27111835076963
2017/01/31,467.0,470.0,465.0,467.0,28900,96.31544439066818,98.5908356044076
2017/02/01,462.0,465.0,457.0,464.0,26900,95.10998052973117,97.51122319536785
2017/02/02,464.0,464.0,456.0,457.0,21400,95.55182327963124,97.49602568691469
2017/02/03,457.0,462.0,450.0,452.0,28700,93.6734973751178,95.20621667500498
2017/02/06,456.0,457.0,451.0,456.0,31900,93.93196840431939,95.17439146805617
2017/02/07,459.0,462.0,459.0,460.0,19400,94.2829663152413,95.35754203040446
2017/02/08,460.0,462.0,460.0,461.0,16600,94.56675459631974,94.93906744913927
2017/02/09,461.0,465.0,460.0,460.0,16700,97.78987341718882,97.73518996676246
2017/02/10,464.0,467.0,464.0,466.0,19800,96.65630500843977,96.8967131214832
2017/02/13,467.0,470.0,466.0,467.0,10700,98.34418962780524,99.3054394971663
2017/02/14,466.0,470.0,466.0,466.0,15900,98.94781628361673,99.92271119665608
2017/02/15,469.0,473.0,469.0,472.0,14400,98.09800300278953,99.38367922264298
2017/02/16,473.0,478.0,469.0,470.0,14800,97.63297040094197,98.5894296838645
2017/02/17,470.0,475.0,470.0,471.0,12300,99.48845696572839,100.23772487117132
2017/02/20,473.0,475.0,472.0,474.0,13400,100.93796343687242,101.3528633491514
2017/02/21,473.0,477.0,473.0,477.0,12300,101.81953661289968,102.04039844075126
2017/02/22,478.0,488.0,477.0,478.0,33100,103.57764380090305,104.04452280589489
2017/02/23,480.0,483.0,479.0,482.0,7500,104.8572802961705,105.73624503234862
2017/02/24,480.0,483.0,480.0,482.0,9600,103.7528089254169,104.54508823520625
2017/02/27,480.0,481.0,472.0,477.0,22000,102.06453447851787,102.95120965596118
2017/02/28,476.0,483.0,476.0,477.0,17000,103.16649278852412,103.89398738341917
2017/03/01,477.0,480.0,477.0,480.0,14400,103.10588266512912,103.75925586190529
2017/03/02,484.0,484.0,480.0,482.0,20300,101.16994616412427,102.11463496540472
2017/03/03,482.0,485.0,479.0,479.0,19400,99.67015273989827,100.67417146891478
2017/03/06,479.0,482.0,478.0,479.0,12000,100.0005155249728,100.36955252741681
2017/03/07,482.0,483.0,478.0,478.0,16700,99.69155975201406,99.58471263662761
2017/03/08,478.0,480.0,478.0,479.0,7500,102.22793377301815,101.64606186576835
2017/03/09,480.0,481.0,480.0,480.0,11400,100.41311778199342,100.11415058140518
2017/03/10,488.0,488.0,476.0,482.0,44100,99.39378816822267,99.34527925944548
2017/03/13,481.0,484.0,480.0,480.0,12400,97.98267991904054,97.65495767247234
2017/03/14,482.0,484.0,480.0,484.0,11600,98.94193352371302,98.75155375836613
2017/03/15,481.0,482.0,480.0,480.0,12900,97.92497019218996,97.78876898144554
2017/03/16,476.0,483.0,476.0,482.0,25500,97.36128986650516,97.31281001187119
2017/03/17,483.0,489.0,480.0,483.0,19300,98.29038593689836,98.54924628295248
2017/03/21,483.0,483.0,478.0,480.0,15000,96.6915559894913,96.6884712074634
2017/03/22,478.0,480.0,476.0,476.0,17000,97.0305244030626,96.88637113720755
2017/03/23,480.0,481.0,476.0,476.0,14400,98.43590130780073,98.43956054290491
2017/03/24,482.0,485.0,481.0,483.0,15800,100.07909576296767,100.31810832349908
2017/03/27,488.0,488.0,478.0,478.0,19300,100.09091728671405,100.53457311569423
2017/03/28,485.0,486.0,480.0,486.0,36200,101.13747624241634,101.25930439915909
2017/03/29,486.0,486.0,473.0,478.0,12700,99.72293385687729,99.86062322651189
2017/03/30,478.0,478.0,470.0,471.0,7700,100.01470431512627,100.33347023553512
2017/03/31,472.0,475.0,455.0,456.0,34600,98.93437808632305,99.57614917938041
2017/04/03,464.0,465.0,458.0,461.0,21700,98.8755145377465,99.96761182153041
2017/04/04,463.0,463.0,447.0,452.0,25700,98.96624174006722,99.7510084138359
2017/04/05,456.0,456.0,441.0,442.0,15800,96.91523981487752,98.00176924040177
2017/04/06,447.0,447.0,422.0,422.0,36800,95.3044187988135,96.75473343332109
2017/04/07,429.0,443.0,420.0,430.0,21000,96.17408543949813,98.06665097123319
2017/04/10,431.0,435.0,430.0,433.0,13700,96.75189315674584,98.53838251147474
2017/04/11,431.0,437.0,429.0,430.0,20800,97.94685080157161,100.18795984666944
2017/04/12,430.0,430.0,420.0,424.0,24300,98.51979232089299,100.48545671734368
2017/04/13,420.0,430.0,418.0,420.0,23400,99.08762014349915,100.83939777292147
2017/04/14,417.0,423.0,415.0,419.0,17200,100.00151603204233,101.54602126474606
2017/04/17,422.0,423.0,416.0,421.0,10600,99.28418092618843,100.84988473223598
2017/04/18,421.0,427.0,421.0,423.0,11100,100.92113626775976,102.03412328494805
2017/04/19,424.0,429.0,424.0,428.0,13300,102.7680150676448,103.99788329982317
2017/04/20,433.0,436.0,429.0,430.0,16600,104.95050726331183,105.41380610670781
2017/04/21,432.0,436.0,432.0,435.0,19400,105.80194871838862,106.00680742859731
2017/04/24,443.0,443.0,433.0,434.0,15400,102.02791697961875,102.98610925260918
2017/04/25,435.0,443.0,435.0,442.0,14400,103.34539335255532,104.08720917374346
2017/04/26,451.0,456.0,449.0,451.0,21000,105.55180744295618,106.02744234169673
2017/04/27,451.0,454.0,442.0,452.0,16600,102.9709212390111,103.76651768879566
2017/04/28,453.0,455.0,446.0,449.0,10000,102.07495563224707,102.98466033601169
2017/05/01,450.0,453.0,450.0,453.0,5100,102.37751292097832,103.36431081581333
2017/05/02,458.0,460.0,456.0,458.0,17900,103.08635574065647,104.2278212632054
2017/05/08,458.0,470.0,458.0,469.0,37900,103.03487498626085,104.1589718952564
2017/05/09,471.0,474.0,461.0,463.0,18000,103.62421375086619,104.75567457848818
2017/05/10,466.0,471.0,466.0,468.0,18900,101.80066900178954,102.85353937936308
2017/05/11,468.0,468.0,465.0,468.0,12000,101.63402578958043,102.70583495078314
2017/05/12,469.0,469.0,459.0,461.0,15400,100.6641012719046,101.85758231541445
2017/05/15,470.0,473.0,465.0,468.0,35600,105.10504424616329,106.0910774930529
2017/05/16,466.0,471.0,466.0,470.0,20400,105.6225807110168,106.53550766733844
2017/05/17,465.0,466.0,460.0,462.0,21400,104.8876888261533,106.05058816225055
2017/05/18,454.0,468.0,451.0,453.0,49000,103.11484843199365,104.10746537489763
2017/05/19,453.0,464.0,453.0,459.0,31000,104.01136611725785,104.8642013994769
2017/05/22,455.0,457.0,451.0,454.0,27100,103.01348783392893,103.93807982081371
2017/05/23,453.0,458.0,452.0,457.0,39300,103.06434438829284,103.83391616003506
2017/05/24,454.0,464.0,451.0,453.0,53900,103.08180277290366,103.54179442559175
2017/05/25,452.0,456.0,449.0,454.0,30400,101.67348942302714,102.18224721272067
2017/05/26,454.0,455.0,447.0,447.0,25100,101.12271115733331,101.71565251180634
2017/05/29,443.0,447.0,443.0,447.0,25800,102.54560736926605,102.87547727667194
2017/05/30,441.0,444.0,441.0,444.0,30600,102.06835900607622,102.24369419597296
2017/05/31,445.0,445.0,440.0,440.0,25600,99.64810421499705,100.29484278083504
2017/06/01,444.0,449.0,440.0,442.0,17600,98.03512943848159,98.70409671116445
2017/06/02,443.0,452.0,443.0,448.0,19500,96.47796604526707,97.02115365119008
2017/06/05,448.0,448.0,442.0,444.0,18800,97.84438244322516,98.51463603612974
2017/06/06,449.0,451.0,443.0,444.0,20100,98.03370641462925,98.64903775980922
2017/06/07,444.0,448.0,441.0,443.0,20700,99.49114282216364,99.9283630436187
2017/06/08,443.0,447.0,441.0,441.0,9200,98.72020385902587,99.15678925425549
2017/06/09,445.0,448.0,444.0,444.0,22600,98.74155633206578,99.52003504594754
2017/06/12,444.0,446.0,440.0,442.0,15800,97.97508322387361,98.2749858433653
2017/06/13,441.0,447.0,441.0,442.0,15900,98.39867401345005,98.54796493135608
2017/06/14,444.0,448.0,441.0,441.0,12600,98.35183703202219,98.5580565409365
2017/06/15,441.0,443.0,434.0,436.0,23100,98.6388294986493,99.08790536298724
2017/06/16,441.0,443.0,436.0,438.0,18900,97.33083040677306,97.5182646652736
2017/06/19,444.0,448.0,438.0,439.0,33100,98.65967031032659,98.77154428156516
2017/06/20,445.0,450.0,443.0,450.0,22600,99.9059707638158,100.00772916988711
2017/06/21,446.0,447.0,442.0,443.0,19700,99.83142827804082,99.75284326391514
2017/06/22,445.0,446.0,441.0,442.0,12900,99.13764135160086,99.01559121311607
2017/06/23,443.0,445.0,443.0,445.0,7400,97.7781475340723,98.41373525493084
2017/06/26,446.0,449.0,444.0,444.0,12200,98.90861584199051,98.99480978742845
2017/06/27,448.0,448.0,444.0,446.0,12800,99.09181573459516,98.93036557251189
2017/06/28,445.0,448.0,444.0,444.0,5300,100.10053817262391,100.04432674465195
2017/06/29,445.0,450.0,443.0,443.0,14700,99.1999371113233,98.78609955092685
2017/06/30,444.0,449.0,442.0,443.0,13800,100.2275367243882,99.64130937998344
2017/07/03,450.0,450.0,437.0,441.0,36700,101.13369413621692,100.50314710283344
2017/07/04,445.0,448.0,440.0,441.0,15300,100.56873721041937,100.37149779461973
2017/07/05,441.0,444.0,440.0,440.0,24400,99.69303777755356,99.25992274787717
2017/07/06,444.0,444.0,441.0,442.0,11000,100.20925888579436,99.54047105945581
2017/07/07,440.0,445.0,440.0,440.0,18800,100.16099468051334,99.47607682601985
2017/07/10,446.0,447.0,444.0,445.0,12300,100.90195378622082,100.26661434677455
2017/07/11,447.0,454.0,447.0,451.0,23200,102.4056138831821,101.52997549718148
2017/07/12,453.0,453.0,450.0,450.0,22300,103.5383231933399,102.94317437968539
2017/07/13,451.0,452.0,450.0,450.0,3400,105.11511499569157,104.41584882168198
2017/07/14,451.0,452.0,451.0,451.0,6500,104.17707773966904,102.94027125075446
2017/07/18,452.0,456.0,446.0,448.0,22200,105.82029088057448,103.97678082130636
2017/07/19,447.0,452.0,447.0,449.0,11900,105.98250005414339,104.3643252985472
2017/07/20,457.0,457.0,450.0,453.0,20100,105.59178702486555,103.78471170846399
2017/07/21,455.0,456.0,454.0,456.0,9300,105.36869152809854,103.73723717193153
2017/07/24,455.0,460.0,453.0,459.0,54900,106.37889613885207,104.50002519137756
2017/07/25,467.0,468.0,459.0,462.0,41000,106.54434022097135,104.8863101894025
2017/07/26,463.0,463.0,458.0,461.0,24000,106.73067628838142,104.70770614786214
2017/07/27,459.0,465.0,459.0,461.0,21000,107.46728176129916,105.21774924505036
2017/07/28,462.0,463.0,459.0,462.0,21600,106.53340157035342,104.70610610116672
2017/07/31,461.0,463.0,459.0,459.0,18300,108.87061494208923,106.48867104547033
2017/08/01,460.0,467.0,456.0,460.0,46600,107.79182895161281,104.93302337821795
2017/08/02,462.0,467.0,459.0,463.0,28700,107.80229512768938,104.74897742319995
2017/08/03,463.0,468.0,460.0,463.0,19000,109.22993599317637,105.69187726125051
2017/08/04,463.0,471.0,463.0,468.0,37800,110.51097682630872,106.42141493230197
2017/08/07,466.0,476.0,466.0,472.0,30300,110.07258530642841,105.59135564796107
2017/08/08,474.0,474.0,471.0,473.0,15400,112.662118280097,108.2587620465718
2017/08/09,473.0,473.0,458.0,463.0,47300,111.51887815640151,106.89472078002325
2017/08/10,463.0,467.0,460.0,461.0,32700,110.74130893225143,105.65440434946593
2017/08/14,458.0,458.0,452.0,454.0,20100,109.80732011596075,104.70962965251897
2017/08/15,462.0,464.0,453.0,457.0,19500,110.65310825658598,105.8085726476426
2017/08/16,458.0,463.0,458.0,458.0,16300,111.38598894115009,106.4742155805839
2017/08/17,460.0,462.0,452.0,462.0,26000,112.05061323859,107.04203402936785
2017/08/18,460.0,460.0,454.0,455.0,14300,111.42820138716137,106.35882238835255
2017/08/21,456.0,460.0,456.0,458.0,13100,112.64166387965662,107.55852021518993
2017/08/22,461.0,463.0,460.0,461.0,8400,114.7227250827713,109.58137078907562
2017/08/23,465.0,465.0,459.0,459.0,27000,113.29155307908702,108.33835756216412
2017/08/24,458.0,460.0,456.0,457.0,11100,112.33768933516004,107.57388208608884
2017/08/25,457.0,461.0,457.0,460.0,9600,110.85535359447354,106.29488128553304
2017/08/28,460.0,462.0,459.0,462.0,11900,111.05341208831605,105.91329951929585
2017/08/29,462.0,463.0,460.0,463.0,12200,111.40366138697149,105.96852131981966
2017/08/30,464.0,467.0,463.0,465.0,27000,111.20566975506017,106.23173765351541
2017/08/31,468.0,477.0,467.0,471.0,23100,110.87567216799594,106.40805919117184
2017/09/01,468.0,474.0,468.0,472.0,22800,110.54622637479481,106.46868561093225
2017/09/04,472.0,474.0,465.0,469.0,29800,111.30531271886636,106.8054252589022
2017/09/05,477.0,477.0,468.0,469.0,48600,111.69285079054146,107.78121345440348
2017/09/06,467.0,471.0,465.0,468.0,10100,111.46185871107205,107.51250153205025
2017/09/07,470.0,478.0,470.0,474.0,35100,111.40532076156298,107.30558654842915
2017/09/08,471.0,473.0,461.0,473.0,38500,112.82822674959417,108.1000345126508
2017/09/11,479.0,483.0,473.0,477.0,33100,111.17219383772256,106.95347107705231
2017/09/12,485.0,485.0,478.0,480.0,37100,110.33476375903317,106.03331164919219
2017/09/13,485.0,485.0,481.0,485.0,16600,110.52223481780689,106.11562377647081
2017/09/14,483.0,488.0,480.0,485.0,22400,110.05176814977351,105.92735822396627
2017/09/15,485.0,490.0,484.0,488.0,28800,109.43320579677108,105.54151843033688
2017/09/19,497.0,497.0,493.0,495.0,30800,108.69209944982221,105.63663436801794
2017/09/20,497.0,500.0,494.0,499.0,41600,110.11734682523198,107.9160199529952
2017/09/21,496.0,502.0,495.0,497.0,53900,108.26123777344274,106.33301062367283
2017/09/22,497.0,499.0,494.0,498.0,21600,108.75180885295954,106.8113099183438
2017/09/25,499.0,502.0,498.0,502.0,33700,107.43383622612536,105.77176189518855
2017/09/26,501.0,502.0,498.0,501.0,49100,107.34847358680697,105.50991664182483
2017/09/27,495.0,505.0,493.0,502.0,30500,107.60841978849469,105.90146646984944
2017/09/28,505.0,505.0,501.0,502.0,19100,106.61668375151703,104.22099097680744
2017/09/29,498.0,502.0,490.0,496.0,44800,102.24895346942635,99.93859576970068
2017/10/02,502.0,502.0,497.0,501.0,23600,103.98679121632632,101.62053707849236
2017/10/03,500.0,501.0,497.0,499.0,23800,105.49895540097134,103.39069933143735
2017/10/04,498.0,502.0,495.0,497.0,63600,104.71837191430772,102.7513682868167
2017/10/05,498.0,500.0,495.0,497.0,15700,104.12962265897161,102.28768531916043
2017/10/06,496.0,499.0,495.0,497.0,20000,104.64775565174362,102.80615443973761
2017/10/10,500.0,501.0,498.0,501.0,26500,105.296803399639,103.05150156626519
2017/10/11,502.0,503.0,501.0,503.0,24100,104.81952763798068,102.8228345857747
2017/10/12,500.0,514.0,500.0,512.0,76300,105.63290555840827,104.18589579050395
2017/10/13,513.0,513.0,505.0,512.0,57100,104.60505799379796,103.51152782167323
2017/10/16,512.0,520.0,512.0,519.0,49700,105.537751545016,104.4301230982986
2017/10/17,515.0,516.0,510.0,515.0,19100,104.45374033635491,103.4153109243839
2017/10/18,515.0,516.0,506.0,511.0,32100,103.72719903224092,102.58414178362698
2017/10/19,512.0,512.0,506.0,508.0,32300,103.60818051686991,102.16107206581997
2017/10/20,521.0,522.0,507.0,520.0,190000,105.42982076502854,103.85428497367164
2017/10/23,527.0,527.0,522.0,526.0,53000,106.04580947670448,104.61504431535309
2017/10/24,526.0,533.0,523.0,533.0,74400,107.46119766753921,105.78229392806779
2017/10/25,532.0,533.0,520.0,522.0,45100,105.34485195122045,103.80425949455557
2017/10/26,520.0,533.0,520.0,530.0,45500,106.46077854891418,105.19418186142337
2017/10/27,540.0,548.0,537.0,544.0,83000,108.35088044243784,107.46131209391008
2017/10/30,550.0,553.0,546.0,549.0,67500,108.9230367277734,108.23743135028066
2017/10/31,531.0,539.0,531.0,535.0,79300,107.32752604510137,106.85286534006933
2017/11/01,534.0,551.0,533.0,547.0,85800,105.83494073057179,106.06251544012454
2017/11/02,550.0,550.0,518.0,539.0,64200,102.34794740674997,102.4543392784368
2017/11/06,541.0,544.0,537.0,538.0,49200,103.4963294252556,103.28120268655543
2017/11/07,539.0,545.0,538.0,543.0,29500,102.65068879891257,103.10728097279049
2017/11/08,538.0,541.0,536.0,540.0,22100,101.58964286404124,102.5379898755932
2017/11/09,540.0,549.0,535.0,540.0,66700,103.42289450599449,103.51500510674525
2017/11/10,535.0,539.0,528.0,529.0,34300,102.59067799530183,102.52207266353143
2017/11/13,526.0,531.0,521.0,528.0,26300,105.55005719959392,104.92867383967864
2017/11/14,528.0,529.0,522.0,522.0,28100,102.51212857753673,102.41220550124474
2017/11/15,520.0,522.0,506.0,508.0,55300,87.45741151089845,87.91976603788306
2017/11/16,506.0,516.0,505.0,512.0,45300,77.058677659662,77.88796112867588
2017/11/17,518.0,522.0,511.0,512.0,30700,79.44726008108934,80.20621322532408
2017/11/20,513.0,517.0,511.0,515.0,24800,83.77235492611548,84.46099508424972
2017/11/21,518.0,521.0,516.0,517.0,23400,84.79735870870708,85.53261051963173
2017/11/22,519.0,528.0,519.0,526.0,16900,87.02314271085362,87.83237359688066
2017/11/24,521.0,530.0,521.0,529.0,17800,90.01845927947672,90.83679826562019
2017/11/27,526.0,534.0,526.0,534.0,27800,90.78080193403363,92.01779392479432
2017/11/28,538.0,541.0,528.0,529.0,32600,87.53704017696785,89.1054664791683
2017/11/29,536.0,536.0,525.0,531.0,32600,87.62150118413079,88.97008453766175
2017/11/30,526.0,533.0,526.0,529.0,35300,87.95004798463803,89.35573097593134
2017/12/01,530.0,532.0,529.0,532.0,19600,88.75688333251132,90.42746455253285
2017/12/04,533.0,536.0,526.0,527.0,48000,87.99498160738813,89.76124992154061
2017/12/05,526.0,528.0,520.0,525.0,27600,88.40145681169368,89.83865740295079
2017/12/06,522.0,525.0,517.0,518.0,33900,88.17066531099597,89.25911600153405
2017/12/07,521.0,524.0,520.0,523.0,19500,89.75948957755014,91.13246421135389
2017/12/08,513.0,520.0,513.0,518.0,70700,86.62139813504139,87.9632449286201
2017/12/11,519.0,523.0,519.0,522.0,36800,88.77741144706319,89.78564765220298
2017/12/12,521.0,523.0,518.0,520.0,31600,88.79846565292866,89.5059425741369
2017/12/13,522.0,522.0,518.0,518.0,27900,88.89136640972049,89.27994059484807
2017/12/14,519.0,524.0,519.0,522.0,28700,89.74102275429254,90.1568252144857
2017/12/15,523.0,524.0,517.0,521.0,26300,90.3597381853006,90.81996187063577
2017/12/18,525.0,528.0,521.0,524.0,40400,89.99719279959521,90.56963504799641
2017/12/19,526.0,527.0,524.0,525.0,21700,92.27884506148233,92.57427311460295
2017/12/20,525.0,531.0,523.0,527.0,39900,91.54189271396473,91.42506353733675
2017/12/21,528.0,533.0,527.0,529.0,56500,91.72510370712753,91.44553521530949
2017/12/22,533.0,536.0,529.0,532.0,41500,92.89847333575776,92.24292354513636
2017/12/25,537.0,538.0,534.0,537.0,16200,93.6227003431567,92.96501391327409
2017/12/26,537.0,537.0,530.0,533.0,25600,93.53054771494853,92.78816128577539
2017/12/27,539.0,543.0,536.0,543.0,28700,95.5975935160361,94.81364771316083
2017/12/28,548.0,548.0,539.0,539.0,24200,94.75231387438814,94.12485968601074
2017/12/29,545.0,546.0,540.0,544.0,42300,95.35794092836764,94.89009583657582
2018/01/04,546.0,559.0,545.0,556.0,58400,93.65656129694231,94.13349272447782
2018/01/05,560.0,565.0,560.0,565.0,49800,94.01632806782858,94.67298661471621
2018/01/09,571.0,588.0,571.0,579.0,64800,95.62776233911205,96.46183789375134
2018/01/10,577.0,585.0,577.0,577.0,34400,95.27466120767303,95.90169267333185
2018/01/11,575.0,580.0,572.0,579.0,36700,96.34275308768284,97.08195152544118
2018/01/12,579.0,583.0,578.0,579.0,29800,98.35739639517003,99.32223822645285
2018/01/15,580.0,595.0,579.0,589.0,50900,100.0555406243044,100.96065639934027
2018/01/16,594.0,596.0,585.0,590.0,39100,98.6020867236549,100.00803102333771
2018/01/17,587.0,587.0,583.0,583.0,28100,98.1930832116803,99.31302798493132
2018/01/18,584.0,586.0,575.0,579.0,29900,98.4533426759657,99.87819201995688
2018/01/19,579.0,581.0,576.0,579.0,18800,98.81620162771931,99.75347938202526
2018/01/22,580.0,583.0,577.0,581.0,37200,98.05259069918856,98.96509838479967
2018/01/23,583.0,590.0,583.0,587.0,29000,97.68335073175889,98.86345386052382
2018/01/24,584.0,589.0,580.0,582.0,52400,97.53421831527194,98.05946233698577
2018/01/25,582.0,582.0,578.0,580.0,20600,99.04968203089001,99.06222584228323
2018/01/26,580.0,583.0,574.0,574.0,29500,98.71566120459852,98.78271812109435
2018/01/29,578.0,584.0,577.0,579.0,31500,100.12729106261402,100.28154787889103
2018/01/30,605.0,620.0,590.0,605.0,233100,105.90824705089759,106.09205882209555
2018/01/31,605.0,608.0,591.0,593.0,99300,105.9454027952298,106.30509992661159
2018/02/01,598.0,624.0,598.0,621.0,91600,109.436201821443,109.73027584705287
2018/02/02,623.0,623.0,615.0,619.0,36300,111.31433776773613,111.29341704382416
2018/02/05,600.0,606.0,596.0,596.0,89200,109.35016936161408,108.9637565681009
2018/02/06,569.0,577.0,556.0,563.0,112000,107.10269901837192,106.43714105514866
2018/02/07,592.0,598.0,588.0,590.0,100500,112.3862955499704,111.47130454840519
2018/02/08,591.0,595.0,586.0,589.0,24800,110.59427690865937,109.75890814454368
2018/02/09,569.0,576.0,566.0,571.0,50100,111.05012904407559,109.41493326919576
2018/02/13,580.0,580.0,569.0,570.0,28500,110.76965122522047,109.6596297880146
2018/02/14,570.0,575.0,556.0,557.0,42200,108.4347137535564,107.67982220471177
2018/02/15,561.0,570.0,558.0,563.0,24700,107.97061559131723,108.06818306978114
2018/02/16,572.0,573.0,558.0,565.0,51100,106.22979216685371,106.64349818252148
2018/02/19,568.0,580.0,568.0,580.0,25000,106.35220777473509,106.63695027376887
2018/02/20,584.0,594.0,580.0,594.0,26500,110.08104005549575,109.91303379675665
2018/02/21,597.0,602.0,594.0,599.0,30600,110.53599294532945,110.76508226510849
2018/02/22,599.0,600.0,590.0,593.0,18700,109.64317231867429,109.64794509249268
2018/02/23,592.0,604.0,592.0,602.0,20700,110.01079501004811,109.97068899447096
2018/02/26,606.0,606.0,601.0,603.0,10200,109.03281415467828,109.26282515704837
2018/02/27,615.0,618.0,611.0,616.0,46400,110.27470411082557,110.74540752820472
2018/02/28,615.0,615.0,610.0,610.0,29800,111.68066453570069,111.62051201571452
2018/03/01,611.0,611.0,598.0,600.0,35700,112.10640729820689,111.92661119220818
2018/03/02,590.0,592.0,584.0,587.0,34400,112.63942960031277,111.7659898291431
2018/03/05,585.0,586.0,565.0,568.0,30200,109.20900459740741,108.79260929365999
2018/03/06,580.0,588.0,578.0,581.0,16100,109.78015490229834,110.12770733579124
2018/03/07,581.0,583.0,571.0,573.0,14600,108.37428174538147,108.83321356647274
2018/03/08,578.0,578.0,568.0,572.0,13800,107.73695440595867,108.34587755977275
2018/03/09,579.0,579.0,566.0,570.0,24200,107.98667344971213,108.5049735544545
2018/03/12,574.0,581.0,571.0,580.0,12100,108.70638733237325,109.4598862918511
2018/03/13,580.0,589.0,576.0,585.0,18300,107.89082844053246,108.71010134625394
2018/03/14,584.0,587.0,581.0,585.0,11000,109.56336566671058,109.85676209406803
2018/03/15,586.0,589.0,578.0,580.0,17800,108.11434400818871,108.53685178468943
2018/03/16,584.0,599.0,584.0,598.0,39100,111.50128696477243,111.63410908319126
2018/03/19,601.0,601.0,583.0,591.0,25300,111.51791707982433,111.91828200491882
2018/03/20,592.0,592.0,586.0,591.0,23200,112.03912755127566,112.15825268456976
2018/03/22,590.0,601.0,588.0,600.0,17500,111.41684228909978,111.67647348277573
2018/03/23,588.0,591.0,569.0,573.0,44600,110.8350784433874,110.01038815343125
2018/03/26,567.0,582.0,559.0,575.0,24200,109.97883247477327,109.71763280435658
2018/03/27,577.0,600.0,577.0,589.0,46200,109.17232585286479,109.03264416778904
2018/03/28,570.0,579.0,557.0,576.0,16600,110.10947696235051,109.3357463625094
2018/03/29,582.0,582.0,568.0,574.0,18300,109.79699762350647,109.25169951058102
2018/03/30,575.0,575.0,564.0,564.0,29100,109.01203463813039,109.00468265577408
2018/04/02,564.0,573.0,561.0,564.0,33300,108.58412493723795,108.61409691668007
2018/04/03,556.0,557.0,544.0,550.0,38600,107.49702610580168,107.4507321998611
2018/04/04,555.0,563.0,553.0,561.0,27400,112.28803718075307,111.93524345921901
2018/04/05,563.0,563.0,554.0,560.0,25900,114.01286292054127,113.89357044278276
2018/04/06,564.0,564.0,551.0,551.0,18600,110.89253687845138,111.03264984803138
2018/04/09,545.0,549.0,540.0,546.0,17500,109.34255013764395,109.56808270946148
2018/04/10,548.0,554.0,543.0,553.0,15500,110.62805728260126,111.01817265811044
2018/04/11,555.0,555.0,549.0,551.0,16400,111.17042743782206,111.4417262953448
2018/04/12,552.0,555.0,551.0,554.0,12500,112.2140592299428,112.69992839907674
2018/04/13,554.0,558.0,551.0,556.0,16400,111.71818077678036,111.95706044577524
2018/04/16,559.0,559.0,549.0,554.0,19600,110.61766116541972,111.08746056596952
2018/04/17,551.0,553.0,546.0,551.0,22200,109.81560914752228,110.79987478230187
2018/04/18,554.0,555.0,551.0,553.0,9800,107.47910922957824,108.65804120392481
2018/04/19,553.0,561.0,553.0,560.0,24200,108.16233568765203,109.59319267360381
2018/04/20,562.0,562.0,552.0,555.0,23900,107.19813800721234,108.45698255530378
2018/04/23,555.0,560.0,555.0,556.0,6900,109.48007586598322,109.99295828087412
2018/04/24,557.0,561.0,555.0,560.0,10100,108.50514669698488,108.76061309372773
2018/04/25,555.0,562.0,553.0,559.0,16800,107.62225488922019,107.79758594781946
2018/04/26,559.0,566.0,555.0,566.0,19600,108.0100867924813,108.58329876416421
2018/04/27,561.0,564.0,555.0,560.0,23700,106.56320318708856,107.49793349118033
2018/05/01,560.0,560.0,555.0,555.0,8400,104.69202522572998,105.88771411515256
2018/05/02,555.0,559.0,555.0,559.0,6900,105.52160509875195,106.6983615482149
2018/05/07,559.0,559.0,556.0,556.0,10000,104.9815533461621,106.02638878637845
2018/05/08,555.0,563.0,555.0,563.0,20700,107.19746524737221,108.06738823031898
2018/05/09,563.0,564.0,561.0,563.0,12600,106.83103387478859,107.56158075522879
2018/05/10,563.0,564.0,560.0,563.0,13500,106.74037385335208,107.38960053858663
2018/05/11,563.0,567.0,560.0,564.0,21100,106.88985698742593,107.73966092767651
2018/05/14,600.0,622.0,600.0,618.0,207800,114.74920106511064,115.53170995449746
2018/05/15,618.0,623.0,610.0,611.0,63200,113.48822553402951,114.09018641110167
2018/05/16,601.0,619.0,600.0,613.0,52100,115.73229635854348,116.13634770632022
2018/05/17,615.0,628.0,612.0,628.0,57400,118.6940198711576,119.20853046822589
2018/05/18,630.0,643.0,628.0,634.0,71700,118.00950359573335,118.68328333031786
2018/05/21,634.0,641.0,633.0,635.0,24900,119.65543316864753,120.88977068829956
2018/05/22,640.0,645.0,628.0,639.0,48400,119.44186379920608,120.94409217398254
2018/05/23,631.0,638.0,629.0,629.0,20900,120.81910928024911,121.68592324686156
2018/05/24,629.0,630.0,621.0,623.0,17100,121.17702929497621,121.9824644471571
2018/05/25,620.0,630.0,618.0,618.0,26600,121.23425166028517,122.47006534125437
2018/05/28,618.0,623.0,610.0,620.0,19100,121.43632247611586,123.01713212201297
2018/05/29,620.0,623.0,600.0,611.0,41000,121.11406521384089,122.83635240087266
2018/05/30,601.0,605.0,598.0,600.0,10800,121.69860562009531,123.18699427095707
2018/05/31,605.0,612.0,605.0,605.0,20000,122.44031216779572,124.24240933362654
2018/06/01,600.0,608.0,596.0,602.0,28300,122.28944110304498,123.85267012354416
2018/06/04,602.0,615.0,602.0,614.0,14200,124.10551777461443,125.45289346054548
2018/06/05,615.0,618.0,608.0,615.0,12600,122.78361264908881,124.58225172032809
2018/06/06,612.0,614.0,604.0,611.0,14600,121.82341748500505,123.91825125242175
2018/06/07,617.0,625.0,612.0,623.0,27900,123.23296496644195,125.58731826762745
2018/06/08,624.0,624.0,620.0,622.0,31100,123.53915690569939,125.16604140066043
2018/06/11,623.0,626.0,621.0,622.0,16000,122.85606636296531,125.34376519087631
2018/06/12,620.0,622.0,616.0,619.0,13000,121.80622273580038,124.47624665325412
2018/06/13,621.0,621.0,614.0,619.0,14000,121.52140544178917,124.09966447184206
2018/06/14,615.0,615.0,610.0,612.0,11700,122.42316184279018,124.96027519695765
2018/06/15,612.0,621.0,612.0,621.0,27000,123.73545984533109,126.48563643836826
2018/06/18,617.0,621.0,613.0,619.0,21900,124.76002167581251,127.83995329976582
2018/06/19,619.0,627.0,618.0,622.0,30000,125.51539542494201,128.1824217216895
2018/06/20,631.0,635.0,618.0,634.0,32400,127.78144469652051,131.58671201301527
2018/06/21,635.0,636.0,625.0,631.0,22600,126.51368205896247,131.3230895571843
2018/06/22,624.0,628.0,618.0,627.0,21000,125.9800150386386,130.11926405759783
2018/06/25,630.0,632.0,618.0,619.0,17400,125.77888002089406,130.05219847770485
2018/06/26,606.0,615.0,600.0,613.0,21500,124.42109845198948,128.54737113914928
2018/06/27,616.0,641.0,614.0,633.0,50700,128.86014842277152,132.92720208729887
2018/06/28,631.0,631.0,613.0,621.0,24400,127.27633065450108,131.82575899176658
2018/06/29,621.0,621.0,606.0,616.0,19400,124.89343546938136,129.49279723748126
2018/07/02,614.0,626.0,600.0,600.0,27400,125.10035893700555,129.56344875957447
2018/07/03,601.0,606.0,583.0,583.0,43000,121.56079606170019,125.70983576165162
2018/07/04,584.0,593.0,584.0,586.0,32600,123.15251044592361,127.31261559937177
2018/07/05,589.0,589.0,570.0,575.0,29300,120.71464353928663,125.38187675095742
2018/07/06,580.0,597.0,580.0,597.0,35100,124.10491055726118,128.90550783739832
2018/07/09,597.0,609.0,587.0,609.0,24500,124.62083490820721,129.15415501389523
2018/07/10,610.0,620.0,605.0,605.0,18600,122.05087091468947,127.1901767632873
2018/07/11,607.0,608.0,590.0,597.0,13600,121.57393532161116,126.23242531788352
2018/07/12,607.0,612.0,604.0,604.0,16300,121.59032035592452,127.11182339515128
2018/07/13,611.0,615.0,606.0,607.0,11300,119.8279157755175,126.4532815578755
2018/07/17,610.0,615.0,607.0,612.0,14100,120.37217379025564,126.85547282722133
2018/07/18,612.0,615.0,608.0,613.0,19200,119.91477537562774,126.44217147013921
2018/07/19,617.0,637.0,617.0,620.0,41700,121.11289080674527,127.74562749340153
2018/07/20,629.0,629.0,616.0,620.0,21600,120.40158576986192,127.00515041342626
2018/07/23,618.0,620.0,615.0,618.0,12200,120.0846476957291,125.57027243327686
2018/07/24,618.0,631.0,613.0,622.0,16600,119.34926209877257,124.62900532522612
2018/07/25,631.0,634.0,625.0,633.0,17300,121.74144108020104,126.92665399136622
2018/07/26,633.0,637.0,629.0,633.0,29600,122.06823205265968,126.50597356654762
2018/07/27,633.0,654.0,632.0,650.0,58600,123.63992019471883,128.44850821266579
2018/07/30,660.0,680.0,656.0,672.0,127400,129.39326852387117,134.0231130391999
2018/07/31,692.0,729.0,681.0,710.0,533200,136.77403280392028,143.3621561650432
2018/08/01,715.0,721.0,696.0,706.0,148200,134.60769383574973,140.81936260396134
2018/08/02,702.0,718.0,701.0,701.0,56100,134.7031111800172,141.18378609775587
2018/08/03,702.0,708.0,684.0,689.0,88200,130.40634352804815,137.83338179276996
2018/08/06,691.0,707.0,691.0,694.0,52000,131.0194057168054,139.08953688878566
2018/08/07,690.0,702.0,688.0,701.0,45800,130.7638823375996,138.8043093099355
2018/08/08,704.0,725.0,704.0,713.0,96400,134.23575616099376,142.80287912094323
2018/08/09,714.0,728.0,705.0,726.0,68700,137.49267391372203,146.36042892108964
2018/08/10,726.0,726.0,704.0,713.0,86900,137.60249455191033,145.992179500155
2018/08/13,710.0,711.0,693.0,695.0,53100,136.83271838805618,145.40541848911883
2018/08/14,696.0,727.0,696.0,722.0,74400,139.59350819828364,149.2387040022747
2018/08/15,723.0,750.0,723.0,741.0,148800,143.75681582444722,153.9744734245979
2018/08/16,741.0,742.0,716.0,725.0,80800,139.32306056137392,150.19879704406895
2018/08/17,724.0,776.0,724.0,770.0,171300,147.95402959170266,159.24458568535567
2018/08/20,780.0,786.0,759.0,763.0,184800,145.53704659578864,157.048075966507
2018/08/21,751.0,780.0,736.0,762.0,144300,144.19662145586855,156.5349944892949
2018/08/22,770.0,788.0,763.0,779.0,96500,147.49589987411318,159.8917354860165
2018/08/23,782.0,788.0,782.0,786.0,71600,148.52999763397733,161.2538209978491
2018/08/24,787.0,792.0,768.0,769.0,97700,143.88116207751406,156.19884588772803
2018/08/27,765.0,799.0,761.0,795.0,111700,146.79610628165102,159.2558053589317
2018/08/28,800.0,807.0,777.0,789.0,107400,144.6329407520911,157.2361695342192
2018/08/29,785.0,798.0,783.0,789.0,55600,144.8611475091682,156.80725639561112
2018/08/30,798.0,814.0,795.0,797.0,104000,145.3651128351301,157.3703802697022
2018/08/31,789.0,813.0,785.0,805.0,54300,146.87841086485048,159.17391133425426
2018/09/03,806.0,808.0,783.0,789.0,72000,144.5291488892181,156.81223789945486
2018/09/04,798.0,798.0,766.0,775.0,80600,141.13875023519617,152.98048943223742
2018/09/05,772.0,772.0,751.0,755.0,122900,138.29962733573726,150.63641365724712
2018/09/06,755.0,767.0,752.0,752.0,65600,136.84018215573215,149.82211096517136
2018/09/07,746.0,746.0,688.0,712.0,322700,130.06691769322717,142.4163316643752
2018/09/10,712.0,732.0,706.0,729.0,82700,133.51681493173834,146.00648254039712
2018/09/11,725.0,728.0,707.0,717.0,92100,130.34074644303547,143.09194939696636
2018/09/12,716.0,719.0,698.0,702.0,110300,127.2051959002599,140.12183249294014
2018/09/13,698.0,729.0,698.0,711.0,60700,127.23759466663329,139.92052302517263
2018/09/14,719.0,729.0,708.0,728.0,84100,128.6056799125043,141.4417402175025
2018/09/18,729.0,754.0,726.0,746.0,71500,130.62295305615035,142.82866393783038
2018/09/19,758.0,774.0,752.0,763.0,95100,131.18955526245094,142.82375218274754
2018/09/20,770.0,781.0,754.0,775.0,70900,134.01926766770157,145.56723874236687
2018/09/21,782.0,805.0,777.0,802.0,140500,136.93484146460747,148.59909922725424
2018/09/25,801.0,801.0,777.0,796.0,91000,134.9235988217396,145.8312321166582
2018/09/26,797.0,810.0,785.0,810.0,49300,136.06598769906876,147.42703473982792
2018/09/27,813.0,824.0,804.0,811.0,96500,138.24320020439262,150.4305890027395
2018/09/28,820.0,824.0,813.0,819.0,64800,139.35501986007506,152.17297604941908
2018/10/01,820.0,820.0,801.0,811.0,61800,136.20532879047101,149.02380984691717
2018/10/02,819.0,844.0,812.0,816.0,82000,138.89048323778115,151.01439206763337
2018/10/03,809.0,818.0,762.0,775.0,198800,133.4011953614401,145.71394351029016
2018/10/04,790.0,797.0,774.0,774.0,117600,133.9934711712858,145.47137253090082
2018/10/05,774.0,784.0,762.0,777.0,57400,136.00668031817142,147.13818514804
2018/10/09,778.0,793.0,769.0,788.0,69400,139.5534654538028,151.3927627619296
2018/10/10,791.0,806.0,766.0,779.0,82600,137.57734076642018,148.9836383375613
2018/10/11,736.0,746.0,721.0,731.0,154600,132.43309047331536,142.62830332511174
2018/10/12,722.0,735.0,712.0,729.0,94300,132.72435133832118,142.89883467576118
2018/10/15,736.0,744.0,716.0,722.0,67300,132.76904245990042,142.74546187711778
2018/10/16,724.0,746.0,723.0,742.0,73300,136.32647727235718,147.10448660211893
2018/10/17,762.0,785.0,761.0,782.0,119400,143.13034378880408,153.99493281230286
2018/10/18,785.0,789.0,769.0,772.0,87000,143.85543645481326,154.23291167119226
2018/10/19,757.0,778.0,746.0,774.0,106600,141.74843976301315,152.16889133255071
2018/10/22,775.0,785.0,750.0,782.0,81700,142.63317732260106,153.04866010014206
2018/10/23,767.0,773.0,754.0,757.0,88700,140.6995519321577,151.1636061794217
2018/10/24,766.0,769.0,734.0,751.0,101200,141.37178129158096,152.52245023989047
2018/10/25,717.0,730.0,704.0,705.0,156100,135.964908319787,145.72982563327972
2018/10/26,600.0,625.0,582.0,599.0,636500,114.39238421181108,122.1864752708685
2018/10/29,619.0,627.0,600.0,618.0,206500,117.155547776886,125.40606143611632
2018/10/30,609.0,640.0,600.0,635.0,169600,121.75782508493953,130.0712385854078
2018/10/31,649.0,655.0,615.0,621.0,160800,116.11592019110219,123.22443922312283
2018/11/01,620.0,620.0,599.0,607.0,121100,117.0373246673946,123.79647277667716
2018/11/02,607.0,628.0,607.0,628.0,97800,118.32755405544295,126.15130341910816
2018/11/05,620.0,639.0,611.0,630.0,65900,120.57269158469168,127.97027073827394
2018/11/06,633.0,635.0,619.0,629.0,63800,119.96903850548497,126.58436947037268
2018/11/07,626.0,636.0,614.0,619.0,62000,118.9272156770413,126.08752855782974
2018/11/08,620.0,634.0,618.0,624.0,80700,117.5174941205326,124.61854770755878
2018/11/09,623.0,628.0,615.0,616.0,38200,118.70264213381832,125.31785249648244
2018/11/12,616.0,629.0,613.0,618.0,56500,117.62942358590482,124.85385192575905
2018/11/13,608.0,616.0,596.0,607.0,80200,119.31978009655771,126.2493661365071
2018/11/14,608.0,619.0,604.0,605.0,56700,120.08577565186695,126.55032008728485
2018/11/15,601.0,607.0,592.0,596.0,54300,119.32927020834138,125.12373910901357
2018/11/16,597.0,601.0,575.0,578.0,91300,116.6212683933922,122.20706361627688
2018/11/19,574.0,594.0,565.0,588.0,88900,116.4801066790302,122.68342990729495
2018/11/20,579.0,592.0,578.0,587.0,36200,117.92360579113783,123.69883405549342
2018/11/21,572.0,583.0,567.0,580.0,68000,115.4730506023864,121.26554844218565
2018/11/22,576.0,583.0,568.0,575.0,32800,113.23649024098899,118.81146893403299
2018/11/26,575.0,595.0,573.0,589.0,33900,113.75844817236278,120.06656877714275
2018/11/27,599.0,604.0,585.0,594.0,37900,115.0179458570077,121.02290349675965
2018/11/28,591.0,600.0,589.0,599.0,26300,114.94332146442807,121.84396066450603
2018/11/29,605.0,606.0,595.0,596.0,37100,115.00529383101438,121.66861802267857
2018/11/30,601.0,601.0,591.0,595.0,22900,114.18377272769862,120.49998342884103
2018/12/03,600.0,609.0,598.0,606.0,31100,115.66492676109677,121.65009725833664
2018/12/04,607.0,608.0,589.0,591.0,42400,115.56670248459749,122.24839402654102
2018/12/05,582.0,589.0,576.0,579.0,33200,113.09023556149738,120.28826447018595
2018/12/06,578.0,579.0,561.0,567.0,51100,113.43698611580244,120.23638685296889
2018/12/07,567.0,571.0,553.0,557.0,55600,113.14580281224018,119.69095409528654
2018/12/10,555.0,555.0,535.0,541.0,59800,112.03687465236325,118.21178612128891
2018/12/11,541.0,541.0,520.0,521.0,51700,108.3323327850371,115.44207416073931
2018/12/12,521.0,533.0,520.0,529.0,44600,107.58514299690782,115.10535421005308
2018/12/13,531.0,549.0,530.0,546.0,64400,108.8085178415926,116.98715699521962
2018/12/14,545.0,546.0,524.0,524.0,39000,106.12053986115,113.29245066661582
2018/12/17,522.0,527.0,516.0,522.0,43100,106.0793507199657,113.59687933644977
2018/12/18,513.0,519.0,505.0,512.0,63500,105.61813630258774,113.29416680304686
2018/12/19,518.0,522.0,510.0,514.0,44000,106.3803779259724,114.14296497931547
2018/12/20,511.0,511.0,491.0,497.0,83300,105.34662834784989,112.86598639852453
2018/12/21,491.0,495.0,473.0,476.0,87500,101.61534309601741,109.96883886855136
2018/12/25,450.0,463.0,443.0,446.0,79300,100.00127639451286,107.99990165518176
2018/12/26,447.0,470.0,447.0,461.0,63400,100.6429427636779,108.52257620117523
2018/12/27,479.0,501.0,479.0,500.0,45800,105.26853999479589,112.37201400081544
2018/12/28,499.0,505.0,491.0,494.0,24400,103.28659380635645,110.46890434586784
2019/01/04,484.0,489.0,472.0,488.0,32800,104.70647266881707,110.39460523235287
2019/01/07,498.0,518.0,498.0,516.0,40000,106.06789354879828,111.31809521082073
2019/01/08,520.0,527.0,518.0,522.0,31300,106.4245741114947,112.17492543003318
2019/01/09,525.0,528.0,518.0,521.0,30000,105.1520216376047,111.29324114732995
2019/01/10,520.0,520.0,501.0,503.0,28300,102.15425723771357,107.7691872302442
2019/01/11,504.0,508.0,503.0,506.0,19200,101.53174873560486,107.18784999671517
2019/01/15,506.0,518.0,503.0,517.0,37900,102.10646975110403,107.59416452209443
2019/01/16,519.0,519.0,509.0,515.0,47800,103.13868083215212,108.61691850212229
2019/01/17,515.0,519.0,512.0,519.0,32300,104.40428742193374,109.018062192282
2019/01/18,525.0,536.0,520.0,522.0,54300,103.86232770502694,109.3807368876997
2019/01/21,526.0,526.0,516.0,516.0,42400,102.08753111839847,107.27091394766686
2019/01/22,519.0,519.0,504.0,517.0,46800,103.02782118605059,108.14325659271728
2019/01/23,512.0,526.0,510.0,522.0,29600,104.26799213796973,110.22584611911195
2019/01/24,518.0,528.0,517.0,522.0,20800,103.53790566343122,109.24281849800343
2019/01/25,530.0,549.0,527.0,548.0,78300,108.60654799249528,114.56872717176
2019/01/28,558.0,572.0,552.0,571.0,120200,112.85222124110608,119.21928897939938
2019/01/29,531.0,541.0,520.0,537.0,195900,100.04543786026746,105.92080936737871
2019/01/30,540.0,540.0,525.0,525.0,80200,99.47968971970117,104.8577682652433
2019/01/31,530.0,531.0,522.0,523.0,68300,95.21639050105804,100.49607293952806
2019/02/01,524.0,525.0,515.0,517.0,48700,93.51040931189095,99.51321208686008
2019/02/04,519.0,527.0,515.0,526.0,39100,95.8547106936931,101.78408991123244
2019/02/05,526.0,528.0,521.0,524.0,22700,96.49216302159861,102.5119354356266
2019/02/06,525.0,531.0,523.0,527.0,39500,92.62254074585188,98.79435971695302
2019/02/07,527.0,537.0,521.0,533.0,70200,95.46185017709522,101.83454427798648
2019/02/08,526.0,535.0,521.0,524.0,39400,96.50526442559618,103.2485738865666
2019/02/12,525.0,536.0,524.0,529.0,55500,94.49940301950977,101.315802860834
2019/02/13,529.0,533.0,521.0,533.0,42900,95.7350558192975,102.51824665432403
2019/02/14,530.0,536.0,529.0,530.0,29900,95.58702337065311,101.80435002437783
2019/02/15,530.0,531.0,524.0,530.0,31500,97.48389300997454,103.32566045143972
2019/02/18,535.0,543.0,535.0,542.0,31600,97.25684027501832,103.55109172298415
2019/02/19,544.0,552.0,542.0,547.0,46900,94.77828199888609,101.02562591949604
2019/02/20,547.0,552.0,535.0,546.0,56200,93.44574327407341,99.5209911283921
2019/02/21,546.0,553.0,544.0,549.0,36700,93.75420476311207,100.19249784830897
2019/02/22,545.0,551.0,542.0,547.0,30900,92.84544017746809,99.38890078286693
2019/02/25,549.0,553.0,547.0,550.0,19800,93.86030276237203,99.87322186298819
2019/02/26,557.0,558.0,549.0,551.0,41200,93.36999142584506,99.02450242683358
2019/02/27,550.0,555.0,547.0,550.0,39500,92.30433610367807,98.38898273894175
2019/02/28,550.0,551.0,544.0,549.0,35900,92.95179484277888,99.04351666397126
2019/03/01,547.0,559.0,545.0,550.0,31800,91.87055442286976,99.06786352198687
2019/03/04,551.0,558.0,548.0,554.0,33300,94.0491674317329,101.56224891049052
2019/03/05,551.0,551.0,545.0,549.0,24900,93.15043503696633,100.15689976014713
2019/03/06,551.0,551.0,540.0,540.0,30700,92.73935067844073,99.41657192449904
2019/03/07,540.0,541.0,526.0,533.0,52200,92.79990145587945,99.48194373337681
2019/03/08,525.0,525.0,514.0,521.0,62300,93.33212578054122,99.71820306534443
2019/03/11,522.0,522.0,513.0,518.0,27700,92.26524690912981,98.33828880531405
2019/03/12,523.0,533.0,521.0,531.0,30100,92.72955192627607,98.99820997698296
2019/03/13,528.0,537.0,524.0,527.0,36500,92.14632652509371,98.63755507464657
2019/03/14,529.0,533.0,524.0,528.0,33400,93.24514705885699,99.9362359127938
2019/03/15,528.0,536.0,517.0,517.0,134400,87.36434265770353,93.68356094936541
2019/03/18,520.0,520.0,512.0,520.0,46100,87.56415142328713,93.78196286387615
2019/03/19,520.0,520.0,512.0,512.0,39800,85.88615619414708,92.3390152049514
2019/03/20,515.0,519.0,513.0,518.0,23800,86.26569351915803,92.37627628185682
2019/03/22,522.0,522.0,515.0,520.0,48500,86.51455937604516,93.43460334399805
2019/03/25,512.0,518.0,507.0,512.0,36000,88.14778460488833,94.34461939949475
2019/03/26,521.0,534.0,518.0,522.0,103700,88.16541797824111,94.05805025749788
2019/03/27,515.0,519.0,508.0,519.0,34800,88.63990805152312,95.14656040112112
2019/03/28,510.0,511.0,503.0,505.0,28300,88.50327710763418,94.71293951203236
2019/03/29,507.0,509.0,506.0,506.0,13900,90.76760914857135,96.74304891996854
2019/04/01,513.0,523.0,512.0,516.0,31700,90.97702369260253,96.75344965643356
2019/04/02,521.0,522.0,516.0,522.0,19000,93.96897265246254,100.33325831326707
2019/04/03,521.0,524.0,516.0,522.0,37100,91.36116790649244,97.88823520508849
2019/04/04,524.0,524.0,518.0,520.0,19500,92.51721440752978,98.85025594448175
2019/04/05,525.0,525.0,518.0,522.0,17500,93.69431327947315,100.1882531948819
2019/04/08,523.0,525.0,517.0,520.0,18300,94.87314567030515,101.45390139711645
2019/04/09,522.0,522.0,514.0,519.0,12400,93.81611875073385,100.41361554757813
2019/04/10,518.0,518.0,513.0,518.0,7200,94.00885194462934,100.89010567895326
2019/04/11,519.0,519.0,513.0,518.0,6100,93.28173879220685,100.02036826286714
2019/04/12,519.0,520.0,516.0,518.0,14500,92.77432751620805,100.35918343934557
2019/04/15,521.0,525.0,520.0,525.0,26200,93.33940285242299,101.06913918566092
2019/04/16,524.0,527.0,518.0,520.0,17500,92.78521606850752,100.38051976777093
2019/04/17,520.0,522.0,517.0,522.0,17300,93.88673469580824,101.28211747694557
2019/04/18,519.0,521.0,515.0,516.0,13900,92.56440112464007,99.85732596536543
2019/04/19,519.0,519.0,514.0,514.0,9100,92.45275559480244,100.29916219275077
2019/04/22,515.0,515.0,511.0,514.0,10100,91.90571112844052,99.9948152831852
2019/04/23,517.0,519.0,515.0,517.0,17300,92.39765892529387,100.67089854666835
2019/04/24,519.0,520.0,513.0,513.0,17600,91.83434994923365,100.63359363257032
2019/04/25,513.0,515.0,511.0,514.0,16300,90.86169420293434,99.32354099073409
2019/04/26,506.0,513.0,504.0,511.0,39200,92.10737259044002,100.23439672915437
2019/05/07,509.0,510.0,505.0,506.0,17600,92.27373393825042,99.98656615217507
2019/05/08,501.0,504.0,498.0,500.0,31800,92.12466832547122,100.13931084999645
2019/05/09,500.0,500.0,487.0,487.0,36100,90.92674653100293,99.15826215306237
2019/05/10,487.0,496.0,487.0,490.0,33200,92.63299322683024,100.64740766414457
2019/05/13,485.0,497.0,485.0,487.0,34900,85.02973712005794,92.34149494597236
2019/05/14,471.0,471.0,454.0,465.0,108600,82.42942349648834,89.4998519948517
2019/05/15,471.0,475.0,465.0,473.0,49600,82.7283950006302,89.96386879090433
2019/05/16,473.0,477.0,460.0,465.0,40800,80.28577396331798,87.08660398802233
2019/05/17,470.0,472.0,468.0,471.0,25500,80.16443732174481,86.76552893282854
2019/05/20,474.0,480.0,470.0,471.0,27100,80.09490508609795,86.52000933384743
2019/05/21,469.0,475.0,469.0,471.0,20300,79.55744959064913,86.03589673239091
2019/05/22,473.0,475.0,466.0,467.0,28200,79.15080923108272,86.30197768873491
2019/05/23,468.0,468.0,456.0,457.0,31500,77.8142892611804,84.54759601806816
2019/05/24,455.0,457.0,447.0,456.0,30100,78.44608076399582,84.82126293027999
2019/05/27,456.0,466.0,456.0,465.0,14800,79.59756318635414,85.8316095669038
2019/05/28,468.0,470.0,466.0,470.0,15600,80.89689111968367,87.38091353066314
2019/05/29,466.0,466.0,462.0,462.0,23600,80.72161943535744,87.00933344615052
2019/05/30,463.0,463.0,455.0,458.0,26400,80.25452606894741,86.34988545585556
2019/05/31,458.0,458.0,454.0,454.0,18500,81.16320568192714,87.22865441694744
2019/06/03,452.0,452.0,444.0,445.0,36200,79.80824753846547,85.8072726297617
2019/06/04,450.0,454.0,447.0,454.0,18500,81.52932534914214,87.40607133639425
2019/06/05,459.0,470.0,459.0,470.0,34600,83.77129342036137,89.3663679727154
2019/06/06,471.0,471.0,462.0,463.0,13200,81.64877223463172,87.188960539976
2019/06/07,463.0,466.0,461.0,465.0,30400,81.23716105415049,86.90894112005324
2019/06/10,471.0,472.0,466.0,468.0,28900,81.18521192251723,86.57379548974573
2019/06/11,469.0,474.0,467.0,472.0,34300,82.2720878861311,87.55805689788122
2019/06/12,472.0,476.0,470.0,472.0,15200,82.88007853339703,88.3284529488521
2019/06/13,470.0,470.0,465.0,470.0,33700,83.02899394511213,88.8732327183228
2019/06/14,468.0,471.0,468.0,471.0,16900,82.07649716974618,87.72845163602219
2019/06/17,471.0,475.0,469.0,470.0,22900,81.52304998655528,87.3542042943577
2019/06/18,471.0,479.0,470.0,472.0,45200,80.60883026460465,86.56940441491322
2019/06/19,479.0,488.0,479.0,488.0,32900,81.3789403898953,86.74505865972068
2019/06/20,491.0,491.0,488.0,490.0,17900,82.10541616065787,87.14938551569163
2019/06/21,491.0,492.0,485.0,485.0,22500,81.93056865889977,87.30636773115876
2019/06/24,485.0,488.0,484.0,487.0,8500,82.56417796677378,87.85204934693162
2019/06/25,486.0,489.0,483.0,484.0,18500,83.23345030858079,88.55145407480362
2019/06/26,482.0,485.0,480.0,480.0,9400,80.09140392810778,85.57085569681956
2019/06/27,480.0,509.0,480.0,494.0,67600,83.02444869086982,88.4465163499493
2019/06/28,519.0,522.0,497.0,497.0,103900,84.58240209845444,90.03142996294821
2019/07/01,505.0,514.0,502.0,514.0,36800,85.98977986010398,91.63633361727213
2019/07/02,514.0,523.0,512.0,519.0,23900,89.1502607952739,94.78749234310257
2019/07/03,518.0,519.0,513.0,519.0,9700,88.88941444252438,94.94239822964855
2019/07/04,519.0,524.0,519.0,520.0,18600,89.78697596454492,95.35079231635558
2019/07/05,520.0,522.0,518.0,522.0,24700,87.60509327259106,92.87037228110202
2019/07/08,520.0,522.0,517.0,519.0,19100,87.27097471183089,92.4237270891021
2019/07/09,519.0,522.0,515.0,516.0,15300,87.78776118026225,92.9382059951297
2019/07/10,515.0,517.0,506.0,506.0,21700,86.3265450509292,91.79953514315301
2019/07/11,508.0,515.0,508.0,515.0,12500,87.4096880360095,92.34316804079378
2019/07/12,520.0,523.0,515.0,520.0,29900,89.26777580400498,94.02356139712236
2019/07/16,516.0,520.0,514.0,516.0,16500,88.86355999545665,93.78970808844493
2019/07/17,517.0,517.0,510.0,510.0,14900,88.33207009122722,92.95340794171611
2019/07/18,507.0,509.0,495.0,495.0,37200,86.35759534336557,91.04330272019672
2019/07/19,496.0,506.0,496.0,499.0,40600,85.09871412626032,89.79944829873558
2019/07/22,500.0,503.0,496.0,502.0,15000,84.94748391090444,90.74590689857888
2019/07/23,500.0,508.0,500.0,504.0,14200,84.36290792426912,90.22463521541636
2019/07/24,504.0,507.0,499.0,502.0,25600,82.60968660787047,88.28673367414697
2019/07/25,502.0,506.0,500.0,504.0,7600,82.65951439083425,89.10410365535813
2019/07/26,503.0,508.0,502.0,503.0,13600,81.15270339696248,87.44177905173636
2019/07/29,501.0,505.0,501.0,505.0,10400,78.37505490658944,84.71051184169279
2019/07/30,505.0,510.0,504.0,510.0,10500,74.62493942285455,79.93281794372528
2019/07/31,503.0,509.0,499.0,499.0,22200,74.70352611874034,79.92028589175621
2019/08/01,496.0,513.0,496.0,512.0,48000,76.33269370284752,81.64740116009435
2019/08/02,505.0,505.0,495.0,496.0,40300,76.89757271479311,81.80554227075255
2019/08/05,495.0,495.0,474.0,480.0,44000,75.12936584568158,79.59117263210076
2019/08/06,470.0,484.0,470.0,481.0,38000,75.54088407729262,79.91263855912037
2019/08/07,480.0,492.0,480.0,483.0,25300,74.7673775280442,78.79703203353777
2019/08/08,482.0,488.0,479.0,483.0,16500,73.0064126253387,77.24965983385935
2019/08/09,487.0,488.0,484.0,486.0,9000,73.478868954171,77.9675615277623
2019/08/13,477.0,484.0,476.0,482.0,21000,72.96198989844254,76.83547750154624
2019/08/14,487.0,487.0,482.0,487.0,11400,70.65100470970552,74.42342319234623
2019/08/15,481.0,484.0,475.0,481.0,18800,72.15291194282993,75.434630092037
2019/08/16,483.0,486.0,480.0,483.0,11800,68.41535819178482,71.69066463298562
2019/08/19,485.0,490.0,485.0,488.0,10600,69.04605033179529,72.42485375847842
2019/08/20,492.0,492.0,486.0,491.0,12300,69.24256535539331,72.07550586602677
2019/08/21,486.0,488.0,485.0,487.0,5200,67.80383941479064,70.90128106452192
2019/08/22,486.0,487.0,478.0,480.0,15300,66.34666623956876,69.22826295545809
2019/08/23,479.0,479.0,470.0,472.0,23500,66.98212610820248,69.8339054054377
2019/08/26,460.0,463.0,458.0,459.0,30600,64.9698422975774,67.53746285692122
2019/08/27,464.0,465.0,459.0,459.0,28700,64.87907011847828,67.62306966307614
2019/08/28,459.0,464.0,459.0,460.0,18400,65.04524405426821,68.05216644485525
2019/08/29,459.0,459.0,448.0,448.0,58400,62.82767560037381,65.60220251916218
2019/08/30,451.0,457.0,451.0,454.0,58000,62.28335622740091,64.7344519806256
2019/09/02,455.0,458.0,454.0,457.0,14900,63.78426596181793,66.19860166465833
2019/09/03,457.0,464.0,457.0,462.0,27000,65.60085367705294,67.79848611568092
2019/09/04,460.0,465.0,458.0,458.0,44500,66.3370964627574,68.63951830873278
2019/09/05,463.0,468.0,463.0,466.0,34900,66.0883308871803,68.34678448111616
2019/09/06,467.0,468.0,465.0,467.0,31100,69.01637905810179,71.87151366318739
2019/09/09,469.0,475.0,469.0,475.0,23400,68.38125023430577,70.89172982976154
2019/09/10,474.0,481.0,474.0,478.0,39600,70.63258554949402,72.69665830118718
2019/09/11,479.0,486.0,479.0,486.0,54800,72.45818725930549,73.93719902970628
2019/09/12,487.0,495.0,486.0,492.0,41500,72.57468433506929,74.1837489124789
2019/09/13,491.0,493.0,487.0,492.0,54400,70.98294737190254,72.56712831293403
2019/09/17,494.0,511.0,494.0,506.0,46000,72.20376696969211,73.93246334997518
2019/09/18,505.0,510.0,500.0,502.0,29200,70.92139907364519,73.12481501627134
2019/09/19,503.0,513.0,503.0,511.0,37500,70.81228904151796,72.95239776174563
2019/09/20,512.0,512.0,493.0,510.0,48300,68.74890470413807,70.97967263893564
2019/09/24,507.0,512.0,507.0,511.0,34800,69.54520914893013,72.08727470395716
2019/09/25,505.0,511.0,505.0,510.0,15400,68.72063222228863,70.79757835461258
2019/09/26,512.0,520.0,511.0,517.0,51100,68.803927067076,70.6932537272329
2019/09/27,509.0,509.0,500.0,501.0,27700,67.4382612635451,69.29413114546368
2019/09/30,503.0,503.0,494.0,494.0,23500,67.88378361374191,69.74203579730724
2019/10/01,495.0,507.0,495.0,507.0,18200,68.90446382772937,70.69948579868648
2019/10/02,500.0,508.0,500.0,504.0,17500,71.99679744957209,73.44254651764118
2019/10/03,500.0,500.0,494.0,495.0,26700,71.84627564967614,73.42379146833721
2019/10/04,494.0,500.0,480.0,484.0,70800,69.19638430675215,70.9935242454792
2019/10/07,485.0,490.0,481.0,485.0,21900,67.57812224952751,68.91992186081659
2019/10/08,489.0,496.0,485.0,494.0,31300,68.15450215247502,69.59044347852537
2019/10/09,493.0,499.0,487.0,496.0,19700,69.75369813820126,71.00422896896094
2019/10/10,496.0,499.0,490.0,490.0,16700,70.2626122116248,72.13653987850468
2019/10/11,497.0,497.0,490.0,494.0,20100,70.54871697540825,72.31686457727157
2019/10/15,505.0,513.0,499.0,507.0,62600,69.38122501486077,71.18438091733395
2019/10/16,510.0,516.0,505.0,514.0,47300,66.80581331708214,69.04695054356405
2019/10/17,522.0,539.0,516.0,529.0,148700,69.15294586138322,71.91876754274705
2019/10/18,531.0,538.0,525.0,525.0,68100,67.94827293545819,70.79272800647657
2019/10/21,570.0,580.0,555.0,570.0,481600,73.1031140403366,75.87571488291316
2019/10/23,565.0,575.0,545.0,575.0,193600,74.75684080262897,77.21565104602004
2019/10/24,578.0,579.0,564.0,572.0,130300,75.85000523406028,79.02116320617033
2019/10/25,569.0,595.0,563.0,571.0,323100,88.57238236408926,92.29363470836964
2019/10/28,584.0,590.0,573.0,584.0,174600,87.40098302170097,91.12358298286263
2019/10/29,573.0,575.0,563.0,568.0,147200,83.543065493409,86.69328656192847
2019/10/30,563.0,570.0,559.0,570.0,171100,88.08003891546868,90.69760495625083
2019/10/31,568.0,569.0,561.0,566.0,65400,88.20480563928083,91.28995538945343
2019/11/01,560.0,570.0,559.0,565.0,48000,87.57783668492169,89.55029897894231
2019/11/05,573.0,578.0,558.0,572.0,97400,86.61933963836631,89.06948872824721
2019/11/06,573.0,573.0,566.0,568.0,29900,86.96484047213863,89.48536205175392
2019/11/07,568.0,572.0,567.0,571.0,47000,88.19841849246279,90.59680486393253
2019/11/08,574.0,580.0,571.0,572.0,68400,88.32533024752362,91.23260502425035
2019/11/11,577.0,578.0,572.0,577.0,51600,89.11611092069653,91.60799697241599
2019/11/12,579.0,580.0,572.0,575.0,55500,87.84310361488127,90.78206456386285
2019/11/13,571.0,575.0,564.0,568.0,68100,87.95252409636814,90.62272744041462
2019/11/14,566.0,567.0,556.0,559.0,68300,88.36935971773012,91.26228107433555
2019/11/15,556.0,562.0,556.0,559.0,37000,89.97715545968478,92.87260902248107
2019/11/18,563.0,565.0,558.0,560.0,27300,88.74864474358152,91.70401779414411
2019/11/19,558.0,560.0,555.0,558.0,30400,88.08286296862127,91.07847501955627
2019/11/20,555.0,555.0,546.0,548.0,46200,87.78476209739199,90.28019751972732
2019/11/21,548.0,549.0,538.0,549.0,33600,89.70930273593619,92.06351905793062
2019/11/22,550.0,553.0,550.0,551.0,18000,88.28313128242064,90.27734069989168
2019/11/25,559.0,564.0,557.0,564.0,32000,89.66798573631543,91.77676292863245
2019/11/26,568.0,569.0,560.0,560.0,33500,88.54482512482315,90.87417155611638
2019/11/27,562.0,568.0,562.0,563.0,23000,88.93413236694204,90.84119965925282
2019/11/28,565.0,568.0,554.0,555.0,17600,88.55990615677185,90.47175326739449
2019/11/29,560.0,562.0,557.0,559.0,20800,90.14685365395137,92.18542680229984
2019/12/02,558.0,563.0,558.0,561.0,17800,88.81793678422227,91.20061913744063
2019/12/03,559.0,560.0,555.0,559.0,15900,89.14912781800875,91.39718730496426
2019/12/04,559.0,565.0,556.0,565.0,23000,92.45349594185247,93.9853091482579
2019/12/05,574.0,594.0,570.0,593.0,154900,96.51286728193567,98.42496384392622
2019/12/06,600.0,609.0,598.0,606.0,84900,100.99073884623839,102.89740930479485
2019/12/09,610.0,624.0,607.0,607.0,67500,101.611136477052,103.58237137274926
2019/12/10,604.0,608.0,598.0,601.0,46700,104.20811081432537,105.60389890179607
2019/12/11,599.0,602.0,592.0,599.0,50500,104.57200477654047,106.07917991954534
2019/12/12,602.0,604.0,599.0,601.0,16700,102.51434934488917,103.89235119506066
2019/12/13,615.0,617.0,608.0,611.0,60800,103.74891020128483,106.69704109084692
2019/12/16,610.0,621.0,607.0,609.0,56300,104.75531628420566,107.08343169033942
2019/12/17,618.0,618.0,613.0,617.0,38900,105.73273504217211,107.76938078604307
2019/12/18,620.0,620.0,603.0,615.0,60800,104.92000623148667,107.10598524337436
2019/12/19,615.0,615.0,610.0,615.0,16900,105.73826809909394,108.13664031408949
2019/12/20,615.0,616.0,610.0,611.0,24400,108.6870502923815,110.2240932724767
2019/12/23,619.0,619.0,610.0,610.0,26500,109.98460906532097,111.94886976545611
2019/12/24,612.0,613.0,603.0,605.0,38400,109.03974750127605,111.10835130243355
2019/12/25,600.0,601.0,597.0,597.0,26800,105.23857011807722,107.68837214073189
2019/12/26,597.0,602.0,595.0,600.0,57600,100.70313296763342,104.08710720887227
2019/12/27,600.0,613.0,599.0,613.0,26500,104.1884111427088,106.9711379326471
2019/12/30,622.0,622.0,616.0,619.0,69300,104.88913400333175,108.40742489545075
2020/01/06,616.0,616.0,604.0,609.0,61200,101.92108388320958,105.163338291406
2020/01/07,610.0,619.0,610.0,615.0,23000,100.96663153798711,103.70452364032742
2020/01/08,610.0,610.0,598.0,605.0,43100,102.22248513516459,104.77332430535355
2020/01/09,611.0,618.0,611.0,615.0,17300,103.84872656799122,107.62597142054426
2020/01/10,615.0,620.0,615.0,620.0,31000,104.59568884177489,108.02304843776531
2020/01/14,624.0,635.0,620.0,635.0,70100,105.08490141338194,108.86512579968375
2020/01/15,635.0,635.0,627.0,634.0,64400,105.22580805076149,109.36070261231721
2020/01/16,634.0,664.0,633.0,657.0,110300,107.91380417213465,113.00445623572051
2020/01/17,662.0,669.0,654.0,656.0,80400,108.02742079012582,112.7916327335493
2020/01/20,664.0,689.0,664.0,684.0,109700,114.0413435254786,119.04589775207293
2020/01/21,685.0,698.0,685.0,694.0,89700,116.00199073794384,120.4221982823708
2020/01/22,699.0,699.0,683.0,683.0,96300,112.12613070791824,116.05666433218029
2020/01/23,682.0,682.0,666.0,673.0,105200,111.47637950800629,115.67314387687193
2020/01/24,680.0,680.0,660.0,665.0,65400,105.79846576855658,109.82571286455634
2020/01/27,660.0,660.0,642.0,643.0,73800,99.61109873834863,102.88278109120436
2020/01/28,636.0,649.0,628.0,645.0,53700,106.9131936229399,110.5164491315342
2020/01/29,655.0,655.0,637.0,649.0,55700,108.69311860624553,112.77006634648924
2020/01/30,642.0,648.0,630.0,635.0,62000,109.76755778768681,113.63749259893798
2020/01/31,632.0,645.0,632.0,640.0,31000,110.8984165432693,114.98615131870093
2020/02/03,590.0,612.0,585.0,608.0,96500,105.08217744279176,109.27798389841811
2020/02/04,604.0,617.0,602.0,615.0,30700,105.97711768191267,110.30313171809576
2020/02/05,615.0,617.0,611.0,612.0,53200,103.95069148374914,107.96097483676492
2020/02/06,616.0,619.0,613.0,616.0,73200,100.45710594216881,104.39746006725285
2020/02/07,615.0,615.0,606.0,611.0,28900,99.50107848064621,103.62830975441672
2020/02/10,612.0,613.0,605.0,608.0,32300,101.24148210151493,105.10627383697766
2020/02/12,612.0,613.0,606.0,611.0,19700,101.58241826940638,105.99183662117939
2020/02/13,614.0,614.0,606.0,608.0,16400,101.77569215395432,106.46216392321683
2020/02/14,603.0,607.0,596.0,607.0,44500,101.05349097414056,106.08228771604315
2020/02/17,604.0,606.0,594.0,602.0,22700,100.48689871906902,105.42305796331566
2020/02/18,602.0,602.0,588.0,588.0,46500,98.73058807574226,103.67564437197191
2020/02/19,589.0,595.0,587.0,587.0,25700,98.46207310319487,103.75438156681808
2020/02/20,594.0,596.0,585.0,585.0,30300,97.4128982173684,102.67684765948377
2020/02/21,584.0,592.0,581.0,581.0,17800,97.30838998737664,102.12444986119593
2020/02/25,563.0,567.0,556.0,556.0,62100,95.7471267391894,100.84134416695403
2020/02/26,551.0,562.0,546.0,561.0,53700,98.04447478595316,102.90494779506523
2020/02/27,564.0,564.0,543.0,547.0,58700,97.07960111038804,102.15191479397436
2020/02/28,532.0,535.0,517.0,518.0,71600,96.22969640098553,100.71776345597378
2020/03/02,515.0,550.0,515.0,534.0,61500,98.54835964830342,102.81558968110946
2020/03/03,550.0,550.0,522.0,522.0,48000,97.98434275935558,102.2905640550201
2020/03/04,516.0,531.0,516.0,519.0,28500,98.37381531405835,103.32344241079676
2020/03/05,524.0,529.0,515.0,517.0,25500,97.57517960524191,102.49850895579009
2020/03/06,513.0,513.0,498.0,498.0,42100,96.85595388738022,102.14503030703206
2020/03/09,485.0,487.0,461.0,463.0,66800,95.85414774084009,101.76796377794228
2020/03/10,456.0,479.0,445.0,478.0,96800,97.43420616140472,102.74080460961162
2020/03/11,474.0,485.0,463.0,463.0,40300,96.33627011654326,100.98227125979149
2020/03/12,450.0,460.0,435.0,449.0,97400,97.53443503535091,101.71462217971504
2020/03/13,410.0,433.0,407.0,419.0,105600,99.7342755102795,102.94390654345722
2020/03/16,435.0,447.0,424.0,430.0,63100,104.97987978999068,107.93060410317811
2020/03/17,420.0,464.0,417.0,461.0,92400,114.14957708554844,114.29891333536304
2020/03/18,469.0,470.0,438.0,438.0,56100,109.23732065437875,107.41425821294254
2020/03/19,452.0,455.0,411.0,413.0,74600,103.77137253639015,100.08872361954828
2020/03/23,414.0,447.0,408.0,445.0,81400,107.9600663680703,106.11304194868805
2020/03/24,453.0,465.0,442.0,458.0,45400,103.91770247891736,106.48652594663797
2020/03/25,474.0,495.0,471.0,495.0,59400,104.31526154683677,107.75243340420617
2020/03/26,475.0,494.0,468.0,493.0,90800,110.0154725051061,110.4277593954402
2020/03/27,499.0,530.0,495.0,530.0,94400,114.55529724164393,114.2270797555387
2020/03/30,515.0,530.0,486.0,528.0,84400,115.32237147870774,115.17526343704701
2020/03/31,523.0,529.0,487.0,487.0,91400,106.06001204361118,107.16918222237936
2020/04/01,484.0,491.0,455.0,459.0,69700,105.68622673060692,105.54809026342123
2020/04/02,459.0,467.0,446.0,448.0,36600,105.0405416326198,104.9527686627552
2020/04/03,456.0,459.0,437.0,440.0,37800,103.1515419660703,103.4135507213877
2020/04/06,432.0,462.0,425.0,460.0,40700,103.63038056348893,104.1343289421469
2020/04/07,476.0,491.0,471.0,489.0,45400,108.40173909736404,108.69292962589093
2020/04/08,489.0,490.0,475.0,486.0,26200,105.13897071450198,105.81387868738675
2020/04/09,485.0,485.0,468.0,480.0,23600,103.9951021947085,105.05915266744611
2020/04/10,484.0,489.0,472.0,489.0,22400,105.88581895667024,105.97762257156367
2020/04/13,481.0,484.0,476.0,478.0,11800,105.99182298879188,105.42577439252186
2020/04/14,484.0,484.0,470.0,480.0,29000,104.44778241890171,104.7322789731282
2020/04/15,482.0,482.0,468.0,468.0,24700,102.16501516766951,101.94683422128894
2020/04/16,463.0,489.0,459.0,489.0,38500,108.52267798108328,107.60952833656405
2020/04/17,494.0,494.0,481.0,483.0,36900,104.84667597369857,105.32885573269235
2020/04/20,483.0,496.0,483.0,488.0,39000,107.24443876536213,107.28382796515248
2020/04/21,488.0,494.0,482.0,494.0,26800,110.31432043379262,109.52603944128836
2020/04/22,492.0,494.0,483.0,490.0,33100,110.79911047198419,109.44451302872741
2020/04/23,492.0,494.0,488.0,494.0,17700,110.34585030865576,109.20448292424246
2020/04/24,493.0,494.0,484.0,485.0,30200,109.67808056624042,108.04330632136086
2020/04/27,490.0,492.0,483.0,487.0,25700,106.65855867878398,106.39260366361967
2020/04/28,489.0,489.0,480.0,487.0,24500,106.72345626263736,106.25311089409209
2020/04/30,490.0,492.0,485.0,487.0,38600,104.49054785060548,105.173183372044
2020/05/01,485.0,485.0,475.0,476.0,23600,105.12017321449123,105.15125316762526
2020/05/07,476.0,485.0,472.0,472.0,32500,105.42906888999688,105.34206600521611
2020/05/08,479.0,492.0,472.0,492.0,33100,106.20916068290963,106.68350133481246
2020/05/11,493.0,512.0,490.0,510.0,26300,108.83463411845827,109.00331253095943
2020/05/12,512.0,512.0,501.0,508.0,15900,113.00618688950095,113.55736951465197
2020/05/13,503.0,514.0,498.0,514.0,25800,113.60903785898574,113.78649731479737
2020/05/14,514.0,519.0,503.0,516.0,79800,117.36566153541507,117.94853383077162
2020/05/15,517.0,538.0,517.0,537.0,65400,120.91251848578845,121.89293998573163
2020/05/18,538.0,570.0,532.0,570.0,78400,128.03968114337218,128.94971653827105
2020/05/19,570.0,586.0,560.0,560.0,74800,123.77784919183993,124.03648338607769
2020/05/20,560.0,560.0,547.0,551.0,32100,121.92988213202742,122.05401410787162
2020/05/21,551.0,556.0,541.0,552.0,39400,124.30712311854397,124.78670743599065
2020/05/22,552.0,558.0,543.0,543.0,11600,123.33709020075216,124.18843177269213
2020/05/25,544.0,554.0,543.0,552.0,15600,121.23323065955071,122.24994738899058
2020/05/26,551.0,557.0,549.0,554.0,25600,117.8112186388649,119.12116220872431
2020/05/27,560.0,565.0,551.0,565.0,25900,119.91999479983433,121.26359112263985
2020/05/28,568.0,568.0,553.0,566.0,34900,118.08987547526422,120.02693938936393
2020/05/29,564.0,565.0,558.0,559.0,18800,115.94254473754575,119.08116083733759
2020/06/01,559.0,576.0,559.0,576.0,39800,119.74893080410374,123.67980088634229
2020/06/02,577.0,577.0,568.0,572.0,33800,115.17249602921878,118.9610829377395
2020/06/03,574.0,575.0,564.0,571.0,35200,111.6167823333923,116.24711868899087
2020/06/04,577.0,577.0,564.0,567.0,40900,112.09304936096696,116.43690564586973
2020/06/05,568.0,570.0,566.0,569.0,13300,111.77397084039096,116.28783526130574
2020/06/08,576.0,576.0,565.0,568.0,21200,110.66619657953754,115.57868832937528
2020/06/09,572.0,572.0,562.0,570.0,22600,110.89528513592526,115.78590254916405
2020/06/10,568.0,573.0,563.0,566.0,27300,109.56891780361502,114.71258651739554
2020/06/11,561.0,564.0,549.0,549.0,50000,109.3190243606494,113.32245748617676
2020/06/12,532.0,542.0,521.0,540.0,50400,108.54035480858506,112.90002350395825
2020/06/15,542.0,542.0,523.0,524.0,28900,109.38213486147825,112.14193403835564
2020/06/16,529.0,537.0,526.0,535.0,53600,105.26885358212708,108.7394383575558
2020/06/17,536.0,541.0,533.0,533.0,18300,103.76461363346903,107.0315036314013
2020/06/18,530.0,533.0,521.0,533.0,19800,104.43236448450513,107.18210485022747
2020/06/19,533.0,533.0,525.0,527.0,31200,102.76173402461902,106.12659543703076
2020/06/22,527.0,533.0,527.0,530.0,9200,103.24540877461233,106.66895287584283
2020/06/23,531.0,537.0,525.0,537.0,32900,104.28208626406558,107.89902170305385
2020/06/24,537.0,538.0,525.0,525.0,14900,102.34814191198147,106.18059949383105
2020/06/25,526.0,528.0,518.0,520.0,22000,100.90495722981814,104.68489628527553
2020/06/26,522.0,534.0,520.0,531.0,37100,100.97430150034637,105.06439232592129
2020/06/29,526.0,534.0,514.0,514.0,34800,98.79486466039637,102.29986702986041
2020/06/30,518.0,521.0,514.0,514.0,35800,96.66437527287648,101.01064444085218
2020/07/01,517.0,517.0,498.0,498.0,45300,93.85625588256819,98.50631263794013
2020/07/02,502.0,505.0,492.0,501.0,33600,94.41666048969945,99.28257697991836
2020/07/03,501.0,509.0,499.0,509.0,15600,95.06118171307165,100.03788150567271
2020/07/06,510.0,525.0,504.0,517.0,29700,94.43933459197265,99.69359501117123
2020/07/07,522.0,525.0,510.0,524.0,21000,96.83746896752801,101.75585185720044
2020/07/08,517.0,528.0,513.0,513.0,30100,97.29361611369177,102.30072811713744
2020/07/09,513.0,513.0,497.0,497.0,53300,92.71067622102662,97.83042963989315
2020/07/10,497.0,503.0,495.0,495.0,32300,92.60905572227395,97.74139300316692
2020/07/13,502.0,513.0,502.0,512.0,20600,93.78342731810581,98.95482732617518
2020/07/14,512.0,513.0,504.0,513.0,15300,94.78919546296538,99.64664208572025
2020/07/15,517.0,522.0,513.0,520.0,22700,95.40059843422685,100.54315665908156
2020/07/16,521.0,521.0,514.0,517.0,7200,96.53614806460862,101.48188021847024
2020/07/17,520.0,520.0,514.0,517.0,10000,97.99497172118531,102.95615152533986
2020/07/20,522.0,527.0,513.0,525.0,36400,98.59384645919192,103.21159323821514
2020/07/21,529.0,529.0,508.0,527.0,31900,98.79098847527771,103.64386925145506
2020/07/22,526.0,527.0,513.0,513.0,22000,97.51080345155076,102.32961577553104
2020/07/27,513.0,522.0,507.0,522.0,51400,98.3652130887716,102.83399695150305
2020/07/28,518.0,518.0,505.0,509.0,33600,95.62775009948292,100.21481004964461
2020/07/29,505.0,507.0,496.0,501.0,27900,96.47578923028266,101.44432075430107
2020/07/30,501.0,502.0,494.0,501.0,28100,94.35506636965,99.62366690119015
2020/07/31,499.0,499.0,474.0,474.0,38800,92.8228577584286,97.95353321606491
2020/08/03,482.0,491.0,474.0,491.0,31400,95.49343142206482,101.16572203541227
2020/08/04,486.0,493.0,485.0,491.0,30800,93.08760308638031,98.40149061051022
2020/08/05,491.0,500.0,486.0,500.0,12400,94.33185185884054,99.87216698212431
2020/08/06,505.0,505.0,496.0,497.0,13900,94.52278040628754,99.49798825004889
2020/08/07,502.0,502.0,492.0,500.0,8900,95.30110252130399,100.02718581191155
2020/08/11,497.0,515.0,490.0,515.0,36400,96.0689477674637,100.15054693106289
2020/08/12,515.0,518.0,513.0,514.0,22900,95.43126911690692,98.57395980890573
2020/08/13,520.0,520.0,511.0,520.0,27300,94.8840095045128,98.76933547776761
2020/08/14,520.0,522.0,516.0,517.0,16200,93.84611231952854,97.93422215189037
2020/08/17,520.0,520.0,512.0,516.0,16000,94.1388439612631,98.15198257579397
2020/08/18,514.0,516.0,506.0,506.0,15300,92.44211969841216,96.39641618158741
2020/08/19,507.0,507.0,496.0,500.0,27200,91.5984607892843,95.27520710337717
2020/08/20,500.0,500.0,492.0,496.0,17700,93.16010813226802,96.79810738702695
2020/08/21,499.0,500.0,498.0,498.0,8000,95.33804187495109,98.8118311859929
2020/08/24,498.0,498.0,490.0,490.0,11500,94.1002948367843,98.1783288785797
2020/08/25,495.0,509.0,495.0,507.0,28600,96.9888869079135,101.24564370356185
2020/08/26,506.0,506.0,500.0,501.0,8400,95.76614864670394,99.92031563812829
2020/08/27,500.0,506.0,496.0,506.0,14000,99.57356667884606,104.15893375433087
2020/08/28,506.0,508.0,497.0,501.0,14900,99.84758733246052,103.95696479896603
2020/08/31,499.0,507.0,499.0,499.0,19200,97.30119139654867,101.56746457436473
2020/09/01,499.0,506.0,499.0,506.0,19000,97.62897662761411,102.40528044168352
2020/09/02,507.0,513.0,507.0,510.0,15300,98.90925916852056,103.35646572802865
2020/09/03,513.0,524.0,512.0,512.0,29800,98.72943300675526,103.35268264811965
2020/09/04,511.0,519.0,508.0,515.0,25700,100.74599260729546,104.85518155983907
2020/09/07,519.0,519.0,513.0,516.0,11400,100.29703941598677,104.67499622364672
2020/09/08,519.0,538.0,519.0,535.0,48900,102.87405284313178,107.58135458976533
2020/09/09,530.0,532.0,523.0,523.0,27900,100.90955626025186,106.1558930994725
2020/09/10,524.0,529.0,520.0,523.0,26400,99.54884638614321,104.35386853591612
2020/09/11,528.0,528.0,523.0,527.0,28700,100.62379118762053,105.361794429913
2020/09/14,529.0,531.0,521.0,521.0,40400,96.15537407086934,100.68699918104676
2020/09/15,521.0,521.0,509.0,512.0,29300,94.914984540074,99.56639388309074
2020/09/16,514.0,526.0,512.0,526.0,20000,98.01961626557886,102.37665447917352
2020/09/17,527.0,529.0,526.0,528.0,15600,97.67771173008057,101.89269661203532
2020/09/18,533.0,533.0,527.0,533.0,27000,98.77789954181554,102.59343326256791
2020/09/23,525.0,533.0,522.0,533.0,24000,98.57248600639885,102.97353999528973
2020/09/24,534.0,562.0,532.0,544.0,76400,100.48456490863069,105.01735417962858
2020/09/25,547.0,549.0,542.0,549.0,31400,103.32029585456763,107.57057444805167
2020/09/28,554.0,563.0,552.0,563.0,66200,105.45683867844522,108.8841126156651
2020/09/29,563.0,568.0,561.0,563.0,51700,103.24330418488627,107.35523787534179
2020/09/30,562.0,585.0,557.0,568.0,75900,105.86163788575533,110.67391937591103
2020/10/01,,,,,0,-1.0,-1.0
2020/10/02,568.0,582.0,545.0,545.0,55200,-1.0,-1.0
2020/10/05,560.0,572.0,555.0,570.0,44600,-1.0,-1.0
2020/10/06,572.0,573.0,565.0,566.0,17600,-1.0,-1.0
2020/10/07,564.0,570.0,553.0,553.0,45900,-1.0,-1.0
2020/10/08,556.0,570.0,553.0,570.0,29900,-1.0,-1.0
2020/10/09,571.0,572.0,555.0,563.0,35500,-1.0,-1.0
2020/10/12,563.0,565.0,554.0,560.0,15600,-1.0,-1.0
2020/10/13,560.0,565.0,557.0,559.0,5000,-1.0,-1.0
2020/10/14,557.0,557.0,539.0,539.0,33600,-1.0,-1.0
2020/10/15,547.0,547.0,530.0,535.0,10100,-1.0,-1.0
2020/10/16,535.0,544.0,534.0,534.0,20900,-1.0,-1.0
2020/10/19,540.0,557.0,538.0,557.0,32600,-1.0,-1.0
2020/10/20,555.0,555.0,547.0,547.0,23300,-1.0,-1.0
2020/10/21,549.0,557.0,545.0,545.0,29900,-1.0,-1.0
2020/10/22,549.0,554.0,545.0,551.0,33800,-1.0,-1.0
2020/10/23,547.0,559.0,543.0,548.0,48900,-1.0,-1.0
2020/10/26,544.0,546.0,525.0,531.0,27800,-1.0,-1.0
2020/10/27,529.0,547.0,522.0,547.0,39500,-1.0,-1.0
2020/10/28,543.0,543.0,528.0,537.0,21200,-1.0,-1.0
2020/10/29,534.0,534.0,523.0,534.0,27700,-1.0,-1.0
2020/10/30,538.0,538.0,506.0,517.0,24400,-1.0,-1.0
2020/11/02,520.0,541.0,514.0,535.0,38700,-1.0,-1.0
2020/11/04,541.0,541.0,528.0,534.0,30700,-1.0,-1.0
2020/11/05,535.0,548.0,526.0,545.0,28100,-1.0,-1.0
2020/11/06,550.0,550.0,540.0,548.0,19000,-1.0,-1.0
2020/11/09,551.0,553.0,536.0,553.0,39500,-1.0,-1.0
2020/11/10,558.0,558.0,537.0,553.0,51900,-1.0,-1.0
2020/11/11,555.0,563.0,549.0,563.0,45200,-1.0,-1.0
2020/11/12,564.0,564.0,553.0,556.0,42900,-1.0,-1.0
2020/11/13,551.0,551.0,540.0,542.0,21800,-1.0,-1.0
2020/11/16,543.0,554.0,538.0,548.0,46600,-1.0,-1.0
2020/11/17,554.0,554.0,544.0,545.0,14600,-1.0,-1.0
2020/11/18,538.0,555.0,535.0,551.0,41500,-1.0,-1.0
2020/11/19,550.0,565.0,547.0,563.0,44300,-1.0,-1.0
2020/11/20,569.0,593.0,564.0,591.0,123100,-1.0,-1.0
2020/11/24,595.0,610.0,593.0,604.0,120900,-1.0,-1.0
2020/11/25,604.0,605.0,569.0,569.0,84600,-1.0,-1.0
2020/11/26,578.0,578.0,569.0,577.0,17500,-1.0,-1.0
2020/11/27,576.0,589.0,575.0,582.0,24500,-1.0,-1.0
2020/11/30,582.0,582.0,557.0,557.0,24800,-1.0,-1.0
2020/12/01,562.0,571.0,562.0,568.0,20300,-1.0,-1.0
2020/12/02,572.0,576.0,556.0,557.0,50000,-1.0,-1.0
2020/12/03,561.0,575.0,560.0,574.0,23100,-1.0,-1.0
2020/12/04,578.0,580.0,570.0,578.0,13500,-1.0,-1.0
2020/12/07,573.0,592.0,571.0,571.0,53800,-1.0,-1.0
2020/12/08,573.0,582.0,573.0,582.0,10900,-1.0,-1.0
2020/12/09,583.0,590.0,583.0,586.0,12700,-1.0,-1.0
2020/12/10,590.0,590.0,582.0,586.0,18800,-1.0,-1.0
2020/12/11,590.0,597.0,585.0,597.0,42400,-1.0,-1.0
2020/12/14,598.0,600.0,590.0,592.0,35900,-1.0,-1.0
2020/12/15,596.0,596.0,586.0,586.0,22700,-1.0,-1.0
2020/12/16,590.0,590.0,570.0,573.0,52700,-1.0,-1.0
2020/12/17,572.0,581.0,572.0,581.0,17400,-1.0,-1.0
2020/12/18,585.0,593.0,578.0,588.0,43300,-1.0,-1.0
2020/12/21,587.0,594.0,582.0,590.0,28300,-1.0,-1.0
2020/12/22,580.0,589.0,569.0,571.0,31800,-1.0,-1.0
2020/12/23,575.0,580.0,565.0,580.0,24300,-1.0,-1.0
2020/12/24,581.0,588.0,579.0,579.0,35700,-1.0,-1.0
2020/12/25,579.0,610.0,579.0,610.0,96200,-1.0,-1.0
2020/12/28,611.0,614.0,593.0,599.0,90700,-1.0,-1.0
2020/12/29,601.0,610.0,598.0,610.0,75800,-1.0,-1.0
2020/12/30,610.0,610.0,597.0,602.0,38100,-1.0,-1.0
2021/01/04,605.0,610.0,598.0,600.0,40100,-1.0,-1.0
2021/01/05,600.0,607.0,595.0,595.0,22100,-1.0,-1.0
2021/01/06,599.0,605.0,595.0,603.0,31600,-1.0,-1.0
2021/01/07,610.0,615.0,602.0,605.0,56800,-1.0,-1.0
2021/01/08,609.0,615.0,602.0,615.0,47200,-1.0,-1.0
2021/01/12,625.0,650.0,621.0,646.0,129100,-1.0,-1.0
2021/01/13,639.0,645.0,629.0,631.0,41200,-1.0,-1.0
2021/01/14,637.0,637.0,617.0,624.0,41000,-1.0,-1.0
2021/01/15,630.0,630.0,609.0,609.0,66700,-1.0,-1.0
2021/01/18,611.0,619.0,601.0,612.0,74500,-1.0,-1.0
2021/01/19,614.0,616.0,608.0,608.0,24200,-1.0,-1.0
2021/01/20,611.0,612.0,604.0,611.0,18300,-1.0,-1.0
2021/01/21,615.0,619.0,610.0,613.0,14100,-1.0,-1.0
2021/01/22,610.0,613.0,607.0,611.0,10500,-1.0,-1.0
2021/01/25,615.0,615.0,611.0,614.0,21700,-1.0,-1.0
2021/01/26,617.0,617.0,611.0,612.0,19300,-1.0,-1.0
2021/01/27,615.0,615.0,607.0,607.0,24300,-1.0,-1.0
2021/01/28,606.0,613.0,603.0,608.0,34800,-1.0,-1.0
2021/01/29,614.0,616.0,601.0,602.0,27000,-1.0,-1.0
2021/02/01,600.0,609.0,600.0,604.0,32300,-1.0,-1.0
2021/02/02,611.0,617.0,602.0,614.0,28100,-1.0,-1.0
2021/02/03,616.0,638.0,609.0,636.0,39200,-1.0,-1.0
2021/02/04,637.0,638.0,629.0,637.0,39900,-1.0,-1.0
2021/02/05,637.0,660.0,634.0,660.0,89200,-1.0,-1.0
2021/02/08,660.0,673.0,655.0,670.0,107000,-1.0,-1.0
2021/02/09,676.0,704.0,672.0,703.0,425800,-1.0,-1.0
2021/02/10,698.0,699.0,675.0,676.0,117100,-1.0,-1.0
2021/02/12,686.0,686.0,666.0,666.0,60500,-1.0,-1.0
2021/02/15,676.0,688.0,672.0,688.0,78900,-1.0,-1.0
2021/02/16,686.0,686.0,667.0,667.0,68700,-1.0,-1.0
2021/02/17,668.0,682.0,668.0,675.0,32700,-1.0,-1.0
2021/02/18,672.0,673.0,648.0,652.0,90700,-1.0,-1.0
2021/02/19,658.0,675.0,654.0,673.0,59200,-1.0,-1.0
2021/02/22,678.0,680.0,672.0,673.0,40600,-1.0,-1.0
2021/02/24,673.0,673.0,661.0,663.0,42000,-1.0,-1.0
2021/02/25,671.0,672.0,662.0,662.0,36500,-1.0,-1.0
2021/02/26,650.0,651.0,634.0,637.0,80500,-1.0,-1.0
2021/03/01,642.0,654.0,637.0,654.0,54700,-1.0,-1.0
2021/03/02,660.0,660.0,643.0,649.0,47900,-1.0,-1.0
2021/03/03,648.0,658.0,647.0,658.0,48800,-1.0,-1.0
2021/03/04,655.0,655.0,630.0,643.0,59800,-1.0,-1.0
2021/03/05,641.0,651.0,625.0,651.0,72000,-1.0,-1.0
2021/03/08,659.0,660.0,644.0,655.0,59800,-1.0,-1.0
2021/03/09,660.0,660.0,651.0,659.0,34100,-1.0,-1.0
2021/03/10,659.0,660.0,652.0,660.0,28100,-1.0,-1.0
2021/03/11,664.0,682.0,661.0,680.0,73800,-1.0,-1.0
2021/03/12,682.0,682.0,672.0,680.0,57500,-1.0,-1.0
2021/03/15,689.0,689.0,677.0,687.0,56000,-1.0,-1.0
2021/03/16,687.0,687.0,678.0,682.0,45100,-1.0,-1.0
2021/03/17,677.0,690.0,671.0,690.0,62900,-1.0,-1.0
2021/03/18,690.0,698.0,682.0,697.0,79600,-1.0,-1.0
2021/03/19,695.0,705.0,688.0,705.0,59700,-1.0,-1.0
2021/03/22,703.0,708.0,694.0,701.0,75700,-1.0,-1.0
2021/03/23,699.0,699.0,674.0,674.0,97700,-1.0,-1.0
2021/03/24,674.0,674.0,656.0,662.0,64700,-1.0,-1.0
2021/03/25,660.0,682.0,660.0,678.0,51100,-1.0,-1.0
2021/03/26,684.0,686.0,679.0,682.0,37700,-1.0,-1.0
2021/03/29,692.0,698.0,686.0,698.0,85100,-1.0,-1.0
2021/03/30,650.0,664.0,646.0,658.0,124800,-1.0,-1.0
2021/03/31,657.0,657.0,645.0,646.0,51400,-1.0,-1.0
2021/04/01,645.0,645.0,631.0,631.0,61400,-1.0,-1.0
2021/04/02,632.0,638.0,630.0,631.0,50000,-1.0,-1.0
2021/04/05,635.0,638.0,625.0,635.0,39800,-1.0,-1.0
2021/04/06,637.0,638.0,619.0,621.0,60600,-1.0,-1.0
2021/04/07,616.0,631.0,615.0,628.0,49900,-1.0,-1.0
2021/04/08,625.0,626.0,612.0,612.0,57000,-1.0,-1.0
2021/04/09,613.0,617.0,610.0,612.0,54700,-1.0,-1.0
2021/04/12,622.0,622.0,612.0,621.0,51000,-1.0,-1.0
2021/04/13,619.0,623.0,616.0,617.0,25000,-1.0,-1.0
2021/04/14,621.0,621.0,609.0,613.0,43400,-1.0,-1.0
2021/04/15,614.0,620.0,608.0,613.0,34700,-1.0,-1.0
2021/04/16,614.0,619.0,614.0,616.0,18500,-1.0,-1.0
2021/04/19,618.0,627.0,618.0,623.0,29300,-1.0,-1.0
2021/04/20,623.0,623.0,615.0,615.0,29500,-1.0,-1.0
2021/04/21,610.0,611.0,600.0,601.0,50600,-1.0,-1.0
2021/04/22,607.0,611.0,605.0,611.0,16600,-1.0,-1.0
2021/04/23,611.0,615.0,605.0,606.0,20300,-1.0,-1.0
2021/04/26,607.0,607.0,600.0,600.0,27400,-1.0,-1.0
2021/04/27,601.0,608.0,595.0,599.0,49900,-1.0,-1.0
2021/04/28,596.0,603.0,596.0,597.0,26000,-1.0,-1.0
2021/04/30,600.0,608.0,599.0,600.0,28400,-1.0,-1.0
2021/05/06,610.0,620.0,610.0,610.0,28000,-1.0,-1.0
2021/05/07,615.0,626.0,615.0,626.0,44200,-1.0,-1.0
2021/05/10,625.0,636.0,625.0,636.0,37900,-1.0,-1.0
2021/05/11,635.0,635.0,620.0,620.0,29800,-1.0,-1.0
2021/05/12,621.0,622.0,608.0,610.0,31600,-1.0,-1.0
2021/05/13,600.0,614.0,600.0,601.0,32000,-1.0,-1.0
2021/05/14,615.0,619.0,608.0,610.0,27500,-1.0,-1.0
2021/05/17,613.0,618.0,602.0,602.0,31900,-1.0,-1.0
2021/05/18,608.0,614.0,606.0,608.0,20700,-1.0,-1.0
2021/05/19,602.0,614.0,602.0,609.0,31800,-1.0,-1.0
2021/05/20,612.0,615.0,607.0,613.0,41900,-1.0,-1.0
2021/05/21,615.0,619.0,608.0,613.0,32600,-1.0,-1.0
2021/05/24,613.0,621.0,613.0,616.0,19800,-1.0,-1.0
2021/05/25,615.0,619.0,612.0,613.0,17400,-1.0,-1.0
2021/05/26,609.0,609.0,605.0,605.0,21900,-1.0,-1.0
2021/05/27,605.0,610.0,599.0,599.0,29300,-1.0,-1.0
2021/05/28,602.0,614.0,602.0,614.0,66800,-1.0,-1.0
2021/05/31,613.0,613.0,602.0,605.0,33600,-1.0,-1.0
2021/06/01,611.0,613.0,603.0,608.0,24700,-1.0,-1.0
2021/06/02,610.0,617.0,607.0,614.0,28300,-1.0,-1.0
2021/06/03,614.0,618.0,614.0,617.0,10200,-1.0,-1.0
2021/06/04,615.0,617.0,612.0,615.0,13000,-1.0,-1.0
2021/06/07,617.0,618.0,606.0,606.0,28200,-1.0,-1.0
2021/06/08,608.0,630.0,608.0,617.0,97600,-1.0,-1.0
2021/06/09,617.0,617.0,612.0,612.0,19900,-1.0,-1.0
2021/06/10,616.0,620.0,612.0,617.0,22100,-1.0,-1.0
2021/06/11,617.0,621.0,613.0,616.0,47200,-1.0,-1.0
2021/06/14,617.0,620.0,608.0,608.0,40300,-1.0,-1.0
2021/06/15,610.0,612.0,608.0,608.0,21700,-1.0,-1.0
2021/06/16,613.0,616.0,610.0,613.0,22000,-1.0,-1.0
2021/06/17,611.0,615.0,609.0,610.0,17100,-1.0,-1.0
2021/06/18,615.0,615.0,609.0,610.0,23000,-1.0,-1.0
2021/06/21,605.0,608.0,600.0,600.0,63400,-1.0,-1.0
2021/06/22,606.0,611.0,604.0,611.0,21200,-1.0,-1.0
2021/06/23,608.0,612.0,606.0,611.0,19400,-1.0,-1.0
2021/06/24,608.0,613.0,607.0,610.0,17200,-1.0,-1.0
2021/06/25,620.0,622.0,615.0,622.0,51800,-1.0,-1.0
2021/06/28,621.0,623.0,618.0,622.0,43100,-1.0,-1.0
2021/06/29,620.0,622.0,613.0,613.0,39600,-1.0,-1.0
2021/06/30,618.0,620.0,613.0,613.0,15400,-1.0,-1.0
2021/07/01,611.0,612.0,605.0,606.0,35400,-1.0,-1.0
2021/07/02,606.0,612.0,606.0,611.0,20700,-1.0,-1.0
2021/07/05,611.0,614.0,608.0,608.0,14300,-1.0,-1.0
2021/07/06,668.0,680.0,639.0,656.0,5485700,-1.0,-1.0
2021/07/07,660.0,677.0,654.0,661.0,641700,-1.0,-1.0
2021/07/08,661.0,666.0,656.0,658.0,242100,-1.0,-1.0
2021/07/09,653.0,664.0,637.0,643.0,287700,-1.0,-1.0
2021/07/12,650.0,654.0,624.0,630.0,314400,-1.0,-1.0
2021/07/13,636.0,643.0,622.0,622.0,1225200,-1.0,-1.0
2021/07/14,632.0,649.0,629.0,640.0,1594600,-1.0,-1.0
2021/07/15,643.0,649.0,637.0,637.0,450900,-1.0,-1.0
2021/07/16,639.0,653.0,638.0,648.0,513700,-1.0,-1.0
2021/07/19,641.0,648.0,635.0,636.0,749400,-1.0,-1.0
2021/07/20,651.0,662.0,638.0,655.0,3647700,-1.0,-1.0
2021/07/21,660.0,660.0,645.0,654.0,502100,-1.0,-1.0
2021/07/26,661.0,674.0,659.0,672.0,442500,-1.0,-1.0
2021/07/27,670.0,670.0,661.0,669.0,189100,-1.0,-1.0
2021/07/28,670.0,719.0,663.0,711.0,1123500,-1.0,-1.0
2021/07/29,723.0,730.0,692.0,706.0,446400,-1.0,-1.0
2021/07/30,706.0,712.0,694.0,701.0,169300,-1.0,-1.0
2021/08/02,701.0,711.0,699.0,703.0,157800,-1.0,-1.0
2021/08/03,700.0,714.0,699.0,710.0,119300,-1.0,-1.0
2021/08/04,709.0,711.0,701.0,702.0,129500,-1.0,-1.0
2021/08/05,707.0,713.0,700.0,705.0,216100,-1.0,-1.0
2021/08/06,702.0,709.0,698.0,700.0,119300,-1.0,-1.0
2021/08/10,701.0,711.0,699.0,710.0,138500,-1.0,-1.0
2021/08/11,709.0,720.0,705.0,719.0,152400,-1.0,-1.0
2021/08/12,715.0,736.0,715.0,734.0,260500,-1.0,-1.0
2021/08/13,733.0,742.0,723.0,727.0,150700,-1.0,-1.0
2021/08/16,723.0,725.0,700.0,712.0,242300,-1.0,-1.0
2021/08/17,702.0,712.0,666.0,666.0,412900,-1.0,-1.0
2021/08/18,670.0,684.0,667.0,680.0,199000,-1.0,-1.0
2021/08/19,682.0,691.0,676.0,679.0,135400,-1.0,-1.0
2021/08/20,679.0,687.0,672.0,678.0,124500,-1.0,-1.0
2021/08/23,682.0,701.0,682.0,691.0,96800,-1.0,-1.0
2021/08/24,693.0,707.0,693.0,695.0,93000,-1.0,-1.0
2021/08/25,697.0,703.0,685.0,687.0,53200,-1.0,-1.0
2021/08/26,697.0,707.0,691.0,701.0,120800,-1.0,-1.0
2021/08/27,702.0,703.0,692.0,699.0,320100,-1.0,-1.0
2021/08/30,702.0,713.0,700.0,708.0,143600,-1.0,-1.0
2021/08/31,706.0,714.0,705.0,706.0,131700,-1.0,-1.0
2021/09/01,704.0,713.0,704.0,710.0,47300,-1.0,-1.0
2021/09/02,710.0,718.0,697.0,701.0,140600,-1.0,-1.0
2021/09/03,705.0,712.0,705.0,710.0,117600,-1.0,-1.0
2021/09/06,711.0,726.0,704.0,709.0,197600,-1.0,-1.0
2021/09/07,710.0,717.0,710.0,717.0,111600,-1.0,-1.0
2021/09/08,730.0,799.0,728.0,796.0,1281000,-1.0,-1.0
2021/09/09,796.0,808.0,759.0,763.0,718100,-1.0,-1.0
2021/09/10,756.0,778.0,751.0,774.0,281100,-1.0,-1.0
2021/09/13,775.0,775.0,761.0,767.0,92400,-1.0,-1.0
2021/09/14,770.0,779.0,761.0,779.0,119600,-1.0,-1.0
2021/09/15,775.0,777.0,764.0,770.0,123700,-1.0,-1.0
2021/09/16,774.0,783.0,768.0,775.0,147900,-1.0,-1.0
2021/09/17,780.0,795.0,774.0,780.0,153500,-1.0,-1.0
2021/09/21,751.0,759.0,747.0,756.0,115900,-1.0,-1.0
2021/09/22,751.0,754.0,741.0,743.0,77100,-1.0,-1.0
2021/09/24,758.0,760.0,743.0,750.0,86600,-1.0,-1.0
2021/09/27,752.0,753.0,744.0,745.0,66400,-1.0,-1.0
2021/09/28,745.0,745.0,731.0,739.0,85700,-1.0,-1.0
2021/09/29,721.0,723.0,709.0,715.0,96100,-1.0,-1.0
2021/09/30,713.0,713.0,689.0,700.0,190300,-1.0,-1.0
2021/10/01,697.0,702.0,681.0,682.0,87500,100.16682564442614,101.38092860307685
2021/10/04,694.0,694.0,674.0,680.0,98300,97.77142409440745,98.95084533900994
2021/10/05,675.0,685.0,670.0,675.0,101000,100.44736393467505,100.76692187642426
2021/10/06,684.0,694.0,679.0,681.0,87200,104.77864470896397,104.41110797284321
2021/10/07,680.0,689.0,679.0,680.0,105600,101.92328062083061,101.82131895250946
2021/10/08,690.0,696.0,688.0,690.0,82300,103.20445286762008,102.91263217091573
2021/10/11,691.0,700.0,690.0,700.0,39500,103.33411408439875,102.88530887818186
2021/10/12,702.0,705.0,690.0,690.0,57900,103.1957420602627,102.66718367827453
2021/10/13,693.0,693.0,679.0,679.0,53200,105.76846778714727,104.91719210808495
2021/10/14,680.0,681.0,673.0,676.0,51400,104.03371596147961,103.7685793975792
2021/10/15,682.0,698.0,682.0,698.0,39800,105.26953453990579,104.47538460744164
2021/10/18,702.0,706.0,698.0,702.0,44700,102.7831199135905,102.23620534876751
2021/10/19,702.0,712.0,702.0,708.0,49500,104.40885898526078,103.83300269087879
2021/10/20,711.0,713.0,698.0,699.0,41600,103.63583668175333,103.5836540906105
2021/10/21,698.0,700.0,684.0,684.0,40100,101.50440427025057,100.49798797004463
2021/10/22,682.0,691.0,680.0,685.0,58400,102.05134725575738,101.46936166174714
2021/10/25,693.0,699.0,689.0,698.0,84700,107.9821305104744,106.65176927480324
2021/10/26,703.0,721.0,703.0,716.0,75000,105.62053912601968,104.89886825483443
2021/10/27,716.0,720.0,710.0,712.0,55900,106.70831104193026,106.16965458721677
2021/10/28,712.0,722.0,706.0,718.0,58100,108.8525745844197,108.31876437721004
2021/10/29,716.0,719.0,706.0,709.0,60300,109.05949832278495,108.22869535987319
2021/11/01,722.0,740.0,719.0,740.0,70400,108.68451604866598,108.77187946671327
2021/11/02,737.0,741.0,728.0,729.0,63300,109.57654586442129,109.34209323452988
2021/11/04,743.0,757.0,732.0,754.0,165100,111.93162720327135,111.04853589307373
2021/11/05,754.0,754.0,739.0,744.0,71600,111.52902309646397,110.29932864106988
2021/11/08,745.0,749.0,741.0,747.0,49900,113.71518756146861,111.63086225173264
2021/11/09,765.0,784.0,753.0,753.0,152100,115.80161846394506,114.7192369951585
2021/11/10,748.0,751.0,740.0,745.0,66700,115.2457252770943,113.94765617920604
2021/11/11,740.0,758.0,740.0,751.0,54200,117.7393031639738,115.75497155767951
2021/11/12,751.0,765.0,746.0,755.0,77900,119.42678728012524,116.2680880704719
2021/11/15,760.0,760.0,750.0,751.0,39300,119.23322922788896,115.856235571745
2021/11/16,751.0,765.0,751.0,759.0,42500,121.54250254351602,117.79584609444551
2021/11/17,766.0,785.0,761.0,779.0,82400,122.5204209753521,119.34432447228032
2021/11/18,781.0,781.0,767.0,777.0,82500,119.52609037450806,117.05263455314252
2021/11/19,777.0,789.0,766.0,785.0,120300,113.98864035564533,112.22228040230804
2021/11/22,785.0,799.0,783.0,795.0,87100,115.67031904497347,113.55455849208822
2021/11/24,795.0,811.0,787.0,787.0,131600,124.12501507492865,121.08811728243565
2021/11/25,792.0,802.0,777.0,779.0,71300,121.45268662010594,118.51722595530781
2021/11/26,775.0,775.0,759.0,763.0,53100,121.49271327119233,117.99220046328045
2021/11/29,750.0,769.0,741.0,744.0,120400,124.83454498748718,120.30373516949251
2021/11/30,748.0,769.0,739.0,739.0,79400,125.2692090550097,119.3124695746234
2021/12/01,734.0,753.0,732.0,747.0,79900,128.66421267766063,122.84015492616771
2021/12/02,737.0,749.0,732.0,732.0,75300,123.18847290590959,117.52195401222106
2021/12/03,736.0,751.0,734.0,751.0,107900,124.005109714997,117.8579150592252
2021/12/06,754.0,762.0,751.0,753.0,55800,125.35783326335279,119.2257817473519
2021/12/07,753.0,764.0,752.0,763.0,66300,121.93821577417148,115.8777729969291
2021/12/08,765.0,772.0,762.0,768.0,51400,121.78207293165677,116.47318143610894
2021/12/09,770.0,777.0,769.0,770.0,83000,122.39144119678296,117.23626377968839
2021/12/10,774.0,775.0,768.0,773.0,46200,121.35226963993053,116.79995149239895
2021/12/13,777.0,784.0,776.0,779.0,37600,122.82136163626132,119.10777118056224
2021/12/14,776.0,776.0,762.0,765.0,48700,122.53497264077913,117.8632356233893
2021/12/15,760.0,777.0,760.0,775.0,27800,127.16288388670154,121.80546074274827
2021/12/16,784.0,793.0,781.0,792.0,47200,125.71927467302754,121.38543016452104
2021/12/17,787.0,790.0,773.0,778.0,56200,124.05178010708975,119.56282026534697
2021/12/20,772.0,772.0,744.0,746.0,62200,120.90387100031059,116.52253605273415
2021/12/21,750.0,759.0,746.0,754.0,46800,122.41216159487985,118.0604022001012
2021/12/22,750.0,762.0,750.0,758.0,35200,121.36720718112113,117.01421053248357
2021/12/23,765.0,773.0,765.0,768.0,32000,122.83182240626995,118.29699235068753
2021/12/24,773.0,774.0,767.0,773.0,21400,117.36124437337043,113.43100269832786
2021/12/27,771.0,771.0,762.0,767.0,19600,119.90919102986706,115.75544828788884
2021/12/28,761.0,769.0,749.0,756.0,85700,117.53497013532639,112.44727210112467
2021/12/29,764.0,764.0,746.0,764.0,62900,120.48854184879205,114.57409912271461
2021/12/30,762.0,762.0,753.0,753.0,16300,118.81637770038684,113.04404641801327
2022/01/04,762.0,774.0,762.0,766.0,56800,119.32337010036316,113.58412372248645
2022/01/05,770.0,791.0,764.0,787.0,79600,120.38600483413298,114.95623889278943
2022/01/06,787.0,787.0,763.0,765.0,65100,122.01771148490022,115.63729924998205
2022/01/07,766.0,785.0,763.0,770.0,70800,123.71054101895096,116.37362719734807
2022/01/11,770.0,770.0,759.0,760.0,34500,117.40469883248686,110.01559097985141
2022/01/12,760.0,777.0,760.0,773.0,35100,121.18772936263007,113.10335288794325
2022/01/13,771.0,779.0,770.0,773.0,29200,124.78755718769128,115.70646102502262
2022/01/14,773.0,776.0,765.0,767.0,40800,127.71258415114923,118.23529165607462
2022/01/17,774.0,782.0,771.0,781.0,50400,127.20311818430146,118.54325012584479
2022/01/18,781.0,791.0,770.0,770.0,55700,128.3308533767065,118.80041671521778
2022/01/19,766.0,772.0,744.0,749.0,77700,127.29897419383019,118.10705448281583
2022/01/20,737.0,748.0,723.0,724.0,80400,122.29194582268528,113.36210939136053
2022/01/21,718.0,718.0,693.0,704.0,121100,119.8645332102276,111.00355090888749
2022/01/24,698.0,727.0,697.0,722.0,66300,122.84889887374626,113.45416609976029
2022/01/25,717.0,726.0,702.0,704.0,63700,121.03138222068499,112.08380812016281
2022/01/26,704.0,717.0,701.0,706.0,40800,123.30208306492882,114.35590599562619
2022/01/27,705.0,715.0,685.0,686.0,69400,121.56854209180882,112.60909981786169
2022/01/28,696.0,723.0,696.0,722.0,61000,124.1803525723999,115.58131551790058
2022/01/31,725.0,725.0,715.0,718.0,27900,123.66872038900651,114.73035145379214
2022/02/01,724.0,724.0,708.0,712.0,22200,121.45818749712676,112.9616804207152
2022/02/02,705.0,726.0,705.0,726.0,40100,118.76489089694067,110.29180024334167
2022/02/03,717.0,723.0,710.0,710.0,26800,115.96332397901794,108.27858277454408
2022/02/04,709.0,722.0,709.0,718.0,27900,114.09723667294867,106.55583840644152
2022/02/07,718.0,721.0,714.0,715.0,19200,115.09598187965983,106.60338435755463
2022/02/08,716.0,727.0,710.0,715.0,32600,109.9875952045166,101.25892643470911
2022/02/09,719.0,724.0,716.0,722.0,30800,114.4842548882176,105.63395312840329
2022/02/10,725.0,728.0,713.0,720.0,28600,115.22781992682458,106.52554919627877
2022/02/14,716.0,724.0,711.0,719.0,34000,116.1010407782703,105.76649838980619
2022/02/15,716.0,725.0,704.0,706.0,56200,120.040925222121,108.63214760197104
2022/02/16,717.0,723.0,716.0,718.0,22900,117.33956787336086,107.18237044419267
2022/02/17,720.0,721.0,702.0,704.0,34100,119.88291098445947,108.5720188929763
2022/02/18,702.0,706.0,696.0,702.0,64200,115.44624489264518,104.56057953055102
2022/02/21,700.0,700.0,686.0,698.0,34200,116.22158309332744,105.21668129573175
2022/02/22,691.0,692.0,682.0,684.0,43300,115.73527020553462,104.37345755066917
2022/02/24,685.0,690.0,672.0,690.0,52000,121.07538127539871,108.08158807406556
2022/02/25,693.0,694.0,685.0,694.0,42200,119.19228357507062,108.26590386424373
2022/02/28,703.0,708.0,690.0,707.0,43900,120.88679601578572,108.99484950482918
2022/03/01,710.0,715.0,699.0,705.0,53000,119.00180313841125,108.49582030514986
2022/03/02,700.0,702.0,692.0,692.0,25200,117.78287642159555,107.68900510010901
2022/03/03,701.0,703.0,695.0,697.0,26200,117.99443408318373,108.5674878309659
2022/03/04,694.0,694.0,667.0,670.0,127600,114.32061929383914,105.77697155388128
2022/03/07,668.0,681.0,662.0,671.0,59500,116.74753786897627,108.12725480136795
2022/03/08,670.0,680.0,664.0,672.0,101600,119.40070903241957,111.11735039897597
2022/03/09,666.0,680.0,664.0,669.0,40100,119.07546219589562,110.63331264190914
2022/03/10,681.0,699.0,681.0,699.0,47900,116.8835346597771,108.12415804176831
2022/03/11,690.0,703.0,681.0,686.0,38600,119.14441149610239,109.37657597464498
2022/03/14,694.0,699.0,692.0,693.0,13300,118.64675797081902,109.58152981170784
2022/03/15,703.0,705.0,698.0,705.0,15900,122.02940612501392,112.13681917293934
2022/03/16,706.0,708.0,694.0,701.0,35700,117.96915347809458,108.76349460505159
2022/03/17,710.0,716.0,705.0,716.0,51500,116.46185110669765,108.6493145711197
2022/03/18,719.0,724.0,706.0,724.0,40900,114.04356031143037,108.23193016439004
2022/03/22,733.0,735.0,723.0,734.0,48600,115.98968403058724,111.0274737360323
2022/03/23,749.0,755.0,741.0,750.0,53400,114.76924654687355,110.42336533630007
2022/03/24,745.0,745.0,735.0,745.0,31100,112.30355906331518,108.43969228141891
2022/03/25,741.0,744.0,737.0,744.0,21600,113.07036655528916,109.23900850470582
2022/03/28,744.0,747.0,737.0,747.0,19400,112.53741030066531,108.10307293184718
2022/03/29,748.0,755.0,742.0,755.0,38000,119.5351161773359,113.94660872616953
2022/03/30,753.0,753.0,730.0,742.0,35000,119.57993888466649,114.06676707554031
2022/03/31,737.0,739.0,723.0,724.0,38600,121.20279810322374,115.40109808151682
2022/04/01,714.0,726.0,713.0,723.0,24800,123.6418253119558,116.19182628540176
2022/04/04,723.0,724.0,720.0,720.0,14200,123.00391824154207,115.12175940922613
2022/04/05,725.0,728.0,715.0,720.0,23900,123.90564323969875,116.25253700518007
2022/04/06,716.0,720.0,709.0,719.0,22800,124.45535891256219,117.14117556104551
2022/04/07,710.0,715.0,700.0,713.0,34400,128.72358991831655,120.13210873656928
2022/04/08,713.0,720.0,707.0,720.0,42200,129.77657530561865,121.53474151220853
2022/04/11,716.0,720.0,705.0,708.0,56200,125.55964831066572,117.92835933169101
2022/04/12,705.0,706.0,687.0,690.0,29600,126.34015525785397,117.52733731317544
2022/04/13,690.0,705.0,689.0,705.0,26600,126.90806809285944,118.78809305776758
2022/04/14,715.0,722.0,711.0,722.0,21200,128.49100599912273,120.93450377859472
2022/04/15,716.0,717.0,709.0,709.0,15900,126.10101606114566,119.01590131949374
2022/04/18,704.0,712.0,702.0,708.0,24100,125.8802459682353,118.26658378595734
2022/04/19,710.0,717.0,710.0,711.0,12300,124.67209982054335,117.47285576986202
2022/04/20,720.0,720.0,714.0,715.0,26600,124.60999606377455,117.2930199313186
2022/04/21,715.0,720.0,712.0,720.0,22600,124.83268601473112,117.50344649611921
2022/04/22,711.0,711.0,702.0,705.0,26600,124.55746231506761,116.93689564216665
2022/04/25,696.0,700.0,693.0,693.0,22200,126.51300808024466,118.06233080382849
2022/04/26,694.0,699.0,692.0,698.0,16100,126.52958332337685,118.08082470505632
2022/04/27,698.0,698.0,684.0,684.0,56700,126.15466858837519,117.54684771910901
2022/04/28,689.0,710.0,686.0,710.0,33300,126.99296965498262,118.24736877200021
2022/05/02,706.0,710.0,700.0,707.0,18400,126.76137980766013,117.67525465384776
2022/05/06,707.0,715.0,704.0,710.0,13300,123.30673432399493,114.4331884565806
2022/05/09,710.0,713.0,705.0,706.0,19800,124.49861546441214,115.37233930529524
2022/05/10,700.0,703.0,689.0,697.0,19600,122.90850841878441,115.04757180285125
2022/05/11,697.0,699.0,691.0,695.0,15600,122.33975905823648,115.58391040040283
2022/05/12,689.0,698.0,688.0,688.0,22900,122.03072315039425,115.71877519870722
2022/05/13,680.0,699.0,679.0,699.0,20400,121.7741275259619,115.7715945485343
2022/05/16,710.0,712.0,694.0,695.0,28200,121.00534804872667,116.41508864736554
2022/05/17,698.0,699.0,690.0,698.0,22300,122.32597780707286,117.32597584435777
2022/05/18,701.0,705.0,699.0,705.0,27300,120.63843306876005,116.41156075190014
2022/05/19,691.0,691.0,686.0,691.0,30100,119.9626915289354,114.89627733038658
2022/05/20,697.0,698.0,688.0,698.0,32200,120.58943763249239,115.52324408983516
2022/05/23,704.0,712.0,700.0,712.0,52100,121.41934491576329,116.71123811187279
2022/05/24,709.0,709.0,699.0,703.0,25600,122.4243801637285,117.20112549414688
2022/05/25,707.0,708.0,698.0,698.0,22300,123.867181856534,118.0825484446873
2022/05/26,707.0,707.0,694.0,698.0,28000,125.04288969434782,118.60292013370521
2022/05/27,700.0,709.0,699.0,709.0,34300,125.68105461065034,119.15191048135779
2022/05/30,713.0,713.0,704.0,704.0,54800,122.70127125575758,116.3963220982429
2022/05/31,704.0,712.0,700.0,705.0,42000,122.47657474819434,116.77297931274366
2022/06/01,705.0,711.0,705.0,710.0,20000,121.90274215136525,115.85527871313388
2022/06/02,710.0,721.0,709.0,721.0,26000,123.86452934054053,118.81569394969213
2022/06/03,723.0,724.0,707.0,714.0,51200,121.03205556914955,117.66203197275166
2022/06/06,711.0,718.0,710.0,714.0,30300,122.47858027300703,119.14272093081814
2022/06/07,714.0,718.0,713.0,715.0,38800,120.11161971102851,116.81297727858828
2022/06/08,718.0,722.0,718.0,719.0,24600,120.09058553626357,116.71792129272205
2022/06/09,716.0,724.0,716.0,723.0,25100,120.1337383647685,116.4467286855665
2022/06/10,715.0,720.0,711.0,715.0,36500,120.76212713526854,116.72433745073221
2022/06/13,708.0,719.0,706.0,717.0,36900,127.42898202196858,121.56832292870436
2022/06/14,708.0,710.0,704.0,706.0,22000,128.3775907848127,122.11643558308882
2022/06/15,708.0,708.0,690.0,690.0,23400,125.23780488291602,119.83486572721169
2022/06/16,695.0,700.0,691.0,693.0,42800,124.72655695281183,119.4310062955295
2022/06/17,688.0,698.0,681.0,691.0,42200,126.37264556181185,120.10663104440707
2022/06/20,701.0,701.0,686.0,691.0,33900,125.17550346213125,120.26417858752939
2022/06/21,701.0,707.0,698.0,706.0,21300,127.16117367691149,121.98056462607508
2022/06/22,710.0,710.0,700.0,707.0,18200,127.77159681183082,121.73847493988698
2022/06/23,706.0,709.0,702.0,705.0,8200,127.51470430025493,121.52553194540867
2022/06/24,705.0,707.0,702.0,704.0,17600,124.18123612527052,118.99972357243662
2022/06/27,708.0,709.0,699.0,704.0,46300,122.3518714833147,117.87571260872632
2022/06/28,704.0,712.0,702.0,712.0,29000,123.72098239378961,118.71376496105684
2022/06/29,707.0,716.0,700.0,700.0,50700,122.65718093552675,117.20776591228876
2022/06/30,703.0,711.0,700.0,709.0,43800,127.2543419512773,121.27365003955353
2022/07/01,704.0,710.0,696.0,698.0,29300,126.78207645601496,121.12843365852046
2022/07/04,701.0,715.0,698.0,715.0,48300,128.58965920462998,122.58513862549485
2022/07/05,715.0,751.0,715.0,746.0,196400,123.27267648429424,118.28131603376401
2022/07/06,737.0,740.0,708.0,710.0,90900,116.70830200176741,112.1419216690254
2022/07/07,716.0,716.0,702.0,713.0,36200,115.0158991209246,110.5456041134563
2022/07/08,716.0,719.0,708.0,710.0,57000,116.34636133039946,111.87955110963375
2022/07/11,715.0,724.0,715.0,722.0,41000,122.11188101362478,116.9177916954552
2022/07/12,717.0,717.0,708.0,710.0,31300,124.4701140522373,119.25980649345966
2022/07/13,710.0,716.0,710.0,716.0,17200,120.87324368730157,116.2763189242136
2022/07/14,716.0,718.0,710.0,712.0,18700,118.63600385241256,114.51820658553913
2022/07/15,713.0,715.0,704.0,713.0,18200,115.0197488916913,112.33845997031875
2022/07/19,713.0,717.0,713.0,717.0,12400,111.19717708034224,108.66599544124651
2022/07/20,723.0,725.0,718.0,723.0,38000,110.02223377588433,108.16331306516996
2022/07/21,723.0,726.0,722.0,724.0,14900,107.85547058984757,106.35891240721087
2022/07/22,721.0,728.0,718.0,726.0,28500,107.72079495402905,106.35936754799802
2022/07/25,725.0,728.0,720.0,727.0,28000,108.70804172323759,107.20523398814115
2022/07/26,726.0,728.0,721.0,721.0,18600,109.00039421965009,107.48827330694365
2022/07/27,722.0,724.0,716.0,722.0,25100,101.05582738406812,100.18497887404021
2022/07/28,725.0,726.0,716.0,721.0,32700,102.00326597033691,101.00218397121125
2022/07/29,721.0,721.0,710.0,710.0,34800,99.3965773313993,99.23608027368573
2022/08/01,712.0,724.0,712.0,722.0,39800,101.92370108750286,101.65163096886374
2022/08/02,719.0,719.0,707.0,710.0,28800,100.17068476480881,100.29343180177565
2022/08/03,710.0,711.0,705.0,707.0,35600,100.1393120379926,100.22506040908038
2022/08/04,707.0,709.0,703.0,709.0,37600,99.83260418680501,100.47622232916534
2022/08/05,707.0,716.0,704.0,716.0,33200,100.9939591166892,101.34909638090176
2022/08/08,715.0,720.0,714.0,718.0,15800,99.83412890419902,100.34268756625335
2022/08/09,716.0,719.0,714.0,715.0,15600,100.30209122632827,100.66575330393555
2022/08/10,715.0,720.0,712.0,720.0,21200,101.04323520054415,101.19710261355837
2022/08/12,725.0,733.0,725.0,733.0,35300,98.81272230645048,99.96737613153084
2022/08/15,735.0,747.0,730.0,744.0,48400,99.61348868469767,101.3368508713617
2022/08/16,744.0,773.0,738.0,762.0,97700,108.68975225166754,110.58532194629842
2022/08/17,770.0,784.0,764.0,780.0,64900,108.28084220143532,109.96102445482501
2022/08/18,768.0,776.0,767.0,774.0,31600,107.44928706993907,108.64752345363644
2022/08/19,778.0,779.0,770.0,779.0,28500,107.28307528418928,108.33886323452529
2022/08/22,770.0,775.0,767.0,769.0,26300,106.26260788718456,106.96233452321489
2022/08/23,765.0,769.0,761.0,764.0,38200,107.1438045493704,107.85154451612222
2022/08/24,764.0,779.0,760.0,779.0,36800,111.03401502094637,111.57469178387669
2022/08/25,781.0,808.0,778.0,794.0,135000,110.33667786744681,110.90297854368345
2022/08/26,802.0,802.0,790.0,797.0,35300,110.03811875254247,111.09290842374068
2022/08/29,782.0,798.0,777.0,794.0,40800,111.78618293504815,112.49531466639513
2022/08/30,797.0,807.0,795.0,801.0,32300,113.02939668560003,113.01342065074338
2022/08/31,795.0,800.0,794.0,799.0,21400,113.97533514475316,113.54582465349819
2022/09/01,789.0,790.0,777.0,777.0,39600,114.37605744010455,113.5951005532233
2022/09/02,786.0,787.0,778.0,787.0,38900,116.76706401054608,115.74249790593561
2022/09/05,780.0,792.0,780.0,789.0,22100,119.50408807600455,117.7702609156425
2022/09/06,797.0,817.0,793.0,813.0,83200,122.78658536499528,121.44050347677504
2022/09/07,805.0,808.0,792.0,797.0,44400,110.16695440066255,108.69535538208402
2022/09/08,806.0,816.0,803.0,815.0,55100,114.2098318947154,112.67044545478345
2022/09/09,807.0,815.0,805.0,808.0,43900,112.41085882631509,111.09122049268514
2022/09/12,813.0,814.0,795.0,798.0,60300,110.98677618598978,110.21470267938204
2022/09/13,798.0,801.0,793.0,800.0,23600,110.07269167256437,109.53501414113909
2022/09/14,785.0,796.0,780.0,790.0,42000,112.5297442793784,110.44343341129948
2022/09/15,791.0,791.0,784.0,784.0,20100,110.04297980910145,108.40854713096384
2022/09/16,779.0,784.0,767.0,767.0,45000,108.79315369040677,106.5309903571038
2022/09/20,776.0,793.0,774.0,793.0,39400,113.04407794775446,111.21173699616882
2022/09/21,782.0,784.0,777.0,778.0,18900,113.62887823602816,111.40223510504563
2022/09/22,769.0,779.0,766.0,775.0,20000,115.11121512754083,112.75085415666419
2022/09/26,769.0,769.0,750.0,750.0,44800,115.17679978215025,112.73798344950106
2022/09/27,750.0,756.0,746.0,748.0,30600,114.97707527390178,112.49929713404336
2022/09/28,745.0,770.0,745.0,769.0,54000,121.4015102288345,118.1700015209977
2022/09/29,765.0,769.0,761.0,766.0,32700,121.9800321538804,118.87709148728005
2022/09/30,760.0,761.0,754.0,755.0,21200,122.79914198293118,119.77084732769919
2022/10/03,744.0,759.0,743.0,755.0,26900,120.47012141963984,118.6217519515199
2022/10/04,770.0,787.0,770.0,783.0,43300,119.5665682802562,118.4855969667893
2022/10/05,788.0,795.0,781.0,784.0,27300,116.85819214177864,116.86951482834273
2022/10/06,785.0,797.0,785.0,788.0,33600,117.43915888295359,116.91611802096577
2022/10/07,788.0,789.0,777.0,777.0,37000,116.48258352050085,115.85974909021289
2022/10/11,778.0,783.0,772.0,773.0,34800,119.79154769379208,118.70077006985096
2022/10/12,775.0,778.0,770.0,774.0,27500,121.52001803746806,120.38479304614289
2022/10/13,774.0,775.0,762.0,762.0,25000,122.66125596695655,120.7666413478085
2022/10/14,777.0,785.0,768.0,781.0,29900,120.0601789787128,119.30301466042994
2022/10/17,773.0,785.0,772.0,782.0,14100,120.75537165978962,119.67384286278097
2022/10/18,783.0,790.0,783.0,786.0,15200,119.43589546618563,118.32275467228457
2022/10/19,789.0,790.0,784.0,788.0,14400,120.99660928306109,119.98795707785072
2022/10/20,788.0,807.0,785.0,806.0,47500,125.2607335251005,124.38889843796557
2022/10/21,801.0,812.0,794.0,794.0,24800,124.16390972025371,123.31868680314419
2022/10/24,797.0,797.0,776.0,776.0,22900,117.87418806112713,117.5506386133958
2022/10/25,782.0,792.0,779.0,792.0,18800,118.14731719675325,117.06762877497177
2022/10/26,798.0,800.0,794.0,796.0,14900,118.58912281117962,117.36954378523197
2022/10/27,796.0,796.0,781.0,791.0,18400,116.10893260156834,115.60738313877701
2022/10/28,790.0,804.0,786.0,800.0,99700,120.27603798828721,118.90318999600802
2022/10/31,800.0,811.0,798.0,809.0,26700,117.48624154558618,115.85682426023915
2022/11/01,810.0,812.0,804.0,808.0,14200,118.21274051351463,116.1639028380593
2022/11/02,805.0,807.0,769.0,769.0,105600,109.84588726701261,108.03897547222216
2022/11/04,777.0,782.0,766.0,770.0,32800,112.67160248630171,110.30385017419671
2022/11/07,778.0,778.0,766.0,770.0,18000,110.49100807190277,108.46879253870216
2022/11/08,771.0,783.0,769.0,782.0,19200,109.1173925521784,107.0985366583826
2022/11/09,782.0,782.0,773.0,773.0,15900,108.96326148050018,106.87035855634754
2022/11/10,776.0,776.0,762.0,769.0,24200,109.23079416020998,106.50185516451165
2022/11/11,775.0,776.0,763.0,770.0,35800,106.84512802051852,105.22721269791606
2022/11/14,770.0,781.0,768.0,769.0,30300,109.0368670668739,107.19091494951938
2022/11/15,771.0,772.0,763.0,767.0,18900,107.61743527461248,105.50987804228733
2022/11/16,772.0,772.0,764.0,769.0,59600,104.56296594634323,102.48989653092804
2022/11/17,767.0,775.0,765.0,772.0,21000,105.29034112956704,102.85520961925161
2022/11/18,775.0,776.0,770.0,771.0,20900,104.7154525203733,102.08624396099653
2022/11/21,778.0,787.0,774.0,787.0,74800,105.4740304524223,102.51921710026622
2022/11/22,789.0,803.0,788.0,802.0,52100,106.20798352900978,103.15096442010368
2022/11/24,804.0,817.0,801.0,815.0,53700,108.73563446056845,104.97837338008623
2022/11/25,813.0,825.0,807.0,823.0,45300,109.65076929094127,106.09875082319435
2022/11/28,825.0,825.0,807.0,807.0,34900,108.93411406040777,105.44637596302569
2022/11/29,803.0,803.0,790.0,793.0,30300,106.5181755567591,103.82784730547112
2022/11/30,787.0,795.0,786.0,790.0,21400,105.63018010796554,103.15555245149986
2022/12/01,787.0,787.0,777.0,782.0,31000,105.04147935007462,103.59899772828183
2022/12/02,775.0,776.0,764.0,764.0,34400,102.65271654109655,101.93303165491776
2022/12/05,761.0,766.0,753.0,757.0,58000,100.9177530268473,100.51262888279547
2022/12/06,751.0,754.0,745.0,745.0,36700,99.63577052348604,99.62503071031698
2022/12/07,745.0,756.0,745.0,749.0,21200,101.66226120571234,100.22560150420965
2022/12/08,755.0,755.0,746.0,750.0,17200,101.46847603415176,99.87541431012984
2022/12/09,757.0,762.0,757.0,761.0,23200,100.34154308944186,99.1462296015051
2022/12/12,761.0,774.0,758.0,772.0,19900,101.94236622020132,100.15453513286197
2022/12/13,774.0,777.0,766.0,766.0,19200,101.84210199544358,100.54485693453945
2022/12/14,765.0,786.0,765.0,779.0,52900,101.59964312462282,100.8556865071171
2022/12/15,772.0,783.0,771.0,776.0,13300,101.52369238285608,99.92460191355795
2022/12/16,766.0,774.0,760.0,760.0,27000,101.30097192451588,99.40246498271136
2022/12/19,758.0,766.0,757.0,766.0,14400,105.32047912029714,102.99504398019303
2022/12/20,781.0,781.0,748.0,751.0,47500,106.91091807634383,102.95775267803118
2022/12/21,749.0,752.0,742.0,743.0,53400,106.09857449803542,102.06916685336218
2022/12/22,747.0,750.0,743.0,749.0,28800,105.95310119417687,101.67921782279183
2022/12/23,742.0,745.0,736.0,745.0,20200,105.73565090655961,100.88906088566294
2022/12/26,745.0,751.0,745.0,750.0,19600,106.19179377290595,101.65786839062663
2022/12/27,759.0,759.0,749.0,751.0,11500,109.1842316632442,104.27240194300373
2022/12/28,750.0,755.0,743.0,755.0,15300,108.45031008030045,103.47936053481229
2022/12/29,755.0,763.0,747.0,761.0,19400,111.51209477719459,106.23799525078982
2022/12/30,758.0,760.0,752.0,752.0,16400,110.23874052468578,105.36044908765257
2023/01/04,754.0,754.0,738.0,738.0,65800,106.95663578144905,102.36337949049674
2023/01/05,738.0,738.0,715.0,722.0,51200,104.12764528085803,100.84861494493475
2023/01/06,718.0,728.0,714.0,728.0,25000,103.6626607145264,100.58987968997792
2023/01/10,734.0,737.0,730.0,732.0,22000,103.84765185941656,101.74074733215608
2023/01/11,735.0,742.0,733.0,736.0,17200,103.5649189801103,101.12833168755171
2023/01/12,736.0,740.0,736.0,740.0,23700,103.11187683498333,100.61735031492465
2023/01/13,735.0,741.0,732.0,734.0,19600,103.04262585944421,99.44782298832476
2023/01/16,731.0,739.0,730.0,735.0,23700,103.26224879353703,99.11918350761736
2023/01/17,735.0,739.0,733.0,736.0,18000,103.33164212090007,99.37636757978476
2023/01/18,737.0,746.0,734.0,746.0,27100,102.11299263533367,98.81653950394941
2023/01/19,740.0,744.0,738.0,738.0,13200,107.21351644251855,103.15278535097423
2023/01/20,736.0,747.0,733.0,746.0,25800,109.8317738220253,105.98295716982386
2023/01/23,748.0,756.0,747.0,756.0,19700,107.36453717663248,103.87432299649151
2023/01/24,757.0,767.0,757.0,766.0,26100,108.13781575237552,104.59886234616707
2023/01/25,765.0,770.0,762.0,768.0,13500,107.25832843901043,103.90267036738304
2023/01/26,768.0,771.0,763.0,766.0,20300,106.79566209227698,103.98816253438025
2023/01/27,768.0,768.0,759.0,767.0,25100,103.65191629907939,100.56543626594383
2023/01/30,769.0,775.0,763.0,770.0,37800,105.55583760380902,102.5645527438114
2023/01/31,769.0,775.0,769.0,772.0,12100,107.44046619647104,104.07895310912694
2023/02/01,776.0,779.0,770.0,770.0,16600,106.78477043927141,104.14238059086787
2023/02/02,778.0,778.0,757.0,759.0,20200,106.27432644792114,104.43989686015797
2023/02/03,759.0,764.0,755.0,759.0,40800,105.44335478400441,103.58028338213754
2023/02/06,761.0,771.0,761.0,768.0,15400,105.68746376043718,104.52378675981906
2023/02/07,768.0,774.0,768.0,774.0,6700,106.68401115132914,105.55882637076535
2023/02/08,771.0,774.0,771.0,774.0,6300,107.0989609977334,105.48663046785369
2023/02/09,771.0,775.0,771.0,775.0,12500,108.07487860971104,106.42476560313467
2023/02/10,771.0,777.0,768.0,774.0,14700,105.3488051923743,104.59875019340281
2023/02/13,776.0,784.0,775.0,780.0,20300,107.10861988015611,105.90474919513919
2023/02/14,761.0,773.0,760.0,772.0,44700,106.42651692403471,105.0476705800411
2023/02/15,775.0,776.0,768.0,770.0,21500,107.08066831648877,105.02437742806292
2023/02/16,777.0,778.0,774.0,777.0,13000,108.5220083893125,106.51676938341348
2023/02/17,773.0,778.0,769.0,775.0,20400,108.82969766282913,106.65115292913437
2023/02/20,778.0,778.0,773.0,773.0,20300,108.24678219578632,105.81445770954846
2023/02/21,774.0,779.0,772.0,775.0,19200,109.08303344934896,106.7025443951244
2023/02/22,773.0,773.0,767.0,767.0,14800,106.51074425228776,104.53740839996382
2023/02/24,767.0,777.0,767.0,773.0,14700,107.41951669930818,105.10047033601806
2023/02/27,778.0,789.0,778.0,789.0,20200,107.94750603831392,105.67056337877617
2023/02/28,790.0,795.0,782.0,783.0,15800,108.63241313953718,105.70866409006621
2023/03/01,781.0,786.0,779.0,782.0,22700,108.39175400630283,105.20718741935728
2023/03/02,783.0,786.0,782.0,784.0,65100,108.71233029442848,106.12249848007316
2023/03/03,785.0,805.0,785.0,799.0,82400,110.9611525214763,108.94468938385253
2023/03/06,799.0,810.0,796.0,806.0,31500,107.28804543228745,105.81809549449885
2023/03/07,809.0,816.0,805.0,810.0,34600,105.55575884524401,103.73010109774054
2023/03/08,810.0,820.0,806.0,811.0,31900,105.34313418894226,103.94971216413293
2023/03/09,818.0,824.0,816.0,823.0,33100,105.67593504559373,104.0355810235894
2023/03/10,817.0,830.0,803.0,803.0,72400,104.6561347463798,103.68573375095292
2023/03/13,792.0,796.0,778.0,796.0,33000,104.44212257386295,104.03038663249859
2023/03/14,784.0,785.0,758.0,759.0,137100,100.241982271124,100.97569678190843
2023/03/15,760.0,772.0,760.0,766.0,129300,103.38348036178621,103.3146956008952
2023/03/16,752.0,754.0,742.0,754.0,42800,103.91260639707336,103.23656222845345
2023/03/17,768.0,776.0,762.0,776.0,139900,105.1967619161128,104.4390630647214
2023/03/20,736.0,757.0,717.0,717.0,133200,98.69332936223827,97.90872887923237
2023/03/22,726.0,735.0,722.0,730.0,63700,99.3658205362802,98.11530042674305
2023/03/23,725.0,725.0,713.0,719.0,141500,98.94143736921698,97.70527486083222
2023/03/24,718.0,718.0,700.0,715.0,69400,98.78530089337599,97.387398597573
2023/03/27,720.0,720.0,711.0,715.0,37500,97.34307115936348,96.27873521570677
2023/03/28,724.0,724.0,714.0,717.0,35900,97.5005456162355,96.17360868543152
2023/03/29,720.0,733.0,718.0,732.0,124000,99.15988527653028,97.27396314592804
2023/03/30,720.0,731.0,713.0,726.0,100100,100.41520019308807,98.409575639842
2023/03/31,721.0,736.0,721.0,736.0,56300,100.43489830973604,98.78858056492417
2023/04/03,742.0,757.0,739.0,757.0,110800,103.4541691278074,101.80132008048861
2023/04/04,756.0,773.0,749.0,773.0,52800,105.46555353345539,103.45255437564961
2023/04/05,763.0,774.0,757.0,768.0,65300,105.03705301321746,103.53439378495352
2023/04/06,754.0,765.0,748.0,756.0,63100,103.77667086647409,102.33409123205921
2023/04/07,756.0,768.0,756.0,767.0,49900,104.46634642736261,102.8069153019739
2023/04/10,763.0,784.0,763.0,784.0,63500,107.48003056666839,105.86647872101128
2023/04/11,786.0,801.0,782.0,798.0,81200,109.07342799083766,108.20737548990371
2023/04/12,799.0,806.0,796.0,802.0,51000,108.73900877416061,107.13485383127548
2023/04/13,800.0,805.0,790.0,805.0,30900,107.59556503959435,105.94973271697936
2023/04/14,805.0,812.0,802.0,807.0,61000,108.22861488106889,106.92039366256813
2023/04/17,807.0,829.0,801.0,829.0,159300,110.04779425460636,108.60511538624797
2023/04/18,827.0,829.0,819.0,823.0,63900,108.99225776132144,107.51776966336746
2023/04/19,820.0,829.0,815.0,828.0,30900,110.18169239610593,108.69661807820388
2023/04/20,817.0,830.0,817.0,822.0,51700,109.76649508896486,107.91297541014413
2023/04/21,810.0,827.0,778.0,827.0,54300,111.31285454993642,109.8166900196996
2023/04/24,827.0,837.0,823.0,835.0,37200,112.05124732910032,110.97954154095974
2023/04/25,835.0,849.0,835.0,845.0,44600,112.93892386974565,111.35947092672347
2023/04/26,837.0,837.0,821.0,828.0,32800,112.40562251398562,111.2949724476711
2023/04/27,823.0,832.0,823.0,829.0,46100,110.15570944565629,109.12649945557509
2023/04/28,829.0,853.0,828.0,852.0,48800,111.9985496676452,111.18874934660701
2023/05/01,855.0,870.0,853.0,870.0,51800,113.31724665467735,112.41338942761303
2023/05/02,867.0,867.0,854.0,867.0,38400,113.0901512159768,112.72152037460266
2023/05/08,860.0,883.0,860.0,882.0,47900,113.57744916660496,113.29885407406408
2023/05/09,880.0,913.0,879.0,911.0,69900,116.95584793744929,116.0490463578689
2023/05/10,900.0,915.0,886.0,912.0,55900,118.11729230030208,116.4544474128213
2023/05/11,912.0,925.0,901.0,922.0,57800,118.46949755142124,117.67681162834236
2023/05/12,913.0,920.0,903.0,908.0,83700,116.81342419331227,115.51253025664158
2023/05/15,915.0,920.0,848.0,848.0,134700,109.33250856982141,107.49912735957767
2023/05/16,850.0,853.0,839.0,845.0,47600,108.14713667558466,106.23653547154225
2023/05/17,845.0,846.0,839.0,841.0,55200,106.67580845466401,105.37358768731495
2023/05/18,850.0,851.0,839.0,848.0,45800,105.9783569012043,105.7859951785769
2023/05/19,855.0,855.0,844.0,849.0,42700,105.56731519633271,105.63521674733416
2023/05/22,841.0,855.0,841.0,855.0,144000,104.30329667006013,104.55813905753071
2023/05/23,857.0,867.0,852.0,857.0,59200,105.32935268988015,105.93219614516107
2023/05/24,855.0,864.0,855.0,861.0,35600,107.25176564056744,107.5453974479876
2023/05/25,855.0,858.0,843.0,852.0,48100,105.43339078570284,106.78802389325566
2023/05/26,853.0,858.0,841.0,842.0,30100,102.87646186565915,104.45024418815791
2023/05/29,853.0,856.0,848.0,849.0,35700,105.67678057386378,107.30090955373275
2023/05/30,846.0,851.0,840.0,845.0,27300,104.36956798045883,106.17218221894022
2023/05/31,838.0,839.0,818.0,818.0,48100,102.41746318219515,104.82963810280843
2023/06/01,818.0,831.0,818.0,819.0,30800,99.97440750340706,101.81173399009609
2023/06/02,825.0,846.0,790.0,835.0,146500,102.9883113197851,103.57561542966036
2023/06/05,848.0,851.0,835.0,835.0,29500,101.33252125834211,102.15951421856462
2023/06/06,835.0,840.0,824.0,840.0,30400,100.99202672198196,102.28682723719109
2023/06/07,840.0,848.0,832.0,834.0,33200,102.62102043424426,103.57010399540528
2023/06/08,834.0,844.0,831.0,831.0,34900,102.60627551359099,103.2709080633117
2023/06/09,840.0,846.0,834.0,845.0,48200,101.91563168017315,103.23960090765205
2023/06/12,846.0,856.0,846.0,856.0,26500,99.33808565129006,101.37735461671289
2023/06/13,856.0,861.0,852.0,855.0,34100,97.67220318773478,100.44610818653081
2023/06/14,856.0,872.0,856.0,870.0,154300,99.07897373695202,101.98540233398194
2023/06/15,872.0,891.0,870.0,887.0,59900,101.03005925733912,104.21622732202202
2023/06/16,888.0,892.0,872.0,877.0,50200,97.76157103697933,101.29191003867035
2023/06/19,883.0,887.0,872.0,884.0,50400,98.79785672313328,101.59265145692369
2023/06/20,884.0,891.0,881.0,891.0,35200,99.20624587667449,102.5723237952216
2023/06/21,891.0,906.0,890.0,894.0,59000,98.48373080514163,102.07676630351475
2023/06/22,903.0,919.0,899.0,916.0,48300,102.22211482436494,104.76589197560871
2023/06/23,920.0,929.0,898.0,903.0,42800,103.65732421876616,105.72503525405202
2023/06/26,903.0,904.0,887.0,896.0,21100,104.59034497530087,106.28275346946954
2023/06/27,894.0,895.0,885.0,892.0,19500,104.14738297049455,106.024146178638
2023/06/28,898.0,913.0,898.0,913.0,21600,105.32285168834106,107.44611067606368
2023/06/29,914.0,919.0,899.0,901.0,28000,100.92146047418065,103.53600192869837
2023/06/30,899.0,901.0,884.0,890.0,29700,99.64064447912776,102.79464153583473
2023/07/03,893.0,905.0,893.0,896.0,18800,97.10024077417143,100.9570452901015
2023/07/04,891.0,894.0,883.0,885.0,34500,93.78969015221364,96.65625803048955
2023/07/05,883.0,883.0,873.0,878.0,35400,96.84011310798695,99.5272870947713
2023/07/06,873.0,873.0,862.0,871.0,49700,98.7422023515232,100.98249582749754
2023/07/07,869.0,874.0,856.0,867.0,50300,99.97662844912996,102.21257180762552
2023/07/10,872.0,893.0,871.0,881.0,55800,101.6378446912525,104.14470904347766
2023/07/11,885.0,892.0,874.0,875.0,29900,100.78743259971097,103.78144830348592
2023/07/12,875.0,878.0,860.0,860.0,25500,99.5622931113267,102.12698052322644
2023/07/13,862.0,866.0,852.0,859.0,36600,99.1513466232519,101.82777881610774
2023/07/14,874.0,874.0,852.0,853.0,117800,98.94174581242673,101.11646992007326
2023/07/18,855.0,866.0,855.0,865.0,20800,100.1018711848263,101.92141202694864
2023/07/19,868.0,875.0,868.0,875.0,21100,101.83485088687603,103.36468093727886
2023/07/20,879.0,885.0,874.0,876.0,30400,103.53818259188185,104.38790448921603
2023/07/21,881.0,881.0,856.0,856.0,52100,101.88490009043869,101.94556458241873
2023/07/24,867.0,874.0,866.0,873.0,36900,101.71560956327308,102.2916100288503
2023/07/25,875.0,878.0,868.0,869.0,30600,101.98729416566977,102.47947366671342
2023/07/26,868.0,868.0,860.0,864.0,19700,101.52572822219467,101.98599849169281
2023/07/27,862.0,862.0,855.0,860.0,29600,100.87198216342541,101.28203481089058
2023/07/28,854.0,866.0,848.0,865.0,59000,103.39379806142,103.19953212536879
2023/07/31,877.0,878.0,868.0,873.0,29600,102.03692996488223,102.0447223342817
2023/08/01,878.0,882.0,871.0,882.0,25000,102.3989024776196,102.33540115319732
2023/08/02,877.0,877.0,865.0,866.0,30000,103.89264598858551,102.74696015161683
2023/08/03,860.0,860.0,842.0,842.0,47000,103.14891934282882,101.08281673210666
2023/08/04,842.0,849.0,841.0,846.0,20000,103.41334799478787,101.14640414106755
2023/08/07,849.0,857.0,843.0,857.0,40800,104.53747938630111,101.98166889362297
2023/08/08,842.0,845.0,827.0,840.0,66300,101.59916998024808,99.29877691263191
2023/08/09,840.0,852.0,838.0,846.0,40800,101.50098682382165,99.53862313094487
2023/08/10,848.0,848.0,837.0,848.0,41300,101.69999763624065,99.09881937513927
2023/08/14,856.0,857.0,837.0,838.0,44800,101.43371786107306,98.02085839252437
2023/08/15,840.0,842.0,830.0,831.0,42300,97.65542144173615,94.37276259098711
2023/08/16,828.0,828.0,816.0,816.0,44600,96.23724764005091,92.86903574301192
2023/08/17,818.0,819.0,804.0,815.0,35900,96.36138232844418,93.02636958095327
2023/08/18,812.0,815.0,805.0,806.0,38500,95.17432977298765,92.23881145268066
2023/08/21,815.0,818.0,809.0,809.0,27300,95.96594058919328,93.51974685285765
2023/08/22,815.0,825.0,811.0,822.0,56100,96.09521988792979,93.61764273422976
2023/08/23,822.0,832.0,820.0,832.0,34600,94.46909723850912,92.26933740446735
2023/08/24,832.0,836.0,828.0,829.0,28700,92.0933768428116,90.25359696849534
2023/08/25,825.0,829.0,818.0,821.0,37900,93.29494832392784,89.97534601827094
2023/08/28,827.0,829.0,826.0,828.0,24600,90.3723295228784,88.15287413349695
2023/08/29,829.0,833.0,828.0,830.0,25800,90.6582088164125,88.54892069290015
2023/08/30,830.0,835.0,828.0,832.0,31700,90.46899371384484,88.36601432223239
2023/08/31,834.0,842.0,834.0,838.0,54300,91.45829191182648,89.51285014492566
2023/09/01,839.0,847.0,838.0,847.0,45700,90.97629186867408,88.40617097739334
2023/09/04,850.0,855.0,845.0,855.0,55800,90.86442233041736,88.05271240579646
2023/09/05,855.0,855.0,849.0,853.0,75700,87.73786498548553,85.00825047361455
2023/09/06,856.0,857.0,850.0,855.0,49700,88.52460734997896,85.89473915730838
2023/09/07,853.0,858.0,842.0,842.0,61300,87.88754418548886,84.85737350786107
2023/09/08,842.0,854.0,840.0,845.0,94100,90.4925533011836,87.13515381156361
2023/09/11,848.0,849.0,839.0,844.0,51400,92.97652359245244,88.72636158959722
2023/09/12,844.0,848.0,839.0,843.0,34700,91.99513662586789,87.9591302822376
2023/09/13,840.0,847.0,840.0,844.0,43000,90.8691781456743,87.46920589022899
2023/09/14,844.0,849.0,843.0,848.0,53500,90.90510005033742,87.698498713827
2023/09/15,856.0,873.0,856.0,872.0,144900,93.46463036359656,90.75775005754699
2023/09/19,880.0,887.0,874.0,884.0,88500,92.85010485684519,89.31931091284017
2023/09/20,884.0,884.0,864.0,870.0,83800,92.48777784607425,89.27424369667092
2023/09/21,867.0,876.0,865.0,865.0,40600,93.04949214071534,89.73014132232069
2023/09/22,858.0,865.0,852.0,858.0,79600,93.31927223931777,89.75143060342464
2023/09/25,867.0,871.0,860.0,869.0,59600,93.71679689452388,90.55037071194015
2023/09/26,872.0,872.0,856.0,860.0,74500,94.53968266156204,90.78900373479796
2023/09/27,861.0,864.0,848.0,864.0,94200,90.84247933229136,87.59417947803463
2023/09/28,852.0,858.0,842.0,846.0,65100,91.5570310371461,87.99685077982421
2023/09/29,850.0,850.0,823.0,832.0,103500,89.71938858205574,87.07886161659944
2023/10/02,839.0,863.0,839.0,844.0,131100,92.2740519137363,89.23861489930613
2023/10/03,844.0,844.0,819.0,819.0,75100,90.38121959842834,87.65499450435628
2023/10/04,810.0,813.0,790.0,790.0,76300,89.52138271756111,86.87044846195869
2023/10/05,798.0,810.0,798.0,808.0,46700,90.11795906160268,87.07918042647324
2023/10/06,813.0,820.0,809.0,818.0,25600,92.10276220784799,88.6636610109281
2023/10/10,828.0,840.0,828.0,840.0,32600,90.37077762029597,87.94390909349246
2023/10/11,843.0,843.0,834.0,836.0,32100,89.27495444718907,87.47197285316902
2023/10/12,840.0,845.0,834.0,845.0,37300,89.53871714933086,87.79637588460642
2023/10/13,841.0,842.0,822.0,823.0,32800,88.33900943324164,86.63862955257764
2023/10/16,825.0,827.0,814.0,816.0,44300,88.25271899552412,86.26547146740326
2023/10/17,820.0,828.0,815.0,820.0,32000,88.4225238875192,86.54543407043988
2023/10/18,826.0,828.0,817.0,827.0,22000,89.27716613688936,87.10456683833355
2023/10/19,815.0,826.0,815.0,816.0,29700,86.99171045753914,84.75223716971139
2023/10/20,819.0,822.0,812.0,819.0,28000,88.73265713206746,86.06105988203934
2023/10/23,820.0,820.0,802.0,803.0,37800,90.04472537487956,87.22725638440967
2023/10/24,809.0,809.0,787.0,804.0,53300,89.05689051312292,86.40202347476325
2023/10/25,815.0,820.0,810.0,810.0,28300,89.26888699343888,86.58389646065682
2023/10/26,809.0,818.0,807.0,808.0,24100,91.27880127221198,87.51326879456374
2023/10/27,815.0,829.0,815.0,829.0,33000,90.62998339232226,87.28142117401829
2023/10/30,827.0,830.0,814.0,815.0,41300,90.53686147838621,87.11477655564948
2023/10/31,818.0,828.0,816.0,828.0,40500,91.91542064003745,88.14239006031482
2023/11/01,837.0,843.0,833.0,843.0,39000,95.96146632538769,92.05897270418869
2023/11/02,844.0,846.0,837.0,841.0,32100,92.98237951375089,90.08025375560558
2023/11/06,849.0,852.0,843.0,846.0,73400,92.46731678812898,90.02428318231185
2023/11/07,846.0,847.0,834.0,835.0,49300,92.22021092440957,89.59769145986412
2023/11/08,837.0,837.0,814.0,816.0,61100,90.95873607595298,89.24456774696723
2023/11/09,822.0,834.0,817.0,833.0,40000,91.06745656415451,89.83857213075416
2023/11/10,826.0,842.0,826.0,842.0,39900,94.8977307085836,92.55252672966394
2023/11/13,838.0,840.0,821.0,823.0,39100,91.8428530129388,89.63013261383573
2023/11/14,823.0,829.0,820.0,824.0,37200,91.96947111859205,89.97573949748214
2023/11/15,825.0,828.0,819.0,826.0,29000,89.81530349640914,88.85874238519021
2023/11/16,820.0,826.0,817.0,818.0,29800,88.54255546068865,87.96015239498217
2023/11/17,819.0,830.0,819.0,828.0,24600,89.21310252881008,88.34831774165617
2023/11/20,830.0,837.0,824.0,824.0,51200,87.63196186751999,87.04831665110184
2023/11/21,823.0,829.0,820.0,827.0,18200,86.92224056885844,86.87132246881244
2023/11/22,825.0,837.0,825.0,832.0,36700,86.61747328654508,86.65875891540668
2023/11/24,842.0,849.0,840.0,849.0,66300,86.76901170257652,87.06835497197571
2023/11/27,853.0,863.0,849.0,853.0,32400,88.99916259691172,88.9492708608557
2023/11/28,854.0,864.0,853.0,864.0,45600,91.40598603405924,91.36190005849272
2023/11/29,865.0,873.0,860.0,861.0,31800,91.48122044006483,91.52125024425106
2023/11/30,861.0,870.0,860.0,869.0,22200,93.6674669903018,92.94842481990842
2023/12/01,872.0,872.0,865.0,865.0,24200,94.07325392479639,92.85521674309737
2023/12/04,861.0,869.0,857.0,867.0,130800,95.88256618475135,94.4257591327788
2023/12/05,858.0,867.0,848.0,848.0,48600,96.84344096537491,94.75635835486685
2023/12/06,850.0,868.0,848.0,863.0,49500,95.3789594595127,94.03688441156567
2023/12/07,859.0,859.0,846.0,847.0,38900,94.77274682315281,92.91035110096021
2023/12/08,845.0,845.0,824.0,825.0,60100,93.62267038002106,91.48437872887854
2023/12/11,837.0,840.0,829.0,839.0,116200,92.27519690329498,90.19108792033552
2023/12/12,839.0,844.0,833.0,834.0,17900,92.67068446213243,90.94914956198917
2023/12/13,836.0,838.0,827.0,830.0,30900,91.11108952535197,89.46710796964315
2023/12/14,836.0,836.0,821.0,821.0,33000,90.79784131620049,89.96342001488249
2023/12/15,821.0,825.0,818.0,824.0,32200,90.52076250823224,90.65970683306993
2023/12/18,817.0,817.0,798.0,812.0,83900,88.13864391098434,88.55242292569915
2023/12/19,812.0,812.0,802.0,810.0,39300,86.26066095582765,88.06615809603134
2023/12/20,818.0,820.0,812.0,816.0,40700,86.05646158288447,88.50587504160616
2023/12/21,804.0,814.0,804.0,808.0,32200,86.28706794589411,88.49946200663135
2023/12/22,810.0,818.0,809.0,814.0,26300,86.42120273661376,88.7560236093578
2023/12/25,824.0,824.0,810.0,811.0,70900,85.86492351954537,88.01481532186767
2023/12/26,813.0,816.0,806.0,812.0,28600,85.85908818172139,88.30378891155915
2023/12/27,814.0,825.0,811.0,825.0,95600,85.45607454747504,88.18868824672737
2023/12/28,824.0,831.0,823.0,831.0,31400,84.95587062728848,87.62012828036544
2023/12/29,829.0,837.0,829.0,837.0,27500,86.79136910669418,88.97661009907127
2024/01/04,839.0,845.0,828.0,845.0,30900,90.78157619099856,91.94952102036484
2024/01/05,848.0,854.0,844.0,849.0,29100,90.75276702494854,91.39299122629293
2024/01/09,851.0,858.0,851.0,856.0,43300,90.65991786564726,91.14865240805136
2024/01/10,851.0,857.0,850.0,852.0,44500,88.88673261735308,90.03565308812922
2024/01/11,857.0,860.0,852.0,852.0,42100,86.88490053883275,88.48572908052502
2024/01/12,854.0,856.0,846.0,848.0,48500,84.81922840482483,88.14959859235226
2024/01/15,848.0,864.0,845.0,860.0,78100,84.1570044847576,87.42418681803721
2024/01/16,830.0,830.0,771.0,779.0,615600,77.67108610414776,80.43451944070264
2024/01/17,772.0,776.0,726.0,727.0,521200,73.59196239806171,75.53533280264905
2024/01/18,720.0,728.0,708.0,724.0,327500,73.03951280270157,75.40980964584986
2024/01/19,738.0,753.0,729.0,742.0,165500,73.43923904321362,76.35519325954897
2024/01/22,749.0,749.0,742.0,747.0,112600,72.74404567275813,75.53167542735027
2024/01/23,755.0,758.0,746.0,747.0,131500,72.90204699925688,75.68569480921306
2024/01/24,751.0,752.0,742.0,745.0,97900,73.35680011813889,75.96699618607724
2024/01/25,745.0,752.0,741.0,751.0,95900,74.03294502427597,76.60820585325334
2024/01/26,750.0,750.0,743.0,743.0,113100,74.19565162136298,76.89712710652068
2024/01/29,742.0,749.0,742.0,749.0,69000,74.07017183151403,76.23442547300435
2024/01/30,748.0,749.0,743.0,748.0,80800,73.41447712285273,75.7386489727473
2024/01/31,747.0,751.0,746.0,750.0,75200,73.40585968959844,75.30097788221755
2024/02/01,750.0,751.0,746.0,749.0,66700,75.09004542791192,76.52911683112994
2024/02/02,749.0,753.0,743.0,751.0,121400,75.27930239927791,76.76136742342304
2024/02/05,756.0,757.0,750.0,754.0,66800,74.78873900137357,76.0015984898564
2024/02/06,754.0,755.0,751.0,752.0,70800,74.38621003080169,75.8895063268953
2024/02/07,751.0,751.0,740.0,749.0,152300,73.96134453080813,75.29121283373196
2024/02/08,750.0,753.0,742.0,749.0,90700,72.31841428214518,74.86084419572505
2024/02/09,747.0,749.0,743.0,745.0,66000,72.18448340156029,74.76946448991265
2024/02/13,750.0,750.0,742.0,746.0,75900,70.2590983795637,73.73442139844806
2024/02/14,746.0,746.0,732.0,735.0,158200,69.62722501505321,73.4115732792508
2024/02/15,735.0,736.0,714.0,723.0,207300,67.53926152206053,71.84127584960991
2024/02/16,723.0,732.0,722.0,729.0,111200,67.24330610989952,71.38636416427723
2024/02/19,730.0,740.0,727.0,740.0,66300,68.51135612045121,72.52142298237358
2024/02/20,740.0,743.0,738.0,738.0,83000,68.1934808331596,72.25990174176164
2024/02/21,741.0,741.0,726.0,727.0,147500,67.14413441585219,71.26092436993576
2024/02/22,733.0,733.0,727.0,731.0,70400,66.40078151359766,70.67146523151536
2024/02/26,734.0,734.0,729.0,730.0,51500,64.67205275100541,68.96131455101558
2024/02/27,734.0,737.0,729.0,732.0,112600,65.38795112916671,69.57167558655765
2024/02/28,735.0,740.0,732.0,736.0,106200,66.0525677730694,70.29259480386133
2024/02/29,737.0,739.0,725.0,731.0,110600,65.46434633508451,69.503761494956
2024/03/01,734.0,734.0,726.0,730.0,94700,63.931813512644695,68.1001246760377
2024/03/04,735.0,735.0,717.0,722.0,177000,63.064997293380706,67.40804156977639
2024/03/05,718.0,721.0,698.0,713.0,207800,62.14594407711744,66.18138456994613
2024/03/06,713.0,719.0,710.0,718.0,75500,62.81345109960991,66.50349904640997
2024/03/07,720.0,720.0,714.0,717.0,65000,62.97319218150375,66.37164241212658
2024/03/08,714.0,728.0,714.0,725.0,114600,64.02333904653113,67.26716192450523
2024/03/11,725.0,726.0,708.0,715.0,188900,64.40081399742506,67.39730957182417
2024/03/12,711.0,726.0,702.0,726.0,137400,67.1137736506243,70.105235049378
2024/03/13,730.0,730.0,716.0,722.0,139200,66.32572989663015,69.75726920618575
2024/03/14,723.0,728.0,721.0,727.0,61600,67.10936570566433,70.173631180333
2024/03/15,724.0,730.0,721.0,728.0,73100,66.24800711976467,68.8265224983752
2024/03/18,728.0,735.0,727.0,731.0,98900,69.12808669430846,72.26224672783943
2024/03/19,729.0,731.0,723.0,731.0,155900,68.75440083680168,71.45184953690827
2024/03/21,731.0,731.0,726.0,730.0,172700,68.20691699697974,71.06995148445014
2024/03/22,731.0,731.0,725.0,728.0,121500,68.19328508422485,70.76841742655317
2024/03/25,728.0,729.0,725.0,727.0,161200,69.12935445763597,71.81513752732508
2024/03/26,729.0,735.0,725.0,733.0,135500,69.63786430627334,72.30137509970749
2024/03/27,734.0,742.0,728.0,732.0,245100,68.40508474285215,71.28547340744782
2024/03/28,715.0,723.0,706.0,715.0,286100,68.11872344165802,71.00707416977929
2024/03/29,715.0,720.0,708.0,714.0,101200,67.3858334100166,70.20150008809932
2024/04/01,716.0,716.0,700.0,701.0,144500,65.58007722476219,68.66110261349601
2024/04/02,698.0,698.0,670.0,670.0,361700,61.54335955037683,64.5888897464739
2024/04/03,664.0,674.0,658.0,671.0,106700,61.59505148100373,64.04102977635415
2024/04/04,675.0,675.0,666.0,666.0,87700,60.850309554447755,63.24283622673102
2024/04/05,662.0,665.0,657.0,662.0,96800,60.91271837781467,62.76787553401878
2024/04/08,666.0,667.0,662.0,664.0,71400,59.4810134720817,61.3564353873149
2024/04/09,666.0,675.0,663.0,675.0,60100,59.38529835920201,61.162436655877706
2024/04/10,676.0,681.0,673.0,677.0,74200,59.89044102219213,61.766330930537215
2024/04/11,675.0,683.0,670.0,682.0,62500,60.47954939721292,61.9276681601452
2024/04/12,681.0,681.0,672.0,673.0,61200,60.1216547603887,61.00496523288067
2024/04/15,670.0,675.0,667.0,673.0,56300,59.00397285804224,59.76818859493188
2024/04/16,672.0,672.0,647.0,647.0,212900,58.56351949517874,59.487454266391936
2024/04/17,646.0,651.0,640.0,644.0,92100,58.61076719813663,59.58966720696252
2024/04/18,646.0,657.0,644.0,654.0,84100,59.87586140164082,60.61180884469978
2024/04/19,651.0,653.0,636.0,638.0,117000,59.447906347989296,59.77846326405844
2024/04/22,644.0,650.0,643.0,647.0,70000,59.17873962984783,59.29229017457689
2024/04/23,647.0,650.0,644.0,648.0,43100,58.445902049010215,58.73653526741337
