date,open,high,low,close,volume,rs_nikkei,rs_topix
2014/03/26,532.5,532.5,527.5,532.5,57000,-1.0,-1.0
2014/03/27,535.0,535.0,525.0,530.0,37000,-1.0,-1.0
2014/03/28,535.0,535.0,510.0,532.5,126000,-1.0,-1.0
2014/03/31,537.5,542.5,530.0,540.0,49000,-1.0,-1.0
2014/04/01,537.5,540.0,522.5,540.0,59000,-1.0,-1.0
2014/04/02,542.5,547.5,535.0,535.0,68000,-1.0,-1.0
2014/04/03,535.0,540.0,530.0,540.0,40000,-1.0,-1.0
2014/04/04,540.0,540.0,532.5,535.0,30000,-1.0,-1.0
2014/04/07,535.0,535.0,525.0,525.0,28000,-1.0,-1.0
2014/04/08,525.0,527.5,525.0,525.0,44000,-1.0,-1.0
2014/04/09,532.5,532.5,510.0,512.5,63000,-1.0,-1.0
2014/04/10,515.0,522.5,502.5,510.0,66000,-1.0,-1.0
2014/04/11,502.5,502.5,460.0,500.0,58000,-1.0,-1.0
2014/04/14,502.5,502.5,495.0,500.0,45000,-1.0,-1.0
2014/04/15,510.0,510.0,500.0,500.0,32000,-1.0,-1.0
2014/04/16,512.5,512.5,510.0,512.5,32000,-1.0,-1.0
2014/04/17,512.5,515.0,510.0,510.0,45000,-1.0,-1.0
2014/04/18,520.0,522.5,515.0,517.5,35000,-1.0,-1.0
2014/04/21,517.5,520.0,512.5,515.0,25000,-1.0,-1.0
2014/04/22,515.0,520.0,510.0,510.0,19000,-1.0,-1.0
2014/04/23,510.0,512.5,507.5,510.0,15000,-1.0,-1.0
2014/04/24,507.5,512.5,507.5,512.5,11000,-1.0,-1.0
2014/04/25,505.0,517.5,505.0,512.5,54000,-1.0,-1.0
2014/04/28,510.0,510.0,502.5,510.0,32000,-1.0,-1.0
2014/04/30,505.0,507.5,502.5,502.5,41000,-1.0,-1.0
2014/05/01,502.5,510.0,462.5,502.5,94000,-1.0,-1.0
2014/05/02,502.5,510.0,502.5,510.0,21000,-1.0,-1.0
2014/05/07,502.5,505.0,500.0,500.0,51000,-1.0,-1.0
2014/05/08,502.5,505.0,495.0,495.0,25000,-1.0,-1.0
2014/05/09,500.0,512.5,495.0,497.5,44000,-1.0,-1.0
2014/05/12,492.5,505.0,490.0,497.5,21000,-1.0,-1.0
2014/05/13,500.0,507.5,500.0,507.5,37000,-1.0,-1.0
2014/05/14,,,,,0,-1.0,-1.0
2014/05/15,507.5,510.0,500.0,507.5,16000,-1.0,-1.0
2014/05/16,515.0,515.0,500.0,500.0,29000,-1.0,-1.0
2014/05/19,500.0,500.0,472.5,480.0,60000,-1.0,-1.0
2014/05/20,480.0,482.5,472.5,472.5,27000,-1.0,-1.0
2014/05/21,467.5,480.0,465.0,472.5,50000,-1.0,-1.0
2014/05/22,472.5,482.5,470.0,470.0,77000,-1.0,-1.0
2014/05/23,477.5,490.0,475.0,482.5,76000,-1.0,-1.0
2014/05/26,485.0,495.0,480.0,490.0,23000,-1.0,-1.0
2014/05/27,497.5,497.5,492.5,497.5,31000,-1.0,-1.0
2014/05/28,505.0,507.5,495.0,500.0,51000,-1.0,-1.0
2014/05/29,495.0,505.0,495.0,495.0,21000,-1.0,-1.0
2014/05/30,495.0,502.5,495.0,495.0,58000,-1.0,-1.0
2014/06/02,495.0,507.5,495.0,507.5,50000,-1.0,-1.0
2014/06/03,505.0,507.5,500.0,500.0,51000,-1.0,-1.0
2014/06/04,500.0,505.0,500.0,500.0,39000,-1.0,-1.0
2014/06/05,500.0,502.5,495.0,502.5,44000,-1.0,-1.0
2014/06/06,502.5,505.0,497.5,502.5,53000,-1.0,-1.0
2014/06/09,502.5,502.5,497.5,500.0,23000,-1.0,-1.0
2014/06/10,500.0,502.5,497.5,497.5,50000,-1.0,-1.0
2014/06/11,495.0,502.5,492.5,497.5,61000,-1.0,-1.0
2014/06/12,497.5,497.5,492.5,495.0,28000,-1.0,-1.0
2014/06/13,500.0,507.5,497.5,500.0,120000,-1.0,-1.0
2014/06/16,500.0,502.5,495.0,497.5,82000,-1.0,-1.0
2014/06/17,502.5,512.5,500.0,507.5,142000,-1.0,-1.0
2014/06/18,505.0,507.5,502.5,502.5,32000,-1.0,-1.0
2014/06/19,505.0,517.5,505.0,515.0,245000,-1.0,-1.0
2014/06/20,515.0,547.5,512.5,532.5,463000,-1.0,-1.0
2014/06/23,540.0,545.0,535.0,542.5,182000,-1.0,-1.0
2014/06/24,542.5,545.0,520.0,540.0,147000,-1.0,-1.0
2014/06/25,540.0,540.0,530.0,535.0,44000,-1.0,-1.0
2014/06/26,537.5,540.0,537.5,537.5,48000,-1.0,-1.0
2014/06/27,535.0,540.0,522.5,530.0,78000,-1.0,-1.0
2014/06/30,530.0,535.0,525.0,532.5,39000,-1.0,-1.0
2014/07/01,530.0,537.5,530.0,532.5,45000,-1.0,-1.0
2014/07/02,537.5,545.0,537.5,545.0,141000,-1.0,-1.0
2014/07/03,542.5,545.0,537.5,540.0,125000,-1.0,-1.0
2014/07/04,545.0,545.0,540.0,542.5,33000,-1.0,-1.0
2014/07/07,545.0,545.0,542.5,545.0,35000,-1.0,-1.0
2014/07/08,547.5,575.0,545.0,572.5,218000,-1.0,-1.0
2014/07/09,552.5,562.5,545.0,547.5,117000,-1.0,-1.0
2014/07/10,550.0,550.0,535.0,535.0,61000,-1.0,-1.0
2014/07/11,535.0,535.0,530.0,532.5,46000,-1.0,-1.0
2014/07/14,530.0,537.5,530.0,537.5,72000,-1.0,-1.0
2014/07/15,545.0,545.0,540.0,542.5,34000,-1.0,-1.0
2014/07/16,542.5,545.0,532.5,532.5,71000,-1.0,-1.0
2014/07/17,537.5,537.5,532.5,532.5,39000,-1.0,-1.0
2014/07/18,530.0,535.0,525.0,535.0,51000,-1.0,-1.0
2014/07/22,530.0,547.5,530.0,542.5,71000,-1.0,-1.0
2014/07/23,547.5,547.5,537.5,537.5,49000,-1.0,-1.0
2014/07/24,540.0,545.0,537.5,537.5,29000,-1.0,-1.0
2014/07/25,537.5,542.5,535.0,537.5,43000,-1.0,-1.0
2014/07/28,542.5,545.0,540.0,542.5,34000,-1.0,-1.0
2014/07/29,545.0,572.5,545.0,560.0,129000,-1.0,-1.0
2014/07/30,557.5,585.0,550.0,577.5,243000,-1.0,-1.0
2014/07/31,585.0,585.0,565.0,565.0,94000,-1.0,-1.0
2014/08/01,552.5,562.5,547.5,555.0,69000,-1.0,-1.0
2014/08/04,547.5,557.5,547.5,555.0,29000,-1.0,-1.0
2014/08/05,550.0,555.0,542.5,542.5,53000,-1.0,-1.0
2014/08/06,545.0,545.0,537.5,537.5,37000,-1.0,-1.0
2014/08/07,535.0,535.0,532.5,535.0,36000,-1.0,-1.0
2014/08/08,530.0,532.5,522.5,522.5,49000,-1.0,-1.0
2014/08/11,535.0,535.0,510.0,522.5,110000,-1.0,-1.0
2014/08/12,522.5,537.5,522.5,530.0,62000,-1.0,-1.0
2014/08/13,530.0,537.5,530.0,530.0,52000,-1.0,-1.0
2014/08/14,530.0,562.5,530.0,557.5,230000,-1.0,-1.0
2014/08/15,555.0,557.5,550.0,552.5,71000,-1.0,-1.0
2014/08/18,552.5,565.0,550.0,555.0,256000,-1.0,-1.0
2014/08/19,560.0,565.0,555.0,560.0,136000,-1.0,-1.0
2014/08/20,567.5,567.5,557.5,560.0,68000,-1.0,-1.0
2014/08/21,565.0,565.0,547.5,550.0,164000,-1.0,-1.0
2014/08/22,557.5,557.5,547.5,550.0,67000,-1.0,-1.0
2014/08/25,547.5,550.0,545.0,550.0,32000,-1.0,-1.0
2014/08/26,550.0,552.5,547.5,547.5,40000,-1.0,-1.0
2014/08/27,547.5,577.5,547.5,577.5,411000,-1.0,-1.0
2014/08/28,587.5,595.0,575.0,577.5,361000,-1.0,-1.0
2014/08/29,577.5,587.5,572.5,587.5,167000,-1.0,-1.0
2014/09/01,592.5,597.5,580.0,597.5,129000,-1.0,-1.0
2014/09/02,597.5,597.5,582.5,585.0,89000,-1.0,-1.0
2014/09/03,590.0,590.0,572.5,585.0,93000,-1.0,-1.0
2014/09/04,577.5,582.5,575.0,577.5,71000,-1.0,-1.0
2014/09/05,582.5,582.5,572.5,577.5,39000,-1.0,-1.0
2014/09/08,585.0,595.0,580.0,595.0,122000,-1.0,-1.0
2014/09/09,590.0,590.0,575.0,580.0,81000,-1.0,-1.0
2014/09/10,575.0,577.5,560.0,570.0,160000,-1.0,-1.0
2014/09/11,570.0,610.0,570.0,610.0,272000,-1.0,-1.0
2014/09/12,617.5,642.5,610.0,627.5,929000,-1.0,-1.0
2014/09/16,667.5,680.0,645.0,662.5,1330000,-1.0,-1.0
2014/09/17,652.5,657.5,645.0,647.5,409000,-1.0,-1.0
2014/09/18,647.5,662.5,637.5,645.0,278000,-1.0,-1.0
2014/09/19,647.5,655.0,645.0,647.5,236000,-1.0,-1.0
2014/09/22,645.0,652.5,637.5,650.0,128000,-1.0,-1.0
2014/09/24,637.5,670.0,637.5,665.0,283000,-1.0,-1.0
2014/09/25,670.0,680.0,665.0,672.5,409000,-1.0,-1.0
2014/09/26,675.0,685.0,667.5,682.5,230000,-1.0,-1.0
2014/09/29,682.5,707.5,675.0,680.0,594000,-1.0,-1.0
2014/09/30,677.5,677.5,642.5,667.5,332000,-1.0,-1.0
2014/10/01,670.0,677.5,655.0,657.5,148000,-1.0,-1.0
2014/10/02,645.0,657.5,637.5,637.5,237000,-1.0,-1.0
2014/10/03,637.5,652.5,637.5,647.5,98000,-1.0,-1.0
2014/10/06,662.5,667.5,657.5,660.0,120000,-1.0,-1.0
2014/10/07,652.5,657.5,640.0,640.0,77000,-1.0,-1.0
2014/10/08,620.0,650.0,617.5,635.0,111000,-1.0,-1.0
2014/10/09,645.0,647.5,622.5,622.5,68000,-1.0,-1.0
2014/10/10,610.0,610.0,592.5,602.5,144000,-1.0,-1.0
2014/10/14,595.0,687.5,587.5,590.0,1558000,-1.0,-1.0
2014/10/15,592.5,622.5,592.5,615.0,239000,-1.0,-1.0
2014/10/16,605.0,607.5,587.5,587.5,138000,-1.0,-1.0
2014/10/17,600.0,600.0,580.0,582.5,128000,-1.0,-1.0
2014/10/20,602.5,610.0,600.0,607.5,75000,-1.0,-1.0
2014/10/21,607.5,607.5,592.5,597.5,63000,-1.0,-1.0
2014/10/22,607.5,612.5,605.0,610.0,53000,-1.0,-1.0
2014/10/23,612.5,612.5,595.0,602.5,69000,-1.0,-1.0
2014/10/24,615.0,617.5,607.5,607.5,63000,-1.0,-1.0
2014/10/27,615.0,620.0,605.0,615.0,79000,-1.0,-1.0
2014/10/28,615.0,615.0,605.0,607.5,34000,-1.0,-1.0
2014/10/29,605.0,617.5,602.5,602.5,47000,-1.0,-1.0
2014/10/30,605.0,625.0,600.0,625.0,189000,-1.0,-1.0
2014/10/31,617.5,627.5,612.5,622.5,119000,-1.0,-1.0
2014/11/04,642.5,642.5,602.5,617.5,181000,-1.0,-1.0
2014/11/05,625.0,625.0,620.0,622.5,60000,-1.0,-1.0
2014/11/06,625.0,625.0,615.0,617.5,107000,-1.0,-1.0
2014/11/07,615.0,635.0,615.0,627.5,112000,-1.0,-1.0
2014/11/10,607.5,607.5,582.5,582.5,357000,-1.0,-1.0
2014/11/11,577.5,582.5,560.0,567.5,296000,-1.0,-1.0
2014/11/12,562.5,570.0,560.0,560.0,175000,-1.0,-1.0
2014/11/13,557.5,572.5,555.0,570.0,139000,-1.0,-1.0
2014/11/14,570.0,572.5,565.0,570.0,76000,-1.0,-1.0
2014/11/17,562.5,562.5,555.0,555.0,101000,-1.0,-1.0
2014/11/18,555.0,562.5,555.0,562.5,82000,-1.0,-1.0
2014/11/19,567.5,567.5,560.0,562.5,106000,-1.0,-1.0
2014/11/20,565.0,565.0,557.5,557.5,88000,-1.0,-1.0
2014/11/21,557.5,562.5,552.5,560.0,91000,-1.0,-1.0
2014/11/25,562.5,567.5,560.0,560.0,56000,-1.0,-1.0
2014/11/26,560.0,565.0,560.0,565.0,53000,-1.0,-1.0
2014/11/27,567.5,570.0,562.5,562.5,85000,-1.0,-1.0
2014/11/28,562.5,572.5,562.5,570.0,74000,-1.0,-1.0
2014/12/01,570.0,570.0,567.5,567.5,74000,-1.0,-1.0
2014/12/02,567.5,572.5,567.5,567.5,60000,-1.0,-1.0
2014/12/03,570.0,590.0,567.5,582.5,207000,-1.0,-1.0
2014/12/04,582.5,590.0,580.0,585.0,91000,-1.0,-1.0
2014/12/05,582.5,587.5,580.0,587.5,59000,-1.0,-1.0
2014/12/08,590.0,595.0,587.5,590.0,73000,-1.0,-1.0
2014/12/09,587.5,587.5,577.5,577.5,72000,-1.0,-1.0
2014/12/10,575.0,575.0,567.5,567.5,53000,-1.0,-1.0
2014/12/11,565.0,575.0,565.0,570.0,58000,-1.0,-1.0
2014/12/12,570.0,575.0,567.5,570.0,66000,-1.0,-1.0
2014/12/15,567.5,567.5,560.0,560.0,37000,-1.0,-1.0
2014/12/16,560.0,560.0,547.5,550.0,88000,-1.0,-1.0
2014/12/17,545.0,555.0,545.0,550.0,62000,-1.0,-1.0
2014/12/18,557.5,565.0,552.5,555.0,186000,-1.0,-1.0
2014/12/19,562.5,565.0,557.5,565.0,51000,-1.0,-1.0
2014/12/22,552.5,560.0,552.5,557.5,136000,-1.0,-1.0
2014/12/24,562.5,562.5,547.5,547.5,91000,-1.0,-1.0
2014/12/25,545.0,552.5,542.5,547.5,112000,-1.0,-1.0
2014/12/26,552.5,557.5,550.0,555.0,47000,-1.0,-1.0
2014/12/29,557.5,557.5,552.5,555.0,39000,-1.0,-1.0
2014/12/30,557.5,557.5,555.0,557.5,27000,-1.0,-1.0
2015/01/05,557.5,562.5,552.5,560.0,56000,-1.0,-1.0
2015/01/06,552.5,557.5,550.0,550.0,46000,-1.0,-1.0
2015/01/07,550.0,552.5,547.5,550.0,33000,-1.0,-1.0
2015/01/08,552.5,555.0,550.0,550.0,40000,-1.0,-1.0
2015/01/09,552.5,552.5,550.0,550.0,51000,-1.0,-1.0
2015/01/13,550.0,552.5,547.5,547.5,34000,-1.0,-1.0
2015/01/14,545.0,547.5,542.5,542.5,22000,-1.0,-1.0
2015/01/15,545.0,547.5,542.5,545.0,34000,-1.0,-1.0
2015/01/16,542.5,542.5,535.0,537.5,41000,-1.0,-1.0
2015/01/19,537.5,537.5,532.5,535.0,65000,-1.0,-1.0
2015/01/20,540.0,542.5,537.5,542.5,30000,-1.0,-1.0
2015/01/21,547.5,547.5,542.5,542.5,18000,-1.0,-1.0
2015/01/22,547.5,547.5,542.5,547.5,27000,-1.0,-1.0
2015/01/23,545.0,547.5,545.0,545.0,11000,-1.0,-1.0
2015/01/26,545.0,550.0,542.5,550.0,16000,-1.0,-1.0
2015/01/27,557.5,560.0,552.5,552.5,35000,-1.0,-1.0
2015/01/28,555.0,555.0,552.5,555.0,43000,-1.0,-1.0
2015/01/29,555.0,557.5,552.5,555.0,23000,-1.0,-1.0
2015/01/30,557.5,557.5,545.0,552.5,22000,-1.0,-1.0
2015/02/02,552.5,570.0,550.0,565.0,125000,-1.0,-1.0
2015/02/03,567.5,567.5,557.5,557.5,61000,-1.0,-1.0
2015/02/04,555.0,562.5,555.0,562.5,32000,-1.0,-1.0
2015/02/05,562.5,562.5,550.0,557.5,21000,-1.0,-1.0
2015/02/06,562.5,562.5,550.0,550.0,27000,-1.0,-1.0
2015/02/09,552.5,557.5,550.0,557.5,16000,-1.0,-1.0
2015/02/10,552.5,560.0,552.5,560.0,16000,-1.0,-1.0
2015/02/12,550.0,560.0,547.5,560.0,37000,-1.0,-1.0
2015/02/13,560.0,560.0,555.0,555.0,25000,-1.0,-1.0
2015/02/16,555.0,557.5,552.5,555.0,36000,-1.0,-1.0
2015/02/17,552.5,562.5,552.5,557.5,41000,-1.0,-1.0
2015/02/18,557.5,565.0,552.5,562.5,62000,-1.0,-1.0
2015/02/19,562.5,570.0,560.0,570.0,43000,-1.0,-1.0
2015/02/20,572.5,575.0,565.0,567.5,48000,-1.0,-1.0
2015/02/23,565.0,572.5,557.5,557.5,61000,-1.0,-1.0
2015/02/24,560.0,562.5,557.5,560.0,19000,-1.0,-1.0
2015/02/25,560.0,577.5,557.5,570.0,138000,-1.0,-1.0
2015/02/26,570.0,575.0,565.0,567.5,81000,-1.0,-1.0
2015/02/27,572.5,572.5,560.0,562.5,30000,-1.0,-1.0
2015/03/02,562.5,567.5,562.5,565.0,37000,-1.0,-1.0
2015/03/03,570.0,570.0,560.0,562.5,26000,-1.0,-1.0
2015/03/04,567.5,567.5,560.0,562.5,38000,-1.0,-1.0
2015/03/05,562.5,562.5,562.5,562.5,7000,-1.0,-1.0
2015/03/06,560.0,562.5,560.0,560.0,16000,-1.0,-1.0
2015/03/09,560.0,565.0,560.0,565.0,24000,-1.0,-1.0
2015/03/10,567.5,567.5,560.0,560.0,46000,-1.0,-1.0
2015/03/11,560.0,562.5,560.0,560.0,11000,-1.0,-1.0
2015/03/12,565.0,570.0,565.0,567.5,57000,-1.0,-1.0
2015/03/13,567.5,570.0,565.0,570.0,80000,-1.0,-1.0
2015/03/16,567.5,570.0,565.0,565.0,69000,-1.0,-1.0
2015/03/17,570.0,575.0,567.5,572.5,63000,-1.0,-1.0
2015/03/18,575.0,575.0,570.0,570.0,39000,-1.0,-1.0
2015/03/19,562.5,567.5,560.0,567.5,101000,-1.0,-1.0
2015/03/20,562.5,567.5,560.0,565.0,47000,-1.0,-1.0
2015/03/23,572.5,572.5,567.5,570.0,25000,-1.0,-1.0
2015/03/24,577.5,587.5,575.0,580.0,312000,-1.0,-1.0
2015/03/25,585.0,585.0,572.5,577.5,171000,-1.0,-1.0
2015/03/26,577.5,577.5,570.0,570.0,59000,-1.0,-1.0
2015/03/27,555.0,567.5,555.0,555.0,107000,-1.0,-1.0
2015/03/30,555.0,562.5,555.0,555.0,25000,-1.0,-1.0
2015/03/31,557.5,562.5,557.5,560.0,75000,-1.0,-1.0
2015/04/01,547.5,550.0,530.0,542.5,123000,-1.0,-1.0
2015/04/02,542.5,555.0,542.5,545.0,68000,-1.0,-1.0
2015/04/03,545.0,550.0,540.0,545.0,64000,77.62072980702648,77.94668327546405
2015/04/06,545.0,550.0,545.0,545.0,17000,-1.0,-1.0
2015/04/07,545.0,555.0,537.5,555.0,80000,-1.0,-1.0
2015/04/08,557.5,562.5,552.5,552.5,47000,-1.0,-1.0
2015/04/09,557.5,557.5,552.5,555.0,31000,-1.0,-1.0
2015/04/10,562.5,562.5,545.0,555.0,68000,-1.0,-1.0
2015/04/13,555.0,555.0,552.5,552.5,15000,-1.0,-1.0
2015/04/14,552.5,562.5,552.5,560.0,29000,-1.0,-1.0
2015/04/15,562.5,567.5,562.5,565.0,51000,-1.0,-1.0
2015/04/16,562.5,567.5,555.0,557.5,67000,-1.0,-1.0
2015/04/17,557.5,557.5,550.0,555.0,46000,-1.0,-1.0
2015/04/20,550.0,555.0,547.5,550.0,54000,-1.0,-1.0
2015/04/21,555.0,555.0,545.0,547.5,117000,-1.0,-1.0
2015/04/22,552.5,552.5,545.0,547.5,61000,-1.0,-1.0
2015/04/23,547.5,555.0,547.5,550.0,58000,-1.0,-1.0
2015/04/24,550.0,552.5,545.0,545.0,86000,-1.0,-1.0
2015/04/27,547.5,550.0,545.0,550.0,44000,-1.0,-1.0
2015/04/28,550.0,550.0,545.0,545.0,42000,-1.0,-1.0
2015/04/30,545.0,550.0,545.0,545.0,33000,-1.0,-1.0
2015/05/01,545.0,550.0,542.5,542.5,48000,-1.0,-1.0
2015/05/07,540.0,542.5,535.0,537.5,88000,-1.0,-1.0
2015/05/08,537.5,545.0,537.5,542.5,30000,-1.0,-1.0
2015/05/11,542.5,542.5,537.5,542.5,71000,-1.0,-1.0
2015/05/12,547.5,552.5,545.0,550.0,67000,-1.0,-1.0
2015/05/13,670.0,675.0,632.5,652.5,3029000,-1.0,-1.0
2015/05/14,660.0,750.0,652.5,740.0,4223000,106.53227286856244,107.95529560287238
2015/05/15,760.0,787.5,717.5,745.0,4965000,106.44100873058828,107.46086453323085
2015/05/18,752.5,762.5,732.5,755.0,1750000,110.7625131115198,111.20727569580235
2015/05/19,775.0,910.0,775.0,852.5,14761000,126.80787929609718,127.40634358923424
2015/05/20,850.0,927.5,845.0,897.5,12372000,132.0655264085729,132.92482097703027
2015/05/21,937.5,947.5,887.5,910.0,6963000,137.40820940239487,137.48125313309157
2015/05/22,907.5,912.5,877.5,895.0,2583000,132.3808655033637,132.8776560948236
2015/05/25,892.5,980.0,885.0,955.0,7202000,139.41576430707227,140.33851240523404
2015/05/26,940.0,950.0,897.5,910.0,2318000,130.99622869454072,131.72269634657158
2015/05/27,912.5,940.0,882.5,922.5,2390000,132.2153961542707,133.0634882895033
2015/05/28,910.0,927.5,895.0,902.5,1214000,130.2495611730088,130.86865933299364
2015/05/29,900.0,962.5,900.0,937.5,2705000,134.76943420191424,135.95421547352998
2015/06/01,927.5,950.0,925.0,937.5,1059000,134.13300726584498,134.31529453113265
2015/06/02,932.5,955.0,920.0,922.5,1265000,135.02377795269368,135.39212822764185
2015/06/03,917.5,927.5,907.5,922.5,691000,135.7871034326796,136.32643009838384
2015/06/04,920.0,925.0,907.5,925.0,783000,135.48314555169082,135.56693053500186
2015/06/05,910.0,922.5,895.0,912.5,977000,133.81164886046815,134.48111320355292
2015/06/08,902.5,910.0,897.5,902.5,675000,133.44364499718685,134.10296692519225
2015/06/09,900.0,902.5,852.5,857.5,1711000,128.60729857094896,129.5827295093165
2015/06/10,852.5,867.5,850.0,852.5,562000,128.81428988308622,130.4011412707399
2015/06/11,860.0,870.0,840.0,850.0,810000,126.14512125672664,128.9013932444627
2015/06/12,850.0,860.0,842.5,847.5,542000,125.40176644576293,127.6751247366003
2015/06/15,832.5,832.5,800.0,815.0,840000,119.99133110069873,122.44186207807914
2015/06/16,812.5,845.0,812.5,822.5,564000,119.81178567599906,122.37251539975891
2015/06/17,822.5,857.5,817.5,855.0,797000,127.20251965339193,130.0985127615277
2015/06/18,855.0,860.0,825.0,830.0,556000,123.8409478494317,126.51076491277327
2015/06/19,835.0,835.0,812.5,825.0,374000,117.8770132074157,120.53466222562687
2015/06/22,815.0,825.0,810.0,822.5,368000,114.06694187249687,116.56263311556128
2015/06/23,822.5,842.5,822.5,827.5,399000,113.23075834921927,115.95435434838342
2015/06/24,837.5,837.5,827.5,835.0,425000,114.1810026526245,117.14085306987488
2015/06/25,830.0,850.0,817.5,842.5,468000,115.52022514857751,118.51943370782656
2015/06/26,840.0,842.5,825.0,830.0,285000,114.16578950042148,117.72314767456157
2015/06/29,800.0,812.5,792.5,807.5,491000,114.33291722884888,117.83374718921537
2015/06/30,802.5,822.5,802.5,820.0,119000,116.62988644436231,120.52523186222331
2015/07/01,830.0,845.0,825.0,832.5,265000,115.48827849257957,119.55566304826266
2015/07/02,842.5,845.0,832.5,835.0,130000,115.64382497980996,119.9509162186019
2015/07/03,825.0,832.5,820.0,832.5,200000,115.33339123451117,119.38095002858162
2015/07/06,812.5,822.5,805.0,810.0,287000,113.65045718837794,117.39317868200538
2015/07/07,815.0,822.5,815.0,817.5,95000,107.32009123295869,111.26309382870477
2015/07/08,812.5,812.5,785.0,787.5,404000,111.51617396458802,115.5080494427683
2015/07/09,752.5,787.5,742.5,785.0,503000,112.4472816096296,116.95020409264268
2015/07/10,780.0,787.5,755.0,760.0,202000,109.41738893168811,113.12840659462016
2015/07/13,762.5,775.0,760.0,770.0,147000,109.07832195191874,112.35412382047943
2015/07/14,780.0,792.5,780.0,790.0,137000,109.9749591545186,113.18413969941031
2015/07/15,805.0,807.5,795.0,800.0,246000,112.90953937209865,116.21495544167747
2015/07/16,805.0,805.0,795.0,805.0,135000,112.79445028803723,115.9068522755421
2015/07/17,815.0,820.0,810.0,817.5,126000,112.58662418714893,116.0808174554943
2015/07/21,822.5,825.0,815.0,820.0,155000,111.27396257943703,114.97682087226045
2015/07/22,815.0,832.5,812.5,822.5,151000,113.90034695804768,117.6203872639451
2015/07/23,820.0,827.5,817.5,822.5,160000,113.07664694741139,116.71598651428785
2015/07/24,820.0,820.0,792.5,792.5,203000,110.936444475873,114.09456590954376
2015/07/27,787.5,797.5,780.0,782.5,127000,110.07095448551003,113.25615890641159
2015/07/28,775.0,785.0,765.0,777.5,165000,106.66601487025187,109.9502919240557
2015/07/29,797.5,797.5,762.5,775.0,203000,103.4191906224535,106.13455156094429
2015/07/30,777.5,777.5,767.5,770.0,168000,103.73073795792078,106.68115509663363
2015/07/31,767.5,777.5,765.0,772.5,95000,104.96108350422924,107.46668199726939
2015/08/03,775.0,780.0,770.0,780.0,111000,105.83915477358256,108.07208510028501
2015/08/04,787.5,787.5,767.5,772.5,147000,106.31176371147812,108.39785630147966
2015/08/05,775.0,777.5,765.0,772.5,96000,105.69383813427518,107.95483554383536
2015/08/06,777.5,807.5,777.5,807.5,191000,111.25834330923465,113.46563240724205
2015/08/07,825.0,825.0,805.0,825.0,225000,112.59234657359491,115.49365436530967
2015/08/10,757.5,775.0,757.5,762.5,475000,106.1115520652428,108.07286734304155
2015/08/11,767.5,782.5,762.5,772.5,266000,106.64828484071329,108.6242296752788
2015/08/12,767.5,785.0,757.5,770.0,223000,108.3855746100026,110.0801780601975
2015/08/13,775.0,777.5,762.5,765.0,119000,102.0347198733651,104.52211886533458
2015/08/14,770.0,772.5,760.0,770.0,92000,104.0409793736258,106.39501360434711
2015/08/17,772.5,772.5,762.5,767.5,54000,102.75991312069435,105.08908006561771
2015/08/18,767.5,770.0,762.5,765.0,66000,102.68090929334865,104.58956293344892
2015/08/19,765.0,767.5,752.5,755.0,134000,103.03264346851601,104.6557391397791
2015/08/20,755.0,755.0,735.0,735.0,175000,103.96990099139288,106.2578123775379
2015/08/21,717.5,730.0,712.5,712.5,211000,103.57321667344183,105.9144714447289
2015/08/24,695.0,712.5,667.5,675.0,290000,103.349585393259,107.01746577718131
2015/08/25,662.5,732.5,650.0,680.0,685000,108.25979539331476,111.40153947238637
2015/08/26,665.0,732.5,665.0,732.5,393000,107.22381818778732,110.28342030593632
2015/08/27,750.0,750.0,735.0,745.0,138000,107.37275879115968,110.11723750775107
2015/08/28,747.5,765.0,747.5,762.5,159000,104.61336726917334,107.02296521445484
2015/08/31,650.0,670.0,642.5,650.0,2868000,89.1267380143167,90.81015513742253
2015/09/01,642.5,645.0,625.0,630.0,905000,92.88872001601322,94.49697456679357
2015/09/02,612.5,640.0,607.5,610.0,602000,90.6335406202775,92.57501843945151
2015/09/03,620.0,620.0,595.0,595.0,602000,88.82889299798204,90.55543434179111
2015/09/04,590.0,595.0,572.5,577.5,840000,88.06508034999696,89.524620464788
2015/09/07,570.0,605.0,555.0,602.5,2485000,89.04062195131802,90.96319384115856
2015/09/08,597.5,600.0,585.0,587.5,1872000,91.54030854121362,92.92130577425749
2015/09/09,590.0,595.0,587.5,592.5,897000,87.43513796795851,90.1154869600345
2015/09/10,587.5,597.5,580.0,592.5,463000,84.4432208132747,86.08349052506183
2015/09/11,592.5,597.5,585.0,585.0,344000,81.40575908673313,82.74004365586256
2015/09/14,585.0,587.5,575.0,577.5,506000,77.20295162028366,78.13637684912226
2015/09/15,577.5,590.0,577.5,585.0,2703000,77.94190106746956,79.16033709976138
2015/09/16,590.0,590.0,582.5,585.0,276000,78.99697657110323,80.06238014658511
2015/09/17,587.5,590.0,585.0,590.0,261000,79.73769444448757,80.80447731561435
2015/09/18,587.5,587.5,577.5,580.0,298000,80.90517647318596,81.58359929582197
2015/09/24,572.5,572.5,560.0,560.0,358000,77.59562662803478,78.57143322348384
2015/09/25,567.5,567.5,557.5,562.5,178000,74.80915388743527,75.50924735770076
2015/09/28,562.5,570.0,562.5,567.5,137000,77.1442542971495,77.57550478607888
2015/09/29,557.5,560.0,540.0,547.5,383000,78.35358965577835,79.08687933993185
2015/09/30,552.5,557.5,547.5,552.5,106000,77.71949252314651,78.4955197444555
2015/10/01,557.5,562.5,552.5,560.0,155000,77.63038779438149,77.94362959151533
2015/10/02,557.5,567.5,555.0,565.0,115000,77.3317982777095,77.45256260329771
2015/10/05,570.0,575.0,562.5,575.0,231000,76.88981670354858,77.15171552676348
2015/10/06,582.5,585.0,575.0,577.5,246000,78.31497875609666,78.92634184176468
2015/10/07,577.5,585.0,575.0,585.0,183000,78.41491983694898,78.65602109848324
2015/10/08,585.0,585.0,577.5,580.0,229000,79.4994787123945,79.2967902391257
2015/10/09,580.0,597.5,580.0,595.0,422000,81.94781251571672,81.02379667899174
2015/10/13,597.5,607.5,595.0,607.5,495000,84.34198719735619,83.1788656370939
2015/10/14,607.5,615.0,600.0,600.0,474000,82.19704416036949,81.1667147286841
2015/10/15,595.0,607.5,595.0,602.5,287000,83.5208188354348,82.24370802399656
2015/10/16,607.5,615.0,605.0,607.5,310000,82.8580176665855,81.53219887367278
2015/10/19,620.0,620.0,605.0,607.5,285000,83.3436562218889,81.90934938953018
2015/10/20,607.5,607.5,587.5,592.5,271000,80.62983394828679,79.72315414327761
2015/10/21,592.5,612.5,592.5,612.5,257000,82.2346528450667,81.31183671172987
2015/10/22,605.0,610.0,605.0,607.5,164000,82.79834107542287,81.84366481582423
2015/10/23,612.5,615.0,597.5,602.5,367000,80.56064381793878,79.60093704988392
2015/10/26,607.5,620.0,605.0,617.5,380000,81.54946911381644,80.7817047695619
2015/10/27,622.5,630.0,617.5,622.5,553000,83.65762812613856,83.13818070305527
2015/10/28,630.0,635.0,625.0,630.0,548000,86.03831293663484,85.87413417857628
2015/10/29,630.0,642.5,625.0,642.5,528000,85.00673911883933,84.97839196954331
2015/10/30,642.5,642.5,627.5,637.5,380000,88.0845999295533,87.65087303391445
2015/11/02,632.5,635.0,627.5,630.0,242000,92.08154231577996,91.44616237300312
2015/11/04,635.0,635.0,625.0,630.0,224000,90.56620492402351,90.12335704417994
2015/11/05,632.5,632.5,622.5,632.5,209000,89.97711648749477,89.33816302998875
2015/11/06,630.0,630.0,622.5,627.5,240000,87.6192799601361,87.21403948605467
2015/11/09,637.5,645.0,630.0,642.5,492000,94.22818104522104,94.29512607918286
2015/11/10,657.5,695.0,652.5,695.0,1755000,106.60922078405393,105.95779031271593
2015/11/11,700.0,715.0,685.0,715.0,1129000,111.50532170586783,110.20972393357718
2015/11/12,705.0,712.5,682.5,705.0,912000,109.21101728774356,107.84618646712816
2015/11/13,695.0,705.0,685.0,700.0,439000,109.6089468526755,108.44805271598884
2015/11/16,687.5,697.5,682.5,692.5,261000,109.20572990864935,108.46663001219407
2015/11/17,697.5,715.0,695.0,710.0,593000,111.51989495780603,111.00418844426503
2015/11/18,712.5,722.5,710.0,712.5,476000,111.45036756410876,111.49809122214323
2015/11/19,715.0,720.0,697.5,697.5,405000,108.99132762579111,109.26260394322253
2015/11/20,695.0,707.5,690.0,702.5,329000,109.53010307406628,109.56198328144238
2015/11/24,702.5,712.5,700.0,705.0,315000,109.98781011373924,110.46609440132069
2015/11/25,705.0,720.0,700.0,705.0,553000,109.28796232191725,110.04712546014046
2015/11/26,705.0,710.0,700.0,702.5,301000,108.00750686533236,108.48821985898252
2015/11/27,705.0,705.0,695.0,700.0,302000,107.83537393812084,108.62657914817457
2015/11/30,697.5,702.5,690.0,697.5,207000,109.48010160422746,110.57201817311308
2015/12/01,697.5,705.0,695.0,705.0,202000,109.64629330696036,110.72785329223633
2015/12/02,700.0,700.0,682.5,690.0,305000,105.27930126093983,105.701287060782
2015/12/03,687.5,692.5,685.0,687.5,177000,105.4232659312174,105.61922595436019
2015/12/04,680.0,685.0,675.0,677.5,171000,105.95366000801813,105.91570249587245
2015/12/07,682.5,685.0,677.5,680.0,142000,104.94175892023262,105.2477140653664
2015/12/08,685.0,692.5,680.0,692.5,428000,109.58329396885556,109.77444378794526
2015/12/09,690.0,700.0,682.5,685.0,230000,108.89462522756376,109.16262631165598
2015/12/10,682.5,682.5,657.5,660.0,318000,104.91271454189301,105.01673406419927
2015/12/11,670.0,670.0,660.0,665.0,151000,105.38917038645587,105.38331472530025
2015/12/14,645.0,645.0,627.5,642.5,336000,103.89276961331298,103.57416637525758
2015/12/15,645.0,645.0,612.5,625.0,324000,102.55434082719563,102.35402845465732
2015/12/16,635.0,635.0,617.5,627.5,263000,100.73424422286676,100.1168609481281
2015/12/17,637.5,637.5,632.5,637.5,282000,102.14296840310348,101.03521471123165
2015/12/18,635.0,635.0,625.0,625.0,188000,102.66447803233947,101.44447969196091
2015/12/21,622.5,622.5,605.0,620.0,281000,103.68023311609412,102.62418872642772
2015/12/22,620.0,620.0,605.0,612.5,188000,105.75648617266431,104.02446388120721
2015/12/24,612.5,617.5,595.0,605.0,231000,104.73336889786763,103.07850703314779
2015/12/25,595.0,597.5,575.0,587.5,344000,100.49737500233154,99.66378503633089
2015/12/28,587.5,622.5,587.5,615.0,256000,104.09693806059583,103.23487649771647
2015/12/29,607.5,622.5,600.0,622.5,148000,102.65068394897108,101.82872151126641
2015/12/30,625.0,635.0,622.5,622.5,163000,101.670385773076,100.65673442678928
2016/01/04,615.0,620.0,602.5,615.0,258000,103.61776999301455,101.92274163038444
2016/01/05,607.5,627.5,607.5,622.5,108000,103.99859262594366,102.38271826464884
2016/01/06,620.0,627.5,605.0,612.5,109000,103.36862580615364,101.71158265983755
2016/01/07,615.0,615.0,600.0,602.5,119000,105.84464375237206,103.51419562096953
2016/01/08,600.0,612.5,592.5,592.5,147000,104.68237864703048,102.75966488531792
2016/01/12,587.5,587.5,557.5,562.5,167000,101.95660155059387,100.74201931067638
2016/01/13,572.5,587.5,570.0,577.5,216000,100.92539933708599,100.24281514352265
2016/01/14,572.5,575.0,557.5,567.5,159000,103.32970327658384,101.91120899304987
2016/01/15,570.0,575.0,560.0,560.0,169000,102.46683890985308,101.30959193504398
2016/01/18,542.5,550.0,532.5,547.5,175000,102.6908569879215,101.19211013564127
2016/01/19,545.0,560.0,542.5,550.0,124000,103.27314046313047,101.90893863915808
2016/01/20,552.5,552.5,520.0,520.0,265000,100.89903969505787,99.54927525452963
2016/01/21,510.0,540.0,505.0,507.5,262000,100.28539760678343,98.95728222422684
2016/01/22,520.0,530.0,502.5,527.5,440000,99.94643463152381,98.83367489679154
2016/01/25,547.5,555.0,532.5,552.5,279000,102.55399837668666,101.1362020715546
2016/01/26,537.5,557.5,530.0,542.5,232000,104.41562167440554,102.96517261204482
2016/01/27,557.5,567.5,557.5,567.5,189000,106.01619402636288,104.38533628938438
2016/01/28,567.5,577.5,560.0,565.0,146000,105.1756111668267,103.37259607139649
2016/01/29,572.5,600.0,565.0,600.0,268000,109.56489894743027,107.30813450529342
2016/02/01,617.5,617.5,602.5,610.0,264000,106.10816633539952,103.98458486422956
2016/02/02,597.5,607.5,597.5,600.0,137000,105.10818199842885,103.2021378798073
2016/02/03,585.0,585.0,560.0,567.5,190000,103.74978175266787,101.6586825826871
2016/02/04,567.5,572.5,557.5,557.5,147000,102.69656949050676,101.53368711342785
2016/02/05,550.0,555.0,537.5,545.0,178000,103.97434830997105,102.58124389471288
2016/02/08,535.0,567.5,535.0,565.0,164000,105.56275227561113,104.61307346036735
2016/02/09,537.5,542.5,525.0,527.5,172000,103.37419496851088,103.10743830165686
2016/02/10,527.5,530.0,495.0,505.0,248000,103.18495654252283,103.32652387653138
2016/02/12,470.0,485.0,460.0,465.0,343000,100.37371944303241,101.51013185921398
2016/02/15,497.5,545.0,495.0,525.0,526000,106.29710813857183,106.83406915888753
2016/02/16,522.5,550.0,520.0,530.0,310000,106.51162600890744,107.16570844919828
2016/02/17,530.0,552.5,530.0,542.5,216000,110.83410834307853,111.50599223677821
2016/02/18,560.0,577.5,555.0,567.5,345000,112.27329640379442,113.51230090555846
2016/02/19,560.0,562.5,550.0,557.5,174000,112.78932883317437,114.09425980092823
2016/02/22,547.5,562.5,547.5,557.5,132000,114.6226968447119,115.60230769230759
2016/02/23,567.5,570.0,557.5,557.5,90000,115.37734276930331,116.2934863064396
2016/02/24,545.0,557.5,540.0,550.0,145000,112.6748199071375,113.24928593583469
2016/02/25,552.5,582.5,552.5,572.5,284000,117.41576427932698,117.40267007102618
2016/02/26,570.0,582.5,562.5,565.0,107000,116.63583020197763,116.72826089719635
2016/02/29,570.0,572.5,515.0,542.5,317000,112.79345913428782,112.8205190272132
2016/03/01,537.5,542.5,535.0,542.5,175000,112.8107006450732,113.20024223850236
2016/03/02,562.5,570.0,560.0,567.5,147000,112.67905462451805,113.40272621967324
2016/03/03,570.0,592.5,570.0,585.0,283000,114.98661333383637,115.74951973996552
2016/03/04,582.5,607.5,577.5,605.0,415000,120.45677556302716,121.03519104228013
2016/03/07,617.5,620.0,595.0,615.0,379000,120.94520434225953,122.42558060803898
2016/03/08,610.0,610.0,595.0,607.5,249000,120.6466682037806,122.73183400218777
2016/03/09,592.5,602.5,590.0,595.0,154000,119.53792166900993,121.66838358364656
2016/03/10,602.5,610.0,600.0,600.0,128000,119.14484690817307,120.93180030832487
2016/03/11,600.0,610.0,592.5,610.0,186000,121.64580895063533,122.8428068523425
2016/03/14,612.5,617.5,607.5,615.0,165000,121.5594467277432,122.91059025801533
2016/03/15,617.5,617.5,607.5,612.5,151000,121.48716847055138,122.45854889233287
2016/03/16,672.5,672.5,630.0,647.5,1518000,130.7956576429393,132.12929328097906
2016/03/17,647.5,650.0,637.5,642.5,397000,130.19638620328757,131.28081033384342
2016/03/18,635.0,642.5,630.0,632.5,252000,130.92561555245075,131.54395681576452
2016/03/22,635.0,645.0,627.5,635.0,236000,126.59627287546638,126.87782058836635
2016/03/23,640.0,645.0,632.5,640.0,208000,128.7174894155197,129.32894403646486
2016/03/24,640.0,640.0,612.5,630.0,297000,127.39930831890773,128.00429255419792
2016/03/25,632.5,632.5,612.5,622.5,172000,127.22165293611067,127.49398789368051
2016/03/28,630.0,630.0,615.0,620.0,181000,126.5573651509055,125.93346105087618
2016/03/29,605.0,605.0,502.5,600.0,494000,120.3197109435469,120.0153994524639
2016/03/30,602.5,602.5,577.5,577.5,217000,120.04823871582344,120.00637888128875
2016/03/31,577.5,577.5,560.0,565.0,276000,119.46960133788723,119.59647873128645
2016/04/01,572.5,572.5,542.5,545.0,201000,120.23563241145838,120.19056400799153
2016/04/04,542.5,550.0,537.5,545.0,158000,120.31045811426597,119.80486831297827
2016/04/05,547.5,550.0,515.0,520.0,188000,116.96534624681021,116.60649509226815
2016/04/06,520.0,520.0,505.0,515.0,157000,117.37949513243305,116.79394944726073
2016/04/07,517.5,532.5,517.5,520.0,140000,118.60683223643076,117.36669407652568
2016/04/08,515.0,540.0,512.5,535.0,138000,121.29199930176054,118.99286934582689
2016/04/11,545.0,545.0,525.0,532.5,93000,121.80015250963542,119.46013201614431
2016/04/12,535.0,552.5,535.0,545.0,99000,121.63768739316825,119.1525570477546
2016/04/13,562.5,565.0,552.5,565.0,83000,121.29597185069213,119.24064122962368
2016/04/14,570.0,577.5,565.0,572.5,122000,120.75425913242157,119.76911233259875
2016/04/15,570.0,577.5,565.0,577.5,100000,121.37691100014867,121.42620474154182
2016/04/18,562.5,562.5,545.0,545.0,180000,119.53830428554772,118.79650039768191
2016/04/19,557.5,567.5,550.0,565.0,86000,121.75487664957127,121.80989326191289
2016/04/20,572.5,575.0,552.5,555.0,168000,120.72077935115651,120.37123851351326
2016/04/21,560.0,567.5,557.5,565.0,276000,119.43490051456564,119.7681416367914
2016/04/22,565.0,567.5,557.5,567.5,108000,118.63176711350528,119.76361236495178
2016/04/25,570.0,572.5,560.0,565.0,125000,117.71297951387723,118.64680129155832
2016/04/26,562.5,565.0,545.0,552.5,148000,117.18240353599005,118.54837109471757
2016/04/27,555.0,555.0,540.0,540.0,170000,111.85875784578407,114.0054357947282
2016/04/28,545.0,550.0,537.5,540.0,151000,116.04985788143868,117.72610105601599
2016/05/02,525.0,527.5,517.5,520.0,154000,115.58456354946993,117.18611735459467
2016/05/06,522.5,522.5,512.5,515.0,102000,114.21838056751288,116.09421945638057
2016/05/09,517.5,527.5,517.5,522.5,162000,116.5362821804266,117.81223820313345
2016/05/10,527.5,540.0,522.5,540.0,133000,116.31635210506292,117.84686629573864
2016/05/11,545.0,552.5,542.5,550.0,177000,100.48801008853533,101.34210168891917
2016/05/12,542.5,555.0,540.0,555.0,76000,88.17361654273552,89.25777890777495
2016/05/13,530.0,535.0,502.5,502.5,733000,81.09686825934853,82.10865875468075
2016/05/16,502.5,512.5,500.0,500.0,191000,79.99541028039263,81.50858987974836
2016/05/17,502.5,502.5,495.0,500.0,218000,70.53274776226726,71.71200429570435
2016/05/18,495.0,507.5,495.0,500.0,171000,67.59852817691417,68.4068183540897
2016/05/19,505.0,505.0,502.5,505.0,74000,67.3497434452184,68.37579431402384
2016/05/20,500.0,507.5,497.5,500.0,146000,67.64258300848618,68.52661844415444
2016/05/23,505.0,507.5,500.0,505.0,92000,64.81522266099711,65.53855818273433
2016/05/24,505.0,505.0,497.5,500.0,91000,68.06199141865578,68.74117213355825
2016/05/25,502.5,507.5,497.5,500.0,126000,66.21720810565641,67.05363580503436
2016/05/26,502.5,502.5,495.0,500.0,151000,67.88420074045473,69.01165727920538
2016/05/27,497.5,500.0,497.5,500.0,37000,65.14474348038554,66.12293476945727
2016/05/30,500.0,505.0,500.0,505.0,138000,64.91850435297499,66.19163256491538
2016/05/31,505.0,517.5,505.0,515.0,168000,66.54232227109824,67.73835491652501
2016/06/01,512.5,512.5,507.5,510.0,114000,66.75435652304283,67.78260324836762
2016/06/02,507.5,507.5,497.5,497.5,131000,66.53156555488627,67.59833447551676
2016/06/03,497.5,505.0,497.5,500.0,92000,67.36748653752839,68.30968002860963
2016/06/06,495.0,502.5,490.0,497.5,128000,68.01528798412643,68.75905170905654
2016/06/07,502.5,502.5,500.0,500.0,67000,70.27072243131929,71.07747210487445
2016/06/08,497.5,505.0,497.5,502.5,70000,70.2052108494384,71.04143504839598
2016/06/09,502.5,505.0,497.5,500.0,210000,71.93236999174577,72.52296691102252
2016/06/10,505.0,505.0,497.5,502.5,109000,72.88422814362868,73.58393247224741
2016/06/13,497.5,497.5,482.5,485.0,212000,75.73802920620061,76.52890662633432
2016/06/14,480.0,480.0,470.0,472.5,172000,73.38129768585654,74.06439301239499
2016/06/15,475.0,477.5,467.5,475.0,87000,70.5604530884469,71.06757531544751
2016/06/16,475.0,475.0,452.5,455.0,317000,71.00378130591126,71.3812723751736
2016/06/17,462.5,462.5,455.0,457.5,52000,71.71651876328767,72.30952102349498
2016/06/20,462.5,475.0,462.5,467.5,205000,72.72747562309189,73.25353422857287
2016/06/21,472.5,482.5,465.0,477.5,114000,74.26415324281157,74.76224132339316
2016/06/22,482.5,482.5,455.0,462.5,111000,71.94597796586443,72.43272230575644
2016/06/23,462.5,477.5,457.5,477.5,103000,72.49821896965717,72.91961045938149
2016/06/24,482.5,482.5,430.0,440.0,375000,73.41318575595433,73.3699809866459
2016/06/27,442.5,452.5,440.0,445.0,158000,72.38951890719547,73.04950731520647
2016/06/28,442.5,447.5,437.5,442.5,93000,71.26405478346024,71.8442873867094
2016/06/29,450.0,462.5,447.5,450.0,69000,70.59126117277314,70.89468906106056
2016/06/30,460.0,462.5,452.5,452.5,50000,71.40171849173717,71.69638504692634
2016/07/01,452.5,457.5,445.0,447.5,162000,70.4028198227456,70.79337316973232
2016/07/04,452.5,457.5,452.5,455.0,74000,71.61315995948779,72.12550395193405
2016/07/05,452.5,457.5,450.0,457.5,44000,72.77536915932944,72.91252718768921
2016/07/06,455.0,455.0,445.0,450.0,86000,73.33805034382246,73.26805102206177
2016/07/07,450.0,450.0,440.0,442.5,65000,73.26692647315294,72.63536414991812
2016/07/08,442.5,447.5,432.5,432.5,119000,74.51049008819952,74.48383038857264
2016/07/11,440.0,450.0,440.0,447.5,124000,74.32479428340655,74.67185761785173
2016/07/12,455.0,465.0,455.0,460.0,185000,73.746254344135,74.21352613847813
2016/07/13,470.0,470.0,457.5,465.0,113000,73.2794988642404,73.59880427760608
2016/07/14,467.5,470.0,462.5,462.5,77000,72.22966021868464,72.7755248351515
2016/07/15,472.5,472.5,462.5,467.5,136000,71.58234268668801,72.20240835846151
2016/07/19,467.5,472.5,465.0,472.5,48000,71.81323426155066,72.4447620211335
2016/07/20,472.5,472.5,462.5,467.5,49000,70.16720939252139,70.70405369369732
2016/07/21,470.0,475.0,467.5,470.0,79000,70.31079902583069,71.02934918134387
2016/07/22,462.5,465.0,462.5,465.0,86000,72.4985742068634,73.18793537399205
2016/07/25,467.5,470.0,462.5,465.0,71000,72.76064780413877,73.43821805193797
2016/07/26,465.0,465.0,455.0,457.5,110000,73.01462768304278,73.36328244611742
2016/07/27,457.5,462.5,455.0,462.5,139000,72.70557222901579,73.77735938671928
2016/07/28,457.5,460.0,452.5,455.0,93000,73.60104739854124,74.47217778396063
2016/07/29,455.0,457.5,447.5,457.5,78000,73.57752418046594,74.302018860233
2016/08/01,460.0,460.0,452.5,455.0,54000,72.05195491401946,73.23937268786459
2016/08/02,457.5,460.0,452.5,455.0,58000,73.73615897963847,75.19108586231948
2016/08/03,455.0,455.0,447.5,447.5,86000,74.2485633871641,75.86651975100267
2016/08/04,447.5,467.5,445.0,457.5,137000,72.02581364860508,73.90465147239634
2016/08/05,462.5,462.5,452.5,457.5,68000,70.70501029228627,72.75468253911885
2016/08/08,460.0,460.0,455.0,457.5,41000,74.98370326060903,77.72889171447616
2016/08/09,452.5,457.5,450.0,452.5,87000,72.39736933135539,75.0312677772271
2016/08/10,462.5,465.0,460.0,462.5,126000,73.19280685433705,76.09589497076861
2016/08/12,465.0,465.0,460.0,462.5,114000,72.84310042944536,75.55484486191398
2016/08/15,465.0,465.0,457.5,462.5,27000,73.65864655952605,76.56526665489201
2016/08/16,460.0,462.5,457.5,457.5,58000,74.06604832972143,77.01780844031065
2016/08/17,455.0,467.5,452.5,467.5,115000,74.77743242874898,77.85250506577333
2016/08/18,462.5,465.0,460.0,462.5,44000,76.46560041278757,79.16309017738581
2016/08/19,467.5,467.5,462.5,465.0,88000,76.6624828570153,79.23282934697866
2016/08/22,467.5,482.5,467.5,482.5,130000,79.84697572892408,81.19690528464147
2016/08/23,482.5,487.5,472.5,477.5,102000,75.79376024584582,77.53130933081637
2016/08/24,475.0,482.5,472.5,472.5,25000,71.4212320277677,73.00865266108877
2016/08/25,475.0,475.0,467.5,470.0,20000,70.77880210587907,72.57449627380335
2016/08/26,470.0,470.0,460.0,460.0,109000,70.56254913623478,72.59580025432176
2016/08/29,465.0,467.5,465.0,467.5,84000,81.17474281710342,84.18062607338751
2016/08/30,467.5,470.0,460.0,465.0,57000,80.16574403010897,83.10311106564944
2016/08/31,467.5,470.0,465.0,467.5,34000,82.12155750227569,84.50480037838814
2016/09/01,470.0,472.5,465.0,467.5,63000,84.39947191223234,86.65546494959223
2016/09/02,467.5,472.5,467.5,470.0,34000,85.55165571202721,87.68420934356672
2016/09/05,472.5,477.5,465.0,467.5,100000,81.34076724670959,83.4712522406901
2016/09/06,470.0,472.5,467.5,467.5,74000,81.18207732807264,83.34733966260836
2016/09/07,467.5,475.0,467.5,475.0,92000,88.45343869341474,89.54525533987285
2016/09/08,475.0,475.0,470.0,472.5,86000,86.0520417937222,87.660788271989
2016/09/09,472.5,475.0,472.5,472.5,85000,86.95083509374165,88.96539703655037
2016/09/12,467.5,470.0,465.0,470.0,75000,87.69570955678712,89.95438693269551
2016/09/13,470.0,472.5,467.5,470.0,49000,86.57288757425972,88.79818525545248
2016/09/14,467.5,472.5,467.5,472.5,36000,88.34025232849359,90.46714120721153
2016/09/15,472.5,472.5,462.5,462.5,106000,88.07690584683819,89.88523032940984
2016/09/16,462.5,467.5,460.0,467.5,80000,88.17093452981112,89.8763787187611
2016/09/20,467.5,467.5,462.5,467.5,42000,88.94740966589701,90.45499395799229
2016/09/21,467.5,470.0,465.0,470.0,77000,87.74464137609664,88.53863364414714
2016/09/23,472.5,475.0,470.0,472.5,102000,89.64790778571317,90.4887815287945
2016/09/26,472.5,477.5,470.0,475.0,73000,89.26822352339433,90.14351477372334
2016/09/27,472.5,477.5,470.0,477.5,69000,88.50532454100453,88.91466397057131
2016/09/28,477.5,477.5,472.5,477.5,51000,91.26876751891123,91.64617619908219
2016/09/29,480.0,487.5,475.0,482.5,129000,91.47016247864758,92.54234798330255
2016/09/30,477.5,482.5,477.5,477.5,60000,91.06524892255938,92.31687835768759
2016/10/03,480.0,482.5,477.5,480.0,62000,90.55345948225634,91.83411660768141
2016/10/04,480.0,487.5,480.0,482.5,92000,90.79089958350662,92.0050682759512
2016/10/05,485.0,492.5,482.5,487.5,151000,90.78382852019449,92.32075243048615
2016/10/06,487.5,492.5,487.5,490.0,112000,90.69217213975253,92.43665375661188
2016/10/07,490.0,490.0,485.0,487.5,95000,89.60399176672334,91.9131374127308
2016/10/11,487.5,490.0,482.5,490.0,124000,86.3909748606571,89.38704259692372
2016/10/12,487.5,490.0,482.5,485.0,100000,85.87821654790156,88.57011335841368
2016/10/13,485.0,487.5,480.0,485.0,152000,86.8452403545145,89.39802819014756
2016/10/14,482.5,487.5,482.5,485.0,52000,86.63389591680907,89.23709729353743
2016/10/17,487.5,490.0,485.0,487.5,49000,86.09259856815078,88.68299674252825
2016/10/18,487.5,492.5,487.5,490.0,63000,88.762886398695,91.40043536831482
2016/10/19,495.0,500.0,492.5,495.0,113000,88.21087652210656,90.91598549233996
2016/10/20,500.0,507.5,500.0,505.0,104000,88.91700914456254,92.0673638655027
2016/10/21,505.0,507.5,502.5,507.5,67000,92.27450544752351,95.49489417368468
2016/10/24,507.5,507.5,505.0,507.5,43000,90.35363263987385,93.68717559730015
2016/10/25,507.5,512.5,505.0,510.0,147000,88.58841097101696,91.78946786477925
2016/10/26,507.5,510.0,502.5,507.5,98000,87.55504177693531,90.13867794894045
2016/10/27,502.5,507.5,500.0,505.0,171000,85.85002382492503,87.98897404747153
2016/10/28,505.0,512.5,505.0,512.5,269000,87.9339399124203,89.9642051001713
2016/10/31,515.0,522.5,515.0,520.0,137000,88.49968025360636,90.47653231656324
2016/11/01,522.5,522.5,515.0,522.5,84000,89.9951739111916,91.70169533275065
2016/11/02,517.5,517.5,507.5,510.0,138000,89.41972821035617,91.1267400766392
2016/11/04,510.0,510.0,495.0,505.0,163000,91.71402711437817,93.41573603436355
2016/11/07,510.0,522.5,507.5,520.0,156000,92.55068866166202,94.48439296984121
2016/11/08,525.0,525.0,512.5,522.5,63000,86.12484823018733,87.64045038675887
2016/11/09,522.5,522.5,495.0,497.5,292000,84.30802116732782,85.31082646641065
2016/11/10,510.0,525.0,507.5,520.0,255000,83.7667193898997,85.39972746293964
2016/11/11,522.5,532.5,522.5,525.0,209000,84.59200082418248,86.2939678439794
2016/11/14,530.0,560.0,530.0,547.5,516000,86.76086151697302,88.74808406395023
2016/11/15,550.0,557.5,540.0,550.0,212000,86.06914734331563,87.5762135285878
2016/11/16,552.5,567.5,552.5,557.5,203000,86.07345644161401,87.32037705137517
2016/11/17,552.5,557.5,550.0,555.0,139000,88.4664210273939,89.48341942556229
2016/11/18,560.0,582.5,555.0,577.5,380000,90.95622162452152,92.2613622225522
2016/11/21,577.5,580.0,565.0,572.5,237000,89.36332319423438,90.37960241751975
2016/11/22,575.0,575.0,562.5,570.0,187000,88.69426167743131,89.70083416014386
2016/11/24,572.5,577.5,567.5,577.5,186000,89.43007655348752,90.22231292058014
2016/11/25,577.5,587.5,572.5,575.0,329000,88.85828268510677,89.42983658336014
2016/11/28,570.0,577.5,565.0,572.5,195000,88.29652997713885,88.25998416342209
2016/11/29,572.5,572.5,562.5,570.0,157000,88.38260198192768,88.19420368258065
2016/11/30,570.0,570.0,555.0,562.5,233000,88.77804343171549,88.89094529111995
2016/12/01,565.0,572.5,562.5,567.5,183000,88.90711609339246,89.2052093746187
2016/12/02,562.5,565.0,555.0,562.5,261000,87.88497856062992,88.42089699669354
2016/12/05,562.5,567.5,560.0,562.5,138000,89.16243210787277,89.38860205899984
2016/12/06,567.5,585.0,565.0,582.5,247000,89.30185346986393,89.3274743611923
2016/12/07,582.5,582.5,575.0,580.0,216000,88.35370990602888,88.36144897136296
2016/12/08,585.0,590.0,575.0,587.5,229000,90.34847163918126,90.64282082671507
2016/12/09,582.5,587.5,580.0,587.5,180000,89.43463321985432,89.74458537779904
2016/12/12,587.5,590.0,572.5,585.0,239000,89.75952595487236,90.83951976829152
2016/12/13,577.5,582.5,575.0,580.0,156000,89.49968728117454,90.528576529784
2016/12/14,580.0,582.5,567.5,582.5,162000,91.84657316740046,92.95115452247778
2016/12/15,582.5,590.0,580.0,587.5,210000,92.53827983749008,93.47047079566096
2016/12/16,590.0,592.5,580.0,582.5,112000,91.20952933202395,92.38440158125186
2016/12/19,585.0,597.5,585.0,595.0,168000,93.61412806609296,94.86623105042266
2016/12/20,597.5,597.5,585.0,597.5,262000,94.50942685680816,96.37213333115956
2016/12/21,597.5,600.0,590.0,592.5,213000,94.63592649878078,96.58240759731011
2016/12/22,597.5,597.5,582.5,587.5,245000,93.91855312679239,95.83684283837731
2016/12/26,590.0,590.0,580.0,585.0,136000,92.5557147036176,94.57031885517723
2016/12/27,580.0,585.0,577.5,585.0,209000,91.93767461768736,94.41451737349983
2016/12/28,590.0,612.5,590.0,610.0,444000,96.13326544219669,98.6614861319299
2016/12/29,602.5,610.0,595.0,597.5,191000,93.63186748083905,96.59652069422907
2016/12/30,597.5,610.0,595.0,607.5,150000,95.35217770075843,98.19897078538278
2017/01/04,615.0,622.5,607.5,620.0,276000,93.9773425201326,96.95015013879551
2017/01/05,622.5,625.0,617.5,620.0,160000,93.66166778647347,96.43929374802347
2017/01/06,612.5,622.5,612.5,612.5,176000,94.0426089907534,96.32108538770512
2017/01/10,612.5,615.0,607.5,612.5,131000,97.1405979150893,98.97930881455585
2017/01/11,615.0,620.0,615.0,617.5,96000,97.82085944855561,99.45659324335794
2017/01/12,617.5,620.0,610.0,617.5,161000,98.04165433332139,99.67859465108077
2017/01/13,617.5,620.0,612.5,612.5,77000,97.23844711384892,99.29054414877415
2017/01/16,612.5,612.5,605.0,605.0,84000,98.12022244009661,100.19954645766104
2017/01/17,607.5,607.5,590.0,595.0,110000,98.03177094550377,99.67336943753345
2017/01/18,590.0,592.5,585.0,590.0,81000,98.57995652021857,100.35379503642767
2017/01/19,595.0,600.0,587.5,592.5,131000,98.04796913370694,99.43222503013635
2017/01/20,585.0,605.0,585.0,597.5,151000,100.3712058560941,101.50554737812804
2017/01/23,597.5,600.0,592.5,597.5,60000,97.95420778157956,99.43397911226202
2017/01/24,590.0,590.0,577.5,587.5,122000,96.31095026700082,97.79132980481347
2017/01/25,592.5,602.5,587.5,597.5,86000,94.82494444993449,96.9220031137352
2017/01/26,602.5,612.5,602.5,610.0,134000,94.82715082172128,97.27931995514186
2017/01/27,612.5,617.5,610.0,615.0,88000,92.23757409823607,94.74724866871063
2017/01/30,610.0,615.0,607.5,610.0,83000,92.23691649220264,94.74662676434961
2017/01/31,607.5,607.5,602.5,605.0,49000,93.99864890461147,96.21930729615032
2017/02/01,602.5,610.0,600.0,607.5,95000,96.10868589265354,98.53514288295406
2017/02/02,612.5,615.0,595.0,597.5,126000,96.58130883036682,98.54645828206351
2017/02/03,597.5,605.0,595.0,602.5,51000,98.28701408740028,99.89522139940844
2017/02/06,605.0,610.0,600.0,602.5,89000,95.55346518074462,96.81733552198479
2017/02/07,600.0,605.0,600.0,600.0,56000,96.75029306612424,97.85298976126387
2017/02/08,605.0,605.0,600.0,602.5,23000,98.62982868342986,99.01813801102583
2017/02/09,602.5,605.0,597.5,605.0,40000,102.89195376939007,102.83441726937623
2017/02/10,610.0,610.0,600.0,602.5,118000,99.97497642503865,100.22363889389472
2017/02/13,600.0,607.5,595.0,600.0,227000,94.10236315563631,95.02215195690931
2017/02/14,600.0,602.5,597.5,600.0,54000,94.46876297545069,95.39952749279897
2017/02/15,602.5,602.5,590.0,595.0,153000,89.35553471987284,90.52663181242389
2017/02/16,597.5,602.5,587.5,602.5,180000,88.87812338785912,89.74881600136821
2017/02/17,602.5,602.5,600.0,602.5,69000,89.71323512224748,90.38888383387352
2017/02/20,597.5,602.5,595.0,595.0,106000,89.31838065603691,89.68551891638302
2017/02/21,595.0,602.5,595.0,602.5,103000,89.5069260381027,89.70107996914355
2017/02/22,605.0,607.5,602.5,605.0,70000,90.33790732342372,90.7451078614595
2017/02/23,605.0,612.5,602.5,605.0,127000,88.05017196842535,88.78825134599519
2017/02/24,602.5,602.5,597.5,597.5,107000,88.778314177084,89.45624494550341
2017/02/27,600.0,600.0,592.5,592.5,73000,91.60752698984841,92.40335798700995
2017/02/28,595.0,600.0,590.0,597.5,153000,92.66336261621574,93.31679275255159
2017/03/01,600.0,610.0,600.0,610.0,105000,92.81800494545892,93.40618473735852
2017/03/02,612.5,615.0,610.0,610.0,105000,90.39168896381832,91.2357342512836
2017/03/03,612.5,615.0,607.5,612.5,88000,88.4768432593345,89.36810714601127
2017/03/06,612.5,615.0,610.0,612.5,48000,86.91084742020519,87.23157895287225
2017/03/07,615.0,620.0,612.5,620.0,81000,88.54605813399264,88.45115651028456
2017/03/08,617.5,622.5,617.5,617.5,72000,89.70343814129465,89.19285450029068
2017/03/09,622.5,625.0,612.5,622.5,177000,90.50516717584821,90.23569962950552
2017/03/10,625.0,630.0,622.5,630.0,182000,89.23535223034384,89.1918011227664
2017/03/13,630.0,635.0,627.5,630.0,151000,89.91703248668061,89.61628737626283
2017/03/14,630.0,630.0,622.5,627.5,73000,89.42738749596062,89.25531520627784
2017/03/15,627.5,627.5,605.0,612.5,115000,82.01767632932582,81.90360014634028
2017/03/16,610.0,615.0,610.0,615.0,93000,82.75324513186469,82.71203917311063
2017/03/17,615.0,620.0,610.0,617.5,123000,83.64162032766448,83.86190126944905
2017/03/21,620.0,620.0,615.0,617.5,58000,85.21181293709726,85.2090943970301
2017/03/22,612.5,612.5,605.0,605.0,105000,84.40165001827583,84.276258822376
2017/03/23,602.5,607.5,600.0,605.0,88000,84.99730653808842,85.00046620975
2017/03/24,602.5,610.0,602.5,610.0,113000,86.49605901856623,86.70263207345143
2017/03/27,610.0,610.0,600.0,605.0,72000,88.06588992136959,88.45624447557977
2017/03/28,605.0,622.5,605.0,612.5,269000,90.92314608007364,91.03267026145264
2017/03/29,605.0,605.0,602.5,605.0,51000,92.01372916740385,92.14077429009319
2017/03/30,600.0,607.5,600.0,602.5,129000,93.7458157970935,94.04460157526151
2017/03/31,605.0,605.0,580.0,582.5,153000,91.36461629929818,91.95728358849877
2017/04/03,585.0,585.0,575.0,580.0,148000,90.38877660860754,91.38713639343705
2017/04/04,580.0,587.5,567.5,572.5,237000,92.08399522355359,92.81418815973399
2017/04/05,570.0,577.5,562.5,567.5,141000,91.8146618023914,92.84400798090172
2017/04/06,565.0,605.0,560.0,565.0,727000,92.01888321636274,93.41919953602321
2017/04/07,577.5,580.0,567.5,572.5,203000,90.70903118212858,92.4940524282144
2017/04/10,582.5,590.0,575.0,580.0,200000,91.26646396075951,92.95166681302305
2017/04/11,577.5,590.0,570.0,582.5,157000,90.80929012496053,92.88708558048015
2017/04/12,587.5,700.0,587.5,687.5,5720000,107.43987203136291,109.58350963185023
2017/04/13,640.0,652.5,607.5,615.0,3325000,98.58692786454576,100.32985371680132
2017/04/14,622.5,635.0,607.5,615.0,1339000,97.85351210772659,99.36484181037225
2017/04/17,605.0,605.0,580.0,592.5,835000,96.40013871183196,97.92036139662034
2017/04/18,600.0,602.5,587.5,592.5,390000,96.07555356237874,97.13510211423413
2017/04/19,587.5,592.5,587.5,592.5,304000,97.92034474335016,99.09219885773129
2017/04/20,592.5,597.5,590.0,592.5,156000,98.79689550794708,99.23302953543782
2017/04/21,592.5,595.0,590.0,595.0,154000,98.94349235354576,99.13507139790761
2017/04/24,602.5,615.0,602.5,605.0,374000,98.9301728341382,99.85927273131846
2017/04/25,592.5,605.0,592.5,602.5,271000,99.18436642788556,99.89631429361894
2017/04/26,602.5,610.0,600.0,605.0,192000,100.42677614209003,100.87931675374178
2017/04/27,605.0,612.5,605.0,610.0,270000,97.79031277942806,98.54588167921527
2017/04/28,612.5,615.0,610.0,615.0,152000,99.48242313738999,100.36902286902283
2017/05/01,615.0,617.5,612.5,615.0,104000,98.89626025288082,99.84950299770041
2017/05/02,615.0,617.5,610.0,617.5,98000,99.31463720908457,100.41433884703774
2017/05/08,625.0,660.0,615.0,627.5,775000,97.88423494552795,98.9521390503889
2017/05/09,632.5,637.5,625.0,635.0,130000,98.16779916791246,99.23968203458874
2017/05/10,640.0,640.0,627.5,630.0,144000,95.42922852929996,96.41620247415123
2017/05/11,635.0,640.0,630.0,640.0,188000,96.16377214925429,97.17789326828556
2017/05/12,635.0,637.5,620.0,620.0,301000,101.8406396394753,103.04806980904813
2017/05/15,632.5,665.0,632.5,660.0,1048000,109.39009605004529,110.41632911392345
2017/05/16,650.0,660.0,650.0,652.5,324000,109.09688942972365,110.03984585571493
2017/05/17,647.5,662.5,645.0,657.5,185000,110.46126623022674,111.68596032541748
2017/05/18,645.0,655.0,642.5,652.5,216000,109.9977358297884,111.05660967701843
2017/05/19,657.5,680.0,657.5,675.0,626000,115.33025007707687,116.27589390471387
2017/05/22,680.0,685.0,672.5,677.5,328000,113.54420978232041,114.56331969432667
2017/05/23,675.0,675.0,670.0,670.0,142000,112.7212704861194,113.5629496173058
2017/05/24,672.5,680.0,672.5,680.0,135000,115.43341481377176,115.94852423005347
2017/05/25,680.0,682.5,670.0,670.0,174000,113.43536533601679,114.00297766120524
2017/05/26,670.0,670.0,660.0,667.5,279000,114.16007546157726,114.82946247658336
2017/05/29,667.5,667.5,647.5,652.5,508000,112.044482820974,112.4049088218694
2017/05/30,655.0,660.0,652.5,660.0,131000,112.24573408408958,112.43855218455067
2017/05/31,660.0,672.5,660.0,670.0,131000,113.35637951409234,114.09208786392063
2017/06/01,675.0,677.5,667.5,670.0,140000,112.31273929894856,113.07913342038955
2017/06/02,675.0,677.5,672.5,675.0,194000,111.3480632671994,111.97497208782994
2017/06/05,675.0,680.0,665.0,675.0,163000,111.52505495786629,112.28902389423077
2017/06/06,675.0,675.0,660.0,660.0,135000,110.1686895329805,110.8601889203476
2017/06/07,660.0,662.5,625.0,660.0,307000,110.6164789977225,111.10259022402944
2017/06/08,667.5,672.5,662.5,670.0,102000,112.18734096596246,112.683484133022
2017/06/09,665.0,675.0,665.0,675.0,125000,111.42779501369698,112.30629206980194
2017/06/12,670.0,677.5,670.0,672.5,140000,111.57079992024993,111.91231915201631
2017/06/13,677.5,677.5,675.0,677.5,80000,114.27664721967128,114.45002827108985
2017/06/14,677.5,677.5,672.5,675.0,64000,113.77543338720493,114.01399236797907
2017/06/15,675.0,677.5,667.5,670.0,84000,114.59964423252748,115.12138536173715
2017/06/16,675.0,687.5,675.0,680.0,215000,116.26173399288946,116.48562432457443
2017/06/19,680.0,682.5,675.0,677.5,99000,115.293835181451,115.42457126804548
2017/06/20,677.5,682.5,672.5,682.5,162000,114.23803149119027,114.35438770001738
2017/06/21,682.5,682.5,672.5,672.5,66000,115.9971641657582,115.9058538545492
2017/06/22,672.5,682.5,672.5,675.0,148000,114.14298096912634,114.00245748637631
2017/06/23,675.0,675.0,667.5,672.5,162000,113.51104098688607,114.24889730399408
2017/06/26,672.5,672.5,667.5,672.5,31000,114.79892224124299,114.89896379935966
2017/06/27,672.5,685.0,672.5,680.0,196000,116.4267955336215,116.23710151226977
2017/06/28,682.5,682.5,672.5,675.0,113000,115.9948803824665,115.92974349126928
2017/06/29,677.5,680.0,675.0,675.0,80000,114.9082743087652,114.42890545739243
2017/06/30,677.5,677.5,670.0,672.5,63000,117.64099213193052,116.95291409804362
2017/07/03,675.0,675.0,667.5,670.0,95000,115.8283334551547,115.10616847674969
2017/07/04,670.0,675.0,667.5,667.5,188000,114.12445042275256,113.90062500190889
2017/07/05,667.5,677.5,665.0,675.0,155000,114.87356853004486,114.37450189357685
2017/07/06,680.0,692.5,675.0,687.5,201000,118.7066117959067,117.91437425460849
2017/07/07,687.5,700.0,685.0,690.0,226000,120.9353218483529,120.1083456243541
2017/07/10,697.5,697.5,687.5,690.0,179000,120.61871871852297,119.85923065846302
2017/07/11,690.0,695.0,687.5,692.5,90000,119.98205221512752,118.9561232004297
2017/07/12,697.5,697.5,690.0,692.5,72000,120.27145219974756,119.58011965846693
2017/07/13,695.0,697.5,692.5,695.0,147000,122.50424849383728,121.68930311564196
2017/07/14,695.0,695.0,682.5,695.0,102000,121.90658669537568,120.45929271537904
2017/07/18,697.5,697.5,685.0,690.0,94000,122.1072574191663,119.98000984227275
2017/07/19,690.0,695.0,687.5,692.5,109000,123.42430401241202,121.53982220760578
2017/07/20,695.0,695.0,687.5,690.0,116000,122.50849293542963,120.4119087230511
2017/07/21,695.0,695.0,687.5,690.0,117000,122.7512459029944,120.85065235903865
2017/07/24,697.5,697.5,690.0,695.0,140000,124.35667290333967,122.16027729929336
2017/07/25,700.0,730.0,697.5,722.5,757000,129.65377308559135,127.6361168775161
2017/07/26,735.0,735.0,715.0,722.5,361000,129.84011720227303,127.37913138942183
2017/07/27,725.0,725.0,715.0,715.0,93000,128.9474170993961,126.24825691875915
2017/07/28,720.0,720.0,705.0,710.0,203000,128.82898039591333,126.61926392476568
2017/07/31,712.5,712.5,702.5,710.0,80000,130.28295667278127,127.43253928839093
2017/08/01,715.0,715.0,705.0,707.5,102000,127.52963040679998,124.1473478931263
2017/08/02,710.0,717.5,707.5,717.5,54000,128.42049052652163,124.783197304894
2017/08/03,720.0,727.5,707.5,712.5,164000,126.39005446507119,122.29616361213995
2017/08/04,710.0,710.0,705.0,710.0,60000,126.42876920089812,121.75015453583364
2017/08/07,715.0,717.5,710.0,715.0,137000,129.74842948920192,124.46616498393995
2017/08/08,720.0,730.0,717.5,720.0,313000,133.4053812243831,128.19128241310617
2017/08/09,722.5,745.0,720.0,732.5,478000,134.27833772154136,128.71045382486108
2017/08/10,732.5,755.0,727.5,747.5,463000,138.60420401424963,132.23741670252693
2017/08/14,762.5,765.0,715.0,722.5,632000,134.88689889658275,128.6249151106002
2017/08/15,725.0,742.5,717.5,737.5,206000,135.44027246697314,129.51052288117972
2017/08/16,740.0,750.0,722.5,722.5,174000,131.1736944001271,125.38934518451794
2017/08/17,730.0,745.0,727.5,745.0,130000,134.78324028383585,128.75852952567357
2017/08/18,740.0,755.0,735.0,737.5,342000,134.7790125841524,128.64729828410435
2017/08/21,750.0,750.0,725.0,730.0,230000,129.49063643228232,123.64715467324383
2017/08/22,732.5,745.0,727.5,740.0,158000,131.89641123416095,125.98540990698237
2017/08/23,745.0,745.0,732.5,735.0,75000,132.84538443841615,127.037280084997
2017/08/24,735.0,755.0,735.0,747.5,273000,136.0510411413716,130.28164228806887
2017/08/25,755.0,785.0,750.0,775.0,471000,141.69944122620572,135.87007568858436
2017/08/28,787.5,792.5,772.5,787.5,390000,144.9579054239806,138.24852173520122
2017/08/29,787.5,807.5,787.5,802.5,594000,149.07506600911796,141.80202081300905
2017/08/30,805.0,807.5,792.5,802.5,231000,148.6092948867514,141.96239869833553
2017/08/31,800.0,802.5,795.0,800.0,202000,147.4364331700179,141.4956446344679
2017/09/01,800.0,825.0,782.5,820.0,404000,149.96295242170385,144.43151031263065
2017/09/04,832.5,855.0,817.5,820.0,548000,153.18742194016212,146.99431091810456
2017/09/05,832.5,832.5,785.0,792.5,400000,149.37293444035623,144.14168872292788
2017/09/06,790.0,802.5,752.5,792.5,356000,146.62649571536448,141.4311723089124
2017/09/07,795.0,795.0,780.0,790.0,193000,146.1826431157012,140.80309769317643
2017/09/08,775.0,792.5,772.5,775.0,208000,144.37196838692648,138.32190059959635
2017/09/11,782.5,797.5,777.5,790.0,101000,143.3798480139128,137.93892067986488
2017/09/12,807.5,817.5,802.5,815.0,182000,146.6826345151122,140.96414374922784
2017/09/13,830.0,832.5,810.0,810.0,180000,143.36963833214173,137.65337470149544
2017/09/14,810.0,815.0,792.5,800.0,136000,143.2604794638455,137.89150672119536
2017/09/15,802.5,822.5,800.0,815.0,133000,144.64619623045587,139.50225687151737
2017/09/19,817.5,825.0,810.0,817.5,172000,142.0694335054712,138.07569159170794
2017/09/20,820.0,822.5,800.0,807.5,209000,142.17758532177365,139.33535066736187
2017/09/21,810.0,812.5,802.5,802.5,104000,139.84650835120755,137.3557199605591
2017/09/22,805.0,805.0,790.0,800.0,144000,139.7613607748876,137.26754688301196
2017/09/25,800.0,805.0,795.0,797.5,116000,136.18010309891764,134.07330451761555
2017/09/26,800.0,825.0,800.0,825.0,235000,141.78735279845063,139.3589612853899
2017/09/27,827.5,827.5,817.5,822.5,147000,139.9407758687468,137.72094611701868
2017/09/28,825.0,850.0,825.0,845.0,294000,143.5714705498517,140.3453982078125
2017/09/29,847.5,847.5,832.5,845.0,110000,143.00347638579947,139.77225326277497
2017/10/02,842.5,860.0,837.5,852.5,239000,144.5039333361275,141.21569810749583
2017/10/03,857.5,865.0,840.0,860.0,260000,144.70381189993148,141.81209900511428
2017/10/04,865.0,900.0,860.0,887.5,696000,148.44692282357937,145.65853306592723
2017/10/05,890.0,900.0,870.0,870.0,347000,145.45137658564596,142.8785033261561
2017/10/06,872.5,907.5,872.5,897.5,479000,150.01833189871252,147.37829494687193
2017/10/10,915.0,952.5,907.5,937.5,1076000,156.4235935875426,153.08808699925584
2017/10/11,940.0,955.0,920.0,925.0,600000,153.8102125646377,150.8803025592538
2017/10/12,930.0,970.0,925.0,967.5,513000,159.68724394962484,157.4997721520507
2017/10/13,977.5,987.5,950.0,967.5,816000,158.94854827444337,157.28691702365018
2017/10/16,985.0,995.0,952.5,955.0,584000,155.7564314635314,154.1217533344014
2017/10/17,972.5,972.5,945.0,960.0,521000,155.76790791906888,154.21933745616843
2017/10/18,947.5,947.5,922.5,925.0,412000,148.69431049868766,147.055722828058
2017/10/19,925.0,932.5,910.0,910.0,399000,144.80267031464282,142.7801932582795
2017/10/20,892.5,907.5,880.0,900.0,472000,142.02463539965032,139.90222928435148
2017/10/23,912.5,932.5,912.5,917.5,265000,143.6064728568856,141.66894096079196
2017/10/24,917.5,925.0,907.5,920.0,186000,143.6611089003563,141.41664133267096
2017/10/25,927.5,952.5,925.0,932.5,367000,147.2129836153925,145.06009993972867
2017/10/26,942.5,942.5,925.0,925.0,147000,146.06784757192196,144.3300333796417
2017/10/27,932.5,945.0,930.0,940.0,278000,145.3953780169465,144.20167173806843
2017/10/30,945.0,947.5,932.5,942.5,333000,143.48229257480273,142.57915734905495
2017/10/31,937.5,972.5,937.5,970.0,399000,147.1092129112575,146.45861594615255
2017/11/01,975.0,985.0,975.0,977.5,500000,146.48239435363303,146.79737245178765
2017/11/02,980.0,982.5,970.0,977.5,364000,145.1820270140477,145.33294540548283
2017/11/06,977.5,1020.0,977.5,1005.0,1040000,147.23144546991455,146.92541122817912
2017/11/07,1002.5,1005.0,987.5,1000.0,471000,143.27516901273054,143.9124596305305
2017/11/08,997.5,1010.0,995.0,1005.0,265000,143.27486259647222,144.6123442918821
2017/11/09,1010.0,1035.0,1007.5,1030.0,746000,150.22838394268194,150.36218049479814
2017/11/10,1035.0,1055.0,1022.5,1050.0,661000,153.20725069241718,153.10479660527423
2017/11/13,1030.0,1035.0,970.0,982.5,1384000,141.7000754927613,140.86587349092403
2017/11/14,975.0,1002.5,975.0,997.5,629000,143.17955764176048,143.03999423535956
2017/11/15,990.0,1002.5,982.5,992.5,430000,144.35753509929307,145.12069923489273
2017/11/16,1000.0,1070.0,992.5,1060.0,936000,152.63670927476574,154.2793419231651
2017/11/17,1075.0,1107.5,1060.0,1097.5,1176000,152.45864185761903,153.9150667297354
2017/11/20,1090.0,1105.0,1065.0,1080.0,350000,153.4305224406743,154.69177884595683
2017/11/21,1100.0,1122.5,1097.5,1117.5,327000,158.8515317396184,160.22888450341048
2017/11/22,1125.0,1150.0,1122.5,1132.5,414000,159.62479181953364,161.10914767812633
2017/11/24,1117.5,1185.0,1117.5,1167.5,502000,165.50093869979477,167.00547311935088
2017/11/27,1190.0,1210.0,1170.0,1202.5,475000,171.39714726566945,173.732628930184
2017/11/28,1202.5,1212.5,1137.5,1142.5,599000,163.18590406883345,166.1097528027236
2017/11/29,1155.0,1175.0,1125.0,1130.0,449000,162.76220967396097,165.26728438260992
2017/11/30,1140.0,1152.5,1105.0,1112.5,308000,159.70210573561846,162.2545834073247
2017/12/01,1117.5,1125.0,1087.5,1105.0,280000,158.62642053097264,161.61208552041936
2017/12/04,1107.5,1122.5,1100.0,1100.0,272000,157.38541597549903,160.54451514535322
2017/12/05,1097.5,1097.5,1065.0,1080.0,292000,150.47868336936904,152.92511423725307
2017/12/06,1070.0,1110.0,1067.5,1075.0,467000,154.58626665080251,156.49460575758235
2017/12/07,1100.0,1132.5,1100.0,1127.5,316000,160.0750456250344,162.52357756502795
2017/12/08,1137.5,1150.0,1105.0,1120.0,319000,158.75774590914526,161.21705246492107
2017/12/11,1132.5,1132.5,1107.5,1122.5,225000,160.23004347355783,162.04976009232288
2017/12/12,1115.0,1135.0,1115.0,1117.5,151000,162.2066203116838,163.49895615886203
2017/12/13,1120.0,1122.5,1115.0,1117.5,166000,162.3036713264661,163.01315549097092
2017/12/14,1107.5,1130.0,1107.5,1127.5,164000,162.9881912734963,163.7433742303421
2017/12/15,1130.0,1150.0,1117.5,1147.5,223000,169.46330870987813,170.32642573555626
2017/12/18,1162.5,1200.0,1150.0,1187.5,444000,168.99009416772427,170.06498402210354
2017/12/19,1187.5,1195.0,1180.0,1192.5,218000,170.13946531778137,170.6841618943838
2017/12/20,1200.0,1235.0,1200.0,1232.5,473000,176.69192603467155,176.4664252106942
2017/12/21,1232.5,1237.5,1220.0,1230.0,168000,177.87948358375334,177.33732558184292
2017/12/22,1232.5,1240.0,1227.5,1232.5,158000,178.43076816196216,177.17164894817026
2017/12/25,1237.5,1322.5,1232.5,1282.5,1013000,185.3745560082055,184.0723255717276
2017/12/26,1277.5,1307.5,1275.0,1277.5,301000,185.08807646742036,183.61896418776234
2017/12/27,1280.0,1310.0,1255.0,1305.0,236000,181.1644097394056,179.6787752854195
2017/12/28,1302.5,1315.0,1282.5,1287.5,227000,181.06657382304226,179.86754262818377
2017/12/29,1287.5,1307.5,1247.5,1252.5,524000,173.11110586153987,172.26178822293002
2018/01/04,1270.0,1362.5,1262.5,1347.5,650000,180.48762084991142,181.40672590216195
2018/01/05,1360.0,1375.0,1327.5,1360.0,469000,182.15226337126268,183.42450876773646
2018/01/09,1375.0,1397.5,1322.5,1330.0,495000,175.7304648166065,177.26320469594364
2018/01/10,1337.5,1337.5,1267.5,1292.5,547000,170.3892177413038,171.51060090424056
2018/01/11,1287.5,1295.0,1265.0,1277.5,395000,166.95759274671397,168.2385898925807
2018/01/12,1285.0,1322.5,1280.0,1282.5,289000,170.73437868490083,172.40920616743637
2018/01/15,1292.5,1292.5,1252.5,1265.0,284000,168.3601642053042,169.88317272196434
2018/01/16,1267.5,1280.0,1255.0,1277.5,197000,168.64594194858446,171.0506253445026
2018/01/17,1275.0,1275.0,1245.0,1265.0,316000,169.72613199844346,171.6619495550222
2018/01/18,1275.0,1285.0,1237.5,1240.0,408000,167.96826305033156,170.39915531781196
2018/01/19,1230.0,1257.5,1230.0,1255.0,217000,168.84037798007822,170.44183935688292
2018/01/22,1255.0,1255.0,1242.5,1250.0,110000,165.9406939003546,167.48498923676502
2018/01/23,1252.5,1285.0,1252.5,1282.5,258000,170.01130578914447,172.06519595962112
2018/01/24,1282.5,1300.0,1270.0,1282.5,237000,170.86263388383648,171.78276815601234
2018/01/25,1267.5,1287.5,1255.0,1257.5,158000,168.98357284862962,169.00497320068425
2018/01/26,1282.5,1282.5,1257.5,1270.0,187000,170.1133060836615,170.22886296310378
2018/01/29,1267.5,1307.5,1260.0,1297.5,215000,174.35314112198392,174.62175081043097
2018/01/30,1305.0,1327.5,1285.0,1292.5,470000,174.64914459204738,174.95226138889367
2018/01/31,1280.0,1282.5,1247.5,1250.0,338000,170.5725469884821,171.15166089267694
2018/02/01,1262.5,1305.0,1262.5,1290.0,455000,173.87510779561984,174.34234032061403
2018/02/02,1282.5,1292.5,1257.5,1287.5,255000,173.69570479473404,173.66305994450562
2018/02/05,1247.5,1282.5,1247.5,1267.5,444000,176.00660248858443,175.38464457721196
2018/02/06,1225.0,1240.0,1142.5,1205.0,974000,175.74608071605527,174.65395881251868
2018/02/07,1257.5,1282.5,1197.5,1197.5,393000,174.53428087100988,173.1133131660051
2018/02/08,1215.0,1245.0,1207.5,1215.0,247000,173.45870256142143,172.14849026080194
2018/02/09,1172.5,1197.5,1167.5,1187.5,290000,178.62631667458362,175.99607211005278
2018/02/13,1130.0,1177.5,1050.0,1060.0,1074000,159.9876518105552,158.38441733943762
2018/02/14,1065.0,1137.5,1065.0,1077.5,482000,166.40081686339988,165.24238183809504
2018/02/15,1082.5,1097.5,1045.0,1087.5,241000,162.6923959349722,162.83941266493804
2018/02/16,1097.5,1110.0,1090.0,1100.0,195000,161.67930179310954,162.3089528391712
2018/02/19,1117.5,1147.5,1102.5,1142.5,336000,166.89222358553738,167.33905313244912
2018/02/20,1142.5,1152.5,1120.0,1145.0,162000,167.993660650516,167.7372678475088
2018/02/21,1130.0,1172.5,1127.5,1162.5,246000,169.48933589010875,169.84060786617965
2018/02/22,1150.0,1160.0,1135.0,1157.5,138000,170.50595928859576,170.5133814231543
2018/02/23,1157.5,1192.5,1142.5,1187.5,145000,175.05783731738344,174.99401746816125
2018/02/26,1200.0,1212.5,1197.5,1200.0,239000,174.6832163294297,175.05172063702437
2018/02/27,1207.5,1252.5,1207.5,1227.5,402000,175.42729192036728,176.1760967026998
2018/02/28,1222.5,1262.5,1222.5,1247.5,306000,179.7215316419712,179.62473151037295
2018/03/01,1227.5,1245.0,1215.0,1235.0,252000,182.33218872241392,182.03976460214656
2018/03/02,1220.0,1245.0,1220.0,1230.0,269000,184.580948406261,183.14965261658665
2018/03/05,1230.0,1240.0,1217.5,1225.0,325000,184.19406057097885,183.4917600410668
2018/03/06,1245.0,1255.0,1227.5,1240.0,273000,180.63653715421216,181.2084134475327
2018/03/07,1225.0,1257.5,1225.0,1232.5,256000,180.82442370453512,181.59015964051548
2018/03/08,1245.0,1252.5,1235.0,1237.5,134000,179.72800549650137,180.74381798664527
2018/03/09,1237.5,1242.5,1187.5,1202.5,270000,174.29578352776468,175.13234529944165
2018/03/12,1217.5,1242.5,1217.5,1235.0,147000,176.35781721573832,177.58024245705872
2018/03/13,1222.5,1237.5,1220.0,1237.5,137000,176.03762507428598,177.37437314356615
2018/03/14,1217.5,1232.5,1210.0,1222.5,131000,179.429361167209,179.90984963348734
2018/03/15,1212.5,1230.0,1212.5,1215.0,131000,177.50211180688382,178.19578500327327
2018/03/16,1212.5,1222.5,1195.0,1197.5,174000,174.64830980670303,174.85635366985704
2018/03/19,1182.5,1197.5,1140.0,1152.5,267000,169.04501867707583,169.65191394567915
2018/03/20,1147.5,1175.0,1142.5,1165.0,112000,171.67712756577617,171.85966255289898
2018/03/22,1170.0,1187.5,1167.5,1170.0,109000,170.93737688056564,171.3357069201855
2018/03/23,1137.5,1147.5,1117.5,1145.0,267000,175.36599893267754,174.06115358462185
2018/03/26,1132.5,1140.0,1117.5,1135.0,119000,171.51797623439091,171.11062112927797
2018/03/27,1155.0,1180.0,1155.0,1180.0,143000,173.5439393786793,173.32189675297062
2018/03/28,1145.0,1167.5,1132.5,1142.5,137000,172.55635046858947,171.34381061972513
2018/03/29,1160.0,1182.5,1152.5,1175.0,122000,175.70345225263227,174.83083494048702
2018/03/30,1195.0,1205.0,1180.0,1197.5,87000,181.19231617964095,181.18009621955972
2018/04/02,1202.5,1212.5,1200.0,1200.0,56000,183.6290594133037,183.67974570282252
2018/04/03,1185.0,1207.5,1180.0,1195.0,98000,184.4015678627636,184.32215479295894
2018/04/04,1207.5,1227.5,1187.5,1222.5,148000,190.57937587986785,189.98060143378802
2018/04/05,1240.0,1275.0,1225.0,1265.0,219000,192.36247349201173,192.1612032537
2018/04/06,1270.0,1297.5,1262.5,1292.5,227000,195.37735973060947,195.62421946374516
2018/04/09,1290.0,1290.0,1262.5,1277.5,121000,190.99296348921212,191.38691016596826
2018/04/10,1277.5,1305.0,1277.5,1302.5,106000,192.34921243487483,193.02750677612175
2018/04/11,1307.5,1307.5,1280.0,1295.0,89000,161.13897587212506,161.53221732188868
2018/04/12,1292.5,1297.5,1265.0,1270.0,87000,175.67720111899112,176.43785567804736
2018/04/13,1282.5,1335.0,1280.0,1317.5,238000,180.35932219002774,180.74497271606865
2018/04/16,1325.0,1325.0,1290.0,1297.5,110000,184.08390338758468,184.86571803229165
2018/04/17,1297.5,1307.5,1242.5,1247.5,129000,177.50273252338718,179.09367065193265
2018/04/18,1257.5,1280.0,1245.0,1275.0,111000,179.00473796653716,180.96823032017684
2018/04/19,1280.0,1280.0,1255.0,1277.5,110000,179.07255892591786,181.4414724696429
2018/04/20,1277.5,1307.5,1272.5,1292.5,107000,182.5143860029681,184.6576810642371
2018/04/23,1280.0,1285.0,1262.5,1265.0,85000,178.6837994267895,179.5208812229702
2018/04/24,1277.5,1277.5,1252.5,1260.0,67000,179.10102637369536,179.52270493230245
2018/04/25,1250.0,1282.5,1247.5,1272.5,98000,182.62878819996214,182.92631494105075
2018/04/26,1275.0,1275.0,1260.0,1260.0,41000,178.166902131883,179.11243790814686
2018/04/27,1272.5,1272.5,1237.5,1245.0,57000,172.96563123576792,174.4828173961594
2018/05/01,1232.5,1272.5,1230.0,1267.5,85000,177.3360791448068,179.36143665479887
2018/05/02,1267.5,1310.0,1267.5,1310.0,98000,184.82469109357825,186.88582015867186
2018/05/07,1310.0,1335.0,1300.0,1327.5,104000,187.34057341694268,189.2050921276827
2018/05/08,1332.5,1332.5,1307.5,1315.0,139000,182.56147670252582,184.042989572422
2018/05/09,1307.5,1317.5,1242.5,1245.0,231000,175.49457328225847,176.69466475751094
2018/05/10,1265.0,1277.5,1250.0,1255.0,88000,173.99226015493923,175.05053280509924
2018/05/11,1257.5,1270.0,1247.5,1265.0,76000,178.2613345060404,179.67856144157068
2018/05/14,1285.0,1332.5,1277.5,1305.0,333000,171.8199643485967,172.99165572621783
2018/05/15,1302.5,1302.5,1267.5,1280.0,114000,171.2524947639937,172.16084716323016
2018/05/16,1280.0,1280.0,1257.5,1262.5,68000,167.4833739411096,168.06810167140065
2018/05/17,1262.5,1272.5,1257.5,1267.5,61000,166.31631304041682,167.0372550526387
2018/05/18,1277.5,1277.5,1267.5,1270.0,40000,160.74606830485067,161.66385407580842
2018/05/21,1265.0,1275.0,1260.0,1267.5,78000,160.04909373793743,161.7001228316903
2018/05/22,1267.5,1267.5,1237.5,1247.5,118000,159.05146185949565,161.05186281988824
2018/05/23,1240.0,1242.5,1217.5,1225.0,67000,156.75101519064418,157.87562180343392
2018/05/24,1212.5,1215.0,1190.0,1192.5,77000,157.17073806366338,158.21541491427783
2018/05/25,1180.0,1197.5,1175.0,1175.0,107000,154.35865320842453,155.932123847279
2018/05/28,1167.5,1187.5,1160.0,1180.0,47000,158.3309916036388,160.39208134736614
2018/05/29,1177.5,1235.0,1177.5,1205.0,253000,160.68652276622828,162.97154506153586
2018/05/30,1195.0,1202.5,1182.5,1187.5,65000,158.1779140211439,160.11244902133114
2018/05/31,1190.0,1200.0,1180.0,1190.0,65000,158.8778966177801,161.2162882972761
2018/06/01,1180.0,1195.0,1172.5,1180.0,86000,159.09213767617507,161.12581649836451
2018/06/04,1192.5,1217.5,1192.5,1210.0,59000,160.87452857819736,162.62109417961997
2018/06/05,1227.5,1232.5,1182.5,1192.5,66000,160.16319140013084,162.5093984192219
2018/06/06,1185.0,1190.0,1165.0,1172.5,91000,156.91418675672656,159.61242937535266
2018/06/07,1185.0,1205.0,1185.0,1200.0,71000,156.23699734132185,159.2218893347752
2018/06/08,1192.5,1202.5,1192.5,1192.5,63000,155.79439658654445,157.84604963774612
2018/06/11,1182.5,1190.0,1177.5,1177.5,70000,152.86114827797837,155.95641667344188
2018/06/12,1180.0,1180.0,1155.0,1162.5,79000,149.2398342695874,152.51121004979632
2018/06/13,1162.5,1167.5,1155.0,1167.5,40000,149.74552077137653,152.92259677486066
2018/06/14,1162.5,1165.0,1140.0,1162.5,79000,151.3271377914794,154.46326086132572
2018/06/15,1170.0,1185.0,1160.0,1165.0,93000,149.51807591000568,152.84130365019956
2018/06/18,1157.5,1157.5,1132.5,1137.5,72000,148.55641780061367,152.2238074257474
2018/06/19,1140.0,1142.5,1095.0,1112.5,99000,148.01866797312636,151.1638572828309
2018/06/20,1122.5,1122.5,1072.5,1107.5,106000,147.0393954724673,151.4181549015643
2018/06/21,1112.5,1122.5,1102.5,1105.0,70000,145.0737746185779,150.5887425500365
2018/06/22,1102.5,1102.5,1080.0,1097.5,72000,145.9171592932249,150.7114709804283
2018/06/25,1097.5,1097.5,1010.0,1052.5,194000,141.19842754548114,145.9956228011754
2018/06/26,1032.5,1037.5,985.0,1025.0,222000,136.45308789302152,140.97838671015785
2018/06/27,1027.5,1055.0,1020.0,1052.5,89000,140.9341430213456,145.38227326058325
2018/06/28,1047.5,1072.5,1040.0,1067.5,134000,143.5898967193658,148.72244525938777
2018/06/29,1067.5,1085.0,1045.0,1080.0,54000,144.24278295266433,149.55470938613536
2018/07/02,1080.0,1087.5,1060.0,1065.0,69000,146.15736338345476,151.3716844817553
2018/07/03,1065.0,1065.0,1030.0,1047.5,97000,144.3000002279626,149.22516071592895
2018/07/04,1040.0,1067.5,1032.5,1067.5,82000,146.2387413890795,151.17870192649477
2018/07/05,1057.5,1065.0,1035.0,1042.5,104000,140.70766045407154,146.14789079194279
2018/07/06,1050.0,1072.5,1050.0,1072.5,49000,142.17247418729298,147.67195676078046
2018/07/09,1070.0,1080.0,1060.0,1080.0,75000,142.53057579991975,147.71539682463043
2018/07/10,1085.0,1097.5,1070.0,1085.0,100000,142.55157184482988,148.55411915496774
2018/07/11,1075.0,1082.5,1060.0,1075.0,81000,142.2549358388318,147.70588380537154
2018/07/12,1075.0,1090.0,1075.0,1087.5,66000,141.74868508309268,148.18559382057802
2018/07/13,1090.0,1095.0,1085.0,1095.0,35000,140.27335063624727,148.02915821637026
2018/07/17,1105.0,1120.0,1095.0,1120.0,162000,143.0281849033786,150.73174681677233
2018/07/18,1110.0,1155.0,1110.0,1135.0,123000,143.95761686456615,151.79375201266177
2018/07/19,1135.0,1145.0,1122.5,1142.5,76000,146.52239228438097,154.54667805815535
2018/07/20,1150.0,1150.0,1110.0,1115.0,65000,143.0972002543914,150.94553220243688
2018/07/23,1107.5,1112.5,1100.0,1107.5,24000,142.12504952449586,148.61750882264232
2018/07/24,1117.5,1125.0,1105.0,1117.5,36000,137.11375022566955,143.17935449734495
2018/07/25,1112.5,1125.0,1110.0,1117.5,42000,137.13406002653258,142.97487554753204
2018/07/26,1122.5,1132.5,1107.5,1132.5,35000,140.80952675268756,145.9286005027829
2018/07/27,1132.5,1145.0,1130.0,1132.5,36000,140.17391298955525,145.6255389479737
2018/07/30,1120.0,1127.5,1112.5,1127.5,48000,140.35028464462846,145.37218418391464
2018/07/31,1125.0,1125.0,1105.0,1115.0,38000,139.65341447296217,146.38023171661908
2018/08/01,1110.0,1125.0,1107.5,1115.0,47000,137.18263348350465,143.51312660517044
2018/08/02,1110.0,1120.0,1102.5,1105.0,29000,137.9805935908391,144.6189508209392
2018/08/03,1107.5,1107.5,1085.0,1090.0,36000,135.98578049536542,143.7305846810599
2018/08/06,1087.5,1092.5,1085.0,1087.5,23000,135.5318533573206,143.8799284275075
2018/08/07,1080.0,1087.5,1072.5,1087.5,50000,133.26855786561265,141.46299265962207
2018/08/08,1085.0,1092.5,1080.0,1085.0,30000,129.11651156485559,137.35691682177688
2018/08/09,1080.0,1085.0,1070.0,1075.0,62000,125.5570577310832,133.65501084896226
2018/08/10,1075.0,1087.5,1047.5,1060.0,110000,128.5466147292476,136.38415867969488
2018/08/13,955.0,980.0,952.5,960.0,115000,118.76661667820171,126.20745830434427
2018/08/14,962.5,975.0,947.5,960.0,82000,115.01472166158213,122.96164931664002
2018/08/15,950.0,965.0,935.0,940.0,37000,115.60209825633747,123.81863151125229
2018/08/16,920.0,925.0,897.5,902.5,79000,107.55185691528368,115.94749256470207
2018/08/17,907.5,945.0,905.0,937.5,70000,111.13650142674103,119.61746613499346
2018/08/20,937.5,937.5,927.5,930.0,26000,111.29472634519495,120.09741194128063
2018/08/21,922.5,925.0,862.5,870.0,128000,102.5624937350236,111.33838802550436
2018/08/22,877.5,892.5,870.0,887.5,80000,104.93882530798855,113.758083530992
2018/08/23,895.0,897.5,892.5,897.5,24000,103.68861855814234,112.57110484639281
2018/08/24,900.0,905.0,897.5,897.5,18000,99.67085492462219,108.20368895465171
2018/08/27,897.5,917.5,897.5,912.5,33000,98.84886653598808,107.23891966727226
2018/08/28,925.0,932.5,920.0,925.0,41000,97.82906348680945,106.35383012886341
2018/08/29,925.0,937.5,925.0,937.5,19000,99.73649596638859,107.96135861074494
2018/08/30,947.5,947.5,935.0,945.0,35000,101.47629375368928,109.85691563071383
2018/08/31,940.0,955.0,937.5,937.5,33000,98.4603799540923,106.70270529526968
2018/09/03,937.5,940.0,905.0,912.5,40000,95.60273251337283,103.72771548122877
2018/09/04,910.0,910.0,892.5,892.5,31000,96.18921081969923,104.25962058454388
2018/09/05,895.0,945.0,895.0,937.5,133000,101.41259990148485,110.45894080200078
2018/09/06,937.5,985.0,937.5,970.0,168000,105.90556650882455,115.95275077357667
2018/09/07,970.0,970.0,957.5,965.0,56000,107.59042088888215,117.80576750008306
2018/09/10,955.0,980.0,955.0,980.0,30000,108.37417358266126,118.51190347160856
2018/09/11,1000.0,1002.5,985.0,997.5,82000,106.79663799732265,117.2445266512096
2018/09/12,1007.5,1007.5,985.0,1007.5,81000,109.31242114542765,120.41219430334644
2018/09/13,1010.0,1010.0,982.5,997.5,65000,108.22074161354378,119.00808725921333
2018/09/14,990.0,1000.0,987.5,992.5,80000,104.98360919709842,115.46196396033382
2018/09/18,987.5,1000.0,985.0,1000.0,101000,106.02251643881672,115.92950561891959
2018/09/19,1017.5,1042.5,1017.5,1037.5,77000,110.23533896069647,120.01126691836572
2018/09/20,1037.5,1045.0,1015.0,1045.0,63000,111.9162567818083,121.55968879417863
2018/09/21,1055.0,1072.5,1052.5,1060.0,63000,112.66390915264502,122.260742674693
2018/09/25,1075.0,1092.5,1055.0,1092.5,79000,112.45533712210762,121.54656793788953
2018/09/26,1081.0,1103.5,1053.0,1103.5,12400,113.13701279269459,122.5835684391471
2018/09/27,1069.0,1086.5,1034.5,1062.0,18800,107.54604639719594,117.0272033671576
2018/09/28,1059.0,1090.0,1052.5,1080.5,13600,107.91664980900381,117.8428863431561
2018/10/01,1100.0,1126.5,1086.5,1108.5,19300,109.40880646113449,119.70542793317598
2018/10/02,1104.0,1104.0,1083.5,1086.0,18600,107.25418566649434,116.6165259674812
2018/10/03,1086.0,1089.0,1074.0,1078.0,17200,103.9117853107024,113.50270118489317
2018/10/04,1078.5,1098.0,1063.0,1076.0,17800,106.4123623588624,115.52766169338975
2018/10/05,1055.5,1087.5,1051.0,1078.5,20200,104.53971276913872,113.0957948298172
2018/10/09,1096.0,1129.5,1084.0,1117.0,31700,105.71437113619058,114.68286120953337
2018/10/10,1124.0,1125.0,1087.0,1095.0,30200,105.15981769286056,113.87843491899383
2018/10/11,1050.0,1072.0,1027.5,1030.5,27600,98.79753756762196,106.40335512526788
2018/10/12,1027.5,1060.5,1015.5,1038.0,13100,100.00907811820936,107.67564938901324
2018/10/15,1037.0,1044.0,1011.0,1011.0,15400,101.03567968570748,108.62761751980521
2018/10/16,1011.0,1021.5,995.5,1009.5,13900,99.4989795110612,107.36539659253184
2018/10/17,1012.0,1047.5,1012.0,1033.5,8200,104.49959558474828,112.43184201898711
2018/10/18,1019.5,1043.0,1014.0,1014.5,8400,105.53180103622861,113.14467738475162
2018/10/19,1000.0,1012.5,1000.0,1003.0,6700,106.13022716450926,113.93225231611422
2018/10/22,1000.0,1015.0,996.5,1007.5,9100,105.35096783378879,113.04399698498217
2018/10/23,999.0,1004.0,983.0,983.0,12800,105.8497250872765,113.72194109763957
2018/10/24,997.5,1019.0,991.5,1008.0,14200,106.21967977335498,114.59773424877568
2018/10/25,965.5,993.5,964.0,965.0,23200,106.63485123274705,114.29330162183784
2018/10/26,973.0,991.0,962.5,977.0,20900,107.97815419310035,115.33521359848575
2018/10/29,985.0,1000.0,947.5,950.5,21100,104.9584698495185,112.35002155643829
2018/10/30,933.5,977.0,933.5,973.0,21400,102.90063257909054,109.92650962225356
2018/10/31,981.0,999.5,964.0,997.0,31600,104.31959362549361,110.70595146065554
2018/11/01,997.5,1009.5,981.0,990.5,20300,105.30819615107023,111.38996277491687
2018/11/02,991.5,1013.0,980.5,1002.5,12200,101.11761992906922,107.80345841267984
2018/11/05,993.5,1009.5,983.0,995.5,7800,101.99194754203182,108.24952954550086
2018/11/06,989.5,996.5,979.5,983.5,6400,101.85743292208022,107.47405399704704
2018/11/07,977.0,991.0,969.5,979.0,8000,101.06504929283251,107.1499254091132
2018/11/08,982.5,1012.5,982.5,988.0,13100,97.55092958549086,103.44549348540097
2018/11/09,992.5,1007.5,972.5,989.0,10400,96.01571894590822,101.36660387594685
2018/11/12,992.0,1023.0,989.0,1004.5,19800,102.74928261369757,109.05981960848257
2018/11/13,994.0,994.0,942.5,946.5,17700,97.36479867154966,103.01933263994003
2018/11/14,959.5,959.5,905.0,912.0,21900,92.65401172663947,97.64182958162851
2018/11/15,901.5,924.0,901.5,917.0,11800,88.6817298972665,92.98799545181441
2018/11/16,917.0,920.5,886.0,888.0,12200,83.58499484147873,87.58845554227854
2018/11/19,896.5,896.5,879.0,889.5,11900,84.02409811801414,88.49892780739414
2018/11/20,893.0,898.5,877.0,886.5,14400,82.39187765950136,86.42696374273442
2018/11/21,884.0,910.5,867.5,906.0,36600,83.77768912669694,87.9802461801237
2018/11/22,907.5,907.5,884.0,900.0,7700,80.30819179403763,84.26200965942556
2018/11/26,910.5,910.5,894.5,902.0,12300,77.36260297312938,81.65250528539362
2018/11/27,905.0,908.0,898.0,902.0,12000,80.86957541754262,85.0916850292966
2018/11/28,910.0,910.0,894.5,898.0,5100,80.97469753491083,85.83602540420151
2018/11/29,902.0,907.5,883.5,894.5,8600,82.07437220502943,86.82970243037545
2018/11/30,894.5,894.5,876.0,883.5,13800,81.62878470667097,86.14417766636126
2018/12/03,903.5,906.5,883.0,904.5,20300,82.70953215811913,86.98940044296025
2018/12/04,899.5,899.5,864.5,868.0,17200,82.508846152521,87.27923976608193
2018/12/05,863.5,877.5,851.5,854.0,12300,80.37587450023807,85.49168193791228
2018/12/06,854.0,858.5,809.0,810.0,31400,75.16952009954356,79.67517304289238
2018/12/07,810.0,818.0,780.5,787.0,31400,73.93834452624817,78.21545988107374
2018/12/10,787.5,787.5,767.0,770.0,21200,74.15468574284361,78.2417206667369
2018/12/11,776.0,799.0,755.5,760.0,21800,73.53426840767683,78.36024803157599
2018/12/12,770.0,803.5,770.0,782.5,12300,73.76718376515835,78.92351657338666
2018/12/13,794.0,799.0,780.5,787.0,13700,72.61041795371467,78.06821132336638
2018/12/14,787.0,788.5,777.5,781.5,14800,71.859166443273,76.71560170981606
2018/12/17,777.5,787.5,776.5,782.5,10400,70.16852780916726,75.14116303177984
2018/12/18,765.5,769.5,730.5,738.5,22600,67.06871015332985,71.94307626871452
2018/12/19,734.0,743.5,726.0,735.0,15700,65.04432875468348,69.79062007389511
2018/12/20,735.0,735.0,697.5,701.0,23000,63.904704394832166,68.4660497459202
2018/12/21,693.0,694.5,665.0,690.0,32900,63.58082080843756,68.80761138607365
2018/12/25,649.5,688.0,637.0,637.0,21200,59.59041598332898,64.35676921163814
2018/12/26,632.5,673.0,632.5,655.5,20800,59.54487877760969,64.20682332099908
2018/12/27,692.0,736.0,692.0,734.5,16000,64.73839421438412,69.10691210696683
2018/12/28,734.5,742.5,730.0,738.0,17700,67.01847380320423,71.67878326835286
2019/01/04,732.5,750.0,730.0,743.0,14300,66.22958910017807,69.82748207496942
2019/01/07,752.0,759.0,746.0,747.0,7200,66.84697622321998,70.15580129672689
2019/01/08,747.0,755.0,746.5,750.5,6400,66.61147296707556,70.21063579768952
2019/01/09,752.0,761.5,750.0,757.0,7000,68.20575872031223,72.18919650501192
2019/01/10,752.0,762.0,748.0,760.5,11100,70.00117963429427,73.8488090299688
2019/01/11,753.0,769.5,753.0,764.5,17300,69.25482388329715,73.1128515601801
2019/01/15,763.5,773.5,757.5,765.5,4900,69.8230821815418,73.575711803505
2019/01/16,766.5,786.5,761.5,778.5,16000,71.85400659307753,75.67055071096365
2019/01/17,778.5,789.0,773.0,778.5,13000,73.12509969834643,76.35660243064277
2019/01/18,789.5,798.5,784.5,790.5,11400,72.5645089518204,76.4200036377582
2019/01/21,807.0,819.0,788.5,797.5,18300,73.33643771299555,77.06001519436674
2019/01/22,797.5,806.0,793.5,800.0,6700,72.9683770575775,76.5913306954428
2019/01/23,799.0,799.0,786.0,797.5,7700,72.28976452970343,76.42038843995603
2019/01/24,802.0,802.5,795.0,798.5,2600,73.05060099160579,77.07567092613719
2019/01/25,795.0,814.5,794.5,803.5,12700,71.97298320747,75.92408772078902
2019/01/28,803.5,815.0,791.0,807.0,14700,71.17356755929075,75.18914581590138
2019/01/29,799.0,805.5,790.0,800.0,9900,69.76503452358291,73.86212785236606
2019/01/30,800.0,800.0,790.0,792.0,9700,71.19426004570816,75.04316954267597
2019/01/31,792.5,817.0,791.5,811.0,25900,71.07760233067776,75.01880580225513
2019/02/01,803.5,807.0,793.0,796.5,9100,69.262570677695,73.70880885080385
2019/02/04,796.5,818.0,796.5,812.0,11100,69.57961759643938,73.88367250991176
2019/02/05,817.0,842.0,811.0,839.0,6500,72.18451846376949,76.68783105787963
2019/02/06,836.5,836.5,819.5,830.5,6500,71.9154498069012,76.70747055972623
2019/02/07,830.5,830.5,809.5,810.0,4200,70.3277420316562,75.02257233237536
2019/02/08,803.0,807.5,788.0,796.0,8300,70.4912603706939,75.41684019064157
2019/02/12,801.0,845.0,801.0,842.5,19400,80.93051292050511,86.76816604637438
2019/02/13,842.5,842.5,825.0,834.5,17500,77.48328826148105,82.97327232536516
2019/02/14,835.5,840.0,834.0,836.0,5600,78.05639230677683,83.13346313992416
2019/02/15,834.5,834.5,814.5,828.0,13800,78.22455373572261,82.91219635058752
2019/02/18,848.0,870.0,847.0,864.5,11700,78.75128550921208,83.8478976492309
2019/02/19,868.5,872.5,863.5,867.5,5900,77.9779740587659,83.11791974994479
2019/02/20,876.5,878.5,864.5,868.5,5700,76.58973443945968,81.56911181410852
2019/02/21,869.0,869.5,857.0,860.0,3400,75.24030630219768,80.40721209610328
2019/02/22,865.5,865.5,847.5,854.5,4700,73.52722799769259,78.70920052006359
2019/02/25,860.5,862.0,846.5,860.0,5100,73.74859970683461,78.47311423289149
2019/02/26,854.5,854.5,841.0,844.5,3300,71.81490418032271,76.16403348323243
2019/02/27,844.5,853.0,844.5,852.0,4200,69.91788604088694,74.52683127576285
2019/02/28,857.0,857.0,840.5,842.5,5600,69.30102179601451,73.8427581596831
2019/03/01,842.5,852.0,842.5,846.5,3500,67.4797709907303,72.76626101801831
2019/03/04,855.0,856.5,843.5,846.0,7200,66.59288046509349,71.9126270455465
2019/03/05,836.5,845.0,834.0,844.0,7400,67.09797862163899,72.14486455429929
2019/03/06,844.0,871.0,830.5,861.0,18600,68.7450031932398,73.6946345258318
2019/03/07,853.0,854.0,831.5,842.5,7500,67.80177081979697,72.68382664097118
2019/03/08,826.0,837.5,822.0,826.0,13600,70.1395947502116,74.9387661936313
2019/03/11,825.0,835.5,823.0,835.5,5000,69.89013490018483,74.4904121616419
2019/03/12,842.0,859.0,838.0,855.0,8600,70.58304876976932,75.35456968972186
2019/03/13,849.5,852.5,828.0,831.5,5100,69.5723483945239,74.4733578127885
2019/03/14,833.0,840.5,825.5,834.0,6000,70.30886415904459,75.3540903412779
2019/03/15,835.0,846.0,825.0,826.5,8100,69.74485733986737,74.78962692026981
2019/03/18,834.0,837.0,822.5,836.0,11500,72.18979756150833,77.3158970197437
2019/03/19,833.5,833.5,819.5,822.0,9400,69.94981634158567,75.20533507342371
2019/03/20,822.0,831.0,818.0,827.5,9500,70.67108344431577,75.67703061403486
2019/03/22,828.0,837.0,822.0,836.0,6900,69.60513326971473,75.1726422080428
2019/03/25,824.0,826.5,809.0,809.5,7500,70.60415781878584,75.56766658734395
2019/03/26,819.5,847.5,817.5,847.5,23600,71.44975799213172,76.22518082734618
2019/03/27,811.5,842.5,811.5,840.5,10600,72.37122627703965,77.68366871803447
2019/03/28,839.5,839.5,816.0,818.5,8400,70.07460905402412,74.99125936988163
2019/03/29,820.0,820.0,797.0,804.5,8300,67.96886372276636,72.44340982258602
2019/04/01,806.5,830.5,806.5,828.5,10100,68.6550351565522,73.01416575381187
2019/04/02,818.0,830.0,818.0,820.0,9100,67.93954161859051,72.5409184169086
2019/04/03,820.0,820.5,804.0,809.5,7600,65.01626041227541,69.66118250486846
2019/04/04,794.0,816.0,794.0,801.0,8900,63.08835769936376,67.40691822203809
2019/04/05,800.5,815.0,800.5,814.0,5400,62.285675872784616,66.60268746666863
2019/04/08,814.0,815.0,798.0,800.5,2400,62.42133132253074,66.75110800141768
2019/04/09,797.0,797.0,781.5,787.5,7900,60.43771909579579,64.68792325530191
2019/04/10,775.0,791.5,775.0,786.5,6000,60.732274551665064,65.17775157226286
2019/04/11,784.0,784.0,773.0,774.0,4400,60.80144174618168,65.19370964892885
2019/04/12,771.5,771.5,758.0,762.5,5300,57.63178500069072,62.34352797449034
2019/04/15,762.5,794.0,759.0,792.0,12400,60.121982729794446,65.10087760302999
2019/04/16,790.0,790.0,773.0,778.0,4100,61.314908052744954,66.33408425005165
2019/04/17,775.5,780.0,769.0,772.5,5500,60.262503059933934,65.0093320866502
2019/04/18,772.0,775.0,759.0,760.5,6500,59.80267775749274,64.51438581005439
2019/04/19,766.5,770.5,763.5,769.0,4800,59.394401740185785,64.43516686067493
2019/04/22,809.0,818.0,785.0,793.5,19000,62.36064205397051,67.8493295635677
2019/04/23,794.5,814.0,790.0,812.0,10400,64.49765660635165,70.27274413917442
2019/04/24,818.5,829.5,803.5,804.5,9900,63.26563280766027,69.32752272317491
2019/04/25,811.5,827.0,802.5,824.5,7500,65.47179644339572,71.56911077685588
2019/04/26,810.5,810.5,801.0,807.0,9500,65.42831022103529,71.20132753297231
2019/05/07,806.0,810.0,777.5,787.0,9200,61.44477420323995,66.58072366171986
2019/05/08,755.0,767.0,754.5,756.0,13900,62.9892985221423,68.46922827062201
2019/05/09,755.5,755.5,739.5,742.5,14000,62.19046693797914,67.82051331788121
2019/05/10,743.5,758.5,732.5,732.5,15100,61.73988624957714,67.08149314880707
2019/05/13,732.5,733.0,706.5,707.5,43400,58.49870913433344,63.52904803465158
2019/05/14,701.0,707.0,683.5,698.5,17000,59.10537275338291,64.17516815162091
2019/05/15,703.0,718.0,692.5,712.5,12700,60.50724990511406,65.79924935471881
2019/05/16,714.5,719.5,704.0,709.5,16800,60.69455351825359,65.83585466696714
2019/05/17,711.0,722.5,710.0,720.5,6500,61.218172886070974,66.25914592829679
2019/05/20,732.5,747.5,717.0,736.5,28400,62.74548670779539,67.77884423209738
2019/05/21,736.5,741.5,725.5,734.5,27600,63.54948701113133,68.72438885382202
2019/05/22,737.5,741.5,727.0,730.5,13400,63.573080459973575,69.31682221268096
2019/05/23,730.5,733.5,713.5,713.5,17900,63.46975054086573,68.96181766931268
2019/05/24,710.0,732.5,704.5,720.5,16500,65.19150417264594,70.48950900280492
2019/05/27,721.0,734.0,721.0,727.5,13000,65.43189516166397,70.55649261008192
2019/05/28,735.5,739.0,723.5,726.0,23900,63.361399036313315,68.43992214957673
2019/05/29,724.0,783.5,721.5,776.0,65500,68.50578447774424,73.84196063345217
2019/05/30,769.0,781.0,755.0,767.0,24400,68.32943562512203,73.5190802126673
2019/05/31,763.0,769.5,737.0,739.5,21600,67.44596942857207,72.48630841611707
2019/06/03,730.0,730.0,705.0,708.0,19900,64.43235751498084,69.27560794768132
2019/06/04,709.0,715.5,700.0,714.5,12400,66.17241075666858,70.94220920300323
2019/06/05,721.0,737.5,721.0,728.0,12000,67.61718728616628,72.13333104424545
2019/06/06,730.0,730.0,710.0,713.5,11500,65.32349994672839,69.7559547230112
2019/06/07,709.0,728.0,709.0,723.0,15400,65.88280471408272,70.48258114169592
2019/06/10,723.5,746.0,723.5,736.0,13500,67.44322960138108,71.91970345843858
2019/06/11,733.0,739.0,730.0,734.5,5800,68.17105386169652,72.55103360294265
2019/06/12,735.0,736.5,728.5,733.0,5400,68.24107972402754,72.72711496229776
2019/06/13,730.5,730.5,714.5,724.0,10900,67.33315189961432,72.07259288711256
2019/06/14,738.0,754.0,733.0,746.5,16200,69.34152572867669,74.11652416982663
2019/06/17,744.0,744.0,726.5,738.0,9900,69.6591493868752,74.64170645622083
2019/06/18,727.5,730.5,703.5,703.5,17500,67.17305298170804,72.14012621531988
2019/06/19,715.0,739.5,715.0,739.5,9200,70.5953198187093,75.25036734855377
2019/06/20,738.5,742.5,726.0,736.5,7300,70.47183158272561,74.80111673245113
2019/06/21,729.5,737.5,727.5,727.5,5300,70.21020485074729,74.81698300788585
2019/06/24,728.5,736.0,724.0,732.0,4400,72.98646431966309,77.66092539126937
2019/06/25,727.5,734.0,727.5,730.5,3900,75.12930403367535,79.9295126075544
2019/06/26,722.0,726.5,716.5,716.5,7000,71.90224811732313,76.821438958009
2019/06/27,716.5,740.5,716.5,736.5,5700,72.00713292469393,76.70969407156433
2019/06/28,734.0,734.0,726.0,726.0,7600,70.47209839940074,75.01210221013078
2019/07/01,732.0,756.5,732.0,751.0,9800,70.78240223043572,75.43035737005678
2019/07/02,749.5,752.0,745.0,750.0,5700,71.70196317083719,76.23588786407063
2019/07/03,750.0,750.5,744.0,750.0,5500,70.51372915395653,75.31540843169036
2019/07/04,750.0,762.0,747.5,761.5,15500,72.52232016837404,77.01630013027165
2019/07/05,761.0,774.0,755.5,774.0,14200,72.30641747128631,76.65220888443588
2019/07/08,771.5,779.5,768.0,776.5,13000,73.62706116644475,77.97423404619788
2019/07/09,776.5,786.5,776.5,780.5,12100,74.04279694695595,78.3868345951045
2019/07/10,781.0,785.0,771.5,777.5,11800,73.66481588367903,78.33506890074364
2019/07/11,778.5,798.5,778.5,794.0,11600,74.84805454669306,79.07254486121053
2019/07/12,799.5,822.0,795.5,822.0,13700,78.22359291976029,82.39099412247947
2019/07/16,862.0,862.0,830.5,842.0,22300,79.23544421355679,83.6278580717192
2019/07/17,834.5,857.5,832.5,856.0,20600,80.07309402233645,84.26234057604005
2019/07/18,846.0,870.0,828.5,833.5,25100,78.91079644690413,83.19244532275238
2019/07/19,844.5,862.5,844.5,853.5,16100,80.93619805385343,85.40700064926622
2019/07/22,856.0,861.0,833.5,856.5,9500,80.87585970567966,86.39635804742214
2019/07/23,860.0,872.0,856.5,858.0,16600,79.93760741698135,85.49185473389178
2019/07/24,866.5,894.0,866.5,894.0,31100,83.3337555741545,89.06056161870114
2019/07/25,905.0,905.0,884.0,897.5,14800,82.27393508345546,88.68846246964304
2019/07/26,882.5,890.0,869.5,876.0,23200,81.1174442338997,87.40378741600485
2019/07/29,883.0,902.0,876.0,883.5,12300,81.72327386656887,88.32938448166682
2019/07/30,877.0,892.5,877.0,892.5,8400,83.15828451380882,89.07311775343383
2019/07/31,890.0,900.0,884.0,893.5,7800,84.69639910222017,90.61098962708319
2019/08/01,886.0,888.5,875.5,885.0,8300,83.70273293064413,89.53058358439144
2019/08/02,878.5,878.5,849.0,855.0,18500,83.78953758216382,89.13738518050639
2019/08/05,859.0,859.0,825.0,842.5,13200,84.15280567651473,89.15049939104608
2019/08/06,820.5,862.0,815.0,858.5,13600,86.90925731398555,91.93893018339467
2019/08/07,853.5,863.5,847.5,860.0,6900,87.48291792397012,92.19788782155445
2019/08/08,859.5,871.5,844.5,870.0,5500,88.80988076925503,93.9716503332125
2019/08/09,879.0,892.0,874.0,881.5,8400,89.64625977745091,95.12258931600512
2019/08/13,881.5,883.0,837.5,838.5,31300,95.45939185370742,100.52724665673338
2019/08/14,847.0,878.5,847.0,875.0,16500,100.06628768984096,105.40933857385113
2019/08/15,865.5,867.5,855.5,865.0,11500,104.23550866937474,108.97643389860399
2019/08/16,868.5,872.5,862.0,866.0,7100,100.74971240733413,105.57298879904484
2019/08/19,866.0,879.5,866.0,875.0,7600,101.57075038067333,106.54116646946967
2019/08/20,878.5,880.5,872.0,879.0,15600,108.57160331931493,113.01362379861189
2019/08/21,874.5,875.5,870.5,872.0,6000,106.56409629150978,111.43219923476721
2019/08/22,873.0,874.5,866.0,866.0,6600,104.8295807550714,109.38258383349452
2019/08/23,866.0,869.0,857.0,858.0,7200,104.32685135367596,108.76859084632127
2019/08/26,850.5,858.0,842.0,844.0,9900,104.0820480134383,108.19539040257138
2019/08/27,846.0,864.0,846.0,864.0,7000,104.16958743092779,108.57534262978355
2019/08/28,863.5,863.5,851.5,859.0,5900,102.22487931136068,106.95054808154676
2019/08/29,859.0,865.0,851.0,852.0,10100,100.77181630380821,105.22199075827183
2019/08/30,858.0,872.5,857.0,865.5,15400,101.95483600805034,105.967160980514
2019/09/02,856.0,856.0,847.0,850.0,10000,102.57946216790444,106.4622576215417
2019/09/03,843.5,851.5,843.0,846.0,7700,104.31129958252347,107.80573422519615
2019/09/04,847.5,849.0,822.5,822.5,15300,95.94062926268751,99.27052780377079
2019/09/05,822.5,843.5,822.5,838.0,19700,92.13592320065442,95.28450789162413
2019/09/06,842.0,847.5,831.5,834.5,10900,90.99432569632643,94.75866470842234
2019/09/09,834.5,840.5,825.0,840.0,10500,89.95476346612134,93.25727106026376
2019/09/10,844.5,873.0,844.5,871.5,15200,92.56586211486326,95.27088377366113
2019/09/11,870.5,890.0,870.5,890.0,21500,92.45560811581642,94.34280593037802
2019/09/12,899.0,945.0,892.0,931.0,26500,97.88731813973995,100.05759304536804
2019/09/13,931.0,940.5,917.0,925.0,22500,97.88846585210037,100.07311790856166
2019/09/17,930.0,945.0,914.5,921.5,14200,98.09423984560927,100.44280370127214
2019/09/18,927.5,927.5,897.5,905.0,10800,94.02830102498534,96.94961194443523
2019/09/19,910.5,922.5,899.0,914.0,12600,93.93324833108774,96.77212512201889
2019/09/20,913.5,920.0,912.0,917.5,7900,93.57722954674324,96.61362822099736
2019/09/24,913.5,925.0,902.5,911.0,8400,90.33505565987903,93.63704635362564
2019/09/25,911.0,917.0,905.5,908.0,6400,89.80809827349495,92.5223716485878
2019/09/26,913.5,922.5,904.0,914.5,21200,92.9400134533288,95.49210681046421
2019/09/27,921.0,921.0,891.0,902.0,9600,92.0310351057417,94.56368679418115
2019/09/30,901.5,905.0,864.5,870.0,9300,87.46685294229503,89.8611724957606
2019/10/01,876.0,899.0,876.0,895.0,9200,91.39506943793758,93.77599149384982
2019/10/02,881.0,899.0,881.0,887.5,8900,91.14523008102844,92.97549387214895
2019/10/03,871.5,877.5,869.5,876.5,7800,91.51234221353405,93.52166233679957
2019/10/04,876.0,886.5,875.0,876.5,8500,90.27985027885894,92.62456129553853
2019/10/07,879.5,883.5,866.5,871.5,23100,85.66527578452032,87.36620546297766
2019/10/08,872.0,905.5,872.0,901.5,18400,87.7417670018366,89.59039072117287
2019/10/09,901.5,911.0,893.0,906.5,10900,90.69361396232057,92.31955156047047
2019/10/10,908.5,911.5,894.5,903.0,7700,91.85130753370777,94.30101301730251
2019/10/11,903.5,908.5,889.0,900.0,15400,90.2682151279034,92.53058834949609
2019/10/15,912.0,920.0,900.5,911.0,18300,91.63259024180597,94.01403919889816
2019/10/16,918.5,922.0,899.0,907.0,11600,89.19791354349154,92.19023943013289
2019/10/17,907.0,910.0,895.5,910.0,13300,90.52356618546943,94.14412115838432
2019/10/18,915.5,923.0,908.0,909.5,8400,90.83680497124728,94.63942127587359
2019/10/21,909.5,918.5,906.5,913.5,10800,90.93504198600438,94.38395900328783
2019/10/23,913.5,920.5,911.0,919.0,9000,89.0180366803135,91.9459086728445
2019/10/24,919.0,921.0,909.5,909.5,10100,88.1097752292953,91.79349305208241
2019/10/25,913.5,914.5,903.5,913.5,10100,86.87664246579862,90.52665052485854
2019/10/28,913.5,924.0,904.0,919.5,24200,89.47290900078656,93.28375684318038
2019/10/29,915.0,925.0,915.0,922.5,9600,88.55015611243059,91.88918330467641
2019/10/30,919.5,938.5,919.5,938.5,32100,90.33028094857546,93.0147197700912
2019/10/31,938.5,991.0,920.0,991.0,36400,94.64195041915153,97.95225293130243
2019/11/01,992.0,1015.0,987.0,1000.0,31500,97.10040198288512,99.28733521731223
2019/11/05,1000.0,1040.0,1000.0,1030.5,29900,99.80288991048938,102.62595414652009
2019/11/06,1030.5,1069.0,1027.5,1065.0,22300,103.09863940038395,106.08677051207036
2019/11/07,1051.0,1075.5,1048.0,1060.5,15500,103.45774483685884,106.27107924217951
2019/11/08,1063.5,1076.0,1056.0,1059.5,24800,101.90010294481746,105.25419851634949
2019/11/11,1062.0,1065.0,990.0,998.5,69400,94.87832641185211,97.53133691414583
2019/11/12,999.5,1010.0,978.0,1008.5,30400,98.80611017677748,102.11185971635916
2019/11/13,1012.0,1040.0,1012.0,1030.5,24800,105.8542999235371,109.06799399930725
2019/11/14,1040.0,1040.0,1011.5,1011.5,20100,103.92803394297823,107.33029497444898
2019/11/15,1012.0,1045.0,1008.5,1044.5,34000,109.4318568213757,112.95336023074762
2019/11/18,1044.5,1052.5,1038.0,1045.5,8000,109.52899773286711,113.17636664864152
2019/11/19,1049.0,1058.0,1043.0,1053.5,12700,110.11617680718304,113.8611203197934
2019/11/20,1053.5,1064.5,1046.0,1046.0,10000,107.26796915382808,110.31724881823568
2019/11/21,1053.5,1054.0,1018.5,1054.0,11300,110.03505954890514,112.92267906306162
2019/11/22,1055.5,1067.0,1055.5,1063.5,7400,111.2685378730976,113.78195989236109
2019/11/25,1074.0,1110.5,1072.5,1110.5,19200,115.28840483784073,117.9997131901392
2019/11/26,1111.0,1113.0,1095.0,1095.0,9700,114.01688827593179,117.01632761570464
2019/11/27,1100.0,1100.0,1071.0,1077.0,10200,113.48181329530141,115.91527105384397
2019/11/28,1078.0,1086.0,1073.5,1083.5,7900,115.19642330605755,117.68330431812497
2019/11/29,1084.0,1104.0,1077.5,1096.5,12600,119.08520630922261,121.77818886055405
2019/12/02,1096.5,1099.0,1090.5,1097.0,5100,116.3612826169977,119.48285900942099
2019/12/03,1095.5,1095.5,1074.0,1095.0,7200,118.90145404850925,121.899773250602
2019/12/04,1094.5,1100.0,1082.5,1100.0,4300,122.03608539795188,124.05803692467592
2019/12/05,1100.0,1112.5,1095.5,1106.0,7800,126.00381424902965,128.50018045188477
2019/12/06,1102.5,1112.0,1101.0,1112.0,3700,131.15781572151937,133.6340302289284
2019/12/09,1124.5,1127.0,1109.5,1117.0,9300,131.3748795217551,133.92352483672798
2019/12/10,1123.5,1132.5,1118.5,1124.0,14400,133.60339461711223,135.3929100895161
2019/12/11,1124.0,1124.5,1108.0,1112.5,7800,131.29855821695108,133.19093776614147
2019/12/12,1117.0,1123.0,1100.5,1119.5,7100,132.48057239208566,134.26138137184995
2019/12/13,1132.5,1156.5,1122.5,1146.5,32700,130.53251235555655,134.2417265634066
2019/12/16,1146.5,1147.5,1116.0,1122.0,10000,128.74720022369195,131.60851887528344
2019/12/17,1122.0,1148.0,1120.5,1148.0,19100,136.39098060514684,139.0181717966077
2019/12/18,1149.0,1149.0,1118.5,1125.0,12300,134.21822599050307,137.014625224227
2019/12/19,1125.0,1137.0,1125.0,1135.5,4400,138.41481809489605,141.55436501419445
2019/12/20,1142.5,1142.5,1113.5,1120.5,8500,137.50114511692388,139.4456745644383
2019/12/23,1120.5,1122.0,1103.5,1111.0,6900,140.25280824438568,142.75764125383355
2019/12/24,1107.5,1118.0,1105.5,1109.0,6500,139.94469341203254,142.59959798928833
2019/12/25,1113.5,1132.0,1089.5,1093.0,5600,135.50302757393905,138.65734248580083
2019/12/26,1094.5,1119.0,1088.5,1119.0,6300,127.84979100383711,132.1459870282826
2019/12/27,1126.5,1140.0,1110.5,1121.0,3900,127.53668968231764,130.94301634750613
2019/12/30,1124.0,1124.0,1081.0,1089.0,6600,121.19891689513234,125.26428600603836
2020/01/06,1082.0,1087.5,1053.5,1068.5,9800,123.523721409276,127.45318639333148
2020/01/07,1063.0,1087.0,1052.5,1081.5,14100,123.4949168161062,126.84370395775491
2020/01/08,1088.5,1100.0,1051.0,1097.5,14600,127.62549307089593,130.81023375108444
2020/01/09,1101.0,1122.0,1101.0,1118.0,5300,124.86382360859307,129.40544150399268
2020/01/10,1129.0,1129.0,1094.5,1099.0,3500,122.7136331795562,126.73467604369404
2020/01/14,1099.0,1099.0,1073.5,1090.0,7200,121.8255671368786,126.20800432406554
2020/01/15,1090.0,1090.5,1064.0,1079.5,8200,118.52344614888797,123.18087726751105
2020/01/16,1079.0,1079.0,1056.5,1061.0,6400,116.18117323859474,121.66182452166385
2020/01/17,1070.5,1077.0,1062.5,1076.0,7800,117.00679079702492,122.1670098053065
2020/01/20,1076.0,1098.5,1073.0,1086.0,8800,117.1534435451312,122.29456818404671
2020/01/21,1086.0,1100.0,1085.5,1087.5,4300,117.47238700923037,121.9486233911824
2020/01/22,1093.5,1107.5,1091.5,1102.0,7900,118.41522314506958,122.56621821872125
2020/01/23,1104.5,1145.5,1103.0,1130.5,7000,122.41480367003932,127.02336817968242
2020/01/24,1125.0,1129.0,1109.5,1122.5,8800,121.79760586571406,126.43386453883556
2020/01/27,1126.5,1126.5,1083.0,1083.0,19800,118.71013195600644,122.6091135830018
2020/01/28,1064.0,1067.0,1040.5,1063.5,20300,118.32959577803126,122.31761403254764
2020/01/29,1071.5,1072.5,1055.5,1065.0,11900,118.2336460535965,122.66844746770636
2020/01/30,1059.5,1069.0,1016.0,1026.0,19500,114.37430599679057,118.40665505520538
2020/01/31,1036.5,1040.0,1010.0,1015.0,12700,114.16058257447264,118.36856135288134
2020/02/03,984.5,996.0,982.5,988.0,7000,110.61452114436759,115.03122750883388
2020/02/04,989.0,1009.5,989.0,1009.5,5100,108.64572372674162,113.08067096906854
2020/02/05,1022.5,1042.5,1016.5,1018.5,11800,109.77614414215515,114.01116593111908
2020/02/06,1044.0,1064.5,1040.5,1061.5,8200,113.91007529943748,118.37811198917811
2020/02/07,1080.0,1082.5,1067.5,1075.5,6000,115.29625786606925,120.07866151917244
2020/02/10,1066.0,1066.0,1030.5,1035.0,5100,108.21339620648712,112.34433374951749
2020/02/12,1035.0,1035.0,1009.0,1016.5,6400,107.94078898065898,112.62620702784403
2020/02/13,1017.5,1017.5,997.5,1000.5,4900,106.17619813967016,111.06530028791681
2020/02/14,992.0,1008.5,984.5,1004.5,6100,107.0429585437766,112.36981342013421
2020/02/17,990.5,990.5,964.5,965.0,8300,100.98911213063579,105.94994131102027
2020/02/18,965.0,985.0,951.0,956.5,7100,101.2691617155066,106.3413659382849
2020/02/19,956.0,961.5,944.5,952.5,8000,100.4427694038912,105.84153973110992
2020/02/20,966.5,966.5,947.5,947.5,4000,100.7195346103462,106.16216641500922
2020/02/21,947.0,966.5,946.0,950.0,5800,101.85281094003751,106.89378670654285
2020/02/25,937.5,937.5,898.0,901.0,12600,101.23430239850208,106.62046452293652
2020/02/26,881.0,912.0,881.0,896.5,6100,101.1424924578926,106.15654710747025
2020/02/27,875.0,885.5,856.0,856.0,13200,98.99581979769924,104.16825402316276
2020/02/28,836.0,838.5,786.5,789.5,18100,95.29436430206133,99.73880830371309
2020/03/02,789.5,849.5,789.0,835.5,20300,100.97038184833538,105.34248755749954
2020/03/03,838.0,852.5,788.0,788.0,12500,96.2148918891304,100.44334926043294
2020/03/04,784.5,804.0,778.0,783.5,10400,93.14118664103216,97.82753676122458
2020/03/05,807.0,810.0,765.5,765.5,10000,91.4010764993295,96.01288048904692
2020/03/06,754.5,754.5,725.0,725.0,16800,88.93908608309951,93.79584092477369
2020/03/09,701.0,703.5,658.0,664.0,23200,85.2278050901543,90.48601845314714
2020/03/10,664.0,710.0,640.0,710.0,22300,89.88149958381973,94.77675192901656
2020/03/11,711.5,728.5,686.0,686.0,19000,90.46515131147613,94.82800650515117
2020/03/12,665.5,672.5,628.5,628.5,28700,86.43403459222262,90.13847436374512
2020/03/13,575.0,612.5,566.5,592.5,34200,88.2198782570711,91.05895496914759
2020/03/16,605.5,622.5,582.5,587.0,18200,89.14003145403572,91.64553687675003
2020/03/17,572.0,661.5,561.5,641.5,17100,98.93915241539437,99.06858961839406
2020/03/18,645.5,667.0,619.0,626.0,16000,97.73115229608416,96.10011638233273
2020/03/19,644.5,665.5,584.0,595.5,21100,93.06927725598256,89.7664253739974
2020/03/23,595.5,676.0,593.0,675.0,33900,103.57620930330194,101.8041856811784
2020/03/24,675.0,679.5,631.5,669.0,16000,93.49340398624956,95.80454101591671
2020/03/25,726.0,730.0,690.0,707.5,15100,92.06588592777737,95.09944273856726
2020/03/26,702.5,732.0,676.0,732.0,26100,100.78377570962967,101.16146648836558
2020/03/27,740.5,743.0,705.0,743.0,35300,101.00725973093336,100.71785933072898
2020/03/30,653.0,700.0,653.0,700.0,33900,95.2214676444041,95.10000080800786
2020/03/31,685.0,695.5,633.0,647.5,23200,89.76750080302618,90.70628473294242
2020/04/01,638.5,653.5,625.0,627.0,12500,93.09511611586098,92.97343677456642
2020/04/02,612.0,614.0,597.5,605.5,6000,92.1645513934778,92.08753773507208
2020/04/03,595.0,613.0,585.5,596.5,8200,89.67669498716016,89.90447712969267
2020/04/06,590.0,634.5,588.5,634.5,12600,92.85448704102745,93.30603289023696
2020/04/07,641.5,654.5,619.0,644.0,10900,94.0870936318283,94.33983192505441
2020/04/08,633.5,687.5,615.0,667.5,12700,95.10640256253255,95.71690948423468
2020/04/09,680.5,680.5,644.5,667.5,12700,96.7858164038368,97.77610336471677
2020/04/10,679.5,679.5,643.5,676.0,9700,99.44101499190565,99.52723092464223
2020/04/13,661.0,671.5,649.5,652.0,8300,95.83544918078137,95.32364062846102
2020/04/14,661.5,666.5,657.5,660.5,3400,96.06264821549911,96.32430520595175
2020/04/15,665.0,665.0,628.5,628.5,9700,92.71150853639708,92.51351625264273
2020/04/16,627.5,635.0,616.0,634.5,9500,95.54187339446158,94.73794900418747
2020/04/17,634.5,643.0,617.0,622.0,10700,90.24740011415243,90.66243921036347
2020/04/20,625.5,627.5,605.5,615.0,7100,87.54800669920225,87.5801617085139
2020/04/21,604.0,626.0,586.0,592.0,16600,84.17074392525174,83.56927897219481
2020/04/22,593.5,608.0,576.5,590.0,7600,85.07138865959463,84.03133080099181
2020/04/23,600.5,623.5,593.5,623.5,7300,86.82363685282895,85.925572566562
2020/04/24,631.5,640.5,627.0,637.5,5100,91.28631106800046,89.92566991277982
2020/04/27,642.0,685.0,642.0,685.0,9500,96.45685673418254,96.21633984446251
2020/04/28,691.0,705.0,673.0,698.0,11100,98.34722889273189,97.91379874308303
2020/04/30,705.0,710.0,699.0,700.0,7100,96.56547241933096,97.19633351608942
2020/05/01,699.0,699.5,659.0,678.5,5300,96.3395806545771,96.36806452746406
2020/05/07,679.5,686.0,669.0,674.0,5400,98.74401276697714,98.66252656913808
2020/05/08,689.0,704.0,676.0,703.0,6400,101.51743827642828,101.970825230453
2020/05/11,688.0,709.0,688.0,707.5,6500,103.92640552095926,104.08747686779863
2020/05/12,707.5,708.0,700.0,703.5,1800,104.18115140344439,104.68929031249328
2020/05/13,673.5,684.5,670.0,676.5,7800,99.26447177224024,99.4195247457897
2020/05/14,691.5,691.5,653.0,659.0,3300,98.23750346243685,98.72537971503196
2020/05/15,697.0,697.0,655.5,663.0,5300,97.58822792756598,98.37952396539342
2020/05/18,648.5,700.5,646.0,700.5,8000,100.62966429146665,101.34488441279359
2020/05/19,701.0,704.0,683.5,704.0,6500,99.78302622393058,99.99152316223197
2020/05/20,705.5,706.5,700.5,702.0,4200,99.30985037191108,99.41095379079334
2020/05/21,709.5,720.0,699.0,716.5,4000,103.34640054512249,103.7451171409425
2020/05/22,719.5,719.5,708.5,708.5,1700,101.8508319337738,102.55386333512075
2020/05/25,709.0,724.5,709.0,724.5,3700,101.70468190640204,102.55762338947596
2020/05/26,724.0,731.5,716.5,727.5,9500,100.15465021007725,101.26827030118572
2020/05/27,725.0,726.5,705.0,721.0,8600,91.10845294182678,92.12924169814272
2020/05/28,721.5,753.0,711.5,753.0,9300,93.81263265776963,95.35146962136793
2020/05/29,753.0,753.0,727.5,740.0,5400,94.22809573752492,96.77889207379638
2020/06/01,747.5,754.0,745.5,753.5,3800,98.45985026188059,101.69188646543768
2020/06/02,753.5,770.5,753.5,759.5,4600,97.1704352726565,100.36684632270314
2020/06/03,760.0,768.0,754.0,764.5,5600,96.48001420325588,100.48241337670305
2020/06/04,774.0,798.5,766.5,798.5,5400,102.43716695901541,106.40683621183085
2020/06/05,795.0,800.5,776.0,783.5,4700,98.98789062695897,102.9854037710565
2020/06/08,823.0,823.0,794.0,809.5,10500,100.28859343752741,104.74042157558581
2020/06/09,809.5,810.0,801.5,805.5,2300,100.70568074125681,105.14692416510103
2020/06/10,808.5,809.5,802.5,802.5,1800,100.03546750045398,104.73159222966541
2020/06/11,795.5,795.5,771.0,772.5,3100,99.85761346532338,103.51455497135356
2020/06/12,737.0,764.0,737.0,742.5,5200,94.16402851026136,97.94625280877582
2020/06/15,748.0,756.0,725.0,732.0,7000,97.31228841552121,99.76755566560111
2020/06/16,737.0,775.0,727.5,761.5,4300,100.52959104428949,103.84392815622725
2020/06/17,761.5,798.5,761.5,798.5,3200,102.58376359800587,105.81347611283647
2020/06/18,797.0,797.0,785.5,793.5,3900,103.43753490800121,106.16108106604636
2020/06/19,785.5,785.5,765.0,777.5,4400,101.07178773452421,104.38131303262685
2020/06/22,767.5,772.5,749.5,752.5,5700,97.52574193244217,100.7596259615114
2020/06/23,746.5,746.5,716.0,730.5,11100,93.98981331807796,97.2497700265888
2020/06/24,735.5,735.5,715.5,715.5,5600,93.44484327451829,96.94391410669965
2020/06/25,701.0,702.5,677.5,680.0,12900,88.50590953219643,91.82137542469539
2020/06/26,693.0,722.5,677.5,689.0,12900,89.69233419367836,93.32543477233108
2020/06/29,689.5,689.5,645.5,674.0,12000,88.6654311332985,91.81106574983478
2020/06/30,674.5,679.5,655.0,664.5,11200,86.47775552378984,90.36600909691617
2020/07/01,657.5,661.5,616.5,616.5,25800,80.40314893997903,84.3866788854876
2020/07/02,622.5,630.5,616.5,619.5,5600,79.723371405978,83.83204529433817
2020/07/03,623.0,649.0,620.5,649.0,5500,81.7447115192454,86.02425950647734
2020/07/06,640.0,666.0,640.0,665.5,3600,81.25242527217463,85.77301411278856
2020/07/07,665.5,674.5,660.0,661.5,6400,80.81998873437529,84.92484250609004
2020/07/08,657.5,669.0,642.5,643.5,4000,79.42654114914541,83.51414322897077
2020/07/09,641.0,656.5,633.0,635.0,5100,76.83052696831176,81.07333231881483
2020/07/10,633.0,644.5,628.0,628.0,21400,74.32577167456992,78.44486052523818
2020/07/13,634.0,641.0,625.0,633.0,13500,71.0554606268053,74.97359648691257
2020/07/14,629.0,636.5,618.0,636.5,37600,72.07381159377232,75.76721452862499
2020/07/15,641.5,653.5,639.5,653.5,12000,71.4314981334275,75.28200477876065
2020/07/16,659.5,662.5,649.0,649.5,3500,72.02415519172821,75.71409090314741
2020/07/17,649.5,653.5,647.0,653.5,2900,72.41955651012056,76.08593280344792
2020/07/20,661.5,661.5,646.5,654.0,5700,71.98543028009755,75.35694382531769
2020/07/21,654.0,655.0,648.5,655.0,3100,72.12590313172291,75.66892273477059
2020/07/22,655.0,658.0,650.0,651.5,1900,69.5370060774231,72.9734025586096
2020/07/27,636.5,679.0,636.5,679.0,4700,73.13506179071481,76.45762648271895
2020/07/28,675.0,675.0,656.0,666.0,2100,71.4993899144043,74.92906370256898
2020/07/29,654.0,664.5,646.5,647.5,3100,69.63480691616748,73.22101995564903
2020/07/30,647.5,664.0,640.5,664.0,5200,72.3472900606858,76.3870198339227
2020/07/31,675.0,675.0,638.0,645.5,7300,73.33113411503575,77.38442722807275
2020/08/03,648.0,651.0,640.5,649.5,10400,71.96850654243538,76.2434213511095
2020/08/04,649.5,675.0,649.0,675.0,6000,71.6999586786279,75.79293672587055
2020/08/05,667.5,670.5,663.0,670.5,1400,71.04537609828682,75.21802578002668
2020/08/06,670.5,670.5,660.0,660.0,2000,69.68702314557777,73.35500056511627
2020/08/07,660.0,665.0,644.0,647.0,3900,67.99017420080303,71.36187943521078
2020/08/11,647.0,675.0,647.0,675.0,5000,72.38082835424854,75.45601066171389
2020/08/12,660.0,662.5,650.0,661.0,8000,68.30459932766223,70.55396927227426
2020/08/13,660.5,666.0,658.0,666.0,4800,67.57606249162444,70.34317817465755
2020/08/14,664.5,666.5,663.0,665.5,2900,67.37566142069447,70.31066956443092
2020/08/17,673.5,673.5,656.5,660.0,4900,67.15446038326367,70.01725481287187
2020/08/18,665.5,665.5,656.0,656.0,4500,66.94464376600205,69.80826232294291
2020/08/19,651.5,654.0,646.5,654.0,2500,66.912675606572,69.59853878901683
2020/08/20,657.0,657.0,643.0,643.0,6100,66.93952491512515,69.55358308484502
2020/08/21,652.5,654.0,649.0,649.0,3500,68.34964962757788,70.8400750403544
2020/08/24,664.0,664.0,645.0,648.5,6500,67.72907174668613,70.66425341302688
2020/08/25,648.5,652.0,648.5,650.0,1900,66.05813611516547,68.95736950963752
2020/08/26,650.0,650.0,649.0,649.0,1200,66.43296879346535,69.31471406571438
2020/08/27,655.0,655.0,648.0,650.5,3800,67.3099498409137,70.40957595803891
2020/08/28,650.0,659.5,642.5,653.0,9400,68.26558422324834,71.07515690336508
2020/08/31,650.0,657.0,650.0,650.0,2500,68.14409738145662,71.13194707489117
2020/09/01,656.0,657.0,651.0,657.0,3100,69.2253566929381,72.61206980439435
2020/09/02,657.5,660.0,657.5,659.0,3000,71.1675080058675,74.36737636084419
2020/09/03,667.0,674.5,659.0,659.0,4300,70.66494000731032,73.9740004221866
2020/09/04,658.5,658.5,653.0,653.5,1600,71.54127611059754,74.4592742744595
2020/09/07,653.0,661.0,652.5,659.0,1800,72.43327972312024,75.59498591017669
2020/09/08,662.0,670.5,659.0,670.5,4300,70.714968953884,73.95073820443876
2020/09/09,671.5,688.5,666.5,681.5,8700,71.80302322255302,75.53609727282786
2020/09/10,696.0,696.0,667.5,675.0,10400,67.89749274477808,71.17476785540275
2020/09/11,680.0,683.0,675.5,679.5,6700,69.00854839140085,72.2579064424676
2020/09/14,679.5,683.0,677.0,683.0,4400,69.21683220765671,72.47889361514468
2020/09/15,692.5,692.5,682.5,689.0,3500,70.1357135108861,73.57278843308602
2020/09/16,689.0,716.5,682.0,715.0,6600,73.90748664202717,77.19272439176044
2020/09/17,715.0,715.0,704.0,710.0,3800,73.43356415520873,76.60236650796635
2020/09/18,716.0,717.0,707.0,716.0,9400,73.75809703276255,76.60718076214368
2020/09/23,708.5,718.0,708.5,718.0,5200,74.5825576402853,77.91251183037394
2020/09/24,718.0,718.0,712.0,714.0,4000,74.5599317395437,77.92327872664211
2020/09/25,712.5,714.0,700.5,710.0,8400,74.21690402309437,77.26995875774234
2020/09/28,717.0,745.0,705.5,745.0,12800,79.23741928263661,81.81258031878336
2020/09/29,735.0,757.0,724.5,756.0,8900,78.53445240011825,81.66229166519278
2020/09/30,756.0,756.0,737.0,749.0,6700,79.27463768165256,82.87832150114832
2020/10/01,,,,,0,-1.0,-1.0
2020/10/02,740.0,748.5,735.5,742.5,5400,-1.0,-1.0
2020/10/05,743.0,759.5,743.0,755.5,3500,-1.0,-1.0
2020/10/06,755.5,760.0,749.0,757.5,2600,-1.0,-1.0
2020/10/07,748.0,756.0,748.0,756.0,1700,-1.0,-1.0
2020/10/08,756.0,760.0,752.0,759.5,3700,-1.0,-1.0
2020/10/09,752.5,761.0,752.5,754.0,3900,-1.0,-1.0
2020/10/12,748.0,754.0,741.0,743.0,2900,-1.0,-1.0
2020/10/13,745.5,746.0,742.0,742.0,1500,-1.0,-1.0
2020/10/14,738.0,738.0,725.5,729.5,1900,-1.0,-1.0
2020/10/15,722.0,722.0,712.5,713.5,1700,-1.0,-1.0
2020/10/16,710.0,714.0,708.5,708.5,2400,-1.0,-1.0
2020/10/19,708.5,711.5,704.5,711.5,1600,-1.0,-1.0
2020/10/20,711.5,711.5,706.0,707.0,1800,-1.0,-1.0
2020/10/21,700.0,707.0,698.0,705.5,3500,-1.0,-1.0
2020/10/22,705.5,709.5,702.5,706.5,3200,-1.0,-1.0
2020/10/23,717.0,717.0,702.0,705.5,4000,-1.0,-1.0
2020/10/26,697.5,697.5,694.0,694.0,2000,-1.0,-1.0
2020/10/27,686.5,692.5,685.0,690.5,3600,-1.0,-1.0
2020/10/28,695.0,697.5,683.0,683.0,3700,-1.0,-1.0
2020/10/29,681.5,682.0,675.5,675.5,3300,-1.0,-1.0
2020/10/30,668.0,682.5,665.0,665.0,3900,-1.0,-1.0
2020/11/02,665.5,681.5,665.5,677.0,2200,-1.0,-1.0
2020/11/04,677.0,686.5,666.5,686.0,2700,-1.0,-1.0
2020/11/05,686.0,699.0,682.5,697.5,1900,-1.0,-1.0
2020/11/06,697.5,756.0,684.0,745.5,18300,-1.0,-1.0
2020/11/09,730.5,751.5,714.0,751.5,9800,-1.0,-1.0
2020/11/10,751.5,751.5,734.0,745.0,5000,-1.0,-1.0
2020/11/11,737.5,741.5,728.0,737.5,3400,-1.0,-1.0
2020/11/12,737.5,737.5,726.5,728.0,1800,-1.0,-1.0
2020/11/13,728.0,728.0,709.0,709.5,3900,-1.0,-1.0
2020/11/16,718.5,743.5,715.5,729.5,7000,-1.0,-1.0
2020/11/17,728.0,736.5,719.0,719.0,5300,-1.0,-1.0
2020/11/18,712.5,718.0,711.5,716.5,1700,-1.0,-1.0
2020/11/19,716.5,720.5,713.0,718.0,2000,-1.0,-1.0
2020/11/20,718.0,718.0,708.0,708.0,2800,-1.0,-1.0
2020/11/24,715.5,725.0,705.5,705.5,4100,-1.0,-1.0
2020/11/25,715.0,728.0,710.5,710.5,2300,-1.0,-1.0
2020/11/26,710.5,710.5,708.0,708.0,1300,-1.0,-1.0
2020/11/27,708.0,711.0,681.0,704.5,12300,-1.0,-1.0
2020/11/30,700.5,704.5,688.5,688.5,3700,-1.0,-1.0
2020/12/01,680.0,687.0,676.0,678.0,8100,-1.0,-1.0
2020/12/02,678.0,693.5,677.5,679.5,6300,-1.0,-1.0
2020/12/03,679.5,682.0,676.5,677.5,4600,-1.0,-1.0
2020/12/04,677.5,680.5,672.5,672.5,4600,-1.0,-1.0
2020/12/07,679.5,679.5,667.5,667.5,6100,-1.0,-1.0
2020/12/08,668.0,669.5,659.5,659.5,10400,-1.0,-1.0
2020/12/09,660.0,662.5,657.0,658.0,6800,-1.0,-1.0
2020/12/10,673.0,673.0,655.0,655.0,9100,-1.0,-1.0
2020/12/11,656.0,657.5,651.5,651.5,7500,-1.0,-1.0
2020/12/14,658.0,659.0,655.0,656.0,14000,-1.0,-1.0
2020/12/15,656.0,660.0,655.0,655.5,6300,-1.0,-1.0
2020/12/16,655.5,663.5,655.5,663.5,7700,-1.0,-1.0
2020/12/17,661.5,673.0,661.5,672.5,12000,-1.0,-1.0
2020/12/18,673.5,682.0,672.5,677.5,6700,-1.0,-1.0
2020/12/21,683.5,684.0,677.0,682.0,9000,-1.0,-1.0
2020/12/22,678.5,678.5,657.5,657.5,7800,-1.0,-1.0
2020/12/23,657.5,662.0,656.5,660.5,2400,-1.0,-1.0
2020/12/24,659.5,662.5,659.5,661.0,3300,-1.0,-1.0
2020/12/25,661.5,670.5,661.0,670.5,3500,-1.0,-1.0
2020/12/28,668.5,679.5,668.5,677.5,4900,-1.0,-1.0
2020/12/29,677.0,677.0,673.0,674.5,3100,-1.0,-1.0
2020/12/30,675.0,677.5,669.0,671.5,4300,-1.0,-1.0
2021/01/04,672.5,679.0,672.5,675.5,4500,-1.0,-1.0
2021/01/05,669.0,677.5,668.0,668.0,4600,-1.0,-1.0
2021/01/06,668.0,673.5,668.0,670.0,2100,-1.0,-1.0
2021/01/07,674.0,677.0,671.0,677.0,5300,-1.0,-1.0
2021/01/08,673.0,679.5,673.0,679.5,5600,-1.0,-1.0
2021/01/12,679.5,685.0,679.5,684.5,3800,-1.0,-1.0
2021/01/13,686.5,688.0,684.5,687.5,4000,-1.0,-1.0
2021/01/14,687.5,692.0,684.5,688.5,10700,-1.0,-1.0
2021/01/15,688.5,691.5,682.5,684.5,4200,-1.0,-1.0
2021/01/18,684.5,693.0,684.5,690.0,4600,-1.0,-1.0
2021/01/19,705.0,708.5,696.0,708.5,7700,-1.0,-1.0
2021/01/20,719.0,719.0,707.5,710.0,7500,-1.0,-1.0
2021/01/21,710.0,713.0,709.5,709.5,6600,-1.0,-1.0
2021/01/22,709.5,709.5,694.0,694.0,5800,-1.0,-1.0
2021/01/25,696.0,700.5,696.0,698.0,3900,-1.0,-1.0
2021/01/26,698.0,707.5,697.5,700.5,5100,-1.0,-1.0
2021/01/27,699.0,700.5,695.0,695.0,6100,-1.0,-1.0
2021/01/28,695.0,698.0,694.0,696.5,12500,-1.0,-1.0
2021/01/29,695.0,696.0,681.5,681.5,7600,-1.0,-1.0
2021/02/01,682.0,694.5,681.5,681.5,12900,-1.0,-1.0
2021/02/02,688.5,689.0,680.5,682.5,6700,-1.0,-1.0
2021/02/03,688.0,694.0,682.5,687.0,10300,-1.0,-1.0
2021/02/04,687.0,692.5,686.5,686.5,6600,-1.0,-1.0
2021/02/05,686.5,702.5,686.5,701.5,8800,-1.0,-1.0
2021/02/08,701.5,715.0,701.5,702.5,10700,-1.0,-1.0
2021/02/09,702.5,706.5,701.0,703.0,6300,-1.0,-1.0
2021/02/10,701.5,708.0,701.5,702.0,5400,-1.0,-1.0
2021/02/12,708.5,708.5,702.5,705.0,5400,-1.0,-1.0
2021/02/15,706.5,711.0,702.5,703.5,7300,-1.0,-1.0
2021/02/16,702.5,705.0,690.0,693.0,15500,-1.0,-1.0
2021/02/17,691.5,704.5,691.5,704.5,5700,-1.0,-1.0
2021/02/18,705.5,705.5,702.0,704.5,5300,-1.0,-1.0
2021/02/19,704.0,705.5,701.0,705.5,5000,-1.0,-1.0
2021/02/22,706.0,709.5,705.0,707.5,6400,-1.0,-1.0
2021/02/24,709.5,713.5,705.0,709.0,9900,-1.0,-1.0
2021/02/25,709.5,713.5,709.5,711.0,10400,-1.0,-1.0
2021/02/26,711.5,712.5,708.5,708.5,18500,-1.0,-1.0
2021/03/01,710.0,717.5,710.0,717.5,16300,-1.0,-1.0
2021/03/02,718.5,723.0,710.5,714.0,14300,-1.0,-1.0
2021/03/03,715.0,720.5,710.0,720.5,16500,-1.0,-1.0
2021/03/04,712.5,720.5,712.5,720.5,17500,-1.0,-1.0
2021/03/05,718.0,725.0,713.5,725.0,30800,-1.0,-1.0
2021/03/08,740.0,740.0,725.5,733.5,30700,-1.0,-1.0
2021/03/09,734.0,750.0,732.5,750.0,19500,-1.0,-1.0
2021/03/10,754.5,759.5,752.5,759.5,14200,-1.0,-1.0
2021/03/11,758.0,764.5,756.5,761.0,12700,-1.0,-1.0
2021/03/12,764.5,773.0,760.0,773.0,33600,-1.0,-1.0
2021/03/15,774.0,780.0,774.0,778.5,16600,-1.0,-1.0
2021/03/16,787.5,797.5,779.0,795.0,23700,-1.0,-1.0
2021/03/17,794.5,800.5,791.0,794.5,12300,-1.0,-1.0
2021/03/18,794.5,797.5,791.5,797.5,15900,-1.0,-1.0
2021/03/19,795.0,804.5,792.5,804.5,37800,-1.0,-1.0
2021/03/22,800.0,802.0,792.5,799.5,42000,-1.0,-1.0
2021/03/23,798.5,798.5,775.0,775.5,40800,-1.0,-1.0
2021/03/24,775.5,775.5,753.0,765.0,23100,-1.0,-1.0
2021/03/25,763.5,779.0,763.5,777.0,20300,-1.0,-1.0
2021/03/26,785.5,785.5,775.0,777.5,60800,-1.0,-1.0
2021/03/29,793.0,793.0,767.0,772.5,95100,-1.0,-1.0
2021/03/30,735.5,745.5,729.0,737.5,52600,-1.0,-1.0
2021/03/31,736.5,753.0,725.0,748.5,32800,-1.0,-1.0
2021/04/01,747.0,747.0,727.5,728.5,11900,-1.0,-1.0
2021/04/02,729.0,731.0,723.5,729.5,11800,-1.0,-1.0
2021/04/05,732.5,735.5,723.5,730.5,17000,-1.0,-1.0
2021/04/06,729.5,729.5,715.0,719.0,16100,-1.0,-1.0
2021/04/07,719.0,729.5,717.5,729.5,15300,-1.0,-1.0
2021/04/08,721.0,721.0,692.5,693.5,30700,-1.0,-1.0
2021/04/09,693.5,705.0,692.5,694.5,15900,-1.0,-1.0
2021/04/12,694.5,702.0,691.5,702.0,13300,-1.0,-1.0
2021/04/13,697.5,707.5,696.0,698.5,11100,-1.0,-1.0
2021/04/14,700.5,700.5,690.0,697.5,10900,-1.0,-1.0
2021/04/15,696.5,701.5,696.5,701.5,4900,-1.0,-1.0
2021/04/16,698.5,705.5,697.5,703.5,7900,-1.0,-1.0
2021/04/19,703.5,707.5,699.5,705.0,6300,-1.0,-1.0
2021/04/20,703.5,703.5,690.0,690.0,9900,-1.0,-1.0
2021/04/21,680.0,682.0,675.5,675.5,14000,-1.0,-1.0
2021/04/22,682.0,684.5,676.5,683.5,8300,-1.0,-1.0
2021/04/23,677.5,685.5,677.5,683.0,5400,-1.0,-1.0
2021/04/26,685.0,685.0,678.0,680.5,3900,-1.0,-1.0
2021/04/27,683.0,683.0,675.5,675.5,3000,-1.0,-1.0
2021/04/28,675.5,679.5,675.0,675.0,6700,-1.0,-1.0
2021/04/30,677.0,689.0,677.0,681.5,6100,-1.0,-1.0
2021/05/06,678.0,686.5,678.0,683.5,8300,-1.0,-1.0
2021/05/07,687.0,690.5,683.0,686.5,2200,-1.0,-1.0
2021/05/10,696.0,703.5,695.5,703.5,10600,-1.0,-1.0
2021/05/11,853.5,853.5,853.5,853.5,95200,-1.0,-1.0
2021/05/12,950.0,971.5,905.5,950.0,1253100,-1.0,-1.0
2021/05/13,951.0,979.0,940.0,969.0,431400,-1.0,-1.0
2021/05/14,960.0,974.5,952.5,966.5,144200,-1.0,-1.0
2021/05/17,975.0,1014.0,958.0,1012.5,253200,-1.0,-1.0
2021/05/18,1012.5,1072.5,1010.0,1062.5,205900,-1.0,-1.0
2021/05/19,1060.0,1070.0,1052.5,1055.0,102900,-1.0,-1.0
2021/05/20,1046.0,1116.5,1038.5,1106.0,190700,-1.0,-1.0
2021/05/21,1101.5,1154.5,1101.5,1139.5,168000,-1.0,-1.0
2021/05/24,1132.0,1137.0,1084.0,1091.0,167900,-1.0,-1.0
2021/05/25,1091.0,1091.0,1057.5,1057.5,139600,-1.0,-1.0
2021/05/26,1067.5,1093.0,1054.5,1080.0,111800,-1.0,-1.0
2021/05/27,1076.0,1109.5,1072.5,1088.5,74100,-1.0,-1.0
2021/05/28,1098.0,1098.0,1068.0,1081.0,66600,-1.0,-1.0
2021/05/31,1077.5,1115.0,1077.5,1085.0,74700,-1.0,-1.0
2021/06/01,1080.5,1097.0,1068.0,1096.0,62700,-1.0,-1.0
2021/06/02,1098.0,1141.0,1093.5,1135.0,100400,-1.0,-1.0
2021/06/03,1142.5,1149.5,1113.0,1145.0,81000,-1.0,-1.0
2021/06/04,1147.5,1159.5,1124.0,1125.0,72900,-1.0,-1.0
2021/06/07,1142.5,1166.5,1132.5,1145.0,87800,-1.0,-1.0
2021/06/08,1150.0,1179.5,1149.5,1177.5,68700,-1.0,-1.0
2021/06/09,1184.5,1205.0,1172.0,1187.5,111200,-1.0,-1.0
2021/06/10,1184.5,1196.0,1148.0,1178.5,104300,-1.0,-1.0
2021/06/11,1179.5,1179.5,1156.0,1161.5,68500,-1.0,-1.0
2021/06/14,1167.5,1167.5,1120.5,1135.5,89700,-1.0,-1.0
2021/06/15,1138.5,1161.0,1129.5,1135.5,62400,-1.0,-1.0
2021/06/16,1138.0,1176.0,1135.0,1168.0,63500,-1.0,-1.0
2021/06/17,1165.0,1165.0,1132.5,1152.5,57000,-1.0,-1.0
2021/06/18,1168.0,1185.0,1161.5,1169.0,87600,-1.0,-1.0
2021/06/21,1154.5,1176.5,1139.0,1172.5,96100,-1.0,-1.0
2021/06/22,1195.0,1220.0,1183.5,1214.0,103100,-1.0,-1.0
2021/06/23,1232.0,1265.5,1223.0,1225.0,122100,-1.0,-1.0
2021/06/24,1225.5,1264.5,1225.5,1240.0,78000,-1.0,-1.0
2021/06/25,1248.5,1260.5,1226.5,1234.0,52200,-1.0,-1.0
2021/06/28,1242.0,1263.0,1237.0,1255.0,71600,-1.0,-1.0
2021/06/29,1257.5,1269.5,1243.5,1255.0,45700,-1.0,-1.0
2021/06/30,1265.0,1283.0,1262.0,1268.5,60700,-1.0,-1.0
2021/07/01,1282.5,1282.5,1240.5,1243.5,81500,-1.0,-1.0
2021/07/02,1249.5,1250.0,1224.0,1244.0,51000,-1.0,-1.0
2021/07/05,1249.5,1254.5,1226.0,1234.0,48200,-1.0,-1.0
2021/07/06,1235.0,1283.5,1233.5,1273.5,82300,-1.0,-1.0
2021/07/07,1262.5,1279.5,1243.5,1261.0,55600,-1.0,-1.0
2021/07/08,1271.5,1271.5,1242.5,1245.0,55100,-1.0,-1.0
2021/07/09,1235.0,1286.0,1235.0,1283.0,113300,-1.0,-1.0
2021/07/12,1300.0,1338.0,1300.0,1317.5,89300,-1.0,-1.0
2021/07/13,1337.0,1373.5,1323.5,1371.5,107600,-1.0,-1.0
2021/07/14,1359.0,1371.0,1335.5,1342.5,89500,-1.0,-1.0
2021/07/15,1350.0,1350.0,1313.5,1315.0,83600,-1.0,-1.0
2021/07/16,1313.5,1352.0,1310.5,1320.5,46600,-1.0,-1.0
2021/07/19,1318.0,1320.0,1276.5,1304.0,100700,-1.0,-1.0
2021/07/20,1306.0,1308.0,1272.5,1279.0,68300,-1.0,-1.0
2021/07/21,1303.5,1356.0,1300.0,1325.5,99700,-1.0,-1.0
2021/07/26,1326.0,1355.0,1325.0,1344.5,36500,-1.0,-1.0
2021/07/27,1348.0,1351.0,1330.5,1334.0,39500,-1.0,-1.0
2021/07/28,1330.5,1351.0,1330.0,1340.0,49500,-1.0,-1.0
2021/07/29,1348.5,1351.0,1327.5,1341.5,43400,-1.0,-1.0
2021/07/30,1337.5,1338.0,1305.5,1305.5,60100,-1.0,-1.0
2021/08/02,1306.0,1314.5,1275.5,1295.5,91900,-1.0,-1.0
2021/08/03,1281.5,1303.0,1281.5,1296.5,34000,-1.0,-1.0
2021/08/04,1318.5,1318.5,1254.5,1264.0,70800,-1.0,-1.0
2021/08/05,1256.5,1274.0,1235.5,1251.5,69200,-1.0,-1.0
2021/08/06,1249.0,1266.5,1241.0,1265.5,33700,-1.0,-1.0
2021/08/10,1269.5,1307.0,1263.5,1299.5,42900,-1.0,-1.0
2021/08/11,1291.5,1303.5,1284.0,1286.0,29100,-1.0,-1.0
2021/08/12,1285.0,1298.0,1277.0,1286.5,41100,-1.0,-1.0
2021/08/13,1270.0,1275.0,1144.0,1161.0,294500,-1.0,-1.0
2021/08/16,1161.5,1200.0,1161.5,1182.0,104800,-1.0,-1.0
2021/08/17,1180.0,1180.0,1155.0,1162.0,66600,-1.0,-1.0
2021/08/18,1155.0,1186.5,1155.0,1175.0,49600,-1.0,-1.0
2021/08/19,1175.0,1175.0,1145.0,1145.0,73300,-1.0,-1.0
2021/08/20,1155.0,1182.5,1130.0,1139.0,103500,-1.0,-1.0
2021/08/23,1145.0,1169.0,1145.0,1165.5,48300,-1.0,-1.0
2021/08/24,1174.5,1182.5,1163.0,1172.0,37700,-1.0,-1.0
2021/08/25,1172.5,1188.0,1167.5,1167.5,35400,-1.0,-1.0
2021/08/26,1169.0,1183.5,1162.5,1164.0,34600,-1.0,-1.0
2021/08/27,1162.5,1179.5,1146.5,1174.0,52600,-1.0,-1.0
2021/08/30,1195.5,1200.0,1180.0,1196.5,58000,-1.0,-1.0
2021/08/31,1196.5,1202.0,1187.0,1198.5,45500,-1.0,-1.0
2021/09/01,1201.0,1217.0,1195.0,1212.5,49400,-1.0,-1.0
2021/09/02,1214.5,1248.5,1208.0,1248.0,116400,-1.0,-1.0
2021/09/03,1249.5,1260.0,1233.5,1247.5,52400,-1.0,-1.0
2021/09/06,1264.5,1281.0,1260.5,1270.5,70000,-1.0,-1.0
2021/09/07,1285.5,1294.5,1272.0,1282.0,55200,-1.0,-1.0
2021/09/08,1280.0,1291.5,1275.5,1282.5,34300,-1.0,-1.0
2021/09/09,1280.0,1307.5,1280.0,1296.5,54900,-1.0,-1.0
2021/09/10,1300.0,1327.5,1300.0,1327.0,62000,-1.0,-1.0
2021/09/13,1321.5,1338.0,1309.0,1338.0,68500,-1.0,-1.0
2021/09/14,1338.0,1369.0,1335.0,1368.5,84500,-1.0,-1.0
2021/09/15,1365.0,1399.5,1353.5,1388.5,94900,-1.0,-1.0
2021/09/16,1397.5,1420.0,1358.0,1388.0,126300,-1.0,-1.0
2021/09/17,1385.0,1409.0,1372.5,1388.0,54900,-1.0,-1.0
2021/09/21,1350.0,1367.5,1345.5,1359.0,64700,-1.0,-1.0
2021/09/22,1358.0,1360.5,1311.5,1312.0,94400,-1.0,-1.0
2021/09/24,1335.0,1355.0,1332.5,1349.5,73200,-1.0,-1.0
2021/09/27,1358.0,1367.0,1346.5,1346.5,68000,-1.0,-1.0
2021/09/28,1346.5,1346.5,1317.0,1339.0,90800,-1.0,-1.0
2021/09/29,1276.5,1303.5,1256.0,1266.5,118700,-1.0,-1.0
2021/09/30,1268.0,1270.0,1235.0,1239.0,66300,-1.0,-1.0
2021/10/01,1229.5,1229.5,1197.5,1201.5,62500,129.52790930106352,131.09789234583437
2021/10/04,1207.5,1208.5,1175.0,1192.0,63900,129.30629576576538,130.86612363673652
2021/10/05,1175.0,1198.0,1155.0,1193.5,65500,132.70613124559964,133.12831552697034
2021/10/06,1211.0,1224.5,1200.0,1218.5,65400,137.13696507929416,136.65592361624846
2021/10/07,1229.5,1229.5,1208.0,1213.5,41300,136.505873812155,136.36931652568674
2021/10/08,1213.5,1223.5,1205.0,1210.0,49200,135.1362192500073,134.75410835696172
2021/10/11,1210.0,1232.5,1208.5,1229.0,37400,136.74037815313645,136.1464814118815
2021/10/12,1238.5,1261.5,1231.5,1250.0,29500,140.841487488981,140.12011132308731
2021/10/13,1239.0,1251.5,1218.0,1230.5,35600,141.62226168369116,140.4824173661225
2021/10/14,1230.5,1238.5,1220.5,1234.0,28600,142.39750488385238,142.03459575574934
2021/10/15,1246.0,1266.0,1242.0,1261.0,32700,143.33880155879274,142.25745831855775
2021/10/18,1264.5,1285.0,1263.5,1281.5,38300,146.88707591858028,146.1054818078774
2021/10/19,1284.0,1307.5,1284.0,1301.5,34100,148.49648609389615,147.6774690388123
2021/10/20,1309.5,1309.5,1285.0,1290.0,38500,147.74812449313882,147.67373053618914
2021/10/21,1289.5,1296.0,1265.0,1265.0,34400,146.40595543973157,144.95434020134772
2021/10/22,1256.5,1268.5,1250.5,1256.0,21600,145.3454198760948,144.51653380258455
2021/10/25,1255.0,1262.0,1253.5,1254.0,9400,148.43251854110034,146.60380051297284
2021/10/26,1263.5,1289.5,1260.0,1285.5,19900,150.22114989630722,149.19473752411918
2021/10/27,1281.0,1285.5,1267.5,1279.0,14800,150.71010724898343,149.94933265450666
2021/10/28,1286.5,1317.0,1275.5,1306.0,51000,156.5212623383743,155.75368612071887
2021/10/29,1305.0,1308.5,1292.5,1303.0,22000,155.8226456931658,154.63560634563947
2021/11/01,1317.5,1321.5,1305.5,1313.5,34700,152.45130510002096,152.5738493922856
2021/11/02,1322.5,1339.5,1318.5,1321.0,31100,154.56460090383956,154.23389074242544
2021/11/04,1323.5,1337.0,1321.0,1332.0,21400,154.50338068308162,153.2844169613303
2021/11/05,1334.5,1340.0,1326.0,1328.5,24200,146.38933301717373,144.77527645913898
2021/11/08,1328.5,1337.5,1296.0,1296.0,50100,145.17740127608022,142.51639408460144
2021/11/09,1306.0,1345.0,1258.0,1269.0,76900,144.86055129531562,143.506560061341
2021/11/10,1258.0,1268.5,1230.5,1232.5,50100,145.54652832298942,143.9071664267739
2021/11/11,1234.0,1234.0,1202.5,1208.5,50900,144.70101955223825,142.2622858512189
2021/11/12,1256.0,1256.5,1228.5,1239.0,59900,149.71764627924836,145.7577891840042
2021/11/15,1254.5,1254.5,1231.5,1247.5,19500,148.78295696587625,144.56903853835635
2021/11/16,1250.0,1271.5,1250.0,1263.0,26600,153.30536755648225,148.57959235840312
2021/11/17,1274.0,1274.0,1259.5,1265.5,21700,153.0624202878129,149.09458362876626
2021/11/18,1277.5,1277.5,1232.5,1243.5,30400,149.99315339215272,146.88921652564648
2021/11/19,1243.5,1255.5,1235.5,1252.0,21200,151.75760667104475,149.40598147223812
2021/11/22,1244.5,1252.5,1235.5,1240.0,16600,154.460135150009,151.63485841832943
2021/11/24,1249.5,1250.0,1233.0,1237.5,26800,156.3068365555378,152.4825640138545
2021/11/25,1246.0,1268.0,1238.5,1264.5,20200,160.66861782699527,156.785324498344
2021/11/26,1264.5,1264.5,1222.5,1230.5,35800,161.8636384557938,157.1999370345821
2021/11/29,1225.0,1225.0,1195.0,1195.0,49600,162.21126194127407,156.32388214374689
2021/11/30,1220.0,1223.0,1163.5,1166.0,49400,165.58351181462695,157.709766545795
2021/12/01,1174.5,1187.0,1150.0,1163.5,36500,164.27417194488996,156.8382094144028
2021/12/02,1159.5,1170.0,1149.0,1155.0,38700,164.68102732730594,157.10590174315357
2021/12/03,1160.0,1199.0,1158.0,1198.0,25500,170.0168680995179,161.58877360103753
2021/12/06,1200.5,1209.0,1187.0,1198.0,26600,170.60751492200993,162.26201274408982
2021/12/07,1199.5,1220.0,1195.5,1220.0,24300,172.0613450324126,163.50973609567455
2021/12/08,1225.0,1239.0,1214.0,1237.0,19500,174.68819772441165,167.07294972487924
2021/12/09,1235.5,1236.5,1216.0,1226.0,12400,174.34404173223328,167.0005995931875
2021/12/10,1220.5,1235.0,1216.0,1228.5,16400,176.7272344184031,170.09762131933962
2021/12/13,1237.5,1243.0,1222.5,1238.0,11200,176.14688284262456,170.82095765981506
2021/12/14,1237.5,1244.5,1226.0,1243.0,16900,177.98961826595084,171.203631617047
2021/12/15,1248.5,1249.0,1212.0,1214.5,34000,172.09564485746324,164.84518652754363
2021/12/16,1231.5,1238.5,1223.5,1235.5,24000,169.43505914498746,163.5942268419554
2021/12/17,1235.5,1244.0,1230.5,1238.0,14500,171.32158153326307,165.12210822572345
2021/12/20,1240.0,1240.0,1205.0,1207.0,29800,169.22958349801306,163.09701319890542
2021/12/21,1220.0,1224.5,1203.0,1207.5,26000,170.2474875832654,164.19517959462087
2021/12/22,1218.5,1219.0,1209.5,1213.0,12900,170.5485868429527,164.4316344618261
2021/12/23,1207.5,1237.5,1207.5,1236.5,27200,173.2291204273415,166.83367170381987
2021/12/24,1236.5,1247.0,1235.0,1238.5,14300,171.06937767362032,165.34053591630664
2021/12/27,1240.0,1256.0,1240.0,1253.5,17700,173.2602633591493,167.25840015566854
2021/12/28,1255.0,1269.5,1253.5,1269.5,21200,178.49493294650156,170.76848082402861
2021/12/29,1270.0,1277.5,1258.0,1273.5,24700,180.05360185010275,171.21527830973818
2021/12/30,1274.0,1295.5,1268.5,1288.0,16800,180.51907187309766,171.7491034074226
2022/01/04,1300.0,1303.5,1285.5,1303.0,25100,180.79302033321022,172.0971907885031
2022/01/05,1303.5,1312.0,1302.0,1308.5,19700,180.14304776736557,172.01806192133859
2022/01/06,1302.0,1304.5,1287.5,1289.0,29500,183.7304181518657,174.12299482260696
2022/01/07,1296.0,1300.0,1271.0,1278.5,23000,185.90983614007243,174.88406230452617
2022/01/11,1277.5,1294.5,1277.5,1280.5,18600,186.68547746785887,174.93604033929097
2022/01/12,1290.0,1309.5,1288.0,1306.5,16100,187.99453532757153,175.453508222227
2022/01/13,1309.5,1327.5,1306.5,1324.0,19700,193.7137370403211,179.61671395774582
2022/01/14,1316.5,1323.5,1308.0,1321.5,19400,195.7714404218717,181.24363789252746
2022/01/17,1338.5,1342.0,1315.0,1315.0,19600,189.96553183833765,177.03285797895128
2022/01/18,1326.0,1327.5,1298.5,1305.0,20500,186.6442407193064,172.78318495911867
2022/01/19,1293.0,1298.5,1275.5,1275.5,27100,186.55479269629856,173.08416823110613
2022/01/20,1275.5,1297.0,1275.5,1290.0,19900,188.25957506103953,174.51273997213434
2022/01/21,1285.0,1289.5,1261.0,1289.5,20400,193.29522493137884,179.00588077611908
2022/01/24,1282.5,1304.0,1278.5,1299.5,15500,194.50165583715662,179.62735824523588
2022/01/25,1305.0,1309.5,1286.5,1299.0,28600,195.10920870007138,180.68522980710142
2022/01/26,1299.0,1304.5,1281.5,1281.5,11600,195.4736442104829,181.2910627810355
2022/01/27,1296.5,1305.0,1254.0,1255.0,40900,194.1436887848943,179.83555328709582
2022/01/28,1274.0,1274.0,1253.5,1273.5,21300,193.48409541152407,180.08602662338825
2022/01/31,1265.5,1297.5,1263.0,1294.0,12200,197.5335085573525,183.25643533302326
2022/02/01,1300.5,1309.0,1290.0,1294.0,16200,198.5851613315785,184.69330057444338
2022/02/02,1294.0,1328.5,1293.0,1328.5,20000,201.19324288135084,186.83943366255954
2022/02/03,1329.0,1336.5,1313.0,1326.5,21000,201.03350836033405,187.7112748112498
2022/02/04,1320.0,1334.0,1312.5,1333.0,15300,199.29531600634235,186.12264509441337
2022/02/07,1333.0,1337.5,1320.0,1328.5,11000,203.9596008086514,188.9100154786597
2022/02/08,1333.5,1347.0,1328.5,1335.5,29800,205.43836838549856,189.13468007490013
2022/02/09,1344.0,1347.5,1335.5,1342.0,18700,204.91354373446643,189.07252962738522
2022/02/10,1347.5,1347.5,1318.0,1321.5,17900,199.79155564652612,184.70283655058986
2022/02/14,1200.0,1225.0,1177.5,1194.0,122900,188.55405897238848,171.77023083523522
2022/02/15,1193.5,1194.5,1150.0,1150.5,71000,188.27985508706888,170.38559949825412
2022/02/16,1159.5,1168.0,1129.0,1160.0,65400,181.6355297418333,165.91271799830895
2022/02/17,1169.5,1183.5,1161.0,1176.5,32100,185.41426784013694,167.92052533305846
2022/02/18,1176.5,1176.5,1153.0,1155.5,30200,181.27198691221918,164.17947610008065
2022/02/21,1151.0,1151.0,1117.5,1122.0,70400,177.71039866204273,160.8831843560999
2022/02/22,1118.0,1122.5,1105.5,1114.0,38800,176.2633874803979,158.95948709715532
2022/02/24,1104.0,1112.5,1085.5,1095.5,44500,178.98124520256368,159.77300267975644
2022/02/25,1100.0,1108.0,1085.5,1104.0,25500,170.47367401520253,154.84631931470574
2022/02/28,1106.0,1144.5,1105.0,1137.0,49300,177.2049140131706,159.77280870161863
2022/03/01,1146.5,1157.5,1134.0,1149.5,35200,176.3680387930044,160.79752188461651
2022/03/02,1144.5,1159.5,1139.0,1152.5,24700,179.14673781440877,163.7940467093783
2022/03/03,1167.5,1177.5,1155.0,1155.0,28300,174.49689984614832,160.55579398967544
2022/03/04,1155.0,1156.5,1124.0,1138.5,51300,174.431848312896,161.39584242156454
2022/03/07,1136.5,1147.0,1122.0,1142.5,34000,177.50990874250874,164.40311703968888
2022/03/08,1129.0,1134.0,1095.5,1104.0,54400,172.35776636232157,160.40054095212116
2022/03/09,1103.5,1127.0,1090.5,1099.5,29100,170.06210452690522,158.0051307944002
2022/03/10,1130.0,1144.0,1125.5,1144.0,24700,170.93320715821451,158.12329049731665
2022/03/11,1137.5,1153.0,1132.5,1147.5,30400,175.32008548423357,160.94679061363135
2022/03/14,1150.0,1159.5,1133.0,1147.0,26400,173.29426046253437,160.05367945868014
2022/03/15,1157.5,1163.5,1140.0,1154.0,29900,171.35565269415613,157.46432315453828
2022/03/16,1152.0,1152.0,1139.0,1144.5,23200,167.2712996491007,154.21837455452413
2022/03/17,1157.5,1157.5,1138.5,1142.5,21600,162.4160565102417,151.52080314278268
2022/03/18,1142.5,1149.0,1133.5,1149.0,41300,158.6044243747575,150.52198419459125
2022/03/22,1154.5,1171.5,1154.5,1163.0,43700,159.72802235980993,152.89462123877803
2022/03/23,1177.0,1182.0,1162.0,1173.0,42600,155.33124870423944,149.44943649871126
2022/03/24,1165.0,1174.5,1155.0,1174.5,33500,154.48949136891585,149.17419398358666
2022/03/25,1173.5,1173.5,1144.0,1150.5,65500,153.37213547057388,148.17516314376178
2022/03/28,1161.0,1161.0,1147.5,1152.0,52500,156.81432348270928,150.6353327566254
2022/03/29,1157.0,1160.0,1139.0,1156.5,72500,163.3646408859005,155.72701487235693
2022/03/30,1134.0,1140.0,1120.5,1140.0,23900,158.56231815333052,151.25188372272106
2022/03/31,1125.0,1125.0,1097.5,1098.5,34200,159.28465687658138,151.66006559881728
2022/04/01,1089.5,1089.5,1070.5,1074.0,39700,158.8676439801042,149.29512440578938
2022/04/04,1072.5,1077.0,1061.5,1074.0,36000,159.4939580986182,149.27349741329778
2022/04/05,1075.5,1104.0,1075.5,1098.0,36700,163.20130985963243,153.1210832508076
2022/04/06,1097.5,1097.5,1080.0,1080.5,21800,161.00665594216787,151.54436992519578
2022/04/07,1075.0,1075.0,1053.0,1056.0,25200,168.24318765149422,157.01402459301966
2022/04/08,1057.5,1066.0,1054.0,1065.5,19200,169.23743677453672,158.48952774523985
2022/04/11,1066.0,1069.5,1047.5,1053.5,17500,165.2745033893736,155.2294171439886
2022/04/12,1046.5,1055.0,1040.0,1044.0,18300,168.85408344804313,157.07571976306855
2022/04/13,1040.0,1063.5,1038.5,1059.5,19700,167.6167206334835,156.8920787138542
2022/04/14,1051.0,1074.5,1051.0,1067.0,12800,165.9329943647706,156.1745444979775
2022/04/15,1060.5,1063.0,1051.0,1058.0,14700,164.76866723304343,155.51097090640076
2022/04/18,1056.5,1056.5,1043.5,1048.5,16200,164.7372036107379,154.77334146939924
2022/04/19,1048.0,1060.0,1043.5,1054.5,13500,164.80572065343597,155.2889433982173
2022/04/20,1055.0,1067.5,1050.5,1059.5,16900,164.28462478158278,154.63799356075268
2022/04/21,1059.5,1062.5,1047.5,1062.5,14000,164.6749153706172,155.006438820205
2022/04/22,1055.0,1055.0,1046.0,1053.0,8600,165.0672538499655,154.96825223178496
2022/04/25,1043.0,1043.0,1026.5,1030.5,25100,165.871993570671,154.79225791240233
2022/04/26,1032.5,1032.5,1021.0,1030.0,13300,165.5675982833974,154.51215467748264
2022/04/27,1047.0,1072.0,1025.5,1072.0,51100,174.8688963003306,162.93719252905825
2022/04/28,1072.0,1091.0,1062.5,1083.5,24600,170.62223879120032,158.8720292616273
2022/05/02,1089.0,1122.5,1084.0,1122.0,46300,179.5360711372193,166.6671104612488
2022/05/06,1122.5,1134.0,1119.0,1133.5,24600,179.50798145525118,166.59001460013377
2022/05/09,1134.0,1137.5,1116.0,1116.0,22800,177.91682882606074,164.8747712323753
2022/05/10,1112.0,1112.0,1079.0,1095.0,31900,140.2656902929242,131.29462950170668
2022/05/11,1210.0,1277.5,1203.0,1262.5,305900,142.69883672052137,134.81871866279457
2022/05/12,1267.5,1270.5,1228.5,1235.0,66100,135.8621237993083,128.8347569863622
2022/05/13,1235.0,1277.5,1235.0,1275.0,60600,140.1896696460416,133.27939131154366
2022/05/16,1275.0,1290.0,1252.5,1274.0,40600,131.88355580463585,126.88063864701246
2022/05/17,1274.0,1293.0,1271.5,1281.5,41200,128.51580011506684,123.26279282802368
2022/05/18,1289.5,1308.0,1274.5,1277.5,41600,126.18923643764901,121.76787769967554
2022/05/19,1259.5,1295.0,1242.5,1286.5,37200,123.78935267657387,118.56132614568793
2022/05/20,1286.5,1304.0,1282.0,1300.5,25600,120.86772526527545,115.78984032546198
2022/05/23,1298.0,1302.5,1287.5,1298.0,32900,124.97943178560915,120.13328051091385
2022/05/24,1299.0,1306.0,1266.5,1271.5,35000,128.35389488322545,122.877656572595
2022/05/25,1266.5,1278.5,1264.5,1271.0,21300,126.35080232475187,120.45018311483125
2022/05/26,1271.5,1285.0,1261.0,1261.0,13600,124.31314518788979,117.91075899100439
2022/05/27,1266.0,1271.0,1247.0,1254.0,26300,126.25942139950051,119.7002310541279
2022/05/30,1261.0,1296.0,1261.0,1295.0,38000,125.8553865954971,119.38836465217936
2022/05/31,1300.0,1305.0,1281.0,1293.5,16100,124.65892382042747,118.85369885922839
2022/06/01,1290.0,1307.0,1281.5,1304.5,31200,121.16347466871522,115.15268549222316
2022/06/02,1304.5,1314.5,1296.0,1300.5,26100,120.39313567564332,115.48579757448887
2022/06/03,1305.0,1305.0,1290.5,1294.0,16600,119.91101169310284,116.57220250760713
2022/06/06,1295.5,1333.5,1289.0,1331.0,57300,120.83900058479009,117.54779727313336
2022/06/07,1338.5,1356.0,1335.5,1339.0,52900,117.86471405914803,114.62777871502128
2022/06/08,1345.5,1357.0,1341.5,1350.0,40600,116.2068273421398,112.94323586507193
2022/06/09,1350.0,1353.5,1338.5,1343.0,36900,116.8310512107912,113.24540389381849
2022/06/10,1343.0,1348.5,1325.5,1338.0,26800,119.85118264831792,115.84385120710546
2022/06/13,1327.5,1347.5,1314.5,1347.0,27900,128.18378595734532,122.28841224518277
2022/06/14,1330.0,1341.5,1325.0,1341.0,27300,130.56589157713353,124.1980098758312
2022/06/15,1334.5,1339.0,1305.0,1308.0,27300,124.59818953040174,119.22284430159446
2022/06/16,1315.0,1327.5,1303.5,1306.5,18900,124.45834291085325,119.17417989290679
2022/06/17,1290.5,1315.5,1275.5,1309.5,28500,124.96714746427828,118.77082264470467
2022/06/20,1309.5,1320.5,1283.5,1292.0,25200,119.76839015652843,115.06921613687105
2022/06/21,1288.5,1321.0,1286.5,1315.0,17000,119.20599662147431,114.34948541483614
2022/06/22,1315.5,1322.5,1301.5,1322.0,16000,119.1657594919396,113.53898822260655
2022/06/23,1322.0,1337.0,1315.5,1320.5,15700,117.49454574167997,111.97600504425327
2022/06/24,1321.0,1339.0,1313.5,1334.0,15100,118.60810685003358,113.65913538149903
2022/06/27,1348.0,1348.0,1328.0,1345.0,14500,115.85289768678251,111.61449928845322
2022/06/28,1345.0,1349.5,1327.5,1340.5,31200,113.77502332133263,109.17033728375432
2022/06/29,1340.0,1348.0,1327.5,1348.0,62400,114.14445901161969,109.07324732215287
2022/06/30,1347.5,1347.5,1319.0,1324.5,32600,115.85243639752278,110.40761055746269
2022/07/01,1319.0,1332.5,1315.0,1332.0,27900,118.83038180732338,113.5313320440741
2022/07/04,1334.0,1342.0,1319.0,1334.0,25800,118.20728776781107,112.68757415790043
2022/07/05,1326.5,1337.5,1321.0,1332.5,20000,113.42273248815131,108.83020024760606
2022/07/06,1319.0,1325.5,1308.0,1321.5,18500,113.8667544694203,109.4115537746621
2022/07/07,1326.0,1332.0,1314.0,1330.0,12200,113.39046391083087,108.983344298766
2022/07/08,1330.0,1334.0,1312.5,1316.5,28700,108.1184066356531,103.96748693098286
2022/07/11,1325.0,1337.5,1319.5,1326.5,33300,107.27978722784661,102.71658836242669
2022/07/12,1332.5,1332.5,1318.0,1328.5,20700,105.62406323337035,101.20264963345451
2022/07/13,1330.0,1335.0,1319.0,1329.5,15500,106.99689521618221,102.92770122263614
2022/07/14,1331.5,1339.0,1326.5,1334.5,21100,107.713161585044,103.97449079389894
2022/07/15,1328.5,1328.5,1307.5,1323.0,29400,104.73198377706836,102.2905186328586
2022/07/19,1332.0,1339.0,1321.5,1329.0,19000,105.55294207856363,103.15024017589971
2022/07/20,1339.0,1339.0,1322.0,1324.0,32700,99.40956244242287,97.72995198437943
2022/07/21,1326.0,1328.5,1319.5,1325.0,28500,98.65701169816052,97.28808755065175
2022/07/22,1324.5,1331.5,1322.0,1325.0,35200,98.26237884480618,97.02049146736698
2022/07/25,1325.0,1325.5,1315.5,1323.0,16100,98.87706627110859,97.51016445169974
2022/07/26,1325.0,1338.0,1323.0,1333.0,34700,101.06324565458276,99.66123377788873
2022/07/27,1337.0,1337.0,1326.0,1329.5,28400,98.73640457948589,97.88554369358398
2022/07/28,1334.0,1334.0,1318.5,1329.5,51700,98.98768744071474,98.01620097810682
2022/07/29,1329.5,1331.5,1321.5,1331.5,33100,100.09108424751972,99.92946575967653
2022/08/01,1334.0,1338.5,1325.0,1329.0,41000,101.80775871083627,101.53599808307945
2022/08/02,1327.0,1331.0,1322.5,1330.0,38800,102.75897472980743,102.88489340251542
2022/08/03,1330.0,1331.0,1322.0,1326.0,30900,104.30827226065458,104.39759047400459
2022/08/04,1331.0,1344.0,1330.0,1339.5,36600,106.24956138084067,106.9345494754573
2022/08/05,1335.0,1349.0,1330.5,1339.5,30400,104.5107546487946,104.8782584461641
2022/08/08,1335.5,1354.0,1335.5,1350.0,30800,102.55820757573832,103.08064279303217
2022/08/09,1347.0,1364.0,1345.0,1357.5,35400,104.04611033960403,104.42334698731936
2022/08/10,1347.5,1352.0,1327.0,1331.5,51100,104.47294545358974,104.63203558777847
2022/08/12,1336.5,1346.5,1319.0,1321.5,83300,111.552227883519,112.85574633352664
2022/08/15,1321.5,1332.0,1319.5,1323.5,36100,106.74110085333375,108.58777422460565
2022/08/16,1328.0,1337.0,1320.5,1320.5,21200,107.95434684405278,109.83709093024252
2022/08/17,1325.0,1331.0,1317.5,1326.0,25900,106.5299179445606,108.18293129342737
2022/08/18,1322.0,1336.0,1318.5,1333.0,37500,109.73799337870626,110.96175260434651
2022/08/19,1343.0,1349.0,1333.0,1348.5,48600,110.54794582556625,111.63586382966761
2022/08/22,1343.0,1347.5,1338.0,1343.0,29600,110.0261489799771,110.75065808653757
2022/08/23,1338.0,1346.5,1335.5,1342.0,33600,111.60493882693912,112.34214688135648
2022/08/24,1347.0,1362.5,1341.5,1362.5,37500,114.2759776413168,114.8324410427362
2022/08/25,1364.0,1376.0,1364.0,1370.5,37400,114.69473405475792,115.28340236262578
2022/08/26,1370.5,1379.0,1366.0,1366.0,31600,112.29091319980252,113.36729742697132
2022/08/29,1347.5,1356.0,1345.0,1352.0,53100,112.63279746906069,113.34729982148556
2022/08/30,1337.0,1364.0,1331.0,1348.0,62700,112.05092557220165,112.03508783843365
2022/08/31,1343.0,1355.0,1333.0,1337.0,114600,111.67915192223204,111.25829448545296
2022/09/01,1331.0,1332.0,1312.0,1323.0,86400,109.38993903169015,108.6430272377856
2022/09/02,1331.0,1331.0,1310.0,1313.0,58400,110.87359988852006,109.90074565685364
2022/09/05,1319.0,1329.0,1307.0,1329.0,58500,112.33169334407106,110.7019269986257
2022/09/06,1329.0,1336.0,1321.0,1334.0,54200,112.68012925370266,111.44484218468082
2022/09/07,1332.0,1332.0,1318.0,1330.0,41200,114.1038654064761,112.57967752943357
2022/09/08,1339.0,1339.0,1330.0,1335.0,29400,110.09793314905534,108.6139692683412
2022/09/09,1325.0,1339.0,1325.0,1336.0,40000,108.41101263306514,107.1383301755876
2022/09/12,1340.0,1354.0,1340.0,1346.0,51500,107.3130790095981,106.56656137873217
2022/09/13,1346.0,1352.0,1341.0,1347.0,43700,105.49936638382647,104.98402840106023
2022/09/14,1340.0,1346.0,1335.0,1340.0,46500,105.84976059900941,103.88729718690928
2022/09/15,1337.0,1346.0,1332.0,1342.0,44600,105.17463935634122,103.61251455952501
2022/09/16,1340.0,1342.0,1323.0,1331.0,60700,106.0936508293345,103.88761893613892
2022/09/20,1332.0,1342.0,1324.0,1327.0,44400,105.23201590640174,103.52630132441074
2022/09/21,1327.0,1332.0,1323.0,1327.0,34100,109.75770661020317,107.60692199197996
2022/09/22,1327.0,1342.0,1324.0,1341.0,28300,110.69629575065922,108.42646291272962
2022/09/26,1336.0,1336.0,1321.0,1321.0,68900,112.24227911533981,109.86559992267237
2022/09/27,1320.0,1323.0,1295.0,1298.0,91500,110.11543862885769,107.74242969602884
2022/09/28,1298.0,1303.0,1280.0,1296.0,78300,115.50574850305932,112.43117528408311
2022/09/29,1229.0,1261.0,1226.0,1256.0,76800,112.99945448899824,110.1249626853296
2022/09/30,1261.0,1269.0,1233.0,1233.0,43200,113.83401574554786,111.02680605418247
2022/10/03,1244.0,1254.0,1232.0,1254.0,39500,114.1464975520633,112.39515125572208
2022/10/04,1278.0,1307.0,1272.0,1302.0,57000,112.4450485394255,111.42846109729363
2022/10/05,1320.0,1328.0,1309.0,1320.0,62300,109.96098213771471,109.97163653611165
2022/10/06,1314.0,1333.0,1313.0,1319.0,39800,110.154093839921,109.66349860114771
2022/10/07,1301.0,1324.0,1300.0,1319.0,28600,112.75829274263482,112.15537216087898
2022/10/11,1313.0,1316.0,1285.0,1287.0,31000,110.0941662080394,109.09168936106559
2022/10/12,1288.0,1288.0,1271.0,1279.0,26200,110.80658372363533,109.77144231172696
2022/10/13,1269.0,1279.0,1252.0,1253.0,31000,110.49307069511187,108.78640476051626
2022/10/14,1282.0,1288.0,1260.0,1281.0,30400,109.00274086037042,108.31531071761562
2022/10/17,1279.0,1291.0,1278.0,1281.0,22500,108.35958603251845,107.38907837629358
2022/10/18,1301.0,1303.0,1290.0,1298.0,19800,107.29416435635221,106.29418431830415
2022/10/19,1290.0,1301.0,1288.0,1300.0,24600,108.16276989682198,107.2611031722375
2022/10/20,1298.0,1304.0,1294.0,1298.0,23900,109.07373313494355,108.31456220439186
2022/10/21,1291.0,1299.0,1280.0,1280.0,15900,109.16559310545478,108.42246846271063
2022/10/24,1310.0,1314.0,1297.0,1299.0,34400,109.83077046584908,109.52929916231228
2022/10/25,1299.0,1302.0,1288.0,1289.0,15200,107.10075725801016,106.12201774602501
2022/10/26,1294.0,1296.0,1287.0,1294.0,16200,107.3187274737433,106.21505400002376
2022/10/27,1294.0,1294.0,1272.0,1272.0,17600,102.64966294751807,102.20625276232838
2022/10/28,1271.0,1279.0,1262.0,1263.0,59200,103.32235505492828,102.14301883744723
2022/10/31,1279.0,1292.0,1271.0,1289.0,17600,105.46128264925225,103.99863958038802
2022/11/01,1296.0,1309.0,1294.0,1306.0,30100,105.44374265638805,103.61621449269806
2022/11/02,1302.0,1308.0,1284.0,1285.0,41700,103.90290978312731,102.19375709774899
2022/11/04,1284.0,1299.0,1284.0,1293.0,27000,105.95797449423195,103.7313066066852
2022/11/07,1297.0,1302.0,1290.0,1296.0,21300,107.19062731131324,105.22881561871473
2022/11/08,1296.0,1311.0,1295.0,1306.0,24700,108.13437081061264,106.13370247784879
2022/11/09,1321.0,1335.0,1313.0,1322.0,65500,112.64227159485523,110.47870438512871
2022/11/10,1315.0,1331.0,1311.0,1326.0,31300,117.04572544539573,114.12154415656195
2022/11/11,1333.0,1334.0,1318.0,1324.0,30900,111.950910214428,110.25567996508589
2022/11/14,1320.0,1321.0,1309.0,1314.0,24200,112.1609741592207,110.26213211337601
2022/11/15,1314.0,1331.0,1308.0,1324.0,25000,111.63842074903114,109.45211738234535
2022/11/16,1322.0,1328.0,1318.0,1325.0,17900,110.90285852122024,108.70409414989935
2022/11/17,1328.0,1335.0,1320.0,1333.0,21400,113.59955000393624,110.97224496527343
2022/11/18,1335.0,1345.0,1329.0,1340.0,33200,114.11074007262114,111.24563346901472
2022/11/21,1342.0,1342.0,1330.0,1334.0,24100,114.6230822598139,111.41196183070163
2022/11/22,1340.0,1346.0,1335.0,1344.0,30300,113.19091967270943,109.93290843008363
2022/11/24,1347.0,1347.0,1330.0,1335.0,53900,109.72716885772628,105.93564620679491
2022/11/25,1335.0,1337.0,1328.0,1332.0,30900,110.04213111434329,106.47743490221495
2022/11/28,1340.0,1341.0,1320.0,1325.0,37000,111.3553992946133,107.79013902863596
2022/11/29,1315.0,1327.0,1308.0,1321.0,34800,112.46029994856754,109.61989153452431
2022/11/30,1325.0,1330.0,1317.0,1325.0,40100,113.74466120485603,111.07993333915364
2022/12/01,1328.0,1328.0,1318.0,1322.0,25500,112.54199990365987,110.99651741859506
2022/12/02,1317.0,1323.0,1305.0,1320.0,38700,111.1819120015906,110.40243003189552
2022/12/05,1310.0,1320.0,1310.0,1319.0,28500,110.52350431094516,110.07981884690527
2022/12/06,1315.0,1328.0,1314.0,1322.0,21900,110.57454816399283,110.5626292519164
2022/12/07,1323.0,1334.0,1320.0,1327.0,34300,111.82538208977604,110.24510030036711
2022/12/08,1327.0,1332.0,1321.0,1329.0,23200,112.92630296903579,111.15335261118548
2022/12/09,1331.0,1337.0,1329.0,1334.0,32300,110.67672036403991,109.35828960666339
2022/12/12,1335.0,1342.0,1327.0,1330.0,46700,110.51109026945095,108.5729837686393
2022/12/13,1341.0,1341.0,1330.0,1331.0,29100,108.90979656655877,107.52252457480076
2022/12/14,1336.0,1344.0,1331.0,1344.0,38800,111.85571464889857,111.0366586309871
2022/12/15,1345.0,1345.0,1339.0,1343.0,36100,112.63260475659824,110.85853881621375
2022/12/16,1340.0,1349.0,1333.0,1335.0,82600,111.82534273229301,109.7295959155189
2022/12/19,1331.0,1370.0,1325.0,1366.0,171900,116.082382534466,113.51932876042908
2022/12/20,1372.0,1379.0,1334.0,1340.0,112400,119.11628132826576,114.71180730264454
2022/12/21,1340.0,1350.0,1323.0,1325.0,87800,118.23471754190717,113.74440391627061
2022/12/22,1333.0,1341.0,1324.0,1339.0,51000,117.64664088495861,112.90106933952504
2022/12/23,1335.0,1339.0,1324.0,1329.0,35700,117.72633780566339,112.3301323715108
2022/12/26,1330.0,1347.0,1330.0,1347.0,38600,116.69931715961579,111.71676646180806
2022/12/27,1353.0,1358.0,1348.0,1355.0,39500,117.31360232432021,112.03605968187796
2022/12/28,1358.0,1367.0,1348.0,1367.0,45700,117.80040140109764,112.40087924786889
2022/12/29,1365.0,1367.0,1352.0,1366.0,42600,117.02189590318459,111.48720366199645
2022/12/30,1369.0,1370.0,1356.0,1361.0,47200,117.28943151262894,112.09913247003036
2023/01/04,1366.0,1366.0,1340.0,1340.0,53900,116.80385488918151,111.78770944521396
2023/01/05,1340.0,1340.0,1324.0,1335.0,60900,114.26642325559769,110.66811785627803
2023/01/06,1331.0,1342.0,1327.0,1340.0,35200,114.9173925974037,111.51099746023543
2023/01/10,1355.0,1355.0,1344.0,1355.0,35700,114.09297499997544,111.77820907843605
2023/01/11,1363.0,1387.0,1362.0,1387.0,94300,115.47325189421211,112.75649547739988
2023/01/12,1390.0,1405.0,1389.0,1398.0,84300,113.73016059977121,110.97875202827669
2023/01/13,1391.0,1395.0,1372.0,1378.0,81800,112.27893162764914,108.36190581027665
2023/01/16,1367.0,1372.0,1352.0,1370.0,67200,114.31417536185882,109.72768710343257
2023/01/17,1373.0,1395.0,1373.0,1387.0,47800,114.89792652496659,110.49992380011471
2023/01/18,1390.0,1429.0,1389.0,1421.0,138100,114.21880431536806,110.53154645100425
2023/01/19,1410.0,1432.0,1401.0,1430.0,69500,116.5945020517095,112.17846445407744
2023/01/20,1425.0,1431.0,1412.0,1425.0,62400,114.5395169462733,110.52572763178699
2023/01/23,1430.0,1441.0,1427.0,1430.0,78600,112.83296796426158,109.1649856385112
2023/01/24,1440.0,1457.0,1432.0,1433.0,162700,109.63734801132476,106.0493204236322
2023/01/25,1423.0,1423.0,1395.0,1410.0,186500,108.48632749290532,105.09225054045883
2023/01/26,1411.0,1418.0,1396.0,1407.0,116800,107.22580866381986,104.40700119054738
2023/01/27,1409.0,1418.0,1409.0,1413.0,73600,108.25859385302601,105.0349391414376
2023/01/30,1420.0,1430.0,1413.0,1425.0,109800,108.39183368226703,105.3201811957593
2023/01/31,1425.0,1428.0,1384.0,1388.0,225000,106.28837496442304,102.96290760446125
2023/02/01,1390.0,1403.0,1385.0,1403.0,93500,106.32890126496737,103.6977919022869
2023/02/02,1404.0,1407.0,1390.0,1393.0,83100,104.39718685415644,102.59515907524266
2023/02/03,1403.0,1403.0,1390.0,1398.0,53700,104.611373763808,102.76300257750994
2023/02/06,1404.0,1407.0,1397.0,1401.0,62900,103.76356260270268,102.62106881009296
2023/02/07,1399.0,1404.0,1392.0,1396.0,75700,103.01629898951776,101.92979717427764
2023/02/08,1395.0,1400.0,1388.0,1400.0,76300,104.22142678838402,102.65241634502324
2023/02/09,1398.0,1409.0,1396.0,1404.0,86500,106.67324110088434,105.04452862987716
2023/02/10,1404.0,1409.0,1373.0,1382.0,162800,113.27165875657835,112.46519518314699
2023/02/13,1382.0,1388.0,1361.0,1388.0,136200,114.77408796014186,113.48405957541081
2023/02/14,1398.0,1405.0,1388.0,1400.0,81800,118.43461766760106,116.90019613156775
2023/02/15,1403.0,1427.0,1399.0,1427.0,143900,122.83178865620017,120.47302594212863
2023/02/16,1430.0,1453.0,1422.0,1430.0,138300,119.51256539414743,117.3042459815203
2023/02/17,1420.0,1438.0,1415.0,1436.0,62100,122.50881029841972,120.05643811290008
2023/02/20,1445.0,1455.0,1442.0,1446.0,78300,125.9697768082597,123.13921347472372
2023/02/21,1454.0,1463.0,1446.0,1457.0,95400,125.91746353068827,123.16960133624623
2023/02/22,1462.0,1491.0,1459.0,1485.0,142100,129.88566370318628,127.47925823970286
2023/02/24,1485.0,1514.0,1484.0,1513.0,114000,132.1700411576873,129.31666345966036
2023/02/27,1520.0,1559.0,1520.0,1557.0,99600,132.45951835480813,129.6655424764137
2023/02/28,1577.0,1584.0,1528.0,1528.0,119800,130.01730524230913,126.51800000153635
2023/03/01,1530.0,1543.0,1523.0,1537.0,56500,127.91707466601532,124.15885112202207
2023/03/02,1538.0,1549.0,1536.0,1541.0,54700,128.94846451282064,125.87655137377642
2023/03/03,1545.0,1549.0,1526.0,1533.0,101400,125.28760353860586,123.01079018189598
2023/03/06,1555.0,1555.0,1541.0,1551.0,79900,121.25353278239854,119.59224216747515
2023/03/07,1547.0,1560.0,1542.0,1559.0,75200,123.66398242384844,121.52513078686451
2023/03/08,1559.0,1559.0,1541.0,1556.0,71100,122.97755603276465,121.35087540993518
2023/03/09,1565.0,1568.0,1560.0,1561.0,52300,122.47016935494625,120.56912693890078
2023/03/10,1549.0,1566.0,1546.0,1550.0,83200,120.76810878142233,119.64831304979779
2023/03/13,1520.0,1527.0,1492.0,1526.0,116000,120.97258807120438,120.49568506309525
2023/03/14,1501.0,1502.0,1462.0,1480.0,138000,119.41335322369669,120.28739130690897
2023/03/15,1501.0,1528.0,1500.0,1517.0,61400,125.40365094485225,125.32021536970122
2023/03/16,1492.0,1498.0,1471.0,1495.0,115600,129.12041063510188,128.2803672208687
2023/03/17,1509.0,1520.0,1495.0,1495.0,79700,127.70278857765396,126.78298596717126
2023/03/20,1485.0,1490.0,1457.0,1458.0,97800,126.66088360219439,125.65394431770144
2023/03/22,1479.0,1504.0,1479.0,1500.0,41700,130.5475342504471,128.90459187901996
2023/03/23,1490.0,1521.0,1484.0,1520.0,47200,132.67715931189755,131.0195067204123
2023/03/24,1516.0,1519.0,1501.0,1512.0,82500,135.09036929931185,133.17871710332156
2023/03/27,1525.0,1534.0,1515.0,1533.0,105700,135.33473591833737,133.8550042625798
2023/03/28,1545.0,1553.0,1530.0,1530.0,79600,135.82528835391565,133.9767695572793
2023/03/29,1537.0,1543.0,1530.0,1538.0,132400,135.60644286026638,133.0273435508105
2023/03/30,1483.0,1488.0,1447.0,1469.0,140600,133.91312302471056,131.23843386386866
2023/03/31,1479.0,1514.0,1476.0,1506.0,80400,138.34574858029757,136.07800037085923
2023/04/03,1518.0,1520.0,1483.0,1487.0,59700,136.2358172082238,134.05922787807194
2023/04/04,1487.0,1490.0,1476.0,1489.0,43100,133.21587955066704,130.67321567267604
2023/04/05,1477.0,1477.0,1455.0,1458.0,50700,132.6914535466099,130.79317068866948
2023/04/06,1447.0,1456.0,1425.0,1427.0,76600,132.2596971071891,130.42118037787333
2023/04/07,1442.0,1447.0,1439.0,1443.0,29600,132.80866636137716,130.69902203841167
2023/04/10,1443.0,1451.0,1433.0,1436.0,34300,132.30153293294077,130.31534646163345
2023/04/11,1437.0,1448.0,1434.0,1447.0,32000,130.71733777558384,129.67943074926865
2023/04/12,1448.0,1468.0,1448.0,1459.0,30600,131.62986908620093,129.6880203650626
2023/04/13,1459.0,1465.0,1452.0,1464.0,26500,132.40742665204158,130.38206043496737
2023/04/14,1465.0,1473.0,1464.0,1469.0,37200,132.0234048478759,130.4275623828263
2023/04/17,1475.0,1477.0,1466.0,1471.0,39900,131.8573390635672,130.12874651890553
2023/04/18,1474.0,1487.0,1469.0,1485.0,57900,132.600537387272,130.80666763747752
2023/04/19,1480.0,1493.0,1477.0,1493.0,28900,134.07382222083262,132.26671991778102
2023/04/20,1493.0,1508.0,1490.0,1502.0,31600,135.91627702763418,133.62119150141245
2023/04/21,1502.0,1519.0,1493.0,1514.0,48700,136.4351998963812,134.60136401474756
2023/04/24,1515.0,1517.0,1497.0,1502.0,26800,135.5455896095992,134.24917393905446
2023/04/25,1502.0,1516.0,1502.0,1510.0,25900,136.76723959353632,134.85454721358974
2023/04/26,1499.0,1504.0,1490.0,1495.0,28500,129.497149071616,128.21762217618834
2023/04/27,1493.0,1508.0,1488.0,1505.0,35500,131.0443841838072,129.82000652762633
2023/04/28,1519.0,1519.0,1502.0,1515.0,30200,125.49083057350956,124.58347494089341
2023/05/01,1518.0,1521.0,1495.0,1511.0,36300,124.01316235838986,123.02399083898014
2023/05/02,1512.0,1538.0,1510.0,1530.0,58600,125.00688761515872,124.59941274963188
2023/05/08,1520.0,1534.0,1520.0,1534.0,34300,124.96528718254973,124.65875876513518
2023/05/09,1534.0,1550.0,1533.0,1549.0,45400,126.58249211134456,125.60105162916209
2023/05/10,1557.0,1558.0,1534.0,1546.0,41400,110.22536656062674,108.67362351194558
2023/05/11,1545.0,1545.0,1525.0,1528.0,39300,109.37560300517018,108.64376483059846
2023/05/12,1525.0,1527.0,1501.0,1521.0,59000,107.27613329914591,106.08145150360681
2023/05/15,1527.0,1531.0,1516.0,1522.0,47500,107.04921566310905,105.25412266528637
2023/05/16,1530.0,1534.0,1519.0,1530.0,29600,106.65631126737463,104.77204800354498
2023/05/17,1525.0,1538.0,1523.0,1532.0,37700,107.2400284625696,105.93092010728198
2023/05/18,1540.0,1547.0,1531.0,1545.0,36300,103.70938770536324,103.52114439743731
2023/05/19,1549.0,1559.0,1547.0,1548.0,39000,103.30891700971976,103.37536594501941
2023/05/22,1548.0,1559.0,1545.0,1554.0,26500,103.98919975310177,104.24327471316815
2023/05/23,1555.0,1560.0,1535.0,1543.0,51400,104.85121801301473,105.45132490575797
2023/05/24,1536.0,1550.0,1536.0,1546.0,16600,105.7598097073566,106.04935686670925
2023/05/25,1542.0,1554.0,1539.0,1552.0,28600,106.30914664993958,107.67503167568442
2023/05/26,1549.0,1569.0,1547.0,1554.0,52400,107.35039362222992,108.99261720507987
2023/05/29,1573.0,1583.0,1566.0,1573.0,65400,106.4396645549404,108.07551817266467
2023/05/30,1574.0,1585.0,1558.0,1585.0,59100,106.7011566714449,108.54404083777962
2023/05/31,1584.0,1584.0,1540.0,1540.0,56600,104.94353684810407,107.41520681336307
2023/06/01,1554.0,1573.0,1552.0,1555.0,40000,105.23500808553696,107.16901372268866
2023/06/02,1567.0,1584.0,1562.0,1582.0,41300,107.6643384711013,108.27830822806473
2023/06/05,1595.0,1602.0,1583.0,1583.0,54900,103.05366559967604,103.89470512891839
2023/06/06,1583.0,1588.0,1576.0,1584.0,34300,101.69238751755752,102.99616723190128
2023/06/07,1591.0,1597.0,1578.0,1584.0,61400,103.8055508379775,104.76558944839765
2023/06/08,1584.0,1605.0,1584.0,1596.0,62300,106.08844197737571,106.77563027394321
2023/06/09,1603.0,1615.0,1600.0,1608.0,60400,103.63824842813061,104.9845958867742
2023/06/12,1623.0,1635.0,1608.0,1624.0,82500,100.31817125374434,102.37755997625166
2023/06/13,1643.0,1650.0,1635.0,1635.0,77900,98.33283258250492,101.12549955370145
2023/06/14,1645.0,1650.0,1638.0,1648.0,60600,99.00583730163021,101.91012048052461
2023/06/15,1655.0,1680.0,1649.0,1680.0,52000,101.49860893241222,104.69955356975488
2023/06/16,1681.0,1697.0,1666.0,1692.0,61700,99.5271302924443,103.12122668503288
2023/06/19,1700.0,1701.0,1660.0,1672.0,93300,99.94177654412249,102.76893049295678
2023/06/20,1672.0,1709.0,1672.0,1691.0,52900,101.08433708857415,104.51413883117615
2023/06/21,1694.0,1698.0,1682.0,1687.0,45400,99.38709913871047,103.01309271517509
2023/06/22,1692.0,1707.0,1686.0,1695.0,59400,100.98800710846727,103.5010737327838
2023/06/23,1696.0,1704.0,1655.0,1671.0,71600,101.22913434791654,103.24840891207441
2023/06/26,1668.0,1687.0,1647.0,1672.0,58200,102.15749467794653,103.81053647426887
2023/06/27,1671.0,1707.0,1664.0,1705.0,55500,105.73555900838612,107.64094156606055
2023/06/28,1720.0,1746.0,1717.0,1746.0,93300,104.59338514036503,106.70193842671891
2023/06/29,1746.0,1770.0,1741.0,1745.0,64200,104.6281242861802,107.33869314803923
2023/06/30,1750.0,1770.0,1741.0,1756.0,75200,103.02016250829458,106.28113388228743
2023/07/03,1762.0,1774.0,1758.0,1765.0,47800,102.51967460827476,106.59173808462046
2023/07/04,1766.0,1772.0,1754.0,1765.0,62300,104.71964225651043,107.92027083551395
2023/07/05,1760.0,1768.0,1744.0,1764.0,41800,104.532306734484,107.43292804129968
2023/07/06,1763.0,1783.0,1752.0,1761.0,57600,107.02417761725454,109.4523750969288
2023/07/07,1752.0,1761.0,1722.0,1745.0,68300,108.52062988749336,110.94765693792203
2023/07/10,1746.0,1773.0,1742.0,1745.0,47200,109.57334330617681,112.27593414842462
2023/07/11,1756.0,1760.0,1722.0,1722.0,41000,106.00546768756006,109.15449159615672
2023/07/12,1731.0,1731.0,1694.0,1699.0,67400,105.92890890371378,108.65759795588188
2023/07/13,1699.0,1707.0,1670.0,1694.0,54600,104.3230497528947,107.13908380915906
2023/07/14,1706.0,1713.0,1684.0,1696.0,39300,106.01957808436163,108.3498718390289
2023/07/18,1706.0,1734.0,1702.0,1731.0,42000,108.07303077024315,110.03746251453417
2023/07/19,1746.0,1760.0,1720.0,1760.0,53700,111.85395861591003,113.53430228663646
2023/07/20,1765.0,1768.0,1750.0,1752.0,23200,113.14965161739237,114.07825335878094
2023/07/21,1753.0,1762.0,1752.0,1758.0,24400,114.65042590780061,114.71869127231307
2023/07/24,1760.0,1780.0,1758.0,1777.0,31000,113.77199063099128,114.41626460088116
2023/07/25,1782.0,1783.0,1771.0,1778.0,33500,112.86600813737671,113.41068711944291
2023/07/26,1780.0,1780.0,1771.0,1773.0,24900,113.14098680546898,113.65391523651915
2023/07/27,1772.0,1778.0,1754.0,1775.0,33700,112.90609424175668,113.36506651399554
2023/07/28,1769.0,1777.0,1752.0,1768.0,57700,112.68803868082118,112.47630985639884
2023/07/31,1785.0,1803.0,1777.0,1786.0,62300,113.4062032311852,113.41486385070864
2023/08/01,1786.0,1813.0,1786.0,1802.0,47200,111.68329310343523,111.61403418701805
2023/08/02,1804.0,1813.0,1791.0,1801.0,45900,115.20107129552156,113.93068074447716
2023/08/03,1792.0,1794.0,1764.0,1779.0,44000,115.35383997930803,113.04326928737531
2023/08/04,1781.0,1791.0,1772.0,1787.0,26400,116.76188360441759,114.20232393907166
2023/08/07,1791.0,1803.0,1785.0,1796.0,22300,116.51670920788098,113.66802154376217
2023/08/08,1804.0,1815.0,1801.0,1801.0,19600,114.7336448049766,112.13586294137463
2023/08/09,1801.0,1808.0,1788.0,1798.0,29800,116.648971682381,114.39374526533896
2023/08/10,1790.0,1820.0,1782.0,1820.0,57400,121.06909212533925,117.97251102556258
2023/08/14,1820.0,1855.0,1818.0,1855.0,73100,126.22088742280782,121.97403381383778
2023/08/15,1853.0,1860.0,1837.0,1844.0,41100,125.04686763490636,120.84345321366936
2023/08/16,1837.0,1846.0,1807.0,1808.0,48600,125.43032276038927,121.04038107220698
2023/08/17,1791.0,1794.0,1746.0,1791.0,75000,122.95658988736908,118.70113210175215
2023/08/18,1773.0,1794.0,1771.0,1782.0,36300,121.55672533456115,117.80747913522087
2023/08/21,1782.0,1807.0,1782.0,1788.0,26300,121.44690296690565,118.35119368180895
2023/08/22,1783.0,1801.0,1776.0,1788.0,35600,118.9976334609242,115.92957431759747
2023/08/23,1797.0,1810.0,1785.0,1808.0,20200,117.37235317733577,114.63927965706485
2023/08/24,1803.0,1815.0,1802.0,1809.0,23500,116.42705083258743,114.10114909794483
2023/08/25,1808.0,1812.0,1795.0,1808.0,21500,119.87290207458692,115.60760830186372
2023/08/28,1823.0,1842.0,1820.0,1840.0,27800,117.9415345844267,115.04500667652258
2023/08/29,1840.0,1850.0,1837.0,1846.0,21700,119.81283993560594,117.02522915419036
2023/08/30,1856.0,1875.0,1850.0,1867.0,57300,121.32103967670776,118.50089505327897
2023/08/31,1875.0,1893.0,1875.0,1890.0,52300,121.14403821256256,118.56714040676314
2023/09/01,1892.0,1907.0,1888.0,1905.0,47900,122.6449886204988,119.18021289717686
2023/09/04,1925.0,1948.0,1917.0,1948.0,48400,122.9047676158273,119.10160080943946
2023/09/05,1948.0,1961.0,1927.0,1958.0,55800,122.73980652868602,118.92124589764764
2023/09/06,1955.0,1961.0,1942.0,1954.0,48600,121.23531193000179,117.63368182716818
2023/09/07,1950.0,1963.0,1931.0,1933.0,52200,123.17524502219447,118.92843144770052
2023/09/08,1910.0,1928.0,1901.0,1917.0,38800,124.16041308518058,119.55388920762147
2023/09/11,1927.0,1939.0,1919.0,1936.0,38100,126.44278170235896,120.6628032135708
2023/09/12,1949.0,1949.0,1926.0,1941.0,32100,125.80132657401113,120.28217664161083
2023/09/13,1941.0,1951.0,1935.0,1950.0,73800,123.7744649973575,119.14330451465828
2023/09/14,1950.0,1960.0,1945.0,1953.0,38600,122.30893568480062,117.99459032445363
2023/09/15,1960.0,1979.0,1958.0,1966.0,72000,121.43157550983884,117.91472920122517
2023/09/19,1966.0,1979.0,1957.0,1976.0,73300,124.02788509048163,119.31149940367602
2023/09/20,1979.0,1983.0,1926.0,1930.0,142300,120.29042949440401,116.11087829283872
2023/09/21,1930.0,1953.0,1928.0,1931.0,64500,120.04749386911142,115.76504441287952
2023/09/22,1920.0,1934.0,1901.0,1921.0,61100,118.6232629787046,114.08798311115969
2023/09/25,1940.0,1952.0,1929.0,1940.0,56500,118.78396991637483,114.77059467439166
2023/09/26,1942.0,1943.0,1932.0,1935.0,34600,122.58111395948308,117.7179455205432
2023/09/27,1932.0,1935.0,1907.0,1935.0,84300,120.71953221775678,116.4029036779907
2023/09/28,1898.0,1935.0,1889.0,1920.0,68600,126.72482409441909,121.79714992518468
2023/09/29,1921.0,1921.0,1830.0,1839.0,110000,121.43072368813208,117.85690196017711
2023/10/02,1853.0,1900.0,1853.0,1866.0,66300,122.82823170369419,118.78768776747523
2023/10/03,1859.0,1859.0,1800.0,1801.0,67600,119.52500932815929,115.91970192859758
2023/10/04,1775.0,1783.0,1730.0,1730.0,114500,116.43617357832987,112.98823039693491
2023/10/05,1744.0,1785.0,1740.0,1773.0,61000,118.13814417986796,114.15452457434382
2023/10/06,1770.0,1804.0,1770.0,1797.0,37800,119.19105168321332,114.7404784465406
2023/10/10,1835.0,1848.0,1831.0,1843.0,37800,119.08992327875916,115.89181439583022
2023/10/11,1865.0,1879.0,1837.0,1841.0,40000,118.97276761922507,116.57001410862003
2023/10/12,1843.0,1849.0,1827.0,1847.0,30900,119.02137266584643,116.70532598143846
2023/10/13,1834.0,1835.0,1805.0,1814.0,32200,118.71124965060338,116.42625436019422
2023/10/16,1796.0,1810.0,1781.0,1789.0,28200,118.11522991506737,115.45554756925713
2023/10/17,1802.0,1813.0,1777.0,1783.0,29100,116.4255374421032,113.9539817663281
2023/10/18,1782.0,1801.0,1782.0,1799.0,24000,117.71963728178574,114.85487787631247
2023/10/19,1790.0,1795.0,1774.0,1777.0,24200,117.63471064395452,114.60637850951431
2023/10/20,1770.0,1780.0,1756.0,1773.0,24400,119.15680600346587,115.5691866812226
2023/10/23,1755.0,1771.0,1735.0,1735.0,46100,116.22372267940821,112.58712172090766
2023/10/24,1750.0,1757.0,1696.0,1753.0,63800,119.30692679257658,115.75027861448947
2023/10/25,1769.0,1775.0,1752.0,1752.0,21000,118.77580824122123,115.20332143879637
2023/10/26,1750.0,1760.0,1729.0,1739.0,37500,122.16520312907697,117.12551117859692
2023/10/27,1758.0,1789.0,1754.0,1789.0,32100,123.88375106954382,119.3065412680424
2023/10/30,1767.0,1787.0,1750.0,1769.0,54300,123.3363988213716,118.6745669007674
2023/10/31,1776.0,1784.0,1757.0,1784.0,31800,122.52397446645,117.49449519961952
2023/11/01,1802.0,1820.0,1801.0,1813.0,44200,123.50664291090897,118.4839613639096
2023/11/02,1843.0,1843.0,1795.0,1804.0,34600,118.77728492758588,115.07005975359542
2023/11/06,1840.0,1840.0,1806.0,1821.0,35100,118.25337972157541,115.12906519947008
2023/11/07,1824.0,1830.0,1800.0,1800.0,22900,119.03528523094596,115.65020999248487
2023/11/08,1800.0,1812.0,1743.0,1750.0,72300,114.06183277226383,111.9122736455735
2023/11/09,1768.0,1781.0,1728.0,1776.0,39600,112.60144998972879,111.08198107853542
2023/11/10,1725.0,1780.0,1712.0,1779.0,41200,116.60640976431739,113.72472003259362
2023/11/13,1802.0,1802.0,1769.0,1782.0,24500,116.38156831385413,113.57764986141459
2023/11/14,1782.0,1796.0,1777.0,1780.0,21100,115.09166117253635,112.59668233428827
2023/11/15,1792.0,1794.0,1776.0,1789.0,34900,112.8992603110724,111.69684783018296
2023/11/16,1778.0,1784.0,1766.0,1775.0,20500,111.27158050005947,110.53967357381302
2023/11/17,1768.0,1817.0,1768.0,1817.0,35800,112.64263809965335,111.55073974557466
2023/11/20,1820.0,1828.0,1790.0,1790.0,36800,112.30711128807378,111.55912497262281
2023/11/21,1814.0,1814.0,1781.0,1797.0,23100,112.70640040593811,112.64037822641146
2023/11/22,1795.0,1813.0,1795.0,1808.0,11600,114.90976955235324,114.96454051158702
2023/11/24,1828.0,1828.0,1806.0,1818.0,19700,114.80120586625368,115.19725703268588
2023/11/27,1816.0,1823.0,1811.0,1813.0,15600,115.21057648085818,115.1459909779734
2023/11/28,1813.0,1839.0,1813.0,1836.0,26100,116.60144755158525,116.54520956553188
2023/11/29,1836.0,1846.0,1827.0,1828.0,22400,115.80203805308129,115.85271001488209
2023/11/30,1830.0,1888.0,1828.0,1888.0,60200,120.3777682313065,119.45368333270332
2023/12/01,1898.0,1910.0,1881.0,1884.0,51200,118.59063228346287,117.05515016186085
2023/12/04,1880.0,1882.0,1861.0,1878.0,25400,119.19752100328252,117.38647446912283
2023/12/05,1872.0,1876.0,1860.0,1860.0,26800,119.70495331697926,117.12517998417431
2023/12/06,1882.0,1914.0,1880.0,1911.0,53300,119.21018620645594,117.53278253928008
2023/12/07,1899.0,1908.0,1896.0,1902.0,25900,120.10106341172076,117.74093653741846
2023/12/08,1902.0,1902.0,1857.0,1863.0,60100,120.60595663312164,117.85138117506362
2023/12/11,1900.0,1915.0,1892.0,1912.0,59100,122.06089978390438,119.30405692423159
2023/12/12,1924.0,1930.0,1897.0,1902.0,40700,121.62911502934375,119.36962199104516
2023/12/13,1906.0,1923.0,1906.0,1914.0,45600,121.77924299773805,119.58189435006597
2023/12/14,1915.0,1918.0,1870.0,1879.0,39100,120.07285996366488,118.96940474257715
2023/12/15,1896.0,1900.0,1885.0,1892.0,31500,118.32443804392298,118.50605946093566
2023/12/18,1900.0,1902.0,1858.0,1886.0,65200,114.79688235287038,115.33581214307995
2023/12/19,1895.0,1899.0,1867.0,1884.0,48000,112.44594528821163,114.79951910037303
2023/12/20,1900.0,1900.0,1871.0,1877.0,33500,111.00193113630044,114.16136413027131
2023/12/21,1865.0,1872.0,1855.0,1866.0,28500,111.4672357100132,114.32524741584919
2023/12/22,1875.0,1900.0,1875.0,1896.0,30200,112.84063620420078,115.88922456400688
2023/12/25,1908.0,1912.0,1894.0,1902.0,28000,112.12413702883741,114.93150880720844
2023/12/26,1909.0,1935.0,1902.0,1935.0,44800,113.3996864916969,116.62856187577817
2023/12/27,1937.0,1943.0,1923.0,1931.0,45300,110.47136030071259,114.00388334405763
2023/12/28,1933.0,1984.0,1933.0,1967.0,70500,112.02905909519092,115.5423451795725
2023/12/29,1965.0,1974.0,1945.0,1959.0,44200,112.23937318927075,115.06534634508523
2024/01/04,1966.0,2009.0,1953.0,2007.0,96300,116.61228739744345,118.11255566575231
2024/01/05,2039.0,2050.0,2025.0,2037.0,67100,118.29592788786509,119.1304579902198
2024/01/09,2040.0,2059.0,2033.0,2055.0,78100,117.5777563615013,118.21160108919449
2024/01/10,2055.0,2069.0,2041.0,2061.0,66900,114.09764814824126,115.57243656451988
2024/01/11,2088.0,2096.0,2075.0,2084.0,66200,112.49338274577856,114.56603998235406
2024/01/12,2085.0,2093.0,2052.0,2058.0,70300,109.64546605855907,113.95062183781401
2024/01/15,2063.0,2092.0,2061.0,2088.0,56600,109.61981976121855,113.87553134094826
2024/01/16,2087.0,2087.0,2075.0,2080.0,32800,110.04912875668116,113.96452953602977
2024/01/17,2095.0,2117.0,2083.0,2083.0,102300,110.6955067054421,113.61868424606195
2024/01/18,2085.0,2123.0,2085.0,2115.0,52800,110.11589107556361,113.6893999748072
2024/01/19,2135.0,2139.0,2114.0,2132.0,57600,110.46772913371909,114.85392437121216
2024/01/22,2164.0,2168.0,2150.0,2156.0,80100,110.99703132125008,115.2505564630114
2024/01/23,2180.0,2186.0,2141.0,2144.0,70900,111.84755154142249,116.11827101656176
2024/01/24,2149.0,2149.0,2118.0,2120.0,69400,113.70042141972378,117.74613214367493
2024/01/25,2135.0,2161.0,2135.0,2154.0,48100,115.60202989620485,119.62328528790036
2024/01/26,2170.0,2175.0,2127.0,2130.0,69000,115.45757859897073,119.66140741298956
2024/01/29,2137.0,2170.0,2137.0,2170.0,60800,115.95704224418668,119.3451868201745
2024/01/30,2175.0,2197.0,2175.0,2188.0,62400,119.44150417384611,123.2228098861428
2024/01/31,2190.0,2222.0,2178.0,2216.0,58800,119.03434212929933,122.10745030172016
2024/02/01,2207.0,2213.0,2182.0,2200.0,65200,120.17493327358434,122.47803894987106
2024/02/02,2213.0,2228.0,2191.0,2221.0,57400,120.87008066236532,123.24971640958779
2024/02/05,2233.0,2242.0,2217.0,2222.0,81000,120.81810070382429,122.77742481833324
2024/02/06,2220.0,2227.0,2200.0,2204.0,72300,120.87645757131335,123.3192911405546
2024/02/07,2203.0,2227.0,2203.0,2224.0,47700,121.41453690927342,123.5976414103356
2024/02/08,2220.0,2221.0,2174.0,2195.0,89800,116.98662080847961,121.09940850141352
2024/02/09,2200.0,2200.0,2153.0,2153.0,76900,116.83273069765103,121.0165993785962
2024/02/13,2100.0,2126.0,2062.0,2118.0,163500,109.99652501343486,115.43743536089346
2024/02/14,2118.0,2124.0,2069.0,2075.0,82200,106.0661001080243,111.83095806045931
2024/02/15,2084.0,2095.0,2048.0,2060.0,92500,104.56111653796857,111.2212933197946
2024/02/16,2073.0,2115.0,2070.0,2094.0,73700,104.24265632744714,110.66535327517461
2024/02/19,2094.0,2132.0,2094.0,2130.0,36600,105.41966911401617,111.5900318924979
2024/02/20,2145.0,2156.0,2130.0,2141.0,44500,105.23139196202675,111.50640721696891
2024/02/21,2138.0,2160.0,2138.0,2150.0,41500,102.5607147666123,108.84899182771532
2024/02/22,2168.0,2170.0,2147.0,2160.0,46000,100.2420941693862,106.6893417719088
2024/02/26,2170.0,2187.0,2156.0,2169.0,56600,97.37371255484142,103.83185525822358
2024/02/27,2185.0,2210.0,2173.0,2173.0,58400,99.4683199048371,105.83261233998923
2024/02/28,2189.0,2198.0,2180.0,2193.0,36300,100.13442498161163,106.56222458046305
2024/02/29,2193.0,2232.0,2188.0,2222.0,85800,101.23832180707795,107.48513606188234
2024/03/01,2218.0,2218.0,2165.0,2168.0,163000,98.9596307577009,105.41173200352254
2024/03/04,2187.0,2188.0,2157.0,2157.0,64000,97.90944143303885,104.65208882018919
2024/03/05,2157.0,2193.0,2138.0,2185.0,82300,98.9495002324521,105.37477586247066
2024/03/06,2171.0,2199.0,2165.0,2192.0,41000,99.94936106901288,105.82100047331524
2024/03/07,2200.0,2215.0,2192.0,2201.0,49200,101.91861839895881,107.4188215839013
2024/03/08,2195.0,2262.0,2194.0,2248.0,98500,102.84435714332518,108.05509565744103
2024/03/11,2230.0,2230.0,2165.0,2174.0,88300,102.14177219642706,106.89431101309654
2024/03/12,2165.0,2165.0,2102.0,2162.0,85700,102.49691365328435,107.06550731158981
2024/03/13,2176.0,2193.0,2131.0,2148.0,48800,99.63738164930258,104.7923884975295
2024/03/14,2159.0,2181.0,2150.0,2174.0,30100,101.21349369725043,105.83497999869083
2024/03/15,2175.0,2198.0,2172.0,2183.0,38900,103.1135415165368,107.1269430376229
2024/03/18,2210.0,2210.0,2187.0,2195.0,42100,102.07827351975043,106.706343823102
2024/03/19,2195.0,2214.0,2174.0,2202.0,71200,100.79338729514376,104.7478249490182
2024/03/21,2220.0,2237.0,2210.0,2232.0,88500,98.64726572827045,102.78805578754262
2024/03/22,2236.0,2237.0,2206.0,2210.0,127700,97.89415393503769,101.59085811363282
2024/03/25,2216.0,2225.0,2188.0,2215.0,131100,98.23487752563211,102.05145548996144
2024/03/26,2210.0,2232.0,2202.0,2230.0,66100,99.28280913600976,103.08018052829127
2024/03/27,2245.0,2262.0,2225.0,2231.0,191700,99.22740186040495,103.40565095709738
2024/03/28,2145.0,2169.0,2081.0,2081.0,198100,97.98224003579563,102.13685509684755
2024/03/29,2085.0,2125.0,2057.0,2066.0,146500,95.29136583755492,99.27304432871847
2024/04/01,2067.0,2078.0,2014.0,2028.0,130300,96.58435133510483,101.12199220426628
2024/04/02,2030.0,2030.0,1980.0,1996.0,88500,95.18132152917677,99.89145745512099
2024/04/03,1967.0,1993.0,1952.0,1966.0,113600,95.06278029285941,98.83778318190988
2024/04/04,1966.0,1980.0,1941.0,1966.0,95500,95.16338871057867,98.90504503709572
2024/04/05,1953.0,1982.0,1945.0,1954.0,64900,95.56603863401556,98.47659697361092
2024/04/08,1957.0,1965.0,1938.0,1965.0,67300,96.10244961169542,99.13253651823347
2024/04/09,1965.0,1990.0,1965.0,1990.0,35500,96.55229619430216,99.4416777068947
2024/04/10,1995.0,2018.0,1985.0,1994.0,54400,96.96456932359642,100.0016960162144
2024/04/11,1981.0,1998.0,1959.0,1991.0,46200,97.08457545523663,99.40916280268341
2024/04/12,1998.0,1998.0,1967.0,1973.0,62300,96.82660071157875,98.24918215523998
2024/04/15,1971.0,1975.0,1955.0,1973.0,27200,97.48440233231518,98.74701416597719
2024/04/16,1955.0,1955.0,1906.0,1917.0,82500,96.16529814983198,97.68246213708225
2024/04/17,1917.0,1934.0,1897.0,1912.0,55000,96.50503128366043,98.11683028393561
2024/04/18,1896.0,1935.0,1896.0,1932.0,29800,96.80171086399689,97.99152208218071
2024/04/19,1930.0,1930.0,1875.0,1890.0,51500,96.19606872854136,96.73096184371254
2024/04/22,1893.0,1939.0,1893.0,1931.0,43300,98.18841451796565,98.37681575841678
2024/04/23,1943.0,1946.0,1924.0,1939.0,23300,97.86708000338386,98.35374242863398
2024/04/24,1946.0,1965.0,1940.0,1961.0,25500,96.91619274898571,97.93528448512949
2024/04/25,1961.0,1972.0,1945.0,1945.0,24100,97.73855677677284,98.61845718617899
2024/04/26,1945.0,1947.0,1928.0,1941.0,34200,97.45818367958029,98.12166592318096
2024/04/30,1946.0,1963.0,1937.0,1951.0,40200,96.81164344243834,96.4810744098578
