date,open,high,low,close,volume,rs_nikkei,rs_topix
2014/03/26,850.0,850.0,830.0,850.0,1152000,-1.0,-1.0
2014/03/27,850.0,860.0,830.0,860.0,1175000,-1.0,-1.0
2014/03/28,860.0,870.0,850.0,870.0,1547000,-1.0,-1.0
2014/03/31,870.0,870.0,850.0,860.0,997000,-1.0,-1.0
2014/04/01,870.0,870.0,860.0,870.0,963000,-1.0,-1.0
2014/04/02,870.0,880.0,860.0,870.0,1293000,-1.0,-1.0
2014/04/03,880.0,880.0,870.0,870.0,1383000,-1.0,-1.0
2014/04/04,870.0,870.0,860.0,870.0,353000,-1.0,-1.0
2014/04/07,860.0,870.0,860.0,870.0,365000,-1.0,-1.0
2014/04/08,860.0,870.0,850.0,850.0,709000,-1.0,-1.0
2014/04/09,850.0,850.0,830.0,840.0,902000,-1.0,-1.0
2014/04/10,840.0,850.0,830.0,830.0,387000,-1.0,-1.0
2014/04/11,810.0,840.0,810.0,830.0,1015000,-1.0,-1.0
2014/04/14,820.0,840.0,820.0,820.0,681000,-1.0,-1.0
2014/04/15,830.0,840.0,820.0,820.0,665000,-1.0,-1.0
2014/04/16,820.0,850.0,820.0,840.0,710000,-1.0,-1.0
2014/04/17,840.0,850.0,840.0,840.0,484000,-1.0,-1.0
2014/04/18,840.0,840.0,830.0,830.0,301000,-1.0,-1.0
2014/04/21,830.0,850.0,830.0,850.0,655000,-1.0,-1.0
2014/04/22,850.0,850.0,830.0,830.0,408000,-1.0,-1.0
2014/04/23,840.0,840.0,830.0,830.0,418000,-1.0,-1.0
2014/04/24,830.0,840.0,830.0,830.0,205000,-1.0,-1.0
2014/04/25,830.0,850.0,830.0,830.0,851000,-1.0,-1.0
2014/04/28,830.0,830.0,820.0,820.0,406000,-1.0,-1.0
2014/04/30,830.0,840.0,820.0,840.0,581000,-1.0,-1.0
2014/05/01,830.0,850.0,830.0,850.0,802000,-1.0,-1.0
2014/05/02,840.0,850.0,840.0,840.0,552000,-1.0,-1.0
2014/05/07,840.0,840.0,820.0,830.0,863000,-1.0,-1.0
2014/05/08,830.0,840.0,820.0,820.0,520000,-1.0,-1.0
2014/05/09,820.0,840.0,820.0,830.0,440000,-1.0,-1.0
2014/05/12,830.0,840.0,820.0,820.0,377000,-1.0,-1.0
2014/05/13,830.0,840.0,820.0,820.0,795000,-1.0,-1.0
2014/05/14,830.0,830.0,820.0,820.0,389000,-1.0,-1.0
2014/05/15,820.0,830.0,820.0,820.0,258000,-1.0,-1.0
2014/05/16,820.0,830.0,820.0,820.0,864000,-1.0,-1.0
2014/05/19,830.0,830.0,810.0,810.0,555000,-1.0,-1.0
2014/05/20,810.0,820.0,810.0,820.0,304000,-1.0,-1.0
2014/05/21,820.0,820.0,800.0,820.0,848000,-1.0,-1.0
2014/05/22,810.0,830.0,810.0,820.0,535000,-1.0,-1.0
2014/05/23,820.0,840.0,820.0,830.0,901000,-1.0,-1.0
2014/05/26,840.0,840.0,830.0,840.0,530000,-1.0,-1.0
2014/05/27,840.0,840.0,830.0,830.0,541000,-1.0,-1.0
2014/05/28,840.0,840.0,830.0,840.0,408000,-1.0,-1.0
2014/05/29,840.0,840.0,830.0,840.0,344000,-1.0,-1.0
2014/05/30,840.0,840.0,830.0,830.0,541000,-1.0,-1.0
2014/06/02,840.0,850.0,830.0,850.0,737000,-1.0,-1.0
2014/06/03,850.0,850.0,840.0,850.0,360000,-1.0,-1.0
2014/06/04,850.0,850.0,840.0,840.0,206000,-1.0,-1.0
2014/06/05,850.0,850.0,840.0,850.0,427000,-1.0,-1.0
2014/06/06,850.0,860.0,840.0,860.0,674000,-1.0,-1.0
2014/06/09,850.0,860.0,850.0,860.0,543000,-1.0,-1.0
2014/06/10,850.0,860.0,840.0,840.0,964000,-1.0,-1.0
2014/06/11,840.0,860.0,840.0,860.0,1017000,-1.0,-1.0
2014/06/12,850.0,880.0,840.0,870.0,2270000,-1.0,-1.0
2014/06/13,870.0,880.0,850.0,880.0,1310000,-1.0,-1.0
2014/06/16,870.0,890.0,860.0,860.0,1062000,-1.0,-1.0
2014/06/17,870.0,880.0,860.0,880.0,612000,-1.0,-1.0
2014/06/18,880.0,900.0,870.0,900.0,3826000,-1.0,-1.0
2014/06/19,900.0,910.0,890.0,900.0,1203000,-1.0,-1.0
2014/06/20,900.0,900.0,870.0,890.0,1568000,-1.0,-1.0
2014/06/23,880.0,890.0,870.0,880.0,773000,-1.0,-1.0
2014/06/24,880.0,900.0,870.0,900.0,1246000,-1.0,-1.0
2014/06/25,890.0,900.0,880.0,890.0,652000,-1.0,-1.0
2014/06/26,890.0,900.0,880.0,890.0,718000,-1.0,-1.0
2014/06/27,890.0,890.0,860.0,890.0,1171000,-1.0,-1.0
2014/06/30,890.0,890.0,870.0,880.0,652000,-1.0,-1.0
2014/07/01,890.0,900.0,880.0,890.0,1096000,-1.0,-1.0
2014/07/02,890.0,900.0,880.0,880.0,1026000,-1.0,-1.0
2014/07/03,880.0,890.0,870.0,890.0,860000,-1.0,-1.0
2014/07/04,890.0,890.0,880.0,890.0,853000,-1.0,-1.0
2014/07/07,880.0,890.0,880.0,880.0,670000,-1.0,-1.0
2014/07/08,870.0,890.0,870.0,890.0,1015000,-1.0,-1.0
2014/07/09,880.0,890.0,870.0,870.0,588000,-1.0,-1.0
2014/07/10,870.0,890.0,870.0,870.0,1003000,-1.0,-1.0
2014/07/11,870.0,870.0,860.0,860.0,850000,-1.0,-1.0
2014/07/14,860.0,880.0,860.0,870.0,2037000,-1.0,-1.0
2014/07/15,870.0,890.0,870.0,880.0,1673000,-1.0,-1.0
2014/07/16,870.0,880.0,860.0,860.0,1875000,-1.0,-1.0
2014/07/17,870.0,870.0,860.0,860.0,1126000,-1.0,-1.0
2014/07/18,860.0,860.0,850.0,850.0,968000,-1.0,-1.0
2014/07/22,850.0,860.0,840.0,850.0,1272000,-1.0,-1.0
2014/07/23,850.0,860.0,850.0,850.0,556000,-1.0,-1.0
2014/07/24,850.0,870.0,850.0,870.0,1754000,-1.0,-1.0
2014/07/25,860.0,870.0,850.0,850.0,616000,-1.0,-1.0
2014/07/28,860.0,870.0,850.0,860.0,2251000,-1.0,-1.0
2014/07/29,860.0,870.0,850.0,860.0,761000,-1.0,-1.0
2014/07/30,860.0,870.0,850.0,870.0,1058000,-1.0,-1.0
2014/07/31,860.0,880.0,860.0,870.0,2660000,-1.0,-1.0
2014/08/01,860.0,870.0,850.0,870.0,2357000,-1.0,-1.0
2014/08/04,850.0,860.0,840.0,840.0,1852000,-1.0,-1.0
2014/08/05,850.0,860.0,840.0,840.0,1997000,-1.0,-1.0
2014/08/06,840.0,850.0,830.0,830.0,1292000,-1.0,-1.0
2014/08/07,840.0,860.0,840.0,840.0,1606000,-1.0,-1.0
2014/08/08,850.0,850.0,830.0,840.0,1619000,-1.0,-1.0
2014/08/11,850.0,860.0,840.0,860.0,917000,-1.0,-1.0
2014/08/12,850.0,860.0,840.0,850.0,690000,-1.0,-1.0
2014/08/13,850.0,860.0,850.0,860.0,759000,-1.0,-1.0
2014/08/14,850.0,860.0,840.0,850.0,1002000,-1.0,-1.0
2014/08/15,850.0,850.0,840.0,850.0,672000,-1.0,-1.0
2014/08/18,860.0,860.0,850.0,850.0,340000,-1.0,-1.0
2014/08/19,850.0,860.0,850.0,850.0,1553000,-1.0,-1.0
2014/08/20,850.0,860.0,850.0,860.0,546000,-1.0,-1.0
2014/08/21,860.0,870.0,850.0,860.0,1378000,-1.0,-1.0
2014/08/22,860.0,870.0,860.0,870.0,678000,-1.0,-1.0
2014/08/25,860.0,870.0,860.0,870.0,527000,-1.0,-1.0
2014/08/26,860.0,870.0,860.0,870.0,542000,-1.0,-1.0
2014/08/27,860.0,860.0,850.0,860.0,551000,-1.0,-1.0
2014/08/28,850.0,860.0,850.0,860.0,428000,-1.0,-1.0
2014/08/29,850.0,860.0,850.0,850.0,408000,-1.0,-1.0
2014/09/01,850.0,870.0,850.0,860.0,1158000,-1.0,-1.0
2014/09/02,860.0,880.0,860.0,870.0,2279000,-1.0,-1.0
2014/09/03,880.0,910.0,870.0,890.0,7250000,-1.0,-1.0
2014/09/04,890.0,900.0,880.0,900.0,2396000,-1.0,-1.0
2014/09/05,900.0,900.0,880.0,880.0,1377000,-1.0,-1.0
2014/09/08,890.0,900.0,880.0,890.0,2224000,-1.0,-1.0
2014/09/09,890.0,890.0,870.0,870.0,2470000,-1.0,-1.0
2014/09/10,870.0,890.0,870.0,890.0,1880000,-1.0,-1.0
2014/09/11,890.0,890.0,880.0,880.0,1091000,-1.0,-1.0
2014/09/12,880.0,890.0,870.0,880.0,1539000,-1.0,-1.0
2014/09/16,880.0,880.0,870.0,870.0,1113000,-1.0,-1.0
2014/09/17,880.0,880.0,870.0,870.0,402000,-1.0,-1.0
2014/09/18,870.0,890.0,870.0,880.0,3197000,-1.0,-1.0
2014/09/19,880.0,880.0,870.0,880.0,976000,-1.0,-1.0
2014/09/22,880.0,880.0,860.0,870.0,1812000,-1.0,-1.0
2014/09/24,870.0,880.0,860.0,880.0,2686000,-1.0,-1.0
2014/09/25,880.0,880.0,870.0,880.0,1140000,-1.0,-1.0
2014/09/26,880.0,880.0,870.0,870.0,822000,-1.0,-1.0
2014/09/29,870.0,880.0,870.0,870.0,718000,-1.0,-1.0
2014/09/30,880.0,880.0,860.0,860.0,2056000,-1.0,-1.0
2014/10/01,860.0,870.0,860.0,860.0,1240000,-1.0,-1.0
2014/10/02,860.0,860.0,850.0,850.0,1630000,-1.0,-1.0
2014/10/03,860.0,870.0,850.0,850.0,1136000,-1.0,-1.0
2014/10/06,860.0,870.0,860.0,870.0,687000,-1.0,-1.0
2014/10/07,860.0,870.0,850.0,850.0,846000,-1.0,-1.0
2014/10/08,850.0,860.0,840.0,850.0,1567000,-1.0,-1.0
2014/10/09,860.0,860.0,840.0,840.0,930000,-1.0,-1.0
2014/10/10,830.0,850.0,830.0,830.0,1774000,-1.0,-1.0
2014/10/14,830.0,830.0,810.0,820.0,1136000,-1.0,-1.0
2014/10/15,830.0,840.0,820.0,830.0,1618000,-1.0,-1.0
2014/10/16,820.0,830.0,800.0,800.0,1448000,-1.0,-1.0
2014/10/17,810.0,820.0,800.0,800.0,1893000,-1.0,-1.0
2014/10/20,810.0,830.0,810.0,820.0,1223000,-1.0,-1.0
2014/10/21,820.0,820.0,800.0,800.0,1506000,-1.0,-1.0
2014/10/22,810.0,820.0,800.0,820.0,836000,-1.0,-1.0
2014/10/23,810.0,830.0,810.0,810.0,1123000,-1.0,-1.0
2014/10/24,820.0,820.0,810.0,810.0,505000,-1.0,-1.0
2014/10/27,810.0,820.0,810.0,820.0,481000,-1.0,-1.0
2014/10/28,820.0,820.0,810.0,810.0,394000,-1.0,-1.0
2014/10/29,820.0,840.0,820.0,830.0,1004000,-1.0,-1.0
2014/10/30,830.0,840.0,820.0,820.0,880000,-1.0,-1.0
2014/10/31,830.0,860.0,830.0,860.0,2695000,-1.0,-1.0
2014/11/04,880.0,900.0,860.0,880.0,2980000,-1.0,-1.0
2014/11/05,870.0,880.0,860.0,870.0,2270000,-1.0,-1.0
2014/11/06,870.0,870.0,850.0,850.0,1972000,-1.0,-1.0
2014/11/07,860.0,890.0,850.0,870.0,5217000,-1.0,-1.0
2014/11/10,870.0,880.0,860.0,880.0,1564000,-1.0,-1.0
2014/11/11,880.0,890.0,870.0,890.0,2172000,-1.0,-1.0
2014/11/12,890.0,900.0,880.0,880.0,4439000,-1.0,-1.0
2014/11/13,890.0,890.0,880.0,880.0,1911000,-1.0,-1.0
2014/11/14,890.0,900.0,880.0,890.0,2434000,-1.0,-1.0
2014/11/17,900.0,900.0,880.0,880.0,3008000,-1.0,-1.0
2014/11/18,890.0,900.0,890.0,900.0,1563000,-1.0,-1.0
2014/11/19,910.0,910.0,890.0,900.0,2644000,-1.0,-1.0
2014/11/20,900.0,920.0,900.0,910.0,3090000,-1.0,-1.0
2014/11/21,910.0,920.0,900.0,920.0,4144000,-1.0,-1.0
2014/11/25,920.0,930.0,910.0,920.0,3121000,-1.0,-1.0
2014/11/26,930.0,940.0,920.0,940.0,4275000,-1.0,-1.0
2014/11/27,930.0,950.0,930.0,940.0,4678000,-1.0,-1.0
2014/11/28,950.0,970.0,940.0,950.0,4541000,-1.0,-1.0
2014/12/01,960.0,970.0,950.0,960.0,2514000,-1.0,-1.0
2014/12/02,960.0,980.0,960.0,980.0,3748000,-1.0,-1.0
2014/12/03,980.0,980.0,960.0,970.0,4121000,-1.0,-1.0
2014/12/04,970.0,980.0,960.0,980.0,3520000,-1.0,-1.0
2014/12/05,980.0,980.0,960.0,970.0,3043000,-1.0,-1.0
2014/12/08,970.0,980.0,960.0,970.0,1778000,-1.0,-1.0
2014/12/09,970.0,980.0,960.0,970.0,1714000,-1.0,-1.0
2014/12/10,960.0,970.0,940.0,950.0,3602000,-1.0,-1.0
2014/12/11,940.0,950.0,930.0,940.0,2207000,-1.0,-1.0
2014/12/12,940.0,950.0,930.0,940.0,1893000,-1.0,-1.0
2014/12/15,930.0,940.0,930.0,930.0,943000,-1.0,-1.0
2014/12/16,930.0,930.0,910.0,920.0,1832000,-1.0,-1.0
2014/12/17,910.0,930.0,910.0,930.0,1454000,-1.0,-1.0
2014/12/18,940.0,950.0,930.0,930.0,1144000,-1.0,-1.0
2014/12/19,950.0,950.0,930.0,950.0,1875000,-1.0,-1.0
2014/12/22,950.0,950.0,930.0,940.0,1104000,-1.0,-1.0
2014/12/24,940.0,940.0,930.0,940.0,509000,-1.0,-1.0
2014/12/25,930.0,930.0,920.0,930.0,898000,-1.0,-1.0
2014/12/26,930.0,940.0,920.0,940.0,805000,-1.0,-1.0
2014/12/29,940.0,940.0,920.0,940.0,679000,-1.0,-1.0
2014/12/30,940.0,940.0,930.0,940.0,203000,-1.0,-1.0
2015/01/05,940.0,940.0,920.0,930.0,869000,-1.0,-1.0
2015/01/06,920.0,930.0,910.0,920.0,762000,-1.0,-1.0
2015/01/07,910.0,920.0,910.0,910.0,362000,-1.0,-1.0
2015/01/08,920.0,920.0,910.0,910.0,430000,-1.0,-1.0
2015/01/09,910.0,920.0,910.0,910.0,652000,-1.0,-1.0
2015/01/13,910.0,910.0,890.0,900.0,593000,-1.0,-1.0
2015/01/14,890.0,900.0,880.0,890.0,817000,-1.0,-1.0
2015/01/15,890.0,900.0,880.0,900.0,760000,-1.0,-1.0
2015/01/16,890.0,890.0,880.0,890.0,388000,-1.0,-1.0
2015/01/19,890.0,890.0,870.0,870.0,631000,-1.0,-1.0
2015/01/20,870.0,890.0,870.0,890.0,560000,-1.0,-1.0
2015/01/21,890.0,890.0,880.0,880.0,410000,-1.0,-1.0
2015/01/22,880.0,890.0,860.0,860.0,1484000,-1.0,-1.0
2015/01/23,860.0,870.0,860.0,860.0,510000,-1.0,-1.0
2015/01/26,860.0,880.0,860.0,880.0,884000,-1.0,-1.0
2015/01/27,880.0,890.0,880.0,890.0,395000,-1.0,-1.0
2015/01/28,880.0,890.0,870.0,880.0,954000,-1.0,-1.0
2015/01/29,880.0,880.0,870.0,870.0,332000,-1.0,-1.0
2015/01/30,880.0,880.0,870.0,870.0,521000,-1.0,-1.0
2015/02/02,870.0,870.0,860.0,860.0,416000,-1.0,-1.0
2015/02/03,860.0,870.0,860.0,870.0,749000,-1.0,-1.0
2015/02/04,870.0,880.0,860.0,880.0,752000,-1.0,-1.0
2015/02/05,870.0,880.0,860.0,860.0,720000,-1.0,-1.0
2015/02/06,880.0,900.0,870.0,890.0,1091000,-1.0,-1.0
2015/02/09,890.0,890.0,880.0,880.0,913000,-1.0,-1.0
2015/02/10,880.0,890.0,880.0,890.0,854000,-1.0,-1.0
2015/02/12,890.0,910.0,880.0,890.0,1848000,-1.0,-1.0
2015/02/13,890.0,900.0,890.0,890.0,417000,-1.0,-1.0
2015/02/16,900.0,920.0,890.0,920.0,2885000,-1.0,-1.0
2015/02/17,910.0,920.0,900.0,900.0,1270000,-1.0,-1.0
2015/02/18,910.0,930.0,910.0,920.0,2898000,-1.0,-1.0
2015/02/19,930.0,950.0,920.0,950.0,3437000,-1.0,-1.0
2015/02/20,950.0,960.0,930.0,950.0,3609000,-1.0,-1.0
2015/02/23,950.0,970.0,940.0,940.0,4102000,-1.0,-1.0
2015/02/24,940.0,950.0,930.0,940.0,1806000,-1.0,-1.0
2015/02/25,940.0,950.0,940.0,950.0,975000,-1.0,-1.0
2015/02/26,940.0,950.0,940.0,950.0,666000,-1.0,-1.0
2015/02/27,950.0,960.0,940.0,950.0,1770000,-1.0,-1.0
2015/03/02,950.0,950.0,930.0,930.0,1777000,-1.0,-1.0
2015/03/03,930.0,940.0,930.0,940.0,660000,-1.0,-1.0
2015/03/04,930.0,940.0,930.0,930.0,1413000,-1.0,-1.0
2015/03/05,930.0,950.0,930.0,950.0,2046000,-1.0,-1.0
2015/03/06,950.0,960.0,940.0,960.0,1624000,-1.0,-1.0
2015/03/09,950.0,950.0,940.0,950.0,887000,-1.0,-1.0
2015/03/10,940.0,950.0,930.0,940.0,1479000,-1.0,-1.0
2015/03/11,930.0,940.0,920.0,930.0,1885000,-1.0,-1.0
2015/03/12,930.0,950.0,930.0,940.0,1183000,-1.0,-1.0
2015/03/13,940.0,950.0,940.0,950.0,1910000,-1.0,-1.0
2015/03/16,950.0,950.0,940.0,950.0,1359000,-1.0,-1.0
2015/03/17,950.0,950.0,940.0,940.0,1489000,-1.0,-1.0
2015/03/18,940.0,940.0,930.0,930.0,1928000,-1.0,-1.0
2015/03/19,940.0,940.0,930.0,940.0,915000,-1.0,-1.0
2015/03/20,940.0,940.0,930.0,930.0,931000,-1.0,-1.0
2015/03/23,930.0,940.0,930.0,940.0,1338000,-1.0,-1.0
2015/03/24,930.0,940.0,930.0,930.0,763000,-1.0,-1.0
2015/03/25,930.0,940.0,920.0,940.0,2870000,-1.0,-1.0
2015/03/26,930.0,930.0,920.0,930.0,577000,-1.0,-1.0
2015/03/27,920.0,920.0,900.0,900.0,2922000,-1.0,-1.0
2015/03/30,900.0,900.0,880.0,890.0,1060000,-1.0,-1.0
2015/03/31,900.0,910.0,880.0,890.0,1926000,-1.0,-1.0
2015/04/01,890.0,900.0,880.0,890.0,1493000,-1.0,-1.0
2015/04/02,890.0,910.0,890.0,900.0,757000,-1.0,-1.0
2015/04/03,900.0,910.0,900.0,910.0,746000,-1.0,-1.0
2015/04/06,910.0,910.0,900.0,900.0,346000,78.97471798609973,79.32994245103777
2015/04/07,910.0,910.0,900.0,900.0,846000,78.74584016169693,78.78443918190055
2015/04/08,910.0,930.0,900.0,910.0,1224000,78.27933079364276,78.45977575906412
2015/04/09,920.0,930.0,910.0,920.0,1328000,79.50124398219448,79.92356582188509
2015/04/10,920.0,920.0,910.0,910.0,429000,76.88306939576348,78.22388109252228
2015/04/13,920.0,920.0,910.0,920.0,497000,78.40321688426077,80.1193665234347
2015/04/14,920.0,930.0,920.0,920.0,408000,78.87885107792411,80.12456223680947
2015/04/15,920.0,930.0,910.0,920.0,799000,79.47148018371855,80.41553112077628
2015/04/16,920.0,960.0,910.0,950.0,4281000,81.9960196711137,82.48976116937675
2015/04/17,950.0,970.0,930.0,940.0,6585000,83.65243675251772,83.64607742667755
2015/04/20,930.0,950.0,920.0,930.0,3498000,80.86917999308136,80.97969341652835
2015/04/21,940.0,960.0,940.0,950.0,2001000,82.72138051706807,82.70177323085815
2015/04/22,940.0,960.0,940.0,950.0,2273000,82.6930956283825,82.84164225205018
2015/04/23,950.0,950.0,940.0,940.0,1275000,80.81220478976493,81.19322391018378
2015/04/24,940.0,940.0,930.0,940.0,952000,81.62606851067785,81.85175283923401
2015/04/27,930.0,940.0,920.0,930.0,1202000,81.0923499222742,81.30896282373503
2015/04/28,930.0,930.0,920.0,930.0,601000,78.9507587101306,79.0809523516924
2015/04/30,940.0,960.0,930.0,940.0,3659000,82.06373688875605,82.08075877215856
2015/05/01,930.0,940.0,920.0,940.0,1045000,82.83303617187701,83.45377668981877
2015/05/07,930.0,950.0,930.0,950.0,1497000,85.05735964549608,85.34738253761138
2015/05/08,950.0,960.0,940.0,950.0,2627000,83.86595503261157,84.01883596258402
2015/05/11,960.0,970.0,950.0,950.0,4729000,83.54727984260578,83.93017071324304
2015/05/12,960.0,960.0,950.0,960.0,464000,86.05583535967676,86.09857934786727
2015/05/13,960.0,970.0,950.0,960.0,2574000,85.33022476412505,86.34475657876433
2015/05/14,960.0,960.0,950.0,950.0,1228000,84.6438234290632,85.7744675223051
2015/05/15,950.0,960.0,940.0,950.0,1969000,82.76228375680039,83.55526379650445
2015/05/18,960.0,970.0,950.0,970.0,3803000,84.32838869221409,84.66700607303655
2015/05/19,970.0,980.0,960.0,970.0,3388000,83.14029222285052,83.53266923043515
2015/05/20,970.0,970.0,950.0,950.0,2959000,80.55019113614796,81.07429718875517
2015/05/21,950.0,960.0,940.0,950.0,3302000,82.22027003238969,82.26397684792987
2015/05/22,950.0,960.0,940.0,950.0,1836000,81.68550747136656,81.9920517095848
2015/05/25,960.0,960.0,940.0,950.0,1226000,80.90007265637274,81.4355242142066
2015/05/26,950.0,950.0,940.0,950.0,913000,81.97020069741481,82.42478400741227
2015/05/27,950.0,1000.0,940.0,980.0,7632000,83.6050382185996,84.14132050826792
2015/05/28,980.0,990.0,950.0,960.0,5373000,81.64436284054078,82.03243228471017
2015/05/29,970.0,970.0,960.0,970.0,1569000,83.16085954319585,83.89194096014853
2015/06/01,970.0,980.0,960.0,970.0,1725000,82.86158575911404,82.97419496823652
2015/06/02,970.0,970.0,960.0,960.0,1145000,82.65444083187401,82.87992545738028
2015/06/03,960.0,990.0,950.0,990.0,2464000,86.73972925432525,87.08424686888661
2015/06/04,990.0,1010.0,990.0,1010.0,4835000,87.4544781508707,87.5085614241997
2015/06/05,1000.0,1010.0,990.0,1000.0,3354000,85.68378917156438,86.11246815518986
2015/06/08,1010.0,1050.0,1010.0,1040.0,7139000,89.4037175784798,89.84544585595556
2015/06/09,1020.0,1030.0,1000.0,1020.0,4102000,90.60360080498151,91.29079007289018
2015/06/10,1010.0,1030.0,1000.0,1010.0,2023000,88.28474433472493,89.37231597901504
2015/06/11,1020.0,1050.0,1020.0,1030.0,3397000,86.97104810377581,88.87136625515815
2015/06/12,1030.0,1050.0,1030.0,1040.0,2622000,87.43485995145731,89.01993143340346
2015/06/15,1030.0,1050.0,1030.0,1030.0,1818000,87.72515029144728,89.5167230351827
2015/06/16,1030.0,1030.0,1000.0,1010.0,3333000,84.84736949830798,86.66080696467469
2015/06/17,1010.0,1020.0,1000.0,1010.0,897000,83.89663260180356,85.80668965470365
2015/06/18,1000.0,1010.0,990.0,990.0,1579000,84.52517705626889,86.34740761817609
2015/06/19,1000.0,1010.0,990.0,1010.0,2079000,86.34280507766896,88.28948547701442
2015/06/22,1010.0,1030.0,1000.0,1030.0,1897000,88.05989975795055,89.98657822485207
2015/06/23,1020.0,1040.0,1020.0,1040.0,1865000,85.38488605427541,87.43869137569949
2015/06/24,1040.0,1050.0,1030.0,1040.0,2099000,85.48786903844484,87.7039233641639
2015/06/25,1030.0,1030.0,1010.0,1010.0,1511000,83.63690491452535,85.80833871121433
2015/06/26,1020.0,1030.0,1000.0,1030.0,2192000,84.3686266255315,86.99751768721158
2015/06/29,1010.0,1020.0,1000.0,1010.0,2913000,86.5340574283787,89.1836969913313
2015/06/30,1010.0,1020.0,1000.0,1020.0,1989000,86.80120967697381,89.70030102215222
2015/07/01,1020.0,1030.0,1010.0,1020.0,2203000,87.63299756214202,90.71934628518903
2015/07/02,1020.0,1030.0,1020.0,1020.0,1697000,85.71165821015853,88.90394220979061
2015/07/03,1020.0,1030.0,1010.0,1020.0,1381000,86.13521211946788,89.15807767090547
2015/07/06,1010.0,1020.0,1000.0,1010.0,2236000,87.76500302938116,90.65526824566517
2015/07/07,1010.0,1020.0,1010.0,1010.0,925000,85.29039583984814,88.42401460894449
2015/07/08,1010.0,1010.0,980.0,980.0,3710000,87.33297302054345,90.4591774180149
2015/07/09,970.0,980.0,940.0,980.0,4126000,86.32566036741925,89.78254924338933
2015/07/10,980.0,1000.0,970.0,980.0,2542000,87.36148166156894,90.32444764596474
2015/07/13,990.0,1010.0,990.0,1000.0,2154000,87.51992543537307,90.14829310868457
2015/07/14,1000.0,1030.0,1000.0,1020.0,3003000,87.53544828560564,90.08982120637063
2015/07/15,1030.0,1030.0,1010.0,1010.0,3448000,88.26391426278923,90.84783199188986
2015/07/16,1020.0,1030.0,1010.0,1020.0,2090000,88.4938692386934,90.9357313497916
2015/07/17,1010.0,1020.0,1010.0,1020.0,923000,88.41665165522912,91.16071535954438
2015/07/21,1020.0,1030.0,1010.0,1010.0,1191000,87.47458528886392,90.38547284997622
2015/07/22,1010.0,1020.0,1000.0,1010.0,1189000,88.44434236345461,91.33297727289722
2015/07/23,1010.0,1020.0,1000.0,1020.0,2093000,86.63560310088866,89.42394522790542
2015/07/24,1020.0,1020.0,1010.0,1010.0,618000,89.4037814731336,91.94891440808112
2015/07/27,1010.0,1010.0,990.0,1010.0,1684000,89.62126121773241,92.21469777664838
2015/07/28,1000.0,1010.0,990.0,1010.0,1474000,90.22702162658254,93.00513738464944
2015/07/29,1010.0,1010.0,1000.0,1010.0,263000,89.46507736049197,91.81406089982934
2015/07/30,1010.0,1010.0,1000.0,1000.0,441000,87.48748611169638,89.97589584952705
2015/07/31,1000.0,1010.0,990.0,1000.0,973000,86.6769353790087,88.74606034815245
2015/08/03,1000.0,1010.0,980.0,990.0,1731000,88.7565988863629,90.62913180456597
2015/08/04,990.0,1000.0,980.0,990.0,1544000,87.9910471495488,89.71764320098214
2015/08/05,990.0,1000.0,990.0,1000.0,840000,88.60363862778954,90.49904332641098
2015/08/06,990.0,1000.0,980.0,980.0,2479000,85.99845112344376,87.70460131375083
2015/08/07,980.0,990.0,980.0,990.0,1108000,84.04214440671923,86.20776343696346
2015/08/10,990.0,1010.0,980.0,1010.0,3010000,85.39492003603536,86.97331897614417
2015/08/11,1010.0,1010.0,1000.0,1010.0,1403000,86.94281648617385,88.55366479372066
2015/08/12,1000.0,1010.0,1000.0,1010.0,1633000,87.61521910107865,88.98507900275386
2015/08/13,1010.0,1020.0,1000.0,1010.0,1406000,88.35555539053495,90.50948416777942
2015/08/14,1000.0,1010.0,980.0,990.0,2103000,86.94853276224451,88.91583279791877
2015/08/17,1000.0,1010.0,990.0,990.0,1077000,86.54751372165632,88.5092087251254
2015/08/18,1000.0,1000.0,990.0,990.0,423000,87.54524584733964,89.17255469481613
2015/08/19,1000.0,1010.0,990.0,1000.0,1207000,88.86228298532095,90.26214988183617
2015/08/20,1000.0,1000.0,990.0,1000.0,1029000,90.46582114422728,92.45656827661104
2015/08/21,990.0,990.0,960.0,970.0,1744000,89.14105439851811,91.15607262071072
2015/08/24,950.0,960.0,910.0,910.0,3058000,88.08253297458715,91.20858513661886
2015/08/25,870.0,930.0,850.0,880.0,2701000,88.1669530434401,90.72559451960088
2015/08/26,900.0,920.0,880.0,920.0,1525000,90.43259719528743,93.01306644740673
2015/08/27,930.0,940.0,920.0,920.0,1232000,89.0387806239161,91.31463756495714
2015/08/28,920.0,940.0,920.0,930.0,1513000,88.18997653491945,90.22128851540654
2015/08/31,930.0,930.0,910.0,930.0,2496000,88.59660133471434,90.27000528799132
2015/09/01,930.0,930.0,910.0,910.0,1227000,90.21950392359932,91.78154426315034
2015/09/02,910.0,920.0,890.0,900.0,2295000,87.89566980397142,89.77849918653747
2015/09/03,910.0,920.0,900.0,910.0,1719000,87.1742371480197,88.86861742758136
2015/09/04,910.0,910.0,890.0,900.0,1143000,90.06655944886073,91.55927092989701
2015/09/07,890.0,900.0,870.0,880.0,1104000,86.94422985446423,88.82153628650396
2015/09/08,890.0,900.0,880.0,880.0,707000,91.41046413193557,92.78950250365597
2015/09/09,890.0,920.0,880.0,920.0,1655000,86.95014715857864,89.61562861962193
2015/09/10,910.0,920.0,900.0,910.0,1062000,89.9010968036994,91.64738318078618
2015/09/11,910.0,920.0,900.0,920.0,1031000,91.28893690903485,92.7852121261258
2015/09/14,910.0,910.0,900.0,910.0,414000,92.63816382162231,93.75820907183095
2015/09/15,910.0,910.0,900.0,900.0,561000,91.31124572448927,92.7386796261574
2015/09/16,900.0,920.0,900.0,920.0,558000,92.46192935142217,93.70892986210994
2015/09/17,910.0,920.0,910.0,910.0,466000,90.14260353272753,91.3485900624037
2015/09/18,910.0,920.0,900.0,920.0,1023000,94.42635898330131,95.21816242265137
2015/09/24,900.0,910.0,890.0,890.0,653000,94.24294323771227,95.42809876234935
2015/09/25,890.0,910.0,890.0,900.0,888000,93.8983862587121,94.77712426966602
2015/09/28,900.0,910.0,890.0,900.0,640000,95.62465670131269,96.15921601920176
2015/09/29,890.0,900.0,880.0,880.0,762000,97.74853682447528,98.66333848205574
2015/09/30,890.0,900.0,890.0,900.0,370000,96.79155992964716,97.75802127492675
2015/10/01,900.0,910.0,900.0,910.0,818000,94.61203512440261,94.99379856465949
2015/10/02,910.0,910.0,900.0,910.0,455000,94.87939373281294,95.02756106179724
2015/10/05,910.0,920.0,900.0,910.0,780000,92.3138908788632,92.62832652748465
2015/10/06,920.0,940.0,910.0,930.0,1657000,94.95915529539866,95.70045055099244
2015/10/07,930.0,940.0,930.0,940.0,594000,94.12944323916518,94.41886172686715
2015/10/08,940.0,950.0,930.0,940.0,1507000,95.48259435254057,95.23915601072358
2015/10/09,940.0,950.0,930.0,950.0,857000,94.97798762515629,93.90704793791227
2015/10/13,940.0,950.0,940.0,940.0,320000,93.89956057342894,92.60463491384557
2015/10/14,940.0,950.0,930.0,940.0,959000,95.41789403435669,94.22184294106891
2015/10/15,940.0,960.0,940.0,940.0,660000,95.69371826113874,94.23047252334462
2015/10/16,950.0,960.0,940.0,940.0,1327000,93.351661673537,91.85793311374408
2015/10/19,950.0,960.0,940.0,960.0,1533000,97.57306094269907,95.89387245603521
2015/10/20,960.0,960.0,950.0,950.0,751000,96.55592720442269,95.47015900965826
2015/10/21,950.0,970.0,950.0,960.0,1172000,95.88175750337669,94.80579706996296
2015/10/22,950.0,970.0,950.0,960.0,825000,97.32370162683452,96.20154596245033
2015/10/23,970.0,970.0,960.0,960.0,441000,96.27164074508863,95.12477124633428
2015/10/26,970.0,980.0,970.0,980.0,756000,97.06697943102019,96.15312227632045
2015/10/27,990.0,990.0,970.0,970.0,1822000,97.76855335223419,97.16148829152239
2015/10/28,970.0,980.0,960.0,970.0,720000,96.16167725758828,95.97818104286583
2015/10/29,970.0,970.0,960.0,960.0,244000,96.80942103312813,96.77713805015837
2015/10/30,960.0,970.0,960.0,960.0,874000,96.01341891090023,95.54065066131741
2015/11/02,950.0,970.0,940.0,960.0,1548000,98.4594846406827,97.78009569754037
2015/11/04,960.0,970.0,940.0,950.0,1255000,97.71682072057037,97.2390079766505
2015/11/05,950.0,950.0,940.0,940.0,510000,97.14432413888193,96.45447427250784
2015/11/06,940.0,950.0,940.0,950.0,442000,95.67622524382698,95.23372127787599
2015/11/09,950.0,970.0,940.0,960.0,1272000,93.19490421027201,93.26111514587771
2015/11/10,950.0,960.0,950.0,960.0,1249000,93.8981545277705,93.32439441010027
2015/11/11,960.0,960.0,950.0,960.0,1143000,95.2721884123884,94.1652059546906
2015/11/12,950.0,960.0,950.0,960.0,629000,96.32538468706235,95.12158806385031
2015/11/13,950.0,960.0,940.0,950.0,1350000,95.27005573149879,94.26102816325508
2015/11/16,940.0,950.0,940.0,940.0,453000,93.48971003174024,92.85697551257269
2015/11/17,950.0,960.0,950.0,960.0,348000,94.24216475307567,93.80635643177342
2015/11/18,960.0,970.0,950.0,970.0,925000,94.830575909812,94.87118288199923
2015/11/19,970.0,980.0,960.0,980.0,1807000,93.81608074103139,94.04958630017694
2015/11/20,970.0,980.0,970.0,980.0,899000,93.00653035285097,93.03360115249201
2015/11/24,980.0,980.0,960.0,980.0,3213000,93.06399967687341,93.46869042159236
2015/11/25,970.0,980.0,960.0,970.0,926000,90.38066659201267,91.00849118519696
2015/11/26,970.0,970.0,960.0,970.0,676000,89.24297105080174,89.64016803294813
2015/11/27,960.0,970.0,960.0,970.0,573000,89.65741090283773,90.31524152033954
2015/11/30,960.0,970.0,950.0,970.0,1320000,90.00307486646805,90.90073432473764
2015/12/01,960.0,970.0,960.0,960.0,684000,86.46012533453758,87.31297506673957
2015/12/02,970.0,970.0,960.0,970.0,596000,88.87709128188038,89.23333291725437
2015/12/03,960.0,970.0,960.0,970.0,630000,88.79025195201396,88.95529464608798
2015/12/04,960.0,970.0,960.0,960.0,863000,90.93143263898088,90.89885678498436
2015/12/07,960.0,970.0,960.0,960.0,967000,90.11372385145496,90.37644822107863
2015/12/08,960.0,960.0,950.0,950.0,839000,89.50111229098708,89.65723208628738
2015/12/09,950.0,960.0,950.0,950.0,981000,90.21562017028086,90.43765026549595
2015/12/10,950.0,960.0,950.0,950.0,1064000,91.57033353390577,91.66112426783363
2015/12/11,950.0,960.0,950.0,950.0,1520000,91.29457009161084,91.28949755839092
2015/12/14,950.0,950.0,940.0,950.0,1643000,92.49981747087158,92.21615248171553
2015/12/15,950.0,950.0,940.0,950.0,2041000,93.1906836212343,93.00866063923209
2015/12/16,950.0,980.0,950.0,970.0,3026000,92.09050986231327,91.52610258463159
2015/12/17,970.0,980.0,960.0,970.0,2294000,92.74917485104064,91.74329806416446
2015/12/18,970.0,980.0,960.0,960.0,1828000,93.78562170061646,92.67113395354895
2015/12/21,960.0,970.0,950.0,970.0,1260000,96.2039774594301,95.22408314779344
2015/12/22,960.0,970.0,960.0,960.0,767000,96.54469671272666,94.96354010588367
2015/12/24,960.0,960.0,950.0,960.0,612000,97.83677009280942,96.29087940393222
2015/12/25,950.0,960.0,940.0,950.0,1442000,95.94792389312681,95.15207000526111
2015/12/28,950.0,960.0,950.0,950.0,533000,94.9405130469627,94.15427890230235
2015/12/29,950.0,970.0,950.0,960.0,600000,93.88814158675449,93.13634410463958
2015/12/30,970.0,990.0,960.0,970.0,1716000,95.3963873592174,94.44528762902273
2016/01/04,960.0,980.0,960.0,970.0,1350000,98.40925371134811,96.79942871514096
2016/01/05,970.0,980.0,960.0,960.0,914000,95.88136355246772,94.39161034352122
2016/01/06,970.0,980.0,960.0,970.0,819000,98.94086004500238,97.3547958717624
2016/01/07,970.0,970.0,950.0,970.0,983000,102.99232582534445,100.72467897275541
2016/01/08,950.0,960.0,950.0,950.0,331000,101.44487938623573,99.5816291604374
2016/01/12,950.0,950.0,910.0,910.0,1842000,100.34040060749587,99.14507174530745
2016/01/13,920.0,930.0,910.0,910.0,766000,96.93924124273721,96.28361645212019
2016/01/14,910.0,910.0,890.0,900.0,1618000,99.23293089997956,97.8706764779073
2016/01/15,910.0,910.0,890.0,890.0,392000,98.34986770365354,97.2391172590823
2016/01/18,890.0,910.0,880.0,900.0,2200000,103.80653469728523,102.2915048135442
2016/01/19,900.0,920.0,890.0,900.0,1038000,103.00941947114073,101.64870130861874
2016/01/20,900.0,910.0,890.0,890.0,1430000,106.46105515901768,105.03688554363731
2016/01/21,890.0,890.0,880.0,880.0,1368000,110.70570412864747,109.23958890052108
2016/01/22,880.0,910.0,880.0,900.0,1833000,108.06508582996226,106.86193659622218
2016/01/25,900.0,910.0,890.0,900.0,537000,104.41017934278096,102.96672156606279
2016/01/26,890.0,890.0,880.0,890.0,916000,106.34033359467092,104.86314814406393
2016/01/27,900.0,900.0,880.0,900.0,436000,106.03742273962438,104.40623843922236
2016/01/28,890.0,900.0,880.0,880.0,970000,104.501614268901,102.710153435602
2016/01/29,890.0,900.0,870.0,890.0,2063000,103.21034470292201,101.08446827512556
2016/02/01,890.0,890.0,850.0,860.0,2867000,98.28051472049296,96.31359089883557
2016/02/02,860.0,880.0,860.0,860.0,1286000,96.54045566886383,94.78977970588855
2016/02/03,860.0,860.0,840.0,850.0,4408000,99.32992471064176,97.32790871014706
2016/02/04,850.0,860.0,830.0,840.0,2042000,100.30827717677397,99.17243857590621
2016/02/05,840.0,840.0,800.0,810.0,3078000,95.49648937654278,94.21697588927854
2016/02/08,810.0,830.0,800.0,820.0,1447000,97.05955792999971,96.18637677475293
2016/02/09,800.0,810.0,780.0,780.0,2610000,96.1794522865872,95.93126162237327
2016/02/10,780.0,790.0,730.0,740.0,3482000,95.1381599537689,95.26868727207606
2016/02/12,690.0,710.0,670.0,670.0,6281000,90.18718756769731,91.20826998151176
2016/02/15,700.0,710.0,690.0,700.0,1828000,85.49984785059029,85.93175127997465
2016/02/16,700.0,730.0,700.0,710.0,1921000,88.38566952825151,88.92844139812178
2016/02/17,710.0,720.0,710.0,710.0,1080000,88.68838312866552,89.22601813176374
2016/02/18,730.0,740.0,720.0,730.0,1302000,86.65322259887589,87.60949391477483
2016/02/19,720.0,720.0,700.0,700.0,1296000,84.59865164782356,85.57742686980177
2016/02/22,700.0,710.0,700.0,710.0,381000,86.57671782951658,87.3166366612112
2016/02/23,710.0,730.0,710.0,710.0,2024000,87.53750879701376,88.23259260650788
2016/02/24,710.0,730.0,700.0,710.0,1031000,87.27176960080116,87.71671965211935
2016/02/25,720.0,740.0,720.0,730.0,1466000,89.43675614216173,89.4267821533889
2016/02/26,740.0,760.0,730.0,730.0,712000,89.22885473066994,89.2995661498114
2016/02/29,740.0,750.0,730.0,740.0,698000,93.47196920677038,93.49439374714417
2016/03/01,740.0,760.0,740.0,750.0,1125000,93.32682485467257,93.64908754655985
2016/03/02,760.0,780.0,760.0,770.0,718000,92.47144244089695,93.06533237439436
2016/03/03,770.0,800.0,770.0,780.0,1273000,90.778905263555,91.38119979470959
2016/03/04,790.0,800.0,790.0,790.0,781000,91.75288827321496,92.19347196471206
2016/03/07,810.0,840.0,810.0,840.0,2015000,98.24663069034906,99.44917510753166
2016/03/08,840.0,840.0,820.0,840.0,2485000,99.3821779582496,101.0998243842556
2016/03/09,840.0,840.0,810.0,820.0,1383000,99.19908490179704,100.96705835657454
2016/03/10,830.0,830.0,810.0,810.0,851000,97.10621897608945,98.56263352256957
2016/03/11,810.0,820.0,790.0,810.0,1142000,96.91780844263734,97.87148218071879
2016/03/14,830.0,840.0,820.0,840.0,505000,98.74559420964823,99.84315983988729
2016/03/15,830.0,850.0,830.0,850.0,953000,102.68118689879655,103.50219948715855
2016/03/16,840.0,850.0,820.0,830.0,1406000,102.75987151720776,103.80764503878639
2016/03/17,830.0,840.0,820.0,830.0,1035000,101.54110905108624,102.38685932196144
2016/03/18,830.0,830.0,810.0,830.0,824000,104.37769121224336,104.87065076926831
2016/03/22,830.0,850.0,830.0,850.0,1622000,105.68446791568013,105.91950817045903
2016/03/23,850.0,860.0,840.0,860.0,574000,106.26253510342059,106.76732057132685
2016/03/24,860.0,860.0,840.0,840.0,613000,104.11126271222568,104.60565843138755
2016/03/25,850.0,860.0,830.0,850.0,826000,107.12505983509205,107.35437534822647
2016/03/28,860.0,860.0,850.0,860.0,340000,109.4705153797156,108.93084624788523
2016/03/29,840.0,840.0,830.0,840.0,425000,105.98949817948385,105.72143052891185
2016/03/30,840.0,840.0,820.0,830.0,420000,105.16994151032112,105.13326961578325
2016/03/31,840.0,850.0,820.0,820.0,646000,104.99698099882373,105.10848838743753
2016/04/01,820.0,820.0,800.0,810.0,1416000,107.02292555305617,106.98280972139888
2016/04/04,820.0,830.0,810.0,810.0,416000,108.27941230283953,107.82438148168059
2016/04/05,810.0,810.0,780.0,800.0,4566000,110.96712336235855,110.62667483112637
2016/04/06,810.0,810.0,790.0,790.0,647000,109.32084740836147,108.77550215511155
2016/04/07,800.0,800.0,790.0,790.0,499000,108.7022692183591,107.56569192694943
2016/04/08,790.0,830.0,780.0,810.0,3327000,111.99921595174361,109.87623377717244
2016/04/11,810.0,820.0,800.0,800.0,778000,109.89113576088745,107.77991090250192
2016/04/12,810.0,830.0,810.0,830.0,796000,112.75866992489942,110.45494319065877
2016/04/13,830.0,840.0,820.0,830.0,333000,109.43006156095056,107.57579589194317
2016/04/14,840.0,850.0,830.0,840.0,1570000,103.97466247154779,103.12640828380792
2016/04/15,840.0,850.0,830.0,840.0,1170000,104.23858507556281,104.28091857880956
2016/04/18,830.0,840.0,830.0,830.0,574000,107.66348210782795,106.99536831713891
2016/04/19,840.0,860.0,840.0,840.0,1437000,104.32243646229679,104.36957598724493
2016/04/20,850.0,860.0,830.0,840.0,1048000,105.30011649804997,104.99522540040725
2016/04/21,860.0,880.0,850.0,870.0,1381000,107.60610035063023,107.9063373624642
2016/04/22,870.0,910.0,870.0,910.0,1473000,110.2922952478075,111.344575034957
2016/04/25,900.0,950.0,890.0,940.0,2021000,115.81998364958534,116.73878821531207
2016/04/26,960.0,970.0,930.0,940.0,3514000,116.83461359701784,118.19652705069585
2016/04/27,940.0,950.0,930.0,950.0,725000,114.09549226685323,116.28509531662827
2016/04/28,940.0,950.0,890.0,910.0,1885000,113.38638104077918,115.02415251917084
2016/05/02,880.0,880.0,850.0,860.0,1058000,108.15579858449888,109.65441851652098
2016/05/06,870.0,870.0,850.0,850.0,432000,107.6524286953386,109.42043320761066
2016/05/09,850.0,870.0,850.0,860.0,466000,109.53412732566719,110.73341673869945
2016/05/10,860.0,880.0,860.0,860.0,1211000,106.12969626870145,107.5261723724623
2016/05/11,870.0,880.0,860.0,860.0,378000,106.79705844920765,107.70477341427467
2016/05/12,850.0,860.0,850.0,850.0,242000,105.18957762992984,106.48296431102948
2016/05/13,860.0,870.0,850.0,860.0,1277000,108.84265722705335,110.20061306964955
2016/05/16,850.0,860.0,820.0,840.0,1050000,104.60430762850513,106.58298495203378
2016/05/17,840.0,850.0,830.0,850.0,513000,105.38101514893366,107.1429095108756
2016/05/18,850.0,880.0,840.0,850.0,1104000,108.56679406939647,109.86495063552863
2016/05/19,860.0,870.0,850.0,850.0,352000,108.58786150052386,110.24216133798296
2016/05/20,850.0,860.0,850.0,860.0,332000,109.60946556132993,111.0419751925591
2016/05/23,850.0,870.0,850.0,870.0,736000,112.24956278872193,113.5022638168311
2016/05/24,870.0,870.0,860.0,870.0,185000,113.44142864452557,114.57344416450093
2016/05/25,870.0,880.0,870.0,880.0,149000,109.70434600035055,111.09008478883018
2016/05/26,880.0,890.0,870.0,870.0,366000,111.04370274247177,112.88797500875
2016/05/27,870.0,880.0,860.0,870.0,209000,109.55398227049362,111.19900756977019
2016/05/30,870.0,890.0,870.0,880.0,234000,109.3350333596087,111.47922193744033
2016/05/31,880.0,890.0,880.0,890.0,287000,110.50345902635192,112.48964976808233
2016/06/01,890.0,900.0,880.0,900.0,618000,109.76986433601945,111.46069785493592
2016/06/02,890.0,890.0,860.0,870.0,1034000,106.55510698103295,108.263614446832
2016/06/03,870.0,880.0,870.0,870.0,341000,106.96272674996045,108.45869446542471
2016/06/06,860.0,870.0,850.0,860.0,350000,102.0295047717041,103.14522223421763
2016/06/07,860.0,880.0,860.0,870.0,447000,102.79159941534313,103.97170809223329
2016/06/08,870.0,880.0,860.0,870.0,269000,102.59484706518309,103.81686880354448
2016/06/09,870.0,870.0,850.0,870.0,431000,103.28929632795352,104.13734763242957
2016/06/10,870.0,870.0,860.0,860.0,358000,101.64881301661643,102.62466357136917
2016/06/13,850.0,850.0,830.0,830.0,969000,102.55828216701921,103.62922407643663
2016/06/14,830.0,840.0,820.0,830.0,625000,104.97265943253589,105.94983393522253
2016/06/15,820.0,840.0,820.0,820.0,247000,103.11606807776958,103.85716947089128
2016/06/16,820.0,830.0,800.0,820.0,701000,107.28199257809588,107.85235648472245
2016/06/17,830.0,840.0,820.0,830.0,333000,106.27687328498871,107.15564469152868
2016/06/20,830.0,850.0,830.0,840.0,171000,104.35057973728095,105.10537728782725
2016/06/21,840.0,850.0,840.0,840.0,126000,103.94887820998457,104.64606110328351
2016/06/22,840.0,840.0,830.0,840.0,122000,104.91249260968256,105.62226907537955
2016/06/23,830.0,880.0,830.0,870.0,485000,110.18481581936518,110.82525836185792
2016/06/24,870.0,880.0,830.0,830.0,772000,111.59387393485672,111.5281992535315
2016/06/27,830.0,870.0,830.0,860.0,701000,111.84981956858782,112.86957471363897
2016/06/28,850.0,880.0,850.0,860.0,405000,111.34465809969254,112.25122735151771
2016/06/29,870.0,880.0,860.0,870.0,204000,111.38885770350828,111.86764906252651
2016/06/30,870.0,880.0,870.0,870.0,341000,112.38171032027398,112.84549651682292
2016/07/01,870.0,880.0,870.0,870.0,260000,111.71213128955877,112.33184434770054
2016/07/04,870.0,880.0,860.0,880.0,272000,111.07792496817068,111.87261281022418
2016/07/05,870.0,870.0,860.0,860.0,261000,110.72817894815014,110.93686574539805
2016/07/06,860.0,870.0,860.0,860.0,439000,112.62629159944156,112.51879264102335
2016/07/07,860.0,870.0,860.0,860.0,166000,114.06088334376929,113.07767632332467
2016/07/08,870.0,870.0,860.0,860.0,96000,114.89927172737326,114.8581610050042
2016/07/11,870.0,890.0,860.0,890.0,648000,113.82074083222,114.35223245924857
2016/07/12,900.0,910.0,890.0,890.0,927000,110.5093593976157,111.20956996582257
2016/07/13,900.0,910.0,890.0,910.0,356000,113.58985451541994,114.08480680101607
2016/07/14,900.0,910.0,900.0,910.0,233000,112.16075801419714,113.00839579860155
2016/07/15,910.0,920.0,910.0,920.0,356000,112.90149928627046,113.87948270189561
2016/07/19,920.0,920.0,910.0,920.0,188000,113.52277002863194,114.52109271044723
2016/07/20,920.0,920.0,910.0,920.0,99000,112.44883220695885,113.30917018059114
2016/07/21,920.0,930.0,920.0,930.0,271000,112.18708373974447,113.33359391435005
2016/07/22,930.0,930.0,910.0,920.0,290000,112.54915459219428,113.61934138438741
2016/07/25,920.0,920.0,910.0,920.0,181000,111.53069382348428,112.56930304607693
2016/07/26,910.0,910.0,890.0,900.0,380000,110.57076388293912,111.0987542967496
2016/07/27,900.0,920.0,900.0,910.0,170000,109.76848769497099,111.38663678348131
2016/07/28,910.0,920.0,900.0,910.0,171000,113.34561299375332,114.6871537872992
2016/07/29,910.0,940.0,900.0,940.0,722000,116.78321133037205,117.93313878766789
2016/08/01,930.0,940.0,920.0,940.0,697000,117.2793725007418,119.21213909366723
2016/08/02,930.0,940.0,920.0,920.0,235000,116.33763611239671,118.6331551167732
2016/08/03,920.0,920.0,890.0,900.0,514000,115.35489093838144,117.86859856287033
2016/08/04,900.0,900.0,880.0,880.0,422000,114.1553321706227,117.13314449935261
2016/08/05,880.0,900.0,880.0,900.0,338000,115.90985293817437,119.26997137560484
2016/08/08,910.0,920.0,900.0,920.0,406000,113.83664521412568,118.0042580483794
2016/08/09,920.0,940.0,910.0,940.0,718000,115.02948359490968,119.21438673252742
2016/08/10,930.0,930.0,910.0,920.0,324000,110.99766524080772,115.40022905494763
2016/08/12,930.0,930.0,910.0,930.0,773000,113.92398409506066,118.1650546669215
2016/08/15,920.0,930.0,900.0,900.0,395000,111.12139800380625,115.50632365136082
2016/08/16,900.0,900.0,890.0,890.0,198000,111.3382326108979,115.77540404390486
2016/08/17,890.0,900.0,880.0,890.0,299000,107.479563038498,111.89944551646272
2016/08/18,890.0,930.0,890.0,910.0,843000,110.58165802398486,114.48266565436657
2016/08/19,910.0,920.0,900.0,900.0,188000,108.9897287042703,112.64394594557174
2016/08/22,910.0,910.0,900.0,910.0,91000,111.70302304046382,113.59152552773688
2016/08/23,910.0,910.0,890.0,890.0,332000,109.16321680339385,111.66575061163795
2016/08/24,900.0,910.0,900.0,910.0,207000,109.51830627768418,111.95247906042172
2016/08/25,910.0,910.0,880.0,890.0,664000,108.533498465086,111.28704846055824
2016/08/26,890.0,890.0,870.0,870.0,328000,109.41895987201913,112.5718536552378
2016/08/29,880.0,900.0,880.0,900.0,338000,109.22252785465028,113.26701455449779
2016/08/30,890.0,900.0,890.0,890.0,238000,106.22458390093851,110.11677744182839
2016/08/31,900.0,910.0,890.0,900.0,440000,107.15326219548305,110.26294808730893
2016/09/01,910.0,940.0,910.0,920.0,849000,108.59792190105424,111.50073811695789
2016/09/02,920.0,920.0,890.0,900.0,724000,105.11932164616134,107.73964020406363
2016/09/05,910.0,920.0,900.0,900.0,546000,107.21203461236868,110.02014226425479
2016/09/06,900.0,910.0,900.0,900.0,71000,104.33889982308861,107.12179350171225
2016/09/07,900.0,900.0,890.0,890.0,232000,106.73617748056058,108.05366538237647
2016/09/08,900.0,910.0,890.0,910.0,349000,107.9065285984771,109.92384561090691
2016/09/09,900.0,920.0,900.0,910.0,495000,106.48326906407503,108.95037753026833
2016/09/12,900.0,910.0,890.0,890.0,263000,105.3855560426695,108.09985041789164
2016/09/13,900.0,900.0,890.0,890.0,156000,106.5583307695944,109.29734078782846
2016/09/14,890.0,890.0,880.0,880.0,209000,104.61826983829891,107.13706991827128
2016/09/15,880.0,890.0,880.0,880.0,205000,108.65347078272282,110.88425681503932
2016/09/16,880.0,910.0,880.0,910.0,413000,108.19953323607159,110.29238011569913
2016/09/20,900.0,920.0,890.0,910.0,421000,108.9409360469655,110.78739390973485
2016/09/21,920.0,950.0,900.0,950.0,1253000,111.59490607717781,112.60471694641727
2016/09/23,930.0,930.0,920.0,930.0,391000,110.2811564030602,111.31556457907297
2016/09/26,930.0,930.0,890.0,890.0,562000,105.467012856324,106.5011361972829
2016/09/27,890.0,900.0,880.0,900.0,563000,103.78628907087146,104.26630335911287
2016/09/28,900.0,900.0,890.0,900.0,300000,105.60417602973524,106.04086356019484
2016/09/29,900.0,910.0,890.0,900.0,577000,104.99564286110245,106.22636994496311
2016/09/30,900.0,910.0,890.0,900.0,432000,106.56850371583148,108.03321476298113
2016/10/03,900.0,910.0,890.0,900.0,378000,107.28345989484393,108.80072194248012
2016/10/04,900.0,930.0,890.0,910.0,584000,106.32990696667768,107.75188256887714
2016/10/05,910.0,920.0,910.0,910.0,167000,105.46376674899196,107.24921452562866
2016/10/06,920.0,920.0,910.0,920.0,199000,105.06587723354761,107.08683987088183
2016/10/07,910.0,920.0,900.0,910.0,439000,104.75807037428864,107.45774521376121
2016/10/11,910.0,920.0,900.0,900.0,272000,102.54942576001808,106.10587394673927
2016/10/12,900.0,920.0,900.0,910.0,464000,102.85041946732684,106.07431869641135
2016/10/13,910.0,930.0,910.0,920.0,381000,105.5896396764805,108.69341308576193
2016/10/14,910.0,930.0,910.0,910.0,366000,105.05238760739203,108.20903336543077
2016/10/17,920.0,930.0,910.0,920.0,436000,102.81443021311867,105.90796341751947
2016/10/18,920.0,930.0,920.0,930.0,202000,105.07104076872392,108.1931791596686
2016/10/19,920.0,930.0,920.0,930.0,399000,105.73889002294841,108.9815198570587
2016/10/20,930.0,950.0,920.0,950.0,577000,105.85030714223545,109.60061338877544
2016/10/21,940.0,970.0,940.0,960.0,1279000,109.54756558055767,113.37078569388201
2016/10/24,960.0,960.0,940.0,940.0,422000,105.45041935420691,109.34094918156813
2016/10/25,940.0,960.0,940.0,950.0,271000,105.9004882514359,109.72710038110777
2016/10/26,940.0,970.0,920.0,970.0,1359000,108.6890173782648,111.89628986765052
2016/10/27,960.0,970.0,950.0,950.0,956000,108.08726957949406,110.78025997158734
2016/10/28,950.0,980.0,950.0,970.0,1776000,110.52063027102224,113.07238887971232
2016/10/31,960.0,970.0,960.0,970.0,443000,108.33764944506994,110.75763000531222
2016/11/01,970.0,970.0,950.0,960.0,679000,109.65314768368413,111.73243079777913
2016/11/02,960.0,960.0,950.0,950.0,332000,110.4596642598518,112.56832597702495
2016/11/04,940.0,940.0,930.0,930.0,352000,111.56229989217974,113.63228380667785
2016/11/07,940.0,950.0,940.0,940.0,228000,111.97113064345127,114.3105952206244
2016/11/08,950.0,960.0,950.0,960.0,292000,114.55841056455553,116.5743789833445
2016/11/09,960.0,970.0,910.0,920.0,1125000,116.11770587074616,117.49887280068056
2016/11/10,950.0,960.0,940.0,950.0,412000,112.38533716223044,114.57625694772425
2016/11/11,950.0,960.0,940.0,940.0,724000,111.60207828032502,113.84748038363605
2016/11/14,940.0,960.0,940.0,940.0,387000,109.73862392786118,112.25214285714287
2016/11/15,950.0,950.0,930.0,930.0,318000,107.6353371037714,109.52002612296687
2016/11/16,940.0,950.0,930.0,950.0,388000,107.73606551508055,109.2968059112381
2016/11/17,940.0,950.0,930.0,950.0,442000,107.77727934046143,109.01627283850581
2016/11/18,940.0,950.0,940.0,940.0,315000,106.1276454629436,107.6504824519171
2016/11/21,940.0,950.0,940.0,950.0,505000,106.676919542534,107.89009663868474
2016/11/22,940.0,950.0,940.0,950.0,154000,106.34260966426754,107.5494695287443
2016/11/24,950.0,950.0,930.0,940.0,653000,105.42268229052645,106.35659273817157
2016/11/25,940.0,940.0,930.0,930.0,325000,103.7144635195064,104.38157528600205
2016/11/28,930.0,940.0,930.0,940.0,142000,104.24817877731276,104.20503059784416
2016/11/29,930.0,930.0,920.0,930.0,468000,105.89921964446461,105.6734825374345
2016/11/30,930.0,930.0,920.0,930.0,160000,104.41030097618689,104.54308287434009
2016/12/01,930.0,940.0,920.0,930.0,834000,103.26533875691537,103.61157317570647
2016/12/02,930.0,930.0,920.0,930.0,382000,102.5446812344241,103.16999384294778
2016/12/05,930.0,930.0,920.0,920.0,179000,103.29632875312093,103.55835082983404
2016/12/06,930.0,930.0,920.0,920.0,197000,102.81312102218291,102.84261832485346
2016/12/07,930.0,1000.0,920.0,980.0,7137000,107.64400264957776,107.65343138743397
2016/12/08,970.0,980.0,930.0,950.0,2987000,101.49785750103766,101.82853063086286
2016/12/09,940.0,970.0,940.0,960.0,2348000,102.29799748722064,102.65252999809529
2016/12/12,970.0,1000.0,970.0,990.0,2528000,102.7328663459208,103.96895643115805
2016/12/13,980.0,990.0,970.0,990.0,812000,100.50441289514849,101.65981257314687
2016/12/14,990.0,990.0,970.0,980.0,871000,99.96203737762582,101.16421835068859
2016/12/15,980.0,990.0,960.0,980.0,729000,101.4490727413417,102.47102720700039
2016/12/16,980.0,990.0,970.0,980.0,827000,99.90314148044489,101.18999636716181
2016/12/19,980.0,990.0,970.0,980.0,638000,98.55313906776095,99.8713020639989
2016/12/20,980.0,990.0,970.0,990.0,499000,99.90961246565068,101.87875235125881
2016/12/21,990.0,990.0,980.0,990.0,345000,99.6522295647764,101.70188648102842
2016/12/22,980.0,990.0,970.0,980.0,676000,98.73104636325407,100.74763141644326
2016/12/26,970.0,980.0,970.0,970.0,267000,99.35062817173747,101.51313308692038
2016/12/27,970.0,980.0,960.0,970.0,457000,98.85018941599925,101.51325846341463
2016/12/28,970.0,980.0,970.0,980.0,110000,99.1145826990235,101.72120942163927
2016/12/29,970.0,980.0,960.0,960.0,402000,95.3806747369839,98.4007001990647
2016/12/30,960.0,970.0,950.0,970.0,705000,96.52936507978028,99.41130375804197
2017/01/04,980.0,1010.0,980.0,1000.0,2129000,95.71187611170824,98.73955264385162
2017/01/05,1000.0,1000.0,980.0,1000.0,935000,93.83298111298693,96.61568753439344
2017/01/06,1000.0,1010.0,990.0,1000.0,734000,95.75982097017645,98.07990219929593
2017/01/10,1000.0,1010.0,980.0,1000.0,930000,98.03379471134846,99.88941234929408
2017/01/11,1000.0,1010.0,990.0,1010.0,608000,101.53750375024487,103.23538625976718
2017/01/12,1000.0,1000.0,970.0,970.0,824000,97.11107452835827,98.7324775358591
2017/01/13,980.0,990.0,970.0,990.0,512000,98.89290544355491,100.97991777313537
2017/01/16,980.0,980.0,970.0,980.0,252000,96.68761313174268,98.73657787301761
2017/01/17,970.0,970.0,960.0,960.0,420000,96.65877695467049,98.27738387118157
2017/01/18,960.0,970.0,950.0,960.0,487000,93.71760482744813,95.40395064213405
2017/01/19,970.0,980.0,960.0,980.0,715000,93.52542663722532,94.84583260210671
2017/01/20,980.0,980.0,960.0,960.0,352000,94.51971854119226,95.58792969276453
2017/01/23,960.0,960.0,950.0,960.0,294000,96.61536365848413,98.07490938380998
2017/01/24,960.0,960.0,950.0,950.0,330000,94.92948791557359,96.38863322621228
2017/01/25,960.0,970.0,960.0,970.0,346000,97.06882621306877,99.21550844078743
2017/01/26,970.0,990.0,970.0,990.0,925000,98.81066842796184,101.36584876473309
2017/01/27,990.0,990.0,970.0,980.0,427000,99.087774860259,101.78383523741996
2017/01/30,970.0,980.0,960.0,960.0,391000,102.96213934013308,105.76367638811111
2017/01/31,960.0,960.0,950.0,950.0,323000,102.97757039328938,105.41035010341267
2017/02/01,950.0,970.0,950.0,970.0,456000,102.4554420077628,105.0421356155782
2017/02/02,970.0,970.0,950.0,960.0,383000,102.98927373184385,105.08480667973801
2017/02/03,960.0,980.0,950.0,970.0,1244000,106.46878745413485,108.21086787110758
2017/02/06,970.0,980.0,960.0,980.0,445000,107.09028169330692,108.50674765413008
2017/02/07,970.0,980.0,950.0,970.0,819000,105.77928676198556,106.98489003439062
2017/02/08,960.0,970.0,960.0,960.0,557000,107.24625085954239,107.66848336378938
2017/02/09,960.0,960.0,950.0,960.0,331000,113.31187409067643,113.24851084013696
2017/02/10,960.0,970.0,960.0,970.0,515000,111.70796585499139,111.9858111676254
2017/02/13,960.0,970.0,960.0,970.0,269000,114.09911532620907,115.21435924775257
2017/02/14,960.0,970.0,950.0,950.0,546000,111.65498159187692,112.75507533479913
2017/02/15,960.0,960.0,950.0,950.0,259000,109.01079111434393,110.43949075707917
2017/02/16,950.0,970.0,950.0,960.0,785000,110.09106263105943,111.16956734507013
2017/02/17,950.0,970.0,950.0,960.0,1054000,113.8459358326662,114.70333284621037
2017/02/20,960.0,970.0,960.0,970.0,184000,114.33577298915505,114.8057438560947
2017/02/21,970.0,970.0,950.0,960.0,1110000,111.98435349329148,112.22726433168329
2017/02/22,960.0,970.0,950.0,960.0,705000,111.0427542003674,111.54328239052663
2017/02/23,950.0,960.0,950.0,950.0,218000,108.43040253442192,109.33931891951374
2017/02/24,960.0,960.0,950.0,950.0,122000,109.24917781750425,110.08342861122038
2017/02/27,960.0,960.0,940.0,950.0,831000,107.67984769618721,108.61530533140701
2017/02/28,960.0,960.0,950.0,950.0,445000,106.5693288888867,107.32081911262806
2017/03/01,960.0,970.0,950.0,970.0,670000,108.7800538053047,109.46938374131902
2017/03/02,970.0,970.0,960.0,970.0,702000,107.80320282160318,108.80983060296548
2017/03/03,960.0,970.0,960.0,960.0,229000,106.19963950404865,107.26943245756321
2017/03/06,960.0,960.0,950.0,950.0,395000,98.69322177892127,99.05743440858257
2017/03/07,950.0,960.0,950.0,950.0,247000,98.12239593045439,98.01723060867533
2017/03/08,950.0,960.0,950.0,960.0,245000,101.1920684631332,100.61609260504794
2017/03/09,960.0,960.0,950.0,950.0,187000,102.31135959191535,102.00674061940241
2017/03/10,950.0,970.0,950.0,970.0,721000,103.46964122025189,103.41914310080536
2017/03/13,960.0,980.0,960.0,980.0,624000,102.40550922094202,102.06299395629956
2017/03/14,980.0,980.0,970.0,980.0,342000,100.63986753119383,100.44622067507557
2017/03/15,980.0,980.0,960.0,960.0,506000,100.28460802814658,100.14512486051676
2017/03/16,970.0,980.0,960.0,980.0,946000,102.07773689348356,102.02690854216708
2017/03/17,980.0,980.0,970.0,980.0,323000,101.15654526140749,101.42295400588854
2017/03/21,980.0,980.0,970.0,970.0,416000,99.99755404354394,99.99436378918935
2017/03/22,960.0,970.0,950.0,950.0,565000,98.62810534520791,98.48157863541144
2017/03/23,950.0,960.0,940.0,950.0,1277000,100.1001337328729,100.10385483379667
2017/03/24,950.0,970.0,950.0,960.0,745000,99.69150408774414,99.92959098764652
2017/03/27,950.0,960.0,950.0,950.0,472000,99.69404029153692,100.13593695198242
2017/03/28,950.0,960.0,950.0,950.0,473000,100.73118224614592,100.85252098936463
2017/03/29,960.0,960.0,940.0,950.0,594000,100.52978624806734,100.66858965429147
2017/03/30,950.0,960.0,950.0,950.0,300000,101.848125957069,102.17273534160837
2017/03/31,950.0,960.0,940.0,940.0,477000,99.20223161157307,99.84574022654145
2017/04/03,940.0,950.0,930.0,950.0,745000,99.61428073458187,100.71453781971485
2017/04/04,950.0,950.0,910.0,930.0,1297000,97.2310482316825,98.0020554455184
2017/04/05,930.0,930.0,920.0,930.0,476000,98.08650481292682,99.18616544349062
2017/04/06,930.0,930.0,900.0,900.0,819000,96.48221652348555,97.95045453760251
2017/04/07,910.0,920.0,900.0,920.0,735000,96.27901266449679,98.17364301076546
2017/04/10,910.0,920.0,900.0,910.0,440000,95.31346287453698,97.07339212482924
2017/04/11,900.0,900.0,880.0,890.0,753000,91.1051164488592,93.18968066769116
2017/04/12,890.0,890.0,880.0,890.0,200000,94.67888657344315,96.56791731588355
2017/04/13,880.0,890.0,870.0,880.0,456000,96.14420104173107,97.84394173930434
2017/04/14,880.0,880.0,870.0,880.0,325000,96.26239808971488,97.74915332565084
2017/04/17,880.0,880.0,860.0,860.0,403000,91.87686444865179,93.32575545035036
2017/04/18,870.0,880.0,860.0,860.0,1168000,93.79769233666863,94.83211998655115
2017/04/19,870.0,880.0,860.0,870.0,734000,94.99867080435345,96.13556001297094
2017/04/20,860.0,900.0,860.0,890.0,791000,96.37716456893423,96.80261681341499
2017/04/21,890.0,900.0,880.0,880.0,449000,91.25935927853159,91.43605994295918
2017/04/24,880.0,890.0,870.0,870.0,269000,85.50927810202344,86.31233604902353
2017/04/25,880.0,880.0,860.0,860.0,406000,83.21259240436099,83.80989447623035
2017/04/26,870.0,890.0,870.0,890.0,492000,83.97583055917957,84.35424033379432
2017/04/27,880.0,900.0,880.0,880.0,436000,83.71456788467722,84.36138168611639
2017/04/28,880.0,890.0,880.0,880.0,124000,86.07138746014286,86.83846637334986
2017/05/01,880.0,890.0,870.0,890.0,306000,86.5365650312595,87.37067496187494
2017/05/02,880.0,890.0,880.0,890.0,225000,86.72705685121986,87.68737739564634
2017/05/08,890.0,910.0,890.0,910.0,890000,86.24387401227615,87.18478331322815
2017/05/09,900.0,910.0,890.0,900.0,533000,87.36412817360446,88.31804700386388
2017/05/10,910.0,910.0,900.0,910.0,802000,88.15490749153669,89.06664698839542
2017/05/11,910.0,910.0,900.0,900.0,199000,88.29743417013349,89.22859869027342
2017/05/12,900.0,910.0,890.0,910.0,323000,87.33904443199742,88.37454261427689
2017/05/15,890.0,900.0,890.0,900.0,646000,88.79066237828386,89.62364376130185
2017/05/16,890.0,900.0,880.0,880.0,708000,86.54970718788118,87.29778170207756
2017/05/17,890.0,890.0,880.0,890.0,245000,87.95394940273069,88.9291028312431
2017/05/18,880.0,880.0,860.0,860.0,709000,86.13390429727716,86.96305716967203
2017/05/19,870.0,880.0,870.0,880.0,299000,87.41655475265092,88.13332182269448
2017/05/22,880.0,880.0,870.0,870.0,218000,84.63442943184076,85.39406117436941
2017/05/23,870.0,880.0,870.0,870.0,336000,84.1203511090447,84.74846986366144
2017/05/24,880.0,890.0,870.0,880.0,413000,84.87751089247968,85.25626781621622
2017/05/25,880.0,890.0,880.0,890.0,135000,86.59930961490427,87.03263863310443
2017/05/26,880.0,880.0,870.0,880.0,293000,86.49607508389377,87.00325195177906
2017/05/29,870.0,880.0,870.0,870.0,211000,85.73100579483666,86.0067862955218
2017/05/30,880.0,880.0,870.0,870.0,307000,85.61746877149528,85.7645442735579
2017/05/31,870.0,880.0,860.0,870.0,416000,83.40999268723529,83.95134226404923
2017/06/01,880.0,890.0,880.0,890.0,451000,85.31355831719347,85.89571676138809
2017/06/02,880.0,900.0,880.0,900.0,731000,85.3241864116474,85.80457631251373
2017/06/05,890.0,890.0,880.0,890.0,196000,85.06547150554555,85.64818700218427
2017/06/06,900.0,900.0,890.0,890.0,508000,85.3797750647449,85.91568106853865
2017/06/07,890.0,890.0,880.0,880.0,191000,85.18740336606236,85.56176488517231
2017/06/08,890.0,890.0,880.0,880.0,213000,84.6842168897301,85.05872880173251
2017/06/09,880.0,890.0,880.0,890.0,631000,85.84547049957033,86.5222764356884
2017/06/12,880.0,890.0,870.0,870.0,497000,84.34146822474946,84.59963822491756
2017/06/13,880.0,890.0,870.0,880.0,307000,84.49958638498988,84.62778954362564
2017/06/14,880.0,890.0,880.0,880.0,366000,85.92254951373388,86.10270787681173
2017/06/15,880.0,890.0,870.0,870.0,370000,82.5705663804985,82.94648779658449
2017/06/16,880.0,880.0,870.0,880.0,327000,82.93227162568655,83.0919779466227
2017/06/19,870.0,880.0,870.0,880.0,148000,83.34542926313337,83.4399378310915
2017/06/20,880.0,880.0,870.0,870.0,325000,82.77923291859038,82.86354702647805
2017/06/21,870.0,880.0,870.0,870.0,183000,82.62410857000732,82.55906876389524
2017/06/22,870.0,880.0,870.0,880.0,242000,81.6737004737795,81.57315050791905
2017/06/23,870.0,880.0,870.0,870.0,153000,77.84660095808682,78.35262755940174
2017/06/26,870.0,880.0,870.0,870.0,135000,76.84689676786934,76.91386502104626
2017/06/27,880.0,880.0,870.0,880.0,190000,77.52495584950782,77.39864454322472
2017/06/28,870.0,880.0,870.0,880.0,585000,78.21876991308092,78.17484618568355
2017/06/29,880.0,880.0,870.0,880.0,293000,77.9165173771826,77.59146897085373
2017/06/30,880.0,880.0,870.0,870.0,374000,78.28155238518826,77.82368633289921
2017/07/03,880.0,890.0,870.0,890.0,270000,79.55339829149425,79.05739980437566
2017/07/04,880.0,890.0,880.0,880.0,175000,80.03920170751717,79.88222563499446
2017/07/05,880.0,890.0,880.0,880.0,323000,78.363364578635,78.02291602042426
2017/07/06,880.0,890.0,870.0,890.0,553000,79.06914400088442,78.54144345170594
2017/07/07,880.0,880.0,870.0,870.0,370000,76.68509981208118,76.16071410482613
2017/07/10,880.0,890.0,870.0,880.0,601000,77.34839835752217,76.86136628122905
2017/07/11,880.0,890.0,870.0,880.0,223000,78.8037719331256,78.1299455182476
2017/07/12,880.0,880.0,870.0,870.0,333000,77.2100067241766,76.7661957517085
2017/07/13,870.0,880.0,870.0,880.0,252000,78.83505278993111,78.31061169747244
2017/07/14,880.0,880.0,870.0,880.0,317000,78.4366120839501,77.50540041149057
2017/07/18,880.0,880.0,870.0,870.0,300000,79.07252810898522,77.69499455877805
2017/07/19,870.0,880.0,870.0,870.0,235000,78.79414542371435,77.59109117467993
2017/07/20,870.0,880.0,870.0,880.0,261000,78.96137241404672,77.61004433201498
2017/07/21,880.0,880.0,870.0,880.0,418000,79.12698459909468,77.90183828815157
2017/07/24,880.0,880.0,870.0,880.0,268000,79.58515882397027,78.17952059879705
2017/07/25,880.0,880.0,870.0,870.0,412000,79.36246525550594,78.12743624786401
2017/07/26,870.0,880.0,870.0,870.0,337000,79.46221097268305,77.95608653229215
2017/07/27,870.0,880.0,870.0,880.0,205000,79.3522566765515,77.69123502692878
2017/07/28,880.0,880.0,870.0,880.0,172000,77.71433549205109,76.38135399477203
2017/07/31,870.0,880.0,870.0,870.0,431000,77.27376146077381,75.5831145899154
2017/08/01,870.0,880.0,870.0,880.0,280000,78.44962976629688,76.36902457582991
2017/08/02,880.0,880.0,870.0,870.0,307000,77.42517611186716,75.23223893260246
2017/08/03,870.0,880.0,870.0,870.0,595000,80.23349510121264,77.63465792938176
2017/08/04,870.0,880.0,870.0,870.0,372000,78.75087771703868,75.83662794855307
2017/08/07,870.0,880.0,870.0,880.0,876000,79.41124614222078,76.17828826776277
2017/08/08,870.0,880.0,870.0,880.0,1199000,78.4899864118639,75.42223501314866
2017/08/09,870.0,890.0,870.0,880.0,1189000,81.09702248503842,77.73431474509351
2017/08/10,870.0,880.0,870.0,870.0,240000,80.22565050560488,76.54048339724449
2017/08/14,870.0,880.0,860.0,870.0,568000,83.46807526876225,79.59315681296101
2017/08/15,870.0,880.0,870.0,870.0,176000,82.13081614727407,78.53502322571944
2017/08/16,870.0,880.0,870.0,880.0,618000,83.92342113636691,80.2226610301477
2017/08/17,870.0,880.0,860.0,880.0,785000,80.91567047056768,77.29880008400221
2017/08/18,870.0,920.0,870.0,910.0,1916000,85.92352418076706,82.01446970835224
2017/08/21,900.0,910.0,900.0,910.0,794000,85.58798914873493,81.72568784909647
2017/08/22,910.0,920.0,910.0,910.0,473000,87.02139096799833,83.1214853322676
2017/08/23,910.0,930.0,910.0,920.0,601000,86.3390724607605,82.56426052619922
2017/08/24,920.0,930.0,920.0,930.0,305000,89.38846354198398,85.59784426607762
2017/08/25,920.0,930.0,920.0,920.0,413000,88.93912276889938,85.28026107735862
2017/08/28,920.0,920.0,910.0,910.0,351000,87.01053532980204,82.98324847858655
2017/08/29,910.0,920.0,910.0,910.0,510000,88.32106714516871,84.01207617630948
2017/08/30,920.0,920.0,910.0,920.0,567000,88.49686082491107,84.5386329943293
2017/08/31,910.0,920.0,910.0,910.0,755000,85.22166383336274,81.78775084051442
2017/09/01,910.0,930.0,910.0,920.0,575000,87.86447239450517,84.62355699076093
2017/09/04,920.0,920.0,910.0,910.0,682000,88.30590647546573,84.73584650722881
2017/09/05,920.0,920.0,910.0,910.0,321000,89.09496058084653,85.97473245699518
2017/09/06,910.0,920.0,900.0,910.0,756000,89.85829620808343,86.6744043249956
2017/09/07,920.0,920.0,910.0,910.0,622000,87.43202388882153,84.21451096205828
2017/09/08,910.0,910.0,890.0,910.0,1054000,88.02032911331993,84.33173939781865
2017/09/11,900.0,910.0,900.0,900.0,304000,86.26038360103128,82.98700533008508
2017/09/12,900.0,910.0,890.0,900.0,494000,85.54043482441915,82.20560116622781
2017/09/13,900.0,900.0,890.0,890.0,646000,84.58265594784548,81.21027693090167
2017/09/14,900.0,910.0,890.0,910.0,643000,85.64595780446915,82.43620439102753
2017/09/15,900.0,910.0,890.0,890.0,860000,81.1483396434803,78.26252481334434
2017/09/19,890.0,900.0,890.0,890.0,621000,79.45900399339877,77.22531623351831
2017/09/20,890.0,900.0,890.0,900.0,462000,78.39806888200764,76.83083373934356
2017/09/21,900.0,910.0,890.0,900.0,735000,79.68341898817691,78.26418773755118
2017/09/22,900.0,910.0,900.0,910.0,487000,80.77135900427746,79.33012563309568
2017/09/25,910.0,910.0,900.0,910.0,517000,82.93311199254305,81.65008048711128
2017/09/26,910.0,910.0,900.0,910.0,610000,82.97663228922139,81.55549178792481
2017/09/27,906.0,939.0,902.0,938.0,72600,84.6724401320263,83.32931193661896
2017/09/28,945.0,945.0,919.0,930.0,97300,84.71283119327077,82.80932125023128
2017/09/29,926.0,927.0,908.0,914.0,53600,82.0666958796009,80.21236469788204
2017/10/02,907.0,916.0,903.0,905.0,64400,81.81493469040572,79.95320854727429
2017/10/03,908.0,908.0,901.0,903.0,35400,80.56106450967367,78.95115896534753
2017/10/04,905.0,907.0,890.0,899.0,72800,80.55560379380154,79.04246754100723
2017/10/05,897.0,903.0,891.0,896.0,25700,79.78382355842328,78.37253635721584
2017/10/06,893.0,906.0,893.0,903.0,29800,80.85946301504424,79.43649045186552
2017/10/10,898.0,901.0,894.0,898.0,41200,81.57571514120366,79.83623116019277
2017/10/11,893.0,903.0,892.0,900.0,53900,79.7602112081549,78.24086969660148
2017/10/12,903.0,905.0,898.0,904.0,35900,78.6577634392466,77.58027199454556
2017/10/13,901.0,911.0,898.0,907.0,56800,79.41695390656363,78.58673750077362
2017/10/16,904.0,935.0,904.0,926.0,73800,80.02771121491526,79.18781299679266
2017/10/17,926.0,933.0,916.0,917.0,42400,78.39515464300553,77.61578729746894
2017/10/18,919.0,919.0,904.0,909.0,38700,77.77477300835461,76.91770737006556
2017/10/19,901.0,907.0,898.0,900.0,53900,76.12818236900546,75.06489049842463
2017/10/20,900.0,901.0,891.0,891.0,60700,74.32992441736397,73.21914327936497
2017/10/23,895.0,909.0,892.0,909.0,69700,76.81393592922066,75.77756585504108
2017/10/24,908.0,912.0,904.0,912.0,33000,76.45269447566766,75.25824738747336
2017/10/25,912.0,915.0,903.0,905.0,56200,74.74982251707209,73.65666029249405
2017/10/26,901.0,907.0,900.0,905.0,29300,75.96774741002298,75.06393571019152
2017/10/27,902.0,919.0,902.0,917.0,52800,74.9400914030374,74.32482798223543
2017/10/30,912.0,925.0,908.0,920.0,166700,75.08209551017046,74.60949861991072
2017/10/31,910.0,918.0,906.0,909.0,49600,75.03209669806073,74.70026394991962
2017/11/01,914.0,914.0,907.0,910.0,31700,73.20767717810838,73.36509414981768
2017/11/02,914.0,915.0,905.0,913.0,24200,73.63347499956785,73.7100178460294
2017/11/06,910.0,911.0,902.0,903.0,52000,73.18090138123536,73.02878807695963
2017/11/07,902.0,905.0,893.0,904.0,37800,70.49436805361798,70.80792831446342
2017/11/08,901.0,908.0,897.0,905.0,36500,69.76824134574858,70.4195331636559
2017/11/09,904.0,913.0,901.0,912.0,63100,72.80971773222,72.87456359514853
2017/11/10,903.0,911.0,901.0,901.0,36200,73.42538982652543,73.37628816029363
2017/11/13,900.0,903.0,893.0,903.0,32000,75.85453367230264,75.40797072152212
2017/11/14,905.0,906.0,895.0,895.0,41300,75.97503139478454,75.90097519320439
2017/11/15,894.0,896.0,875.0,882.0,65100,75.2833253308752,75.68132003105961
2017/11/16,883.0,889.0,882.0,882.0,36600,74.19781088092395,74.99630651917417
2017/11/17,890.0,894.0,881.0,886.0,49800,75.61455046389624,76.33689004824308
2017/11/20,881.0,895.0,881.0,894.0,55800,76.53805345319074,77.16722494156275
2017/11/21,895.0,901.0,895.0,898.0,39900,76.58989288707501,77.25398028674498
2017/11/22,902.0,902.0,892.0,895.0,29200,77.50135640582747,78.22204390755294
2017/11/24,892.0,903.0,892.0,902.0,28300,79.056030813611,79.77471265533951
2017/11/27,904.0,909.0,903.0,909.0,26300,78.9096332374245,79.98486701184618
2017/11/28,900.0,910.0,900.0,904.0,38600,79.1383098266758,80.55625366385509
2017/11/29,910.0,915.0,904.0,914.0,44800,79.62710157829052,80.85264305186949
2017/11/30,914.0,929.0,910.0,910.0,59400,79.71406060603321,80.98810992980839
2017/12/01,917.0,917.0,908.0,912.0,25300,79.18586457683966,80.67630017221373
2017/12/04,912.0,918.0,909.0,909.0,37300,79.51890366202818,81.11503695677726
2017/12/05,908.0,914.0,906.0,912.0,22700,80.45520909132811,81.76322231018351
2017/12/06,910.0,913.0,895.0,904.0,52300,76.93656509762596,77.88633288164762
2017/12/07,904.0,910.0,900.0,905.0,31600,79.45842065189449,80.67382858826542
2017/12/08,904.0,915.0,904.0,913.0,70000,79.19984229337977,80.42672221821813
2017/12/11,915.0,940.0,915.0,940.0,78800,79.28775587150749,80.1882190049883
2017/12/12,940.0,948.0,938.0,944.0,51000,80.27602083750548,80.91559756500149
2017/12/13,940.0,955.0,937.0,950.0,75300,82.01140859268907,82.36990815853198
2017/12/14,943.0,945.0,933.0,941.0,30100,81.5475670330439,81.92540626369257
2017/12/15,937.0,937.0,918.0,923.0,33000,81.0204297448708,81.43308610613823
2017/12/18,923.0,933.0,912.0,923.0,49300,79.74807722062447,80.25532824934825
2017/12/19,923.0,929.0,919.0,919.0,26200,79.13432501506225,79.38767126748486
2017/12/20,914.0,930.0,914.0,919.0,31800,78.84941005620023,78.74877949918027
2017/12/21,919.0,924.0,911.0,911.0,32200,78.98068948695033,78.7399646324643
2017/12/22,915.0,924.0,907.0,908.0,44000,79.27802047825945,78.71858513062391
2017/12/25,908.0,911.0,903.0,906.0,47300,78.97780866936685,78.42300056371168
2017/12/26,905.0,909.0,901.0,905.0,39700,79.07701082071871,78.4493474409233
2017/12/27,905.0,917.0,905.0,915.0,11200,79.06553702091601,78.41716195602247
2017/12/28,911.0,920.0,910.0,917.0,16100,80.26515679364775,79.73363722698356
2017/12/29,920.0,935.0,918.0,930.0,32600,80.50163346224969,80.10667638022933
2018/01/04,944.0,958.0,938.0,953.0,83300,79.14131031939061,79.54432509577116
2018/01/05,953.0,958.0,933.0,935.0,36000,76.7031796539929,77.2389142389143
2018/01/09,940.0,948.0,934.0,938.0,20100,75.91093631485806,76.57303960747171
2018/01/10,934.0,943.0,929.0,935.0,64000,75.35962979731798,75.85559439613527
2018/01/11,930.0,941.0,930.0,935.0,22600,77.78970132727416,78.38654980681135
2018/01/12,931.0,939.0,923.0,926.0,43700,76.2685500073711,77.01671018805285
2018/01/15,927.0,935.0,924.0,929.0,27200,76.32974791543953,77.02023700291734
2018/01/16,928.0,929.0,915.0,919.0,48100,75.19279540704153,76.26495204786427
2018/01/17,915.0,916.0,906.0,909.0,28900,74.9553869005972,75.81029328545289
2018/01/18,917.0,917.0,901.0,901.0,43200,73.78916842284958,74.8570696780359
2018/01/19,902.0,905.0,899.0,899.0,39200,75.27642026306772,75.99042174232078
2018/01/22,901.0,902.0,891.0,895.0,30100,73.94905026824034,74.63724296393798
2018/01/23,901.0,908.0,898.0,907.0,22900,74.35530885898687,75.25358816623266
2018/01/24,901.0,904.0,896.0,900.0,48200,73.85814703967621,74.25589001498825
2018/01/25,896.0,898.0,889.0,889.0,52300,73.6093352772926,73.61865728216496
2018/01/26,890.0,895.0,888.0,890.0,29900,74.81240405342459,74.86322364041055
2018/01/29,897.0,898.0,889.0,896.0,23900,76.50485935423218,76.62272328432019
2018/01/30,891.0,894.0,887.0,887.0,37000,76.32930364096794,76.46177891921337
2018/01/31,888.0,897.0,882.0,882.0,41900,75.37759114608981,75.6335069535753
2018/02/01,892.0,915.0,887.0,910.0,63400,76.34063548625109,76.5457759938839
2018/02/02,906.0,909.0,898.0,901.0,30300,75.5008688516333,75.48667900992886
2018/02/05,886.0,893.0,877.0,886.0,54600,75.63898442816391,75.37169749626413
2018/02/06,881.0,881.0,845.0,859.0,76100,77.4945715883604,77.01300455316961
2018/02/07,851.0,869.0,822.0,824.0,111600,75.37342474010225,74.75977335977285
2018/02/08,824.0,832.0,801.0,801.0,71200,72.0670049337943,71.52265013960557
2018/02/09,792.0,792.0,766.0,769.0,92700,71.84945554635692,70.7914835552556
2018/02/13,799.0,799.0,771.0,772.0,47300,73.59114232239244,72.8536863074752
2018/02/14,781.0,782.0,763.0,763.0,43500,73.79995100132432,73.28617679205529
2018/02/15,768.0,784.0,766.0,780.0,39300,73.23495351498099,73.30113216655899
2018/02/16,790.0,800.0,785.0,790.0,27400,72.87434249145383,73.15814756403832
2018/02/19,793.0,826.0,793.0,826.0,48600,74.01251652469864,74.21067422500383
2018/02/20,821.0,822.0,803.0,807.0,28800,74.30991420791686,74.19650202842617
2018/02/21,807.0,813.0,802.0,803.0,27400,73.7817757306928,73.93469078002514
2018/02/22,803.0,803.0,792.0,794.0,19400,74.48534515263184,74.48858750414064
2018/02/23,794.0,807.0,792.0,806.0,20200,74.73039652918965,74.70315248966595
2018/02/26,810.0,814.0,802.0,805.0,15400,73.08538909519798,73.23956693362878
2018/02/27,816.0,816.0,798.0,800.0,49900,71.90845367172089,72.21539219542542
2018/02/28,800.0,802.0,787.0,787.0,38400,71.30046955383858,71.26206628199479
2018/03/01,787.0,788.0,774.0,779.0,46900,72.3255835043232,72.20958783028853
2018/03/02,775.0,775.0,766.0,770.0,35000,73.72373796756688,73.15206208951372
2018/03/05,762.0,775.0,760.0,774.0,32400,75.03484362207259,74.7487485640979
2018/03/06,776.0,788.0,776.0,781.0,22000,74.25112395654723,74.48619521185424
2018/03/07,782.0,792.0,772.0,775.0,25900,73.13707595427786,73.44678902380338
2018/03/08,775.0,790.0,772.0,775.0,18400,73.7544111870015,74.17126693455177
2018/03/09,782.0,787.0,771.0,777.0,53100,73.14617656058135,73.49725387189892
2018/03/12,780.0,788.0,772.0,783.0,19300,71.87932550140597,72.37755746644848
2018/03/13,779.0,790.0,776.0,789.0,12800,71.86624455181726,72.41196347758962
2018/03/14,783.0,796.0,782.0,792.0,19600,74.16597060515781,74.36457741752285
2018/03/15,786.0,790.0,777.0,781.0,19400,71.60235729614803,71.88217726870519
2018/03/16,779.0,782.0,774.0,781.0,17600,71.77129542814899,71.85679054448288
2018/03/19,773.0,780.0,770.0,772.0,18200,72.08484545345067,72.3436401342172
2018/03/20,772.0,782.0,768.0,782.0,29200,73.35985995716993,73.43785952113329
2018/03/22,782.0,787.0,770.0,780.0,19300,72.57341264052091,72.74252820120164
2018/03/23,770.0,772.0,750.0,751.0,35200,73.08671558501541,72.54289944382383
2018/03/26,742.0,749.0,735.0,744.0,33700,71.60090096232238,71.43084885945808
2018/03/27,750.0,772.0,749.0,772.0,38500,73.20272233292481,73.10906233687989
2018/03/28,763.0,763.0,743.0,763.0,30700,73.38901275739535,72.87331395989818
2018/03/29,769.0,777.0,760.0,769.0,21600,72.92932833712895,72.56713059056104
2018/03/30,783.0,783.0,765.0,771.0,21600,72.29141219619623,72.28653672360512
2018/04/02,771.0,771.0,761.0,762.0,13300,71.1900869283367,71.2097372024733
2018/04/03,755.0,776.0,751.0,768.0,35100,72.95422806307643,72.92281011325709
2018/04/04,754.0,788.0,754.0,785.0,37600,74.6757523251602,74.44113128063398
2018/04/05,785.0,800.0,782.0,797.0,39400,76.08413142364545,76.00452405020413
2018/04/06,788.0,794.0,784.0,790.0,27400,74.3119126836779,74.40580595237184
2018/04/09,788.0,790.0,782.0,787.0,17400,74.9924931629737,75.14717448171706
2018/04/10,783.0,797.0,781.0,790.0,23100,76.35644403133013,76.62570504492395
2018/04/11,790.0,793.0,788.0,788.0,14200,75.7425189178116,75.92735997061575
2018/04/12,788.0,798.0,788.0,797.0,12400,77.04819122626968,77.38179773610702
2018/04/13,799.0,815.0,798.0,809.0,35200,77.39785696551263,77.5633517339047
2018/04/16,811.0,816.0,805.0,813.0,22100,79.46738044679665,79.80488286100282
2018/04/17,811.0,818.0,801.0,801.0,18700,78.52119642550743,79.22497356468973
2018/04/18,805.0,815.0,803.0,811.0,20000,77.54330329126479,78.39387118582421
2018/04/19,816.0,825.0,812.0,813.0,27700,75.86771856550234,76.87135679527537
2018/04/20,813.0,818.0,801.0,804.0,35700,76.7638754845261,77.66532571435717
2018/04/23,808.0,818.0,808.0,814.0,13800,79.95675862406154,80.3313328570951
2018/04/24,817.0,828.0,809.0,825.0,36300,82.15614979870321,82.34957966077191
2018/04/25,825.0,825.0,811.0,824.0,21300,80.39036974322437,80.52133641589604
2018/04/26,824.0,827.0,814.0,819.0,22300,80.27633715374068,80.70236548929594
2018/04/27,823.0,823.0,802.0,808.0,25100,78.45023865797543,79.13837314759002
2018/05/01,806.0,809.0,788.0,792.0,32100,76.88139783840539,77.75946121525243
2018/05/02,798.0,803.0,795.0,803.0,17300,78.12257982548445,78.9937876655499
2018/05/07,800.0,804.0,795.0,802.0,10000,78.04480890291472,78.8215547184181
2018/05/08,805.0,817.0,801.0,813.0,29000,79.63521348125249,80.2814647923199
2018/05/09,812.0,816.0,806.0,816.0,19900,79.63127254772363,80.17581822546562
2018/05/10,815.0,820.0,805.0,809.0,30100,79.75762073290959,80.24273029231361
2018/05/11,805.0,805.0,792.0,798.0,42400,76.61606033984158,77.22517921976424
2018/05/14,708.0,761.0,708.0,761.0,87700,73.47662434544584,73.97768327377618
2018/05/15,761.0,767.0,752.0,760.0,28500,75.39427570442517,75.79417978359898
2018/05/16,751.0,765.0,746.0,764.0,25400,74.87544619587287,75.13685572374659
2018/05/17,764.0,767.0,753.0,755.0,22300,75.16504074624868,75.49086347965171
2018/05/18,753.0,759.0,753.0,757.0,15600,73.49429335367847,73.91391180779007
2018/05/21,757.0,757.0,742.0,745.0,29300,73.25741182121749,74.0131181824663
2018/05/22,745.0,745.0,737.0,738.0,17200,72.46178410250018,73.37314084713954
2018/05/23,735.0,738.0,732.0,738.0,16100,72.9721052534998,73.4956419720178
2018/05/24,737.0,737.0,712.0,716.0,53900,71.04133650286248,71.5135315220854
2018/05/25,709.0,729.0,708.0,713.0,38300,71.04789934705275,71.77213333880654
2018/05/28,715.0,715.0,705.0,708.0,16700,71.24894622163738,72.17643660631468
2018/05/29,706.0,710.0,697.0,698.0,21300,70.61102428382307,71.61513938946746
2018/05/30,693.0,693.0,680.0,688.0,34900,70.57586569600609,71.43901706073572
2018/05/31,687.0,692.0,680.0,681.0,28700,68.44605598129964,69.45345657765847
2018/06/01,680.0,682.0,661.0,672.0,87100,67.95121812609517,68.81984026709812
2018/06/04,632.0,659.0,630.0,652.0,190700,65.74508313424148,66.45885741336312
2018/06/05,653.0,675.0,653.0,666.0,70400,66.33343453875251,67.30514325880684
2018/06/06,679.0,681.0,661.0,676.0,43700,67.85116646964634,69.01791189194351
2018/06/07,682.0,708.0,682.0,695.0,42800,68.89371004922957,70.20991739463824
2018/06/08,686.0,695.0,680.0,685.0,58300,67.87311532443267,68.76693491744082
2018/06/11,686.0,699.0,683.0,697.0,22500,69.94263922220509,71.35889994717431
2018/06/12,691.0,693.0,685.0,685.0,17600,67.70316870634127,69.18723968131461
2018/06/13,690.0,717.0,690.0,715.0,37800,70.34351952723922,71.83596288540694
2018/06/14,715.0,744.0,707.0,741.0,67700,74.28439906002782,75.82387850186355
2018/06/15,744.0,768.0,735.0,752.0,83600,74.57819283782717,76.2357871971966
2018/06/18,755.0,755.0,726.0,742.0,44300,74.6054485618956,76.44722189007027
2018/06/19,742.0,742.0,719.0,721.0,20700,75.25496183173007,76.85402433307857
2018/06/20,725.0,743.0,714.0,741.0,31900,76.04684792852134,78.31148490795226
2018/06/21,741.0,747.0,711.0,715.0,39300,72.00352784377945,74.74073619211369
2018/06/22,712.0,717.0,701.0,716.0,22200,73.58476304168894,76.00249301367889
2018/06/25,716.0,716.0,685.0,689.0,40800,71.44963485872987,73.8771254145647
2018/06/26,681.0,686.0,676.0,683.0,37100,70.2597252117903,72.58980257612599
2018/06/27,676.0,696.0,676.0,683.0,52700,70.15133155518876,72.36543136467326
2018/06/28,681.0,681.0,673.0,678.0,48600,69.95307242241616,72.45350976469956
2018/06/29,674.0,707.0,674.0,699.0,30400,72.16399191510322,74.82152394791503
2018/07/02,699.0,700.0,670.0,672.0,33500,69.42648234400654,71.9033467543023
2018/07/03,672.0,672.0,651.0,657.0,46400,68.65090513123508,70.99405637781398
2018/07/04,650.0,657.0,637.0,639.0,60400,67.14543871582357,69.41361891467459
2018/07/05,634.0,634.0,608.0,611.0,55400,63.70383598144949,66.16684005689694
2018/07/06,616.0,640.0,616.0,640.0,35900,67.2865145900474,69.88927589482148
2018/07/09,643.0,644.0,632.0,634.0,23800,65.6054563230565,67.99197968739776
2018/07/10,631.0,638.0,624.0,624.0,25000,64.51548515457466,67.23209674198225
2018/07/11,620.0,626.0,606.0,618.0,45800,65.09503728015561,67.5893595966487
2018/07/12,618.0,637.0,618.0,629.0,21800,64.75041423981122,67.6907766631502
2018/07/13,634.0,640.0,621.0,621.0,38400,62.828224126038904,66.30203875092805
2018/07/17,620.0,643.0,620.0,634.0,32100,64.21296158439233,67.671500371988
2018/07/18,637.0,647.0,635.0,639.0,14200,64.5119501186864,68.02356951617074
2018/07/19,649.0,650.0,637.0,641.0,27200,64.4573193589207,67.9873187172683
2018/07/20,641.0,644.0,628.0,630.0,27100,63.39620153952706,66.87323975580853
2018/07/23,630.0,673.0,630.0,669.0,58200,67.80397332409393,70.90134805523456
2018/07/24,673.0,684.0,659.0,663.0,41000,67.55626099794235,70.54479821330635
2018/07/25,670.0,671.0,658.0,663.0,17100,67.56626768367343,70.44405096308957
2018/07/26,661.0,681.0,661.0,676.0,26000,68.2910662860165,70.77376055289497
2018/07/27,680.0,705.0,674.0,694.0,46800,69.30493065068578,72.00032918043804
2018/07/30,694.0,699.0,683.0,691.0,98100,70.19624655248977,72.70795145650301
2018/07/31,699.0,699.0,676.0,682.0,43500,68.67597562619378,71.98395587723648
2018/08/01,690.0,704.0,680.0,697.0,54700,70.72284114068019,73.9864500102356
2018/08/02,701.0,702.0,690.0,696.0,53000,71.17550981608889,74.59982078546177
2018/08/03,696.0,699.0,693.0,697.0,49000,70.96412864467082,75.00575180967623
2018/08/06,677.0,718.0,671.0,705.0,113100,71.38789862183012,75.78503126655788
2018/08/07,701.0,706.0,685.0,693.0,56300,69.48346879062287,73.75587755218915
2018/08/08,686.0,697.0,685.0,687.0,41400,68.05087905687407,72.39398602841509
2018/08/09,689.0,690.0,670.0,675.0,45900,67.73737817849714,72.10618167493108
2018/08/10,682.0,686.0,672.0,677.0,39700,68.18079270120747,72.33780578550821
2018/08/13,667.0,667.0,646.0,653.0,60200,67.08955818863784,71.29278289278277
2018/08/14,658.0,680.0,658.0,673.0,29000,68.35023876042315,73.07288986793307
2018/08/15,664.0,670.0,652.0,654.0,24700,66.03448435395701,70.7279505180601
2018/08/16,651.0,660.0,649.0,658.0,22800,66.38503623576077,71.56713715706697
2018/08/17,664.0,683.0,660.0,667.0,43200,64.08138814134122,68.97151860528052
2018/08/20,664.0,669.0,660.0,667.0,14900,64.03227603064975,69.0968106443684
2018/08/21,667.0,668.0,655.0,664.0,25500,63.65429698325282,69.1009603893039
2018/08/22,667.0,667.0,654.0,655.0,12400,61.87406487923853,67.07407882903574
2018/08/23,655.0,655.0,647.0,647.0,16600,60.07989434788467,65.22663894883988
2018/08/24,653.0,653.0,642.0,646.0,34600,60.43383010537961,65.60757766155531
2018/08/27,650.0,663.0,646.0,661.0,26100,61.965427505015015,67.22490338257134
2018/08/28,665.0,674.0,658.0,659.0,26600,61.46320837818885,66.81907594781597
2018/08/29,665.0,687.0,660.0,687.0,52500,63.75243549559341,69.0098392184107
2018/08/30,679.0,709.0,679.0,689.0,41100,65.04300612481373,70.41471236193907
2018/08/31,688.0,696.0,685.0,687.0,30100,64.309183122711,69.69264000120242
2018/09/03,687.0,692.0,679.0,691.0,23200,65.23609248439239,70.7803078681004
2018/09/04,691.0,700.0,685.0,696.0,36400,65.32587792523735,70.80681075140537
2018/09/05,691.0,696.0,686.0,688.0,33300,64.8137212838512,70.59532059532056
2018/09/06,685.0,695.0,681.0,689.0,21700,65.30583313290849,71.50135014565035
2018/09/07,681.0,689.0,680.0,687.0,16700,65.23239747396576,71.42599300943083
2018/09/10,685.0,694.0,677.0,692.0,26300,67.17232790722129,73.45588139439782
2018/09/11,687.0,689.0,671.0,687.0,49800,66.60648465373514,73.12258055655279
2018/09/12,687.0,689.0,665.0,682.0,47000,67.34476559417533,74.1830700945768
2018/09/13,682.0,694.0,680.0,691.0,21500,65.90589216333916,72.47533188674232
2018/09/14,694.0,695.0,684.0,687.0,62000,66.54498367814932,73.18680092968111
2018/09/18,682.0,691.0,678.0,688.0,32500,67.00146533241355,73.26223723629788
2018/09/19,693.0,702.0,691.0,697.0,39000,66.44549423175515,72.33803623185698
2018/09/20,698.0,710.0,695.0,703.0,69900,67.13279706048154,72.91739514184123
2018/09/21,703.0,725.0,696.0,723.0,117300,67.55629800320332,73.31081646593664
2018/09/25,726.0,732.0,715.0,731.0,81800,68.21636274792168,73.73118058605648
2018/09/26,732.0,764.0,729.0,749.0,94600,67.33599100117698,72.95831715510491
2018/09/27,748.0,748.0,726.0,730.0,36400,67.16863973443317,73.09016300855669
2018/09/28,738.0,747.0,728.0,729.0,41000,67.31343061411445,73.50495931134057
2018/10/01,729.0,729.0,701.0,705.0,55800,65.54680212743052,71.71550675038705
2018/10/02,709.0,721.0,701.0,703.0,36200,66.12268045562175,71.89460471379394
2018/10/03,703.0,704.0,676.0,679.0,54600,64.61368199828863,70.57743660527905
2018/10/04,679.0,691.0,675.0,678.0,24900,65.10596046555376,70.6829470576196
2018/10/05,678.0,692.0,675.0,687.0,33700,66.18576562488843,71.6027581431858
2018/10/09,678.0,683.0,670.0,680.0,40100,67.18691651329164,72.88685292999403
2018/10/10,677.0,690.0,677.0,686.0,27400,67.71097140233833,73.3247700434777
2018/10/11,660.0,671.0,651.0,656.0,70200,67.31076196302391,72.49260543565588
2018/10/12,656.0,673.0,644.0,671.0,83500,68.96175055313253,74.24827239218074
2018/10/15,672.0,672.0,639.0,639.0,54900,65.85926124702179,70.80800231297339
2018/10/16,641.0,641.0,621.0,625.0,35300,64.49027338067702,69.58889238765963
2018/10/17,635.0,647.0,625.0,631.0,32700,64.92490719630308,69.85315941315976
2018/10/18,630.0,641.0,623.0,624.0,37500,65.63186890138748,70.3664351417306
2018/10/19,624.0,624.0,605.0,610.0,67000,65.197778956414,69.99070859424698
2018/10/22,610.0,615.0,604.0,607.0,40200,64.06552002272629,68.74376762932421
2018/10/23,602.0,602.0,583.0,583.0,44700,63.328289861651854,68.03811765711141
2018/10/24,586.0,601.0,583.0,600.0,34000,65.14723190519186,70.28570585831592
2018/10/25,590.0,593.0,582.0,586.0,51500,66.18546487356984,70.9388648488444
2018/10/26,587.0,600.0,585.0,591.0,34900,66.9556660112074,71.5176703911922
2018/10/29,590.0,598.0,573.0,574.0,59200,64.93379616705175,69.50666687089763
2018/10/30,574.0,599.0,574.0,592.0,125100,66.80896782117925,71.37056847928463
2018/10/31,591.0,607.0,588.0,603.0,41700,67.77404617110537,71.92311630973451
2018/11/01,600.0,617.0,600.0,606.0,51100,68.98049500156036,72.9642615793781
2018/11/02,614.0,615.0,597.0,608.0,30700,68.25340909239463,72.76628498353656
2018/11/05,603.0,615.0,603.0,604.0,20400,68.87155210291732,73.09707573861992
2018/11/06,607.0,624.0,603.0,616.0,28400,70.57171052454132,74.46317475309513
2018/11/07,613.0,635.0,607.0,610.0,26300,69.9303364792927,74.14066870812681
2018/11/08,619.0,629.0,614.0,615.0,16600,68.57912976100157,72.72305810995884
2018/11/09,616.0,624.0,616.0,617.0,12500,69.80647670334432,73.69673996764845
2018/11/12,614.0,620.0,600.0,607.0,29600,67.55575578992016,71.70481732376798
2018/11/13,598.0,607.0,585.0,586.0,32600,67.18446094133846,71.08624907959916
2018/11/14,580.0,588.0,566.0,567.0,43600,64.82079885245969,68.31027903648925
2018/11/15,562.0,576.0,562.0,571.0,21900,66.36486402918355,69.58745258640043
2018/11/16,571.0,579.0,566.0,567.0,26800,66.11031403468664,69.27679199711704
2018/11/19,565.0,583.0,562.0,580.0,35300,66.18691477770597,69.71179844714752
2018/11/20,570.0,587.0,570.0,577.0,18000,66.73484692454659,70.00314059306541
2018/11/21,577.0,582.0,574.0,579.0,17600,67.74760056474516,71.14603706465313
2018/11/22,575.0,579.0,571.0,571.0,19800,65.94832932749041,69.19516725102686
2018/11/26,565.0,572.0,565.0,569.0,12000,64.55917983601023,68.1391081762262
2018/11/27,565.0,578.0,565.0,570.0,31300,64.58642698046745,67.9584117192908
2018/11/28,576.0,577.0,569.0,571.0,25500,63.65629442823386,67.4779094213165
2018/11/29,572.0,579.0,566.0,566.0,21900,63.489554995057475,67.16809424854767
2018/11/30,569.0,574.0,564.0,564.0,14800,63.13690962590385,66.62940260182965
2018/12/03,566.0,577.0,565.0,574.0,23200,63.516665060756914,66.80338369232548
2018/12/04,576.0,578.0,552.0,558.0,43900,62.8121855108476,66.44378215275017
2018/12/05,540.0,554.0,527.0,533.0,60300,59.65338372750539,63.45023478577539
2018/12/06,524.0,528.0,516.0,517.0,41800,59.77440656520786,63.357278060473575
2018/12/07,507.0,514.0,499.0,506.0,54700,58.31667472929535,61.69012251914261
2018/12/10,503.0,503.0,494.0,495.0,35500,56.92611798761974,60.063600534628236
2018/12/11,495.0,495.0,474.0,474.0,44300,54.29127774337139,57.85435936257476
2018/12/12,475.0,493.0,475.0,489.0,32700,54.22650858900154,58.01694643739895
2018/12/13,490.0,500.0,483.0,484.0,37500,53.50526175419862,57.52700782140473
2018/12/14,480.0,483.0,473.0,478.0,48400,54.642691451583026,58.33559114634619
2018/12/17,476.0,477.0,466.0,467.0,51300,53.877423186887086,57.69555619619494
2018/12/18,462.0,463.0,451.0,455.0,52900,53.61961946851325,57.51654331958518
2018/12/19,456.0,457.0,436.0,439.0,59700,52.10243661547922,55.90435674214387
2018/12/20,433.0,446.0,422.0,440.0,62200,54.156953166298614,58.02253033927065
2018/12/21,440.0,443.0,408.0,416.0,69600,52.03211141687753,56.3095168707586
2018/12/25,376.0,395.0,375.0,389.0,81900,51.3687402913785,55.47748088467262
2018/12/26,390.0,405.0,387.0,392.0,75200,50.78637370625837,54.76258900199685
2018/12/27,400.0,429.0,400.0,418.0,103400,51.727835546145016,55.21840675771366
2018/12/28,411.0,413.0,397.0,397.0,44600,48.553826762376836,51.930147433216575
2019/01/04,390.0,403.0,385.0,401.0,48700,51.99180761859063,54.81623944610331
2019/01/07,421.0,432.0,413.0,413.0,44400,52.40346684485271,54.99735986487395
2019/01/08,413.0,417.0,411.0,411.0,31900,51.72362627898739,54.518366357170514
2019/01/09,411.0,415.0,404.0,405.0,24800,50.442793427661,53.38881635996958
2019/01/10,405.0,405.0,390.0,396.0,60100,49.802440366340775,52.53984185772912
2019/01/11,400.0,400.0,393.0,398.0,29700,49.93464866980731,52.716393619851246
2019/01/15,396.0,399.0,386.0,391.0,71700,49.57651283327086,52.24099404491452
2019/01/16,390.0,406.0,388.0,395.0,48900,50.73598666075409,53.43084169579543
2019/01/17,397.0,410.0,386.0,403.0,61200,52.09664965318295,54.39887510507594
2019/01/18,405.0,408.0,399.0,404.0,30100,51.7711468414225,54.52184941510819
2019/01/21,406.0,419.0,406.0,411.0,43600,52.785898495720105,55.466044806368885
2019/01/22,415.0,415.0,398.0,401.0,20800,51.71769483753241,54.285530634480395
2019/01/23,395.0,405.0,390.0,400.0,19200,51.66791947577543,54.62021493514091
2019/01/24,399.0,408.0,397.0,403.0,18300,52.150701140310865,55.02419179439485
2019/01/25,403.0,410.0,398.0,398.0,31000,50.87218711962097,53.66492015878562
2019/01/28,399.0,400.0,386.0,386.0,26100,49.29829077679301,52.079676497923934
2019/01/29,387.0,394.0,386.0,393.0,26300,49.9398586511276,52.87267826652883
2019/01/30,393.0,420.0,393.0,400.0,111000,50.95903768818285,53.71398905629123
2019/01/31,401.0,413.0,394.0,394.0,61700,48.95042365359587,51.66469050155715
2019/02/01,397.0,405.0,397.0,398.0,33900,49.455926810090816,52.63069822729316
2019/02/04,406.0,419.0,405.0,408.0,57300,50.01501662953919,53.108844757775216
2019/02/05,405.0,414.0,405.0,408.0,33800,49.24205274798776,52.31407374389079
2019/02/06,410.0,413.0,402.0,403.0,23000,50.71494057115109,54.09428462514493
2019/02/07,401.0,401.0,382.0,383.0,81300,50.44105842345373,53.80832435074856
2019/02/08,380.0,382.0,372.0,373.0,50400,51.00800269299065,54.57218905310407
2019/02/12,372.0,377.0,372.0,376.0,38800,49.59281872910399,53.17003160997368
2019/02/13,375.0,382.0,372.0,377.0,36900,49.43286630595243,52.93537186993873
2019/02/14,376.0,386.0,376.0,385.0,28000,50.11844521215746,53.37833064715528
2019/02/15,381.0,384.0,376.0,379.0,16000,49.85601487865028,52.8436596626917
2019/02/18,388.0,391.0,380.0,382.0,24300,48.13180832208981,51.246794408084895
2019/02/19,385.0,390.0,380.0,389.0,18300,49.611689554502654,52.881861587512844
2019/02/20,387.0,394.0,387.0,391.0,20000,49.91773999169191,53.16307393791037
2019/02/21,393.0,393.0,383.0,389.0,24400,49.61376694090095,53.02084583867699
2019/02/22,389.0,389.0,383.0,385.0,17300,48.808496763151496,52.248369256275026
2019/02/25,386.0,390.0,384.0,387.0,21200,49.471110362348576,52.64034992020038
2019/02/26,385.0,387.0,381.0,387.0,15300,50.496050353879376,53.554104316101814
2019/02/27,389.0,391.0,386.0,387.0,34100,50.341422257121984,53.659898706669615
2019/02/28,387.0,395.0,387.0,391.0,25800,50.98894026042428,54.33056954847919
2019/03/01,394.0,398.0,392.0,395.0,32200,50.29885738195671,54.239362870189964
2019/03/04,401.0,407.0,395.0,396.0,31000,49.33416154088379,53.27520201433503
2019/03/05,395.0,404.0,392.0,404.0,44100,50.9939914350544,54.829589217738985
2019/03/06,402.0,402.0,394.0,395.0,24700,50.155701160824094,53.76690515300236
2019/03/07,392.0,397.0,391.0,395.0,19800,50.75884460434884,54.41372720963299
2019/03/08,387.0,390.0,377.0,382.0,87200,50.20079954017511,53.63569596990274
2019/03/11,380.0,387.0,375.0,375.0,34600,49.477288132308956,52.73396010580973
2019/03/12,381.0,389.0,381.0,389.0,26700,50.36769823324708,53.77263086223729
2019/03/13,386.0,392.0,383.0,383.0,16700,49.4648697352554,52.9494120576014
2019/03/14,390.0,392.0,385.0,392.0,33800,51.41091606356865,55.100062558522346
2019/03/15,391.0,400.0,380.0,381.0,42600,49.29680764988048,52.86253342706853
2019/03/18,390.0,390.0,384.0,387.0,28200,49.888924922977104,53.431469709887224
2019/03/19,387.0,387.0,381.0,387.0,26400,49.06196048357746,52.748118158145175
2019/03/20,387.0,392.0,386.0,388.0,26000,49.704616996485505,53.22541609349639
2019/03/22,391.0,391.0,380.0,387.0,30500,49.12601161578763,53.0554561255119
2019/03/25,379.0,379.0,370.0,372.0,46300,49.49704701934654,52.97671499483354
2019/03/26,375.0,389.0,375.0,382.0,55000,49.225385410508316,52.51541796159772
2019/03/27,378.0,390.0,378.0,387.0,32500,49.89658806400318,53.55926957056406
2019/03/28,385.0,385.0,378.0,379.0,31100,49.57842619747228,53.05700122078198
2019/03/29,380.0,381.0,378.0,378.0,7300,49.601739257578885,52.86713545199739
2019/04/01,385.0,385.0,382.0,383.0,16200,49.98099870263497,53.15445422894036
2019/04/02,382.0,388.0,382.0,385.0,28700,49.63364553190583,52.99520935064026
2019/04/03,385.0,390.0,383.0,384.0,21500,48.030329782776334,51.46173507289703
2019/04/04,385.0,387.0,383.0,387.0,9000,48.37933285011056,51.69102274946445
2019/04/05,388.0,389.0,386.0,387.0,11100,48.44826199324653,51.80620434191041
2019/04/08,388.0,388.0,378.0,379.0,19300,47.97302200698578,51.30060998854176
2019/04/09,380.0,380.0,375.0,377.0,20300,47.703417607550385,51.058098541437104
2019/04/10,369.0,374.0,365.0,373.0,23800,47.333999564451396,50.79875053763862
2019/04/11,370.0,370.0,365.0,367.0,10100,45.93930077499578,49.257934519093354
2019/04/12,367.0,369.0,364.0,364.0,27600,44.80492027442292,48.46799037180294
2019/04/15,370.0,374.0,369.0,373.0,21000,45.18910767698785,48.93136311041595
2019/04/16,373.0,374.0,369.0,372.0,5800,45.66016351674374,49.39785820090156
2019/04/17,368.0,374.0,368.0,371.0,10100,45.50005468485546,49.084057494703
2019/04/18,369.0,371.0,369.0,370.0,7000,45.71866070021394,49.320723180543965
2019/04/19,370.0,371.0,353.0,354.0,46600,43.953851587661916,47.68418703179075
2019/04/22,351.0,351.0,338.0,339.0,43400,41.40277645181349,45.04685217792677
2019/04/23,336.0,338.0,321.0,329.0,70300,39.91171603164198,43.485390887376184
2019/04/24,325.0,331.0,321.0,322.0,41000,39.10463701565641,42.85150548523672
2019/04/25,320.0,325.0,314.0,325.0,47400,39.703939626073755,43.40152260573425
2019/04/26,325.0,325.0,316.0,320.0,23800,39.976073821972975,43.503332365833785
2019/05/07,320.0,322.0,304.0,306.0,47000,38.642645779341294,41.87264667426156
2019/05/08,303.0,312.0,294.0,298.0,78500,37.88265711675879,41.17836455526295
2019/05/09,298.0,298.0,288.0,291.0,46700,37.81077270951735,41.23374755591646
2019/05/10,291.0,295.0,283.0,286.0,50300,38.213064138562274,41.51917918740006
2019/05/13,290.0,290.0,283.0,283.0,37500,40.126578407519055,43.57708682534569
2019/05/14,276.0,281.0,272.0,280.0,41600,39.903864662646306,43.3266402922445
2019/05/15,281.0,283.0,270.0,274.0,67200,38.451309678380824,41.81428370171971
2019/05/16,278.0,289.0,278.0,289.0,68900,41.50459499580002,45.0203572769184
2019/05/17,289.0,295.0,289.0,294.0,50800,41.90844533546472,45.35937066070814
2019/05/20,296.0,299.0,281.0,283.0,37500,41.01926479002898,44.309774369367
2019/05/21,283.0,289.0,283.0,288.0,27800,42.1208308536479,45.550774594374325
2019/05/22,294.0,295.0,287.0,288.0,26300,41.60305761224293,45.36183754423288
2019/05/23,288.0,292.0,287.0,289.0,27400,42.81697901851931,46.52195219082769
2019/05/24,285.0,287.0,273.0,276.0,55400,41.15422573187551,44.498761027939686
2019/05/27,280.0,281.0,278.0,280.0,16100,41.972349702785586,45.25960579799069
2019/05/28,280.0,285.0,280.0,283.0,15900,42.63892011881323,46.05650155864037
2019/05/29,282.0,283.0,272.0,274.0,32100,41.75046006736616,45.00256222486636
2019/05/30,272.0,277.0,270.0,272.0,35600,42.34296087152198,45.55892359237816
2019/05/31,274.0,275.0,267.0,271.0,41400,43.40101118811935,46.644434192395764
2019/06/03,265.0,267.0,263.0,263.0,39900,44.41854080446161,47.75739297855929
2019/06/04,265.0,265.0,258.0,265.0,48100,43.94452315347198,47.112104867142946
2019/06/05,265.0,268.0,256.0,263.0,48500,42.36894263375965,45.198759186200235
2019/06/06,265.0,271.0,264.0,267.0,37900,42.20687235974603,45.07077360716051
2019/06/07,270.0,270.0,264.0,266.0,27800,42.197161198434294,45.143263876289225
2019/06/10,267.0,270.0,262.0,263.0,29300,40.7140617222679,43.41641500504465
2019/06/11,262.0,272.0,262.0,267.0,57000,42.05540882470778,44.757462383036916
2019/06/12,267.0,274.0,266.0,267.0,29100,40.5885955299577,43.256810490149434
2019/06/13,265.0,267.0,260.0,260.0,31800,37.93485949563906,40.60501562046543
2019/06/14,263.0,263.0,260.0,262.0,30600,37.70274382965182,40.29903142387202
2019/06/17,262.0,263.0,258.0,258.0,56100,37.33266653940716,40.00298541669298
2019/06/18,258.0,261.0,247.0,251.0,53400,36.98021756085774,39.7146987354695
2019/06/19,251.0,255.0,251.0,254.0,18900,36.24073318241624,38.63044309397683
2019/06/20,253.0,259.0,253.0,255.0,31500,37.708497180906654,40.025037466540184
2019/06/21,255.0,259.0,254.0,254.0,42400,37.57443559142729,40.03984769950141
2019/06/24,253.0,255.0,250.0,250.0,23200,38.07800055539303,40.51672851598057
2019/06/25,250.0,255.0,250.0,255.0,32400,39.357951626229024,41.87263453560162
2019/06/26,254.0,254.0,246.0,246.0,22100,38.04195106416867,40.64459037151451
2019/06/27,248.0,250.0,247.0,249.0,31300,38.33013112100521,40.83335237205258
2019/06/28,249.0,252.0,249.0,250.0,30300,37.49446586000111,39.909961095022226
2019/07/01,254.0,258.0,252.0,254.0,61800,37.94018219230548,40.431539637970964
2019/07/02,257.0,263.0,256.0,259.0,42400,39.47827876845461,41.97460571738604
2019/07/03,257.0,258.0,255.0,255.0,22300,40.05157745919955,42.778916260222225
2019/07/04,257.0,260.0,254.0,258.0,29000,41.92338500673629,44.5212452478011
2019/07/05,258.0,258.0,253.0,257.0,28900,40.23336283441199,42.651485718142915
2019/07/08,259.0,260.0,257.0,259.0,18500,41.83408432946089,44.304100027021015
2019/07/09,260.0,260.0,256.0,257.0,23500,42.39241716083118,44.87954978866259
2019/07/10,256.0,259.0,256.0,257.0,34700,42.35579352181269,45.04109545479748
2019/07/11,258.0,260.0,258.0,260.0,23500,42.37522160055235,44.76691653920154
2019/07/12,260.0,260.0,257.0,259.0,23700,43.45985023372673,45.7751955838158
2019/07/16,259.0,259.0,257.0,259.0,12800,43.056223460493925,45.44304358228551
2019/07/17,259.0,259.0,250.0,252.0,65400,41.870523364977146,44.06109621407383
2019/07/18,252.0,253.0,248.0,248.0,38000,41.848575804837445,44.11925251345737
2019/07/19,249.0,251.0,249.0,250.0,18100,41.95788621551148,44.27558127780644
2019/07/22,250.0,250.0,248.0,249.0,20200,38.92319725337157,41.58005242220094
2019/07/23,250.0,253.0,250.0,252.0,10000,39.572947759348004,42.322566443430645
2019/07/24,252.0,254.0,251.0,252.0,27900,39.59296079315038,42.31384149304811
2019/07/25,254.0,254.0,250.0,250.0,8400,38.39364419657387,41.387023350064595
2019/07/26,250.0,251.0,249.0,249.0,10200,37.626016365204656,40.54191261515496
2019/07/29,248.0,249.0,244.0,245.0,26500,36.97803166546078,39.96715527680154
2019/07/30,246.0,250.0,246.0,249.0,23800,37.93037502319147,40.6282642869047
2019/07/31,248.0,248.0,246.0,247.0,28900,37.45496816197144,40.070555154429954
2019/08/01,245.0,247.0,243.0,245.0,20200,36.788788837990424,39.350229302039615
2019/08/02,245.0,245.0,236.0,237.0,42800,36.32166468423625,38.639886419962174
2019/08/05,235.0,235.0,222.0,227.0,67700,34.97556157386803,37.05270140105156
2019/08/06,220.0,231.0,219.0,225.0,87400,35.744093567366555,37.8127005629124
2019/08/07,224.0,225.0,215.0,215.0,100200,34.541108423401596,36.402732273066434
2019/08/08,213.0,216.0,211.0,215.0,34800,34.95305865099029,36.98458524182838
2019/08/09,217.0,220.0,216.0,219.0,28100,34.8715433940191,37.00178355816788
2019/08/13,216.0,216.0,210.0,212.0,41000,34.42766957209999,36.25540414289363
2019/08/14,214.0,215.0,212.0,213.0,60000,35.011397328545065,36.880834896035694
2019/08/15,211.0,211.0,208.0,210.0,27800,34.708847586069545,36.287503970049144
2019/08/16,208.0,210.0,204.0,207.0,54200,33.84867796595058,35.469144421117385
2019/08/19,208.0,208.0,205.0,206.0,14600,33.34148529951495,34.97306776135535
2019/08/20,207.0,207.0,202.0,205.0,32600,33.17664078155594,34.53400599750953
2019/08/21,205.0,206.0,201.0,202.0,46400,33.44820779231812,34.97620197109899
2019/08/22,202.0,203.0,200.0,200.0,31600,33.583513436566896,35.04212692103946
2019/08/23,200.0,205.0,200.0,203.0,43500,34.29310345402332,35.7531401556077
2019/08/26,199.0,202.0,198.0,198.0,44200,33.707767250589605,35.03990464143899
2019/08/27,202.0,203.0,197.0,197.0,40500,33.338783281348086,34.74881591551512
2019/08/28,196.0,198.0,190.0,192.0,50500,31.180222553297178,32.62162708182464
2019/08/29,192.0,193.0,185.0,186.0,46100,30.173453654204508,31.50594062903548
2019/08/30,183.0,191.0,179.0,190.0,108400,30.54280352865668,31.744783328000427
2019/09/02,193.0,196.0,191.0,192.0,38800,30.598317479895847,31.75651236110339
2019/09/03,193.0,195.0,190.0,190.0,35400,30.040944245241946,31.04731763613353
2019/09/04,190.0,191.0,189.0,189.0,31900,30.040786469715208,31.08343932499935
2019/09/05,189.0,189.0,186.0,186.0,70500,28.790581043160408,29.77444900223214
2019/09/06,189.0,228.0,185.0,226.0,333400,34.61521117790872,36.047205852871194
2019/09/09,250.0,265.0,221.0,230.0,3054400,34.88130278912698,36.161899423657154
2019/09/10,226.0,236.0,215.0,219.0,649800,33.77409658371005,34.761065868908304
2019/09/11,223.0,225.0,212.0,222.0,273400,34.068805544209205,34.764215770565784
2019/09/12,224.0,224.0,219.0,219.0,131900,33.23959479936385,33.9765550086866
2019/09/13,216.0,230.0,209.0,225.0,557300,34.39902125275921,35.16673062347956
2019/09/17,221.0,228.0,211.0,227.0,339900,35.122513288737515,35.963413481855845
2019/09/18,228.0,231.0,221.0,225.0,102200,34.79748491248211,35.878587852087655
2019/09/19,223.0,228.0,222.0,225.0,117900,34.37293595414309,35.41176439721402
2019/09/20,228.0,228.0,216.0,225.0,344700,33.64450913639176,34.7362078694328
2019/09/24,223.0,224.0,212.0,214.0,163500,31.71434757433682,32.87359278411439
2019/09/25,216.0,219.0,215.0,219.0,82200,31.91275412945836,32.87725444206588
2019/09/26,220.0,222.0,219.0,221.0,66500,32.67480101788271,33.572037197704596
2019/09/27,217.0,218.0,214.0,216.0,55600,32.664706719800925,33.56362440046408
2019/09/30,217.0,217.0,212.0,213.0,64100,33.67056718290002,34.592266028467044
2019/10/01,212.0,217.0,212.0,217.0,49200,34.23213340096032,35.12391062632391
2019/10/02,217.0,218.0,212.0,218.0,42700,35.54438988564303,36.25814758560526
2019/10/03,214.0,216.0,214.0,216.0,29300,35.790196204569206,36.576035138531346
2019/10/04,215.0,216.0,215.0,216.0,20300,34.92658092728851,35.83367967437562
2019/10/07,217.0,217.0,215.0,216.0,24400,34.87670415963491,35.569199697046336
2019/10/08,218.0,219.0,216.0,217.0,82200,34.693222344798265,35.424170853339895
2019/10/09,217.0,217.0,215.0,215.0,31500,34.33502460699195,34.95057629804159
2019/10/10,217.0,217.0,214.0,215.0,38700,34.354229244151355,35.27046817448105
2019/10/11,217.0,217.0,213.0,216.0,16900,33.51358830501243,34.35353229452535
2019/10/15,216.0,220.0,216.0,218.0,47800,35.41721320237892,36.337674854956276
2019/10/16,220.0,220.0,215.0,215.0,46200,34.63115613226181,35.792928878530795
2019/10/17,217.0,218.0,215.0,215.0,26800,34.771720814770326,36.1624407346505
2019/10/18,215.0,217.0,214.0,215.0,33100,35.30764121526814,36.78569201423198
2019/10/21,217.0,217.0,214.0,214.0,41200,35.35842055672775,36.6994685806692
2019/10/23,214.0,214.0,212.0,213.0,33000,34.661821812495496,35.801875908042064
2019/10/24,213.0,220.0,213.0,219.0,57600,34.93777165956454,36.3984596685383
2019/10/25,219.0,220.0,216.0,220.0,70400,34.58790363312998,36.04106898832442
2019/10/28,219.0,225.0,218.0,224.0,78100,36.093422991922075,37.630721205084726
2019/10/29,223.0,224.0,222.0,222.0,38600,35.024106462355775,36.34478672985789
2019/10/30,221.0,226.0,215.0,226.0,143300,35.965439299497845,37.03426163099711
2019/10/31,226.0,226.0,223.0,225.0,41400,35.12160879481044,36.350061392303765
2019/11/01,223.0,230.0,223.0,227.0,77700,36.34357850039514,37.16212279122655
2019/11/05,230.0,242.0,229.0,235.0,174900,36.337633073304936,37.36549381404359
2019/11/06,235.0,238.0,233.0,238.0,73000,36.97712487888605,38.048841226588905
2019/11/07,237.0,246.0,236.0,245.0,109700,38.39726117103849,39.44140084461158
2019/11/08,250.0,250.0,242.0,243.0,112000,37.46200891435929,38.69509067354446
2019/11/11,315.0,323.0,304.0,310.0,8356800,48.74632616638087,50.109382621511266
2019/11/12,339.0,390.0,336.0,390.0,7655700,61.71567864297628,63.780496050462276
2019/11/13,470.0,470.0,386.0,386.0,10970500,63.77633999125884,65.71256408562496
2019/11/14,402.0,435.0,360.0,382.0,6317400,63.03233778624915,65.0958086173275
2019/11/15,366.0,372.0,345.0,359.0,1771400,58.906019858450684,60.801608179707635
2019/11/18,353.0,353.0,335.0,349.0,1137000,56.07231183842322,57.93954710459332
2019/11/19,356.0,368.0,340.0,344.0,1302600,55.24308887748342,57.12185231903069
2019/11/20,340.0,341.0,320.0,320.0,792400,51.34970892829317,52.809414229357934
2019/11/21,320.0,377.0,320.0,334.0,2773000,54.959571743040435,56.40186052359362
2019/11/22,330.0,332.0,322.0,323.0,673100,53.57123771473732,54.78134733822303
2019/11/25,321.0,329.0,321.0,326.0,284100,53.65113803354436,54.912884857652735
2019/11/26,328.0,328.0,321.0,322.0,318800,53.05699126558478,54.45276016665181
2019/11/27,325.0,325.0,314.0,314.0,534100,52.03318854264178,53.14896703334415
2019/11/28,312.0,319.0,311.0,311.0,296700,52.255785711631,53.38389296988895
2019/11/29,312.0,314.0,307.0,310.0,367500,52.73978087920216,53.93243372056299
2019/12/02,310.0,310.0,301.0,303.0,677000,50.64553689108347,52.00418393230915
2019/12/03,301.0,301.0,292.0,294.0,783900,49.659907139894976,50.91217318107344
2019/12/04,290.0,296.0,287.0,289.0,700400,51.37171770889816,52.22286860179371
2019/12/05,287.0,295.0,285.0,290.0,389800,51.763190697299336,52.788714254493385
2019/12/06,289.0,292.0,286.0,292.0,452600,53.56689276180106,54.57821729662885
2019/12/09,291.0,298.0,288.0,288.0,566000,52.69108865330917,53.71328480470384
2019/12/10,288.0,289.0,286.0,287.0,339400,54.69760731317579,55.43024000466477
2019/12/11,285.0,293.0,285.0,291.0,562800,54.95768285689475,55.74977681833364
2019/12/12,288.0,289.0,280.0,281.0,615900,54.070923676066705,54.79774712412302
2019/12/13,280.0,284.0,278.0,280.0,345200,52.11992174408003,53.60096237339528
2019/12/16,278.0,278.0,264.0,271.0,749600,52.105275092725215,53.26327926842832
2019/12/17,271.0,280.0,271.0,274.0,388400,52.83642557428284,53.85417169826514
2019/12/18,272.0,274.0,268.0,270.0,328300,53.93187941850749,55.05553505593096
2019/12/19,270.0,270.0,265.0,268.0,244200,52.046985800912594,53.22752381106982
2019/12/20,269.0,274.0,268.0,273.0,451000,55.56647681682936,56.352293184926296
2019/12/23,275.0,279.0,274.0,275.0,272800,56.84863374715172,57.86391704974169
2019/12/24,276.0,277.0,269.0,272.0,294500,56.20612228377409,57.27241417153894
2019/12/25,272.0,272.0,269.0,271.0,151700,56.18039091469913,57.48818933064052
2019/12/26,271.0,277.0,269.0,276.0,238000,55.4108147908033,57.272810186700276
2019/12/27,277.0,283.0,277.0,283.0,351000,59.85243426256882,61.45100909866398
2019/12/30,278.0,280.0,275.0,278.0,215500,57.32711627807704,59.25003682641713
2020/01/06,273.0,274.0,269.0,269.0,278900,56.24691025785555,58.03620434483694
2020/01/07,271.0,272.0,269.0,272.0,166900,56.715313482046945,58.253251377952985
2020/01/08,268.0,270.0,258.0,263.0,486200,57.16490799173841,58.59138951654938
2020/01/09,266.0,270.0,265.0,268.0,152800,57.48223592129226,59.57301244713425
2020/01/10,270.0,270.0,265.0,268.0,136700,57.48100248198826,59.36452242076711
2020/01/14,267.0,269.0,261.0,264.0,199400,57.76759781746652,59.84567448757371
2020/01/15,263.0,273.0,257.0,262.0,385200,56.69495779375171,58.922811178692456
2020/01/16,262.0,263.0,256.0,257.0,166400,54.36345725888355,56.92796184661134
2020/01/17,260.0,261.0,257.0,260.0,247100,55.321335236189505,57.76110991682762
2020/01/20,261.0,262.0,257.0,257.0,192500,53.79565831306052,56.156409956808936
2020/01/21,258.0,259.0,252.0,253.0,206800,54.522111114554484,56.5996534511431
2020/01/22,253.0,253.0,248.0,252.0,302600,53.987993183903484,55.88051922735124
2020/01/23,250.0,251.0,243.0,245.0,218000,52.56532239732078,54.54425527125007
2020/01/24,245.0,246.0,240.0,245.0,201500,53.66872714733988,55.71164170172431
2020/01/27,238.0,239.0,235.0,237.0,243900,54.31176382954133,56.09560962106627
2020/01/28,235.0,240.0,234.0,238.0,246500,53.90515266849517,55.72189793362489
2020/01/29,239.0,241.0,237.0,238.0,110300,52.315890484785776,54.27819641754177
2020/01/30,238.0,240.0,233.0,235.0,216100,53.92294532113864,55.824037842729524
2020/01/31,235.0,239.0,235.0,236.0,152900,53.12082914289182,55.07887207403176
2020/02/03,230.0,233.0,230.0,232.0,158800,51.693870443509795,53.75794525240184
2020/02/04,232.0,237.0,232.0,235.0,172200,52.00869708014809,54.131705881421745
2020/02/05,238.0,241.0,237.0,238.0,200100,52.863813190453655,54.9032307930557
2020/02/06,239.0,243.0,239.0,241.0,253000,54.69472309174589,56.840082304850824
2020/02/07,242.0,242.0,235.0,235.0,210300,53.76218305202982,55.992198712429634
2020/02/10,238.0,238.0,235.0,237.0,194200,55.52276532541851,57.642291038648885
2020/02/12,237.0,237.0,232.0,234.0,152100,55.002072401190084,57.38956377581113
2020/02/13,234.0,234.0,229.0,232.0,123100,53.46180411504715,55.92356320915395
2020/02/14,232.0,232.0,225.0,227.0,165400,52.84758511777239,55.47747708187764
2020/02/17,225.0,226.0,221.0,222.0,142800,52.57773217318052,55.16047740680289
2020/02/18,222.0,222.0,215.0,215.0,129400,50.763386017905944,53.30593951159326
2020/02/19,215.0,218.0,212.0,215.0,103800,50.359941797705766,53.066774365858585
2020/02/20,216.0,217.0,210.0,212.0,213200,49.8217757463717,52.514019930094705
2020/02/21,213.0,216.0,212.0,215.0,86800,51.16102199282658,53.69312169312172
2020/02/25,206.0,206.0,200.0,203.0,282200,49.77229085177714,52.42042119377219
2020/02/26,200.0,202.0,197.0,201.0,265600,49.92384717023016,52.398780227005574
2020/02/27,199.0,199.0,187.0,189.0,375800,47.097520962118274,49.55832011360534
2020/02/28,179.0,185.0,177.0,177.0,605700,45.78447262907945,47.91981952220837
2020/03/02,175.0,188.0,175.0,183.0,332400,47.24695360848338,49.29278795941755
2020/03/03,186.0,193.0,178.0,178.0,385000,45.40431861049343,47.39975010709318
2020/03/04,176.0,183.0,175.0,182.0,278300,47.16069641748085,49.533562206449176
2020/03/05,184.0,185.0,180.0,181.0,187700,46.09539114196566,48.4212161422616
2020/03/06,177.0,177.0,171.0,171.0,224400,45.3594156089311,47.83638688304958
2020/03/09,161.0,164.0,150.0,151.0,409100,43.182259052515796,45.84643104842687
2020/03/10,141.0,156.0,137.0,154.0,427900,42.84983906079706,45.18358711935119
2020/03/11,154.0,157.0,148.0,149.0,325700,42.6586341679101,44.71592850651958
2020/03/12,144.0,148.0,137.0,138.0,352700,40.377420767327784,42.107939585148266
2020/03/13,128.0,135.0,124.0,127.0,620000,41.02038221067193,42.340492985654336
2020/03/16,132.0,137.0,127.0,131.0,340500,42.97355574361023,44.181435920368415
2020/03/17,128.0,140.0,123.0,139.0,391200,45.53519257666091,45.59476401851468
2020/03/18,139.0,147.0,139.0,141.0,370100,46.947673503945744,46.16416343829107
2020/03/19,141.0,143.0,137.0,140.0,217200,47.26589910999253,45.588522123387385
2020/03/23,143.0,146.0,135.0,144.0,334800,48.083120533920024,47.260495087549266
2020/03/24,146.0,152.0,146.0,151.0,373800,46.81749208254223,47.97481051330581
2020/03/25,160.0,162.0,154.0,157.0,497100,44.37094697163329,45.83296286417123
2020/03/26,153.0,158.0,151.0,157.0,334100,46.68299056215715,46.85793672720202
2020/03/27,159.0,161.0,155.0,160.0,323200,46.29328573766343,46.160648782112474
2020/03/30,155.0,161.0,155.0,161.0,268900,47.375787903340594,47.315354187911126
2020/03/31,162.0,164.0,156.0,159.0,277500,46.94935267391476,47.44034660173898
2020/04/01,157.0,159.0,149.0,151.0,170700,47.26307055283184,47.20129567642189
2020/04/02,150.0,150.0,139.0,142.0,144800,44.7362587333464,44.69887664992769
2020/04/03,142.0,145.0,137.0,141.0,143700,44.58632717751197,44.699578107796626
2020/04/06,139.0,150.0,137.0,149.0,199300,46.05530507089103,46.279269280931295
2020/04/07,151.0,153.0,146.0,152.0,223900,46.387074763702664,46.51168048432793
2020/04/08,150.0,156.0,150.0,154.0,146900,46.2667613932041,46.56375694044625
2020/04/09,154.0,154.0,149.0,151.0,199900,46.17557279442393,46.64802908345999
2020/04/10,152.0,158.0,151.0,156.0,208600,48.070862593826,48.112540308562885
2020/04/13,157.0,159.0,154.0,157.0,191000,48.999831793841416,48.738148531658965
2020/04/14,157.0,159.0,154.0,157.0,201400,47.75491127172473,47.88498686921045
2020/04/15,159.0,159.0,154.0,154.0,166300,47.301364061664266,47.20034850013247
2020/04/16,154.0,155.0,151.0,155.0,80100,47.97238592232952,47.568728659472896
2020/04/17,157.0,160.0,153.0,153.0,134300,48.22351061470578,48.445285892844936
2020/04/20,154.0,156.0,154.0,155.0,68200,51.64759198000633,51.666561330236625
2020/04/21,155.0,156.0,152.0,153.0,83700,53.689705404879554,53.306051006272085
2020/04/22,153.0,153.0,150.0,152.0,110600,54.75770971075835,54.0882580043609
2020/04/23,151.0,155.0,150.0,155.0,205300,54.75710927493373,54.19072659342511
2020/04/24,155.0,156.0,153.0,155.0,108300,55.9732755879452,55.13898245607868
2020/04/27,155.0,158.0,154.0,156.0,104100,56.49635616129515,56.35548149126649
2020/04/28,157.0,159.0,157.0,158.0,153900,57.255484970577264,57.00315194911427
2020/04/30,159.0,168.0,159.0,165.0,418600,58.54112708222333,58.92357557764617
2020/05/01,163.0,167.0,162.0,164.0,195900,59.889688403027506,59.907395458218325
2020/05/07,166.0,166.0,162.0,164.0,122400,61.3053240877912,61.25473329623614
2020/05/08,165.0,167.0,163.0,166.0,118600,61.39528348646801,61.66948091544192
2020/05/11,165.0,170.0,165.0,169.0,293700,62.06205842064351,62.15824590338504
2020/05/12,169.0,174.0,169.0,173.0,138400,63.91157694267401,64.2233028023497
2020/05/13,171.0,175.0,171.0,174.0,172200,66.39105792460921,66.4947620068908
2020/05/14,175.0,176.0,171.0,171.0,303600,62.581010279958726,62.89180593032536
2020/05/15,172.0,172.0,165.0,167.0,138100,60.24028659177765,60.72874612332119
2020/05/18,167.0,167.0,164.0,166.0,63700,62.06007383222188,62.50116258918402
2020/05/19,168.0,170.0,163.0,165.0,139300,59.644069630108376,59.76869609591434
2020/05/20,164.0,166.0,162.0,163.0,140900,58.488509262024316,58.5480540929708
2020/05/21,164.0,167.0,162.0,165.0,122800,58.756949367846524,58.983637193538975
2020/05/22,167.0,167.0,164.0,166.0,70800,62.29564937035349,62.72564878069837
2020/05/25,166.0,168.0,165.0,167.0,141600,60.91075651441161,61.42158168020258
2020/05/26,168.0,170.0,167.0,168.0,143800,59.333174878013914,59.99290076667525
2020/05/27,169.0,171.0,167.0,171.0,327900,61.19707660471884,61.882735132554764
2020/05/28,173.0,181.0,172.0,181.0,583000,63.587446068569896,64.630490162515
2020/05/29,181.0,182.0,177.0,182.0,441500,63.239579022727355,64.9515024699321
2020/06/01,179.0,186.0,175.0,180.0,410100,63.31781631158051,65.39628255040675
2020/06/02,180.0,181.0,178.0,180.0,170800,62.09194072771975,64.13444846069451
2020/06/03,183.0,183.0,179.0,181.0,223600,63.22867408323531,65.85166698988812
2020/06/04,183.0,186.0,182.0,182.0,295500,62.39312563958572,64.81099875918896
2020/06/05,182.0,186.0,181.0,184.0,191100,63.18551835500801,65.73719349972484
2020/06/08,187.0,193.0,187.0,190.0,314700,65.87344159918376,68.7975751502707
2020/06/09,192.0,194.0,188.0,192.0,200400,66.03439332517304,68.94659066046019
2020/06/10,192.0,196.0,190.0,193.0,156800,66.04789597965951,69.14848785344724
2020/06/11,191.0,192.0,188.0,191.0,299100,68.75135783141039,71.26913975433733
2020/06/12,181.0,186.0,178.0,184.0,385200,66.48672115586116,69.15724934228908
2020/06/15,183.0,184.0,177.0,179.0,218500,68.06851741150489,69.78594081489187
2020/06/16,182.0,184.0,180.0,181.0,228000,66.9719529301732,69.17993594044559
2020/06/17,181.0,183.0,176.0,182.0,156900,68.07373154828707,70.2169418868576
2020/06/18,181.0,181.0,176.0,179.0,126100,67.3933170653421,69.16780647031955
2020/06/19,179.0,179.0,177.0,178.0,99000,66.2748621550103,68.44498635926783
2020/06/22,178.0,180.0,178.0,178.0,59700,67.54665286819652,69.7864516905306
2020/06/23,178.0,180.0,177.0,179.0,157700,65.97716307425867,68.26552484219374
2020/06/24,181.0,181.0,177.0,177.0,78400,67.32867314627923,69.84981597364232
2020/06/25,175.0,176.0,173.0,173.0,177900,66.601324179601,69.09623576098423
2020/06/26,175.0,176.0,173.0,175.0,110400,66.15623256491622,68.83597380449721
2020/06/29,174.0,174.0,171.0,172.0,87500,66.90045953381184,69.27392570525993
2020/06/30,173.0,175.0,171.0,171.0,49400,64.44170666205365,67.33916502772733
2020/07/01,173.0,173.0,170.0,170.0,57600,65.20936653688493,68.44012886089837
2020/07/02,170.0,170.0,166.0,166.0,108800,63.05254710324183,66.30206288900128
2020/07/03,166.0,167.0,160.0,163.0,156500,61.83158942336343,65.06863374276026
2020/07/06,163.0,167.0,163.0,167.0,101600,61.12888021246784,64.52986834053965
2020/07/07,167.0,167.0,157.0,163.0,138900,60.48063266641572,63.552448896586
2020/07/08,162.0,164.0,161.0,163.0,91600,60.86560986206923,63.997993443960986
2020/07/09,163.0,163.0,160.0,163.0,74500,60.22750127978712,63.55343922087017
2020/07/10,160.0,160.0,154.0,154.0,109800,57.84589666736637,61.051680914891115
2020/07/13,155.0,160.0,155.0,160.0,123800,58.388330714458,61.60797647237766
2020/07/14,159.0,161.0,158.0,160.0,60200,58.89947072954498,61.917758138567855
2020/07/15,161.0,163.0,160.0,161.0,98600,59.77825959580561,63.0005997655463
2020/07/16,162.0,165.0,162.0,165.0,79200,61.494586425851274,64.64507211926434
2020/07/17,165.0,166.0,163.0,164.0,94900,62.04654936769759,65.18777265940197
2020/07/20,163.0,164.0,162.0,163.0,45200,61.7138273503143,64.60425953956924
2020/07/21,164.0,165.0,163.0,164.0,63100,61.48661142294326,64.5070002172244
2020/07/22,162.0,168.0,162.0,166.0,91800,62.855984662463484,65.96221682142513
2020/07/27,163.0,165.0,162.0,164.0,69900,63.70010906257004,66.59403884215736
2020/07/28,164.0,166.0,160.0,161.0,126600,61.95307406970545,64.92483137403299
2020/07/29,162.0,162.0,158.0,161.0,82000,62.63399056923953,65.859659507542
2020/07/30,161.0,161.0,157.0,158.0,64200,62.185404285626376,65.65771442941613
2020/07/31,156.0,157.0,151.0,152.0,119900,62.29504612974635,65.7383323205466
2020/08/03,152.0,152.0,147.0,148.0,74300,60.865206924854256,64.4805879702099
2020/08/04,150.0,160.0,150.0,159.0,94900,64.44215249100068,68.12082009867602
2020/08/05,161.0,161.0,155.0,155.0,77600,65.69445664569405,69.55283517317908
2020/08/06,155.0,156.0,153.0,155.0,46400,66.22477146709774,69.71051322202915
2020/08/07,154.0,154.0,150.0,153.0,69800,64.71597608474103,67.92531034339855
2020/08/11,154.0,160.0,153.0,158.0,125100,67.01068681241043,69.85771251220031
2020/08/12,158.0,158.0,155.0,155.0,223200,65.79738540846634,67.96418914684827
2020/08/13,156.0,157.0,155.0,157.0,70700,65.61681085853753,68.30369878456577
2020/08/14,156.0,158.0,156.0,157.0,48900,66.49701962550742,69.3937525112364
2020/08/17,156.0,157.0,156.0,156.0,10400,67.42118154100835,70.29534629271119
2020/08/18,158.0,158.0,155.0,155.0,63700,67.82326732524488,70.72446981104507
2020/08/19,156.0,156.0,152.0,154.0,54100,68.01684517103682,70.74702952810945
2020/08/20,154.0,155.0,152.0,154.0,226900,69.41930638243198,72.13020260130072
2020/08/21,154.0,155.0,152.0,152.0,64300,67.65913383857108,70.12439923841067
2020/08/24,154.0,154.0,151.0,151.0,26100,67.22322546735411,70.1364852220727
2020/08/25,152.0,155.0,151.0,154.0,66500,68.64061974962499,71.65319607555138
2020/08/26,153.0,154.0,152.0,153.0,47700,70.06842088484508,73.10786567086102
2020/08/27,153.0,154.0,151.0,154.0,49800,72.99268469024355,76.35400099429226
2020/08/28,152.0,156.0,152.0,154.0,226000,73.33694627520025,76.35523847971962
2020/08/31,154.0,155.0,153.0,154.0,99100,71.47485855154378,74.60874897518627
2020/09/01,154.0,155.0,153.0,153.0,36800,71.78075558455919,75.29248651238642
2020/09/02,155.0,155.0,153.0,153.0,66400,71.90546142727389,75.13851000545597
2020/09/03,158.0,198.0,156.0,186.0,16567600,89.85921051005482,94.06709006645289
2020/09/04,236.0,236.0,236.0,236.0,380500,95.39837904661297,99.28945158581513
2020/09/07,284.0,310.0,254.0,258.0,15305800,103.5675950491167,108.08831131789596
2020/09/08,245.0,260.0,227.0,255.0,6042900,107.02273120001134,111.91986780136122
2020/09/09,241.0,244.0,225.0,225.0,2394300,95.0378100792255,99.97887198273416
2020/09/10,228.0,236.0,210.0,215.0,2569600,91.93777531039083,96.37542640133071
2020/09/11,215.0,226.0,213.0,222.0,2195400,92.68845008371623,97.0528073777171
2020/09/14,230.0,272.0,227.0,261.0,12727400,107.37446313885883,112.43482318689155
2020/09/15,248.0,263.0,247.0,257.0,4575500,106.19953210662419,111.4039526547432
2020/09/16,249.0,257.0,248.0,252.0,2242600,104.77290693756464,109.43013348739632
2020/09/17,236.0,247.0,235.0,241.0,2086200,101.25511681204664,105.62447374131945
2020/09/18,243.0,253.0,243.0,245.0,1251900,102.91681090473077,106.89222002216256
2020/09/23,243.0,251.0,239.0,251.0,984100,108.1006445267942,112.92711073528001
2020/09/24,249.0,249.0,242.0,243.0,595500,105.00379603104363,109.7404446944115
2020/09/25,244.0,247.0,238.0,245.0,608700,106.9457069644212,111.34512379938374
2020/09/28,252.0,253.0,246.0,248.0,680100,107.73712439374674,111.23850603132448
2020/09/29,251.0,256.0,249.0,252.0,734600,107.9697924702085,112.26997087610975
2020/09/30,252.0,252.0,242.0,244.0,611500,105.13665186586306,109.91597678295008
2020/10/01,,,,,0,-1.0,-1.0
2020/10/02,247.0,248.0,241.0,242.0,558800,-1.0,-1.0
2020/10/05,245.0,265.0,240.0,249.0,3278500,-1.0,-1.0
2020/10/06,252.0,254.0,248.0,250.0,649300,-1.0,-1.0
2020/10/07,252.0,257.0,251.0,255.0,1144000,-1.0,-1.0
2020/10/08,253.0,254.0,247.0,248.0,1086600,-1.0,-1.0
2020/10/09,248.0,251.0,247.0,247.0,371700,-1.0,-1.0
2020/10/12,243.0,245.0,241.0,242.0,320800,-1.0,-1.0
2020/10/13,242.0,245.0,239.0,242.0,351700,-1.0,-1.0
2020/10/14,242.0,245.0,238.0,243.0,401700,-1.0,-1.0
2020/10/15,243.0,243.0,236.0,236.0,273200,-1.0,-1.0
2020/10/16,236.0,236.0,228.0,232.0,396200,-1.0,-1.0
2020/10/19,230.0,241.0,230.0,238.0,568500,-1.0,-1.0
2020/10/20,235.0,239.0,226.0,229.0,384100,-1.0,-1.0
2020/10/21,232.0,238.0,232.0,236.0,379700,-1.0,-1.0
2020/10/22,236.0,241.0,231.0,234.0,332700,-1.0,-1.0
2020/10/23,244.0,253.0,236.0,240.0,824400,-1.0,-1.0
2020/10/26,239.0,244.0,235.0,237.0,465400,-1.0,-1.0
2020/10/27,236.0,237.0,229.0,235.0,166500,-1.0,-1.0
2020/10/28,232.0,234.0,226.0,228.0,327300,-1.0,-1.0
2020/10/29,224.0,232.0,221.0,230.0,233200,-1.0,-1.0
2020/10/30,231.0,231.0,220.0,221.0,334300,-1.0,-1.0
2020/11/02,213.0,231.0,213.0,231.0,762800,-1.0,-1.0
2020/11/04,232.0,237.0,227.0,227.0,490500,-1.0,-1.0
2020/11/05,230.0,231.0,223.0,230.0,321500,-1.0,-1.0
2020/11/06,230.0,234.0,229.0,233.0,376000,-1.0,-1.0
2020/11/09,233.0,234.0,226.0,230.0,239300,-1.0,-1.0
2020/11/10,234.0,241.0,232.0,233.0,686900,-1.0,-1.0
2020/11/11,244.0,254.0,238.0,238.0,1479000,-1.0,-1.0
2020/11/12,238.0,238.0,226.0,227.0,530700,-1.0,-1.0
2020/11/13,227.0,231.0,225.0,227.0,291100,-1.0,-1.0
2020/11/16,230.0,234.0,227.0,231.0,570300,-1.0,-1.0
2020/11/17,227.0,231.0,224.0,229.0,677500,-1.0,-1.0
2020/11/18,229.0,229.0,224.0,228.0,355400,-1.0,-1.0
2020/11/19,225.0,227.0,224.0,225.0,237000,-1.0,-1.0
2020/11/20,225.0,232.0,225.0,230.0,262800,-1.0,-1.0
2020/11/24,232.0,235.0,230.0,231.0,723700,-1.0,-1.0
2020/11/25,233.0,238.0,230.0,231.0,883800,-1.0,-1.0
2020/11/26,232.0,235.0,230.0,235.0,378000,-1.0,-1.0
2020/11/27,236.0,236.0,231.0,233.0,480800,-1.0,-1.0
2020/11/30,233.0,233.0,225.0,225.0,704600,-1.0,-1.0
2020/12/01,225.0,226.0,219.0,224.0,268800,-1.0,-1.0
2020/12/02,227.0,229.0,225.0,228.0,275500,-1.0,-1.0
2020/12/03,227.0,231.0,225.0,230.0,290800,-1.0,-1.0
2020/12/04,229.0,231.0,227.0,228.0,226200,-1.0,-1.0
2020/12/07,226.0,227.0,212.0,213.0,538400,-1.0,-1.0
2020/12/08,214.0,214.0,211.0,211.0,154000,-1.0,-1.0
2020/12/09,211.0,213.0,207.0,209.0,314100,-1.0,-1.0
2020/12/10,209.0,210.0,204.0,205.0,192100,-1.0,-1.0
2020/12/11,202.0,206.0,201.0,205.0,212400,-1.0,-1.0
2020/12/14,207.0,212.0,207.0,208.0,149900,-1.0,-1.0
2020/12/15,210.0,210.0,205.0,206.0,184900,-1.0,-1.0
2020/12/16,208.0,210.0,206.0,208.0,126900,-1.0,-1.0
2020/12/17,208.0,211.0,204.0,205.0,157600,-1.0,-1.0
2020/12/18,205.0,208.0,205.0,207.0,99800,-1.0,-1.0
2020/12/21,207.0,210.0,202.0,205.0,203900,-1.0,-1.0
2020/12/22,205.0,205.0,197.0,197.0,207700,-1.0,-1.0
2020/12/23,196.0,199.0,194.0,195.0,179400,-1.0,-1.0
2020/12/24,199.0,204.0,198.0,201.0,170300,-1.0,-1.0
2020/12/25,200.0,203.0,198.0,201.0,146200,-1.0,-1.0
2020/12/28,200.0,205.0,196.0,198.0,225800,-1.0,-1.0
2020/12/29,198.0,200.0,198.0,200.0,93300,-1.0,-1.0
2020/12/30,199.0,199.0,194.0,195.0,212600,-1.0,-1.0
2021/01/04,198.0,198.0,189.0,191.0,159000,-1.0,-1.0
2021/01/05,190.0,194.0,189.0,194.0,245900,-1.0,-1.0
2021/01/06,193.0,201.0,193.0,199.0,262000,-1.0,-1.0
2021/01/07,202.0,206.0,201.0,201.0,298700,-1.0,-1.0
2021/01/08,202.0,206.0,202.0,206.0,210200,-1.0,-1.0
2021/01/12,206.0,208.0,204.0,205.0,147600,-1.0,-1.0
2021/01/13,207.0,208.0,205.0,206.0,110600,-1.0,-1.0
2021/01/14,205.0,207.0,204.0,206.0,289800,-1.0,-1.0
2021/01/15,207.0,211.0,207.0,207.0,236200,-1.0,-1.0
2021/01/18,208.0,211.0,206.0,208.0,302100,-1.0,-1.0
2021/01/19,208.0,212.0,208.0,210.0,180700,-1.0,-1.0
2021/01/20,210.0,213.0,209.0,211.0,304300,-1.0,-1.0
2021/01/21,212.0,215.0,211.0,211.0,147900,-1.0,-1.0
2021/01/22,211.0,211.0,208.0,209.0,129400,-1.0,-1.0
2021/01/25,210.0,212.0,208.0,210.0,77700,-1.0,-1.0
2021/01/26,208.0,212.0,208.0,211.0,177500,-1.0,-1.0
2021/01/27,210.0,213.0,210.0,212.0,138800,-1.0,-1.0
2021/01/28,210.0,212.0,208.0,211.0,507700,-1.0,-1.0
2021/01/29,211.0,212.0,209.0,210.0,176700,-1.0,-1.0
2021/02/01,210.0,212.0,208.0,208.0,146300,-1.0,-1.0
2021/02/02,208.0,212.0,208.0,211.0,239900,-1.0,-1.0
2021/02/03,211.0,220.0,211.0,215.0,426500,-1.0,-1.0
2021/02/04,217.0,217.0,215.0,216.0,203000,-1.0,-1.0
2021/02/05,217.0,225.0,217.0,224.0,301900,-1.0,-1.0
2021/02/08,229.0,230.0,224.0,228.0,402000,-1.0,-1.0
2021/02/09,226.0,226.0,218.0,220.0,406100,-1.0,-1.0
2021/02/10,220.0,231.0,219.0,230.0,445800,-1.0,-1.0
2021/02/12,230.0,234.0,230.0,231.0,366200,-1.0,-1.0
2021/02/15,233.0,233.0,226.0,232.0,258200,-1.0,-1.0
2021/02/16,233.0,246.0,232.0,244.0,556600,-1.0,-1.0
2021/02/17,242.0,249.0,242.0,248.0,302400,-1.0,-1.0
2021/02/18,249.0,251.0,240.0,249.0,408700,-1.0,-1.0
2021/02/19,249.0,255.0,248.0,255.0,368900,-1.0,-1.0
2021/02/22,258.0,275.0,258.0,275.0,594300,-1.0,-1.0
2021/02/24,274.0,278.0,265.0,268.0,517000,-1.0,-1.0
2021/02/25,266.0,273.0,266.0,269.0,334400,-1.0,-1.0
2021/02/26,265.0,270.0,258.0,263.0,435700,-1.0,-1.0
2021/03/01,260.0,269.0,260.0,267.0,224000,-1.0,-1.0
2021/03/02,270.0,276.0,264.0,266.0,361200,-1.0,-1.0
2021/03/03,270.0,272.0,266.0,272.0,361400,-1.0,-1.0
2021/03/04,270.0,277.0,268.0,270.0,439500,-1.0,-1.0
2021/03/05,270.0,274.0,260.0,272.0,480700,-1.0,-1.0
2021/03/08,275.0,284.0,272.0,275.0,539200,-1.0,-1.0
2021/03/09,278.0,283.0,277.0,282.0,452300,-1.0,-1.0
2021/03/10,280.0,281.0,275.0,278.0,205000,-1.0,-1.0
2021/03/11,283.0,286.0,282.0,284.0,254700,-1.0,-1.0
2021/03/12,287.0,287.0,274.0,280.0,416400,-1.0,-1.0
2021/03/15,280.0,287.0,278.0,286.0,237300,-1.0,-1.0
2021/03/16,285.0,287.0,282.0,284.0,134000,-1.0,-1.0
2021/03/17,283.0,288.0,282.0,285.0,237400,-1.0,-1.0
2021/03/18,286.0,294.0,278.0,291.0,648300,-1.0,-1.0
2021/03/19,293.0,315.0,292.0,310.0,1486400,-1.0,-1.0
2021/03/22,310.0,311.0,300.0,304.0,496000,-1.0,-1.0
2021/03/23,302.0,305.0,279.0,280.0,714000,-1.0,-1.0
2021/03/24,278.0,278.0,259.0,259.0,611900,-1.0,-1.0
2021/03/25,262.0,275.0,262.0,271.0,401200,-1.0,-1.0
2021/03/26,273.0,275.0,267.0,269.0,186800,-1.0,-1.0
2021/03/29,270.0,274.0,262.0,268.0,272800,-1.0,-1.0
2021/03/30,266.0,271.0,262.0,270.0,203100,-1.0,-1.0
2021/03/31,269.0,269.0,263.0,263.0,145300,-1.0,-1.0
2021/04/01,265.0,266.0,260.0,261.0,182600,-1.0,-1.0
2021/04/02,262.0,264.0,255.0,258.0,175700,-1.0,-1.0
2021/04/05,258.0,265.0,258.0,263.0,116400,-1.0,-1.0
2021/04/06,262.0,263.0,244.0,250.0,496400,-1.0,-1.0
2021/04/07,253.0,253.0,249.0,251.0,73900,-1.0,-1.0
2021/04/08,251.0,251.0,239.0,240.0,225300,-1.0,-1.0
2021/04/09,244.0,245.0,238.0,241.0,96100,-1.0,-1.0
2021/04/12,242.0,244.0,239.0,242.0,90900,-1.0,-1.0
2021/04/13,244.0,247.0,243.0,243.0,70300,-1.0,-1.0
2021/04/14,240.0,242.0,235.0,241.0,180400,-1.0,-1.0
2021/04/15,241.0,247.0,241.0,245.0,61100,-1.0,-1.0
2021/04/16,244.0,245.0,236.0,240.0,106800,-1.0,-1.0
2021/04/19,238.0,239.0,236.0,236.0,100700,-1.0,-1.0
2021/04/20,236.0,237.0,229.0,229.0,136400,-1.0,-1.0
2021/04/21,229.0,229.0,223.0,227.0,207000,-1.0,-1.0
2021/04/22,232.0,232.0,228.0,229.0,67600,-1.0,-1.0
2021/04/23,227.0,232.0,227.0,229.0,74400,-1.0,-1.0
2021/04/26,231.0,232.0,225.0,226.0,72300,-1.0,-1.0
2021/04/27,225.0,231.0,225.0,228.0,99500,-1.0,-1.0
2021/04/28,228.0,230.0,223.0,223.0,104700,-1.0,-1.0
2021/04/30,225.0,228.0,224.0,226.0,82000,-1.0,-1.0
2021/05/06,231.0,235.0,229.0,231.0,135700,-1.0,-1.0
2021/05/07,234.0,239.0,234.0,238.0,86700,-1.0,-1.0
2021/05/10,238.0,241.0,234.0,236.0,106900,-1.0,-1.0
2021/05/11,235.0,236.0,228.0,230.0,109100,-1.0,-1.0
2021/05/12,230.0,230.0,222.0,227.0,144400,-1.0,-1.0
2021/05/13,228.0,228.0,221.0,222.0,138100,-1.0,-1.0
2021/05/14,226.0,232.0,225.0,229.0,103100,-1.0,-1.0
2021/05/17,230.0,232.0,224.0,229.0,151900,-1.0,-1.0
2021/05/18,230.0,240.0,229.0,238.0,138200,-1.0,-1.0
2021/05/19,235.0,242.0,233.0,234.0,105800,-1.0,-1.0
2021/05/20,235.0,238.0,232.0,234.0,106500,-1.0,-1.0
2021/05/21,236.0,236.0,232.0,235.0,87900,-1.0,-1.0
2021/05/24,233.0,237.0,233.0,234.0,49800,-1.0,-1.0
2021/05/25,233.0,234.0,230.0,230.0,66200,-1.0,-1.0
2021/05/26,228.0,228.0,224.0,224.0,78800,-1.0,-1.0
2021/05/27,224.0,224.0,219.0,219.0,77600,-1.0,-1.0
2021/05/28,222.0,225.0,221.0,225.0,53000,-1.0,-1.0
2021/05/31,226.0,227.0,221.0,221.0,119700,-1.0,-1.0
2021/06/01,223.0,225.0,220.0,225.0,74300,-1.0,-1.0
2021/06/02,226.0,236.0,224.0,233.0,169700,-1.0,-1.0
2021/06/03,233.0,235.0,230.0,235.0,69900,-1.0,-1.0
2021/06/04,237.0,237.0,231.0,232.0,75900,-1.0,-1.0
2021/06/07,232.0,232.0,225.0,228.0,80500,-1.0,-1.0
2021/06/08,228.0,234.0,228.0,234.0,43400,-1.0,-1.0
2021/06/09,234.0,235.0,231.0,232.0,41400,-1.0,-1.0
2021/06/10,231.0,233.0,229.0,232.0,41900,-1.0,-1.0
2021/06/11,231.0,231.0,227.0,229.0,74600,-1.0,-1.0
2021/06/14,230.0,230.0,227.0,228.0,25900,-1.0,-1.0
2021/06/15,228.0,231.0,228.0,230.0,55200,-1.0,-1.0
2021/06/16,231.0,236.0,231.0,235.0,78300,-1.0,-1.0
2021/06/17,235.0,241.0,235.0,238.0,91400,-1.0,-1.0
2021/06/18,239.0,239.0,229.0,229.0,95200,-1.0,-1.0
2021/06/21,229.0,229.0,221.0,224.0,116800,-1.0,-1.0
2021/06/22,225.0,231.0,225.0,231.0,74200,-1.0,-1.0
2021/06/23,233.0,233.0,230.0,233.0,40300,-1.0,-1.0
2021/06/24,235.0,236.0,232.0,234.0,51100,-1.0,-1.0
2021/06/25,236.0,240.0,235.0,239.0,67800,-1.0,-1.0
2021/06/28,236.0,241.0,236.0,238.0,62900,-1.0,-1.0
2021/06/29,236.0,239.0,234.0,236.0,112700,-1.0,-1.0
2021/06/30,238.0,238.0,235.0,235.0,27500,-1.0,-1.0
2021/07/01,235.0,236.0,234.0,235.0,24300,-1.0,-1.0
2021/07/02,236.0,239.0,236.0,238.0,47500,-1.0,-1.0
2021/07/05,238.0,239.0,237.0,237.0,53100,-1.0,-1.0
2021/07/06,237.0,239.0,237.0,239.0,36900,-1.0,-1.0
2021/07/07,237.0,240.0,234.0,234.0,67600,-1.0,-1.0
2021/07/08,234.0,236.0,232.0,233.0,56600,-1.0,-1.0
2021/07/09,231.0,235.0,229.0,233.0,109500,-1.0,-1.0
2021/07/12,237.0,238.0,235.0,237.0,50000,-1.0,-1.0
2021/07/13,238.0,243.0,238.0,243.0,63100,-1.0,-1.0
2021/07/14,245.0,246.0,242.0,242.0,61400,-1.0,-1.0
2021/07/15,241.0,241.0,238.0,238.0,52200,-1.0,-1.0
2021/07/16,238.0,241.0,238.0,239.0,28300,-1.0,-1.0
2021/07/19,239.0,239.0,234.0,237.0,47500,-1.0,-1.0
2021/07/20,234.0,236.0,233.0,235.0,54400,-1.0,-1.0
2021/07/21,236.0,239.0,236.0,238.0,69300,-1.0,-1.0
2021/07/26,240.0,241.0,233.0,235.0,34800,-1.0,-1.0
2021/07/27,235.0,239.0,235.0,239.0,31600,-1.0,-1.0
2021/07/28,236.0,239.0,236.0,239.0,42900,-1.0,-1.0
2021/07/29,239.0,239.0,235.0,237.0,42700,-1.0,-1.0
2021/07/30,238.0,238.0,234.0,235.0,38600,-1.0,-1.0
2021/08/02,237.0,242.0,234.0,239.0,100400,-1.0,-1.0
2021/08/03,239.0,240.0,237.0,238.0,74400,-1.0,-1.0
2021/08/04,239.0,239.0,235.0,235.0,25500,-1.0,-1.0
2021/08/05,235.0,237.0,233.0,235.0,38300,-1.0,-1.0
2021/08/06,232.0,237.0,232.0,235.0,27300,-1.0,-1.0
2021/08/10,237.0,237.0,235.0,236.0,19900,-1.0,-1.0
2021/08/11,239.0,240.0,238.0,240.0,45300,-1.0,-1.0
2021/08/12,240.0,245.0,240.0,244.0,113400,-1.0,-1.0
2021/08/13,244.0,250.0,244.0,250.0,184800,-1.0,-1.0
2021/08/16,249.0,249.0,242.0,243.0,99000,-1.0,-1.0
2021/08/17,243.0,244.0,238.0,238.0,62300,-1.0,-1.0
2021/08/18,238.0,242.0,237.0,241.0,37400,-1.0,-1.0
2021/08/19,241.0,241.0,235.0,235.0,72000,-1.0,-1.0
2021/08/20,237.0,238.0,235.0,236.0,51100,-1.0,-1.0
2021/08/23,235.0,239.0,235.0,237.0,54600,-1.0,-1.0
2021/08/24,238.0,242.0,238.0,242.0,45700,-1.0,-1.0
2021/08/25,243.0,244.0,238.0,238.0,59200,-1.0,-1.0
2021/08/26,238.0,241.0,238.0,241.0,31900,-1.0,-1.0
2021/08/27,241.0,242.0,239.0,239.0,28900,-1.0,-1.0
2021/08/30,241.0,243.0,240.0,243.0,54700,-1.0,-1.0
2021/08/31,243.0,245.0,241.0,243.0,92400,-1.0,-1.0
2021/09/01,243.0,247.0,243.0,245.0,137100,-1.0,-1.0
2021/09/02,244.0,244.0,240.0,243.0,84600,-1.0,-1.0
2021/09/03,241.0,245.0,241.0,244.0,123800,-1.0,-1.0
2021/09/06,246.0,246.0,243.0,245.0,85800,-1.0,-1.0
2021/09/07,245.0,247.0,245.0,247.0,143200,-1.0,-1.0
2021/09/08,247.0,250.0,247.0,250.0,130600,-1.0,-1.0
2021/09/09,250.0,251.0,249.0,250.0,80200,-1.0,-1.0
2021/09/10,270.0,277.0,254.0,259.0,2005400,-1.0,-1.0
2021/09/13,259.0,266.0,257.0,264.0,290600,-1.0,-1.0
2021/09/14,267.0,267.0,262.0,264.0,275400,-1.0,-1.0
2021/09/15,260.0,260.0,254.0,257.0,205800,-1.0,-1.0
2021/09/16,257.0,258.0,253.0,257.0,106200,-1.0,-1.0
2021/09/17,257.0,258.0,255.0,257.0,88100,-1.0,-1.0
2021/09/21,255.0,255.0,250.0,252.0,85800,-1.0,-1.0
2021/09/22,249.0,249.0,245.0,247.0,138100,-1.0,-1.0
2021/09/24,249.0,256.0,249.0,254.0,91000,-1.0,-1.0
2021/09/27,255.0,260.0,255.0,256.0,113000,-1.0,-1.0
2021/09/28,257.0,260.0,252.0,259.0,196900,-1.0,-1.0
2021/09/29,255.0,260.0,254.0,260.0,209200,-1.0,-1.0
2021/09/30,260.0,263.0,256.0,257.0,143300,-1.0,-1.0
2021/10/01,254.0,254.0,248.0,252.0,157100,83.352995770858,84.36330150957673
2021/10/04,254.0,258.0,254.0,258.0,110800,84.91770391757363,85.94207013675177
2021/10/05,257.0,259.0,252.0,253.0,92400,85.23769849314124,85.50886920806035
2021/10/06,254.0,261.0,253.0,259.0,256400,86.41922746670564,86.11609087919382
2021/10/07,259.0,259.0,252.0,253.0,111300,87.15818488098905,87.0709938694343
2021/10/08,258.0,260.0,255.0,259.0,122100,88.29996892447184,88.05029211562753
2021/10/11,259.0,261.0,258.0,259.0,98100,88.47449767887332,88.09023140313722
2021/10/12,258.0,259.0,253.0,253.0,72800,87.40366638134363,86.95599344872029
2021/10/13,254.0,254.0,243.0,245.0,191900,84.65156950509233,83.97025281570662
2021/10/14,245.0,245.0,240.0,240.0,86000,83.72987369279629,83.51648276658015
2021/10/15,247.0,248.0,242.0,248.0,81400,86.08990587756136,85.44044643768332
2021/10/18,248.0,249.0,245.0,249.0,49500,85.3222440696184,84.86823977373513
2021/10/19,247.0,248.0,245.0,245.0,32800,86.30223050915117,85.82623945685059
2021/10/20,250.0,250.0,245.0,245.0,69200,83.88481785681188,83.84258027477975
2021/10/21,246.0,249.0,244.0,247.0,125600,86.31007214954948,85.45430767205954
2021/10/22,245.0,246.0,242.0,244.0,77900,83.00176243468262,82.52841415155429
2021/10/25,244.0,245.0,243.0,243.0,27900,84.22653177951481,83.18884422542806
2021/10/26,243.0,243.0,239.0,240.0,73300,82.40737178452288,81.84430895337347
2021/10/27,242.0,242.0,235.0,235.0,80800,82.95175014744957,82.53301523158021
2021/10/28,235.0,235.0,229.0,229.0,102400,80.60521942370306,80.20993351478431
2021/10/29,230.0,232.0,229.0,231.0,52500,83.12420595061059,82.49097512105865
2021/11/01,236.0,237.0,233.0,237.0,45600,80.61690190938673,80.68170385504783
2021/11/02,237.0,239.0,234.0,234.0,57700,82.74110854308049,82.56407366444816
2021/11/04,234.0,238.0,234.0,238.0,27400,83.71959038482485,83.05907963724249
2021/11/05,237.0,237.0,228.0,229.0,103400,80.73746000289258,79.84726654336332
2021/11/08,230.0,233.0,228.0,231.0,30400,84.54874107831134,82.99901773251307
2021/11/09,232.0,232.0,227.0,228.0,112800,83.21923329519136,82.441394805884
2021/11/10,228.0,229.0,226.0,226.0,25100,82.70055604763927,81.76905914460441
2021/11/11,226.0,226.0,222.0,222.0,52200,85.24784966966546,83.81111615823507
2021/11/12,223.0,225.0,221.0,223.0,59100,84.22346221314342,81.99584988607886
2021/11/15,224.0,229.0,224.0,229.0,47400,86.2504620233122,83.80762570177373
2021/11/16,229.0,230.0,228.0,229.0,14900,87.27360195812406,84.58331504805366
2021/11/17,228.0,228.0,225.0,225.0,17300,85.52051207361691,83.30356409730719
2021/11/18,225.0,225.0,220.0,221.0,56300,85.06675099480833,83.30639181470389
2021/11/19,222.0,223.0,218.0,218.0,80100,81.34072803179507,80.08027783147345
2021/11/22,220.0,222.0,218.0,222.0,28800,84.45643355442515,82.91161555766358
2021/11/24,224.0,226.0,221.0,225.0,47700,87.41126121425395,85.27261844300956
2021/11/25,220.0,224.0,220.0,221.0,45200,84.59990844637684,82.5551640244881
2021/11/26,223.0,223.0,217.0,218.0,96500,86.70601977171513,84.20779971750949
2021/11/29,217.0,217.0,211.0,211.0,59900,87.64294843933293,84.46198974471251
2021/11/30,211.0,213.0,201.0,202.0,80100,86.82635783234824,82.69763380239944
2021/12/01,195.0,202.0,193.0,201.0,135500,84.57725204180933,80.74881529080595
2021/12/02,199.0,204.0,199.0,201.0,97300,84.41878636877168,80.53562557736979
2021/12/03,202.0,206.0,199.0,199.0,263500,83.30013624896839,79.17077292231512
2021/12/06,199.0,206.0,198.0,204.0,172500,91.0422899940044,86.58883066206864
2021/12/07,206.0,211.0,206.0,211.0,175500,93.01185004006237,88.3890745533585
2021/12/08,211.0,212.0,207.0,209.0,116900,92.92225877337322,88.87146396036407
2021/12/09,207.0,211.0,207.0,210.0,91200,95.41647610817903,91.39749522159269
2021/12/10,211.0,213.0,210.0,211.0,103900,96.46534786693014,92.84661906189365
2021/12/13,213.0,213.0,210.0,212.0,90900,95.13288838499395,92.25647843787203
2021/12/14,211.0,214.0,211.0,213.0,56600,97.05292350451677,93.35270857313431
2021/12/15,213.0,217.0,213.0,216.0,152500,97.63458940998294,93.52120511915906
2021/12/16,216.0,224.0,216.0,222.0,147300,99.87388202683165,96.43099010519957
2021/12/17,223.0,232.0,223.0,230.0,187800,104.17373136670763,100.40408214227922
2021/12/20,230.0,230.0,220.0,221.0,190000,103.08412829222804,99.34854819797259
2021/12/21,224.0,227.0,221.0,224.0,100500,105.40740495113367,101.66016563439473
2021/12/22,225.0,235.0,220.0,230.0,273400,109.5351156076148,105.60649269354776
2021/12/23,229.0,233.0,226.0,233.0,158300,107.34655281769943,103.38342368272029
2021/12/24,233.0,234.0,228.0,233.0,124900,107.35812311525888,103.76287008369098
2021/12/27,232.0,233.0,226.0,226.0,79700,106.88756421106191,103.18490021811711
2021/12/28,227.0,230.0,227.0,230.0,137500,109.06188035705166,104.34095420494518
2021/12/29,230.0,235.0,230.0,233.0,214400,113.441037796769,107.87253716973197
2021/12/30,233.0,236.0,231.0,232.0,152800,114.99718248050624,109.41039514811573
2022/01/04,235.0,244.0,234.0,242.0,341200,115.61850327549203,110.0574545422785
2022/01/05,245.0,247.0,241.0,242.0,233000,112.17107227002647,107.11182415680153
2022/01/06,240.0,244.0,240.0,242.0,254000,116.18127102074082,110.10605133281206
2022/01/07,242.0,247.0,242.0,243.0,201000,116.55479638492712,109.6422690487183
2022/01/11,245.0,247.0,242.0,246.0,186500,119.75279280913624,112.21590279944809
2022/01/12,248.0,251.0,247.0,249.0,136300,119.57506907727497,111.59827241236884
2022/01/13,249.0,253.0,246.0,251.0,324600,122.73908462154101,113.8070608245716
2022/01/14,251.0,251.0,248.0,249.0,143000,121.97887480090148,112.92706927686591
2022/01/17,252.0,253.0,250.0,252.0,146500,120.76340551349136,112.5419470070929
2022/01/18,251.0,254.0,245.0,251.0,250100,121.11511980279799,112.12055654963491
2022/01/19,249.0,249.0,245.0,246.0,147400,121.07011316939365,112.32796291481266
2022/01/20,244.0,251.0,241.0,248.0,174100,121.6995546840085,112.81297503411906
2022/01/21,248.0,251.0,240.0,251.0,231600,124.93573753298732,115.69986659238943
2022/01/24,250.0,251.0,248.0,249.0,156700,123.87466530280705,114.40148818314194
2022/01/25,249.0,253.0,245.0,249.0,377800,124.16341470436821,114.98429658428006
2022/01/26,250.0,251.0,248.0,248.0,106100,124.01385948114596,115.01603950610362
2022/01/27,248.0,249.0,240.0,243.0,191100,124.08648724532753,114.94147571255948
2022/01/28,243.0,246.0,242.0,244.0,78500,120.30473307383373,111.97406855159859
2022/01/31,245.0,246.0,242.0,246.0,112700,123.0393798899195,114.14649761898869
2022/02/01,246.0,248.0,242.0,243.0,79900,120.6254625575531,112.18720806573539
2022/02/02,246.0,249.0,245.0,249.0,110500,120.49511936705156,111.89858833837225
2022/02/03,248.0,249.0,246.0,246.0,82400,118.4903807652584,110.63817473876216
2022/02/04,244.0,250.0,244.0,248.0,67800,116.1176612777817,108.44272054296596
2022/02/07,251.0,253.0,249.0,252.0,162000,119.20503975316943,110.40924680977452
2022/02/08,253.0,258.0,251.0,254.0,163500,124.85444993584767,114.9459403816559
2022/02/09,254.0,257.0,252.0,253.0,156700,117.90926860786509,108.79419327739703
2022/02/10,255.0,255.0,251.0,254.0,143200,117.19816576540015,108.34708997257876
2022/02/14,250.0,253.0,248.0,251.0,85900,120.19361499399255,109.49477887115017
2022/02/15,252.0,252.0,245.0,246.0,151500,114.33935756917282,103.4724611226173
2022/02/16,250.0,254.0,249.0,251.0,120600,111.64669044244813,101.98228228337716
2022/02/17,253.0,256.0,250.0,252.0,126700,112.36560906347302,101.76397061080415
2022/02/18,250.0,251.0,247.0,249.0,97200,108.07293101153417,97.88251067533146
2022/02/21,249.0,249.0,243.0,246.0,90800,100.24179658121916,90.75000428214993
2022/02/22,245.0,245.0,242.0,243.0,83800,101.71725608549036,91.73160170927545
2022/02/24,245.0,245.0,235.0,240.0,147900,103.63911738071924,92.5165816131
2022/02/25,241.0,242.0,236.0,238.0,106600,99.0032179336305,89.9275737787362
2022/02/28,236.0,242.0,236.0,242.0,161700,101.35409644500062,91.38363206580668
2022/03/01,243.0,243.0,238.0,240.0,138500,98.84136328501512,90.1152294071887
2022/03/02,237.0,238.0,228.0,229.0,154400,94.29062917034405,86.2100192669086
2022/03/03,231.0,233.0,229.0,229.0,89300,92.32332448826453,84.9473238782411
2022/03/04,229.0,230.0,220.0,221.0,279100,90.25143666826119,83.5065774496732
2022/03/07,220.0,223.0,211.0,218.0,213400,90.34212671622312,83.6715388868028
2022/03/08,213.0,214.0,206.0,209.0,139500,86.78011575346228,80.75979286875898
2022/03/09,214.0,217.0,212.0,213.0,116200,90.00671288349936,83.62546424492459
2022/03/10,216.0,222.0,216.0,220.0,114500,88.08245574715696,81.48146266824085
2022/03/11,219.0,225.0,218.0,220.0,121900,92.79468950341968,85.18708749378814
2022/03/14,222.0,225.0,221.0,222.0,72000,91.29906278146831,84.32334048629538
2022/03/15,222.0,226.0,220.0,226.0,70000,93.93984829118264,86.32440421917607
2022/03/16,226.0,227.0,224.0,227.0,42400,92.48696603485706,85.26979583046374
2022/03/17,230.0,232.0,228.0,232.0,98300,90.38543248746085,84.32216381293699
2022/03/18,233.0,236.0,232.0,235.0,93200,84.18359853233024,79.89362426477142
2022/03/22,235.0,237.0,233.0,236.0,130000,89.77122956715297,85.93068354587481
2022/03/23,237.0,239.0,237.0,239.0,78700,93.48036370735228,89.94061269898927
2022/03/24,235.0,240.0,233.0,240.0,105700,90.5125690620501,87.39843348291166
2022/03/25,239.0,240.0,237.0,237.0,102400,91.31798191128784,88.22369738902309
2022/03/28,238.0,238.0,234.0,235.0,97600,92.20719400796251,88.57393281089946
2022/03/29,233.0,237.0,231.0,237.0,55600,91.4448036663762,87.16957490513222
2022/03/30,235.0,237.0,232.0,236.0,62600,93.42071660500696,89.11360233501352
2022/03/31,234.0,235.0,229.0,229.0,55100,92.68264390634026,88.24613826803545
2022/04/01,227.0,230.0,224.0,230.0,58400,96.19768035598926,90.40131959214038
2022/04/04,230.0,233.0,229.0,232.0,52700,95.695697271567,89.56346428056162
2022/04/05,233.0,233.0,229.0,230.0,56200,98.31912791070086,92.2463881136103
2022/04/06,228.0,231.0,228.0,228.0,37300,98.74280962678486,92.93974079499901
2022/04/07,228.0,228.0,222.0,223.0,70100,102.66293044467108,95.81083258492272
2022/04/08,224.0,224.0,219.0,220.0,59400,100.69800656494033,94.30289071694163
2022/04/11,222.0,225.0,218.0,221.0,52600,100.57391145937855,94.4612105047428
2022/04/12,218.0,221.0,217.0,217.0,55100,100.88600851266649,93.84873659881751
2022/04/13,217.0,224.0,216.0,223.0,94000,102.10532945013848,95.57231119098178
2022/04/14,221.0,225.0,219.0,222.0,46900,98.85141637399838,93.03800599928657
2022/04/15,224.0,224.0,219.0,222.0,37800,101.34324252699682,95.649168648586
2022/04/18,220.0,220.0,217.0,220.0,47700,103.25784324671021,97.01246034247403
2022/04/19,222.0,222.0,217.0,220.0,31400,103.60053252826451,97.61807519799481
2022/04/20,220.0,226.0,219.0,225.0,78400,103.81927061842708,97.72310538931308
2022/04/21,225.0,229.0,223.0,227.0,88600,105.00921307729946,98.84385928355303
2022/04/22,225.0,227.0,223.0,224.0,24700,104.7287197776116,98.32129803989123
2022/04/25,222.0,224.0,219.0,219.0,51300,106.14239271184758,99.05240947798502
2022/04/26,219.0,221.0,218.0,218.0,23900,103.82098005286491,96.88854277657724
2022/04/27,215.0,215.0,207.0,207.0,109300,102.20850568721802,95.23458614769163
2022/04/28,210.0,214.0,209.0,214.0,71700,101.61970150629287,94.62147669403475
2022/05/02,212.0,218.0,212.0,218.0,83100,103.21478037695167,95.81645121982798
2022/05/06,220.0,221.0,215.0,221.0,52900,100.95273681374948,93.68785590137345
2022/05/09,220.0,221.0,217.0,217.0,58900,103.12516755578342,95.56565571255085
2022/05/10,217.0,217.0,213.0,216.0,43000,102.67548778893125,96.10860717258937
2022/05/11,214.0,215.0,212.0,213.0,42600,100.75495131643004,95.19105934981944
2022/05/12,214.0,215.0,204.0,204.0,92600,97.95630880166371,92.88959193943977
2022/05/13,206.0,214.0,206.0,213.0,63400,98.84434025806176,93.9720703918326
2022/05/16,215.0,215.0,206.0,208.0,139200,95.20156866745846,91.5901589021301
2022/05/17,210.0,212.0,207.0,210.0,75200,94.01760640489687,90.17469237321293
2022/05/18,211.0,213.0,210.0,213.0,36100,94.85879628041658,91.53517867523918
2022/05/19,210.0,213.0,209.0,213.0,37900,96.8706858030698,92.77952202772674
2022/05/20,213.0,213.0,210.0,212.0,59600,95.53935839156344,91.52556671912812
2022/05/23,212.0,217.0,212.0,216.0,109900,96.96756672615844,93.2075920616858
2022/05/24,216.0,218.0,213.0,215.0,70100,99.78923361790201,95.53171089431052
2022/05/25,216.0,217.0,215.0,217.0,42500,104.00828240147251,99.1510653689159
2022/05/26,218.0,221.0,218.0,218.0,73500,106.81759117417849,101.3162624910013
2022/05/27,220.0,222.0,218.0,220.0,84800,106.42217117571906,100.89352808538943
2022/05/30,221.0,231.0,220.0,222.0,228200,105.92353803964927,100.48070509187959
2022/05/31,225.0,227.0,222.0,223.0,66000,104.68629730911994,99.81117495438303
2022/06/01,223.0,225.0,223.0,225.0,48300,101.80054299831424,96.75032795877084
2022/06/02,224.0,226.0,222.0,224.0,86100,101.03620191281261,96.9178707433472
2022/06/03,224.0,225.0,221.0,224.0,69600,100.6554620351952,97.85280549458031
2022/06/06,224.0,226.0,223.0,226.0,70600,103.04054523483903,100.23410540936348
2022/06/07,226.0,228.0,226.0,226.0,99900,100.10522070255962,97.35601684107897
2022/06/08,228.0,230.0,227.0,230.0,98000,101.33777049112985,98.49176658891349
2022/06/09,230.0,232.0,229.0,231.0,116200,102.07886993797001,98.94597998859943
2022/06/10,228.0,230.0,227.0,227.0,88900,103.13256030524241,99.68423094885506
2022/06/13,225.0,229.0,225.0,228.0,50000,108.05693315112515,103.08722502182997
2022/06/14,226.0,228.0,224.0,224.0,74400,107.67336398672978,102.42198297162216
2022/06/15,224.0,224.0,221.0,221.0,67900,104.63361789024496,100.11957301672827
2022/06/16,223.0,226.0,223.0,226.0,36600,104.25262918206452,99.82634585895988
2022/06/17,220.0,222.0,216.0,218.0,90500,106.20033245160619,100.9345344465348
2022/06/20,219.0,220.0,213.0,214.0,66500,103.83847584076919,99.7643201534961
2022/06/21,215.0,221.0,215.0,221.0,53200,105.2861707489731,100.99676012670331
2022/06/22,223.0,224.0,221.0,222.0,90400,105.20906772101392,100.24130380921711
2022/06/23,223.0,226.0,222.0,225.0,55700,106.08833827489829,101.10552985092637
2022/06/24,225.0,228.0,224.0,228.0,52100,104.66721057401432,100.29992866910338
2022/06/27,229.0,230.0,226.0,228.0,43600,103.55861467650492,99.76999414700586
2022/06/28,228.0,229.0,226.0,229.0,77300,103.35876705325752,99.17564620987812
2022/06/29,229.0,230.0,227.0,227.0,83400,103.75604488972283,99.14636981435149
2022/06/30,227.0,227.0,223.0,224.0,104500,103.67621999120216,98.8036512376984
2022/07/01,222.0,223.0,218.0,218.0,107500,101.65369856124506,97.1206153623053
2022/07/04,222.0,222.0,217.0,219.0,69200,101.04139920577653,96.32325029218298
2022/07/05,219.0,220.0,217.0,217.0,92700,98.42233638199953,94.4371762372169
2022/07/06,221.0,221.0,212.0,213.0,156900,98.90280464508741,95.03309002977657
2022/07/07,215.0,215.0,210.0,213.0,100200,97.03265730482973,93.2613125879127
2022/07/08,213.0,216.0,212.0,214.0,115100,96.77502273944032,93.05960219904375
2022/07/11,215.0,219.0,215.0,218.0,127900,98.00978142297632,93.84088684417266
2022/07/12,216.0,216.0,213.0,215.0,137000,96.47822611838905,92.43965642131994
2022/07/13,214.0,216.0,214.0,214.0,69900,95.54226565984575,91.90870215534112
2022/07/14,213.0,215.0,211.0,215.0,136500,95.882080939047,92.5540611304557
2022/07/15,214.0,214.0,210.0,211.0,178700,92.28740736274413,90.13604461566553
2022/07/19,212.0,213.0,210.0,211.0,90200,91.20748899604536,89.13133268024237
2022/07/20,213.0,218.0,213.0,218.0,274500,91.15897761367428,89.61876791570728
2022/07/21,218.0,218.0,214.0,215.0,148800,91.58903485847625,90.31818305274363
2022/07/22,217.0,217.0,214.0,215.0,115700,91.22267425683191,90.06975806420917
2022/07/25,215.0,217.0,214.0,216.0,138200,92.35968083474118,91.08287701628167
2022/07/26,217.0,221.0,217.0,219.0,207700,92.67554220669325,91.38988974212737
2022/07/27,219.0,220.0,216.0,218.0,108100,90.7720947905966,89.98986633780216
2022/07/28,220.0,220.0,215.0,219.0,94800,92.29523554801212,91.3894302482186
2022/07/29,218.0,218.0,215.0,216.0,125600,90.20217053168182,90.05651981252834
2022/08/01,217.0,220.0,214.0,220.0,172100,91.35200692053203,91.10815636275595
2022/08/02,219.0,222.0,217.0,220.0,128100,92.5947506229324,92.70821427054881
2022/08/03,219.0,223.0,219.0,221.0,185000,93.50755754430308,93.58762720506508
2022/08/04,221.0,222.0,220.0,221.0,88500,93.35545356255516,93.9573136872165
2022/08/05,219.0,223.0,219.0,223.0,86000,93.69521584521077,94.02468765635768
2022/08/08,222.0,224.0,222.0,224.0,129900,93.70201985814997,94.17934133502264
2022/08/09,223.0,224.0,221.0,223.0,107200,94.11419997549211,94.45542681410512
2022/08/10,219.0,221.0,218.0,219.0,116000,92.07389385366243,92.21410286246235
2022/08/12,223.0,224.0,220.0,222.0,149900,87.02745159032604,88.04439128716109
2022/08/15,222.0,225.0,221.0,224.0,137700,87.87532680287332,89.39561303471251
2022/08/16,223.0,227.0,222.0,226.0,108400,90.20681284276225,91.78003660242312
2022/08/17,226.0,227.0,224.0,227.0,144500,88.91494202688331,90.29462567744844
2022/08/18,226.0,226.0,224.0,225.0,80500,90.24995784325624,91.2563934005676
2022/08/19,225.0,227.0,225.0,226.0,63300,89.41695709213126,90.29692204096878
2022/08/22,225.0,227.0,224.0,227.0,20200,91.4554706115131,92.05769400946984
2022/08/23,227.0,228.0,224.0,226.0,73600,91.02309171265625,91.62434607517686
2022/08/24,225.0,227.0,225.0,226.0,47000,92.98369618548983,93.43647746921972
2022/08/25,225.0,226.0,225.0,226.0,24200,91.3500555401408,91.81890777700788
2022/08/26,225.0,226.0,221.0,221.0,108000,89.23934706390597,90.0947664641518
2022/08/29,218.0,221.0,218.0,219.0,106200,89.83358333823134,90.40345559626128
2022/08/30,220.0,221.0,218.0,220.0,56900,90.19448884988101,90.18174039381563
2022/08/31,220.0,220.0,218.0,218.0,40600,90.11827219588172,89.77866588270227
2022/09/01,217.0,218.0,215.0,217.0,77900,92.14792956774951,91.51874578734629
2022/09/02,216.0,216.0,213.0,214.0,86800,92.39062900078282,91.57995256852026
2022/09/05,213.0,214.0,211.0,213.0,103100,93.3610039521684,92.00647418689387
2022/09/06,214.0,216.0,212.0,213.0,107700,93.38178736985215,92.35806370904234
2022/09/07,213.0,213.0,208.0,208.0,143300,91.54390116039575,90.32106700075705
2022/09/08,209.0,212.0,209.0,209.0,153400,89.38748104419419,88.18266466423526
2022/09/09,207.0,211.0,206.0,210.0,217100,87.30867480422239,86.28372156275572
2022/09/12,212.0,213.0,211.0,213.0,105500,86.06753917122968,85.46881498933551
2022/09/13,212.0,214.0,211.0,213.0,61000,86.47742192781041,86.05500137971947
2022/09/14,209.0,212.0,208.0,210.0,86400,89.6225171155764,87.96090815449496
2022/09/15,210.0,211.0,209.0,209.0,42500,88.46289433901366,87.14898366919043
2022/09/16,210.0,212.0,210.0,211.0,84900,90.8343550564234,88.94561352772752
2022/09/20,212.0,213.0,211.0,213.0,139000,91.09100354175919,89.61450181658489
2022/09/21,213.0,215.0,213.0,213.0,143500,93.57947108622524,91.7457111325073
2022/09/22,213.0,213.0,209.0,210.0,149800,92.1006674248801,90.21213883502453
2022/09/26,207.0,209.0,206.0,206.0,214700,92.06345553420077,90.11405374997332
2022/09/27,207.0,211.0,207.0,209.0,158200,91.66438302980072,89.68899790251524
2022/09/28,208.0,211.0,207.0,210.0,245800,91.16953466469685,88.74275146732917
2022/09/29,212.0,213.0,211.0,212.0,107400,91.95190931533689,89.61282714141053
2022/09/30,210.0,211.0,203.0,207.0,165800,91.11766041363546,88.87064858951204
2022/10/03,208.0,208.0,202.0,205.0,120500,86.21353727551588,84.89076555286111
2022/10/04,207.0,210.0,207.0,210.0,108500,85.55601519304123,84.7825247479409
2022/10/05,212.0,213.0,209.0,209.0,186700,81.90996389836891,81.91790036247724
2022/10/06,209.0,212.0,209.0,211.0,79800,84.51962499009917,84.1431984392775
2022/10/07,208.0,211.0,208.0,209.0,99100,83.47099461591911,83.02467373423961
2022/10/11,209.0,212.0,209.0,209.0,98500,88.3327065788635,87.528381552154
2022/10/12,209.0,210.0,206.0,208.0,98000,90.50527441579719,89.65978532665076
2022/10/13,208.0,209.0,206.0,206.0,86700,93.40177089312417,91.95909562297936
2022/10/14,208.0,212.0,208.0,210.0,120100,90.85963526237903,90.28662534037097
2022/10/17,210.0,212.0,208.0,208.0,74200,90.55257525383288,89.74155362859014
2022/10/18,211.0,211.0,209.0,211.0,111800,92.65352626007412,91.78999675433961
2022/10/19,210.0,212.0,209.0,211.0,123600,92.43586919377054,91.6653050940385
2022/10/20,212.0,218.0,211.0,213.0,460400,91.66819094010962,91.0301654153768
2022/10/21,213.0,217.0,213.0,215.0,95200,94.38741278879696,93.7448878831661
2022/10/24,217.0,217.0,213.0,214.0,92100,93.37269960474009,93.11640358364149
2022/10/25,213.0,214.0,210.0,214.0,166400,95.23887063423476,94.36853088918505
2022/10/26,213.0,216.0,212.0,215.0,159300,97.04705933890403,96.0490204353861
2022/10/27,215.0,215.0,211.0,213.0,142900,98.02970922047841,97.60625559899142
2022/10/28,211.0,214.0,205.0,206.0,449300,95.05842236115394,93.97341185972353
2022/10/31,209.0,211.0,207.0,208.0,84300,94.31596177338596,93.00789321679625
2022/11/01,210.0,210.0,207.0,208.0,58600,94.80427704549196,93.16114980081987
2022/11/02,208.0,209.0,205.0,205.0,144600,92.76960581166279,91.24359059971692
2022/11/04,205.0,207.0,205.0,205.0,62000,97.45745370164305,95.40942113405808
2022/11/07,207.0,207.0,204.0,205.0,149600,95.12588138016991,93.3848796616301
2022/11/08,206.0,209.0,206.0,208.0,147500,95.85409931289742,94.0806367253471
2022/11/09,208.0,210.0,206.0,210.0,109500,97.58155364471396,95.70726394200601
2022/11/10,209.0,212.0,208.0,209.0,87100,100.42734931637196,97.9183488839289
2022/11/11,209.0,209.0,205.0,206.0,217800,96.77725677614124,95.31179541614848
2022/11/14,206.0,207.0,203.0,204.0,182600,94.85967815125022,93.25374037584191
2022/11/15,205.0,205.0,204.0,204.0,60700,94.86887156436569,93.0109795241233
2022/11/16,203.0,204.0,201.0,202.0,143900,95.09503941849246,93.2096814813683
2022/11/17,203.0,205.0,203.0,205.0,42300,98.30007260229712,96.02661046235038
2022/11/18,205.0,207.0,204.0,206.0,147800,100.74808021912187,98.2184849351655
2022/11/21,207.0,209.0,207.0,209.0,203100,100.30700189923077,97.49694081352789
2022/11/22,210.0,213.0,208.0,211.0,197100,97.73665348227631,94.92346743535128
2022/11/24,215.0,221.0,213.0,219.0,420100,102.99202162289356,99.43322586689683
2022/11/25,219.0,227.0,218.0,227.0,390600,105.85362843457216,102.42461425155281
2022/11/28,232.0,233.0,225.0,230.0,551900,109.47342035634276,105.96841531617869
2022/11/29,227.0,230.0,221.0,228.0,268000,112.0413796206248,109.21155187215727
2022/11/30,227.0,227.0,223.0,225.0,156400,111.80674174473393,109.18741405810081
2022/12/01,224.0,224.0,219.0,220.0,107100,107.61970094881093,106.14181391102345
2022/12/02,218.0,219.0,215.0,217.0,108000,110.03318461780695,109.26175622686071
2022/12/05,216.0,217.0,215.0,215.0,52900,105.79739183490973,105.37267887287389
2022/12/06,214.0,216.0,213.0,213.0,65300,103.01031069503766,102.99920713769532
2022/12/07,211.0,216.0,211.0,215.0,94600,107.23371238389461,105.71831865374006
2022/12/08,214.0,216.0,212.0,214.0,115500,106.1585744819526,104.49187790490922
2022/12/09,214.0,215.0,214.0,214.0,46800,103.37295489809281,102.14152987239406
2022/12/12,214.0,215.0,214.0,215.0,44300,104.32237514902742,102.49280426194758
2022/12/13,215.0,216.0,213.0,215.0,123100,102.66416434192979,101.35644800934294
2022/12/14,215.0,217.0,215.0,217.0,59800,101.54590395143018,100.80234083543968
2022/12/15,216.0,218.0,215.0,217.0,37700,101.28324897654393,99.6879457095275
2022/12/16,216.0,218.0,216.0,217.0,75300,97.83888950874325,96.00526632248987
2022/12/19,217.0,219.0,215.0,215.0,103400,99.7858750641192,97.58264182497774
2022/12/20,217.0,234.0,215.0,225.0,961100,107.81717978202718,103.83050421954061
2022/12/21,230.0,233.0,222.0,222.0,644800,104.47564937814633,100.50787712222127
2022/12/22,224.0,228.0,224.0,226.0,252300,105.37694246446429,101.1262998966654
2022/12/23,226.0,233.0,226.0,231.0,363000,108.76789488047942,103.78231632299249
2022/12/26,234.0,238.0,232.0,236.0,259900,113.40406474584807,108.56220692108616
2022/12/27,236.0,245.0,236.0,245.0,301800,117.07927626159965,111.81227515708427
2022/12/28,245.0,257.0,244.0,256.0,693200,120.5761046343151,115.04935480681453
2022/12/29,256.0,257.0,249.0,254.0,399600,120.80308504732773,115.08955688780969
2022/12/30,254.0,261.0,254.0,258.0,371000,119.71525965146716,114.4176127148244
2023/01/04,258.0,266.0,256.0,259.0,341900,122.07043797867871,116.8281189482767
2023/01/05,260.0,262.0,252.0,254.0,323700,115.80002034364769,112.15342122404624
2023/01/06,252.0,257.0,247.0,252.0,276100,113.70405804869719,110.3336287197765
2023/01/10,252.0,257.0,250.0,257.0,231100,112.64118442168265,110.35587303365723
2023/01/11,257.0,258.0,255.0,257.0,120000,112.26596805432436,109.6246698826868
2023/01/12,257.0,262.0,255.0,260.0,338900,111.5722246489445,108.8730217847182
2023/01/13,261.0,279.0,261.0,276.0,658800,119.35097093243527,115.18722598319407
2023/01/16,274.0,275.0,266.0,269.0,451400,117.1269980929998,112.42765437820887
2023/01/17,269.0,269.0,257.0,262.0,419000,112.8427890691061,108.52345182068346
2023/01/18,264.0,266.0,247.0,259.0,481000,107.94155035158263,104.45693735102486
2023/01/19,258.0,258.0,247.0,251.0,389500,106.45199024171832,102.42010209109435
2023/01/20,248.0,250.0,246.0,249.0,233700,102.82233331502812,99.21914732513089
2023/01/23,252.0,254.0,249.0,250.0,236000,102.94776439292707,99.60113098354645
2023/01/24,251.0,256.0,249.0,256.0,245500,102.17910653662246,98.83515979047067
2023/01/25,254.0,257.0,252.0,255.0,168400,101.38250204172472,98.21067365087353
2023/01/26,258.0,259.0,255.0,257.0,105600,101.15231074897476,98.49316652771789
2023/01/27,260.0,267.0,258.0,263.0,338200,105.16835754786041,102.03672190349351
2023/01/30,265.0,271.0,265.0,270.0,348100,108.03006376240336,104.96866326108807
2023/01/31,272.0,272.0,260.0,262.0,307500,106.83796203626163,103.4952996267992
2023/02/01,264.0,272.0,263.0,264.0,358600,106.74801148214952,104.10653123438225
2023/02/02,264.0,268.0,261.0,266.0,172200,107.49579192216103,105.64027829198356
2023/02/03,266.0,267.0,259.0,264.0,336200,106.18278924953049,104.30665283082024
2023/02/06,262.0,262.0,248.0,255.0,450900,99.56528413381358,98.46901569208852
2023/02/07,253.0,257.0,253.0,256.0,315200,99.3277655757966,98.28016632538257
2023/02/08,255.0,257.0,253.0,255.0,212300,100.69343439088921,99.17753641284715
2023/02/09,253.0,257.0,249.0,250.0,270100,98.82386664845295,97.31500029750684
2023/02/10,249.0,254.0,248.0,250.0,110300,97.47288743387841,96.778906839125
2023/02/13,249.0,253.0,246.0,249.0,330600,97.94546596058967,96.84458654180703
2023/02/14,251.0,252.0,247.0,248.0,154400,98.11916042796346,96.84794297631665
2023/02/15,249.0,249.0,245.0,245.0,247600,97.46241198092594,95.59082233854484
2023/02/16,247.0,247.0,244.0,245.0,143700,95.59496234494,93.82858564304696
2023/02/17,243.0,247.0,242.0,244.0,148200,96.59915146143648,94.66543688522138
2023/02/20,244.0,246.0,242.0,245.0,100600,97.3468495845634,95.15944852654042
2023/02/21,245.0,249.0,244.0,246.0,176800,97.46314902599919,95.33623751547195
2023/02/22,248.0,249.0,245.0,248.0,190200,99.01194348354807,97.1775387081804
2023/02/24,248.0,254.0,248.0,248.0,385200,100.49348200371443,98.32395963817045
2023/02/27,248.0,252.0,248.0,251.0,230100,100.32597271910824,98.20979147947236
2023/02/28,252.0,255.0,248.0,250.0,175100,101.88624316647213,99.14406154679747
2023/03/01,249.0,258.0,249.0,253.0,317700,105.96943635961689,102.85603784178623
2023/03/02,255.0,256.0,248.0,251.0,294600,105.9336068978892,103.40997204790914
2023/03/03,252.0,253.0,248.0,252.0,247800,106.0980127406208,104.16992595704862
2023/03/06,253.0,255.0,251.0,254.0,151500,104.06771880168517,102.64189045182597
2023/03/07,254.0,258.0,253.0,258.0,352100,108.1034629662299,106.23374096474627
2023/03/08,258.0,260.0,258.0,258.0,347500,105.25714875439127,103.86486409842178
2023/03/09,260.0,265.0,260.0,264.0,152700,107.70470755315193,106.03286192294871
2023/03/10,262.0,266.0,257.0,262.0,410700,106.4760353800314,105.4887597561773
2023/03/13,256.0,256.0,241.0,245.0,788300,100.34805661869785,99.95246046900486
2023/03/14,238.0,238.0,222.0,229.0,531200,94.34611696667491,95.03667708416529
2023/03/15,236.0,239.0,233.0,235.0,466000,97.94502960282765,97.87986323951587
2023/03/16,225.0,228.0,223.0,226.0,301900,96.12367555079153,95.49830532310129
2023/03/17,227.0,231.0,223.0,227.0,367400,94.80630306750014,94.12344338978312
2023/03/20,225.0,227.0,221.0,222.0,194900,95.03983543080874,94.28427979938279
2023/03/22,228.0,233.0,227.0,230.0,291800,98.24384732336998,97.0074472609228
2023/03/23,227.0,230.0,226.0,228.0,160600,97.39332725738998,96.17650665195283
2023/03/24,227.0,227.0,224.0,227.0,161800,98.4547631954236,97.06153831015271
2023/03/27,228.0,228.0,226.0,227.0,87000,98.23756722762764,97.16345098522369
2023/03/28,229.0,231.0,228.0,230.0,233500,99.63555217920027,98.27955880529639
2023/03/29,228.0,233.0,228.0,233.0,216100,99.23680146058065,97.34941646086257
2023/03/30,230.0,231.0,228.0,230.0,262000,100.57586064788235,98.56702717255823
2023/03/31,229.0,229.0,226.0,228.0,271900,97.80299135733773,96.19981554019591
2023/04/03,230.0,235.0,230.0,232.0,266900,98.3976245337139,96.82556203164052
2023/04/04,233.0,236.0,232.0,236.0,358800,100.79704627034556,98.87315394291232
2023/04/05,233.0,235.0,231.0,233.0,261500,100.49194981351243,99.05431279475005
2023/04/06,232.0,235.0,231.0,235.0,180600,103.14079345524043,101.70705303098492
2023/04/07,235.0,237.0,234.0,234.0,177500,104.3053813327133,102.6485071119862
2023/04/10,235.0,237.0,235.0,236.0,175800,103.64890194918463,102.09286520302179
2023/04/11,238.0,239.0,235.0,237.0,201200,103.00392501612161,102.18606489648074
2023/04/12,237.0,238.0,236.0,238.0,204800,102.01692116243252,100.5119327485642
2023/04/13,236.0,237.0,233.0,233.0,183600,101.28348455235185,99.73420477895233
2023/04/14,234.0,234.0,229.0,229.0,146300,98.08380577997254,96.89821067600052
2023/04/17,230.0,230.0,225.0,229.0,121400,97.8301841105815,96.54767281392243
2023/04/18,229.0,234.0,229.0,232.0,96300,99.29576329529161,97.95245300735552
2023/04/19,232.0,233.0,228.0,232.0,83000,98.10487994989838,96.78258189378676
2023/04/20,232.0,236.0,231.0,233.0,142100,98.68713472097029,97.02070138807125
2023/04/21,233.0,234.0,230.0,231.0,133300,97.85722343955075,96.54191706878443
2023/04/24,234.0,234.0,230.0,231.0,102000,98.09148730585065,97.1532986000682
2023/04/25,231.0,233.0,230.0,231.0,132400,98.85481899413743,97.4723325187723
2023/04/26,230.0,230.0,225.0,227.0,182300,101.82849189305175,100.82235164184097
2023/04/27,228.0,230.0,226.0,228.0,269800,100.5152376191494,99.5761007624797
2023/04/28,231.0,232.0,228.0,230.0,352100,98.05360383262158,97.34463179594576
2023/05/01,232.0,232.0,228.0,232.0,216800,98.00035888055898,97.21867440406419
2023/05/02,230.0,230.0,227.0,228.0,187600,95.54470180547854,95.23326244991404
2023/05/08,228.0,228.0,225.0,225.0,146300,94.2651169844154,94.0338932759913
2023/05/09,228.0,228.0,222.0,225.0,241000,93.21055846643154,92.48786282408847
2023/05/10,227.0,227.0,223.0,224.0,100300,94.6611691031989,93.32853746205006
2023/05/11,223.0,227.0,223.0,225.0,138400,97.5026488715922,96.85025328605454
2023/05/12,225.0,225.0,221.0,224.0,375000,94.56980572527976,93.51662808144535
2023/05/15,222.0,224.0,221.0,224.0,175400,96.49903015097637,94.88085170615854
2023/05/16,223.0,224.0,219.0,223.0,157800,94.86353571203985,93.18761167814851
2023/05/17,224.0,224.0,222.0,224.0,110900,94.04321744826761,92.89520617407602
2023/05/18,225.0,226.0,221.0,223.0,120800,90.41170027226325,90.24759364786767
2023/05/19,224.0,224.0,220.0,221.0,137800,90.47604788961424,90.5342426440111
2023/05/22,220.0,220.0,216.0,218.0,140100,87.66266242116137,87.87684704328414
2023/05/23,218.0,219.0,216.0,216.0,147100,86.80389431631643,87.30070891020803
2023/05/24,217.0,219.0,217.0,219.0,24100,87.74878316044689,87.98902008003915
2023/05/25,217.0,219.0,217.0,218.0,65900,86.37618165307576,87.48596323649345
2023/05/26,217.0,217.0,214.0,214.0,102800,84.2638417891868,85.55289219225011
2023/05/29,216.0,216.0,209.0,210.0,194700,82.89166502212478,84.16561332581978
2023/05/30,210.0,210.0,206.0,208.0,125900,81.22033299893589,82.62312628007214
2023/05/31,207.0,207.0,203.0,203.0,164400,80.20336304509499,82.092343057635
2023/06/01,203.0,207.0,203.0,206.0,122800,80.93929252164564,82.42679226960686
2023/06/02,206.0,210.0,206.0,209.0,47900,82.16709658365177,82.63566503478653
2023/06/05,212.0,212.0,209.0,211.0,77600,80.89740690824146,81.55762521903242
2023/06/06,208.0,210.0,207.0,210.0,67000,79.87754325908979,80.90163879932712
2023/06/07,212.0,212.0,209.0,209.0,95300,80.39288583919465,81.1363940021559
2023/06/08,211.0,211.0,208.0,209.0,59600,80.76914828549644,81.29233075845005
2023/06/09,209.0,211.0,208.0,209.0,97500,79.39818272881004,80.42963147634443
2023/06/12,210.0,214.0,210.0,214.0,97400,78.09803444295508,79.70127550458683
2023/06/13,214.0,214.0,209.0,209.0,125700,75.25023114642353,77.38734882704358
2023/06/14,210.0,211.0,209.0,211.0,51100,75.02422523723354,77.22502067823625
2023/06/15,210.0,210.0,208.0,208.0,90800,72.6465707295642,74.9376134684157
2023/06/16,208.0,212.0,208.0,211.0,92500,74.55428126935364,77.2465649971661
2023/06/19,211.0,213.0,210.0,212.0,97900,76.50598187447282,78.67018383530518
2023/06/20,212.0,212.0,210.0,211.0,19000,75.05095003968661,77.59743633661411
2023/06/21,211.0,215.0,211.0,214.0,118300,75.07704770218032,77.81612445426558
2023/06/22,214.0,216.0,211.0,212.0,95500,74.12963261353516,75.97433388973552
2023/06/23,214.0,214.0,209.0,210.0,134700,74.43365590576441,75.91842596782199
2023/06/26,211.0,212.0,209.0,210.0,190100,75.69038123212569,76.91515053711616
2023/06/27,209.0,211.0,209.0,210.0,46100,76.23375517334269,77.60750747366191
2023/06/28,211.0,214.0,210.0,213.0,66800,75.77110453861111,77.2986142493939
2023/06/29,213.0,214.0,210.0,212.0,70900,75.16104566827094,77.10821992378885
2023/06/30,212.0,215.0,211.0,213.0,119900,76.35281505664284,78.76966568239716
2023/07/03,214.0,215.0,213.0,214.0,73600,75.71605838661932,78.72348693247744
2023/07/04,214.0,218.0,214.0,217.0,231100,79.05888006051008,81.47521863361045
2023/07/05,217.0,218.0,214.0,216.0,164000,79.41330459880456,81.61690969047281
2023/07/06,217.0,217.0,214.0,214.0,177100,81.20978379607988,83.05229636406939
2023/07/07,213.0,218.0,213.0,215.0,215300,82.25502232836213,84.09462798151321
2023/07/10,217.0,219.0,216.0,217.0,292000,82.91249351319539,84.95750317444629
2023/07/11,219.0,219.0,215.0,216.0,191900,82.16218292885907,84.60291248809322
2023/07/12,216.0,216.0,211.0,214.0,233900,82.89139752059307,85.02664890073287
2023/07/13,215.0,215.0,210.0,212.0,122600,81.03690535073301,83.22436714199074
2023/07/14,212.0,213.0,210.0,211.0,177600,82.70277229104384,84.52056629895942
2023/07/18,212.0,216.0,212.0,214.0,239000,84.15434846920743,85.68401292272397
2023/07/19,217.0,218.0,216.0,218.0,238800,84.14468250424136,85.4087592201742
2023/07/20,218.0,218.0,216.0,217.0,160300,86.3686778732365,87.07749229314929
2023/07/21,217.0,218.0,215.0,216.0,131400,86.8136410159868,86.865331751557
2023/07/24,217.0,218.0,213.0,218.0,275200,85.48905486214467,85.97316674638523
2023/07/25,218.0,219.0,216.0,217.0,150500,83.8450015147741,84.24962830037656
2023/07/26,217.0,219.0,216.0,218.0,183000,84.83978677826907,85.22441077662283
2023/07/27,218.0,220.0,217.0,220.0,185100,84.95441122842999,85.29975768133924
2023/07/28,220.0,225.0,218.0,225.0,672600,88.40269342920053,88.23659418233592
2023/07/31,228.0,231.0,227.0,230.0,631100,88.22374565223538,88.23048313459753
2023/08/01,230.0,233.0,226.0,227.0,543600,85.05272682085089,84.99998249773638
2023/08/02,226.0,229.0,224.0,227.0,294800,87.12041038561928,86.15968194002103
2023/08/03,228.0,231.0,226.0,229.0,171600,89.99990162090381,88.1971776283658
2023/08/04,228.0,230.0,226.0,227.0,210600,89.09231665918679,87.13930688259173
2023/08/07,226.0,227.0,224.0,226.0,289700,88.36414248758257,86.20374983346369
2023/08/08,227.0,227.0,225.0,225.0,128400,87.25585346237655,85.2802196018558
2023/08/09,224.0,224.0,217.0,219.0,252300,86.38381857346509,84.71372181356995
2023/08/10,219.0,219.0,216.0,217.0,117800,85.92822180444756,83.73043785392781
2023/08/14,216.0,218.0,214.0,216.0,236700,86.83943591856617,83.91761862380798
2023/08/15,216.0,217.0,215.0,215.0,105200,85.18837361319464,82.32479098261726
2023/08/16,215.0,215.0,211.0,211.0,262800,85.50750527230477,82.5148241264192
2023/08/17,212.0,215.0,209.0,213.0,176700,86.63302093214425,83.63470125074359
2023/08/18,215.0,215.0,212.0,213.0,125900,86.69487151805339,84.02089015958275
2023/08/21,213.0,214.0,212.0,212.0,126800,85.19320291203603,83.02160871869718
2023/08/22,213.0,216.0,213.0,216.0,154200,85.36279722878447,83.16192900207542
2023/08/23,216.0,217.0,214.0,217.0,120300,84.92883979582886,82.95122959317229
2023/08/24,217.0,220.0,216.0,219.0,296300,85.47321608126391,83.76568934991386
2023/08/25,218.0,223.0,217.0,220.0,252900,90.15788184102573,86.94990201136274
2023/08/28,222.0,225.0,221.0,224.0,176700,88.63995896819674,86.46304889311992
2023/08/29,225.0,227.0,224.0,225.0,237000,89.47905631948514,87.39720280327478
2023/08/30,226.0,228.0,225.0,227.0,239200,90.46749733625838,88.36455272839997
2023/08/31,228.0,228.0,225.0,225.0,103100,87.92712450911799,86.05679545652163
2023/09/01,225.0,227.0,224.0,227.0,163000,89.66679300249783,87.13366603923876
2023/09/04,229.0,232.0,228.0,231.0,486000,90.936269662134,88.12233649269994
2023/09/05,232.0,235.0,229.0,230.0,343000,90.29772508867299,87.48847071678063
2023/09/06,229.0,237.0,229.0,234.0,580000,92.83435797096499,90.07645672154597
2023/09/07,236.0,239.0,235.0,237.0,241300,96.46614120599216,93.14019922894278
2023/09/08,235.0,238.0,234.0,235.0,235100,96.83136669951428,93.23878842344186
2023/09/11,234.0,247.0,234.0,246.0,524300,101.52879977631189,96.88769436247382
2023/09/12,246.0,249.0,241.0,244.0,328000,100.00863598800056,95.62106177408407
2023/09/13,245.0,254.0,244.0,253.0,329500,102.4713531707064,98.63727251907099
2023/09/14,253.0,256.0,252.0,254.0,245500,102.140008596777,98.53710526246185
2023/09/15,258.0,259.0,252.0,255.0,679400,99.35366608148207,96.47623018938509
2023/09/19,253.0,259.0,253.0,258.0,485000,100.88890846706913,97.0524244094365
2023/09/20,258.0,260.0,252.0,258.0,529300,100.1808683847359,96.700033952677
2023/09/21,258.0,262.0,256.0,256.0,448500,101.62961321617385,98.00418408119174
2023/09/22,255.0,262.0,253.0,260.0,873800,102.95594907250447,99.01967189256942
2023/09/25,260.0,260.0,250.0,254.0,522700,99.72990832229242,96.36031606815473
2023/09/26,252.0,255.0,251.0,254.0,377500,99.93203175829252,95.9674218180802
2023/09/27,252.0,252.0,247.0,250.0,309700,96.25477651914183,92.81294645421204
2023/09/28,250.0,255.0,249.0,253.0,457300,98.9315396590883,95.08460283369207
2023/09/29,253.0,253.0,241.0,241.0,442000,94.78871324233496,91.99899122914516
2023/10/02,243.0,254.0,243.0,249.0,593100,100.26043457127977,96.96227839553245
2023/10/03,248.0,248.0,241.0,242.0,265200,99.57541587782933,96.57186050731163
2023/10/04,238.0,241.0,232.0,234.0,341000,99.46844399390037,96.522954351869
2023/10/05,235.0,243.0,235.0,240.0,314200,99.96661593619687,96.59574047589658
2023/10/06,241.0,242.0,237.0,240.0,341800,100.4628110136726,96.71154704155236
2023/10/10,242.0,249.0,241.0,249.0,494100,99.07892551846508,96.41820340959313
2023/10/11,250.0,251.0,246.0,249.0,268400,98.94647629962387,96.9481703171
2023/10/12,251.0,252.0,245.0,252.0,258500,98.77395658001458,96.85190603128449
2023/10/13,249.0,255.0,246.0,249.0,502400,99.3994030288325,97.4861288576073
2023/10/16,245.0,246.0,241.0,243.0,240500,98.80698046193622,96.58207532678647
2023/10/17,243.0,247.0,241.0,245.0,173700,98.41362515905418,96.32443786235459
2023/10/18,246.0,252.0,246.0,252.0,460300,101.59660362527134,99.1242053702296
2023/10/19,249.0,256.0,247.0,250.0,417700,100.85168494657397,98.255407056619
2023/10/20,250.0,254.0,245.0,247.0,220000,98.82767556252249,95.85213358290461
2023/10/23,248.0,250.0,246.0,246.0,257500,100.02896786095926,96.89909530125476
2023/10/24,247.0,247.0,239.0,245.0,360300,100.43589898153135,97.44181333428098
2023/10/25,248.0,255.0,247.0,253.0,642500,103.2310227610372,100.1260852163004
2023/10/26,251.0,254.0,249.0,252.0,556400,105.71971607395861,101.35845125829725
2023/10/27,251.0,257.0,250.0,257.0,595200,109.11218678172006,105.08075112943519
2023/10/30,256.0,260.0,252.0,253.0,964600,109.31343320441079,105.18163709934359
2023/10/31,258.0,264.0,255.0,263.0,659500,113.41273311321636,108.75726064530609
2023/11/01,266.0,274.0,266.0,273.0,736500,116.57473226255166,111.83395279691702
2023/11/02,276.0,278.0,269.0,272.0,593900,112.95629224999246,109.43074937834747
2023/11/06,274.0,277.0,271.0,276.0,557300,113.30885177773817,110.3151742022999
2023/11/07,275.0,283.0,273.0,280.0,594000,116.26288222022545,112.95664740932682
2023/11/08,281.0,281.0,263.0,263.0,911000,107.91211534491842,105.87845108771445
2023/11/09,260.0,262.0,253.0,258.0,463200,103.7810273424665,102.38058316849741
2023/11/10,256.0,261.0,253.0,261.0,496600,109.95316825694759,107.2358998273908
2023/11/13,263.0,266.0,259.0,259.0,351000,108.95357061348999,106.32861090957462
2023/11/14,262.0,262.0,255.0,258.0,225800,108.26831549694064,105.92125443912275
2023/11/15,260.0,260.0,253.0,257.0,345200,106.3845076828913,105.25147935782759
2023/11/16,257.0,258.0,252.0,252.0,169100,102.72182544900834,102.04615592777988
2023/11/17,247.0,254.0,246.0,251.0,124900,101.21833412174526,100.23717694809716
2023/11/20,251.0,258.0,251.0,253.0,295500,101.31745923377493,100.64266605145602
2023/11/21,255.0,258.0,253.0,255.0,280200,101.87262485164352,101.81294897962046
2023/11/22,255.0,258.0,255.0,256.0,156500,99.18263537553099,99.22991010334583
2023/11/24,256.0,260.0,256.0,258.0,121000,95.59840460585848,95.92820828141672
2023/11/27,257.0,258.0,254.0,257.0,276800,94.08398656117475,94.03124434104998
2023/11/28,258.0,261.0,256.0,256.0,148200,94.19746189084982,94.15202955995412
2023/11/29,255.0,257.0,250.0,251.0,379900,93.63691418794923,93.67788726768642
2023/11/30,249.0,252.0,249.0,252.0,292900,96.55029665747887,95.8091243263438
2023/12/01,253.0,253.0,250.0,252.0,221000,96.49042610283797,95.24109197472127
2023/12/04,251.0,253.0,250.0,252.0,247300,98.12473836897018,96.6338645165387
2023/12/05,253.0,253.0,249.0,249.0,185200,99.46044000953256,97.31695819281776
2023/12/06,249.0,251.0,249.0,249.0,149800,95.87038895232205,94.52139901178379
2023/12/07,249.0,251.0,247.0,249.0,208400,97.64429966800783,95.72547456169822
2023/12/08,250.0,255.0,250.0,250.0,248800,100.88764112035666,98.5834214283155
2023/12/11,251.0,254.0,248.0,250.0,397400,98.72834771370108,96.49848916830551
2023/12/12,249.0,250.0,244.0,244.0,289400,96.59540242435091,94.80095839459032
2023/12/13,244.0,245.0,240.0,240.0,220700,94.57625505335497,92.8697490755896
2023/12/14,240.0,241.0,232.0,234.0,202900,92.54441429503694,91.69394219695197
2023/12/15,233.0,236.0,231.0,233.0,204000,89.6459701185502,89.78357168583051
2023/12/18,230.0,233.0,228.0,231.0,160100,89.3331451797056,89.75253194530146
2023/12/19,230.0,233.0,230.0,230.0,223400,81.75475427654358,83.46593957710537
2023/12/20,231.0,236.0,230.0,232.0,243100,81.88741290083085,84.21816328923735
2023/12/21,230.0,233.0,229.0,229.0,284700,81.04816974693179,83.1262388440782
2023/12/22,231.0,234.0,231.0,233.0,121700,79.78038268097838,81.93579011365159
2023/12/25,233.0,233.0,231.0,232.0,43900,78.06065274300882,80.01514068217202
2023/12/26,232.0,233.0,230.0,231.0,154300,74.87142091511605,77.0032653270643
2023/12/27,231.0,235.0,231.0,235.0,165300,71.78998118648542,74.08559664855855
2023/12/28,234.0,236.0,233.0,234.0,92800,71.67359175494732,73.9213106464926
2023/12/29,234.0,237.0,233.0,234.0,149800,70.72371629466024,72.50440446182522
2024/01/04,235.0,236.0,231.0,235.0,155100,71.76494447340409,72.68823198772442
2024/01/05,236.0,238.0,235.0,237.0,231200,73.18656594787744,73.70286767915401
2024/01/09,241.0,243.0,240.0,242.0,367900,73.00202048434586,73.39556384855743
2024/01/10,242.0,243.0,239.0,242.0,229200,72.30318097925685,73.23774795323833
2024/01/11,243.0,246.0,242.0,244.0,220100,70.81950903436085,72.12433749900494
2024/01/12,245.0,245.0,238.0,239.0,402800,63.57455719401478,66.07076959709956
2024/01/15,238.0,242.0,238.0,241.0,247300,64.43827694911168,66.93992967931607
2024/01/16,241.0,241.0,237.0,238.0,221500,66.66154891616452,69.03327764793869
2024/01/17,239.0,240.0,235.0,235.0,212400,68.51771934168667,70.32709231693379
2024/01/18,235.0,238.0,234.0,236.0,198000,70.00256358995455,72.27430458496596
2024/01/19,237.0,237.0,234.0,236.0,138600,69.98029134863988,72.75890572805042
2024/01/22,237.0,238.0,235.0,238.0,216200,70.08669691998931,72.77249422378716
2024/01/23,238.0,238.0,233.0,233.0,260300,68.03992817276048,70.63792376881847
2024/01/24,233.0,239.0,233.0,239.0,348300,70.87662784726739,73.39857393839632
2024/01/25,240.0,241.0,237.0,237.0,127100,69.63524071975155,72.05752592916991
2024/01/26,237.0,241.0,235.0,239.0,330200,69.60287133994282,72.13712296402723
2024/01/29,240.0,242.0,239.0,242.0,155000,68.2501894826895,70.24438927280625
2024/01/30,241.0,242.0,239.0,239.0,358000,69.11845504032816,71.30662246736182
2024/01/31,239.0,242.0,237.0,240.0,301700,68.5121357102918,70.28091269006963
2024/02/01,239.0,240.0,236.0,237.0,246500,67.79677485624462,69.09607357646841
2024/02/02,238.0,238.0,233.0,236.0,298700,68.01199291332892,69.35098241916442
2024/02/05,237.0,238.0,234.0,236.0,223000,70.5014269855981,71.64475853273773
2024/02/06,235.0,235.0,232.0,233.0,274000,69.68374900980102,71.09201166683079
2024/02/07,233.0,233.0,230.0,232.0,229000,69.53632668241654,70.78663057214885
2024/02/08,232.0,232.0,228.0,229.0,303400,68.5431806393789,70.95288824371848
2024/02/09,230.0,231.0,227.0,229.0,231300,68.69482386573387,71.15483759988744
2024/02/13,229.0,232.0,229.0,231.0,128600,67.7238040096882,71.07372025441107
2024/02/14,231.0,231.0,227.0,227.0,120100,67.58374377554432,71.25702564753709
2024/02/15,228.0,228.0,221.0,221.0,281200,65.47344889933474,69.64387820062359
2024/02/16,221.0,224.0,220.0,222.0,175500,65.04087575731519,69.04823559369382
2024/02/19,224.0,234.0,224.0,233.0,278600,68.06128979315143,72.04501363448612
2024/02/20,234.0,236.0,232.0,233.0,196000,67.82800031643302,71.8726273879007
2024/02/21,234.0,240.0,233.0,238.0,302100,67.98205817697642,72.15022352151065
2024/02/22,238.0,244.0,238.0,243.0,295700,68.80023166857526,73.22524026754454
2024/02/26,244.0,254.0,243.0,254.0,448000,70.73441796440531,75.42575562904995
2024/02/27,253.0,258.0,251.0,251.0,387500,70.22344371184971,74.71655802214704
2024/02/28,252.0,273.0,252.0,265.0,809600,73.50958938183722,78.22829535360543
2024/02/29,263.0,271.0,262.0,270.0,300800,75.52549218835,80.1857207735528
2024/03/01,270.0,280.0,268.0,280.0,425700,77.74964839665614,82.81887308394838
2024/03/04,281.0,281.0,270.0,273.0,656400,75.668505433512,80.87950493451288
2024/03/05,265.0,270.0,262.0,264.0,776200,72.24245562179004,76.93351205430298
2024/03/06,260.0,267.0,258.0,267.0,470500,73.42443620714427,77.73783859672906
2024/03/07,266.0,279.0,266.0,277.0,428200,75.8424284413674,79.93538783406697
2024/03/08,278.0,300.0,277.0,300.0,999400,81.19622203900705,85.31013060075468
2024/03/11,301.0,302.0,276.0,284.0,910300,83.109494023199,86.97648289450458
2024/03/12,276.0,287.0,274.0,285.0,662300,87.32250620878165,91.21473119267017
2024/03/13,289.0,295.0,282.0,287.0,644900,85.93847534587691,90.38473257986833
2024/03/14,290.0,301.0,283.0,290.0,900500,89.3119615415549,93.39001469179685
2024/03/15,286.0,315.0,286.0,300.0,894300,93.32512016193776,96.95753520369436
2024/03/18,305.0,316.0,301.0,304.0,1073700,92.84893457429065,97.05856099119872
2024/03/19,306.0,311.0,296.0,311.0,987700,92.84072813881559,96.48315827255257
2024/03/21,311.0,316.0,305.0,306.0,838300,90.16147942906441,93.9460724939906
2024/03/22,310.0,311.0,303.0,310.0,480300,91.4644045536526,94.91830688504795
2024/03/25,308.0,320.0,300.0,312.0,954700,93.44646330287044,97.07700391807288
2024/03/26,316.0,323.0,312.0,318.0,573100,94.18026507512994,97.78247423325168
2024/03/27,318.0,319.0,308.0,311.0,494700,91.3046410086995,95.14927995586369
2024/03/28,307.0,316.0,305.0,310.0,466300,93.22468773353323,97.17757441563096
2024/03/29,309.0,316.0,306.0,306.0,279600,93.22551389054924,97.12087230233286
2024/04/01,308.0,308.0,293.0,297.0,320400,90.66052918469939,94.9198622625908
2024/04/02,302.0,305.0,296.0,300.0,280700,90.25996129352642,94.7265591462643
2024/04/03,295.0,301.0,293.0,299.0,168300,90.46899996600953,94.06158094448575
2024/04/04,302.0,310.0,300.0,309.0,368300,90.82407330622449,94.3951154169654
2024/04/05,304.0,306.0,299.0,302.0,245100,91.08281437192858,93.85683167716901
2024/04/08,305.0,309.0,302.0,306.0,185400,91.06170267514736,93.9328560544619
2024/04/09,307.0,315.0,306.0,314.0,273000,93.0163649349082,95.79993172518556
2024/04/10,310.0,317.0,309.0,310.0,286900,92.4119102251492,95.30643841434744
2024/04/11,308.0,315.0,307.0,311.0,233300,95.28499609416417,97.56649441955096
2024/04/12,312.0,315.0,309.0,315.0,215900,99.16638169938805,100.62333932677387
2024/04/15,312.0,315.0,311.0,312.0,174200,99.0238557186222,100.30640645549764
2024/04/16,314.0,314.0,302.0,303.0,462600,97.29205279668237,98.82699317110719
2024/04/17,302.0,304.0,297.0,302.0,400300,98.09363623431993,99.73196765303224
2024/04/18,298.0,307.0,297.0,306.0,189900,98.83513256209727,100.04993701569092
2024/04/19,306.0,311.0,301.0,305.0,328800,101.74410466748813,102.30984734091766
