date,open,high,low,close,volume,rs_nikkei,rs_topix
2014/03/26,1031.0,1042.0,1015.0,1026.0,1309700,-1.0,-1.0
2014/03/27,1021.0,1067.0,1011.0,1063.0,2227500,-1.0,-1.0
2014/03/28,1040.0,1049.0,1026.0,1042.0,1740100,-1.0,-1.0
2014/03/31,1059.0,1069.0,1039.0,1064.0,1856200,-1.0,-1.0
2014/04/01,1058.0,1060.0,1014.0,1026.0,1734600,-1.0,-1.0
2014/04/02,1020.0,1034.0,1015.0,1025.0,2050500,-1.0,-1.0
2014/04/03,1025.0,1034.0,1020.0,1025.0,1132000,-1.0,-1.0
2014/04/04,1024.0,1031.0,1017.0,1020.0,1481800,-1.0,-1.0
2014/04/07,1016.0,1026.0,1005.0,1006.0,894300,-1.0,-1.0
2014/04/08,1000.0,1003.0,981.0,988.0,2138400,-1.0,-1.0
2014/04/09,981.0,982.0,939.0,962.0,3327300,-1.0,-1.0
2014/04/10,965.0,986.0,947.0,950.0,2256900,-1.0,-1.0
2014/04/11,935.0,962.0,917.0,951.0,3379100,-1.0,-1.0
2014/04/14,936.0,972.0,918.0,920.0,1703300,-1.0,-1.0
2014/04/15,923.0,929.0,912.0,918.0,1040200,-1.0,-1.0
2014/04/16,928.0,958.0,924.0,958.0,1490900,-1.0,-1.0
2014/04/17,961.0,974.0,958.0,964.0,1499600,-1.0,-1.0
2014/04/18,972.0,977.0,960.0,977.0,1188900,-1.0,-1.0
2014/04/21,977.0,991.0,973.0,985.0,1414700,-1.0,-1.0
2014/04/22,991.0,1003.0,982.0,984.0,1289300,-1.0,-1.0
2014/04/23,990.0,993.0,963.0,980.0,1375100,-1.0,-1.0
2014/04/24,979.0,985.0,958.0,971.0,1183300,-1.0,-1.0
2014/04/25,990.0,1016.0,977.0,978.0,2913000,-1.0,-1.0
2014/04/28,963.0,974.0,958.0,969.0,976600,-1.0,-1.0
2014/04/30,977.0,988.0,968.0,972.0,1257600,-1.0,-1.0
2014/05/01,997.0,1017.0,985.0,1006.0,2352900,-1.0,-1.0
2014/05/02,1000.0,1005.0,979.0,989.0,1972600,-1.0,-1.0
2014/05/07,974.0,979.0,950.0,975.0,2162600,-1.0,-1.0
2014/05/08,973.0,1022.0,973.0,1016.0,2294600,-1.0,-1.0
2014/05/09,1005.0,1033.0,1001.0,1028.0,1989400,-1.0,-1.0
2014/05/12,1030.0,1031.0,1012.0,1013.0,936400,-1.0,-1.0
2014/05/13,1039.0,1041.0,1020.0,1035.0,1467800,-1.0,-1.0
2014/05/14,1026.0,1049.0,1021.0,1046.0,1134800,-1.0,-1.0
2014/05/15,1022.0,1057.0,1021.0,1055.0,1341200,-1.0,-1.0
2014/05/16,1037.0,1048.0,1024.0,1042.0,1625500,-1.0,-1.0
2014/05/19,1043.0,1054.0,1032.0,1048.0,1310900,-1.0,-1.0
2014/05/20,1057.0,1082.0,1051.0,1081.0,1741100,-1.0,-1.0
2014/05/21,1069.0,1084.0,1059.0,1064.0,1609300,-1.0,-1.0
2014/05/22,1062.0,1064.0,1036.0,1049.0,1347500,-1.0,-1.0
2014/05/23,1054.0,1074.0,1050.0,1057.0,1246100,-1.0,-1.0
2014/05/26,1074.0,1094.0,1072.0,1094.0,1489800,-1.0,-1.0
2014/05/27,1086.0,1105.0,1080.0,1083.0,1334800,-1.0,-1.0
2014/05/28,1087.0,1091.0,1059.0,1064.0,1599200,-1.0,-1.0
2014/05/29,1063.0,1076.0,1060.0,1066.0,971900,-1.0,-1.0
2014/05/30,1072.0,1115.0,1066.0,1081.0,3006400,-1.0,-1.0
2014/06/02,1089.0,1101.0,1085.0,1096.0,1426200,-1.0,-1.0
2014/06/03,1124.0,1124.0,1101.0,1107.0,1603700,-1.0,-1.0
2014/06/04,1104.0,1105.0,1088.0,1096.0,923300,-1.0,-1.0
2014/06/05,1105.0,1114.0,1097.0,1101.0,1233800,-1.0,-1.0
2014/06/06,1102.0,1108.0,1075.0,1087.0,1378100,-1.0,-1.0
2014/06/09,1097.0,1097.0,1071.0,1073.0,653500,-1.0,-1.0
2014/06/10,1092.0,1099.0,1086.0,1089.0,1756400,-1.0,-1.0
2014/06/11,1096.0,1114.0,1089.0,1106.0,1246300,-1.0,-1.0
2014/06/12,1107.0,1117.0,1099.0,1114.0,979500,-1.0,-1.0
2014/06/13,1097.0,1112.0,1094.0,1107.0,1488500,-1.0,-1.0
2014/06/16,1094.0,1108.0,1092.0,1095.0,830100,-1.0,-1.0
2014/06/17,1101.0,1118.0,1100.0,1115.0,841100,-1.0,-1.0
2014/06/18,1112.0,1126.0,1112.0,1126.0,865000,-1.0,-1.0
2014/06/19,1131.0,1154.0,1129.0,1148.0,1669500,-1.0,-1.0
2014/06/20,1147.0,1153.0,1136.0,1141.0,1264300,-1.0,-1.0
2014/06/23,1150.0,1150.0,1132.0,1138.0,594300,-1.0,-1.0
2014/06/24,1139.0,1149.0,1122.0,1145.0,757500,-1.0,-1.0
2014/06/25,1146.0,1177.0,1145.0,1153.0,1285500,-1.0,-1.0
2014/06/26,1155.0,1174.0,1155.0,1161.0,1091200,-1.0,-1.0
2014/06/27,1158.0,1176.0,1143.0,1164.0,1113200,-1.0,-1.0
2014/06/30,1174.0,1189.0,1160.0,1189.0,1585600,-1.0,-1.0
2014/07/01,1188.0,1198.0,1177.0,1193.0,1564500,-1.0,-1.0
2014/07/02,1193.0,1196.0,1186.0,1191.0,898600,-1.0,-1.0
2014/07/03,1195.0,1235.0,1186.0,1226.0,1777100,-1.0,-1.0
2014/07/04,1229.0,1230.0,1206.0,1214.0,892900,-1.0,-1.0
2014/07/07,1214.0,1226.0,1205.0,1210.0,697600,-1.0,-1.0
2014/07/08,1198.0,1216.0,1189.0,1211.0,1260600,-1.0,-1.0
2014/07/09,1192.0,1206.0,1191.0,1197.0,826900,-1.0,-1.0
2014/07/10,1199.0,1209.0,1177.0,1179.0,594000,-1.0,-1.0
2014/07/11,1162.0,1169.0,1146.0,1156.0,952000,-1.0,-1.0
2014/07/14,1158.0,1189.0,1154.0,1187.0,894000,-1.0,-1.0
2014/07/15,1194.0,1206.0,1190.0,1200.0,824200,-1.0,-1.0
2014/07/16,1202.0,1207.0,1188.0,1196.0,1178000,-1.0,-1.0
2014/07/17,1202.0,1209.0,1180.0,1186.0,856300,-1.0,-1.0
2014/07/18,1168.0,1177.0,1165.0,1171.0,713100,-1.0,-1.0
2014/07/22,1184.0,1193.0,1176.0,1179.0,572600,-1.0,-1.0
2014/07/23,1179.0,1185.0,1168.0,1170.0,525600,-1.0,-1.0
2014/07/24,1167.0,1168.0,1148.0,1150.0,763900,-1.0,-1.0
2014/07/25,1160.0,1165.0,1155.0,1163.0,713900,-1.0,-1.0
2014/07/28,1163.0,1168.0,1156.0,1160.0,596100,-1.0,-1.0
2014/07/29,1164.0,1172.0,1125.0,1156.0,781700,-1.0,-1.0
2014/07/30,1141.0,1148.0,1120.0,1145.0,1237500,-1.0,-1.0
2014/07/31,1145.0,1154.0,1122.0,1136.0,1134800,-1.0,-1.0
2014/08/01,1140.0,1188.0,1140.0,1172.0,1931200,-1.0,-1.0
2014/08/04,1161.0,1172.0,1151.0,1157.0,1023700,-1.0,-1.0
2014/08/05,1173.0,1188.0,1157.0,1162.0,1717200,-1.0,-1.0
2014/08/06,1158.0,1164.0,1122.0,1129.0,967600,-1.0,-1.0
2014/08/07,1134.0,1142.0,1122.0,1137.0,678800,-1.0,-1.0
2014/08/08,1134.0,1149.0,1116.0,1116.0,1176700,-1.0,-1.0
2014/08/11,1131.0,1137.0,1114.0,1133.0,844900,-1.0,-1.0
2014/08/12,1138.0,1145.0,1133.0,1141.0,789600,-1.0,-1.0
2014/08/13,1137.0,1143.0,1132.0,1142.0,733000,-1.0,-1.0
2014/08/14,1142.0,1158.0,1141.0,1152.0,1029900,-1.0,-1.0
2014/08/15,1157.0,1166.0,1155.0,1166.0,1065000,-1.0,-1.0
2014/08/18,1179.0,1197.0,1168.0,1176.0,2160400,-1.0,-1.0
2014/08/19,1189.0,1218.0,1187.0,1209.0,1833000,-1.0,-1.0
2014/08/20,1218.0,1220.0,1191.0,1192.0,1118100,-1.0,-1.0
2014/08/21,1196.0,1202.0,1182.0,1200.0,1116300,-1.0,-1.0
2014/08/22,1206.0,1207.0,1187.0,1190.0,629800,-1.0,-1.0
2014/08/25,1196.0,1202.0,1184.0,1189.0,1236000,-1.0,-1.0
2014/08/26,1195.0,1198.0,1166.0,1174.0,800100,-1.0,-1.0
2014/08/27,1174.0,1188.0,1169.0,1183.0,1326400,-1.0,-1.0
2014/08/28,1168.0,1174.0,1151.0,1158.0,1453100,-1.0,-1.0
2014/08/29,1152.0,1169.0,1147.0,1149.0,1392100,-1.0,-1.0
2014/09/01,1143.0,1159.0,1143.0,1157.0,746700,-1.0,-1.0
2014/09/02,1157.0,1184.0,1157.0,1174.0,1498200,-1.0,-1.0
2014/09/03,1187.0,1200.0,1182.0,1200.0,1347300,-1.0,-1.0
2014/09/04,1194.0,1200.0,1185.0,1193.0,991300,-1.0,-1.0
2014/09/05,1199.0,1204.0,1186.0,1187.0,992500,-1.0,-1.0
2014/09/08,1201.0,1213.0,1195.0,1208.0,1536400,-1.0,-1.0
2014/09/09,1213.0,1213.0,1175.0,1186.0,1330800,-1.0,-1.0
2014/09/10,1182.0,1209.0,1181.0,1203.0,1056900,-1.0,-1.0
2014/09/11,1210.0,1218.0,1202.0,1211.0,1198000,-1.0,-1.0
2014/09/12,1219.0,1220.0,1191.0,1213.0,2023800,-1.0,-1.0
2014/09/16,1219.0,1225.0,1209.0,1221.0,1782000,-1.0,-1.0
2014/09/17,1221.0,1235.0,1203.0,1204.0,1718800,-1.0,-1.0
2014/09/18,1222.0,1237.0,1218.0,1230.0,1947500,-1.0,-1.0
2014/09/19,1234.0,1245.0,1221.0,1236.0,1856300,-1.0,-1.0
2014/09/22,1238.0,1240.0,1222.0,1224.0,833600,-1.0,-1.0
2014/09/24,1211.0,1232.0,1207.0,1232.0,1007700,-1.0,-1.0
2014/09/25,1238.0,1250.0,1228.0,1250.0,1251800,-1.0,-1.0
2014/09/26,1237.0,1255.0,1233.0,1253.0,1058700,-1.0,-1.0
2014/09/29,1254.0,1268.0,1243.0,1267.0,1236400,-1.0,-1.0
2014/09/30,1264.0,1264.0,1237.0,1246.0,996100,-1.0,-1.0
2014/10/01,1245.0,1255.0,1240.0,1243.0,1590100,-1.0,-1.0
2014/10/02,1236.0,1246.0,1191.0,1197.0,1877600,-1.0,-1.0
2014/10/03,1190.0,1204.0,1173.0,1179.0,1367200,-1.0,-1.0
2014/10/06,1195.0,1205.0,1170.0,1171.0,1529300,-1.0,-1.0
2014/10/07,1178.0,1204.0,1178.0,1187.0,1375900,-1.0,-1.0
2014/10/08,1163.0,1179.0,1162.0,1163.0,1425800,-1.0,-1.0
2014/10/09,1168.0,1180.0,1154.0,1159.0,1537600,-1.0,-1.0
2014/10/10,1137.0,1158.0,1134.0,1151.0,1511400,-1.0,-1.0
2014/10/14,1131.0,1146.0,1128.0,1133.0,1473800,-1.0,-1.0
2014/10/15,1148.0,1164.0,1139.0,1145.0,1523500,-1.0,-1.0
2014/10/16,1118.0,1118.0,1093.0,1096.0,1805300,-1.0,-1.0
2014/10/17,1102.0,1121.0,1101.0,1108.0,1895300,-1.0,-1.0
2014/10/20,1144.0,1159.0,1126.0,1155.0,1578200,-1.0,-1.0
2014/10/21,1155.0,1163.0,1132.0,1142.0,1462800,-1.0,-1.0
2014/10/22,1160.0,1174.0,1156.0,1173.0,1281500,-1.0,-1.0
2014/10/23,1170.0,1173.0,1158.0,1165.0,1003600,-1.0,-1.0
2014/10/24,1180.0,1186.0,1159.0,1166.0,1006900,-1.0,-1.0
2014/10/27,1178.0,1208.0,1178.0,1198.0,1808900,-1.0,-1.0
2014/10/28,1207.0,1246.0,1205.0,1242.0,2911600,-1.0,-1.0
2014/10/29,1246.0,1258.0,1238.0,1251.0,2392300,-1.0,-1.0
2014/10/30,1260.0,1295.0,1257.0,1284.0,3265200,-1.0,-1.0
2014/10/31,1304.0,1430.0,1303.0,1373.0,5422400,-1.0,-1.0
2014/11/04,1450.0,1459.0,1408.0,1414.0,5650700,-1.0,-1.0
2014/11/05,1401.0,1434.0,1382.0,1431.0,2852000,-1.0,-1.0
2014/11/06,1430.0,1444.0,1396.0,1398.0,1850200,-1.0,-1.0
2014/11/07,1418.0,1449.0,1416.0,1445.0,1861300,-1.0,-1.0
2014/11/10,1438.0,1442.0,1416.0,1428.0,1339100,-1.0,-1.0
2014/11/11,1435.0,1464.0,1429.0,1455.0,1892100,-1.0,-1.0
2014/11/12,1465.0,1477.0,1440.0,1442.0,1904100,-1.0,-1.0
2014/11/13,1437.0,1457.0,1434.0,1448.0,1824300,-1.0,-1.0
2014/11/14,1474.0,1493.0,1466.0,1492.0,2291000,-1.0,-1.0
2014/11/17,1489.0,1491.0,1430.0,1439.0,2147600,-1.0,-1.0
2014/11/18,1460.0,1491.0,1423.0,1481.0,2878700,-1.0,-1.0
2014/11/19,1497.0,1515.0,1475.0,1486.0,1678600,-1.0,-1.0
2014/11/20,1494.0,1495.0,1438.0,1443.0,1537800,-1.0,-1.0
2014/11/21,1444.0,1450.0,1418.0,1444.0,1526900,-1.0,-1.0
2014/11/25,1466.0,1467.0,1412.0,1420.0,2273700,-1.0,-1.0
2014/11/26,1413.0,1440.0,1406.0,1411.0,1220400,-1.0,-1.0
2014/11/27,1402.0,1412.0,1353.0,1356.0,1727000,-1.0,-1.0
2014/11/28,1362.0,1383.0,1362.0,1375.0,1582100,-1.0,-1.0
2014/12/01,1392.0,1432.0,1390.0,1397.0,2014900,-1.0,-1.0
2014/12/02,1403.0,1438.0,1373.0,1432.0,1957200,-1.0,-1.0
2014/12/03,1435.0,1438.0,1412.0,1416.0,1486100,-1.0,-1.0
2014/12/04,1425.0,1437.0,1406.0,1408.0,2019900,-1.0,-1.0
2014/12/05,1408.0,1426.0,1405.0,1424.0,1317300,-1.0,-1.0
2014/12/08,1444.0,1460.0,1416.0,1428.0,1624800,-1.0,-1.0
2014/12/09,1410.0,1428.0,1405.0,1428.0,1388700,-1.0,-1.0
2014/12/10,1433.0,1459.0,1405.0,1415.0,2095200,-1.0,-1.0
2014/12/11,1406.0,1423.0,1391.0,1407.0,1790900,-1.0,-1.0
2014/12/12,1422.0,1449.0,1421.0,1421.0,2362400,-1.0,-1.0
2014/12/15,1407.0,1422.0,1382.0,1392.0,1389400,-1.0,-1.0
2014/12/16,1362.0,1379.0,1351.0,1363.0,1377600,-1.0,-1.0
2014/12/17,1363.0,1390.0,1354.0,1382.0,1559600,-1.0,-1.0
2014/12/18,1429.0,1438.0,1395.0,1408.0,2065100,-1.0,-1.0
2014/12/19,1440.0,1460.0,1405.0,1431.0,1892700,-1.0,-1.0
2014/12/22,1435.0,1444.0,1413.0,1425.0,1353500,-1.0,-1.0
2014/12/24,1430.0,1433.0,1398.0,1412.0,1397200,-1.0,-1.0
2014/12/25,1406.0,1407.0,1384.0,1388.0,859900,-1.0,-1.0
2014/12/26,1388.0,1423.0,1388.0,1418.0,669300,-1.0,-1.0
2014/12/29,1425.0,1438.0,1396.0,1423.0,838300,-1.0,-1.0
2014/12/30,1433.0,1433.0,1406.0,1406.0,553900,-1.0,-1.0
2015/01/05,1397.0,1406.0,1378.0,1389.0,979500,-1.0,-1.0
2015/01/06,1365.0,1367.0,1334.0,1334.0,1454700,-1.0,-1.0
2015/01/07,1334.0,1359.0,1333.0,1348.0,1395600,-1.0,-1.0
2015/01/08,1357.0,1382.0,1346.0,1364.0,1248200,-1.0,-1.0
2015/01/09,1369.0,1380.0,1360.0,1368.0,991400,-1.0,-1.0
2015/01/13,1360.0,1379.0,1337.0,1378.0,1339900,-1.0,-1.0
2015/01/14,1358.0,1374.0,1337.0,1343.0,1165500,-1.0,-1.0
2015/01/15,1357.0,1368.0,1333.0,1355.0,1117800,-1.0,-1.0
2015/01/16,1326.0,1354.0,1304.0,1354.0,1511600,-1.0,-1.0
2015/01/19,1364.0,1384.0,1360.0,1380.0,1143800,-1.0,-1.0
2015/01/20,1384.0,1408.0,1380.0,1398.0,1311200,-1.0,-1.0
2015/01/21,1388.0,1389.0,1345.0,1360.0,1455400,-1.0,-1.0
2015/01/22,1358.0,1360.0,1331.0,1337.0,1391100,-1.0,-1.0
2015/01/23,1359.0,1368.0,1340.0,1368.0,1076800,-1.0,-1.0
2015/01/26,1339.0,1363.0,1337.0,1357.0,857500,-1.0,-1.0
2015/01/27,1357.0,1430.0,1356.0,1430.0,1990200,-1.0,-1.0
2015/01/28,1415.0,1468.0,1415.0,1459.0,2484800,-1.0,-1.0
2015/01/29,1459.0,1483.0,1448.0,1453.0,1585800,-1.0,-1.0
2015/01/30,1478.0,1515.0,1475.0,1492.0,2208600,-1.0,-1.0
2015/02/02,1477.0,1495.0,1445.0,1488.0,1682500,-1.0,-1.0
2015/02/03,1498.0,1503.0,1458.0,1469.0,1952900,-1.0,-1.0
2015/02/04,1485.0,1493.0,1457.0,1486.0,1868500,-1.0,-1.0
2015/02/05,1493.0,1518.0,1481.0,1487.0,1509400,-1.0,-1.0
2015/02/06,1508.0,1517.0,1435.0,1455.0,2214100,-1.0,-1.0
2015/02/09,1479.0,1480.0,1429.0,1443.0,1466800,-1.0,-1.0
2015/02/10,1463.0,1478.0,1440.0,1457.0,1105900,-1.0,-1.0
2015/02/12,1487.0,1513.0,1470.0,1507.0,2019900,-1.0,-1.0
2015/02/13,1505.0,1507.0,1451.0,1459.0,1927100,-1.0,-1.0
2015/02/16,1467.0,1478.0,1423.0,1442.0,1865500,-1.0,-1.0
2015/02/17,1446.0,1460.0,1432.0,1448.0,1123700,-1.0,-1.0
2015/02/18,1452.0,1453.0,1420.0,1428.0,2487900,-1.0,-1.0
2015/02/19,1430.0,1435.0,1419.0,1430.0,1967400,-1.0,-1.0
2015/02/20,1421.0,1425.0,1401.0,1412.0,2190500,-1.0,-1.0
2015/02/23,1418.0,1420.0,1385.0,1400.0,2295000,-1.0,-1.0
2015/02/24,1409.0,1424.0,1391.0,1422.0,2305100,-1.0,-1.0
2015/02/25,1424.0,1441.0,1414.0,1419.0,1498300,-1.0,-1.0
2015/02/26,1414.0,1422.0,1391.0,1414.0,1943100,-1.0,-1.0
2015/02/27,1421.0,1430.0,1398.0,1401.0,1873900,-1.0,-1.0
2015/03/02,1398.0,1404.0,1392.0,1397.0,1309700,-1.0,-1.0
2015/03/03,1396.0,1402.0,1384.0,1395.0,1298700,-1.0,-1.0
2015/03/04,1398.0,1398.0,1371.0,1389.0,2047100,-1.0,-1.0
2015/03/05,1389.0,1398.0,1381.0,1395.0,2009100,-1.0,-1.0
2015/03/06,1397.0,1425.0,1395.0,1423.0,2180200,-1.0,-1.0
2015/03/09,1415.0,1417.0,1380.0,1392.0,2114900,-1.0,-1.0
2015/03/10,1398.0,1404.0,1383.0,1383.0,1305200,-1.0,-1.0
2015/03/11,1380.0,1411.0,1380.0,1398.0,1556800,-1.0,-1.0
2015/03/12,1403.0,1408.0,1390.0,1397.0,908900,-1.0,-1.0
2015/03/13,1411.0,1419.0,1398.0,1399.0,1764500,-1.0,-1.0
2015/03/16,1395.0,1401.0,1378.0,1382.0,1327600,-1.0,-1.0
2015/03/17,1394.0,1395.0,1369.0,1370.0,1267100,-1.0,-1.0
2015/03/18,1374.0,1395.0,1371.0,1376.0,1656300,-1.0,-1.0
2015/03/19,1371.0,1374.0,1336.0,1350.0,2194900,-1.0,-1.0
2015/03/20,1356.0,1368.0,1343.0,1368.0,1318200,-1.0,-1.0
2015/03/23,1368.0,1376.0,1348.0,1357.0,1036100,-1.0,-1.0
2015/03/24,1346.0,1380.0,1340.0,1378.0,1556300,-1.0,-1.0
2015/03/25,1378.0,1403.0,1372.0,1380.0,2165000,-1.0,-1.0
2015/03/26,1379.0,1391.0,1359.0,1367.0,1181500,-1.0,-1.0
2015/03/27,1360.0,1364.0,1338.0,1348.0,1179500,-1.0,-1.0
2015/03/30,1347.0,1380.0,1344.0,1374.0,1091400,-1.0,-1.0
2015/03/31,1390.0,1398.0,1365.0,1366.0,1593800,-1.0,-1.0
2015/04/01,1357.0,1368.0,1349.0,1354.0,1478600,-1.0,-1.0
2015/04/02,1362.0,1373.0,1355.0,1361.0,1518400,-1.0,-1.0
2015/04/03,1361.0,1373.0,1345.0,1357.0,961000,-1.0,-1.0
2015/04/06,1351.0,1355.0,1333.0,1338.0,955600,101.53668016224778,101.99338724271581
2015/04/07,1345.0,1360.0,1329.0,1336.0,1570200,100.5665498061433,100.61584473118066
2015/04/08,1346.0,1384.0,1335.0,1384.0,2961700,103.95515159290072,104.19478296869778
2015/04/09,1382.0,1390.0,1376.0,1389.0,1140900,104.86796241390441,105.42503584562539
2015/04/10,1384.0,1390.0,1369.0,1375.0,1500000,101.38870933767221,103.15689014090532
2015/04/13,1371.0,1380.0,1360.0,1366.0,703900,103.75828366776732,106.02942442134898
2015/04/14,1366.0,1396.0,1366.0,1390.0,1062600,106.45319984206924,108.13438481282031
2015/04/15,1377.0,1409.0,1377.0,1405.0,1443100,106.41762833895837,107.6817756974901
2015/04/16,1405.0,1418.0,1395.0,1414.0,1249300,106.34591867718059,106.9862838245675
2015/04/17,1402.0,1409.0,1391.0,1397.0,1321700,105.6162339542582,105.60820492280618
2015/04/20,1395.0,1410.0,1378.0,1389.0,1235900,104.22815060185717,104.37058570189828
2015/04/21,1405.0,1441.0,1400.0,1441.0,2009400,105.83788269130162,105.81279614602386
2015/04/22,1440.0,1477.0,1438.0,1462.0,1365000,107.78170120431452,107.97531601200068
2015/04/23,1466.0,1472.0,1451.0,1460.0,851000,107.29038911873828,107.7962494624545
2015/04/24,1468.0,1485.0,1461.0,1468.0,1141100,108.18481803523284,108.483933482831
2015/04/27,1470.0,1504.0,1464.0,1488.0,1263900,109.79686594223317,110.09015399870026
2015/04/28,1496.0,1517.0,1496.0,1499.0,1114600,109.97349145697576,110.1548430938944
2015/04/30,1510.0,1510.0,1484.0,1507.0,1986300,111.16232791300267,111.18538550526236
2015/05/01,1469.0,1493.0,1448.0,1482.0,1555400,110.91925012332034,111.75046525140517
2015/05/07,1489.0,1574.0,1489.0,1550.0,4295700,112.00570255846036,112.3876121066147
2015/05/08,1543.0,1566.0,1529.0,1547.0,2225400,110.26492414645057,110.465928286215
2015/05/11,1560.0,1601.0,1551.0,1554.0,2169200,110.62776303614672,111.13476171504281
2015/05/12,1567.0,1606.0,1566.0,1601.0,2366700,113.70352433261957,113.76000094551837
2015/05/13,1605.0,1628.0,1594.0,1602.0,2138100,111.6288205655926,112.95602895168919
2015/05/14,1586.0,1608.0,1576.0,1596.0,1554800,110.526380242538,112.00275493718259
2015/05/15,1619.0,1648.0,1605.0,1625.0,1797100,111.40594313156569,112.47337004631028
2015/05/18,1616.0,1637.0,1609.0,1637.0,1415000,109.99538989751245,110.43707212822108
2015/05/19,1641.0,1693.0,1641.0,1688.0,2544100,109.74895990079918,110.26691536282685
2015/05/20,1690.0,1757.0,1690.0,1737.0,2893300,113.50500518684336,114.24353428752656
2015/05/21,1738.0,1777.0,1684.0,1726.0,2184400,116.77085202171689,116.83292530471354
2015/05/22,1715.0,1722.0,1697.0,1709.0,1503700,115.38957504646623,115.82260179106159
2015/05/25,1719.0,1766.0,1719.0,1761.0,1191300,115.14540890619904,115.90751932899335
2015/05/26,1770.0,1784.0,1746.0,1754.0,1998400,115.98761488974125,116.63084905833776
2015/05/27,1754.0,1758.0,1732.0,1753.0,2005200,118.06629860140032,118.82363172743837
2015/05/28,1760.0,1829.0,1742.0,1754.0,3590100,117.54567154739206,118.10438597463309
2015/05/29,1754.0,1774.0,1731.0,1743.0,2382800,114.73529081753804,115.743948489502
2015/06/01,1731.0,1800.0,1731.0,1797.0,1951600,119.05234514237173,119.21413773067233
2015/06/02,1800.0,1834.0,1778.0,1809.0,1798000,119.59274403900422,119.91899783530965
2015/06/03,1798.0,1806.0,1769.0,1791.0,1432700,120.26719593690241,120.74487978270596
2015/06/04,1780.0,1789.0,1741.0,1766.0,1937900,118.05461925007117,118.12762614892473
2015/06/05,1751.0,1771.0,1740.0,1746.0,1659900,118.36186795625987,118.95403650699829
2015/06/08,1735.0,1755.0,1712.0,1717.0,1528500,118.30177562077479,118.88628419583955
2015/06/09,1716.0,1766.0,1710.0,1752.0,3021600,120.0413288253974,120.95179057461489
2015/06/10,1753.0,1764.0,1732.0,1756.0,1677200,119.35266637828639,120.82296089634374
2015/06/11,1765.0,1809.0,1761.0,1790.0,2882500,118.03874188353858,120.61788941203528
2015/06/12,1802.0,1806.0,1722.0,1731.0,3396200,115.68669087177372,117.78392845691282
2015/06/15,1714.0,1733.0,1701.0,1713.0,1386800,114.58521692277748,116.92534117211575
2015/06/16,1709.0,1745.0,1709.0,1730.0,1239400,114.70198048592455,117.15349866627054
2015/06/17,1739.0,1743.0,1707.0,1709.0,1070000,113.46693861107767,116.05021662407876
2015/06/18,1700.0,1710.0,1682.0,1702.0,1375500,113.92291047653589,116.37891017273965
2015/06/19,1691.0,1722.0,1683.0,1683.0,1757500,112.22594167153036,114.75618192436366
2015/06/22,1676.0,1702.0,1669.0,1702.0,1026500,112.52290294799931,114.98481188429226
2015/06/23,1715.0,1730.0,1695.0,1723.0,1186300,111.19108398082362,113.86561867341038
2015/06/24,1750.0,1776.0,1721.0,1732.0,2037500,109.89545697293188,112.74421558091892
2015/06/25,1724.0,1733.0,1702.0,1702.0,1099500,108.04232509225136,110.84738771882672
2015/06/26,1706.0,1706.0,1662.0,1683.0,1026600,105.40589427450142,108.69029778312482
2015/06/29,1661.0,1676.0,1649.0,1661.0,1471300,105.32613400220872,108.55117972361248
2015/06/30,1665.0,1684.0,1655.0,1658.0,2014200,105.25911035249426,108.774680895344
2015/07/01,1657.0,1671.0,1629.0,1656.0,1262300,105.12324022271457,108.82557823750028
2015/07/02,1666.0,1669.0,1643.0,1647.0,1101400,100.46918078415126,104.21110066962349
2015/07/03,1639.0,1645.0,1619.0,1632.0,1520200,101.03504288148474,104.58080939322043
2015/07/06,1611.0,1645.0,1603.0,1614.0,1326300,102.00015473585668,105.35921004392681
2015/07/07,1638.0,1662.0,1631.0,1647.0,1715300,102.21584398289998,105.9713135647892
2015/07/08,1655.0,1667.0,1603.0,1603.0,1366600,103.82711668983684,107.54375174239821
2015/07/09,1584.0,1619.0,1558.0,1617.0,1776500,105.10643380613249,109.31539392611134
2015/07/10,1631.0,1647.0,1612.0,1622.0,1564800,107.5685668379317,111.21687955503623
2015/07/13,1645.0,1689.0,1631.0,1684.0,1663600,108.02332970249064,111.26744841421366
2015/07/14,1701.0,1709.0,1685.0,1698.0,1187000,106.86190216199599,109.98024055507105
2015/07/15,1719.0,1720.0,1695.0,1713.0,1549300,107.6431613742642,110.79440472682262
2015/07/16,1720.0,1741.0,1701.0,1741.0,1218300,109.52809795351517,112.55036960684228
2015/07/17,1742.0,1758.0,1725.0,1753.0,1600800,110.30059091347597,113.72383577090883
2015/07/21,1761.0,1784.0,1756.0,1774.0,1194800,110.76926003500014,114.45532336556327
2015/07/22,1763.0,1777.0,1751.0,1760.0,1061000,111.96812742297388,115.62506050626591
2015/07/23,1765.0,1767.0,1731.0,1740.0,951500,111.80645863096768,115.40491754987472
2015/07/24,1735.0,1764.0,1732.0,1760.0,1043300,113.86398873160731,117.10545103946718
2015/07/27,1745.0,1746.0,1708.0,1712.0,1314100,112.62476554804721,115.88387148388124
2015/07/28,1708.0,1754.0,1697.0,1746.0,1331300,116.03796515263593,119.61080723157231
2015/07/29,1747.0,1768.0,1728.0,1762.0,1029600,118.59102917462263,121.7047399505246
2015/07/30,1770.0,1783.0,1753.0,1762.0,949300,118.05727725357715,121.41518466863887
2015/07/31,1776.0,1827.0,1758.0,1819.0,2144900,117.03826838339799,119.832169695189
2015/08/03,1810.0,1838.0,1775.0,1782.0,1633600,115.98960891631849,118.43668737122172
2015/08/04,1796.0,1824.0,1773.0,1820.0,1206100,116.93589325460287,119.23045682788411
2015/08/05,1821.0,1843.0,1810.0,1825.0,1312500,118.87720249020741,121.4202177844827
2015/08/06,1844.0,1848.0,1780.0,1782.0,1410600,115.52901613417006,117.82103244711932
2015/08/07,1800.0,1820.0,1770.0,1799.0,1736800,114.94979086714612,117.91184587397412
2015/08/10,1800.0,1843.0,1780.0,1843.0,1085200,118.27815434246727,120.46435128923407
2015/08/11,1848.0,1884.0,1835.0,1839.0,2350000,117.93082634684066,120.11581045140571
2015/08/12,1828.0,1870.0,1824.0,1856.0,1543800,121.24630067137562,123.1419809792062
2015/08/13,1843.0,1897.0,1834.0,1896.0,1512500,122.38192129691473,125.36534368536287
2015/08/14,1877.0,1892.0,1840.0,1852.0,1551500,118.57371335509914,121.25656564832158
2015/08/17,1857.0,1874.0,1850.0,1869.0,896500,118.09739201016033,120.774199856705
2015/08/18,1890.0,1909.0,1841.0,1856.0,1251700,115.38994565068622,117.53483744520616
2015/08/19,1860.0,1893.0,1850.0,1883.0,1377200,120.72298978252458,122.62476533191955
2015/08/20,1867.0,1897.0,1835.0,1835.0,1156500,118.97009362308768,121.5880919977667
2015/08/21,1781.0,1792.0,1723.0,1724.0,1521000,115.82854082235929,118.44682509083566
2015/08/24,1681.0,1690.0,1597.0,1598.0,1918700,113.17814609492632,117.19484244035112
2015/08/25,1518.0,1620.0,1511.0,1533.0,2972300,113.81944686344903,117.12253432973598
2015/08/26,1539.0,1613.0,1539.0,1605.0,1877200,114.69009694279045,117.96274726869389
2015/08/27,1637.0,1687.0,1631.0,1645.0,1837900,118.23530351116453,121.25743200715722
2015/08/28,1698.0,1705.0,1665.0,1682.0,1581800,117.99433771486582,120.71214444582623
2015/08/31,1680.0,1687.0,1650.0,1665.0,1593200,117.89990190721058,120.12678373981187
2015/09/01,1654.0,1654.0,1573.0,1573.0,1325900,115.56835212992571,117.56927676541531
2015/09/02,1545.0,1599.0,1531.0,1563.0,1964500,113.21206425389872,115.63720079946
2015/09/03,1591.0,1620.0,1552.0,1556.0,1229100,112.44973121789799,114.6353839204745
2015/09/04,1581.0,1595.0,1533.0,1553.0,1448200,115.21909838546371,117.12867361568316
2015/09/07,1545.0,1588.0,1525.0,1575.0,1287900,114.64674348895191,117.12220470500372
2015/09/08,1578.0,1585.0,1517.0,1523.0,1062400,116.05068515201577,117.8014513187654
2015/09/09,1580.0,1612.0,1550.0,1606.0,1259200,112.2929301200289,115.73530179187071
2015/09/10,1576.0,1598.0,1554.0,1585.0,1077700,113.7866714655945,115.9969238578238
2015/09/11,1538.0,1572.0,1535.0,1553.0,2370100,111.795326658091,113.62771273168251
2015/09/14,1590.0,1624.0,1575.0,1582.0,1994700,114.75156410639042,116.13897226550351
2015/09/15,1622.0,1634.0,1584.0,1619.0,1961800,117.03942937511573,118.86906216564866
2015/09/16,1635.0,1641.0,1552.0,1575.0,2424000,114.37956692707817,115.9221626675176
2015/09/17,1584.0,1615.0,1575.0,1610.0,1919000,114.10170703579743,115.62823407523743
2015/09/18,1618.0,1632.0,1569.0,1605.0,2520200,117.28558940834274,118.26907679554728
2015/09/24,1605.0,1629.0,1581.0,1601.0,2304500,119.35011044381834,120.8510020533021
2015/09/25,1600.0,1650.0,1576.0,1647.0,1541100,119.3101522446091,120.42670355126492
2015/09/28,1642.0,1674.0,1611.0,1642.0,1105000,119.79623527500938,120.46591813739408
2015/09/29,1609.0,1610.0,1565.0,1567.0,1196500,120.13705967769566,121.26138935975878
2015/09/30,1582.0,1620.0,1554.0,1617.0,1445600,120.31847597154386,121.51985299485011
2015/10/01,1630.0,1664.0,1597.0,1654.0,1127500,122.11394803987778,122.60668282616321
2015/10/02,1636.0,1673.0,1629.0,1645.0,837000,123.65210998975273,123.84520990470422
2015/10/05,1663.0,1668.0,1636.0,1666.0,1000200,125.56338596451009,125.99107462905421
2015/10/06,1691.0,1699.0,1664.0,1694.0,1097800,123.86126378947976,124.82818232317318
2015/10/07,1710.0,1739.0,1700.0,1734.0,1149800,126.9071059715388,127.29730548218068
2015/10/08,1734.0,1736.0,1708.0,1715.0,829400,126.25725168823996,125.93535159533009
2015/10/09,1730.0,1763.0,1718.0,1762.0,1034300,127.03050691141422,125.59815384999679
2015/10/13,1738.0,1774.0,1738.0,1747.0,1195800,126.3026764791838,124.56089434891436
2015/10/14,1745.0,1755.0,1709.0,1715.0,1165800,126.19399912961534,124.61217349666866
2015/10/15,1711.0,1734.0,1701.0,1733.0,1064000,128.7755969456076,126.80649858903263
2015/10/16,1750.0,1774.0,1742.0,1761.0,1334200,126.27104709048211,124.25057240441151
2015/10/19,1743.0,1759.0,1725.0,1745.0,1109100,125.91747195428249,123.7504889045284
2015/10/20,1758.0,1765.0,1710.0,1717.0,1443600,122.25018122222772,120.87548199434643
2015/10/21,1718.0,1766.0,1711.0,1764.0,1151700,123.1626923428929,121.78059227209481
2015/10/22,1750.0,1780.0,1743.0,1771.0,935400,124.83174465371117,123.39241747013125
2015/10/23,1800.0,1814.0,1785.0,1793.0,1262500,124.90904803040553,123.42102542898515
2015/10/26,1820.0,1835.0,1807.0,1809.0,937700,122.64251298796233,121.48786968267589
2015/10/27,1804.0,1818.0,1785.0,1789.0,1123700,117.59834734232193,116.86815501134026
2015/10/28,1784.0,1803.0,1780.0,1799.0,472300,118.32656071490268,118.10076935381662
2015/10/29,1679.0,1709.0,1673.0,1691.0,3123500,108.90274483462858,108.86642909779907
2015/10/30,1683.0,1710.0,1663.0,1708.0,2470100,106.99820251414467,106.47134539891101
2015/11/02,1685.0,1695.0,1659.0,1661.0,1305700,106.02034676272454,105.28878645036282
2015/11/04,1685.0,1691.0,1623.0,1628.0,1812400,101.80749288005204,101.30967769157262
2015/11/05,1642.0,1657.0,1619.0,1656.0,1501000,104.05469109205418,103.31576871669412
2015/11/06,1669.0,1682.0,1630.0,1650.0,1405900,100.04969684029388,99.58696550310748
2015/11/09,1659.0,1663.0,1635.0,1658.0,1311000,99.18818061315,99.25864951158468
2015/11/10,1633.0,1638.0,1582.0,1594.0,2183300,95.36766602403156,94.78492652765837
2015/11/11,1605.0,1617.0,1589.0,1607.0,1750100,97.32584804471726,96.19500379455982
2015/11/12,1613.0,1631.0,1610.0,1629.0,1357900,99.33555295853289,98.09413769084546
2015/11/13,1606.0,1616.0,1588.0,1598.0,1317700,95.5940303812985,94.58157152133832
2015/11/16,1570.0,1601.0,1568.0,1587.0,998000,96.52387846312219,95.87060881658229
2015/11/17,1610.0,1632.0,1596.0,1620.0,1646900,96.64435362507332,96.1974367527048
2015/11/18,1505.0,1521.0,1492.0,1498.0,7826200,88.69766094657236,88.7356417709697
2015/11/19,1528.0,1534.0,1515.0,1529.0,4382300,92.30681303284207,92.53656206754836
2015/11/20,1530.0,1533.0,1521.0,1529.0,2857900,92.4518246627485,92.47873400784931
2015/11/24,1536.0,1539.0,1496.0,1500.0,2986300,92.28824342777057,92.68956078025128
2015/11/25,1500.0,1529.0,1496.0,1514.0,2356900,93.97893536578505,94.63175514559768
2015/11/26,1515.0,1527.0,1506.0,1515.0,1434700,96.62357074586193,97.05361683523536
2015/11/27,1515.0,1526.0,1502.0,1502.0,1758100,95.91914498013804,96.62291893186314
2015/11/30,1501.0,1510.0,1431.0,1446.0,3946000,92.19953538631114,93.11910158013703
2015/12/01,1455.0,1498.0,1451.0,1487.0,2189300,91.65130517124072,92.5553611249976
2015/12/02,1492.0,1514.0,1490.0,1495.0,1522700,93.83562956667468,94.21174626503918
2015/12/03,1483.0,1488.0,1471.0,1473.0,1654700,93.84685472030958,94.02129659194414
2015/12/04,1457.0,1461.0,1439.0,1444.0,2301800,93.16906533003258,93.13568785228807
2015/12/07,1456.0,1466.0,1441.0,1442.0,1508500,91.94507914623037,92.21314278766319
2015/12/08,1440.0,1447.0,1409.0,1411.0,1640900,90.29742544545589,90.4549342765289
2015/12/09,1408.0,1428.0,1406.0,1418.0,1359500,90.40689003636629,90.62939086676558
2015/12/10,1410.0,1454.0,1406.0,1440.0,2756100,92.73153291549389,92.82347496273493
2015/12/11,1417.0,1445.0,1417.0,1438.0,1833700,91.41427185024055,91.40919266611964
2015/12/14,1438.0,1452.0,1420.0,1447.0,1908900,94.13031561458467,93.84165045082395
2015/12/15,1447.0,1450.0,1419.0,1423.0,1850100,94.22057795850893,94.0365433544096
2015/12/16,1428.0,1440.0,1418.0,1431.0,2028500,91.42346609579897,90.8631470173999
2015/12/17,1452.0,1495.0,1450.0,1483.0,2801400,93.66121021468388,92.6454422864302
2015/12/18,1475.0,1522.0,1460.0,1469.0,2907200,95.27320955938094,94.1410442791136
2015/12/21,1469.0,1510.0,1459.0,1506.0,2176700,98.5279064211739,97.52434152095663
2015/12/22,1505.0,1518.0,1486.0,1511.0,1758800,101.16139527926866,99.50462889075105
2015/12/24,1520.0,1533.0,1502.0,1503.0,1181900,102.63212871339778,101.01046794099919
2015/12/25,1510.0,1510.0,1455.0,1460.0,1216700,97.74993003557809,96.93912914796255
2015/12/28,1475.0,1505.0,1474.0,1500.0,672300,99.02439131280642,98.20433720623313
2015/12/29,1498.0,1509.0,1468.0,1506.0,756300,98.47069757280788,97.68220585014522
2015/12/30,1510.0,1523.0,1501.0,1520.0,1160500,100.08857011347614,99.09068943197778
2016/01/04,1500.0,1507.0,1476.0,1480.0,1141800,100.53253234790263,98.88797375811428
2016/01/05,1470.0,1510.0,1469.0,1504.0,2167700,103.59595602220644,101.9863376125401
2016/01/06,1513.0,1530.0,1485.0,1497.0,1916500,103.08067347846767,101.42824633074241
2016/01/07,1498.0,1517.0,1488.0,1502.0,2728800,106.39717234377142,104.05455884265604
2016/01/08,1513.0,1513.0,1470.0,1471.0,2575900,104.48994305571604,102.57076378151176
2016/01/12,1467.0,1508.0,1465.0,1465.0,3437600,105.50313258663063,104.24630145312337
2016/01/13,1489.0,1517.0,1475.0,1510.0,2766000,106.59802664701365,105.87707702945231
2016/01/14,1476.0,1491.0,1447.0,1476.0,1763400,108.09432177739437,106.61041954346177
2016/01/15,1515.0,1519.0,1495.0,1512.0,3467700,109.82644015356311,108.5860748122103
2016/01/18,1482.0,1495.0,1468.0,1492.0,1733400,108.4903657797615,106.9069765766285
2016/01/19,1482.0,1517.0,1476.0,1488.0,1915300,108.42269463838943,106.99046901687366
2016/01/20,1495.0,1495.0,1405.0,1409.0,2578200,109.05749464042383,107.5985914765917
2016/01/21,1407.0,1420.0,1330.0,1330.0,3553600,107.6232273597159,106.19793447373391
2016/01/22,1360.0,1400.0,1349.0,1396.0,2247500,105.37574678689066,104.20253947365237
2016/01/25,1417.0,1420.0,1392.0,1409.0,1646200,106.00202208359993,104.53655727846738
2016/01/26,1393.0,1397.0,1363.0,1367.0,1893100,101.65540980693395,100.24330315589913
2016/01/27,1387.0,1422.0,1384.0,1417.0,1406100,100.6963861544449,99.14736355507753
2016/01/28,1410.0,1420.0,1391.0,1395.0,1362900,99.19006456661089,97.48965910429678
2016/01/29,1445.0,1505.0,1432.0,1498.0,4654200,101.2967390408243,99.21027813073454
2016/02/01,1518.0,1558.0,1512.0,1558.0,3051200,102.90392603126917,100.8444721911198
2016/02/02,1535.0,1582.0,1533.0,1582.0,2285000,105.17555903817149,103.268293096397
2016/02/03,1569.0,1577.0,1519.0,1544.0,1594100,106.84946188175346,104.69588799196472
2016/02/04,1536.0,1558.0,1524.0,1542.0,1469000,106.49503036608046,105.28913619966775
2016/02/05,1513.0,1523.0,1498.0,1512.0,1351000,109.0388323144767,107.57787121011818
2016/02/08,1504.0,1556.0,1502.0,1552.0,1355600,112.02953014424222,111.02167397181194
2016/02/09,1501.0,1519.0,1482.0,1503.0,1950300,113.20800374865749,112.91587098041308
2016/02/10,1506.0,1514.0,1425.0,1445.0,2673200,109.71540971730545,109.86593667950785
2016/02/12,1433.0,1469.0,1412.0,1424.0,2817000,116.92698335170996,118.25080871560868
2016/02/15,1471.0,1523.0,1450.0,1516.0,2184400,118.13785198551182,118.73462665465286
2016/02/16,1497.0,1499.0,1471.0,1477.0,1526500,114.28203107141913,114.98383117123485
2016/02/17,1477.0,1507.0,1435.0,1464.0,1854500,117.81730527117347,118.53152177901751
2016/02/18,1502.0,1511.0,1466.0,1476.0,1852100,116.39539106058425,117.67988539831154
2016/02/19,1463.0,1495.0,1434.0,1461.0,1835700,118.79674074726508,120.17117525692179
2016/02/22,1462.0,1478.0,1427.0,1458.0,1693600,119.37135142827889,120.39154615384639
2016/02/23,1462.0,1469.0,1437.0,1440.0,1176200,117.36175185479469,118.29365241592784
2016/02/24,1428.0,1446.0,1406.0,1439.0,1702800,118.41792239404381,119.02166929739226
2016/02/25,1447.0,1495.0,1444.0,1489.0,1792800,122.56375908323332,122.55009077045251
2016/02/26,1498.0,1508.0,1487.0,1497.0,1293600,124.07655564540234,124.17488291137875
2016/02/29,1509.0,1509.0,1442.0,1442.0,2061200,121.25550796536162,121.2845979594742
2016/03/01,1438.0,1477.0,1433.0,1470.0,1688900,123.25830975788448,123.68392752385806
2016/03/02,1498.0,1505.0,1470.0,1502.0,1821600,120.77235709890464,121.54800723728805
2016/03/03,1500.0,1540.0,1497.0,1539.0,2038800,121.97711464073227,122.78640121299085
2016/03/04,1539.0,1552.0,1514.0,1550.0,1230300,121.44808859028788,122.03126420691855
2016/03/07,1539.0,1542.0,1502.0,1514.0,1268200,120.85054813383395,122.3297658021715
2016/03/08,1497.0,1500.0,1464.0,1481.0,1994700,119.09402026546645,121.15235127078617
2016/03/09,1473.0,1492.0,1460.0,1465.0,1058700,117.89821105451456,119.99944926368238
2016/03/10,1452.0,1465.0,1405.0,1432.0,3258500,115.51449688427095,117.24700171625302
2016/03/11,1417.0,1449.0,1415.0,1440.0,1787300,117.00029293369,118.15157883781502
2016/03/14,1453.0,1462.0,1439.0,1460.0,1215400,117.9795837371495,119.29093678754366
2016/03/15,1463.0,1484.0,1453.0,1469.0,1260300,121.7589899021662,122.73254373880471
2016/03/16,1451.0,1460.0,1432.0,1432.0,1421600,119.82653272253839,121.04832354725951
2016/03/17,1443.0,1454.0,1407.0,1419.0,1360700,120.87605865138968,121.8828524544326
2016/03/18,1425.0,1436.0,1387.0,1395.0,2123400,119.26160580409693,119.82485976846871
2016/03/22,1429.0,1449.0,1416.0,1436.0,1794400,120.49815863743922,120.76614425978374
2016/03/23,1437.0,1439.0,1413.0,1429.0,1467100,120.27149722195904,120.84283032578426
2016/03/24,1436.0,1443.0,1425.0,1425.0,879700,120.15662635365697,120.72721708659606
2016/03/25,1432.0,1454.0,1429.0,1453.0,947900,122.26168680952165,122.52340429645297
2016/03/28,1460.0,1486.0,1456.0,1479.0,1675800,121.94673005270108,121.34555551991649
2016/03/29,1464.0,1485.0,1464.0,1476.0,902400,121.34145958699152,121.03456389876608
2016/03/30,1480.0,1484.0,1456.0,1458.0,879500,121.43458872650714,121.39224548311385
2016/03/31,1457.0,1469.0,1441.0,1452.0,1917100,122.94587441915263,123.07644363425678
2016/04/01,1443.0,1443.0,1389.0,1393.0,2452000,123.42537652849019,123.37911250046565
2016/04/04,1404.0,1430.0,1384.0,1391.0,1650600,125.07611901116888,124.55050211012913
2016/04/05,1378.0,1383.0,1350.0,1353.0,1784000,126.42652144306143,126.03864328392835
2016/04/06,1350.0,1391.0,1324.0,1378.0,3418200,125.38062141759106,124.75516224525043
2016/04/07,1362.0,1380.0,1351.0,1365.0,1097800,124.40268445964745,123.10194559592406
2016/04/08,1343.0,1385.0,1324.0,1365.0,1569600,124.91117943385733,122.54344672171943
2016/04/11,1349.0,1366.0,1340.0,1356.0,849200,125.44966113142628,123.03952639924005
2016/04/12,1358.0,1381.0,1351.0,1352.0,1419900,121.56864349431132,119.08492375684241
2016/04/13,1362.0,1379.0,1355.0,1359.0,1481200,117.32471583280497,115.33667717513094
2016/04/14,1380.0,1400.0,1346.0,1400.0,2279400,116.42613077318565,115.47629404716857
2016/04/15,1370.0,1404.0,1368.0,1398.0,1252200,116.73143932533885,116.77884644202308
2016/04/18,1360.0,1376.0,1352.0,1357.0,1510600,117.8557782359678,117.12441538934372
2016/04/19,1388.0,1404.0,1368.0,1373.0,1579300,112.41612141006321,112.46691817765688
2016/04/20,1385.0,1404.0,1370.0,1380.0,1526400,112.40998365655635,112.08450630246733
2016/04/21,1396.0,1399.0,1375.0,1393.0,2040700,110.928656842326,111.23816428055275
2016/04/22,1373.0,1386.0,1368.0,1384.0,1581600,107.40924665807393,108.43401977533746
2016/04/25,1384.0,1395.0,1371.0,1391.0,2066900,107.11808328229615,107.96785532413517
2016/04/26,1395.0,1414.0,1368.0,1377.0,1672300,106.18396272584356,107.42172406170903
2016/04/27,1409.0,1457.0,1403.0,1442.0,4207300,108.02511637472445,110.09822302922039
2016/04/28,1451.0,1472.0,1406.0,1408.0,3042600,109.43009037319769,111.01071654052011
2016/05/02,1371.0,1391.0,1369.0,1391.0,2222700,107.21866469578868,108.70429958638927
2016/05/06,1389.0,1410.0,1372.0,1376.0,2097300,107.0179510936134,108.775535411224
2016/05/09,1390.0,1395.0,1376.0,1383.0,1421700,107.6826592939661,108.86167697924374
2016/05/10,1374.0,1408.0,1360.0,1406.0,1529200,104.04080214084401,105.40979215131148
2016/05/11,1411.0,1428.0,1402.0,1419.0,1579500,105.59709150034031,106.49460742085604
2016/05/12,1407.0,1440.0,1404.0,1438.0,1092500,105.92619932201634,107.22864333281557
2016/05/13,1439.0,1459.0,1422.0,1425.0,1168700,105.43523951422085,106.75068332238871
2016/05/16,1424.0,1443.0,1412.0,1414.0,882100,104.33805760908825,106.31169859245317
2016/05/17,1411.0,1437.0,1394.0,1437.0,1433700,102.37631949118153,104.08797751471602
2016/05/18,1420.0,1436.0,1403.0,1427.0,1784700,99.68408979659165,100.8760339524229
2016/05/19,1435.0,1435.0,1394.0,1401.0,1764000,98.51067702550793,100.01145431994335
2016/05/20,1409.0,1415.0,1397.0,1408.0,1011000,99.75480094087061,101.05851784503879
2016/05/23,1396.0,1403.0,1369.0,1381.0,1582000,96.12211837622557,97.19483771269704
2016/05/24,1381.0,1390.0,1373.0,1382.0,1385100,97.60105090984018,98.57499760388309
2016/05/25,1393.0,1407.0,1389.0,1398.0,1336200,97.42995267484359,98.66064653068074
2016/05/26,1407.0,1407.0,1390.0,1402.0,1267400,97.94095623477875,99.56761119003976
2016/05/27,1407.0,1419.0,1398.0,1414.0,1470100,99.09064896865867,100.5785604173973
2016/05/30,1424.0,1425.0,1404.0,1421.0,1138800,95.30033005253952,97.16928159426676
2016/05/31,1410.0,1438.0,1410.0,1430.0,2504600,94.22248840154785,95.9160447460721
2016/06/01,1424.0,1424.0,1402.0,1413.0,1330600,95.26259080819396,96.72996240978627
2016/06/02,1412.0,1415.0,1385.0,1392.0,1483100,97.5045599554642,99.06795070559518
2016/06/03,1382.0,1384.0,1351.0,1357.0,1947500,95.55398888737263,96.89039537964065
2016/06/06,1350.0,1362.0,1337.0,1362.0,1347200,97.87403185587597,98.94430821086316
2016/06/07,1362.0,1370.0,1344.0,1365.0,1500600,93.89383815277269,94.97179524013043
2016/06/08,1379.0,1404.0,1367.0,1402.0,1896100,95.09357430762238,96.22624732489943
2016/06/09,1386.0,1419.0,1386.0,1410.0,1820200,96.32507869844382,97.11595066241388
2016/06/10,1422.0,1422.0,1393.0,1415.0,1629700,100.48392059654493,101.44858793252098
2016/06/13,1397.0,1397.0,1365.0,1368.0,1325900,101.63858369000798,102.69992185390385
2016/06/14,1373.0,1386.0,1361.0,1375.0,1313300,101.52571960925857,102.47080707398877
2016/06/15,1374.0,1374.0,1342.0,1354.0,1303300,100.62605984035262,101.34926539427063
2016/06/16,1354.0,1370.0,1327.0,1332.0,1149500,101.3661244825909,101.90503672098356
2016/06/17,1330.0,1343.0,1323.0,1328.0,1971800,102.04600548338792,102.88979312032704
2016/06/20,1335.0,1337.0,1311.0,1316.0,1928800,98.93481326051227,99.65043702514107
2016/06/21,1330.0,1334.0,1293.0,1313.0,1972100,98.07386906371639,98.73164839686841
2016/06/22,1301.0,1302.0,1283.0,1288.0,1303100,96.59379612100085,97.24729315947168
2016/06/23,1288.0,1299.0,1283.0,1289.0,1431500,96.8762307137468,97.43931791450174
2016/06/24,1300.0,1305.0,1202.0,1214.0,2373200,99.89277025794667,99.83398185297371
2016/06/27,1238.0,1267.0,1225.0,1264.0,1627700,99.96216460666876,100.8735378396456
2016/06/28,1245.0,1283.0,1232.0,1273.0,1300500,101.39463682506707,102.22019291023898
2016/06/29,1290.0,1302.0,1270.0,1297.0,1190900,102.28273044747,102.72238023403477
2016/06/30,1304.0,1304.0,1278.0,1287.0,1900600,102.95833344209004,103.3832304625575
2016/07/01,1298.0,1314.0,1280.0,1303.0,1767900,104.5696171482004,105.14970774788337
2016/07/04,1292.0,1312.0,1286.0,1312.0,720000,103.63268836165254,104.37411054345802
2016/07/05,1305.0,1315.0,1293.0,1312.0,850900,103.59083074778167,103.78606595257203
2016/07/06,1289.0,1295.0,1265.0,1290.0,1750600,103.28175212175861,103.18317229089477
2016/07/07,1278.0,1298.0,1277.0,1291.0,961400,103.77209330289384,102.87757585159429
2016/07/08,1279.0,1298.0,1265.0,1266.0,1184900,102.1945548466705,102.15798984578956
2016/07/11,1293.0,1303.0,1276.0,1291.0,1312000,98.04276629640233,98.50058188428423
2016/07/12,1312.0,1316.0,1282.0,1283.0,1107600,95.69697216109076,96.30332832511029
2016/07/13,1304.0,1304.0,1277.0,1287.0,1392600,94.7197861145597,95.13251465293642
2016/07/14,1295.0,1309.0,1285.0,1304.0,992300,94.16262033284087,94.8742399428166
2016/07/15,1312.0,1318.0,1301.0,1306.0,1061700,93.25525510877416,94.06305742754606
2016/07/19,1305.0,1313.0,1281.0,1311.0,1235100,92.10126649588997,92.91120782610568
2016/07/20,1310.0,1329.0,1310.0,1325.0,1075800,92.93765421255115,93.64871355865627
2016/07/21,1330.0,1330.0,1315.0,1327.0,761300,93.83865117111212,94.79764720481356
2016/07/22,1319.0,1333.0,1311.0,1321.0,722100,92.73975268555563,93.62157946421915
2016/07/25,1328.0,1341.0,1320.0,1327.0,815500,94.90631540202236,95.79011313589848
2016/07/26,1333.0,1336.0,1298.0,1303.0,1136500,92.60178337333883,93.04396946490495
2016/07/27,1321.0,1330.0,1291.0,1300.0,1609700,89.88663253763647,91.21169381491508
2016/07/28,1311.0,1311.0,1279.0,1296.0,1373100,91.61412134057485,92.69845162735902
2016/07/29,1316.0,1331.0,1287.0,1322.0,2502800,90.2924247474952,91.18150578251858
2016/08/01,1321.0,1332.0,1308.0,1330.0,1489800,92.18768642197772,93.70694148615667
2016/08/02,1303.0,1318.0,1284.0,1285.0,1664500,88.38922824915511,90.1332825381049
2016/08/03,1271.0,1277.0,1254.0,1259.0,1405200,88.42119189736526,90.3479851389065
2016/08/04,1267.0,1295.0,1260.0,1269.0,1924100,90.53021005128932,92.8917464814081
2016/08/05,1257.0,1270.0,1236.0,1246.0,2040900,88.30797356145732,90.8679392814919
2016/08/08,1247.0,1247.0,1220.0,1229.0,2372700,83.33782899917568,86.38886590440512
2016/08/09,1218.0,1238.0,1211.0,1234.0,1017600,82.93466996614721,85.95192736583165
2016/08/10,1235.0,1240.0,1211.0,1218.0,1166800,79.96808694828587,83.1399068700898
2016/08/12,1233.0,1247.0,1216.0,1244.0,1495700,81.46045069097798,84.492994917203
2016/08/15,1222.0,1237.0,1222.0,1228.0,903600,80.31181617096911,83.48097484657998
2016/08/16,1226.0,1233.0,1205.0,1205.0,1283500,80.40787521380432,83.61237665523063
2016/08/17,1201.0,1223.0,1201.0,1220.0,1576400,78.24298239539341,81.46056885682358
2016/08/18,1234.0,1236.0,1200.0,1200.0,1698300,79.46701178476037,82.27038283991986
2016/08/19,1206.0,1207.0,1191.0,1204.0,1404200,82.03591412680022,84.78642149453103
2016/08/22,1204.0,1225.0,1204.0,1225.0,1125300,85.62966409547444,87.07735843021128
2016/08/23,1218.0,1252.0,1213.0,1245.0,1421900,87.65893440181036,89.6684890243191
2016/08/24,1255.0,1274.0,1246.0,1262.0,1235400,87.05976126845526,88.99476655253974
2016/08/25,1260.0,1274.0,1249.0,1269.0,1148100,86.54806105530449,88.74382933419793
2016/08/26,1273.0,1275.0,1257.0,1258.0,1426200,87.48043374244531,90.00117161111486
2016/08/29,1273.0,1281.0,1254.0,1274.0,1742400,86.35904935118238,89.55690636266941
2016/08/30,1281.0,1285.0,1257.0,1258.0,5657200,86.86170357801704,90.0444184374354
2016/08/31,1278.0,1300.0,1264.0,1297.0,2465200,88.91732633879808,91.49778865594341
2016/09/01,1304.0,1306.0,1284.0,1289.0,1426900,88.98532777098306,91.36390047209294
2016/09/02,1283.0,1309.0,1282.0,1305.0,2383300,88.33272037877676,90.53459785338232
2016/09/05,1318.0,1340.0,1311.0,1327.0,1045700,88.32305152658853,90.63641716437793
2016/09/06,1323.0,1329.0,1311.0,1326.0,1036500,88.82394063293587,91.19302429508832
2016/09/07,1328.0,1360.0,1326.0,1357.0,2189400,93.22744302533397,94.37818714229913
2016/09/08,1352.0,1365.0,1345.0,1364.0,1630000,92.86088644058226,94.59692455096352
2016/09/09,1354.0,1357.0,1341.0,1349.0,1352500,93.5122064844662,95.67878869346485
2016/09/12,1332.0,1351.0,1324.0,1350.0,1183000,91.95170073326287,94.31999477150235
2016/09/13,1359.0,1362.0,1332.0,1337.0,962000,88.98657058043364,91.27391035525721
2016/09/14,1328.0,1343.0,1321.0,1335.0,1060000,92.70718543679546,94.93921304013028
2016/09/15,1314.0,1318.0,1289.0,1308.0,1315200,91.28179926825177,93.15592405548051
2016/09/16,1321.0,1337.0,1318.0,1336.0,1187800,91.05488363364496,92.81611053904896
2016/09/20,1353.0,1379.0,1341.0,1374.0,1938800,91.43976845130605,92.98959614283547
2016/09/21,1377.0,1403.0,1362.0,1402.0,1433200,91.55191946150823,92.38036339879719
2016/09/23,1389.0,1394.0,1365.0,1380.0,1800200,89.42240780082416,90.26116641349094
2016/09/26,1373.0,1387.0,1362.0,1367.0,987400,88.79009286916144,89.66069596102099
2016/09/27,1354.0,1401.0,1346.0,1401.0,1718100,90.72966040537156,91.14928744620477
2016/09/28,1376.0,1382.0,1344.0,1363.0,1433500,89.01576495270797,89.38385716298404
2016/09/29,1369.0,1369.0,1355.0,1355.0,863700,86.97089710458292,87.99034358500369
2016/09/30,1331.0,1331.0,1307.0,1315.0,1515300,86.13657546203949,87.32046365830534
2016/10/03,1315.0,1322.0,1307.0,1313.0,952000,85.4911940683981,86.70025783548968
2016/10/04,1314.0,1319.0,1302.0,1308.0,1002500,83.90567356704666,85.0277644641622
2016/10/05,1308.0,1317.0,1288.0,1292.0,1413700,81.17142314746798,82.54561393784641
2016/10/06,1295.0,1301.0,1290.0,1294.0,997500,80.9975474913157,82.55555111252743
2016/10/07,1290.0,1295.0,1268.0,1279.0,1454800,79.38424954676833,81.43002664428562
2016/10/11,1288.0,1297.0,1282.0,1287.0,864200,78.9049445372733,81.64139425255127
2016/10/12,1273.0,1285.0,1260.0,1264.0,1680600,78.30247294031275,80.75690417603442
2016/10/13,1273.0,1283.0,1258.0,1266.0,1099200,78.81274919127358,81.1294245393639
2016/10/14,1267.0,1276.0,1262.0,1273.0,925300,78.4443080285036,80.80142620373141
2016/10/17,1258.0,1269.0,1255.0,1262.0,1449700,77.58922292998476,79.9237671854947
2016/10/18,1256.0,1279.0,1256.0,1265.0,1235800,79.0758595223063,81.42556287544022
2016/10/19,1266.0,1274.0,1263.0,1269.0,1085300,78.52104538899663,80.92900223749984
2016/10/20,1273.0,1282.0,1267.0,1282.0,1287200,77.42999197960829,80.1733584414596
2016/10/21,1290.0,1294.0,1279.0,1282.0,871900,78.3268148768962,81.06042791944044
2016/10/24,1279.0,1291.0,1278.0,1280.0,671700,77.7889547757178,80.65893149698259
2016/10/25,1281.0,1304.0,1281.0,1300.0,1137000,78.57404353214699,81.41324090528472
2016/10/26,1305.0,1315.0,1294.0,1312.0,1023100,79.26625391900127,81.60529866945933
2016/10/27,1315.0,1318.0,1302.0,1309.0,836000,84.55089572932577,86.6574782225998
2016/10/28,1318.0,1323.0,1291.0,1295.0,1798900,82.93249930764543,84.84728859657294
2016/10/31,1282.0,1286.0,1269.0,1285.0,1515400,82.94923835190457,84.80210801749844
2016/11/01,1276.0,1289.0,1268.0,1281.0,1906900,85.3823697748127,87.00142151627584
2016/11/02,1268.0,1274.0,1256.0,1264.0,1736600,85.76229460961459,87.3994865079603
2016/11/04,1255.0,1261.0,1240.0,1247.0,1778900,86.12725876003299,87.72530792543553
2016/11/07,1260.0,1263.0,1247.0,1249.0,978700,86.1444604411388,87.94431646262947
2016/11/08,1255.0,1264.0,1249.0,1256.0,1133600,90.26685299189573,91.85534504584739
2016/11/09,1269.0,1285.0,1214.0,1230.0,2178300,92.74085325896012,93.84396323357291
2016/11/10,1278.0,1287.0,1246.0,1266.0,2504700,88.2612150647724,89.9818420367589
2016/11/11,1266.0,1267.0,1241.0,1248.0,1718900,88.08578809226519,89.85804911913759
2016/11/14,1252.0,1259.0,1242.0,1244.0,1774600,86.02069827741612,87.99096768385998
2016/11/15,1248.0,1251.0,1225.0,1238.0,1779600,84.90803494032272,86.39477010926832
2016/11/16,1249.0,1258.0,1239.0,1255.0,1784400,92.15972128085377,93.49481180243508
2016/11/17,1254.0,1266.0,1249.0,1261.0,1627500,91.69323346071066,92.7473268723063
2016/11/18,1267.0,1273.0,1255.0,1258.0,1262600,91.0332204559615,92.3394659184986
2016/11/21,1265.0,1274.0,1264.0,1267.0,1287100,92.95190450468954,94.0089946613257
2016/11/22,1271.0,1277.0,1264.0,1271.0,1496200,92.95314227762678,94.0080478986759
2016/11/24,1281.0,1289.0,1273.0,1289.0,1268700,92.55890902908047,93.3788628595728
2016/11/25,1290.0,1299.0,1285.0,1296.0,976200,93.3390077600057,93.93938256055621
2016/11/28,1299.0,1325.0,1296.0,1318.0,1384000,98.05268138050903,98.01209750899008
2016/11/29,1308.0,1319.0,1306.0,1317.0,1106000,96.81794287472746,96.61156361710381
2016/11/30,1325.0,1345.0,1325.0,1333.0,2690000,97.10041591341687,97.22390159841063
2016/12/01,1341.0,1341.0,1320.0,1327.0,1635100,97.03122980276784,97.35656211523359
2016/12/02,1330.0,1342.0,1328.0,1328.0,1788800,97.3491817920222,97.94281249106209
2016/12/05,1328.0,1330.0,1305.0,1313.0,1299800,98.14490477200587,98.39385971626757
2016/12/06,1327.0,1367.0,1322.0,1366.0,2998500,102.77985636958573,102.80934412855684
2016/12/07,1380.0,1420.0,1369.0,1418.0,2654900,104.3487780786724,104.35791818169626
2016/12/08,1418.0,1482.0,1418.0,1480.0,4259800,104.3172424316221,104.65710092616469
2016/12/09,1470.0,1484.0,1451.0,1481.0,2267200,104.25950942037916,104.62083991134976
2016/12/12,1492.0,1509.0,1477.0,1503.0,1918700,102.39724348671444,103.6292953307987
2016/12/13,1505.0,1530.0,1504.0,1530.0,2161900,103.6955387629622,104.88762365401656
2016/12/14,1541.0,1552.0,1523.0,1530.0,2161000,105.78706176081664,107.05929666299897
2016/12/15,1517.0,1540.0,1503.0,1539.0,1883400,104.20563616253362,105.2553590663065
2016/12/16,1550.0,1563.0,1530.0,1541.0,1290400,102.66091842327202,103.98329630438894
2016/12/19,1549.0,1556.0,1537.0,1556.0,1163900,100.7861234366972,102.1341529333242
2016/12/20,1546.0,1559.0,1541.0,1550.0,1264600,99.38264401051414,101.34139776231734
2016/12/21,1536.0,1553.0,1526.0,1530.0,1434400,98.36837757800467,100.39162809958168
2016/12/22,1530.0,1533.0,1505.0,1512.0,1927100,97.29526553504593,99.28252471492098
2016/12/26,1520.0,1523.0,1511.0,1514.0,857400,98.21031511986938,100.34799953190208
2016/12/27,1508.0,1518.0,1499.0,1506.0,860800,97.83111529830842,100.46673002564732
2016/12/28,1500.0,1512.0,1492.0,1502.0,804600,96.94146087373471,99.49093639551762
2016/12/29,1492.0,1502.0,1478.0,1483.0,1426000,96.56957658776646,99.62724608907405
2016/12/30,1482.0,1485.0,1475.0,1477.0,1091200,96.3336974478617,99.20979435853232
2017/01/04,1483.0,1495.0,1476.0,1493.0,1960600,92.59244896709204,95.52144791873891
2017/01/05,1489.0,1495.0,1481.0,1489.0,1278100,90.23021944801614,92.9060825409789
2017/01/06,1482.0,1499.0,1480.0,1498.0,1430900,92.64160518195665,94.88613787887027
2017/01/10,1472.0,1497.0,1437.0,1441.0,2635800,87.7492800975687,89.41022887901204
2017/01/11,1456.0,1461.0,1439.0,1442.0,1401300,87.36446342610063,88.82534821178379
2017/01/12,1448.0,1454.0,1417.0,1422.0,1723200,86.80660546852239,88.25596118681895
2017/01/13,1429.0,1453.0,1429.0,1449.0,1462900,85.19940128070573,86.99742915892594
2017/01/16,1435.0,1445.0,1428.0,1434.0,981900,85.34294024445126,87.15149327222484
2017/01/17,1435.0,1444.0,1417.0,1422.0,1273400,86.59827421216067,88.04841221321837
2017/01/18,1440.0,1447.0,1424.0,1442.0,1633400,88.91892867536863,90.51892756025421
2017/01/19,1460.0,1484.0,1459.0,1462.0,1897700,92.31707295871439,93.62041920559011
2017/01/20,1451.0,1456.0,1438.0,1450.0,1219400,92.03993008018136,93.08011599290957
2017/01/23,1435.0,1436.0,1422.0,1424.0,1171800,91.54117138685336,92.92406247507907
2017/01/24,1405.0,1406.0,1389.0,1392.0,1563000,90.56038500661914,91.95237356584917
2017/01/25,1414.0,1421.0,1396.0,1402.0,974300,89.11046636617941,91.08114904479866
2017/01/26,1417.0,1420.0,1401.0,1404.0,898500,88.39836143232687,90.68428620672866
2017/01/27,1411.0,1417.0,1394.0,1397.0,1144400,83.92060374172765,86.20398345122844
2017/01/30,1384.0,1397.0,1382.0,1389.0,990800,82.23175674433217,84.46923271866603
2017/01/31,1379.0,1390.0,1370.0,1376.0,1380400,81.08293146623411,82.99846423472935
2017/02/01,1430.0,1437.0,1414.0,1414.0,1946400,82.22129944255768,84.29714144300728
2017/02/02,1426.0,1426.0,1386.0,1390.0,1392400,81.23262268246113,82.88547089768569
2017/02/03,1398.0,1401.0,1378.0,1380.0,1153200,81.14520987851947,82.47293685316363
2017/02/06,1386.0,1394.0,1371.0,1380.0,791500,79.67557513948186,80.72943117860682
2017/02/07,1369.0,1393.0,1369.0,1389.0,717400,78.60800382991422,79.50392655312012
2017/02/08,1395.0,1398.0,1379.0,1389.0,618100,79.46520430254395,79.77806178655152
2017/02/09,1389.0,1391.0,1375.0,1388.0,968400,77.0829752087469,77.03987091884194
2017/02/10,1402.0,1413.0,1395.0,1413.0,1358600,76.56307798171174,76.75350927437054
2017/02/13,1420.0,1422.0,1401.0,1414.0,1046400,76.79957045798875,77.55023582367147
2017/02/14,1436.0,1438.0,1418.0,1421.0,1229200,80.28352455393953,81.07452735347746
2017/02/15,1438.0,1438.0,1420.0,1420.0,1028500,79.02263416845071,80.0583078669017
2017/02/16,1428.0,1429.0,1399.0,1407.0,935200,79.80156909086165,80.58334343650831
2017/02/17,1407.0,1421.0,1405.0,1420.0,1513700,80.68307966694479,81.2907204320193
2017/02/20,1418.0,1442.0,1411.0,1440.0,1165500,82.65587254402429,82.99562493351357
2017/02/21,1438.0,1459.0,1432.0,1459.0,1300300,83.91454856782798,84.09657179437723
2017/02/22,1465.0,1470.0,1456.0,1460.0,1156800,83.32386423159926,83.69944878244408
2017/02/23,1465.0,1466.0,1452.0,1458.0,1015900,81.58553224239968,82.26942186475918
2017/02/24,1453.0,1462.0,1448.0,1448.0,1268600,81.20152650579371,81.82159925409009
2017/02/27,1440.0,1444.0,1424.0,1437.0,1333000,83.5860985788534,84.3122442392228
2017/02/28,1452.0,1467.0,1442.0,1442.0,1526500,82.53113440267144,83.11311555338843
2017/03/01,1455.0,1467.0,1454.0,1458.0,1199100,83.82158167464898,84.35275189851944
2017/03/02,1470.0,1472.0,1456.0,1463.0,1197600,82.40626653258848,83.1757467992121
2017/03/03,1465.0,1483.0,1456.0,1462.0,935400,82.43176050697983,83.26212977139532
2017/03/06,1460.0,1460.0,1444.0,1451.0,553800,83.63432276508388,83.94296277171418
2017/03/07,1452.0,1462.0,1448.0,1451.0,776700,85.00337684770233,84.91227218812155
2017/03/08,1450.0,1451.0,1436.0,1441.0,857000,85.01889358461851,84.53497393627472
2017/03/09,1445.0,1445.0,1427.0,1429.0,923900,87.05114349753445,86.79195986441626
2017/03/10,1439.0,1455.0,1436.0,1448.0,1579400,86.88249770504648,86.84009490268649
2017/03/13,1448.0,1476.0,1444.0,1474.0,1053000,88.61783987769172,88.32144017118507
2017/03/14,1475.0,1482.0,1470.0,1477.0,1096900,87.76505028551776,87.59617659279766
2017/03/15,1476.0,1477.0,1464.0,1465.0,751400,88.70247696390861,88.5791030712763
2017/03/16,1462.0,1482.0,1461.0,1476.0,961100,89.92635940333713,89.88158168071644
2017/03/17,1467.0,1467.0,1456.0,1463.0,1385300,89.84959501534203,90.08622545520444
2017/03/21,1461.0,1469.0,1452.0,1466.0,774900,89.45736445284714,89.45451046557488
2017/03/22,1453.0,1481.0,1453.0,1463.0,1156800,91.40872128704918,91.27292004530358
2017/03/23,1472.0,1495.0,1456.0,1491.0,1139600,92.60898355855886,92.61242618507112
2017/03/24,1491.0,1512.0,1485.0,1511.0,1275000,91.79197011577612,92.01119105943411
2017/03/27,1500.0,1506.0,1487.0,1493.0,1458800,91.10362894809988,91.507448366682
2017/03/28,1515.0,1527.0,1505.0,1517.0,1544300,91.54167088333946,91.65194012717683
2017/03/29,1510.0,1535.0,1510.0,1523.0,1649400,91.74694787258615,91.87362464521907
2017/03/30,1521.0,1529.0,1486.0,1488.0,1595900,90.09062590095499,90.37776189242923
2017/03/31,1501.0,1526.0,1501.0,1508.0,2789900,92.5398587686946,93.14014966314525
2017/04/03,1517.0,1522.0,1497.0,1508.0,1389900,92.0782864517591,93.09530716714616
2017/04/04,1505.0,1513.0,1494.0,1504.0,1614700,92.97411346538573,93.71136471882282
2017/04/05,1506.0,1517.0,1499.0,1516.0,1056000,91.66496685562177,92.69263478451079
2017/04/06,1519.0,1520.0,1491.0,1493.0,1731500,92.63156688885275,94.04120684856828
2017/04/07,1500.0,1511.0,1489.0,1500.0,1441200,93.15097976378705,94.98405499130452
2017/04/10,1512.0,1522.0,1497.0,1504.0,1364100,92.93750083523177,94.65355879006955
2017/04/11,1497.0,1508.0,1486.0,1499.0,1112200,94.20106104329574,96.35646316428517
2017/04/12,1494.0,1509.0,1494.0,1506.0,1441800,97.84682610236563,99.79906349390075
2017/04/13,1511.0,1539.0,1509.0,1525.0,2214200,99.96811812861785,101.73546214939006
2017/04/14,1520.0,1520.0,1477.0,1479.0,1401600,97.2107498461584,98.71215220254203
2017/04/17,1478.0,1514.0,1472.0,1512.0,1011200,98.80018320892513,100.35825440864035
2017/04/18,1525.0,1532.0,1513.0,1528.0,1242000,101.95905593587347,103.08348942659758
2017/04/19,1507.0,1515.0,1489.0,1510.0,2309000,100.36341333353454,101.56450468136933
2017/04/20,1514.0,1514.0,1495.0,1498.0,1392800,101.3127463127101,101.75998643962234
2017/04/21,1508.0,1514.0,1495.0,1507.0,1719600,102.75744509803562,102.95640889711603
2017/04/24,1507.0,1511.0,1492.0,1506.0,1452900,100.0275617907801,100.96696778505463
2017/04/25,1502.0,1517.0,1495.0,1515.0,1364600,100.06844407546755,100.78673787269202
2017/04/26,1526.0,1528.0,1503.0,1521.0,1446700,94.54789412838474,94.97394346983434
2017/04/27,1505.0,1517.0,1490.0,1495.0,1300000,91.91751991760452,92.62771316089604
2017/04/28,1490.0,1496.0,1468.0,1486.0,1713800,89.85996856297321,90.66081178230692
2017/05/01,1487.0,1505.0,1487.0,1503.0,1438900,90.35245295043211,91.22334351830013
2017/05/02,1506.0,1529.0,1500.0,1525.0,1735500,91.79836314622531,92.81483778833469
2017/05/08,1540.0,1571.0,1538.0,1568.0,2376100,92.40791973816609,93.41607796573935
2017/05/09,1564.0,1578.0,1562.0,1570.0,1241900,93.21878130235581,94.23662641427003
2017/05/10,1577.0,1584.0,1564.0,1573.0,1522500,92.35276022922906,93.30791589260488
2017/05/11,1572.0,1593.0,1569.0,1590.0,1957400,92.20675496904266,93.17914629107104
2017/05/12,1586.0,1606.0,1576.0,1592.0,1936000,92.21332755946514,93.30661560366985
2017/05/15,1571.0,1601.0,1570.0,1601.0,1488000,93.83092440107724,94.7111905358705
2017/05/16,1598.0,1612.0,1598.0,1611.0,1422100,93.72180168416267,94.53186671548961
2017/05/17,1607.0,1619.0,1604.0,1616.0,1299300,95.12652842813995,96.18120489200668
2017/05/18,1613.0,1620.0,1601.0,1604.0,1378500,97.46772663953269,98.40598255824784
2017/05/19,1594.0,1594.0,1578.0,1583.0,1446200,96.04786714647132,96.83540617169723
2017/05/22,1584.0,1594.0,1575.0,1588.0,920500,97.32040111351387,98.1938951085432
2017/05/23,1589.0,1596.0,1578.0,1582.0,891200,96.29406328112023,97.01308200022562
2017/05/24,1600.0,1614.0,1598.0,1613.0,1314100,97.93091922000659,98.36792559911032
2017/05/25,1602.0,1646.0,1598.0,1646.0,1094200,99.38606433404506,99.88337621646262
2017/05/26,1640.0,1647.0,1627.0,1632.0,956100,98.69694873273374,99.2756664292252
2017/05/29,1631.0,1649.0,1625.0,1642.0,633500,100.20292827077135,100.52526222069329
2017/05/30,1642.0,1650.0,1641.0,1648.0,828900,100.93790997229118,101.11130325288383
2017/05/31,1642.0,1648.0,1633.0,1644.0,1704600,100.39243574040131,101.04400518493028
2017/06/01,1655.0,1665.0,1646.0,1662.0,1709200,99.57242550784773,100.25188290549623
2017/06/02,1657.0,1666.0,1650.0,1661.0,1722800,100.95752235968138,101.5259306410577
2017/06/05,1660.0,1678.0,1653.0,1675.0,1088200,101.08796688919006,101.78043968440866
2017/06/06,1664.0,1671.0,1649.0,1652.0,1582400,101.0093656945744,101.64337445688456
2017/06/07,1654.0,1669.0,1649.0,1663.0,1373200,99.89786268322226,100.33687026124673
2017/06/08,1661.0,1661.0,1622.0,1622.0,1384100,96.30986929543315,96.73579510096432
2017/06/09,1620.0,1632.0,1610.0,1618.0,1642700,94.85230896156126,95.60012483799719
2017/06/12,1616.0,1633.0,1615.0,1629.0,905100,95.8153264625232,96.10861804695496
2017/06/13,1618.0,1634.0,1614.0,1616.0,1148800,93.66744233591653,93.80955500749914
2017/06/14,1621.0,1636.0,1617.0,1630.0,951400,96.38451698675371,96.58661151146993
2017/06/15,1611.0,1622.0,1597.0,1607.0,1586300,93.89263241020168,94.32010012518663
2017/06/16,1610.0,1613.0,1578.0,1584.0,2669500,93.29880557889703,93.4784751899502
2017/06/19,1582.0,1592.0,1581.0,1589.0,838200,96.06084654191372,96.16977360754632
2017/06/20,1593.0,1594.0,1579.0,1586.0,1328800,96.54279947077626,96.64113234634617
2017/06/21,1585.0,1586.0,1560.0,1576.0,1387000,97.61288988480612,97.53605125329739
2017/06/22,1576.0,1576.0,1557.0,1560.0,987500,97.72158322432223,97.60127642054037
2017/06/23,1555.0,1564.0,1551.0,1560.0,952900,95.43428101320838,96.05463288825104
2017/06/26,1560.0,1575.0,1557.0,1567.0,829200,94.1732276865234,94.25529497641345
2017/06/27,1572.0,1574.0,1559.0,1567.0,748400,93.26053435149045,93.10858508832074
2017/06/28,1563.0,1581.0,1558.0,1569.0,879000,93.54714331538922,93.49461194438514
2017/06/29,1580.0,1586.0,1568.0,1578.0,868400,94.44839129621255,94.05437600773983
2017/06/30,1574.0,1578.0,1551.0,1555.0,1560900,93.42119260089582,92.87477532437282
2017/07/03,1562.0,1565.0,1550.0,1558.0,876300,93.40820361192246,92.82582336581132
2017/07/04,1556.0,1560.0,1546.0,1549.0,749700,92.34983211149863,92.16871193996107
2017/07/05,1545.0,1549.0,1533.0,1548.0,1085200,91.89885482403565,91.49960151486123
2017/07/06,1537.0,1557.0,1537.0,1546.0,1088400,91.49528812071132,90.88465657285995
2017/07/07,1535.0,1544.0,1513.0,1514.0,1743500,90.65303640693124,90.03313558229182
2017/07/10,1506.0,1521.0,1501.0,1510.0,1178500,91.49752882954918,90.92140531066816
2017/07/11,1500.0,1511.0,1491.0,1501.0,1320600,93.2413119887189,92.44403468289151
2017/07/12,1497.0,1502.0,1486.0,1490.0,1515000,93.49824336853115,92.96080595498857
2017/07/13,1496.0,1499.0,1476.0,1477.0,1206900,92.33811123410698,91.72384260337206
2017/07/14,1477.0,1484.0,1474.0,1478.0,1263500,92.80155196929553,91.69979749367289
2017/07/18,1474.0,1494.0,1474.0,1490.0,1381800,95.0337300926702,93.37813421462326
2017/07/19,1480.0,1502.0,1477.0,1497.0,1080100,94.13875414734876,92.70141349765007
2017/07/20,1493.0,1506.0,1486.0,1501.0,1292700,94.38972784984915,92.7743621843438
2017/07/21,1496.0,1506.0,1495.0,1502.0,816500,94.05824822656116,92.60191678144929
2017/07/24,1493.0,1499.0,1485.0,1495.0,728700,93.73623642399855,92.08066095052519
2017/07/25,1493.0,1502.0,1488.0,1490.0,568900,93.8815517749782,92.42057851323227
2017/07/26,1490.0,1498.0,1483.0,1485.0,1018900,94.94364173115385,93.14408270151438
2017/07/27,1494.0,1526.0,1488.0,1512.0,1262000,95.73368845258175,93.7297665002907
2017/07/28,1492.0,1534.0,1492.0,1532.0,1319800,96.19968045608638,94.54963232429431
2017/07/31,1516.0,1517.0,1499.0,1502.0,1385600,94.28854751640921,92.22563981264325
2017/08/01,1506.0,1534.0,1499.0,1532.0,945600,97.78037334436655,95.18708701641133
2017/08/02,1535.0,1538.0,1506.0,1509.0,839000,95.99949939974842,93.28047592448581
2017/08/03,1515.0,1530.0,1510.0,1525.0,699700,97.5275585136515,94.36855062020928
2017/08/04,1524.0,1525.0,1516.0,1517.0,554700,99.1850457990374,95.51461055899259
2017/08/07,1527.0,1533.0,1520.0,1523.0,648400,102.88100233433879,98.69255343337016
2017/08/08,1527.0,1534.0,1521.0,1530.0,592400,103.95268386026801,99.88973257321902
2017/08/09,1528.0,1537.0,1502.0,1515.0,900000,105.45699912267376,101.0841990331686
2017/08/10,1511.0,1511.0,1497.0,1504.0,1241000,103.68224662305433,98.91960023043335
2017/08/14,1490.0,1504.0,1483.0,1487.0,1043600,104.5577568723878,99.70377191469679
2017/08/15,1497.0,1505.0,1487.0,1487.0,1030200,103.68139077005512,99.14208593276503
2017/08/16,1490.0,1516.0,1489.0,1499.0,921700,104.28751431840402,99.68876146323625
2017/08/17,1497.0,1524.0,1492.0,1520.0,823600,105.987268366372,101.24971617063589
2017/08/18,1506.0,1506.0,1485.0,1499.0,947700,105.80065210495464,100.98729608588374
2017/08/21,1508.0,1520.0,1505.0,1519.0,619000,106.12910654443104,101.33985293287935
2017/08/22,1522.0,1528.0,1509.0,1510.0,483300,103.2243676436674,98.59831778810577
2017/08/23,1530.0,1530.0,1512.0,1516.0,921600,102.58899848753398,98.10372704775297
2017/08/24,1507.0,1519.0,1498.0,1498.0,690000,100.98078019560222,96.69857557167185
2017/08/25,1498.0,1513.0,1495.0,1506.0,667600,100.68588635711197,96.54377520285526
2017/08/28,1514.0,1519.0,1495.0,1508.0,674800,101.86028132351758,97.14567325817899
2017/08/29,1493.0,1505.0,1490.0,1497.0,742200,102.79076101043233,97.77582544417487
2017/08/30,1507.0,1527.0,1503.0,1522.0,1153900,101.59146521903635,97.04755076567334
2017/08/31,1512.0,1524.0,1503.0,1504.0,1168100,100.52900008776484,96.47829485588362
2017/09/01,1513.0,1513.0,1493.0,1500.0,706700,98.79813237762923,95.15392465227964
2017/09/04,1495.0,1509.0,1479.0,1484.0,808600,97.66834940304216,93.71978154065967
2017/09/05,1488.0,1495.0,1470.0,1475.0,894300,98.0173041047798,94.5846032326098
2017/09/06,1472.0,1492.0,1470.0,1490.0,899700,96.4968673638029,93.07775520935526
2017/09/07,1495.0,1522.0,1491.0,1511.0,1579700,96.85468335484525,93.29041500269038
2017/09/08,1507.0,1514.0,1492.0,1493.0,1154300,97.41612406685411,93.33379312152914
2017/09/11,1516.0,1523.0,1503.0,1505.0,717700,95.09586075259357,91.48719694599367
2017/09/12,1514.0,1515.0,1495.0,1495.0,1061600,94.5864086725095,90.89891351427259
2017/09/13,1494.0,1505.0,1489.0,1498.0,888200,93.84357225660663,90.10195300373792
2017/09/14,1501.0,1514.0,1500.0,1500.0,879900,94.97989069958216,91.42032949907228
2017/09/15,1499.0,1512.0,1491.0,1493.0,1568900,92.72233792792623,89.42492606401282
2017/09/19,1502.0,1504.0,1486.0,1494.0,1161300,88.34019780611433,85.85684905231761
2017/09/20,1485.0,1494.0,1484.0,1489.0,960000,87.88872114205422,86.1317608701764
2017/09/21,1493.0,1496.0,1486.0,1490.0,901700,88.90282905951413,87.31939206757204
2017/09/22,1492.0,1503.0,1486.0,1502.0,979100,89.84414758617201,88.24102507711883
2017/09/25,1505.0,1508.0,1488.0,1502.0,719700,89.12057802791999,87.74182222526314
2017/09/26,1504.0,1515.0,1501.0,1506.0,913900,88.21526806191052,86.70440546340758
2017/09/27,1498.0,1498.0,1467.0,1470.0,868100,87.61999531845325,86.23011112460965
2017/09/28,1472.0,1474.0,1428.0,1436.0,1557000,86.88081818369471,84.92859324985012
2017/09/29,1431.0,1438.0,1420.0,1431.0,1261500,87.93811318928853,85.95111488747249
2017/10/02,1434.0,1442.0,1428.0,1435.0,852800,88.92291547142992,86.89944485346655
2017/10/03,1443.0,1467.0,1436.0,1466.0,1151400,90.99238836885458,89.17402671464745
2017/10/04,1466.0,1476.0,1463.0,1467.0,788700,92.58594378739616,90.84683264619626
2017/10/05,1475.0,1494.0,1473.0,1481.0,1398300,93.75953514402228,92.10103313148058
2017/10/06,1478.0,1488.0,1465.0,1474.0,853400,93.90991207364475,92.2572764598458
2017/10/10,1475.0,1477.0,1466.0,1472.0,1293500,93.50962721187055,91.51566983958402
2017/10/11,1470.0,1483.0,1468.0,1481.0,1088700,94.49159128634147,92.69163370148242
2017/10/12,1477.0,1493.0,1468.0,1489.0,1023400,94.15035945224572,92.86064306075848
2017/10/13,1484.0,1503.0,1481.0,1502.0,945800,94.01320526009962,93.03040119209585
2017/10/16,1500.0,1524.0,1497.0,1517.0,937900,95.57481429249768,94.57174779211893
2017/10/17,1524.0,1527.0,1507.0,1525.0,718800,95.84780071848193,94.89492746551555
2017/10/18,1519.0,1527.0,1511.0,1524.0,972100,95.56110489553377,94.50803670651958
2017/10/19,1525.0,1528.0,1510.0,1514.0,786200,94.8996053920443,93.5741307019278
2017/10/20,1505.0,1512.0,1499.0,1508.0,916100,94.20425872569452,92.79647694020363
2017/10/23,1521.0,1522.0,1508.0,1517.0,647400,94.14117192343052,92.87102358186475
2017/10/24,1518.0,1546.0,1517.0,1545.0,1050300,94.64696551675213,93.16826299170393
2017/10/25,1542.0,1543.0,1517.0,1522.0,826100,92.94245466821683,91.58323832386166
2017/10/26,1522.0,1526.0,1511.0,1516.0,825400,92.35572666909944,91.25694213018923
2017/10/27,1500.0,1509.0,1468.0,1490.0,2281500,91.20803872356109,90.45921431116624
2017/10/30,1486.0,1490.0,1476.0,1480.0,2553600,91.17565243985861,90.60175623307727
2017/10/31,1477.0,1488.0,1474.0,1482.0,1225300,91.67554622417036,91.27010708839194
2017/11/01,1489.0,1531.0,1484.0,1525.0,1506600,92.20651543311361,92.40478521834439
2017/11/02,1518.0,1519.0,1506.0,1509.0,1174700,90.76329504953706,90.85764454149519
2017/11/06,1503.0,1521.0,1501.0,1510.0,847600,92.09845964969126,91.90702444253199
2017/11/07,1507.0,1526.0,1501.0,1524.0,814700,90.83486013785604,91.23889528598338
2017/11/08,1530.0,1555.0,1528.0,1552.0,1600200,89.4918795518246,90.32729302645136
2017/11/09,1555.0,1582.0,1533.0,1543.0,1785800,92.43795621117653,92.52028339530199
2017/11/10,1513.0,1529.0,1502.0,1514.0,1505900,92.93100062032026,92.8688549921414
2017/11/13,1516.0,1523.0,1503.0,1503.0,831900,95.40260783357235,94.84096348611165
2017/11/14,1494.0,1498.0,1481.0,1484.0,1401000,94.6333158803349,94.54107262898806
2017/11/15,1480.0,1491.0,1461.0,1465.0,1950700,94.65590520389703,95.15631546668413
2017/11/16,1474.0,1485.0,1462.0,1479.0,1323300,93.73444228498303,94.74318556769919
2017/11/17,1492.0,1493.0,1450.0,1457.0,1522900,92.91341376754714,93.80100797090277
2017/11/20,1450.0,1452.0,1438.0,1445.0,798300,92.75871669047501,93.52122811069707
2017/11/21,1446.0,1454.0,1439.0,1447.0,900200,92.24476129068864,93.04458723833724
2017/11/22,1445.0,1454.0,1428.0,1452.0,1417100,91.69123466823763,92.5438742852419
2017/11/24,1443.0,1461.0,1433.0,1434.0,1662200,90.18941431048955,91.00930741306507
2017/11/27,1438.0,1438.0,1424.0,1427.0,1039200,88.3491871305629,89.55304559559536
2017/11/28,1426.0,1453.0,1426.0,1448.0,1126200,89.51258016761292,91.11640278748773
2017/11/29,1452.0,1471.0,1446.0,1466.0,1073400,89.10487831187271,90.4762923368079
2017/11/30,1467.0,1486.0,1456.0,1482.0,2969500,90.98164178546257,92.43577796057988
2017/12/01,1494.0,1502.0,1483.0,1491.0,1486300,90.65992208817417,92.36632228568588
2017/12/04,1502.0,1505.0,1479.0,1482.0,889900,90.840142209081,92.66351965522769
2017/12/05,1478.0,1509.0,1477.0,1507.0,731400,89.53847840777674,90.99416430650612
2017/12/06,1489.0,1502.0,1484.0,1492.0,1195700,87.75725503259662,88.84060224907775
2017/12/07,1498.0,1505.0,1483.0,1492.0,1281300,84.08568421083737,85.37187146558739
2017/12/08,1465.0,1504.0,1465.0,1494.0,1426500,84.00793535262422,85.3092971536927
2017/12/11,1496.0,1501.0,1485.0,1499.0,1322900,83.28295366067549,84.2287898568766
2017/12/12,1501.0,1507.0,1492.0,1501.0,1013300,82.59206007278497,83.25008919464982
2017/12/13,1499.0,1503.0,1474.0,1477.0,1411200,81.67061127043252,82.0276210960775
2017/12/14,1478.0,1497.0,1477.0,1481.0,1099800,81.72668800380274,82.1053571663825
2017/12/15,1474.0,1478.0,1451.0,1455.0,1528900,81.22304589906307,81.63673423270075
2017/12/18,1463.0,1463.0,1449.0,1454.0,1038300,79.12239218905327,79.6256634431294
2017/12/19,1451.0,1458.0,1443.0,1451.0,737800,79.80319880717937,80.05868643969899
2017/12/20,1456.0,1460.0,1435.0,1436.0,1117500,79.72254248529339,79.62079760411261
2017/12/21,1436.0,1448.0,1432.0,1442.0,1016700,81.02930028878272,80.78233148352373
2017/12/22,1443.0,1455.0,1426.0,1430.0,987000,79.99242183482323,79.42794522393655
2017/12/25,1435.0,1440.0,1428.0,1437.0,613200,80.25636934318953,79.69257952688221
2017/12/26,1446.0,1448.0,1433.0,1434.0,522100,80.70446795609698,80.06388684919655
2017/12/27,1429.0,1436.0,1427.0,1434.0,382500,80.84839920996669,80.18540382589141
2017/12/28,1431.0,1444.0,1430.0,1439.0,629200,81.53584918499563,80.99591503476627
2017/12/29,1442.0,1444.0,1432.0,1441.0,568900,81.91755171011313,81.51564785054923
2018/01/04,1454.0,1467.0,1450.0,1460.0,1169900,81.4270111396201,81.84166549084746
2018/01/05,1472.0,1483.0,1465.0,1483.0,1052900,81.21403613150616,81.78127686563182
2018/01/09,1489.0,1501.0,1484.0,1501.0,1402300,84.29818445834805,85.03344222489335
2018/01/10,1493.0,1516.0,1493.0,1507.0,1562300,85.07393305910807,85.63383043643002
2018/01/11,1492.0,1507.0,1482.0,1506.0,1347300,85.46879930572169,86.12456635512675
2018/01/12,1503.0,1507.0,1473.0,1481.0,1420600,83.34055163932777,84.15808497602515
2018/01/15,1488.0,1493.0,1480.0,1484.0,810300,83.32761265197334,84.08140535787233
2018/01/16,1478.0,1491.0,1477.0,1484.0,981800,81.97213693772778,83.14095863805765
2018/01/17,1474.0,1492.0,1473.0,1490.0,963600,81.79583836669082,82.72876376893099
2018/01/18,1501.0,1503.0,1458.0,1460.0,1284300,80.14923544398378,81.30918169303717
2018/01/19,1457.0,1458.0,1445.0,1456.0,914000,80.71678814537638,81.4823918488329
2018/01/22,1450.0,1452.0,1438.0,1448.0,871700,80.65649974646564,81.40711403812605
2018/01/23,1450.0,1465.0,1450.0,1458.0,865800,81.57302898004562,82.55850486719582
2018/01/24,1457.0,1479.0,1453.0,1478.0,1029900,83.91779290291811,84.36970936668882
2018/01/25,1465.0,1479.0,1456.0,1474.0,744100,86.05908123402996,86.06997989479837
2018/01/26,1479.0,1486.0,1461.0,1463.0,948500,86.26956334002791,86.32816570194731
2018/01/29,1464.0,1474.0,1464.0,1469.0,833200,86.69055722876196,86.82411331739145
2018/01/30,1472.0,1476.0,1453.0,1456.0,984000,86.50360897409182,86.65374252859115
2018/01/31,1441.0,1449.0,1407.0,1407.0,2598400,82.48787042137081,82.76792646515884
2018/02/01,1417.0,1425.0,1402.0,1424.0,1445200,82.50510106342371,82.72680655757688
2018/02/02,1407.0,1430.0,1405.0,1427.0,1064700,84.05117313753009,84.03537632803591
2018/02/05,1414.0,1428.0,1412.0,1419.0,1114800,86.02830219312757,85.72430232951776
2018/02/06,1391.0,1408.0,1362.0,1382.0,2416600,87.06741476733491,86.52636013690281
2018/02/07,1391.0,1400.0,1377.0,1378.0,1835500,87.11826986672891,86.4089980412816
2018/02/08,1378.0,1380.0,1362.0,1364.0,1078000,84.87896877867688,84.23783940715778
2018/02/09,1337.0,1350.0,1330.0,1345.0,1379400,86.2678547599103,84.99757409634292
2018/02/13,1360.0,1365.0,1330.0,1333.0,1197200,84.95088757457677,84.09959567941932
2018/02/14,1327.0,1328.0,1303.0,1303.0,1423100,84.31623626805724,83.72925068027027
2018/02/15,1314.0,1317.0,1293.0,1294.0,1027400,82.89631390160017,82.97122302643047
2018/02/16,1303.0,1343.0,1303.0,1341.0,1235300,83.62944691549124,83.95513714391195
2018/02/19,1357.0,1393.0,1354.0,1392.0,1051000,84.0182441420407,84.24319071627738
2018/02/20,1392.0,1399.0,1388.0,1394.0,977100,84.46016783371904,84.3312642840881
2018/02/21,1400.0,1408.0,1387.0,1391.0,1099500,84.03864961850064,84.21282236136254
2018/02/22,1371.0,1374.0,1359.0,1362.0,934900,83.25177868045873,83.2554026353409
2018/02/23,1361.0,1388.0,1357.0,1386.0,805800,84.31027746835187,84.27954094562105
2018/02/26,1399.0,1419.0,1394.0,1414.0,941700,84.86936048754042,85.0483972924472
2018/02/27,1416.0,1422.0,1405.0,1414.0,914400,83.7332054587576,84.09061748969752
2018/02/28,1410.0,1425.0,1399.0,1404.0,1285600,84.62505728023953,84.5794772286653
2018/03/01,1390.0,1394.0,1381.0,1384.0,776900,85.19576102955801,85.05912418203187
2018/03/02,1364.0,1375.0,1348.0,1355.0,793700,85.18826580579076,84.52769055558063
2018/03/05,1340.0,1352.0,1338.0,1350.0,922000,85.68641687485243,85.35970918519659
2018/03/06,1361.0,1386.0,1358.0,1371.0,998400,85.3386259264041,85.60879904774885
2018/03/07,1350.0,1370.0,1347.0,1350.0,805800,84.87443794564186,85.23385514078419
2018/03/08,1358.0,1361.0,1335.0,1340.0,652100,84.77786445838773,85.25702413840895
2018/03/09,1344.0,1350.0,1326.0,1333.0,1116200,84.0628157549198,84.46628930233861
2018/03/12,1348.0,1351.0,1337.0,1348.0,722800,82.27364064419912,82.84392086543684
2018/03/13,1357.0,1394.0,1357.0,1391.0,1003300,84.06605315998328,84.70441177341146
2018/03/14,1393.0,1411.0,1388.0,1402.0,1014700,86.03221908237157,86.26260216309205
2018/03/15,1410.0,1436.0,1402.0,1432.0,1603300,87.16838961161099,87.5090411950231
2018/03/16,1429.0,1433.0,1416.0,1422.0,2324800,87.53487121673157,87.63914415695511
2018/03/19,1428.0,1435.0,1408.0,1410.0,874000,87.11311588288278,87.42586415713751
2018/03/20,1400.0,1429.0,1395.0,1426.0,1864900,88.51340136875436,88.60751287218017
2018/03/22,1412.0,1424.0,1393.0,1409.0,1449200,83.5295030782724,83.72414927489588
2018/03/23,1384.0,1408.0,1379.0,1386.0,1680100,85.69757005113694,85.05992035677497
2018/03/26,1358.0,1374.0,1348.0,1369.0,1779800,83.83257328694154,83.63347096861355
2018/03/27,1363.0,1405.0,1352.0,1405.0,1596700,83.4303913452985,83.32364545014053
2018/03/28,1380.0,1422.0,1376.0,1420.0,2139800,85.19587229946963,84.59720763229664
2018/03/29,1430.0,1436.0,1413.0,1435.0,1594200,86.88572896618209,86.45421785867556
2018/03/30,1440.0,1440.0,1413.0,1421.0,745100,83.05254030122705,83.0469390773533
2018/04/02,1420.0,1435.0,1416.0,1421.0,687600,83.6336196879182,83.6567046934971
2018/04/03,1413.0,1427.0,1407.0,1411.0,1146800,82.88031108988085,82.84461844362897
2018/04/04,1416.0,1424.0,1403.0,1416.0,831400,82.63365269142474,82.3740290076477
2018/04/05,1429.0,1439.0,1415.0,1422.0,1084700,81.8310386958306,81.7454182920137
2018/04/06,1419.0,1438.0,1414.0,1425.0,1056800,82.2134325133348,82.31730937009239
2018/04/09,1434.0,1442.0,1425.0,1435.0,984400,82.73485630598718,82.90550720902678
2018/04/10,1425.0,1445.0,1421.0,1437.0,1216900,82.46387630993574,82.75467438469911
2018/04/11,1427.0,1439.0,1416.0,1431.0,1342600,81.28645710603921,81.4848275131088
2018/04/12,1441.0,1448.0,1433.0,1436.0,1167900,80.10717098036687,80.45402238983372
2018/04/13,1437.0,1439.0,1422.0,1428.0,1068200,81.2873788683447,81.46119034667814
2018/04/16,1424.0,1446.0,1422.0,1442.0,711800,80.16970251898834,80.51018773435874
2018/04/17,1444.0,1453.0,1437.0,1438.0,1035400,79.3393019814046,80.05041171374504
2018/04/18,1435.0,1446.0,1434.0,1442.0,995900,79.43849528504869,80.30985142818045
2018/04/19,1445.0,1490.0,1442.0,1469.0,1781400,81.44538263377282,82.5228066185098
2018/04/20,1478.0,1479.0,1463.0,1469.0,1039900,81.90153835695129,82.86332096770906
2018/04/23,1473.0,1477.0,1463.0,1468.0,814300,83.3011719251631,83.69141376489765
2018/04/24,1486.0,1500.0,1476.0,1495.0,1820900,84.51098053500772,84.70995465134872
2018/04/25,1493.0,1524.0,1490.0,1520.0,1650300,86.77231716218398,86.91368088143346
2018/04/26,1520.0,1547.0,1518.0,1544.0,1763500,89.08250523113703,89.55526809970227
2018/04/27,1430.0,1433.0,1393.0,1411.0,4041600,81.12856323777254,81.84019093211496
2018/05/01,1416.0,1440.0,1412.0,1422.0,1855600,80.55933058149441,81.47939967279268
2018/05/02,1427.0,1445.0,1419.0,1445.0,1258000,81.58761019067579,82.49745937652068
2018/05/07,1461.0,1502.0,1449.0,1500.0,2125100,84.71420631495118,85.55732972307794
2018/05/08,1492.0,1516.0,1486.0,1511.0,1762300,84.84415416140213,85.5326767818145
2018/05/09,1506.0,1510.0,1474.0,1479.0,1653800,83.49766697927623,84.06865237484247
2018/05/10,1473.0,1473.0,1438.0,1438.0,1070600,80.24683999388296,80.73492513026586
2018/05/11,1437.0,1449.0,1431.0,1443.0,773900,79.1920499380172,79.82164864804041
2018/05/14,1440.0,1477.0,1440.0,1475.0,720600,80.05855310419435,80.60449615995412
2018/05/15,1464.0,1486.0,1460.0,1476.0,878400,79.9831069513573,80.40735097301537
2018/05/16,1471.0,1486.0,1462.0,1463.0,721000,78.96580029892519,79.2414903097775
2018/05/17,1454.0,1458.0,1430.0,1442.0,1454200,76.97120636342751,77.30485839902374
2018/05/18,1439.0,1439.0,1418.0,1420.0,1568900,76.63864906670743,77.07622033896682
2018/05/21,1430.0,1440.0,1415.0,1415.0,1154200,76.22904740462015,77.01540846493437
2018/05/22,1445.0,1455.0,1416.0,1420.0,1436800,76.67499895524254,77.63934558717519
2018/05/23,1437.0,1444.0,1417.0,1419.0,1372500,76.54753575047452,77.0967243142171
2018/05/24,1416.0,1424.0,1403.0,1403.0,1167900,75.26896560735473,75.76926068077896
2018/05/25,1390.0,1403.0,1381.0,1386.0,1453200,74.47104704267856,75.23017523880362
2018/05/28,1376.0,1392.0,1375.0,1390.0,809100,74.11499572127343,75.07979519603401
2018/05/29,1401.0,1413.0,1391.0,1403.0,1098400,74.92673445548083,75.99222056967378
2018/05/30,1393.0,1404.0,1383.0,1392.0,1396500,75.56565487651666,76.48983196581088
2018/05/31,1398.0,1400.0,1375.0,1389.0,3066000,74.75883916785723,75.8591523718988
2018/06/01,1359.0,1364.0,1346.0,1348.0,1798300,73.85684347368428,74.80095737296395
2018/06/04,1353.0,1381.0,1349.0,1352.0,1584200,72.43818664386968,73.22462590271182
2018/06/05,1352.0,1367.0,1349.0,1361.0,935900,73.02916650528766,74.09896001748746
2018/06/06,1350.0,1366.0,1347.0,1356.0,910800,72.02126328060758,73.25971625957442
2018/06/07,1356.0,1374.0,1352.0,1370.0,1227500,73.6795827474308,75.08722370550255
2018/06/08,1366.0,1384.0,1365.0,1369.0,1645300,74.61431382570363,75.59690811649884
2018/06/11,1369.0,1385.0,1360.0,1362.0,1036900,72.9935546976827,74.47159307089582
2018/06/12,1348.0,1389.0,1347.0,1386.0,1516800,74.59727615067426,76.2324677445489
2018/06/13,1390.0,1408.0,1386.0,1395.0,896100,74.09473128116947,75.66676222757361
2018/06/14,1394.0,1400.0,1377.0,1382.0,610700,75.00510533439991,76.55952078577515
2018/06/15,1394.0,1395.0,1371.0,1374.0,1188800,75.7021549639292,77.38473079857282
2018/06/18,1371.0,1374.0,1346.0,1347.0,793100,75.00548286597092,76.85713177998824
2018/06/19,1341.0,1351.0,1332.0,1332.0,1168600,76.26410352816887,77.8846088766871
2018/06/20,1340.0,1362.0,1330.0,1359.0,1283600,76.99198307895156,79.28476570899822
2018/06/21,1352.0,1358.0,1333.0,1333.0,903200,75.72442020967115,78.60307798350118
2018/06/22,1330.0,1333.0,1319.0,1331.0,982900,76.28648121632364,78.79297990532342
2018/06/25,1331.0,1342.0,1323.0,1333.0,866300,76.74696274857799,79.35442921960387
2018/06/26,1335.0,1363.0,1331.0,1360.0,949600,78.56666657335997,81.17223343007713
2018/06/27,1349.0,1360.0,1340.0,1356.0,764600,78.11503528576235,80.5804836373452
2018/06/28,1361.0,1365.0,1341.0,1348.0,936800,77.56086887023925,80.33324306492791
2018/06/29,1347.0,1358.0,1336.0,1353.0,1191500,78.15018839332939,81.02816982858427
2018/07/02,1353.0,1359.0,1331.0,1331.0,977300,78.55186434062169,81.35428656595663
2018/07/03,1344.0,1344.0,1318.0,1326.0,1281000,78.71466953151457,81.40131110869746
2018/07/04,1326.0,1345.0,1326.0,1342.0,771000,80.16409411693729,82.8720459065503
2018/07/05,1347.0,1348.0,1321.0,1326.0,859900,79.58815103349745,82.6652960332101
2018/07/06,1326.0,1355.0,1325.0,1348.0,891900,81.43879298487472,84.58898943032847
2018/07/09,1348.0,1367.0,1347.0,1363.0,666600,82.19630281000157,85.18634979866337
2018/07/10,1351.0,1358.0,1331.0,1331.0,1069000,80.67879688311461,84.0760115819679
2018/07/11,1331.0,1338.0,1321.0,1323.0,911700,81.36773621319271,84.485598476726
2018/07/12,1341.0,1351.0,1330.0,1331.0,936200,81.63419942112506,85.34126655351808
2018/07/13,1333.0,1337.0,1327.0,1331.0,715300,80.17694010745564,84.60997686758122
2018/07/17,1348.0,1379.0,1347.0,1370.0,1271700,81.01902156589395,85.38274224945765
2018/07/18,1383.0,1389.0,1373.0,1387.0,730500,81.37916426354839,85.80892729587323
2018/07/19,1388.0,1390.0,1366.0,1368.0,631700,80.64961303701143,85.06638191761539
2018/07/20,1378.0,1389.0,1372.0,1378.0,982200,81.24275551634025,85.6986086883982
2018/07/23,1370.0,1386.0,1363.0,1376.0,823800,82.08975130722628,85.83971917665009
2018/07/24,1379.0,1389.0,1373.0,1374.0,1013200,81.74699431273392,85.3632976891922
2018/07/25,1394.0,1406.0,1388.0,1390.0,1085600,82.9896628526253,86.52435956311678
2018/07/26,1410.0,1423.0,1398.0,1420.0,1385500,83.49037721013585,86.52563631666365
2018/07/27,1425.0,1433.0,1417.0,1432.0,1002100,82.14319437849248,85.33789702487269
2018/07/30,1438.0,1458.0,1421.0,1439.0,1522700,84.67319690143846,87.70290424820938
2018/07/31,1435.0,1438.0,1419.0,1419.0,1428100,82.07800001142846,86.03152816457391
2018/08/01,1412.0,1441.0,1407.0,1436.0,1045300,84.006206561563,87.88279574279602
2018/08/02,1434.0,1447.0,1427.0,1433.0,1183000,83.60205374299649,87.62421572587465
2018/08/03,1427.0,1429.0,1407.0,1408.0,1103200,82.2133647684693,86.89566617718584
2018/08/06,1420.0,1429.0,1412.0,1417.0,834500,82.90640818604325,88.01302262532158
2018/08/07,1408.0,1419.0,1397.0,1418.0,686300,81.77409170669442,86.80222792323224
2018/08/08,1409.0,1427.0,1408.0,1410.0,768700,81.12713787286705,86.30479087250491
2018/08/09,1400.0,1402.0,1385.0,1395.0,841700,80.97859439158135,86.20140601830227
2018/08/10,1390.0,1398.0,1381.0,1391.0,754200,81.96129121338201,86.95850738646675
2018/08/13,1379.0,1388.0,1367.0,1372.0,1034200,82.47154793950418,87.63846894848922
2018/08/14,1377.0,1402.0,1377.0,1402.0,785000,83.30695670115622,89.06304034421446
2018/08/15,1398.0,1414.0,1389.0,1406.0,549700,83.34113343805554,89.26468677077834
2018/08/16,1396.0,1411.0,1384.0,1410.0,876000,82.35737578120703,88.78629797681246
2018/08/17,1404.0,1411.0,1395.0,1409.0,721900,82.17823882683048,88.44936248403957
2018/08/20,1408.0,1412.0,1394.0,1400.0,774900,80.51647612307866,86.88480324774302
2018/08/21,1395.0,1411.0,1392.0,1402.0,858000,80.99759153551993,87.92825668623013
2018/08/22,1390.0,1398.0,1387.0,1394.0,828700,79.91324168294025,86.62930231894093
2018/08/23,1395.0,1404.0,1384.0,1390.0,900200,80.1328916902193,86.9974764592517
2018/08/24,1406.0,1413.0,1388.0,1393.0,729100,79.60889086569156,86.42421770908429
2018/08/27,1400.0,1404.0,1392.0,1402.0,1157700,79.31148019383095,86.0432471433768
2018/08/28,1406.0,1419.0,1402.0,1402.0,722000,79.48724004717678,86.41371105969415
2018/08/29,1411.0,1421.0,1406.0,1416.0,833700,79.42852024630477,85.97866683748333
2018/08/30,1417.0,1417.0,1397.0,1398.0,1124600,79.8513220013834,86.44600250576275
2018/08/31,1397.0,1410.0,1394.0,1394.0,940900,80.03419812830141,86.7340290623409
2018/09/03,1394.0,1408.0,1389.0,1398.0,667800,80.9327980238749,87.8110282605779
2018/09/04,1405.0,1406.0,1395.0,1399.0,726900,81.0108337500882,87.807756379804
2018/09/05,1392.0,1398.0,1380.0,1388.0,1040800,79.8588605033623,86.9825362275026
2018/09/06,1386.0,1388.0,1373.0,1377.0,900500,78.60381423874041,86.06090107187838
2018/09/07,1374.0,1417.0,1373.0,1416.0,977100,81.95046860024446,89.73138845152411
2018/09/10,1410.0,1425.0,1409.0,1418.0,829800,82.31264270850153,90.01247847783948
2018/09/11,1418.0,1434.0,1415.0,1432.0,828300,83.58033563769965,91.75697917978457
2018/09/12,1435.0,1442.0,1421.0,1439.0,995100,84.42254848509299,92.9949607304614
2018/09/13,1444.0,1470.0,1440.0,1448.0,1341200,83.78473322314402,92.1363196531815
2018/09/14,1459.0,1462.0,1446.0,1451.0,1297200,83.78305598091961,92.14539549687095
2018/09/18,1452.0,1507.0,1445.0,1503.0,1588000,87.19553614770106,95.34328874011429
2018/09/19,1510.0,1518.0,1504.0,1512.0,1334600,87.12290758780328,94.84917101721689
2018/09/20,1513.0,1523.0,1503.0,1512.0,905600,87.21424980181148,94.72919635790788
2018/09/21,1517.0,1532.0,1507.0,1527.0,1838700,86.44463446277368,93.80808183516635
2018/09/25,1535.0,1545.0,1530.0,1540.0,1687200,86.83770231880281,93.85792577369473
2018/09/26,1512.0,1520.0,1490.0,1510.0,1401800,86.62193667224982,93.85457367387596
2018/09/27,1498.0,1512.0,1486.0,1494.0,1302900,89.02721736541426,96.87577201448964
2018/09/28,1511.0,1550.0,1504.0,1542.0,2073200,90.94213217839147,99.30704265810449
2018/10/01,1533.0,1548.0,1526.0,1534.0,808000,89.94653321417256,98.41153192118011
2018/10/02,1542.0,1546.0,1534.0,1539.0,906700,89.163585718918,96.94677689946978
2018/10/03,1546.0,1557.0,1529.0,1530.0,1232100,89.22277455838594,97.45791480058935
2018/10/04,1542.0,1546.0,1532.0,1536.0,854700,89.23499900059707,96.8788827465813
2018/10/05,1542.0,1559.0,1541.0,1552.0,931900,91.59881255650475,99.09574301607962
2018/10/09,1545.0,1553.0,1526.0,1532.0,967700,92.34281067807913,100.17689768072513
2018/10/10,1525.0,1541.0,1523.0,1533.0,853200,91.95271027160994,99.57634923706748
2018/10/11,1500.0,1519.0,1494.0,1511.0,1359200,94.12800725525918,101.37434626202098
2018/10/12,1505.0,1506.0,1479.0,1489.0,1202500,92.4097529595595,99.49376943598823
2018/10/15,1468.0,1479.0,1456.0,1467.0,1108000,92.29358513469879,99.22863187272512
2018/10/16,1462.0,1471.0,1454.0,1470.0,1113500,91.2075998577511,98.41849815044357
2018/10/17,1478.0,1500.0,1476.0,1496.0,660900,91.81052863595443,98.77958659568131
2018/10/18,1504.0,1509.0,1489.0,1500.0,812100,93.78601325330393,100.55156937105876
2018/10/19,1502.0,1516.0,1498.0,1506.0,958400,95.1052081810112,102.09674344953281
2018/10/22,1506.0,1517.0,1498.0,1509.0,801700,95.43401751081748,102.40288257036323
2018/10/23,1484.0,1486.0,1450.0,1454.0,1348700,93.23091932084799,100.16465424678469
2018/10/24,1468.0,1480.0,1459.0,1467.0,1312900,94.71281781696183,102.18327102190696
2018/10/25,1445.0,1459.0,1429.0,1434.0,1545100,96.68598740732845,103.62991642602333
2018/10/26,1400.0,1420.0,1392.0,1413.0,2227500,98.5201541236078,105.23279550863181
2018/10/29,1433.0,1446.0,1422.0,1430.0,1274900,100.55902419881065,107.6407511716655
2018/10/30,1433.0,1455.0,1431.0,1443.0,1743200,99.88380221949363,106.70369530866766
2018/10/31,1448.0,1455.0,1421.0,1428.0,1678300,95.77361011165819,101.63679001949151
2018/11/01,1408.0,1439.0,1401.0,1438.0,1708700,99.03623146115478,104.75577912283866
2018/11/02,1448.0,1450.0,1412.0,1426.0,1429000,95.73066978180196,102.06032624066601
2018/11/05,1420.0,1422.0,1408.0,1415.0,885700,96.4873046596008,102.40715652783116
2018/11/06,1425.0,1438.0,1424.0,1425.0,616900,96.83854592506297,102.1784156067182
2018/11/07,1420.0,1427.0,1395.0,1399.0,1198100,93.52126221559746,99.15194561012353
2018/11/08,1426.0,1449.0,1422.0,1447.0,1059900,95.37055224161843,101.13336574577131
2018/11/09,1449.0,1463.0,1443.0,1448.0,978200,97.49403216448216,102.9273023956984
2018/11/12,1443.0,1450.0,1435.0,1447.0,572700,96.75445408041386,102.69680760691217
2018/11/13,1447.0,1449.0,1427.0,1437.0,1025200,99.36126760941467,105.13174801409437
2018/11/14,1440.0,1495.0,1440.0,1492.0,1520700,102.69069749186063,108.21881748306352
2018/11/15,1488.0,1515.0,1482.0,1515.0,1166100,105.00624891116163,110.1052111576385
2018/11/16,1502.0,1520.0,1499.0,1502.0,1154700,106.49525652910566,111.59604734861162
2018/11/19,1485.0,1508.0,1475.0,1506.0,1339500,106.32583143750342,111.98837346915123
2018/11/20,1500.0,1521.0,1489.0,1518.0,1103300,108.95732504955899,114.2934358224038
2018/11/21,1493.0,1512.0,1484.0,1491.0,1714000,107.53489539248065,112.92918995744219
2018/11/22,1480.0,1507.0,1475.0,1504.0,1411600,109.2629475708868,114.6422966071428
2018/11/26,1529.0,1545.0,1515.0,1536.0,1348200,111.01377317359776,117.16969637070123
2018/11/27,1526.0,1534.0,1513.0,1533.0,1046700,108.44472384801239,114.10650095687767
2018/11/28,1532.0,1532.0,1501.0,1510.0,1260200,104.95289395854532,111.25375637477623
2018/11/29,1510.0,1524.0,1504.0,1504.0,1081300,103.59215717995862,109.59421242463421
2018/11/30,1481.0,1495.0,1475.0,1484.0,3119500,101.61441293502796,107.23533460400374
2018/12/03,1504.0,1515.0,1498.0,1509.0,1045000,102.41904320746077,107.71879528379209
2018/12/04,1509.0,1514.0,1491.0,1491.0,761800,101.57081452643537,107.44330926530749
2018/12/05,1479.0,1512.0,1476.0,1504.0,856500,101.98946598249599,108.48094706288072
2018/12/06,1464.0,1487.0,1464.0,1485.0,1458700,104.1432052094045,110.38553771944515
2018/12/07,1494.0,1509.0,1486.0,1507.0,1188400,106.13916523798103,112.27900318399533
2018/12/10,1495.0,1503.0,1484.0,1488.0,965000,107.30884529301503,113.22317146083294
2018/12/11,1503.0,1515.0,1494.0,1501.0,1178400,108.12440124418275,115.22049628327133
2018/12/12,1516.0,1537.0,1515.0,1533.0,1359000,109.34226065325088,116.9852945492867
2018/12/13,1531.0,1533.0,1496.0,1496.0,1440500,105.07932874371322,112.97766179105177
2018/12/14,1500.0,1519.0,1489.0,1499.0,1578700,108.70375003308051,116.05024111272415
2018/12/17,1519.0,1534.0,1511.0,1530.0,1474000,112.05175451945351,119.99252966004548
2018/12/18,1533.0,1540.0,1501.0,1503.0,1344900,112.18102669355785,120.33402969680695
2018/12/19,1508.0,1508.0,1440.0,1458.0,1756100,110.7419353715299,118.82278571759089
2018/12/20,1468.0,1488.0,1457.0,1467.0,1296600,114.07350274036816,122.21576153546845
2018/12/21,1475.0,1480.0,1423.0,1428.0,1837200,113.41125005681376,122.73445233161388
2018/12/25,1423.0,1424.0,1390.0,1412.0,1215800,117.67479190417964,127.08703739748191
2018/12/26,1423.0,1450.0,1401.0,1417.0,1107200,117.13938241951631,126.3105708726199
2018/12/27,1450.0,1473.0,1440.0,1467.0,1545000,115.6875650658862,123.49411022463777
2018/12/28,1457.0,1461.0,1429.0,1450.0,898200,114.45108855812303,122.40975220764471
2019/01/04,1430.0,1484.0,1428.0,1477.0,2003400,120.73731107537236,127.29631180624223
2019/01/07,1504.0,1512.0,1479.0,1502.0,1205300,119.09733584310833,124.99247535861365
2019/01/08,1496.0,1511.0,1488.0,1494.0,1422100,117.49513561249063,123.8436534584095
2019/01/09,1510.0,1525.0,1502.0,1512.0,1263900,116.84072832879157,123.66460626445526
2019/01/10,1500.0,1529.0,1495.0,1529.0,1170000,119.38494470657166,125.94696301903083
2019/01/11,1537.0,1553.0,1534.0,1552.0,1470900,121.74932767332791,128.53170396811302
2019/01/15,1531.0,1551.0,1513.0,1518.0,973000,119.19350758638083,125.59954228635846
2019/01/16,1519.0,1529.0,1511.0,1521.0,1061800,119.18616440626188,125.51676831084568
2019/01/17,1530.0,1539.0,1518.0,1531.0,787100,122.1383009751178,127.5357671658962
2019/01/18,1534.0,1559.0,1531.0,1547.0,957000,122.40384238512713,128.90739860939053
2019/01/21,1550.0,1554.0,1541.0,1543.0,574900,122.48883271180671,128.70806933453545
2019/01/22,1560.0,1569.0,1533.0,1537.0,988200,123.31571268590484,129.43846240156344
2019/01/23,1538.0,1545.0,1510.0,1514.0,1407000,119.08441657255007,125.8888783332595
2019/01/24,1513.0,1531.0,1499.0,1517.0,1042000,118.39816289116918,124.92187220071693
2019/01/25,1499.0,1518.0,1495.0,1510.0,1508400,117.41402204127027,123.85970557055954
2019/01/28,1513.0,1515.0,1500.0,1502.0,775800,117.0039985981121,123.60530760676455
2019/01/29,1508.0,1541.0,1507.0,1534.0,1277500,118.7523910754938,125.7263663995938
2019/01/30,1521.0,1528.0,1498.0,1502.0,1499900,119.95149005676602,126.43631662787607
2019/01/31,1525.0,1525.0,1472.0,1472.0,1593200,116.8690317766226,123.34933807079128
2019/02/01,1469.0,1473.0,1440.0,1444.0,1209400,113.29305398877345,120.56578291673952
2019/02/04,1445.0,1457.0,1432.0,1436.0,1154600,109.91223037090505,116.7111794240946
2019/02/05,1444.0,1454.0,1437.0,1439.0,785800,107.9498145693945,114.68438549717877
2019/02/06,1439.0,1442.0,1423.0,1435.0,906500,107.98433794608613,115.17977633668434
2019/02/07,1424.0,1425.0,1405.0,1420.0,896300,109.82264701424305,117.15401691199364
2019/02/08,1415.0,1428.0,1407.0,1414.0,1331800,110.55616144845163,118.28127793718677
2019/02/12,1417.0,1430.0,1410.0,1424.0,1094200,108.77474866288756,116.62085303851751
2019/02/13,1437.0,1444.0,1416.0,1419.0,952500,108.95243999433242,116.67213249462513
2019/02/14,1412.0,1425.0,1409.0,1420.0,871300,111.42574101645064,118.67327530618665
2019/02/15,1415.0,1431.0,1406.0,1429.0,982900,110.74111541352998,117.37732804804288
2019/02/18,1443.0,1446.0,1433.0,1441.0,968400,107.7391657720644,114.71181055721105
2019/02/19,1434.0,1464.0,1434.0,1458.0,1126100,107.64719086198524,114.742793453835
2019/02/20,1464.0,1492.0,1458.0,1488.0,1772100,109.6653688535414,116.79511359607582
2019/02/21,1485.0,1495.0,1470.0,1471.0,1494400,109.37263329866465,116.88347583053611
2019/02/22,1475.0,1481.0,1454.0,1457.0,1115300,107.41528027179565,114.98557832340578
2019/02/25,1456.0,1475.0,1447.0,1470.0,863500,106.98046929612192,113.83389815040657
2019/02/26,1465.0,1478.0,1455.0,1474.0,943100,108.81393261423172,115.40373271629835
2019/02/27,1476.0,1487.0,1471.0,1476.0,1613600,107.6238436341718,114.7183430443324
2019/02/28,1474.0,1476.0,1459.0,1460.0,1449800,107.16511929503245,114.18833059272102
2019/03/01,1448.0,1453.0,1437.0,1440.0,1251600,104.20173397190655,112.36509047684007
2019/03/04,1445.0,1446.0,1408.0,1416.0,1442000,101.14001440745221,109.21954546292356
2019/03/05,1420.0,1425.0,1412.0,1417.0,1065100,101.8875386531689,109.55117913989183
2019/03/06,1417.0,1424.0,1411.0,1419.0,1123400,103.4364340536094,110.88384391820998
2019/03/07,1416.0,1422.0,1396.0,1400.0,1494300,104.04939806483743,111.54145857255197
2019/03/08,1403.0,1409.0,1381.0,1385.0,1505100,106.09328920154478,113.35252538173361
2019/03/11,1385.0,1419.0,1385.0,1419.0,962900,108.7499047797854,115.90799246781967
2019/03/12,1425.0,1432.0,1417.0,1419.0,957700,104.21608916789596,111.26125452030608
2019/03/13,1417.0,1427.0,1414.0,1419.0,717900,103.52796065715022,110.82096602412675
2019/03/14,1423.0,1427.0,1412.0,1420.0,741900,101.57004284862585,108.85850989527384
2019/03/15,1431.0,1441.0,1423.0,1435.0,1894200,101.97580894435194,109.35190058065002
2019/03/18,1448.0,1455.0,1433.0,1453.0,1150600,102.5550338279589,109.8373274636612
2019/03/19,1454.0,1454.0,1441.0,1447.0,861700,100.59808001463063,108.15628561908936
2019/03/20,1457.0,1459.0,1441.0,1450.0,978200,102.82923807742755,110.11309037217359
2019/03/22,1457.0,1470.0,1444.0,1465.0,1011900,100.76619810109919,108.82618853938064
2019/03/25,1455.0,1460.0,1448.0,1454.0,1055000,105.14054984094905,112.5319848100624
2019/03/26,1472.0,1487.0,1466.0,1485.0,1943700,105.14610561069291,112.17366074702338
2019/03/27,1465.0,1469.0,1451.0,1463.0,1146900,101.35388590751693,108.7938135245188
2019/03/28,1443.0,1452.0,1432.0,1436.0,1007700,100.66590568440587,107.72893555586391
2019/03/29,1435.0,1443.0,1412.0,1412.0,1433000,100.53102302619024,107.14921071323917
2019/04/01,1434.0,1458.0,1432.0,1452.0,1094400,101.60934822967722,108.06085492289496
2019/04/02,1461.0,1464.0,1435.0,1435.0,1035200,100.69352686738296,107.51324992158757
2019/04/03,1440.0,1440.0,1417.0,1421.0,1046200,98.53370780687273,105.57319905652382
2019/04/04,1412.0,1412.0,1391.0,1395.0,1052400,97.74213985605603,104.43284099295269
2019/04/05,1408.0,1421.0,1400.0,1411.0,910400,97.92790817580493,104.71527796887285
2019/04/08,1410.0,1419.0,1404.0,1408.0,521100,97.74247983204081,104.52226329302883
2019/04/09,1405.0,1405.0,1382.0,1389.0,986200,96.62304346651527,103.41793360117771
2019/04/10,1388.0,1399.0,1384.0,1389.0,651800,97.06288598362607,104.16768869978395
2019/04/11,1389.0,1391.0,1370.0,1386.0,873600,96.29094040874368,103.24695320607549
2019/04/12,1398.0,1399.0,1386.0,1390.0,593000,96.93027383605636,104.85490321704877
2019/04/15,1408.0,1408.0,1391.0,1403.0,740800,95.83141264101435,103.76752032458239
2019/04/16,1396.0,1408.0,1385.0,1387.0,757000,94.82975175530642,102.59241907264618
2019/04/17,1388.0,1393.0,1352.0,1352.0,1279500,93.25460662305069,100.60019718295581
2019/04/18,1356.0,1356.0,1340.0,1344.0,932900,91.90937100918846,99.15068761454083
2019/04/19,1339.0,1346.0,1323.0,1330.0,630500,90.38150511651091,98.05212600299707
2019/04/22,1326.0,1339.0,1320.0,1333.0,501300,90.27308123419114,98.21848906039888
2019/04/23,1340.0,1353.0,1337.0,1341.0,766600,89.77306165171908,97.81129616142242
2019/04/24,1347.0,1347.0,1286.0,1289.0,2249600,84.86115303461355,92.99224957107593
2019/04/25,1301.0,1302.0,1284.0,1297.0,947100,84.0478914711428,91.8751765190972
2019/04/26,1250.0,1275.0,1245.0,1272.0,2005700,90.99585676925088,99.02480715278891
2019/05/07,1287.0,1289.0,1223.0,1232.0,2407800,83.71093959097499,90.70803837498259
2019/05/08,1193.0,1219.0,1187.0,1194.0,1849900,83.74337902783616,91.02886790832486
2019/05/09,1172.0,1178.0,1152.0,1158.0,2191100,84.64879082554387,92.31196883039334
2019/05/10,1149.0,1172.0,1144.0,1152.0,1980600,85.12063787642226,92.48509891072915
2019/05/13,1152.0,1160.0,1140.0,1147.0,1287900,83.90768668583799,91.12295872546925
2019/05/14,1135.0,1151.0,1131.0,1149.0,1123600,84.31487315623626,91.54702712156323
2019/05/15,1138.0,1144.0,1127.0,1144.0,1144000,83.83698100558222,91.16941237593552
2019/05/16,1137.0,1164.0,1135.0,1164.0,1277400,87.52517930740413,94.93924331858733
2019/05/17,1167.0,1169.0,1144.0,1151.0,1413600,87.46555949963532,94.66785755549874
2019/05/20,1146.0,1152.0,1126.0,1130.0,1235600,86.23423457275265,93.15182747406425
2019/05/21,1137.0,1144.0,1126.0,1136.0,1556400,86.34770324997831,93.37908791846749
2019/05/22,1142.0,1146.0,1129.0,1131.0,1112600,84.9707269440327,92.64771708789749
2019/05/23,1123.0,1140.0,1121.0,1136.0,1255400,85.89183121232344,93.32409144311782
2019/05/24,1140.0,1148.0,1135.0,1143.0,1366400,87.67542570692318,94.80066134577854
2019/05/27,1150.0,1158.0,1144.0,1154.0,814600,88.11087569981075,95.01168099780051
2019/05/28,1151.0,1157.0,1137.0,1139.0,1938200,85.37706819737384,92.22018436554012
2019/05/29,1117.0,1121.0,1095.0,1111.0,1507000,83.67080832277406,90.1882458750124
2019/05/30,1099.0,1104.0,1088.0,1098.0,1316400,83.80299219749206,90.16785883072258
2019/05/31,1087.0,1108.0,1082.0,1108.0,1258900,88.46056288503172,95.07135412648309
2019/06/03,1100.0,1120.0,1098.0,1120.0,985600,91.22155386485596,98.07849418594931
2019/06/04,1126.0,1127.0,1116.0,1125.0,1145800,91.29090422619022,97.87127825463206
2019/06/05,1129.0,1135.0,1117.0,1135.0,1225400,91.15379309863073,97.24194391131388
2019/06/06,1136.0,1139.0,1127.0,1129.0,1116200,90.53783162862989,96.68117735511233
2019/06/07,1119.0,1125.0,1107.0,1124.0,878200,89.21852373754652,95.44754304198263
2019/06/10,1128.0,1144.0,1120.0,1142.0,1143900,90.4712220491016,96.47615483053167
2019/06/11,1140.0,1149.0,1135.0,1139.0,1085900,88.66692823410519,94.3637647561252
2019/06/12,1137.0,1143.0,1135.0,1137.0,974000,88.59007337348952,94.413811692426
2019/06/13,1136.0,1143.0,1124.0,1131.0,942200,88.47853064780617,94.70635101318898
2019/06/14,1136.0,1142.0,1126.0,1134.0,926800,89.31323669156922,95.4635277544601
2019/06/17,1130.0,1134.0,1109.0,1110.0,921200,88.47663430991204,94.80516234439048
2019/06/18,1099.0,1099.0,1072.0,1077.0,1256100,85.88997642973021,92.24106193236231
2019/06/19,1076.0,1096.0,1073.0,1091.0,1212200,84.87636279395439,90.473100707754
2019/06/20,1098.0,1102.0,1090.0,1090.0,724400,86.45725336610519,91.76856846431649
2019/06/21,1090.0,1096.0,1079.0,1087.0,1737200,86.50142461509375,92.17713620609817
2019/06/24,1096.0,1099.0,1085.0,1090.0,656700,85.81233067398574,91.30823190633637
2019/06/25,1093.0,1103.0,1075.0,1076.0,1189900,83.40390286542333,88.73279729322383
2019/06/26,1065.0,1069.0,1054.0,1066.0,1333800,83.0320755896643,88.71271335021585
2019/06/27,1055.0,1058.0,1046.0,1057.0,1268200,81.83813934474968,87.18273284241423
2019/06/28,1062.0,1091.0,1062.0,1089.0,1977100,84.37900917001431,89.81493391013453
2019/07/01,1089.0,1102.0,1086.0,1102.0,1202200,83.10717263504053,88.56443882008554
2019/07/02,1109.0,1112.0,1093.0,1098.0,1099000,82.92445595852618,88.16801167048787
2019/07/03,1104.0,1115.0,1103.0,1115.0,1037700,83.38782667373196,89.06617618323386
2019/07/04,1122.0,1134.0,1122.0,1132.0,557600,84.75800942006379,90.01019654066009
2019/07/05,1131.0,1133.0,1113.0,1116.0,649600,82.94829945747686,87.93369384049704
2019/07/08,1102.0,1109.0,1099.0,1101.0,730800,82.72013308376344,87.60418948170089
2019/07/09,1105.0,1120.0,1095.0,1097.0,986000,84.83366280368901,89.81079279127675
2019/07/10,1086.0,1088.0,1075.0,1085.0,1367100,83.52915120446431,88.824790184157
2019/07/11,1079.0,1099.0,1079.0,1095.0,1089000,84.33839725333328,89.09853089336485
2019/07/12,1088.0,1095.0,1084.0,1095.0,650100,85.72670375768521,90.29383695893554
2019/07/16,1084.0,1086.0,1071.0,1072.0,1164500,82.47069346582242,87.04245324412585
2019/07/17,1063.0,1071.0,1055.0,1055.0,1770800,80.75784201909613,84.9829130681637
2019/07/18,1056.0,1058.0,1018.0,1021.0,1718900,80.72846152202916,85.10873573149465
2019/07/19,1027.0,1050.0,1021.0,1048.0,1019600,80.41298924507782,84.85489051628137
2019/07/22,1046.0,1051.0,1039.0,1043.0,939900,79.26859349576601,84.67938159172124
2019/07/23,1035.0,1045.0,1021.0,1041.0,640100,78.88154098620102,84.36241039840328
2019/07/24,1040.0,1048.0,1032.0,1043.0,826100,78.16286606460726,83.53432173408763
2019/07/25,1041.0,1057.0,1039.0,1055.0,613200,77.13120892426086,83.14478116281444
2019/07/26,1052.0,1064.0,1051.0,1063.0,937100,77.84641371343338,83.8792624640387
2019/07/29,1060.0,1072.0,1059.0,1071.0,1028400,77.6219287554356,83.89650664805508
2019/07/30,1062.0,1088.0,1062.0,1086.0,1084700,79.50960465307827,85.16491675121777
2019/07/31,1076.0,1095.0,1071.0,1091.0,1527000,80.30000415713783,85.90758191449986
2019/08/01,1074.0,1076.0,1052.0,1058.0,1440400,77.1610489170809,82.53343107989326
2019/08/02,1043.0,1061.0,1039.0,1053.0,1185100,79.88695968789878,84.98572616679103
2019/08/05,1045.0,1052.0,1029.0,1049.0,1107600,80.41435708046816,85.1900306151569
2019/08/06,1020.0,1053.0,1019.0,1051.0,1126800,81.59837123064251,86.32068881395814
2019/08/07,1041.0,1059.0,1040.0,1050.0,1159500,82.19108877196378,86.62085081700991
2019/08/08,1042.0,1042.0,1019.0,1039.0,1506200,81.73194584781453,86.48233473276751
2019/08/09,1039.0,1053.0,1037.0,1046.0,819400,81.06255307973788,86.0145193413894
2019/08/13,1045.0,1052.0,1031.0,1045.0,1653700,81.4620070889778,85.78675309744484
2019/08/14,1047.0,1048.0,1028.0,1036.0,1087300,79.21036667658979,83.43981327109046
2019/08/15,1017.0,1032.0,1015.0,1031.0,902700,79.52182635830628,83.13870354026844
2019/08/16,1026.0,1036.0,1018.0,1032.0,1090200,79.88512216425896,83.70953033950005
2019/08/19,1040.0,1056.0,1038.0,1055.0,968200,81.35195243754923,85.33295141348599
2019/08/20,1046.0,1049.0,1032.0,1037.0,1284500,79.48357116897272,82.73550482479102
2019/08/21,1026.0,1028.0,1017.0,1027.0,1051800,79.90435550796043,83.55457769126798
2019/08/22,1021.0,1032.0,1018.0,1032.0,948500,80.66131746636505,84.1646342218912
2019/08/23,1031.0,1040.0,1024.0,1035.0,858000,81.08350301965325,84.53565165532399
2019/08/26,1011.0,1023.0,1007.0,1019.0,1183700,81.7885344224698,85.02083290243031
2019/08/27,1029.0,1043.0,1028.0,1039.0,866900,82.6487840124054,86.14433697389914
2019/08/28,1042.0,1057.0,1042.0,1053.0,1047400,82.96593977130141,86.80130307236433
2019/08/29,1048.0,1057.0,1043.0,1056.0,797700,84.4283004274184,88.15673045455169
2019/08/30,1058.0,1065.0,1046.0,1062.0,1463600,84.13443403189147,87.44545589144897
2019/09/02,1051.0,1057.0,1044.0,1052.0,819600,82.86725129014542,86.00390827551871
2019/09/03,1051.0,1070.0,1049.0,1065.0,1045800,83.77242960138126,86.57881089728615
2019/09/04,1056.0,1058.0,1049.0,1055.0,1074800,83.11911795426452,86.00400865947564
2019/09/05,1054.0,1066.0,1049.0,1051.0,1199500,81.40020211466849,84.18191223724384
2019/09/06,1048.0,1049.0,1024.0,1024.0,1227500,76.09427553973748,79.24221523619018
2019/09/09,1027.0,1043.0,1025.0,1043.0,828200,77.19319793913404,80.02719041031808
2019/09/10,1036.0,1045.0,1033.0,1041.0,1063200,77.0200993963233,79.2708323584524
2019/09/11,1049.0,1082.0,1049.0,1078.0,1648400,78.4054541156596,80.00586110742832
2019/09/12,1093.0,1115.0,1089.0,1100.0,1793700,79.67347816227857,81.4399311981341
2019/09/13,1108.0,1116.0,1097.0,1116.0,1832500,80.78246237022884,82.58534661207376
2019/09/17,1110.0,1113.0,1093.0,1098.0,1367400,77.76631605696465,79.62819050919447
2019/09/18,1106.0,1114.0,1099.0,1108.0,1204900,78.99254102960624,81.44671461510539
2019/09/19,1116.0,1139.0,1115.0,1124.0,1922800,79.83695340610565,82.24980804607699
2019/09/20,1130.0,1130.0,1090.0,1094.0,2405700,77.45478639464064,79.96804321857603
2019/09/24,1111.0,1124.0,1103.0,1106.0,1898900,77.80254282372044,80.64643626549805
2019/09/25,1114.0,1128.0,1110.0,1126.0,1228300,81.3885726849248,83.84838243618748
2019/09/26,1149.0,1150.0,1124.0,1132.0,2434900,81.77854273545921,84.0241468398333
2019/09/27,1111.0,1112.0,1067.0,1096.0,2661900,78.35716611967823,80.51351923302
2019/09/30,1080.0,1080.0,1049.0,1054.0,2018000,76.57291794932259,78.66902668702845
2019/10/01,1060.0,1103.0,1060.0,1097.0,1827100,79.04921560059059,81.10851729031481
2019/10/02,1097.0,1120.0,1097.0,1116.0,1517000,80.7527104914085,82.37428478460924
2019/10/03,1097.0,1109.0,1093.0,1107.0,1397200,80.96483350379347,82.74256386563263
2019/10/04,1096.0,1107.0,1091.0,1107.0,1369400,79.23461702472102,81.2924658012354
2019/10/07,1111.0,1117.0,1092.0,1101.0,1225600,78.90765783723592,80.47441141205093
2019/10/08,1093.0,1099.0,1079.0,1086.0,1636000,77.06636557491358,78.69007018257028
2019/10/09,1082.0,1093.0,1079.0,1084.0,1277500,77.46582423383163,78.85461657201971
2019/10/10,1081.0,1086.0,1065.0,1079.0,1313100,74.85185526453199,76.84817959809112
2019/10/11,1082.0,1093.0,1081.0,1090.0,847400,76.21167372585069,78.1217508173919
2019/10/15,1104.0,1113.0,1100.0,1104.0,1230900,76.25874402309616,78.24064048530165
2019/10/16,1116.0,1123.0,1103.0,1105.0,1402500,75.07383027297647,77.59233498694171
2019/10/17,1108.0,1108.0,1084.0,1086.0,1183400,73.06525089680764,75.98754802482527
2019/10/18,1091.0,1095.0,1079.0,1088.0,1452100,72.37090497467233,75.4005005590212
2019/10/21,1094.0,1104.0,1089.0,1099.0,870900,73.0426006095798,75.81290634351008
2019/10/23,1114.0,1122.0,1104.0,1112.0,1010800,74.01124428602006,76.44553128400922
2019/10/24,1119.0,1123.0,1116.0,1119.0,984900,72.95072938809234,76.0006736347199
2019/10/25,1118.0,1126.0,1112.0,1118.0,1280700,73.51715328683974,76.60587994984064
2019/10/28,1110.0,1115.0,1097.0,1105.0,1314200,71.46907904934545,74.51310420438627
2019/10/29,1106.0,1113.0,1101.0,1106.0,1344500,71.58542249455378,74.28474774446339
2019/10/30,1116.0,1117.0,1096.0,1100.0,3096900,73.91944884657342,76.11618991795072
2019/10/31,1110.0,1118.0,1095.0,1114.0,1700500,73.28090295668606,75.84405762621532
2019/11/01,1118.0,1159.0,1113.0,1147.0,2434200,78.29775349022094,80.061206120612
2019/11/05,1154.0,1157.0,1138.0,1149.0,1352700,76.80237487765889,78.97483739807087
2019/11/06,1152.0,1154.0,1142.0,1151.0,965900,77.97288924476257,80.23279507451386
2019/11/07,1159.0,1162.0,1142.0,1148.0,1062000,76.46851143668549,78.5479255442298
2019/11/08,1153.0,1153.0,1131.0,1138.0,1072600,74.7555865652118,77.21620607981072
2019/11/11,1144.0,1149.0,1131.0,1135.0,823600,74.86799759390335,76.9614744859822
2019/11/12,1133.0,1136.0,1123.0,1125.0,1103200,72.59793577321369,75.02684014286763
2019/11/13,1123.0,1123.0,1111.0,1112.0,885600,69.82184338900514,71.94160654100446
2019/11/14,1120.0,1126.0,1095.0,1096.0,1171100,68.16070620848964,70.39206290612434
2019/11/15,1100.0,1117.0,1095.0,1099.0,1187900,68.0731816676297,70.26376810463627
2019/11/18,1099.0,1101.0,1090.0,1099.0,1003700,68.00232310880224,70.266833554816
2019/11/19,1086.0,1087.0,1078.0,1078.0,1364500,65.80248785949968,68.04036613649942
2019/11/20,1076.0,1090.0,1068.0,1071.0,1380000,66.73880083378374,68.6359679920206
2019/11/21,1070.0,1095.0,1070.0,1093.0,1191700,68.28185438341413,70.0737561280822
2019/11/22,1083.0,1091.0,1071.0,1071.0,1542200,65.80208875960064,67.28847855103058
2019/11/25,1078.0,1086.0,1077.0,1081.0,1086600,65.90343982041374,67.45333156435464
2019/11/26,1080.0,1083.0,1060.0,1062.0,2176600,65.06448017873682,66.77612978101043
2019/11/27,1071.0,1098.0,1071.0,1086.0,1461200,68.05182522972825,69.51110083768263
2019/11/28,1090.0,1094.0,1077.0,1094.0,1243400,69.17671105515993,70.67011027939874
2019/11/29,1094.0,1107.0,1085.0,1085.0,1313500,70.15385947139154,71.74031277923945
2019/12/02,1096.0,1114.0,1094.0,1105.0,1305700,70.25600999920701,72.14073915745492
2019/12/03,1092.0,1093.0,1075.0,1075.0,1404000,67.95534042775002,69.66895952282137
2019/12/04,1075.0,1088.0,1071.0,1084.0,1418000,68.28650722434631,69.41791034242138
2019/12/05,1086.0,1092.0,1077.0,1087.0,877700,67.54865005196227,68.88691245332846
2019/12/06,1088.0,1097.0,1085.0,1090.0,1022100,67.13938613830366,68.40695468585554
2019/12/09,1093.0,1097.0,1087.0,1091.0,782600,66.40055390292795,67.68871082632423
2019/12/10,1096.0,1096.0,1075.0,1076.0,1112400,64.758436239476,65.62582605356968
2019/12/11,1072.0,1082.0,1066.0,1078.0,1425800,64.94128678029341,65.87727240473623
2019/12/12,1092.0,1096.0,1084.0,1084.0,1513300,67.48395372759248,68.39107564455117
2019/12/13,1100.0,1113.0,1092.0,1099.0,1943100,65.23334968656145,67.08702171904297
2019/12/16,1099.0,1106.0,1090.0,1106.0,866700,64.90721558001783,66.34973414538698
2019/12/17,1114.0,1128.0,1104.0,1127.0,1572700,65.78989584846991,67.05715438780551
2019/12/18,1128.0,1138.0,1124.0,1130.0,1362500,67.96216893547474,69.37814173448062
2019/12/19,1136.0,1138.0,1120.0,1122.0,968400,65.35460720475974,66.83699080021401
2019/12/20,1126.0,1128.0,1104.0,1107.0,1394400,65.63915148590644,66.56741475866441
2019/12/23,1103.0,1103.0,1092.0,1098.0,652100,62.53232589067975,63.649116606025714
2019/12/24,1093.0,1096.0,1085.0,1089.0,552300,61.99511989661794,63.17123542889078
2019/12/25,1089.0,1089.0,1076.0,1076.0,498700,61.708352828705685,63.14483421955729
2019/12/26,1079.0,1088.0,1079.0,1088.0,722000,62.23870067529277,64.33013669805344
2019/12/27,1096.0,1104.0,1091.0,1101.0,597800,63.75367237447554,65.45644382599909
2019/12/30,1092.0,1092.0,1082.0,1082.0,708500,60.57681540202675,62.60874044295382
2020/01/06,1072.0,1076.0,1058.0,1063.0,1177100,61.11668282313411,63.06089129058638
2020/01/07,1075.0,1081.0,1071.0,1071.0,1025600,61.434471719822604,63.10037809275999
2020/01/08,1056.0,1059.0,1041.0,1046.0,1626900,60.898791851600556,62.41844795726893
2020/01/09,1059.0,1061.0,1050.0,1050.0,1050700,58.327835225621186,60.44936836952829
2020/01/10,1046.0,1049.0,1038.0,1038.0,1045000,57.09239322724875,58.96317933662152
2020/01/14,1022.0,1025.0,1015.0,1020.0,1365500,57.48910388859449,59.55716228274387
2020/01/15,1016.0,1021.0,1011.0,1020.0,1184800,57.32066211738604,59.57310282983573
2020/01/16,1027.0,1032.0,1022.0,1029.0,988600,57.29532336972263,59.99813380610248
2020/01/17,1024.0,1027.0,1010.0,1011.0,1248100,56.17738414104282,58.65491218454777
2020/01/20,1015.0,1026.0,1013.0,1023.0,872400,57.03817648852528,59.541221773668816
2020/01/21,1030.0,1034.0,1021.0,1021.0,1119700,57.404823972144236,59.59221088157576
2020/01/22,1026.0,1027.0,1014.0,1015.0,1172300,57.45089543274611,59.464812035563696
2020/01/23,1009.0,1016.0,1003.0,1011.0,1033000,57.62406199213701,59.79344183049583
2020/01/24,1010.0,1014.0,1005.0,1007.0,942300,58.14211238944107,60.35530755795983
2020/01/27,1000.0,1002.0,993.0,1000.0,1447500,58.89289902690352,60.827210171899026
2020/01/28,995.0,1001.0,987.0,1000.0,1601100,58.0257168021171,59.98133590414063
2020/01/29,995.0,1003.0,991.0,1000.0,1195200,58.53919198467672,60.73492644825581
2020/01/30,1001.0,1013.0,996.0,1012.0,1780000,62.15479920792936,64.34611170489077
2020/01/31,1023.0,1035.0,1020.0,1028.0,1957400,63.77666944116884,66.12748848495703
2020/02/03,1014.0,1042.0,1014.0,1036.0,1590500,65.58681535763326,68.2056189452478
2020/02/04,1030.0,1041.0,1027.0,1038.0,1376900,65.13356275259406,67.79233204975549
2020/02/05,1044.0,1048.0,1039.0,1044.0,1116100,65.12311612814672,67.63548179669111
2020/02/06,1054.0,1073.0,1054.0,1061.0,1710100,64.94626778017411,67.49373609270688
2020/02/07,1060.0,1062.0,1053.0,1057.0,1119900,63.78865464587066,66.434560945443
2020/02/10,1048.0,1060.0,1043.0,1051.0,1084600,65.01346510168527,67.49528873171516
2020/02/12,1046.0,1047.0,1025.0,1035.0,1475600,64.63421827271624,67.43981507834033
2020/02/13,1017.0,1032.0,1015.0,1027.0,1584200,64.165037755188,67.11964932941808
2020/02/14,1032.0,1052.0,1029.0,1042.0,1297500,64.33895308798678,67.54069816920409
2020/02/17,1033.0,1043.0,1028.0,1036.0,1070200,65.04411558227365,68.23923968808265
2020/02/18,1036.0,1041.0,1023.0,1024.0,1148800,64.50660073636587,67.73750190222364
2020/02/19,1030.0,1038.0,1026.0,1027.0,1013500,63.210762529574204,66.60832306211279
2020/02/20,1024.0,1033.0,1018.0,1021.0,1189900,63.4521018028126,66.88089472447122
2020/02/21,1015.0,1029.0,1015.0,1022.0,948200,64.2617909483248,67.44228373878346
2020/02/25,1000.0,1009.0,990.0,995.0,2068200,64.05133037289883,67.45917575238404
2020/02/26,999.0,1016.0,990.0,1011.0,2396500,65.8396859613946,69.10363344280454
2020/02/27,996.0,1004.0,986.0,986.0,1965000,65.80169191288554,69.23976560164472
2020/02/28,965.0,968.0,935.0,948.0,3112900,67.26480547977529,70.40197590350826
2020/03/02,926.0,947.0,908.0,937.0,2590300,67.65411931684316,70.58360176406161
2020/03/03,952.0,954.0,931.0,931.0,1967600,67.70774596216607,70.68336971319525
2020/03/04,924.0,945.0,916.0,930.0,1419400,67.08207230351655,70.45727170712658
2020/03/05,945.0,958.0,940.0,952.0,1351900,68.40454177199996,71.85601467299162
2020/03/06,930.0,946.0,928.0,936.0,1498900,68.47953119177697,72.21903773854415
2020/03/09,919.0,921.0,887.0,897.0,1859300,67.79063881751432,71.97304903609277
2020/03/10,892.0,912.0,863.0,898.0,2485400,68.49707348505784,72.22765721106867
2020/03/11,891.0,920.0,884.0,912.0,1931200,70.47448236216228,73.87324925679425
2020/03/12,896.0,899.0,872.0,895.0,3068700,72.2903363033746,75.38859728543288
2020/03/13,858.0,870.0,826.0,844.0,4222000,72.37882073687895,74.70810330291062
2020/03/16,846.0,877.0,837.0,849.0,2177800,74.17935198976484,76.26434978068019
2020/03/17,836.0,922.0,835.0,914.0,3611600,80.0794362328972,80.18420020136399
2020/03/18,929.0,967.0,921.0,927.0,2723300,82.59208322428533,81.2137033447333
2020/03/19,963.0,988.0,945.0,959.0,3320900,85.52869300043311,82.49344213173623
2020/03/23,974.0,986.0,933.0,970.0,2500700,82.86677180507631,81.44905360400061
2020/03/24,985.0,1000.0,947.0,961.0,1727400,76.64635306034027,78.54103458004136
2020/03/25,975.0,990.0,953.0,985.0,1890200,73.6379881268823,76.06434853349815
2020/03/26,985.0,1015.0,963.0,1013.0,2198100,79.49745629915593,79.79537583993259
2020/03/27,1041.0,1071.0,1028.0,1071.0,3026500,82.95538779861982,82.71770862098465
2020/03/30,1045.0,1071.0,1010.0,1070.0,2198800,83.0513134193488,82.94537112976685
2020/03/31,1062.0,1072.0,1036.0,1041.0,2077200,82.46924949670176,83.33170868791439
2020/04/01,1020.0,1036.0,996.0,1007.0,1587600,85.17489421186191,85.06356694298957
2020/04/02,995.0,1003.0,975.0,975.0,1458100,85.21434109021106,85.14313509987352
2020/04/03,973.0,1000.0,970.0,974.0,1296300,84.47447358212311,84.68904188868923
2020/04/06,977.0,1009.0,969.0,1002.0,1316300,83.36767151803402,83.77308354745587
2020/04/07,1002.0,1011.0,987.0,1006.0,1328900,83.32790889427923,83.5517456890946
2020/04/08,1006.0,1019.0,1000.0,1004.0,1143600,81.00068257862713,81.52064207708818
2020/04/09,1001.0,1016.0,989.0,1005.0,1116900,81.37748053683174,82.21011346672965
2020/04/10,1014.0,1036.0,1004.0,1031.0,1022800,83.19602286322329,83.26815429421995
2020/04/13,1022.0,1033.0,1016.0,1024.0,515300,84.96617236640927,84.51241111160445
2020/04/14,1033.0,1038.0,1020.0,1028.0,932100,83.86446552789037,84.0928969116132
2020/04/15,1028.0,1036.0,1013.0,1028.0,1487100,86.64495426088334,86.45991755248842
2020/04/16,1020.0,1052.0,1020.0,1051.0,1224400,89.54983541482463,88.79633023141902
2020/04/17,1069.0,1073.0,1043.0,1058.0,1456000,88.75742236742332,89.16560919956255
2020/04/20,1044.0,1059.0,1043.0,1050.0,737000,88.9768911515779,89.009570967731
2020/04/21,1035.0,1052.0,1031.0,1052.0,852600,90.5696000851576,89.92241036432087
2020/04/22,1052.0,1055.0,1043.0,1046.0,1029100,94.13179189855421,92.98096420605934
2020/04/23,1054.0,1059.0,1047.0,1057.0,772300,93.5679655963968,92.60014103517489
2020/04/24,1058.0,1058.0,1041.0,1050.0,1573900,95.38963581633993,93.96783376568486
2020/04/27,1056.0,1061.0,1046.0,1054.0,839600,94.808476807388,94.57207018236552
2020/04/28,1054.0,1063.0,1052.0,1056.0,773200,95.0461757739418,94.62729383234502
2020/04/30,1049.0,1061.0,1005.0,1013.0,2129100,89.26830721513865,89.85149601735324
2020/05/01,1000.0,1022.0,993.0,1008.0,1686000,91.42804981260389,91.45508153654819
2020/05/07,1001.0,1003.0,982.0,988.0,1516200,92.81020218750072,92.7336127287071
2020/05/08,1006.0,1026.0,1005.0,1024.0,1366400,94.02436989092278,94.44429205791897
2020/05/11,1026.0,1048.0,1021.0,1045.0,994200,94.68447582336742,94.83122347589325
2020/05/12,1056.0,1065.0,1047.0,1052.0,1271500,94.70811061759665,95.17004519365967
2020/05/13,1051.0,1067.0,1048.0,1056.0,1249700,96.50477385327804,96.65551612672712
2020/05/14,1054.0,1058.0,1031.0,1034.0,1065100,93.9532614794666,94.41986092992207
2020/05/15,1046.0,1049.0,1033.0,1038.0,747700,95.64007730734531,96.41557672810521
2020/05/18,1039.0,1050.0,1032.0,1044.0,994500,97.74908270539309,98.44382924245451
2020/05/19,1068.0,1069.0,1046.0,1049.0,1166700,96.13310480202334,96.33397521835695
2020/05/20,1045.0,1061.0,1044.0,1058.0,900500,96.67150914916398,96.7699265775146
2020/05/21,1064.0,1072.0,1057.0,1064.0,1091200,96.39098859803306,96.76287079846588
2020/05/22,1071.0,1071.0,1042.0,1052.0,1178800,95.32969877399829,95.98771766737998
2020/05/25,1053.0,1056.0,1042.0,1046.0,683400,92.56811697890616,93.34443509427088
2020/05/26,1050.0,1064.0,1043.0,1063.0,886600,93.27908600578021,94.31625666174462
2020/05/27,1074.0,1099.0,1068.0,1099.0,1734500,96.99933619505391,98.08612703125924
2020/05/28,1098.0,1108.0,1087.0,1103.0,1388900,95.99196540021553,97.56655061738103
2020/05/29,1108.0,1121.0,1100.0,1116.0,2646900,94.84431567281686,97.41179335599422
2020/06/01,1116.0,1116.0,1105.0,1113.0,749400,91.93615016324179,94.9540398406375
2020/06/02,1134.0,1134.0,1102.0,1120.0,983900,91.00685436043078,94.00051507720563
2020/06/03,1122.0,1127.0,1081.0,1092.0,1664700,88.39303079810574,92.05994768577852
2020/06/04,1092.0,1095.0,1062.0,1074.0,1795100,87.07369120857882,90.44799142578547
2020/06/05,1064.0,1082.0,1064.0,1077.0,1275100,87.52472569520435,91.05931198837686
2020/06/08,1083.0,1085.0,1069.0,1082.0,1159500,86.39202591074442,90.22698299480105
2020/06/09,1111.0,1125.0,1094.0,1105.0,1554200,89.08791170385413,93.01679733459953
2020/06/10,1100.0,1105.0,1089.0,1094.0,1343700,87.91637989193734,92.04357893473085
2020/06/11,1089.0,1099.0,1080.0,1090.0,1532300,90.19555880873479,93.49866080788068
2020/06/12,1090.0,1092.0,1072.0,1075.0,1530100,89.74572987859578,93.35048729610317
2020/06/15,1075.0,1084.0,1051.0,1051.0,1071700,92.89507798212726,95.23889546270308
2020/06/16,1050.0,1060.0,1044.0,1058.0,1823800,91.23428531387515,94.24216761555164
2020/06/17,1056.0,1064.0,1037.0,1037.0,1326500,90.30169288361157,93.14472083840049
2020/06/18,1033.0,1042.0,1027.0,1036.0,1165900,91.2509174430939,93.6535857379375
2020/06/19,1033.0,1039.0,1025.0,1028.0,1501500,89.43883178637725,92.36744404370901
2020/06/22,1033.0,1042.0,1019.0,1020.0,840500,88.77639666730302,91.7201586490327
2020/06/23,1020.0,1031.0,1015.0,1022.0,796200,89.27285242665015,92.3692053598268
2020/06/24,1000.0,1009.0,997.0,1000.0,1213700,87.7818424332192,91.06886046107196
2020/06/25,1005.0,1013.0,1001.0,1009.0,1128200,91.50657214062652,94.9344440248353
2020/06/26,1006.0,1012.0,1004.0,1008.0,755800,87.4793157883191,91.02277527867415
2020/06/29,1014.0,1028.0,1006.0,1020.0,1285400,91.44352264392394,94.68771721457121
2020/06/30,1029.0,1038.0,1021.0,1026.0,705900,91.20438265285165,95.30515706110019
2020/07/01,1024.0,1028.0,999.0,1003.0,1238600,87.98878202219119,92.34813800109542
2020/07/02,1012.0,1012.0,998.0,1006.0,1512700,87.08950197726722,91.57780141084409
2020/07/03,1007.0,1013.0,993.0,1000.0,948600,87.35579788576854,91.92910081958664
2020/07/06,1000.0,1019.0,998.0,1016.0,853100,87.48550884405358,92.3528837398931
2020/07/07,1012.0,1012.0,999.0,1001.0,1199000,87.01403223439327,91.4334819769981
2020/07/08,1005.0,1023.0,1001.0,1001.0,1294600,88.5363953311262,93.09282632333296
2020/07/09,1000.0,1028.0,1000.0,1022.0,1663700,89.66384648606332,94.61534509773706
2020/07/10,1020.0,1025.0,1009.0,1009.0,1259500,89.64553176765394,94.61363236179427
2020/07/13,1026.0,1031.0,1017.0,1031.0,1150000,90.90122179542306,95.91369140299958
2020/07/14,1036.0,1038.0,1013.0,1013.0,1438500,90.09606714609657,94.71301568062958
2020/07/15,1022.0,1046.0,1020.0,1037.0,1313300,91.9695852969549,96.92719515546545
2020/07/16,1031.0,1042.0,1016.0,1021.0,1326600,92.42822687037015,97.16350233683342
2020/07/17,1017.0,1028.0,1017.0,1024.0,880400,92.41712808445011,97.09591906073666
2020/07/20,1029.0,1039.0,1019.0,1034.0,872100,93.4610066089207,97.83835142030546
2020/07/21,1024.0,1026.0,1008.0,1012.0,1158500,91.84743557745045,96.35923023943562
2020/07/22,1016.0,1029.0,1011.0,1011.0,1065500,92.49237558724897,97.06318603673422
2020/07/27,1015.0,1034.0,1006.0,1034.0,1255400,91.87418089328912,96.04807371662982
2020/07/28,1026.0,1033.0,1019.0,1023.0,870200,90.2572589510418,94.58670785384452
2020/07/29,1025.0,1026.0,1015.0,1020.0,1398300,89.83727723732974,94.46392344097177
2020/07/30,1008.0,1012.0,1001.0,1001.0,1270000,91.23172138755,96.32592050466681
2020/07/31,1013.0,1020.0,994.0,997.0,1709300,91.9655255345106,97.0488129510273
2020/08/03,1012.0,1033.0,1007.0,1033.0,1513400,91.93017311864591,97.39080690569207
2020/08/04,1025.0,1037.0,1014.0,1024.0,1259200,88.84902628779146,93.92095548854303
2020/08/05,1010.0,1024.0,999.0,1020.0,1223900,88.52100978433603,93.72004149602553
2020/08/06,1020.0,1025.0,1017.0,1021.0,627700,90.26874916079322,95.02004601157259
2020/08/07,1025.0,1031.0,1018.0,1027.0,849700,90.95005141995868,95.46036144706123
2020/08/11,1032.0,1053.0,1025.0,1050.0,1237100,90.34327953753579,94.18161713533864
2020/08/12,1049.0,1079.0,1046.0,1075.0,1293200,93.82212183275348,96.91182096088899
2020/08/13,1077.0,1080.0,1060.0,1078.0,1233000,91.76875856200282,95.52652072905524
2020/08/14,1072.0,1079.0,1063.0,1079.0,937600,91.66733832281588,95.66053673926174
2020/08/17,1078.0,1085.0,1074.0,1074.0,1005000,90.63392811312937,94.49765217635542
2020/08/18,1065.0,1071.0,1058.0,1071.0,739000,92.6427813332141,96.60566130191948
2020/08/19,1061.0,1074.0,1060.0,1072.0,578800,93.12611262608922,96.8641786197028
2020/08/20,1066.0,1074.0,1056.0,1056.0,768100,92.25156994343095,95.8540898356153
2020/08/21,1063.0,1064.0,1054.0,1060.0,488700,92.5431758160673,95.91512985075764
2020/08/24,1071.0,1073.0,1063.0,1065.0,627700,92.12616936680502,96.11865053245572
2020/08/25,1081.0,1083.0,1067.0,1080.0,1185000,91.27144143300984,95.27726458404227
2020/08/26,1071.0,1083.0,1069.0,1083.0,777900,90.43409843715206,94.35697047425123
2020/08/27,1080.0,1084.0,1064.0,1064.0,741800,88.82787455073012,92.91840203644226
2020/08/28,1070.0,1087.0,1069.0,1076.0,1427100,91.67342490584979,95.44638243692289
2020/08/31,1075.0,1092.0,1071.0,1075.0,974400,91.05976744999396,95.0523788237521
2020/09/01,1072.0,1082.0,1069.0,1078.0,838900,90.22758819742496,94.64179377990723
2020/09/02,1071.0,1080.0,1068.0,1079.0,633900,90.84504323839397,94.92966257115269
2020/09/03,1085.0,1088.0,1075.0,1080.0,718600,92.33867492945664,96.66266153355741
2020/09/04,1090.0,1094.0,1075.0,1079.0,904600,96.2628952762214,100.18922937221666
2020/09/07,1078.0,1084.0,1062.0,1067.0,788800,94.45221187021508,98.5750424778136
2020/09/08,1064.0,1064.0,1052.0,1062.0,650000,93.76780537957914,98.0584242659017
2020/09/09,1045.0,1063.0,1042.0,1059.0,1303300,92.11791001445371,96.90716489547239
2020/09/10,1063.0,1072.0,1057.0,1069.0,810800,91.00906771962309,95.40189196719612
2020/09/11,1064.0,1083.0,1060.0,1083.0,1160800,91.16317153504127,95.45570908717268
2020/09/14,1093.0,1112.0,1093.0,1101.0,928000,93.64214087929139,98.05532195294212
2020/09/15,1094.0,1102.0,1091.0,1096.0,1023000,93.63183854575084,98.22036596032002
2020/09/16,1097.0,1100.0,1090.0,1094.0,923100,92.36523352057742,96.47093059825586
2020/09/17,1100.0,1103.0,1069.0,1077.0,1357600,90.5799020299434,94.48860249909639
2020/09/18,1072.0,1096.0,1069.0,1095.0,2285600,94.60183295397164,98.25605606820235
2020/09/23,1093.0,1094.0,1079.0,1089.0,1291400,91.21960051035532,95.29236364088112
2020/09/24,1081.0,1087.0,1068.0,1077.0,1085100,90.85739402899888,94.95590827563917
2020/09/25,1090.0,1097.0,1079.0,1081.0,1248000,92.99640545718925,96.8219910124418
2020/09/28,1095.0,1103.0,1080.0,1102.0,1441600,96.74628244340508,99.89046935907989
2020/09/29,1086.0,1086.0,1057.0,1077.0,1135800,91.27892892744991,94.91435018840971
2020/09/30,1074.0,1077.0,1056.0,1056.0,1060900,88.88337429026609,92.9238541602378
2020/10/01,,,,,0,-1.0,-1.0
2020/10/02,1050.0,1050.0,1003.0,1010.0,2057400,-1.0,-1.0
2020/10/05,1025.0,1042.0,1020.0,1029.0,1557000,-1.0,-1.0
2020/10/06,1023.0,1030.0,1017.0,1024.0,1090700,-1.0,-1.0
2020/10/07,1010.0,1012.0,997.0,1007.0,2334000,-1.0,-1.0
2020/10/08,1010.0,1013.0,1000.0,1001.0,1475800,-1.0,-1.0
2020/10/09,1002.0,1003.0,987.0,989.0,1845100,-1.0,-1.0
2020/10/12,982.0,984.0,960.0,964.0,2327500,-1.0,-1.0
2020/10/13,962.0,966.0,955.0,959.0,1715200,-1.0,-1.0
2020/10/14,970.0,974.0,956.0,969.0,2031200,-1.0,-1.0
2020/10/15,969.0,970.0,954.0,957.0,1170900,-1.0,-1.0
2020/10/16,957.0,965.0,952.0,952.0,955600,-1.0,-1.0
2020/10/19,958.0,969.0,956.0,966.0,1188000,-1.0,-1.0
2020/10/20,967.0,976.0,960.0,962.0,1552100,-1.0,-1.0
2020/10/21,975.0,978.0,968.0,972.0,1090500,-1.0,-1.0
2020/10/22,965.0,965.0,941.0,941.0,1637800,-1.0,-1.0
2020/10/23,951.0,955.0,943.0,949.0,1104800,-1.0,-1.0
2020/10/26,955.0,968.0,953.0,961.0,1557300,-1.0,-1.0
2020/10/27,962.0,963.0,943.0,954.0,1077800,-1.0,-1.0
2020/10/28,945.0,955.0,940.0,952.0,925000,-1.0,-1.0
2020/10/29,937.0,942.0,923.0,940.0,1467800,-1.0,-1.0
2020/10/30,925.0,929.0,910.0,922.0,1927800,-1.0,-1.0
2020/11/02,930.0,949.0,925.0,942.0,1456500,-1.0,-1.0
2020/11/04,952.0,953.0,931.0,933.0,1038700,-1.0,-1.0
2020/11/05,934.0,940.0,921.0,938.0,1228700,-1.0,-1.0
2020/11/06,935.0,952.0,935.0,946.0,1099800,-1.0,-1.0
2020/11/09,954.0,954.0,936.0,940.0,1120500,-1.0,-1.0
2020/11/10,965.0,973.0,953.0,960.0,2180700,-1.0,-1.0
2020/11/11,979.0,985.0,963.0,966.0,1755300,-1.0,-1.0
2020/11/12,977.0,981.0,951.0,956.0,1190700,-1.0,-1.0
2020/11/13,956.0,959.0,934.0,947.0,1265500,-1.0,-1.0
2020/11/16,950.0,958.0,946.0,947.0,1501700,-1.0,-1.0
2020/11/17,949.0,960.0,943.0,959.0,1522500,-1.0,-1.0
2020/11/18,944.0,954.0,940.0,949.0,1187100,-1.0,-1.0
2020/11/19,937.0,949.0,930.0,948.0,1542500,-1.0,-1.0
2020/11/20,939.0,952.0,939.0,946.0,1733300,-1.0,-1.0
2020/11/24,959.0,962.0,940.0,941.0,1881700,-1.0,-1.0
2020/11/25,952.0,952.0,924.0,927.0,2045600,-1.0,-1.0
2020/11/26,921.0,924.0,913.0,916.0,1349600,-1.0,-1.0
2020/11/27,919.0,924.0,911.0,914.0,1932300,-1.0,-1.0
2020/11/30,905.0,905.0,872.0,875.0,3876400,-1.0,-1.0
2020/12/01,875.0,883.0,866.0,877.0,2317400,-1.0,-1.0
2020/12/02,876.0,887.0,872.0,874.0,1720600,-1.0,-1.0
2020/12/03,876.0,885.0,876.0,882.0,1320600,-1.0,-1.0
2020/12/04,886.0,892.0,878.0,882.0,1248800,-1.0,-1.0
2020/12/07,875.0,882.0,864.0,864.0,1659600,-1.0,-1.0
2020/12/08,865.0,870.0,856.0,856.0,1600600,-1.0,-1.0
2020/12/09,857.0,862.0,852.0,860.0,1378100,-1.0,-1.0
2020/12/10,856.0,861.0,849.0,850.0,1866200,-1.0,-1.0
2020/12/11,850.0,860.0,845.0,860.0,1774100,-1.0,-1.0
2020/12/14,864.0,875.0,861.0,862.0,1170900,-1.0,-1.0
2020/12/15,856.0,857.0,840.0,840.0,1709200,-1.0,-1.0
2020/12/16,847.0,849.0,844.0,844.0,880100,-1.0,-1.0
2020/12/17,843.0,847.0,837.0,847.0,1079700,-1.0,-1.0
2020/12/18,845.0,864.0,843.0,864.0,2279900,-1.0,-1.0
2020/12/21,860.0,862.0,847.0,852.0,1545500,-1.0,-1.0
2020/12/22,847.0,849.0,838.0,841.0,1341800,-1.0,-1.0
2020/12/23,841.0,845.0,834.0,845.0,907500,-1.0,-1.0
2020/12/24,845.0,854.0,844.0,849.0,878100,-1.0,-1.0
2020/12/25,849.0,851.0,843.0,850.0,710400,-1.0,-1.0
2020/12/28,853.0,854.0,845.0,849.0,1322300,-1.0,-1.0
2020/12/29,848.0,855.0,847.0,854.0,1132900,-1.0,-1.0
2020/12/30,852.0,855.0,846.0,850.0,1112100,-1.0,-1.0
2021/01/04,851.0,854.0,840.0,847.0,1373800,-1.0,-1.0
2021/01/05,847.0,852.0,839.0,850.0,1461200,-1.0,-1.0
2021/01/06,847.0,876.0,847.0,871.0,2053200,-1.0,-1.0
2021/01/07,887.0,890.0,868.0,870.0,2103800,-1.0,-1.0
2021/01/08,863.0,876.0,858.0,875.0,2382700,-1.0,-1.0
2021/01/12,875.0,905.0,872.0,904.0,2062600,-1.0,-1.0
2021/01/13,909.0,909.0,879.0,888.0,1980100,-1.0,-1.0
2021/01/14,889.0,900.0,885.0,897.0,1333700,-1.0,-1.0
2021/01/15,889.0,896.0,884.0,888.0,1450000,-1.0,-1.0
2021/01/18,885.0,895.0,885.0,891.0,844300,-1.0,-1.0
2021/01/19,893.0,906.0,887.0,902.0,1442400,-1.0,-1.0
2021/01/20,896.0,905.0,890.0,905.0,1138800,-1.0,-1.0
2021/01/21,906.0,912.0,898.0,900.0,1292700,-1.0,-1.0
2021/01/22,896.0,905.0,893.0,902.0,1404300,-1.0,-1.0
2021/01/25,902.0,915.0,902.0,910.0,1161300,-1.0,-1.0
2021/01/26,916.0,938.0,913.0,932.0,1767200,-1.0,-1.0
2021/01/27,947.0,949.0,931.0,945.0,2344600,-1.0,-1.0
2021/01/28,905.0,927.0,905.0,916.0,5340800,-1.0,-1.0
2021/01/29,927.0,930.0,891.0,897.0,2582400,-1.0,-1.0
2021/02/01,898.0,915.0,892.0,911.0,1762800,-1.0,-1.0
2021/02/02,905.0,913.0,895.0,897.0,1419500,-1.0,-1.0
2021/02/03,902.0,910.0,898.0,909.0,1233100,-1.0,-1.0
2021/02/04,901.0,913.0,900.0,905.0,1422700,-1.0,-1.0
2021/02/05,917.0,926.0,910.0,922.0,1545700,-1.0,-1.0
2021/02/08,922.0,947.0,918.0,937.0,1976000,-1.0,-1.0
2021/02/09,938.0,942.0,934.0,940.0,1345000,-1.0,-1.0
2021/02/10,941.0,953.0,939.0,951.0,1504200,-1.0,-1.0
2021/02/12,953.0,954.0,940.0,943.0,1378500,-1.0,-1.0
2021/02/15,939.0,947.0,932.0,935.0,1798400,-1.0,-1.0
2021/02/16,934.0,942.0,930.0,931.0,1180700,-1.0,-1.0
2021/02/17,940.0,948.0,938.0,941.0,1426000,-1.0,-1.0
2021/02/18,958.0,963.0,946.0,956.0,1864100,-1.0,-1.0
2021/02/19,960.0,962.0,936.0,937.0,1867300,-1.0,-1.0
2021/02/22,948.0,959.0,945.0,945.0,1443300,-1.0,-1.0
2021/02/24,951.0,953.0,940.0,950.0,1879400,-1.0,-1.0
2021/02/25,958.0,962.0,947.0,947.0,1798200,-1.0,-1.0
2021/02/26,952.0,953.0,935.0,937.0,2613000,-1.0,-1.0
2021/03/01,934.0,948.0,930.0,948.0,1393400,-1.0,-1.0
2021/03/02,953.0,953.0,939.0,947.0,1438100,-1.0,-1.0
2021/03/03,950.0,958.0,948.0,958.0,1724500,-1.0,-1.0
2021/03/04,954.0,957.0,944.0,957.0,1935900,-1.0,-1.0
2021/03/05,960.0,974.0,952.0,973.0,2043700,-1.0,-1.0
2021/03/08,977.0,997.0,972.0,992.0,2004600,-1.0,-1.0
2021/03/09,1000.0,1049.0,998.0,1046.0,3809000,-1.0,-1.0
2021/03/10,1036.0,1055.0,1028.0,1049.0,2267100,-1.0,-1.0
2021/03/11,1046.0,1072.0,1043.0,1064.0,2239000,-1.0,-1.0
2021/03/12,1057.0,1057.0,1032.0,1042.0,2051300,-1.0,-1.0
2021/03/15,1050.0,1075.0,1048.0,1074.0,1712900,-1.0,-1.0
2021/03/16,1074.0,1082.0,1065.0,1071.0,1572600,-1.0,-1.0
2021/03/17,1063.0,1070.0,1056.0,1067.0,1348400,-1.0,-1.0
2021/03/18,1052.0,1068.0,1048.0,1067.0,2329500,-1.0,-1.0
2021/03/19,1065.0,1083.0,1060.0,1078.0,4820700,-1.0,-1.0
2021/03/22,1079.0,1099.0,1078.0,1091.0,1949800,-1.0,-1.0
2021/03/23,1100.0,1124.0,1095.0,1098.0,2935400,-1.0,-1.0
2021/03/24,1100.0,1100.0,1058.0,1061.0,2250700,-1.0,-1.0
2021/03/25,1084.0,1121.0,1080.0,1099.0,2423600,-1.0,-1.0
2021/03/26,1104.0,1112.0,1096.0,1105.0,1697700,-1.0,-1.0
2021/03/29,1115.0,1117.0,1079.0,1094.0,2332300,-1.0,-1.0
2021/03/30,1069.0,1081.0,1057.0,1062.0,1996800,-1.0,-1.0
2021/03/31,1050.0,1067.0,1041.0,1045.0,2630300,-1.0,-1.0
2021/04/01,1045.0,1051.0,1020.0,1021.0,1395100,-1.0,-1.0
2021/04/02,1030.0,1034.0,1008.0,1014.0,1024700,-1.0,-1.0
2021/04/05,1013.0,1021.0,998.0,1018.0,997100,-1.0,-1.0
2021/04/06,1018.0,1019.0,1002.0,1011.0,1341700,-1.0,-1.0
2021/04/07,1013.0,1026.0,1011.0,1025.0,1374900,-1.0,-1.0
2021/04/08,1027.0,1030.0,996.0,1000.0,1969200,-1.0,-1.0
2021/04/09,1013.0,1034.0,1010.0,1031.0,1799200,-1.0,-1.0
2021/04/12,1033.0,1041.0,1025.0,1035.0,1220500,-1.0,-1.0
2021/04/13,1051.0,1055.0,1018.0,1021.0,1221900,-1.0,-1.0
2021/04/14,1015.0,1021.0,998.0,1010.0,1301200,-1.0,-1.0
2021/04/15,1015.0,1026.0,1014.0,1018.0,846700,-1.0,-1.0
2021/04/16,1026.0,1030.0,1018.0,1020.0,1148600,-1.0,-1.0
2021/04/19,1018.0,1020.0,1010.0,1010.0,615100,-1.0,-1.0
2021/04/20,1012.0,1013.0,1000.0,1004.0,864700,-1.0,-1.0
2021/04/21,996.0,1000.0,982.0,990.0,1305800,-1.0,-1.0
2021/04/22,997.0,1003.0,988.0,995.0,939400,-1.0,-1.0
2021/04/23,984.0,1000.0,983.0,997.0,1233600,-1.0,-1.0
2021/04/26,1007.0,1007.0,990.0,994.0,870300,-1.0,-1.0
2021/04/27,988.0,993.0,978.0,989.0,1042700,-1.0,-1.0
2021/04/28,990.0,993.0,982.0,988.0,1117300,-1.0,-1.0
2021/04/30,973.0,985.0,958.0,963.0,2329800,-1.0,-1.0
2021/05/06,956.0,984.0,947.0,982.0,2162000,-1.0,-1.0
2021/05/07,982.0,985.0,972.0,975.0,1228500,-1.0,-1.0
2021/05/10,975.0,981.0,967.0,976.0,1005000,-1.0,-1.0
2021/05/11,990.0,991.0,970.0,972.0,1232500,-1.0,-1.0
2021/05/12,960.0,964.0,948.0,957.0,1471900,-1.0,-1.0
2021/05/13,960.0,966.0,946.0,949.0,1181000,-1.0,-1.0
2021/05/14,953.0,963.0,951.0,954.0,1656000,-1.0,-1.0
2021/05/17,955.0,961.0,950.0,954.0,842600,-1.0,-1.0
2021/05/18,952.0,958.0,940.0,949.0,1227600,-1.0,-1.0
2021/05/19,945.0,952.0,942.0,949.0,1784900,-1.0,-1.0
2021/05/20,945.0,949.0,928.0,928.0,1725500,-1.0,-1.0
2021/05/21,924.0,927.0,913.0,920.0,1848800,-1.0,-1.0
2021/05/24,921.0,927.0,915.0,920.0,1569400,-1.0,-1.0
2021/05/25,925.0,934.0,919.0,919.0,1897200,-1.0,-1.0
2021/05/26,915.0,918.0,900.0,905.0,1899200,-1.0,-1.0
2021/05/27,895.0,900.0,882.0,890.0,4014800,-1.0,-1.0
2021/05/28,896.0,904.0,894.0,897.0,1812900,-1.0,-1.0
2021/05/31,901.0,903.0,884.0,890.0,1361300,-1.0,-1.0
2021/06/01,896.0,897.0,878.0,885.0,1533500,-1.0,-1.0
2021/06/02,878.0,888.0,869.0,887.0,1960100,-1.0,-1.0
2021/06/03,873.0,884.0,870.0,871.0,2269700,-1.0,-1.0
2021/06/04,877.0,881.0,869.0,871.0,1842200,-1.0,-1.0
2021/06/07,871.0,874.0,869.0,871.0,1457600,-1.0,-1.0
2021/06/08,874.0,894.0,874.0,888.0,1619200,-1.0,-1.0
2021/06/09,898.0,900.0,885.0,891.0,1373100,-1.0,-1.0
2021/06/10,899.0,901.0,885.0,886.0,1673000,-1.0,-1.0
2021/06/11,889.0,897.0,881.0,888.0,1777200,-1.0,-1.0
2021/06/14,896.0,900.0,888.0,891.0,1488700,-1.0,-1.0
2021/06/15,896.0,900.0,893.0,894.0,1238100,-1.0,-1.0
2021/06/16,909.0,913.0,894.0,894.0,1397200,-1.0,-1.0
2021/06/17,898.0,899.0,887.0,889.0,1547700,-1.0,-1.0
2021/06/18,888.0,906.0,883.0,896.0,2836300,-1.0,-1.0
2021/06/21,881.0,883.0,870.0,880.0,1810400,-1.0,-1.0
2021/06/22,894.0,895.0,883.0,887.0,1519700,-1.0,-1.0
2021/06/23,883.0,889.0,880.0,883.0,1295400,-1.0,-1.0
2021/06/24,873.0,882.0,872.0,878.0,1225600,-1.0,-1.0
2021/06/25,880.0,885.0,877.0,881.0,846800,-1.0,-1.0
2021/06/28,890.0,891.0,882.0,889.0,919100,-1.0,-1.0
2021/06/29,888.0,888.0,875.0,875.0,1832900,-1.0,-1.0
2021/06/30,875.0,878.0,870.0,870.0,1388000,-1.0,-1.0
2021/07/01,871.0,877.0,868.0,870.0,1074500,-1.0,-1.0
2021/07/02,868.0,876.0,868.0,872.0,1273000,-1.0,-1.0
2021/07/05,871.0,873.0,865.0,866.0,969600,-1.0,-1.0
2021/07/06,871.0,871.0,861.0,863.0,1169700,-1.0,-1.0
2021/07/07,855.0,865.0,852.0,858.0,1985800,-1.0,-1.0
2021/07/08,858.0,863.0,852.0,858.0,2258000,-1.0,-1.0
2021/07/09,851.0,865.0,843.0,864.0,2592100,-1.0,-1.0
2021/07/12,874.0,876.0,860.0,861.0,1883100,-1.0,-1.0
2021/07/13,872.0,875.0,867.0,869.0,1834000,-1.0,-1.0
2021/07/14,875.0,887.0,873.0,875.0,2332700,-1.0,-1.0
2021/07/15,876.0,887.0,869.0,872.0,2076700,-1.0,-1.0
2021/07/16,870.0,879.0,865.0,865.0,1368200,-1.0,-1.0
2021/07/19,860.0,867.0,859.0,865.0,1145200,-1.0,-1.0
2021/07/20,856.0,874.0,856.0,872.0,2023300,-1.0,-1.0
2021/07/21,860.0,869.0,856.0,861.0,2340700,-1.0,-1.0
2021/07/26,872.0,872.0,853.0,854.0,2208300,-1.0,-1.0
2021/07/27,853.0,857.0,850.0,853.0,2001200,-1.0,-1.0
2021/07/28,855.0,859.0,850.0,851.0,1197100,-1.0,-1.0
2021/07/29,851.0,856.0,847.0,848.0,1775900,-1.0,-1.0
2021/07/30,847.0,847.0,831.0,831.0,2666400,-1.0,-1.0
2021/08/02,843.0,859.0,840.0,852.0,2598600,-1.0,-1.0
2021/08/03,847.0,848.0,835.0,843.0,2867000,-1.0,-1.0
2021/08/04,846.0,856.0,841.0,850.0,2761400,-1.0,-1.0
2021/08/05,847.0,854.0,842.0,844.0,1775400,-1.0,-1.0
2021/08/06,839.0,843.0,837.0,840.0,1332000,-1.0,-1.0
2021/08/10,838.0,849.0,838.0,841.0,1985600,-1.0,-1.0
2021/08/11,848.0,858.0,846.0,853.0,1489400,-1.0,-1.0
2021/08/12,860.0,860.0,854.0,856.0,1057600,-1.0,-1.0
2021/08/13,853.0,857.0,852.0,853.0,1039900,-1.0,-1.0
2021/08/16,855.0,857.0,848.0,851.0,1367300,-1.0,-1.0
2021/08/17,850.0,852.0,843.0,845.0,1243800,-1.0,-1.0
2021/08/18,855.0,859.0,847.0,850.0,1586100,-1.0,-1.0
2021/08/19,847.0,848.0,834.0,834.0,2021000,-1.0,-1.0
2021/08/20,843.0,845.0,836.0,843.0,1614700,-1.0,-1.0
2021/08/23,855.0,856.0,847.0,847.0,1539800,-1.0,-1.0
2021/08/24,847.0,851.0,845.0,847.0,1190800,-1.0,-1.0
2021/08/25,847.0,852.0,843.0,849.0,1133100,-1.0,-1.0
2021/08/26,850.0,855.0,848.0,851.0,1093900,-1.0,-1.0
2021/08/27,849.0,851.0,843.0,845.0,1135300,-1.0,-1.0
2021/08/30,844.0,854.0,842.0,854.0,1478000,-1.0,-1.0
2021/08/31,849.0,850.0,842.0,842.0,3146800,-1.0,-1.0
2021/09/01,848.0,853.0,842.0,842.0,1919300,-1.0,-1.0
2021/09/02,844.0,850.0,842.0,848.0,2313300,-1.0,-1.0
2021/09/03,851.0,854.0,846.0,846.0,2419600,-1.0,-1.0
2021/09/06,848.0,849.0,836.0,837.0,3602000,-1.0,-1.0
2021/09/07,837.0,842.0,836.0,837.0,2720200,-1.0,-1.0
2021/09/08,839.0,845.0,839.0,840.0,3102200,-1.0,-1.0
2021/09/09,850.0,882.0,849.0,869.0,5126300,-1.0,-1.0
2021/09/10,869.0,872.0,860.0,866.0,2757200,-1.0,-1.0
2021/09/13,865.0,879.0,864.0,879.0,1944100,-1.0,-1.0
2021/09/14,882.0,882.0,871.0,872.0,2293000,-1.0,-1.0
2021/09/15,867.0,868.0,855.0,855.0,2613500,-1.0,-1.0
2021/09/16,855.0,864.0,855.0,860.0,2450300,-1.0,-1.0
2021/09/17,856.0,860.0,854.0,859.0,3728800,-1.0,-1.0
2021/09/21,853.0,866.0,853.0,861.0,2781300,-1.0,-1.0
2021/09/22,859.0,860.0,850.0,850.0,2857700,-1.0,-1.0
2021/09/24,860.0,860.0,852.0,860.0,3282500,-1.0,-1.0
2021/09/27,863.0,868.0,860.0,862.0,2367300,-1.0,-1.0
2021/09/28,861.0,862.0,852.0,857.0,3037800,-1.0,-1.0
2021/09/29,835.0,839.0,829.0,836.0,4336400,-1.0,-1.0
2021/09/30,837.0,843.0,822.0,822.0,3860500,-1.0,-1.0
2021/10/01,815.0,817.0,803.0,803.0,4088200,63.640005721231155,64.41137407335378
2021/10/04,807.0,817.0,806.0,814.0,2785900,64.83162600943699,65.61369293487955
2021/10/05,814.0,826.0,810.0,814.0,2929900,66.95386473009157,67.16686822134511
2021/10/06,813.0,830.0,810.0,830.0,3946000,70.12928609129249,69.8832904593766
2021/10/07,824.0,825.0,810.0,810.0,2892500,69.13377602197451,69.06461620787115
2021/10/08,819.0,826.0,814.0,820.0,3360600,69.81926951666225,69.6218486951026
2021/10/11,818.0,820.0,808.0,812.0,2845300,69.63261463612575,69.33018324405263
2021/10/12,807.0,812.0,788.0,788.0,5968500,68.69610374878602,68.34424910128372
2021/10/13,789.0,791.0,780.0,782.0,4027500,67.7576257735713,67.21227969738416
2021/10/14,780.0,784.0,772.0,777.0,4317600,66.84828630614525,66.67791918265996
2021/10/15,780.0,787.0,778.0,782.0,3075400,66.15434011559161,65.65527393310468
2021/10/18,781.0,786.0,776.0,778.0,2693200,65.68139223937922,65.33189798308726
2021/10/19,777.0,784.0,776.0,777.0,2444700,65.15344215361198,64.79409506247954
2021/10/20,780.0,784.0,779.0,780.0,1710100,64.84218220828906,64.80953295112741
2021/10/21,784.0,786.0,779.0,779.0,2282400,67.69057730751062,67.01942514556848
2021/10/22,778.0,780.0,773.0,774.0,2569500,66.58608453189144,66.20635273019371
2021/10/25,774.0,777.0,771.0,771.0,2380000,65.90554880022705,65.09357938524177
2021/10/26,771.0,775.0,766.0,768.0,3125200,64.95843142763243,64.51459154395911
2021/10/27,768.0,769.0,743.0,745.0,6686000,62.981335061889,62.66340947271695
2021/10/28,737.0,743.0,726.0,737.0,4499300,63.473895496199574,63.16262115623481
2021/10/29,746.0,747.0,728.0,739.0,5625400,63.74135932448639,63.255784835320206
2021/11/01,743.0,756.0,738.0,753.0,4237600,62.81072576000629,62.86121464188131
2021/11/02,757.0,765.0,749.0,752.0,3591300,64.69452548409252,64.55610351140058
2021/11/04,754.0,760.0,749.0,759.0,3139700,65.46616658668937,64.94966732487067
2021/11/05,757.0,757.0,743.0,748.0,2853600,64.95401220096643,64.2378435621535
2021/11/08,753.0,756.0,739.0,739.0,3108400,66.18195413595186,64.96888203000485
2021/11/09,738.0,743.0,733.0,735.0,2232500,65.11197824364038,64.50338572497111
2021/11/10,740.0,744.0,735.0,741.0,2419000,66.8063937753054,66.05392061335016
2021/11/11,741.0,750.0,738.0,744.0,3148500,67.83773811211556,66.69442772876876
2021/11/12,742.0,755.0,742.0,752.0,5156400,68.08037604534721,66.279729516165
2021/11/15,751.0,753.0,747.0,749.0,2234900,68.81288504176122,66.86392603300331
2021/11/16,756.0,758.0,746.0,746.0,3813200,67.88957983395258,65.7968227589656
2021/11/17,746.0,752.0,741.0,750.0,3030200,68.4885028197566,66.7130755679174
2021/11/18,748.0,759.0,746.0,757.0,3400500,69.15723677945842,67.72610681138421
2021/11/19,756.0,758.0,748.0,756.0,4043800,68.58198590961723,67.51924427980983
2021/11/22,757.0,761.0,751.0,760.0,3600600,70.97668511940954,69.6784292505741
2021/11/24,767.0,779.0,766.0,774.0,5485600,74.93040411142914,73.09712353781356
2021/11/25,770.0,786.0,770.0,782.0,4355500,76.79921148012563,74.94300664298949
2021/11/26,777.0,783.0,772.0,783.0,4629000,79.38971524065985,77.1022964520443
2021/11/29,779.0,784.0,772.0,784.0,7798900,83.73847585483203,80.69922811627525
2021/11/30,782.0,790.0,773.0,786.0,40933600,86.29212925135509,82.18880859470097
2021/12/01,783.0,796.0,779.0,787.0,6668100,86.38844562868788,82.47802418411985
2021/12/02,790.0,811.0,789.0,809.0,5265000,88.60348811293515,84.52783616600229
2021/12/03,801.0,806.0,798.0,805.0,3116100,87.10734515625565,82.78925045956392
2021/12/06,809.0,814.0,807.0,808.0,2164500,88.89763909953787,84.5490883275728
2021/12/07,806.0,813.0,802.0,811.0,3152800,88.12220839075998,83.74245264342723
2021/12/08,808.0,809.0,801.0,803.0,3351100,86.7634579011848,82.98114600020067
2021/12/09,802.0,812.0,800.0,811.0,2147500,88.87095930176659,85.12767825247016
2021/12/10,816.0,817.0,809.0,812.0,2203100,88.49124769056122,85.17165330675004
2021/12/13,812.0,812.0,805.0,808.0,1646700,87.4907726302127,84.84542744047681
2021/12/14,812.0,817.0,808.0,810.0,2288200,90.51112684978571,87.06032278399944
2021/12/15,811.0,819.0,809.0,819.0,1993800,91.2335855229145,87.3898780852805
2021/12/16,818.0,822.0,816.0,822.0,2126100,89.50374857920073,86.41833999503923
2021/12/17,827.0,832.0,825.0,829.0,3369700,89.95835760729236,86.70310843328075
2021/12/20,822.0,825.0,812.0,815.0,2166900,91.4684677757103,88.15381795390303
2021/12/21,820.0,823.0,814.0,815.0,1885900,89.83611082644646,86.64243191263732
2021/12/22,809.0,819.0,807.0,815.0,1850100,89.56968483632724,86.35714870760019
2021/12/23,817.0,820.0,813.0,816.0,1624500,89.00424233987862,85.71829326470947
2021/12/24,816.0,818.0,807.0,807.0,1429600,87.92849823861042,84.98391248505558
2021/12/27,807.0,813.0,806.0,813.0,1299600,89.67405047745657,86.56767528540189
2021/12/28,813.0,818.0,808.0,811.0,1518000,90.06128191586316,86.16282849018516
2021/12/29,808.0,818.0,808.0,816.0,1868200,91.14232736289767,86.66840754581041
2021/12/30,817.0,821.0,816.0,816.0,1715100,91.20934369112966,86.77821594575525
2022/01/04,822.0,824.0,817.0,821.0,2145800,89.52368250219114,85.21774922103485
2022/01/05,827.0,827.0,812.0,819.0,2426300,86.7329920469546,82.82107681348346
2022/01/06,818.0,821.0,810.0,814.0,2028300,90.28632315373562,85.56517280690949
2022/01/07,810.0,818.0,808.0,809.0,1886700,91.35484085471413,85.93684988145822
2022/01/11,809.0,817.0,806.0,815.0,1831800,89.96914282766069,84.30674850806643
2022/01/12,811.0,816.0,809.0,812.0,1923100,90.45895724652607,84.42448271899173
2022/01/13,815.0,815.0,808.0,808.0,1519200,90.73927326185202,84.13595411055105
2022/01/14,810.0,816.0,807.0,816.0,1908100,93.18216876682354,86.26730853908421
2022/01/17,816.0,821.0,815.0,819.0,1233000,91.62296535030319,85.38536046778313
2022/01/18,821.0,822.0,812.0,812.0,1420200,91.22070577456518,84.44623856168998
2022/01/19,807.0,814.0,807.0,810.0,1678200,92.94386669263378,86.23263774770076
2022/01/20,809.0,818.0,809.0,809.0,1845600,93.07344213712177,86.27715961177913
2022/01/21,811.0,824.0,807.0,823.0,1775900,94.91886735027347,87.90199270747249
2022/01/24,823.0,826.0,819.0,822.0,1451800,94.36976355783816,87.15294095138337
2022/01/25,816.0,829.0,812.0,829.0,1932400,93.58696734006166,86.66829625034786
2022/01/26,832.0,833.0,824.0,824.0,1508600,92.43784385152092,85.73102026473053
2022/01/27,826.0,832.0,819.0,827.0,1711200,97.2771208009773,90.10792444972104
2022/01/28,827.0,837.0,824.0,827.0,1691500,95.46083937776511,88.85052399325673
2022/01/31,818.0,819.0,797.0,808.0,3734900,92.2710250587643,85.60197842020168
2022/02/01,757.0,762.0,735.0,740.0,10879400,86.40809889268,80.36349178277815
2022/02/02,738.0,739.0,722.0,732.0,6345400,83.78297297434658,77.80561114730885
2022/02/03,734.0,740.0,724.0,727.0,5102100,83.577152550555,78.03860151631542
2022/02/04,726.0,734.0,725.0,726.0,4529600,82.58483725613138,77.12629008457813
2022/02/07,727.0,731.0,720.0,725.0,3703000,83.45019172637657,77.2926449562762
2022/02/08,726.0,740.0,726.0,740.0,3175900,85.13278794419512,78.37660870385997
2022/02/09,735.0,748.0,727.0,746.0,3427500,84.0840401314095,77.58385258095622
2022/02/10,745.0,749.0,743.0,745.0,2471300,84.20612026200732,77.84667984081179
2022/02/14,743.0,745.0,733.0,745.0,2516900,88.51977934491643,80.64033738879618
2022/02/15,738.0,742.0,734.0,737.0,2557200,89.77765840100794,81.24512386697604
2022/02/16,741.0,747.0,739.0,744.0,2841700,87.2182011461784,79.66838223586214
2022/02/17,742.0,745.0,736.0,739.0,2510700,85.82597832145673,77.7283406225706
2022/02/18,735.0,744.0,735.0,739.0,1860600,87.28962160046191,79.05890252241774
2022/02/21,740.0,740.0,736.0,739.0,1301200,87.63126042163837,79.33354678126177
2022/02/22,735.0,750.0,734.0,750.0,3410200,88.56473239412408,79.87027049410588
2022/02/24,750.0,752.0,737.0,743.0,2907200,91.13885724011016,81.35784766484284
2022/02/25,742.0,743.0,728.0,731.0,3336700,85.35046437043981,77.52637077784186
2022/02/28,736.0,747.0,735.0,747.0,3027100,88.11492303003703,79.44683035138401
2022/03/01,755.0,761.0,750.0,761.0,2737600,88.03265489410632,80.26075953880498
2022/03/02,744.0,748.0,736.0,742.0,3458700,86.74418111638852,79.31029404656985
2022/03/03,742.0,745.0,737.0,742.0,2921000,84.39790843830083,77.65509422990714
2022/03/04,742.0,744.0,729.0,731.0,4477700,83.45171976219338,77.21503121601539
2022/03/07,725.0,733.0,718.0,723.0,3448500,83.06023113510417,76.92731632495092
2022/03/08,718.0,729.0,717.0,723.0,2687600,80.93374935050113,75.31901492511838
2022/03/09,719.0,722.0,700.0,700.0,4506100,78.3903575823565,72.83267919844224
2022/03/10,706.0,718.0,703.0,713.0,2865800,76.19614076022422,70.48592079040246
2022/03/11,705.0,711.0,702.0,709.0,2733800,80.35945629130559,73.77133401355277
2022/03/14,717.0,717.0,706.0,708.0,1966400,77.53688587118111,71.61266532617392
2022/03/15,715.0,724.0,712.0,724.0,1750500,79.80109502425088,73.33184063330988
2022/03/16,729.0,740.0,728.0,738.0,2398800,80.31404103939789,74.0467784311131
2022/03/17,734.0,746.0,734.0,744.0,2649000,79.05183593730911,73.74885173607979
2022/03/18,736.0,749.0,735.0,745.0,5620600,76.74654435337973,72.83556043085689
2022/03/22,750.0,755.0,743.0,750.0,2762600,72.75152900922384,69.63911095919292
2022/03/23,752.0,766.0,746.0,764.0,3015700,72.94578986807294,70.1836062072381
2022/03/24,764.0,768.0,755.0,760.0,1855100,70.67777041257158,68.24606217827011
2022/03/25,755.0,758.0,748.0,750.0,2065700,70.34920996086981,67.96544646785982
2022/03/28,754.0,759.0,749.0,753.0,1918000,72.37846893921547,69.5265235402808
2022/03/29,754.0,762.0,749.0,758.0,2315600,74.35653419771857,70.8802164536476
2022/03/30,743.0,745.0,734.0,741.0,2269200,73.82251850674571,70.41896911789186
2022/03/31,736.0,737.0,710.0,712.0,3722300,73.66440591424224,70.13825971893985
2022/04/01,712.0,723.0,711.0,722.0,2141700,76.83440144924222,72.20476892352953
2022/04/04,725.0,731.0,719.0,728.0,1444300,77.57892835175191,72.60762789196828
2022/04/05,731.0,732.0,718.0,719.0,1962800,76.00250824387625,71.30816782101884
2022/04/06,717.0,723.0,711.0,711.0,1881800,75.40325438085435,70.97184031671515
2022/04/07,710.0,713.0,707.0,712.0,1993100,78.66834777751284,73.41773574937922
2022/04/08,709.0,712.0,706.0,707.0,2047900,75.6442608437549,70.84025500655822
2022/04/11,715.0,732.0,715.0,732.0,3240400,77.88954454526058,73.15555850067625
2022/04/12,730.0,737.0,726.0,733.0,2317100,81.10650961273025,75.4489504472655
2022/04/13,737.0,739.0,725.0,725.0,2160600,79.20949113428681,74.14142020532019
2022/04/14,721.0,736.0,721.0,734.0,1367300,78.65825150239903,74.03239269213499
2022/04/15,731.0,735.0,729.0,732.0,1341800,78.62559992555566,74.20794006440387
2022/04/18,731.0,732.0,722.0,725.0,1646000,79.51132754055848,74.702214062094
2022/04/19,725.0,730.0,722.0,730.0,1766800,78.40864280491667,73.88090198682002
2022/04/20,732.0,743.0,728.0,741.0,2162900,78.39788127009577,73.79443496395174
2022/04/21,746.0,749.0,729.0,729.0,2151200,77.61425205471174,73.0573250067768
2022/04/22,723.0,728.0,720.0,728.0,2171500,78.17888635354811,73.39581350670919
2022/04/25,725.0,728.0,720.0,721.0,1806200,79.45149583723682,74.14438188399699
2022/04/26,722.0,732.0,722.0,726.0,2267800,79.70834772493134,74.38598300906901
2022/04/27,725.0,727.0,711.0,712.0,3123400,79.34957508944923,73.93537253899916
2022/04/28,709.0,722.0,692.0,722.0,4702700,80.46064156105253,74.91957373821607
2022/05/02,707.0,728.0,706.0,727.0,2779400,80.969284609971,75.16548967891903
2022/05/06,728.0,748.0,724.0,746.0,3450500,83.18346219193683,77.19731495336835
2022/05/09,748.0,759.0,746.0,748.0,3075600,85.95451942607535,79.65368886277663
2022/05/10,750.0,778.0,748.0,775.0,4363000,87.17185689289474,81.59655172855747
2022/05/11,772.0,776.0,766.0,775.0,2906800,86.95657306598298,82.15465542318307
2022/05/12,781.0,782.0,770.0,771.0,2471900,86.60508340621892,82.12550019390062
2022/05/13,758.0,769.0,742.0,768.0,3276700,85.55010191762797,81.3331363074792
2022/05/16,766.0,766.0,753.0,760.0,2577300,83.49903750848891,80.33155567311081
2022/05/17,759.0,762.0,748.0,748.0,1949200,83.98509891427248,80.55225769004397
2022/05/18,742.0,754.0,732.0,749.0,1935300,82.24878072239864,79.36698687372659
2022/05/19,742.0,743.0,729.0,740.0,2187800,84.86182589474848,81.27783528776692
2022/05/20,736.0,738.0,730.0,732.0,1967600,84.26312772004081,80.72307212379224
2022/05/23,737.0,741.0,731.0,739.0,1886600,84.38110629875027,81.10917907034553
2022/05/24,740.0,740.0,734.0,739.0,1254200,85.84242750226394,82.17994736799847
2022/05/25,742.0,752.0,737.0,750.0,1884500,88.97518366192622,84.820016711958
2022/05/26,748.0,755.0,745.0,751.0,2138000,90.54830637473438,85.88487978369496
2022/05/27,747.0,751.0,734.0,738.0,2385700,89.54799596497516,84.89596806820188
2022/05/30,719.0,730.0,718.0,721.0,3443600,85.42343594885983,81.03399144673125
2022/05/31,721.0,725.0,712.0,713.0,5778100,85.0969027681873,81.13403634089299
2022/06/01,716.0,720.0,711.0,715.0,2424500,84.97788531030541,80.76222415779264
2022/06/02,713.0,725.0,709.0,718.0,2914700,87.37821033268868,83.81659182038806
2022/06/03,717.0,718.0,708.0,717.0,2718700,85.81798516064522,83.42846418930665
2022/06/06,717.0,718.0,710.0,712.0,1740400,84.97602161711617,82.66159198426409
2022/06/07,715.0,720.0,712.0,719.0,1626900,83.9228203097486,81.61803600336917
2022/06/08,717.0,724.0,716.0,723.0,2079100,82.94535827404567,80.61589303936964
2022/06/09,721.0,721.0,712.0,712.0,2290400,82.38689402164349,79.85836806522262
2022/06/10,710.0,712.0,707.0,709.0,3080400,83.06894483331084,80.29146039750297
2022/06/13,707.0,723.0,707.0,723.0,2936200,87.68256191724312,83.64990313219215
2022/06/14,718.0,722.0,713.0,713.0,1895900,88.17391219331185,83.87354679768076
2022/06/15,713.0,717.0,700.0,701.0,3378900,87.24234485888603,83.47858453496298
2022/06/16,705.0,711.0,703.0,706.0,1422300,87.18835310731926,83.48657257328665
2022/06/17,702.0,713.0,699.0,711.0,4175700,88.52510612630088,84.13571000599187
2022/06/20,707.0,707.0,698.0,699.0,2445100,86.33503182478928,82.94763271215932
2022/06/21,700.0,704.0,695.0,699.0,2326700,86.72505677618881,83.19183510893235
2022/06/22,703.0,716.0,700.0,712.0,2592000,89.03800260498771,84.83380437663308
2022/06/23,712.0,716.0,708.0,708.0,3152000,88.96920869996943,84.79045984035781
2022/06/24,711.0,717.0,706.0,706.0,3028900,87.92299972616718,84.25437682484271
2022/06/27,711.0,721.0,707.0,717.0,2506200,87.18579598645661,83.99616374208142
2022/06/28,712.0,725.0,711.0,725.0,3475900,88.2579415736113,84.68597912169757
2022/06/29,724.0,728.0,717.0,725.0,2574800,89.51053799223541,85.53376250503912
2022/06/30,726.0,734.0,722.0,727.0,2860600,90.88959259234903,86.61796898452702
2022/07/01,732.0,733.0,716.0,720.0,3437800,91.63463610730874,87.54833688496676
2022/07/04,724.0,753.0,721.0,750.0,3896400,94.69934042428201,90.2773352496416
2022/07/05,751.0,751.0,736.0,745.0,2037100,93.57876609030198,89.7897240625493
2022/07/06,742.0,745.0,722.0,728.0,2398800,92.19109062947972,88.58398148742297
2022/07/07,730.0,741.0,729.0,733.0,1742600,90.67987846194653,87.15544565687773
2022/07/08,730.0,743.0,728.0,741.0,1981600,90.36700632264942,86.8976045910755
2022/07/11,747.0,748.0,741.0,746.0,1699800,92.32024515522316,88.39335781853525
2022/07/12,747.0,749.0,743.0,745.0,2130800,93.48321066899989,89.57001204396225
2022/07/13,743.0,750.0,741.0,749.0,1491100,92.48491315873083,88.96762368637033
2022/07/14,749.0,749.0,733.0,734.0,1858600,89.34196972159165,86.24095395242996
2022/07/15,749.0,751.0,733.0,748.0,2307800,90.3947861219763,88.2875433144222
2022/07/19,747.0,747.0,733.0,736.0,1540200,85.73876742877977,83.78709563662963
2022/07/20,740.0,740.0,733.0,735.0,1699400,84.95796414431712,83.52252592725903
2022/07/21,725.0,728.0,717.0,724.0,3044800,84.86987849692918,83.692258943379
2022/07/22,720.0,721.0,714.0,718.0,2649900,83.8298667139876,82.7703843917762
2022/07/25,724.0,731.0,719.0,719.0,2176700,84.59945285932247,83.42992841452016
2022/07/26,730.0,733.0,720.0,722.0,1936600,85.60656834113585,84.4189810559669
2022/07/27,727.0,730.0,720.0,720.0,1937400,84.19701630874562,83.47144858940372
2022/07/28,724.0,747.0,720.0,741.0,4546900,87.27821778471645,86.4216505767071
2022/07/29,742.0,742.0,732.0,737.0,2003500,87.0357273991323,86.89518958044114
2022/08/01,677.0,677.0,661.0,663.0,13781200,77.22665898744536,77.02051393925115
2022/08/02,663.0,666.0,646.0,647.0,9302200,76.88070349090287,76.97491147775642
2022/08/03,647.0,647.0,629.0,640.0,7005200,74.86577937004633,74.92988624776048
2022/08/04,639.0,640.0,616.0,616.0,7839800,72.45252867038828,72.91962819455662
2022/08/05,610.0,623.0,610.0,623.0,4246800,73.23002389396808,73.48753147730656
2022/08/08,621.0,643.0,620.0,643.0,4789600,75.47930880241698,75.86380313034543
2022/08/09,645.0,646.0,638.0,640.0,2557800,75.79599752749134,76.07080864656326
2022/08/10,640.0,651.0,638.0,648.0,2764000,76.65308030278078,76.76980668374384
2022/08/12,650.0,652.0,642.0,650.0,3506200,74.68057034223665,75.55323333736614
2022/08/15,648.0,654.0,646.0,649.0,2110900,72.70099339065781,73.95875621572006
2022/08/16,662.0,667.0,657.0,661.0,5158300,74.31091471329353,75.60691102382572
2022/08/17,662.0,666.0,660.0,663.0,3295500,73.63097269697582,74.7734966292808
2022/08/18,663.0,672.0,662.0,666.0,3257200,75.27322622993904,76.11264658205629
2022/08/19,662.0,665.0,658.0,665.0,2762800,73.65759270010737,74.382467510207
2022/08/22,665.0,665.0,655.0,659.0,2863700,74.29065406549132,74.77984918775792
2022/08/23,651.0,663.0,651.0,659.0,2502000,75.83339752040517,76.33431613595647
2022/08/24,665.0,689.0,661.0,684.0,6384500,78.89032317785762,79.27447720988363
2022/08/25,695.0,704.0,685.0,689.0,6898000,78.86913559469251,79.27392977270038
2022/08/26,693.0,703.0,693.0,696.0,4065000,79.49037429649188,80.2523432097934
2022/08/29,696.0,704.0,691.0,703.0,4284200,82.05373160997253,82.57425125947044
2022/08/30,706.0,722.0,705.0,708.0,7794300,83.76927574869862,83.75743545839785
2022/08/31,701.0,701.0,685.0,692.0,7229500,83.23700597141908,82.92333137436725
2022/09/01,688.0,706.0,686.0,701.0,3724400,85.30103233609675,84.71859900038015
2022/09/02,704.0,705.0,691.0,695.0,2079600,86.54030437878501,85.78096129432438
2022/09/05,696.0,702.0,688.0,699.0,1642300,89.6816751747445,88.38052701564682
2022/09/06,699.0,699.0,692.0,694.0,1265400,89.78701727814716,88.8027022782947
2022/09/07,689.0,694.0,685.0,689.0,2040200,90.24975374815806,89.04420667857377
2022/09/08,697.0,701.0,694.0,698.0,1794000,85.88277480143753,84.7251968875243
2022/09/09,694.0,713.0,694.0,709.0,2475200,88.1589093971966,87.12397489437153
2022/09/12,714.0,714.0,708.0,711.0,1792500,86.28681425540391,85.68656469824461
2022/09/13,710.0,724.0,710.0,718.0,2761700,88.25412564747998,87.82302634668888
2022/09/14,710.0,713.0,692.0,696.0,3253800,89.28409290725371,87.62875835929182
2022/09/15,696.0,701.0,691.0,693.0,2490800,87.65622535146711,86.35429587441033
2022/09/16,690.0,700.0,681.0,696.0,4562400,89.64310290071985,87.77913137689964
2022/09/20,693.0,703.0,691.0,693.0,2543500,86.74141594563947,85.3354170510386
2022/09/21,691.0,700.0,686.0,697.0,2873600,88.98397217748398,87.24026447313639
2022/09/22,697.0,700.0,693.0,700.0,1725100,90.67275010046359,88.81350102362903
2022/09/26,693.0,710.0,692.0,696.0,3300000,92.37660359325666,90.4205710413537
2022/09/27,686.0,702.0,684.0,694.0,2946500,91.98833246093018,90.00596616094604
2022/09/28,688.0,700.0,683.0,693.0,3082500,93.56873294534671,91.07808703225882
2022/09/29,673.0,690.0,670.0,686.0,3015300,93.02727767130638,90.66084016598363
2022/09/30,683.0,699.0,681.0,681.0,3263500,94.07285444621796,91.75296590529072
2022/10/03,678.0,678.0,639.0,651.0,4267800,86.77565346509918,85.44425721056783
2022/10/04,664.0,682.0,660.0,664.0,3082800,84.08053179074166,83.3203808204989
2022/10/05,669.0,670.0,659.0,663.0,2184900,81.08222327051492,81.09007953273485
2022/10/06,662.0,666.0,646.0,646.0,2738200,80.82451857194931,80.46454898202951
2022/10/07,636.0,639.0,626.0,631.0,2745900,79.59844310354222,79.17282882315946
2022/10/11,632.0,636.0,619.0,621.0,2294300,84.26770291650469,83.50039231294527
2022/10/12,615.0,616.0,588.0,591.0,5499400,80.56703231995976,79.8143850603262
2022/10/13,588.0,588.0,565.0,573.0,4107700,80.2477260887807,79.00822699998814
2022/10/14,583.0,599.0,574.0,594.0,4322700,81.50477767489706,80.9907645362364
2022/10/17,592.0,598.0,586.0,595.0,2245300,82.90375214264657,82.16123614447672
2022/10/18,598.0,600.0,588.0,593.0,1937300,82.10682453899665,81.34159013860727
2022/10/19,598.0,612.0,595.0,608.0,2201900,83.66294249060691,82.9655112820999
2022/10/20,613.0,614.0,605.0,609.0,1546100,83.10283610132252,82.52442683997937
2022/10/21,604.0,614.0,601.0,609.0,1560000,84.28334830096799,83.70960495094621
2022/10/24,611.0,612.0,602.0,602.0,1453800,82.78554816768506,82.55831251219195
2022/10/25,607.0,610.0,601.0,605.0,1422500,84.1406494359112,83.3717307067128
2022/10/26,604.0,608.0,603.0,605.0,1284300,86.14119345408888,85.25531125582035
2022/10/27,605.0,614.0,601.0,607.0,1861500,86.80301228030243,86.42805401307547
2022/10/28,610.0,617.0,607.0,613.0,2980200,88.4201806535104,87.41093999745425
2022/10/31,616.0,633.0,609.0,625.0,4198900,89.19802736287406,87.9609394648198
2022/11/01,624.0,629.0,613.0,616.0,1984800,87.36617552197603,85.85196384570241
2022/11/02,618.0,618.0,603.0,605.0,2133100,85.85041640683386,84.43821851893203
2022/11/04,598.0,610.0,597.0,608.0,1723300,88.49091035468348,86.6313063997468
2022/11/07,609.0,609.0,597.0,601.0,1515500,87.17397430865961,85.57850904850845
2022/11/08,600.0,608.0,600.0,605.0,1196500,86.48688160139385,84.8867283483412
2022/11/09,609.0,616.0,604.0,615.0,1732100,87.1593094343473,85.48520413404924
2022/11/10,617.0,624.0,614.0,624.0,1744600,89.46853839390322,87.23332454978201
2022/11/11,630.0,633.0,620.0,627.0,1911000,87.34954567558944,86.02684457550973
2022/11/14,623.0,626.0,613.0,615.0,1810800,87.43398238456066,85.9537587753063
2022/11/15,615.0,618.0,609.0,612.0,1554100,87.36583748621892,85.65488328830133
2022/11/16,615.0,619.0,610.0,615.0,1137100,86.85660778570237,85.13458531342809
2022/11/17,621.0,627.0,619.0,623.0,1259100,87.2136411128785,85.19658348608282
2022/11/18,623.0,624.0,615.0,618.0,1518000,87.1550852689228,84.96678458677007
2022/11/21,625.0,632.0,624.0,629.0,2067400,88.18099427854942,85.71063851246166
2022/11/22,633.0,653.0,632.0,646.0,2494100,86.98594476682273,84.48219988322087
2022/11/24,656.0,668.0,653.0,665.0,2887800,88.38257166268747,85.32859217980166
2022/11/25,681.0,697.0,678.0,685.0,3386700,88.93346123930138,86.05255763264744
2022/11/28,675.0,687.0,669.0,676.0,2704600,86.59522396820827,83.82270900087885
2022/11/29,675.0,680.0,660.0,660.0,1825600,83.35206425506534,81.24684219229086
2022/11/30,663.0,669.0,653.0,653.0,2253100,82.87432034009076,80.93280054986823
2022/12/01,651.0,654.0,636.0,636.0,2759200,77.29897792163285,76.237470070399
2022/12/02,630.0,632.0,615.0,629.0,3207000,78.84457023668607,78.29180117739003
2022/12/05,627.0,627.0,611.0,620.0,2364800,77.02771194611661,76.71849196316535
2022/12/06,622.0,634.0,622.0,628.0,2032700,79.01732776192402,79.00881042590278
2022/12/07,627.0,633.0,617.0,621.0,2313600,80.61488196352788,79.47565733007178
2022/12/08,612.0,614.0,600.0,604.0,3295200,77.58480696089323,76.36672040666697
2022/12/09,624.0,651.0,615.0,636.0,5351300,79.83194290953725,78.88094898229707
2022/12/12,652.0,665.0,642.0,643.0,3869300,81.86051629527302,80.4248739682918
2022/12/13,647.0,670.0,645.0,654.0,3665800,82.12072019040781,81.07468228881713
2022/12/14,649.0,657.0,646.0,652.0,1769100,80.46742821856377,79.87821083673265
2022/12/15,652.0,673.0,649.0,672.0,3018400,84.70875920995624,83.37451922774707
2022/12/16,671.0,679.0,664.0,674.0,4409200,84.31114413370933,82.73104781905009
2022/12/19,664.0,672.0,661.0,664.0,1707300,83.56671964850389,81.72159904103023
2022/12/20,670.0,674.0,648.0,663.0,2171500,87.31912749168877,84.09039314329884
2022/12/21,662.0,662.0,651.0,655.0,1663700,86.99086154213094,83.68712589654915
2022/12/22,655.0,660.0,651.0,656.0,1568800,87.33870652117189,83.81568132160717
2022/12/23,666.0,691.0,666.0,679.0,3696500,92.30833210145003,88.07720818654775
2022/12/26,679.0,679.0,666.0,673.0,1478000,89.8979060589259,86.05965845416304
2022/12/27,673.0,678.0,671.0,672.0,996000,91.07311678196653,86.97604493459295
2022/12/28,670.0,691.0,670.0,691.0,2051800,92.93195932156978,88.67231192536748
2022/12/29,688.0,697.0,688.0,694.0,2136900,93.84294000550096,89.40452454547085
2022/12/30,689.0,702.0,686.0,691.0,1806100,94.51050028532833,90.328215890049
2023/01/04,695.0,705.0,687.0,687.0,1929200,95.67510334058056,91.56633283657361
2023/01/05,689.0,696.0,687.0,694.0,1511500,94.06441320529973,91.10227895556174
2023/01/06,690.0,694.0,677.0,686.0,1616700,92.97309567269865,90.21717601746869
2023/01/10,679.0,682.0,662.0,662.0,2682100,87.57891750227914,85.80207985141038
2023/01/11,668.0,673.0,662.0,662.0,1289400,88.67808572836799,86.59174318166393
2023/01/12,660.0,661.0,648.0,656.0,2763500,87.44781141373107,85.33223664787023
2023/01/13,657.0,670.0,657.0,664.0,1415900,87.61816269752214,84.56146630415869
2023/01/16,659.0,665.0,656.0,659.0,910600,88.28903831088007,84.74672489017979
2023/01/17,660.0,661.0,650.0,655.0,896200,87.20301741485733,83.86510593285584
2023/01/18,659.0,664.0,654.0,661.0,1205800,83.66434880818659,80.96346229515595
2023/01/19,656.0,661.0,655.0,656.0,772300,85.2878295886648,82.05753780426366
2023/01/20,660.0,661.0,651.0,661.0,1365100,83.24601513041063,80.32883881508936
2023/01/23,664.0,666.0,659.0,660.0,1436000,82.32815377291307,79.65182416465218
2023/01/24,661.0,663.0,652.0,657.0,2446500,78.76482667203368,76.18714328069619
2023/01/25,661.0,675.0,657.0,662.0,2118800,79.21460905769177,76.73631999479255
2023/01/26,669.0,673.0,655.0,660.0,1647200,76.32861544432113,74.32204935430859
2023/01/27,663.0,669.0,660.0,667.0,1611800,78.69361453142378,76.35032674033582
2023/01/30,669.0,673.0,667.0,673.0,1666900,81.98222083047294,79.65897484497259
2023/01/31,687.0,710.0,686.0,698.0,4747700,93.46613416968479,90.54183902878029
2023/02/01,668.0,671.0,644.0,646.0,8336900,88.85393193693952,86.65524080546929
2023/02/02,649.0,674.0,646.0,671.0,4616800,91.75569799372971,90.17187833689056
2023/02/03,665.0,666.0,653.0,661.0,1912300,90.8169101975178,89.21227244162033
2023/02/06,660.0,669.0,657.0,664.0,1335500,90.11526633424073,89.1230477767453
2023/02/07,671.0,680.0,664.0,666.0,1536100,88.69659066651221,87.76111727336905
2023/02/08,667.0,673.0,663.0,671.0,1258900,89.85974610997495,88.50694482497073
2023/02/09,665.0,670.0,665.0,665.0,782700,89.62329833873936,88.2549084577283
2023/02/10,664.0,672.0,664.0,669.0,1367100,87.8794619329366,87.25378393298814
2023/02/13,676.0,679.0,668.0,669.0,862600,88.66016926032327,87.66365395818822
2023/02/14,675.0,675.0,665.0,668.0,1427900,88.21576900034141,87.07285843552864
2023/02/15,666.0,667.0,660.0,664.0,1238900,89.11276843531411,87.40151862097463
2023/02/16,660.0,666.0,659.0,666.0,1956300,88.61337008243902,86.97599726958043
2023/02/17,662.0,668.0,662.0,663.0,1104900,88.44064928965926,86.67025099863892
2023/02/20,669.0,686.0,666.0,683.0,1982400,90.33731724337467,88.3074216262036
2023/02/21,685.0,686.0,680.0,684.0,1154500,87.80241152254395,85.88632363101144
2023/02/22,684.0,687.0,673.0,678.0,1987100,87.43554597557282,85.81561834430559
2023/02/24,680.0,680.0,663.0,663.0,1939700,87.47003938095256,85.58167604665216
2023/02/27,650.0,660.0,643.0,656.0,3818200,84.94508616726601,83.15333481041938
2023/02/28,650.0,653.0,643.0,649.0,2279500,83.41551240793534,81.17045480435834
2023/03/01,647.0,655.0,636.0,639.0,2121100,82.60237576009246,80.17550511610774
2023/03/02,634.0,637.0,617.0,619.0,3935800,80.62732740940665,78.70655892743413
2023/03/03,626.0,629.0,618.0,624.0,2797300,79.42664076706502,77.98324468102426
2023/03/06,634.0,642.0,630.0,638.0,2494100,78.81723462940717,77.73736232235422
2023/03/07,640.0,653.0,638.0,649.0,2206400,78.6090569022397,77.24946046403947
2023/03/08,647.0,654.0,647.0,651.0,1509500,80.81545967735428,79.74647646998608
2023/03/09,654.0,670.0,653.0,667.0,2347400,83.96334728605922,82.66002676789005
2023/03/10,659.0,680.0,659.0,675.0,3006500,85.11984008190598,84.3305850827009
2023/03/13,671.0,675.0,660.0,664.0,1958400,85.27675735068033,84.9405758838641
2023/03/14,656.0,661.0,645.0,655.0,2575300,84.23638504292573,84.85294765114368
2023/03/15,660.0,664.0,657.0,660.0,1324200,84.6112225975647,84.55492769730887
2023/03/16,648.0,660.0,643.0,658.0,1560500,87.2695773556097,86.70181093231608
2023/03/17,663.0,672.0,650.0,650.0,3115800,85.63204206345179,85.01526167276334
2023/03/20,649.0,650.0,635.0,638.0,1626100,85.94569334021631,85.26243508008092
2023/03/22,643.0,643.0,631.0,638.0,2142500,85.25164083520436,84.17874785590736
2023/03/23,635.0,639.0,633.0,638.0,1512400,86.06224763187637,84.98699618275047
2023/03/24,628.0,640.0,628.0,637.0,2361400,87.3046528331859,86.06921220056059
2023/03/27,643.0,644.0,630.0,630.0,2238400,85.08738513230642,84.15705119821662
2023/03/28,635.0,641.0,626.0,638.0,2358400,86.41443904329562,85.23837885002665
2023/03/29,640.0,650.0,639.0,650.0,1819300,88.17063905088861,86.49372142445436
2023/03/30,650.0,661.0,648.0,656.0,1623000,92.2625066558835,90.41971842922808
2023/03/31,661.0,668.0,653.0,659.0,2053900,90.0519961609545,88.5758737997977
2023/04/03,663.0,668.0,659.0,665.0,1562800,89.88244548752708,88.44642685582545
2023/04/04,667.0,681.0,663.0,677.0,2540100,92.49609907095251,90.73064520196881
2023/04/05,680.0,680.0,661.0,662.0,1817800,91.55848280577038,90.24864789354542
2023/04/06,668.0,684.0,665.0,675.0,2274900,92.7878791229385,91.49805257882507
2023/04/07,676.0,677.0,663.0,663.0,1428100,91.96184021318908,90.50104115955416
2023/04/10,672.0,682.0,670.0,671.0,1635600,88.9726273440917,87.63691924736787
2023/04/11,670.0,677.0,668.0,675.0,1053100,86.84902755991753,86.15943873056243
2023/04/12,674.0,677.0,669.0,673.0,1185400,88.73136778404363,87.42237238465248
2023/04/13,677.0,677.0,670.0,673.0,1223300,88.48195140408069,87.12848989723051
2023/04/14,673.0,689.0,671.0,687.0,1788700,89.24018394735211,88.16148676259068
2023/04/17,686.0,686.0,673.0,679.0,1198600,88.02212258659037,86.86819072394961
2023/04/18,683.0,692.0,680.0,691.0,1254900,89.12932177698531,87.92354691886034
2023/04/19,687.0,689.0,682.0,689.0,1119100,88.46798951924823,87.2755814491385
2023/04/20,691.0,694.0,684.0,686.0,1608400,90.47468160287153,88.94692395104849
2023/04/21,687.0,703.0,684.0,702.0,1868100,91.50285828113839,90.27296141496728
2023/04/24,706.0,718.0,702.0,708.0,2311100,91.31906316831943,90.44564880749914
2023/04/25,703.0,716.0,703.0,707.0,1293800,90.85004610622414,89.57950652802107
2023/04/26,707.0,718.0,702.0,707.0,2112200,92.20473419823945,91.2936837377605
2023/04/27,702.0,707.0,697.0,706.0,1571500,92.2525402175461,91.39060363268749
2023/04/28,705.0,708.0,695.0,700.0,3486100,89.48615480448568,88.83912931081467
2023/05/01,713.0,735.0,712.0,723.0,3617800,91.5798781281152,90.8494056083229
2023/05/02,723.0,725.0,714.0,720.0,1990800,89.38357174690587,89.09221532988984
2023/05/08,721.0,730.0,718.0,721.0,1998900,87.63183248978419,87.4168796214009
2023/05/09,719.0,736.0,714.0,736.0,3205300,84.97916411618299,84.32028949288762
2023/05/10,739.0,739.0,723.0,726.0,2025500,84.32150845495673,83.13443765009512
2023/05/11,722.0,730.0,719.0,720.0,2102600,82.55477196287332,82.0023934437566
2023/05/12,721.0,729.0,719.0,728.0,1525700,85.24211980901701,84.29282003825611
2023/05/15,739.0,753.0,732.0,752.0,2822200,88.66301868006988,87.17624119167337
2023/05/16,754.0,785.0,750.0,779.0,3798900,93.035693431408,91.39206130805195
2023/05/17,786.0,803.0,785.0,791.0,3537400,94.43951104649345,93.28666210797051
2023/05/18,795.0,796.0,767.0,768.0,3008100,89.62493986994265,89.46226129737494
2023/05/19,765.0,773.0,755.0,761.0,2343600,90.22996413549474,90.28800060729674
2023/05/22,765.0,775.0,763.0,768.0,1730900,90.26693488424496,90.48748247890363
2023/05/23,772.0,782.0,769.0,775.0,1719500,90.61105404235118,91.12965858619917
2023/05/24,800.0,839.0,799.0,828.0,7801200,95.98995654877598,96.25275599330966
2023/05/25,820.0,842.0,812.0,839.0,3430100,96.4974918867253,97.73731445461803
2023/05/26,832.0,835.0,820.0,823.0,2194800,96.60367243085737,98.08149494927444
2023/05/29,821.0,830.0,815.0,822.0,1765700,99.9035902509572,101.4389920226465
2023/05/30,819.0,832.0,813.0,826.0,1822100,100.87808081871019,102.62039199574345
2023/05/31,828.0,850.0,825.0,835.0,3614600,103.81485295461243,106.2599397289137
2023/06/01,829.0,840.0,820.0,837.0,2059500,102.59854826174583,104.48410112396932
2023/06/02,830.0,835.0,826.0,832.0,2132700,102.18892819030656,102.77167371492793
2023/06/05,840.1,850.5,822.4,825.7,3949400,100.48537919893555,101.30545848020544
2023/06/06,829.5,835.9,821.8,834.7,3011100,99.79651295443317,101.07598600377787
2023/06/07,835.0,851.7,831.6,840.6,3870100,102.86088508393519,103.81218701707265
2023/06/08,846.8,866.0,843.8,856.5,3102700,107.38869645454454,108.08430715455786
2023/06/09,865.7,889.4,864.4,887.5,5066100,107.94741827901615,109.34974545524084
2023/06/12,894.9,909.2,880.7,905.1,4253200,104.16443079939914,106.30277773489185
2023/06/13,905.0,917.0,903.2,911.6,3259100,103.11559620533117,106.04409436993201
2023/06/14,913.8,915.6,888.7,895.0,3449400,100.32666015914002,103.26968896871558
2023/06/15,889.0,891.9,877.2,880.3,2573900,98.42064872651444,101.52452424814553
2023/06/16,877.3,890.4,871.8,881.4,4267900,95.48828020981212,98.9365267575439
2023/06/19,896.4,901.0,887.5,896.0,2862000,98.992921076868,101.79323379299781
2023/06/20,893.8,903.8,888.0,891.5,2493700,100.25595639840321,103.65765110072067
2023/06/21,881.4,903.2,880.2,888.7,3087000,97.21237956152162,100.75903166121678
2023/06/22,895.1,900.0,890.5,894.8,2883900,99.43315567425533,101.90753012752134
2023/06/23,891.0,914.9,887.4,901.1,3544000,103.14619015758817,105.20370531383921
2023/06/26,900.0,900.0,878.4,881.8,2651000,101.06649015654739,102.70187807363615
2023/06/27,888.7,897.3,884.4,890.2,2301500,102.07351821258388,103.9129098328362
2023/06/28,882.0,899.8,880.3,899.8,2170400,100.22079746862343,102.24120145095823
2023/06/29,889.8,891.4,877.4,886.4,2179000,96.82785417715341,99.33634382354464
2023/06/30,885.0,891.5,878.2,890.2,2043500,96.61777621300412,99.67608824414742
2023/07/03,891.8,909.6,889.7,908.1,2322000,93.81898955747462,97.54546335115771
2023/07/04,901.7,903.4,893.2,899.1,1530200,95.41186451329466,98.32801217916654
2023/07/05,899.0,910.7,896.5,910.5,1828300,97.94171211923882,100.65945389567044
2023/07/06,907.2,909.9,897.6,900.1,1702800,99.25696039897082,101.50893286394822
2023/07/07,896.1,898.9,877.8,887.8,2508000,98.09224422149612,100.28604396638927
2023/07/10,886.4,891.3,880.9,883.5,1949300,98.64713178810462,101.08023118016737
2023/07/11,883.0,887.6,872.7,874.3,2711500,95.97561058265491,98.82668514474949
2023/07/12,874.1,883.0,867.1,868.6,2172000,96.12746046246602,98.6036678707296
2023/07/13,870.0,872.0,860.6,865.5,1566200,96.90729229813249,99.52314982969716
2023/07/14,862.6,866.5,831.6,833.2,3720600,92.12292763756378,94.14777518755744
2023/07/18,822.9,846.0,820.0,844.5,2042500,95.2066060325695,96.93716617161283
2023/07/19,838.6,854.6,838.3,854.3,1617100,97.80245205901156,99.27170476434684
2023/07/20,860.0,864.9,852.8,856.3,1079000,101.20975542628821,102.040368280954
2023/07/21,864.5,881.5,860.1,880.6,1702400,105.98073248681905,106.0438357267523
2023/07/24,881.0,894.3,880.1,894.3,1672200,105.35668895927468,105.95330831939825
2023/07/25,892.4,901.8,887.6,899.8,1848900,105.45577050113994,105.96468848873862
2023/07/26,898.6,912.8,890.8,906.5,2533700,106.81564821458463,107.29990051251197
2023/07/27,907.5,931.9,904.1,930.0,2786300,106.13829551523946,106.56975614622968
2023/07/28,920.0,929.7,900.3,919.2,3104600,105.84717173421463,105.64829617029436
2023/07/31,938.0,956.7,933.1,946.5,4254100,120.47236249698341,120.48156274586708
2023/08/01,990.0,1020.5,975.5,1020.5,8236300,130.01509984100952,129.93447269721173
2023/08/02,1009.5,1010.0,981.1,986.8,4916300,130.77824224975842,129.33607299414365
2023/08/03,977.0,992.0,960.5,964.1,3025100,135.93778737842118,133.21491428205002
2023/08/04,957.6,967.2,950.8,963.9,2090500,135.413882932501,132.44544920924787
2023/08/07,955.5,955.8,944.0,945.6,2247700,128.79889499251158,125.64992326294882
2023/08/08,956.4,965.8,954.9,962.7,1690300,130.08520735135636,127.13983772630284
2023/08/09,969.0,970.7,962.0,966.7,1552100,128.8691935416185,126.37770814379346
2023/08/10,968.4,969.4,953.8,957.9,1781000,129.5495419635491,126.2360566132688
2023/08/14,962.0,965.3,930.7,950.3,2067300,131.86431813591136,127.42758451119849
2023/08/15,942.0,952.8,939.3,949.0,1367500,128.56272203719732,124.24112318337856
2023/08/16,940.3,959.5,940.0,954.5,1532700,132.43721579069856,127.80203952812113
2023/08/17,952.6,957.9,935.6,942.1,1593400,129.45211429414593,124.97185009568194
2023/08/18,952.9,957.2,930.3,935.6,3154000,129.41684581211973,125.42516525346505
2023/08/21,964.7,985.6,960.9,978.9,3531600,135.50267112151352,132.04867709697606
2023/08/22,978.9,980.9,958.1,980.9,2209300,132.9421340076684,129.5145504674501
2023/08/23,978.4,1006.0,978.4,995.9,2262700,128.78447955171876,125.78566900258647
2023/08/24,991.2,1006.0,985.4,999.1,1682700,127.90399415614408,125.34881372558193
2023/08/25,995.0,997.1,985.9,994.5,1794300,129.41029899091484,124.80564745700313
2023/08/28,1000.5,1008.0,995.3,1006.0,1443600,124.01330979551469,120.96766506959216
2023/08/29,1009.0,1023.0,1005.0,1019.0,1872400,125.92225264094267,122.99249795629711
2023/08/30,1023.0,1023.0,1007.0,1013.5,1666500,127.24504255025923,124.28719267061486
2023/08/31,1010.0,1023.5,1003.5,1018.0,1726500,123.14870418013113,120.52916441349394
2023/09/01,1016.5,1025.0,1011.0,1019.5,1305500,124.00008385721763,120.49702608803486
2023/09/04,1023.0,1024.0,1003.5,1006.5,1967400,120.73727281014801,117.00117699260697
2023/09/05,1003.5,1014.0,999.0,1014.0,1155700,122.18195251285427,118.38074728951096
2023/09/06,1017.5,1027.0,1015.0,1024.5,2029300,122.70124140139143,119.05606181096434
2023/09/07,1023.5,1032.5,1019.0,1032.5,1561100,125.8367474048461,121.49817103787579
2023/09/08,1026.0,1042.0,1024.5,1028.5,1986600,125.52364875067987,120.86654693537216
2023/09/11,1038.0,1046.0,1029.0,1034.0,1639000,127.84527643611143,122.00118681909129
2023/09/12,1038.0,1063.5,1036.0,1054.5,1941000,128.21812477916157,122.59294518861823
2023/09/13,1061.0,1071.5,1052.5,1059.0,1543700,129.4159978626218,124.5737530979746
2023/09/14,1070.0,1096.0,1068.5,1089.5,2501400,132.13031170838534,127.46952552715858
2023/09/15,1100.0,1119.0,1097.0,1109.0,3324300,130.9931175873379,127.19935422631241
2023/09/19,1110.5,1115.5,1097.5,1110.5,2502600,133.4715331477618,128.3960355846544
2023/09/20,1114.5,1114.5,1056.5,1060.5,4045100,125.84112267630194,121.4687098609289
2023/09/21,1060.5,1075.5,1052.0,1066.5,2010700,127.0171669863856,122.4860886592859
2023/09/22,1062.0,1062.0,1032.5,1041.0,2418900,122.00757877322215,117.34290759656238
2023/09/25,1048.0,1048.0,1020.5,1025.0,2337000,119.11694577706145,115.09232022010396
2023/09/26,1024.0,1033.0,1011.5,1026.0,1879000,121.56405465325794,116.74123607376052
2023/09/27,1015.0,1015.0,992.1,1014.0,2814700,118.3058707762539,114.07554873281296
2023/09/28,994.0,1023.5,990.1,1015.5,2354200,122.71733626249728,117.9454926056664
2023/09/29,1007.0,1014.0,961.1,967.6,4334700,115.68010613626352,112.27553055402706
2023/10/02,982.5,985.0,949.2,949.6,2711000,120.40480371329822,116.4439805964352
2023/10/03,911.6,935.7,905.5,908.0,4284300,118.16090995957649,114.59674874000618
2023/10/04,893.0,910.4,869.5,870.3,4036700,116.6195088554313,113.16613669437166
2023/10/05,900.3,912.6,892.7,912.3,3439100,124.11702608760923,119.93179851412405
2023/10/06,920.0,945.3,915.0,935.6,3497700,129.7182927280638,124.87463413314843
2023/10/10,941.0,955.4,931.6,952.8,2810200,127.59638650514842,124.16984019562929
2023/10/11,958.0,967.6,950.3,956.6,2145700,133.78493628979376,131.08303877350508
2023/10/12,965.2,976.6,958.4,962.8,1734800,135.67211329551375,133.03205847908276
2023/10/13,953.9,965.0,951.5,957.2,1269200,135.08899437231509,132.48875457334603
2023/10/16,945.0,958.6,932.6,938.7,1967900,133.4303241166154,130.42578119946674
2023/10/17,951.4,957.6,935.5,940.2,1351500,134.38077894502874,131.52805793369708
2023/10/18,943.9,949.1,927.9,949.0,1344900,132.77727073752553,129.54607716641476
2023/10/19,938.1,951.0,935.0,947.3,1182200,133.6573966826043,130.21658412682186
2023/10/20,949.0,960.0,937.0,940.7,1887200,132.87826194370535,128.87751170505365
2023/10/23,940.0,956.0,938.7,942.6,1191700,136.24965084291128,131.98644536792023
2023/10/24,945.6,946.9,917.7,937.0,1564900,135.86915562137784,131.81877231346525
2023/10/25,952.0,968.0,945.5,952.1,2128900,138.05602329545286,133.9036346186558
2023/10/26,956.1,964.5,946.6,957.7,1586300,140.9859539100601,135.16984785979182
2023/10/27,958.1,962.0,941.9,959.6,1957000,136.91061510186,131.85209367379935
2023/10/30,964.0,974.3,939.1,953.2,5688900,137.0630414060546,131.8823739983151
2023/10/31,953.0,959.0,929.2,940.1,2873200,136.88716954190392,131.26809634333873
2023/11/01,961.0,990.6,948.0,971.4,3680700,140.55243216521546,134.83654441388745
2023/11/02,982.3,983.7,966.1,982.8,2785600,137.61220506467106,133.31711252088115
2023/11/06,1000.0,1002.5,979.3,995.3,3869100,139.37604919185748,135.69366298396173
2023/11/07,995.5,998.3,934.0,935.1,4677400,133.4901039087343,129.69396863301043
2023/11/08,941.2,950.5,901.8,910.0,5156500,127.49701840807353,125.0942656827857
2023/11/09,905.5,939.5,904.0,935.5,3682600,126.03865145774569,124.33785797314802
2023/11/10,933.5,946.5,932.9,940.2,1562200,130.13291763251075,126.91694783068932
2023/11/13,944.0,952.5,937.2,945.5,1409500,131.93447347252493,128.75584725153362
2023/11/14,945.7,946.0,933.1,940.3,1594300,131.5306163588801,128.6792707352804
2023/11/15,944.7,956.9,935.2,936.7,2445000,127.35677078236074,126.00038128704828
2023/11/16,936.7,947.0,932.3,938.7,1451600,125.9084333202234,125.0802501129231
2023/11/17,940.0,951.0,936.4,950.9,1553700,127.82007160208157,126.58105120842687
2023/11/20,954.5,959.0,937.4,939.0,1860500,124.94676091724469,124.11459217695631
2023/11/21,935.2,938.2,920.8,923.4,2156600,120.49169767054902,120.42111494883648
2023/11/22,928.0,943.3,925.0,935.0,1127500,119.29706492405201,119.35392705775152
2023/11/24,943.0,943.0,925.2,929.7,1823400,114.15871071685129,114.55254534773903
2023/11/27,930.0,935.1,919.0,923.9,1681200,115.07704333277668,115.01253268678254
2023/11/28,924.0,924.7,912.5,924.6,1640000,117.52872812651401,117.4720429042287
2023/11/29,927.9,940.8,922.7,937.5,1737700,120.50747446062964,120.56020539909362
2023/11/30,952.0,963.5,939.6,946.9,2809400,125.49393967188702,124.53058027238248
2023/12/01,961.0,967.2,955.2,961.2,2015300,126.97158296553124,125.32758637118752
2023/12/04,957.7,963.4,940.8,949.4,1518300,128.1958507463683,126.24808665502056
2023/12/05,945.0,955.9,934.0,947.3,1564800,128.3389630936451,125.57311735899023
2023/12/06,954.0,984.0,951.2,983.4,3061500,131.08777917841016,129.2432461857765
2023/12/07,982.0,1001.5,978.0,1001.0,2872400,139.07800745420562,136.3449613537574
2023/12/08,991.9,1001.0,971.3,983.0,3302900,133.47752176956277,130.42896665725357
2023/12/11,990.0,1008.5,976.3,1008.5,2938000,133.16964736480537,130.1619045731926
2023/12/12,1006.0,1015.0,988.6,1004.0,3204800,130.6655359660627,128.23817415561422
2023/12/13,1009.0,1025.0,1005.5,1019.0,3148200,133.64637810687012,131.2349023826791
2023/12/14,1035.0,1042.0,981.2,985.1,3228400,125.80709482653454,124.6509426729319
2023/12/15,979.0,979.0,963.4,972.6,2949900,120.47833386351749,120.66326139055545
2023/12/18,959.9,965.7,942.6,963.3,2128100,120.62368324985806,121.18996776016667
2023/12/19,963.4,966.0,947.2,954.7,1691000,115.1651543003388,117.57564309600032
2023/12/20,952.5,952.7,931.8,931.8,2435100,111.47142325415061,114.64421933894668
2023/12/21,933.0,940.8,918.4,920.4,2388800,112.2248256492117,115.10226190523647
2023/12/22,918.0,934.2,916.0,928.1,1705200,108.11281423322536,111.0336721626405
2023/12/25,935.1,936.4,925.0,931.9,1535100,109.95385087824417,112.70688288418424
2023/12/26,935.7,938.0,931.3,933.4,1579200,110.29827064736307,113.43883815701031
2023/12/27,934.0,954.5,932.2,951.5,1723400,107.68784541262333,111.13136049538109
2023/12/28,943.1,947.1,938.8,946.0,1337700,106.04951674453653,109.37528145632787
2023/12/29,946.0,958.9,944.0,958.9,1572500,108.20920170925952,110.93370284066566
2024/01/04,940.0,983.5,935.2,981.4,2635900,109.6894327829694,111.1006354876399
2024/01/05,993.7,1009.0,981.4,1008.0,2381800,114.3457377558156,115.15240085856956
2024/01/09,1003.5,1014.5,991.2,998.4,2503100,116.9228036357,117.55311760770448
2024/01/10,995.5,1005.0,969.8,973.3,5155000,112.89218942165868,114.35139647762777
2024/01/11,968.8,994.6,968.3,985.2,2552100,113.33315972466995,115.42128960319049
2024/01/12,984.1,989.1,969.7,970.5,1834000,107.3055007112619,111.51877931857075
2024/01/15,968.0,999.9,967.5,999.9,2656300,109.1315466641972,113.36830227886885
2024/01/16,1001.0,1008.0,983.9,998.6,2132100,111.87936596249067,115.85988413316241
2024/01/17,992.0,1007.5,977.7,978.2,3574300,111.75346549425282,114.7045809472812
2024/01/18,977.1,990.1,974.4,977.8,2130800,110.97415755634191,114.5755191376737
2024/01/19,975.2,975.2,961.6,974.0,2735900,108.7979187903549,113.11781308880438
2024/01/22,978.0,992.0,972.5,992.0,2274600,110.65381230046698,114.89418492169101
2024/01/23,983.0,991.8,977.6,983.0,2667200,111.85001303113276,116.12082649431107
2024/01/24,976.6,982.5,965.8,974.8,2232600,111.35323977364526,115.31543261931567
2024/01/25,975.0,986.4,966.6,986.4,1371900,112.8555668815526,116.78128563590984
2024/01/26,987.0,987.4,966.4,966.4,1884800,110.9726842161441,115.0132173118295
2024/01/29,969.0,991.0,969.0,987.0,2369400,111.67458521264062,114.93760083326254
2024/01/30,989.5,989.5,980.5,984.7,1303700,106.89217837989786,110.27619474425514
2024/01/31,990.0,999.3,974.9,987.7,2558400,115.22659455907194,118.20139815848249
2024/02/01,1003.0,1019.5,972.7,978.0,7082800,110.90692388903982,113.03241178398082
2024/02/02,980.0,988.1,961.6,977.8,3755500,112.54494628741996,114.76068053602103
2024/02/05,980.5,1010.0,978.8,1006.5,3578000,115.47069632272387,117.34330082905421
2024/02/06,996.0,1001.0,988.8,990.2,3066800,113.8319681719913,116.13243725166538
2024/02/07,985.1,1004.5,984.0,1004.5,1993500,114.41721207978482,116.47450058121866
2024/02/08,996.0,999.3,968.4,979.6,4281200,110.22901098981437,114.10422780238791
2024/02/09,973.0,979.0,962.0,962.5,3081300,107.8954575537511,111.75927570624818
2024/02/13,966.0,983.5,964.8,983.0,2767200,106.99367392939976,112.2860500978649
2024/02/14,977.0,978.2,953.4,957.9,3290500,105.22878761633856,110.94813632904992
2024/02/15,961.4,969.8,958.8,962.1,2147500,104.85400289825265,111.53283551506843
2024/02/16,968.0,981.9,963.6,981.9,2664100,105.87098746545396,112.39401068841674
2024/02/19,975.0,1013.5,968.3,1004.0,4768300,105.20184281238014,111.35945590842513
2024/02/20,1004.0,1004.5,980.6,988.9,3428400,103.53435321247434,109.70817296060889
2024/02/21,984.6,986.5,972.5,979.0,2560800,102.28737431462068,108.55889212733076
2024/02/22,985.8,1004.0,980.9,1000.0,5159200,105.90629607164503,112.7178468387926
2024/02/26,998.5,1007.5,996.5,1003.5,2798800,106.92624769089356,114.01794572937658
2024/02/27,996.6,1012.5,988.8,991.1,3147200,106.81228101893538,113.646462924496
2024/02/28,997.4,1031.0,994.8,1025.0,3880200,112.57492111167157,119.80129738431921
2024/02/29,1025.0,1029.5,1003.5,1015.0,2958500,115.12745777158496,122.23128793678086
2024/03/01,1024.0,1024.0,1010.5,1017.0,1465800,114.04527752797986,121.48095277842631
2024/03/04,1017.0,1018.5,1001.0,1003.5,1884200,110.73449356070614,118.36035305644384
2024/03/05,1001.0,1006.0,995.8,1003.5,1809100,109.16438161185218,116.2529595146099
2024/03/06,1003.5,1050.5,999.0,1050.5,4573800,114.48909784880703,121.21489070132878
2024/03/07,1064.0,1087.0,1053.0,1086.5,3282400,117.74440652097088,124.09867397405503
2024/03/08,1081.0,1094.0,1072.0,1081.5,2601800,113.61576841194425,119.37225400550903
2024/03/11,1080.0,1086.0,1049.5,1063.5,2721400,114.83328731625255,120.17634768891506
2024/03/12,1059.0,1059.5,1030.0,1050.0,2075100,112.47728200295452,117.49073049566108
2024/03/13,1052.0,1078.0,1050.0,1065.5,2126300,113.60125482020098,119.4787200533453
2024/03/14,1080.0,1142.0,1077.5,1142.0,5793200,120.79814892664803,126.3138857134222
2024/03/15,1156.5,1169.5,1141.5,1154.5,5122200,125.42489347958572,130.30670095966633
2024/03/18,1155.0,1169.5,1140.0,1142.5,3012400,121.4204520744833,126.92546669795959
2024/03/19,1142.5,1162.5,1137.5,1155.5,1821700,124.35271050918931,129.23145358941693
2024/03/21,1160.5,1182.0,1146.0,1169.0,2439800,123.09156184147447,128.25841884344604
2024/03/22,1173.5,1189.5,1162.0,1188.5,2762600,124.96144210425702,129.68026816915796
2024/03/25,1210.0,1231.0,1201.5,1205.0,3345200,130.0410985935624,135.09339777538676
2024/03/26,1191.5,1204.0,1183.0,1192.0,2416400,127.26711555863261,132.13483141000904
2024/03/27,1200.0,1209.0,1171.5,1176.5,2712600,123.81320338456203,129.0267068674802
2024/03/28,1167.0,1196.0,1166.0,1183.0,2221200,124.73202835079186,130.02088032429683
2024/03/29,1183.0,1208.0,1178.0,1196.5,2171500,126.11754113664793,131.38726832009775
2024/04/01,1195.0,1197.5,1157.0,1160.5,2353800,123.58714075882496,129.39340288160247
2024/04/02,1162.5,1172.5,1143.0,1150.5,2294600,120.66570246428203,126.63695660401457
2024/04/03,1154.5,1188.5,1152.5,1175.5,2434300,125.18409857728308,130.15523798995937
2024/04/04,1178.0,1225.5,1170.0,1216.0,3215500,124.43431469728712,129.32685212298682
2024/04/05,1200.0,1202.5,1180.0,1195.5,2569900,127.25692004087328,131.13265555518757
2024/04/08,1199.0,1199.5,1179.0,1199.0,2155400,125.49401262270901,129.45080837592272
2024/04/09,1200.0,1203.0,1182.5,1200.5,1875900,124.86377271400148,128.60039100991813
2024/04/10,1199.5,1250.0,1191.0,1228.0,2414600,129.45729056244537,133.51215509145766
2024/04/11,1227.5,1279.5,1213.0,1267.5,4119200,134.44756971471622,137.6667743925788
2024/04/12,1276.5,1277.5,1255.5,1261.5,3086700,132.379249220929,134.32417202193133
2024/04/15,1247.5,1311.0,1231.5,1296.5,3806500,138.77890859047682,140.57636426601877
2024/04/16,1304.0,1326.0,1276.0,1276.0,4923300,137.56100821742737,139.7312568594286
2024/04/17,1269.0,1282.0,1210.0,1225.5,4573400,134.03430578723794,136.2729078289848
2024/04/18,1211.0,1246.5,1204.5,1236.5,2365500,135.64876640769023,137.3160553694672
2024/04/19,1224.0,1233.5,1190.0,1214.0,2922400,133.2609698207571,134.00196034376182
2024/04/22,1224.0,1261.0,1223.0,1242.0,2468700,133.978849596849,134.2359245438494
2024/04/23,1249.0,1262.0,1204.0,1215.0,2267200,130.97627448217898,131.62757859166624
