date,open,high,low,close,volume
2014/03/26,475.0,476.0,464.0,465.0,16000
2014/03/27,446.0,446.0,445.0,446.0,6000
2014/03/28,450.0,450.0,447.0,448.0,5000
2014/03/31,454.0,455.0,454.0,455.0,4000
2014/04/01,458.0,458.0,450.0,450.0,4000
2014/04/02,451.0,454.0,451.0,454.0,2000
2014/04/03,455.0,460.0,455.0,460.0,3000
2014/04/04,456.0,459.0,456.0,459.0,2000
2014/04/07,459.0,460.0,459.0,460.0,2000
2014/04/08,460.0,460.0,459.0,459.0,2000
2014/04/09,460.0,460.0,458.0,459.0,4000
2014/04/10,465.0,465.0,456.0,456.0,9000
2014/04/11,455.0,455.0,455.0,455.0,2000
2014/04/14,453.0,453.0,452.0,452.0,2000
2014/04/15,451.0,451.0,448.0,448.0,7000
2014/04/16,449.0,449.0,447.0,447.0,2000
2014/04/17,,,,,0
2014/04/18,450.0,450.0,450.0,450.0,1000
2014/04/21,450.0,458.0,450.0,450.0,4000
2014/04/22,,,,,0
2014/04/23,,,,,0
2014/04/24,450.0,450.0,450.0,450.0,1000
2014/04/25,450.0,451.0,449.0,449.0,4000
2014/04/28,450.0,450.0,450.0,450.0,2000
2014/04/30,449.0,449.0,449.0,449.0,1000
2014/05/01,450.0,452.0,450.0,450.0,4000
2014/05/02,448.0,448.0,448.0,448.0,6000
2014/05/07,452.0,452.0,452.0,452.0,2000
2014/05/08,450.0,452.0,449.0,449.0,3000
2014/05/09,449.0,453.0,449.0,450.0,6000
2014/05/12,455.0,455.0,455.0,455.0,5000
2014/05/13,448.0,448.0,447.0,447.0,11000
2014/05/14,453.0,453.0,446.0,446.0,7000
2014/05/15,446.0,448.0,446.0,447.0,4000
2014/05/16,447.0,453.0,447.0,453.0,2000
2014/05/19,450.0,454.0,450.0,454.0,5000
2014/05/20,446.0,450.0,446.0,450.0,4000
2014/05/21,449.0,449.0,449.0,449.0,2000
2014/05/22,449.0,449.0,449.0,449.0,2000
2014/05/23,449.0,449.0,449.0,449.0,1000
2014/05/26,452.0,452.0,452.0,452.0,1000
2014/05/27,452.0,453.0,449.0,449.0,6000
2014/05/28,454.0,454.0,449.0,449.0,2000
2014/05/29,455.0,455.0,451.0,451.0,4000
2014/05/30,455.0,455.0,450.0,450.0,6000
2014/06/02,450.0,451.0,450.0,450.0,7000
2014/06/03,452.0,452.0,452.0,452.0,4000
2014/06/04,453.0,453.0,452.0,452.0,3000
2014/06/05,452.0,455.0,452.0,455.0,7000
2014/06/06,455.0,456.0,455.0,456.0,5000
2014/06/09,456.0,458.0,456.0,458.0,6000
2014/06/10,458.0,459.0,458.0,458.0,9000
2014/06/11,458.0,458.0,458.0,458.0,1000
2014/06/12,457.0,459.0,457.0,459.0,2000
2014/06/13,460.0,460.0,460.0,460.0,3000
2014/06/16,460.0,462.0,460.0,462.0,8000
2014/06/17,465.0,465.0,462.0,464.0,5000
2014/06/18,465.0,465.0,464.0,465.0,7000
2014/06/19,465.0,468.0,464.0,467.0,10000
2014/06/20,467.0,467.0,466.0,466.0,5000
2014/06/23,466.0,467.0,466.0,467.0,4000
2014/06/24,468.0,468.0,468.0,468.0,2000
2014/06/25,470.0,470.0,470.0,470.0,4000
2014/06/26,475.0,475.0,475.0,475.0,1000
2014/06/27,475.0,475.0,474.0,474.0,2000
2014/06/30,475.0,477.0,474.0,476.0,9000
2014/07/01,479.0,479.0,475.0,475.0,8000
2014/07/02,476.0,480.0,476.0,478.0,5000
2014/07/03,478.0,479.0,478.0,479.0,4000
2014/07/04,478.0,478.0,478.0,478.0,4000
2014/07/07,478.0,479.0,477.0,477.0,4000
2014/07/08,480.0,480.0,480.0,480.0,4000
2014/07/09,476.0,479.0,476.0,479.0,4000
2014/07/10,484.0,484.0,483.0,483.0,13000
2014/07/11,478.0,478.0,475.0,475.0,11000
2014/07/14,475.0,475.0,475.0,475.0,1000
2014/07/15,470.0,475.0,467.0,475.0,9000
2014/07/16,470.0,476.0,469.0,470.0,4000
2014/07/17,,,,,0
2014/07/18,475.0,475.0,474.0,474.0,3000
2014/07/22,473.0,476.0,469.0,476.0,9000
2014/07/23,476.0,476.0,470.0,470.0,4000
2014/07/24,470.0,470.0,470.0,470.0,1000
2014/07/25,475.0,477.0,475.0,477.0,2000
2014/07/28,477.0,480.0,470.0,470.0,12000
2014/07/29,470.0,473.0,470.0,473.0,3000
2014/07/30,478.0,478.0,473.0,478.0,8000
2014/07/31,478.0,482.0,478.0,478.0,10000
2014/08/01,478.0,478.0,478.0,478.0,3000
2014/08/04,478.0,482.0,478.0,482.0,2000
2014/08/05,,,,,0
2014/08/06,480.0,480.0,476.0,476.0,6000
2014/08/07,,,,,0
2014/08/08,479.0,480.0,479.0,480.0,2000
2014/08/11,480.0,480.0,478.0,478.0,9000
2014/08/12,478.0,478.0,470.0,475.0,15000
2014/08/13,471.0,475.0,471.0,474.0,4000
2014/08/14,,,,,0
2014/08/15,479.0,479.0,479.0,479.0,1000
2014/08/18,480.0,480.0,476.0,476.0,4000
2014/08/19,475.0,475.0,475.0,475.0,1000
2014/08/20,478.0,478.0,478.0,478.0,2000
2014/08/21,478.0,478.0,478.0,478.0,2000
2014/08/22,475.0,475.0,473.0,473.0,7000
2014/08/25,473.0,474.0,470.0,470.0,14000
2014/08/26,471.0,477.0,471.0,477.0,2000
2014/08/27,478.0,478.0,470.0,474.0,15000
2014/08/28,475.0,477.0,470.0,473.0,13000
2014/08/29,474.0,478.0,470.0,470.0,22000
2014/09/01,472.0,479.0,471.0,479.0,8000
2014/09/02,478.0,478.0,476.0,476.0,8000
2014/09/03,477.0,480.0,477.0,480.0,4500
2014/09/04,480.0,480.0,480.0,480.0,1000
2014/09/05,480.0,480.0,476.0,480.0,6700
2014/09/08,481.0,481.0,476.0,480.0,7900
2014/09/09,480.0,480.0,476.0,479.0,7900
2014/09/10,480.0,480.0,479.0,480.0,11600
2014/09/11,480.0,480.0,479.0,480.0,7600
2014/09/12,479.0,480.0,478.0,478.0,9100
2014/09/16,480.0,483.0,480.0,481.0,13500
2014/09/17,483.0,484.0,481.0,484.0,7100
2014/09/18,485.0,485.0,482.0,482.0,10000
2014/09/19,483.0,485.0,483.0,485.0,6700
2014/09/22,485.0,494.0,483.0,494.0,15900
2014/09/24,496.0,500.0,485.0,499.0,19900
2014/09/25,500.0,500.0,497.0,497.0,24200
2014/09/26,462.0,484.0,462.0,472.0,28000
2014/09/29,471.0,479.0,470.0,477.0,7000
2014/09/30,475.0,475.0,465.0,465.0,3000
2014/10/01,466.0,470.0,465.0,466.0,5100
2014/10/02,465.0,470.0,464.0,465.0,4500
2014/10/03,470.0,476.0,470.0,476.0,1900
2014/10/06,477.0,477.0,470.0,474.0,4000
2014/10/07,472.0,472.0,471.0,471.0,700
2014/10/08,472.0,472.0,472.0,472.0,2100
2014/10/09,472.0,473.0,471.0,472.0,2500
2014/10/10,474.0,474.0,465.0,465.0,14400
2014/10/14,460.0,460.0,460.0,460.0,1600
2014/10/15,468.0,471.0,467.0,471.0,2200
2014/10/16,463.0,464.0,463.0,464.0,1100
2014/10/17,470.0,470.0,463.0,463.0,2000
2014/10/20,460.0,461.0,460.0,461.0,1200
2014/10/21,469.0,469.0,460.0,461.0,4200
2014/10/22,461.0,461.0,461.0,461.0,1400
2014/10/23,461.0,461.0,461.0,461.0,1000
2014/10/24,469.0,469.0,469.0,469.0,600
2014/10/27,469.0,469.0,467.0,467.0,3300
2014/10/28,461.0,466.0,461.0,466.0,1100
2014/10/29,472.0,473.0,472.0,473.0,3100
2014/10/30,468.0,476.0,468.0,476.0,4000
2014/10/31,465.0,490.0,460.0,462.0,48800
2014/11/04,478.0,478.0,462.0,462.0,11400
2014/11/05,465.0,473.0,463.0,465.0,13800
2014/11/06,462.0,468.0,461.0,468.0,9700
2014/11/07,472.0,473.0,468.0,473.0,5500
2014/11/10,472.0,473.0,470.0,473.0,13300
2014/11/11,,,,,0
2014/11/12,471.0,471.0,463.0,465.0,5700
2014/11/13,466.0,470.0,465.0,470.0,1600
2014/11/14,470.0,472.0,465.0,466.0,3800
2014/11/17,470.0,470.0,466.0,466.0,5700
2014/11/18,466.0,470.0,463.0,464.0,3100
2014/11/19,465.0,470.0,465.0,470.0,3100
2014/11/20,468.0,469.0,468.0,469.0,3000
2014/11/21,468.0,472.0,466.0,472.0,1100
2014/11/25,471.0,471.0,465.0,471.0,3600
2014/11/26,468.0,469.0,468.0,469.0,1600
2014/11/27,469.0,469.0,466.0,467.0,2200
2014/11/28,465.0,471.0,465.0,467.0,4500
2014/12/01,465.0,469.0,465.0,469.0,6100
2014/12/02,468.0,470.0,465.0,465.0,15100
2014/12/03,464.0,470.0,464.0,465.0,8400
2014/12/04,465.0,466.0,465.0,465.0,6000
2014/12/05,464.0,468.0,464.0,467.0,17200
2014/12/08,466.0,467.0,465.0,465.0,9900
2014/12/09,466.0,466.0,462.0,465.0,7800
2014/12/10,465.0,465.0,461.0,462.0,12200
2014/12/11,461.0,465.0,461.0,462.0,4300
2014/12/12,462.0,465.0,462.0,463.0,4400
2014/12/15,466.0,466.0,465.0,465.0,2200
2014/12/16,463.0,463.0,462.0,462.0,3100
2014/12/17,462.0,465.0,462.0,465.0,3700
2014/12/18,465.0,465.0,462.0,462.0,6400
2014/12/19,462.0,465.0,462.0,465.0,2800
2014/12/22,462.0,463.0,461.0,462.0,12100
2014/12/24,461.0,462.0,460.0,461.0,15900
2014/12/25,462.0,462.0,460.0,460.0,15500
2014/12/26,463.0,465.0,463.0,465.0,1600
2014/12/29,470.0,470.0,463.0,463.0,6700
2014/12/30,467.0,470.0,466.0,469.0,5400
2015/01/05,471.0,475.0,471.0,474.0,13000
2015/01/06,474.0,476.0,469.0,472.0,6900
2015/01/07,471.0,476.0,471.0,474.0,4900
2015/01/08,478.0,489.0,476.0,479.0,10600
2015/01/09,481.0,483.0,480.0,483.0,4000
2015/01/13,486.0,488.0,486.0,488.0,15300
2015/01/14,486.0,487.0,484.0,484.0,2500
2015/01/15,481.0,485.0,479.0,479.0,8200
2015/01/16,478.0,486.0,470.0,475.0,14100
2015/01/19,485.0,485.0,470.0,483.0,19800
2015/01/20,480.0,480.0,478.0,478.0,1400
2015/01/21,478.0,484.0,477.0,484.0,2300
2015/01/22,484.0,484.0,483.0,483.0,3000
2015/01/23,483.0,483.0,476.0,476.0,2500
2015/01/26,483.0,485.0,478.0,485.0,5300
2015/01/27,477.0,485.0,477.0,479.0,3500
2015/01/28,485.0,488.0,480.0,485.0,2300
2015/01/29,479.0,490.0,479.0,490.0,6800
2015/01/30,489.0,492.0,480.0,487.0,3400
2015/02/02,483.0,489.0,482.0,482.0,7200
2015/02/03,483.0,490.0,482.0,482.0,4200
2015/02/04,487.0,487.0,485.0,485.0,600
2015/02/05,485.0,487.0,484.0,484.0,3200
2015/02/06,486.0,488.0,485.0,488.0,1800
2015/02/09,488.0,490.0,486.0,490.0,7700
2015/02/10,493.0,493.0,486.0,492.0,7900
2015/02/12,486.0,494.0,486.0,487.0,4700
2015/02/13,487.0,494.0,486.0,490.0,7500
2015/02/16,487.0,494.0,487.0,488.0,5100
2015/02/17,495.0,495.0,488.0,491.0,2700
2015/02/18,489.0,492.0,489.0,490.0,3400
2015/02/19,489.0,489.0,489.0,489.0,9800
2015/02/20,487.0,487.0,487.0,487.0,1600
2015/02/23,489.0,489.0,487.0,487.0,7400
2015/02/24,491.0,494.0,486.0,486.0,6000
2015/02/25,493.0,493.0,488.0,488.0,5900
2015/02/26,492.0,493.0,488.0,488.0,4800
2015/02/27,488.0,489.0,488.0,489.0,3600
2015/03/02,496.0,496.0,490.0,495.0,6300
2015/03/03,494.0,495.0,492.0,492.0,5100
2015/03/04,492.0,492.0,492.0,492.0,2200
2015/03/05,494.0,494.0,492.0,493.0,4700
2015/03/06,494.0,495.0,494.0,494.0,1900
2015/03/09,494.0,496.0,493.0,496.0,9600
2015/03/10,496.0,496.0,495.0,495.0,10400
2015/03/11,497.0,498.0,497.0,497.0,2200
2015/03/12,496.0,498.0,496.0,496.0,8000
2015/03/13,496.0,505.0,496.0,500.0,22200
2015/03/16,510.0,600.0,510.0,550.0,100300
2015/03/17,550.0,551.0,525.0,530.0,21800
2015/03/18,530.0,550.0,520.0,549.0,13100
2015/03/19,548.0,550.0,541.0,549.0,10700
2015/03/20,549.0,550.0,547.0,550.0,9400
2015/03/23,548.0,549.0,541.0,549.0,13700
2015/03/24,550.0,562.0,543.0,550.0,12700
2015/03/25,555.0,560.0,555.0,558.0,5100
2015/03/26,558.0,561.0,550.0,559.0,13100
2015/03/27,505.0,505.0,485.0,499.0,35500
2015/03/30,503.0,505.0,492.0,499.0,14400
2015/03/31,493.0,501.0,493.0,500.0,6800
2015/04/01,500.0,500.0,494.0,494.0,2400
2015/04/02,493.0,493.0,491.0,492.0,5600
2015/04/03,492.0,499.0,491.0,493.0,4100
2015/04/06,493.0,499.0,492.0,499.0,7600
2015/04/07,496.0,498.0,496.0,498.0,700
2015/04/08,498.0,499.0,497.0,497.0,1400
2015/04/09,497.0,502.0,497.0,502.0,5200
2015/04/10,505.0,505.0,500.0,503.0,8900
2015/04/13,505.0,505.0,499.0,503.0,6000
2015/04/14,500.0,503.0,500.0,503.0,1200
2015/04/15,503.0,503.0,499.0,500.0,4600
2015/04/16,503.0,503.0,498.0,503.0,4400
2015/04/17,499.0,504.0,499.0,500.0,2500
2015/04/20,500.0,500.0,495.0,497.0,6400
2015/04/21,498.0,498.0,497.0,497.0,900
2015/04/22,500.0,500.0,492.0,492.0,4200
2015/04/23,493.0,500.0,493.0,494.0,5000
2015/04/24,494.0,497.0,494.0,497.0,1200
2015/04/27,499.0,499.0,493.0,494.0,2400
2015/04/28,499.0,499.0,493.0,495.0,3100
2015/04/30,495.0,495.0,493.0,494.0,3500
2015/05/01,499.0,499.0,496.0,496.0,1900
2015/05/07,498.0,498.0,495.0,495.0,3500
2015/05/08,497.0,505.0,489.0,497.0,32800
2015/05/11,497.0,498.0,492.0,492.0,13000
2015/05/12,492.0,500.0,492.0,500.0,5900
2015/05/13,495.0,496.0,495.0,495.0,3200
2015/05/14,499.0,499.0,499.0,499.0,1000
2015/05/15,495.0,498.0,481.0,487.0,23400
2015/05/18,491.0,493.0,491.0,491.0,2900
2015/05/19,499.0,499.0,493.0,495.0,6300
2015/05/20,495.0,499.0,493.0,494.0,5400
2015/05/21,494.0,497.0,494.0,497.0,1400
2015/05/22,497.0,497.0,495.0,496.0,3900
2015/05/25,497.0,497.0,495.0,495.0,4000
2015/05/26,495.0,496.0,495.0,495.0,1400
2015/05/27,493.0,495.0,492.0,493.0,6100
2015/05/28,496.0,497.0,492.0,492.0,6600
2015/05/29,494.0,496.0,493.0,494.0,3200
2015/06/01,495.0,496.0,494.0,495.0,4200
2015/06/02,495.0,497.0,495.0,495.0,3800
2015/06/03,495.0,495.0,494.0,495.0,4600
2015/06/04,494.0,495.0,494.0,495.0,5700
2015/06/05,495.0,496.0,494.0,495.0,3800
2015/06/08,496.0,496.0,495.0,496.0,6900
2015/06/09,496.0,497.0,495.0,497.0,5400
2015/06/10,497.0,497.0,494.0,495.0,12500
2015/06/11,495.0,498.0,495.0,497.0,6400
2015/06/12,498.0,498.0,495.0,495.0,3400
2015/06/15,495.0,496.0,493.0,496.0,9100
2015/06/16,497.0,498.0,496.0,496.0,4200
2015/06/17,496.0,503.0,496.0,502.0,13400
2015/06/18,500.0,500.0,496.0,499.0,3700
2015/06/19,499.0,504.0,499.0,502.0,7300
2015/06/22,502.0,515.0,502.0,515.0,15000
2015/06/23,512.0,512.0,508.0,508.0,7000
2015/06/24,512.0,512.0,507.0,508.0,5300
2015/06/25,512.0,512.0,508.0,511.0,4000
2015/06/26,512.0,512.0,508.0,508.0,2800
2015/06/29,508.0,511.0,507.0,507.0,7200
2015/06/30,513.0,513.0,506.0,510.0,7800
2015/07/01,510.0,512.0,509.0,512.0,5400
2015/07/02,513.0,514.0,513.0,514.0,4400
2015/07/03,515.0,515.0,515.0,515.0,1000
2015/07/06,514.0,515.0,513.0,513.0,3300
2015/07/07,516.0,516.0,514.0,514.0,4900
2015/07/08,516.0,516.0,501.0,505.0,12400
2015/07/09,499.0,502.0,496.0,502.0,6000
2015/07/10,516.0,516.0,510.0,515.0,14900
2015/07/13,515.0,519.0,508.0,513.0,5500
2015/07/14,520.0,529.0,509.0,527.0,13800
2015/07/15,521.0,525.0,513.0,524.0,10100
2015/07/16,519.0,524.0,515.0,522.0,4900
2015/07/17,519.0,524.0,517.0,519.0,4800
2015/07/21,519.0,522.0,512.0,513.0,11100
2015/07/22,511.0,516.0,508.0,510.0,8100
2015/07/23,510.0,518.0,510.0,512.0,5400
2015/07/24,520.0,520.0,511.0,520.0,5300
2015/07/27,510.0,523.0,510.0,513.0,3900
2015/07/28,511.0,514.0,511.0,511.0,2300
2015/07/29,511.0,518.0,511.0,517.0,3000
2015/07/30,517.0,517.0,515.0,515.0,3300
2015/07/31,516.0,523.0,515.0,515.0,8300
2015/08/03,524.0,524.0,517.0,522.0,4800
2015/08/04,518.0,521.0,517.0,519.0,4800
2015/08/05,517.0,521.0,515.0,519.0,6000
2015/08/06,520.0,522.0,519.0,520.0,3100
2015/08/07,520.0,521.0,516.0,521.0,5900
2015/08/10,519.0,523.0,516.0,516.0,12300
2015/08/11,516.0,516.0,510.0,511.0,12300
2015/08/12,510.0,518.0,510.0,512.0,4800
2015/08/13,510.0,512.0,510.0,511.0,2400
2015/08/14,517.0,518.0,512.0,518.0,3100
2015/08/17,513.0,513.0,513.0,513.0,100
2015/08/18,518.0,523.0,518.0,523.0,4100
2015/08/19,524.0,524.0,512.0,523.0,7800
2015/08/20,523.0,523.0,514.0,514.0,6500
2015/08/21,512.0,519.0,511.0,511.0,6900
2015/08/24,507.0,507.0,500.0,500.0,18100
2015/08/25,490.0,503.0,467.0,497.0,22700
2015/08/26,500.0,510.0,500.0,500.0,3900
2015/08/27,500.0,522.0,500.0,521.0,5600
2015/08/28,521.0,523.0,520.0,522.0,7200
2015/08/31,523.0,525.0,517.0,525.0,5100
2015/09/01,529.0,529.0,517.0,517.0,5200
2015/09/02,523.0,523.0,521.0,522.0,2900
2015/09/03,522.0,522.0,518.0,521.0,4100
2015/09/04,519.0,520.0,505.0,520.0,11100
2015/09/07,515.0,519.0,498.0,513.0,5900
2015/09/08,499.0,511.0,497.0,499.0,9800
2015/09/09,514.0,514.0,505.0,510.0,3100
2015/09/10,508.0,508.0,495.0,501.0,10100
2015/09/11,500.0,504.0,500.0,503.0,3400
2015/09/14,502.0,502.0,500.0,501.0,4700
2015/09/15,511.0,511.0,496.0,507.0,8800
2015/09/16,507.0,508.0,497.0,508.0,4000
2015/09/17,500.0,510.0,500.0,501.0,5000
2015/09/18,505.0,510.0,503.0,509.0,7200
2015/09/24,500.0,509.0,500.0,502.0,7800
2015/09/25,502.0,515.0,501.0,504.0,15500
2015/09/28,482.0,483.0,480.0,480.0,7200
2015/09/29,480.0,480.0,475.0,480.0,5400
2015/09/30,472.0,480.0,472.0,477.0,6300
2015/10/01,488.0,488.0,485.0,485.0,900
2015/10/02,485.0,485.0,485.0,485.0,100
2015/10/05,488.0,489.0,485.0,485.0,3800
2015/10/06,480.0,482.0,477.0,477.0,3100
2015/10/07,475.0,484.0,475.0,479.0,1900
2015/10/08,481.0,482.0,480.0,480.0,1900
2015/10/09,482.0,485.0,478.0,485.0,3200
2015/10/13,485.0,485.0,475.0,479.0,6800
2015/10/14,483.0,483.0,478.0,480.0,2000
2015/10/15,482.0,482.0,476.0,478.0,3000
2015/10/16,480.0,480.0,480.0,480.0,100
2015/10/19,480.0,480.0,479.0,479.0,1200
2015/10/20,477.0,481.0,477.0,480.0,1400
2015/10/21,482.0,482.0,480.0,480.0,500
2015/10/22,479.0,479.0,479.0,479.0,200
2015/10/23,483.0,483.0,480.0,480.0,1600
2015/10/26,479.0,482.0,479.0,481.0,4100
2015/10/27,479.0,483.0,472.0,476.0,13000
2015/10/28,472.0,476.0,465.0,465.0,10400
2015/10/29,464.0,473.0,463.0,464.0,11800
2015/10/30,465.0,474.0,462.0,463.0,17300
2015/11/02,472.0,472.0,464.0,464.0,3000
2015/11/04,464.0,465.0,462.0,462.0,4500
2015/11/05,464.0,470.0,464.0,466.0,1600
2015/11/06,468.0,470.0,465.0,465.0,3200
2015/11/09,469.0,474.0,467.0,474.0,4900
2015/11/10,474.0,475.0,465.0,465.0,9600
2015/11/11,467.0,470.0,467.0,469.0,2300
2015/11/12,476.0,480.0,468.0,470.0,4500
2015/11/13,470.0,477.0,469.0,477.0,3000
2015/11/16,472.0,477.0,468.0,472.0,3500
2015/11/17,477.0,478.0,471.0,476.0,4500
2015/11/18,475.0,481.0,475.0,476.0,3400
2015/11/19,474.0,480.0,474.0,478.0,2500
2015/11/20,479.0,490.0,476.0,484.0,6900
2015/11/24,479.0,484.0,479.0,480.0,4500
2015/11/25,484.0,484.0,484.0,484.0,1800
2015/11/26,481.0,484.0,481.0,481.0,2600
2015/11/27,482.0,485.0,475.0,478.0,2700
2015/11/30,480.0,480.0,476.0,480.0,2800
2015/12/01,481.0,481.0,476.0,477.0,6300
2015/12/02,478.0,483.0,478.0,483.0,3100
2015/12/03,483.0,483.0,480.0,481.0,3300
2015/12/04,481.0,482.0,481.0,481.0,2100
2015/12/07,482.0,482.0,480.0,480.0,2900
2015/12/08,480.0,480.0,477.0,479.0,8000
2015/12/09,479.0,482.0,478.0,482.0,4600
2015/12/10,475.0,478.0,473.0,473.0,12500
2015/12/11,473.0,479.0,473.0,473.0,9000
2015/12/14,474.0,479.0,472.0,479.0,6300
2015/12/15,479.0,479.0,473.0,476.0,1400
2015/12/16,474.0,479.0,474.0,476.0,4700
2015/12/17,475.0,475.0,475.0,475.0,500
2015/12/18,473.0,480.0,473.0,480.0,8000
2015/12/21,476.0,477.0,473.0,477.0,3100
2015/12/22,473.0,474.0,473.0,474.0,2600
2015/12/24,477.0,480.0,474.0,476.0,8200
2015/12/25,472.0,474.0,470.0,470.0,14600
2015/12/28,476.0,480.0,473.0,473.0,4600
2015/12/29,477.0,480.0,476.0,480.0,2200
2015/12/30,480.0,483.0,480.0,483.0,3800
2016/01/04,482.0,482.0,480.0,480.0,2700
2016/01/05,478.0,484.0,478.0,481.0,3200
2016/01/06,481.0,491.0,481.0,488.0,11100
2016/01/07,488.0,488.0,482.0,486.0,5800
2016/01/08,486.0,489.0,486.0,488.0,9800
2016/01/12,495.0,495.0,480.0,481.0,16700
2016/01/13,482.0,484.0,482.0,483.0,1100
2016/01/14,484.0,487.0,484.0,487.0,2500
2016/01/15,486.0,486.0,483.0,485.0,6400
2016/01/18,486.0,487.0,486.0,486.0,2500
2016/01/19,483.0,487.0,483.0,487.0,2800
2016/01/20,489.0,489.0,485.0,488.0,3800
2016/01/21,486.0,488.0,482.0,482.0,5200
2016/01/22,482.0,485.0,476.0,480.0,9300
2016/01/25,480.0,485.0,475.0,480.0,7400
2016/01/26,480.0,480.0,480.0,480.0,600
2016/01/27,477.0,481.0,477.0,477.0,1700
2016/01/28,476.0,476.0,476.0,476.0,1000
2016/01/29,482.0,485.0,480.0,485.0,3500
2016/02/01,486.0,491.0,485.0,486.0,2300
2016/02/02,491.0,492.0,483.0,483.0,5100
2016/02/03,486.0,486.0,482.0,482.0,2700
2016/02/04,482.0,488.0,480.0,484.0,2200
2016/02/05,490.0,494.0,484.0,484.0,3200
2016/02/08,492.0,492.0,489.0,489.0,1200
2016/02/09,489.0,492.0,481.0,490.0,4400
2016/02/10,494.0,494.0,481.0,488.0,8700
2016/02/12,474.0,479.0,470.0,479.0,5600
2016/02/15,473.0,490.0,473.0,478.0,5800
2016/02/16,490.0,490.0,481.0,490.0,5900
2016/02/17,490.0,490.0,490.0,490.0,200
2016/02/18,482.0,490.0,482.0,488.0,700
2016/02/19,488.0,488.0,488.0,488.0,100
2016/02/22,488.0,488.0,480.0,488.0,1500
2016/02/23,486.0,486.0,477.0,477.0,1700
2016/02/24,474.0,490.0,474.0,490.0,2600
2016/02/25,490.0,490.0,471.0,489.0,6300
2016/02/26,490.0,490.0,489.0,489.0,1200
2016/02/29,485.0,487.0,485.0,485.0,2000
2016/03/01,485.0,485.0,480.0,484.0,5000
2016/03/02,484.0,487.0,480.0,480.0,3700
2016/03/03,480.0,486.0,480.0,482.0,2500
2016/03/04,485.0,485.0,483.0,485.0,2100
2016/03/07,486.0,489.0,486.0,488.0,2300
2016/03/08,490.0,492.0,488.0,488.0,4400
2016/03/09,488.0,492.0,488.0,492.0,8000
2016/03/10,490.0,498.0,490.0,498.0,9100
2016/03/11,498.0,498.0,495.0,498.0,1400
2016/03/14,498.0,498.0,495.0,495.0,3500
2016/03/15,,,,,0
2016/03/16,493.0,499.0,493.0,495.0,3500
2016/03/17,496.0,497.0,496.0,497.0,2100
2016/03/18,495.0,499.0,495.0,499.0,1500
2016/03/22,499.0,500.0,493.0,494.0,10900
2016/03/23,489.0,500.0,489.0,494.0,7200
2016/03/24,494.0,496.0,494.0,496.0,2200
2016/03/25,491.0,497.0,491.0,491.0,3700
2016/03/28,491.0,500.0,491.0,497.0,8500
2016/03/29,470.0,476.0,470.0,476.0,7900
2016/03/30,478.0,482.0,472.0,482.0,2300
2016/03/31,482.0,483.0,475.0,476.0,2800
2016/04/01,484.0,484.0,477.0,477.0,1500
2016/04/04,478.0,484.0,478.0,484.0,3900
2016/04/05,475.0,483.0,475.0,483.0,3100
2016/04/06,480.0,480.0,477.0,479.0,400
2016/04/07,480.0,480.0,480.0,480.0,900
2016/04/08,478.0,484.0,478.0,484.0,3200
2016/04/11,486.0,490.0,473.0,474.0,12000
2016/04/12,477.0,477.0,471.0,473.0,2700
2016/04/13,484.0,484.0,484.0,484.0,1000
2016/04/14,480.0,480.0,480.0,480.0,500
2016/04/15,472.0,480.0,472.0,480.0,300
2016/04/18,467.0,478.0,467.0,470.0,5100
2016/04/19,,,,,0
2016/04/20,479.0,479.0,478.0,479.0,1200
2016/04/21,472.0,479.0,472.0,479.0,1300
2016/04/22,471.0,472.0,471.0,471.0,1900
2016/04/25,471.0,478.0,471.0,471.0,4900
2016/04/26,472.0,479.0,472.0,474.0,3300
2016/04/27,478.0,484.0,478.0,484.0,5000
2016/04/28,480.0,481.0,480.0,480.0,2300
2016/05/02,490.0,490.0,482.0,487.0,2700
2016/05/06,489.0,489.0,485.0,485.0,4500
2016/05/09,486.0,489.0,482.0,489.0,8500
2016/05/10,489.0,498.0,481.0,481.0,30300
2016/05/11,486.0,488.0,482.0,484.0,7900
2016/05/12,483.0,484.0,483.0,483.0,6800
2016/05/13,493.0,493.0,484.0,484.0,3600
2016/05/16,486.0,487.0,486.0,487.0,400
2016/05/17,489.0,493.0,485.0,486.0,7400
2016/05/18,485.0,495.0,485.0,486.0,4800
2016/05/19,486.0,491.0,486.0,486.0,2600
2016/05/20,486.0,486.0,486.0,486.0,1200
2016/05/23,488.0,490.0,486.0,486.0,2300
2016/05/24,483.0,490.0,483.0,483.0,2700
2016/05/25,494.0,495.0,487.0,487.0,2400
2016/05/26,,,,,0
2016/05/27,495.0,495.0,487.0,488.0,1300
2016/05/30,488.0,498.0,484.0,490.0,1600
2016/05/31,486.0,489.0,486.0,488.0,5600
2016/06/01,493.0,493.0,489.0,489.0,1600
2016/06/02,490.0,494.0,488.0,488.0,2600
2016/06/03,489.0,489.0,488.0,488.0,2500
2016/06/06,495.0,495.0,491.0,491.0,1200
2016/06/07,497.0,497.0,488.0,488.0,6200
2016/06/08,489.0,490.0,489.0,489.0,1200
2016/06/09,498.0,509.0,490.0,496.0,9600
2016/06/10,504.0,504.0,494.0,494.0,6000
2016/06/13,486.0,500.0,486.0,500.0,3000
2016/06/14,487.0,491.0,485.0,485.0,7500
2016/06/15,495.0,495.0,494.0,494.0,2000
2016/06/16,487.0,487.0,487.0,487.0,2600
2016/06/17,494.0,494.0,481.0,481.0,4900
2016/06/20,496.0,496.0,484.0,485.0,3500
2016/06/21,485.0,494.0,483.0,485.0,4200
2016/06/22,487.0,495.0,487.0,488.0,2300
2016/06/23,488.0,488.0,488.0,488.0,100
2016/06/24,497.0,497.0,482.0,482.0,5400
2016/06/27,481.0,495.0,481.0,481.0,6800
2016/06/28,480.0,495.0,480.0,484.0,6100
2016/06/29,494.0,498.0,486.0,486.0,4600
2016/06/30,495.0,496.0,483.0,483.0,5000
2016/07/01,484.0,497.0,484.0,488.0,3700
2016/07/04,496.0,496.0,491.0,492.0,5300
2016/07/05,491.0,496.0,491.0,495.0,2200
2016/07/06,492.0,515.0,492.0,505.0,7800
2016/07/07,498.0,501.0,498.0,499.0,3400
2016/07/08,505.0,508.0,499.0,508.0,7900
2016/07/11,515.0,515.0,500.0,500.0,15100
2016/07/12,503.0,515.0,503.0,505.0,2900
2016/07/13,500.0,507.0,500.0,507.0,1900
2016/07/14,507.0,507.0,507.0,507.0,1000
2016/07/15,497.0,509.0,497.0,509.0,2800
2016/07/19,507.0,507.0,493.0,497.0,3100
2016/07/20,495.0,495.0,493.0,494.0,1900
2016/07/21,494.0,506.0,494.0,506.0,3100
2016/07/22,500.0,504.0,500.0,504.0,1100
2016/07/25,500.0,500.0,493.0,495.0,3700
2016/07/26,493.0,494.0,493.0,494.0,800
2016/07/27,,,,,0
2016/07/28,492.0,493.0,492.0,493.0,1900
2016/07/29,501.0,501.0,494.0,494.0,1500
2016/08/01,501.0,501.0,494.0,494.0,5000
2016/08/02,500.0,500.0,494.0,499.0,2200
2016/08/03,495.0,499.0,494.0,494.0,1600
2016/08/04,496.0,499.0,496.0,499.0,1100
2016/08/05,501.0,501.0,495.0,495.0,4300
2016/08/08,509.0,509.0,493.0,496.0,3100
2016/08/09,496.0,504.0,495.0,501.0,4400
2016/08/10,500.0,505.0,500.0,505.0,7000
2016/08/12,,,,,0
2016/08/15,504.0,505.0,504.0,505.0,2900
2016/08/16,503.0,503.0,503.0,503.0,100
2016/08/17,503.0,503.0,503.0,503.0,1800
2016/08/18,506.0,506.0,506.0,506.0,1200
2016/08/19,501.0,502.0,497.0,497.0,4800
2016/08/22,,,,,0
2016/08/23,507.0,507.0,504.0,504.0,1500
2016/08/24,497.0,500.0,497.0,497.0,4600
2016/08/25,506.0,506.0,500.0,505.0,3800
2016/08/26,497.0,500.0,497.0,498.0,1600
2016/08/29,500.0,501.0,500.0,501.0,700
2016/08/30,498.0,499.0,496.0,496.0,4400
2016/08/31,497.0,497.0,495.0,497.0,4400
2016/09/01,498.0,498.0,498.0,498.0,900
2016/09/02,499.0,503.0,499.0,503.0,1500
2016/09/05,502.0,502.0,501.0,502.0,2600
2016/09/06,503.0,503.0,501.0,501.0,2300
2016/09/07,502.0,505.0,502.0,504.0,6200
2016/09/08,504.0,505.0,503.0,504.0,2300
2016/09/09,505.0,505.0,503.0,505.0,4400
2016/09/12,503.0,504.0,503.0,504.0,7300
2016/09/13,502.0,505.0,502.0,502.0,4100
2016/09/14,506.0,506.0,505.0,506.0,3700
2016/09/15,505.0,506.0,504.0,504.0,1800
2016/09/16,504.0,504.0,502.0,502.0,5700
2016/09/20,502.0,505.0,500.0,500.0,13400
2016/09/21,505.0,505.0,504.0,505.0,2000
2016/09/23,510.0,511.0,507.0,509.0,9600
2016/09/26,508.0,515.0,508.0,514.0,9700
2016/09/27,514.0,516.0,509.0,515.0,14800
2016/09/28,481.0,492.0,481.0,490.0,17700
2016/09/29,497.0,497.0,492.0,495.0,3500
2016/09/30,493.0,493.0,492.0,493.0,1700
2016/10/03,490.0,491.0,486.0,490.0,6300
2016/10/04,490.0,491.0,490.0,491.0,1300
2016/10/05,494.0,496.0,492.0,492.0,4000
2016/10/06,492.0,493.0,490.0,490.0,3100
2016/10/07,493.0,494.0,491.0,494.0,2100
2016/10/11,496.0,497.0,492.0,493.0,8300
2016/10/12,491.0,491.0,491.0,491.0,100
2016/10/13,492.0,493.0,490.0,490.0,4000
2016/10/14,491.0,492.0,491.0,491.0,800
2016/10/17,491.0,491.0,490.0,490.0,2100
2016/10/18,491.0,491.0,490.0,490.0,1200
2016/10/19,490.0,491.0,490.0,491.0,1600
2016/10/20,490.0,490.0,490.0,490.0,500
2016/10/21,490.0,490.0,486.0,486.0,6000
2016/10/24,488.0,490.0,488.0,489.0,5000
2016/10/25,488.0,493.0,488.0,492.0,5900
2016/10/26,499.0,499.0,493.0,495.0,4500
2016/10/27,503.0,503.0,496.0,496.0,2500
2016/10/28,496.0,496.0,495.0,495.0,2800
2016/10/31,495.0,498.0,490.0,496.0,11600
2016/11/01,497.0,497.0,492.0,495.0,2200
2016/11/02,497.0,497.0,495.0,496.0,1000
2016/11/04,492.0,495.0,490.0,490.0,2300
2016/11/07,492.0,492.0,492.0,492.0,100
2016/11/08,497.0,497.0,495.0,496.0,3800
2016/11/09,497.0,497.0,491.0,492.0,4300
2016/11/10,498.0,498.0,495.0,495.0,10500
2016/11/11,500.0,501.0,496.0,501.0,2900
2016/11/14,499.0,509.0,495.0,495.0,6600
2016/11/15,506.0,506.0,500.0,500.0,2100
2016/11/16,501.0,501.0,500.0,500.0,1600
2016/11/17,501.0,501.0,500.0,500.0,1400
2016/11/18,502.0,502.0,498.0,498.0,2500
2016/11/21,498.0,499.0,498.0,499.0,1700
2016/11/22,500.0,500.0,497.0,497.0,5000
2016/11/24,496.0,499.0,496.0,497.0,3100
2016/11/25,495.0,497.0,495.0,496.0,2600
2016/11/28,497.0,500.0,497.0,498.0,2800
2016/11/29,497.0,497.0,497.0,497.0,1200
2016/11/30,496.0,499.0,496.0,498.0,5000
2016/12/01,498.0,500.0,495.0,496.0,11500
2016/12/02,500.0,500.0,498.0,498.0,1400
2016/12/05,498.0,498.0,495.0,495.0,9300
2016/12/06,496.0,499.0,496.0,499.0,3300
2016/12/07,499.0,501.0,499.0,499.0,11400
2016/12/08,501.0,501.0,499.0,499.0,4400
2016/12/09,499.0,499.0,497.0,499.0,3200
2016/12/12,499.0,500.0,494.0,496.0,16000
2016/12/13,499.0,500.0,496.0,497.0,7900
2016/12/14,497.0,499.0,497.0,499.0,3300
2016/12/15,497.0,500.0,497.0,497.0,5500
2016/12/16,496.0,500.0,496.0,497.0,6500
2016/12/19,496.0,499.0,496.0,496.0,6800
2016/12/20,499.0,500.0,498.0,499.0,3400
2016/12/21,499.0,499.0,497.0,498.0,4400
2016/12/22,499.0,499.0,496.0,496.0,5800
2016/12/26,496.0,499.0,496.0,498.0,7500
2016/12/27,499.0,501.0,499.0,500.0,3900
2016/12/28,508.0,508.0,499.0,499.0,1800
2016/12/29,501.0,501.0,498.0,500.0,2800
2016/12/30,500.0,505.0,500.0,503.0,3700
2017/01/04,508.0,515.0,507.0,511.0,13000
2017/01/05,512.0,515.0,507.0,512.0,12500
2017/01/06,516.0,525.0,515.0,525.0,25300
2017/01/10,527.0,532.0,525.0,525.0,33100
2017/01/11,525.0,525.0,520.0,520.0,3100
2017/01/12,530.0,530.0,521.0,521.0,3900
2017/01/13,529.0,529.0,520.0,520.0,5400
2017/01/16,525.0,525.0,520.0,520.0,5000
2017/01/17,516.0,516.0,514.0,514.0,7900
2017/01/18,511.0,515.0,508.0,513.0,8100
2017/01/19,516.0,516.0,510.0,510.0,2700
2017/01/20,516.0,517.0,507.0,517.0,5000
2017/01/23,508.0,514.0,507.0,507.0,6500
2017/01/24,507.0,516.0,506.0,506.0,9100
2017/01/25,510.0,510.0,505.0,505.0,5800
2017/01/26,508.0,509.0,504.0,508.0,11300
2017/01/27,505.0,505.0,505.0,505.0,100
2017/01/30,509.0,509.0,509.0,509.0,3200
2017/01/31,506.0,507.0,499.0,500.0,28500
2017/02/01,501.0,504.0,498.0,501.0,11400
2017/02/02,511.0,511.0,499.0,499.0,14800
2017/02/03,502.0,503.0,498.0,503.0,8000
2017/02/06,504.0,504.0,499.0,499.0,7800
2017/02/07,499.0,499.0,497.0,497.0,17500
2017/02/08,502.0,502.0,500.0,501.0,3000
2017/02/09,502.0,506.0,502.0,505.0,3000
2017/02/10,505.0,505.0,504.0,504.0,8400
2017/02/13,505.0,506.0,502.0,502.0,4000
2017/02/14,503.0,509.0,503.0,507.0,2200
2017/02/15,510.0,510.0,502.0,507.0,6700
2017/02/16,511.0,513.0,507.0,507.0,2800
2017/02/17,509.0,509.0,508.0,508.0,1300
2017/02/20,508.0,513.0,508.0,508.0,1900
2017/02/21,513.0,517.0,513.0,516.0,6600
2017/02/22,516.0,516.0,513.0,513.0,2400
2017/02/23,513.0,513.0,512.0,512.0,3200
2017/02/24,513.0,513.0,510.0,511.0,5500
2017/02/27,511.0,513.0,510.0,513.0,7600
2017/02/28,514.0,516.0,513.0,516.0,8300
2017/03/01,518.0,518.0,516.0,516.0,5300
2017/03/02,516.0,516.0,511.0,513.0,8400
2017/03/03,515.0,515.0,514.0,515.0,4200
2017/03/06,518.0,520.0,517.0,517.0,8500
2017/03/07,518.0,519.0,517.0,517.0,7500
2017/03/08,518.0,518.0,516.0,516.0,8300
2017/03/09,516.0,521.0,516.0,521.0,6800
2017/03/10,523.0,523.0,519.0,522.0,14000
2017/03/13,521.0,524.0,520.0,521.0,14300
2017/03/14,521.0,524.0,521.0,522.0,5200
2017/03/15,521.0,523.0,519.0,519.0,12200
2017/03/16,519.0,521.0,519.0,519.0,5700
2017/03/17,519.0,523.0,519.0,520.0,6900
2017/03/21,520.0,524.0,520.0,522.0,4800
2017/03/22,520.0,528.0,520.0,525.0,11100
2017/03/23,530.0,530.0,523.0,523.0,12600
2017/03/24,524.0,532.0,524.0,530.0,10100
2017/03/27,530.0,535.0,529.0,529.0,18400
2017/03/28,529.0,537.0,525.0,537.0,60900
2017/03/29,515.0,521.0,507.0,507.0,37000
2017/03/30,507.0,511.0,503.0,510.0,8700
2017/03/31,510.0,510.0,503.0,504.0,5200
2017/04/03,504.0,511.0,503.0,503.0,6300
2017/04/04,510.0,510.0,502.0,503.0,1300
2017/04/05,505.0,506.0,503.0,503.0,2400
2017/04/06,503.0,504.0,500.0,500.0,6300
2017/04/07,509.0,509.0,499.0,506.0,5300
2017/04/10,510.0,511.0,505.0,505.0,8100
2017/04/11,500.0,504.0,500.0,504.0,1500
2017/04/12,501.0,512.0,501.0,512.0,3300
2017/04/13,502.0,505.0,501.0,502.0,1500
2017/04/14,500.0,509.0,500.0,509.0,2400
2017/04/17,503.0,507.0,501.0,502.0,3300
2017/04/18,500.0,506.0,500.0,505.0,6000
2017/04/19,505.0,508.0,505.0,508.0,1900
2017/04/20,505.0,508.0,505.0,508.0,2600
2017/04/21,507.0,507.0,507.0,507.0,1000
2017/04/24,502.0,508.0,500.0,507.0,4300
2017/04/25,509.0,510.0,508.0,508.0,2000
2017/04/26,509.0,509.0,509.0,509.0,2200
2017/04/27,510.0,510.0,509.0,509.0,1800
2017/04/28,510.0,515.0,510.0,514.0,4100
2017/05/01,515.0,520.0,514.0,520.0,3500
2017/05/02,520.0,520.0,513.0,515.0,6300
2017/05/08,517.0,520.0,516.0,519.0,3800
2017/05/09,516.0,520.0,515.0,518.0,5200
2017/05/10,523.0,618.0,514.0,530.0,230900
2017/05/11,558.0,559.0,533.0,533.0,34000
2017/05/12,553.0,553.0,531.0,531.0,16700
2017/05/15,526.0,531.0,520.0,525.0,8700
2017/05/16,527.0,531.0,527.0,529.0,7900
2017/05/17,525.0,530.0,525.0,527.0,5600
2017/05/18,526.0,529.0,526.0,528.0,2100
2017/05/19,526.0,529.0,525.0,529.0,1800
2017/05/22,528.0,529.0,526.0,527.0,3700
2017/05/23,529.0,530.0,527.0,527.0,3500
2017/05/24,527.0,606.0,527.0,540.0,185800
2017/05/25,540.0,540.0,532.0,532.0,8900
2017/05/26,534.0,534.0,533.0,533.0,3800
2017/05/29,534.0,537.0,532.0,533.0,3800
2017/05/30,532.0,543.0,532.0,536.0,1900
2017/05/31,540.0,541.0,534.0,539.0,4300
2017/06/01,537.0,541.0,537.0,539.0,7000
2017/06/02,539.0,549.0,539.0,542.0,10200
2017/06/05,543.0,548.0,542.0,543.0,3200
2017/06/06,543.0,544.0,536.0,540.0,6600
2017/06/07,537.0,540.0,537.0,539.0,2200
2017/06/08,539.0,548.0,539.0,548.0,2600
2017/06/09,547.0,549.0,543.0,549.0,1900
2017/06/12,529.0,539.0,528.0,534.0,29200
2017/06/13,532.0,536.0,532.0,535.0,2200
2017/06/14,538.0,543.0,536.0,540.0,4300
2017/06/15,540.0,543.0,539.0,540.0,3900
2017/06/16,541.0,547.0,540.0,540.0,4200
2017/06/19,542.0,543.0,542.0,543.0,3400
2017/06/20,540.0,543.0,536.0,536.0,14300
2017/06/21,543.0,543.0,538.0,543.0,2600
2017/06/22,536.0,540.0,536.0,540.0,2400
2017/06/23,543.0,543.0,540.0,540.0,2700
2017/06/26,542.0,542.0,539.0,539.0,3200
2017/06/27,542.0,543.0,539.0,539.0,1900
2017/06/28,539.0,541.0,539.0,540.0,3100
2017/06/29,538.0,542.0,538.0,540.0,1600
2017/06/30,540.0,543.0,540.0,543.0,5800
2017/07/03,544.0,546.0,538.0,538.0,6200
2017/07/04,545.0,545.0,541.0,541.0,3700
2017/07/05,542.0,546.0,540.0,543.0,4000
2017/07/06,547.0,550.0,544.0,549.0,7800
2017/07/07,549.0,554.0,549.0,554.0,6200
2017/07/10,575.0,575.0,556.0,556.0,22900
2017/07/11,552.0,556.0,550.0,552.0,7000
2017/07/12,554.0,560.0,554.0,560.0,4700
2017/07/13,565.0,565.0,551.0,564.0,11300
2017/07/14,560.0,568.0,560.0,562.0,3600
2017/07/18,564.0,570.0,564.0,566.0,8600
2017/07/19,567.0,569.0,567.0,567.0,4800
2017/07/20,565.0,568.0,557.0,557.0,9000
2017/07/21,557.0,559.0,557.0,557.0,1100
2017/07/24,560.0,561.0,559.0,559.0,3000
2017/07/25,565.0,569.0,564.0,569.0,2000
2017/07/26,569.0,569.0,565.0,565.0,2600
2017/07/27,565.0,565.0,564.0,564.0,1000
2017/07/28,563.0,564.0,561.0,564.0,5600
2017/07/31,564.0,569.0,563.0,565.0,5500
2017/08/01,563.0,566.0,563.0,563.0,6900
2017/08/02,564.0,571.0,564.0,571.0,3400
2017/08/03,572.0,573.0,570.0,570.0,1600
2017/08/04,570.0,575.0,570.0,572.0,2700
2017/08/07,576.0,576.0,572.0,573.0,4300
2017/08/08,574.0,576.0,573.0,574.0,3200
2017/08/09,574.0,575.0,573.0,575.0,4200
2017/08/10,573.0,577.0,573.0,573.0,9800
2017/08/14,566.0,574.0,566.0,574.0,2600
2017/08/15,571.0,578.0,567.0,569.0,8400
2017/08/16,568.0,571.0,567.0,567.0,4300
2017/08/17,570.0,571.0,566.0,566.0,7000
2017/08/18,572.0,572.0,569.0,571.0,3400
2017/08/21,570.0,575.0,570.0,574.0,2800
2017/08/22,574.0,575.0,574.0,574.0,2900
2017/08/23,575.0,585.0,575.0,583.0,12000
2017/08/24,585.0,587.0,580.0,580.0,5400
2017/08/25,586.0,586.0,585.0,585.0,2500
2017/08/28,585.0,590.0,585.0,590.0,1300
2017/08/29,598.0,600.0,591.0,597.0,7500
2017/08/30,597.0,599.0,591.0,591.0,5700
2017/08/31,591.0,598.0,589.0,589.0,10400
2017/09/01,593.0,597.0,592.0,595.0,4700
2017/09/04,599.0,599.0,588.0,599.0,6700
2017/09/05,590.0,590.0,560.0,568.0,16200
2017/09/06,561.0,591.0,561.0,580.0,10600
2017/09/07,577.0,583.0,577.0,583.0,1400
2017/09/08,581.0,586.0,581.0,586.0,5000
2017/09/11,593.0,593.0,581.0,581.0,8200
2017/09/12,588.0,589.0,587.0,587.0,2500
2017/09/13,587.0,598.0,586.0,598.0,15100
2017/09/14,600.0,612.0,600.0,605.0,29500
2017/09/15,505.0,505.0,505.0,505.0,24400
2017/09/19,461.0,474.0,451.0,467.0,461600
2017/09/20,465.0,468.0,462.0,466.0,104900
2017/09/21,468.0,469.0,461.0,461.0,63100
2017/09/22,462.0,464.0,458.0,461.0,43700
2017/09/25,461.0,461.0,458.0,459.0,29700
2017/09/26,461.0,461.0,456.0,456.0,46400
2017/09/27,460.0,461.0,455.0,460.0,24800
2017/09/28,460.0,461.0,456.0,456.0,18200
2017/09/29,458.0,464.0,456.0,462.0,28100
2017/10/02,460.0,462.0,459.0,460.0,26000
2017/10/03,462.0,470.0,460.0,467.0,56000
2017/10/04,478.0,493.0,473.0,492.0,123700
2017/10/05,484.0,486.0,471.0,471.0,61400
2017/10/06,472.0,476.0,465.0,467.0,22400
2017/10/10,467.0,468.0,462.0,465.0,15800
2017/10/11,471.0,471.0,462.0,463.0,15100
2017/10/12,465.0,465.0,462.0,462.0,9200
2017/10/13,462.0,465.0,460.0,460.0,18400
2017/10/16,461.0,463.0,457.0,458.0,41400
2017/10/17,459.0,459.0,455.0,457.0,21500
2017/10/18,453.0,457.0,453.0,454.0,27800
2017/10/19,454.0,455.0,452.0,452.0,22800
2017/10/20,452.0,455.0,451.0,452.0,9600
2017/10/23,452.0,455.0,451.0,455.0,19200
2017/10/24,455.0,455.0,451.0,453.0,12800
2017/10/25,455.0,455.0,451.0,451.0,18900
2017/10/26,453.0,453.0,450.0,451.0,17200
2017/10/27,451.0,453.0,450.0,452.0,20900
2017/10/30,452.0,454.0,451.0,453.0,17300
2017/10/31,454.0,455.0,451.0,455.0,11100
2017/11/01,452.0,456.0,452.0,453.0,16600
2017/11/02,452.0,457.0,452.0,454.0,15400
2017/11/06,453.0,453.0,450.0,451.0,19800
2017/11/07,451.0,453.0,449.0,450.0,30800
2017/11/08,450.0,452.0,448.0,449.0,24800
2017/11/09,450.0,450.0,447.0,447.0,26800
2017/11/10,446.0,449.0,446.0,449.0,19300
2017/11/13,448.0,449.0,447.0,448.0,7700
2017/11/14,448.0,453.0,444.0,445.0,51400
2017/11/15,443.0,448.0,442.0,446.0,15700
2017/11/16,443.0,445.0,442.0,442.0,11900
2017/11/17,441.0,441.0,436.0,437.0,26800
2017/11/20,438.0,439.0,434.0,435.0,12900
2017/11/21,435.0,435.0,432.0,433.0,16100
2017/11/22,433.0,436.0,432.0,433.0,17100
2017/11/24,437.0,437.0,432.0,433.0,15000
2017/11/27,433.0,434.0,432.0,434.0,13700
2017/11/28,435.0,435.0,432.0,433.0,5200
2017/11/29,433.0,435.0,432.0,432.0,14200
2017/11/30,432.0,433.0,431.0,433.0,29600
2017/12/01,431.0,432.0,427.0,429.0,62400
2017/12/04,425.0,426.0,420.0,420.0,85100
2017/12/05,418.0,418.0,406.0,406.0,83200
2017/12/06,402.0,403.0,399.0,401.0,68500
2017/12/07,402.0,404.0,400.0,401.0,25400
2017/12/08,401.0,406.0,399.0,404.0,33600
2017/12/11,410.0,410.0,406.0,407.0,28600
2017/12/12,405.0,405.0,402.0,404.0,18900
2017/12/13,402.0,402.0,400.0,401.0,30800
2017/12/14,402.0,404.0,401.0,401.0,24600
2017/12/15,401.0,403.0,400.0,401.0,26500
2017/12/18,400.0,401.0,399.0,399.0,19000
2017/12/19,399.0,400.0,398.0,398.0,25800
2017/12/20,398.0,400.0,398.0,398.0,29900
2017/12/21,399.0,400.0,398.0,398.0,14500
2017/12/22,398.0,398.0,396.0,396.0,20600
2017/12/25,396.0,396.0,388.0,389.0,104600
2017/12/26,387.0,389.0,360.0,366.0,257900
2017/12/27,368.0,368.0,361.0,366.0,37300
2017/12/28,364.0,365.0,358.0,361.0,37400
2017/12/29,363.0,364.0,362.0,364.0,12300
2018/01/04,364.0,368.0,364.0,368.0,29700
2018/01/05,370.0,374.0,368.0,370.0,35600
2018/01/09,374.0,396.0,374.0,392.0,50300
2018/01/10,384.0,388.0,380.0,382.0,38700
2018/01/11,382.0,395.0,382.0,390.0,17800
2018/01/12,390.0,391.0,385.0,391.0,14700
2018/01/15,391.0,398.0,391.0,395.0,15600
2018/01/16,395.0,395.0,393.0,395.0,17600
2018/01/17,397.0,397.0,393.0,394.0,10100
2018/01/18,394.0,396.0,394.0,394.0,12300
2018/01/19,397.0,397.0,394.0,396.0,7300
2018/01/22,396.0,400.0,395.0,396.0,10500
2018/01/23,396.0,396.0,393.0,395.0,11600
2018/01/24,394.0,395.0,393.0,394.0,6900
2018/01/25,395.0,396.0,393.0,394.0,5700
2018/01/26,394.0,396.0,393.0,393.0,6400
2018/01/29,393.0,396.0,392.0,394.0,10900
2018/01/30,396.0,396.0,392.0,396.0,5800
2018/01/31,390.0,394.0,390.0,393.0,14200
2018/02/01,390.0,394.0,390.0,390.0,8600
2018/02/02,391.0,391.0,380.0,385.0,20400
2018/02/05,378.0,388.0,378.0,380.0,12200
2018/02/06,364.0,372.0,361.0,366.0,30700
2018/02/07,372.0,372.0,368.0,370.0,14500
2018/02/08,368.0,372.0,367.0,371.0,8100
2018/02/09,362.0,374.0,362.0,374.0,13900
2018/02/13,373.0,382.0,371.0,372.0,15200
2018/02/14,372.0,376.0,366.0,368.0,7100
2018/02/15,371.0,371.0,368.0,371.0,5200
2018/02/16,373.0,374.0,373.0,374.0,1400
2018/02/19,374.0,374.0,371.0,372.0,5300
2018/02/20,373.0,378.0,373.0,378.0,15000
2018/02/21,377.0,380.0,375.0,380.0,4600
2018/02/22,380.0,382.0,378.0,382.0,4100
2018/02/23,385.0,395.0,385.0,387.0,8300
2018/02/26,385.0,385.0,380.0,381.0,10200
2018/02/27,392.0,397.0,390.0,392.0,12500
2018/02/28,396.0,396.0,391.0,395.0,4500
2018/03/01,399.0,399.0,394.0,398.0,21400
2018/03/02,397.0,411.0,396.0,401.0,38200
2018/03/05,407.0,408.0,400.0,401.0,22700
2018/03/06,402.0,402.0,399.0,399.0,5400
2018/03/07,401.0,401.0,381.0,397.0,25700
2018/03/08,395.0,395.0,387.0,387.0,11000
2018/03/09,399.0,399.0,390.0,395.0,17300
2018/03/12,395.0,395.0,389.0,391.0,12000
2018/03/13,387.0,389.0,386.0,388.0,5200
2018/03/14,388.0,389.0,387.0,387.0,5400
2018/03/15,385.0,387.0,383.0,383.0,10700
2018/03/16,383.0,383.0,378.0,379.0,9500
2018/03/19,383.0,385.0,379.0,385.0,17900
2018/03/20,381.0,381.0,370.0,377.0,24300
2018/03/22,375.0,376.0,369.0,370.0,10600
2018/03/23,360.0,364.0,356.0,358.0,44100
2018/03/26,358.0,358.0,351.0,354.0,33800
2018/03/27,355.0,364.0,355.0,360.0,20600
2018/03/28,356.0,362.0,353.0,362.0,6400
2018/03/29,363.0,364.0,363.0,364.0,2900
2018/03/30,364.0,367.0,361.0,362.0,7600
2018/04/02,362.0,368.0,362.0,365.0,11700
2018/04/03,363.0,363.0,360.0,360.0,7600
2018/04/04,361.0,364.0,358.0,364.0,9600
2018/04/05,364.0,364.0,359.0,361.0,3000
2018/04/06,362.0,363.0,361.0,361.0,5800
2018/04/09,361.0,362.0,360.0,362.0,4700
2018/04/10,364.0,364.0,361.0,362.0,8100
2018/04/11,361.0,365.0,361.0,361.0,3900
2018/04/12,362.0,364.0,360.0,360.0,6200
2018/04/13,361.0,362.0,357.0,358.0,8800
2018/04/16,359.0,361.0,356.0,357.0,5600
2018/04/17,357.0,357.0,355.0,355.0,2800
2018/04/18,356.0,360.0,354.0,358.0,5000
2018/04/19,357.0,360.0,354.0,354.0,10700
2018/04/20,353.0,355.0,353.0,355.0,6400
2018/04/23,355.0,357.0,353.0,357.0,1400
2018/04/24,355.0,356.0,351.0,351.0,10100
2018/04/25,351.0,355.0,351.0,351.0,5800
2018/04/26,352.0,355.0,351.0,355.0,5300
2018/04/27,354.0,357.0,353.0,357.0,9600
2018/05/01,357.0,357.0,353.0,353.0,5000
2018/05/02,354.0,358.0,353.0,354.0,4000
2018/05/07,355.0,355.0,353.0,355.0,3600
2018/05/08,356.0,360.0,355.0,358.0,4700
2018/05/09,360.0,360.0,357.0,360.0,7200
2018/05/10,362.0,362.0,357.0,361.0,10400
2018/05/11,356.0,360.0,356.0,358.0,7300
2018/05/14,357.0,358.0,357.0,357.0,4600
2018/05/15,362.0,362.0,356.0,356.0,7600
2018/05/16,357.0,357.0,355.0,355.0,5100
2018/05/17,355.0,355.0,352.0,352.0,5900
2018/05/18,353.0,353.0,352.0,353.0,2500
2018/05/21,355.0,359.0,354.0,354.0,3100
2018/05/22,353.0,356.0,351.0,356.0,9400
2018/05/23,354.0,354.0,351.0,351.0,6100
2018/05/24,354.0,355.0,351.0,352.0,4300
2018/05/25,355.0,355.0,351.0,351.0,2200
2018/05/28,351.0,351.0,350.0,350.0,9100
2018/05/29,350.0,353.0,350.0,350.0,1500
2018/05/30,350.0,350.0,329.0,344.0,34200
2018/05/31,347.0,347.0,337.0,341.0,4300
2018/06/01,336.0,340.0,330.0,330.0,20400
2018/06/04,333.0,335.0,332.0,333.0,8800
2018/06/05,331.0,337.0,331.0,334.0,7600
2018/06/06,335.0,337.0,331.0,335.0,9600
2018/06/07,335.0,335.0,331.0,331.0,3200
2018/06/08,331.0,335.0,331.0,335.0,6700
2018/06/11,337.0,337.0,331.0,333.0,20100
2018/06/12,330.0,333.0,330.0,332.0,10300
2018/06/13,331.0,335.0,331.0,332.0,4900
2018/06/14,335.0,335.0,331.0,331.0,6000
2018/06/15,331.0,332.0,331.0,332.0,7300
2018/06/18,333.0,335.0,331.0,333.0,11500
2018/06/19,331.0,332.0,331.0,331.0,3700
2018/06/20,330.0,331.0,327.0,327.0,49300
2018/06/21,327.0,327.0,313.0,313.0,56500
2018/06/22,314.0,322.0,291.0,293.0,59700
2018/06/25,292.0,301.0,280.0,283.0,58200
2018/06/26,289.0,293.0,285.0,287.0,8500
2018/06/27,288.0,291.0,285.0,285.0,7700
2018/06/28,287.0,288.0,282.0,284.0,5300
2018/06/29,286.0,286.0,281.0,282.0,10800
2018/07/02,282.0,283.0,273.0,273.0,30300
2018/07/03,273.0,280.0,271.0,272.0,11800
2018/07/04,273.0,278.0,272.0,276.0,7300
2018/07/05,277.0,279.0,274.0,276.0,9900
2018/07/06,277.0,278.0,272.0,278.0,6900
2018/07/09,275.0,277.0,275.0,276.0,10800
2018/07/10,274.0,277.0,271.0,271.0,22800
2018/07/11,271.0,275.0,271.0,272.0,2500
2018/07/12,272.0,274.0,270.0,270.0,11000
2018/07/13,274.0,274.0,270.0,272.0,9200
2018/07/17,271.0,273.0,269.0,272.0,22700
2018/07/18,270.0,270.0,266.0,267.0,16800
2018/07/19,267.0,270.0,266.0,267.0,8000
2018/07/20,267.0,268.0,264.0,265.0,17700
2018/07/23,266.0,266.0,263.0,264.0,9500
2018/07/24,265.0,266.0,260.0,261.0,19900
2018/07/25,262.0,268.0,259.0,260.0,32300
2018/07/26,260.0,264.0,260.0,263.0,9100
2018/07/27,261.0,266.0,261.0,265.0,11900
2018/07/30,267.0,268.0,265.0,268.0,13200
2018/07/31,268.0,270.0,267.0,270.0,11200
2018/08/01,269.0,269.0,263.0,263.0,11000
2018/08/02,265.0,270.0,265.0,267.0,22000
2018/08/03,267.0,270.0,267.0,268.0,6400
2018/08/06,269.0,278.0,269.0,278.0,13100
2018/08/07,279.0,280.0,272.0,273.0,22100
2018/08/08,278.0,280.0,274.0,277.0,12000
2018/08/09,275.0,281.0,274.0,281.0,8700
2018/08/10,282.0,286.0,277.0,277.0,16400
2018/08/13,278.0,278.0,271.0,273.0,13100
2018/08/14,273.0,279.0,273.0,274.0,5200
2018/08/15,275.0,275.0,274.0,275.0,2300
2018/08/16,275.0,275.0,274.0,275.0,3300
2018/08/17,278.0,281.0,275.0,276.0,12300
2018/08/20,274.0,275.0,274.0,275.0,400
2018/08/21,275.0,275.0,273.0,273.0,1300
2018/08/22,272.0,279.0,270.0,270.0,7300
2018/08/23,270.0,274.0,270.0,274.0,4600
2018/08/24,276.0,276.0,272.0,274.0,4000
2018/08/27,275.0,276.0,272.0,276.0,3500
2018/08/28,277.0,277.0,273.0,275.0,1500
2018/08/29,273.0,275.0,273.0,275.0,2100
2018/08/30,275.0,275.0,272.0,273.0,4800
2018/08/31,272.0,275.0,270.0,275.0,6800
2018/09/03,273.0,273.0,270.0,270.0,11400
2018/09/04,267.0,270.0,267.0,267.0,9100
2018/09/05,268.0,275.0,266.0,271.0,2600
2018/09/06,270.0,270.0,259.0,260.0,18600
2018/09/07,262.0,263.0,260.0,263.0,42200
2018/09/10,267.0,299.0,262.0,275.0,125800
2018/09/11,273.0,274.0,264.0,269.0,7600
2018/09/12,270.0,270.0,267.0,270.0,5800
2018/09/13,269.0,271.0,264.0,264.0,5000
2018/09/14,262.0,266.0,262.0,265.0,15800
2018/09/18,264.0,267.0,264.0,265.0,16700
2018/09/19,266.0,290.0,266.0,286.0,115600
2018/09/20,288.0,305.0,286.0,289.0,75400
2018/09/21,292.0,300.0,289.0,300.0,59100
2018/09/25,299.0,318.0,296.0,301.0,111400
2018/09/26,301.0,317.0,301.0,317.0,55700
2018/09/27,315.0,330.0,312.0,324.0,67800
2018/09/28,321.0,323.0,304.0,313.0,53100
2018/10/01,305.0,305.0,296.0,298.0,49100
2018/10/02,298.0,298.0,292.0,292.0,48300
2018/10/03,291.0,295.0,283.0,294.0,46600
2018/10/04,290.0,294.0,286.0,292.0,31600
2018/10/05,288.0,289.0,282.0,282.0,19700
2018/10/09,283.0,283.0,281.0,283.0,13300
2018/10/10,289.0,290.0,282.0,290.0,33200
2018/10/11,280.0,282.0,270.0,277.0,42100
2018/10/12,272.0,288.0,272.0,288.0,20200
2018/10/15,288.0,288.0,282.0,282.0,7900
2018/10/16,282.0,287.0,281.0,281.0,6600
2018/10/17,284.0,289.0,283.0,285.0,9200
2018/10/18,288.0,289.0,285.0,289.0,12300
2018/10/19,288.0,288.0,282.0,283.0,3000
2018/10/22,286.0,287.0,283.0,287.0,4900
2018/10/23,288.0,288.0,283.0,283.0,6200
2018/10/24,282.0,286.0,278.0,281.0,13500
2018/10/25,273.0,275.0,268.0,268.0,28700
2018/10/26,270.0,274.0,266.0,266.0,9900
2018/10/29,269.0,283.0,269.0,272.0,24000
2018/10/30,272.0,280.0,268.0,280.0,17000
2018/10/31,251.0,264.0,231.0,240.0,138300
2018/11/01,240.0,242.0,218.0,222.0,91200
2018/11/02,224.0,228.0,217.0,224.0,30300
2018/11/05,224.0,225.0,220.0,221.0,18300
2018/11/06,223.0,223.0,218.0,218.0,31800
2018/11/07,220.0,223.0,219.0,220.0,17200
2018/11/08,221.0,224.0,220.0,222.0,15700
2018/11/09,222.0,227.0,220.0,227.0,34200
2018/11/12,225.0,225.0,218.0,220.0,34600
2018/11/13,218.0,220.0,217.0,218.0,17900
2018/11/14,219.0,219.0,208.0,213.0,42000
2018/11/15,211.0,211.0,194.0,196.0,66800
2018/11/16,197.0,201.0,191.0,196.0,38100
2018/11/19,191.0,191.0,185.0,185.0,53900
2018/11/20,185.0,185.0,180.0,184.0,46300
2018/11/21,182.0,185.0,179.0,185.0,38000
2018/11/22,185.0,185.0,182.0,185.0,16600
2018/11/26,185.0,194.0,182.0,193.0,54200
2018/11/27,193.0,193.0,190.0,193.0,13100
2018/11/28,190.0,192.0,187.0,188.0,16200
2018/11/29,190.0,190.0,184.0,187.0,33900
2018/11/30,186.0,187.0,182.0,183.0,39300
2018/12/03,183.0,187.0,183.0,185.0,27300
2018/12/04,185.0,185.0,183.0,184.0,31100
2018/12/05,183.0,184.0,182.0,183.0,19600
2018/12/06,183.0,183.0,180.0,181.0,18100
2018/12/07,180.0,183.0,180.0,183.0,22100
2018/12/10,184.0,184.0,180.0,181.0,42300
2018/12/11,183.0,183.0,180.0,181.0,21400
2018/12/12,180.0,181.0,179.0,179.0,21400
2018/12/13,180.0,180.0,178.0,179.0,21400
2018/12/14,178.0,179.0,172.0,172.0,30700
2018/12/17,172.0,173.0,162.0,162.0,50600
2018/12/18,162.0,165.0,152.0,156.0,62400
2018/12/19,156.0,158.0,149.0,150.0,38100
2018/12/20,148.0,148.0,144.0,144.0,32900
2018/12/21,143.0,143.0,129.0,134.0,83800
2018/12/25,135.0,164.0,135.0,143.0,1577300
2018/12/26,148.0,148.0,137.0,138.0,189300
2018/12/27,143.0,149.0,139.0,141.0,70800
2018/12/28,138.0,140.0,121.0,129.0,88000
2019/01/04,125.0,129.0,122.0,128.0,25600
2019/01/07,130.0,135.0,130.0,135.0,18000
2019/01/08,135.0,138.0,134.0,137.0,21100
2019/01/09,140.0,186.0,140.0,177.0,6395800
2019/01/10,201.0,227.0,186.0,193.0,6829200
2019/01/11,198.0,240.0,186.0,240.0,4783100
2019/01/15,225.0,256.0,217.0,217.0,3962600
2019/01/16,235.0,295.0,233.0,258.0,3957100
2019/01/17,290.0,299.0,252.0,269.0,1940700
2019/01/18,259.0,268.0,232.0,232.0,994200
2019/01/21,233.0,250.0,218.0,224.0,1274300
2019/01/22,225.0,248.0,223.0,236.0,880800
2019/01/23,236.0,239.0,215.0,215.0,586900
2019/01/24,217.0,295.0,217.0,295.0,7181900
2019/01/25,335.0,375.0,320.0,345.0,6126500
2019/01/28,321.0,349.0,274.0,275.0,2729300
2019/01/29,276.0,278.0,253.0,265.0,971000
2019/01/30,262.0,264.0,235.0,235.0,749900
2019/01/31,242.0,266.0,232.0,236.0,1704200
2019/02/01,249.0,250.0,235.0,240.0,447100
2019/02/04,244.0,255.0,241.0,247.0,380400
2019/02/05,245.0,248.0,236.0,246.0,311600
2019/02/06,244.0,254.0,241.0,248.0,257500
2019/02/07,247.0,248.0,234.0,236.0,224000
2019/02/08,231.0,232.0,220.0,224.0,216400
2019/02/12,227.0,235.0,220.0,233.0,119300
2019/02/13,226.0,242.0,221.0,242.0,284600
2019/02/14,238.0,241.0,226.0,232.0,203900
2019/02/15,228.0,231.0,223.0,223.0,133400
2019/02/18,226.0,227.0,222.0,224.0,63200
2019/02/19,223.0,224.0,220.0,221.0,49200
2019/02/20,222.0,233.0,221.0,230.0,123600
2019/02/21,231.0,231.0,218.0,225.0,164900
2019/02/22,221.0,226.0,221.0,224.0,49500
2019/02/25,225.0,229.0,221.0,225.0,81400
2019/02/26,224.0,226.0,221.0,223.0,51400
2019/02/27,223.0,223.0,219.0,221.0,45900
2019/02/28,221.0,226.0,220.0,220.0,74000
2019/03/01,225.0,227.0,220.0,222.0,82200
2019/03/04,224.0,224.0,220.0,221.0,43800
2019/03/05,220.0,220.0,215.0,220.0,71900
2019/03/06,219.0,219.0,212.0,214.0,40900
2019/03/07,214.0,217.0,213.0,213.0,22500
2019/03/08,211.0,211.0,196.0,202.0,102100
2019/03/11,210.0,210.0,197.0,200.0,74400
2019/03/12,201.0,205.0,201.0,205.0,29100
2019/03/13,208.0,210.0,203.0,210.0,46200
2019/03/14,210.0,262.0,208.0,248.0,3543800
2019/03/15,235.0,261.0,227.0,237.0,2527700
2019/03/18,230.0,233.0,225.0,233.0,331100
2019/03/19,232.0,232.0,225.0,226.0,115600
2019/03/20,229.0,230.0,222.0,225.0,101800
2019/03/22,226.0,228.0,218.0,221.0,97400
2019/03/25,221.0,221.0,216.0,219.0,90400
2019/03/26,221.0,223.0,217.0,220.0,108300
2019/03/27,216.0,224.0,216.0,221.0,93600
2019/03/28,218.0,223.0,213.0,215.0,96000
2019/03/29,220.0,220.0,211.0,212.0,63900
2019/04/01,216.0,263.0,216.0,249.0,2287700
2019/04/02,243.0,293.0,227.0,275.0,6543200
2019/04/03,265.0,267.0,235.0,238.0,2343300
2019/04/04,246.0,258.0,228.0,231.0,1330200
2019/04/05,233.0,254.0,230.0,237.0,905300
2019/04/08,237.0,242.0,231.0,232.0,241300
2019/04/09,235.0,283.0,234.0,252.0,2734300
2019/04/10,250.0,310.0,249.0,273.0,4201500
2019/04/11,274.0,295.0,259.0,261.0,1020400
2019/04/12,262.0,268.0,246.0,248.0,384400
2019/04/15,246.0,252.0,242.0,250.0,203500
2019/04/16,258.0,271.0,245.0,248.0,494900
2019/04/17,250.0,252.0,244.0,247.0,147700
2019/04/18,249.0,249.0,237.0,243.0,112300
2019/04/19,241.0,252.0,236.0,242.0,149400
2019/04/22,240.0,252.0,231.0,234.0,327600
2019/04/23,237.0,238.0,228.0,232.0,167700
2019/04/24,234.0,234.0,229.0,231.0,45700
2019/04/25,231.0,231.0,225.0,228.0,53300
2019/04/26,228.0,228.0,217.0,226.0,76900
2019/05/07,229.0,234.0,222.0,222.0,52600
2019/05/08,223.0,223.0,218.0,219.0,32500
2019/05/09,220.0,221.0,212.0,213.0,73100
2019/05/10,215.0,225.0,211.0,215.0,83900
2019/05/13,219.0,223.0,216.0,219.0,29400
2019/05/14,215.0,218.0,208.0,213.0,64600
2019/05/15,210.0,212.0,205.0,208.0,46200
2019/05/16,208.0,217.0,202.0,209.0,56000
2019/05/17,209.0,223.0,209.0,219.0,58200
2019/05/20,216.0,223.0,216.0,218.0,40100
2019/05/21,220.0,221.0,211.0,216.0,37800
2019/05/22,217.0,222.0,215.0,217.0,50800
2019/05/23,219.0,222.0,215.0,219.0,43400
2019/05/24,215.0,220.0,213.0,213.0,29200
2019/05/27,214.0,224.0,214.0,222.0,59500
2019/05/28,223.0,223.0,214.0,218.0,35000
2019/05/29,218.0,219.0,213.0,213.0,33400
2019/05/30,213.0,214.0,210.0,210.0,23300
2019/05/31,211.0,213.0,209.0,210.0,21200
2019/06/03,209.0,211.0,205.0,207.0,30200
2019/06/04,207.0,212.0,205.0,207.0,21100
2019/06/05,209.0,210.0,206.0,206.0,33400
2019/06/06,208.0,228.0,208.0,216.0,212100
2019/06/07,214.0,221.0,212.0,217.0,52600
2019/06/10,222.0,223.0,215.0,216.0,43300
2019/06/11,218.0,219.0,216.0,217.0,21900
2019/06/12,218.0,218.0,216.0,216.0,19700
2019/06/13,217.0,217.0,214.0,215.0,18600
2019/06/14,213.0,216.0,212.0,215.0,23600
2019/06/17,215.0,216.0,214.0,215.0,11600
2019/06/18,215.0,235.0,213.0,214.0,522300
2019/06/19,214.0,219.0,212.0,212.0,106000
2019/06/20,213.0,221.0,213.0,218.0,41000
2019/06/21,217.0,219.0,215.0,217.0,24700
2019/06/24,217.0,218.0,215.0,218.0,10600
2019/06/25,224.0,224.0,216.0,217.0,54100
2019/06/26,218.0,221.0,216.0,218.0,13000
2019/06/27,220.0,220.0,218.0,218.0,19400
2019/06/28,219.0,222.0,218.0,220.0,22700
2019/07/01,224.0,226.0,222.0,224.0,20100
2019/07/02,225.0,229.0,225.0,226.0,29800
2019/07/03,228.0,232.0,226.0,232.0,46400
2019/07/04,232.0,232.0,228.0,232.0,27100
2019/07/05,232.0,240.0,231.0,236.0,83500
2019/07/08,236.0,247.0,236.0,247.0,77200
2019/07/09,255.0,276.0,233.0,240.0,1341000
2019/07/10,235.0,239.0,231.0,232.0,78200
2019/07/11,230.0,234.0,230.0,233.0,25600
2019/07/12,235.0,238.0,234.0,238.0,13800
2019/07/16,234.0,240.0,234.0,240.0,14800
2019/07/17,237.0,243.0,237.0,243.0,17500
2019/07/18,245.0,245.0,237.0,238.0,49100
2019/07/19,240.0,241.0,235.0,235.0,17100
2019/07/22,232.0,238.0,230.0,234.0,16900
2019/07/23,232.0,233.0,228.0,230.0,41400
2019/07/24,230.0,230.0,226.0,227.0,25600
2019/07/25,225.0,229.0,225.0,228.0,12500
2019/07/26,225.0,229.0,225.0,225.0,9400
2019/07/29,226.0,229.0,226.0,228.0,22000
2019/07/30,230.0,230.0,226.0,226.0,19700
2019/07/31,238.0,248.0,226.0,226.0,449000
2019/08/01,226.0,226.0,216.0,220.0,63200
2019/08/02,220.0,222.0,217.0,220.0,19200
2019/08/05,215.0,218.0,213.0,213.0,21300
2019/08/06,213.0,213.0,205.0,212.0,25300
2019/08/07,213.0,213.0,207.0,209.0,13400
2019/08/08,209.0,215.0,209.0,213.0,7700
2019/08/09,214.0,221.0,212.0,216.0,20600
2019/08/13,216.0,216.0,211.0,212.0,16400
2019/08/14,212.0,214.0,210.0,214.0,7900
2019/08/15,211.0,216.0,210.0,216.0,5800
2019/08/16,213.0,216.0,212.0,213.0,14500
2019/08/19,213.0,213.0,211.0,211.0,5000
2019/08/20,211.0,212.0,208.0,208.0,22500
2019/08/21,208.0,211.0,205.0,208.0,25600
2019/08/22,207.0,207.0,202.0,205.0,35100
2019/08/23,207.0,207.0,203.0,207.0,13600
2019/08/26,205.0,205.0,201.0,203.0,16500
2019/08/27,203.0,206.0,203.0,206.0,2300
2019/08/28,204.0,205.0,201.0,204.0,12300
2019/08/29,203.0,203.0,200.0,201.0,15100
2019/08/30,202.0,204.0,202.0,202.0,3200
2019/09/02,202.0,204.0,201.0,203.0,9200
2019/09/03,203.0,204.0,202.0,204.0,10300
2019/09/04,205.0,206.0,199.0,202.0,40900
2019/09/05,201.0,201.0,191.0,200.0,77300
2019/09/06,201.0,201.0,197.0,199.0,13000
2019/09/09,199.0,201.0,197.0,201.0,12600
2019/09/10,200.0,200.0,197.0,200.0,26100
2019/09/11,199.0,200.0,195.0,199.0,16300
2019/09/12,199.0,201.0,199.0,200.0,16900
2019/09/13,200.0,201.0,195.0,198.0,35200
2019/09/17,197.0,198.0,189.0,192.0,73100
2019/09/18,190.0,191.0,188.0,188.0,30400
2019/09/19,193.0,211.0,180.0,191.0,848000
2019/09/20,190.0,190.0,184.0,186.0,103800
2019/09/24,184.0,187.0,184.0,187.0,46700
2019/09/25,187.0,187.0,184.0,185.0,40300
2019/09/26,184.0,184.0,182.0,182.0,50000
2019/09/27,180.0,182.0,178.0,178.0,24200
2019/09/30,179.0,180.0,176.0,177.0,23100
2019/10/01,179.0,194.0,174.0,176.0,250600
2019/10/02,176.0,177.0,172.0,175.0,67600
2019/10/03,177.0,177.0,173.0,174.0,59600
2019/10/04,172.0,175.0,172.0,174.0,22100
2019/10/07,173.0,174.0,170.0,171.0,36300
2019/10/08,170.0,175.0,170.0,172.0,38000
2019/10/09,170.0,173.0,169.0,172.0,58400
2019/10/10,168.0,170.0,166.0,166.0,84400
2019/10/11,166.0,167.0,161.0,162.0,82600
2019/10/15,161.0,162.0,160.0,162.0,48800
2019/10/16,164.0,164.0,161.0,163.0,42100
2019/10/17,161.0,164.0,160.0,164.0,49900
2019/10/18,162.0,163.0,162.0,163.0,19700
2019/10/21,163.0,165.0,162.0,165.0,32200
2019/10/23,164.0,173.0,164.0,170.0,198800
2019/10/24,171.0,172.0,168.0,168.0,53900
2019/10/25,178.0,202.0,174.0,186.0,4761200
2019/10/28,182.0,227.0,182.0,221.0,10611900
2019/10/29,229.0,230.0,202.0,204.0,2518900
2019/10/30,202.0,208.0,196.0,207.0,600200
2019/10/31,271.0,287.0,225.0,225.0,5525600
2019/11/01,241.0,287.0,238.0,274.0,5020100
2019/11/05,262.0,285.0,248.0,249.0,1239600
2019/11/06,265.0,265.0,230.0,232.0,787400
2019/11/07,233.0,236.0,227.0,227.0,193100
2019/11/08,227.0,240.0,221.0,223.0,392800
2019/11/11,226.0,227.0,219.0,221.0,143000
2019/11/12,223.0,223.0,217.0,221.0,95300
2019/11/13,218.0,221.0,211.0,212.0,139000
2019/11/14,214.0,218.0,213.0,215.0,95100
2019/11/15,213.0,222.0,213.0,217.0,128100
2019/11/18,216.0,217.0,210.0,213.0,132400
2019/11/19,213.0,224.0,213.0,223.0,240400
2019/11/20,223.0,223.0,211.0,212.0,264300
2019/11/21,212.0,214.0,208.0,209.0,119000
2019/11/22,209.0,210.0,208.0,208.0,67000
2019/11/25,210.0,215.0,209.0,214.0,81900
2019/11/26,215.0,219.0,214.0,219.0,161000
2019/11/27,217.0,219.0,215.0,215.0,79000
2019/11/28,218.0,218.0,213.0,216.0,29800
2019/11/29,215.0,222.0,209.0,211.0,194500
2019/12/02,211.0,216.0,211.0,216.0,48300
2019/12/03,213.0,218.0,212.0,215.0,33900
2019/12/04,213.0,215.0,212.0,212.0,19300
2019/12/05,215.0,217.0,212.0,212.0,57600
2019/12/06,213.0,215.0,213.0,213.0,17600
2019/12/09,214.0,215.0,212.0,214.0,29200
2019/12/10,215.0,221.0,214.0,217.0,93600
2019/12/11,222.0,223.0,218.0,220.0,78300
2019/12/12,218.0,222.0,217.0,221.0,65600
2019/12/13,224.0,224.0,217.0,219.0,41500
2019/12/16,219.0,222.0,218.0,220.0,33500
2019/12/17,221.0,225.0,219.0,225.0,64600
2019/12/18,223.0,226.0,220.0,220.0,47900
2019/12/19,224.0,224.0,217.0,217.0,53900
2019/12/20,219.0,219.0,216.0,217.0,16100
2019/12/23,221.0,221.0,216.0,216.0,32000
2019/12/24,219.0,219.0,210.0,212.0,55200
2019/12/25,209.0,212.0,208.0,208.0,38400
2019/12/26,212.0,212.0,207.0,208.0,260200
2019/12/27,208.0,211.0,207.0,210.0,20200
2019/12/30,210.0,211.0,209.0,210.0,23200
2020/01/06,211.0,217.0,211.0,216.0,63700
2020/01/07,217.0,219.0,214.0,218.0,89800
2020/01/08,218.0,221.0,213.0,221.0,51100
2020/01/09,221.0,225.0,219.0,220.0,89000
2020/01/10,219.0,222.0,219.0,221.0,44800
2020/01/14,224.0,225.0,220.0,225.0,46000
2020/01/15,222.0,225.0,219.0,223.0,62700
2020/01/16,224.0,224.0,222.0,223.0,15200
2020/01/17,223.0,224.0,220.0,224.0,22200
2020/01/20,222.0,224.0,221.0,221.0,17000
2020/01/21,224.0,224.0,222.0,224.0,23100
2020/01/22,222.0,224.0,222.0,222.0,21900
2020/01/23,222.0,224.0,222.0,222.0,19200
2020/01/24,222.0,223.0,218.0,221.0,51000
2020/01/27,218.0,218.0,210.0,210.0,75100
2020/01/28,211.0,216.0,208.0,216.0,32700
2020/01/29,216.0,220.0,216.0,218.0,45600
2020/01/30,219.0,219.0,213.0,216.0,50300
2020/01/31,256.0,274.0,235.0,254.0,5484600
2020/02/03,248.0,263.0,239.0,257.0,1036200
2020/02/04,249.0,257.0,242.0,257.0,582900
2020/02/05,256.0,279.0,250.0,273.0,1200000
2020/02/06,276.0,282.0,262.0,274.0,1338000
2020/02/07,271.0,272.0,250.0,250.0,963900
2020/02/10,255.0,271.0,250.0,256.0,1188700
2020/02/12,251.0,264.0,251.0,264.0,229400
2020/02/13,264.0,278.0,262.0,270.0,677100
2020/02/14,272.0,291.0,267.0,282.0,815200
2020/02/17,275.0,294.0,272.0,275.0,964100
2020/02/18,268.0,274.0,250.0,255.0,788100
2020/02/19,262.0,271.0,254.0,258.0,572200
2020/02/20,263.0,269.0,258.0,268.0,300500
2020/02/21,267.0,294.0,264.0,285.0,792900
2020/02/25,271.0,343.0,266.0,308.0,7381600
2020/02/26,305.0,334.0,287.0,331.0,3394400
2020/02/27,329.0,346.0,266.0,272.0,3935000
2020/02/28,288.0,322.0,253.0,273.0,6777700
2020/03/02,272.0,300.0,268.0,285.0,1771100
2020/03/03,287.0,300.0,272.0,296.0,1602600
2020/03/04,297.0,311.0,286.0,298.0,1828400
2020/03/05,299.0,326.0,292.0,314.0,3097700
2020/03/06,312.0,327.0,301.0,309.0,2876600
2020/03/09,303.0,308.0,276.0,277.0,1988700
2020/03/10,254.0,277.0,230.0,260.0,1988600
2020/03/11,258.0,273.0,231.0,239.0,1584600
2020/03/12,235.0,236.0,207.0,207.0,1212900
2020/03/13,194.0,194.0,165.0,172.0,1321100
2020/03/16,182.0,196.0,178.0,184.0,854300
2020/03/17,177.0,207.0,172.0,202.0,920900
2020/03/18,202.0,219.0,193.0,200.0,615800
2020/03/19,202.0,211.0,196.0,211.0,510200
2020/03/23,205.0,215.0,205.0,211.0,452800
2020/03/24,216.0,223.0,211.0,213.0,361000
2020/03/25,226.0,233.0,217.0,226.0,348500
2020/03/26,219.0,254.0,217.0,245.0,1458500
2020/03/27,246.0,266.0,239.0,251.0,1153800
2020/03/30,253.0,293.0,253.0,286.0,2376000
2020/03/31,278.0,296.0,266.0,277.0,1353500
2020/04/01,274.0,278.0,262.0,268.0,546600
2020/04/02,264.0,272.0,253.0,255.0,486700
2020/04/03,262.0,262.0,235.0,243.0,457000
2020/04/06,248.0,279.0,245.0,272.0,1159200
2020/04/07,269.0,277.0,260.0,273.0,738100
2020/04/08,280.0,292.0,266.0,284.0,1060700
2020/04/09,290.0,317.0,286.0,313.0,1907400
2020/04/10,350.0,393.0,343.0,393.0,6376200
2020/04/13,430.0,466.0,397.0,404.0,7222700
2020/04/14,384.0,427.0,369.0,409.0,2431800
2020/04/15,406.0,422.0,388.0,393.0,1119900
2020/04/16,386.0,412.0,371.0,390.0,2032700
2020/04/17,398.0,404.0,376.0,381.0,716300
2020/04/20,378.0,395.0,372.0,388.0,566900
2020/04/21,384.0,390.0,348.0,360.0,554100
2020/04/22,353.0,422.0,352.0,401.0,2108300
2020/04/23,408.0,440.0,408.0,417.0,2125500
2020/04/24,423.0,424.0,382.0,392.0,969400
2020/04/27,407.0,410.0,393.0,393.0,402700
2020/04/28,389.0,389.0,368.0,373.0,471300
2020/04/30,380.0,383.0,368.0,372.0,310800
2020/05/01,360.0,377.0,353.0,372.0,361100
2020/05/07,377.0,394.0,377.0,379.0,338100
2020/05/08,379.0,386.0,361.0,365.0,273000
2020/05/11,369.0,372.0,343.0,346.0,293000
2020/05/12,344.0,358.0,341.0,354.0,168700
2020/05/13,346.0,358.0,339.0,346.0,272400
2020/05/14,306.0,317.0,287.0,292.0,751700
2020/05/15,298.0,298.0,280.0,283.0,267200
2020/05/18,280.0,280.0,272.0,280.0,209600
2020/05/19,282.0,285.0,275.0,275.0,141500
2020/05/20,275.0,275.0,266.0,268.0,199800
2020/05/21,272.0,280.0,268.0,270.0,231300
2020/05/22,278.0,278.0,264.0,267.0,159900
2020/05/25,271.0,275.0,267.0,273.0,140000
2020/05/26,271.0,272.0,260.0,263.0,256800
2020/05/27,261.0,271.0,256.0,270.0,168900
2020/05/28,271.0,287.0,268.0,274.0,324000
2020/05/29,273.0,278.0,271.0,273.0,110300
2020/06/01,278.0,285.0,274.0,276.0,172900
2020/06/02,282.0,285.0,278.0,282.0,118200
2020/06/03,288.0,320.0,284.0,314.0,1145500
2020/06/04,309.0,317.0,290.0,302.0,816800
2020/06/05,319.0,328.0,298.0,299.0,1099900
2020/06/08,301.0,303.0,280.0,286.0,652400
2020/06/09,288.0,293.0,278.0,284.0,299000
2020/06/10,284.0,289.0,282.0,288.0,207900
2020/06/11,285.0,287.0,268.0,269.0,311000
2020/06/12,247.0,271.0,246.0,265.0,299500
2020/06/15,262.0,277.0,258.0,259.0,259000
2020/06/16,264.0,278.0,264.0,276.0,154400
2020/06/17,273.0,278.0,271.0,272.0,136300
2020/06/18,271.0,271.0,262.0,263.0,100600
2020/06/19,276.0,277.0,267.0,271.0,119700
2020/06/22,270.0,270.0,263.0,265.0,125900
2020/06/23,268.0,284.0,265.0,274.0,206200
2020/06/24,277.0,278.0,271.0,273.0,114800
2020/06/25,268.0,269.0,263.0,264.0,131700
2020/06/26,266.0,266.0,259.0,261.0,106200
2020/06/29,254.0,257.0,247.0,249.0,152500
2020/06/30,253.0,259.0,246.0,251.0,123300
2020/07/01,251.0,253.0,237.0,241.0,226000
2020/07/02,245.0,266.0,238.0,255.0,421800
2020/07/03,255.0,263.0,248.0,253.0,232300
2020/07/06,257.0,263.0,251.0,258.0,128800
2020/07/07,261.0,261.0,246.0,252.0,163000
2020/07/08,252.0,259.0,249.0,250.0,74600
2020/07/09,254.0,254.0,239.0,241.0,276400
2020/07/10,244.0,247.0,240.0,241.0,128700
2020/07/13,242.0,242.0,238.0,241.0,82800
2020/07/14,240.0,243.0,237.0,240.0,103900
2020/07/15,240.0,248.0,240.0,245.0,51100
2020/07/16,245.0,253.0,243.0,251.0,110500
2020/07/17,251.0,254.0,245.0,247.0,116500
2020/07/20,247.0,247.0,240.0,241.0,67200
2020/07/21,242.0,244.0,236.0,240.0,73100
2020/07/22,243.0,260.0,243.0,256.0,304600
2020/07/27,268.0,310.0,263.0,285.0,3514000
2020/07/28,284.0,285.0,268.0,275.0,862700
2020/07/29,272.0,304.0,270.0,299.0,1915400
2020/07/30,319.0,372.0,306.0,367.0,11829100
2020/07/31,351.0,358.0,328.0,346.0,4022600
2020/08/03,335.0,344.0,296.0,301.0,2675300
2020/08/04,291.0,310.0,288.0,298.0,1364500
2020/08/05,295.0,330.0,292.0,317.0,1161800
2020/08/06,309.0,319.0,303.0,304.0,698900
2020/08/07,302.0,308.0,297.0,303.0,472900
2020/08/11,312.0,321.0,307.0,310.0,692200
2020/08/12,321.0,336.0,320.0,327.0,1311500
2020/08/13,327.0,356.0,326.0,345.0,1314400
2020/08/14,341.0,360.0,337.0,347.0,951300
2020/08/17,352.0,364.0,351.0,363.0,754700
2020/08/18,370.0,378.0,349.0,369.0,1003000
2020/08/19,370.0,374.0,360.0,368.0,542100
2020/08/20,361.0,368.0,345.0,350.0,735800
2020/08/21,349.0,366.0,344.0,352.0,544800
2020/08/24,350.0,354.0,332.0,338.0,559800
2020/08/25,340.0,348.0,323.0,332.0,546400
2020/08/26,333.0,341.0,329.0,336.0,273900
2020/08/27,337.0,337.0,325.0,326.0,189200
2020/08/28,326.0,330.0,306.0,310.0,486800
2020/08/31,305.0,324.0,305.0,320.0,302700
2020/09/01,317.0,337.0,317.0,335.0,294800
2020/09/02,337.0,342.0,328.0,330.0,307000
2020/09/03,330.0,330.0,317.0,318.0,224800
2020/09/04,309.0,325.0,309.0,319.0,249000
2020/09/07,319.0,322.0,309.0,313.0,128100
2020/09/08,313.0,317.0,309.0,315.0,89100
2020/09/09,310.0,319.0,308.0,310.0,123000
2020/09/10,308.0,310.0,296.0,300.0,258400
2020/09/11,297.0,306.0,293.0,303.0,186900
2020/09/14,304.0,307.0,298.0,298.0,66400
2020/09/15,297.0,305.0,297.0,303.0,109400
2020/09/16,304.0,309.0,300.0,300.0,119500
2020/09/17,306.0,315.0,302.0,315.0,164800
2020/09/18,317.0,317.0,302.0,303.0,139200
2020/09/23,303.0,309.0,300.0,305.0,72900
2020/09/24,302.0,304.0,290.0,291.0,215100
2020/09/25,290.0,299.0,290.0,298.0,83700
2020/09/28,300.0,300.0,291.0,292.0,62300
2020/09/29,294.0,308.0,293.0,305.0,169800
2020/09/30,305.0,307.0,292.0,294.0,127200
2020/10/01,,,,,0
2020/10/02,299.0,299.0,283.0,288.0,170400
2020/10/05,286.0,292.0,286.0,289.0,79400
2020/10/06,292.0,292.0,284.0,287.0,56300
2020/10/07,288.0,290.0,283.0,285.0,79800
2020/10/08,288.0,288.0,284.0,284.0,60700
2020/10/09,284.0,288.0,280.0,280.0,116800
2020/10/12,281.0,287.0,281.0,286.0,91700
2020/10/13,286.0,290.0,282.0,285.0,85600
2020/10/14,288.0,300.0,287.0,300.0,187700
2020/10/15,301.0,305.0,289.0,289.0,181600
2020/10/16,290.0,313.0,287.0,300.0,555200
2020/10/19,302.0,310.0,299.0,308.0,346800
2020/10/20,311.0,329.0,309.0,328.0,420200
2020/10/21,320.0,326.0,319.0,320.0,191700
2020/10/22,323.0,323.0,292.0,298.0,413800
2020/10/23,303.0,307.0,293.0,302.0,230500
2020/10/26,302.0,302.0,290.0,290.0,167800
2020/10/27,286.0,295.0,284.0,293.0,107000
2020/10/28,289.0,294.0,285.0,290.0,103600
2020/10/29,282.0,288.0,278.0,285.0,196900
2020/10/30,288.0,297.0,286.0,295.0,211500
2020/11/02,279.0,289.0,264.0,269.0,386800
2020/11/04,274.0,276.0,268.0,271.0,83700
2020/11/05,275.0,284.0,270.0,278.0,86100
2020/11/06,277.0,281.0,276.0,277.0,64200
2020/11/09,276.0,277.0,267.0,270.0,124500
2020/11/10,272.0,272.0,262.0,263.0,141400
2020/11/11,260.0,278.0,257.0,275.0,142400
2020/11/12,277.0,277.0,266.0,270.0,96700
2020/11/13,268.0,289.0,268.0,283.0,356700
2020/11/16,281.0,293.0,276.0,279.0,155300
2020/11/17,278.0,282.0,273.0,273.0,88500
2020/11/18,271.0,279.0,271.0,277.0,76700
2020/11/19,275.0,291.0,273.0,278.0,262600
2020/11/20,281.0,282.0,276.0,277.0,71200
2020/11/24,279.0,280.0,271.0,274.0,101200
2020/11/25,274.0,278.0,271.0,274.0,70900
2020/11/26,276.0,283.0,275.0,275.0,104200
2020/11/27,274.0,277.0,273.0,275.0,60000
2020/11/30,275.0,283.0,273.0,277.0,76600
2020/12/01,279.0,282.0,276.0,280.0,122800
2020/12/02,280.0,288.0,278.0,283.0,139100
2020/12/03,290.0,311.0,281.0,282.0,760900
2020/12/04,281.0,283.0,276.0,280.0,128000
2020/12/07,280.0,280.0,272.0,272.0,90900
2020/12/08,272.0,277.0,270.0,272.0,66000
2020/12/09,274.0,276.0,270.0,270.0,46100
2020/12/10,272.0,272.0,269.0,270.0,43700
2020/12/11,269.0,277.0,269.0,276.0,58000
2020/12/14,276.0,276.0,271.0,273.0,56800
2020/12/15,275.0,283.0,274.0,274.0,125900
2020/12/16,275.0,279.0,274.0,276.0,61900
2020/12/17,276.0,287.0,276.0,287.0,194500
2020/12/18,286.0,286.0,278.0,279.0,109700
2020/12/21,281.0,281.0,272.0,274.0,59700
2020/12/22,274.0,274.0,268.0,268.0,140600
2020/12/23,269.0,273.0,268.0,268.0,66500
2020/12/24,268.0,274.0,268.0,269.0,37600
2020/12/25,269.0,271.0,267.0,268.0,46800
2020/12/28,270.0,291.0,269.0,273.0,346800
2020/12/29,271.0,327.0,269.0,279.0,4579100
2020/12/30,285.0,293.0,274.0,277.0,865300
2021/01/04,282.0,308.0,280.0,298.0,1024200
2021/01/05,297.0,316.0,294.0,301.0,556200
2021/01/06,299.0,313.0,295.0,312.0,426000
2021/01/07,312.0,322.0,307.0,314.0,336100
2021/01/08,320.0,333.0,318.0,327.0,484800
2021/01/12,332.0,370.0,332.0,353.0,2131800
2021/01/13,345.0,356.0,314.0,315.0,861200
2021/01/14,309.0,320.0,297.0,299.0,494500
2021/01/15,304.0,317.0,299.0,313.0,377100
2021/01/18,309.0,316.0,304.0,308.0,233100
2021/01/19,305.0,315.0,302.0,305.0,266400
2021/01/20,308.0,310.0,303.0,309.0,175800
2021/01/21,307.0,312.0,302.0,304.0,194600
2021/01/22,305.0,305.0,301.0,304.0,68200
2021/01/25,304.0,309.0,302.0,308.0,78600
2021/01/26,310.0,311.0,305.0,308.0,68900
2021/01/27,308.0,311.0,303.0,304.0,110000
2021/01/28,298.0,304.0,295.0,301.0,97100
2021/01/29,301.0,302.0,286.0,292.0,185100
2021/02/01,295.0,295.0,281.0,286.0,203300
2021/02/02,292.0,297.0,289.0,293.0,94200
2021/02/03,297.0,298.0,292.0,292.0,68900
2021/02/04,293.0,304.0,292.0,296.0,77100
2021/02/05,296.0,299.0,292.0,297.0,81100
2021/02/08,297.0,299.0,291.0,293.0,134700
2021/02/09,293.0,294.0,288.0,290.0,154000
2021/02/10,290.0,292.0,286.0,289.0,103600
2021/02/12,289.0,294.0,289.0,291.0,59300
2021/02/15,294.0,295.0,291.0,295.0,58300
2021/02/16,300.0,302.0,292.0,294.0,157700
2021/02/17,299.0,300.0,294.0,299.0,93100
2021/02/18,298.0,306.0,294.0,296.0,120700
2021/02/19,296.0,298.0,285.0,287.0,132700
2021/02/22,291.0,291.0,286.0,287.0,48600
2021/02/24,287.0,290.0,283.0,283.0,72900
2021/02/25,284.0,288.0,284.0,288.0,41700
2021/02/26,284.0,286.0,281.0,283.0,69000
2021/03/01,283.0,288.0,283.0,286.0,38200
2021/03/02,287.0,292.0,284.0,284.0,53600
2021/03/03,286.0,288.0,285.0,287.0,40800
2021/03/04,285.0,287.0,281.0,285.0,54500
2021/03/05,284.0,284.0,278.0,281.0,62600
2021/03/08,281.0,285.0,281.0,282.0,33300
2021/03/09,283.0,293.0,282.0,291.0,64300
2021/03/10,288.0,292.0,286.0,290.0,38600
2021/03/11,293.0,295.0,290.0,295.0,55000
2021/03/12,297.0,306.0,296.0,301.0,130700
2021/03/15,302.0,303.0,296.0,298.0,63600
2021/03/16,300.0,301.0,296.0,297.0,45600
2021/03/17,298.0,302.0,298.0,302.0,38000
2021/03/18,303.0,307.0,301.0,306.0,49000
2021/03/19,305.0,308.0,301.0,305.0,47300
2021/03/22,305.0,315.0,303.0,312.0,114200
2021/03/23,312.0,312.0,303.0,303.0,63800
2021/03/24,301.0,303.0,293.0,298.0,78700
2021/03/25,299.0,301.0,296.0,300.0,38000
2021/03/26,301.0,306.0,301.0,304.0,34400
2021/03/29,308.0,312.0,304.0,307.0,146400
2021/03/30,299.0,302.0,293.0,295.0,106100
2021/03/31,296.0,296.0,292.0,293.0,48600
2021/04/01,293.0,293.0,291.0,292.0,56800
2021/04/02,294.0,294.0,291.0,294.0,31100
2021/04/05,294.0,299.0,294.0,296.0,45900
2021/04/06,298.0,298.0,294.0,295.0,19800
2021/04/07,295.0,295.0,294.0,294.0,18900
2021/04/08,294.0,295.0,292.0,294.0,46500
2021/04/09,293.0,294.0,293.0,293.0,19400
2021/04/12,296.0,296.0,291.0,293.0,32400
2021/04/13,293.0,293.0,292.0,293.0,11000
2021/04/14,294.0,296.0,292.0,292.0,22700
2021/04/15,292.0,295.0,292.0,292.0,19200
2021/04/16,292.0,294.0,291.0,294.0,16200
2021/04/19,295.0,315.0,293.0,312.0,382500
2021/04/20,309.0,309.0,302.0,305.0,145300
2021/04/21,306.0,313.0,303.0,309.0,172200
2021/04/22,309.0,309.0,294.0,305.0,119200
2021/04/23,305.0,318.0,303.0,312.0,251100
2021/04/26,316.0,324.0,313.0,314.0,223000
2021/04/27,327.0,345.0,315.0,318.0,734900
2021/04/28,317.0,318.0,301.0,306.0,256300
2021/04/30,309.0,318.0,303.0,317.0,175500
2021/05/06,314.0,323.0,314.0,323.0,68500
2021/05/07,321.0,330.0,315.0,316.0,152100
2021/05/10,314.0,314.0,307.0,311.0,73900
2021/05/11,309.0,311.0,306.0,307.0,44500
2021/05/12,307.0,307.0,295.0,301.0,97600
2021/05/13,294.0,302.0,291.0,298.0,77600
2021/05/14,303.0,308.0,299.0,308.0,61800
2021/05/17,312.0,312.0,298.0,298.0,102700
2021/05/18,296.0,300.0,288.0,300.0,67500
2021/05/19,298.0,299.0,296.0,296.0,22700
2021/05/20,295.0,301.0,295.0,299.0,18900
2021/05/21,301.0,303.0,298.0,301.0,41400
2021/05/24,300.0,309.0,299.0,306.0,75800
2021/05/25,306.0,306.0,302.0,302.0,30000
2021/05/26,302.0,302.0,296.0,299.0,37900
2021/05/27,297.0,300.0,295.0,295.0,37700
2021/05/28,296.0,297.0,289.0,289.0,161400
2021/05/31,290.0,291.0,285.0,285.0,79100
2021/06/01,282.0,288.0,281.0,284.0,127400
2021/06/02,283.0,289.0,282.0,286.0,70300
2021/06/03,286.0,289.0,282.0,283.0,64100
2021/06/04,283.0,286.0,281.0,281.0,61200
2021/06/07,281.0,281.0,277.0,277.0,53600
2021/06/08,277.0,278.0,275.0,277.0,95200
2021/06/09,277.0,283.0,277.0,281.0,50700
2021/06/10,281.0,283.0,281.0,283.0,27700
2021/06/11,284.0,284.0,281.0,283.0,27800
2021/06/14,283.0,283.0,279.0,280.0,27400
2021/06/15,280.0,281.0,279.0,280.0,21900
2021/06/16,280.0,282.0,279.0,280.0,27300
2021/06/17,279.0,280.0,278.0,280.0,22200
2021/06/18,280.0,282.0,279.0,280.0,23200
2021/06/21,277.0,278.0,274.0,275.0,50400
2021/06/22,276.0,279.0,275.0,279.0,18000
2021/06/23,280.0,280.0,275.0,276.0,28700
2021/06/24,278.0,278.0,274.0,274.0,19400
2021/06/25,276.0,278.0,274.0,277.0,17700
2021/06/28,277.0,279.0,275.0,277.0,18000
2021/06/29,277.0,283.0,277.0,283.0,37200
2021/06/30,283.0,284.0,275.0,278.0,37300
2021/07/01,279.0,279.0,276.0,277.0,13500
2021/07/02,276.0,279.0,276.0,277.0,14700
2021/07/05,278.0,281.0,278.0,278.0,11200
2021/07/06,279.0,279.0,275.0,277.0,16600
2021/07/07,275.0,278.0,275.0,277.0,15700
2021/07/08,276.0,282.0,276.0,278.0,44900
2021/07/09,276.0,279.0,275.0,279.0,30900
2021/07/12,279.0,279.0,276.0,277.0,17300
2021/07/13,276.0,279.0,276.0,279.0,15600
2021/07/14,276.0,279.0,276.0,277.0,18100
2021/07/15,280.0,280.0,276.0,278.0,16800
2021/07/16,278.0,282.0,276.0,282.0,22200
2021/07/19,281.0,281.0,277.0,277.0,10600
2021/07/20,280.0,280.0,275.0,277.0,19700
2021/07/21,277.0,278.0,276.0,278.0,13800
2021/07/26,278.0,280.0,278.0,280.0,13100
2021/07/27,280.0,282.0,278.0,280.0,15500
2021/07/28,282.0,283.0,275.0,279.0,27700
2021/07/29,277.0,282.0,277.0,282.0,12400
2021/07/30,280.0,285.0,280.0,284.0,29000
2021/08/02,277.0,280.0,269.0,275.0,67300
2021/08/03,274.0,277.0,274.0,276.0,22700
2021/08/04,275.0,277.0,274.0,276.0,20100
2021/08/05,275.0,278.0,275.0,276.0,16900
2021/08/06,275.0,279.0,275.0,279.0,22400
2021/08/10,280.0,280.0,275.0,278.0,21300
2021/08/11,277.0,280.0,277.0,277.0,12100
2021/08/12,279.0,281.0,276.0,279.0,11500
2021/08/13,280.0,282.0,278.0,279.0,15000
2021/08/16,278.0,280.0,269.0,274.0,32500
2021/08/17,273.0,277.0,270.0,273.0,19500
2021/08/18,273.0,275.0,271.0,271.0,12500
2021/08/19,269.0,276.0,269.0,275.0,26500
2021/08/20,270.0,275.0,270.0,273.0,28300
2021/08/23,273.0,279.0,273.0,274.0,24300
2021/08/24,276.0,278.0,275.0,278.0,16100
2021/08/25,278.0,280.0,275.0,278.0,16700
2021/08/26,276.0,279.0,274.0,278.0,11200
2021/08/27,276.0,280.0,276.0,278.0,11300
2021/08/30,278.0,279.0,275.0,278.0,17100
2021/08/31,276.0,278.0,276.0,276.0,12700
2021/09/01,276.0,279.0,276.0,278.0,9400
2021/09/02,278.0,279.0,274.0,276.0,13300
2021/09/03,275.0,276.0,270.0,274.0,31800
2021/09/06,273.0,275.0,273.0,273.0,15500
2021/09/07,274.0,274.0,270.0,272.0,60900
2021/09/08,272.0,276.0,272.0,274.0,14500
2021/09/09,271.0,276.0,271.0,275.0,23600
2021/09/10,275.0,275.0,273.0,273.0,18300
2021/09/13,273.0,273.0,272.0,273.0,11000
2021/09/14,273.0,275.0,272.0,273.0,16800
2021/09/15,272.0,273.0,270.0,272.0,26800
2021/09/16,273.0,273.0,270.0,272.0,20800
2021/09/17,272.0,273.0,271.0,271.0,13000
2021/09/21,271.0,272.0,270.0,272.0,23100
2021/09/22,270.0,271.0,269.0,270.0,18500
2021/09/24,271.0,272.0,270.0,272.0,11800
2021/09/27,271.0,271.0,270.0,271.0,15300
2021/09/28,271.0,271.0,269.0,271.0,12600
2021/09/29,269.0,270.0,269.0,270.0,29300
2021/09/30,268.0,271.0,268.0,269.0,20500
2021/10/01,268.0,270.0,268.0,268.0,14900
2021/10/04,270.0,270.0,267.0,268.0,23500
2021/10/05,267.0,268.0,265.0,267.0,22000
2021/10/06,267.0,268.0,265.0,265.0,15800
2021/10/07,265.0,266.0,265.0,265.0,12400
2021/10/08,266.0,267.0,266.0,267.0,12300
2021/10/11,268.0,268.0,266.0,267.0,8400
2021/10/12,266.0,266.0,265.0,265.0,11400
2021/10/13,265.0,267.0,265.0,267.0,19800
2021/10/14,267.0,268.0,265.0,265.0,12300
2021/10/15,265.0,267.0,265.0,265.0,9800
2021/10/18,265.0,267.0,263.0,263.0,18500
2021/10/19,265.0,265.0,263.0,263.0,12600
2021/10/20,263.0,265.0,263.0,264.0,10300
2021/10/21,264.0,264.0,261.0,263.0,6400
2021/10/22,262.0,262.0,259.0,261.0,16900
2021/10/25,260.0,262.0,259.0,260.0,8300
2021/10/26,261.0,262.0,260.0,261.0,8100
2021/10/27,261.0,265.0,261.0,264.0,18300
2021/10/28,264.0,265.0,262.0,263.0,16600
2021/10/29,261.0,263.0,260.0,262.0,12300
2021/11/01,262.0,269.0,262.0,263.0,27300
2021/11/02,263.0,265.0,262.0,263.0,6800
2021/11/04,264.0,265.0,264.0,264.0,7300
2021/11/05,263.0,265.0,262.0,263.0,20400
2021/11/08,262.0,263.0,259.0,260.0,23600
2021/11/09,260.0,260.0,257.0,258.0,16900
2021/11/10,258.0,260.0,258.0,259.0,13700
2021/11/11,257.0,259.0,257.0,259.0,11500
2021/11/12,257.0,259.0,257.0,257.0,10400
2021/11/15,257.0,257.0,255.0,255.0,16100
2021/11/16,255.0,256.0,252.0,254.0,27900
2021/11/17,252.0,252.0,250.0,250.0,20100
2021/11/18,250.0,250.0,249.0,249.0,23400
2021/11/19,249.0,253.0,249.0,252.0,16100
2021/11/22,252.0,254.0,249.0,250.0,21100
2021/11/24,252.0,252.0,249.0,249.0,6600
2021/11/25,248.0,249.0,246.0,246.0,17700
2021/11/26,241.0,245.0,241.0,245.0,23100
2021/11/29,245.0,245.0,242.0,242.0,16600
2021/11/30,244.0,246.0,243.0,245.0,5800
2021/12/01,243.0,245.0,238.0,240.0,33900
2021/12/02,236.0,241.0,236.0,240.0,24300
2021/12/03,237.0,239.0,237.0,239.0,5000
2021/12/06,235.0,238.0,234.0,237.0,14200
2021/12/07,235.0,236.0,228.0,235.0,34000
2021/12/08,238.0,238.0,233.0,234.0,12700
2021/12/09,238.0,238.0,233.0,236.0,9200
2021/12/10,240.0,240.0,232.0,236.0,14500
2021/12/13,235.0,236.0,231.0,235.0,6400
2021/12/14,231.0,233.0,231.0,232.0,6300
2021/12/15,230.0,234.0,230.0,231.0,5800
2021/12/16,234.0,234.0,230.0,232.0,9500
2021/12/17,231.0,232.0,226.0,227.0,31900
2021/12/20,229.0,229.0,220.0,221.0,33700
2021/12/21,219.0,221.0,214.0,215.0,32000
2021/12/22,217.0,217.0,211.0,214.0,14300
2021/12/23,212.0,214.0,201.0,213.0,82100
2021/12/24,213.0,219.0,210.0,212.0,74500
2021/12/27,212.0,213.0,210.0,210.0,46400
2021/12/28,207.0,208.0,203.0,205.0,97600
2021/12/29,207.0,207.0,203.0,207.0,13100
2021/12/30,210.0,220.0,208.0,219.0,38000
2022/01/04,223.0,225.0,218.0,225.0,12300
2022/01/05,229.0,235.0,226.0,232.0,24400
2022/01/06,235.0,235.0,228.0,229.0,28600
2022/01/07,231.0,239.0,230.0,235.0,28300
2022/01/11,234.0,235.0,231.0,234.0,20700
2022/01/12,235.0,235.0,233.0,234.0,7200
2022/01/13,235.0,235.0,233.0,233.0,4400
2022/01/14,232.0,232.0,228.0,230.0,15200
2022/01/17,229.0,230.0,220.0,226.0,31500
2022/01/18,229.0,234.0,227.0,229.0,17100
2022/01/19,228.0,232.0,226.0,232.0,12600
2022/01/20,233.0,234.0,227.0,232.0,10000
2022/01/21,232.0,232.0,228.0,232.0,8200
2022/01/24,232.0,233.0,229.0,230.0,8500
2022/01/25,231.0,231.0,227.0,230.0,17600
2022/01/26,228.0,229.0,226.0,229.0,12000
2022/01/27,228.0,229.0,211.0,220.0,28700
2022/01/28,212.0,215.0,199.0,210.0,85400
2022/01/31,220.0,223.0,214.0,218.0,33300
2022/02/01,218.0,219.0,216.0,219.0,9700
2022/02/02,220.0,223.0,220.0,220.0,9100
2022/02/03,220.0,224.0,219.0,222.0,9600
2022/02/04,222.0,226.0,222.0,225.0,9900
2022/02/07,226.0,226.0,222.0,224.0,5000
2022/02/08,223.0,225.0,223.0,225.0,6200
2022/02/09,224.0,226.0,222.0,225.0,15500
2022/02/10,228.0,228.0,224.0,225.0,8200
2022/02/14,224.0,225.0,222.0,223.0,11500
2022/02/15,224.0,225.0,221.0,222.0,18600
2022/02/16,224.0,224.0,222.0,224.0,17000
2022/02/17,223.0,225.0,221.0,223.0,22100
2022/02/18,220.0,223.0,220.0,222.0,10100
2022/02/21,221.0,224.0,221.0,222.0,7900
2022/02/22,222.0,223.0,219.0,220.0,19100
2022/02/24,220.0,221.0,214.0,218.0,24400
2022/02/25,219.0,221.0,217.0,221.0,10400
2022/02/28,220.0,221.0,219.0,220.0,7600
2022/03/01,223.0,224.0,220.0,220.0,11900
2022/03/02,221.0,221.0,219.0,220.0,5300
2022/03/03,221.0,228.0,221.0,224.0,30900
2022/03/04,225.0,228.0,218.0,220.0,42800
2022/03/07,218.0,223.0,217.0,220.0,17200
2022/03/08,219.0,221.0,217.0,218.0,12800
2022/03/09,218.0,219.0,216.0,219.0,17200
2022/03/10,219.0,220.0,218.0,220.0,19600
2022/03/11,219.0,219.0,217.0,218.0,11000
2022/03/14,218.0,220.0,218.0,220.0,15200
2022/03/15,217.0,221.0,217.0,219.0,14300
2022/03/16,219.0,222.0,218.0,220.0,19600
2022/03/17,223.0,223.0,220.0,220.0,14200
2022/03/18,221.0,223.0,220.0,221.0,14400
2022/03/22,222.0,228.0,222.0,226.0,33600
2022/03/23,229.0,230.0,226.0,230.0,28500
2022/03/24,227.0,233.0,227.0,233.0,26300
2022/03/25,231.0,236.0,230.0,236.0,32500
2022/03/28,237.0,238.0,234.0,237.0,44700
2022/03/29,238.0,238.0,233.0,237.0,43300
2022/03/30,216.0,227.0,215.0,226.0,51600
2022/03/31,227.0,227.0,220.0,225.0,28100
2022/04/01,220.0,226.0,219.0,220.0,14200
2022/04/04,220.0,221.0,218.0,219.0,6600
2022/04/05,218.0,225.0,217.0,223.0,26600
2022/04/06,220.0,225.0,220.0,220.0,3900
2022/04/07,220.0,221.0,216.0,221.0,22600
2022/04/08,221.0,221.0,215.0,221.0,24800
2022/04/11,224.0,224.0,212.0,214.0,52600
2022/04/12,212.0,216.0,207.0,212.0,21500
2022/04/13,210.0,213.0,209.0,210.0,16400
2022/04/14,210.0,222.0,210.0,215.0,36200
2022/04/15,212.0,215.0,208.0,214.0,14500
2022/04/18,212.0,212.0,210.0,211.0,3000
2022/04/19,211.0,211.0,209.0,211.0,5900
2022/04/20,210.0,211.0,209.0,211.0,6000
2022/04/21,210.0,213.0,209.0,209.0,17200
2022/04/22,209.0,210.0,205.0,208.0,25000
2022/04/25,208.0,209.0,207.0,207.0,4300
2022/04/26,207.0,209.0,207.0,209.0,4500
2022/04/27,207.0,215.0,204.0,210.0,15300
2022/04/28,208.0,210.0,207.0,210.0,7600
2022/05/02,209.0,213.0,208.0,213.0,6900
2022/05/06,213.0,213.0,207.0,211.0,19300
2022/05/09,211.0,213.0,209.0,210.0,5900
2022/05/10,211.0,211.0,209.0,209.0,14200
2022/05/11,211.0,215.0,211.0,213.0,11900
2022/05/12,212.0,212.0,208.0,210.0,17900
2022/05/13,207.0,211.0,207.0,209.0,6100
2022/05/16,210.0,210.0,208.0,210.0,5900
2022/05/17,208.0,210.0,206.0,208.0,10400
2022/05/18,209.0,209.0,207.0,208.0,4000
2022/05/19,206.0,208.0,200.0,208.0,29800
2022/05/20,207.0,208.0,205.0,207.0,5300
2022/05/23,208.0,210.0,207.0,208.0,8900
2022/05/24,209.0,209.0,207.0,207.0,4800
2022/05/25,207.0,208.0,207.0,208.0,3300
2022/05/26,209.0,210.0,208.0,209.0,3700
2022/05/27,208.0,210.0,205.0,210.0,18700
2022/05/30,208.0,211.0,208.0,208.0,8100
2022/05/31,209.0,209.0,207.0,208.0,2400
2022/06/01,208.0,209.0,207.0,207.0,14000
2022/06/02,207.0,208.0,206.0,207.0,8900
2022/06/03,208.0,209.0,207.0,207.0,12700
2022/06/06,208.0,210.0,207.0,208.0,5500
2022/06/07,209.0,210.0,208.0,210.0,6200
2022/06/08,210.0,210.0,207.0,208.0,16300
2022/06/09,209.0,210.0,209.0,210.0,7000
2022/06/10,210.0,210.0,208.0,208.0,13000
2022/06/13,209.0,209.0,207.0,208.0,6100
2022/06/14,207.0,208.0,206.0,206.0,9200
2022/06/15,208.0,208.0,206.0,207.0,4000
2022/06/16,207.0,208.0,205.0,206.0,9000
2022/06/17,205.0,208.0,205.0,207.0,9900
2022/06/20,208.0,208.0,205.0,206.0,7000
2022/06/21,206.0,207.0,205.0,207.0,10500
2022/06/22,207.0,207.0,207.0,207.0,5300
2022/06/23,208.0,208.0,207.0,207.0,14100
2022/06/24,207.0,208.0,206.0,206.0,2500
2022/06/27,207.0,208.0,207.0,207.0,4300
2022/06/28,206.0,208.0,206.0,206.0,11500
2022/06/29,208.0,208.0,206.0,206.0,5400
2022/06/30,208.0,208.0,207.0,207.0,6500
2022/07/01,207.0,208.0,206.0,207.0,9400
2022/07/04,208.0,208.0,207.0,207.0,4400
2022/07/05,208.0,208.0,207.0,207.0,4100
2022/07/06,206.0,208.0,206.0,208.0,10400
2022/07/07,208.0,212.0,208.0,208.0,13800
2022/07/08,212.0,216.0,208.0,211.0,15400
2022/07/11,221.0,221.0,211.0,219.0,45000
2022/07/12,217.0,219.0,212.0,219.0,17100
2022/07/13,219.0,219.0,216.0,218.0,900
2022/07/14,216.0,216.0,212.0,215.0,15300
2022/07/15,212.0,215.0,212.0,213.0,5800
2022/07/19,211.0,214.0,211.0,212.0,5800
2022/07/20,211.0,213.0,211.0,212.0,6700
2022/07/21,212.0,215.0,212.0,215.0,2600
2022/07/22,212.0,215.0,212.0,213.0,10600
2022/07/25,217.0,217.0,211.0,214.0,10900
2022/07/26,213.0,216.0,212.0,214.0,10200
2022/07/27,215.0,216.0,213.0,214.0,4600
2022/07/28,214.0,215.0,213.0,214.0,2000
2022/07/29,214.0,215.0,212.0,214.0,10200
2022/08/01,217.0,217.0,213.0,213.0,6200
2022/08/02,213.0,215.0,213.0,215.0,6500
2022/08/03,215.0,215.0,214.0,214.0,6600
2022/08/04,214.0,215.0,213.0,215.0,3200
2022/08/05,214.0,215.0,214.0,214.0,8300
2022/08/08,214.0,216.0,214.0,215.0,3400
2022/08/09,215.0,215.0,214.0,215.0,14400
2022/08/10,216.0,217.0,214.0,214.0,8200
2022/08/12,213.0,217.0,213.0,214.0,16200
2022/08/15,214.0,215.0,214.0,214.0,5300
2022/08/16,216.0,216.0,214.0,216.0,1600
2022/08/17,215.0,219.0,214.0,216.0,14700
2022/08/18,216.0,216.0,214.0,215.0,3200
2022/08/19,216.0,216.0,215.0,216.0,3800
2022/08/22,218.0,218.0,216.0,216.0,1600
2022/08/23,218.0,218.0,215.0,215.0,6100
2022/08/24,215.0,217.0,215.0,216.0,6800
2022/08/25,217.0,217.0,215.0,215.0,7300
2022/08/26,216.0,217.0,215.0,215.0,3500
2022/08/29,216.0,217.0,215.0,216.0,10500
2022/08/30,216.0,217.0,216.0,217.0,3400
2022/08/31,216.0,219.0,216.0,218.0,11800
2022/09/01,219.0,219.0,217.0,218.0,3400
2022/09/02,216.0,217.0,215.0,216.0,5900
2022/09/05,217.0,217.0,216.0,217.0,9600
2022/09/06,217.0,218.0,216.0,218.0,6900
2022/09/07,218.0,218.0,216.0,217.0,5000
2022/09/08,217.0,218.0,217.0,218.0,4500
2022/09/09,217.0,220.0,217.0,220.0,13000
2022/09/12,219.0,219.0,216.0,219.0,21100
2022/09/13,217.0,220.0,217.0,218.0,3500
2022/09/14,219.0,220.0,218.0,218.0,3900
2022/09/15,218.0,220.0,218.0,219.0,2300
2022/09/16,219.0,219.0,217.0,218.0,8400
2022/09/20,218.0,218.0,217.0,218.0,5300
2022/09/21,218.0,218.0,217.0,217.0,2400
2022/09/22,215.0,218.0,215.0,217.0,8300
2022/09/26,217.0,219.0,215.0,217.0,11000
2022/09/27,216.0,219.0,216.0,217.0,3000
2022/09/28,217.0,217.0,215.0,216.0,4900
2022/09/29,217.0,218.0,215.0,216.0,2600
2022/09/30,217.0,217.0,215.0,217.0,2600
2022/10/03,217.0,217.0,215.0,216.0,12100
2022/10/04,217.0,217.0,215.0,216.0,8000
2022/10/05,217.0,217.0,215.0,217.0,5900
2022/10/06,217.0,218.0,217.0,217.0,2000
2022/10/07,217.0,218.0,216.0,218.0,6100
2022/10/11,218.0,218.0,216.0,217.0,8200
2022/10/12,217.0,218.0,216.0,217.0,5200
2022/10/13,216.0,216.0,216.0,216.0,600
2022/10/14,216.0,217.0,216.0,217.0,2800
2022/10/17,217.0,220.0,217.0,220.0,7000
2022/10/18,221.0,221.0,219.0,220.0,2200
2022/10/19,219.0,220.0,218.0,219.0,1100
2022/10/20,219.0,220.0,218.0,218.0,5700
2022/10/21,218.0,219.0,218.0,219.0,2600
2022/10/24,218.0,218.0,217.0,218.0,5600
2022/10/25,218.0,218.0,217.0,217.0,1000
2022/10/26,218.0,218.0,217.0,218.0,2600
2022/10/27,217.0,219.0,216.0,218.0,3300
2022/10/28,217.0,219.0,217.0,218.0,1100
2022/10/31,220.0,220.0,217.0,218.0,9800
2022/11/01,219.0,220.0,218.0,218.0,10800
2022/11/02,218.0,219.0,217.0,218.0,7200
2022/11/04,218.0,219.0,216.0,218.0,7700
2022/11/07,218.0,219.0,217.0,219.0,7500
2022/11/08,219.0,219.0,217.0,217.0,9500
2022/11/09,217.0,219.0,217.0,219.0,12900
2022/11/10,219.0,219.0,218.0,219.0,10100
2022/11/11,220.0,220.0,219.0,220.0,7100
2022/11/14,220.0,225.0,219.0,220.0,26300
2022/11/15,220.0,221.0,219.0,220.0,16100
2022/11/16,220.0,222.0,220.0,220.0,2900
2022/11/17,222.0,222.0,221.0,221.0,5300
2022/11/18,223.0,223.0,221.0,222.0,10800
2022/11/21,223.0,224.0,222.0,223.0,8900
2022/11/22,224.0,227.0,224.0,224.0,18300
2022/11/24,226.0,228.0,225.0,225.0,12500
2022/11/25,228.0,228.0,226.0,227.0,13200
2022/11/28,230.0,230.0,227.0,228.0,18500
2022/11/29,228.0,230.0,228.0,230.0,12300
2022/11/30,230.0,231.0,227.0,229.0,12500
2022/12/01,231.0,231.0,227.0,230.0,9600
2022/12/02,229.0,230.0,229.0,229.0,2800
2022/12/05,230.0,232.0,230.0,232.0,4300
2022/12/06,233.0,233.0,230.0,232.0,9100
2022/12/07,232.0,233.0,230.0,232.0,10000
2022/12/08,232.0,232.0,230.0,230.0,2900
2022/12/09,231.0,232.0,229.0,232.0,7500
2022/12/12,233.0,234.0,231.0,234.0,10400
2022/12/13,234.0,235.0,230.0,233.0,13100
2022/12/14,233.0,235.0,232.0,234.0,8800
2022/12/15,235.0,235.0,231.0,233.0,4600
2022/12/16,231.0,233.0,229.0,231.0,10900
2022/12/19,229.0,231.0,229.0,231.0,3000
2022/12/20,231.0,231.0,229.0,230.0,9400
2022/12/21,228.0,228.0,224.0,227.0,18700
2022/12/22,227.0,227.0,224.0,226.0,9800
2022/12/23,227.0,227.0,224.0,227.0,21100
2022/12/26,225.0,227.0,225.0,225.0,4300
2022/12/27,227.0,227.0,224.0,224.0,8600
2022/12/28,224.0,227.0,222.0,224.0,13000
2022/12/29,224.0,225.0,222.0,225.0,5200
2022/12/30,225.0,230.0,224.0,230.0,18000
2023/01/04,230.0,230.0,228.0,229.0,6900
2023/01/05,230.0,230.0,229.0,229.0,2200
2023/01/06,231.0,234.0,229.0,234.0,3900
2023/01/10,242.0,242.0,235.0,237.0,35700
2023/01/11,235.0,235.0,232.0,233.0,3300
2023/01/12,234.0,234.0,231.0,233.0,4700
2023/01/13,239.0,240.0,219.0,229.0,50100
2023/01/16,230.0,230.0,227.0,227.0,6600
2023/01/17,230.0,231.0,228.0,230.0,2800
2023/01/18,232.0,232.0,230.0,231.0,800
2023/01/19,229.0,234.0,229.0,231.0,3200
2023/01/20,232.0,235.0,232.0,232.0,2200
2023/01/23,233.0,235.0,233.0,234.0,4200
2023/01/24,239.0,239.0,235.0,235.0,6700
2023/01/25,237.0,237.0,235.0,237.0,8800
2023/01/26,237.0,239.0,235.0,236.0,7100
2023/01/27,236.0,239.0,235.0,239.0,6700
2023/01/30,235.0,237.0,235.0,235.0,5600
2023/01/31,235.0,241.0,235.0,239.0,14900
2023/02/01,240.0,240.0,236.0,240.0,8200
2023/02/02,240.0,242.0,236.0,237.0,4600
2023/02/03,238.0,241.0,238.0,239.0,2900
2023/02/06,240.0,240.0,239.0,240.0,5800
2023/02/07,238.0,242.0,238.0,239.0,7800
2023/02/08,240.0,240.0,239.0,239.0,3200
2023/02/09,240.0,241.0,238.0,241.0,9000
2023/02/10,241.0,241.0,241.0,241.0,5000
2023/02/13,240.0,243.0,240.0,241.0,6300
2023/02/14,242.0,243.0,241.0,241.0,5400
2023/02/15,241.0,242.0,241.0,242.0,2400
2023/02/16,243.0,243.0,241.0,242.0,2800
2023/02/17,243.0,243.0,241.0,242.0,4000
2023/02/20,243.0,243.0,241.0,242.0,4700
2023/02/21,242.0,242.0,241.0,241.0,3400
2023/02/22,241.0,243.0,241.0,243.0,2200
2023/02/24,244.0,244.0,240.0,243.0,12500
2023/02/27,243.0,247.0,243.0,247.0,9500
2023/02/28,247.0,249.0,245.0,246.0,27000
2023/03/01,249.0,249.0,246.0,249.0,6500
2023/03/02,246.0,250.0,245.0,248.0,10900
2023/03/03,251.0,251.0,250.0,251.0,11100
2023/03/06,250.0,254.0,250.0,251.0,9200
2023/03/07,251.0,255.0,251.0,254.0,11800
2023/03/08,255.0,257.0,255.0,256.0,10700
2023/03/09,258.0,262.0,258.0,262.0,32700
2023/03/10,263.0,264.0,260.0,262.0,20200
2023/03/13,260.0,263.0,260.0,261.0,9700
2023/03/14,261.0,261.0,257.0,261.0,17700
2023/03/15,259.0,262.0,259.0,259.0,9800
2023/03/16,257.0,261.0,256.0,260.0,10900
2023/03/17,260.0,260.0,256.0,259.0,5900
2023/03/20,256.0,260.0,250.0,257.0,19300
2023/03/22,261.0,261.0,256.0,260.0,6600
2023/03/23,254.0,260.0,254.0,258.0,12300
2023/03/24,256.0,259.0,256.0,259.0,11700
2023/03/27,256.0,258.0,254.0,254.0,23800
2023/03/28,255.0,255.0,250.0,250.0,18300
2023/03/29,250.0,259.0,248.0,259.0,28100
2023/03/30,235.0,240.0,233.0,238.0,58200
2023/03/31,240.0,241.0,238.0,240.0,15600
2023/04/03,239.0,239.0,235.0,235.0,14200
2023/04/04,236.0,238.0,235.0,238.0,6000
2023/04/05,238.0,238.0,235.0,236.0,3400
2023/04/06,236.0,236.0,233.0,235.0,11100
2023/04/07,235.0,235.0,230.0,234.0,12300
2023/04/10,235.0,235.0,232.0,233.0,15400
2023/04/11,234.0,234.0,232.0,233.0,7600
2023/04/12,233.0,236.0,233.0,233.0,6400
2023/04/13,233.0,234.0,231.0,232.0,8400
2023/04/14,233.0,234.0,231.0,234.0,6800
2023/04/17,234.0,235.0,233.0,233.0,4000
2023/04/18,239.0,274.0,239.0,245.0,624400
2023/04/19,248.0,248.0,243.0,245.0,49500
2023/04/20,245.0,252.0,245.0,247.0,30800
2023/04/21,247.0,250.0,245.0,245.0,12000
2023/04/24,247.0,250.0,246.0,248.0,9300
2023/04/25,249.0,251.0,248.0,248.0,19100
2023/04/26,250.0,250.0,247.0,247.0,19300
2023/04/27,248.0,248.0,246.0,247.0,7500
2023/04/28,246.0,249.0,246.0,246.0,7200
2023/05/01,249.0,249.0,245.0,247.0,23800
2023/05/02,245.0,247.0,244.0,246.0,9400
2023/05/08,249.0,249.0,246.0,246.0,8300
2023/05/09,246.0,248.0,245.0,247.0,10600
2023/05/10,251.0,255.0,250.0,251.0,45400
2023/05/11,249.0,249.0,244.0,246.0,19700
2023/05/12,245.0,247.0,244.0,244.0,13300
2023/05/15,246.0,246.0,245.0,246.0,2100
2023/05/16,245.0,246.0,244.0,245.0,6500
2023/05/17,245.0,246.0,245.0,246.0,4400
2023/05/18,247.0,247.0,243.0,245.0,15400
2023/05/19,240.0,246.0,240.0,245.0,14100
2023/05/22,245.0,251.0,245.0,251.0,25300
2023/05/23,251.0,254.0,248.0,253.0,24000
2023/05/24,249.0,254.0,249.0,252.0,14300
2023/05/25,255.0,255.0,251.0,255.0,14800
2023/05/26,253.0,260.0,252.0,257.0,76100
2023/05/29,257.0,257.0,251.0,254.0,30900
2023/05/30,255.0,256.0,252.0,254.0,5600
2023/05/31,254.0,254.0,250.0,251.0,8800
2023/06/01,250.0,253.0,250.0,252.0,9100
2023/06/02,251.0,252.0,249.0,252.0,6300
2023/06/05,250.0,254.0,250.0,250.0,11700
2023/06/06,250.0,252.0,249.0,249.0,7400
2023/06/07,250.0,252.0,249.0,250.0,2600
2023/06/08,250.0,256.0,250.0,253.0,13700
2023/06/09,255.0,255.0,248.0,254.0,8800
2023/06/12,252.0,255.0,252.0,253.0,9600
2023/06/13,254.0,254.0,252.0,254.0,400
2023/06/14,254.0,254.0,251.0,251.0,8100
2023/06/15,251.0,252.0,250.0,251.0,6100
2023/06/16,251.0,254.0,251.0,252.0,8600
2023/06/19,250.0,253.0,250.0,251.0,13800
2023/06/20,251.0,252.0,250.0,251.0,7500
2023/06/21,252.0,253.0,250.0,252.0,4200
2023/06/22,252.0,254.0,250.0,251.0,5800
2023/06/23,253.0,253.0,251.0,251.0,14100
2023/06/26,252.0,253.0,252.0,253.0,11300
2023/06/27,253.0,253.0,252.0,252.0,2600
2023/06/28,252.0,253.0,251.0,251.0,11000
2023/06/29,252.0,254.0,251.0,251.0,9300
2023/06/30,251.0,253.0,251.0,251.0,4200
2023/07/03,254.0,254.0,251.0,251.0,6500
2023/07/04,252.0,253.0,251.0,252.0,5800
2023/07/05,253.0,254.0,252.0,252.0,6200
2023/07/06,253.0,253.0,251.0,253.0,8400
2023/07/07,254.0,255.0,252.0,255.0,16900
2023/07/10,255.0,255.0,253.0,254.0,18700
2023/07/11,254.0,256.0,253.0,253.0,10400
2023/07/12,253.0,254.0,253.0,253.0,1700
2023/07/13,253.0,254.0,252.0,253.0,9200
2023/07/14,253.0,255.0,253.0,253.0,4700
2023/07/18,253.0,254.0,253.0,253.0,6900
2023/07/19,253.0,253.0,252.0,253.0,24000
2023/07/20,252.0,254.0,252.0,253.0,4300
2023/07/21,254.0,254.0,251.0,251.0,11800
2023/07/24,252.0,253.0,251.0,252.0,7900
2023/07/25,253.0,253.0,252.0,252.0,4000
2023/07/26,252.0,252.0,250.0,252.0,18100
2023/07/27,252.0,252.0,250.0,250.0,4900
2023/07/28,250.0,252.0,250.0,251.0,14100
2023/07/31,253.0,253.0,250.0,253.0,10400
2023/08/01,250.0,253.0,250.0,253.0,8900
2023/08/02,251.0,252.0,251.0,252.0,7100
2023/08/03,251.0,253.0,250.0,252.0,9100
2023/08/04,252.0,252.0,251.0,252.0,2600
2023/08/07,252.0,252.0,251.0,252.0,3600
2023/08/08,251.0,252.0,251.0,252.0,2000
2023/08/09,252.0,252.0,251.0,252.0,2900
2023/08/10,252.0,252.0,251.0,252.0,8200
2023/08/14,252.0,252.0,251.0,252.0,4000
2023/08/15,251.0,252.0,251.0,252.0,6400
2023/08/16,252.0,252.0,251.0,252.0,4400
2023/08/17,252.0,252.0,251.0,251.0,2900
2023/08/18,251.0,251.0,250.0,251.0,6900
2023/08/21,250.0,251.0,250.0,251.0,4200
2023/08/22,249.0,252.0,249.0,252.0,7400
2023/08/23,251.0,252.0,251.0,251.0,2500
2023/08/24,251.0,252.0,250.0,252.0,3800
2023/08/25,252.0,252.0,251.0,252.0,3300
2023/08/28,252.0,253.0,251.0,252.0,27600
2023/08/29,251.0,253.0,251.0,253.0,2100
2023/08/30,253.0,256.0,252.0,253.0,8500
2023/08/31,254.0,256.0,251.0,252.0,7900
2023/09/01,253.0,254.0,253.0,253.0,1500
2023/09/04,252.0,256.0,252.0,256.0,11800
2023/09/05,255.0,256.0,253.0,254.0,13900
2023/09/06,254.0,258.0,254.0,256.0,18000
2023/09/07,258.0,262.0,258.0,262.0,22200
2023/09/08,262.0,262.0,260.0,262.0,15500
2023/09/11,263.0,265.0,262.0,265.0,35400
2023/09/12,264.0,269.0,264.0,264.0,41800
2023/09/13,267.0,267.0,259.0,260.0,29400
2023/09/14,261.0,264.0,260.0,263.0,8500
2023/09/15,263.0,263.0,260.0,262.0,11700
2023/09/19,262.0,268.0,262.0,267.0,9900
2023/09/20,268.0,268.0,262.0,268.0,28000
2023/09/21,267.0,268.0,263.0,266.0,7200
2023/09/22,265.0,267.0,263.0,264.0,5800
2023/09/25,267.0,267.0,264.0,266.0,7200
2023/09/26,263.0,264.0,253.0,253.0,40500
2023/09/27,255.0,257.0,252.0,254.0,28500
2023/09/28,252.0,256.0,250.0,256.0,6900
2023/09/29,255.0,257.0,254.0,257.0,12900
2023/10/02,257.0,257.0,250.0,252.0,21300
2023/10/03,253.0,253.0,248.0,248.0,22400
2023/10/04,248.0,250.0,246.0,250.0,12100
2023/10/05,251.0,255.0,250.0,252.0,8700
2023/10/06,251.0,257.0,250.0,257.0,10500
2023/10/10,258.0,258.0,253.0,254.0,9200
2023/10/11,257.0,258.0,254.0,258.0,3300
2023/10/12,260.0,260.0,257.0,257.0,5900
2023/10/13,257.0,257.0,251.0,251.0,4400
2023/10/16,249.0,254.0,249.0,254.0,6100
2023/10/17,252.0,255.0,250.0,252.0,7600
2023/10/18,252.0,256.0,252.0,255.0,2000
2023/10/19,247.0,255.0,245.0,253.0,34600
2023/10/20,252.0,259.0,247.0,251.0,14700
2023/10/23,253.0,256.0,251.0,253.0,4900
2023/10/24,255.0,261.0,253.0,258.0,12600
2023/10/25,258.0,258.0,256.0,256.0,4200
2023/10/26,255.0,256.0,253.0,254.0,1500
2023/10/27,254.0,257.0,253.0,254.0,2400
2023/10/30,253.0,255.0,253.0,254.0,1800
2023/10/31,253.0,254.0,253.0,254.0,4100
2023/11/01,255.0,255.0,252.0,253.0,5800
2023/11/02,253.0,254.0,252.0,254.0,3900
2023/11/06,250.0,252.0,247.0,251.0,32000
2023/11/07,252.0,252.0,251.0,251.0,4600
2023/11/08,252.0,253.0,251.0,251.0,5000
2023/11/09,252.0,253.0,251.0,253.0,2800
2023/11/10,257.0,257.0,248.0,248.0,18500
2023/11/13,249.0,252.0,248.0,250.0,5500
2023/11/14,250.0,253.0,250.0,250.0,8200
2023/11/15,251.0,253.0,249.0,250.0,10200
2023/11/16,251.0,251.0,249.0,250.0,5400
2023/11/17,250.0,250.0,248.0,250.0,6200
2023/11/20,249.0,251.0,249.0,250.0,3900
2023/11/21,250.0,251.0,250.0,250.0,5500
2023/11/22,250.0,251.0,249.0,250.0,9500
2023/11/24,270.0,330.0,270.0,330.0,9977800
2023/11/27,343.0,359.0,302.0,325.0,8417400
2023/11/28,320.0,333.0,303.0,311.0,2084800
2023/11/29,307.0,323.0,286.0,289.0,1560700
2023/11/30,293.0,295.0,282.0,284.0,436600
2023/12/01,281.0,291.0,279.0,286.0,294700
2023/12/04,283.0,285.0,276.0,279.0,174500
2023/12/05,275.0,286.0,275.0,279.0,150000
2023/12/06,278.0,280.0,272.0,275.0,105700
2023/12/07,273.0,275.0,265.0,267.0,119500
2023/12/08,260.0,268.0,259.0,259.0,113700
2023/12/11,260.0,264.0,260.0,261.0,34900
2023/12/12,264.0,264.0,255.0,257.0,93200
2023/12/13,259.0,265.0,257.0,262.0,49800
2023/12/14,262.0,264.0,259.0,261.0,42800
2023/12/15,262.0,274.0,257.0,259.0,91300
2023/12/18,260.0,266.0,258.0,265.0,44400
2023/12/19,265.0,269.0,262.0,266.0,25900
2023/12/20,268.0,269.0,259.0,263.0,80400
2023/12/21,263.0,273.0,260.0,268.0,54600
2023/12/22,268.0,270.0,261.0,261.0,47000
2023/12/25,262.0,269.0,259.0,261.0,64300
2023/12/26,269.0,278.0,260.0,260.0,190400
2023/12/27,259.0,265.0,259.0,262.0,52500
2023/12/28,264.0,268.0,261.0,265.0,43300
2023/12/29,264.0,266.0,263.0,264.0,27100
2024/01/04,266.0,269.0,264.0,266.0,41800
2024/01/05,267.0,271.0,267.0,269.0,30500
2024/01/09,271.0,274.0,269.0,272.0,42100
2024/01/10,276.0,277.0,273.0,274.0,36900
2024/01/11,280.0,289.0,278.0,280.0,123600
2024/01/12,278.0,282.0,274.0,276.0,44400
2024/01/15,278.0,282.0,276.0,280.0,33500
2024/01/16,280.0,280.0,272.0,275.0,53900
2024/01/17,273.0,277.0,272.0,273.0,24200
2024/01/18,275.0,275.0,271.0,272.0,19400
2024/01/19,272.0,275.0,271.0,272.0,13200
2024/01/22,272.0,279.0,272.0,277.0,38400
2024/01/23,280.0,280.0,276.0,278.0,16700
2024/01/24,278.0,281.0,277.0,279.0,21300
2024/01/25,277.0,279.0,277.0,277.0,17500
2024/01/26,277.0,280.0,276.0,278.0,18400
2024/01/29,278.0,280.0,278.0,280.0,7000
2024/01/30,280.0,281.0,279.0,280.0,11300
2024/01/31,281.0,284.0,279.0,284.0,39300
2024/02/01,276.0,280.0,273.0,280.0,68300
2024/02/02,279.0,279.0,276.0,276.0,22900
2024/02/05,277.0,279.0,274.0,275.0,51300
2024/02/06,276.0,279.0,273.0,276.0,22700
2024/02/07,277.0,277.0,275.0,276.0,11400
2024/02/08,277.0,277.0,274.0,275.0,10600
2024/02/09,274.0,276.0,268.0,272.0,66400
2024/02/13,271.0,271.0,268.0,270.0,37900
2024/02/14,270.0,270.0,260.0,262.0,87800
2024/02/15,263.0,267.0,261.0,264.0,20100
2024/02/16,263.0,269.0,263.0,268.0,14200
2024/02/19,268.0,274.0,267.0,273.0,17900
2024/02/20,276.0,289.0,276.0,288.0,118400
2024/02/21,286.0,286.0,278.0,280.0,36200
2024/02/22,282.0,282.0,275.0,280.0,22800
2024/02/26,273.0,280.0,273.0,278.0,34600
2024/02/27,276.0,278.0,276.0,276.0,8300
2024/02/28,276.0,281.0,276.0,280.0,18400
2024/02/29,279.0,281.0,278.0,280.0,22100
2024/03/01,280.0,281.0,278.0,279.0,21300
2024/03/04,282.0,282.0,279.0,280.0,16800
2024/03/05,280.0,282.0,279.0,280.0,19700
2024/03/06,278.0,281.0,277.0,280.0,18100
2024/03/07,280.0,284.0,278.0,284.0,31900
2024/03/08,284.0,285.0,281.0,285.0,16400
2024/03/11,285.0,285.0,278.0,280.0,25700
2024/03/12,280.0,283.0,279.0,280.0,10600
2024/03/13,280.0,284.0,279.0,280.0,14600
2024/03/14,283.0,283.0,279.0,281.0,6600
2024/03/15,281.0,284.0,279.0,281.0,9800
2024/03/18,281.0,281.0,280.0,281.0,15000
2024/03/19,282.0,283.0,280.0,283.0,5500
2024/03/21,285.0,286.0,282.0,285.0,20700
2024/03/22,284.0,289.0,284.0,286.0,28200
2024/03/25,284.0,289.0,284.0,289.0,29900
2024/03/26,291.0,291.0,287.0,288.0,20100
2024/03/27,290,293,289,293,39900
2024/03/28,267,272,262,268,89700
2024/03/29,270,270,267,267,19500
2024/04/01,266,266,263,263,27000
2024/04/02,264,266,261,261,14200
2024/04/03,262,262,261,262,9400
2024/04/04,262,264,260,260,12900
2024/04/05,264,264,260,264,8300
2024/04/08,265,266,260,262,17500
2024/04/09,263,264,262,264,11300
2024/04/10,262,263,261,262,11400
2024/04/11,260,262,260,261,7900
