"日付","始値","高値","安値","終値","前日比","出来高","売買代金","貸株残高","融資残高","貸借倍率","逆日歩","特別空売り料","5DMA","25DMA","75DMA","100DMA","200DMA","5DVMA","25DVMA","75DVMA"
"2019/07/12","11,990.0","11,990.0","11,830.0","11,830.0","-20.0","90","1,068","-","-","-","-","-","11,818.00","11,800.40","11,850.27","11,877.70","12,102.70","37","153","218"
"2024/03/22","22,230.0","22,335.0","22,200.0","22,335.0","+205.0","48","1,068","0","0","0.00","-","-","21,740.00","21,189.20","19,806.33","19,431.40","18,644.93","87","178","280"
"2024/03/21","21,745.0","22,140.0","21,745.0","22,130.0","+385.0","132","2,914","0","0","0.00","-","-","21,451.00","21,108.80","19,756.20","19,384.70","18,616.90","95","241","280"
"2024/03/19","21,495.0","21,745.0","21,455.0","21,745.0","+270.0","51","1,103","0","0","0.00","-","-","21,191.00","21,045.40","19,709.93","19,341.35","18,590.10","87","244","282"
"2024/03/18","21,265.0","21,475.0","21,265.0","21,475.0","+460.0","94","2,006","0","0","0.00","-","-","21,021.00","20,979.40","19,669.87","19,301.95","18,564.50","112","287","283"
"2024/03/15","20,925.0","21,065.0","20,925.0","21,015.0","+125.0","113","2,369","0","0","0.00","-","-","20,924.00","20,926.20","19,634.80","19,267.65","18,540.00","132","289","295"
"2024/03/14","20,840.0","20,890.0","20,785.0","20,890.0","+60.0","85","1,767","0","0","0.00","-","-","21,024.00","20,883.20","19,604.00","19,237.80","18,518.13","139","287","293"
"2024/03/13","21,130.0","21,130.0","20,830.0","20,830.0","-65.0","94","1,978","0","0","0.00","-","-","21,137.00","20,842.60","19,573.33","19,207.90","18,497.05","156","288","293"
"2024/03/12","20,975.0","20,975.0","20,620.0","20,895.0","-95.0","178","3,690","0","0","0.00","-","-","21,288.00","20,807.60","19,546.13","19,181.20","18,476.83","281","286","300"
"2024/03/11","21,175.0","21,175.0","20,775.0","20,990.0","-525.0","193","4,059","0","0","0.00","-","-","21,412.00","20,763.20","19,518.87","19,156.70","18,455.58","285","282","298"
"2024/03/08","21,375.0","21,515.0","21,375.0","21,515.0","+60.0","145","3,111","0","0","0.00","-","-","21,487.00","20,714.60","19,487.87","19,128.65","18,433.80","298","301","302"
"2024/03/07","21,790.0","21,795.0","21,455.0","21,455.0","-130.0","174","3,789","0","0","0.00","-","-","21,461.00","20,650.40","19,450.60","19,095.30","18,408.33","394","296","300"
"2024/03/06","21,455.0","21,585.0","21,455.0","21,585.0","+70.0","715","15,406","0","0","0.00","-","-","21,387.00","20,581.40","19,411.33","19,058.55","18,382.78","391","290","298"
"2024/03/05","21,365.0","21,515.0","21,345.0","21,515.0","+150.0","198","4,230","0","0","0.00","-","-","21,290.00","20,508.00","19,369.20","19,019.85","18,356.05","252","267","288"
"2024/03/04","21,410.0","21,460.0","21,365.0","21,365.0","-20.0","258","5,523","0","0","0.00","-","-","21,208.00","20,427.80","19,326.73","18,979.35","18,329.05","221","261","286"
"2024/03/01","21,215.0","21,385.0","21,215.0","21,385.0","+300.0","628","13,430","0","0","0.00","-","-","21,152.00","20,363.80","19,286.53","18,944.40","18,302.23","184","260","283"
"2024/02/29","21,020.0","21,085.0","20,960.0","21,085.0","-15.0","159","3,340","0","0","0.00","-","-","21,064.00","20,298.60","19,243.07","18,913.30","18,275.43","80","236","283"
"2024/02/28","21,110.0","21,110.0","21,035.0","21,100.0","-5.0","21","443","0","0","0.00","-","-","20,982.00","20,250.60","19,206.53","18,884.70","18,250.60","53","237","281"
"2024/02/27","21,130.0","21,165.0","21,105.0","21,105.0","+20.0","41","867","0","0","0.00","-","-","20,908.00","20,202.80","19,171.93","18,858.35","18,224.60","148","256","282"
"2024/02/26","21,025.0","21,150.0","21,025.0","21,085.0","+140.0","71","1,498","0","0","0.00","-","-","20,843.00","20,143.60","19,133.47","18,832.35","18,198.78","185","255","358"
"2024/02/22","20,840.0","20,945.0","20,830.0","20,945.0","+270.0","110","2,294","0","0","0.00","-","-","20,765.00","20,079.20","19,094.27","18,806.70","18,173.33","193","301","398"
"2024/02/21","20,685.0","20,715.0","20,665.0","20,675.0","-55.0","23","476","0","0","0.00","-","-","20,657.00","20,027.20","19,049.60","18,783.65","18,147.70","190","299","397"
"2024/02/20","20,810.0","20,810.0","20,690.0","20,730.0","-50.0","496","10,275","0","0","0.00","-","-","20,587.00","19,983.00","19,006.67","18,762.75","18,122.40","511","304","401"
"2024/02/19","20,670.0","20,780.0","20,655.0","20,780.0","+85.0","227","4,699","0","0","0.00","-","-","20,550.00","19,940.60","18,965.87","18,741.85","18,096.55","453","295","395"
"2024/02/16","20,690.0","20,695.0","20,655.0","20,695.0","+290.0","113","2,336","0","0","0.00","-","-","20,413.00","19,888.00","18,921.33","18,722.15","18,070.93","630","289","392"
"2024/02/15","20,375.0","20,405.0","20,345.0","20,405.0","+80.0","91","1,853","0","0","0.00","-","-","20,303.00","19,833.80","18,882.67","18,704.25","18,045.75","641","287","400"
"2024/02/14","20,350.0","20,365.0","20,315.0","20,325.0","-220.0","1,631","33,198","0","0","0.00","-","-","20,210.00","19,779.00","18,845.47","18,689.75","18,021.88","632","284","439"
"2024/02/13","20,345.0","20,795.0","20,285.0","20,545.0","+450.0","203","4,137","0","0","0.00","-","-","20,120.00","19,716.00","18,810.00","18,674.10","17,998.75","331","220","418"
"2024/02/09","20,145.0","20,165.0","20,085.0","20,095.0","-50.0","1,114","22,418","0","0","0.00","-","-","20,002.00","19,639.20","18,773.33","18,654.25","17,974.33","299","215","460"
"2024/02/08","20,095.0","20,160.0","19,935.0","20,145.0","+205.0","166","3,327","0","0","0.00","-","-","19,940.00","19,573.80","18,742.80","18,638.30","17,952.25","89","179","445"
"2024/02/07","19,830.0","19,940.0","19,830.0","19,940.0","+65.0","49","974","0","0","0.00","-","-","19,866.00","19,507.60","18,714.80","18,620.10","17,929.45","190","236","443"
"2024/02/06","19,785.0","19,875.0","19,745.0","19,875.0","-80.0","125","2,477","0","0","0.00","-","-","19,860.00","19,450.20","18,689.33","18,604.45","17,907.35","186","234","442"
"2024/02/05","19,845.0","19,955.0","19,840.0","19,955.0","+170.0","42","834","0","0","0.00","-","-","19,831.00","19,396.00","18,663.00","18,591.50","17,885.08","163","232","481"
"2024/02/02","19,830.0","19,835.0","19,755.0","19,785.0","+10.0","67","1,326","0","0","0.00","-","-","19,790.00","19,328.40","18,639.07","18,577.95","17,862.45","184","231","486"
"2024/02/01","19,815.0","19,815.0","19,740.0","19,775.0","-135.0","670","13,234","0","0","0.00","-","-","19,735.00","19,271.00","18,621.20","18,564.20","17,840.08","181","278","486"
"2024/01/31","19,655.0","19,910.0","19,655.0","19,910.0","+180.0","29","572","0","0","0.00","-","-","19,733.00","19,212.20","18,600.00","18,550.60","17,817.00","95","252","477"
"2024/01/30","19,740.0","19,810.0","19,730.0","19,730.0","-20.0","9","178","0","0","0.00","-","-","19,702.00","19,145.60","18,576.93","18,533.95","17,792.95","94","252","477"
"2024/01/29","19,610.0","19,760.0","19,610.0","19,750.0","+240.0","148","2,916","0","0","0.00","-","-","19,733.00","19,097.80","18,550.93","18,517.40","17,769.55","126","252","479"
"2024/01/26","19,505.0","19,510.0","19,505.0","19,510.0","-255.0","49","956","0","0","0.00","-","-","19,764.00","19,037.20","18,523.80","18,499.10","17,746.90","195","247","479"
"2024/01/25","19,735.0","19,775.0","19,670.0","19,765.0","+10.0","242","4,765","0","0","0.00","-","-","19,787.00","18,983.80","18,496.53","18,482.10","17,726.98","190","252","479"
"2024/01/24","19,845.0","19,845.0","19,755.0","19,755.0","-130.0","24","475","0","0","0.00","-","-","19,729.00","18,926.20","18,471.27","18,462.35","17,705.53","386","246","476"
"2024/01/23","20,045.0","20,050.0","19,880.0","19,885.0","-20.0","171","3,419","0","0","0.00","-","-","19,707.00","18,865.00","18,451.53","18,439.90","17,683.78","392","248","478"
"2024/01/22","20,025.0","20,025.0","19,805.0","19,905.0","+280.0","489","9,715","0","0","0.00","-","-","19,644.00","18,808.40","18,429.40","18,418.20","17,659.95","386","269","483"
"2024/01/19","19,690.0","19,700.0","19,615.0","19,625.0","+150.0","25","492","0","0","0.00","-","-","19,597.00","18,749.80","18,410.20","18,395.10","17,635.75","343","331","477"
"2024/01/18","19,500.0","19,565.0","19,470.0","19,475.0","-170.0","1,222","23,896","0","0","0.00","-","-","19,565.00","18,704.20","18,395.27","18,374.15","17,611.95","357","417","479"
"2024/01/17","19,625.0","19,725.0","19,625.0","19,645.0","+75.0","57","1,121","0","0","0.00","-","-","19,538.00","18,651.20","18,382.53","18,353.55","17,588.93","122","370","463"
"2024/01/16","19,680.0","19,680.0","19,570.0","19,570.0","-100.0","141","2,767","0","0","0.00","-","-","19,416.00","18,605.40","18,369.13","18,329.60","17,564.60","118","368","462"
"2024/01/15","19,065.0","19,740.0","19,065.0","19,670.0","+205.0","271","5,293","0","0","0.00","-","-","19,252.00","18,573.60","18,356.00","18,308.10","17,540.83","94","365","501"
"2024/01/12","19,495.0","19,495.0","19,355.0","19,465.0","+125.0","98","1,907","0","0","0.00","-","-","19,043.00","18,525.20","18,342.27","18,286.30","17,516.88","56","379","498"
"2024/01/11","19,405.0","19,405.0","19,340.0","19,340.0","+305.0","46","891","0","0","0.00","-","-","18,842.00","18,489.00","18,333.53","18,269.45","17,492.65","79","379","497"
"2024/01/10","18,770.0","19,045.0","18,770.0","19,035.0","+285.0","35","660","0","0","0.00","-","-","18,672.00","18,465.80","18,327.73","18,252.65","17,470.13","388","380","499"
"2024/01/09","18,800.0","18,800.0","18,735.0","18,750.0","+125.0","23","431","0","0","0.00","-","-","18,566.00","18,450.80","18,326.67","18,240.90","17,448.40","382","379","504"
"2024/01/05","18,530.0","18,640.0","18,530.0","18,625.0","+165.0","82","1,525","0","0","0.00","-","-","18,520.00","18,443.80","18,326.80","18,230.65","17,429.00","393","378","504"
"2024/01/04","18,295.0","18,460.0","18,155.0","18,460.0","-30.0","209","3,849","0","0","0.00","-","-","18,448.00","18,445.20","18,325.93","18,222.65","17,409.75","379","386","503"
"2023/12/29","18,520.0","18,520.0","18,445.0","18,490.0","-15.0","1,592","29,418","0","0","0.00","-","-","18,426.00","18,456.40","18,326.47","18,215.35","17,393.13","584","382","502"
"2023/12/28","18,530.0","18,530.0","18,505.0","18,505.0","-15.0","4","74","0","0","0.00","-","-","18,389.00","18,470.60","18,324.27","18,206.85","17,378.00","267","359","487"
"2023/12/27","18,370.0","18,520.0","18,370.0","18,520.0","+255.0","78","1,439","0","0","0.00","-","-","18,337.00","18,478.60","18,322.53","18,198.50","17,364.10","274","359","496"
"2023/12/26","18,300.0","18,300.0","18,265.0","18,265.0","-85.0","12","219","0","0","0.00","-","-","18,340.00","18,481.40","18,323.33","18,192.05","17,349.58","262","359","497"
"2023/12/25","18,410.0","18,410.0","18,305.0","18,350.0","+45.0","1,237","22,649","0","0","0.00","-","-","18,334.00","18,502.40","18,327.80","18,191.00","17,336.03","261","383","503"
"2023/12/22","18,305.0","18,305.0","18,305.0","18,305.0","+60.0","7","128","0","0","0.00","-","-","18,299.00","18,522.40","18,328.60","18,187.40","17,321.83","52","335","487"
"2023/12/21","18,880.0","18,880.0","18,200.0","18,245.0","-290.0","38","699","0","0","0.00","-","-","18,303.00","18,536.80","18,330.07","18,179.90","17,307.18","67","353","487"
"2023/12/20","18,535.0","18,535.0","18,535.0","18,535.0","+300.0","17","315","0","0","0.00","-","-","18,299.00","18,555.80","18,330.07","18,175.70","17,291.65","73","352","492"
"2023/12/19","18,325.0","18,325.0","18,235.0","18,235.0","+60.0","7","128","0","0","0.00","-","-","18,286.00","18,554.80","18,323.93","18,167.25","17,274.88","211","352","491"
"2023/12/18","18,165.0","18,175.0","18,035.0","18,175.0","-150.0","192","3,475","0","0","0.00","-","-","18,327.00","18,562.40","18,319.73","18,161.70","17,259.43","615","352","492"
"2023/12/15","18,360.0","18,360.0","18,325.0","18,325.0","+100.0","82","1,505","0","0","0.00","-","-","18,389.00","18,568.60","18,314.87","18,156.65","17,244.28","1,015","344","490"
"2023/12/14","18,870.0","18,870.0","18,160.0","18,225.0","-245.0","71","1,302","0","0","0.00","-","-","18,354.00","18,569.60","18,307.73","18,148.45","17,228.15","1,004","344","492"
"2023/12/13","18,235.0","18,535.0","18,235.0","18,470.0","+30.0","704","13,047","0","0","0.00","-","-","18,409.00","18,565.60","18,298.20","18,141.40","17,211.98","994","365","491"
"2023/12/12","18,360.0","18,590.0","18,360.0","18,440.0","-45.0","2,027","37,676","0","0","0.00","-","-","18,470.00","18,560.60","18,288.13","18,132.35","17,195.63","868","339","487"
"2023/12/11","18,150.0","18,525.0","18,150.0","18,485.0","+335.0","2,195","40,650","0","0","0.00","-","-","18,474.00","18,563.20","18,276.87","18,122.40","17,179.43","583","260","460"
"2023/12/08","18,355.0","18,355.0","18,150.0","18,150.0","-350.0","26","472","0","0","0.00","-","-","18,489.00","18,552.60","18,264.13","18,110.75","17,162.75","164","403","431"
"2023/12/07","18,600.0","18,600.0","18,500.0","18,500.0","-275.0","21","389","0","0","0.00","-","-","18,611.00","18,552.40","18,254.33","18,102.75","17,148.05","174","523","438"
"2023/12/06","18,640.0","18,775.0","18,640.0","18,775.0","+315.0","73","1,366","0","0","0.00","-","-","18,643.00","18,516.20","18,237.67","18,089.45","17,131.03","171","523","438"
"2023/12/05","18,580.0","18,580.0","18,435.0","18,460.0","-100.0","602","11,098","0","0","0.00","-","-","18,603.00","18,463.40","18,219.60","18,074.50","17,112.90","158","534","437"
"2023/12/04","18,660.0","18,660.0","18,500.0","18,560.0","-200.0","99","1,836","0","0","0.00","-","-","18,643.00","18,431.80","18,206.67","18,063.70","17,095.95","94","511","430"
"2023/12/01","18,765.0","18,765.0","18,755.0","18,760.0","+100.0","79","1,482","0","0","0.00","-","-","18,679.00","18,387.00","18,196.27","18,053.35","17,078.68","96","508","431"
"2023/11/30","18,550.0","18,660.0","18,550.0","18,660.0","+85.0","3","56","0","0","0.00","-","-","18,696.00","18,348.40","18,181.60","18,042.50","17,060.38","281","534","430"
"2023/11/29","18,630.0","18,670.0","18,575.0","18,575.0","-85.0","11","205","0","0","0.00","-","-","18,705.00","18,306.60","18,170.93","18,036.50","17,042.38","283","655","432"
"2023/11/28","18,720.0","18,720.0","18,650.0","18,660.0","-80.0","281","5,244","0","0","0.00","-","-","18,708.00","18,270.20","18,159.60","18,031.40","17,024.85","294","655","432"
"2023/11/27","18,880.0","18,880.0","18,740.0","18,740.0","-105.0","107","2,012","0","0","0.00","-","-","18,734.00","18,235.60","18,148.47","18,026.80","17,006.68","361","777","429"
"2023/11/24","18,820.0","18,850.0","18,820.0","18,845.0","+140.0","1,006","18,933","0","0","0.00","-","-","18,756.00","18,198.20","18,135.00","18,018.45","16,987.55","351","774","434"
"2023/11/22","18,685.0","18,755.0","18,685.0","18,705.0","+115.0","14","262","0","0","0.00","-","-","18,720.00","18,166.20","18,118.93","18,009.90","16,967.68","239","734","420"
"2023/11/21","18,645.0","18,645.0","18,575.0","18,590.0","-200.0","66","1,230","0","0","0.00","-","-","18,723.00","18,139.20","18,105.13","18,002.25","16,948.88","238","734","423"
"2023/11/20","18,820.0","18,820.0","18,790.0","18,790.0","-60.0","613","11,536","0","0","0.00","-","-","18,707.00","18,111.60","18,095.60","17,992.60","16,930.60","229","853","423"
"2023/11/17","18,730.0","18,850.0","18,730.0","18,850.0","+185.0","56","1,052","0","0","0.00","-","-","18,634.00","18,086.40","18,087.20","17,981.80","16,911.55","106","845","415"
"2023/11/16","18,740.0","18,745.0","18,665.0","18,665.0","-55.0","449","8,385","0","0","0.00","-","-","18,530.00","18,070.20","18,075.73","17,969.60","16,892.40","97","844","418"
"2023/11/15","18,720.0","18,720.0","18,720.0","18,720.0","+210.0","9","168","0","0","0.00","-","-","18,467.00","18,051.00","18,060.93","17,963.05","16,873.85","20","827","412"
"2023/11/14","18,500.0","18,510.0","18,500.0","18,510.0","+85.0","19","352","0","0","0.00","-","-","18,348.00","18,029.40","18,049.00","17,955.55","16,855.35","138","827","417"
"2023/11/13","18,425.0","18,425.0","18,425.0","18,425.0","+95.0","1","18","0","0","0.00","-","-","18,315.00","18,000.20","18,038.07","17,948.50","16,837.58","144","834","417"
"2023/11/10","18,350.0","18,355.0","18,330.0","18,330.0","-20.0","10","183","0","0","0.00","-","-","18,331.00","17,971.80","18,028.13","17,943.25","16,819.15","157","838","421"
"2023/11/09","18,085.0","18,350.0","18,080.0","18,350.0","+225.0","62","1,129","0","0","0.00","-","-","18,309.00","17,937.20","18,019.33","17,939.85","16,800.45","1,307","839","427"
"2023/11/08","18,310.0","18,310.0","18,125.0","18,125.0","-220.0","601","10,895","0","0","0.00","-","-","18,268.00","17,918.00","18,008.07","17,936.15","16,781.18","1,902","839","426"
"2023/11/07","18,510.0","18,520.0","18,345.0","18,345.0","-160.0","47","866","0","0","0.00","-","-","18,162.00","17,924.00","18,000.00","17,934.70","16,764.00","1,784","823","419"
"2023/11/06","18,500.0","18,600.0","18,490.0","18,505.0","+285.0","66","1,225","0","0","0.00","-","-","17,984.00","17,919.20","17,989.60","17,927.80","16,744.38","1,847","842","421"
"2023/11/02","18,275.0","18,275.0","18,220.0","18,220.0","+75.0","5,763","105,098","0","0","0.00","-","-","17,817.00","17,917.60","17,975.47","17,917.00","16,723.18","1,837","842","420"
"2023/11/01","18,100.0","18,145.0","18,000.0","18,145.0","+550.0","3,033","54,679","0","0","0.00","-","-","17,661.00","17,929.00","17,963.47","17,908.20","16,704.08","689","617","344"
"2023/10/31","17,560.0","17,595.0","17,560.0","17,595.0","+140.0","13","229","0","0","0.00","-","-","17,591.00","17,944.00","17,952.87","17,896.75","16,685.63","227","496","304"
"2023/10/30","18,065.0","18,065.0","17,455.0","17,455.0","-215.0","362","6,323","0","0","0.00","-","-","17,595.00","17,985.80","17,947.20","17,892.40","16,669.73","831","496","304"
"2023/10/27","17,545.0","17,670.0","17,545.0","17,670.0","+230.0","15","265","0","0","0.00","-","-","17,637.00","18,031.00","17,944.87","17,891.85","16,653.83","762","603","304"
"2023/10/26","17,480.0","17,485.0","17,440.0","17,440.0","-355.0","24","419","0","0","0.00","-","-","17,662.00","18,069.80","17,941.00","17,887.05","16,636.63","1,425","603","307"
"2023/10/25","17,770.0","17,835.0","17,770.0","17,795.0","+180.0","725","12,923","0","0","0.00","-","-","17,735.00","18,124.60","17,942.13","17,881.65","16,620.30","1,427","604","310"
"2023/10/24","17,525.0","17,615.0","17,330.0","17,615.0","-50.0","3,032","53,301","0","0","0.00","-","-","17,785.00","18,169.00","17,940.53","17,870.15","16,602.70","1,283","584","317"
"2023/10/23","17,560.0","17,715.0","17,560.0","17,665.0","-130.0","15","265","0","0","0.00","-","-","17,868.00","18,222.60","17,946.47","17,858.45","16,587.00","678","478","277"
"2023/10/20","17,760.0","17,815.0","17,655.0","17,795.0","-10.0","3,333","58,939","0","0","0.00","-","-","17,915.00","18,266.40","17,951.80","17,849.10","16,571.03","1,283","479","330"
"2023/10/19","17,745.0","17,805.0","17,745.0","17,805.0","-240.0","34","604","0","0","0.00","-","-","17,988.00","18,297.00","17,957.20","17,838.85","16,555.08","701","346","286"
"2023/10/18","18,045.0","18,045.0","18,045.0","18,045.0","+15.0","5","90","0","0","0.00","-","-","18,116.00","18,324.80","17,958.53","17,827.05","16,539.08","699","349","286"
"2023/10/17","18,025.0","18,030.0","18,025.0","18,030.0","+130.0","5","90","0","0","0.00","-","-","18,144.00","18,336.00","17,957.80","17,812.35","16,521.78","702","369","290"
"2023/10/16","18,010.0","18,040.0","17,900.0","17,900.0","-260.0","3,038","54,441","0","0","0.00","-","-","18,174.00","18,349.80","17,956.60","17,798.45","16,504.38","706","394","291"
"2023/10/13","18,335.0","18,335.0","18,160.0","18,160.0","-285.0","423","7,751","0","0","0.00","-","-","18,150.00","18,377.00","17,952.93","17,786.20","16,488.10","136","279","259"
"2023/10/12","18,300.0","18,445.0","18,300.0","18,445.0","+260.0","27","496","0","0","0.00","-","-","18,061.00","18,394.60","17,946.93","17,772.45","16,470.00","70","281","255"
"2023/10/11","18,190.0","18,190.0","18,180.0","18,185.0","+5.0","18","327","0","0","0.00","-","-","17,865.00","18,393.20","17,936.07","17,754.45","16,450.90","73","280","257"
"2023/10/10","17,780.0","18,180.0","17,780.0","18,180.0","+400.0","25","453","0","1","0.00","-","-","17,802.00","18,402.40","17,933.73","17,738.95","16,434.23","83","280","263"
"2023/10/06","17,715.0","17,795.0","17,715.0","17,780.0","+65.0","189","3,358","0","0","0.00","-","-","17,821.00","18,405.00","17,930.93","17,721.35","16,418.35","115","296","263"
"2023/10/05","17,500.0","17,730.0","17,500.0","17,715.0","+250.0","94","1,663","0","0","0.00","-","-","17,910.00","18,416.80","17,931.27","17,707.00","16,405.28","184","288","261"
"2023/10/04","17,655.0","17,655.0","17,465.0","17,465.0","-405.0","40","700","0","0","0.00","-","-","18,060.00","18,425.00","17,933.73","17,692.25","16,392.73","175","285","262"
"2023/10/03","18,150.0","18,150.0","17,870.0","17,870.0","-405.0","70","1,253","0","1","0.00","-","-","18,268.00","18,438.80","17,940.73","17,678.75","16,381.00","198","287","262"
"2023/10/02","18,370.0","18,400.0","18,275.0","18,275.0","+50.0","186","3,414","1","0","0.00","-","-","18,398.00","18,435.60","17,942.20","17,660.05","16,366.88","186","292","265"
"2023/09/29","18,400.0","18,400.0","18,225.0","18,225.0","-240.0","531","9,770","0","0","0.00","-","-","18,471.00","18,405.00","17,938.27","17,637.55","16,350.88","151","286","268"
"2023/09/28","18,550.0","18,550.0","18,385.0","18,465.0","-40.0","52","959","0","0","0.00","-","-","18,543.00","18,384.60","17,930.67","17,616.50","16,334.25","653","280","263"
"2023/09/27","18,480.0","18,505.0","18,480.0","18,505.0","-15.0","155","2,868","0","0","0.00","-","-","18,578.00","18,349.80","17,916.80","17,590.85","16,316.78","646","278","266"
"2023/09/26","18,520.0","18,520.0","18,520.0","18,520.0","-120.0","9","167","0","0","0.00","-","-","18,639.00","18,310.80","17,901.27","17,565.20","16,299.33","621","272","271"
"2023/09/25","18,600.0","18,640.0","18,600.0","18,640.0","+55.0","8","149","0","0","0.00","-","-","18,716.00","18,266.60","17,881.00","17,539.95","16,281.40","666","293","271"
"2023/09/22","18,435.0","18,590.0","18,420.0","18,585.0","-55.0","3,042","56,039","0","0","0.00","-","-","18,779.00","18,211.00","17,861.27","17,511.75","16,263.15","742","296","276"
"2023/09/21","18,640.0","18,640.0","18,640.0","18,640.0","-170.0","18","336","0","0","0.00","-","-","18,814.00","18,164.40","17,845.47","17,482.05","16,246.55","142","174","236"
"2023/09/20","19,080.0","19,080.0","18,810.0","18,810.0","-95.0","30","567","0","0","0.00","-","-","18,798.00","18,118.40","17,826.13","17,451.25","16,229.48","139","176","240"
"2023/09/19","18,850.0","18,920.0","18,850.0","18,905.0","-50.0","232","4,386","0","0","0.00","-","-","18,736.00","18,077.20","17,800.67","17,419.70","16,211.83","154","181","240"
"2023/09/15","19,030.0","19,030.0","18,955.0","18,955.0","+195.0","392","7,451","0","0","0.00","-","-","18,620.00","18,027.40","17,770.53","17,387.25","16,194.03","211","173","246"
"2023/09/14","18,620.0","18,760.0","18,620.0","18,760.0","+200.0","40","746","0","0","0.00","-","-","18,504.00","17,983.60","17,737.07","17,354.00","16,176.65","256","163","250"
"2023/09/13","18,560.0","18,560.0","18,560.0","18,560.0","+60.0","2","37","0","0","0.00","-","-","18,468.00","17,942.20","17,710.00","17,323.40","16,160.33","282","162","252"
"2023/09/12","18,470.0","18,500.0","18,470.0","18,500.0","+175.0","107","1,979","0","0","0.00","-","-","18,476.00","17,912.80","17,686.13","17,294.40","16,144.10","374","163","253"
"2023/09/11","18,320.0","18,325.0","18,315.0","18,325.0","-50.0","514","9,414","0","0","0.00","-","-","18,458.00","17,882.00","17,661.13","17,266.20","16,127.15","355","178","251"
"2023/09/08","18,345.0","18,380.0","18,345.0","18,375.0","-205.0","619","11,376","0","0","0.00","-","-","18,476.00","17,854.60","17,637.80","17,238.80","16,110.95","255","157","245"
"2023/09/07","18,610.0","18,640.0","18,545.0","18,580.0","-20.0","171","3,171","0","0","0.00","-","-","18,450.00","17,826.40","17,614.67","17,210.25","16,094.45","214","142","259"
"2023/09/06","18,595.0","18,635.0","18,595.0","18,600.0","+190.0","459","8,552","0","0","0.00","-","-","18,349.00","17,798.20","17,589.27","17,178.65","16,077.00","181","137","258"
"2023/09/05","18,490.0","18,490.0","18,390.0","18,410.0","-5.0","15","277","0","0","0.00","-","-","18,213.00","17,780.60","17,565.07","17,146.95","16,059.38","91","119","253"
"2023/09/04","18,405.0","18,415.0","18,385.0","18,415.0","+170.0","12","221","2","0","0.00","5.00","-","18,093.00","17,763.80","17,541.53","17,115.95","16,042.58","106","130","253"
"2023/09/01","18,050.0","18,250.0","18,050.0","18,245.0","+170.0","415","7,564","2","0","0.00","5.00","-","17,968.00","17,729.40","17,517.80","17,083.40","16,026.48","142","131","253"
"2023/08/31","18,110.0","18,110.0","18,075.0","18,075.0","+155.0","5","90","2","0","0.00","5.00","-","17,821.00","17,712.60","17,493.47","17,051.95","16,009.60","70","128","248"
"2023/08/30","17,920.0","17,920.0","17,920.0","17,920.0","+110.0","11","197","2","0","0.00","5.00","-","17,749.00","17,697.20","17,470.40","17,021.70","15,994.00","141","129","249"
"2023/08/29","17,805.0","17,855.0","17,805.0","17,810.0","+20.0","91","1,622","2","0","0.00","5.00","-","17,684.00","17,687.60","17,448.00","16,994.70","15,979.65","139","139","250"
"2023/08/28","17,675.0","17,790.0","17,675.0","17,790.0","+280.0","191","3,394","2","0","0.00","5.00","-","17,628.00","17,682.00","17,425.40","16,971.85","15,964.93","123","154","249"
"2023/08/25","17,780.0","17,780.0","17,490.0","17,510.0","-205.0","52","911","2","0","0.00","5.00","-","17,553.00","17,670.60","17,401.53","16,948.70","15,949.33","195","147","247"
"2023/08/24","17,595.0","17,715.0","17,595.0","17,715.0","+120.0","360","6,354","2","0","0.00","5.00","-","17,501.00","17,671.00","17,381.73","16,927.65","15,936.05","197","149","247"
"2023/08/23","17,595.0","17,595.0","17,595.0","17,595.0","+65.0","4","70","2","0","0.00","0.00","-","17,442.00","17,665.00","17,360.47","16,901.70","15,921.55","127","141","244"
"2023/08/22","17,425.0","17,530.0","17,425.0","17,530.0","+115.0","12","210","2","0","0.00","0.00","-","17,421.00","17,659.00","17,337.87","16,876.40","15,907.15","137","142","273"
"2023/08/21","17,395.0","17,415.0","17,320.0","17,415.0","+165.0","547","9,517","2","0","0.00","5.00","-","17,471.00","17,650.60","17,316.67","16,849.75","15,892.20","167","143","274"
"2023/08/18","17,315.0","17,330.0","17,250.0","17,250.0","-170.0","64","1,107","2","0","0.00","5.00","-","17,520.00","17,648.00","17,297.73","16,824.30","15,878.00","65","122","268"
"2023/08/17","17,420.0","17,420.0","17,420.0","17,420.0","-70.0","9","157","2","0","0.00","5.00","-","17,642.00","17,644.80","17,278.67","16,799.60","15,865.33","78","121","268"
"2023/08/16","17,605.0","17,605.0","17,475.0","17,490.0","-290.0","55","963","2","0","0.00","5.00","-","17,703.00","17,639.20","17,254.60","16,773.55","15,851.28","79","134","270"
"2023/08/15","17,780.0","17,815.0","17,760.0","17,780.0","+120.0","163","2,900","2","0","0.00","5.00","-","17,770.00","17,634.80","17,228.87","16,747.45","15,836.20","72","141","270"
"2023/08/14","17,890.0","17,890.0","17,660.0","17,660.0","-200.0","38","675","2","0","0.00","5.00","-","17,760.00","17,624.60","17,200.53","16,715.85","15,819.45","137","146","271"
"2023/08/10","17,705.0","17,860.0","17,705.0","17,860.0","+135.0","125","2,228","2","0","0.00","5.00","-","17,756.00","17,625.20","17,173.87","16,687.60","15,803.65","130","194","270"
"2023/08/09","17,705.0","17,725.0","17,705.0","17,725.0","-100.0","14","248","2","0","0.00","5.00","-","17,718.00","17,633.20","17,144.13","16,655.90","15,787.38","153","190","269"
"2023/08/08","17,850.0","17,850.0","17,825.0","17,825.0","+95.0","24","428","2","0","0.00","5.00","-","17,748.00","17,646.80","17,117.13","16,627.35","15,771.50","160","349","269"
"2023/08/07","17,540.0","17,730.0","17,540.0","17,730.0","+90.0","488","8,647","2","0","0.00","5.00","-","17,815.00","17,661.80","17,088.27","16,596.85","15,754.40","158","350","269"
"2023/08/04","17,595.0","17,640.0","17,595.0","17,640.0","-30.0","2","35","2","0","0.00","5.00","-","17,867.00","17,668.80","17,060.93","16,570.90","15,738.63","114","331","263"
"2023/08/03","17,705.0","17,705.0","17,670.0","17,670.0","-205.0","240","4,248","2","0","0.00","5.00","-","17,850.00","17,682.80","17,033.53","16,549.15","15,721.43","121","343","355"
"2023/08/02","17,960.0","17,970.0","17,875.0","17,875.0","-285.0","47","840","2","0","0.00","5.00","-","17,881.00","17,693.60","17,004.87","16,529.70","15,704.48","142","336","352"
"2023/08/01","18,090.0","18,160.0","18,065.0","18,160.0","+170.0","15","272","2","0","0.00","5.00","-","17,844.00","17,683.60","16,972.13","16,507.10","15,686.38","139","359","360"
"2023/07/31","17,955.0","18,055.0","17,950.0","17,990.0","+435.0","270","4,849","2","0","0.00","5.00","-","17,748.00","17,665.60","16,935.73","16,481.05","15,668.30","190","366","360"
"2023/07/28","17,570.0","17,710.0","17,510.0","17,555.0","-270.0","33","580","2","0","0.00","5.00","-","17,684.00","17,651.20","16,900.00","16,456.25","15,652.00","229","360","356"
"2023/07/27","17,715.0","17,825.0","17,715.0","17,825.0","+135.0","349","6,202","2","0","0.00","5.00","-","17,674.00","17,669.40","16,868.07","16,434.45","15,637.28","223","378","356"
"2023/07/26","17,765.0","17,765.0","17,640.0","17,690.0","+10.0","32","565","2","0","0.00","5.00","-","17,613.00","17,675.20","16,831.73","16,407.60","15,621.00","174","365","352"
"2023/07/25","17,665.0","17,690.0","17,665.0","17,680.0","+10.0","267","4,720","2","0","0.00","5.00","-","17,588.00","17,679.80","16,796.53","16,382.50","15,603.05","201","364","362"
"2023/07/24","17,640.0","17,670.0","17,640.0","17,670.0","+165.0","468","8,256","2","0","0.00","5.00","-","17,541.00","17,688.60","16,763.73","16,357.15","15,584.63","151","363","360"
"2023/07/21","17,515.0","17,515.0","17,505.0","17,505.0","-15.0","2","35","2","0","0.00","5.00","-","17,471.00","17,701.40","16,735.13","16,331.90","15,567.63","66","345","354"
"2023/07/20","17,530.0","17,530.0","17,520.0","17,520.0","-45.0","101","1,770","2","0","0.00","5.00","-","17,440.00","17,720.40","16,708.07","16,307.85","15,550.23","71","357","360"
"2023/07/19","17,550.0","17,565.0","17,550.0","17,565.0","+120.0","171","3,001","2","0","0.00","5.00","-","17,370.00","17,738.80","16,679.87","16,282.55","15,533.55","61","370","363"
"2023/07/18","17,445.0","17,445.0","17,400.0","17,445.0","+125.0","15","261","2","0","0.00","5.00","-","17,313.00","17,742.40","16,647.27","16,258.90","15,516.43","92","369","422"
"2023/07/14","17,360.0","17,360.0","17,315.0","17,320.0","-30.0","43","745","2","0","0.00","5.00","-","17,300.00","17,741.60","16,615.53","16,236.45","15,501.88","133","378","422"
"2023/07/13","17,220.0","17,350.0","17,220.0","17,350.0","+180.0","25","433","2","0","0.00","5.00","-","17,341.00","17,742.40","16,582.80","16,214.75","15,488.20","185","398","422"
"2023/07/12","17,295.0","17,295.0","17,110.0","17,170.0","-110.0","51","878","2","0","0.00","5.00","-","17,406.00","17,728.40","16,549.73","16,193.35","15,475.38","425","399","421"
"2023/07/11","17,380.0","17,380.0","17,250.0","17,280.0","-100.0","330","5,723","2","0","0.00","5.00","-","17,584.00","17,728.00","16,517.87","16,172.60","15,463.20","422","412","442"
"2023/07/10","17,525.0","17,525.0","17,350.0","17,380.0","-145.0","217","3,773","2","0","0.00","5.00","-","17,741.00","17,732.80","16,485.00","16,151.30","15,450.70","1,154","400","478"
"2023/07/07","17,560.0","17,595.0","17,525.0","17,525.0","-150.0","304","5,341","10","0","0.00","5.00","-","17,905.00","17,725.20","16,451.67","16,128.20","15,437.63","1,120","402","475"
"2023/07/06","17,790.0","17,820.0","17,675.0","17,675.0","-385.0","1,227","21,769","10","0","0.00","5.00","-","17,981.00","17,700.20","16,412.93","16,104.00","15,425.25","1,062","392","472"
"2023/07/05","18,030.0","18,065.0","18,030.0","18,060.0","-5.0","33","595","10","0","0.00","5.00","-","18,044.00","17,659.00","16,375.07","16,078.25","15,411.95","878","371","466"
"2023/07/04","18,090.0","18,110.0","18,050.0","18,065.0","-135.0","3,993","72,194","10","0","0.00","5.00","-","18,020.00","17,594.40","16,330.13","16,048.25","15,396.38","880","397","487"
"2023/07/03","18,100.0","18,200.0","18,100.0","18,200.0","+295.0","44","801","10","0","0.00","5.00","-","17,932.00","17,541.00","16,287.53","16,018.30","15,380.38","209","245","434"
"2023/06/30","17,910.0","17,910.0","17,905.0","17,905.0","-85.0","17","304","10","0","0.00","5.00","-","17,834.00","17,483.80","16,241.87","15,986.55","15,362.20","237","245","439"
"2023/06/29","18,080.0","18,080.0","17,990.0","17,990.0","+50.0","305","5,492","10","0","0.00","5.00","-","17,779.00","17,432.60","16,204.93","15,956.65","15,346.00","259","244","450"
"2023/06/28","17,730.0","17,940.0","17,730.0","17,940.0","+315.0","43","771","10","0","0.00","5.00","-","17,783.00","17,376.00","16,171.27","15,925.45","15,329.55","293","233","446"
"2023/06/27","17,705.0","17,705.0","17,600.0","17,625.0","-85.0","636","11,210","10","0","0.00","5.00","-","17,789.00","17,324.00","16,141.73","15,895.50","15,313.15","291","300","448"
"2023/06/26","17,635.0","17,765.0","17,600.0","17,710.0","+80.0","186","3,293","10","0","0.00","5.00","-","17,825.00","17,286.00","16,114.93","15,868.60","15,298.53","165","278","450"
"2023/06/23","18,035.0","18,055.0","17,630.0","17,630.0","-380.0","127","2,261","3","0","0.00","5.00","-","17,863.00","17,249.00","16,086.20","15,841.30","15,284.50","176","273","448"
"2023/06/22","18,040.0","18,060.0","18,010.0","18,010.0","+40.0","476","8,596","3","0","0.00","5.00","-","17,935.00","17,209.60","16,057.93","15,815.20","15,271.25","152","268","447"
"2023/06/21","17,885.0","17,970.0","17,875.0","17,970.0","+165.0","30","538","3","0","0.00","5.00","-","17,929.00","17,154.60","16,022.80","15,784.65","15,255.25","120","251","442"
"2023/06/20","17,830.0","17,835.0","17,805.0","17,805.0","-95.0","10","178","3","0","0.00","5.00","-","17,931.00","17,092.60","15,985.07","15,755.15","15,240.88","199","251","442"
"2023/06/19","18,070.0","18,070.0","17,835.0","17,900.0","-90.0","239","4,268","3","0","0.00","5.00","-","17,901.00","17,034.20","15,950.07","15,726.65","15,227.15","223","253","452"
"2023/06/16","17,990.0","17,990.0","17,990.0","17,990.0","+10.0","8","144","3","0","0.00","5.00","-","17,806.00","16,967.80","15,913.33","15,695.05","15,212.48","226","249","451"
"2023/06/15","17,965.0","18,060.0","17,925.0","17,980.0","0.0","313","5,632","3","0","0.00","5.00","-","17,676.00","16,892.80","15,875.40","15,661.05","15,197.40","333","249","451"
"2023/06/14","17,820.0","18,040.0","17,820.0","17,980.0","+325.0","429","7,707","3","0","0.00","5.00","-","17,480.00","16,813.60","15,837.00","15,626.20","15,183.25","279","237","447"
"2023/06/13","17,485.0","17,680.0","17,485.0","17,655.0","+230.0","129","2,268","3","0","0.00","5.00","-","17,316.00","16,735.40","15,797.13","15,593.30","15,169.28","269","221","460"
"2023/06/12","17,410.0","17,465.0","17,380.0","17,425.0","+85.0","255","4,434","3","0","0.00","5.00","-","17,265.00","16,674.00","15,764.40","15,560.95","15,156.70","246","222","475"
"2023/06/09","17,200.0","17,340.0","17,200.0","17,340.0","+340.0","543","9,383","3","0","0.00","5.00","-","17,218.00","16,613.00","15,734.73","15,529.35","15,145.95","254","300","473"
"2023/06/08","17,160.0","17,160.0","17,000.0","17,000.0","-160.0","40","681","3","0","0.00","5.00","-","17,130.00","16,557.00","15,705.53","15,499.95","15,134.60","152","281","465"
"2023/06/07","17,435.0","17,435.0","17,155.0","17,160.0","-240.0","381","6,562","3","0","0.00","5.00","-","17,059.00","16,516.80","15,681.67","15,474.50","15,125.10","287","284","465"
"2023/06/06","17,190.0","17,400.0","17,190.0","17,400.0","+210.0","15","260","3","0","0.00","5.00","-","16,916.00","16,463.20","15,654.13","15,447.05","15,114.50","345","271","460"
"2023/06/05","17,155.0","17,200.0","17,145.0","17,190.0","+290.0","291","4,996","3","0","0.00","5.00","-","16,782.00","16,391.80","15,624.13","15,415.80","15,100.90","383","276","460"
"2023/06/02","16,745.0","16,900.0","16,745.0","16,900.0","+255.0","33","555","3","0","0.00","5.00","-","16,698.00","16,326.60","15,595.87","15,386.20","15,088.45","332","266","458"
"2023/06/01","16,570.0","16,645.0","16,570.0","16,645.0","+200.0","716","11,907","3","0","0.00","5.00","-","16,643.00","16,276.80","15,571.93","15,358.95","15,078.10","327","274","509"
"2023/05/31","16,600.0","16,600.0","16,445.0","16,445.0","-285.0","670","11,094","3","0","0.00","5.00","-","16,629.00","16,237.40","15,551.33","15,335.25","15,068.88","188","245","501"
"2023/05/30","16,650.0","16,730.0","16,630.0","16,730.0","-40.0","208","3,460","3","0","0.00","5.00","-","16,668.00","16,204.80","15,532.87","15,315.55","15,060.13","399","220","493"
"2023/05/29","16,815.0","16,815.0","16,770.0","16,770.0","+145.0","33","554","3","0","0.00","5.00","-","16,657.00","16,163.60","15,510.73","15,292.95","15,049.93","370","212","494"
"2023/05/26","16,590.0","16,625.0","16,590.0","16,625.0","+50.0","8","133","3","0","0.00","5.00","-","16,660.00","16,119.20","15,487.47","15,271.30","15,039.50","376","211","494"
"2023/05/25","16,620.0","16,645.0","16,575.0","16,575.0","-65.0","25","415","3","0","0.00","5.00","-","16,664.00","16,081.40","15,464.67","15,251.10","15,030.95","378","212","494"
"2023/05/24","16,350.0","16,670.0","16,350.0","16,640.0","-35.0","1,723","28,672","3","0","0.00","5.00","-","16,676.00","16,041.80","15,441.93","15,231.20","15,022.00","381","487","495"
"2023/05/23","16,830.0","16,870.0","16,675.0","16,675.0","-110.0","64","1,076","3","0","0.00","5.00","-","16,632.00","15,997.00","15,419.33","15,210.30","15,013.18","44","420","472"
"2023/05/22","16,585.0","16,785.0","16,585.0","16,785.0","+140.0","60","999","3","0","0.00","5.00","-","16,566.00","15,946.80","15,396.13","15,190.00","15,004.13","44","442","485"
"2023/05/19","16,670.0","16,730.0","16,645.0","16,645.0","+10.0","22","367","3","0","0.00","5.00","-","16,457.00","15,892.60","15,372.07","15,167.55","14,994.28","57","440","486"
"2023/05/18","16,585.0","16,635.0","16,570.0","16,635.0","+215.0","38","632","3","0","0.00","5.00","-","16,351.00","15,839.20","15,350.40","15,147.35","14,985.05","54","440","486"
"2023/05/17","16,370.0","16,420.0","16,370.0","16,420.0","+75.0","40","655","3","0","0.00","5.00","-","16,224.00","15,780.20","15,328.00","15,129.50","14,976.60","52","439","486"
"2023/05/16","16,280.0","16,345.0","16,280.0","16,345.0","+105.0","63","1,028","3","0","0.00","5.00","-","16,145.00","15,727.40","15,309.33","15,115.35","14,968.78","46","439","486"
"2023/05/15","16,175.0","16,240.0","16,175.0","16,240.0","+125.0","122","1,976","3","0","0.00","5.00","-","16,100.00","15,675.60","15,290.80","15,103.55","14,961.40","66","470","498"
"2023/05/12","16,140.0","16,140.0","16,110.0","16,115.0","+115.0","11","177","3","0","0.00","5.00","-","16,032.00","15,634.80","15,270.80","15,093.20","14,952.93","484","467","497"
"2023/05/11","15,985.0","16,000.0","15,985.0","16,000.0","-25.0","25","400","3","0","0.00","5.00","-","15,997.00","15,611.20","15,250.47","15,083.25","14,944.50","496","467","498"
"2023/05/10","16,025.0","16,025.0","16,025.0","16,025.0","-95.0","13","208","3","0","0.00","5.00","-","15,996.00","15,590.20","15,230.40","15,073.70","14,936.80","514","487","498"
"2023/05/09","15,980.0","16,135.0","15,980.0","16,120.0","+220.0","160","2,576","3","0","0.00","5.00","-","15,955.00","15,565.40","15,212.60","15,064.20","14,928.73","521","497","506"
"2023/05/08","15,945.0","15,945.0","15,900.0","15,900.0","-40.0","2,215","35,222","0","0","0.00","-","-","15,854.00","15,525.40","15,189.93","15,052.00","14,920.03","518","675","504"
"2023/05/02","16,005.0","16,025.0","15,940.0","15,940.0","-55.0","68","1,088","0","0","0.00","-","-","15,786.00","15,492.00","15,168.13","15,042.70","14,913.60","82","588","478"
"2023/05/01","15,880.0","15,995.0","15,880.0","15,995.0","+175.0","117","1,866","0","0","0.00","-","-","15,729.00","15,449.00","15,147.60","15,033.45","14,906.23","115","585","486"
"2023/04/28","15,775.0","15,820.0","15,775.0","15,820.0","+205.0","47","742","0","0","0.00","-","-","15,662.00","15,404.00","15,127.07","15,022.85","14,898.03","92","581","505"
"2023/04/27","15,510.0","15,635.0","15,510.0","15,615.0","+55.0","145","2,251","0","0","0.00","-","-","15,624.00","15,362.40","15,108.33","15,014.55","14,890.33","90","642","505"
"2023/04/26","15,600.0","15,600.0","15,525.0","15,560.0","-95.0","34","529","0","0","0.00","-","-","15,641.00","15,330.40","15,090.47","15,011.05","14,884.83","62","758","507"
"2023/04/25","15,705.0","15,765.0","15,655.0","15,655.0","-5.0","232","3,643","0","0","0.00","-","-","15,661.00","15,303.20","15,072.73","15,007.70","14,879.38","58","758","507"
"2023/04/24","15,660.0","15,660.0","15,660.0","15,660.0","+30.0","5","78","0","0","0.00","-","-","15,666.00","15,261.80","15,053.00","15,003.95","14,872.23","18","751","525"
"2023/04/21","15,700.0","15,710.0","15,625.0","15,630.0","-70.0","38","596","0","0","0.00","-","-","15,651.00","15,228.80","15,034.53","15,000.80","14,866.35","1,397","782","639"
"2023/04/20","15,700.0","15,700.0","15,700.0","15,700.0","+40.0","5","79","0","0","0.00","-","-","15,629.00","15,191.20","15,019.13","14,999.30","14,861.55","1,397","844","645"
"2023/04/19","15,655.0","15,660.0","15,655.0","15,660.0","-20.0","12","188","0","0","0.00","-","-","15,573.00","15,158.00","15,002.73","14,997.25","14,856.73","1,520","845","650"
"2023/04/18","15,620.0","15,705.0","15,620.0","15,680.0","+95.0","34","532","0","0","0.00","-","-","15,527.00","15,122.60","14,988.67","14,993.80","14,851.45","1,520","861","669"
"2023/04/17","15,560.0","15,585.0","15,535.0","15,585.0","+65.0","6,900","107,215","0","0","0.00","-","-","15,453.00","15,100.80","14,974.33","14,988.10","14,845.25","1,518","892","672"
"2023/04/14","15,510.0","15,520.0","15,510.0","15,520.0","+100.0","35","543","0","0","0.00","-","-","15,368.00","15,096.00","14,961.00","14,983.10","14,839.00","140","618","582"
"2023/04/13","15,400.0","15,420.0","15,400.0","15,420.0","-10.0","620","9,548","0","0","0.00","-","-","15,284.00","15,104.20","14,948.07","14,978.65","14,833.43","139","623","583"
"2023/04/12","15,355.0","15,430.0","15,355.0","15,430.0","+120.0","14","216","0","0","0.00","-","-","15,210.00","15,112.00","14,937.73","14,975.35","14,828.58","182","630","576"
"2023/04/11","15,305.0","15,320.0","15,305.0","15,310.0","+150.0","24","368","0","0","0.00","-","-","15,168.00","15,117.00","14,925.87","14,971.80","14,821.80","189","631","588"
"2023/04/10","15,200.0","15,200.0","15,160.0","15,160.0","+60.0","11","167","0","0","0.00","-","-","15,211.00","15,125.00","14,916.73","14,969.20","14,816.60","190","632","676"
"2023/04/07","15,060.0","15,100.0","15,060.0","15,100.0","+50.0","28","423","0","0","0.00","-","-","15,274.00","15,133.60","14,912.60","14,969.55","14,813.40","289","637","676"
"2023/04/06","15,105.0","15,105.0","15,035.0","15,050.0","-170.0","837","12,607","0","0","0.00","-","-","15,335.00","15,135.20","14,911.33","14,967.25","14,810.00","336","637","676"
"2023/04/05","15,400.0","15,400.0","15,220.0","15,220.0","-305.0","48","733","0","0","0.00","-","-","15,349.00","15,140.40","14,912.87","14,966.30","14,807.65","1,095","634","666"
"2023/04/04","15,490.0","15,525.0","15,490.0","15,525.0","+50.0","26","403","0","0","0.00","-","-","15,318.00","15,137.40","14,912.67","14,964.60","14,805.43","1,090","637","666"
"2023/04/03","15,460.0","15,475.0","15,460.0","15,475.0","+70.0","507","7,846","0","0","0.00","-","-","15,186.00","15,122.20","14,907.27","14,958.00","14,803.30","1,085","637","666"
"2023/03/31","15,340.0","15,600.0","15,340.0","15,405.0","+285.0","265","4,084","0","0","0.00","-","-","15,065.00","15,107.20","14,901.53","14,949.95","14,802.38","987","617","659"
"2023/03/30","15,175.0","15,400.0","15,120.0","15,120.0","+55.0","4,630","70,107","0","0","0.00","-","-","14,940.00","15,090.60","14,897.13","14,944.45","14,801.78","1,246","664","739"
"2023/03/29","14,945.0","15,065.0","14,895.0","15,065.0","+200.0","24","361","0","0","0.00","-","-","14,879.00","15,093.80","14,894.20","14,941.40","14,801.70","929","529","677"
"2023/03/28","14,910.0","14,910.0","14,865.0","14,865.0","-5.0","3","45","0","0","0.00","-","-","14,842.00","15,099.20","14,892.93","14,937.90","14,801.68","931","530","734"
"2023/03/27","14,830.0","14,870.0","14,830.0","14,870.0","+90.0","16","238","0","0","0.00","-","-","14,793.00","15,110.60","14,894.93","14,934.65","14,802.33","943","530","741"
"2023/03/24","14,735.0","14,800.0","14,730.0","14,780.0","-35.0","1,560","22,984","0","0","0.00","-","-","14,786.00","15,124.20","14,895.80","14,931.70","14,802.55","1,097","531","741"
"2023/03/23","14,760.0","14,815.0","14,685.0","14,815.0","-65.0","3,044","44,951","0","0","0.00","-","-","14,768.00","15,136.80","14,898.60","14,931.05","14,803.68","1,100","468","730"
"2023/03/22","14,885.0","14,900.0","14,880.0","14,880.0","+260.0","35","521","1","0","0.00","5.00","-","14,779.00","15,150.20","14,904.60","14,929.00","14,803.78","499","347","717"
"2023/03/20","14,745.0","14,790.0","14,620.0","14,620.0","-215.0","63","924","1","0","0.00","5.00","-","14,758.00","15,157.80","14,909.20","14,924.95","14,803.95","577","350","717"
"2023/03/17","14,765.0","14,835.0","14,740.0","14,835.0","+145.0","784","11,608","1","0","0.00","5.00","-","14,861.00","15,177.20","14,918.00","14,923.05","14,803.93","726","503","717"
"2023/03/16","14,570.0","14,690.0","14,500.0","14,690.0","-180.0","1,576","22,915","0","2","0.00","-","-","14,987.00","15,187.80","14,924.80","14,919.70","14,802.58","576","476","707"
"2023/03/15","15,075.0","15,075.0","14,855.0","14,870.0","+95.0","39","581","0","0","0.00","-","-","15,194.00","15,202.60","14,935.33","14,918.85","14,801.90","292","414","687"
"2023/03/14","14,945.0","14,945.0","14,760.0","14,775.0","-360.0","425","6,283","0","0","0.00","-","-","15,343.00","15,210.60","14,943.67","14,915.65","14,800.38","447","424","688"
"2023/03/13","15,280.0","15,280.0","15,105.0","15,135.0","-330.0","810","12,289","0","0","0.00","-","-","15,499.00","15,220.60","14,950.87","14,911.95","14,799.53","368","409","683"
"2023/03/10","15,575.0","15,575.0","15,465.0","15,465.0","-260.0","34","526","0","0","0.00","-","-","15,574.00","15,211.80","14,950.53","14,906.35","14,796.35","214","377","673"
"2023/03/09","15,695.0","15,735.0","15,695.0","15,725.0","+110.0","156","2,453","0","0","0.00","-","-","15,556.00","15,188.00","14,945.47","14,893.70","14,790.78","235","380","672"
"2023/03/08","15,560.0","15,620.0","15,560.0","15,615.0","+60.0","813","12,658","0","0","0.00","-","-","15,439.00","15,156.80","14,936.80","14,879.25","14,784.93","212","374","671"
"2023/03/07","15,515.0","15,570.0","15,515.0","15,555.0","+45.0","29","451","0","0","0.00","-","-","15,352.00","15,129.60","14,929.80","14,865.65","14,779.15","201","382","662"
"2023/03/06","15,480.0","15,520.0","15,470.0","15,510.0","+135.0","39","605","0","0","0.00","-","-","15,270.00","15,106.60","14,923.40","14,855.55","14,773.50","218","386","663"
"2023/03/03","15,215.0","15,375.0","15,215.0","15,375.0","+235.0","142","2,179","0","0","0.00","-","-","15,197.00","15,087.00","14,917.27","14,847.75","14,767.95","215","386","663"
"2023/03/02","15,225.0","15,230.0","15,135.0","15,140.0","-40.0","37","562","0","0","0.00","-","-","15,142.00","15,070.20","14,914.87","14,840.10","14,761.80","190","382","664"
"2023/03/01","15,165.0","15,180.0","15,105.0","15,180.0","+35.0","758","11,494","0","0","0.00","-","-","15,112.00","15,065.40","14,911.27","14,834.40","14,757.58","470","381","664"
"2023/02/28","15,200.0","15,205.0","15,140.0","15,145.0","0.0","116","1,760","0","0","0.00","-","-","15,116.00","15,056.40","14,908.27","14,823.60","14,753.60","571","390","656"
"2023/02/27","15,095.0","15,150.0","15,095.0","15,145.0","+45.0","26","394","0","0","0.00","-","-","15,127.00","15,040.20","14,907.00","14,812.10","14,750.68","554","388","656"
"2023/02/24","14,990.0","15,100.0","14,990.0","15,100.0","+110.0","15","226","0","0","0.00","-","-","15,128.00","15,018.00","14,903.27","14,803.35","14,749.03","551","389","657"
"2023/02/22","15,040.0","15,040.0","14,990.0","14,990.0","-210.0","1,438","21,601","0","0","0.00","-","-","15,150.00","14,993.80","14,897.53","14,792.60","14,746.93","555","390","658"
"2023/02/21","15,195.0","15,215.0","15,175.0","15,200.0","0.0","1,261","19,161","0","0","0.00","-","-","15,171.00","14,981.80","14,895.73","14,784.55","14,745.28","268","357","642"
"2023/02/20","15,185.0","15,200.0","15,135.0","15,200.0","+50.0","32","485","0","0","0.00","-","-","15,161.00","14,950.60","14,890.60","14,773.95","14,740.98","19","309","626"
"2023/02/17","15,110.0","15,150.0","15,110.0","15,150.0","-60.0","10","151","0","0","0.00","-","-","15,135.00","14,913.20","14,884.13","14,767.30","14,737.63","32","316","626"
"2023/02/16","15,175.0","15,210.0","15,175.0","15,210.0","+115.0","34","517","0","0","0.00","-","-","15,126.00","14,883.20","14,876.00","14,761.65","14,734.55","811","344","626"
"2023/02/15","15,160.0","15,160.0","15,095.0","15,095.0","-55.0","5","76","0","0","0.00","-","-","15,104.00","14,853.00","14,867.53","14,757.40","14,732.25","822","403","625"
"2023/02/14","15,165.0","15,165.0","15,150.0","15,150.0","+80.0","15","227","0","0","0.00","-","-","15,097.00","14,825.80","14,862.47","14,753.80","14,731.25","827","405","626"
"2023/02/13","15,110.0","15,110.0","15,035.0","15,070.0","-35.0","96","1,444","0","0","0.00","-","-","15,081.00","14,790.80","14,855.27","14,750.10","14,729.43","882","415","627"
"2023/02/10","15,175.0","15,180.0","15,100.0","15,105.0","+5.0","3,909","59,187","0","0","0.00","-","-","15,072.00","14,757.20","14,847.33","14,747.05","14,727.03","873","413","626"
"2023/02/09","15,075.0","15,100.0","15,075.0","15,100.0","+40.0","87","1,313","0","0","0.00","-","-","15,034.00","14,720.00","14,838.33","14,746.50","14,723.78","94","320","575"
"2023/02/08","15,100.0","15,100.0","15,060.0","15,060.0","-10.0","32","482","0","0","0.00","-","-","14,988.00","14,687.00","14,830.33","14,745.65","14,721.28","98","658","616"
"2023/02/07","15,060.0","15,100.0","15,050.0","15,070.0","+45.0","286","4,315","0","0","0.00","-","-","14,965.00","14,663.60","14,824.27","14,744.50","14,719.23","96","676","616"
"2023/02/06","15,100.0","15,100.0","15,025.0","15,025.0","+110.0","51","767","0","0","0.00","-","-","14,938.00","14,639.60","14,817.33","14,742.45","14,716.35","241","682","612"
"2023/02/03","14,935.0","14,935.0","14,900.0","14,915.0","+45.0","18","269","0","0","0.00","-","-","14,929.00","14,622.80","14,809.07","14,737.85","14,713.00","254","737","612"
"2023/02/02","14,935.0","14,935.0","14,860.0","14,870.0","-75.0","107","1,591","0","0","0.00","-","-","14,950.00","14,610.40","14,804.53","14,735.35","14,710.93","257","748","614"
"2023/02/01","15,075.0","15,075.0","14,935.0","14,945.0","+10.0","18","270","0","0","0.00","-","-","14,967.00","14,599.00","14,795.60","14,733.65","14,709.15","245","748","613"
"2023/01/31","15,035.0","15,040.0","14,935.0","14,935.0","-45.0","1,011","15,103","0","0","0.00","-","-","14,982.00","14,583.20","14,786.73","14,730.80","14,707.05","245","753","613"
"2023/01/30","15,005.0","15,020.0","14,965.0","14,980.0","-40.0","117","1,755","0","0","0.00","-","-","14,986.00","14,571.60","14,777.67","14,728.45","14,706.33","238","717","602"
"2023/01/27","14,985.0","15,035.0","14,985.0","15,020.0","+65.0","33","495","0","0","0.00","-","-","14,938.00","14,554.00","14,771.87","14,727.70","14,706.05","227","747","601"
"2023/01/26","15,020.0","15,030.0","14,955.0","14,955.0","-65.0","47","705","0","0","0.00","-","-","14,852.00","14,538.20","14,768.00","14,727.30","14,705.85","233","1,009","601"
"2023/01/25","14,905.0","15,020.0","14,905.0","15,020.0","+65.0","20","300","0","0","0.00","-","-","14,760.00","14,534.00","14,763.40","14,725.85","14,705.90","230","1,009","601"
"2023/01/24","14,835.0","14,955.0","14,835.0","14,955.0","+215.0","975","14,563","0","0","0.00","-","-","14,694.00","14,533.40","14,757.40","14,726.60","14,705.88","350","1,011","602"
"2023/01/23","14,750.0","14,750.0","14,675.0","14,740.0","+150.0","64","941","0","0","0.00","-","-","14,587.00","14,541.80","14,746.00","14,727.65","14,706.15","164","973","622"
"2023/01/20","14,510.0","14,600.0","14,510.0","14,590.0","+95.0","61","889","0","0","0.00","-","-","14,492.00","14,560.40","14,736.07","14,729.90","14,708.03","195","972","623"
"2023/01/19","14,535.0","14,590.0","14,495.0","14,495.0","-195.0","32","465","0","0","0.00","-","-","14,454.00","14,581.60","14,731.80","14,733.75","14,710.20","326","971","634"
"2023/01/18","14,430.0","14,690.0","14,430.0","14,690.0","+270.0","622","9,124","0","0","0.00","-","-","14,446.00","14,603.60","14,725.53","14,740.30","14,713.13","623","971","636"
"2023/01/17","14,335.0","14,420.0","14,335.0","14,420.0","+155.0","43","617","0","0","0.00","-","-","14,391.00","14,619.00","14,718.80","14,745.25","14,714.83","505","1,195","675"
"2023/01/16","14,365.0","14,365.0","14,265.0","14,265.0","-135.0","218","3,117","0","0","0.00","-","-","14,362.00","14,638.20","14,715.07","14,752.45","14,718.03","551","1,194","680"
"2023/01/13","14,450.0","14,500.0","14,390.0","14,400.0","-55.0","716","10,329","0","0","0.00","-","-","14,355.00","14,666.40","14,718.67","14,762.55","14,720.20","517","1,356","678"
"2023/01/12","14,450.0","14,475.0","14,420.0","14,455.0","+40.0","1,516","21,914","0","0","0.00","-","-","14,310.00","14,691.00","14,721.13","14,769.25","14,720.53","692","1,348","671"
"2023/01/11","14,350.0","14,415.0","14,345.0","14,415.0","+140.0","34","488","0","1","0.00","-","-","14,274.00","14,710.20","14,725.53","14,775.70","14,720.23","2,095","1,289","652"
"2023/01/10","14,400.0","14,400.0","14,260.0","14,275.0","+45.0","274","3,916","15","0","0.00","5.00","-","14,286.00","14,733.20","14,729.80","14,781.95","14,718.48","2,186","1,318","652"
"2023/01/06","14,130.0","14,250.0","14,125.0","14,230.0","+55.0","48","682","16","0","0.00","5.00","-","14,325.00","14,772.80","14,736.53","14,786.00","14,716.28","2,215","1,390","649"
"2023/01/05","14,245.0","14,395.0","14,130.0","14,175.0","-100.0","1,589","22,489","16","0","0.00","5.00","-","14,400.00","14,812.60","14,743.67","14,790.70","14,713.83","2,494","1,389","652"
"2023/01/04","14,470.0","14,470.0","14,250.0","14,275.0","-200.0","8,531","122,027","266","0","0.00","5.00","-","14,486.00","14,856.80","14,755.33","14,797.25","14,710.85","2,231","1,327","630"
"2022/12/30","14,560.0","14,560.0","14,475.0","14,475.0","+5.0","492","7,145","0","0","0.00","-","-","14,548.00","14,899.60","14,765.20","14,802.50","14,708.43","549","988","520"
"2022/12/29","14,600.0","14,600.0","14,435.0","14,470.0","-135.0","416","6,030","10","0","0.00","5.00","-","14,563.00","14,939.80","14,771.47","14,804.70","14,702.30","477","971","514"
"2022/12/28","14,605.0","14,605.0","14,540.0","14,605.0","0.0","1,446","21,080","12","0","0.00","5.00","-","14,598.00","14,980.80","14,776.73","14,806.90","14,696.28","415","959","509"
"2022/12/27","14,690.0","14,690.0","14,605.0","14,605.0","+20.0","272","3,988","16","0","0.00","5.00","-","14,585.00","15,009.20","14,776.20","14,807.70","14,691.18","301","904","501"
"2022/12/26","14,580.0","14,610.0","14,550.0","14,585.0","+35.0","120","1,750","16","0","0.00","5.00","-","14,589.00","15,029.40","14,777.00","14,810.80","14,687.75","1,566","893","497"
"2022/12/23","14,540.0","14,570.0","14,470.0","14,550.0","-95.0","135","1,960","16","0","0.00","5.00","-","14,642.00","15,049.40","14,778.53","14,812.80","14,685.90","1,550","889","496"
"2022/12/22","14,560.0","14,645.0","14,560.0","14,645.0","+105.0","105","1,533","16","0","0.00","5.00","-","14,733.00","15,070.40","14,780.00","14,816.05","14,683.40","1,534","885","495"
"2022/12/21","14,610.0","14,645.0","14,505.0","14,540.0","-85.0","875","12,730","16","0","0.00","5.00","-","14,837.00","15,088.20","14,780.73","14,818.25","14,681.78","1,523","887","612"
"2022/12/20","14,900.0","14,915.0","14,555.0","14,625.0","-225.0","6,595","96,172","16","0","0.00","5.00","-","14,970.00","15,109.60","14,785.60","14,821.00","14,680.13","1,354","858","632"
"2022/12/19","14,890.0","14,910.0","14,850.0","14,850.0","-155.0","40","595","16","0","0.00","5.00","-","15,069.00","15,126.60","14,790.33","14,822.75","14,678.03","43","595","595"
"2022/12/16","15,015.0","15,070.0","14,990.0","15,005.0","-160.0","57","856","0","0","0.00","-","-","15,108.00","15,140.40","14,789.80","14,823.70","14,674.08","39","601","603"
"2022/12/15","15,150.0","15,210.0","15,150.0","15,165.0","-40.0","48","729","0","0","0.00","-","-","15,122.00","15,135.00","14,791.00","14,822.20","14,670.40","1,272","601","602"
"2022/12/14","15,120.0","15,205.0","15,120.0","15,205.0","+85.0","31","470","0","0","0.00","-","-","15,069.00","15,126.60","14,789.60","14,819.25","14,667.15","1,269","604","602"
"2022/12/13","15,155.0","15,170.0","15,100.0","15,120.0","+75.0","39","590","0","0","0.00","-","-","15,022.00","15,120.40","14,786.40","14,812.65","14,665.45","2,115","608","602"
"2022/12/12","15,010.0","15,045.0","14,995.0","15,045.0","-30.0","24","361","0","0","0.00","-","-","15,001.00","15,110.20","14,784.47","14,805.75","14,663.08","2,212","610","603"
"2022/12/09","15,030.0","15,090.0","15,030.0","15,075.0","+175.0","6,221","93,697","0","0","0.00","-","-","14,979.00","15,095.20","14,785.87","14,799.90","14,661.73","2,214","613","602"
"2022/12/08","14,930.0","14,930.0","14,830.0","14,900.0","-70.0","32","477","0","0","0.00","-","-","14,962.00","15,086.40","14,787.33","14,793.25","14,658.78","1,119","374","520"
"2022/12/07","14,930.0","15,005.0","14,880.0","14,970.0","-45.0","4,262","63,487","0","0","0.00","-","-","15,035.00","15,083.00","14,790.53","14,788.05","14,657.68","1,528","374","520"
"2022/12/06","14,940.0","15,015.0","14,940.0","15,015.0","+80.0","522","7,815","0","0","0.00","-","-","15,086.00","15,072.80","14,794.60","14,784.50","14,657.30","680","205","465"
"2022/12/05","14,995.0","14,995.0","14,900.0","14,935.0","-55.0","35","523","0","0","0.00","-","-","15,139.00","15,053.80","14,795.33","14,779.00","14,656.58","582","184","458"
"2022/12/02","15,155.0","15,155.0","14,945.0","14,990.0","-275.0","746","11,198","0","0","0.00","-","-","15,221.00","15,039.40","14,797.53","14,773.20","14,655.95","590","184","469"
"2022/12/01","15,365.0","15,365.0","15,265.0","15,265.0","+40.0","2,077","31,716","0","0","0.00","-","-","15,319.00","15,028.40","14,798.20","14,766.10","14,654.33","452","155","472"
"2022/11/30","15,230.0","15,235.0","15,175.0","15,225.0","-55.0","24","365","0","0","0.00","-","-","15,365.00","15,002.20","14,790.40","14,758.60","14,651.60","61","75","465"
"2022/11/29","15,310.0","15,310.0","15,235.0","15,280.0","-65.0","31","474","0","0","0.00","-","-","15,383.00","14,972.20","14,783.40","14,751.05","14,648.55","69","75","476"
"2022/11/28","15,500.0","15,500.0","15,330.0","15,345.0","-135.0","74","1,141","0","0","0.00","-","-","15,349.00","14,938.20","14,777.40","14,740.50","14,645.80","64","78","476"
"2022/11/25","15,465.0","15,485.0","15,450.0","15,480.0","-15.0","54","835","0","0","0.00","-","-","15,297.00","14,904.40","14,770.13","14,731.90","14,641.23","52","201","477"
"2022/11/24","15,435.0","15,505.0","15,435.0","15,495.0","+180.0","126","1,948","0","0","0.00","-","-","15,216.00","14,869.40","14,759.67","14,723.80","14,636.18","47","199","481"
"2022/11/22","15,185.0","15,335.0","15,185.0","15,315.0","+205.0","62","947","0","0","0.00","-","-","15,135.00","14,831.60","14,748.93","14,716.20","14,630.55","56","196","481"
"2022/11/21","15,095.0","15,135.0","15,085.0","15,110.0","+25.0","8","121","0","0","0.00","-","-","15,087.00","14,795.20","14,740.53","14,709.10","14,624.03","70","194","492"
"2022/11/18","15,110.0","15,140.0","15,080.0","15,085.0","+10.0","10","151","0","0","0.00","-","-","15,075.00","14,773.80","14,737.93","14,702.40","14,620.48","76","201","579"
"2022/11/17","15,055.0","15,090.0","15,055.0","15,075.0","-15.0","32","482","0","0","0.00","-","-","15,097.00","14,738.40","14,733.93","14,694.90","14,617.00","113","203","579"
"2022/11/16","15,115.0","15,115.0","14,960.0","15,090.0","+15.0","172","2,579","0","0","0.00","-","-","15,056.00","14,706.60","14,731.27","14,688.20","14,615.40","113","202","579"
"2022/11/15","15,020.0","15,085.0","15,020.0","15,075.0","+25.0","130","1,958","0","0","0.00","-","-","15,029.00","14,673.20","14,728.27","14,681.80","14,613.00","104","202","577"
"2022/11/14","15,185.0","15,195.0","15,050.0","15,050.0","-145.0","36","543","0","0","0.00","-","-","15,024.00","14,652.00","14,724.80","14,671.80","14,611.60","108","198","576"
"2022/11/11","15,100.0","15,200.0","15,100.0","15,195.0","+325.0","196","2,971","0","0","0.00","-","-","14,987.00","14,639.20","14,721.47","14,664.00","14,613.45","115","198","576"
"2022/11/10","14,860.0","14,875.0","14,840.0","14,870.0","-85.0","33","490","0","0","0.00","-","-","14,882.00","14,615.80","14,718.13","14,657.25","14,613.03","99","191","574"
"2022/11/09","15,070.0","15,070.0","14,955.0","14,955.0","-95.0","127","1,901","9","0","0.00","5.00","-","14,879.00","14,603.80","14,717.93","14,652.75","14,614.78","139","195","575"
"2022/11/08","14,920.0","15,050.0","14,920.0","15,050.0","+185.0","149","2,234","9","0","0.00","5.00","-","14,851.00","14,569.60","14,716.80","14,649.00","14,615.48","118","288","615"
"2022/11/07","14,780.0","14,875.0","14,780.0","14,865.0","+195.0","72","1,070","11","0","0.00","5.00","-","14,784.00","14,527.40","14,710.07","14,646.25","14,616.98","97","287","616"
"2022/11/04","14,730.0","14,785.0","14,660.0","14,670.0","-185.0","118","1,738","11","0","0.00","5.00","-","14,719.00","14,503.60","14,704.27","14,648.60","14,619.75","85","320","616"
"2022/11/02","14,855.0","14,895.0","14,855.0","14,855.0","+40.0","229","3,403","8","0","0.00","5.00","-","14,700.00","14,477.80","14,701.47","14,654.80","14,622.00","65","322","615"
"2022/11/01","14,795.0","14,815.0","14,780.0","14,815.0","+100.0","26","385","8","0","0.00","5.00","-","14,672.00","14,451.00","14,695.53","14,659.10","14,623.80","26","456","612"
"2022/10/31","14,655.0","14,715.0","14,655.0","14,715.0","+175.0","42","618","8","0","0.00","5.00","-","14,631.00","14,424.00","14,689.73","14,662.00","14,625.78","35","471","614"
"2022/10/28","14,495.0","14,565.0","14,495.0","14,540.0","-35.0","13","189","8","0","0.00","5.00","-","14,583.00","14,416.80","14,688.40","14,665.45","14,632.13","31","473","618"
"2022/10/27","14,690.0","14,690.0","14,575.0","14,575.0","-140.0","19","278","8","0","0.00","5.00","-","14,561.00","14,418.60","14,687.40","14,670.00","14,638.93","51","481","620"
"2022/10/26","14,705.0","14,730.0","14,700.0","14,715.0","+105.0","32","471","11","0","0.00","5.00","-","14,546.00","14,427.00","14,684.47","14,673.40","14,643.90","674","483","621"
"2022/10/25","14,520.0","14,645.0","14,520.0","14,610.0","+135.0","71","1,038","11","0","0.00","5.00","-","14,524.00","14,427.80","14,678.67","14,676.30","14,648.00","673","482","632"
"2022/10/24","14,590.0","14,590.0","14,470.0","14,475.0","+45.0","21","305","12","0","0.00","5.00","-","14,512.00","14,434.60","14,677.40","14,678.55","14,653.00","664","481","642"
"2022/10/21","14,515.0","14,515.0","14,415.0","14,430.0","-70.0","112","1,622","12","0","0.00","5.00","-","14,498.00","14,446.20","14,677.33","14,682.95","14,658.08","667","491","653"
"2022/10/20","14,505.0","14,520.0","14,460.0","14,500.0","-105.0","3,136","45,487","12","0","0.00","5.00","-","14,527.00","14,471.00","14,674.60","14,684.80","14,663.50","677","487","684"
"2022/10/19","14,550.0","14,605.0","14,545.0","14,605.0","+55.0","26","379","13","0","0.00","5.00","-","14,467.00","14,491.60","14,674.40","14,685.45","14,668.58","63","372","652"
"2022/10/18","14,600.0","14,600.0","14,535.0","14,550.0","+145.0","29","422","13","0","0.00","5.00","-","14,402.00","14,505.20","14,675.27","14,684.95","14,672.60","59","371","662"
"2022/10/17","14,445.0","14,445.0","14,380.0","14,405.0","-170.0","32","460","13","0","0.00","5.00","-","14,343.00","14,517.80","14,677.73","14,685.10","14,676.45","89","373","672"
"2022/10/14","14,400.0","14,590.0","14,400.0","14,575.0","+375.0","166","2,411","13","0","0.00","5.00","-","14,371.00","14,524.20","14,680.40","14,687.10","14,681.15","89","405","682"
"2022/10/12","14,285.0","14,285.0","14,255.0","14,280.0","+25.0","3","43","17","0","0.00","5.00","-","14,484.00","14,547.80","14,680.40","14,687.85","14,692.55","54","396","698"
"2022/10/11","14,395.0","14,420.0","14,255.0","14,255.0","-290.0","179","2,565","17","0","0.00","5.00","-","14,542.00","14,563.00","14,682.07","14,690.60","14,698.28","82","399","710"
"2022/10/07","14,485.0","14,565.0","14,485.0","14,545.0","-185.0","33","479","17","0","0.00","5.00","-","14,511.00","14,580.80","14,684.67","14,692.65","14,703.40","536","746","729"
"2022/10/06","14,675.0","14,745.0","14,675.0","14,730.0","+120.0","30","441","24","0","0.00","5.00","-","14,401.00","14,595.20","14,678.40","14,691.45","14,707.48","553","840","732"
"2022/10/05","14,685.0","14,685.0","14,605.0","14,610.0","+40.0","27","395","27","0","0.00","5.00","-","14,309.00","14,605.20","14,672.27","14,688.15","14,710.55","726","993","779"
"2022/10/04","14,365.0","14,580.0","14,365.0","14,570.0","+470.0","142","2,058","27","0","0.00","5.00","-","14,192.00","14,613.20","14,671.07","14,683.50","14,714.70","755","1,017","809"
"2022/09/22","14,410.0","14,540.0","14,410.0","14,535.0","-50.0","96","1,388","8","0","0.00","5.00","-","14,684.00","14,864.60","14,741.33","14,708.00","14,749.88","89","717","1,006"
"2022/09/21","14,690.0","14,690.0","14,585.0","14,585.0","-200.0","207","3,030","9","0","0.00","5.00","-","14,730.00","14,894.20","14,748.33","14,707.95","14,752.85","121","716","1,016"
"2022/09/20","14,785.0","14,860.0","14,760.0","14,785.0","+50.0","75","1,109","9","0","0.00","5.00","-","14,823.00","14,913.60","14,753.80","14,707.45","14,757.08","81","708","1,064"
"2022/09/16","14,705.0","14,735.0","14,685.0","14,735.0","-45.0","20","294","9","0","0.00","5.00","-","14,869.00","14,926.20","14,755.53","14,707.10","14,761.90","117","741","1,074"
"2022/09/15","14,790.0","14,800.0","14,770.0","14,780.0","+15.0","49","725","9","0","0.00","5.00","-","14,911.00","14,938.40","14,759.13","14,708.70","14,766.48","116","777","1,138"
"2022/09/14","14,715.0","14,820.0","14,695.0","14,765.0","-285.0","255","3,759","10","0","0.00","5.00","-","14,928.00","14,934.40","14,759.87","14,708.75","14,771.68","122","837","1,138"
"2022/09/13","15,015.0","15,050.0","15,000.0","15,050.0","+35.0","6","90","10","0","0.00","5.00","-","14,888.00","14,931.80","14,761.87","14,707.00","14,777.15","236","862","1,136"
"2022/09/12","15,030.0","15,055.0","14,995.0","15,015.0","+70.0","259","3,888","10","0","0.00","5.00","-","14,811.00","14,923.00","14,756.07","14,701.05","14,780.85","236","864","1,136"
"2022/08/31","14,860.0","14,940.0","14,860.0","14,905.0","-75.0","2,381","35,403","2","0","0.00","5.00","-","14,970.00","14,930.80","14,729.93","14,684.20","14,822.78","1,377","783","1,040"
"2022/08/30","14,995.0","15,005.0","14,910.0","14,980.0","+170.0","3,853","57,545","2","0","0.00","5.00","-","14,982.00","14,927.20","14,723.53","14,684.40","14,827.00","901","688","1,008"
"2022/08/29","14,775.0","14,820.0","14,720.0","14,810.0","-285.0","619","9,133","2","0","0.00","5.00","-","14,981.00","14,920.00","14,715.80","14,684.40","14,831.60","149","536","958"
"2022/08/26","15,140.0","15,150.0","15,095.0","15,095.0","+35.0","8","121","2","0","0.00","5.00","-","15,049.00","14,925.40","14,706.93","14,685.95","14,836.25","28","515","975"
"2022/08/25","14,995.0","15,060.0","14,995.0","15,060.0","+95.0","24","361","2","0","0.00","5.00","-","15,067.00","14,915.80","14,696.27","14,685.15","14,839.93","34","517","990"
"2022/08/24","15,000.0","15,000.0","14,950.0","14,965.0","-10.0","5","75","2","0","0.00","5.00","-","15,083.00","14,908.20","14,687.27","14,684.65","14,842.23","41","643","991"
"2022/08/23","15,055.0","15,055.0","14,975.0","14,975.0","-175.0","93","1,395","2","0","0.00","5.00","-","15,145.00","14,891.40","14,681.87","14,686.15","14,844.80","58","651","992"
"2022/08/22","15,065.0","15,155.0","15,065.0","15,150.0","-35.0","14","212","2","0","0.00","5.00","-","15,164.00","14,869.60","14,679.73","14,686.65","14,847.93","41","650","991"
"2022/08/19","15,250.0","15,250.0","15,175.0","15,185.0","+45.0","34","517","2","0","0.00","5.00","-","15,154.00","14,842.00","14,673.47","14,685.95","14,850.18","213","651","991"
"2022/08/18","15,230.0","15,230.0","15,120.0","15,140.0","-135.0","61","923","2","0","0.00","5.00","-","15,125.00","14,811.00","14,666.47","14,684.40","14,851.45","395","651","991"
"2022/08/17","15,145.0","15,285.0","15,145.0","15,275.0","+205.0","88","1,338","4","0","0.00","5.00","-","15,033.00","14,780.60","14,655.80","14,683.60","14,854.50","692","655","992"
"2022/08/16","15,140.0","15,140.0","15,055.0","15,070.0","-30.0","8","121","4","0","0.00","5.00","-","14,918.00","14,754.20","14,645.87","14,677.85","14,855.48","851","666","991"
"2022/08/15","15,065.0","15,120.0","15,055.0","15,100.0","+60.0","878","13,250","4","0","0.00","5.00","-","14,870.00","14,730.00","14,638.73","14,671.80","14,858.48","858","671","992"
"2022/08/12","14,850.0","15,040.0","14,850.0","15,040.0","+360.0","942","14,099","4","0","0.00","5.00","-","14,810.00","14,700.20","14,634.07","14,664.75","14,861.23","710","639","980"
"2022/08/10","14,700.0","14,700.0","14,630.0","14,680.0","-20.0","1,547","22,639","4","0","0.00","5.00","-","14,741.00","14,669.80","14,632.13","14,655.00","14,864.18","585","637","968"
"2022/08/09","14,835.0","14,835.0","14,690.0","14,700.0","-130.0","883","13,062","4","0","0.00","5.00","-","14,743.00","14,663.20","14,633.53","14,646.55","14,868.93","304","606","948"
"2022/08/08","14,785.0","14,830.0","14,750.0","14,830.0","+30.0","40","592","9","0","0.00","5.00","-","14,740.00","14,654.00","14,632.07","14,636.95","14,872.28","311","604","936"
"2022/08/05","14,670.0","14,800.0","14,670.0","14,800.0","+105.0","142","2,094","10","0","0.00","5.00","-","14,757.00","14,629.80","14,627.07","14,624.45","14,874.53","1,606","701","936"
"2022/08/04","14,795.0","14,795.0","14,680.0","14,695.0","+5.0","315","4,632","10","0","0.00","5.00","-","14,754.00","14,617.20","14,624.40","14,614.35","14,877.23","1,580","726","934"
"2022/08/03","14,655.0","14,705.0","14,650.0","14,690.0","+5.0","142","2,085","10","0","0.00","5.00","-","14,790.00","14,616.20","14,623.80","14,599.90","14,880.75","1,522","744","931"
"2022/08/01","14,830.0","14,915.0","14,780.0","14,915.0","+130.0","6,519","97,225","10","0","0.00","0.00","-","14,851.00","14,614.80","14,616.80","14,574.65","14,884.18","1,321","763","919"
"2022/07/28","14,880.0","14,890.0","14,835.0","14,875.0","+10.0","27","402","9","0","0.00","0.00","-","14,860.00","14,577.80","14,607.67","14,559.00","14,885.58","43","561","833"
"2022/07/27","14,815.0","14,875.0","14,780.0","14,865.0","+50.0","30","445","8","0","0.00","0.00","-","14,856.00","14,559.00","14,603.00","14,550.75","14,887.20","48","595","834"
"2022/07/26","14,840.0","14,845.0","14,800.0","14,815.0","+15.0","19","282","8","0","0.00","0.00","-","14,857.00","14,542.40","14,602.00","14,545.30","14,889.48","680","659","843"
"2022/07/25","14,795.0","14,850.0","14,795.0","14,800.0","-145.0","56","829","8","0","0.00","0.00","-","14,803.00","14,512.80","14,603.47","14,539.25","14,893.85","715","668","843"
"2022/07/22","14,840.0","14,945.0","14,840.0","14,945.0","+90.0","87","1,297","8","0","0.00","0.00","-","14,729.00","14,491.60","14,605.87","14,533.30","14,898.35","715","806","864"
"2022/07/21","14,830.0","14,855.0","14,780.0","14,855.0","-15.0","48","710","8","0","0.00","0.00","-","14,632.00","14,474.60","14,606.13","14,524.45","14,903.48","710","895","863"
"2022/07/19","14,540.0","14,575.0","14,470.0","14,545.0","+115.0","196","2,846","9","0","0.00","5.00","-","14,445.00","14,445.60","14,610.13","14,515.05","14,914.25","97","1,434","844"
"2022/07/15","14,425.0","14,450.0","14,350.0","14,430.0","-30.0","57","820","9","0","0.00","5.00","-","14,459.00","14,454.80","14,617.73","14,518.25","14,919.48","131","1,475","844"
"2022/07/14","14,355.0","14,460.0","14,335.0","14,460.0","+50.0","60","864","10","0","0.00","5.00","-","14,466.00","14,481.60","14,625.67","14,520.40","14,925.98","146","1,528","844"
"2022/07/13","14,415.0","14,415.0","14,410.0","14,410.0","+30.0","13","187","10","0","0.00","5.00","-","14,445.00","14,514.80","14,633.93","14,523.55","14,933.53","150","1,554","844"
"2022/07/12","14,585.0","14,585.0","14,375.0","14,380.0","-235.0","162","2,342","10","0","0.00","5.00","-","14,419.00","14,549.80","14,642.20","14,524.30","14,941.03","329","1,606","844"
"2022/07/06","14,385.0","14,385.0","14,240.0","14,280.0","-235.0","908","13,037","104","0","0.00","5.00","-","14,395.00","14,640.20","14,652.93","14,538.70","14,971.10","1,148","1,843","839"
"2022/07/01","14,485.0","14,490.0","14,210.0","14,225.0","-260.0","2,453","35,289","10","0","0.00","5.00","-","14,544.00","14,699.80","14,631.27","14,546.05","14,990.83","1,106","1,942","807"
"2022/06/30","14,615.0","14,615.0","14,465.0","14,485.0","-185.0","771","11,238","0","6","0.00","-","-","14,587.00","14,715.40","14,622.67","14,551.10","14,997.65","762","1,845","808"
"2022/05/11","14,345.0","14,345.0","14,285.0","14,295.0","-90.0","1,147","16,430","5","0","0.00","0.00","-","14,547.00","14,623.00","14,518.13","14,745.90","15,016.05","269","180","428"
"2022/05/10","14,400.0","14,430.0","14,250.0","14,385.0","-175.0","121","1,729","5","0","0.00","0.00","-","14,620.00","14,651.80","14,530.47","14,758.20","15,019.08","51","172","414"
"2022/05/09","14,725.0","14,725.0","14,560.0","14,560.0","-255.0","36","525","5","0","0.00","0.00","-","14,611.00","14,676.80","14,539.93","14,769.30","15,021.60","47","200","413"
"2022/05/06","14,735.0","14,840.0","14,695.0","14,815.0","+135.0","30","443","5","0","0.00","0.00","-","14,605.00","14,699.00","14,550.47","14,775.00","15,022.05","50","209","430"
"2022/05/02","14,660.0","14,715.0","14,630.0","14,680.0","+20.0","13","191","5","0","0.00","0.00","-","14,549.00","14,707.40","14,558.53","14,778.70","15,021.73","52","208","446"
"2022/04/28","14,410.0","14,660.0","14,410.0","14,660.0","+320.0","58","847","5","0","0.00","0.00","-","14,563.00","14,723.40","14,564.40","14,781.60","15,023.48","54","210","455"
"2022/04/27","14,405.0","14,405.0","14,235.0","14,340.0","-190.0","99","1,420","5","0","0.00","0.00","-","14,610.00","14,738.20","14,571.80","14,785.60","15,025.23","46","209","469"
"2022/04/26","14,580.0","14,580.0","14,490.0","14,530.0","-5.0","50","726","5","0","0.00","0.00","-","14,699.00","14,767.00","14,583.40","14,791.75","15,028.58","31","214","473"
"2022/04/25","14,460.0","14,535.0","14,425.0","14,535.0","-215.0","40","580","5","0","0.00","0.00","-","14,711.00","14,773.80","14,602.80","14,797.75","15,030.23","28","214","487"
"2022/04/22","14,760.0","14,760.0","14,715.0","14,750.0","-145.0","26","383","5","0","0.00","0.00","-","14,695.00","14,771.00","14,621.00","14,806.70","15,032.20","24","213","504"
"2022/04/21","14,800.0","14,915.0","14,800.0","14,895.0","+110.0","17","253","5","0","0.00","0.00","-","14,665.00","14,756.80","14,631.93","14,816.70","15,033.30","22","214","504"
"2022/04/20","14,750.0","14,785.0","14,705.0","14,785.0","+195.0","24","354","5","0","0.00","0.00","-","14,616.00","14,723.60","14,640.47","14,824.25","15,034.08","37","217","504"
"2022/04/19","14,610.0","14,610.0","14,555.0","14,590.0","+135.0","37","540","5","0","0.00","0.00","-","14,558.00","14,685.60","14,651.47","14,834.60","15,035.45","37","216","505"
"2022/04/18","14,500.0","14,500.0","14,395.0","14,455.0","-145.0","19","274","5","0","0.00","0.00","-","14,511.00","14,651.60","14,663.47","14,847.30","15,037.15","51","216","519"
"2022/04/15","14,525.0","14,650.0","14,525.0","14,600.0","-50.0","13","190","5","0","0.00","0.00","-","14,520.00","14,616.60","14,677.60","14,860.65","15,039.78","51","318","527"
"2022/04/14","14,575.0","14,655.0","14,550.0","14,650.0","+155.0","92","1,346","5","0","0.00","0.00","-","14,503.00","14,584.20","14,689.80","14,872.75","15,041.93","60","355","539"
"2022/04/13","14,375.0","14,495.0","14,375.0","14,495.0","+140.0","28","405","5","0","0.00","0.00","-","14,478.00","14,528.20","14,699.93","14,885.65","15,041.48","62","507","570"
"2022/04/12","14,600.0","14,600.0","14,335.0","14,355.0","-145.0","103","1,480","5","0","0.00","0.00","-","14,537.00","14,479.00","14,710.93","14,899.50","15,043.65","198","512","571"
"2022/04/11","14,550.0","14,550.0","14,470.0","14,500.0","-15.0","22","319","0","0","0.00","-","-","14,651.00","14,448.20","14,724.13","14,914.45","15,047.38","177","640","585"
"2022/04/08","14,615.0","14,615.0","14,450.0","14,515.0","-10.0","55","798","0","0","0.00","-","-","14,747.00","14,425.00","14,736.33","14,925.65","15,051.08","498","643","600"
"2022/04/07","14,575.0","14,575.0","14,495.0","14,525.0","-265.0","103","1,494","0","0","0.00","-","-","14,837.00","14,413.00","14,751.33","14,937.20","15,054.35","495","642","601"
"2022/04/06","14,855.0","14,855.0","14,745.0","14,790.0","-135.0","707","10,427","0","0","0.00","-","-","14,935.00","14,394.00","14,763.33","14,948.15","15,056.93","663","648","600"
"2022/04/05","14,925.0","14,925.0","14,925.0","14,925.0","-55.0","1","15","0","0","0.00","-","-","14,979.00","14,375.20","14,769.87","14,961.35","15,058.08","689","621","654"
"2022/04/04","14,950.0","14,995.0","14,950.0","14,980.0","+15.0","1,626","24,373","0","0","0.00","-","-","15,017.00","14,346.60","14,775.67","14,969.60","15,058.70","739","731","682"
"2022/04/01","14,920.0","14,965.0","14,810.0","14,965.0","-50.0","38","566","0","0","0.00","-","-","15,026.00","14,315.60","14,780.53","14,978.80","15,059.20","418","669","668"
"2022/03/31","15,150.0","15,150.0","15,000.0","15,015.0","+5.0","946","14,208","0","0","0.00","-","-","15,049.00","14,279.40","14,786.87","14,986.55","15,059.98","421","679","682"
"2022/03/30","15,225.0","15,225.0","15,000.0","15,010.0","-105.0","835","12,633","0","0","0.00","-","-","15,052.00","14,249.60","14,793.67","14,994.70","15,060.50","236","702","678"
"2022/03/29","15,120.0","15,120.0","15,100.0","15,115.0","+90.0","254","3,836","0","0","0.00","-","-","15,062.00","14,229.80","14,800.13","14,999.80","15,060.95","114","728","681"
"2022/03/28","15,090.0","15,090.0","15,010.0","15,025.0","-55.0","18","270","0","0","0.00","-","-","14,979.00","14,219.80","14,800.33","15,003.45","15,060.83","73","721","683"
"2022/03/25","15,180.0","15,180.0","15,035.0","15,080.0","+50.0","55","828","0","0","0.00","-","-","14,867.00","14,204.60","14,802.47","15,009.20","15,060.75","73","792","693"
"2022/03/24","14,900.0","15,030.0","14,870.0","15,030.0","-30.0","18","269","0","0","0.00","-","-","14,730.00","14,192.40","14,801.00","15,014.40","15,059.40","75","800","708"
"2022/03/23","14,880.0","15,060.0","14,870.0","15,060.0","+360.0","227","3,393","0","0","0.00","-","-","14,537.00","14,170.60","14,801.40","15,018.50","15,058.55","88","802","721"
"2022/03/22","14,560.0","14,705.0","14,560.0","14,700.0","+235.0","50","734","0","0","0.00","-","-","14,292.00","14,155.40","14,800.00","15,025.40","15,058.15","45","798","760"
"2022/03/18","14,140.0","14,465.0","14,140.0","14,465.0","+70.0","18","255","0","0","0.00","-","-","14,100.00","14,163.20","14,805.73","15,033.10","15,057.95","41","797","763"
"2022/03/17","14,310.0","14,405.0","14,310.0","14,395.0","+330.0","62","891","0","0","0.00","-","-","13,923.00","14,179.40","14,818.60","15,045.15","15,059.48","550","798","792"
"2022/03/16","13,935.0","14,070.0","13,935.0","14,065.0","+230.0","83","1,163","0","0","0.00","-","-","13,802.00","14,196.00","14,836.67","15,057.70","15,061.30","726","797","797"
"2022/03/15","13,775.0","13,860.0","13,775.0","13,835.0","+95.0","14","193","0","0","0.00","-","-","13,639.00","14,220.00","14,857.80","15,073.35","15,064.73","1,486","795","834"
"2022/03/14","13,685.0","13,780.0","13,685.0","13,740.0","+160.0","29","399","0","0","0.00","-","-","13,525.00","14,255.40","14,884.27","15,091.30","15,068.60","1,515","800","855"
"2022/03/11","13,665.0","13,665.0","13,550.0","13,580.0","-210.0","2,563","34,775","0","0","0.00","-","-","13,494.00","14,290.40","14,912.53","15,107.60","15,072.70","2,169","841","877"
"2022/03/10","13,550.0","13,795.0","13,550.0","13,790.0","+540.0","941","12,957","0","0","0.00","-","-","13,562.00","14,336.40","14,942.00","15,124.60","15,077.15","1,677","745","868"
"2022/03/09","13,305.0","13,440.0","13,250.0","13,250.0","-15.0","3,887","52,036","0","0","0.00","-","-","13,647.00","14,362.00","14,968.93","15,140.10","15,081.55","1,495","760","865"
"2022/03/08","13,745.0","13,745.0","13,260.0","13,265.0","-320.0","157","2,100","0","0","0.00","-","-","13,807.00","14,410.80","15,004.80","15,161.60","15,087.30","767","606","879"
"2022/03/07","14,140.0","14,140.0","13,470.0","13,585.0","-335.0","3,297","44,554","0","0","0.00","-","-","14,018.00","14,455.00","15,039.67","15,180.05","15,093.38","744","601","889"
"2022/03/04","14,135.0","14,135.0","13,870.0","13,920.0","-295.0","107","1,494","0","0","0.00","-","-","14,143.00","14,472.00","15,069.87","15,193.70","15,096.35","633","476","873"
"2022/03/03","14,200.0","14,230.0","14,195.0","14,215.0","+165.0","29","412","0","0","0.00","-","-","14,200.00","14,491.20","15,092.53","15,204.10","15,098.60","626","493","949"
"2022/03/02","14,255.0","14,255.0","14,050.0","14,050.0","-270.0","246","3,458","0","0","0.00","-","-","14,169.00","14,498.20","15,111.93","15,212.15","15,100.23","677","498","1,051"
"2022/03/01","14,460.0","14,460.0","14,320.0","14,320.0","+110.0","45","647","0","0","0.00","-","-","14,213.00","14,526.40","15,132.87","15,223.65","15,104.23","932","492","1,051"
"2022/02/28","14,505.0","14,505.0","14,145.0","14,210.0","+5.0","2,741","38,903","0","0","0.00","-","-","14,252.00","14,538.00","15,156.73","15,233.65","15,106.43","1,222","494","1,144"
"2022/02/25","14,230.0","14,230.0","14,145.0","14,205.0","+145.0","70","993","0","0","0.00","-","-","14,383.00","14,561.40","15,177.27","15,248.45","15,108.78","692","397","1,108"
"2022/02/24","14,300.0","14,300.0","13,980.0","14,060.0","-210.0","285","3,998","0","0","0.00","-","-","14,471.00","14,610.00","15,199.87","15,263.40","15,109.85","1,032","409","1,109"
"2022/02/22","14,400.0","14,430.0","14,185.0","14,270.0","-245.0","1,520","21,834","0","0","0.00","-","-","14,614.00","14,652.00","15,222.27","15,282.50","15,112.50","1,028","425","1,106"
"2022/02/21","14,715.0","14,715.0","14,360.0","14,515.0","-350.0","1,497","21,753","0","0","0.00","-","-","14,657.00","14,690.00","15,243.07","15,299.40","15,113.55","736","368","1,088"
"2022/02/18","14,505.0","14,865.0","14,500.0","14,865.0","+220.0","90","1,315","0","0","0.00","-","-","14,690.00","14,713.20","15,256.47","15,313.45","15,113.83","465","311","1,072"
"2022/02/17","14,685.0","14,685.0","14,590.0","14,645.0","-130.0","1,769","25,898","0","0","0.00","-","-","14,696.00","14,732.60","15,264.67","15,320.70","15,112.05","453","360","1,116"
"2022/02/16","14,730.0","14,775.0","14,725.0","14,775.0","+290.0","265","3,909","0","0","0.00","-","-","14,741.00","14,763.60","15,277.40","15,331.55","15,111.63","108","337","1,107"
"2022/02/15","14,725.0","14,725.0","14,450.0","14,485.0","-195.0","61","886","0","0","0.00","-","-","14,748.00","14,777.40","15,288.40","15,343.50","15,109.40","61","356","1,120"
"2022/02/14","14,650.0","14,700.0","14,590.0","14,680.0","-215.0","143","2,098","0","0","0.00","-","-","14,784.00","14,806.60","15,301.13","15,357.75","15,110.03","56","397","1,172"
"2022/02/10","14,995.0","14,995.0","14,895.0","14,895.0","+25.0","29","433","0","0","0.00","-","-","14,792.00","14,827.80","15,315.40","15,370.45","15,110.68","53","407","1,217"
"2022/02/09","14,930.0","14,930.0","14,870.0","14,870.0","+60.0","43","640","0","0","0.00","-","-","14,736.00","14,871.40","15,323.07","15,382.40","15,110.60","260","449","1,218"
"2022/02/08","14,765.0","14,810.0","14,740.0","14,810.0","+145.0","29","428","0","0","0.00","-","-","14,708.00","14,912.60","15,333.73","15,392.80","15,110.45","285","500","1,220"
"2022/02/07","14,765.0","14,765.0","14,595.0","14,665.0","-55.0","39","573","0","0","0.00","-","-","14,632.00","14,943.00","15,344.93","15,403.50","15,110.30","542","500","1,220"
"2022/02/04","14,720.0","14,720.0","14,590.0","14,720.0","+105.0","125","1,826","0","0","0.00","-","-","14,593.00","14,977.80","15,357.80","15,413.95","15,111.18","541","501","1,221"
"2022/02/03","14,700.0","14,700.0","14,615.0","14,615.0","-115.0","1,064","15,627","0","0","0.00","-","-","14,523.00","15,013.40","15,369.93","15,424.85","15,111.58","523","498","1,220"
"2022/02/02","14,605.0","14,765.0","14,605.0","14,730.0","+300.0","168","2,476","0","0","0.00","-","-","14,402.00","15,048.40","15,380.00","15,435.60","15,112.90","345","500","1,206"
"2022/02/01","14,575.0","14,600.0","14,430.0","14,430.0","-40.0","1,316","19,068","0","0","0.00","-","-","14,336.00","15,079.80","15,387.33","15,444.20","15,113.40","415","519","1,205"
"2022/01/31","14,560.0","14,560.0","14,390.0","14,470.0","+100.0","35","508","0","0","0.00","-","-","14,328.00","15,123.20","15,399.47","15,453.40","15,115.95","181","502","1,192"
"2022/01/28","14,200.0","14,370.0","14,160.0","14,370.0","+360.0","34","487","0","0","0.00","-","-","14,385.00","15,160.80","15,411.87","15,459.50","15,117.80","196","598","1,195"
"2022/01/27","14,385.0","14,385.0","14,000.0","14,010.0","-390.0","172","2,423","0","0","0.00","-","-","14,433.00","15,198.80","15,421.73","15,466.20","15,121.20","207","599","1,197"
"2022/01/26","14,645.0","14,645.0","14,390.0","14,400.0","+10.0","521","7,504","0","0","0.00","-","-","14,590.00","15,252.20","15,434.27","15,475.40","15,125.90","236","638","1,199"
"2022/01/25","14,930.0","14,930.0","14,390.0","14,390.0","-365.0","143","2,066","0","0","0.00","-","-","14,794.00","15,292.80","15,441.73","15,479.40","15,128.35","204","665","1,195"
"2022/01/24","14,610.0","14,755.0","14,610.0","14,755.0","+145.0","111","1,625","0","0","0.00","-","-","14,938.00","15,342.80","15,450.13","15,481.90","15,131.10","313","664","1,196"
"2022/01/21","15,080.0","15,080.0","14,490.0","14,610.0","-185.0","88","1,280","0","0","0.00","-","-","15,031.00","15,369.60","15,456.07","15,481.25","15,132.43","312","660","1,196"
"2022/01/20","14,870.0","14,870.0","14,590.0","14,795.0","-625.0","320","4,700","0","5","0.00","-","-","15,128.00","15,396.40","15,465.53","15,482.25","15,135.03","307","845","1,217"
"2022/01/19","15,420.0","15,420.0","14,645.0","15,420.0","+310.0","361","5,369","0","0","0.00","-","-","15,239.00","15,419.00","15,477.47","15,481.50","15,135.70","505","917","1,213"
"2022/01/18","15,225.0","15,245.0","15,080.0","15,110.0","-110.0","688","10,445","0","0","0.00","-","-","15,239.00","15,416.00","15,481.20","15,473.10","15,132.05","674","926","1,211"
"2022/01/17","15,405.0","15,405.0","15,200.0","15,220.0","+125.0","105","1,607","0","0","0.00","-","-","15,241.00","15,429.20","15,492.67","15,465.00","15,129.20","683","943","1,261"
"2022/01/14","15,595.0","15,595.0","15,030.0","15,095.0","-255.0","65","982","0","0","0.00","-","-","15,240.00","15,441.40","15,502.53","15,457.80","15,127.15","879","965","1,278"
"2022/01/13","15,420.0","15,420.0","15,245.0","15,350.0","-70.0","1,310","20,087","0","0","0.00","-","-","15,263.00","15,457.40","15,513.53","15,453.95","15,126.33","948","1,004","1,279"
"2022/01/12","15,270.0","15,420.0","15,270.0","15,420.0","+300.0","1,204","18,452","0","1","0.00","-","-","15,390.00","15,448.60","15,516.73","15,446.75","15,125.23","899","968","1,272"
"2022/01/11","15,420.0","15,500.0","15,020.0","15,120.0","-95.0","731","11,046","0","14","0.00","-","-","15,486.00","15,439.20","15,520.87","15,439.25","15,123.58","923","950","1,258"
"2022/01/07","15,600.0","15,600.0","15,105.0","15,215.0","+5.0","1,087","16,554","0","0","0.00","-","-","15,576.00","15,433.20","15,532.20","15,437.45","15,122.33","784","968","1,249"
"2022/01/06","15,410.0","16,610.0","15,200.0","15,210.0","-775.0","409","6,281","0","5","0.00","-","-","15,640.00","15,427.00","15,541.47","15,434.30","15,120.80","577","964","1,236"
"2022/01/05","15,965.0","16,030.0","15,965.0","15,985.0","+85.0","1,065","17,040","635","0","0.00","5.00","-","15,720.00","15,416.80","15,551.33","15,431.20","15,118.80","506","1,075","1,232"
"2022/01/04","15,745.0","15,910.0","15,680.0","15,900.0","+330.0","1,324","21,052","0","0","0.00","-","-","15,621.00","15,382.60","15,552.73","15,418.75","15,112.08","514","1,041","1,231"
"2021/12/30","15,515.0","15,610.0","15,460.0","15,570.0","+35.0","38","590","0","0","0.00","-","-","15,544.00","15,363.80","15,552.87","15,407.05","15,105.13","380","1,076","1,216"
"2021/12/29","15,535.0","15,545.0","15,535.0","15,535.0","-75.0","52","808","0","0","0.00","-","-","15,533.00","15,371.00","15,557.00","15,398.45","15,099.48","549","1,094","1,218"
"2021/12/28","15,540.0","15,610.0","15,540.0","15,610.0","+120.0","55","857","0","0","0.00","-","-","15,508.00","15,375.60","15,559.33","15,389.60","15,093.80","1,027","1,207","1,218"
"2021/12/27","15,460.0","15,490.0","15,460.0","15,490.0","-25.0","1,101","17,043","0","0","0.00","-","-","15,450.00","15,384.00","15,562.00","15,380.50","15,086.90","1,025","1,266","1,219"
"2021/12/24","15,500.0","15,515.0","15,500.0","15,515.0","0.0","654","10,146","0","0","0.00","-","-","15,421.00","15,398.80","15,564.67","15,373.30","15,080.80","1,038","1,290","1,207"
"2021/12/23","15,475.0","15,515.0","15,475.0","15,515.0","+105.0","884","13,687","0","0","0.00","-","-","15,401.00","15,409.80","15,565.67","15,363.05","15,074.23","1,144","1,340","1,201"
"2021/12/22","15,720.0","15,720.0","15,320.0","15,410.0","+90.0","2,444","37,577","0","0","0.00","-","-","15,426.00","15,421.60","15,563.47","15,354.70","15,068.05","990","1,333","1,203"
"2021/12/21","15,305.0","15,355.0","15,250.0","15,320.0","-25.0","44","674","0","0","0.00","-","-","15,429.00","15,442.80","15,559.07","15,347.10","15,061.90","503","1,431","1,171"
"2021/12/20","15,710.0","15,710.0","15,110.0","15,345.0","-70.0","1,167","17,695","0","3","0.00","-","-","15,421.00","15,465.20","15,555.33","15,341.50","15,056.80","1,441","1,467","1,174"
"2021/12/17","15,550.0","15,550.0","15,415.0","15,415.0","-225.0","1,182","18,277","0","0","0.00","-","-","15,424.00","15,485.40","15,549.80","15,334.45","15,050.43","1,631","1,505","1,162"
"2021/12/16","15,600.0","15,640.0","15,585.0","15,640.0","+215.0","115","1,795","0","0","0.00","-","-","15,410.00","15,493.60","15,541.60","15,325.60","15,045.85","1,511","1,689","1,146"
"2021/12/15","15,275.0","15,425.0","15,275.0","15,425.0","+145.0","11","169","0","0","0.00","-","-","15,370.00","15,494.80","15,528.27","15,313.20","15,039.55","1,710","1,991","1,161"
"2021/12/14","15,285.0","15,380.0","15,280.0","15,280.0","-80.0","4,730","72,648","0","1","0.00","-","-","15,390.00","15,502.60","15,518.47","15,304.15","15,035.43","1,839","2,001","1,161"
"2021/12/13","15,465.0","15,465.0","15,360.0","15,360.0","+15.0","2,118","32,636","0","0","0.00","-","-","15,433.00","15,535.80","15,510.87","15,299.35","15,031.23","1,102","2,092","1,098"
"2021/12/10","15,345.0","15,445.0","15,345.0","15,345.0","-95.0","582","8,950","0","13","0.00","-","-","15,387.00","15,551.40","15,502.33","15,293.25","15,027.03","761","2,009","1,070"
"2021/12/09","15,525.0","15,535.0","15,435.0","15,440.0","-85.0","1,110","17,162","0","3","0.00","-","-","15,355.00","15,573.60","15,492.13","15,290.10","15,023.75","795","1,993","1,064"
"2021/12/02","14,910.0","14,990.0","14,900.0","14,970.0","-90.0","1,178","17,632","7","0","0.00","5.00","-","15,109.00","15,629.40","15,439.27","15,264.75","15,001.78","1,552","2,033","1,028"
"2021/12/01","15,000.0","15,075.0","14,900.0","15,060.0","+105.0","994","14,957","0","0","0.00","-","-","15,265.00","15,654.60","15,438.87","15,265.35","14,998.63","1,415","2,037","1,013"
"2021/11/30","15,520.0","15,520.0","14,945.0","14,955.0","-175.0","3,164","48,100","0","6","0.00","-","-","15,383.00","15,669.80","15,436.73","15,264.85","14,993.93","1,788","2,155","1,000"
"2021/11/29","15,615.0","15,615.0","15,090.0","15,130.0","-300.0","233","3,550","0","0","0.00","-","-","15,556.00","15,701.60","15,436.00","15,265.40","14,988.75","1,463","2,170","959"
"2021/11/26","15,620.0","15,620.0","15,370.0","15,430.0","-320.0","2,193","33,841","0","3","0.00","-","-","15,702.00","15,715.20","15,430.80","15,262.70","14,983.00","1,758","2,165","958"
"2021/11/25","15,750.0","15,760.0","15,750.0","15,750.0","+100.0","494","7,781","20","0","0.00","5.00","-","15,774.00","15,724.80","15,421.47","15,257.70","14,974.65","1,700","2,083","929"
"2021/11/24","15,840.0","15,840.0","15,640.0","15,650.0","-170.0","2,859","44,776","0","3","0.00","-","-","15,786.00","15,720.80","15,407.60","15,249.90","14,964.10","1,740","2,065","923"
"2021/11/15","15,920.0","15,940.0","15,880.0","15,880.0","+30.0","923","14,697","30","0","0.00","5.00","-","15,728.00","15,632.00","15,315.20","15,197.30","14,902.55","3,351","1,556","749"
"2021/11/12","15,840.0","15,850.0","15,820.0","15,850.0","+230.0","2,119","33,552","0","0","0.00","-","-","15,774.00","15,601.20","15,300.27","15,187.80","14,892.60","4,567","1,526","737"
"2021/11/11","15,620.0","15,650.0","15,600.0","15,620.0","-50.0","5,794","90,520","0","0","0.00","-","-","15,754.00","15,565.20","15,284.13","15,180.30","14,882.15","4,155","1,455","711"
"2021/11/10","15,600.0","15,670.0","15,570.0","15,670.0","+50.0","7,658","119,443","0","103","0.00","-","-","15,810.00","15,538.80","15,269.60","15,176.50","14,873.30","3,030","1,231","640"
"2021/11/09","16,040.0","16,040.0","15,620.0","15,620.0","-490.0","261","4,098","10","0","0.00","5.00","-","15,824.00","15,512.80","15,252.67","15,171.50","14,863.65","1,502","933","542"
"2021/11/08","16,500.0","16,500.0","15,770.0","16,110.0","+360.0","7,005","110,682","0","0","0.00","-","-","15,866.00","15,496.00","15,238.00","15,165.70","14,854.75","1,481","927","538"
"2021/11/05","15,870.0","15,870.0","15,750.0","15,750.0","-150.0","57","899","0","0","0.00","-","-","15,748.00","15,464.40","15,220.53","15,154.80","14,843.95","143","714","445"
"2021/11/04","15,970.0","16,400.0","15,850.0","15,900.0","+160.0","172","2,744","0","0","0.00","-","-","15,694.00","15,462.00","15,207.20","15,147.80","14,834.80","820","713","447"
"2021/11/02","15,830.0","15,830.0","15,740.0","15,740.0","-90.0","18","284","0","0","0.00","-","-","15,634.00","15,454.00","15,195.60","15,139.60","14,824.50","997","715","445"
"2021/11/01","15,730.0","15,840.0","15,730.0","15,830.0","+310.0","157","2,481","0","0","0.00","-","-","15,606.00","15,463.20","15,186.40","15,133.40","14,814.70","1,245","890","445"
"2021/10/29","15,730.0","15,730.0","15,340.0","15,520.0","+40.0","311","4,805","0","0","0.00","-","-","15,528.00","15,468.40","15,174.00","15,126.30","14,803.40","2,004","940","446"
"2021/10/28","16,000.0","16,000.0","15,420.0","15,480.0","-120.0","3,445","53,422","636","0","0.00","0.00","-","15,574.00","15,484.40","15,165.60","15,122.10","14,793.80","2,650","933","446"
"2021/10/27","15,630.0","15,870.0","15,560.0","15,600.0","0.0","1,054","16,452","0","3","0.00","-","-","15,572.00","15,488.80","15,154.53","15,118.20","14,784.00","1,980","828","401"
"2021/10/26","15,610.0","15,700.0","15,600.0","15,600.0","+160.0","1,261","19,713","0","0","0.00","-","-","15,586.00","15,494.00","15,143.20","15,112.30","14,773.95","1,802","791","392"
"2021/10/25","15,380.0","15,770.0","15,380.0","15,440.0","-310.0","3,952","61,463","0","0","0.00","-","-","15,596.00","15,508.80","15,135.60","15,104.40","14,764.35","1,554","743","381"
"2021/10/22","15,370.0","15,750.0","15,370.0","15,750.0","+280.0","3,538","55,032","0","0","0.00","-","-","15,634.00","15,527.60","15,129.87","15,098.60","14,755.90","783","588","331"
"2021/10/21","15,630.0","15,630.0","15,470.0","15,470.0","-200.0","97","1,507","0","0","0.00","-","-","15,610.00","15,535.60","15,120.00","15,090.90","14,744.65","87","453","286"
"2021/10/20","16,050.0","16,050.0","15,650.0","15,670.0","+20.0","164","2,589","0","0","0.00","-","-","15,590.00","15,560.40","15,111.87","15,082.80","14,734.30","74","487","330"
"2021/10/19","15,690.0","15,690.0","15,600.0","15,650.0","+20.0","22","344","0","0","0.00","-","-","15,512.00","15,570.00","15,102.00","15,073.80","14,722.80","56","489","329"
"2021/10/18","15,670.0","15,670.0","15,610.0","15,630.0","0.0","97","1,518","0","0","0.00","-","-","15,450.00","15,579.20","15,092.93","15,064.90","14,710.75","118","495","348"
"2021/10/15","15,510.0","15,630.0","15,510.0","15,630.0","+260.0","57","890","0","0","0.00","-","-","15,404.00","15,582.40","15,085.20","15,056.10","14,698.70","160","493","348"
"2021/10/14","15,370.0","15,370.0","15,360.0","15,370.0","+90.0","30","461","0","0","0.00","-","-","15,300.00","15,589.60","15,077.60","15,045.90","14,687.50","185","497","348"
"2021/10/13","15,350.0","15,350.0","15,280.0","15,280.0","-60.0","78","1,197","0","0","0.00","-","-","15,216.00","15,602.40","15,071.73","15,037.80","14,677.70","249","504","348"
"2021/10/12","15,390.0","15,390.0","15,300.0","15,340.0","-60.0","332","5,093","0","0","0.00","-","-","15,152.00","15,614.80","15,067.73","15,029.70","14,668.60","271","508","348"
"2021/10/11","15,160.0","15,400.0","15,160.0","15,400.0","+290.0","303","4,649","0","0","0.00","-","-","15,088.00","15,615.20","15,063.60","15,023.00","14,659.20","243","536","348"
"2021/10/08","15,250.0","15,250.0","15,110.0","15,110.0","+160.0","182","2,761","0","0","0.00","-","-","15,048.00","15,602.40","15,052.40","15,013.00","14,649.10","208","525","365"
"2021/10/07","15,000.0","15,080.0","14,950.0","14,950.0","-10.0","350","5,249","0","0","0.00","-","-","15,090.00","15,599.60","15,050.00","15,006.70","14,641.20","506","530","364"
"2021/10/06","15,160.0","15,230.0","14,840.0","14,960.0","-60.0","192","2,877","0","0","0.00","-","-","15,238.00","15,598.80","15,052.00","14,999.00","14,633.50","443","525","361"
"2021/10/05","15,000.0","15,210.0","14,850.0","15,020.0","-180.0","191","2,863","0","0","0.00","-","-","15,386.00","15,592.40","15,055.73","14,993.10","14,625.80","448","519","358"
"2021/10/04","15,440.0","15,440.0","15,170.0","15,200.0","-120.0","128","1,948","0","0","0.00","-","-","15,576.00","15,577.20","15,057.73","14,988.30","14,617.85","1,289","560","356"
"2021/10/01","15,470.0","15,580.0","15,290.0","15,320.0","-370.0","1,669","25,582","0","0","0.00","-","-","15,728.00","15,556.80","15,055.60","14,984.80","14,608.35","1,544","555","355"
"2021/09/30","15,770.0","15,770.0","15,680.0","15,690.0","-10.0","39","612","0","0","0.00","-","-","15,848.00","15,532.40","15,051.60","14,979.20","14,598.45","1,240","490","333"
"2021/09/29","15,780.0","15,780.0","15,620.0","15,700.0","-270.0","217","3,407","0","0","0.00","-","-","15,828.00","15,493.60","15,043.07","14,969.10","14,587.25","1,394","488","333"
"2021/09/28","15,940.0","15,970.0","15,860.0","15,970.0","+10.0","4,392","69,889","0","0","0.00","-","-","15,834.00","15,448.80","15,034.80","14,956.30","14,575.85","1,378","483","357"
"2021/09/27","15,970.0","16,030.0","15,940.0","15,960.0","+40.0","1,403","22,412","0","0","0.00","-","-","15,834.00","15,382.00","15,023.47","14,942.50","14,563.15","511","312","298"
"2021/09/24","15,930.0","15,930.0","15,860.0","15,920.0","+330.0","151","2,399","0","0","0.00","-","-","15,824.00","15,323.60","15,012.27","14,927.70","14,549.95","248","258","280"
"2021/09/22","15,650.0","15,680.0","15,560.0","15,590.0","-140.0","808","12,621","0","0","0.00","-","-","15,830.00","15,275.20","15,001.33","14,914.20","14,536.65","246","294","278"
"2021/09/21","15,580.0","15,760.0","15,580.0","15,730.0","-240.0","136","2,137","0","0","0.00","-","-","15,930.00","15,236.80","14,994.67","14,903.40","14,526.25","275","263","268"
"2021/09/17","15,910.0","15,980.0","15,900.0","15,970.0","+60.0","61","973","0","0","0.00","-","-","15,966.00","15,194.40","14,985.07","14,891.70","14,514.95","290","260","266"
"2021/09/16","15,980.0","15,980.0","15,860.0","15,910.0","-40.0","85","1,352","0","0","0.00","-","-","15,948.00","15,153.20","14,969.60","14,875.30","14,502.10","312","258","336"
"2021/09/15","15,980.0","15,980.0","15,930.0","15,950.0","-140.0","143","2,281","0","0","0.00","-","-","15,908.00","15,112.80","14,955.60","14,862.30","14,489.25","305","258","482"
"2021/09/14","15,980.0","16,100.0","15,980.0","16,090.0","+180.0","950","15,246","0","0","0.00","-","-","15,880.00","15,070.80","14,942.67","14,850.90","14,474.80","307","254","482"
"2021/09/13","15,830.0","15,910.0","15,820.0","15,910.0","+30.0","212","3,359","0","0","0.00","-","-","15,800.00","15,016.80","14,923.60","14,838.80","14,459.40","159","222","469"
"2021/09/10","15,740.0","15,900.0","15,740.0","15,880.0","+170.0","170","2,695","0","0","0.00","-","-","15,736.00","14,969.60","14,908.40","14,828.10","14,445.00","153","215","467"
"2021/09/09","15,740.0","15,800.0","15,690.0","15,710.0","-100.0","52","817","0","0","0.00","-","-","15,630.00","14,922.80","14,893.47","14,817.10","14,431.50","327","209","465"
"2021/09/08","15,670.0","15,810.0","15,640.0","15,810.0","+120.0","155","2,444","0","0","0.00","-","-","15,504.00","14,880.40","14,880.67","14,808.40","14,418.55","322","207","464"
"2021/09/07","15,700.0","15,760.0","15,680.0","15,690.0","+100.0","207","3,251","0","1","0.00","-","-","15,350.00","14,836.00","14,864.67","14,798.30","14,403.90","349","203","462"
"2021/09/06","15,520.0","15,590.0","15,520.0","15,590.0","+240.0","185","2,879","0","30","0.00","-","-","15,198.00","14,799.20","14,849.60","14,790.20","14,390.40","354","199","460"
"2021/09/03","15,080.0","15,370.0","15,080.0","15,350.0","+270.0","1,040","15,962","0","0","0.00","-","-","15,040.00","14,755.20","14,834.67","14,782.60","14,377.65","325","201","458"
"2021/09/02","15,050.0","15,100.0","15,040.0","15,080.0","+40.0","24","361","0","0","0.00","-","-","14,898.00","14,728.40","14,825.60","14,778.50","14,364.90","363","162","450"
"2021/09/01","14,970.0","15,050.0","14,970.0","15,040.0","+110.0","290","4,353","0","0","0.00","-","-","14,820.00","14,711.20","14,816.53","14,776.10","14,352.50","359","167","454"
"2021/08/31","14,760.0","14,950.0","14,760.0","14,930.0","+130.0","231","3,445","0","0","0.00","-","-","14,754.00","14,700.00","14,809.07","14,776.20","14,339.55","306","157","451"
"2021/08/30","14,800.0","14,800.0","14,720.0","14,800.0","+160.0","43","636","0","0","0.00","-","-","14,712.00","14,688.40","14,799.07","14,776.40","14,326.60","261","153","463"
"2021/08/27","14,620.0","14,660.0","14,620.0","14,640.0","-50.0","1,229","17,989","0","0","0.00","-","-","14,668.00","14,677.60","14,793.33","14,777.30","14,313.65","270","169","465"
"2021/08/26","14,680.0","14,690.0","14,680.0","14,690.0","-20.0","5","73","0","0","0.00","-","-","14,600.00","14,668.00","14,792.00","14,780.30","14,300.55","48","132","479"
"2021/08/25","14,760.0","14,790.0","14,680.0","14,710.0","-10.0","23","339","0","0","0.00","-","-","14,562.00","14,661.20","14,794.13","14,783.60","14,286.15","55","132","480"
"2021/08/24","14,670.0","14,720.0","14,670.0","14,720.0","+140.0","7","103","0","0","0.00","-","-","14,562.00","14,664.80","14,794.80","14,787.80","14,272.75","263","132","480"
"2021/08/23","14,400.0","14,580.0","14,400.0","14,580.0","+280.0","89","1,293","0","0","0.00","-","-","14,544.00","14,666.00","14,794.27","14,789.90","14,259.00","269","140","481"
"2021/08/20","14,380.0","14,450.0","14,270.0","14,300.0","-200.0","120","1,718","0","0","0.00","-","-","14,562.00","14,684.00","14,792.13","14,791.00","14,246.45","262","137","482"
"2021/08/19","14,580.0","14,580.0","14,500.0","14,500.0","-210.0","40","582","0","0","0.00","-","-","14,690.00","14,714.00","14,796.00","14,793.40","14,235.55","242","134","480"
"2021/08/18","14,640.0","14,710.0","14,620.0","14,710.0","+80.0","1,062","15,550","0","0","0.00","-","-","14,770.00","14,730.00","14,795.73","14,796.50","14,223.80","249","140","482"
"2021/08/17","14,760.0","14,760.0","14,630.0","14,630.0","-40.0","34","499","0","0","0.00","-","-","14,808.00","14,737.20","14,793.87","14,798.70","14,210.70","47","111","469"
"2021/08/16","14,860.0","14,860.0","14,660.0","14,670.0","-270.0","55","809","0","31","0.00","-","-","14,830.00","14,738.00","14,792.27","14,803.70","14,198.60","70","112","469"
"2021/08/13","14,900.0","14,940.0","14,900.0","14,940.0","+40.0","19","283","0","0","0.00","-","-","14,842.00","14,741.20","14,790.80","14,807.90","14,185.70","64","126","469"
"2021/08/12","14,950.0","15,000.0","14,900.0","14,900.0","0.0","78","1,168","0","0","0.00","-","-","14,796.00","14,744.80","14,782.67","14,807.20","14,171.95","63","140","472"
"2021/08/11","14,820.0","14,900.0","14,820.0","14,900.0","+160.0","52","774","0","0","0.00","-","-","14,746.00","14,749.20","14,778.80","14,807.30","14,157.65","51","147","474"
"2021/08/10","14,780.0","14,870.0","14,720.0","14,740.0","+10.0","148","2,189","0","0","0.00","-","-","14,706.00","14,753.60","14,777.60","14,806.40","14,143.75","50","150","474"
"2021/08/06","14,730.0","14,740.0","14,690.0","14,730.0","+20.0","26","383","0","0","0.00","-","-","14,712.00","14,758.40","14,779.47","14,805.40","14,130.85","41","280","472"
"2021/08/05","14,650.0","14,710.0","14,650.0","14,710.0","+60.0","11","162","0","0","0.00","-","-","14,664.00","14,766.40","14,780.93","14,803.20","14,118.40","82","285","472"
"2021/08/04","14,660.0","14,680.0","14,620.0","14,650.0","-50.0","19","278","0","0","0.00","-","-","14,658.00","14,776.80","14,781.87","14,800.50","14,105.80","95","340","473"
"2021/08/03","14,630.0","14,720.0","14,630.0","14,700.0","-70.0","48","705","0","0","0.00","-","-","14,658.00","14,792.80","14,784.40","14,798.00","14,093.60","121","343","473"
"2021/08/02","14,650.0","14,770.0","14,620.0","14,770.0","+280.0","103","1,517","0","0","0.00","-","-","14,670.00","14,807.20","14,785.73","14,793.30","14,081.55","117","345","481"
"2021/07/30","14,640.0","14,640.0","14,490.0","14,490.0","-190.0","232","3,373","0","0","0.00","-","-","14,644.00","14,813.60","14,787.20","14,788.30","14,068.80","124","343","482"
"2021/07/29","14,700.0","14,710.0","14,680.0","14,680.0","+30.0","74","1,087","0","0","0.00","-","-","14,652.00","14,833.20","14,791.73","14,785.40","14,057.40","169","336","479"
"2021/07/28","14,640.0","14,700.0","14,580.0","14,650.0","-110.0","149","2,180","0","31","0.00","-","-","14,596.00","14,847.20","14,795.20","14,781.40","14,044.75","212","345","478"
"2021/07/27","14,740.0","14,780.0","14,730.0","14,760.0","+120.0","30","443","0","0","0.00","-","-","14,570.00","14,843.60","14,797.73","14,776.70","14,031.15","186","404","479"
"2021/07/26","14,870.0","14,870.0","14,640.0","14,640.0","+110.0","138","2,030","0","0","0.00","-","-","14,578.00","14,850.40","14,801.60","14,772.10","14,017.75","181","405","479"
"2021/07/21","14,620.0","14,620.0","14,470.0","14,530.0","+130.0","456","6,625","0","0","0.00","-","-","14,600.00","14,868.80","14,805.73","14,766.40","14,004.95","196","404","479"
"2021/07/20","14,520.0","14,530.0","14,370.0","14,400.0","-120.0","289","4,173","0","30","0.00","-","-","14,700.00","14,897.20","14,810.53","14,766.10","13,993.55","108","386","474"
"2021/07/19","14,580.0","14,630.0","14,520.0","14,520.0","-280.0","19","277","0","30","0.00","-","-","14,830.00","14,928.00","14,817.73","14,765.90","13,982.30","61","377","472"
"2021/07/16","15,050.0","15,050.0","14,800.0","14,800.0","+50.0","4","59","0","30","0.00","-","-","14,906.00","14,948.80","14,824.40","14,766.70","13,969.90","92","377","480"
"2021/07/15","15,150.0","15,150.0","14,750.0","14,750.0","-280.0","216","3,200","0","0","0.00","-","-","14,924.00","14,957.60","14,828.80","14,763.10","13,956.05","160","377","481"
"2021/07/14","14,960.0","15,030.0","14,960.0","15,030.0","-20.0","16","240","0","0","0.00","-","-","14,904.00","14,969.60","14,831.20","14,760.80","13,942.60","127","370","479"
"2021/07/13","14,960.0","15,050.0","14,960.0","15,050.0","+150.0","52","781","0","0","0.00","-","-","14,848.00","14,971.60","14,826.67","14,757.40","13,928.10","209","450","480"
"2021/07/12","14,820.0","14,910.0","14,820.0","14,900.0","+10.0","175","2,604","3","0","0.00","0.00","-","14,844.00","14,974.40","14,819.87","14,753.50","13,913.25","272","448","483"
"2021/07/01","14,970.0","14,970.0","14,860.0","14,860.0","-70.0","3,411","50,751","3","0","0.00","0.00","-","14,974.00","15,003.60","14,824.00","14,712.10","13,815.50","1,026","1,041","479"
"2021/06/30","15,000.0","15,000.0","14,930.0","14,930.0","-40.0","143","2,140","0","0","0.00","-","-","14,988.00","14,995.60","14,821.07","14,703.30","13,800.95","354","906","441"
"2021/06/29","15,020.0","15,020.0","14,930.0","14,970.0","-80.0","1,388","20,765","0","0","0.00","-","-","14,998.00","14,989.20","14,815.47","14,691.60","13,786.25","336","901","440"
"2021/06/28","15,080.0","15,090.0","15,050.0","15,050.0","-10.0","105","1,582","0","0","0.00","-","-","15,010.00","14,980.80","14,808.40","14,678.30","13,771.75","119","845","422"
"2021/06/25","15,030.0","15,060.0","15,000.0","15,060.0","+130.0","84","1,264","0","0","0.00","-","-","14,912.00","14,968.80","14,799.73","14,662.90","13,756.60","423","842","421"
"2021/06/24","14,980.0","14,980.0","14,910.0","14,930.0","-50.0","54","806","0","0","0.00","-","-","14,886.00","14,950.80","14,788.67","14,649.20","13,741.30","416","839","424"
"2021/06/23","14,990.0","14,990.0","14,980.0","14,980.0","-50.0","52","779","0","0","0.00","-","-","14,920.00","14,936.00","14,779.87","14,638.50","13,727.10","431","837","426"
"2021/06/22","14,930.0","15,050.0","14,930.0","15,030.0","+470.0","304","4,565","0","0","0.00","-","-","14,972.00","14,915.60","14,769.47","14,626.70","13,712.05","422","837","432"
"2021/06/21","14,840.0","14,840.0","14,480.0","14,560.0","-370.0","1,625","23,716","0","30","0.00","-","-","15,000.00","14,901.20","14,759.47","14,615.00","13,696.85","371","844","428"
"2021/06/18","15,090.0","15,090.0","14,930.0","14,930.0","-170.0","49","735","0","0","0.00","-","-","15,096.00","14,894.80","14,754.40","14,607.80","13,684.35","52","792","408"
"2021/06/17","15,170.0","15,170.0","15,070.0","15,100.0","-140.0","125","1,889","0","0","0.00","-","-","15,114.00","14,876.80","14,746.00","14,597.40","13,670.40","44","793","409"
"2021/06/16","15,170.0","15,250.0","15,170.0","15,240.0","+70.0","9","137","0","0","0.00","-","-","15,104.00","14,840.00","14,732.27","14,584.00","13,654.70","24","833","411"
"2021/06/15","15,100.0","15,170.0","15,100.0","15,170.0","+130.0","47","712","0","0","0.00","-","-","15,072.00","14,805.20","14,722.40","14,570.10","13,638.25","428","841","458"
"2021/06/14","15,100.0","15,100.0","15,030.0","15,040.0","+20.0","31","467","0","0","0.00","-","-","15,062.00","14,780.00","14,711.87","14,555.80","13,621.90","420","928","630"
"2021/06/11","15,010.0","15,040.0","14,960.0","15,020.0","-30.0","11","165","0","0","0.00","-","-","15,078.00","14,772.40","14,706.00","14,543.80","13,606.85","420","932","631"
"2021/06/10","15,050.0","15,080.0","15,000.0","15,050.0","-30.0","23","347","0","0","0.00","-","-","15,094.00","14,762.00","14,698.27","14,533.10","13,591.65","421","932","633"
"2021/06/09","15,100.0","15,100.0","15,080.0","15,080.0","-40.0","2,029","30,617","0","0","0.00","-","-","15,102.00","14,747.20","14,691.20","14,521.80","13,576.60","422","935","635"
"2021/06/08","15,140.0","15,170.0","15,120.0","15,120.0","0.0","6","91","0","0","0.00","-","-","15,088.00","14,720.80","14,686.00","14,509.40","13,561.75","20","858","611"
"2021/06/07","15,210.0","15,210.0","15,090.0","15,120.0","+20.0","34","515","0","0","0.00","-","-","15,026.00","14,699.60","14,679.87","14,496.00","13,546.70","1,081","859","613"
"2021/06/04","15,080.0","15,100.0","15,060.0","15,100.0","+10.0","16","241","0","0","0.00","-","-","14,974.00","14,674.00","14,673.20","14,480.50","13,531.05","3,280","865","614"
"2021/06/03","15,060.0","15,150.0","15,060.0","15,090.0","+80.0","27","408","0","0","0.00","-","-","14,950.00","14,652.80","14,664.00","14,465.50","13,514.85","3,296","865","615"
"2021/06/02","14,920.0","15,010.0","14,920.0","15,010.0","+200.0","17","255","0","0","0.00","-","-","14,864.00","14,629.60","14,654.80","14,449.80","13,497.10","3,299","866","617"
"2021/06/01","15,060.0","15,060.0","14,750.0","14,810.0","-50.0","5,313","78,719","0","0","0.00","-","-","14,816.00","14,611.60","14,645.20","14,435.60","13,479.85","3,298","868","617"
"2021/05/31","15,060.0","15,060.0","14,830.0","14,860.0","-120.0","11,031","163,805","0","0","0.00","-","-","14,806.00","14,592.40","14,638.93","14,424.30","13,463.65","2,236","667","548"
"2021/05/28","14,880.0","14,990.0","14,880.0","14,980.0","+320.0","96","1,436","0","0","0.00","-","-","14,784.00","14,582.40","14,629.07","14,413.20","13,447.30","35","232","403"
"2021/05/27","14,750.0","14,750.0","14,660.0","14,660.0","-110.0","42","617","0","21","0.00","-","-","14,710.00","14,575.60","14,614.93","14,398.40","13,429.00","20","231","402"
"2021/05/26","14,710.0","14,770.0","14,710.0","14,770.0","+10.0","9","133","0","0","0.00","-","-","14,690.00","14,584.40","14,605.87","14,385.80","13,411.55","12","230","442"
"2021/05/25","14,720.0","14,760.0","14,720.0","14,760.0","+10.0","3","44","0","0","0.00","-","-","14,630.00","14,587.20","14,592.40","14,371.80","13,395.00","18","231","442"
"2021/05/24","14,620.0","14,750.0","14,620.0","14,750.0","+140.0","29","424","0","0","0.00","-","-","14,612.00","14,588.00","14,577.47","14,356.60","13,378.85","115","233","443"
"2021/05/21","14,600.0","14,610.0","14,580.0","14,610.0","+50.0","17","248","0","0","0.00","-","-","14,542.00","14,591.60","14,560.93","14,341.30","13,363.65","172","233","444"
"2021/05/20","14,560.0","14,560.0","14,560.0","14,560.0","+90.0","2","29","0","0","0.00","-","-","14,516.00","14,599.20","14,548.67","14,329.10","13,349.35","182","259","452"
"2021/05/19","14,500.0","14,500.0","14,470.0","14,470.0","-200.0","41","594","0","0","0.00","-","-","14,440.00","14,612.00","14,539.33","14,317.60","13,335.30","409","264","458"
"2021/05/18","14,470.0","14,670.0","14,470.0","14,670.0","+270.0","488","7,129","0","0","0.00","-","-","14,420.00","14,626.40","14,530.40","14,307.50","13,322.00","441","264","460"
"2021/05/17","14,510.0","14,550.0","14,400.0","14,400.0","-80.0","312","4,493","0","0","0.00","-","-","14,394.00","14,637.20","14,519.60","14,295.40","13,307.45","790","245","454"
"2021/05/14","14,480.0","14,480.0","14,310.0","14,480.0","+300.0","67","966","0","0","0.00","-","-","14,484.00","14,654.80","14,512.13","14,285.20","13,294.10","753","241","450"
"2021/05/13","14,230.0","14,310.0","14,160.0","14,180.0","-190.0","1,140","16,189","0","0","0.00","-","-","14,540.00","14,677.60","14,504.27","14,275.70","13,280.55","743","241","450"
"2021/05/12","14,520.0","14,520.0","14,210.0","14,370.0","-170.0","199","2,856","0","16","0.00","-","-","14,640.00","14,708.40","14,498.67","14,268.00","13,268.75","532","198","435"
"2021/05/11","14,780.0","14,780.0","14,500.0","14,540.0","-310.0","2,236","32,534","0","16","0.00","-","-","14,650.00","14,729.20","14,491.73","14,258.50","13,255.10","515","196","436"
"2021/05/10","14,710.0","14,900.0","14,710.0","14,850.0","+90.0","124","1,842","0","0","0.00","-","-","14,660.00","14,745.20","14,481.07","14,247.40","13,240.95","71","111","408"
"2021/05/07","14,730.0","14,760.0","14,690.0","14,760.0","+80.0","19","280","0","0","0.00","-","-","14,586.00","14,752.00","14,467.60","14,231.90","13,224.00","85","130","407"
"2021/05/06","14,640.0","14,780.0","14,640.0","14,680.0","+260.0","85","1,250","0","0","0.00","-","-","14,548.00","14,766.80","14,456.80","14,217.70","13,208.15","86","134","409"
"2021/04/30","14,590.0","14,590.0","14,420.0","14,420.0","-170.0","113","1,637","0","0","0.00","-","-","14,514.00","14,776.80","14,446.67","14,205.40","13,193.05","77","133","409"
"2021/04/28","14,460.0","14,590.0","14,460.0","14,590.0","+110.0","16","232","14","0","0.00","0.00","-","14,542.00","14,787.60","14,438.93","14,195.40","13,179.20","67","131","408"
"2021/04/27","14,550.0","14,550.0","14,480.0","14,480.0","-90.0","194","2,810","14","0","0.00","0.00","-","14,490.00","14,785.60","14,428.13","14,183.80","13,167.95","123","143","410"
"2021/04/26","14,620.0","14,620.0","14,500.0","14,570.0","+60.0","24","349","14","0","0.00","0.00","-","14,516.00","14,798.80","14,416.00","14,172.20","13,154.35","116","138","409"
"2021/04/23","14,420.0","14,530.0","14,420.0","14,510.0","-50.0","38","550","14","0","0.00","0.00","-","14,564.00","14,813.20","14,403.07","14,159.10","13,140.40","127","165","409"
"2021/04/22","14,540.0","14,580.0","14,490.0","14,560.0","+230.0","64","932","14","0","0.00","0.00","-","14,638.00","14,838.00","14,389.87","14,149.10","13,126.20","122","168","409"
"2021/04/20","14,750.0","14,750.0","14,580.0","14,610.0","-200.0","161","2,356","14","0","0.00","0.00","-","14,784.00","14,880.80","14,368.27","14,128.90","13,100.35","66","166","406"
"2021/04/19","14,880.0","14,880.0","14,810.0","14,810.0","-70.0","80","1,187","0","0","0.00","-","-","14,830.00","14,892.80","14,356.80","14,116.20","13,087.25","38","163","449"
"2021/04/16","14,840.0","14,880.0","14,800.0","14,880.0","+40.0","11","163","2","0","0.00","0.00","-","14,828.00","14,892.80","14,339.33","14,098.70","13,072.30","156","165","449"
"2021/04/15","14,920.0","15,020.0","14,840.0","14,840.0","+60.0","34","507","0","0","0.00","-","-","14,828.00","14,883.20","14,319.60","14,080.00","13,057.90","182","188","450"
"2021/04/14","14,820.0","14,820.0","14,780.0","14,780.0","-60.0","47","695","0","0","0.00","-","-","14,826.00","14,870.00","14,300.00","14,061.90","13,044.30","181","189","450"
"2021/04/13","14,990.0","15,030.0","14,840.0","14,840.0","+40.0","19","283","0","0","0.00","-","-","14,858.00","14,856.40","14,279.47","14,045.90","13,030.45","176","189","449"
"2021/04/12","15,030.0","16,500.0","14,800.0","14,800.0","-80.0","673","10,037","0","3","0.00","-","-","14,858.00","14,838.80","14,257.87","14,028.70","13,016.20","216","190","450"
"2021/04/08","14,860.0","14,860.0","14,780.0","14,830.0","-110.0","27","400","14","0","0.00","0.00","-","14,922.00","14,791.60","14,219.47","13,990.60","12,988.05","80","175","440"
"2021/04/07","14,930.0","14,940.0","14,850.0","14,940.0","+100.0","23","343","14","0","0.00","0.00","-","14,934.00","14,766.40","14,201.20","13,972.70","12,974.65","102","196","440"
"2021/04/06","15,150.0","15,150.0","14,830.0","14,840.0","-210.0","217","3,256","14","0","0.00","0.00","-","14,934.00","14,740.00","14,181.47","13,951.30","12,958.60","120","195","440"
"2021/04/05","14,770.0","15,100.0","14,770.0","15,050.0","+100.0","59","880","15","0","0.00","0.00","-","14,970.00","14,713.60","14,162.00","13,928.90","12,944.05","194","191","438"
"2021/04/02","15,020.0","15,020.0","14,940.0","14,950.0","+60.0","74","1,107","15","0","0.00","0.00","-","14,986.00","14,683.60","14,141.73","13,902.90","12,929.15","210","193","438"
"2021/04/01","15,050.0","15,090.0","14,830.0","14,890.0","-50.0","139","2,070","15","0","0.00","0.00","-","14,982.00","14,648.40","14,121.20","13,876.80","12,916.35","206","201","437"
"2021/03/31","15,150.0","15,150.0","14,940.0","14,940.0","-80.0","112","1,680","12","0","0.00","0.00","-","14,942.00","14,632.80","14,101.60","13,850.00","12,903.90","187","338","436"
"2021/03/30","15,480.0","15,480.0","14,970.0","15,020.0","-110.0","589","8,895","12","0","0.00","0.00","-","14,862.00","14,610.40","14,081.47","13,820.80","12,891.30","231","851","436"
"2021/03/29","15,060.0","15,150.0","14,910.0","15,130.0","+200.0","136","2,044","0","0","0.00","-","-","14,820.00","14,593.60","14,058.53","13,788.70","12,877.40","127","831","428"
"2021/03/26","14,870.0","14,950.0","14,870.0","14,930.0","+240.0","58","865","0","0","0.00","-","-","14,780.00","14,566.00","14,034.67","13,757.70","12,862.75","237","833","428"
"2021/03/25","14,560.0","14,740.0","14,560.0","14,690.0","+150.0","44","646","0","0","0.00","-","-","14,820.00","14,549.60","14,014.93","13,728.10","12,848.45","248","837","431"
"2021/03/24","14,730.0","14,730.0","14,470.0","14,540.0","-270.0","332","4,842","5","0","0.00","0.00","-","14,900.00","14,549.60","13,998.00","13,701.90","12,835.45","288","844","431"
"2021/03/23","15,000.0","15,000.0","14,810.0","14,810.0","-120.0","66","981","1","0","0.00","0.00","-","14,966.00","14,554.40","13,983.20","13,677.70","12,822.25","238","836","427"
"2021/03/22","15,100.0","15,100.0","14,890.0","14,930.0","-200.0","688","10,304","1","0","0.00","0.00","-","14,986.00","14,546.80","13,963.33","13,651.10","12,807.90","239","840","426"
"2021/03/19","15,030.0","15,150.0","15,000.0","15,130.0","+40.0","111","1,678","0","0","0.00","-","-","14,962.00","14,526.00","13,941.07","13,622.70","12,793.10","128","814","419"
"2021/03/18","15,010.0","15,150.0","15,010.0","15,090.0","+220.0","244","3,686","0","0","0.00","-","-","14,864.00","14,496.80","13,919.47","13,593.50","12,776.25","223","817","421"
"2021/03/17","14,820.0","14,900.0","14,760.0","14,870.0","-40.0","81","1,202","0","0","0.00","-","-","14,748.00","14,464.80","13,897.87","13,563.50","12,758.80","186","808","418"
"2021/03/16","14,880.0","14,910.0","14,830.0","14,910.0","+100.0","71","1,056","0","0","0.00","-","-","14,662.00","14,443.60","13,878.27","13,536.70","12,741.05","179","812","419"
"2021/03/15","14,800.0","15,200.0","14,760.0","14,810.0","+170.0","137","2,028","0","0","0.00","-","-","14,560.00","14,412.00","13,857.33","13,508.00","12,722.15","173","814","420"
"2021/03/12","14,560.0","14,670.0","14,480.0","14,640.0","+130.0","586","8,554","0","0","0.00","-","-","14,444.00","14,376.40","13,834.00","13,481.10","12,704.75","206","810","419"
"2021/03/11","14,740.0","14,740.0","14,450.0","14,510.0","+70.0","55","802","0","0","0.00","-","-","14,370.00","14,350.00","13,812.27","13,456.30","12,688.10","121","907","411"
"2021/03/10","14,460.0","14,480.0","14,440.0","14,440.0","+40.0","49","708","0","0","0.00","-","-","14,308.00","14,320.00","13,792.53","13,433.60","12,672.20","219","906","412"
"2021/03/09","14,370.0","14,400.0","14,320.0","14,400.0","+170.0","42","605","0","0","0.00","-","-","14,276.00","14,288.00","13,775.73","13,411.10","12,655.30","210","907","413"
"2021/03/08","14,410.0","14,410.0","14,230.0","14,230.0","-40.0","301","4,328","1","0","0.00","0.00","-","14,232.00","14,252.40","13,758.67","13,389.20","12,638.60","222","910","416"
"2021/03/04","14,240.0","14,400.0","14,050.0","14,200.0","-80.0","545","7,756","0","200","0.00","-","-","14,206.00","14,214.40","13,723.60","13,349.30","12,607.35","207","934","414"
"2021/03/03","14,250.0","14,280.0","14,250.0","14,280.0","+100.0","4","57","0","0","0.00","-","-","14,266.00","14,198.40","13,708.13","13,329.40","12,592.75","809","921","408"
"2021/03/02","14,410.0","14,410.0","14,180.0","14,180.0","-120.0","104","1,480","0","80","0.00","-","-","14,286.00","14,181.60","13,688.40","13,308.10","12,577.80","3,400","921","423"
"2021/03/01","14,280.0","14,350.0","14,260.0","14,300.0","+230.0","102","1,458","13","0","0.00","0.00","-","14,370.00","14,168.00","13,667.33","13,285.60","12,562.30","3,396","919","424"
"2021/02/26","14,320.0","14,320.0","14,070.0","14,070.0","-430.0","282","4,005","3","0","0.00","0.00","-","14,398.00","14,151.60","13,642.67","13,263.40","12,544.70","3,411","917","424"
"2021/02/25","14,420.0","14,870.0","14,420.0","14,500.0","+120.0","3,554","51,596","0","0","0.00","-","-","14,488.00","14,139.20","13,619.60","13,243.50","12,528.65","3,386","907","422"
"2021/02/24","14,900.0","14,900.0","14,380.0","14,380.0","-220.0","12,960","187,465","0","31","0.00","-","-","14,526.00","14,113.20","13,589.07","13,221.00","12,512.35","2,718","775","376"
"2021/02/22","14,590.0","14,670.0","14,560.0","14,600.0","+160.0","84","1,227","0","24","0.00","-","-","14,582.00","14,087.60","13,557.60","13,198.70","12,495.60","155","260","204"
"2021/02/19","14,420.0","14,490.0","14,390.0","14,440.0","-80.0","178","2,565","0","0","0.00","-","-","14,586.00","14,057.20","13,520.40","13,173.10","12,477.80","172","260","285"
"2021/02/18","14,710.0","14,710.0","14,500.0","14,520.0","-170.0","156","2,280","0","0","0.00","-","-","14,580.00","14,037.60","13,488.27","13,149.00","12,459.65","142","260","283"
"2021/02/17","14,750.0","14,750.0","14,650.0","14,690.0","+30.0","213","3,131","0","0","0.00","-","-","14,556.00","14,013.60","13,454.27","13,124.40","12,441.35","149","256","283"
"2021/02/16","14,690.0","14,780.0","14,660.0","14,660.0","+40.0","147","2,166","0","0","0.00","-","-","14,476.00","13,979.60","13,419.33","13,098.80","12,421.20","109","250","283"
"2021/02/15","14,580.0","14,620.0","14,500.0","14,620.0","+210.0","167","2,435","0","0","0.00","-","-","14,412.00","13,944.40","13,385.47","13,073.00","12,401.85","117","251","281"
"2021/02/12","14,560.0","14,560.0","14,390.0","14,410.0","+10.0","31","447","0","0","0.00","-","-","14,312.00","13,902.40","13,352.53","13,048.10","12,383.50","108","249","280"
"2021/02/10","14,330.0","14,420.0","14,330.0","14,400.0","+110.0","190","2,732","0","0","0.00","-","-","14,214.00","13,870.00","13,321.60","13,025.30","12,366.65","109","249","280"
"2021/02/09","14,400.0","14,400.0","14,290.0","14,290.0","-50.0","13","186","0","0","0.00","-","-","14,130.00","13,834.80","13,292.40","13,003.60","12,348.90","672","242","278"
"2021/02/08","14,170.0","14,380.0","14,080.0","14,340.0","+220.0","185","2,641","0","0","0.00","-","-","14,024.00","13,806.80","13,263.07","12,982.40","12,332.50","678","243","278"
"2021/02/05","14,150.0","14,150.0","14,070.0","14,120.0","+200.0","123","1,738","0","0","0.00","-","-","13,884.00","13,780.40","13,234.40","12,959.80","12,315.75","656","240","276"
"2021/02/04","14,000.0","14,030.0","13,920.0","13,920.0","-60.0","37","516","0","0","0.00","-","-","13,762.00","13,765.60","13,206.67","12,937.80","12,299.10","652","371","276"
"2021/02/03","13,850.0","13,980.0","13,850.0","13,980.0","+220.0","3,004","41,640","0","0","0.00","-","-","13,716.00","13,748.80","13,182.67","12,918.90","12,284.45","765","374","276"
"2021/02/02","13,680.0","13,780.0","13,670.0","13,760.0","+120.0","41","563","0","0","0.00","-","-","13,692.00","13,725.60","13,158.40","12,898.60","12,268.60","255","254","236"
"2021/02/01","13,330.0","13,650.0","13,330.0","13,640.0","+130.0","78","1,057","0","0","0.00","-","-","13,700.00","13,710.00","13,138.13","12,880.90","12,254.70","291","254","236"
"2021/01/29","13,790.0","13,790.0","13,490.0","13,510.0","-180.0","100","1,361","7","0","0.00","5.00","-","13,744.00","13,694.00","13,118.80","12,865.20","12,240.25","278","252","236"
"2021/01/28","13,860.0","13,860.0","13,610.0","13,690.0","-170.0","604","8,293","4","0","0.00","5.00","-","13,810.00","13,682.40","13,101.47","12,850.30","12,225.40","266","250","235"
"2021/01/27","13,880.0","13,880.0","13,820.0","13,860.0","+60.0","452","6,253","2","0","0.00","5.00","-","13,850.00","13,670.40","13,082.80","12,833.40","12,207.60","155","228","229"
"2021/01/26","13,870.0","13,890.0","13,800.0","13,800.0","-60.0","222","3,066","2","0","0.00","5.00","-","13,830.00","13,652.40","13,060.93","12,815.70","12,189.75","71","211","223"
"2021/01/25","13,880.0","13,910.0","13,860.0","13,860.0","+20.0","16","222","2","0","0.00","5.00","-","13,840.00","13,638.80","13,039.73","12,797.40","12,173.25","81","203","262"
"2021/01/22","13,820.0","13,880.0","13,780.0","13,840.0","-50.0","39","540","4","0","0.00","5.00","-","13,816.00","13,622.80","13,016.93","12,778.70","12,158.20","95","203","266"
"2021/01/21","13,860.0","13,940.0","13,860.0","13,890.0","+130.0","49","681","2","0","0.00","5.00","-","13,816.00","13,604.40","12,991.47","12,760.90","12,143.50","101","203","269"
"2021/01/20","13,910.0","13,910.0","13,760.0","13,760.0","-90.0","33","454","0","0","0.00","-","-","13,828.00","13,590.00","12,967.33","12,743.40","12,129.50","130","206","268"
"2021/01/19","13,870.0","13,890.0","13,850.0","13,850.0","+110.0","271","3,759","0","0","0.00","-","-","13,860.00","13,576.00","12,944.93","12,725.40","12,114.50","133","205","268"
"2021/01/18","13,760.0","13,770.0","13,700.0","13,740.0","-100.0","87","1,195","1","0","0.00","5.00","-","13,858.00","13,558.80","12,923.60","12,706.40","12,099.85","94","195","266"
"2021/01/15","14,020.0","14,020.0","13,840.0","13,840.0","-110.0","68","943","0","0","0.00","-","-","13,866.00","13,546.40","12,902.40","12,688.00","12,081.65","107","195","282"
"2021/01/14","13,890.0","14,040.0","13,850.0","13,950.0","+30.0","193","2,696","0","0","0.00","-","-","13,812.00","13,524.80","12,878.40","12,669.90","12,061.45","116","194","281"
"2021/01/13","13,840.0","13,920.0","13,840.0","13,920.0","+80.0","46","639","0","0","0.00","-","-","13,742.00","13,500.40","12,852.80","12,650.20","12,040.70","84","190","279"
"2021/01/12","13,810.0","13,870.0","13,800.0","13,840.0","+60.0","78","1,078","1","0","0.00","5.00","-","13,662.00","13,481.60","12,828.00","12,631.40","12,020.25","81","200","279"
"2021/01/08","13,570.0","13,790.0","13,570.0","13,780.0","+210.0","151","2,077","0","0","0.00","-","-","13,612.00","13,464.80","12,805.20","12,614.10","11,999.60","74","198","278"
"2021/01/07","13,540.0","13,640.0","13,530.0","13,570.0","-30.0","114","1,547","1","0","0.00","5.00","-","13,592.00","13,450.80","12,782.53","12,597.40","11,979.10","65","193","277"
"2021/01/06","13,530.0","13,620.0","13,530.0","13,600.0","+80.0","33","449","1","0","0.00","5.00","-","13,628.00","13,440.80","12,763.33","12,581.60","11,959.45","720","189","275"
"2021/01/05","13,590.0","13,600.0","13,520.0","13,520.0","-70.0","30","407","2","0","0.00","5.00","-","13,608.00","13,427.20","12,743.73","12,564.20","11,942.60","734","195","275"
"2021/01/04","13,740.0","13,740.0","13,460.0","13,590.0","-90.0","43","584","2","0","0.00","5.00","-","13,584.00","13,426.80","12,726.53","12,544.40","11,928.50","730","205","275"
"2020/12/30","13,760.0","13,760.0","13,680.0","13,680.0","-70.0","106","1,456","0","0","0.00","-","-","13,540.00","13,422.00","12,707.60","12,524.10","11,914.80","732","203","289"
"2020/12/29","13,610.0","13,780.0","13,610.0","13,750.0","+250.0","3,392","46,339","0","0","0.00","-","-","13,452.00","13,410.80","12,686.27","12,503.00","11,899.90","713","206","288"
"2020/12/28","13,450.0","13,500.0","13,390.0","13,500.0","+100.0","100","1,344","0","0","0.00","-","-","13,346.00","13,394.40","12,661.87","12,481.40","11,887.80","49","76","243"
"2020/12/25","13,390.0","13,400.0","13,390.0","13,400.0","+30.0","12","161","0","0","0.00","-","-","13,324.00","13,376.80","12,642.27","12,459.60","11,878.65","37","72","242"
"2020/12/24","13,330.0","13,370.0","13,330.0","13,370.0","+130.0","53","707","0","0","0.00","-","-","13,326.00","13,361.20","12,622.93","12,437.30","11,869.35","42","73","242"
"2020/12/23","13,260.0","13,280.0","13,240.0","13,240.0","+20.0","12","159","0","0","0.00","-","-","13,344.00","13,347.60","12,604.53","12,418.20","11,860.55","35","76","243"
"2020/12/22","13,330.0","13,360.0","13,220.0","13,220.0","-170.0","68","902","0","0","0.00","-","-","13,388.00","13,345.20","12,588.93","12,401.10","11,852.95","35","79","243"
"2020/12/21","13,490.0","13,510.0","13,370.0","13,390.0","-20.0","44","591","0","0","0.00","-","-","13,420.00","13,341.20","12,572.93","12,386.00","11,844.60","30","87","243"
"2020/12/18","13,460.0","13,490.0","13,410.0","13,410.0","-50.0","33","444","0","0","0.00","-","-","13,448.00","13,320.80","12,554.40","12,369.60","11,838.00","44","89","242"
"2020/12/17","13,470.0","13,470.0","13,460.0","13,460.0","0.0","19","256","0","0","0.00","-","-","13,448.00","13,304.00","12,536.80","12,353.00","11,832.60","39","98","243"
"2020/12/16","13,470.0","13,470.0","13,460.0","13,460.0","+80.0","14","188","0","0","0.00","-","-","13,440.00","13,287.20","12,516.93","12,336.50","11,827.55","40","100","257"
"2020/12/15","13,420.0","13,420.0","13,380.0","13,380.0","-150.0","44","589","0","0","0.00","-","-","13,434.00","13,260.80","12,497.33","12,319.50","11,824.55","55","143","259"
"2020/12/14","13,420.0","13,600.0","13,420.0","13,530.0","+120.0","112","1,519","0","0","0.00","-","-","13,418.00","13,229.60","12,479.73","12,303.00","11,821.85","55","151","259"
"2020/12/11","13,370.0","13,410.0","13,370.0","13,410.0","-10.0","8","107","0","0","0.00","-","-","13,380.00","13,186.40","12,461.20","12,285.40","11,818.45","50","151","258"
"2020/12/10","13,430.0","13,430.0","13,380.0","13,420.0","-10.0","22","295","0","0","0.00","-","-","13,388.00","13,143.60","12,441.87","12,269.50","11,815.20","110","154","258"
"2020/12/09","13,360.0","13,440.0","13,360.0","13,430.0","+130.0","89","1,194","0","0","0.00","-","-","13,388.00","13,095.20","12,422.27","12,251.70","11,812.65","110","159","258"
"2020/12/08","13,320.0","13,320.0","13,300.0","13,300.0","-40.0","48","639","0","0","0.00","-","-","13,388.00","13,038.80","12,401.87","12,234.50","11,810.50","98","157","257"
"2020/12/07","13,500.0","13,530.0","13,330.0","13,340.0","-110.0","83","1,114","0","0","0.00","-","-","13,392.00","12,979.20","12,384.93","12,216.10","11,809.40","90","401","257"
"2020/12/04","13,430.0","13,450.0","13,420.0","13,450.0","+30.0","309","4,153","0","0","0.00","-","-","13,376.00","12,926.80","12,366.80","12,198.60","11,808.35","111","399","257"
"2020/12/03","13,430.0","13,430.0","13,380.0","13,420.0","-10.0","25","335","0","0","0.00","-","-","13,388.00","12,867.60","12,348.00","12,180.70","11,806.90","103","392","254"
"2020/12/02","13,430.0","13,430.0","13,430.0","13,430.0","+110.0","28","376","0","0","0.00","-","-","13,398.00","12,813.60","12,330.53","12,163.00","11,806.10","101","401","253"
"2020/12/01","13,320.0","13,320.0","13,320.0","13,320.0","+60.0","9","120","0","0","0.00","-","-","13,392.00","12,761.20","12,312.93","12,152.10","11,805.60","127","401","254"
"2020/11/30","13,550.0","13,550.0","13,240.0","13,260.0","-250.0","188","2,497","0","0","0.00","-","-","13,396.00","12,714.40","12,295.20","12,136.50","11,804.20","153","403","255"
"2020/11/27","13,480.0","13,520.0","13,420.0","13,510.0","+40.0","267","3,605","0","0","0.00","-","-","13,356.00","12,667.60","12,276.53","12,121.70","11,802.45","120","397","257"
"2020/11/26","13,350.0","13,470.0","13,350.0","13,470.0","+70.0","14","188","0","0","0.00","-","-","13,256.00","12,615.60","12,250.27","12,103.30","11,799.05","74","387","254"
"2020/11/25","13,500.0","13,510.0","13,380.0","13,400.0","+60.0","158","2,130","0","0","0.00","-","-","13,168.00","12,560.40","12,224.80","12,088.10","11,796.35","94","388","254"
"2020/11/24","13,290.0","13,370.0","13,290.0","13,340.0","+280.0","142","1,896","0","0","0.00","-","-","13,124.00","12,512.00","12,200.40","12,071.80","11,793.35","81","383","252"
"2020/11/20","13,010.0","13,060.0","13,010.0","13,060.0","+50.0","22","287","0","0","0.00","-","-","13,080.00","12,460.00","12,177.07","12,058.30","11,791.55","106","383","251"
"2020/11/19","13,030.0","13,030.0","12,970.0","13,010.0","-20.0","37","481","0","0","0.00","-","-","13,044.00","12,422.40","12,153.87","12,045.90","11,790.75","121","383","252"
"2020/11/18","13,130.0","13,130.0","13,030.0","13,030.0","-150.0","111","1,456","0","0","0.00","-","-","13,040.00","12,388.40","12,129.33","12,035.80","11,790.75","163","382","252"
"2020/11/17","13,170.0","13,230.0","13,130.0","13,180.0","+60.0","95","1,252","0","0","0.00","-","-","13,042.00","12,356.80","12,108.40","12,026.70","11,791.60","154","379","251"
"2020/11/16","13,000.0","13,140.0","13,000.0","13,120.0","+240.0","265","3,474","1","0","0.00","5.00","-","12,966.00","12,317.20","12,086.40","12,015.00","11,791.55","356","376","250"
"2020/11/13","12,900.0","12,900.0","12,820.0","12,880.0","-110.0","101","1,301","1","0","0.00","5.00","-","12,862.00","12,280.80","12,067.60","12,003.70","11,792.35","349","367","249"
"2020/11/12","13,070.0","13,120.0","12,940.0","12,990.0","-50.0","243","3,162","1","0","0.00","5.00","-","12,776.00","12,257.20","12,052.53","11,994.70","11,793.95","354","369","248"
"2020/11/11","13,000.0","13,070.0","12,970.0","13,040.0","+240.0","67","874","0","0","0.00","-","-","12,646.00","12,226.40","12,036.00","11,985.50","11,795.50","319","360","249"
"2020/11/10","12,790.0","12,920.0","12,750.0","12,800.0","+200.0","1,108","14,262","0","0","0.00","-","-","12,480.00","12,193.20","12,019.60","11,976.60","11,796.50","337","483","248"
"2020/11/09","12,500.0","12,630.0","12,500.0","12,600.0","+150.0","226","2,837","0","5","0.00","-","-","12,324.00","12,167.20","12,005.73","11,965.90","11,798.30","123","450","233"
"2020/11/06","12,360.0","12,450.0","12,360.0","12,450.0","+110.0","126","1,566","0","5","0.00","-","-","12,166.00","12,140.40","11,994.13","11,959.20","11,801.00","1,309","453","230"
"2020/11/05","12,230.0","12,340.0","12,190.0","12,340.0","+130.0","69","846","0","5","0.00","-","-","12,082.00","12,125.60","11,985.07","11,955.40","11,804.75","1,290","448","230"
"2020/11/04","12,230.0","12,260.0","12,170.0","12,210.0","+190.0","157","1,919","0","5","0.00","-","-","12,008.00","12,115.20","11,978.13","11,955.90","11,808.80","1,301","447","230"
"2020/11/02","11,890.0","12,080.0","11,850.0","12,020.0","+210.0","39","468","0","5","0.00","-","-","11,980.00","12,116.80","11,970.53","11,957.80","11,813.30","1,319","446","230"
"2020/10/29","11,900.0","12,030.0","11,900.0","12,030.0","+60.0","30","358","0","5","0.00","-","-","12,068.00","12,131.20","11,961.73","11,966.10","11,824.00","98","248","149"
"2020/10/28","12,000.0","12,000.0","11,960.0","11,970.0","-100.0","123","1,472","0","5","0.00","-","-","12,080.00","12,131.20","11,955.87","11,967.80","11,828.80","99","250","150"
"2020/10/27","12,070.0","12,080.0","11,990.0","12,070.0","-50.0","250","3,014","0","5","0.00","-","-","12,128.00","12,134.80","11,951.73","11,968.80","11,834.90","80","245","148"
"2020/10/26","12,160.0","12,160.0","12,120.0","12,120.0","-30.0","23","279","0","5","0.00","-","-","12,132.00","12,137.20","11,946.13","11,969.00","11,841.30","36","236","149"
"2020/10/23","12,120.0","12,160.0","12,080.0","12,150.0","+60.0","65","787","0","5","0.00","-","-","12,146.00","12,135.60","11,949.07","11,966.80","11,847.00","40","236","149"
"2020/10/22","12,150.0","12,150.0","12,090.0","12,090.0","-120.0","37","447","0","5","0.00","-","-","12,124.00","12,134.80","11,943.87","11,964.70","11,852.20","53","234","148"
"2020/10/21","12,210.0","12,210.0","12,210.0","12,210.0","+120.0","29","354","0","5","0.00","-","-","12,130.00","12,136.40","11,939.73","11,963.50","11,857.85","51","234","148"
"2020/10/20","12,150.0","12,150.0","12,090.0","12,090.0","-100.0","30","363","0","5","0.00","-","-","12,120.00","12,137.20","11,932.53","11,959.00","11,863.00","49","234","148"
"2020/10/19","12,080.0","12,190.0","12,080.0","12,190.0","+150.0","43","523","0","5","0.00","-","-","12,150.00","12,140.40","11,930.67","11,954.10","11,868.85","49","275","148"
"2020/10/16","12,110.0","12,110.0","12,040.0","12,040.0","-80.0","128","1,543","0","5","0.00","-","-","12,150.00","12,136.00","11,925.07","11,945.40","11,874.35","46","275","155"
"2020/10/15","12,160.0","12,160.0","12,110.0","12,120.0","-40.0","28","340","0","5","0.00","-","-","12,184.00","12,131.20","11,924.40","11,936.30","11,880.70","27","271","155"
"2020/10/14","12,150.0","12,170.0","12,150.0","12,160.0","-80.0","18","219","0","5","0.00","-","-","12,218.00","12,127.60","11,920.40","11,928.40","11,887.05","51","270","155"
"2020/10/13","12,200.0","12,240.0","12,190.0","12,240.0","+50.0","28","342","0","5","0.00","-","-","12,230.00","12,119.20","11,918.27","11,919.90","11,893.10","50","270","155"
"2020/10/12","12,220.0","12,220.0","12,180.0","12,190.0","-20.0","28","341","0","5","0.00","-","-","12,224.00","12,109.20","11,916.67","11,910.80","11,898.80","675","275","155"
"2020/10/09","12,250.0","12,250.0","12,210.0","12,210.0","-80.0","37","452","0","5","0.00","-","-","12,216.00","12,104.40","11,914.27","11,899.50","11,903.55","728","275","155"
"2020/10/08","12,270.0","12,300.0","12,270.0","12,290.0","+70.0","146","1,795","0","5","0.00","-","-","12,160.00","12,096.80","11,911.33","11,888.00","11,908.20","777","274","154"
"2020/10/07","12,170.0","12,220.0","12,170.0","12,220.0","+10.0","11","134","0","5","0.00","-","-","12,118.00","12,085.20","11,907.20","11,875.40","11,912.50","748","269","152"
"2020/10/06","12,150.0","12,230.0","12,150.0","12,210.0","+60.0","3,155","38,350","0","5","0.00","-","-","12,090.00","12,080.00","11,905.20","11,865.40","11,917.25","754","272","152"
"2020/10/05","12,150.0","12,150.0","12,150.0","12,150.0","+220.0","292","3,548","0","5","0.00","-","-","12,098.00","12,070.40","11,904.40","11,856.10","11,921.70","149","189","112"
"2020/10/02","12,160.0","12,160.0","11,930.0","11,930.0","0.0","284","3,399","0","5","0.00","-","-","12,098.00","12,064.00","11,898.80","11,847.50","11,926.55","337","182","109"
"2020/10/01","-","-","-","-","-","0","-","0","5","0.00","-","-","12,120.00","12,069.20","11,898.80","11,839.00","11,932.00","284","172","108"
"2020/09/30","12,280.0","12,280.0","12,080.0","12,080.0","-170.0","41","498","0","5","0.00","-","-","12,110.00","12,071.60","11,898.67","11,826.00","11,937.00","299","175","109"
"2020/09/29","12,310.0","12,310.0","12,230.0","12,250.0","+100.0","130","1,594","0","5","0.00","-","-","12,106.00","12,066.80","11,902.80","11,813.80","11,942.45","295","174","108"
"2020/09/28","12,080.0","12,150.0","12,080.0","12,150.0","+110.0","1,232","14,903","0","5","0.00","-","-","12,082.00","12,054.80","11,904.80","11,803.70","11,946.45","274","169","107"
"2020/09/25","12,040.0","12,040.0","12,040.0","12,040.0","+10.0","18","217","0","5","0.00","-","-","12,068.00","12,044.80","11,908.40","11,792.50","11,951.10","31","121","93"
"2020/09/24","12,030.0","12,050.0","12,000.0","12,030.0","-30.0","75","900","0","5","0.00","-","-","12,086.00","12,044.40","11,911.07","11,782.50","11,956.45","28","121","93"
"2020/09/23","12,090.0","12,090.0","12,050.0","12,060.0","-70.0","20","241","0","5","0.00","-","-","12,106.00","12,042.40","11,913.33","11,770.30","11,961.85","22","121","94"
"2020/09/18","12,100.0","12,130.0","12,100.0","12,130.0","+50.0","26","315","0","5","0.00","-","-","12,140.00","12,041.60","11,913.47","11,758.30","11,966.70","25","124","95"
"2020/09/17","12,080.0","12,080.0","12,080.0","12,080.0","-50.0","17","205","0","5","0.00","-","-","12,148.00","12,040.80","11,912.93","11,743.60","11,970.95","230","123","95"
"2020/09/16","12,150.0","12,150.0","12,130.0","12,130.0","0.0","5","61","0","5","0.00","-","-","12,148.00","12,042.00","11,910.53","11,730.70","11,975.20","232","126","96"
"2020/09/15","12,210.0","12,210.0","12,130.0","12,130.0","-100.0","44","534","0","5","0.00","-","-","12,106.00","12,036.40","11,908.00","11,718.90","11,979.20","237","128","96"
"2020/09/14","12,200.0","12,230.0","12,200.0","12,230.0","+60.0","36","440","0","6","0.00","-","-","12,086.00","12,025.60","11,905.87","11,708.00","11,983.60","230","141","97"
"2020/09/11","12,080.0","12,180.0","12,080.0","12,170.0","+90.0","1,049","12,721","0","5","0.00","-","-","12,030.00","11,998.00","11,899.60","11,694.20","11,987.45","229","139","97"
"2020/09/10","12,060.0","12,080.0","12,060.0","12,080.0","+160.0","29","350","0","5","0.00","-","-","11,994.00","11,973.60","11,892.00","11,682.60","11,991.65","48","98","85"
"2020/09/09","11,900.0","11,920.0","11,890.0","11,920.0","-110.0","27","322","0","5","0.00","-","-","11,992.00","11,953.20","11,881.87","11,671.70","11,995.90","47","97","116"
"2020/09/08","12,040.0","12,040.0","12,030.0","12,030.0","+80.0","11","132","0","5","0.00","-","-","12,012.00","11,940.00","11,871.33","11,660.40","12,001.50","44","101","116"
"2020/09/07","12,030.0","12,030.0","11,950.0","11,950.0","-40.0","33","396","0","5","0.00","-","-","12,006.00","11,911.60","11,862.00","11,650.00","12,006.90","46","102","116"
"2020/09/04","11,960.0","12,020.0","11,960.0","11,990.0","-80.0","143","1,715","0","5","0.00","-","-","12,034.00","11,880.40","11,853.47","11,638.60","12,012.50","56","103","116"
"2020/09/03","12,150.0","12,150.0","12,070.0","12,070.0","+50.0","23","279","0","5","0.00","-","-","12,030.00","11,859.20","11,844.67","11,628.50","12,017.90","246","99","115"
"2020/09/02","12,070.0","12,070.0","12,020.0","12,020.0","+20.0","12","144","0","5","0.00","-","-","12,014.00","11,837.60","11,831.20","11,615.30","12,022.80","265","100","115"
"2020/09/01","11,970.0","12,000.0","11,970.0","12,000.0","-90.0","22","264","0","5","0.00","-","-","12,022.00","11,825.20","11,818.40","11,600.50","12,027.75","270","105","115"
"2020/08/31","12,100.0","12,130.0","12,090.0","12,090.0","+120.0","81","980","0","5","0.00","-","-","12,050.00","11,815.20","11,805.47","11,581.80","12,032.90","278","107","128"
"2020/08/28","12,150.0","12,190.0","11,970.0","11,970.0","-20.0","1,093","13,108","0","5","0.00","-","-","12,024.00","11,801.60","11,793.87","11,563.80","12,036.30","264","115","128"
"2020/08/27","12,100.0","12,100.0","11,990.0","11,990.0","-70.0","117","1,414","0","5","0.00","-","-","12,020.00","11,795.20","11,784.67","11,549.10","12,040.55","49","72","113"
"2020/08/26","12,060.0","12,060.0","12,050.0","12,060.0","-80.0","39","470","0","5","0.00","-","-","12,002.00","11,786.00","11,775.33","11,537.70","12,044.60","30","67","112"
"2020/08/25","12,110.0","12,140.0","12,110.0","12,140.0","+180.0","64","776","0","5","0.00","-","-","11,996.00","11,772.80","11,762.27","11,526.10","12,048.30","25","66","112"
"2020/08/24","11,930.0","11,970.0","11,930.0","11,960.0","+10.0","10","120","0","5","0.00","-","-","11,964.00","11,758.00","11,744.13","11,515.60","12,051.20","29","66","111"
"2020/08/21","12,000.0","12,000.0","11,950.0","11,950.0","+50.0","15","180","0","5","0.00","-","-","11,980.00","11,752.40","11,729.47","11,503.60","12,054.85","44","68","112"
"2020/08/20","12,000.0","12,000.0","11,900.0","11,900.0","-130.0","23","274","0","5","0.00","-","-","12,012.00","11,740.00","11,720.00","11,493.30","12,058.50","41","75","113"
"2020/08/19","11,950.0","12,030.0","11,950.0","12,030.0","+50.0","14","168","0","5","0.00","-","-","12,054.00","11,732.40","11,708.40","11,475.30","12,062.10","58","77","113"
"2020/08/18","12,000.0","12,000.0","11,980.0","11,980.0","-60.0","86","1,031","0","5","0.00","-","-","12,046.00","11,709.60","11,695.20","11,453.00","12,064.75","67","79","114"
"2020/08/17","12,100.0","12,130.0","12,040.0","12,040.0","-70.0","82","988","0","5","0.00","-","-","12,022.00","11,694.00","11,679.60","11,431.20","12,067.20","120","78","113"
"2020/08/14","12,110.0","12,110.0","12,110.0","12,110.0","0.0","3","36","0","5","0.00","-","-","11,922.00","11,678.80","11,663.87","11,409.10","12,069.55","104","77","112"
"2020/08/13","12,130.0","12,150.0","12,110.0","12,110.0","+120.0","106","1,287","0","5","0.00","-","-","11,812.00","11,660.40","11,644.53","11,385.10","12,071.70","106","86","112"
"2020/08/12","11,870.0","12,000.0","11,870.0","11,990.0","+130.0","61","731","0","5","0.00","-","-","11,704.00","11,669.60","11,626.93","11,360.80","12,073.35","85","85","111"
"2020/08/11","11,670.0","11,860.0","11,670.0","11,860.0","+320.0","350","4,097","0","5","0.00","-","-","11,624.00","11,660.40","11,613.07","11,337.30","12,074.70","98","83","110"
"2020/08/07","11,530.0","11,540.0","11,530.0","11,540.0","-20.0","2","23","0","5","0.00","-","-","11,516.00","11,657.20","11,602.13","11,321.00","12,075.80","37","69","106"
"2020/08/06","11,560.0","11,560.0","11,550.0","11,560.0","-10.0","12","139","0","5","0.00","-","-","11,442.00","11,662.40","11,592.93","11,312.60","12,078.40","48","70","106"
"2020/08/05","11,570.0","11,570.0","11,570.0","11,570.0","-20.0","2","23","0","5","0.00","-","-","11,422.00","11,678.00","11,585.60","11,305.50","12,081.25","52","71","106"
"2020/08/04","11,490.0","11,590.0","11,490.0","11,590.0","+270.0","127","1,464","0","5","0.00","-","-","11,414.00","11,686.00","11,577.87","11,296.80","12,083.55","61","93","106"
"2020/08/03","11,270.0","11,320.0","11,270.0","11,320.0","+150.0","45","509","0","5","0.00","-","-","11,438.00","11,702.00","11,567.20","11,294.20","12,085.75","67","93","105"
"2020/07/31","11,390.0","11,390.0","11,170.0","11,170.0","-290.0","56","626","0","5","0.00","-","-","11,524.00","11,722.00","11,562.80","11,297.70","12,089.05","69","92","104"
"2020/07/30","11,550.0","11,550.0","11,460.0","11,460.0","-70.0","34","391","0","5","0.00","-","-","11,640.00","11,755.20","11,558.00","11,301.40","12,094.20","114","92","104"
"2020/07/29","11,610.0","11,610.0","11,530.0","11,530.0","-180.0","46","531","0","5","0.00","-","-","11,710.00","11,781.60","11,551.60","11,302.90","12,098.15","111","91","104"
"2020/07/28","11,780.0","11,780.0","11,710.0","11,710.0","-40.0","154","1,808","0","5","0.00","-","-","11,756.00","11,800.80","11,541.20","11,304.80","12,101.15","103","90","104"
"2020/07/27","11,660.0","11,750.0","11,660.0","11,750.0","0.0","59","691","0","5","0.00","-","-","11,760.00","11,812.00","11,525.60","11,303.20","12,103.50","74","84","103"
"2020/07/22","11,770.0","11,810.0","11,750.0","11,750.0","-60.0","277","3,259","0","5","0.00","-","-","11,764.00","11,821.20","11,504.00","11,306.40","12,106.10","76","81","102"
"2020/07/21","11,790.0","11,810.0","11,780.0","11,810.0","+50.0","21","248","0","5","0.00","-","-","11,778.00","11,834.00","11,484.53","11,312.20","12,108.65","33","71","99"
"2020/07/20","11,750.0","11,760.0","11,730.0","11,760.0","+30.0","7","82","0","5","0.00","-","-","11,744.00","11,847.60","11,467.07","11,318.60","12,111.15","65","76","99"
"2020/07/17","11,710.0","11,730.0","11,710.0","11,730.0","-40.0","7","82","0","5","0.00","-","-","11,734.00","11,846.40","11,454.93","11,329.60","12,113.40","76","78","100"
"2020/07/16","11,820.0","11,840.0","11,750.0","11,770.0","-50.0","70","826","0","5","0.00","-","-","11,680.00","11,854.40","11,443.87","11,340.70","12,115.95","91","85","100"
"2020/07/15","11,760.0","11,840.0","11,760.0","11,820.0","+180.0","61","720","0","5","0.00","-","-","11,644.00","11,866.40","11,434.80","11,351.50","12,117.90","89","85","100"
"2020/07/14","11,640.0","11,680.0","11,630.0","11,640.0","-70.0","180","2,097","0","5","0.00","-","-","11,612.00","11,889.20","11,420.67","11,360.90","12,119.95","85","83","100"
"2020/07/13","11,620.0","11,710.0","11,620.0","11,710.0","+250.0","64","749","0","5","0.00","-","-","11,614.00","11,919.60","11,411.07","11,373.60","12,122.50","99","77","98"
"2020/07/10","11,510.0","11,520.0","11,460.0","11,460.0","-130.0","81","930","0","5","0.00","-","-","11,740.00","11,948.00","11,389.60","11,386.50","12,124.50","98","82","97"
"2020/07/09","11,680.0","11,680.0","11,520.0","11,590.0","-70.0","63","729","0","5","0.00","-","-","11,800.00","11,979.20","11,367.47","11,402.70","12,127.05","84","80","97"
"2020/07/08","11,660.0","11,740.0","11,650.0","11,660.0","+10.0","37","431","0","6","0.00","-","-","11,838.00","12,003.60","11,343.60","11,418.10","12,128.00","72","84","96"
"2020/07/07","11,710.0","11,710.0","11,650.0","11,650.0","-690.0","252","2,944","0","5","0.00","-","-","11,840.00","12,020.00","11,319.20","11,433.10","12,128.35","74","86","97"
"2020/07/03","11,760.0","11,760.0","11,750.0","11,760.0","-20.0","12","141","0","5","0.00","-","-","11,786.00","12,020.00","11,257.87","11,459.10","12,124.65","126","77","97"
"2020/07/02","11,780.0","11,780.0","11,780.0","11,780.0","+110.0","2","24","0","5","0.00","-","-","11,832.00","12,027.20","11,229.60","11,471.90","12,122.85","148","77","104"
"2020/07/01","11,890.0","11,890.0","11,670.0","11,670.0","-280.0","48","563","0","5","0.00","-","-","11,840.00","12,034.80","11,208.93","11,483.20","12,121.00","155","81","107"
"2020/06/30","11,940.0","11,950.0","11,940.0","11,950.0","+180.0","30","358","0","5","0.00","-","-","11,906.00","12,038.40","11,196.00","11,494.80","12,119.50","153","81","107"
"2020/06/29","11,840.0","11,840.0","11,750.0","11,770.0","-220.0","542","6,379","0","5","0.00","-","-","11,940.00","12,024.40","11,181.33","11,504.60","12,116.60","153","86","122"
"2020/06/26","11,980.0","11,990.0","11,980.0","11,990.0","+170.0","122","1,462","0","5","0.00","-","-","11,988.00","12,006.40","11,167.07","11,514.90","12,113.90","45","158","117"
"2020/06/25","11,870.0","11,870.0","11,820.0","11,820.0","-180.0","34","402","0","5","0.00","-","-","11,988.00","11,972.00","11,158.27","11,524.80","12,110.15","21","154","143"
"2020/06/24","12,000.0","12,000.0","12,000.0","12,000.0","-120.0","41","492","0","5","0.00","-","-","12,020.00","11,952.40","11,156.27","11,535.60","12,107.10","16","152","143"
"2020/06/23","12,110.0","12,120.0","12,110.0","12,120.0","+110.0","26","315","0","5","0.00","-","-","12,034.00","11,924.80","11,150.13","11,545.70","12,102.65","9","154","227"
"2020/06/22","12,010.0","12,010.0","12,010.0","12,010.0","+20.0","4","48","0","5","0.00","-","-","12,040.00","11,893.20","11,143.33","11,556.50","12,098.65","34","154","228"
"2020/06/19","12,060.0","12,060.0","11,970.0","11,990.0","+10.0","4","48","0","5","0.00","-","-","11,984.00","11,855.20","11,139.47","11,568.10","12,095.00","44","155","243"
"2020/06/18","11,970.0","11,980.0","11,970.0","11,980.0","-90.0","7","84","0","5","0.00","-","-","11,972.00","11,818.00","11,133.60","11,581.00","12,091.40","83","155","245"
"2020/06/17","12,120.0","12,120.0","12,040.0","12,070.0","-80.0","7","84","0","5","0.00","-","-","11,990.00","11,780.00","11,134.80","11,593.20","12,088.15","95","196","247"
"2020/06/16","11,940.0","12,150.0","11,940.0","12,150.0","+420.0","149","1,810","0","5","0.00","-","-","12,054.00","11,746.00","11,138.27","11,605.50","12,084.10","95","198","248"
"2020/06/15","11,850.0","11,910.0","11,730.0","11,730.0","-200.0","57","674","0","5","0.00","-","-","12,104.00","11,711.20","11,142.27","11,616.40","12,079.45","69","193","248"
"2020/06/12","11,770.0","11,930.0","11,770.0","11,930.0","-140.0","196","2,314","0","0","0.00","-","-","12,242.00","11,693.60","11,157.33","11,630.70","12,076.70","95","191","248"
"2020/06/11","12,250.0","12,250.0","12,070.0","12,070.0","-320.0","68","823","0","0","0.00","-","-","12,304.00","11,659.60","11,169.47","11,642.80","12,073.55","65","185","252"
"2020/06/10","12,390.0","12,390.0","12,390.0","12,390.0","-10.0","5","62","0","0","0.00","-","-","12,330.00","11,608.00","11,179.87","11,654.10","12,069.30","82","182","254"
"2020/06/09","12,450.0","12,470.0","12,400.0","12,400.0","-20.0","22","274","0","0","0.00","-","-","12,266.00","11,546.80","11,184.80","11,661.70","12,064.20","98","185","255"
"2020/06/08","12,430.0","12,430.0","12,410.0","12,420.0","+180.0","184","2,285","0","0","0.00","-","-","12,204.00","11,500.40","11,191.60","11,668.80","12,058.85","102","188","256"
"2020/06/05","12,120.0","12,240.0","12,120.0","12,240.0","+40.0","49","596","0","0","0.00","-","-","12,100.00","11,444.80","11,199.33","11,673.40","12,053.35","73","181","254"
"2020/06/04","12,300.0","12,300.0","12,150.0","12,200.0","+130.0","151","1,853","0","0","0.00","-","-","12,040.00","11,396.80","11,210.53","11,681.90","12,048.65","68","183","254"
"2020/06/03","12,250.0","12,250.0","12,070.0","12,070.0","-20.0","85","1,037","0","0","0.00","-","-","11,994.00","11,341.20","11,222.93","11,689.80","12,044.35","60","177","252"
"2020/06/02","11,970.0","12,090.0","11,970.0","12,090.0","+190.0","44","531","0","0","0.00","-","-","11,932.00","11,292.80","11,237.47","11,701.00","12,041.60","52","174","251"
"2020/06/01","11,900.0","11,950.0","11,900.0","11,900.0","-40.0","40","476","0","0","0.00","-","-","11,834.00","11,235.60","11,253.07","11,713.60","12,040.10","74","173","251"
"2020/05/29","11,920.0","11,950.0","11,920.0","11,940.0","-30.0","22","263","0","0","0.00","-","-","11,718.00","11,191.20","11,272.13","11,727.20","12,039.55","531","172","252"
"2020/05/28","11,880.0","11,980.0","11,880.0","11,970.0","+210.0","112","1,333","0","0","0.00","-","-","11,556.00","11,151.60","11,286.80","11,739.70","12,038.95","531","171","252"
"2020/05/27","11,590.0","11,760.0","11,590.0","11,760.0","+160.0","43","503","0","0","0.00","-","-","11,428.00","11,114.40","11,299.33","11,752.20","12,037.90","509","168","251"
"2020/05/26","11,470.0","11,600.0","11,470.0","11,600.0","+280.0","155","1,789","0","0","0.00","-","-","11,338.00","11,078.00","11,313.60","11,767.00","12,038.05","518","167","251"
"2020/05/25","11,340.0","11,340.0","11,310.0","11,320.0","+190.0","2,327","26,329","0","0","0.00","-","-","11,284.00","11,054.40","11,331.33","11,783.60","12,039.40","493","161","249"
"2020/05/22","11,280.0","11,290.0","11,130.0","11,130.0","-200.0","19","212","0","0","0.00","-","-","11,232.00","11,041.20","11,351.07","11,803.30","12,041.95","30","68","219"
"2020/05/21","11,330.0","11,330.0","11,330.0","11,330.0","+20.0","3","34","0","0","0.00","-","-","11,218.00","11,027.60","11,375.73","11,825.10","12,045.20","30","68","219"
"2020/05/20","11,220.0","11,360.0","11,220.0","11,310.0","-20.0","86","969","0","0","0.00","-","-","11,158.00","11,014.00","11,396.67","11,845.70","12,047.05","234","69","220"
"2020/05/19","11,330.0","11,330.0","11,330.0","11,330.0","+270.0","33","374","0","0","0.00","-","-","11,140.00","10,994.00","11,419.33","11,866.30","12,049.35","231","67","220"
"2020/05/18","11,050.0","11,060.0","11,020.0","11,060.0","0.0","13","144","0","0","0.00","-","-","11,130.00","10,980.00","11,444.27","11,886.80","12,050.35","224","67","220"
"2020/05/15","11,000.0","11,060.0","10,970.0","11,060.0","+30.0","16","176","0","0","0.00","-","-","11,176.00","10,967.60","11,472.40","11,907.60","12,053.95","228","69","220"
"2020/05/14","11,140.0","11,140.0","11,030.0","11,030.0","-190.0","1,024","11,405","0","0","0.00","-","-","11,180.00","10,946.80","11,502.00","11,928.40","12,057.55","231","69","220"
"2020/05/13","11,130.0","11,220.0","11,120.0","11,220.0","-60.0","69","768","0","0","0.00","-","-","11,130.00","10,910.80","11,530.93","11,949.60","12,061.55","28","29","221"
"2020/05/12","11,280.0","11,280.0","11,280.0","11,280.0","-10.0","2","23","0","0","0.00","-","-","11,058.00","10,873.60","11,558.67","11,969.10","12,064.70","26","29","225"
"2020/05/11","11,220.0","11,290.0","11,220.0","11,290.0","+210.0","30","339","0","0","0.00","-","-","11,050.00","10,842.40","11,584.80","11,987.30","12,067.25","45","30","226"
"2020/05/08","11,080.0","11,080.0","11,080.0","11,080.0","+300.0","31","343","0","0","0.00","-","-","10,998.00","10,824.80","11,609.73","12,005.60","12,069.80","45","32","225"
"2020/05/07","10,850.0","10,850.0","10,780.0","10,780.0","-80.0","8","86","0","0","0.00","-","-","10,990.00","10,817.60","11,637.20","12,025.00","12,073.50","55","31","227"
"2020/05/01","11,090.0","11,090.0","10,860.0","10,860.0","-380.0","61","669","0","0","0.00","-","-","10,996.00","10,830.00","11,669.47","12,048.00","12,079.15","55","32","228"
"2020/04/30","11,540.0","11,540.0","11,240.0","11,240.0","+210.0","98","1,117","0","0","0.00","-","-","10,996.00","10,826.00","11,700.00","12,071.10","12,084.25","46","32","228"
"2020/04/28","10,970.0","11,030.0","10,970.0","11,030.0","-10.0","28","308","0","0","0.00","-","-","10,880.00","10,813.20","11,724.93","12,089.20","12,087.80","29","29","228"
"2020/04/27","10,880.0","11,040.0","10,880.0","11,040.0","+230.0","81","891","0","0","0.00","-","-","10,832.00","10,776.00","11,749.60","12,109.70","12,092.85","26","29","240"
"2020/04/24","10,820.0","10,820.0","10,810.0","10,810.0","-50.0","9","97","0","0","0.00","-","-","10,814.00","10,726.40","11,776.93","12,130.40","12,097.85","10","27","239"
"2020/04/23","10,860.0","10,860.0","10,860.0","10,860.0","+200.0","18","195","0","0","0.00","-","-","10,860.00","10,686.00","11,806.00","12,153.40","12,102.55","12","28","242"
"2020/04/22","10,660.0","10,660.0","10,660.0","10,660.0","-130.0","12","128","0","0","0.00","-","-","10,858.00","10,644.80","11,837.07","12,175.10","12,107.10","13","32","245"
"2020/04/21","10,880.0","10,880.0","10,790.0","10,790.0","-160.0","11","119","0","0","0.00","-","-","10,928.00","10,606.80","11,872.93","12,198.30","12,112.05","12","32","256"
"2020/04/20","10,970.0","10,970.0","10,950.0","10,950.0","-90.0","2","22","0","0","0.00","-","-","10,968.00","10,562.40","11,905.87","12,219.70","12,116.55","13","42","323"
"2020/04/17","11,110.0","11,110.0","11,040.0","11,040.0","+190.0","21","232","0","0","0.00","-","-","10,936.00","10,510.00","11,935.73","12,239.50","12,120.60","16","63","324"
"2020/04/16","10,810.0","10,880.0","10,810.0","10,850.0","-160.0","19","206","0","0","0.00","-","-","10,926.00","10,477.60","11,964.80","12,259.20","12,123.95","15","72","324"
"2020/04/15","11,010.0","11,010.0","11,010.0","11,010.0","+20.0","10","110","0","0","0.00","-","-","10,918.00","10,471.60","11,996.67","12,280.70","12,128.90","18","72","325"
"2020/04/14","10,990.0","10,990.0","10,990.0","10,990.0","+200.0","13","143","0","0","0.00","-","-","10,912.00","10,465.20","12,026.67","12,300.70","12,132.95","26","120","327"
"2020/04/13","10,910.0","10,910.0","10,790.0","10,790.0","-200.0","18","195","0","0","0.00","-","-","10,864.00","10,453.60","12,057.33","12,320.10","12,135.95","34","126","327"
"2020/04/10","10,990.0","10,990.0","10,990.0","10,990.0","+180.0","19","209","9","0","0.00","0.00","-","10,814.00","10,475.20","12,090.93","12,342.60","12,140.50","36","207","329"
"2020/04/09","10,920.0","10,920.0","10,810.0","10,810.0","-170.0","33","357","0","1","0.00","-","-","10,642.00","10,502.40","12,122.93","12,363.80","12,144.20","35","208","329"
"2020/04/07","10,880.0","10,880.0","10,700.0","10,750.0","+210.0","53","569","0","0","0.00","-","-","10,442.00","10,556.80","12,189.07","12,407.30","12,152.60","37","461","328"
"2020/04/06","10,320.0","10,540.0","10,320.0","10,540.0","+410.0","27","284","13","0","0.00","0.00","-","10,462.00","10,595.60","12,220.93","12,430.30","12,158.05","41","506","328"
"2020/04/03","10,290.0","10,290.0","10,130.0","10,130.0","-160.0","13","133","0","0","0.00","-","-","10,534.00","10,636.00","12,255.60","12,455.00","12,164.25","37","511","329"
"2020/04/02","10,280.0","10,300.0","10,250.0","10,290.0","-210.0","67","687","1","0","0.00","0.00","-","10,726.00","10,713.60","12,295.87","12,484.00","12,171.70","44","515","329"
"2020/04/01","10,610.0","10,610.0","10,500.0","10,500.0","-350.0","27","285","0","0","0.00","-","-","10,820.00","10,795.20","12,334.27","12,508.80","12,178.05","42","515","328"
"2020/03/31","10,760.0","10,890.0","10,760.0","10,850.0","-50.0","75","814","0","0","0.00","-","-","10,904.00","10,873.20","12,368.93","12,532.00","12,183.55","42","522","328"
"2020/03/30","10,880.0","10,900.0","10,880.0","10,900.0","-190.0","4","44","0","0","0.00","-","-","10,754.00","10,953.60","12,399.20","12,551.50","12,186.25","32","519","327"
"2020/03/27","11,000.0","11,090.0","11,000.0","11,090.0","+330.0","51","562","0","0","0.00","-","-","10,534.00","11,031.20","12,427.47","12,570.50","12,188.50","39","540","328"
"2020/03/26","10,980.0","10,980.0","10,760.0","10,760.0","-160.0","57","614","0","0","0.00","-","-","10,276.00","11,101.60","12,454.00","12,586.80","12,190.20","34","548","328"
"2020/03/25","10,610.0","10,920.0","10,610.0","10,920.0","+820.0","25","270","0","0","0.00","-","-","10,090.00","11,181.60","12,486.13","12,606.10","12,194.45","45","549","328"
"2020/03/24","10,090.0","10,100.0","10,090.0","10,100.0","+300.0","23","232","0","0","0.00","-","-","9,848.00","11,261.20","12,514.53","12,623.70","12,198.00","44","551","328"
"2020/03/23","9,800.0","9,800.0","9,800.0","9,800.0","0.0","40","392","0","0","0.00","-","-","9,764.00","11,377.20","12,554.27","12,648.90","12,206.35","91","551","328"
"2020/03/19","9,760.0","9,800.0","9,760.0","9,800.0","-30.0","27","264","0","0","0.00","-","-","9,732.00","11,508.40","12,598.40","12,676.50","12,215.95","188","551","327"
"2020/03/18","9,850.0","9,850.0","9,830.0","9,830.0","+120.0","114","1,123","0","0","0.00","-","-","9,818.00","11,641.60","12,642.53","12,703.20","12,225.30","231","551","327"
"2020/03/17","9,530.0","9,780.0","9,510.0","9,710.0","+30.0","18","175","0","0","0.00","-","-","9,992.00","11,774.80","12,685.20","12,730.00","12,234.45","214","548","326"
"2020/03/16","9,770.0","9,880.0","9,680.0","9,680.0","+40.0","256","2,503","20","0","0.00","5.00","-","10,220.00","11,916.80","12,728.80","12,758.30","12,244.55","450","548","326"
"2020/03/13","10,110.0","10,110.0","9,370.0","9,640.0","-590.0","527","5,142","8","0","0.00","5.00","-","10,424.00","12,062.80","12,772.13","12,785.90","12,254.85","434","541","325"
"2020/03/12","10,400.0","10,450.0","10,120.0","10,230.0","-470.0","244","2,500","2","0","0.00","5.00","-","10,762.00","12,198.80","12,816.00","12,812.10","12,265.60","737","522","318"
"2020/03/11","10,880.0","10,890.0","10,670.0","10,700.0","-150.0","28","303","5","0","0.00","5.00","-","11,050.00","12,306.00","12,853.07","12,830.60","12,273.35","694","512","315"
"2020/03/10","11,000.0","11,000.0","10,390.0","10,850.0","+150.0","1,197","12,977","4","0","0.00","5.00","-","11,218.00","12,391.20","12,883.73","12,844.20","12,277.95","1,955","513","315"
"2020/03/09","10,920.0","10,920.0","10,640.0","10,700.0","-630.0","174","1,872","4","0","0.00","5.00","-","11,370.00","12,474.40","12,912.53","12,857.00","12,282.10","1,734","466","299"
"2020/03/06","11,470.0","11,480.0","11,300.0","11,330.0","-340.0","2,042","23,375","0","0","0.00","-","-","11,574.00","12,558.40","12,942.27","12,870.30","12,286.75","1,935","462","298"
"2020/03/05","11,630.0","11,670.0","11,610.0","11,670.0","+130.0","30","349","2","0","0.00","5.00","-","11,618.00","12,624.40","12,965.07","12,877.30","12,288.55","1,556","381","272"
"2020/03/04","11,430.0","11,610.0","11,430.0","11,540.0","-70.0","6,335","73,321","3","0","0.00","5.00","-","11,698.00","12,673.60","12,984.27","12,880.40","12,288.60","1,572","382","272"
"2020/03/03","11,920.0","11,920.0","11,610.0","11,610.0","-110.0","90","1,054","3","0","0.00","5.00","-","11,856.00","12,732.40","13,004.67","12,887.00","12,289.65","320","135","188"
"2020/03/02","11,440.0","11,780.0","11,440.0","11,720.0","+170.0","1,180","13,562","3","0","0.00","5.00","-","12,024.00","12,796.00","13,024.13","12,893.40","12,290.70","341","131","187"
"2020/02/28","12,020.0","12,020.0","11,550.0","11,550.0","-520.0","147","1,716","0","0","0.00","-","-","12,252.00","12,854.00","13,041.87","12,897.50","12,292.20","107","85","172"
"2020/02/27","12,210.0","12,210.0","12,030.0","12,070.0","-260.0","111","1,346","5","0","0.00","5.00","-","12,510.00","12,923.20","13,061.33","12,903.80","12,295.15","180","79","171"
"2020/02/26","12,750.0","12,750.0","12,290.0","12,330.0","-120.0","75","925","0","0","0.00","-","-","12,666.00","12,968.40","13,074.13","12,905.80","12,295.70","207","118","170"
"2020/02/25","12,290.0","12,450.0","12,290.0","12,450.0","-410.0","193","2,391","0","0","0.00","-","-","12,752.00","13,007.20","13,080.00","12,905.10","12,294.55","212","132","169"
"2020/02/21","12,910.0","12,910.0","12,860.0","12,860.0","+20.0","10","129","2","0","0.00","5.00","-","12,844.00","13,038.80","13,084.93","12,903.70","12,293.20","188","125","167"
"2020/02/20","12,910.0","12,910.0","12,840.0","12,840.0","-10.0","514","6,600","2","0","0.00","5.00","-","12,872.00","13,050.80","13,084.13","12,897.20","12,289.65","190","125","167"
"2020/02/19","12,860.0","12,870.0","12,800.0","12,850.0","+90.0","246","3,151","2","0","0.00","5.00","-","12,920.00","13,062.80","13,083.60","12,891.20","12,285.95","97","110","162"
"2020/02/18","12,860.0","12,870.0","12,760.0","12,760.0","-150.0","98","1,254","2","0","0.00","5.00","-","12,976.00","13,076.80","13,081.87","12,884.30","12,282.25","53","104","159"
"2020/02/17","12,910.0","12,910.0","12,900.0","12,910.0","-90.0","74","955","0","0","0.00","-","-","13,056.00","13,092.40","13,080.93","12,879.00","12,279.60","40","104","158"
"2020/02/14","13,000.0","13,000.0","13,000.0","13,000.0","-80.0","21","273","0","0","0.00","-","-","13,126.00","13,100.40","13,077.87","12,871.40","12,275.90","30","103","158"
"2020/02/13","13,130.0","13,130.0","13,080.0","13,080.0","-50.0","48","629","0","0","0.00","-","-","13,192.00","13,095.60","13,072.80","12,862.50","12,271.85","41","140","157"
"2020/02/12","13,160.0","13,160.0","13,130.0","13,130.0","-30.0","25","329","0","0","0.00","-","-","13,184.00","13,096.00","13,065.87","12,851.40","12,266.60","39","140","157"
"2020/02/10","13,130.0","13,160.0","13,130.0","13,160.0","-100.0","32","421","0","0","0.00","-","-","13,140.00","13,090.40","13,057.07","12,837.90","12,261.30","36","146","157"
"2020/02/07","13,280.0","13,280.0","13,260.0","13,260.0","-70.0","25","332","0","0","0.00","-","-","13,074.00","13,091.60","13,048.40","12,823.60","12,255.70","38","156","157"
"2020/02/06","13,230.0","13,350.0","13,230.0","13,330.0","+290.0","76","1,013","0","0","0.00","-","-","13,008.00","13,095.20","13,038.80","12,807.20","12,250.00","38","187","157"
"2020/02/05","13,060.0","13,070.0","13,040.0","13,040.0","+130.0","39","510","0","0","0.00","-","-","12,902.00","13,092.40","13,026.93","12,790.20","12,243.95","39","385","157"
"2020/02/04","12,810.0","12,910.0","12,790.0","12,910.0","+80.0","10","129","0","0","0.00","-","-","12,890.00","13,098.40","13,016.53","12,773.80","12,239.65","35","388","156"
"2020/02/03","12,700.0","12,840.0","12,700.0","12,830.0","-100.0","44","563","0","0","0.00","-","-","12,888.00","13,110.80","13,005.47","12,758.80","12,235.85","44","388","156"
"2020/01/31","12,900.0","12,930.0","12,900.0","12,930.0","+130.0","25","323","0","0","0.00","-","-","12,924.00","13,127.20","12,995.20","12,744.20","12,232.50","63","389","156"
"2020/01/30","12,960.0","12,960.0","12,750.0","12,800.0","-180.0","79","1,012","0","0","0.00","-","-","12,978.00","13,140.40","12,984.53","12,728.60","12,228.25","59","394","156"
"2020/01/29","12,930.0","12,980.0","12,930.0","12,980.0","+80.0","17","221","0","0","0.00","-","-","13,052.00","13,160.00","12,974.27","12,712.90","12,224.70","48","392","155"
"2020/01/28","12,910.0","12,910.0","12,880.0","12,900.0","-110.0","55","709","0","0","0.00","-","-","13,112.00","13,173.20","12,961.60","12,695.50","12,219.30","47","399","155"
"2020/01/27","13,190.0","13,190.0","12,990.0","13,010.0","-190.0","142","1,851","0","0","0.00","-","-","13,172.00","13,192.80","12,949.33","12,678.60","12,213.80","251","397","155"
"2020/01/24","13,200.0","13,200.0","13,200.0","13,200.0","+30.0","4","53","0","0","0.00","-","-","13,230.00","13,207.20","12,938.53","12,659.60","12,208.70","306","392","153"
"2020/01/23","13,280.0","13,280.0","13,170.0","13,170.0","-110.0","24","317","0","0","0.00","-","-","13,238.00","13,214.40","12,925.87","12,640.80","12,202.40","311","393","154"
"2020/01/22","13,260.0","13,280.0","13,260.0","13,280.0","+80.0","10","133","0","0","0.00","-","-","13,236.00","13,213.20","12,912.00","12,621.90","12,194.90","309","393","153"
"2020/01/21","13,280.0","13,290.0","13,190.0","13,200.0","-100.0","1,076","14,214","0","0","0.00","-","-","13,208.00","13,207.60","12,897.33","12,601.80","12,188.15","333","395","155"
"2020/01/20","13,290.0","13,300.0","13,290.0","13,300.0","+60.0","417","5,542","0","0","0.00","-","-","13,208.00","13,205.60","12,884.93","12,583.10","12,182.15","136","353","141"
"2020/01/17","13,270.0","13,270.0","13,220.0","13,240.0","+80.0","29","384","0","0","0.00","-","-","13,178.00","13,200.40","12,871.07","12,562.70","12,175.65","71","338","135"
"2020/01/16","13,150.0","13,180.0","13,150.0","13,160.0","+20.0","17","224","0","0","0.00","-","-","13,152.00","13,194.80","12,858.67","12,542.50","12,169.35","78","337","135"
"2020/01/15","13,180.0","13,190.0","13,140.0","13,140.0","-60.0","127","1,673","0","0","0.00","-","-","13,096.00","13,193.20","12,846.00","12,522.70","12,163.25","261","338","135"
"2020/01/14","13,180.0","13,200.0","13,180.0","13,200.0","+50.0","94","1,239","0","0","0.00","-","-","13,086.00","13,188.40","12,834.00","12,504.30","12,156.80","246","334","133"
"2020/01/10","13,120.0","13,150.0","13,120.0","13,150.0","+40.0","90","1,182","0","0","0.00","-","-","13,044.00","13,183.60","12,820.13","12,484.50","12,149.95","264","333","132"
"2020/01/09","13,040.0","13,110.0","13,040.0","13,110.0","+230.0","62","809","0","0","0.00","-","-","13,052.00","13,184.40","12,807.87","12,466.70","12,144.05","304","330","132"
"2020/01/08","12,900.0","12,930.0","12,760.0","12,880.0","-210.0","934","11,961","0","0","0.00","-","-","13,100.00","13,182.00","12,795.07","12,448.90","12,137.30","447","329","132"
"2020/01/07","13,000.0","13,090.0","13,000.0","13,090.0","+100.0","50","654","0","0","0.00","-","-","13,176.00","13,190.00","12,784.80","12,433.30","12,131.35","1,266","292","120"
"2020/01/06","13,010.0","13,040.0","12,990.0","12,990.0","-200.0","186","2,422","0","0","0.00","-","-","13,196.00","13,190.80","12,769.87","12,415.40","12,125.35","1,280","290","120"
"2019/12/30","13,350.0","13,350.0","13,190.0","13,190.0","-160.0","291","3,857","0","0","0.00","-","-","13,242.00","13,195.60","12,753.73","12,398.90","12,120.45","1,245","283","118"
"2019/12/27","13,300.0","13,350.0","13,300.0","13,350.0","+90.0","777","10,363","0","0","0.00","-","-","13,252.00","13,189.20","12,734.27","12,382.20","12,114.75","1,200","272","114"
"2019/12/26","13,200.0","13,270.0","13,200.0","13,260.0","+70.0","5,026","66,620","0","0","0.00","-","-","13,234.00","13,174.40","12,711.20","12,366.60","12,108.60","1,076","242","104"
"2019/12/25","13,220.0","13,220.0","13,190.0","13,190.0","-30.0","124","1,637","0","0","0.00","-","-","13,240.00","13,161.20","12,689.47","12,351.90","12,102.55","76","50","37"
"2019/12/24","13,230.0","13,230.0","13,220.0","13,220.0","-20.0","9","119","0","0","0.00","-","-","13,264.00","13,150.80","12,665.60","12,338.20","12,096.60","88","45","36"
"2019/12/23","13,300.0","13,300.0","13,240.0","13,240.0","-20.0","64","850","0","0","0.00","-","-","13,298.00","13,142.40","12,641.47","12,323.60","12,091.05","88","45","43"
"2019/12/20","13,290.0","13,300.0","13,260.0","13,260.0","-30.0","159","2,109","0","0","0.00","-","-","13,324.00","13,132.80","12,616.53","12,309.10","12,085.00","77","43","42"
"2019/12/19","13,330.0","13,340.0","13,290.0","13,290.0","-20.0","26","346","0","0","0.00","-","-","13,348.00","13,122.80","12,591.33","12,295.20","12,079.10","54","37","41"
"2019/12/18","13,390.0","13,390.0","13,310.0","13,310.0","-80.0","186","2,483","0","0","0.00","-","-","13,318.00","13,108.40","12,563.87","12,280.60","12,072.55","55","40","40"
"2019/12/17","13,380.0","13,390.0","13,360.0","13,390.0","+20.0","7","94","0","0","0.00","-","-","13,284.00","13,097.60","12,536.27","12,265.30","12,066.40","29","37","38"
"2019/12/16","13,340.0","13,370.0","13,340.0","13,370.0","-10.0","11","147","0","0","0.00","-","-","13,236.00","13,086.40","12,507.20","12,248.40","12,059.65","33","37","38"
"2019/12/13","13,300.0","13,380.0","13,300.0","13,380.0","+240.0","44","588","0","0","0.00","-","-","13,196.00","13,074.40","12,477.07","12,232.40","12,052.70","39","37","38"
"2019/12/12","13,110.0","13,140.0","13,110.0","13,140.0","0.0","27","354","0","0","0.00","-","-","13,140.00","13,062.00","12,449.60","12,213.90","12,045.50","31","36","38"
"2019/12/11","13,150.0","13,150.0","13,110.0","13,140.0","-10.0","60","787","0","0","0.00","-","-","13,136.00","13,058.40","12,424.80","12,200.30","12,038.60","31","39","38"
"2019/12/10","13,180.0","13,180.0","13,150.0","13,150.0","-20.0","27","355","0","0","0.00","-","-","13,112.00","13,053.20","12,399.87","12,186.70","12,032.20","26","37","37"
"2019/12/09","13,230.0","13,230.0","13,120.0","13,170.0","+70.0","40","527","0","0","0.00","-","-","13,098.00","13,048.40","12,375.60","12,173.50","12,025.65","35","39","37"
"2019/12/06","13,100.0","13,100.0","13,100.0","13,100.0","-20.0","4","52","0","0","0.00","-","-","13,098.00","13,032.40","12,350.13","12,160.30","12,018.35","32","38","37"
"2019/12/05","13,100.0","13,120.0","13,100.0","13,120.0","+100.0","27","354","0","0","0.00","-","-","13,088.00","13,021.20","12,325.07","12,147.20","12,010.20","35","38","37"
"2019/12/04","12,990.0","13,020.0","12,990.0","13,020.0","-60.0","36","468","0","0","0.00","-","-","13,080.00","13,008.40","12,299.20","12,134.00","12,002.95","33","37","37"
"2019/12/03","13,020.0","13,080.0","13,020.0","13,080.0","-90.0","69","900","0","0","0.00","-","-","13,098.00","12,999.60","12,276.27","12,122.00","11,997.15","26","42","37"
"2019/12/02","13,170.0","13,170.0","13,170.0","13,170.0","+120.0","25","329","8","0","0.00","0.00","-","13,104.00","12,985.20","12,251.47","12,110.30","11,990.95","16","40","36"
"2019/11/29","13,120.0","13,120.0","13,020.0","13,050.0","-30.0","18","235","0","0","0.00","-","-","13,076.00","12,966.00","12,227.47","12,097.40","11,984.35","14","41","37"
"2019/11/28","13,090.0","13,090.0","13,080.0","13,080.0","-30.0","17","222","0","0","0.00","-","-","13,062.00","12,951.20","12,204.53","12,086.40","11,977.85","15","41","50"
"2019/11/27","13,110.0","13,110.0","13,110.0","13,110.0","0.0","5","66","0","0","0.00","-","-","13,032.00","12,932.80","12,181.07","12,076.00","11,971.35","55","41","50"
"2019/11/26","13,130.0","13,130.0","13,110.0","13,110.0","+80.0","16","210","0","0","0.00","-","-","12,996.00","12,910.80","12,156.93","12,065.30","11,964.20","57","42","50"
"2019/11/25","13,050.0","13,050.0","13,030.0","13,030.0","+50.0","15","195","0","0","0.00","-","-","12,976.00","12,885.20","12,133.33","12,051.70","11,956.90","54","41","50"
"2019/11/22","12,990.0","13,020.0","12,980.0","12,980.0","+50.0","22","286","0","0","0.00","-","-","12,970.00","12,864.40","12,113.20","12,039.10","11,950.30","52","41","51"
"2019/11/21","12,860.0","12,930.0","12,830.0","12,930.0","0.0","217","2,804","0","0","0.00","-","-","12,976.00","12,846.80","12,097.33","12,025.80","11,944.30","52","42","50"
"2019/11/20","13,000.0","13,000.0","12,930.0","12,930.0","-80.0","16","207","0","0","0.00","-","-","12,976.00","12,827.20","12,082.13","12,013.40","11,937.95","29","35","48"
"2019/11/19","13,010.0","13,010.0","13,010.0","13,010.0","+10.0","2","26","0","0","0.00","-","-","12,998.00","12,800.40","12,067.33","12,001.70","11,931.55","47","36","48"
"2019/11/18","13,010.0","13,010.0","13,000.0","13,000.0","-10.0","4","52","0","0","0.00","-","-","13,018.00","12,763.20","12,050.67","11,988.70","11,924.90","47","36","48"
"2019/11/15","12,900.0","13,010.0","12,900.0","13,010.0","+80.0","21","273","0","0","0.00","-","-","13,032.00","12,725.60","12,034.53","11,977.10","11,918.60","51","36","48"
"2019/11/14","13,030.0","13,030.0","12,930.0","12,930.0","-110.0","104","1,351","0","0","0.00","-","-","13,044.00","12,690.40","12,019.33","11,965.20","11,912.05","49","37","48"
"2019/11/13","13,100.0","13,100.0","13,040.0","13,040.0","-70.0","107","1,396","0","0","0.00","-","-","13,068.00","12,654.40","12,004.67","11,951.80","11,905.20","48","33","46"
"2019/11/12","13,090.0","13,110.0","13,090.0","13,110.0","+40.0","3","39","0","0","0.00","-","-","13,062.00","12,614.00","11,987.87","11,938.40","11,897.60","29","29","46"
"2019/11/11","13,080.0","13,080.0","13,070.0","13,070.0","0.0","22","288","0","0","0.00","-","-","13,046.00","12,568.80","11,969.07","11,924.60","11,890.10","41","31","47"
"2019/11/08","13,060.0","13,070.0","13,060.0","13,070.0","+20.0","9","118","0","0","0.00","-","-","12,986.00","12,534.00","11,951.73","11,910.50","11,882.35","41","30","47"
"2019/11/07","13,040.0","13,050.0","13,040.0","13,050.0","+40.0","102","1,330","0","0","0.00","-","-","12,936.00","12,501.20","11,931.20","11,897.90","11,874.15","42","31","48"
"2019/11/06","13,010.0","13,010.0","13,010.0","13,010.0","-20.0","12","156","0","0","0.00","-","-","12,886.00","12,464.40","11,914.27","11,885.80","11,866.40","23","28","46"
"2019/11/05","12,980.0","13,040.0","12,950.0","13,030.0","+260.0","62","808","0","0","0.00","-","-","12,844.00","12,431.20","11,897.87","11,873.50","11,858.60","50","32","46"
"2019/11/01","12,710.0","12,770.0","12,710.0","12,770.0","-50.0","21","267","0","0","0.00","-","-","12,782.00","12,400.80","11,881.87","11,859.40","11,850.20","41","30","47"
"2019/10/31","12,820.0","12,830.0","12,790.0","12,820.0","+20.0","16","205","0","0","0.00","-","-","12,766.00","12,380.40","11,869.60","11,847.30","11,841.25","48","29","47"
"2019/10/30","12,780.0","12,800.0","12,780.0","12,800.0","0.0","8","102","0","0","0.00","-","-","12,738.00","12,360.00","11,855.87","11,835.10","11,833.50","48","29","47"
"2019/10/29","12,730.0","12,800.0","12,730.0","12,800.0","+80.0","145","1,847","0","0","0.00","-","-","12,702.00","12,336.40","11,842.53","11,821.00","11,826.40","49","29","47"
"2019/10/28","12,740.0","12,740.0","12,720.0","12,720.0","+30.0","17","216","1","0","0.00","0.00","-","12,654.00","12,314.00","11,829.47","11,806.50","11,816.30","26","25","45"
"2019/10/25","12,690.0","12,690.0","12,690.0","12,690.0","+10.0","56","711","16","0","0.00","0.00","-","12,604.00","12,291.60","11,818.67","11,793.60","11,806.40","23","24","47"
"2019/10/24","12,680.0","12,680.0","12,680.0","12,680.0","+60.0","16","203","0","0","0.00","-","-","12,568.00","12,273.20","11,807.87","11,782.80","11,799.05","14","26","46"
"2019/10/23","12,520.0","12,620.0","12,500.0","12,620.0","+60.0","15","189","0","0","0.00","-","-","12,540.00","12,252.00","11,798.13","11,772.30","11,792.90","19","26","47"
"2019/10/21","12,530.0","12,560.0","12,530.0","12,560.0","+90.0","26","326","0","0","0.00","-","-","12,504.00","12,231.60","11,790.40","11,763.80","11,788.30","27","27","49"
"2019/10/18","12,540.0","12,540.0","12,470.0","12,470.0","-40.0","6","75","0","0","0.00","-","-","12,444.00","12,208.00","11,783.47","11,755.40","11,784.75","27","28","65"
"2019/10/17","12,510.0","12,510.0","12,510.0","12,510.0","-30.0","8","100","0","0","0.00","-","-","12,366.00","12,180.40","11,773.87","11,747.40","11,782.70","27","28","83"
"2019/10/16","12,550.0","12,640.0","12,540.0","12,540.0","+100.0","43","541","0","0","0.00","-","-","12,276.00","12,149.20","11,764.00","11,738.90","11,780.25","29","29","89"
"2019/10/15","12,420.0","12,440.0","12,400.0","12,440.0","+180.0","55","684","0","0","0.00","-","-","12,194.00","12,112.40","11,752.13","11,730.80","11,778.60","26","27","89"
"2019/10/11","12,260.0","12,260.0","12,260.0","12,260.0","+180.0","24","294","2","0","0.00","5.00","-","12,112.00","12,080.00","11,742.13","11,723.80","11,776.95","17","26","88"
"2019/10/10","12,060.0","12,090.0","12,040.0","12,080.0","+20.0","9","109","2","0","0.00","5.00","-","12,066.00","12,045.60","11,735.47","11,719.10","11,775.05","15","26","88"
"2019/10/09","12,060.0","12,060.0","12,060.0","12,060.0","-70.0","15","181","2","0","0.00","5.00","-","12,046.00","12,018.80","11,730.53","11,716.10","11,774.50","21","48","88"
"2019/10/08","12,130.0","12,130.0","12,130.0","12,130.0","+100.0","28","340","2","0","0.00","5.00","-","12,074.00","11,991.20","11,727.60","11,711.70","11,775.25","21","48","88"
"2019/10/07","12,330.0","12,330.0","12,020.0","12,030.0","0.0","13","158","2","0","0.00","5.00","-","12,098.00","11,960.80","11,723.47","11,707.20","11,775.10","23","48","88"
"2019/10/04","11,960.0","12,030.0","11,960.0","12,030.0","+50.0","10","120","2","0","0.00","5.00","-","12,118.00","11,928.80","11,717.60","11,703.20","11,776.80","24","48","88"
"2019/10/03","11,980.0","11,980.0","11,980.0","11,980.0","-220.0","42","503","0","0","0.00","-","-","12,148.00","11,897.20","11,713.20","11,699.80","11,778.90","44","48","88"
"2019/10/02","12,200.0","12,200.0","12,200.0","12,200.0","-50.0","15","183","0","0","0.00","-","-","12,206.00","11,866.40","11,709.87","11,696.80","11,782.80","38","47","88"
"2019/10/01","12,260.0","12,260.0","12,250.0","12,250.0","+120.0","35","429","0","0","0.00","-","-","12,218.00","11,822.80","11,702.67","11,692.30","11,784.80","35","48","88"
"2019/09/30","12,200.0","12,200.0","12,130.0","12,130.0","-50.0","21","255","0","0","0.00","-","-","12,230.00","11,785.60","11,696.80","11,688.00","11,786.20","31","46","88"
"2019/09/27","12,270.0","12,270.0","12,180.0","12,180.0","-90.0","108","1,319","0","0","0.00","-","-","12,246.00","11,751.60","11,692.93","11,686.90","11,787.95","29","46","87"
"2019/09/26","12,320.0","12,320.0","12,270.0","12,270.0","+10.0","13","160","0","0","0.00","-","-","12,258.00","11,715.20","11,687.60","11,686.50","11,789.25","13","42","87"
"2019/09/25","12,260.0","12,260.0","12,260.0","12,260.0","-50.0","2","25","0","0","0.00","-","-","12,236.00","11,677.60","11,678.93","11,685.60","11,789.50","13","42","87"
"2019/09/24","12,240.0","12,310.0","12,240.0","12,310.0","+100.0","12","148","0","0","0.00","-","-","12,230.00","11,637.60","11,669.60","11,684.00","11,789.70","31","44","87"
"2019/09/20","12,240.0","12,240.0","12,210.0","12,210.0","-30.0","14","171","0","0","0.00","-","-","12,198.00","11,594.00","11,660.13","11,682.70","11,789.25","34","44","87"
"2019/09/19","12,250.0","12,280.0","12,240.0","12,240.0","+80.0","25","306","0","0","0.00","-","-","12,178.00","11,552.80","11,649.20","11,682.10","11,789.75","39","44","98"
"2019/09/18","12,220.0","12,220.0","12,160.0","12,160.0","-70.0","12","146","0","0","0.00","-","-","12,124.00","11,515.20","11,637.33","11,680.70","11,790.45","42","44","98"
"2019/09/17","12,180.0","12,230.0","12,180.0","12,230.0","+80.0","93","1,133","0","0","0.00","-","-","12,048.00","11,477.60","11,627.60","11,680.20","11,791.40","43","45","99"
"2019/09/13","11,830.0","12,180.0","11,830.0","12,150.0","+40.0","29","352","0","0","0.00","-","-","11,948.00","11,443.20","11,619.33","11,680.20","11,792.10","27","43","143"
"2019/09/12","12,010.0","12,110.0","12,010.0","12,110.0","+140.0","38","460","0","0","0.00","-","-","11,842.00","11,410.40","11,612.40","11,680.40","11,793.65","22","82","143"
"2019/09/11","12,000.0","12,000.0","11,880.0","11,970.0","+190.0","40","479","0","0","0.00","-","-","11,746.00","11,378.80","11,607.87","11,681.20","11,795.15","22","81","142"
"2019/09/10","11,800.0","11,800.0","11,780.0","11,780.0","+50.0","15","177","0","0","0.00","-","-","11,632.00","11,352.00","11,604.53","11,681.80","11,798.60","15","79","142"
"2019/09/09","11,730.0","11,730.0","11,730.0","11,730.0","+110.0","16","188","0","0","0.00","-","-","11,558.00","11,334.40","11,603.07","11,684.70","11,803.10","127","80","143"
"2019/09/06","11,620.0","11,620.0","11,620.0","11,620.0","-10.0","1","12","0","0","0.00","-","-","11,486.00","11,326.00","11,602.13","11,687.80","11,808.15","127","82","144"
"2019/09/05","11,580.0","11,630.0","11,580.0","11,630.0","+230.0","38","442","0","0","0.00","-","-","11,436.00","11,332.80","11,603.60","11,692.80","11,813.05","133","83","146"
"2019/09/04","11,400.0","11,400.0","11,400.0","11,400.0","-10.0","6","68","0","0","0.00","-","-","11,356.00","11,339.20","11,605.07","11,697.70","11,817.90","126","81","152"
"2019/09/03","11,370.0","11,420.0","11,370.0","11,410.0","+40.0","575","6,542","0","0","0.00","-","-","11,324.00","11,356.00","11,610.27","11,705.50","11,823.25","125","81","160"
"2019/09/02","11,370.0","11,370.0","11,370.0","11,370.0","0.0","18","205","0","0","0.00","-","-","11,284.00","11,370.00","11,615.20","11,712.90","11,829.35","14","59","154"
"2019/08/30","11,370.0","11,370.0","11,370.0","11,370.0","+140.0","29","330","0","0","0.00","-","-","11,232.00","11,386.80","11,618.53","11,720.80","11,834.45","17","58","159"
"2019/08/29","11,230.0","11,230.0","11,230.0","11,230.0","-10.0","3","34","0","0","0.00","-","-","11,222.00","11,406.80","11,622.67","11,727.90","11,840.10","13","58","160"
"2019/08/28","11,240.0","11,240.0","11,240.0","11,240.0","+30.0","1","11","0","0","0.00","-","-","11,232.00","11,430.80","11,628.00","11,736.50","11,845.25","13","58","160"
"2019/08/27","11,220.0","11,220.0","11,210.0","11,210.0","+100.0","21","236","0","0","0.00","-","-","11,238.00","11,452.40","11,634.00","11,743.10","11,849.45","14","63","164"
"2019/08/26","11,070.0","11,110.0","11,070.0","11,110.0","-210.0","35","389","0","0","0.00","-","-","11,262.00","11,472.00","11,640.27","11,749.00","11,854.00","15","63","165"
"2019/08/23","11,320.0","11,320.0","11,320.0","11,320.0","+40.0","8","91","0","0","0.00","-","-","11,292.00","11,498.40","11,648.80","11,757.80","11,859.10","20","63","165"
"2019/08/22","11,280.0","11,280.0","11,280.0","11,280.0","+10.0","1","11","0","0","0.00","-","-","11,272.00","11,506.80","11,655.47","11,764.00","11,865.10","19","65","166"
"2019/08/21","11,260.0","11,270.0","11,250.0","11,270.0","-60.0","9","101","0","0","0.00","-","-","11,252.00","11,526.80","11,665.33","11,767.90","11,871.60","22","65","167"
"2019/08/20","11,300.0","11,330.0","11,300.0","11,330.0","+70.0","24","272","0","0","0.00","-","-","11,258.00","11,547.20","11,676.93","11,774.50","11,879.80","25","65","167"
"2019/08/19","11,250.0","11,260.0","11,230.0","11,260.0","+40.0","59","664","0","0","0.00","-","-","11,236.00","11,567.20","11,688.27","11,781.20","11,887.40","28","68","167"
"2019/08/16","11,200.0","11,220.0","11,200.0","11,220.0","+40.0","4","45","0","0","0.00","-","-","11,258.00","11,590.80","11,699.47","11,788.60","11,896.00","23","66","166"
"2019/08/15","11,160.0","11,180.0","11,160.0","11,180.0","-120.0","18","201","0","0","0.00","-","-","11,280.00","11,613.60","11,712.27","11,796.20","11,904.90","222","67","166"
"2019/08/14","11,340.0","11,340.0","11,300.0","11,300.0","+80.0","21","238","0","0","0.00","-","-","11,308.00","11,638.40","11,725.20","11,803.80","11,913.00","221","68","166"
"2019/08/13","11,200.0","11,220.0","11,200.0","11,220.0","-150.0","42","471","0","0","0.00","-","-","11,308.00","11,659.20","11,735.87","11,809.30","11,920.25","218","68","166"
"2019/08/09","11,370.0","11,370.0","11,370.0","11,370.0","+40.0","31","352","0","0","0.00","-","-","11,332.00","11,686.80","11,747.73","11,815.40","11,928.75","217","71","165"
"2019/08/08","11,320.0","11,330.0","11,320.0","11,330.0","+10.0","1,002","11,353","0","0","0.00","-","-","11,362.00","11,707.20","11,759.20","11,821.40","11,936.45","225","71","168"
"2019/08/07","11,310.0","11,320.0","11,290.0","11,320.0","+20.0","13","147","0","8","0.00","-","-","11,454.00","11,732.00","11,770.40","11,825.70","11,946.95","26","32","156"
"2019/08/06","11,260.0","11,300.0","11,110.0","11,300.0","-40.0","6","68","0","0","0.00","-","-","11,548.00","11,760.80","11,782.00","11,829.40","11,957.50","24","39","156"
"2019/08/05","11,500.0","11,500.0","11,340.0","11,340.0","-180.0","37","420","0","0","0.00","-","-","11,652.00","11,790.40","11,791.73","11,835.30","11,969.30","25","89","159"
"2019/08/02","11,550.0","11,550.0","11,520.0","11,520.0","-270.0","67","772","0","0","0.00","-","-","11,736.00","11,806.80","11,801.47","11,842.00","11,981.35","19","140","158"
"2019/08/01","11,760.0","11,790.0","11,760.0","11,790.0","0.0","9","106","0","0","0.00","-","-","11,790.00","11,816.80","11,808.40","11,847.30","11,992.30","8","158","160"
"2019/07/31","11,790.0","11,790.0","11,790.0","11,790.0","-30.0","4","47","0","0","0.00","-","-","11,806.00","11,811.20","11,812.80","11,850.60","12,002.75","9","158","161"
"2019/07/30","11,820.0","11,820.0","11,820.0","11,820.0","+60.0","9","106","0","0","0.00","-","-","11,814.00","11,807.20","11,817.20","11,853.20","12,012.90","9","158","163"
"2019/07/29","11,750.0","11,760.0","11,750.0","11,760.0","-30.0","6","71","0","0","0.00","-","-","11,806.00","11,804.80","11,822.00","11,855.00","12,022.85","32","158","168"
"2019/07/26","11,790.0","11,790.0","11,790.0","11,790.0","-80.0","12","141","0","0","0.00","-","-","11,794.00","11,802.80","11,827.20","11,858.50","12,032.60","34","159","169"
"2019/07/25","11,860.0","11,870.0","11,860.0","11,870.0","+40.0","16","190","0","0","0.00","-","-","11,790.00","11,804.80","11,832.13","11,860.90","12,042.55","42","158","173"
"2019/07/24","11,830.0","11,840.0","11,830.0","11,830.0","+50.0","4","47","0","0","0.00","-","-","11,722.00","11,802.80","11,834.93","11,863.00","12,051.50","49","159","173"
"2019/07/23","11,790.0","11,820.0","11,780.0","11,780.0","+80.0","122","1,439","0","0","0.00","-","-","11,712.00","11,793.20","11,838.40","11,864.50","12,060.35","48","160","174"
"2019/07/22","11,730.0","11,730.0","11,700.0","11,700.0","-70.0","16","187","0","0","0.00","-","-","11,712.00","11,790.00","11,840.00","11,867.50","12,068.85","28","155","173"
"2019/07/19","11,750.0","11,770.0","11,750.0","11,770.0","+240.0","53","624","0","0","0.00","-","-","11,738.00","11,791.20","11,841.33","11,870.90","12,077.65","42","155","173"
"2019/07/18","11,700.0","11,700.0","11,530.0","11,530.0","-250.0","50","577","0","0","0.00","-","-","11,754.00","11,786.80","11,844.27","11,873.00","12,085.20","35","154","174"
"2019/07/17","11,780.0","11,780.0","11,780.0","11,780.0","0.0","2","24","0","0","0.00","-","-","11,806.00","11,798.00","11,849.73","11,877.10","12,092.65","29","152","178"
"2019/07/16","11,800.0","11,800.0","11,780.0","11,780.0","-50.0","19","224","0","0","0.00","-","-","11,810.00","11,800.40","11,848.27","11,876.90","12,098.20","37","152","181"
"2019/07/11","11,850.0","11,850.0","11,850.0","11,850.0","+60.0","17","201","0","6","0.00","-","-","11,834.00","11,792.00","11,852.53","11,877.80","12,107.35","45","150","217"
"2019/07/10","11,780.0","11,790.0","11,780.0","11,790.0","-10.0","20","236","0","6","0.00","-","-","11,840.00","11,780.40","11,854.53","11,876.40","12,111.45","45","149","217"
"2019/07/09","11,870.0","11,870.0","11,800.0","11,800.0","-20.0","42","496","0","6","0.00","-","-","11,872.00","11,772.80","11,857.07","11,873.20","12,115.55","45","150","217"
"2019/07/08","11,850.0","11,850.0","11,820.0","11,820.0","-90.0","16","189","0","6","0.00","-","-","11,920.00","11,756.40","11,858.93","11,871.90","12,119.95","79","181","217"
"2019/07/05","11,900.0","11,910.0","11,900.0","11,910.0","+30.0","132","1,571","0","6","0.00","-","-","11,964.00","11,737.60","11,859.33","11,872.30","12,124.80","325","182","217"
"2019/07/04","11,900.0","11,900.0","11,870.0","11,880.0","-70.0","18","214","0","6","0.00","-","-","11,932.00","11,718.40","11,858.27","11,871.60","12,129.45","562","181","215"
"2019/07/01","11,950.0","12,040.0","11,950.0","12,040.0","+290.0","1,247","14,917","0","0","0.00","-","-","11,780.00","11,684.00","11,852.27","11,866.70","12,144.60","616","306","213"
"2019/06/28","11,760.0","11,770.0","11,750.0","11,750.0","-20.0","1,316","15,487","0","0","0.00","-","-","11,724.00","11,671.20","11,850.27","11,863.10","12,149.80","369","257","197"
"2019/06/27","11,650.0","11,770.0","11,650.0","11,770.0","+120.0","498","5,856","0","0","0.00","-","-","11,716.00","11,668.00","11,853.73","11,862.10","12,156.25","110","208","179"
"2019/06/26","11,650.0","11,650.0","11,650.0","11,650.0","-40.0","10","117","0","0","0.00","-","-","11,730.00","11,663.60","11,857.47","11,861.50","12,162.35","12","193","173"
"2019/06/25","11,690.0","11,690.0","11,690.0","11,690.0","-70.0","11","129","0","0","0.00","-","-","11,764.00","11,666.80","11,863.73","11,862.80","12,168.35","16","197","173"
"2019/06/24","11,990.0","11,990.0","11,710.0","11,760.0","+50.0","11","130","0","0","0.00","-","-","11,744.00","11,668.80","11,868.53","11,862.50","12,173.60","18","216","173"
"2019/06/21","11,710.0","11,710.0","11,710.0","11,710.0","-130.0","22","258","0","0","0.00","-","-","11,732.00","11,670.00","11,871.73","11,861.40","12,178.70","16","239","173"
"2019/06/20","11,840.0","11,840.0","11,840.0","11,840.0","+20.0","8","95","0","0","0.00","-","-","11,736.00","11,672.80","11,877.07","11,861.10","12,183.50","14","244","173"
"2019/06/19","11,820.0","11,820.0","11,820.0","11,820.0","+230.0","32","378","0","0","0.00","-","-","11,700.00","11,664.00","11,879.60","11,860.10","12,187.75","17","260","173"
"2019/06/18","11,690.0","11,690.0","11,590.0","11,590.0","-110.0","18","209","0","0","0.00","-","-","11,698.00","11,658.40","11,883.07","11,858.90","12,192.40","11","263","173"
"2019/06/17","11,700.0","11,700.0","11,700.0","11,700.0","-30.0","4","47","0","0","0.00","-","-","11,748.00","11,660.00","11,888.27","11,858.60","12,197.70","9","264","173"
"2019/06/14","11,730.0","11,730.0","11,730.0","11,730.0","+70.0","10","117","0","0","0.00","-","-","11,764.00","11,659.60","11,893.33","11,856.80","12,202.60","18","275","173"
"2019/06/13","11,700.0","11,700.0","11,660.0","11,660.0","-150.0","25","292","0","0","0.00","-","-","11,742.00","11,657.60","11,897.47","11,855.60","12,207.95","17","279","173"
"2019/06/12","11,840.0","11,840.0","11,810.0","11,810.0","-30.0","2","24","0","0","0.00","-","-","11,722.00","11,661.20","11,901.73","11,854.20","12,212.85","13","280","173"
"2019/06/11","11,820.0","11,840.0","11,820.0","11,840.0","+60.0","8","95","0","0","0.00","-","-","11,680.00","11,661.60","11,903.47","11,850.40","12,218.30","21","282","173"
"2019/06/10","11,730.0","11,780.0","11,720.0","11,780.0","+160.0","47","553","0","0","0.00","-","-","11,590.00","11,668.80","11,902.40","11,847.00","12,224.25","183","283","173"
"2019/06/07","11,620.0","11,620.0","11,620.0","11,620.0","+60.0","4","46","0","0","0.00","-","-","11,504.00","11,683.20","11,903.47","11,843.70","12,230.60","181","281","173"
"2019/06/06","11,900.0","11,900.0","11,560.0","11,560.0","-40.0","5","58","0","0","0.00","-","-","11,466.00","11,705.60","11,906.40","11,841.00","12,237.95","204","282","173"
"2019/06/05","11,600.0","11,600.0","11,600.0","11,600.0","+210.0","44","510","0","0","0.00","-","-","11,476.00","11,727.20","11,908.40","11,835.20","12,244.95","871","283","173"
"2019/06/04","11,360.0","11,390.0","11,360.0","11,390.0","+40.0","819","9,327","0","0","0.00","-","-","11,482.00","11,750.40","11,906.67","11,831.90","12,252.20","868","281","173"
"2019/06/03","11,400.0","11,400.0","11,330.0","11,350.0","-80.0","37","420","0","0","0.00","-","-","11,558.00","11,780.80","11,910.40","11,831.80","12,260.85","706","248","162"
"2019/05/31","11,800.0","11,800.0","11,430.0","11,430.0","-180.0","117","1,347","0","0","0.00","-","-","11,632.00","11,810.80","11,917.20","11,826.10","12,270.55","702","247","162"
"2019/05/30","11,600.0","11,610.0","11,540.0","11,610.0","-20.0","3,341","38,591","0","0","0.00","-","-","11,680.00","11,838.00","11,922.67","11,819.20","12,279.10","697","243","161"
"2019/05/29","11,600.0","11,630.0","11,600.0","11,630.0","-140.0","28","325","0","0","0.00","-","-","11,690.00","11,862.80","11,925.87","11,815.30","12,287.20","50","118","117"
"2019/05/28","11,750.0","11,770.0","11,750.0","11,770.0","+50.0","10","118","0","0","0.00","-","-","11,710.00","11,884.40","11,927.47","11,813.50","12,295.55","67","121","123"
"2019/05/27","11,720.0","11,720.0","11,720.0","11,720.0","+50.0","16","188","0","0","0.00","-","-","11,704.00","11,901.20","11,927.60","11,812.80","12,302.95","162","122","123"
"2019/05/24","11,610.0","11,670.0","11,610.0","11,670.0","+10.0","91","1,057","0","0","0.00","-","-","11,718.00","11,913.60","11,927.07","11,814.10","12,310.30","279","129","123"
"2019/05/23","11,680.0","11,680.0","11,660.0","11,660.0","-70.0","107","1,248","0","0","0.00","-","-","11,740.00","11,929.60","11,926.80","11,818.00","12,317.65","287","126","122"
"2019/05/22","11,780.0","11,780.0","11,730.0","11,730.0","-10.0","112","1,317","0","0","0.00","-","-","11,732.00","11,944.80","11,927.47","11,821.60","12,324.60","348","130","120"
"2019/05/21","11,710.0","11,760.0","11,700.0","11,740.0","-50.0","486","5,704","0","0","0.00","-","-","11,722.00","11,960.40","11,928.13","11,826.40","12,331.35","350","130","119"
"2019/05/20","11,790.0","11,800.0","11,780.0","11,790.0","+10.0","601","7,087","0","0","0.00","-","-","11,700.00","11,975.60","11,927.07","11,830.10","12,338.40","259","115","113"
"2019/05/17","11,710.0","11,800.0","11,710.0","11,780.0","+160.0","131","1,544","0","0","0.00","-","-","11,680.00","11,991.20","11,925.20","11,831.00","12,345.45","195","106","105"
"2019/05/16","11,590.0","11,640.0","11,580.0","11,620.0","-60.0","411","4,771","0","0","0.00","-","-","11,660.00","12,006.00","11,923.87","11,832.90","12,352.35","191","106","103"
"2019/05/15","11,600.0","11,680.0","11,600.0","11,680.0","+50.0","122","1,421","0","8","0.00","-","-","11,686.00","12,027.60","11,925.47","11,838.80","12,359.45","116","101","101"
"2019/05/14","11,500.0","11,630.0","11,480.0","11,630.0","-60.0","34","393","0","0","0.00","-","-","11,714.00","12,043.60","11,925.73","11,843.00","12,365.50","107","96","100"
"2019/05/13","11,650.0","11,710.0","11,650.0","11,690.0","+10.0","277","3,229","0","0","0.00","-","-","11,792.00","12,062.00","11,924.80","11,850.40","12,371.25","104","98","99"
"2019/05/10","11,740.0","11,790.0","11,670.0","11,680.0","-70.0","112","1,307","0","0","0.00","-","-","11,882.00","12,070.40","11,922.53","11,858.00","12,377.60","51","88","96"
"2019/05/09","11,800.0","11,800.0","11,720.0","11,750.0","-70.0","39","458","0","0","0.00","-","-","11,982.00","12,075.20","11,921.60","11,868.80","12,383.60","32","84","94"
"2019/05/08","11,910.0","11,910.0","11,820.0","11,820.0","-200.0","73","865","0","0","0.00","-","-","12,052.00","12,084.80","11,918.53","11,877.30","12,388.60","28","90","94"
"2019/05/07","12,020.0","12,020.0","12,020.0","12,020.0","-120.0","20","240","0","0","0.00","-","-","12,124.00","12,089.60","11,913.33","11,884.40","12,392.20","14","99","93"
"2019/04/26","12,070.0","12,140.0","12,070.0","12,140.0","-40.0","12","146","0","0","0.00","-","-","12,150.00","12,075.60","11,906.40","11,889.00","12,395.70","11","107","93"
"2019/04/25","12,390.0","12,390.0","12,100.0","12,180.0","+80.0","19","231","0","0","0.00","-","-","12,142.00","12,067.20","11,897.20","11,892.00","12,398.45","10","221","93"
"2019/04/24","12,100.0","12,100.0","12,100.0","12,100.0","-80.0","16","194","0","0","0.00","-","-","12,128.00","12,060.00","11,886.13","11,893.40","12,401.75","10","220","94"
"2019/04/23","12,180.0","12,180.0","12,180.0","12,180.0","+30.0","7","85","0","0","0.00","-","-","12,154.00","12,056.00","11,871.20","11,895.40","12,406.60","48","220","94"
"2019/04/22","12,400.0","12,400.0","12,090.0","12,150.0","+50.0","5","61","0","0","0.00","-","-","12,152.00","12,048.00","11,859.07","11,895.80","12,410.65","67","221","94"
"2019/04/19","12,100.0","12,100.0","12,100.0","12,100.0","-10.0","3","36","0","0","0.00","-","-","12,160.00","12,039.60","11,848.80","11,897.40","12,415.15","73","221","98"
"2019/04/18","12,110.0","12,110.0","12,110.0","12,110.0","-120.0","19","230","0","0","0.00","-","-","12,146.00","12,029.60","11,831.20","11,900.20","12,419.60","113","222","115"
"2019/04/17","12,230.0","12,230.0","12,210.0","12,230.0","+60.0","208","2,542","0","0","0.00","-","-","12,138.00","12,018.40","11,812.93","11,902.60","12,423.90","110","222","116"
"2019/04/16","12,180.0","12,180.0","12,170.0","12,170.0","-20.0","103","1,255","0","0","0.00","-","-","12,100.00","12,008.00","11,799.47","11,904.00","12,428.00","111","215","114"
"2019/04/15","12,190.0","12,190.0","12,190.0","12,190.0","+160.0","34","414","0","0","0.00","-","-","12,090.00","11,991.60","11,789.87","11,906.90","12,433.20","112","212","129"
"2019/04/12","12,020.0","12,030.0","12,020.0","12,030.0","-40.0","201","2,416","0","0","0.00","-","-","12,076.00","11,971.60","11,783.33","11,909.10","12,438.10","127","212","129"
"2019/04/11","12,000.0","12,070.0","12,000.0","12,070.0","+30.0","5","60","0","0","0.00","-","-","12,106.00","11,966.00","11,780.93","11,915.40","12,443.45","165","204","128"
"2019/04/10","12,030.0","12,040.0","12,030.0","12,040.0","-80.0","213","2,564","0","0","0.00","-","-","12,122.00","11,963.60","11,780.80","11,921.50","12,449.40","186","204","128"
"2019/04/09","12,120.0","12,120.0","12,120.0","12,120.0","0.0","111","1,345","0","0","0.00","-","-","12,146.00","11,964.00","11,780.53","11,928.50","12,456.20","203","197","125"
"2019/04/08","12,180.0","12,180.0","12,120.0","12,120.0","-60.0","108","1,311","0","5","0.00","-","-","12,138.00","11,964.00","11,781.73","11,933.30","12,462.80","181","193","124"
"2019/04/05","12,160.0","12,190.0","12,160.0","12,180.0","+30.0","390","4,751","0","0","0.00","-","-","12,132.00","11,961.20","11,781.60","11,938.10","12,470.05","177","189","123"
"2019/04/04","12,140.0","12,150.0","12,140.0","12,150.0","-10.0","109","1,323","0","0","0.00","-","-","12,076.00","11,954.00","11,777.60","11,941.00","12,476.75","103","174","118"
"2019/04/03","12,080.0","12,160.0","12,080.0","12,160.0","+80.0","300","3,638","0","0","0.00","-","-","12,006.00","11,952.40","11,775.20","11,945.80","12,483.45","84","170","117"
"2019/04/02","12,080.0","12,080.0","12,080.0","12,080.0","-10.0","1","12","0","0","0.00","-","-","11,972.00","11,947.20","11,775.87","11,948.10","12,489.80","60","158","114"
"2019/04/01","12,140.0","12,150.0","12,090.0","12,090.0","+190.0","89","1,079","0","0","0.00","-","-","11,944.00","11,947.20","11,776.13","11,952.30","12,497.05","121","159","115"
"2019/03/29","11,900.0","11,900.0","11,900.0","11,900.0","+100.0","16","190","0","0","0.00","-","-","11,860.00","11,942.80","11,779.87","11,954.00","12,503.70","147","156","115"
"2019/03/28","11,990.0","11,990.0","11,800.0","11,800.0","-190.0","14","166","0","0","0.00","-","-","11,866.00","11,950.00","11,787.20","11,955.80","12,511.05","715","155","115"
"2019/03/27","11,970.0","11,990.0","11,970.0","11,990.0","+50.0","183","2,194","0","0","0.00","-","-","11,906.00","11,959.60","11,800.00","11,959.00","12,519.00","714","155","120"
"2019/03/26","11,780.0","11,940.0","11,780.0","11,940.0","+270.0","305","3,606","0","0","0.00","-","-","11,908.00","11,959.20","11,808.13","11,960.40","12,524.95","680","148","118"
"2019/03/25","11,800.0","11,800.0","11,660.0","11,670.0","-260.0","219","2,555","0","0","0.00","-","-","11,916.00","11,959.20","11,816.00","11,966.20","12,530.90","624","137","114"
"2019/03/22","11,980.0","11,990.0","11,930.0","11,930.0","-70.0","2,858","34,199","0","0","0.00","-","-","11,970.00","11,962.80","11,826.80","11,975.30","12,537.65","583","129","111"
"2019/03/20","12,000.0","12,000.0","12,000.0","12,000.0","0.0","6","72","0","0","0.00","-","-","11,954.00","11,960.00","11,833.60","11,985.10","12,544.20","13","15","74"
"2019/03/19","12,280.0","12,280.0","11,960.0","12,000.0","+20.0","12","145","0","0","0.00","-","-","11,920.00","11,953.60","11,837.87","11,993.60","12,550.75","16","16","74"
"2019/03/18","12,240.0","12,240.0","11,940.0","11,980.0","+40.0","25","302","1","0","0.00","0.00","-","11,914.00","11,942.00","11,841.87","12,003.40","12,557.30","20","17","74"
"2019/03/15","11,940.0","11,940.0","11,940.0","11,940.0","+90.0","17","203","0","0","0.00","-","-","11,870.00","11,921.60","11,845.07","12,013.60","12,564.25","21","17","74"
"2019/03/14","11,850.0","11,850.0","11,850.0","11,850.0","+20.0","5","59","0","0","0.00","-","-","11,820.00","11,910.80","11,850.00","12,022.20","12,572.30","23","17","73"
"2019/03/13","11,830.0","11,830.0","11,830.0","11,830.0","-140.0","23","272","0","0","0.00","-","-","11,828.00","11,911.20","11,857.07","12,031.20","12,581.35","27","19","74"
"2019/03/12","11,970.0","11,970.0","11,970.0","11,970.0","+210.0","32","383","0","0","0.00","-","-","11,864.00","11,911.60","11,864.00","12,042.10","12,590.55","24","18","75"
"2019/03/11","11,990.0","11,990.0","11,760.0","11,760.0","+70.0","29","341","0","0","0.00","-","-","11,880.00","11,906.80","11,869.33","12,051.50","12,599.05","20","18","74"
"2019/03/08","11,690.0","11,690.0","11,690.0","11,690.0","-200.0","30","351","0","0","0.00","-","-","11,952.00","11,906.40","11,878.67","12,068.20","12,608.40","17","36","74"
"2019/03/07","11,950.0","11,950.0","11,890.0","11,890.0","-120.0","22","262","0","0","0.00","-","-","12,024.00","11,910.00","11,888.27","12,085.60","12,617.90","15","35","75"
"2019/03/06","12,050.0","12,050.0","12,010.0","12,010.0","-40.0","7","84","0","0","0.00","-","-","12,046.00","11,901.60","11,898.53","12,103.30","12,626.60","12","35","75"
"2019/03/05","12,060.0","12,060.0","12,050.0","12,050.0","-70.0","14","169","0","0","0.00","-","-","12,066.00","11,887.20","11,907.47","12,120.70","12,634.55","12","34","75"
"2019/03/04","12,010.0","12,120.0","12,010.0","12,120.0","+70.0","16","194","0","0","0.00","-","-","12,062.00","11,873.60","11,916.67","12,137.30","12,641.90","11","34","77"
"2019/03/01","12,300.0","12,300.0","12,040.0","12,050.0","+50.0","18","217","0","0","0.00","-","-","12,054.00","11,860.00","11,923.07","12,154.90","12,648.00","12","34","78"
"2019/02/28","12,030.0","12,030.0","12,000.0","12,000.0","-110.0","7","84","0","0","0.00","-","-","12,040.00","11,844.40","11,930.40","12,172.60","12,654.45","11","34","78"
"2019/02/27","12,110.0","12,110.0","12,110.0","12,110.0","+80.0","9","109","0","0","0.00","-","-","12,056.00","11,830.40","11,936.67","12,190.70","12,661.60","11","33","78"
"2019/02/26","12,030.0","12,030.0","12,030.0","12,030.0","-50.0","7","84","0","0","0.00","-","-","12,042.00","11,813.20","11,943.60","12,206.70","12,667.80","10","34","78"
"2019/02/25","11,980.0","12,080.0","11,980.0","12,080.0","+100.0","19","229","0","0","0.00","-","-","12,032.00","11,801.60","11,948.40","12,224.20","12,676.50","10","44","78"
"2019/02/22","11,990.0","11,990.0","11,980.0","11,980.0","-100.0","13","156","0","0","0.00","-","-","12,004.00","11,786.40","11,954.00","12,240.00","12,686.60","13","44","78"
"2019/02/21","12,070.0","12,080.0","12,070.0","12,080.0","+40.0","7","85","0","0","0.00","-","-","11,960.00","11,769.60","11,957.73","12,256.20","12,694.15","15","43","79"
"2019/02/20","12,040.0","12,040.0","12,040.0","12,040.0","+60.0","7","84","0","0","0.00","-","-","11,916.00","11,747.20","11,957.73","12,270.20","12,700.90","14","43","81"
"2019/02/19","11,950.0","11,980.0","11,950.0","11,980.0","+40.0","8","96","0","0","0.00","-","-","11,876.00","11,730.00","11,958.80","12,284.40","12,705.65","17","44","82"
"2019/02/18","12,150.0","12,150.0","11,920.0","11,940.0","+180.0","33","394","0","0","0.00","-","-","11,822.00","11,711.60","11,960.80","12,297.40","12,710.70","23","44","85"
"2019/02/15","11,730.0","11,760.0","11,730.0","11,760.0","-100.0","23","270","0","0","0.00","-","-","11,728.00","11,691.20","11,968.53","12,308.20","12,716.00","23","44","121"
"2019/02/14","11,820.0","11,860.0","11,820.0","11,860.0","+20.0","3","36","0","0","0.00","-","-","11,710.00","11,680.80","11,979.47","12,319.50","12,722.20","21","43","124"
"2019/02/13","11,840.0","11,840.0","11,840.0","11,840.0","+130.0","20","237","0","0","0.00","-","-","11,710.00","11,664.40","11,993.47","12,327.70","12,727.90","30","44","124"
"2019/02/12","11,680.0","11,710.0","11,680.0","11,710.0","+240.0","40","468","0","0","0.00","-","-","11,710.00","11,644.80","12,006.93","12,336.90","12,732.20","28","45","124"
"2019/02/08","11,470.0","11,470.0","11,470.0","11,470.0","-200.0","31","356","0","0","0.00","-","-","11,738.00","11,615.60","12,023.87","12,346.50","12,737.15","23","45","124"
"2019/02/07","11,830.0","11,830.0","11,670.0","11,670.0","-190.0","15","175","0","0","0.00","-","-","11,794.00","11,607.60","12,044.27","12,357.90","12,743.30","114","45","124"
"2019/02/06","11,910.0","11,910.0","11,860.0","11,860.0","+20.0","44","524","0","0","0.00","-","-","11,816.00","11,596.00","12,059.33","12,368.00","12,748.45","114","56","124"
"2019/02/05","11,840.0","11,840.0","11,840.0","11,840.0","-10.0","10","118","0","0","0.00","-","-","11,780.00","11,552.80","12,071.20","12,377.30","12,754.15","107","104","140"
"2019/02/04","11,850.0","11,850.0","11,850.0","11,850.0","+100.0","19","225","0","0","0.00","-","-","11,742.00","11,508.80","12,085.60","12,387.30","12,759.95","105","109","140"
"2019/02/01","11,760.0","11,770.0","11,750.0","11,750.0","-30.0","484","5,695","0","0","0.00","-","-","11,714.00","11,483.60","12,099.73","12,397.40","12,765.70","103","111","142"
"2019/01/31","11,780.0","11,780.0","11,780.0","11,780.0","+100.0","17","200","0","0","0.00","-","-","11,720.00","11,471.60","12,122.13","12,409.80","12,771.95","10","139","135"
"2019/01/30","11,690.0","11,690.0","11,680.0","11,680.0","+30.0","7","82","0","0","0.00","-","-","11,696.00","11,468.40","12,144.13","12,422.50","12,776.65","7","139","136"
"2019/01/29","11,650.0","11,650.0","11,650.0","11,650.0","-60.0","2","23","0","0","0.00","-","-","11,690.00","11,475.20","12,170.53","12,436.50","12,781.85","6","144","136"
"2019/01/28","12,080.0","12,080.0","11,710.0","11,710.0","-70.0","9","107","0","0","0.00","-","-","11,696.00","11,491.60","12,198.53","12,450.40","12,787.20","10","144","142"
"2019/01/25","11,780.0","11,780.0","11,780.0","11,780.0","+120.0","17","200","0","0","0.00","-","-","11,702.00","11,504.00","12,225.20","12,463.20","12,792.25","58","144","142"
"2019/01/24","11,660.0","11,660.0","11,660.0","11,660.0","+10.0","4","47","0","0","0.00","-","-","11,686.00","11,521.20","12,253.20","12,473.90","12,796.95","58","144","142"
"2019/01/23","11,650.0","11,650.0","11,650.0","11,650.0","-30.0","1","12","0","0","0.00","-","-","11,666.00","11,539.20","12,282.00","12,484.70","12,802.25","59","145","142"
"2019/01/22","11,670.0","11,680.0","11,660.0","11,680.0","-60.0","20","233","0","0","0.00","-","-","11,640.00","11,548.40","12,310.80","12,496.00","12,807.60","59","146","143"
"2019/01/21","11,400.0","11,800.0","11,400.0","11,740.0","+40.0","251","2,918","0","0","0.00","-","-","11,626.00","11,560.00","12,337.87","12,505.90","12,812.80","62","148","143"
"2019/01/18","11,700.0","11,700.0","11,700.0","11,700.0","+140.0","17","199","0","0","0.00","-","-","11,582.00","11,578.80","12,365.07","12,515.40","12,818.05","13","139","139"
"2019/01/17","11,560.0","11,560.0","11,560.0","11,560.0","+40.0","8","92","0","0","0.00","-","-","11,528.00","11,594.80","12,391.20","12,525.90","12,821.20","14","142","139"
"2019/01/16","11,520.0","11,520.0","11,520.0","11,520.0","-90.0","1","12","0","0","0.00","-","-","11,516.00","11,627.20","12,418.40","12,536.80","12,826.05","13","145","139"
"2019/01/15","11,820.0","11,820.0","11,490.0","11,610.0","+90.0","34","393","0","0","0.00","-","-","11,502.00","11,664.40","12,444.53","12,548.40","12,832.20","19","147","139"
"2019/01/11","11,520.0","11,520.0","11,520.0","11,520.0","+90.0","7","81","0","0","0.00","-","-","11,450.00","11,710.40","12,469.20","12,560.30","12,837.90","23","162","139"
"2019/01/10","11,430.0","11,430.0","11,430.0","11,430.0","-70.0","20","229","0","0","0.00","-","-","11,342.00","11,753.60","12,492.67","12,571.50","12,845.30","26","162","142"
"2019/01/09","11,490.0","11,500.0","11,490.0","11,500.0","+50.0","7","80","0","0","0.00","-","-","11,310.00","11,797.60","12,513.87","12,586.20","12,853.15","30","162","142"
"2019/01/08","11,400.0","11,450.0","11,400.0","11,450.0","+100.0","27","309","0","0","0.00","-","-","11,286.00","11,836.80","12,532.40","12,601.50","12,860.65","88","162","142"
"2019/01/07","11,400.0","11,400.0","11,350.0","11,350.0","+370.0","55","624","0","0","0.00","-","-","11,152.00","11,876.40","12,548.80","12,617.50","12,868.40","332","161","142"
"2019/01/04","11,000.0","11,000.0","10,980.0","10,980.0","-290.0","25","275","0","0","0.00","-","-","11,030.00","11,915.20","12,567.60","12,634.90","12,876.65","347","160","141"
"2018/12/28","11,260.0","11,280.0","11,260.0","11,270.0","-110.0","38","428","0","0","0.00","-","-","11,078.00","11,968.00","12,590.13","12,654.70","12,886.75","355","160","141"
"2018/12/27","11,330.0","11,380.0","11,270.0","11,380.0","+600.0","295","3,332","0","0","0.00","-","-","11,114.00","12,006.00","12,608.00","12,672.50","12,894.60","585","158","141"
"2018/12/26","10,820.0","10,910.0","10,660.0","10,780.0","+40.0","1,248","13,488","0","0","0.00","-","-","11,178.00","12,043.20","12,625.33","12,689.90","12,901.45","528","147","137"
"2018/12/25","11,840.0","11,840.0","10,700.0","10,740.0","-480.0","131","1,422","0","0","0.00","-","-","11,392.00","12,107.20","12,652.13","12,715.00","12,912.35","303","98","121"
"2018/12/21","11,400.0","11,400.0","11,180.0","11,220.0","-230.0","67","753","0","8","0.00","-","-","11,656.00","12,171.60","12,680.13","12,739.00","12,923.45","278","97","119"
"2018/12/20","11,630.0","11,650.0","11,420.0","11,450.0","-250.0","1,185","13,775","0","0","0.00","-","-","11,816.00","12,217.60","12,702.00","12,759.10","12,930.85","269","95","119"
"2018/12/19","11,760.0","11,760.0","11,700.0","11,700.0","-150.0","13","152","0","0","0.00","-","-","11,968.00","12,258.00","12,722.53","12,777.60","12,937.45","34","48","103"
"2018/12/18","11,850.0","11,850.0","11,850.0","11,850.0","-210.0","122","1,446","0","0","0.00","-","-","12,050.00","12,286.40","12,740.53","12,793.10","12,944.05","39","51","103"
"2018/12/17","12,080.0","12,080.0","12,060.0","12,060.0","+40.0","4","48","0","0","0.00","-","-","12,056.00","12,318.80","12,756.93","12,806.50","12,951.30","20","47","101"
"2018/12/14","12,210.0","12,210.0","12,020.0","12,020.0","-190.0","24","289","0","0","0.00","-","-","12,038.00","12,343.60","12,770.00","12,817.30","12,957.50","32","47","101"
"2018/12/13","12,210.0","12,210.0","12,210.0","12,210.0","+100.0","10","122","0","0","0.00","-","-","12,076.00","12,372.40","12,782.93","12,827.60","12,962.80","32","51","102"
"2018/12/12","11,990.0","12,110.0","11,990.0","12,110.0","+230.0","36","436","0","0","0.00","-","-","12,054.00","12,388.00","12,791.47","12,836.30","12,967.15","48","55","102"
"2018/12/11","11,900.0","11,920.0","11,880.0","11,880.0","-90.0","28","333","0","0","0.00","-","-","12,106.00","12,407.60","12,799.87","12,846.70","12,972.10","55","54","101"
"2018/12/10","12,000.0","12,000.0","11,970.0","11,970.0","-240.0","63","755","0","0","0.00","-","-","12,220.00","12,431.20","12,811.87","12,859.90","12,976.70","63","53","101"
"2018/12/07","12,180.0","12,210.0","12,180.0","12,210.0","+110.0","23","281","0","0","0.00","-","-","12,378.00","12,457.60","12,821.20","12,871.80","12,981.85","131","51","100"
"2018/12/06","12,110.0","12,110.0","12,100.0","12,100.0","-270.0","90","1,090","0","0","0.00","-","-","12,456.00","12,464.80","12,827.60","12,880.10","12,985.30","127","50","100"
"2018/12/05","12,150.0","12,370.0","12,150.0","12,370.0","-80.0","75","916","0","0","0.00","-","-","12,542.00","12,480.80","12,836.27","12,888.00","12,989.40","113","48","99"
"2018/12/04","12,660.0","12,660.0","12,450.0","12,450.0","-310.0","64","798","0","0","0.00","-","-","12,564.00","12,476.40","12,840.00","12,892.10","12,992.15","100","49","101"
"2018/12/03","12,600.0","12,790.0","12,600.0","12,760.0","+160.0","403","5,151","0","0","0.00","-","-","12,562.00","12,461.60","12,843.07","12,897.20","12,994.50","90","52","100"
"2018/11/30","12,580.0","12,600.0","12,580.0","12,600.0","+70.0","7","88","0","0","0.00","-","-","12,474.00","12,436.00","12,843.60","12,898.40","13,003.40","12","40","96"
"2018/11/29","12,530.0","12,530.0","12,530.0","12,530.0","+50.0","16","200","0","0","0.00","-","-","12,414.00","12,417.20","12,844.13","12,899.90","13,008.60","16","48","97"
"2018/11/28","12,470.0","12,480.0","12,470.0","12,480.0","+40.0","10","125","0","0","0.00","-","-","12,352.00","12,416.80","12,849.07","12,900.00","13,016.80","14","159","97"
"2018/11/27","12,440.0","12,440.0","12,440.0","12,440.0","+120.0","17","211","0","0","0.00","-","-","12,318.00","12,420.80","12,856.40","12,902.40","13,028.10","14","166","97"
"2018/11/26","12,330.0","12,330.0","12,320.0","12,320.0","+20.0","11","136","0","0","0.00","-","-","12,306.00","12,439.60","12,864.53","12,904.90","13,031.10","13","166","97"
"2018/11/22","12,360.0","12,360.0","12,250.0","12,300.0","+80.0","27","332","0","0","0.00","-","-","12,312.00","12,460.80","12,874.80","12,910.10","13,038.35","32","167","97"
"2018/11/21","12,290.0","12,290.0","12,220.0","12,220.0","-90.0","5","61","0","0","0.00","-","-","12,326.00","12,488.00","12,883.60","12,917.80","13,046.55","30","166","97"
"2018/11/20","12,310.0","12,310.0","12,310.0","12,310.0","-70.0","10","123","0","0","0.00","-","-","12,374.00","12,519.20","12,894.67","12,925.50","13,055.50","31","167","97"
"2018/11/19","12,050.0","12,400.0","12,050.0","12,380.0","+30.0","15","183","0","0","0.00","-","-","12,394.00","12,538.80","12,905.47","12,932.90","13,068.70","50","168","97"
"2018/11/16","12,380.0","12,380.0","12,350.0","12,350.0","-20.0","103","1,272","0","0","0.00","-","-","12,450.00","12,553.60","12,917.60","12,939.00","13,076.80","47","217","134"
"2018/11/15","12,380.0","12,390.0","12,360.0","12,370.0","-90.0","20","248","0","0","0.00","-","-","12,516.00","12,576.40","12,928.13","12,945.20","13,085.20","28","213","134"
"2018/11/14","12,460.0","12,460.0","12,460.0","12,460.0","+50.0","7","87","0","0","0.00","-","-","12,590.00","12,598.00","12,939.60","12,952.00","13,094.40","50","219","134"
"2018/11/13","12,520.0","12,520.0","12,300.0","12,410.0","-250.0","105","1,309","0","0","0.00","-","-","12,618.00","12,636.80","12,950.80","12,959.50","13,102.10","69","219","134"
"2018/11/12","12,660.0","12,660.0","12,660.0","12,660.0","-20.0","4","51","0","0","0.00","-","-","12,656.00","12,677.60","12,962.00","12,967.10","13,112.05","52","217","133"
"2018/11/09","12,680.0","12,680.0","12,680.0","12,680.0","-60.0","7","89","0","0","0.00","-","-","12,618.00","12,717.60","12,969.07","12,971.50","13,119.30","52","218","133"
"2018/11/08","12,500.0","12,790.0","12,500.0","12,740.0","+140.0","131","1,660","0","0","0.00","-","-","12,608.00","12,760.40","12,975.20","12,977.30","13,126.40","52","235","133"
"2018/11/07","12,640.0","12,700.0","12,600.0","12,600.0","0.0","102","1,292","0","0","0.00","-","-","12,538.00","12,799.20","12,979.33","12,983.90","13,134.15","26","231","131"
"2018/11/06","12,600.0","12,600.0","12,600.0","12,600.0","+130.0","19","239","0","0","0.00","-","-","12,518.00","12,850.40","12,985.73","12,992.30","13,142.40","12","228","130"
"2018/11/05","12,470.0","12,470.0","12,470.0","12,470.0","-160.0","2","25","0","0","0.00","-","-","12,450.00","12,899.20","12,993.07","13,002.00","13,149.40","32","227","130"
"2018/11/02","12,630.0","12,630.0","12,630.0","12,630.0","+240.0","10","126","0","0","0.00","-","-","12,372.00","12,952.80","13,002.80","13,012.50","13,160.80","56","229","130"
"2018/11/01","12,390.0","12,390.0","12,390.0","12,390.0","-110.0","1","12","0","0","0.00","-","-","12,270.00","12,996.00","13,009.87","13,021.10","13,171.40","75","229","130"
"2018/10/31","12,310.0","12,500.0","12,310.0","12,500.0","+240.0","31","387","0","0","0.00","-","-","12,218.00","13,051.60","13,018.53","13,031.50","13,183.20","118","229","132"
"2018/10/30","12,060.0","12,260.0","12,060.0","12,260.0","+180.0","116","1,414","0","0","0.00","-","-","12,222.00","13,098.00","13,023.73","13,041.80","13,191.45","668","228","132"
"2018/10/29","12,140.0","12,220.0","12,080.0","12,080.0","-40.0","123","1,501","0","0","0.00","-","-","12,286.00","13,151.60","13,030.67","13,053.40","13,200.90","685","224","131"
"2018/10/26","12,260.0","12,270.0","12,100.0","12,120.0","-10.0","107","1,311","0","0","0.00","-","-","12,452.00","13,207.60","13,042.40","13,066.30","13,211.05","663","219","130"
"2018/10/25","12,220.0","12,230.0","12,130.0","12,130.0","-390.0","214","2,611","0","0","0.00","-","-","12,598.00","13,261.20","13,052.53","13,079.00","13,218.90","648","216","129"
"2018/10/24","12,550.0","12,620.0","12,480.0","12,520.0","-60.0","2,780","34,983","0","0","0.00","-","-","12,768.00","13,307.20","13,060.80","13,089.50","13,226.70","606","215","126"
"2018/10/23","12,700.0","12,700.0","12,580.0","12,580.0","-330.0","202","2,544","0","0","0.00","-","-","12,864.00","13,327.20","13,061.07","13,095.60","13,232.50","57","105","89"
"2018/10/22","12,910.0","12,910.0","12,910.0","12,910.0","+60.0","16","207","2","0","0.00","0.00","-","12,908.00","13,339.60","13,062.93","13,100.00","13,238.10","24","98","87"
"2018/10/19","12,760.0","12,850.0","12,760.0","12,850.0","-130.0","32","411","2","0","0.00","0.00","-","12,876.00","13,330.40","13,060.00","13,103.30","13,242.05","266","97","87"
"2018/10/18","12,980.0","12,980.0","12,980.0","12,980.0","-20.0","1","13","2","0","0.00","0.00","-","12,890.00","13,326.80","13,059.87","13,107.90","13,246.40","262","96","87"
"2018/10/17","12,990.0","13,000.0","12,990.0","13,000.0","+200.0","37","481","2","0","0.00","0.00","-","12,876.00","13,314.40","13,061.07","13,111.20","13,250.50","293","97","87"
"2018/10/16","12,760.0","12,800.0","12,760.0","12,800.0","+50.0","34","434","2","0","0.00","0.00","-","12,962.00","13,298.80","13,060.93","13,114.90","13,255.50","289","96","87"
"2018/10/15","12,800.0","12,800.0","12,750.0","12,750.0","-170.0","1,228","15,703","2","0","0.00","0.00","-","13,088.00","13,294.00","13,064.27","13,122.40","13,258.60","293","96","87"
"2018/10/12","13,210.0","13,210.0","12,840.0","12,920.0","+10.0","11","142","2","0","0.00","0.00","-","13,270.00","13,295.60","13,067.47","13,131.50","13,264.90","54","48","70"
"2018/10/11","13,010.0","13,010.0","12,910.0","12,910.0","-520.0","158","2,047","2","0","0.00","0.00","-","13,436.00","13,292.40","13,068.13","13,139.00","13,270.30","137","48","70"
"2018/10/10","13,400.0","13,460.0","13,380.0","13,430.0","0.0","15","202","2","0","0.00","0.00","-","13,596.00","13,290.40","13,070.00","13,146.60","13,273.80","113","43","68"
"2018/10/09","13,430.0","13,430.0","13,430.0","13,430.0","-230.0","56","752","2","0","0.00","5.00","-","13,686.00","13,272.80","13,067.07","13,148.60","13,274.70","115","42","68"
"2018/10/05","13,690.0","13,690.0","13,660.0","13,660.0","-90.0","30","410","4","0","0.00","5.00","-","13,764.00","13,257.60","13,063.60","13,150.20","13,273.10","104","40","68"
"2018/10/04","13,770.0","13,770.0","13,700.0","13,750.0","+40.0","430","5,916","2","0","0.00","5.00","-","13,794.00","13,234.40","13,056.13","13,149.90","13,270.35","104","39","68"
"2018/08/29","13,070.0","13,080.0","13,070.0","13,080.0","+40.0","9","118","2","0","0.00","5.00","-","12,940.00","12,950.80","13,114.40","13,130.80","-","15","141","82"
"2018/08/28","13,060.0","13,070.0","13,040.0","13,040.0","+50.0","12","157","2","0","0.00","5.00","-","12,880.00","12,955.20","13,121.73","13,127.20","-","16","141","82"
"2018/08/27","12,970.0","12,990.0","12,970.0","12,990.0","+140.0","38","493","2","0","0.00","5.00","-","12,806.00","12,959.20","13,129.20","13,124.00","-","15","142","82"
"2018/08/24","12,810.0","12,850.0","12,770.0","12,850.0","+110.0","15","193","2","0","0.00","0.00","-","12,746.00","12,961.60","13,136.27","13,121.30","-","9","140","82"
"2018/08/23","12,810.0","12,810.0","12,740.0","12,740.0","-40.0","2","26","2","0","0.00","0.00","-","12,726.00","12,970.80","13,142.80","13,120.00","-","12","140","81"
"2018/08/22","12,780.0","12,780.0","12,780.0","12,780.0","+110.0","14","179","2","0","0.00","0.00","-","12,708.00","12,987.20","13,150.80","13,119.80","-","55","140","81"
"2018/08/21","12,670.0","12,670.0","12,670.0","12,670.0","-20.0","10","127","2","0","0.00","0.00","-","12,688.00","13,004.00","13,159.47","13,119.20","-","54","140","81"
"2018/08/20","12,720.0","12,720.0","12,690.0","12,690.0","-60.0","7","89","2","0","0.00","0.00","-","12,714.00","13,023.60","13,168.53","13,119.70","-","63","140","84"
"2018/08/17","12,700.0","12,760.0","12,700.0","12,750.0","+100.0","29","370","2","0","0.00","0.00","-","12,704.00","13,037.60","13,182.93","13,120.70","-","74","146","84"
"2018/08/16","12,620.0","12,680.0","12,610.0","12,650.0","-30.0","218","2,757","2","0","0.00","0.00","-","12,734.00","13,043.20","13,200.93","13,116.50","-","74","145","86"
"2018/08/15","12,680.0","12,680.0","12,680.0","12,680.0","-120.0","9","114","2","0","0.00","0.00","-","12,810.00","13,048.40","13,212.13","13,115.30","-","31","138","83"
"2018/08/14","12,720.0","12,800.0","12,720.0","12,800.0","+160.0","53","678","2","0","0.00","0.00","-","12,884.00","13,059.60","13,222.13","13,116.00","-","34","139","84"
"2018/08/13","12,900.0","12,900.0","12,630.0","12,640.0","-260.0","61","772","2","0","0.00","0.00","-","12,942.00","13,062.80","13,224.67","13,115.50","-","25","139","83"
"2018/08/10","12,960.0","12,960.0","12,900.0","12,900.0","-130.0","31","400","2","0","0.00","0.00","-","13,006.00","13,067.20","13,229.33","13,119.10","-","16","137","82"
"2018/08/09","13,020.0","13,030.0","13,020.0","13,030.0","-20.0","2","26","2","0","0.00","0.00","-","13,036.00","13,052.80","13,230.67","13,120.10","-","12","137","82"
"2018/08/08","13,090.0","13,090.0","13,050.0","13,050.0","-40.0","26","340","2","0","0.00","0.00","-","13,054.00","13,040.40","13,230.27","13,119.80","-","20","137","82"
"2018/08/07","13,090.0","13,090.0","13,090.0","13,090.0","+130.0","8","105","2","0","0.00","0.00","-","13,102.00","13,026.00","13,229.60","13,119.30","-","580","138","81"
"2018/08/06","13,040.0","13,040.0","12,960.0","12,960.0","-90.0","15","195","2","0","0.00","0.00","-","13,112.00","13,016.00","13,224.40","13,118.40","-","587","139","81"
"2018/08/03","13,050.0","13,050.0","13,050.0","13,050.0","-70.0","13","170","2","0","0.00","0.00","-","13,166.00","13,020.40","13,220.93","13,118.80","-","585","139","81"
"2018/08/02","13,240.0","13,240.0","13,120.0","13,120.0","-170.0","39","513","2","0","0.00","0.00","-","13,216.00","13,018.00","13,216.27","13,116.70","-","585","138","81"
"2018/08/01","13,210.0","13,290.0","13,210.0","13,290.0","+150.0","2,825","37,360","2","0","0.00","0.00","-","13,242.00","13,015.20","13,210.67","13,113.00","-","585","137","81"
"2018/07/31","13,190.0","13,220.0","13,140.0","13,140.0","-90.0","46","606","2","0","0.00","0.00","-","13,222.00","13,003.20","13,206.80","13,109.70","-","21","24","43"
"2018/07/30","13,280.0","13,280.0","13,230.0","13,230.0","-70.0","5","66","2","0","0.00","0.00","-","13,222.00","12,996.40","13,204.93","13,107.90","-","18","23","42"
"2018/07/27","13,260.0","13,300.0","13,260.0","13,300.0","+50.0","13","173","2","0","0.00","0.00","-","13,186.00","12,989.20","13,201.87","13,102.60","-","18","23","42"
"2018/07/26","13,210.0","13,250.0","13,210.0","13,250.0","+60.0","38","503","2","0","0.00","0.00","-","13,142.00","12,985.60","13,197.87","13,097.30","-","18","23","42"
"2018/07/25","13,190.0","13,190.0","13,190.0","13,190.0","+50.0","7","92","2","0","0.00","0.00","-","13,122.00","12,982.40","13,190.80","13,095.00","-","11","23","41"
"2018/07/24","13,100.0","13,140.0","13,100.0","13,140.0","+90.0","27","354","2","0","0.00","0.00","-","13,124.00","12,978.80","13,184.53","13,096.10","-","10","25","41"
"2018/07/23","13,110.0","13,110.0","13,050.0","13,050.0","-30.0","7","92","1","0","0.00","0.00","-","13,128.00","12,983.60","13,178.93","13,097.70","-","9","26","41"
"2018/07/20","13,070.0","13,080.0","13,070.0","13,080.0","-70.0","14","183","1","0","0.00","0.00","-","13,126.00","12,997.60","13,174.53","13,098.00","-","37","26","41"
"2018/07/19","13,150.0","13,150.0","13,150.0","13,150.0","-50.0","2","26","1","0","0.00","0.00","-","13,088.00","13,012.00","13,169.73","13,098.00","-","36","26","41"
"2018/07/18","13,200.0","13,200.0","13,200.0","13,200.0","+40.0","1","13","1","0","0.00","0.00","-","13,014.00","13,028.80","13,164.00","13,097.50","-","44","26","41"
"2018/07/17","13,060.0","13,160.0","13,060.0","13,160.0","+120.0","25","329","1","0","0.00","0.00","-","12,966.00","13,041.60","13,157.60","13,093.50","-","52","30","41"
"2018/07/13","12,980.0","13,040.0","12,980.0","13,040.0","+150.0","143","1,859","0","0","0.00","-","-","12,910.00","13,054.80","13,151.73","13,091.90","-","55","29","40"
"2018/07/12","12,900.0","12,900.0","12,890.0","12,890.0","+110.0","11","142","0","0","0.00","-","-","12,852.00","13,070.40","13,148.40","13,090.50","-","30","23","39"
"2018/07/11","12,770.0","12,790.0","12,770.0","12,780.0","-180.0","43","549","0","0","0.00","-","-","12,782.00","13,096.00","13,140.93","13,090.80","-","32","24","38"
"2018/07/10","12,920.0","13,010.0","12,920.0","12,960.0","+80.0","38","494","0","0","0.00","-","-","12,770.00","13,121.60","13,137.60","13,092.20","-","27","27","39"
"2018/07/09","12,740.0","12,880.0","12,740.0","12,880.0","+130.0","43","554","0","0","0.00","-","-","12,716.00","13,138.00","13,134.80","13,091.80","-","26","30","38"
"2018/07/06","12,670.0","12,750.0","12,670.0","12,750.0","+210.0","17","217","0","0","0.00","-","-","12,708.00","13,158.40","13,133.07","13,108.40","-","27","33","38"
"2018/07/05","12,690.0","12,690.0","12,540.0","12,540.0","-180.0","21","264","0","0","0.00","-","-","12,772.00","13,175.60","13,136.40","13,117.30","-","24","37","38"
"2018/07/04","12,720.0","12,720.0","12,720.0","12,720.0","+30.0","16","204","0","0","0.00","-","-","12,862.00","13,199.20","13,142.53","13,133.60","-","21","40","37"
"2018/07/03","12,870.0","12,870.0","12,690.0","12,690.0","-150.0","36","458","0","0","0.00","-","-","12,928.00","13,211.20","13,146.27","13,153.80","-","18","41","37"
"2018/07/02","13,030.0","13,030.0","12,810.0","12,840.0","-230.0","46","591","0","0","0.00","-","-","12,988.00","13,233.20","13,150.40","13,157.30","-","12","39","37"
"2018/06/29","13,070.0","13,070.0","13,070.0","13,070.0","+80.0","4","52","0","0","0.00","-","-","13,014.00","13,252.00","13,152.53","13,166.60","-","5","38","36"
"2018/06/28","12,990.0","12,990.0","12,990.0","12,990.0","-60.0","6","78","0","0","0.00","-","-","13,010.00","13,261.60","13,151.60","13,175.30","-","8","38","36"
"2018/06/27","13,050.0","13,050.0","13,050.0","13,050.0","+60.0","2","26","0","0","0.00","-","-","13,054.00","13,276.80","13,149.60","13,185.50","-","9","37","36"
"2018/06/26","12,990.0","12,990.0","12,990.0","12,990.0","+20.0","3","39","0","0","0.00","-","-","13,078.00","13,296.80","13,145.60","13,204.50","-","14","38","36"
"2018/06/25","13,050.0","13,050.0","12,970.0","12,970.0","-80.0","11","143","0","0","0.00","-","-","13,100.00","13,323.60","13,145.20","13,214.60","-","27","63","36"
"2018/06/22","13,100.0","13,100.0","13,030.0","13,050.0","-160.0","19","248","0","5","0.00","-","-","13,158.00","13,351.60","13,145.07","13,225.20","-","33","84","36"
"2018/06/21","13,140.0","13,210.0","13,140.0","13,210.0","+40.0","14","185","0","0","0.00","-","-","13,228.00","13,376.40","13,140.40","13,236.80","-","30","84","36"
"2018/06/20","13,130.0","13,170.0","13,130.0","13,170.0","+70.0","26","342","0","0","0.00","-","-","13,274.00","13,393.20","13,134.53","13,244.70","-","33","83","36"
"2018/06/19","13,260.0","13,260.0","12,630.0","13,100.0","-160.0","69","894","0","0","0.00","-","-","13,354.00","13,410.00","13,132.53","13,257.00","-","29","82","36"
"2018/06/18","13,380.0","13,380.0","13,250.0","13,260.0","-140.0","38","504","0","0","0.00","-","-","13,438.00","13,431.20","13,135.20","13,267.10","-","31","80","35"
"2018/06/15","13,400.0","13,400.0","13,400.0","13,400.0","-40.0","3","40","0","0","0.00","-","-","13,484.00","13,444.80","13,135.73","13,275.50","-","25","78","35"
"2018/06/14","13,470.0","13,470.0","13,420.0","13,440.0","-130.0","32","430","0","0","0.00","-","-","13,490.00","13,449.60","13,131.47","13,284.40","-","26","79","35"
"2018/06/13","13,530.0","13,570.0","13,530.0","13,570.0","+50.0","7","95","0","0","0.00","-","-","13,508.00","13,445.60","13,126.67","13,292.50","-","24","78","34"
"2018/06/12","13,530.0","13,540.0","13,520.0","13,520.0","+30.0","78","1,055","0","0","0.00","-","-","13,478.00","13,436.40","13,120.40","13,296.80","-","44","78","34"
"2018/06/11","13,490.0","13,490.0","13,490.0","13,490.0","+60.0","8","108","0","0","0.00","-","-","13,448.00","13,432.80","13,110.80","13,309.10","-","55","75","33"
"2018/06/08","13,510.0","13,510.0","13,430.0","13,430.0","-100.0","6","81","0","0","0.00","-","-","13,428.00","13,427.20","13,104.27","13,321.70","-","76","83","33"
"2018/06/07","13,530.0","13,530.0","13,530.0","13,530.0","+110.0","21","284","0","0","0.00","-","-","13,378.00","13,440.80","13,097.20","13,334.90","-","97","83","33"
"2018/06/06","13,070.0","13,420.0","13,070.0","13,420.0","+50.0","111","1,489","0","0","0.00","-","-","13,298.00","13,463.60","13,089.07","13,341.10","-","114","90","33"
"2018/06/05","13,540.0","13,540.0","13,370.0","13,370.0","-20.0","133","1,779","0","0","0.00","-","-","13,218.00","13,466.40","13,082.40","13,348.40","-","98","86","32"
"2018/06/04","13,480.0","13,480.0","13,390.0","13,390.0","+210.0","111","1,487","0","0","0.00","-","-","13,192.00","13,468.80","13,076.40","13,355.80","-","72","82","30"
"2018/06/01","13,180.0","13,180.0","13,180.0","13,180.0","+50.0","109","1,437","0","0","0.00","-","-","13,176.00","13,452.80","13,091.73","13,358.80","-","50","77","29"
"2018/05/31","13,500.0","13,500.0","13,130.0","13,130.0","+110.0","110","1,445","0","0","0.00","-","-","13,202.00","13,445.20","13,097.87","13,363.90","-","28","73","28"
"2018/05/30","13,000.0","13,020.0","13,000.0","13,020.0","-220.0","31","404","0","0","0.00","-","-","13,250.00","13,440.00","13,111.73","13,369.40","-","7","69","26"
"2018/05/29","13,240.0","13,240.0","13,240.0","13,240.0","0.0","1","13","0","0","0.00","-","-","13,356.00","13,439.20","13,134.67","13,376.20","-","2","67","26"
"2018/05/28","-","-","-","-","-","0","-","0","0","0.00","-","-","13,440.00","13,429.60","13,132.00","13,380.80","-","129","67","27"
"2018/05/25","13,310.0","13,310.0","13,310.0","13,310.0","-60.0","1","13","0","0","0.00","-","-","13,512.00","13,405.20","13,138.13","13,384.90","-","238","67","27"
"2018/05/24","13,430.0","13,430.0","13,370.0","13,370.0","-180.0","5","67","0","0","0.00","-","-","13,584.00","13,380.80","13,146.53","13,389.80","-","238","67","28"
"2018/05/23","13,580.0","13,580.0","13,550.0","13,550.0","-110.0","4","54","0","0","0.00","-","-","13,636.00","13,354.00","13,155.07","13,396.10","-","238","67","28"
"2018/05/22","13,660.0","13,660.0","13,600.0","13,660.0","-10.0","637","8,668","0","0","0.00","-","-","13,644.00","13,320.00","13,173.73","13,394.80","-","237","67","28"
"2018/05/21","13,990.0","13,990.0","13,670.0","13,670.0","0.0","543","7,423","0","0","0.00","-","-","13,638.00","13,293.60","13,178.27","13,398.30","-","111","42","20"
"2018/05/18","13,650.0","13,670.0","13,650.0","13,670.0","+40.0","5","68","0","0","0.00","-","-","13,624.00","13,266.80","13,183.07","13,401.60","-","2","20","12"
"2018/05/17","13,620.0","13,630.0","13,620.0","13,630.0","+40.0","2","27","0","0","0.00","-","-","13,594.00","13,240.00","13,190.27","13,401.00","-","7","20","12"
"2018/05/16","13,600.0","13,600.0","13,590.0","13,590.0","-40.0","2","27","0","0","0.00","-","-","13,536.00","13,214.80","13,195.20","13,400.80","-","6","20","12"
"2018/05/15","13,630.0","13,630.0","13,630.0","13,630.0","+30.0","3","41","0","0","0.00","-","-","13,486.00","13,180.00","13,206.00","13,396.00","-","6","20","14"
"2018/05/14","13,600.0","13,600.0","13,600.0","13,600.0","+80.0","2","27","0","0","0.00","-","-","13,446.00","13,143.60","13,212.40","13,390.80","-","6","19","14"
"2018/05/11","13,320.0","13,520.0","13,010.0","13,520.0","0.0","26","349","0","0","0.00","-","-","13,396.00","13,108.40","13,219.07","13,388.80","-","50","19","14"
"2018/05/10","-","-","-","-","-","0","-","0","0","0.00","-","-","13,446.00","13,076.40","13,229.33","13,383.80","-","45","18","14"
"2018/05/09","13,340.0","13,340.0","13,340.0","13,340.0","-90.0","1","13","0","0","0.00","-","-","13,598.00","13,051.60","13,241.47","13,390.40","-","86","18","14"
"2018/05/08","13,680.0","13,680.0","13,430.0","13,430.0","+80.0","3","41","0","0","0.00","-","-","13,628.00","13,026.80","13,250.27","13,382.00","-","86","18","14"
"2018/05/07","14,050.0","14,050.0","13,350.0","13,350.0","-420.0","221","3,096","0","0","0.00","-","-","13,628.00","12,998.40","13,267.87","13,379.70","-","91","18","14"
"2018/05/02","13,770.0","13,770.0","13,770.0","13,770.0","-330.0","1","14","0","0","0.00","-","-","13,556.00","12,973.20","13,286.53","13,386.20","-","47","9","11"
"2018/05/01","14,390.0","14,390.0","13,500.0","14,100.0","+610.0","205","2,891","0","0","0.00","-","-","13,400.00","12,934.00","13,299.60","13,380.00","-","47","9","11"
"2018/04/27","13,490.0","13,490.0","13,490.0","13,490.0","+60.0","2","27","0","0","0.00","-","-","13,180.00","12,863.20","13,300.27","13,374.60","-","6","1","8"
"2018/04/26","13,410.0","13,430.0","13,410.0","13,430.0","+440.0","28","376","0","0","0.00","-","-","13,082.00","12,824.80","13,309.07","13,375.30","-","6","5","9"
"2018/04/25","12,990.0","12,990.0","12,990.0","12,990.0","0.0","1","13","0","0","0.00","-","-","12,996.00","12,797.60","13,318.13","13,381.00","-","0","4","9"
"2018/04/24","12,690.0","12,990.0","12,690.0","12,990.0","0.0","2","26","0","0","0.00","-","-","12,938.00","12,788.00","13,327.47","13,391.10","-","0","4","9"
"2018/04/23","-","-","-","-","-","0","-","0","0","0.00","-","-","12,880.00","12,788.40","13,336.80","-","-","0","4","9"
"2018/04/20","-","-","-","-","-","0","-","0","0","0.00","-","-","12,820.00","12,788.40","13,345.87","-","-","0","4","9"
"2018/04/19","13,000.0","13,000.0","13,000.0","13,000.0","0.0","1","13","0","0","0.00","-","-","12,760.00","12,788.40","13,355.20","-","-","0","4","9"
"2018/04/18","-","-","-","-","-","0","-","0","0","0.00","-","-","12,760.00","12,788.40","13,364.53","-","-","0","3","9"
"2018/04/17","-","-","-","-","-","0","-","0","0","0.00","-","-","12,820.00","12,800.40","13,378.13","-","-","0","4","9"
"2018/04/16","-","-","-","-","-","0","-","0","0","0.00","-","-","12,880.00","12,812.40","13,392.80","-","-","0","4","10"
"2018/04/13","12,700.0","12,700.0","12,700.0","12,700.0","0.0","3","38","0","0","0.00","-","-","12,940.00","12,818.00","13,410.13","-","-","0","4","10"
"2018/04/12","-","-","-","-","-","0","-","0","0","0.00","-","-","12,944.00","12,820.00","13,419.73","-","-","0","4","11"
"2018/04/11","-","-","-","-","-","0","-","0","0","0.00","-","-","12,888.00","12,818.40","13,433.20","-","-","0","4","11"
"2018/04/10","-","-","-","-","-","0","-","0","0","0.00","-","-","12,832.00","12,816.80","13,446.53","-","-","0","4","11"
"2018/04/09","13,000.0","13,000.0","13,000.0","13,000.0","0.0","1","13","0","0","0.00","-","-","12,776.00","12,804.80","13,454.67","-","-","0","4","11"
"2018/04/06","-","-","-","-","-","0","-","0","0","0.00","-","-","12,720.00","12,795.60","13,462.80","-","-","0","5","11"
"2018/04/05","-","-","-","-","-","0","-","0","0","0.00","-","-","12,720.00","12,807.60","13,468.00","-","-","0","7","11"
"2018/04/04","-","-","-","-","-","0","-","0","0","0.00","-","-","12,720.00","12,830.80","13,473.20","-","-","0","7","12"
"2018/04/03","-","-","-","-","-","0","-","0","0","0.00","-","-","12,720.00","12,854.00","13,482.27","-","-","0","7","12"
"2018/04/02","-","-","-","-","-","0","-","0","0","0.00","-","-","12,734.00","12,868.40","13,486.27","-","-","1","7","15"
"2018/03/30","-","-","-","-","-","0","-","0","0","0.00","-","-","12,656.00","12,882.80","13,503.33","-","-","1","7","16"
"2018/03/29","-","-","-","-","-","0","-","0","0","0.00","-","-","12,618.00","12,898.00","13,500.40","-","-","18","8","16"
"2018/03/28","12,720.0","12,720.0","12,720.0","12,720.0","-70.0","3","38","0","0","0.00","-","-","12,624.00","12,901.20","13,506.80","-","-","18","8","17"
"2018/03/27","12,720.0","12,790.0","12,720.0","12,790.0","+460.0","2","26","0","0","0.00","-","-","12,630.00","12,912.40","13,523.87","-","-","18","8","18"
"2018/03/26","12,330.0","12,330.0","12,330.0","12,330.0","-200.0","2","25","0","0","0.00","-","-","12,672.00","12,916.80","13,528.67","-","-","18","8","18"
"2018/03/23","12,700.0","12,700.0","12,500.0","12,530.0","0.0","85","1,065","0","0","0.00","-","-","12,806.00","12,940.40","13,545.07","-","-","17","8","18"
"2018/03/22","-","-","-","-","-","0","-","0","0","0.00","-","-","12,900.00","12,956.00","13,558.80","-","-","0","4","17"
"2018/03/20","12,750.0","12,750.0","12,750.0","12,750.0","0.0","3","38","0","0","0.00","-","-","12,950.00","12,962.80","13,575.47","-","-","0","6","19"
"2018/03/19","-","-","-","-","-","0","-","0","0","0.00","-","-","13,000.00","13,034.40","13,592.13","-","-","0","6","20"
"2018/03/16","-","-","-","-","-","0","-","0","0","0.00","-","-","13,000.00","13,060.00","-","-","-","1","6","-"
"2018/03/15","-","-","-","-","-","0","-","0","0","0.00","-","-","12,968.00","13,106.80","-","-","-","2","7","-"
"2018/03/14","-","-","-","-","-","0","-","0","0","0.00","-","-","12,918.00","13,176.40","-","-","-","2","8","-"
"2018/03/13","13,000.0","13,000.0","13,000.0","13,000.0","0.0","4","52","0","0","0.00","-","-","12,910.00","13,178.00","-","-","-","2","10","-"
"2018/03/12","13,000.0","13,000.0","13,000.0","13,000.0","+160.0","2","26","0","0","0.00","-","-","12,902.00","13,208.80","-","-","-","3","11","-"
"2018/03/09","12,970.0","12,970.0","12,840.0","12,840.0","+90.0","4","52","0","0","0.00","-","-","12,842.00","13,246.40","-","-","-","3","12","-"
"2018/03/08","12,750.0","12,750.0","12,750.0","12,750.0","0.0","2","26","0","0","0.00","-","-","12,828.00","13,293.20","-","-","-","6","12","-"
"2018/03/07","-","-","-","-","-","0","-","0","0","0.00","-","-","12,882.00","13,381.20","-","-","-","16","12","-"
"2018/03/06","13,000.0","13,000.0","12,960.0","12,960.0","+260.0","11","143","0","0","0.00","-","-","12,950.00","13,422.80","-","-","-","16","13","-"
"2018/03/05","12,700.0","12,700.0","12,700.0","12,700.0","-70.0","1","13","0","0","0.00","-","-","13,018.00","13,465.60","-","-","-","14","13","-"
"2018/03/02","12,680.0","12,770.0","12,680.0","12,770.0","-250.0","18","230","0","0","0.00","-","-","13,094.00","13,526.00","-","-","-","15","13","-"
"2018/03/01","13,070.0","13,070.0","13,020.0","13,020.0","0.0","51","664","0","0","0.00","-","-","13,156.00","13,575.20","-","-","-","12","13","-"
"2018/02/28","-","-","-","-","-","0","-","0","0","0.00","-","-","13,172.00","13,630.40","-","-","-","2","16","-"
"2018/02/27","13,300.0","13,300.0","13,300.0","13,300.0","+220.0","1","13","0","0","0.00","-","-","13,072.00","13,662.80","-","-","-","3","16","-"
"2018/02/26","13,080.0","13,080.0","13,080.0","13,080.0","0.0","5","65","0","0","0.00","-","-","13,012.00","13,694.80","-","-","-","3","16","-"
"2018/02/23","13,080.0","13,080.0","13,080.0","13,080.0","-20.0","3","39","0","0","0.00","-","-","12,976.00","13,743.20","-","-","-","2","16","-"
"2018/02/22","13,150.0","13,150.0","13,100.0","13,100.0","+300.0","5","66","0","0","0.00","-","-","12,944.00","13,790.00","-","-","-","2","16","-"
"2018/02/21","12,800.0","12,800.0","12,800.0","12,800.0","-200.0","1","13","0","0","0.00","-","-","12,908.00","13,826.00","-","-","-","1","16","-"
"2018/02/20","13,000.0","13,000.0","13,000.0","13,000.0","+100.0","3","39","0","0","0.00","-","-","12,932.00","13,904.00","-","-","-","7","16","-"
"2018/02/19","12,900.0","12,900.0","12,900.0","12,900.0","0.0","1","13","0","0","0.00","-","-","13,240.00","13,974.00","-","-","-","9","16","-"
"2018/02/16","-","-","-","-","-","0","-","0","0","0.00","-","-","13,388.00","14,048.00","-","-","-","11","16","-"
"2018/02/15","13,450.0","13,450.0","12,920.0","12,920.0","0.0","3","40","0","0","0.00","-","-","13,638.00","14,097.20","-","-","-","15","16","-"
"2018/02/14","14,320.0","14,320.0","12,800.0","12,920.0","-1,620.0","32","415","0","0","0.00","-","-","14,002.00","14,146.40","-","-","-","21","17","-"
"2018/02/13","14,540.0","14,540.0","14,540.0","14,540.0","+900.0","10","145","6","0","0.00","5.00","-","14,026.00","14,194.00","-","-","-","25","17","-"
"2018/02/09","13,640.0","13,640.0","13,640.0","13,640.0","-530.0","11","150","0","0","0.00","-","-","13,872.00","14,160.00","-","-","-","25","17","-"
"2018/02/08","14,450.0","14,450.0","14,170.0","14,170.0","-570.0","20","284","8","0","0.00","5.00","-","13,932.00","14,162.00","-","-","-","31","17","-"
"2018/02/07","14,840.0","14,840.0","14,450.0","14,740.0","+1,700.0","34","500","9","0","0.00","5.00","-","13,900.00","14,142.40","-","-","-","27","16","-"
"2018/02/06","13,510.0","13,520.0","12,950.0","13,040.0","-730.0","52","693","0","0","0.00","-","-","13,942.00","14,100.80","-","-","-","22","14","-"
"2018/02/05","13,770.0","13,770.0","13,770.0","13,770.0","-170.0","10","138","0","0","0.00","-","-","14,134.00","14,127.20","-","-","-","16","13","-"
"2018/02/02","15,610.0","15,610.0","13,920.0","13,940.0","-70.0","41","576","0","0","0.00","-","-","14,186.00","14,125.20","-","-","-","14","14","-"
"2018/02/01","14,100.0","14,100.0","14,010.0","14,010.0","-940.0","2","28","0","0","0.00","-","-","14,240.00","14,119.60","-","-","-","9","14","-"
"2018/01/31","14,900.0","14,950.0","14,900.0","14,950.0","+950.0","9","134","0","0","0.00","-","-","14,238.00","14,119.20","-","-","-","10","14","-"
"2018/01/30","14,000.0","14,000.0","14,000.0","14,000.0","-30.0","20","280","0","0","0.00","-","-","14,128.00","14,058.00","-","-","-","32","16","-"
"2018/01/29","14,030.0","14,030.0","14,030.0","14,030.0","-180.0","1","14","0","0","0.00","-","-","14,150.00","14,058.40","-","-","-","28","15","-"
"2018/01/26","14,600.0","15,200.0","14,210.0","14,210.0","+210.0","15","216","0","0","0.00","-","-","14,164.00","14,057.20","-","-","-","28","16","-"
"2018/01/25","14,000.0","14,000.0","14,000.0","14,000.0","-400.0","5","70","0","1","0.00","-","-","14,180.00","14,033.20","-","-","-","26","15","-"
"2018/01/24","14,200.0","14,440.0","14,200.0","14,400.0","+290.0","119","1,713","0","1","0.00","-","-","14,230.00","14,017.60","-","-","-","25","16","-"
"2018/01/23","14,110.0","14,110.0","14,110.0","14,110.0","+10.0","2","28","0","1","0.00","-","-","14,150.00","13,966.00","-","-","-","2","11","-"
"2018/01/22","14,100.0","14,100.0","14,100.0","14,100.0","-190.0","1","14","0","1","0.00","-","-","14,278.00","13,926.00","-","-","-","2","12","-"
"2018/01/19","14,290.0","14,290.0","14,290.0","14,290.0","+40.0","5","71","0","1","0.00","-","-","14,408.00","13,898.00","-","-","-","2","14","-"
"2018/01/18","14,250.0","14,250.0","14,250.0","14,250.0","+250.0","1","14","0","1","0.00","-","-","14,500.00","13,847.20","-","-","-","2","24","-"
"2018/01/17","14,000.0","14,000.0","14,000.0","14,000.0","0.0","3","42","0","1","0.00","-","-","14,480.00","13,837.20","-","-","-","1","24","-"
"2018/01/16","-","-","-","-","-","0","-","0","1","0.00","-","-","14,510.00","13,777.20","-","-","-","8","26","-"
"2018/01/15","14,750.0","14,750.0","14,750.0","14,750.0","0.0","5","74","0","1","0.00","-","-","14,382.00","13,715.20","-","-","-","16","27","-"
"2018/01/12","14,750.0","14,750.0","14,750.0","14,750.0","0.0","1","15","0","1","0.00","-","-","14,170.00","13,685.20","-","-","-","15","31","-"
"2018/01/11","-","-","-","-","-","0","-","0","1","0.00","-","-","13,958.00","13,621.20","-","-","-","15","31","-"
"2018/01/10","15,810.0","16,210.0","14,150.0","14,150.0","+40.0","35","539","0","1","0.00","-","-","13,864.00","13,597.60","-","-","-","16","31","-"
"2018/01/09","14,110.0","14,110.0","14,110.0","14,110.0","0.0","43","607","0","1","0.00","-","-","13,774.00","13,574.00","-","-","-","9","30","-"
"2018/01/05","-","-","-","-","-","0","-","0","1","0.00","-","-","13,692.00","13,569.60","-","-","-","3","34","-"
"2018/01/04","13,690.0","13,690.0","13,690.0","13,690.0","+10.0","1","14","0","1","0.00","-","-","13,698.00","13,582.00","-","-","-","9","37","-"
"2017/12/29","13,690.0","13,690.0","13,680.0","13,680.0","0.0","2","27","0","1","0.00","-","-","13,720.00","-","-","-","-","16","-","-"
"2017/12/28","-","-","-","-","-","0","-","0","1","0.00","-","-","13,784.00","-","-","-","-","16","-","-"
"2017/12/27","13,360.0","13,920.0","13,360.0","13,700.0","-20.0","16","216","0","1","0.00","-","-","13,728.00","-","-","-","-","29","-","-"
"2017/12/26","14,100.0","14,100.0","13,420.0","13,720.0","-80.0","30","417","0","1","0.00","-","-","13,790.00","-","-","-","-","28","-","-"
"2017/12/25","14,300.0","14,300.0","13,800.0","13,800.0","-200.0","35","484","0","1","0.00","-","-","13,846.00","-","-","-","-","25","-","-"
"2017/12/22","14,000.0","14,000.0","14,000.0","14,000.0","+580.0","1","14","0","1","0.00","-","-","13,808.00","-","-","-","-","18","-","-"
"2017/12/21","13,120.0","14,320.0","13,120.0","13,420.0","-590.0","66","902","0","1","0.00","-","-","13,730.00","-","-","-","-","22","-","-"
"2017/12/20","14,050.0","14,050.0","14,010.0","14,010.0","+10.0","11","155","0","1","0.00","-","-","13,668.00","-","-","-","-","8","-","-"
"2017/12/19","13,060.0","14,500.0","13,060.0","14,000.0","0.0","12","165","0","1","0.00","-","-","13,488.00","-","-","-","-","13","-","-"
"2017/12/18","-","-","-","-","-","0","-","0","1","0.00","-","-","13,368.00","-","-","-","-","16","-","-"
"2017/12/15","13,040.0","13,610.0","13,040.0","13,610.0","0.0","21","274","0","1","0.00","-","-","13,250.00","-","-","-","-","67","-","-"
"2017/12/14","-","-","-","-","-","0","-","0","1","0.00","-","-","13,328.00","-","-","-","-","66","-","-"
"2017/12/13","13,110.0","13,110.0","13,110.0","13,110.0","-290.0","32","420","0","1","0.00","-","-","13,206.00","-","-","-","-","76","-","-"
"2017/12/12","13,620.0","13,620.0","13,200.0","13,400.0","+380.0","30","404","0","1","0.00","-","-","13,224.00","-","-","-","-","75","-","-"
"2017/12/11","14,000.0","14,000.0","13,000.0","13,020.0","-980.0","255","3,457","0","20","0.00","-","-","13,344.00","-","-","-","-","89","-","-"
"2017/12/08","12,520.0","14,000.0","12,520.0","14,000.0","+1,500.0","15","198","0","1","0.00","-","-","13,370.00","-","-","-","-","39","-","-"
"2017/12/07","13,500.0","13,500.0","12,500.0","12,500.0","-700.0","49","633","0","1","0.00","-","-","13,282.00","-","-","-","-","36","-","-"
"2017/12/06","14,000.0","14,000.0","13,100.0","13,200.0","-800.0","29","389","0","1","0.00","-","-","13,494.00","-","-","-","-","29","-","-"
"2017/12/05","14,000.0","14,000.0","14,000.0","14,000.0","+850.0","100","1,400","0","1","0.00","-","-","13,654.00","-","-","-","-","49","-","-"
"2017/12/04","13,150.0","13,150.0","13,150.0","13,150.0","0.0","2","26","0","1","0.00","-","-","13,654.00","-","-","-","-","44","-","-"
"2017/12/01","-","-","-","-","-","0","-","0","1","0.00","-","-","-","-","-","-","-","-","-","-"
"2017/11/30","13,360.0","13,560.0","13,300.0","13,560.0","-440.0","16","214","0","1","0.00","-","-","-","-","-","-","-","-","-","-"
"2017/11/29","14,000.0","14,000.0","14,000.0","14,000.0","0.0","131","1,834","0","1","0.00","-","-","-","-","-","-","-","-","-","-"
"2017/11/28","14,000.0","14,000.0","14,000.0","14,000.0","0.0","73","1,022","0","0","0.00","-","-","-","-","-","-","-","-","-","-"
"2022/10/03","13,970.0","14,100.0","13,880.0","14,100.0","+105.0","2,451","34,260","27","1","0.04","5.00","-","14,115.00","14,634.20","14,669.07","14,680.75","14,719.48","1,439","1,011","819"
"2022/09/29","14,200.0","14,270.0","14,155.0","14,270.0","+245.0","895","12,734","27","1","0.04","5.00","-","14,231.00","14,711.40","14,685.87","14,689.25","14,732.13","1,025","910","1,012"
"2021/11/22","15,740.0","15,830.0","15,730.0","15,820.0","-40.0","1,536","24,310","60","3","0.05","5.00","-","15,844.00","15,720.00","15,394.27","15,243.90","14,953.40","2,151","1,954","885"
"2022/09/30","14,200.0","14,200.0","13,965.0","13,995.0","-275.0","119","1,669","27","2","0.07","5.00","-","14,123.00","14,672.60","14,675.47","14,683.60","14,726.45","1,030","914","997"
"2022/10/13","14,570.0","14,570.0","14,185.0","14,200.0","-80.0","65","924","13","1","0.08","5.00","-","14,402.00","14,527.80","14,678.60","14,686.35","14,685.35","62","398","689"
"2021/11/19","15,960.0","15,960.0","15,780.0","15,860.0","+70.0","1,710","27,082","30","3","0.10","5.00","-","15,856.00","15,712.40","15,379.33","15,236.30","14,942.75","2,029","1,895","865"
"2021/11/18","15,750.0","15,820.0","15,700.0","15,790.0","-20.0","1,902","30,027","30","3","0.10","5.00","-","15,854.00","15,692.80","15,364.80","15,227.00","14,932.75","2,111","1,828","843"
"2021/11/17","15,830.0","15,830.0","15,810.0","15,810.0","-130.0","695","11,002","30","3","0.10","5.00","-","15,820.00","15,672.40","15,347.47","15,218.90","14,922.80","2,889","1,755","821"
"2021/11/16","15,950.0","15,950.0","15,940.0","15,940.0","+60.0","4,916","78,371","30","3","0.10","5.00","-","15,792.00","15,653.60","15,332.40","15,211.10","14,913.05","4,282","1,740","813"
"2022/09/28","14,090.0","14,110.0","13,900.0","14,025.0","-160.0","172","2,409","27","3","0.11","5.00","-","14,294.00","14,739.60","14,696.93","14,694.70","14,736.70","887","878","1,018"
"2022/09/27","14,140.0","14,260.0","14,140.0","14,185.0","+45.0","3,562","50,487","7","2","0.29","5.00","-","14,446.00","14,784.60","14,713.80","14,701.25","14,741.43","868","871","1,026"
"2022/09/26","14,330.0","14,330.0","14,100.0","14,140.0","-395.0","402","5,710","7","2","0.29","5.00","-","14,556.00","14,824.60","14,728.47","14,706.00","14,745.80","160","730","996"
"2021/12/07","15,185.0","15,495.0","15,185.0","15,495.0","+365.0","1,046","16,178","7","2","0.29","5.00","-","15,168.00","15,597.80","15,463.27","15,279.95","15,015.33","875","1,929","1,042"
"2021/12/06","15,210.0","15,210.0","15,130.0","15,130.0","-55.0","409","6,197","7","2","0.29","5.00","-","15,060.00","15,598.80","15,452.80","15,273.90","15,009.90","1,299","1,900","1,042"
"2021/12/03","15,005.0","15,185.0","15,000.0","15,185.0","+215.0","752","11,290","7","2","0.29","5.00","-","15,060.00","15,612.80","15,446.13","15,269.10","15,006.25","1,264","2,021","1,037"
"2021/12/08","15,580.0","15,580.0","15,485.0","15,525.0","+30.0","658","10,235","7","3","0.43","5.00","-","15,261.00","15,585.60","15,476.93","15,286.20","15,019.85","808","1,949","1,050"
"2022/05/26","14,545.0","14,625.0","14,545.0","14,565.0","+10.0","98","1,427","10","5","0.50","5.00","-","14,558.00","14,536.00","14,496.33","14,642.20","15,002.63","251","263","442"
"2022/07/11","14,585.0","14,675.0","14,585.0","14,615.0","+150.0","366","5,348","10","6","0.60","5.00","-","14,446.00","14,578.80","14,651.27","14,527.30","14,948.88","449","1,647","845"
"2022/07/08","14,495.0","14,575.0","14,465.0","14,465.0","+110.0","129","1,869","10","6","0.60","5.00","-","14,417.00","14,596.60","14,652.40","14,530.10","14,956.25","545","1,665","841"
"2022/07/07","14,270.0","14,370.0","14,155.0","14,355.0","+75.0","83","1,184","10","6","0.60","5.00","-","14,369.00","14,617.80","14,652.40","14,534.15","14,963.48","1,010","1,814","839"
"2022/07/05","14,595.0","14,595.0","14,470.0","14,515.0","+45.0","759","11,036","10","6","0.60","5.00","-","14,473.00","14,669.20","14,650.07","14,542.55","14,978.25","1,119","1,999","828"
"2022/07/04","14,375.0","14,470.0","14,365.0","14,470.0","+245.0","849","12,254","10","6","0.60","5.00","-","14,517.00","14,682.00","14,641.00","14,544.60","14,984.73","1,127","1,972","818"
"2022/06/29","14,720.0","14,725.0","14,660.0","14,670.0","-65.0","763","11,228","10","6","0.60","0.00","-","14,557.00","14,718.60","14,613.40","14,550.55","15,001.98","754","1,818","811"
"2022/06/28","14,630.0","14,735.0","14,630.0","14,735.0","+130.0","799","11,718","10","6","0.60","0.00","-","14,504.00","14,714.00","14,594.47","14,548.55","15,004.03","777","1,829","852"
"2022/06/27","14,650.0","14,650.0","14,570.0","14,605.0","+165.0","744","10,856","10","6","0.60","0.00","-","14,447.00","14,707.20","14,574.87","14,544.90","15,005.55","945","1,799","844"
"2022/06/24","14,635.0","14,635.0","14,315.0","14,440.0","+105.0","737","10,568","10","6","0.60","0.00","-","14,341.00","14,707.20","14,561.27","14,538.95","15,007.18","842","1,771","878"
"2022/06/23","14,425.0","14,470.0","14,335.0","14,335.0","-70.0","731","10,574","10","6","0.60","0.00","-","14,307.00","14,709.60","14,554.33","14,538.55","15,008.98","1,398","1,742","869"
"2022/06/22","14,530.0","14,530.0","14,405.0","14,405.0","-45.0","877","12,682","10","6","0.60","0.00","-","14,344.00","14,710.20","14,552.73","14,539.10","15,010.50","1,712","1,775","860"
"2022/06/21","14,295.0","14,450.0","14,295.0","14,450.0","+375.0","1,639","23,545","10","6","0.60","0.00","-","14,347.00","14,716.20","14,548.00","14,542.60","15,011.93","1,716","1,741","852"
"2022/06/20","14,325.0","14,325.0","14,060.0","14,075.0","-195.0","226","3,200","10","6","0.60","0.00","-","14,373.00","14,716.60","14,546.27","14,544.20","15,013.23","4,555","1,677","830"
"2022/06/17","14,220.0","14,305.0","14,150.0","14,270.0","-250.0","3,518","49,886","10","6","0.60","0.00","-","14,513.00","14,730.60","14,548.07","14,551.40","15,016.45","4,751","1,668","864"
"2022/06/16","14,625.0","14,710.0","14,520.0","14,520.0","+100.0","2,302","33,801","10","6","0.60","0.00","-","14,679.00","14,735.80","14,547.20","14,562.90","15,018.00","4,325","1,530","818"
"2022/06/15","14,530.0","14,530.0","14,420.0","14,420.0","-160.0","897","13,021","10","6","0.60","0.00","-","14,833.00","14,720.80","14,541.07","14,568.80","15,016.90","4,007","1,515","791"
"2022/06/14","14,510.0","14,580.0","14,475.0","14,580.0","-195.0","15,834","229,565","10","6","0.60","0.00","-","15,006.00","14,715.80","14,539.07","14,576.80","15,017.30","4,089","1,525","799"
"2022/06/13","14,810.0","14,810.0","14,715.0","14,775.0","-325.0","1,205","17,822","10","6","0.60","0.00","-","15,111.00","14,708.00","14,538.20","14,581.95","15,017.95","1,162","896","608"
"2022/06/10","15,145.0","15,165.0","15,100.0","15,100.0","-190.0","1,391","21,071","10","6","0.60","0.00","-","15,168.00","14,699.40","14,539.40","14,587.70","15,017.23","1,084","850","593"
"2022/06/09","15,280.0","15,340.0","15,280.0","15,290.0","+5.0","710","10,851","10","6","0.60","0.00","-","15,147.00","14,688.00","14,533.33","14,590.90","15,015.08","1,576","795","598"
"2022/06/08","15,140.0","15,285.0","15,140.0","15,285.0","+180.0","1,307","19,932","10","6","0.60","0.00","-","15,072.00","14,663.60","14,526.47","14,589.20","15,013.33","1,595","767","592"
"2022/06/07","15,155.0","15,180.0","15,105.0","15,105.0","+45.0","1,201","18,207","10","6","0.60","0.00","-","15,016.00","14,638.60","14,515.80","14,588.50","15,011.40","2,297","717","576"
"2022/06/06","14,895.0","15,060.0","14,895.0","15,060.0","+65.0","815","12,210","10","6","0.60","0.00","-","14,962.00","14,608.00","14,510.13","14,589.55","15,010.38","2,072","673","562"
"2022/06/03","15,050.0","15,050.0","14,955.0","14,995.0","+80.0","3,851","57,689","10","6","0.60","0.00","-","14,933.00","14,586.80","14,507.93","14,598.80","15,008.78","1,930","643","551"
"2022/06/02","14,990.0","14,990.0","14,905.0","14,915.0","-90.0","801","11,970","10","6","0.60","0.00","-","14,857.00","14,568.40","14,506.27","14,607.85","15,007.45","1,161","490","500"
"2022/06/01","14,975.0","15,005.0","14,975.0","15,005.0","+170.0","4,817","72,208","10","6","0.60","5.00","-","14,787.00","14,561.80","14,504.87","14,614.40","15,006.43","1,021","459","490"
"2022/05/31","14,860.0","14,875.0","14,830.0","14,835.0","-80.0","79","1,173","10","6","0.60","5.00","-","14,697.00","14,557.40","14,500.33","14,619.70","15,004.65","266","267","426"
"2022/05/30","14,755.0","14,915.0","14,755.0","14,915.0","+300.0","106","1,572","10","6","0.60","5.00","-","14,643.00","14,555.40","14,498.80","14,627.45","15,003.98","260","265","427"
"2022/05/27","14,620.0","14,620.0","14,615.0","14,615.0","+50.0","6","88","10","6","0.60","5.00","-","14,581.00","14,542.40","14,494.80","14,633.20","15,003.25","247","262","440"
"2018/09/07","12,630.0","12,630.0","12,580.0","12,610.0","-70.0","21","265","3","2","0.67","0.00","-","12,756.00","12,848.40","13,043.47","13,127.80","-","23","27","68"
"2022/05/25","14,500.0","14,560.0","14,480.0","14,555.0","-10.0","1,045","15,214","5","5","1.00","-","-","14,515.00","14,537.40","14,494.53","14,651.70","15,003.20","542","259","458"
"2022/05/24","14,655.0","14,655.0","14,550.0","14,565.0","-40.0","46","673","5","5","1.00","-","-","14,515.00","14,541.20","14,493.40","14,660.25","15,003.68","337","221","445"
"2022/05/23","14,600.0","14,655.0","14,600.0","14,605.0","+105.0","42","614","5","5","1.00","-","-","14,494.00","14,538.40","14,490.80","14,667.80","15,004.65","334","220","445"
"2022/05/20","14,400.0","14,500.0","14,395.0","14,500.0","+150.0","25","362","5","5","1.00","-","-","14,458.00","14,528.40","14,482.87","14,675.20","15,004.83","326","223","446"
"2022/05/19","14,265.0","14,360.0","14,230.0","14,350.0","-205.0","1,556","22,184","5","5","1.00","-","-","14,438.00","14,528.40","14,481.53","14,684.35","15,004.98","338","223","453"
"2022/05/18","14,590.0","14,590.0","14,555.0","14,555.0","+95.0","18","262","5","5","1.00","-","-","14,397.00","14,535.00","14,482.07","14,697.25","15,005.23","410","163","434"
"2022/05/17","14,465.0","14,465.0","14,425.0","14,460.0","+35.0","30","434","5","5","1.00","-","-","14,345.00","14,533.80","14,484.73","14,705.95","15,005.05","635","166","435"
"2022/05/16","14,540.0","14,540.0","14,425.0","14,425.0","+25.0","4","58","5","5","1.00","-","-","14,330.00","14,547.00","14,486.73","14,714.15","15,006.75","654","193","436"
"2022/05/13","14,250.0","14,400.0","14,235.0","14,400.0","+255.0","85","1,220","5","5","1.00","-","-","14,357.00","14,567.00","14,491.67","14,723.50","15,008.38","660","193","440"
"2018/10/03","13,710.0","13,710.0","13,710.0","13,710.0","-170.0","38","521","2","2","1.00","-","-","13,786.00","13,206.00","13,049.60","13,148.40","13,268.60","21","23","63"
"2018/10/02","13,860.0","13,960.0","13,860.0","13,880.0","+60.0","23","320","2","2","1.00","-","-","13,800.00","13,177.20","13,045.47","13,146.50","13,265.15","14","23","63"
"2018/10/01","13,820.0","13,820.0","13,820.0","13,820.0","+10.0","2","28","2","2","1.00","-","-","13,756.00","13,136.00","13,039.60","13,141.10","13,265.75","13","22","63"
"2018/09/28","13,800.0","13,840.0","13,800.0","13,810.0","+100.0","30","415","2","2","1.00","-","-","13,712.00","13,092.80","13,036.27","13,136.30","13,259.15","16","22","63"
"2018/09/27","13,760.0","13,760.0","13,710.0","13,710.0","-70.0","12","165","2","2","1.00","-","-","13,646.00","13,051.60","13,032.40","13,132.50","13,256.10","10","22","64"
"2018/09/26","13,730.0","13,780.0","13,730.0","13,780.0","+120.0","3","41","2","2","1.00","-","-","13,596.00","13,010.00","13,029.47","13,128.90","13,257.55","14","22","64"
"2018/09/25","13,570.0","13,660.0","13,570.0","13,660.0","+60.0","18","245","2","2","1.00","-","-","13,496.00","12,966.40","13,024.80","13,128.80","13,254.40","51","22","64"
"2018/09/21","13,500.0","13,600.0","13,500.0","13,600.0","+120.0","18","245","2","2","1.00","-","-","13,368.00","12,930.00","13,023.07","13,133.20","13,253.90","50","22","64"
"2018/09/20","13,410.0","13,480.0","13,410.0","13,480.0","+20.0","2","27","2","2","1.00","-","-","13,226.00","12,892.00","13,020.67","13,132.10","13,253.70","52","30","65"
"2018/09/19","13,450.0","13,490.0","13,450.0","13,460.0","+180.0","33","444","2","2","1.00","-","-","13,066.00","12,860.00","13,019.20","13,131.60","13,256.30","53","30","67"
"2018/09/18","13,040.0","13,280.0","13,040.0","13,280.0","+260.0","184","2,436","2","2","1.00","-","-","12,926.00","12,833.60","13,018.27","13,126.90","13,259.00","48","31","68"
"2018/09/14","13,190.0","13,190.0","12,990.0","13,020.0","+130.0","17","221","2","2","1.00","-","-","12,804.00","12,808.00","13,016.93","13,124.00","-","13","26","67"
"2018/09/13","12,870.0","12,890.0","12,870.0","12,890.0","+210.0","25","322","2","2","1.00","-","-","12,722.00","12,803.20","13,018.40","13,123.80","-","14","27","68"
"2018/09/12","12,680.0","12,680.0","12,680.0","12,680.0","-80.0","7","89","2","2","1.00","-","-","12,680.00","12,808.80","13,020.13","13,124.90","-","13","26","68"
"2018/09/11","12,690.0","12,760.0","12,690.0","12,760.0","+90.0","10","128","2","2","1.00","-","-","12,702.00","12,823.60","13,027.60","13,128.10","-","20","27","68"
"2018/09/10","12,610.0","12,670.0","12,610.0","12,670.0","+60.0","8","101","2","2","1.00","-","-","12,718.00","12,836.80","13,034.93","13,127.50","-","21","27","68"
"2018/09/06","12,730.0","12,730.0","12,680.0","12,680.0","-110.0","21","267","2","2","1.00","-","-","12,832.00","12,866.00","13,053.60","13,128.70","-","20","27","67"
"2018/09/05","12,860.0","12,860.0","12,790.0","12,790.0","-50.0","43","551","2","2","1.00","-","-","12,906.00","12,883.60","13,065.20","13,128.90","-","16","27","67"
"2018/09/04","12,910.0","12,910.0","12,840.0","12,840.0","-20.0","13","168","2","2","1.00","-","-","12,964.00","12,903.60","13,076.80","13,131.00","-","9","139","75"
"2018/09/03","12,860.0","12,860.0","12,860.0","12,860.0","-130.0","20","257","2","2","1.00","-","-","13,004.00","12,915.60","13,087.87","13,132.60","-","9","140","82"
"2018/08/31","12,990.0","12,990.0","12,990.0","12,990.0","-60.0","4","52","2","2","1.00","-","-","13,030.00","12,930.40","13,098.67","13,134.00","-","13","139","82"
"2021/07/06","15,010.0","15,060.0","15,010.0","15,030.0","+20.0","368","5,532","103","110","1.07","-","-","14,968.00","15,019.60","14,830.13","14,738.80","13,860.60","856","412","485"
"2022/05/12","14,190.0","14,195.0","14,140.0","14,145.0","-150.0","1,913","27,127","5","6","1.20","-","-","14,440.00","14,590.20","14,505.27","14,732.95","15,011.53","649","255","444"
"2022/08/02","14,860.0","14,860.0","14,645.0","14,685.0","-230.0","916","13,493","10","15","1.50","-","-","14,825.00","14,618.00","14,621.20","14,585.65","14,882.85","1,500","770","930"
"2022/07/29","14,800.0","14,800.0","14,770.0","14,785.0","-90.0","10","148","10","15","1.50","-","-","14,828.00","14,595.80","14,611.27","14,564.70","14,884.40","28","532","832"
"2022/07/20","14,760.0","14,870.0","14,750.0","14,870.0","+325.0","3,191","47,301","8","15","1.88","-","-","14,543.00","14,457.20","14,608.27","14,518.60","14,909.00","703","929","875"
"2019/07/03","11,950.0","11,950.0","11,950.0","11,950.0","-90.0","21","251","3","6","2.00","-","-","11,910.00","11,707.60","11,859.47","11,871.30","12,134.35","658","314","216"
"2019/07/02","12,030.0","12,050.0","12,030.0","12,040.0","0.0","211","2,539","3","6","2.00","-","-","11,850.00","11,694.80","11,856.93","11,869.30","12,139.55","656","315","216"
"2018/08/30","13,050.0","13,050.0","13,050.0","13,050.0","-30.0","3","39","2","5","2.50","-","-","13,002.00","12,942.80","13,107.20","13,134.10","-","15","140","82"
"2021/07/02","14,970.0","15,030.0","14,970.0","15,010.0","+150.0","109","1,635","3","10","3.33","-","-","14,964.00","15,004.80","14,826.67","14,723.00","13,830.40","1,031","1,041","479"
"2021/04/09","15,130.0","15,130.0","14,880.0","14,880.0","+50.0","141","2,107","3","10","3.33","-","-","14,908.00","14,816.00","14,239.07","14,009.50","13,002.10","93","175","442"
"2021/04/21","14,380.0","14,410.0","14,260.0","14,330.0","-280.0","296","4,243","14","51","3.64","-","-","14,694.00","14,859.20","14,376.93","14,138.20","13,113.15","116","175","409"
"2020/10/30","11,940.0","11,940.0","11,800.0","11,810.0","-220.0","6,156","73,160","1","5","5.00","-","-","12,000.00","12,122.00","11,966.40","11,961.80","11,817.60","1,316","493","230"
"2020/07/06","11,940.0","12,340.0","11,940.0","12,340.0","+580.0","57","686","1","5","5.00","-","-","11,900.00","12,037.60","11,293.33","11,449.20","12,128.20","29","77","94"
"2021/07/09","14,500.0","14,890.0","14,340.0","14,890.0","+240.0","341","4,953","3","27","9.00","-","-","14,866.00","14,983.20","14,818.67","14,750.70","13,899.40","287","443","482"
"2020/04/08","10,790.0","11,040.0","10,750.0","10,980.0","+230.0","50","547","1","9","9.00","-","-","10,538.00","10,531.60","12,157.07","12,386.40","12,148.45","42","460","329"
"2022/09/09","14,930.0","14,950.0","14,905.0","14,945.0","+80.0","14","209","8","101","12.63","-","-","14,748.00","14,914.40","14,750.07","14,696.90","14,784.83","186","859","1,134"
"2021/03/05","14,120.0","14,270.0","14,010.0","14,270.0","+70.0","158","2,227","8","200","25.00","-","-","14,246.00","14,230.80","13,740.67","13,369.80","12,622.60","182","922","413"
"2022/09/08","14,690.0","14,865.0","14,690.0","14,865.0","+300.0","78","1,155","3","101","33.67","-","-","14,691.00","14,904.40","14,744.87","14,693.95","14,789.80","198","871","1,148"
"2022/09/07","14,615.0","14,615.0","14,500.0","14,565.0","-100.0","827","12,011","3","101","33.67","-","-","14,658.00","14,897.40","14,740.87","14,690.25","14,794.88","1,955","874","1,148"
"2021/07/07","14,680.0","14,800.0","14,680.0","14,750.0","-280.0","426","6,265","3","110","36.67","-","-","14,932.00","15,009.20","14,825.60","14,743.40","13,873.50","913","429","487"
"2021/07/05","14,950.0","15,020.0","14,940.0","15,010.0","0.0","251","3,760","3","110","36.67","-","-","14,956.00","15,010.80","14,828.00","14,731.90","13,845.85","1,060","610","481"
"2021/07/08","14,770.0","14,770.0","14,650.0","14,650.0","-100.0","52","763","3","137","45.67","-","-","14,890.00","14,991.60","14,819.20","14,745.90","13,885.60","241","430","486"
"2022/09/06","14,705.0","14,705.0","14,640.0","14,665.0","-35.0","6","88","2","101","50.50","-","-","14,726.00","14,902.20","14,741.40","14,688.15","14,801.30","2,266","877","1,137"
"2022/09/05","14,680.0","14,705.0","14,645.0","14,700.0","+40.0","9","132","2","101","50.50","-","-","14,789.00","14,912.20","14,739.20","14,686.50","14,806.08","3,035","1,138","1,137"
"2022/09/02","14,745.0","14,745.0","14,640.0","14,660.0","-40.0","73","1,071","2","101","50.50","-","-","14,811.00","14,915.60","14,734.53","14,684.65","14,810.93","3,157","1,138","1,158"
"2022/09/01","14,805.0","14,835.0","14,700.0","14,700.0","-205.0","8,863","130,409","2","101","50.50","-","-","14,898.00","14,924.20","14,733.13","14,683.30","14,815.73","3,144","1,136","1,157"
