"日付","始値","高値","安値","終値","前日比","出来高","売買代金","貸株残高","融資残高","貸借倍率","逆日歩","特別空売り料","5DMA","25DMA","75DMA","100DMA","200DMA","5DVMA","25DVMA","75DVMA"
"2019/07/12","1,952.0","1,952.0","1,952.0","1,952.0","+8.0","100","195","-","-","-","-","-","1,941.40","1,906.12","2,006.31","2,030.17","1,995.96","1,220","564","1,513"
"2024/03/22","3,835.0","4,080.0","3,735.0","4,010.0","+165.0","35,600","141,604","0","300","0.00","-","7.00","3,738.00","3,590.60","3,297.68","3,134.43","2,848.23","10,820","4,760","4,774"
"2024/03/21","3,665.0","3,850.0","3,665.0","3,845.0","+205.0","9,400","35,132","0","300","0.00","-","7.00","3,656.00","3,569.80","3,280.61","3,120.52","2,840.71","4,940","3,400","4,305"
"2024/03/19","3,600.0","3,665.0","3,600.0","3,640.0","+40.0","3,200","11,649","0","1,600","0.00","-","7.00","3,608.00","3,557.00","3,265.55","3,108.53","2,834.17","3,260","3,324","4,201"
"2024/03/18","3,650.0","3,650.0","3,540.0","3,600.0","+5.0","4,800","17,220","0","1,800","0.00","-","7.00","3,602.00","3,553.40","3,253.55","3,098.67","2,828.40","3,000","3,400","4,205"
"2024/03/15","3,600.0","3,600.0","3,595.0","3,595.0","-5.0","1,100","3,959","0","1,500","0.00","-","7.00","3,593.00","3,553.40","3,241.91","3,089.21","2,822.82","3,380","3,316","4,174"
"2024/03/14","3,610.0","3,625.0","3,570.0","3,600.0","-5.0","6,200","22,318","0","1,500","0.00","-","7.00","3,600.00","3,553.40","3,229.53","3,079.69","2,817.34","3,840","3,472","4,170"
"2024/03/13","3,620.0","3,620.0","3,570.0","3,605.0","-5.0","1,000","3,606","0","1,500","0.00","-","7.00","3,598.00","3,550.40","3,216.87","3,069.99","2,811.84","2,980","3,284","4,101"
"2024/03/12","3,530.0","3,620.0","3,530.0","3,610.0","+55.0","1,900","6,849","0","1,500","0.00","-","7.00","3,602.00","3,547.20","3,204.13","3,060.50","2,806.37","3,920","3,384","4,096"
"2024/03/11","3,630.0","3,630.0","3,555.0","3,555.0","-75.0","6,700","24,109","0","1,500","0.00","-","7.00","3,598.00","3,542.00","3,191.32","3,051.04","2,801.06","4,120","3,416","4,080"
"2024/03/08","3,580.0","3,630.0","3,565.0","3,630.0","+40.0","3,400","12,256","0","1,500","0.00","-","7.00","3,602.00","3,537.80","3,179.03","3,042.38","2,795.79","3,160","3,192","3,997"
"2024/03/07","3,620.0","3,620.0","3,590.0","3,590.0","-35.0","1,900","6,851","0","1,700","0.00","-","7.00","3,595.00","3,531.60","3,165.68","3,032.68","2,790.47","2,940","3,212","3,974"
"2024/03/06","3,545.0","3,650.0","3,545.0","3,625.0","+35.0","5,700","20,526","0","0","0.00","-","7.00","3,587.00","3,524.00","3,153.40","3,023.28","2,785.45","2,940","3,176","3,965"
"2024/03/05","3,575.0","3,590.0","3,545.0","3,590.0","+15.0","2,900","10,369","0","0","0.00","-","7.00","3,582.00","3,514.00","3,140.25","3,013.18","2,780.14","2,520","2,984","3,898"
"2024/03/04","3,595.0","3,600.0","3,525.0","3,575.0","-20.0","1,900","6,771","0","0","0.00","-","7.00","3,581.00","3,505.60","3,127.27","3,003.30","2,774.84","2,180","2,916","3,884"
"2024/03/01","3,515.0","3,600.0","3,515.0","3,595.0","+45.0","2,300","8,230","0","0","0.00","-","7.00","3,578.00","3,498.80","3,114.32","2,993.58","2,769.37","2,400","2,896","3,929"
"2024/02/29","3,605.0","3,605.0","3,540.0","3,550.0","-50.0","1,900","6,797","0","0","0.00","-","7.00","3,570.00","3,491.20","3,101.72","2,984.02","2,763.67","2,940","2,932","3,928"
"2024/02/28","3,600.0","3,630.0","3,570.0","3,600.0","+15.0","3,600","12,990","0","0","0.00","-","7.00","3,551.00","3,485.60","3,089.85","2,974.70","2,758.24","2,920","2,892","3,933"
"2024/02/27","3,590.0","3,600.0","3,575.0","3,585.0","+25.0","1,200","4,307","0","0","0.00","-","7.00","3,510.00","3,477.60","3,076.52","2,965.20","2,752.49","2,660","2,932","3,885"
"2024/02/26","3,670.0","3,670.0","3,540.0","3,560.0","+5.0","3,000","10,813","0","0","0.00","-","7.00","3,479.00","3,469.40","3,063.39","2,956.05","2,747.02","3,900","3,084","3,874"
"2024/02/22","3,455.0","3,555.0","3,455.0","3,555.0","+100.0","5,000","17,437","0","100","0.00","-","7.00","3,461.00","3,460.40","3,050.61","2,947.92","2,741.53","4,100","3,028","3,844"
"2024/02/21","3,455.0","3,455.0","3,420.0","3,455.0","+60.0","1,800","6,203","0","100","0.00","-","7.00","3,450.00","3,450.00","3,037.88","2,939.34","2,736.12","3,260","3,196","3,782"
"2024/02/20","3,425.0","3,425.0","3,380.0","3,395.0","-35.0","2,300","7,815","0","100","0.00","-","7.00","3,457.00","3,443.80","3,026.59","2,931.19","2,731.29","3,220","3,204","3,764"
"2024/02/19","3,435.0","3,435.0","3,380.0","3,430.0","-40.0","7,400","25,262","0","100","0.00","-","6.00","3,483.00","3,440.80","3,016.28","2,923.48","2,726.76","4,260","3,328","3,762"
"2024/02/16","3,500.0","3,500.0","3,430.0","3,470.0","-30.0","4,000","13,887","0","0","0.00","-","7.00","3,507.00","3,434.60","3,005.68","2,914.90","2,722.06","3,800","3,608","3,676"
"2024/02/15","3,500.0","3,500.0","3,450.0","3,500.0","+10.0","800","2,790","0","0","0.00","-","5.00","3,533.00","3,429.60","2,994.27","2,905.85","2,717.28","3,540","3,768","3,642"
"2024/02/14","3,455.0","3,490.0","3,445.0","3,490.0","-35.0","1,600","5,529","0","0","0.00","-","5.90","3,552.00","3,424.80","2,982.37","2,896.29","2,712.12","4,380","4,060","3,654"
"2024/02/13","3,550.0","3,550.0","3,445.0","3,525.0","-25.0","7,500","26,225","0","0","0.00","-","4.20","3,559.00","3,423.20","2,970.76","2,886.71","2,706.98","4,360","4,452","3,666"
"2024/02/09","3,600.0","3,600.0","3,475.0","3,550.0","-50.0","5,100","18,140","0","1,500","0.00","-","5.00","3,559.00","3,413.20","2,959.04","2,876.68","2,701.91","3,560","4,440","3,584"
"2024/02/08","3,595.0","3,600.0","3,550.0","3,600.0","+5.0","2,700","9,655","0","1,500","0.00","-","3.50","3,545.00","3,403.00","2,947.09","2,866.32","2,696.70","3,080","5,476","3,533"
"2024/02/07","3,530.0","3,605.0","3,530.0","3,595.0","+70.0","5,000","17,892","0","1,500","0.00","-","4.10","3,515.00","3,379.60","2,934.48","2,855.32","2,691.22","2,760","5,480","3,522"
"2024/02/06","3,530.0","3,540.0","3,500.0","3,525.0","0.0","1,500","5,279","0","1,500","0.00","-","2.90","3,491.00","3,356.20","2,921.79","2,844.28","2,685.76","2,540","5,392","3,472"
"2024/02/05","3,530.0","3,530.0","3,485.0","3,525.0","+45.0","3,500","12,283","0","1,500","0.00","-","3.40","3,466.00","3,335.12","2,909.85","2,833.97","2,680.67","2,440","5,368","3,470"
"2024/02/02","3,480.0","3,500.0","3,435.0","3,480.0","+30.0","2,700","9,357","0","1,500","0.00","-","2.90","3,436.00","3,314.04","2,898.27","2,823.57","2,675.57","1,920","5,404","3,441"
"2024/02/01","3,475.0","3,475.0","3,450.0","3,450.0","-25.0","1,100","3,805","0","1,500","0.00","-","2.90","3,416.00","3,294.44","2,887.39","2,813.57","2,670.33","1,620","5,508","3,426"
"2024/01/31","3,400.0","3,475.0","3,400.0","3,475.0","+75.0","3,900","13,426","0","1,500","0.00","-","2.80","3,407.00","3,276.84","2,877.24","2,803.94","2,665.24","1,680","6,168","3,432"
"2024/01/30","3,375.0","3,405.0","3,375.0","3,400.0","+25.0","1,000","3,389","0","1,700","0.00","-","2.80","3,393.00","3,257.40","2,866.37","2,793.99","2,660.23","1,540","7,668","3,390"
"2024/01/29","3,370.0","3,395.0","3,370.0","3,375.0","-5.0","900","3,039","0","1,700","0.00","-","3.00","3,395.00","3,232.40","2,856.37","2,784.80","2,655.59","1,520","7,668","3,393"
"2024/01/26","3,400.0","3,405.0","3,380.0","3,380.0","-25.0","1,200","4,073","0","1,700","0.00","-","3.00","3,400.00","3,207.40","2,846.24","2,775.82","2,651.07","2,260","7,640","3,406"
"2024/01/25","3,405.0","3,410.0","3,405.0","3,405.0","0.0","1,400","4,768","0","1,700","0.00","-","3.00","3,400.00","3,184.12","2,835.87","2,766.77","2,646.42","3,020","7,644","3,434"
"2024/01/24","3,415.0","3,415.0","3,380.0","3,405.0","-5.0","3,200","10,872","0","1,700","0.00","-","3.00","3,386.00","3,155.92","2,825.17","2,757.44","2,641.59","3,060","7,620","3,448"
"2024/01/23","3,410.0","3,415.0","3,400.0","3,410.0","+10.0","900","3,069","0","1,900","0.00","-","3.00","3,364.00","3,127.72","2,814.96","2,748.01","2,636.82","4,260","7,552","3,418"
"2024/01/22","3,390.0","3,410.0","3,380.0","3,400.0","+20.0","4,600","15,608","0","1,900","0.00","-","3.00","3,342.00","3,099.56","2,804.40","2,738.38","2,632.02","4,480","7,528","3,429"
"2024/01/19","3,365.0","3,380.0","3,360.0","3,380.0","+45.0","5,000","16,846","0","1,500","0.00","-","3.00","3,326.00","3,072.16","2,794.40","2,728.77","2,628.26","4,640","7,444","3,422"
"2024/01/18","3,330.0","3,335.0","3,310.0","3,335.0","+40.0","1,600","5,314","0","0","0.00","-","3.00","3,305.00","3,045.60","2,784.93","2,719.28","2,624.12","6,520","7,256","3,436"
"2024/01/17","3,300.0","3,340.0","3,295.0","3,295.0","-5.0","9,200","30,443","0","0","0.00","-","2.80","3,307.00","3,020.20","2,777.09","2,710.43","2,620.45","7,800","7,216","3,470"
"2024/01/16","3,320.0","3,320.0","3,300.0","3,300.0","-20.0","2,000","6,611","0","0","0.00","-","2.80","3,324.00","2,996.80","2,769.12","2,702.23","2,617.32","7,580","6,852","3,396"
"2024/01/15","3,275.0","3,335.0","3,275.0","3,320.0","+45.0","5,400","17,846","0","0","0.00","-","3.00","3,354.00","2,974.68","2,760.32","2,694.08","2,614.07","9,460","6,792","3,410"
"2024/01/12","3,345.0","3,365.0","3,265.0","3,275.0","-70.0","14,400","47,626","0","0","0.00","-","2.80","3,345.00","2,951.92","2,751.04","2,685.89","2,610.66","9,820","6,604","3,382"
"2024/01/11","3,440.0","3,440.0","3,325.0","3,345.0","-35.0","8,000","26,909","0","0","0.00","-","3.00","3,349.00","2,929.40","2,741.67","2,678.28","2,607.54","13,140","6,060","3,322"
"2024/01/10","3,460.0","3,460.0","3,380.0","3,380.0","-70.0","8,100","27,578","0","0","0.00","-","2.90","3,283.00","2,903.60","2,731.27","2,670.06","2,604.41","12,100","5,788","3,392"
"2024/01/09","3,270.0","3,470.0","3,250.0","3,450.0","+175.0","11,400","38,370","0","0","0.00","-","2.80","3,209.00","2,877.64","2,720.12","2,661.50","2,601.01","11,040","5,504","3,392"
"2024/01/05","3,340.0","3,340.0","3,255.0","3,275.0","-20.0","7,200","23,799","0","0","0.00","-","2.80","3,118.60","2,848.84","2,707.88","2,652.16","2,597.07","8,940","5,064","3,334"
"2024/01/04","3,215.0","3,415.0","3,200.0","3,295.0","+280.0","31,000","101,896","0","0","0.00","-","2.60","3,063.20","2,826.44","2,697.84","2,644.71","2,594.17","8,380","4,840","3,292"
"2023/12/29","3,010.0","3,025.0","2,986.0","3,015.0","+5.0","2,800","8,435","0","0","0.00","-","2.50","3,002.20","2,804.24","2,687.43","2,637.26","2,590.49","3,240","3,740","2,901"
"2023/12/28","2,999.0","3,015.0","2,985.0","3,010.0","+12.0","2,800","8,392","0","0","0.00","-","2.50","3,001.20","2,792.72","2,680.56","2,632.52","2,588.37","6,200","3,728","2,930"
"2023/12/27","2,995.0","2,998.0","2,991.0","2,998.0","0.0","900","2,696","0","0","0.00","-","2.50","2,997.00","2,779.00","2,673.64","2,627.99","2,586.22","13,920","3,648","2,909"
"2023/12/26","3,000.0","3,010.0","2,955.0","2,998.0","+8.0","4,400","13,159","0","0","0.00","-","2.50","2,952.40","2,765.08","2,666.92","2,623.81","2,583.77","13,940","3,652","2,926"
"2023/12/25","3,070.0","3,070.0","2,990.0","2,990.0","-20.0","5,300","16,002","0","0","0.00","-","2.50","2,902.80","2,751.16","2,660.08","2,619.59","2,581.12","13,100","3,500","2,908"
"2023/12/22","3,030.0","3,085.0","2,980.0","3,010.0","+21.0","17,600","53,196","0","0","0.00","-","2.50","2,864.40","2,737.52","2,653.28","2,615.45","2,578.46","12,300","3,316","2,910"
"2023/12/21","2,775.0","3,200.0","2,758.0","2,989.0","+214.0","41,400","124,544","0","0","0.00","-","2.40","2,802.40","2,722.44","2,646.31","2,610.89","2,575.56","8,940","2,632","2,784"
"2023/12/20","2,701.0","2,783.0","2,701.0","2,775.0","+25.0","1,000","2,765","0","300","0.00","-","2.40","2,744.60","2,708.04","2,639.52","2,606.76","2,572.89","960","1,044","2,284"
"2023/12/19","2,718.0","2,750.0","2,718.0","2,750.0","-48.0","200","547","0","300","0.00","-","2.40","2,730.80","2,703.80","2,635.60","2,604.96","2,571.22","820","1,052","2,290"
"2023/12/18","2,667.0","2,798.0","2,667.0","2,798.0","+98.0","1,300","3,533","0","300","0.00","-","2.30","2,723.80","2,699.36","2,631.96","2,603.37","2,569.66","1,280","1,072","2,316"
"2023/12/15","2,681.0","2,710.0","2,665.0","2,700.0","0.0","800","2,155","0","300","0.00","-","2.30","2,707.40","2,692.08","2,627.65","2,601.29","2,567.41","1,080","1,092","2,328"
"2023/12/14","2,700.0","2,711.0","2,692.0","2,700.0","-6.0","1,500","4,046","0","300","0.00","-","2.40","2,707.40","2,688.24","2,624.61","2,600.10","2,565.49","1,040","1,272","2,360"
"2023/12/13","2,740.0","2,749.0","2,706.0","2,706.0","-9.0","300","820","0","300","0.00","-","2.40","2,709.40","2,686.24","2,621.44","2,599.02","2,563.34","760","1,300","2,381"
"2023/12/12","2,716.0","2,746.0","2,715.0","2,715.0","-1.0","2,500","6,794","0","300","0.00","-","2.40","2,717.60","2,684.40","2,617.99","2,597.82","2,561.21","800","1,380","2,456"
"2023/12/11","2,730.0","2,730.0","2,716.0","2,716.0","+16.0","300","818","0","300","0.00","-","2.30","2,724.80","2,679.80","2,614.31","2,596.47","2,559.02","440","1,280","2,456"
"2023/12/08","2,700.0","2,700.0","2,700.0","2,700.0","-10.0","600","1,620","0","300","0.00","-","2.40","2,724.00","2,675.16","2,610.51","2,595.33","2,556.85","540","1,284","2,524"
"2023/12/07","2,710.0","2,710.0","2,710.0","2,710.0","-37.0","100","271","0","300","0.00","-","2.40","2,724.00","2,671.24","2,607.17","2,593.99","2,554.55","660","1,288","2,580"
"2023/12/06","2,750.0","2,750.0","2,747.0","2,747.0","-4.0","500","1,375","0","300","0.00","-","2.40","2,728.20","2,666.84","2,604.04","2,593.18","2,552.20","840","1,300","2,598"
"2023/12/05","2,712.0","2,751.0","2,710.0","2,751.0","+39.0","700","1,902","0","300","0.00","-","2.00","2,724.80","2,661.28","2,600.55","2,592.11","2,549.62","820","1,296","2,617"
"2023/12/04","2,750.0","2,750.0","2,712.0","2,712.0","+12.0","800","2,193","0","300","0.00","-","2.00","2,717.60","2,656.12","2,597.21","2,590.91","2,546.93","1,000","1,356","2,624"
"2023/12/01","2,703.0","2,715.0","2,700.0","2,700.0","-31.0","1,200","3,253","0","300","0.00","-","2.00","2,723.20","2,653.04","2,594.57","2,590.11","2,544.37","1,540","1,360","2,658"
"2023/11/30","2,730.0","2,740.0","2,700.0","2,731.0","+1.0","1,000","2,724","0","300","0.00","-","2.80","2,728.60","2,649.60","2,592.21","2,589.23","2,541.80","1,800","1,372","2,696"
"2023/11/29","2,735.0","2,735.0","2,730.0","2,730.0","+15.0","400","1,094","0","300","0.00","-","2.00","2,715.80","2,644.68","2,589.45","2,587.99","2,539.20","1,760","1,400","2,710"
"2023/11/28","2,735.0","2,735.0","2,700.0","2,715.0","-25.0","1,600","4,336","0","300","0.00","-","2.80","2,699.80","2,640.24","2,586.60","2,586.45","2,536.55","1,880","1,484","2,814"
"2023/11/27","2,777.0","2,828.0","2,740.0","2,740.0","+13.0","3,500","9,739","0","300","0.00","-","2.00","2,686.80","2,637.48","2,584.13","2,585.11","2,534.08","1,680","1,472","2,794"
"2023/11/24","2,667.0","2,750.0","2,667.0","2,727.0","+60.0","2,500","6,753","0","400","0.00","-","2.00","2,668.60","2,634.04","2,581.60","2,583.51","2,531.49","1,120","1,384","2,766"
"2023/11/22","2,650.0","2,667.0","2,650.0","2,667.0","+17.0","800","2,129","0","400","0.00","-","2.70","2,649.80","2,631.12","2,579.12","2,581.85","2,528.97","720","1,360","2,750"
"2023/11/21","2,650.0","2,666.0","2,650.0","2,650.0","0.0","1,000","2,657","0","400","0.00","-","2.70","2,642.20","2,630.16","2,577.65","2,580.63","2,527.01","900","1,376","2,809"
"2023/11/20","2,666.0","2,666.0","2,650.0","2,650.0","+1.0","600","1,592","0","400","0.00","-","2.00","2,646.00","2,629.36","2,576.72","2,579.49","2,525.14","940","1,392","2,837"
"2023/11/17","2,651.0","2,651.0","2,626.0","2,649.0","+16.0","700","1,848","0","300","0.00","-","2.00","2,643.80","2,629.60","2,575.73","2,578.39","2,523.27","960","1,420","2,872"
"2023/11/16","2,639.0","2,639.0","2,610.0","2,633.0","+4.0","500","1,313","0","300","0.00","-","2.00","2,637.20","2,630.20","2,574.76","2,577.36","2,521.41","1,180","1,456","2,936"
"2023/11/15","2,667.0","2,667.0","2,621.0","2,629.0","-40.0","1,700","4,478","0","600","0.00","-","2.00","2,631.40","2,632.44","2,573.71","2,576.47","2,519.37","2,140","1,496","2,946"
"2023/11/14","2,637.0","2,680.0","2,624.0","2,669.0","+30.0","1,200","3,179","0","600","0.00","-","2.30","2,635.60","2,633.68","2,573.00","2,575.62","2,517.54","2,240","1,460","2,970"
"2023/11/13","2,643.0","2,644.0","2,603.0","2,639.0","+23.0","700","1,843","0","600","0.00","-","2.00","2,633.80","2,632.92","2,572.01","2,574.22","2,515.50","2,460","1,460","2,964"
"2023/11/10","2,621.0","2,624.0","2,601.0","2,616.0","+12.0","1,800","4,704","0","600","0.00","-","2.00","2,626.00","2,631.96","2,571.37","2,573.39","2,513.62","2,320","1,508","3,032"
"2023/11/09","2,670.0","2,730.0","2,599.0","2,604.0","-46.0","5,300","14,122","0","600","0.00","-","2.70","2,622.80","2,631.40","2,571.03","2,572.71","2,511.44","2,040","1,568","3,030"
"2023/11/08","2,655.0","2,655.0","2,630.0","2,650.0","-10.0","2,200","5,828","0","600","0.00","-","2.70","2,622.40","2,631.36","2,570.72","2,572.07","2,509.32","1,120","1,452","2,964"
"2023/11/07","2,629.0","2,660.0","2,620.0","2,660.0","0.0","2,300","6,080","0","600","0.00","-","2.60","2,612.40","2,630.92","2,569.95","2,571.11","2,506.97","760","1,404","2,954"
"2023/11/06","-","-","-","-","-","0","-","0","600","0.00","-","2.60","2,602.00","2,629.24","2,568.96","2,570.01","2,504.84","380","1,380","2,933"
"2023/11/02","2,600.0","2,600.0","2,600.0","2,600.0","-2.0","400","1,040","0","600","0.00","-","2.00","2,606.40","2,631.24","2,568.69","2,569.56","2,503.01","820","1,544","2,942"
"2023/11/01","2,625.0","2,634.0","2,602.0","2,602.0","+2.0","700","1,836","0","600","0.00","-","2.60","2,613.40","2,634.04","2,568.72","2,569.36","2,500.81","920","1,768","2,940"
"2023/10/31","2,602.0","2,612.0","2,600.0","2,600.0","-8.0","400","1,041","0","600","0.00","-","2.00","2,615.80","2,639.84","2,568.24","2,568.84","2,498.60","1,080","1,908","2,960"
"2023/10/30","2,656.0","2,656.0","2,587.0","2,608.0","-14.0","400","1,048","0","600","0.00","-","2.00","2,617.40","2,643.72","2,568.63","2,568.21","2,496.43","1,340","2,036","2,969"
"2023/10/27","2,640.0","2,650.0","2,580.0","2,622.0","-13.0","2,200","5,762","0","600","0.00","-","2.00","2,619.60","2,645.00","2,569.05","2,567.15","2,494.20","1,760","2,144","2,981"
"2023/10/26","2,662.0","2,662.0","2,620.0","2,635.0","+21.0","900","2,377","0","600","0.00","-","2.00","2,624.40","2,645.08","2,569.17","2,566.12","2,491.89","1,580","2,188","2,972"
"2023/10/25","2,610.0","2,646.0","2,610.0","2,614.0","+6.0","1,500","3,930","0","600","0.00","-","2.00","2,628.20","2,642.56","2,569.13","2,564.75","2,489.57","1,660","2,548","2,964"
"2023/10/24","2,619.0","2,623.0","2,607.0","2,608.0","-11.0","1,700","4,445","0","600","0.00","-","2.00","2,636.20","2,640.60","2,569.11","2,563.49","2,487.41","1,740","3,016","2,969"
"2023/10/23","2,687.0","2,687.0","2,619.0","2,619.0","-27.0","2,500","6,650","0","600","0.00","-","2.00","2,643.20","2,638.04","2,569.09","2,562.02","2,485.34","1,640","3,272","2,958"
"2023/10/20","2,616.0","2,646.0","2,616.0","2,646.0","-8.0","1,300","3,430","0","600","0.00","-","2.00","2,645.40","2,634.56","2,568.52","2,560.89","2,483.24","1,420","3,456","2,937"
"2023/10/19","2,619.0","2,654.0","2,619.0","2,654.0","0.0","1,300","3,431","0","600","0.00","-","2.00","2,647.40","2,629.60","2,567.65","2,559.80","2,480.99","1,420","3,564","2,934"
"2023/10/18","2,603.0","2,670.0","2,603.0","2,654.0","+11.0","1,900","5,022","0","600","0.00","-","2.00","2,649.40","2,624.00","2,566.67","2,558.13","2,478.68","1,480","3,580","2,970"
"2023/10/17","2,612.0","2,666.0","2,605.0","2,643.0","+13.0","1,200","3,159","0","600","0.00","-","2.70","2,656.40","2,617.84","2,565.43","2,556.42","2,476.58","1,400","3,704","2,972"
"2023/10/16","2,630.0","2,630.0","2,622.0","2,630.0","-26.0","1,400","3,680","0","600","0.00","-","2.00","2,659.80","2,611.76","2,564.12","2,554.99","2,474.29","1,320","3,704","2,989"
"2023/10/13","2,653.0","2,665.0","2,635.0","2,656.0","-8.0","1,300","3,446","0","600","0.00","-","2.00","2,663.80","2,606.32","2,562.87","2,553.69","2,472.04","1,280","3,736","2,984"
"2023/10/12","2,661.0","2,673.0","2,632.0","2,664.0","-25.0","1,600","4,246","0","600","0.00","-","2.00","2,655.60","2,599.48","2,561.32","2,552.23","2,469.61","1,400","3,804","2,978"
"2023/10/11","2,697.0","2,697.0","2,662.0","2,689.0","+29.0","1,500","4,026","0","600","0.00","-","2.70","2,643.20","2,592.12","2,559.75","2,551.07","2,467.14","1,740","3,960","2,981"
"2023/10/10","2,698.0","2,698.0","2,660.0","2,660.0","+10.0","800","2,137","0","600","0.00","-","2.70","2,626.00","2,584.04","2,557.81","2,549.19","2,464.70","1,920","4,224","2,984"
"2023/10/06","2,614.0","2,665.0","2,614.0","2,650.0","+35.0","1,200","3,168","0","600","0.00","-","2.00","2,621.80","2,576.84","2,556.27","2,548.25","2,462.29","1,960","4,348","3,000"
"2023/10/05","2,561.0","2,615.0","2,561.0","2,615.0","+13.0","1,900","4,923","0","600","0.00","-","2.00","2,615.40","2,570.08","2,554.65","2,547.61","2,460.04","2,060","4,360","3,005"
"2023/10/04","2,571.0","2,602.0","2,561.0","2,602.0","-1.0","3,300","8,496","0","600","0.00","-","2.00","2,622.40","2,564.56","2,553.87","2,547.10","2,458.20","2,500","4,368","2,990"
"2023/10/03","2,638.0","2,638.0","2,580.0","2,603.0","-36.0","2,400","6,256","0","600","0.00","-","2.00","2,636.00","2,559.48","2,553.15","2,546.38","2,456.43","3,040","4,324","2,950"
"2023/10/02","2,644.0","2,644.0","2,618.0","2,639.0","+21.0","1,000","2,632","0","700","0.00","-","2.00","2,664.80","2,554.24","2,552.31","2,545.16","2,454.65","3,400","4,356","2,984"
"2023/09/29","2,629.0","2,644.0","2,618.0","2,618.0","-32.0","1,700","4,470","0","600","0.00","-","2.70","2,676.40","2,547.16","2,551.17","2,543.31","2,452.75","3,920","4,440","3,025"
"2023/09/28","2,670.0","2,712.0","2,612.0","2,650.0","-20.0","4,100","10,866","0","600","0.00","-","2.70","2,680.80","2,540.32","2,550.27","2,541.78","2,450.91","4,200","4,608","3,018"
"2023/09/27","2,748.0","2,748.0","2,637.0","2,670.0","-77.0","6,000","16,119","0","600","0.00","-","2.00","2,675.60","2,531.88","2,549.00","2,539.77","2,448.91","4,040","4,544","2,976"
"2023/09/26","2,673.0","2,747.0","2,670.0","2,747.0","+50.0","4,200","11,306","0","500","0.00","-","2.00","2,656.00","2,522.32","2,547.80","2,537.99","2,446.81","4,820","4,520","2,906"
"2023/09/25","2,640.0","2,697.0","2,640.0","2,697.0","+57.0","3,600","9,582","0","800","0.00","-","2.00","2,619.60","2,510.44","2,545.17","2,535.13","2,444.33","6,620","4,544","2,873"
"2023/09/22","2,622.0","2,640.0","2,600.0","2,640.0","+16.0","3,100","8,125","0","800","0.00","-","2.00","2,589.00","2,501.56","2,543.04","2,532.90","2,442.14","7,520","4,460","2,840"
"2023/09/21","2,597.0","2,626.0","2,572.0","2,624.0","+52.0","3,300","8,594","0","800","0.00","-","2.00","2,567.40","2,495.36","2,541.20","2,531.39","2,440.47","8,320","4,412","2,801"
"2023/09/20","2,555.0","2,601.0","2,555.0","2,572.0","+7.0","9,900","25,576","0","800","0.00","-","2.00","2,547.00","2,490.44","2,539.80","2,530.04","2,439.62","8,460","4,328","2,782"
"2023/09/19","2,544.0","2,568.0","2,539.0","2,565.0","+21.0","13,200","33,748","0","800","0.00","-","2.00","2,535.40","2,488.12","2,538.81","2,529.21","2,439.02","6,820","4,068","2,661"
"2023/09/15","2,540.0","2,580.0","2,536.0","2,544.0","+12.0","8,100","20,621","0","800","0.00","-","2.00","2,522.40","2,486.44","2,537.79","2,528.70","2,438.46","5,180","3,700","2,509"
"2023/09/14","2,525.0","2,535.0","2,522.0","2,532.0","+10.0","7,100","17,935","0","800","0.00","-","2.00","2,511.80","2,485.64","2,536.68","2,527.94","2,437.76","3,800","3,460","2,441"
"2023/09/13","2,514.0","2,525.0","2,507.0","2,522.0","+8.0","4,000","10,081","0","500","0.00","-","2.00","2,504.20","2,485.00","2,536.33","2,527.24","2,436.86","2,820","3,504","2,369"
"2023/09/12","2,500.0","2,514.0","2,500.0","2,514.0","+14.0","1,700","4,261","0","500","0.00","-","2.50","2,496.80","2,485.32","2,536.53","2,527.13","2,436.02","2,620","3,348","2,317"
"2023/09/11","2,492.0","2,505.0","2,490.0","2,500.0","+9.0","5,000","12,484","0","500","0.00","-","2.00","2,490.00","2,486.76","2,536.17","2,527.07","2,435.20","3,380","3,336","2,308"
"2023/09/08","2,488.0","2,491.0","2,488.0","2,491.0","-3.0","1,200","2,987","0","500","0.00","-","2.00","2,487.40","2,488.40","2,535.95","2,527.11","2,434.45","4,000","3,188","2,252"
"2023/09/07","2,485.0","2,495.0","2,482.0","2,494.0","+9.0","2,200","5,478","0","500","0.00","-","2.50","2,485.20","2,491.04","2,536.07","2,527.24","2,433.74","4,540","3,348","2,252"
"2023/09/06","2,480.0","2,486.0","2,480.0","2,485.0","+5.0","3,000","7,451","0","500","0.00","-","2.50","2,482.60","2,494.48","2,536.15","2,527.36","2,433.27","4,400","3,384","2,250"
"2023/09/05","2,486.0","2,493.0","2,480.0","2,480.0","-7.0","5,500","13,681","0","500","0.00","-","2.00","2,481.00","2,498.12","2,536.48","2,527.57","2,432.60","4,220","3,392","2,214"
"2023/09/04","2,482.0","2,498.0","2,481.0","2,487.0","+7.0","8,100","20,168","0","500","0.00","-","2.00","2,480.00","2,501.96","2,537.39","2,527.09","2,432.14","3,560","3,392","2,150"
"2023/09/01","2,480.0","2,490.0","2,479.0","2,480.0","-1.0","3,900","9,678","0","500","0.00","-","2.00","2,477.00","2,504.64","2,537.57","2,526.54","2,431.90","2,580","3,120","2,069"
"2023/08/31","2,480.0","2,484.0","2,480.0","2,481.0","+4.0","1,500","3,721","0","600","0.00","-","2.00","2,473.40","2,508.48","2,538.72","2,526.46","2,431.05","2,420","3,104","2,044"
"2023/08/30","2,475.0","2,490.0","2,475.0","2,477.0","+2.0","2,100","5,209","0","500","0.00","-","2.00","2,466.60","2,513.04","2,540.12","2,526.37","2,430.95","3,300","3,072","2,080"
"2023/08/29","2,473.0","2,480.0","2,472.0","2,475.0","+3.0","2,200","5,443","0","500","0.00","-","2.00","2,459.00","2,517.60","2,541.28","2,526.32","2,430.89","3,380","3,220","2,089"
"2023/08/28","2,467.0","2,485.0","2,467.0","2,472.0","+10.0","3,200","7,917","0","500","0.00","-","2.00","2,450.20","2,522.20","2,542.01","2,526.06","2,430.81","4,020","3,200","2,086"
"2023/08/25","2,447.0","2,464.0","2,447.0","2,462.0","+15.0","3,100","7,616","0","500","0.00","-","2.00","2,445.80","2,526.56","2,542.13","2,525.74","2,430.74","4,340","3,084","2,240"
"2023/08/24","2,440.0","2,460.0","2,440.0","2,447.0","+8.0","5,900","14,441","0","500","0.00","-","2.00","2,448.40","2,531.76","2,542.03","2,525.63","2,430.98","4,020","3,020","2,225"
"2023/08/23","2,434.0","2,450.0","2,434.0","2,439.0","+8.0","2,500","6,100","0","500","0.00","-","2.00","2,456.00","2,537.32","2,542.27","2,525.66","2,431.45","3,220","2,812","2,165"
"2023/08/22","2,451.0","2,459.0","2,429.0","2,431.0","-19.0","5,400","13,192","0","500","0.00","-","2.50","2,468.40","2,542.96","2,542.40","2,527.75","2,431.98","2,960","2,740","2,140"
"2023/08/21","2,475.0","2,475.0","2,450.0","2,450.0","-25.0","4,800","11,814","0","500","0.00","-","2.00","2,485.00","2,549.80","2,543.21","2,528.95","2,432.87","2,560","2,532","2,081"
"2023/08/18","2,484.0","2,484.0","2,475.0","2,475.0","-10.0","1,500","3,722","0","500","0.00","-","2.00","2,499.60","2,554.44","2,543.36","2,530.46","2,433.66","2,400","2,428","2,030"
"2023/08/17","2,501.0","2,501.0","2,485.0","2,485.0","-16.0","1,900","4,740","0","500","0.00","-","2.00","2,509.40","2,560.60","2,543.35","2,532.41","2,434.33","2,520","2,412","2,013"
"2023/08/16","2,510.0","2,520.0","2,501.0","2,501.0","-13.0","1,200","3,011","0","500","0.00","-","2.00","2,515.60","2,566.80","2,543.40","2,534.06","2,434.46","3,780","2,388","1,989"
"2023/08/15","2,530.0","2,530.0","2,505.0","2,514.0","-9.0","3,400","8,547","0","500","0.00","-","2.00","2,521.40","2,572.00","2,543.24","2,535.43","2,434.50","3,560","2,400","1,974"
"2023/08/14","2,519.0","2,523.0","2,503.0","2,523.0","-1.0","4,000","10,073","0","500","0.00","-","2.00","2,528.60","2,576.72","2,542.91","2,536.79","2,434.47","3,160","2,276","1,941"
"2023/08/10","2,515.0","2,525.0","2,515.0","2,524.0","+8.0","2,100","5,291","0","500","0.00","-","2.00","2,532.20","2,580.28","2,542.79","2,538.76","2,434.36","2,620","2,192","1,893"
"2023/08/09","2,510.0","2,530.0","2,500.0","2,516.0","-14.0","8,200","20,608","0","500","0.00","-","2.60","2,538.80","2,583.60","2,542.04","2,540.52","2,434.24","3,240","2,144","1,870"
"2023/08/08","2,530.0","2,530.0","2,530.0","2,530.0","-20.0","100","253","0","500","0.00","-","2.60","2,551.60","2,586.00","2,541.32","2,541.97","2,434.17","2,220","1,852","1,777"
"2023/08/07","2,541.0","2,550.0","2,527.0","2,550.0","+9.0","1,400","3,560","0","500","0.00","-","2.00","2,560.80","2,588.04","2,541.07","2,543.62","2,434.02","2,840","1,892","1,780"
"2023/08/04","2,550.0","2,553.0","2,541.0","2,541.0","-16.0","1,300","3,312","0","600","0.00","-","2.00","2,566.00","2,589.24","2,540.51","2,543.72","2,433.78","3,660","1,996","1,762"
"2023/08/03","2,570.0","2,570.0","2,557.0","2,557.0","-23.0","5,200","13,324","0","600","0.00","-","2.60","2,568.60","2,590.04","2,540.01","2,544.21","2,433.58","3,660","2,024","1,745"
"2023/08/02","2,560.0","2,580.0","2,560.0","2,580.0","+4.0","3,100","7,978","0","400","0.00","-","2.00","2,572.40","2,589.56","2,539.31","2,544.44","2,433.08","3,320","1,916","1,678"
"2023/08/01","2,561.0","2,580.0","2,561.0","2,576.0","0.0","3,200","8,236","0","400","0.00","-","2.00","2,575.40","2,587.80","2,538.32","2,543.72","2,432.72","2,840","1,832","1,637"
"2023/07/31","2,552.0","2,595.0","2,552.0","2,576.0","+22.0","5,500","14,130","0","400","0.00","-","2.00","2,578.40","2,586.36","2,537.39","2,542.64","2,432.89","3,360","1,740","1,600"
"2023/07/28","2,571.0","2,571.0","2,550.0","2,554.0","-22.0","1,300","3,331","0","400","0.00","-","2.00","2,581.20","2,585.16","2,535.47","2,541.47","2,433.06","2,600","1,592","1,526"
"2023/07/27","2,574.0","2,585.0","2,574.0","2,576.0","-19.0","3,500","9,024","0","400","0.00","-","2.00","2,586.60","2,584.76","2,533.84","2,540.23","2,433.34","2,400","1,608","1,514"
"2023/07/26","2,589.0","2,595.0","2,589.0","2,595.0","+4.0","700","1,814","0","400","0.00","-","2.00","2,589.80","2,583.48","2,532.45","2,539.01","2,433.51","2,000","1,548","1,468"
"2023/07/25","2,590.0","2,605.0","2,576.0","2,591.0","+1.0","5,800","15,025","0","400","0.00","-","2.60","2,588.00","2,580.84","2,530.81","2,537.47","2,433.60","2,000","1,584","1,458"
"2023/07/24","2,581.0","2,590.0","2,581.0","2,590.0","+9.0","1,700","4,393","0","400","0.00","-","2.00","2,585.80","2,579.44","2,529.23","2,535.95","2,433.70","980","1,384","1,382"
"2023/07/21","2,583.0","2,583.0","2,581.0","2,581.0","-11.0","300","775","0","400","0.00","-","2.00","2,588.20","2,577.76","2,527.35","2,533.53","2,433.78","680","1,328","1,378"
"2023/07/20","2,591.0","2,592.0","2,569.0","2,592.0","+6.0","1,500","3,874","0","400","0.00","-","2.00","2,585.20","2,576.12","2,525.47","2,530.87","2,433.90","1,060","1,512","1,462"
"2023/07/19","2,628.0","2,628.0","2,583.0","2,586.0","+6.0","700","1,817","0","400","0.00","-","2.60","2,592.60","2,574.60","2,523.59","2,527.65","2,433.99","980","1,616","1,510"
"2023/07/18","2,604.0","2,604.0","2,580.0","2,580.0","-22.0","700","1,811","0","200","0.00","-","2.00","2,603.40","2,573.16","2,521.77","2,524.59","2,434.11","1,100","1,636","2,746"
"2023/07/14","2,581.0","2,602.0","2,581.0","2,602.0","+36.0","200","518","0","200","0.00","-","2.00","2,613.60","2,572.16","2,522.68","2,521.57","2,434.21","1,260","1,644","2,742"
"2023/07/13","2,629.0","2,629.0","2,566.0","2,566.0","-63.0","2,200","5,702","0","200","0.00","-","2.00","2,619.60","2,571.28","2,522.00","2,518.37","2,434.25","1,280","1,668","2,742"
"2023/07/12","2,630.0","2,630.0","2,629.0","2,629.0","-11.0","1,100","2,893","0","200","0.00","-","2.70","2,628.80","2,570.64","2,522.47","2,515.11","2,434.42","1,220","1,648","2,717"
"2023/07/11","2,632.0","2,641.0","2,632.0","2,640.0","+9.0","1,300","3,431","0","200","0.00","-","2.00","2,624.40","2,566.96","2,523.01","2,511.22","2,434.27","1,180","1,648","2,709"
"2023/07/10","2,631.0","2,631.0","2,630.0","2,631.0","-1.0","1,500","3,946","0","200","0.00","-","2.00","2,611.60","2,561.44","2,523.15","2,507.12","2,434.07","1,100","1,604","2,698"
"2023/07/07","2,626.0","2,632.0","2,604.0","2,632.0","+20.0","300","786","0","100","0.00","-","2.00","2,601.60","2,556.96","2,523.24","2,502.95","2,433.92","1,020","1,620","2,680"
"2023/07/06","2,625.0","2,625.0","2,584.0","2,612.0","+5.0","1,900","4,929","0","100","0.00","-","2.00","2,591.20","2,551.60","2,523.48","2,498.63","2,433.76","1,760","1,640","2,690"
"2023/07/05","2,589.0","2,607.0","2,589.0","2,607.0","+31.0","900","2,335","0","300","0.00","-","2.00","2,581.00","2,546.64","2,524.92","2,494.37","2,433.70","1,780","1,636","2,674"
"2023/07/04","2,581.0","2,581.0","2,576.0","2,576.0","-5.0","900","2,322","0","300","0.00","-","2.00","2,568.60","2,540.80","2,526.16","2,490.40","2,433.66","2,100","1,720","2,677"
"2023/07/03","2,580.0","2,583.0","2,580.0","2,581.0","+1.0","1,100","2,839","0","300","0.00","-","2.00","2,560.60","2,538.00","2,527.29","2,486.64","2,433.78","2,120","1,752","2,706"
"2023/06/30","2,560.0","2,616.0","2,560.0","2,580.0","+19.0","4,000","10,388","0","100","0.00","-","2.00","2,552.40","2,536.24","2,528.81","2,483.05","2,433.88","2,080","1,712","2,718"
"2023/06/29","2,573.0","2,574.0","2,542.0","2,561.0","+16.0","2,000","5,106","0","100","0.00","-","2.00","2,545.60","2,532.52","2,528.55","2,479.47","2,433.98","1,640","1,592","2,668"
"2023/06/28","2,545.0","2,556.0","2,538.0","2,545.0","+9.0","2,500","6,363","0","100","0.00","-","2.00","2,542.20","2,529.40","2,528.93","2,476.08","2,434.17","1,580","1,544","2,645"
"2023/06/27","2,560.0","2,560.0","2,533.0","2,536.0","-4.0","1,000","2,537","0","100","0.00","-","2.60","2,542.00","2,527.60","2,529.40","2,473.39","2,434.49","1,480","1,492","2,616"
"2023/06/26","2,543.0","2,543.0","2,537.0","2,540.0","-6.0","900","2,286","0","1,100","0.00","-","2.00","2,540.60","2,526.16","2,529.03","2,470.79","2,434.85","1,600","1,536","2,605"
"2023/06/23","2,545.0","2,546.0","2,544.0","2,546.0","+2.0","1,800","4,581","0","1,100","0.00","-","2.00","2,543.80","2,524.96","2,528.07","2,468.15","2,435.35","1,580","1,512","2,597"
"2023/06/22","2,560.0","2,567.0","2,534.0","2,544.0","0.0","1,700","4,325","0","800","0.00","-","2.00","2,544.20","2,525.04","2,526.91","2,465.45","2,435.82","1,280","1,468","2,577"
"2023/06/21","2,533.0","2,549.0","2,533.0","2,544.0","+15.0","2,000","5,087","0","800","0.00","-","2.00","2,543.40","2,523.32","2,525.39","2,462.27","2,436.30","1,920","1,480","2,562"
"2023/06/20","2,530.0","2,552.0","2,529.0","2,529.0","-27.0","1,600","4,059","0","800","0.00","-","2.00","2,545.40","2,524.20","2,524.19","2,459.45","2,436.78","2,340","1,480","2,570"
"2023/06/19","2,545.0","2,556.0","2,545.0","2,556.0","+8.0","800","2,042","0","800","0.00","-","2.00","2,549.60","2,526.48","2,523.01","2,456.78","2,437.16","2,260","1,584","2,554"
"2023/06/16","2,550.0","2,550.0","2,525.0","2,548.0","+8.0","300","762","0","800","0.00","-","2.60","2,549.40","2,526.80","2,521.45","2,453.84","2,437.41","2,280","1,664","2,553"
"2023/06/15","2,538.0","2,551.0","2,538.0","2,540.0","-14.0","4,900","12,452","0","700","0.00","-","2.00","2,555.80","2,526.08","2,518.79","2,450.16","2,437.70","2,380","1,732","2,558"
"2023/06/14","2,550.0","2,554.0","2,532.0","2,554.0","+4.0","4,100","10,432","0","700","0.00","-","2.60","2,557.80","2,523.72","2,515.79","2,446.56","2,438.03","1,740","2,124","2,494"
"2023/06/13","2,550.0","2,566.0","2,550.0","2,550.0","-5.0","1,200","3,064","0","700","0.00","-","2.00","2,554.40","2,519.72","2,512.00","2,442.82","2,438.29","1,140","2,040","2,448"
"2023/06/12","2,585.0","2,615.0","2,545.0","2,555.0","-25.0","900","2,310","0","700","0.00","-","2.60","2,544.80","2,516.32","2,508.40","2,439.66","2,438.57","940","2,048","2,433"
"2023/06/09","2,550.0","2,580.0","2,550.0","2,580.0","+30.0","800","2,048","0","700","0.00","-","2.60","2,537.60","2,512.08","2,504.71","2,436.45","2,438.83","1,140","2,036","2,436"
"2023/06/08","2,537.0","2,562.0","2,528.0","2,550.0","+13.0","1,700","4,321","0","500","0.00","-","2.00","2,521.20","2,508.56","2,500.73","2,432.26","2,439.03","1,140","2,044","2,426"
"2023/06/07","2,589.0","2,589.0","2,537.0","2,537.0","+35.0","1,100","2,807","0","500","0.00","-","2.00","2,508.80","2,505.00","2,496.60","2,428.36","2,439.39","1,160","2,016","2,406"
"2023/06/06","2,504.0","2,504.0","2,502.0","2,502.0","-17.0","200","501","0","500","0.00","-","2.00","2,493.60","2,502.48","2,492.64","2,424.65","2,439.81","1,540","1,980","2,394"
"2023/06/05","2,481.0","2,521.0","2,474.0","2,519.0","+21.0","1,900","4,764","0","500","0.00","-","2.00","2,494.40","2,501.96","2,489.01","2,421.24","2,440.40","1,840","1,976","2,470"
"2023/06/02","2,488.0","2,502.0","2,464.0","2,498.0","+10.0","800","1,991","0","600","0.00","-","2.00","2,498.00","2,500.76","2,484.95","2,417.66","2,440.91","1,480","1,904","2,521"
"2023/06/01","2,503.0","2,503.0","2,460.0","2,488.0","+27.0","1,800","4,451","0","600","0.00","-","2.00","2,495.80","2,500.40","2,480.97","2,414.39","2,441.53","1,520","1,908","2,526"
"2023/05/31","2,506.0","2,506.0","2,461.0","2,461.0","-45.0","3,000","7,450","0","900","0.00","-","2.00","2,494.80","2,501.44","2,476.95","2,411.32","2,442.70","1,320","1,852","2,530"
"2023/05/30","2,537.0","2,544.0","2,461.0","2,506.0","-31.0","1,700","4,246","0","900","0.00","-","2.00","2,502.60","2,501.72","2,473.60","2,408.66","2,444.01","960","1,748","2,492"
"2023/05/29","2,537.0","2,537.0","2,537.0","2,537.0","+50.0","100","254","0","1,100","0.00","-","2.00","2,501.40","2,499.96","2,469.52","2,405.59","2,445.10","1,040","1,728","2,470"
"2023/05/26","2,495.0","2,504.0","2,486.0","2,487.0","+4.0","1,000","2,494","0","1,100","0.00","-","2.00","2,496.00","2,498.92","2,465.32","2,402.17","2,446.03","1,080","1,736","2,469"
"2023/05/25","2,500.0","2,525.0","2,483.0","2,483.0","-17.0","800","2,002","0","1,100","0.00","-","2.50","2,508.20","2,499.76","2,461.79","2,399.22","2,446.96","1,020","1,700","2,456"
"2023/05/24","2,481.0","2,501.0","2,481.0","2,500.0","0.0","1,200","2,984","0","1,100","0.00","-","2.60","2,511.80","2,500.60","2,458.31","2,396.74","2,447.91","1,260","1,668","2,450"
"2023/05/23","2,520.0","2,520.0","2,493.0","2,500.0","-10.0","2,100","5,262","0","900","0.00","-","2.60","2,525.00","2,500.76","2,455.32","2,393.59","2,448.77","1,420","1,628","2,436"
"2023/05/22","2,548.0","2,548.0","2,503.0","2,510.0","-38.0","300","756","0","800","0.00","-","2.00","2,542.20","2,501.00","2,452.33","2,390.39","2,449.64","1,840","1,544","2,408"
"2023/05/19","2,503.0","2,548.0","2,503.0","2,548.0","+47.0","700","1,759","0","800","0.00","-","2.00","2,553.00","2,500.84","2,449.21","2,386.99","2,450.31","2,340","1,548","2,404"
"2023/05/18","2,585.0","2,585.0","2,501.0","2,501.0","-65.0","2,000","5,110","0","800","0.00","-","2.00","2,549.40","2,496.20","2,445.59","2,383.21","2,450.79","2,600","1,520","2,398"
"2023/05/17","2,580.0","2,580.0","2,533.0","2,566.0","-20.0","2,000","5,125","0","800","0.00","-","2.00","2,545.40","2,493.44","2,441.92","2,380.21","2,451.87","5,140","1,456","2,377"
"2023/05/16","2,614.0","2,638.0","2,526.0","2,586.0","+22.0","4,200","10,950","0","800","0.00","-","2.00","2,523.00","2,489.68","2,437.87","2,376.33","2,452.63","5,140","1,376","2,358"
"2023/05/15","2,540.0","2,564.0","2,537.0","2,564.0","+34.0","2,800","7,133","0","800","0.00","-","2.60","2,498.80","2,485.12","2,433.55","2,372.47","2,452.93","4,580","1,208","2,302"
"2023/05/12","2,490.0","2,532.0","2,460.0","2,530.0","+49.0","2,000","5,004","0","900","0.00","-","2.00","2,475.80","2,481.44","2,429.52","2,369.30","2,453.09","4,140","1,100","2,266"
"2023/05/11","2,454.0","2,518.0","2,426.0","2,481.0","+27.0","14,700","36,449","0","900","0.00","-","2.00","2,468.20","2,478.20","2,424.85","2,366.47","2,453.42","3,940","1,076","2,240"
"2023/05/10","2,466.0","2,466.0","2,454.0","2,454.0","-11.0","2,000","4,922","0","300","0.00","-","2.00","2,464.20","2,476.56","2,420.84","2,364.13","2,454.01","1,200","752","2,044"
"2023/05/09","2,450.0","2,465.0","2,450.0","2,465.0","+16.0","1,400","3,437","0","300","0.00","-","2.00","2,468.20","2,476.44","2,417.19","2,362.19","2,454.74","840","876","2,020"
"2023/05/08","2,442.0","2,450.0","2,442.0","2,449.0","-43.0","600","1,469","0","300","0.00","-","2.00","2,473.00","2,475.84","2,414.11","2,360.04","2,455.41","580","4,556","2,001"
"2023/05/02","2,461.0","2,492.0","2,425.0","2,492.0","+31.0","1,000","2,448","0","300","0.00","-","2.00","2,481.00","2,483.80","2,411.24","2,358.05","2,456.16","480","4,548","2,000"
"2023/05/01","2,450.0","2,511.0","2,450.0","2,461.0","-13.0","1,000","2,468","0","400","0.00","-","2.00","2,480.40","2,486.16","2,406.83","2,355.63","2,456.69","460","4,516","2,024"
"2023/04/28","2,515.0","2,515.0","2,474.0","2,474.0","-15.0","200","499","0","300","0.00","-","2.00","2,491.00","2,491.76","2,402.81","2,353.52","2,457.38","340","4,488","2,036"
"2023/04/27","2,489.0","2,489.0","2,489.0","2,489.0","0.0","100","249","0","300","0.00","-","2.00","2,489.80","2,499.60","2,398.71","2,351.38","2,458.01","380","4,500","2,045"
"2023/04/26","2,489.0","2,489.0","2,489.0","2,489.0","0.0","100","249","0","300","0.00","-","2.00","2,484.40","2,506.04","2,394.33","2,349.55","2,458.56","600","4,516","2,044"
"2023/04/25","2,514.0","2,514.0","2,489.0","2,489.0","-25.0","900","2,254","0","300","0.00","-","2.00","2,488.80","2,512.00","2,389.96","2,349.19","2,459.61","640","4,516","2,074"
"2023/04/24","2,568.0","2,568.0","2,488.0","2,514.0","+46.0","400","1,011","0","300","0.00","-","2.00","2,492.60","2,518.44","2,385.72","2,348.83","2,460.16","480","4,524","2,090"
"2023/04/21","2,480.0","2,482.0","2,468.0","2,468.0","+6.0","400","991","0","300","0.00","-","2.00","2,490.60","2,526.68","2,381.28","2,348.22","2,460.58","400","4,536","2,094"
"2023/04/20","2,520.0","2,520.0","2,462.0","2,462.0","-49.0","1,200","2,983","0","300","0.00","-","2.00","2,497.80","2,535.96","2,377.64","2,347.57","2,461.24","360","4,564","2,118"
"2023/04/19","2,458.0","2,511.0","2,454.0","2,511.0","+3.0","300","742","0","300","0.00","-","2.00","2,506.60","2,543.92","2,374.13","2,346.48","2,461.63","120","4,640","2,112"
"2023/04/18","2,508.0","2,508.0","2,508.0","2,508.0","0.0","100","251","0","300","0.00","-","2.00","2,505.60","2,551.28","2,369.92","2,344.90","2,461.49","140","4,708","2,161"
"2023/04/17","-","-","-","-","-","0","-","0","200","0.00","-","2.00","2,490.40","2,553.36","2,365.71","2,343.32","2,461.04","120","4,712","2,164"
"2023/04/14","2,503.0","2,504.0","2,503.0","2,504.0","0.0","200","501","0","200","0.00","-","2.00","2,476.00","2,556.80","2,362.12","2,341.78","2,460.52","200","4,724","2,169"
"2023/04/13","-","-","-","-","-","0","-","0","200","0.00","-","2.00","2,469.60","2,559.84","2,357.87","2,340.24","2,460.24","160","4,728","2,174"
"2023/04/12","2,415.0","2,506.0","2,415.0","2,506.0","0.0","400","982","0","200","0.00","-","2.00","2,462.80","2,559.92","2,353.52","2,339.18","2,460.59","160","4,736","2,180"
"2023/04/11","-","-","-","-","-","0","-","0","300","0.00","-","2.00","2,456.00","2,558.40","2,349.04","2,337.62","2,460.91","100","4,732","2,196"
"2023/04/10","2,422.0","2,432.0","2,422.0","2,432.0","0.0","400","970","0","300","0.00","-","2.00","2,459.40","2,559.48","2,345.55","2,337.19","2,461.75","380","4,744","2,206"
"2023/04/07","-","-","-","-","-","0","-","0","200","0.00","-","2.00","2,461.00","2,559.40","2,342.47","2,337.26","2,462.59","1,620","4,752","2,216"
"2023/04/06","-","-","-","-","-","0","-","0","200","0.00","-","2.00","2,456.80","2,558.68","2,338.55","2,335.64","2,463.23","2,640","4,856","2,233"
"2023/04/05","2,472.0","2,472.0","2,472.0","2,472.0","+23.0","100","247","0","200","0.00","-","2.00","2,452.40","2,557.44","2,334.92","2,335.52","2,463.85","21,320","4,872","2,290"
"2023/04/04","2,440.0","2,449.0","2,440.0","2,449.0","+9.0","1,400","3,426","0","200","0.00","-","1.90","2,487.60","2,556.12","2,331.92","2,335.45","2,464.47","21,380","4,896","2,289"
"2023/04/03","2,427.0","2,440.0","2,382.0","2,440.0","-11.0","6,600","15,910","0","200","0.00","-","1.90","2,508.00","2,552.08","2,329.23","2,335.55","2,465.20","21,140","4,868","2,270"
"2023/03/31","2,451.0","2,500.0","2,451.0","2,451.0","+1.0","5,100","12,523","0","200","0.00","-","1.90","2,540.20","2,547.08","2,326.65","2,335.74","2,465.98","19,880","4,608","2,184"
"2023/03/30","2,448.0","2,474.0","2,420.0","2,450.0","-198.0","93,400","228,534","0","200","0.00","-","2.00","2,584.00","2,539.84","2,324.11","2,336.33","2,467.09","18,960","4,428","2,132"
"2023/03/29","2,555.0","2,648.0","2,555.0","2,648.0","+97.0","400","1,036","0","200","0.00","-","2.00","2,624.00","2,533.04","2,321.44","2,337.23","2,468.20","380","696","892"
"2023/03/28","2,551.0","2,551.0","2,551.0","2,551.0","-50.0","200","510","0","200","0.00","-","2.00","2,622.00","2,518.24","2,316.13","2,336.20","2,468.16","320","724","892"
"2023/03/27","2,601.0","2,601.0","2,601.0","2,601.0","-69.0","300","780","0","200","0.00","-","2.70","2,641.80","2,507.48","2,312.12","2,336.78","2,468.60","500","720","900"
"2023/03/24","2,650.0","2,670.0","2,650.0","2,670.0","+20.0","500","1,329","0","300","0.00","-","2.70","2,665.60","2,493.04","2,307.44","2,336.86","2,468.80","580","716","936"
"2023/03/23","2,659.0","2,659.0","2,650.0","2,650.0","+12.0","500","1,328","0","300","0.00","-","2.00","2,671.60","2,475.84","2,301.97","2,336.25","2,468.65","700","704","960"
"2023/03/22","2,638.0","2,638.0","2,638.0","2,638.0","-12.0","100","264","0","100","0.00","-","2.70","2,673.80","2,459.04","2,297.39","2,334.86","2,468.60","1,220","920","1,013"
"2023/03/20","2,670.0","2,670.0","2,600.0","2,650.0","-70.0","1,100","2,883","0","100","0.00","-","2.70","2,685.20","2,442.08","2,294.92","2,333.56","2,468.61","1,600","1,144","1,012"
"2023/03/17","2,650.0","2,721.0","2,650.0","2,720.0","+20.0","700","1,896","0","100","0.00","-","2.70","2,667.20","2,424.08","2,292.29","2,332.14","2,468.56","1,420","1,148","997"
"2023/03/16","2,761.0","2,761.0","2,700.0","2,700.0","+39.0","1,100","3,008","0","100","0.00","-","2.00","2,641.20","2,402.72","2,288.73","2,329.95","2,468.09","1,340","1,204","994"
"2023/03/15","2,695.0","2,708.0","2,617.0","2,661.0","-34.0","3,100","8,294","0","100","0.00","-","2.00","2,617.20","2,383.12","2,284.77","2,327.96","2,467.71","1,180","1,164","981"
"2023/03/14","2,610.0","2,695.0","2,610.0","2,695.0","+135.0","2,000","5,284","0","0","0.00","-","2.60","2,586.60","2,364.68","2,280.67","2,326.36","2,467.53","600","1,044","940"
"2023/03/13","2,550.0","2,560.0","2,550.0","2,560.0","-30.0","200","511","0","0","0.00","-","2.60","2,541.20","2,345.76","2,276.11","2,324.42","2,467.38","260","964","917"
"2023/03/10","2,588.0","2,590.0","2,587.0","2,590.0","+10.0","300","777","0","0","0.00","-","2.60","2,521.00","2,332.24","2,273.31","2,323.84","2,467.90","280","956","914"
"2023/03/09","2,508.0","2,580.0","2,508.0","2,580.0","+72.0","300","762","0","0","0.00","-","2.00","2,489.00","2,317.52","2,270.11","2,322.95","2,468.27","340","960","910"
"2023/03/08","2,508.0","2,508.0","2,508.0","2,508.0","+40.0","200","502","0","0","0.00","-","2.00","2,463.80","2,305.36","2,267.04","2,321.72","2,468.69","800","952","913"
"2023/03/07","2,459.0","2,468.0","2,459.0","2,468.0","+9.0","300","739","0","0","0.00","-","2.00","2,450.40","2,296.08","2,265.60","2,321.72","2,469.75","840","944","918"
"2023/03/06","2,430.0","2,459.0","2,430.0","2,459.0","+29.0","300","735","0","0","0.00","-","2.50","2,444.60","2,288.40","2,264.03","2,323.14","2,471.01","920","932","925"
"2023/03/03","2,404.0","2,445.0","2,404.0","2,430.0","-24.0","600","1,459","0","0","0.00","-","2.00","2,422.40","2,281.08","2,263.09","2,324.65","2,472.31","1,000","932","928"
"2023/03/02","2,442.0","2,459.0","2,393.0","2,454.0","+13.0","2,600","6,347","0","0","0.00","-","2.00","2,399.40","2,272.92","2,263.21","2,326.45","2,473.76","900","924","928"
"2023/03/01","2,439.0","2,441.0","2,439.0","2,441.0","+2.0","400","976","0","0","0.00","-","2.00","2,362.60","2,265.24","2,261.29","2,328.01","2,475.09","500","844","896"
"2023/02/28","2,397.0","2,439.0","2,397.0","2,439.0","+91.0","700","1,688","0","0","0.00","-","2.00","2,330.40","2,258.08","2,261.55","2,329.72","2,476.49","440","828","905"
"2023/02/27","2,370.0","2,398.0","2,348.0","2,348.0","+33.0","700","1,665","0","3,000","0.00","-","2.00","2,298.20","2,251.00","2,261.89","2,331.45","2,477.67","520","804","901"
"2023/02/24","2,315.0","2,315.0","2,315.0","2,315.0","+45.0","100","232","0","3,000","0.00","-","2.30","2,285.00","2,244.28","2,263.37","2,334.02","2,479.44","400","776","898"
"2023/02/22","2,261.0","2,270.0","2,261.0","2,270.0","-10.0","600","1,359","0","3,000","0.00","-","2.30","2,270.00","2,238.88","2,265.29","2,336.92","2,481.37","420","772","898"
"2023/02/21","2,280.0","2,280.0","2,280.0","2,280.0","+2.0","100","228","0","3,000","0.00","-","2.00","2,264.00","2,235.28","2,268.49","2,340.32","2,483.62","340","756","896"
"2023/02/20","2,253.0","2,286.0","2,253.0","2,278.0","-4.0","1,100","2,505","0","3,000","0.00","-","2.30","2,254.00","2,233.44","2,271.96","2,343.62","2,485.88","1,500","752","896"
"2023/02/17","2,282.0","2,282.0","2,282.0","2,282.0","+42.0","100","228","0","3,000","0.00","-","2.30","2,241.20","2,231.68","2,275.52","2,346.84","2,488.15","2,420","728","888"
"2023/02/16","2,290.0","2,290.0","2,240.0","2,240.0","0.0","200","453","0","3,000","0.00","-","2.30","2,224.80","2,226.84","2,279.88","2,350.12","2,490.40","2,640","836","886"
"2023/02/15","2,240.0","2,240.0","2,240.0","2,240.0","+10.0","200","448","0","3,000","0.00","-","2.30","2,214.00","2,223.64","2,284.80","2,353.72","2,492.89","3,020","904","884"
"2023/02/14","2,299.0","2,299.0","2,230.0","2,230.0","+16.0","5,900","13,173","0","3,000","0.00","-","2.00","2,208.00","2,220.68","2,289.72","2,357.32","2,495.39","3,000","932","885"
"2023/02/13","2,202.0","2,215.0","2,199.0","2,214.0","+14.0","5,700","12,567","0","3,000","0.00","-","2.20","2,202.00","2,217.92","2,293.47","2,361.02","2,497.93","1,840","696","808"
"2023/02/10","2,236.0","2,255.0","2,200.0","2,200.0","+14.0","1,200","2,681","0","3,000","0.00","-","2.00","2,203.60","2,215.80","2,297.39","2,364.88","2,500.63","700","564","732"
"2023/02/09","2,160.0","2,214.0","2,153.0","2,186.0","-24.0","2,100","4,549","0","3,000","0.00","-","2.30","2,208.00","2,214.64","2,301.49","2,368.88","2,503.02","460","600","717"
"2023/02/08","2,210.0","2,210.0","2,210.0","2,210.0","+10.0","100","221","0","3,000","0.00","-","2.20","2,215.20","2,214.44","2,305.69","2,373.02","2,505.57","120","544","689"
"2023/02/07","2,200.0","2,200.0","2,200.0","2,200.0","0.0","100","220","0","3,000","0.00","-","2.00","2,228.40","2,213.84","2,309.57","2,376.92","2,507.92","120","628","688"
"2023/02/06","-","-","-","-","-","0","-","0","3,000","0.00","-","2.00","2,243.60","2,213.80","2,313.59","2,380.92","2,510.27","100","652","686"
"2023/02/03","-","-","-","-","-","0","-","0","3,000","0.00","-","2.00","2,254.40","2,212.72","2,317.31","2,384.70","2,512.51","100","812","688"
"2023/02/02","2,277.0","2,277.0","2,222.0","2,222.0","-54.0","400","900","0","3,000","0.00","-","2.00","2,265.20","2,211.52","2,321.04","2,388.48","2,514.71","160","824","689"
"2023/02/01","2,276.0","2,276.0","2,276.0","2,276.0","0.0","100","228","0","3,000","0.00","-","2.00","2,266.00","2,212.04","2,324.76","2,392.26","2,517.37","160","824","688"
"2023/01/31","-","-","-","-","-","0","-","0","3,000","0.00","-","2.00","2,263.20","2,208.40","2,327.17","2,395.58","2,519.99","260","844","690"
"2023/01/30","-","-","-","-","-","0","-","0","3,000","0.00","-","2.00","2,260.40","2,204.56","2,330.27","2,398.90","2,522.96","260","860","693"
"2023/01/27","2,326.0","2,326.0","2,276.0","2,276.0","+50.0","300","693","0","3,000","0.00","-","2.00","2,257.60","2,200.32","2,334.72","2,402.54","2,526.02","280","924","693"
"2023/01/26","2,212.0","2,226.0","2,212.0","2,226.0","-36.0","400","886","0","3,000","0.00","-","2.00","2,238.40","2,196.08","2,339.17","2,406.18","2,529.14","220","944","689"
"2023/01/25","2,262.0","2,262.0","2,262.0","2,262.0","0.0","600","1,357","0","3,000","0.00","-","2.00","2,229.20","2,195.08","2,344.29","2,410.32","2,532.51","140","972","684"
"2023/01/24","-","-","-","-","-","0","-","0","3,000","0.00","-","2.20","2,212.80","2,191.72","2,348.93","2,414.10","2,535.60","60","1,000","677"
"2023/01/23","2,262.0","2,262.0","2,262.0","2,262.0","0.0","100","226","0","3,000","0.00","-","2.20","2,207.20","2,189.24","2,353.60","2,417.54","2,539.34","60","1,172","677"
"2023/01/20","-","-","-","-","-","0","-","0","3,000","0.00","-","2.20","2,201.60","2,188.64","2,358.27","2,420.98","2,543.58","140","1,168","682"
"2023/01/19","-","-","-","-","-","0","-","0","3,000","0.00","-","2.20","2,197.80","2,191.32","2,363.93","2,425.24","2,548.23","700","1,168","682"
"2023/01/18","2,195.0","2,195.0","2,180.0","2,180.0","0.0","200","438","0","3,000","0.00","-","2.00","2,193.80","2,194.00","2,369.60","2,429.50","2,553.08","1,080","1,172","686"
"2023/01/17","-","-","-","-","-","0","-","0","3,000","0.00","-","2.00","2,191.00","2,197.20","2,375.33","2,433.76","2,557.65","1,220","1,212","684"
"2023/01/16","2,170.0","2,255.0","2,170.0","2,234.0","+73.0","500","1,102","0","3,000","0.00","-","2.00","2,176.40","2,197.84","2,380.35","2,437.48","2,561.96","1,220","1,228","690"
"2023/01/13","2,160.0","2,175.0","2,160.0","2,161.0","+1.0","2,800","6,064","0","3,000","0.00","-","2.20","2,161.80","2,198.48","2,385.23","2,441.20","2,566.14","1,600","1,224","692"
"2023/01/12","2,166.0","2,189.0","2,156.0","2,160.0","-6.0","1,900","4,139","0","3,000","0.00","-","2.00","2,163.80","2,202.04","2,391.21","2,445.80","2,570.68","1,460","1,144","657"
"2023/01/11","2,165.0","2,173.0","2,165.0","2,166.0","0.0","900","1,953","0","3,000","0.00","-","2.00","2,168.00","2,205.64","2,397.08","2,450.41","2,575.23","1,220","1,188","632"
"2023/01/10","-","-","-","-","-","0","-","0","3,000","0.00","-","2.00","2,173.80","2,209.40","2,402.87","2,454.96","2,579.43","1,480","1,244","620"
"2023/01/06","2,165.0","2,186.0","2,161.0","2,161.0","-10.0","2,400","5,197","0","3,000","0.00","-","2.00","2,181.40","2,215.20","2,408.72","2,459.56","2,583.65","1,620","1,424","660"
"2023/01/05","2,181.0","2,181.0","2,171.0","2,171.0","-10.0","2,100","4,579","0","3,000","0.00","-","2.00","2,188.20","2,226.88","2,414.57","2,464.16","2,587.87","1,940","1,328","628"
"2023/01/04","2,192.0","2,200.0","2,181.0","2,181.0","-14.0","700","1,536","0","3,000","0.00","-","2.00","2,192.40","2,238.16","2,420.29","2,468.66","2,592.04","1,580","1,244","600"
"2022/12/30","2,195.0","2,195.0","2,188.0","2,195.0","-4.0","2,200","4,828","0","3,000","0.00","-","2.00","2,203.20","2,249.04","2,425.88","2,474.08","2,596.16","1,520","1,236","590"
"2022/12/29","2,184.0","2,245.0","2,184.0","2,199.0","+4.0","700","1,544","0","3,000","0.00","-","2.00","2,201.20","2,257.36","2,431.28","2,479.36","2,600.48","1,200","1,152","561"
"2022/12/28","2,192.0","2,200.0","2,187.0","2,195.0","+3.0","4,000","8,770","0","3,000","0.00","-","2.00","2,197.40","2,263.52","2,436.63","2,484.60","2,604.76","1,140","1,124","552"
"2022/12/27","2,242.0","2,242.0","2,192.0","2,192.0","-43.0","300","663","0","3,000","0.00","-","2.00","2,192.40","2,269.84","2,442.03","2,489.88","2,609.69","660","976","498"
"2022/12/26","2,235.0","2,235.0","2,235.0","2,235.0","+50.0","400","894","0","3,000","0.00","-","2.20","2,188.00","2,276.16","2,447.47","2,494.69","2,614.73","760","964","494"
"2022/12/23","2,180.0","2,190.0","2,180.0","2,185.0","+5.0","600","1,311","0","3,000","0.00","-","2.20","2,181.20","2,280.76","2,452.33","2,499.07","2,619.38","900","948","492"
"2022/12/22","2,166.0","2,180.0","2,166.0","2,180.0","+10.0","400","870","0","3,000","0.00","-","2.20","2,179.80","2,287.36","2,457.97","2,503.95","2,624.63","1,040","944","485"
"2022/12/21","2,170.0","2,199.0","2,165.0","2,170.0","0.0","1,600","3,483","0","3,000","0.00","-","2.00","2,183.80","2,296.16","2,463.68","2,508.88","2,629.55","1,820","952","482"
"2022/12/20","2,181.0","2,181.0","2,170.0","2,170.0","-31.0","800","1,741","0","3,000","0.00","-","2.00","2,199.20","2,303.36","2,469.95","2,513.62","2,634.53","1,500","920","461"
"2022/12/19","2,178.0","2,201.0","2,178.0","2,201.0","+23.0","1,100","2,398","0","3,000","0.00","-","2.20","2,214.60","2,312.12","2,476.21","2,518.36","2,639.48","1,340","908","450"
"2022/12/16","2,200.0","2,200.0","2,155.0","2,178.0","-22.0","1,300","2,822","0","3,000","0.00","-","2.00","2,223.80","2,321.64","2,482.07","2,523.53","2,644.12","1,140","888","436"
"2022/12/15","2,207.0","2,236.0","2,199.0","2,200.0","0.0","4,300","9,465","0","3,000","0.00","-","2.00","2,240.20","2,326.92","2,488.23","2,528.93","2,648.88","1,120","844","426"
"2022/12/14","-","-","-","-","-","0","-","0","3,000","0.00","-","2.00","2,250.20","2,337.32","2,493.64","2,533.39","2,653.53","340","716","370"
"2022/12/13","-","-","-","-","-","0","-","0","3,000","0.00","-","2.30","2,250.80","2,346.04","2,498.43","2,536.88","2,657.85","420","732","370"
"2022/12/12","2,247.0","2,247.0","2,247.0","2,247.0","-13.0","100","225","0","3,000","0.00","-","2.30","2,251.40","2,354.52","2,503.21","2,540.37","2,662.16","580","752","370"
"2022/12/09","2,250.0","2,260.0","2,248.0","2,260.0","+10.0","1,200","2,704","0","3,000","0.00","-","2.30","2,252.00","2,363.00","2,508.00","2,543.89","2,666.48","1,160","752","369"
"2022/12/08","2,250.0","2,250.0","2,250.0","2,250.0","0.0","400","900","0","3,000","0.00","-","2.30","2,252.00","2,373.00","2,512.61","2,547.28","2,670.73","1,380","720","353"
"2022/12/07","2,250.0","2,250.0","2,250.0","2,250.0","0.0","400","900","0","3,000","0.00","-","2.30","2,263.20","2,384.60","2,517.36","2,550.77","2,675.03","2,200","708","348"
"2022/12/06","2,250.0","2,279.0","2,250.0","2,250.0","0.0","800","1,810","0","3,000","0.00","-","2.30","2,303.80","2,396.40","2,522.11","2,554.26","2,679.20","2,120","712","344"
"2022/12/05","2,256.0","2,256.0","2,248.0","2,250.0","-10.0","3,000","6,747","0","3,000","0.00","-","2.30","2,344.40","2,410.76","2,527.05","2,557.75","2,682.77","1,960","680","333"
"2022/12/02","2,306.0","2,306.0","2,257.0","2,260.0","-46.0","2,300","5,253","0","3,000","0.00","-","2.00","2,385.00","2,425.12","2,532.00","2,561.24","2,686.87","1,460","560","293"
"2022/12/01","2,335.0","2,335.0","2,306.0","2,306.0","0.0","4,500","10,475","0","3,000","0.00","-","2.00","2,413.60","2,439.08","2,536.81","2,564.63","2,690.92","1,020","480","262"
"2022/11/30","-","-","-","-","-","0","-","0","3,000","0.00","-","2.00","2,423.00","2,447.28","2,541.01","2,567.56","2,695.34","120","304","202"
"2022/11/29","-","-","-","-","-","0","-","0","3,000","0.00","-","2.00","2,403.00","2,449.48","2,543.25","2,570.02","2,699.02","180","304","202"
"2022/11/28","2,503.0","2,503.0","2,453.0","2,453.0","+50.0","500","1,247","0","3,000","0.00","-","2.00","2,382.40","2,451.68","2,545.49","2,571.48","2,702.71","180","308","204"
"2022/11/25","2,403.0","2,403.0","2,403.0","2,403.0","0.0","100","240","0","3,000","0.00","-","2.00","2,361.80","2,453.60","2,549.09","2,572.94","2,706.44","80","288","197"
"2022/11/24","-","-","-","-","-","0","-","0","3,000","0.00","-","2.00","2,351.20","2,457.52","2,553.36","2,574.90","2,710.43","160","284","196"
"2022/11/22","2,317.0","2,353.0","2,317.0","2,353.0","0.0","300","702","0","3,000","0.00","-","2.40","2,360.60","2,463.44","2,558.29","2,576.78","2,714.66","280","284","196"
"2022/11/21","-","-","-","-","-","0","-","0","3,000","0.00","-","2.40","2,360.00","2,469.36","2,563.23","2,578.07","2,718.90","380","276","193"
"2022/11/18","-","-","-","-","-","0","-","0","3,000","0.00","-","2.40","2,367.80","2,475.44","2,567.53","2,578.75","2,723.15","480","280","193"
"2022/11/17","2,400.0","2,400.0","2,350.0","2,350.0","-50.0","500","1,195","0","3,000","0.00","-","2.40","2,385.60","2,481.48","2,571.84","2,579.25","2,726.92","600","292","193"
"2022/11/16","2,366.0","2,400.0","2,366.0","2,400.0","+50.0","600","1,430","0","3,000","0.00","-","2.40","2,377.60","2,485.76","2,576.15","2,580.24","2,730.70","540","284","186"
"2022/11/15","2,339.0","2,351.0","2,339.0","2,350.0","-39.0","800","1,877","0","3,000","0.00","-","2.00","2,389.60","2,490.08","2,579.79","2,581.99","2,734.22","640","268","180"
"2022/11/14","2,339.0","2,389.0","2,339.0","2,389.0","-50.0","500","1,180","0","3,000","0.00","-","2.00","2,412.60","2,500.48","2,583.71","2,584.19","2,738.00","560","236","170"
"2022/11/11","2,310.0","2,439.0","2,310.0","2,439.0","+129.0","600","1,431","0","3,000","0.00","-","2.50","2,426.60","2,509.32","2,587.11","2,586.30","2,741.58","560","216","226"
"2022/11/10","2,310.0","2,310.0","2,310.0","2,310.0","-150.0","200","462","0","3,000","0.00","-","2.50","2,430.60","2,516.16","2,590.83","2,587.91","2,744.91","460","192","218"
"2022/11/09","2,484.0","2,484.0","2,459.0","2,460.0","-5.0","1,100","2,708","0","3,000","0.00","-","2.00","2,470.60","2,528.16","2,596.27","2,590.81","2,748.88","500","188","228"
"2022/11/08","2,459.0","2,465.0","2,459.0","2,465.0","+6.0","400","985","0","3,000","0.00","-","2.00","2,486.60","2,534.24","2,598.75","2,592.17","2,752.33","300","144","214"
"2022/11/07","2,480.0","2,480.0","2,459.0","2,459.0","0.0","500","1,236","0","3,000","0.00","-","2.00","2,502.60","2,540.12","2,600.49","2,593.48","2,755.76","320","148","209"
"2022/11/04","2,459.0","2,459.0","2,459.0","2,459.0","-51.0","100","246","0","3,000","0.00","-","2.60","2,532.60","2,545.96","2,602.32","2,594.85","2,759.21","220","128","214"
"2022/11/02","2,510.0","2,510.0","2,509.0","2,510.0","-30.0","400","1,004","0","3,000","0.00","-","2.00","2,562.60","2,551.80","2,604.19","2,596.22","2,762.67","200","136","213"
"2022/11/01","2,540.0","2,540.0","2,540.0","2,540.0","-5.0","100","254","0","3,000","0.00","-","2.00","2,582.40","2,555.80","2,605.37","2,597.84","2,765.87","180","120","208"
"2022/10/31","2,509.0","2,545.0","2,509.0","2,545.0","0.0","500","1,258","0","3,000","0.00","-","2.00","2,576.60","2,558.60","2,606.16","2,599.16","2,769.04","180","136","206"
"2022/10/28","-","-","-","-","-","0","-","0","3,000","0.00","-","2.00","2,569.20","2,560.80","2,606.88","2,600.11","2,772.54","80","140","200"
"2022/10/27","-","-","-","-","-","0","-","0","3,000","0.00","-","2.00","2,549.00","2,560.84","2,606.75","2,600.42","2,775.72","100","148","201"
"2022/10/26","2,609.0","2,609.0","2,609.0","2,609.0","+98.0","300","783","0","3,000","0.00","-","2.00","2,527.40","2,560.48","2,606.61","2,600.73","2,778.90","100","148","201"
"2022/10/25","2,511.0","2,511.0","2,511.0","2,511.0","0.0","100","251","0","3,000","0.00","-","2.00","2,505.80","2,560.12","2,606.48","2,601.04","2,782.08","40","136","197"
"2022/10/24","-","-","-","-","-","0","-","0","3,000","0.00","-","2.00","2,503.80","2,563.68","2,607.65","2,602.33","2,785.70","20","252","197"
"2022/10/21","2,508.0","2,508.0","2,508.0","2,508.0","0.0","100","251","0","3,000","0.00","-","2.00","2,502.40","2,567.36","2,610.20","2,603.65","2,789.34","40","252","198"
"2022/10/20","-","-","-","-","-","0","-","0","3,000","0.00","-","2.00","2,501.20","2,571.04","2,611.41","2,604.97","2,792.97","40","248","200"
"2022/10/19","-","-","-","-","-","0","-","0","3,000","0.00","-","2.00","2,501.20","2,575.00","2,612.72","2,606.22","2,796.64","100","248","200"
"2022/10/18","-","-","-","-","-","0","-","0","3,000","0.00","-","2.00","2,492.40","2,578.96","2,614.03","2,607.46","2,800.31","160","248","202"
"2022/10/17","2,501.0","2,501.0","2,501.0","2,501.0","-1.0","100","250","0","3,000","0.00","-","2.00","2,493.80","2,582.92","2,614.56","2,608.70","2,803.98","200","248","216"
"2022/10/14","2,502.0","2,502.0","2,502.0","2,502.0","+1.0","100","250","0","3,000","0.00","-","2.00","2,515.60","2,586.88","2,614.31","2,610.33","2,807.65","180","244","217"
"2022/10/13","2,461.0","2,501.0","2,461.0","2,501.0","+44.0","300","744","0","3,000","0.00","-","2.00","2,537.20","2,590.80","2,613.19","2,611.95","2,811.32","160","240","238"
"2022/10/12","2,500.0","2,500.0","2,457.0","2,457.0","-51.0","300","745","0","3,000","0.00","-","2.00","2,559.00","2,594.76","2,611.84","2,613.58","2,814.99","100","236","253"
"2022/10/11","2,607.0","2,607.0","2,508.0","2,508.0","0.0","200","512","0","3,000","0.00","-","2.70","2,589.60","2,600.80","2,611.73","2,615.65","2,818.90","60","228","268"
"2022/10/07","-","-","-","-","-","0","-","0","3,000","0.00","-","2.70","2,610.40","2,604.80","2,612.63","2,617.77","2,822.56","20","228","268"
"2022/10/06","-","-","-","-","-","0","-","0","3,000","0.00","-","2.70","2,610.80","2,606.00","2,612.09","2,618.87","2,825.41","120","228","276"
"2022/10/05","-","-","-","-","-","0","-","0","3,000","0.00","-","2.70","2,609.80","2,607.20","2,611.96","2,619.97","2,828.36","120","228","276"
"2022/10/04","2,610.0","2,610.0","2,610.0","2,610.0","0.0","100","261","0","3,000","0.00","-","2.00","2,608.80","2,608.40","2,611.83","2,621.07","2,831.31","180","228","276"
"2022/10/03","-","-","-","-","-","0","-","0","3,000","0.00","-","2.00","2,608.80","2,609.60","2,611.69","2,622.17","2,834.59","160","248","278"
"2022/09/30","2,600.0","2,649.0","2,600.0","2,612.0","0.0","500","1,308","0","3,000","0.00","-","2.00","2,608.40","2,609.36","2,611.48","2,623.25","2,837.85","260","252","278"
"2022/09/29","-","-","-","-","-","0","-","0","3,000","0.00","-","2.00","2,606.00","2,609.12","2,611.27","2,623.89","2,840.17","280","232","272"
"2022/09/28","2,605.0","2,605.0","2,605.0","2,605.0","0.0","300","782","0","3,000","0.00","-","2.70","2,607.00","2,609.16","2,611.15","2,624.85","2,842.52","320","232","272"
"2022/09/27","-","-","-","-","-","0","-","0","3,000","0.00","-","2.70","2,606.00","2,609.20","2,611.03","2,625.81","2,845.37","260","220","270"
"2022/09/26","2,610.0","2,610.0","2,603.0","2,610.0","+10.0","500","1,304","0","3,000","0.00","-","2.60","2,604.00","2,609.04","2,611.85","2,626.91","2,847.94","260","220","270"
"2022/09/22","2,610.0","2,612.0","2,600.0","2,600.0","-10.0","600","1,563","0","3,000","0.00","-","2.70","2,602.00","2,608.88","2,612.68","2,628.13","2,850.52","760","200","265"
"2022/09/21","2,610.0","2,610.0","2,610.0","2,610.0","0.0","200","522","0","3,000","0.00","-","2.60","2,602.00","2,609.12","2,613.21","2,629.45","2,853.14","640","180","257"
"2022/09/20","-","-","-","-","-","0","-","0","3,000","0.00","-","2.60","2,600.00","2,609.56","2,613.61","2,630.67","2,855.74","600","172","254"
"2022/09/16","-","-","-","-","-","0","-","0","3,000","0.00","-","2.60","2,600.00","2,610.40","2,614.15","2,632.06","2,858.59","600","172","256"
"2022/09/15","2,600.0","2,600.0","2,600.0","2,600.0","0.0","3,000","7,800","0","3,000","0.00","-","2.60","2,600.00","2,611.24","2,614.68","2,633.45","2,861.29","600","172","256"
"2022/09/14","-","-","-","-","-","0","-","0","3,000","0.00","-","2.60","2,600.00","2,612.08","2,615.21","2,634.84","2,863.64","0","52","216"
"2022/09/13","-","-","-","-","-","0","-","0","3,000","0.00","-","2.60","2,600.00","2,612.92","2,615.75","2,636.38","2,865.82","0","52","216"
"2022/09/12","-","-","-","-","-","0","-","0","3,000","0.00","-","2.60","2,600.00","2,613.76","2,616.28","2,637.15","2,867.99","0","56","218"
"2022/09/09","-","-","-","-","-","0","-","0","3,000","0.00","-","2.60","2,600.00","2,618.68","2,616.63","2,638.12","2,870.29","40","56","224"
"2022/09/08","-","-","-","-","-","0","-","0","3,000","0.00","-","2.60","2,601.60","2,623.60","2,616.96","2,638.91","2,872.89","60","56","228"
"2022/09/07","-","-","-","-","-","0","-","0","3,000","0.00","-","2.60","2,603.20","2,628.52","2,617.29","2,639.61","2,875.44","100","56","244"
"2022/09/06","-","-","-","-","-","0","-","0","3,000","0.00","-","2.60","2,611.20","2,633.44","2,618.15","2,640.31","2,877.64","100","60","244"
"2022/09/05","2,600.0","2,600.0","2,600.0","2,600.0","-8.0","200","520","0","3,000","0.00","-","2.00","2,619.20","2,636.36","2,619.00","2,640.93","2,880.14","100","60","244"
"2022/09/02","2,608.0","2,608.0","2,608.0","2,608.0","0.0","100","261","0","3,000","0.00","-","2.70","2,627.20","2,639.28","2,619.85","2,642.48","2,882.69","60","52","241"
"2022/09/01","2,603.0","2,608.0","2,603.0","2,608.0","0.0","200","521","0","3,000","0.00","-","2.70","2,633.60","2,641.88","2,620.60","2,644.40","2,885.20","160","48","252"
"2022/08/31","-","-","-","-","-","0","-","0","3,000","0.00","-","2.70","2,633.20","2,644.48","2,622.09","2,647.01","2,887.71","140","44","249"
"2022/08/30","-","-","-","-","-","0","-","0","3,000","0.00","-","2.70","2,626.40","2,644.64","2,623.16","2,649.49","2,890.06","140","48","249"
"2022/08/29","-","-","-","-","-","0","-","0","3,000","0.00","-","2.00","2,619.60","2,644.80","2,624.23","2,652.09","2,892.04","140","236","249"
"2022/08/26","2,640.0","2,640.0","2,640.0","2,640.0","+34.0","600","1,584","0","3,000","0.00","-","2.00","2,612.80","2,647.92","2,625.29","2,654.69","2,894.31","140","236","249"
"2022/08/25","2,606.0","2,606.0","2,606.0","2,606.0","0.0","100","261","0","3,000","0.00","-","2.00","2,606.00","2,651.04","2,626.36","2,657.09","2,896.59","20","248","241"
"2022/08/24","-","-","-","-","-","0","-","0","3,000","0.00","-","2.00","2,606.00","2,652.64","2,627.88","2,661.13","2,899.03","0","248","258"
"2022/08/23","-","-","-","-","-","0","-","0","3,000","0.00","-","2.00","2,606.00","2,652.24","2,628.81","2,666.17","2,901.48","20","248","260"
"2022/08/22","-","-","-","-","-","0","-","0","3,000","0.00","-","2.00","2,609.00","2,651.84","2,630.08","2,671.21","2,903.82","20","284","262"
"2022/08/19","-","-","-","-","-","0","-","0","3,000","0.00","-","2.00","2,612.00","2,651.56","2,631.35","2,676.65","2,906.17","20","284","270"
"2022/08/18","-","-","-","-","-","0","-","0","3,000","0.00","-","2.00","2,615.00","2,651.28","2,632.87","2,681.54","2,908.21","20","284","293"
"2022/08/17","2,606.0","2,606.0","2,606.0","2,606.0","0.0","100","261","0","3,000","0.00","-","2.00","2,618.00","2,651.00","2,634.55","2,686.43","2,910.26","20","284","293"
"2022/08/16","-","-","-","-","-","0","-","0","3,000","0.00","-","2.00","2,621.00","2,650.72","2,636.23","2,691.07","2,912.30","0","280","292"
"2022/08/15","-","-","-","-","-","0","-","0","3,000","0.00","-","2.00","2,621.00","2,649.84","2,637.71","2,695.56","2,914.27","20","284","328"
"2022/08/12","-","-","-","-","-","0","-","0","3,000","0.00","-","2.00","2,641.40","2,648.96","2,639.28","2,700.05","2,916.16","20","284","328"
"2022/08/10","-","-","-","-","-","0","-","0","3,000","0.00","-","2.00","2,661.80","2,648.08","2,640.85","2,703.89","2,918.05","20","284","328"
"2022/08/09","-","-","-","-","-","0","-","0","3,000","0.00","-","2.00","2,682.20","2,647.20","2,642.43","2,707.73","2,920.00","20","288","332"
"2022/08/08","2,621.0","2,621.0","2,621.0","2,621.0","0.0","100","262","0","3,000","0.00","-","2.00","2,702.60","2,650.32","2,644.20","2,711.57","2,921.94","40","292","352"
"2022/08/05","-","-","-","-","-","0","-","0","3,000","0.00","-","2.00","2,713.00","2,649.44","2,644.95","2,715.41","2,923.89","20","296","357"
"2022/08/04","-","-","-","-","-","0","-","0","3,000","0.00","-","2.00","2,703.00","2,644.48","2,644.60","2,718.23","2,925.32","20","296","369"
"2022/08/03","-","-","-","-","-","0","-","0","3,000","0.00","-","2.00","2,693.00","2,639.52","2,644.01","2,721.60","2,926.76","20","304","397"
"2022/08/02","2,723.0","2,723.0","2,723.0","2,723.0","0.0","100","272","0","3,000","0.00","-","2.00","2,683.00","2,632.24","2,643.31","2,724.92","2,928.19","40","344","416"
"2022/08/01","-","-","-","-","-","0","-","0","3,000","0.00","-","2.00","2,667.20","2,622.60","2,642.60","2,729.49","2,929.63","40","348","426"
"2022/07/29","-","-","-","-","-","0","-","0","3,000","0.00","-","2.00","2,661.40","2,612.40","2,642.45","2,734.76","2,931.31","980","416","444"
"2022/07/28","-","-","-","-","-","0","-","0","3,000","0.00","-","2.00","2,670.40","2,601.48","2,643.55","2,739.68","2,932.90","980","472","450"
"2022/07/27","2,673.0","2,673.0","2,673.0","2,673.0","+29.0","100","267","0","3,000","0.00","-","2.00","2,679.40","2,592.52","2,645.24","2,745.30","2,934.56","1,160","528","477"
"2022/07/26","2,644.0","2,644.0","2,644.0","2,644.0","0.0","100","264","0","3,000","0.00","-","2.00","2,674.00","2,588.60","2,647.85","2,750.22","2,936.22","1,160","532","480"
"2022/07/25","2,719.0","2,719.0","2,610.0","2,644.0","0.0","4,700","12,679","0","3,000","0.00","-","2.00","2,664.40","2,585.64","2,651.11","2,755.43","2,938.80","1,140","552","486"
"2022/07/22","-","-","-","-","-","0","-","0","3,000","0.00","-","2.00","2,654.80","2,583.88","2,654.52","2,760.59","2,941.10","380","364","434"
"2022/07/21","2,602.0","2,752.0","2,602.0","2,718.0","+72.0","900","2,411","0","3,000","0.00","-","2.00","2,631.00","2,579.16","2,656.95","2,764.71","2,943.06","380","364","440"
"2022/07/20","2,646.0","2,646.0","2,646.0","2,646.0","0.0","100","265","0","3,000","0.00","-","2.00","2,607.20","2,574.44","2,659.11","2,768.83","2,945.22","200","340","1,724"
"2022/07/19","-","-","-","-","-","0","-","0","3,000","0.00","-","2.00","2,597.80","2,572.44","2,663.96","2,773.67","2,947.99","180","336","1,724"
"2022/07/15","2,599.0","2,601.0","2,556.0","2,596.0","0.0","900","2,330","0","3,000","0.00","-","2.00","2,598.40","2,572.44","2,670.81","2,778.81","2,950.99","180","336","1,724"
"2022/07/14","-","-","-","-","-","0","-","0","3,000","0.00","-","2.00","2,599.00","2,572.44","2,677.67","2,783.95","2,953.73","20","300","1,716"
"2022/07/13","-","-","-","-","-","0","-","0","3,000","0.00","-","2.00","2,599.00","2,572.32","2,685.01","2,789.06","2,956.66","20","308","1,718"
"2022/07/12","-","-","-","-","-","0","-","0","3,000","0.00","-","2.00","2,599.00","2,575.24","2,691.63","2,794.17","2,959.67","20","308","1,718"
"2022/07/11","-","-","-","-","-","0","-","0","3,000","0.00","-","2.00","2,599.00","2,578.16","2,698.24","2,799.28","2,962.42","40","312","1,722"
"2022/07/08","2,599.0","2,599.0","2,599.0","2,599.0","0.0","100","260","0","3,000","0.00","-","2.00","2,619.00","2,579.80","2,704.52","2,804.14","2,965.53","60","312","1,722"
"2022/07/07","-","-","-","-","-","0","-","0","3,000","0.00","-","2.00","2,619.00","2,581.44","2,710.80","2,807.78","2,968.63","80","308","1,721"
"2022/07/06","-","-","-","-","-","0","-","0","3,000","0.00","-","2.00","2,619.00","2,583.08","2,717.08","2,812.49","2,971.74","80","312","1,722"
"2022/07/05","2,599.0","2,599.0","2,599.0","2,599.0","-100.0","100","260","0","3,000","0.00","-","2.00","2,619.00","2,584.72","2,722.49","2,817.20","2,974.84","120","312","1,722"
"2022/07/04","2,699.0","2,699.0","2,699.0","2,699.0","+100.0","100","270","0","3,000","0.00","-","2.00","2,607.40","2,586.36","2,727.91","2,823.11","2,977.95","300","308","1,721"
"2022/07/01","2,599.0","2,599.0","2,599.0","2,599.0","0.0","200","520","0","3,000","0.00","-","2.00","2,564.00","2,584.00","2,731.99","2,828.02","2,980.23","320","304","1,720"
"2022/06/30","-","-","-","-","-","0","-","0","3,000","0.00","-","2.00","2,527.80","2,585.64","2,737.40","2,833.93","2,983.41","620","304","1,717"
"2022/06/29","2,549.0","2,599.0","2,549.0","2,599.0","+58.0","200","515","0","3,000","0.00","-","2.00","2,488.00","2,586.72","2,742.81","2,839.94","2,986.59","900","320","1,718"
"2022/06/28","2,482.0","2,544.0","2,482.0","2,541.0","+59.0","1,000","2,496","0","3,000","0.00","-","2.00","2,458.00","2,587.76","2,748.96","2,845.95","2,989.77","1,140","324","1,722"
"2022/06/27","2,482.0","2,482.0","2,482.0","2,482.0","+64.0","200","496","0","3,000","0.00","-","2.00","2,464.80","2,591.12","2,755.81","2,852.54","2,993.06","980","332","1,722"
"2022/06/24","2,400.0","2,451.0","2,400.0","2,418.0","+18.0","1,700","4,095","0","3,000","0.00","-","2.40","2,482.40","2,598.40","2,765.12","2,859.72","2,996.40","1,060","324","1,733"
"2022/06/23","2,426.0","2,426.0","2,400.0","2,400.0","-49.0","1,400","3,389","0","3,000","0.00","-","2.00","2,518.80","2,608.24","2,775.55","2,867.54","3,000.06","720","256","1,742"
"2022/06/22","2,550.0","2,550.0","2,449.0","2,449.0","-126.0","1,400","3,546","0","3,000","0.00","-","2.00","2,558.80","2,618.80","2,785.75","2,874.59","3,003.81","440","200","1,725"
"2022/06/21","2,570.0","2,575.0","2,570.0","2,575.0","+5.0","200","515","0","3,000","0.00","-","2.60","2,589.00","2,627.40","2,796.23","2,881.15","3,007.32","220","180","1,708"
"2022/06/20","2,574.0","2,574.0","2,570.0","2,570.0","0.0","600","1,543","0","3,000","0.00","-","2.60","2,593.20","2,633.20","2,804.09","2,886.45","3,009.62","180","172","1,705"
"2022/06/17","-","-","-","-","-","0","-","0","3,000","0.00","-","2.60","2,598.40","2,639.20","2,812.03","2,891.80","3,012.27","60","148","1,710"
"2022/06/16","-","-","-","-","-","0","-","0","3,000","0.00","-","2.60","2,597.60","2,644.00","2,819.49","2,896.85","3,014.77","60","148","1,714"
"2022/06/15","2,600.0","2,600.0","2,600.0","2,600.0","0.0","300","780","0","3,000","0.00","-","2.00","2,596.80","2,648.80","2,826.56","2,901.90","3,017.27","100","148","1,714"
"2022/06/14","-","-","-","-","-","0","-","0","3,000","0.00","-","2.00","2,611.20","2,653.60","2,833.63","2,906.95","3,020.27","40","136","1,712"
"2022/06/13","-","-","-","-","-","0","-","0","3,000","0.00","-","2.00","2,626.40","2,658.56","2,840.75","2,912.49","3,023.74","60","192","1,721"
"2022/06/10","-","-","-","-","-","0","-","0","3,000","0.00","-","2.00","2,635.20","2,661.76","2,847.60","2,918.03","3,027.21","60","196","1,721"
"2022/06/09","2,625.0","2,625.0","2,596.0","2,596.0","0.0","200","522","0","3,000","0.00","-","2.00","2,644.00","2,665.96","2,854.45","2,923.57","3,030.73","60","204","1,721"
"2022/06/08","-","-","-","-","-","0","-","0","3,000","0.00","-","2.00","2,652.80","2,670.16","2,861.31","2,929.11","3,034.25","40","220","1,718"
"2022/06/07","2,672.0","2,672.0","2,672.0","2,672.0","0.0","100","267","0","3,000","0.00","-","2.70","2,646.40","2,672.08","2,867.15","2,933.89","3,037.39","40","288","1,718"
"2022/06/06","-","-","-","-","-","0","-","0","3,000","0.00","-","2.70","2,640.00","2,674.48","2,872.99","2,938.92","3,040.15","20","284","1,720"
"2022/06/03","-","-","-","-","-","0","-","0","3,000","0.00","-","2.30","2,640.00","2,678.16","2,878.92","2,944.97","3,043.30","20","284","1,725"
"2022/06/02","2,640.0","2,640.0","2,640.0","2,640.0","0.0","100","264","0","3,000","0.00","-","2.70","2,640.00","2,681.84","2,883.23","2,951.02","3,046.60","60","392","1,733"
"2022/06/01","-","-","-","-","-","0","-","0","3,000","0.00","-","2.70","2,637.20","2,685.80","2,888.96","2,957.07","3,049.00","120","388","1,732"
"2022/05/31","-","-","-","-","-","0","-","0","3,000","0.00","-","2.70","2,634.20","2,689.76","2,894.69","2,963.12","3,051.40","180","388","1,745"
"2022/05/30","-","-","-","-","-","0","-","0","3,000","0.00","-","2.00","2,631.20","2,693.72","2,902.03","2,969.07","3,054.00","420","400","1,745"
"2022/05/27","2,626.0","2,640.0","2,626.0","2,640.0","+14.0","200","527","0","3,000","0.00","-","2.00","2,636.00","2,698.28","2,909.36","2,975.02","3,056.60","420","460","1,745"
"2022/05/26","2,675.0","2,675.0","2,626.0","2,626.0","+1.0","400","1,065","0","3,000","0.00","-","2.00","2,640.80","2,699.76","2,916.69","2,980.97","3,059.60","380","472","1,744"
"2022/05/25","2,625.0","2,625.0","2,625.0","2,625.0","0.0","300","788","0","3,000","0.00","-","2.00","2,648.40","2,702.60","2,924.35","2,987.06","3,062.67","300","492","1,738"
"2022/05/24","2,650.0","2,650.0","2,625.0","2,625.0","0.0","1,200","3,166","0","3,000","0.00","-","2.00","2,656.20","2,704.76","2,932.01","2,993.16","3,065.75","420","564","1,734"
"2022/05/23","-","-","-","-","-","0","-","0","3,000","0.00","-","2.00","2,675.20","2,706.56","2,939.68","2,999.26","3,068.87","180","572","1,718"
"2022/05/20","-","-","-","-","-","0","-","0","3,000","0.00","-","2.00","2,686.40","2,706.80","2,946.83","3,004.97","3,071.80","180","608","1,718"
"2022/05/19","-","-","-","-","-","0","-","0","3,000","0.00","-","2.00","2,697.60","2,706.72","2,953.97","3,010.68","3,074.33","180","660","1,720"
"2022/05/18","2,651.0","2,671.0","2,651.0","2,664.0","0.0","900","2,394","0","3,000","0.00","-","2.80","2,708.80","2,710.36","2,959.85","3,016.39","3,077.21","180","680","1,721"
"2022/05/17","-","-","-","-","-","0","-","0","3,000","0.00","-","2.80","2,720.00","2,715.80","2,965.73","3,022.15","3,079.99","0","724","1,709"
"2022/05/16","-","-","-","-","-","0","-","0","3,000","0.00","-","2.80","2,720.00","2,721.76","2,970.87","3,027.35","3,082.49","280","736","1,709"
"2022/05/13","-","-","-","-","-","0","-","0","3,000","0.00","-","2.80","2,711.20","2,728.48","2,976.00","3,031.95","3,084.99","300","760","1,709"
"2022/05/12","-","-","-","-","-","0","-","0","3,000","0.00","-","2.80","2,707.40","2,735.68","2,981.13","3,036.75","3,087.14","340","792","1,726"
"2022/05/11","-","-","-","-","-","0","-","0","3,000","0.00","-","2.80","2,703.60","2,742.88","2,986.27","3,041.55","3,089.29","460","808","1,728"
"2022/05/10","2,826.0","2,826.0","2,720.0","2,720.0","+44.0","1,400","3,912","0","3,000","0.00","-","2.00","2,703.60","2,749.28","2,991.40","3,047.00","3,091.42","800","4,696","1,730"
"2022/05/09","2,676.0","2,676.0","2,676.0","2,676.0","-25.0","100","268","0","3,000","0.00","-","2.00","2,706.00","2,760.88","2,997.13","3,052.45","3,093.42","520","4,644","1,712"
"2022/05/06","2,701.0","2,701.0","2,701.0","2,701.0","0.0","200","540","0","3,000","0.00","-","2.80","2,717.20","2,778.24","3,003.45","3,056.44","3,095.59","500","4,640","1,710"
"2022/05/02","2,790.0","2,790.0","2,701.0","2,701.0","-19.0","600","1,656","0","3,000","0.00","-","2.80","2,723.40","2,794.60","3,009.44","3,060.18","3,097.38","1,000","4,644","1,708"
"2022/04/28","2,700.0","2,720.0","2,700.0","2,720.0","0.0","1,700","4,592","0","3,000","0.00","-","2.00","2,731.00","2,812.56","3,015.43","3,064.92","3,099.15","880","4,628","1,700"
"2022/04/27","-","-","-","-","-","0","-","0","3,200","0.00","-","2.00","2,734.80","2,827.56","3,021.16","3,068.97","3,101.75","540","4,560","1,678"
"2022/04/26","-","-","-","-","-","0","-","0","3,200","0.00","-","2.00","2,736.20","2,842.08","3,027.07","3,072.90","3,104.22","600","4,572","1,680"
"2022/04/25","2,740.0","2,740.0","2,732.0","2,732.0","0.0","2,700","7,381","0","3,200","0.00","-","2.00","2,740.60","2,855.60","3,033.91","3,076.83","3,106.73","900","4,572","1,684"
"2022/04/22","-","-","-","-","-","0","-","0","3,200","0.00","-","2.00","2,729.60","2,869.12","3,040.75","3,080.81","3,109.40","460","4,464","1,648"
"2022/04/21","-","-","-","-","-","0","-","0","3,000","0.00","-","2.00","2,721.20","2,882.36","3,047.49","3,085.12","3,111.95","640","4,468","1,648"
"2022/04/20","2,704.0","2,739.0","2,704.0","2,739.0","-15.0","300","815","0","3,200","0.00","-","2.00","2,709.20","2,893.00","3,054.24","3,089.13","3,114.26","1,060","4,468","1,649"
"2022/04/19","2,663.0","2,757.0","2,663.0","2,754.0","+77.0","1,500","4,068","0","3,200","0.00","-","2.00","2,695.40","2,903.64","3,060.85","3,092.44","3,116.56","1,280","4,456","1,645"
"2022/04/18","2,696.0","2,696.0","2,677.0","2,677.0","-20.0","500","1,342","0","3,200","0.00","-","2.00","2,678.60","2,913.68","3,067.27","3,095.25","3,118.87","1,160","4,396","1,625"
"2022/04/15","2,698.0","2,698.0","2,695.0","2,697.0","+18.0","900","2,428","0","3,200","0.00","-","2.00","2,675.60","2,926.80","3,074.71","3,098.83","3,121.41","1,320","4,376","1,636"
"2022/04/14","2,672.0","2,700.0","2,670.0","2,679.0","+9.0","2,100","5,633","0","3,200","0.00","-","2.70","2,687.20","2,939.12","3,081.88","3,102.46","3,123.72","1,240","4,344","1,624"
"2022/04/13","2,670.0","2,680.0","2,666.0","2,670.0","0.0","1,400","3,740","0","3,200","0.00","-","2.70","2,711.40","2,954.36","3,089.29","3,106.87","3,126.78","1,220","4,280","1,596"
"2022/04/12","2,668.0","2,671.0","2,662.0","2,670.0","+8.0","900","2,402","0","3,200","0.00","-","2.00","2,751.20","2,969.76","3,096.83","3,111.27","3,129.18","1,000","4,264","1,577"
"2022/04/11","2,705.0","2,705.0","2,635.0","2,662.0","-93.0","1,300","3,463","0","3,200","0.00","-","2.00","2,794.80","2,990.16","3,104.36","3,114.97","3,131.68","940","4,268","1,565"
"2022/04/08","2,800.0","2,800.0","2,728.0","2,755.0","-45.0","500","1,381","0","3,100","0.00","-","2.80","2,842.40","3,011.68","3,112.00","3,119.35","3,134.27","840","4,312","1,548"
"2022/04/07","2,819.0","2,821.0","2,800.0","2,800.0","-69.0","2,000","5,620","0","3,200","0.00","-","2.00","2,871.40","3,028.08","3,118.40","3,122.90","3,136.47","820","4,296","1,542"
"2022/04/06","2,872.0","2,872.0","2,869.0","2,869.0","-19.0","300","861","0","3,100","0.00","-","2.00","2,887.40","3,045.48","3,124.27","3,126.00","3,138.19","19,860","4,220","1,516"
"2022/04/05","2,894.0","2,898.0","2,888.0","2,888.0","-12.0","600","1,737","0","3,000","0.00","-","2.90","2,915.60","3,057.32","3,129.21","3,128.41","3,139.70","19,820","4,208","1,516"
"2022/04/04","2,900.0","2,900.0","2,900.0","2,900.0","0.0","800","2,320","0","3,000","0.00","-","2.90","2,960.00","3,068.40","3,133.11","3,130.63","3,141.06","19,700","4,224","1,521"
"2022/04/01","2,880.0","2,900.0","2,880.0","2,900.0","+20.0","400","1,154","0","3,000","0.00","-","2.90","3,002.00","3,078.80","3,137.11","3,131.98","3,142.53","19,600","4,204","1,512"
"2022/03/31","2,840.0","2,901.0","2,840.0","2,880.0","-130.0","97,200","276,285","0","3,000","0.00","-","3.10","3,052.00","3,088.00","3,141.11","3,133.93","3,143.71","19,560","4,188","1,510"
"2022/03/30","3,010.0","3,010.0","3,010.0","3,010.0","0.0","100","301","0","0","0.00","-","3.20","3,095.00","3,098.00","3,146.24","3,136.08","3,144.73","120","304","214"
"2022/03/29","-","-","-","-","-","0","-","0","0","0.00","-","3.20","3,112.00","3,102.80","3,149.64","3,136.93","3,145.38","160","328","224"
"2022/03/28","3,150.0","3,150.0","3,110.0","3,110.0","-40.0","300","941","0","0","0.00","-","3.20","3,104.00","3,102.80","3,149.17","3,136.78","3,145.56","160","328","224"
"2022/03/25","3,105.0","3,150.0","3,105.0","3,150.0","0.0","200","626","0","0","0.00","-","3.00","3,096.00","3,102.80","3,148.71","3,136.43","3,145.51","100","316","222"
"2022/03/24","-","-","-","-","-","0","-","0","0","0.00","-","3.00","3,080.00","3,101.20","3,149.04","3,135.68","3,145.26","80","308","222"
"2022/03/23","3,035.0","3,095.0","3,030.0","3,095.0","0.0","300","916","0","0","0.00","-","3.10","3,062.00","3,101.80","3,149.44","3,134.88","3,145.01","80","308","222"
"2022/03/22","-","-","-","-","-","0","-","0","0","0.00","-","3.10","3,044.00","3,102.40","3,149.84","3,134.08","3,144.53","20","304","222"
"2022/03/18","-","-","-","-","-","0","-","0","0","0.00","-","3.10","3,031.00","3,103.00","3,150.57","3,133.53","3,143.97","20","320","248"
"2022/03/17","3,070.0","3,070.0","3,070.0","3,070.0","0.0","100","307","0","0","0.00","-","3.00","3,018.00","3,098.72","3,151.37","3,132.98","3,143.40","20","344","256"
"2022/03/16","-","-","-","-","-","0","-","0","0","0.00","-","3.00","3,005.00","3,098.72","3,152.71","3,132.27","3,143.22","20","340","272"
"2022/03/15","-","-","-","-","-","0","-","0","0","0.00","-","3.00","3,016.00","3,101.32","3,154.51","3,132.21","3,143.37","120","380","274"
"2022/03/14","-","-","-","-","-","0","-","0","0","0.00","-","3.00","3,026.00","3,108.72","3,155.37","3,132.26","3,143.70","320","380","278"
"2022/03/11","-","-","-","-","-","0","-","0","0","0.00","-","3.10","3,061.00","3,116.12","3,155.77","3,132.31","3,144.02","520","380","278"
"2022/03/10","3,005.0","3,005.0","3,005.0","3,005.0","-55.0","100","301","0","0","0.00","-","3.10","3,100.00","3,123.52","3,156.17","3,132.36","3,144.05","1,000","384","280"
"2022/03/09","3,050.0","3,060.0","3,045.0","3,060.0","+5.0","500","1,525","0","0","0.00","-","2.50","3,132.00","3,131.32","3,156.91","3,132.41","3,144.07","1,000","380","280"
"2022/03/08","3,180.0","3,180.0","3,055.0","3,055.0","-125.0","1,000","3,129","0","0","0.00","-","3.20","3,167.00","3,136.92","3,157.71","3,131.91","3,143.82","920","360","276"
"2022/03/07","3,200.0","3,200.0","3,180.0","3,180.0","-20.0","1,000","3,198","0","0","0.00","-","3.20","3,189.00","3,142.72","3,158.44","3,131.46","3,143.65","720","320","265"
"2022/03/04","3,190.0","3,230.0","3,190.0","3,200.0","+35.0","2,400","7,673","0","100","0.00","-","3.00","3,186.00","3,143.52","3,156.57","3,129.76","3,142.51","720","280","297"
"2022/03/03","3,165.0","3,165.0","3,165.0","3,165.0","-70.0","100","317","0","0","0.00","-","3.00","3,178.00","3,143.52","3,155.24","3,127.86","3,141.46","300","188","304"
"2022/03/02","3,235.0","3,235.0","3,235.0","3,235.0","0.0","100","324","0","0","0.00","-","3.00","3,171.00","3,141.12","3,154.51","3,126.11","3,140.68","280","188","302"
"2022/03/01","-","-","-","-","-","0","-","0","0","0.00","-","3.00","3,150.00","3,135.92","3,152.84","3,123.81","3,139.68","280","184","301"
"2022/02/28","3,160.0","3,165.0","3,160.0","3,165.0","+5.0","1,000","3,163","0","0","0.00","-","3.20","3,143.00","3,133.52","3,152.11","3,122.21","3,139.23","420","184","301"
"2022/02/25","3,135.0","3,160.0","3,135.0","3,160.0","0.0","300","943","0","0","0.00","-","3.20","3,132.00","3,131.12","3,151.37","3,122.16","3,138.38","220","144","294"
"2022/02/24","-","-","-","-","-","0","-","0","0","0.00","-","3.20","3,122.00","3,128.92","3,149.71","3,121.61","3,137.56","160","184","296"
"2022/02/22","3,130.0","3,130.0","3,130.0","3,130.0","0.0","100","313","0","0","0.00","-","3.20","3,118.00","3,127.92","3,149.24","3,121.41","3,136.66","160","188","430"
"2022/02/21","3,130.0","3,130.0","3,130.0","3,130.0","0.0","700","2,191","0","0","0.00","-","3.20","3,114.00","3,126.92","3,148.77","3,121.61","3,135.86","140","192","429"
"2022/02/18","-","-","-","-","-","0","-","0","0","0.00","-","3.20","3,110.00","3,127.72","3,148.31","3,122.31","3,135.38","40","164","420"
"2022/02/17","-","-","-","-","-","0","-","0","0","0.00","-","3.20","3,105.00","3,129.32","3,148.11","3,123.16","3,134.45","120","164","421"
"2022/02/16","-","-","-","-","-","0","-","0","0","0.00","-","3.20","3,075.60","3,130.92","3,147.64","3,123.51","3,133.51","240","164","421"
"2022/02/15","-","-","-","-","-","0","-","0","0","0.00","-","3.20","3,067.60","3,132.52","3,147.17","3,124.26","3,132.51","240","164","426"
"2022/02/14","3,085.0","3,110.0","3,085.0","3,110.0","+25.0","200","620","0","0","0.00","-","3.00","3,059.60","3,134.12","3,145.91","3,125.16","3,131.99","440","168","426"
"2022/02/10","3,155.0","3,155.0","3,015.0","3,085.0","+122.0","400","1,241","0","0","0.00","-","2.00","3,075.60","3,136.72","3,144.64","3,125.56","3,131.44","400","164","424"
"2022/02/09","2,934.0","2,963.0","2,934.0","2,963.0","0.0","600","1,772","0","0","0.00","-","3.10","3,096.60","3,143.12","3,143.71","3,126.91","3,131.31","320","160","418"
"2022/02/08","-","-","-","-","-","0","-","0","0","0.00","-","3.10","3,142.00","3,154.40","3,144.40","3,129.48","3,131.80","220","136","412"
"2022/02/07","3,050.0","3,090.0","3,050.0","3,070.0","0.0","1,000","3,056","0","0","0.00","-","3.20","3,168.00","3,161.40","3,143.45","3,130.98","3,131.70","220","136","412"
"2022/02/04","-","-","-","-","-","0","-","0","0","0.00","-","3.20","3,194.00","3,168.40","3,142.51","3,132.48","3,131.90","20","100","400"
"2022/02/03","-","-","-","-","-","0","-","0","0","0.00","-","3.20","3,196.00","3,170.20","3,140.11","3,132.78","3,131.50","20","100","400"
"2022/02/02","3,190.0","3,190.0","3,190.0","3,190.0","0.0","100","319","0","0","0.00","-","3.20","3,198.00","3,172.00","3,137.71","3,132.43","3,131.05","20","100","400"
"2022/02/01","-","-","-","-","-","0","-","0","0","0.00","-","3.20","3,200.00","3,173.80","3,135.31","3,132.88","3,130.60","20","148","398"
"2022/01/31","-","-","-","-","-","0","-","0","0","0.00","-","3.20","3,181.00","3,175.20","3,132.77","3,133.23","3,129.92","40","148","398"
"2022/01/28","-","-","-","-","-","0","-","0","0","0.00","-","3.20","3,162.00","3,176.60","3,130.24","3,133.58","3,129.42","40","148","398"
"2022/01/27","-","-","-","-","-","0","-","0","0","0.00","-","3.20","3,143.00","3,178.00","3,127.71","3,133.58","3,128.97","40","148","421"
"2022/01/26","3,200.0","3,200.0","3,200.0","3,200.0","+95.0","100","320","0","0","0.00","-","3.00","3,124.00","3,179.40","3,125.17","3,133.08","3,128.45","40","148","421"
"2022/01/25","3,105.0","3,105.0","3,105.0","3,105.0","0.0","100","311","0","0","0.00","-","3.00","3,105.00","3,180.80","3,122.64","3,132.58","3,127.92","280","144","428"
"2022/01/24","-","-","-","-","-","0","-","0","0","0.00","-","3.00","3,105.00","3,186.00","3,121.11","3,133.03","3,127.87","280","144","428"
"2022/01/21","-","-","-","-","-","0","-","0","0","0.00","-","3.00","3,105.00","3,191.40","3,119.77","3,133.48","3,127.90","320","144","432"
"2022/01/20","-","-","-","-","-","0","-","0","0","0.00","-","3.00","3,114.00","3,196.80","3,118.44","3,132.78","3,128.62","320","156","454"
"2022/01/19","3,105.0","3,105.0","3,105.0","3,105.0","0.0","1,300","4,037","0","0","0.00","-","3.00","3,123.00","3,199.80","3,119.17","3,132.73","3,129.25","320","196","469"
"2022/01/18","3,105.0","3,105.0","3,105.0","3,105.0","0.0","100","311","0","0","0.00","-","3.00","3,132.00","3,203.60","3,119.17","3,132.68","3,130.50","60","148","453"
"2022/01/17","3,080.0","3,105.0","3,080.0","3,105.0","0.0","200","619","0","0","0.00","-","3.20","3,141.00","3,207.40","3,119.24","3,132.63","3,131.00","40","156","484"
"2022/01/14","-","-","-","-","-","0","-","0","0","0.00","-","3.20","3,150.00","3,213.80","3,119.84","3,133.58","3,130.80","20","148","482"
"2022/01/13","-","-","-","-","-","0","-","0","0","0.00","-","3.20","3,155.00","3,218.40","3,120.51","3,134.98","3,129.47","40","180","500"
"2022/01/12","-","-","-","-","-","0","-","0","0","0.00","-","3.20","3,174.00","3,215.40","3,121.11","3,136.38","3,128.09","100","180","506"
"2022/01/11","-","-","-","-","-","0","-","0","0","0.00","-","3.20","3,193.00","3,212.40","3,121.04","3,137.88","3,126.87","100","188","520"
"2022/01/07","3,150.0","3,150.0","3,150.0","3,150.0","-25.0","100","315","0","0","0.00","-","3.00","3,212.00","3,213.40","3,121.51","3,139.38","3,125.25","100","196","525"
"2022/01/06","3,175.0","3,175.0","3,175.0","3,175.0","-70.0","100","318","0","0","0.00","-","3.00","3,231.00","3,212.40","3,122.17","3,140.88","3,123.93","100","192","538"
"2022/01/05","3,245.0","3,245.0","3,175.0","3,245.0","0.0","300","967","0","0","0.00","-","3.00","3,243.00","3,210.40","3,121.84","3,141.38","3,122.19","80","200","540"
"2022/01/04","-","-","-","-","-","0","-","0","0","0.00","-","3.00","3,241.00","3,205.60","3,121.51","3,141.63","3,119.97","20","264","536"
"2021/12/30","-","-","-","-","-","0","-","0","0","0.00","-","3.00","3,239.00","3,201.00","3,121.17","3,142.18","3,117.55","280","288","536"
"2021/12/29","3,245.0","3,245.0","3,245.0","3,245.0","0.0","100","325","0","0","0.00","-","3.00","3,237.00","3,198.00","3,120.84","3,140.93","3,115.07","280","340","536"
"2021/12/28","-","-","-","-","-","0","-","0","0","0.00","-","3.00","3,235.00","3,193.80","3,120.51","3,139.68","3,112.60","260","344","540"
"2021/12/27","-","-","-","-","-","0","-","0","0","0.00","-","3.00","3,235.00","3,187.20","3,120.31","3,138.93","3,110.18","260","356","544"
"2021/12/24","3,235.0","3,245.0","3,165.0","3,235.0","0.0","1,300","4,206","0","0","0.00","-","3.00","3,235.00","3,179.20","3,119.24","3,138.18","3,107.76","260","356","554"
"2021/12/23","-","-","-","-","-","0","-","0","0","0.00","-","3.00","3,235.00","3,171.20","3,119.24","3,138.23","3,105.23","0","308","537"
"2021/12/22","-","-","-","-","-","0","-","0","0","0.00","-","3.00","3,235.00","3,164.20","3,119.24","3,138.28","3,102.48","20","312","552"
"2021/12/21","-","-","-","-","-","0","-","0","0","0.00","-","3.00","3,236.00","3,159.60","3,119.24","3,138.33","3,099.79","20","320","553"
"2021/12/20","-","-","-","-","-","0","-","0","0","0.00","-","3.00","3,237.00","3,154.60","3,118.77","3,138.48","3,097.62","80","328","556"
"2021/12/17","-","-","-","-","-","0","-","0","0","0.00","-","3.00","3,226.00","3,146.80","3,117.64","3,138.63","3,095.89","280","464","556"
"2021/12/16","3,235.0","3,235.0","3,235.0","3,235.0","0.0","100","324","0","0","0.00","-","3.30","3,219.00","3,141.40","3,116.51","3,137.98","3,094.27","300","580","557"
"2021/12/15","-","-","-","-","-","0","-","0","0","0.00","-","3.30","3,212.00","3,136.40","3,115.37","3,138.03","3,092.73","340","576","557"
"2021/12/14","3,140.0","3,240.0","3,140.0","3,240.0","+60.0","300","952","0","0","0.00","-","3.20","3,217.00","3,131.20","3,114.17","3,137.83","3,091.53","340","576","574"
"2021/12/13","3,130.0","3,180.0","3,105.0","3,180.0","-20.0","1,000","3,153","0","0","0.00","-","3.20","3,222.00","3,126.00","3,111.44","3,137.63","3,089.72","440","564","576"
"2021/12/10","3,200.0","3,200.0","3,200.0","3,200.0","0.0","100","320","0","0","0.00","-","3.20","3,201.00","3,123.20","3,110.37","3,138.03","3,087.80","240","544","562"
"2021/12/09","3,195.0","3,200.0","3,195.0","3,200.0","0.0","300","960","0","0","0.00","-","3.00","3,176.00","3,116.60","3,109.04","3,137.53","3,085.75","260","556","561"
"2021/12/08","-","-","-","-","-","0","-","0","0","0.00","-","3.00","3,171.00","3,112.40","3,107.71","3,137.03","3,083.40","240","948","572"
"2021/12/07","3,155.0","3,265.0","3,155.0","3,265.0","0.0","800","2,571","0","0","0.00","-","3.00","3,143.00","3,105.60","3,106.84","3,135.83","3,080.68","240","948","574"
"2021/12/06","-","-","-","-","-","0","-","0","0","0.00","-","3.00","3,115.00","3,098.80","3,107.17","3,134.38","3,077.55","140","916","564"
"2021/12/03","3,105.0","3,105.0","3,075.0","3,075.0","-100.0","200","618","0","0","0.00","-","3.00","3,125.00","3,099.60","3,110.04","3,134.73","3,074.70","520","920","565"
"2021/12/02","3,195.0","3,195.0","3,175.0","3,175.0","0.0","200","637","0","0","0.00","-","3.00","3,136.00","3,099.60","3,113.04","3,134.58","3,071.58","600","912","562"
"2021/12/01","-","-","-","-","-","0","-","0","0","0.00","-","3.00","3,135.00","3,095.60","3,114.71","3,133.38","3,067.96","820","920","560"
"2021/11/30","3,055.0","3,125.0","3,055.0","3,125.0","0.0","300","931","0","0","0.00","-","3.00","3,138.00","3,091.20","3,117.04","3,134.53","3,064.43","860","920","562"
"2021/11/29","3,200.0","3,300.0","3,125.0","3,125.0","-5.0","1,900","6,010","0","0","0.00","-","3.20","3,127.00","3,086.80","3,118.37","3,135.53","3,060.81","860","908","566"
"2021/11/26","3,150.0","3,150.0","3,130.0","3,130.0","-40.0","600","1,886","0","0","0.00","-","3.20","3,109.00","3,082.40","3,120.31","3,136.63","3,057.45","480","832","569"
"2021/11/25","3,155.0","3,200.0","3,070.0","3,170.0","+30.0","1,300","4,098","0","0","0.00","-","3.20","3,090.00","3,077.80","3,122.57","3,137.98","3,054.46","380","812","596"
"2021/11/24","3,070.0","3,140.0","3,070.0","3,140.0","+70.0","200","621","0","0","0.00","-","3.10","3,068.00","3,070.96","3,121.91","3,138.78","3,050.86","140","760","590"
"2021/11/22","2,965.0","3,070.0","2,965.0","3,070.0","0.0","300","900","0","0","0.00","-","3.00","3,064.00","3,065.32","3,121.64","3,139.38","3,047.84","140","756","590"
"2021/11/19","-","-","-","-","-","0","-","0","0","0.00","-","3.00","3,072.00","3,062.92","3,122.84","3,140.68","3,044.68","120","744","590"
"2021/11/18","3,035.0","3,035.0","3,035.0","3,035.0","-25.0","100","304","0","0","0.00","-","3.10","3,073.00","3,061.92","3,124.51","3,142.48","3,041.42","800","744","605"
"2021/11/17","3,060.0","3,060.0","3,060.0","3,060.0","-60.0","100","306","0","0","0.00","-","3.20","3,086.00","3,060.92","3,127.24","3,143.98","3,037.96","1,360","740","604"
"2021/11/16","3,050.0","3,120.0","3,050.0","3,120.0","+10.0","200","617","0","0","0.00","-","3.20","3,096.00","3,058.92","3,129.64","3,144.98","3,034.16","1,340","736","602"
"2021/11/15","3,110.0","3,110.0","3,110.0","3,110.0","+70.0","200","622","0","0","0.00","-","3.10","3,094.00","3,054.52","3,131.24","3,146.68","3,029.86","1,300","728","601"
"2021/11/12","3,110.0","3,200.0","3,040.0","3,040.0","-60.0","3,400","10,619","0","0","0.00","-","3.10","3,094.00","3,050.52","3,133.11","3,147.08","3,025.59","1,260","788","598"
"2021/11/11","3,040.0","3,145.0","3,040.0","3,100.0","0.0","2,900","9,006","0","0","0.00","-","3.20","3,108.00","3,049.32","3,135.91","3,148.38","3,021.61","680","652","560"
"2021/11/10","-","-","-","-","-","0","-","0","0","0.00","-","3.20","3,095.00","3,045.72","3,136.84","3,149.18","3,017.22","180","560","549"
"2021/11/09","-","-","-","-","-","0","-","0","0","0.00","-","3.20","3,092.00","3,040.92","3,138.57","3,150.03","3,012.76","2,200","564","553"
"2021/11/08","-","-","-","-","-","0","-","0","0","0.00","-","3.20","3,089.00","3,036.72","3,140.04","3,150.38","3,008.43","2,200","576","560"
"2021/11/05","3,100.0","3,235.0","3,100.0","3,110.0","+75.0","500","1,578","0","0","0.00","-","3.00","3,086.00","3,032.52","3,141.51","3,150.98","3,003.99","2,200","644","562"
"2021/11/04","2,955.0","3,035.0","2,955.0","3,035.0","-60.0","400","1,195","0","0","0.00","-","3.00","3,083.00","3,034.52","3,142.97","3,151.48","2,999.70","2,120","668","565"
"2021/11/02","3,165.0","3,165.0","3,095.0","3,095.0","0.0","10,100","31,267","0","0","0.00","-","3.00","3,091.00","3,037.32","3,144.51","3,153.08","2,995.82","2,040","656","560"
"2021/11/01","-","-","-","-","-","0","-","0","0","0.00","-","3.00","3,087.00","3,037.92","3,145.24","3,153.48","2,991.65","100","348","426"
"2021/10/29","-","-","-","-","-","0","-","0","0","0.00","-","3.00","3,071.00","3,040.12","3,145.91","3,153.38","2,987.50","100","352","432"
"2021/10/28","3,095.0","3,095.0","3,095.0","3,095.0","0.0","100","310","0","0","0.00","-","3.00","3,055.00","3,044.32","3,146.24","3,153.83","2,982.87","100","404","434"
"2021/10/27","-","-","-","-","-","0","-","0","0","0.00","-","3.00","3,039.00","3,048.32","3,146.44","3,154.33","2,978.47","80","420","437"
"2021/10/26","3,085.0","3,085.0","3,075.0","3,075.0","0.0","400","1,233","0","0","0.00","-","3.00","3,027.00","3,051.12","3,146.24","3,154.58","2,974.27","100","460","442"
"2021/10/25","-","-","-","-","-","0","-","0","0","0.00","-","3.00","3,011.80","3,055.52","3,145.97","3,154.83","2,970.08","20","460","481"
"2021/10/22","-","-","-","-","-","0","-","0","0","0.00","-","3.00","3,008.60","3,062.92","3,148.97","3,155.13","2,966.02","40","504","489"
"2021/10/21","-","-","-","-","-","0","-","0","0","0.00","-","2.00","3,007.60","3,068.32","3,151.77","3,154.98","2,961.96","40","512","501"
"2021/10/20","3,015.0","3,015.0","3,015.0","3,015.0","0.0","100","302","0","0","0.00","-","2.20","3,006.60","3,076.52","3,154.71","3,154.41","2,957.93","40","512","513"
"2021/10/19","-","-","-","-","-","0","-","0","0","0.00","-","1.90","3,005.60","3,084.72","3,158.04","3,153.81","2,953.78","20","508","521"
"2021/10/18","2,999.0","2,999.0","2,999.0","2,999.0","0.0","100","300","0","0","0.00","-","2.20","3,007.80","3,093.56","3,161.39","3,154.17","2,949.54","20","508","552"
"2021/10/15","-","-","-","-","-","0","-","0","0","0.00","-","2.20","3,010.00","3,102.40","3,164.07","3,154.53","2,945.60","0","520","561"
"2021/10/14","-","-","-","-","-","0","-","0","0","0.00","-","2.20","3,010.00","3,110.80","3,166.60","3,155.13","2,941.95","340","532","585"
"2021/10/13","-","-","-","-","-","0","-","0","0","0.00","-","2.20","3,010.00","3,116.60","3,169.33","3,155.73","2,938.12","340","564","588"
"2021/10/12","-","-","-","-","-","0","-","0","0","0.00","-","2.20","3,010.00","3,125.60","3,171.67","3,155.73","2,934.33","460","564","590"
"2021/10/11","-","-","-","-","-","0","-","0","0","0.00","-","2.20","3,006.00","3,134.60","3,173.67","3,155.73","2,930.53","480","608","618"
"2021/10/08","3,010.0","3,015.0","2,990.0","3,010.0","0.0","1,700","5,107","0","0","0.00","-","2.20","3,005.00","3,143.60","3,177.40","3,155.73","2,926.73","540","612","629"
"2021/10/07","-","-","-","-","-","0","-","0","0","0.00","-","2.20","3,004.00","3,151.20","3,179.27","3,155.83","2,922.96","540","552","621"
"2021/10/06","2,990.0","3,010.0","2,990.0","3,010.0","+20.0","600","1,798","0","0","0.00","-","2.20","3,034.00","3,156.80","3,181.40","3,155.25","2,919.02","760","552","622"
"2021/10/05","2,990.0","2,990.0","2,990.0","2,990.0","-15.0","100","299","0","0","0.00","-","2.20","3,053.00","3,162.40","3,183.67","3,155.05","2,915.07","660","532","618"
"2021/10/04","3,005.0","3,075.0","3,005.0","3,005.0","0.0","300","909","0","0","0.00","-","2.20","3,077.00","3,168.80","3,186.40","3,155.25","2,911.21","1,120","532","622"
"2021/10/01","3,020.0","3,025.0","3,000.0","3,005.0","-155.0","1,700","5,130","0","0","0.00","-","2.30","3,106.00","3,174.60","3,188.27","3,155.55","2,907.09","1,080","572","642"
"2021/09/30","3,110.0","3,160.0","3,085.0","3,160.0","+55.0","1,100","3,428","0","0","0.00","-","2.30","3,145.00","3,175.80","3,190.47","3,156.25","2,902.95","1,000","520","622"
"2021/09/29","3,105.0","3,105.0","3,105.0","3,105.0","-5.0","100","311","0","0","0.00","-","2.30","3,152.00","3,173.40","3,190.47","3,154.60","2,897.94","880","476","610"
"2021/09/28","3,220.0","3,220.0","3,030.0","3,110.0","-40.0","2,400","7,404","0","0","0.00","-","2.30","3,160.00","3,173.20","3,191.67","3,153.50","2,893.22","1,060","472","632"
"2021/09/27","3,150.0","3,150.0","3,150.0","3,150.0","-50.0","100","315","0","0","0.00","-","2.40","3,175.00","3,172.80","3,192.00","3,151.90","2,888.48","660","420","609"
"2021/09/24","3,195.0","3,225.0","3,155.0","3,200.0","+5.0","1,300","4,146","0","0","0.00","-","2.30","3,185.00","3,174.80","3,191.13","3,150.10","2,883.31","860","424","614"
"2021/09/22","3,185.0","3,195.0","3,170.0","3,195.0","+50.0","500","1,589","0","0","0.00","-","2.30","3,175.00","3,178.40","3,190.33","3,148.45","2,877.89","640","372","610"
"2021/09/21","3,135.0","3,145.0","3,070.0","3,145.0","-40.0","1,000","3,113","0","0","0.00","-","2.30","3,180.00","3,182.20","3,189.67","3,145.73","2,872.50","540","356","610"
"2021/09/17","3,130.0","3,185.0","3,130.0","3,185.0","-15.0","400","1,258","0","0","0.00","-","2.40","3,195.00","3,188.40","3,189.07","3,143.51","2,867.52","340","316","600"
"2021/09/16","3,120.0","3,200.0","3,120.0","3,200.0","+50.0","1,100","3,482","0","300","0.00","-","2.30","3,202.00","3,193.00","3,187.93","3,140.76","2,862.34","260","300","598"
"2021/09/15","3,220.0","3,220.0","3,150.0","3,150.0","0.0","200","637","0","300","0.00","-","2.40","3,206.00","3,197.00","3,185.87","3,138.81","2,857.08","120","264","1,801"
"2021/09/14","-","-","-","-","-","0","-","0","300","0.00","-","2.40","3,220.00","3,200.00","3,183.87","3,137.31","2,852.03","140","280","1,800"
"2021/09/13","-","-","-","-","-","0","-","0","300","0.00","-","2.40","3,207.00","3,202.00","3,180.37","3,135.71","2,846.53","300","364","1,805"
"2021/09/10","-","-","-","-","-","0","-","0","300","0.00","-","2.40","3,210.00","3,205.20","3,176.84","3,134.11","2,841.03","300","468","1,812"
"2021/09/09","3,220.0","3,220.0","3,220.0","3,220.0","0.0","400","1,288","0","300","0.00","-","2.40","3,213.00","3,201.20","3,174.37","3,132.41","2,835.50","520","504","1,813"
"2021/09/08","3,150.0","3,220.0","3,150.0","3,220.0","+65.0","300","952","0","300","0.00","-","2.30","3,216.00","3,197.20","3,171.91","3,131.31","2,830.09","460","496","1,820"
"2021/09/07","3,220.0","3,225.0","3,155.0","3,155.0","0.0","800","2,565","0","300","0.00","-","2.40","3,212.00","3,194.80","3,169.91","3,130.21","2,824.68","440","496","1,816"
"2021/09/06","-","-","-","-","-","0","-","0","300","0.00","-","2.40","3,211.00","3,195.00","3,168.77","3,129.66","2,819.59","280","508","1,809"
"2021/09/03","3,235.0","3,250.0","3,165.0","3,235.0","0.0","1,100","3,553","0","300","0.00","-","2.40","3,194.00","3,195.20","3,165.77","3,128.31","2,813.94","300","508","1,809"
"2021/09/02","3,235.0","3,235.0","3,235.0","3,235.0","+35.0","100","324","0","300","0.00","-","2.40","3,177.00","3,195.40","3,162.77","3,126.61","2,807.95","100","464","1,794"
"2021/09/01","3,200.0","3,200.0","3,200.0","3,200.0","0.0","200","640","0","300","0.00","-","2.30","3,160.00","3,195.60","3,159.77","3,125.26","2,801.93","340","464","1,801"
"2021/08/31","-","-","-","-","-","0","-","0","300","0.00","-","2.30","3,127.00","3,197.60","3,157.37","3,124.36","2,796.08","380","456","1,846"
"2021/08/30","3,150.0","3,150.0","3,150.0","3,150.0","0.0","100","315","0","300","0.00","-","2.30","3,117.00","3,201.60","3,154.73","3,123.81","2,790.49","380","476","1,878"
"2021/08/27","3,150.0","3,150.0","3,150.0","3,150.0","0.0","100","315","0","300","0.00","-","2.30","3,107.00","3,202.40","3,152.60","3,123.26","2,784.89","360","556","1,893"
"2021/08/26","3,035.0","3,150.0","3,020.0","3,150.0","+115.0","1,300","3,983","0","300","0.00","-","2.20","3,097.00","3,206.00","3,150.73","3,122.71","2,779.27","560","564","1,912"
"2021/08/25","3,100.0","3,100.0","3,035.0","3,035.0","0.0","400","1,234","0","300","0.00","-","2.30","3,107.00","3,208.80","3,149.20","3,122.31","2,773.62","340","532","1,896"
"2021/08/24","-","-","-","-","-","0","-","0","300","0.00","-","2.30","3,158.00","3,216.20","3,149.73","3,124.46","2,768.54","260","524","1,896"
"2021/08/23","-","-","-","-","-","0","-","0","300","0.00","-","2.30","3,196.00","3,221.00","3,148.33","3,125.76","2,763.22","280","552","1,896"
"2021/08/20","3,130.0","3,160.0","3,100.0","3,100.0","-100.0","1,100","3,446","0","300","0.00","-","2.40","3,236.00","3,223.00","3,146.93","3,128.31","2,757.87","280","552","1,897"
"2021/08/19","3,270.0","3,270.0","3,200.0","3,200.0","0.0","200","647","0","300","0.00","-","2.40","3,276.00","3,225.00","3,144.93","3,129.36","2,752.81","60","512","1,889"
"2021/08/18","-","-","-","-","-","0","-","0","300","0.00","-","2.40","3,296.00","3,222.80","3,141.87","3,128.01","2,747.29","60","520","1,890"
"2021/08/17","3,290.0","3,290.0","3,290.0","3,290.0","0.0","100","329","0","300","0.00","-","2.40","3,283.00","3,216.00","3,138.47","3,123.95","2,741.02","180","528","2,164"
"2021/08/16","-","-","-","-","-","0","-","0","300","0.00","-","2.40","3,279.00","3,208.80","3,133.57","3,119.80","2,734.74","580","536","2,168"
"2021/08/13","-","-","-","-","-","0","-","0","300","0.00","-","2.40","3,279.00","3,199.20","3,128.55","3,115.85","2,728.41","1,100","552","2,169"
"2021/08/12","3,240.0","3,300.0","3,240.0","3,300.0","+75.0","200","654","0","300","0.00","-","2.40","3,243.00","3,189.40","3,123.35","3,111.12","2,722.08","1,280","684","2,188"
"2021/08/11","3,130.0","3,225.0","3,130.0","3,225.0","-45.0","600","1,892","0","300","0.00","-","2.40","3,207.00","3,187.00","3,119.41","3,106.97","2,715.82","1,280","700","2,225"
"2021/08/10","3,200.0","3,295.0","3,080.0","3,270.0","-30.0","2,100","6,694","0","300","0.00","-","2.40","3,194.00","3,187.00","3,116.41","3,102.99","2,709.85","1,220","712","2,245"
"2021/08/06","3,250.0","3,340.0","3,250.0","3,300.0","+180.0","2,600","8,556","0","300","0.00","-","2.30","3,172.00","3,185.60","3,113.61","3,098.31","2,703.73","1,020","664","2,217"
"2021/08/05","3,120.0","3,120.0","3,120.0","3,120.0","0.0","900","2,808","0","300","0.00","-","2.30","3,160.00","3,184.20","3,110.41","3,092.91","2,697.59","500","588","2,226"
"2021/08/04","3,100.0","3,120.0","3,100.0","3,120.0","-40.0","200","622","0","300","0.00","-","2.30","3,184.00","3,189.40","3,109.48","3,089.21","2,692.35","320","644","2,224"
"2021/08/03","3,230.0","3,230.0","3,160.0","3,160.0","0.0","300","955","0","300","0.00","-","2.30","3,208.00","3,192.60","3,109.35","3,085.52","2,687.14","300","668","2,228"
"2021/08/02","3,100.0","3,170.0","3,100.0","3,160.0","0.0","1,100","3,440","0","300","0.00","-","2.40","3,226.00","3,194.20","3,108.68","3,081.43","2,681.74","240","728","2,260"
"2021/07/30","-","-","-","-","-","0","-","0","300","0.00","-","2.40","3,244.00","3,196.40","3,107.88","3,077.33","2,676.28","120","692","2,284"
"2021/07/29","-","-","-","-","-","0","-","0","300","0.00","-","2.40","3,230.00","3,194.20","3,106.01","3,072.22","2,670.32","540","700","2,288"
"2021/07/28","3,240.0","3,240.0","3,240.0","3,240.0","0.0","100","324","0","300","0.00","-","2.40","3,230.00","3,191.00","3,103.68","3,066.68","2,664.08","600","784","2,341"
"2021/07/27","-","-","-","-","-","0","-","0","300","0.00","-","2.40","3,226.00","3,193.00","3,101.81","3,061.25","2,657.97","680","812","2,397"
"2021/07/26","3,100.0","3,250.0","3,100.0","3,250.0","+80.0","500","1,594","0","300","0.00","-","2.30","3,220.00","3,189.00","3,099.95","3,056.75","2,652.07","720","856","2,508"
"2021/07/21","3,235.0","3,235.0","3,170.0","3,170.0","-70.0","2,100","6,781","0","300","0.00","-","2.40","3,214.00","3,185.80","3,097.88","3,053.15","2,646.17","760","840","2,654"
"2021/07/20","3,240.0","3,240.0","3,220.0","3,240.0","+20.0","300","970","0","400","0.00","-","2.40","3,210.00","3,186.20","3,096.88","3,050.56","2,640.67","340","768","2,686"
"2021/07/19","3,220.0","3,250.0","3,220.0","3,220.0","0.0","500","1,615","0","400","0.00","-","2.40","3,192.00","3,184.40","3,094.95","3,047.42","2,634.68","300","772","2,722"
"2021/07/16","3,200.0","3,220.0","3,200.0","3,220.0","0.0","200","642","0","300","0.00","-","2.40","3,177.00","3,181.40","3,093.48","3,045.22","2,628.71","280","824","2,752"
"2021/07/15","3,170.0","3,220.0","3,170.0","3,220.0","0.0","700","2,239","0","400","0.00","-","2.30","3,157.00","3,179.40","3,093.88","3,041.81","2,622.68","280","824","2,786"
"2021/07/14","-","-","-","-","-","0","-","0","300","0.00","-","2.30","3,135.00","3,177.00","3,094.01","3,037.57","2,616.78","200","804","2,824"
"2021/07/13","3,150.0","3,150.0","3,150.0","3,150.0","+5.0","100","315","0","300","0.00","-","2.30","3,117.00","3,178.80","3,096.75","3,033.97","2,611.23","280","872","2,896"
"2021/07/12","3,120.0","3,145.0","3,120.0","3,145.0","+25.0","400","1,253","0","300","0.00","-","2.30","3,098.00","3,178.20","3,097.48","3,029.77","2,605.67","920","896","3,090"
"2021/07/09","3,095.0","3,120.0","3,095.0","3,120.0","+10.0","200","622","0","300","0.00","-","2.30","3,117.00","3,175.80","3,096.41","3,025.52","2,599.95","960","900","3,294"
"2021/07/08","3,060.0","3,110.0","3,060.0","3,110.0","+50.0","300","928","0","600","0.00","-","2.30","3,138.00","3,176.60","3,093.27","3,020.72","2,594.77","1,100","932","3,365"
"2021/07/07","3,055.0","3,060.0","3,055.0","3,060.0","+5.0","400","1,224","0","600","0.00","-","2.20","3,163.00","3,178.00","3,090.13","3,014.66","2,589.67","1,220","940","3,382"
"2021/07/06","3,170.0","3,310.0","3,055.0","3,055.0","-185.0","3,300","10,468","0","700","0.00","-","2.40","3,204.00","3,179.60","3,088.07","3,008.58","2,584.60","1,280","932","3,406"
"2021/07/05","3,220.0","3,250.0","3,220.0","3,240.0","+15.0","600","1,939","0","300","0.00","-","2.40","3,243.00","3,181.40","3,085.03","3,002.53","2,579.60","1,080","812","3,394"
"2021/07/02","3,235.0","3,235.0","3,155.0","3,225.0","-10.0","900","2,885","0","400","0.00","-","2.40","3,235.00","3,173.60","3,080.29","2,994.33","2,573.72","1,120","4,440","3,465"
"2021/07/01","3,240.0","3,240.0","3,170.0","3,235.0","-30.0","900","2,901","0","400","0.00","-","2.40","3,230.00","3,164.60","3,074.99","2,986.08","2,568.02","1,300","4,408","3,473"
"2021/06/30","3,250.0","3,295.0","3,225.0","3,265.0","+15.0","700","2,276","0","400","0.00","-","2.40","3,226.00","3,153.52","3,069.21","2,978.26","2,562.38","1,160","4,388","3,488"
"2021/06/29","3,200.0","3,250.0","3,125.0","3,250.0","+50.0","2,300","7,369","0","300","0.00","-","2.40","3,210.00","3,141.12","3,062.48","2,970.93","2,556.56","1,060","4,380","3,486"
"2021/06/28","3,190.0","3,200.0","3,115.0","3,200.0","0.0","800","2,547","0","400","0.00","-","2.40","3,192.00","3,132.52","3,055.81","2,962.93","2,550.56","1,020","4,292","3,458"
"2021/06/25","3,215.0","3,215.0","3,110.0","3,200.0","-15.0","1,800","5,698","0","300","0.00","-","2.40","3,210.00","3,125.92","3,049.83","2,956.29","2,545.26","1,020","4,296","3,449"
"2021/06/24","3,240.0","3,240.0","3,215.0","3,215.0","+30.0","200","646","0","300","0.00","-","2.30","3,200.00","3,120.72","3,043.84","2,948.67","2,539.96","880","4,224","3,426"
"2021/06/23","3,160.0","3,185.0","3,160.0","3,185.0","+25.0","200","635","0","300","0.00","-","2.30","3,191.00","3,114.92","3,037.64","2,940.35","2,534.58","860","4,228","3,438"
"2021/06/22","3,120.0","3,170.0","3,115.0","3,160.0","-130.0","2,100","6,589","0","400","0.00","-","2.40","3,190.00","3,107.92","3,031.56","2,931.94","2,529.18","880","4,220","3,461"
"2021/06/21","3,150.0","3,290.0","3,125.0","3,290.0","+140.0","800","2,553","0","300","0.00","-","2.30","3,197.00","3,101.92","3,025.24","2,923.34","2,524.16","540","4,136","3,450"
"2021/06/18","3,175.0","3,175.0","3,100.0","3,150.0","-20.0","1,100","3,450","0","300","0.00","-","2.30","3,168.00","3,090.72","3,017.33","2,913.04","2,518.15","740","4,128","3,458"
"2021/06/17","3,170.0","3,170.0","3,170.0","3,170.0","-10.0","100","317","0","300","0.00","-","2.30","3,172.00","3,085.52","3,012.67","2,904.09","2,512.85","560","4,228","3,458"
"2021/06/16","3,150.0","3,180.0","3,105.0","3,180.0","-15.0","300","944","0","300","0.00","-","2.30","3,170.00","3,076.80","3,008.93","2,894.84","2,507.44","580","4,320","3,464"
"2021/06/15","3,150.0","3,195.0","3,150.0","3,195.0","+50.0","400","1,274","0","400","0.00","-","2.30","3,173.00","3,069.20","3,005.35","2,885.26","2,502.08","860","4,356","3,486"
"2021/06/14","3,170.0","3,200.0","3,050.0","3,145.0","-25.0","1,800","5,670","0","400","0.00","-","2.30","3,161.00","3,061.80","3,001.76","2,875.48","2,496.86","920","4,400","3,510"
"2021/06/11","3,135.0","3,170.0","3,135.0","3,170.0","+10.0","200","631","0","300","0.00","-","2.30","3,149.00","3,057.40","2,999.83","2,866.47","2,491.89","660","4,332","3,581"
"2021/06/10","3,125.0","3,160.0","3,125.0","3,160.0","-35.0","200","629","0","300","0.00","-","2.30","3,143.00","3,053.60","2,995.95","2,856.99","2,486.79","820","4,340","3,613"
"2021/06/09","3,090.0","3,230.0","3,020.0","3,195.0","+60.0","1,700","5,421","0","400","0.00","-","2.30","3,140.00","3,047.00","2,991.09","2,847.92","2,481.75","880","4,332","3,632"
"2021/06/08","3,090.0","3,135.0","3,070.0","3,135.0","+50.0","700","2,164","0","400","0.00","-","2.30","3,121.00","3,039.00","2,985.69","2,838.56","2,476.53","580","4,268","3,654"
"2021/06/07","3,100.0","3,100.0","3,085.0","3,085.0","-55.0","500","1,548","0","400","0.00","-","2.30","3,114.00","3,031.60","2,980.29","2,829.81","2,471.55","500","4,260","3,665"
"2021/06/04","3,100.0","3,140.0","3,030.0","3,140.0","-5.0","1,000","3,108","0","400","0.00","-","2.30","3,106.00","3,027.00","2,975.43","2,821.61","2,466.28","18,660","4,252","3,709"
"2021/06/03","3,100.0","3,150.0","3,100.0","3,145.0","+45.0","500","1,569","0","400","0.00","-","2.30","3,078.00","3,022.80","2,968.76","2,811.91","2,460.80","18,480","5,032","3,740"
"2021/06/02","3,125.0","3,125.0","3,100.0","3,100.0","0.0","200","623","0","400","0.00","-","2.30","3,040.60","3,013.92","2,960.21","2,802.60","2,455.47","18,460","5,028","3,834"
"2021/06/01","3,050.0","3,100.0","3,050.0","3,100.0","+55.0","300","920","0","400","0.00","-","2.20","3,011.60","3,006.84","2,951.57","2,793.96","2,450.65","18,520","5,024","3,838"
"2021/05/31","3,000.0","3,045.0","2,981.0","3,045.0","+45.0","91,300","273,916","0","400","0.00","-","2.20","2,998.60","2,999.24","2,942.91","2,785.33","2,445.52","18,480","5,068","3,842"
"2021/05/28","3,000.0","3,000.0","3,000.0","3,000.0","+42.0","100","300","0","400","0.00","-","1.90","2,996.60","2,997.64","2,934.57","2,776.91","2,440.99","400","1,536","2,650"
"2021/05/27","2,925.0","2,968.0","2,925.0","2,958.0","+3.0","400","1,179","0","500","0.00","-","1.90","3,010.60","2,997.64","2,926.57","2,768.94","2,436.74","380","1,616","2,701"
"2021/05/26","3,050.0","3,050.0","2,915.0","2,955.0","-80.0","500","1,487","0","400","0.00","-","2.20","3,033.00","3,001.72","2,919.84","2,761.45","2,432.35","360","1,600","2,702"
"2021/05/25","3,035.0","3,035.0","3,035.0","3,035.0","0.0","100","304","0","400","0.00","-","2.20","3,044.00","3,005.92","2,914.20","2,753.75","2,428.08","260","1,712","2,705"
"2021/05/24","3,070.0","3,110.0","3,010.0","3,035.0","0.0","900","2,745","0","400","0.00","-","2.30","3,039.00","3,006.52","2,906.40","2,744.91","2,423.45","240","1,736","2,726"
"2021/05/21","-","-","-","-","-","0","-","0","400","0.00","-","2.30","3,034.00","3,009.52","2,899.75","2,736.66","2,418.82","180","1,720","2,721"
"2021/05/20","3,010.0","3,070.0","3,010.0","3,070.0","0.0","300","909","0","400","0.00","-","2.20","3,024.00","3,011.12","2,891.32","2,728.77","2,414.02","900","1,828","2,736"
"2021/05/19","-","-","-","-","-","0","-","0","400","0.00","-","2.20","3,000.40","3,012.32","2,882.16","2,720.51","2,409.02","1,320","1,932","2,738"
"2021/05/18","-","-","-","-","-","0","-","0","500","0.00","-","2.20","2,996.40","3,015.92","2,873.28","2,712.93","2,404.32","1,560","1,944","2,748"
"2021/05/17","2,950.0","3,080.0","2,950.0","3,010.0","-10.0","600","1,807","0","500","0.00","-","2.20","2,996.40","3,018.12","2,863.81","2,705.33","2,399.43","1,860","2,104","2,760"
"2021/05/14","3,000.0","3,290.0","2,890.0","3,020.0","+68.0","3,600","10,883","0","400","0.00","-","1.90","3,001.40","3,021.72","2,853.81","2,697.73","2,394.52","1,760","2,252","2,772"
"2021/05/13","2,930.0","2,957.0","2,864.0","2,952.0","-38.0","2,400","7,023","0","400","0.00","-","2.20","3,012.40","3,025.32","2,843.61","2,690.08","2,389.55","1,120","2,440","2,733"
"2021/05/12","2,975.0","2,990.0","2,971.0","2,990.0","-20.0","1,200","3,571","0","400","0.00","-","2.20","3,021.00","3,031.04","2,834.19","2,682.78","2,384.93","640","2,804","2,712"
"2021/05/11","2,975.0","3,010.0","2,965.0","3,010.0","-25.0","1,500","4,477","0","400","0.00","-","2.20","3,022.00","3,035.24","2,823.95","2,675.08","2,380.09","420","2,936","2,701"
"2021/05/10","3,035.0","3,035.0","3,035.0","3,035.0","-40.0","100","304","0","400","0.00","-","2.30","3,010.00","3,038.64","2,813.37","2,667.17","2,375.16","220","2,996","2,710"
"2021/05/07","3,020.0","3,080.0","3,020.0","3,075.0","0.0","400","1,221","0","400","0.00","-","2.20","2,997.00","3,041.64","2,802.83","2,658.62","2,370.10","260","3,100","2,721"
"2021/05/06","-","-","-","-","-","0","-","0","400","0.00","-","2.20","2,989.00","3,048.64","2,791.45","2,649.65","2,364.84","4,280","3,196","2,742"
"2021/04/30","2,995.0","2,995.0","2,995.0","2,995.0","+45.0","100","300","0","400","0.00","-","2.20","2,974.60","3,058.04","2,781.56","2,641.27","2,359.92","4,360","3,336","2,754"
"2021/04/28","2,950.0","2,962.0","2,946.0","2,950.0","-20.0","500","1,476","0","400","0.00","-","2.20","2,960.20","3,072.44","2,771.75","2,632.93","2,355.00","4,360","3,548","2,762"
"2021/04/27","2,918.0","3,010.0","2,918.0","2,970.0","-65.0","300","890","0","400","0.00","-","2.20","2,952.20","3,082.64","2,762.55","2,625.06","2,350.30","4,540","4,116","2,761"
"2021/04/26","2,909.0","3,035.0","2,866.0","3,035.0","+112.0","20,500","59,679","0","400","0.00","-","1.90","2,959.20","3,086.44","2,753.15","2,616.52","2,345.15","5,080","4,732","2,789"
"2021/04/23","2,923.0","2,923.0","2,923.0","2,923.0","0.0","400","1,169","0","500","0.00","-","1.90","2,952.20","3,080.40","2,741.61","2,607.33","2,339.85","1,400","4,132","2,533"
"2021/04/22","2,923.0","2,923.0","2,923.0","2,923.0","+13.0","100","292","0","400","0.00","-","2.20","2,979.60","3,078.48","2,732.16","2,599.26","2,335.21","1,320","4,180","2,534"
"2021/04/21","2,935.0","2,968.0","2,910.0","2,910.0","-95.0","1,400","4,110","0","500","0.00","-","2.20","3,007.00","3,077.76","2,723.00","2,591.52","2,330.54","1,960","4,264","2,548"
"2021/04/20","3,000.0","3,005.0","2,985.0","3,005.0","+5.0","3,000","8,992","0","700","0.00","-","2.20","3,035.00","3,074.44","2,714.03","2,583.91","2,325.95","1,820","4,304","2,530"
"2021/04/19","3,055.0","3,055.0","2,985.0","3,000.0","0.0","2,100","6,292","0","500","0.00","-","2.30","3,056.00","3,069.64","2,703.33","2,575.35","2,321.06","1,320","4,420","2,493"
"2021/04/16","-","-","-","-","-","0","-","0","500","0.00","-","2.30","3,078.00","3,062.72","2,692.71","2,566.75","2,316.34","1,440","4,396","2,476"
"2021/04/15","3,095.0","3,095.0","2,905.0","3,060.0","+10.0","3,300","9,762","0","500","0.00","-","2.20","3,086.00","3,052.40","2,681.36","2,557.35","2,311.32","2,020","4,476","2,480"
"2021/04/14","3,110.0","3,110.0","3,035.0","3,050.0","-60.0","700","2,152","0","500","0.00","-","2.30","3,094.00","3,040.40","2,669.69","2,547.95","2,306.32","1,420","4,368","2,445"
"2021/04/13","3,110.0","3,110.0","3,110.0","3,110.0","0.0","500","1,555","0","600","0.00","-","2.30","3,097.00","3,028.40","2,657.71","2,538.58","2,301.30","2,080","4,348","2,442"
"2021/04/12","3,100.0","3,110.0","3,040.0","3,110.0","+10.0","2,700","8,353","0","600","0.00","-","2.30","3,095.00","3,014.04","2,645.71","2,528.86","2,296.14","2,840","4,332","2,445"
"2021/04/09","3,095.0","3,100.0","3,055.0","3,100.0","0.0","2,900","8,975","0","500","0.00","-","2.30","3,095.00","2,999.68","2,634.65","2,519.14","2,290.99","3,960","4,228","2,413"
"2021/04/08","3,110.0","3,110.0","3,100.0","3,100.0","+35.0","300","932","0","600","0.00","-","2.30","3,094.00","2,985.68","2,623.24","2,509.52","2,285.88","5,680","4,156","2,385"
"2021/04/07","3,100.0","3,125.0","3,065.0","3,065.0","-35.0","4,000","12,404","0","500","0.00","-","2.40","3,093.00","2,970.84","2,611.93","2,499.56","2,280.33","6,520","4,220","2,409"
"2021/04/06","3,095.0","3,100.0","2,971.0","3,100.0","-10.0","4,300","13,242","0","500","0.00","-","2.40","3,099.00","2,955.68","2,601.07","2,489.28","2,275.00","6,320","4,112","2,356"
"2021/04/05","3,095.0","3,110.0","3,085.0","3,110.0","+15.0","8,300","25,699","0","500","0.00","-","2.30","3,101.00","2,939.56","2,589.73","2,478.59","2,269.73","6,000","3,996","2,300"
"2021/04/02","3,095.0","3,100.0","3,080.0","3,095.0","0.0","11,500","35,590","0","500","0.00","-","2.30","3,129.00","2,927.16","2,578.33","2,467.80","2,264.43","4,900","3,708","2,190"
"2021/04/01","3,040.0","3,115.0","3,040.0","3,095.0","0.0","4,500","13,932","0","500","0.00","-","2.30","3,156.00","2,918.96","2,566.69","2,457.16","2,259.27","3,300","3,268","2,038"
"2021/03/31","3,025.0","3,165.0","3,025.0","3,095.0","-15.0","3,000","9,295","0","500","0.00","-","2.30","3,208.00","2,911.60","2,555.03","2,446.52","2,254.05","3,480","3,168","1,980"
"2021/03/30","3,010.0","3,125.0","2,910.0","3,110.0","-140.0","2,700","8,066","0","500","0.00","-","2.40","3,230.00","2,904.84","2,543.35","2,435.82","2,248.83","5,820","3,136","1,949"
"2021/03/29","3,090.0","3,260.0","3,090.0","3,250.0","+20.0","2,800","8,912","0","500","0.00","-","2.40","3,221.00","2,900.44","2,530.95","2,424.92","2,243.52","8,420","3,312","1,930"
"2021/03/26","3,370.0","3,370.0","3,210.0","3,230.0","-125.0","3,500","11,519","0","400","0.00","-","2.50","3,147.80","2,885.60","2,516.65","2,412.62","2,237.50","8,960","3,304","1,896"
"2021/03/25","3,275.0","3,355.0","3,220.0","3,355.0","+150.0","5,400","17,782","0","400","0.00","-","2.40","3,076.80","2,868.24","2,502.35","2,400.68","2,231.72","8,580","3,228","1,857"
"2021/03/24","3,130.0","3,230.0","3,050.0","3,205.0","+140.0","14,700","46,586","0","400","0.00","-","2.30","2,986.80","2,845.64","2,486.43","2,387.43","2,225.48","7,940","3,148","1,786"
"2021/03/23","2,885.0","3,170.0","2,880.0","3,065.0","+181.0","15,700","47,773","0","300","0.00","-","1.90","2,911.20","2,826.64","2,472.53","2,376.25","2,219.80","5,480","2,620","1,598"
"2021/03/22","2,899.0","2,915.0","2,880.0","2,884.0","+9.0","5,500","15,905","0","600","0.00","-","1.90","2,875.20","2,812.84","2,459.88","2,366.56","2,215.03","3,520","2,144","1,389"
"2021/03/19","2,875.0","2,875.0","2,750.0","2,875.0","-30.0","1,600","4,494","0","600","0.00","-","1.90","2,863.80","2,803.08","2,449.64","2,358.09","2,211.15","2,720","2,056","1,316"
"2021/03/18","2,854.0","2,905.0","2,832.0","2,905.0","+78.0","2,200","6,287","0","600","0.00","-","1.90","2,849.20","2,788.24","2,439.52","2,349.68","2,207.31","2,800","2,296","1,296"
"2021/03/17","2,919.0","2,919.0","2,819.0","2,827.0","-58.0","2,400","6,789","0","700","0.00","-","1.90","2,820.20","2,770.12","2,429.44","2,340.97","2,203.13","2,480","2,228","1,266"
"2021/03/16","2,827.0","2,889.0","2,710.0","2,885.0","+58.0","5,900","16,651","0","600","0.00","-","1.90","2,804.80","2,755.04","2,420.40","2,333.04","2,198.96","2,040","2,156","1,240"
"2021/03/15","2,827.0","2,827.0","2,800.0","2,827.0","+25.0","1,500","4,227","0","600","0.00","-","1.90","2,778.00","2,736.44","2,410.59","2,324.67","2,194.15","880","1,996","1,168"
"2021/03/12","2,760.0","2,822.0","2,760.0","2,802.0","+42.0","2,000","5,593","0","600","0.00","-","2.10","2,762.80","2,719.36","2,401.43","2,316.71","2,189.57","600","2,092","1,154"
"2021/03/11","2,798.0","2,798.0","2,760.0","2,760.0","+10.0","600","1,664","0","600","0.00","-","2.10","2,752.40","2,705.40","2,392.33","2,309.15","2,185.14","420","2,032","1,129"
"2021/03/10","2,750.0","2,750.0","2,750.0","2,750.0","-1.0","200","550","0","600","0.00","-","1.90","2,746.20","2,696.28","2,383.80","2,302.26","2,180.92","680","2,036","1,153"
"2021/03/09","2,751.0","2,751.0","2,751.0","2,751.0","0.0","100","275","0","600","0.00","-","1.90","2,733.40","2,684.28","2,375.31","2,295.48","2,176.75","900","2,096","1,160"
"2021/03/08","2,751.0","2,751.0","2,751.0","2,751.0","+1.0","100","275","0","600","0.00","-","2.10","2,722.60","2,675.68","2,367.13","2,288.76","2,172.57","1,160","2,112","1,166"
"2021/03/05","2,679.0","2,750.0","2,679.0","2,750.0","+21.0","1,100","2,966","0","700","0.00","-","1.90","2,732.40","2,663.16","2,358.96","2,282.04","2,168.61","1,360","2,152","1,165"
"2021/03/04","2,685.0","2,793.0","2,685.0","2,729.0","+43.0","1,900","5,190","0","800","0.00","-","1.90","2,760.40","2,648.48","2,350.80","2,275.23","2,164.29","1,240","2,128","1,180"
"2021/03/03","2,647.0","2,697.0","2,633.0","2,686.0","-11.0","1,300","3,463","0","700","0.00","-","1.90","2,796.80","2,633.08","2,342.47","2,268.42","2,160.07","1,260","2,080","1,208"
"2021/03/02","2,800.0","2,800.0","2,660.0","2,697.0","-103.0","1,400","3,828","0","700","0.00","-","2.10","2,844.80","2,617.64","2,333.81","2,261.47","2,155.80","1,440","2,064","1,197"
"2021/03/01","2,790.0","2,846.0","2,703.0","2,800.0","-90.0","1,100","3,066","0","700","0.00","-","1.90","2,905.40","2,600.16","2,324.93","2,254.68","2,151.22","2,580","2,068","1,185"
"2021/02/26","2,910.0","2,910.0","2,860.0","2,890.0","-21.0","500","1,443","0","800","0.00","-","1.90","2,921.20","2,578.36","2,314.68","2,247.38","2,145.87","2,880","2,052","1,173"
"2021/02/25","2,976.0","2,976.0","2,857.0","2,911.0","-15.0","2,000","5,846","0","700","0.00","-","1.90","2,902.40","2,552.56","2,303.23","2,239.18","2,139.72","3,100","2,064","1,173"
"2021/02/24","2,999.0","2,999.0","2,870.0","2,926.0","-74.0","2,200","6,499","0","700","0.00","-","2.30","2,878.20","2,525.00","2,291.49","2,230.77","2,133.62","3,380","2,000","1,156"
"2021/02/22","2,888.0","3,000.0","2,888.0","3,000.0","+121.0","7,100","20,829","0","800","0.00","-","1.90","2,839.00","2,496.64","2,279.48","2,221.94","2,127.33","3,240","2,000","1,160"
"2021/02/19","2,799.0","2,886.0","2,743.0","2,879.0","+83.0","2,600","7,370","0","800","0.00","-","1.90","2,783.00","2,466.40","2,266.41","2,212.19","2,120.33","2,580","1,752","1,232"
"2021/02/18","2,799.0","2,800.0","2,796.0","2,796.0","+6.0","1,600","4,479","0","900","0.00","-","2.20","2,735.20","2,440.12","2,254.96","2,203.55","2,113.79","2,720","1,728","1,209"
"2021/02/17","2,700.0","2,790.0","2,700.0","2,790.0","+60.0","3,400","9,365","0","900","0.00","-","2.20","2,676.80","2,418.40","2,244.83","2,195.99","2,107.76","3,920","1,700","1,214"
"2021/02/16","2,739.0","2,750.0","2,651.0","2,730.0","+10.0","1,500","4,074","0","800","0.00","-","2.20","2,609.20","2,397.16","2,234.69","2,188.49","2,101.76","3,340","1,592","1,252"
"2021/02/15","2,690.0","2,720.0","2,535.0","2,720.0","+80.0","3,800","10,058","0","600","0.00","-","2.10","2,553.20","2,378.36","2,226.12","2,181.56","2,096.06","3,160","1,548","1,238"
"2021/02/12","2,511.0","2,690.0","2,511.0","2,640.0","+136.0","3,300","8,616","0","500","0.00","-","2.00","2,493.20","2,360.16","2,217.80","2,174.38","2,090.41","2,780","1,492","1,209"
"2021/02/10","2,476.0","2,510.0","2,450.0","2,504.0","+52.0","7,600","18,751","0","600","0.00","-","2.00","2,445.20","2,341.36","2,209.76","2,168.81","2,085.16","2,900","1,412","1,221"
"2021/02/09","2,500.0","2,500.0","2,452.0","2,452.0","+2.0","500","1,239","0","600","0.00","-","2.00","2,435.00","2,329.76","2,203.49","2,164.68","2,080.59","1,480","1,128","1,121"
"2021/02/08","2,520.0","2,520.0","2,440.0","2,450.0","+30.0","600","1,488","0","500","0.00","-","2.00","2,451.00","2,321.12","2,197.92","2,160.61","2,076.28","1,520","1,152","1,114"
"2021/02/05","2,418.0","2,420.0","2,390.0","2,420.0","+20.0","1,900","4,565","0","400","0.00","-","2.00","2,451.00","2,312.60","2,192.37","2,156.67","2,071.78","1,740","1,132","1,117"
"2021/02/04","2,323.0","2,410.0","2,323.0","2,400.0","-53.0","3,900","9,180","0","400","0.00","-","2.00","2,474.20","2,303.92","2,187.41","2,153.10","2,067.35","1,460","1,064","1,096"
"2021/02/03","2,429.0","2,453.0","2,422.0","2,453.0","-79.0","500","1,216","0","400","0.00","-","1.90","2,481.80","2,296.04","2,182.49","2,149.95","2,063.14","900","940","1,054"
"2021/02/02","2,400.0","2,532.0","2,400.0","2,532.0","+82.0","700","1,733","0","900","0.00","-","2.10","2,467.80","2,286.28","2,177.07","2,146.50","2,058.77","900","932","1,097"
"2021/02/01","2,400.0","2,453.0","2,400.0","2,450.0","-86.0","1,700","4,143","0","1,000","0.00","-","2.00","2,430.20","2,272.40","2,170.92","2,142.18","2,054.01","900","932","1,108"
"2021/01/29","2,488.0","2,543.0","2,488.0","2,536.0","+98.0","500","1,255","0","400","0.00","-","2.00","2,400.20","2,260.44","2,165.88","2,138.18","2,049.65","740","884","1,088"
"2021/01/28","2,380.0","2,488.0","2,380.0","2,438.0","+55.0","1,100","2,689","0","1,200","0.00","-","2.00","2,345.00","2,247.40","2,159.79","2,134.22","2,044.87","940","892","1,081"
"2021/01/27","2,350.0","2,383.0","2,350.0","2,383.0","+39.0","500","1,179","0","600","0.00","-","1.90","2,308.40","2,241.12","2,155.00","2,131.24","2,040.57","860","860","1,072"
"2021/01/26","2,348.0","2,348.0","2,340.0","2,344.0","+44.0","700","1,641","0","500","0.00","-","2.20","2,280.80","2,235.56","2,150.81","2,128.81","2,036.62","920","872","1,082"
"2021/01/25","2,260.0","2,305.0","2,260.0","2,300.0","+40.0","900","2,051","0","600","0.00","-","3.00","2,256.40","2,231.88","2,146.87","2,126.42","2,032.86","860","928","1,082"
"2021/01/22","2,255.0","2,260.0","2,235.0","2,260.0","+5.0","1,500","3,380","0","600","0.00","-","1.90","2,239.80","2,229.88","2,142.75","2,124.97","2,029.84","1,120","892","1,105"
"2021/01/21","2,245.0","2,267.0","2,245.0","2,255.0","+10.0","700","1,579","0","500","0.00","-","1.90","2,236.60","2,229.48","2,139.52","2,123.26","2,027.02","1,000","836","1,101"
"2021/01/20","2,222.0","2,245.0","2,222.0","2,245.0","+23.0","800","1,784","0","500","0.00","-","1.80","2,230.00","2,229.48","2,137.05","2,121.60","2,024.23","1,260","812","1,092"
"2021/01/19","2,220.0","2,232.0","2,220.0","2,222.0","+5.0","400","889","0","500","0.00","-","1.90","2,231.60","2,228.56","2,134.72","2,120.04","2,021.48","1,280","784","1,081"
"2021/01/18","2,169.0","2,239.0","2,169.0","2,217.0","-27.0","2,200","4,836","0","500","0.00","-","1.90","2,239.00","2,228.48","2,132.69","2,118.89","2,018.65","1,340","772","1,077"
"2021/01/15","2,230.0","2,244.0","2,230.0","2,244.0","+22.0","900","2,010","0","500","0.00","-","1.90","2,247.60","2,228.56","2,130.37","2,118.23","2,015.45","980","712","2,240"
"2021/01/14","2,247.0","2,253.0","2,222.0","2,222.0","-31.0","2,000","4,496","0","500","0.00","-","1.90","2,251.80","2,226.00","2,127.45","2,117.30","2,011.58","1,280","728","2,244"
"2021/01/13","2,255.0","2,255.0","2,216.0","2,253.0","-6.0","900","2,019","0","700","0.00","-","1.90","2,241.40","2,224.24","2,124.69","2,116.59","2,008.63","1,140","656","2,221"
"2021/01/12","2,259.0","2,259.0","2,255.0","2,259.0","-1.0","700","1,580","0","800","0.00","-","1.90","2,233.60","2,220.40","2,121.85","2,115.57","2,005.53","1,060","644","2,213"
"2021/01/08","2,215.0","2,260.0","2,215.0","2,260.0","-5.0","400","891","0","1,200","0.00","-","1.90","2,229.00","2,216.48","2,118.93","2,114.49","2,001.69","1,140","620","2,208"
"2021/01/07","2,170.0","2,290.0","2,170.0","2,265.0","+95.0","2,400","5,401","0","1,200","0.00","-","1.80","2,224.40","2,212.60","2,115.96","2,113.29","1,997.92","1,080","628","2,205"
"2021/01/06","2,200.0","2,200.0","2,105.0","2,170.0","-44.0","1,300","2,814","0","2,100","0.00","-","1.90","2,212.00","2,206.64","2,112.45","2,110.94","1,994.28","640","532","2,212"
"2021/01/05","2,186.0","2,214.0","2,186.0","2,214.0","-22.0","500","1,096","0","2,000","0.00","-","1.90","2,218.60","2,204.48","2,111.29","2,109.68","1,991.77","540","480","2,197"
"2021/01/04","2,237.0","2,249.0","2,230.0","2,236.0","-1.0","1,100","2,463","0","1,900","0.00","-","1.90","2,217.60","2,200.56","2,109.65","2,108.34","1,989.26","500","464","2,196"
"2020/12/30","2,237.0","2,237.0","2,237.0","2,237.0","+34.0","100","224","0","2,300","0.00","-","1.90","2,207.40","2,197.08","2,107.11","2,107.34","1,986.78","420","420","2,193"
"2020/12/29","2,203.0","2,203.0","2,203.0","2,203.0","0.0","200","441","0","2,300","0.00","-","1.90","2,190.20","2,193.56","2,104.69","2,105.70","1,984.49","500","432","2,216"
"2020/12/28","2,259.0","2,259.0","2,203.0","2,203.0","-6.0","800","1,790","0","2,300","0.00","-","1.90","2,191.60","2,191.40","2,102.83","2,105.07","1,983.05","600","444","2,222"
"2020/12/25","2,206.0","2,213.0","2,206.0","2,209.0","+24.0","300","663","0","2,300","0.00","-","1.80","2,207.20","2,188.88","2,101.25","2,104.54","1,981.70","500","432","2,216"
"2020/12/24","2,172.0","2,185.0","2,150.0","2,185.0","+34.0","700","1,519","0","2,300","0.00","-","1.80","2,214.20","2,185.32","2,099.91","2,103.25","1,980.31","600","424","2,214"
"2020/12/23","2,160.0","2,177.0","2,151.0","2,151.0","-59.0","500","1,079","0","2,300","0.00","-","1.90","2,227.60","2,182.72","2,098.77","2,102.40","1,979.09","880","492","2,289"
"2020/12/22","2,280.0","2,282.0","2,210.0","2,210.0","-71.0","700","1,569","0","2,300","0.00","-","1.90","2,247.40","2,181.20","2,097.43","2,101.98","1,978.21","780","500","2,289"
"2020/12/21","2,244.0","2,281.0","2,244.0","2,281.0","+37.0","300","677","0","2,300","0.00","-","1.90","2,255.40","2,178.32","2,096.49","2,100.98","1,977.04","660","496","2,282"
"2020/12/18","2,249.0","2,268.0","2,232.0","2,244.0","-8.0","800","1,802","0","2,300","0.00","-","1.90","2,250.20","2,172.60","2,094.61","2,099.27","1,976.10","620","484","2,282"
"2020/12/17","2,251.0","2,264.0","2,251.0","2,252.0","0.0","2,100","4,733","0","2,300","0.00","-","1.90","2,245.80","2,168.36","2,093.23","2,097.53","1,975.85","480","540","2,273"
"2020/12/16","-","-","-","-","-","0","-","0","2,300","0.00","-","1.90","2,239.40","2,162.44","2,091.27","2,095.70","1,975.84","80","616","2,248"
"2020/12/15","2,250.0","2,250.0","2,250.0","2,250.0","-5.0","100","225","0","2,300","0.00","-","1.90","2,233.20","2,153.92","2,090.00","2,093.53","1,975.90","220","636","2,261"
"2020/12/14","2,255.0","2,255.0","2,255.0","2,255.0","+33.0","100","226","0","2,500","0.00","-","1.90","2,219.20","2,145.16","2,087.85","2,091.30","1,975.90","460","652","2,260"
"2020/12/11","2,222.0","2,222.0","2,222.0","2,222.0","+2.0","100","222","0","2,500","0.00","-","1.90","2,203.80","2,136.20","2,085.64","2,089.02","1,975.82","480","656","2,262"
"2020/12/10","2,220.0","2,220.0","2,220.0","2,220.0","+1.0","100","222","0","2,500","0.00","-","1.90","2,190.80","2,128.56","2,083.87","2,087.07","1,975.90","580","672","2,262"
"2020/12/09","2,197.0","2,222.0","2,197.0","2,219.0","+39.0","700","1,544","0","2,600","0.00","-","1.80","2,179.00","2,121.00","2,082.36","2,085.10","1,976.12","580","696","2,265"
"2020/12/08","2,178.0","2,180.0","2,151.0","2,180.0","+2.0","1,300","2,826","0","2,600","0.00","-","1.80","2,167.80","2,113.24","2,081.45","2,083.14","1,976.26","560","768","2,256"
"2020/12/07","2,178.0","2,178.0","2,178.0","2,178.0","+21.0","200","436","0","2,500","0.00","-","1.80","2,155.00","2,106.84","2,081.07","2,081.57","1,977.20","300","1,216","2,238"
"2020/12/04","2,150.0","2,157.0","2,150.0","2,157.0","-4.0","600","1,291","0","2,500","0.00","-","1.80","2,142.60","2,100.52","2,080.71","2,080.02","1,978.15","260","1,244","2,236"
"2020/12/03","2,161.0","2,161.0","2,161.0","2,161.0","-2.0","100","216","0","2,500","0.00","-","1.80","2,134.40","2,095.68","2,080.63","2,078.56","1,979.31","160","1,300","2,228"
"2020/12/02","2,197.0","2,197.0","2,160.0","2,163.0","0.0","600","1,301","0","2,500","0.00","-","1.80","2,132.00","2,090.44","2,080.49","2,077.06","1,980.20","140","1,544","2,232"
"2020/12/01","-","-","-","-","-","0","-","0","2,500","0.00","-","1.80","2,129.20","2,087.40","2,080.19","2,075.53","1,981.05","100","1,540","2,230"
"2020/11/30","-","-","-","-","-","0","-","0","2,500","0.00","-","1.80","2,135.80","2,086.60","2,079.04","2,073.77","1,981.91","200","1,604","2,238"
"2020/11/27","2,116.0","2,116.0","2,116.0","2,116.0","0.0","100","212","0","2,300","0.00","-","1.80","2,140.60","2,083.44","2,078.08","2,072.36","1,982.60","300","1,772","2,245"
"2020/11/26","-","-","-","-","-","0","-","0","2,300","0.00","-","1.80","2,141.40","2,080.16","2,077.60","2,071.15","1,983.52","300","1,772","2,250"
"2020/11/25","2,149.0","2,149.0","2,149.0","2,149.0","0.0","400","860","0","2,300","0.00","-","1.80","2,135.60","2,075.56","2,077.43","2,069.56","1,984.27","780","1,772","2,280"
"2020/11/24","2,140.0","2,149.0","2,140.0","2,149.0","+9.0","500","1,071","0","2,300","0.00","-","1.80","2,128.40","2,070.96","2,076.41","2,067.99","1,985.00","840","1,788","2,278"
"2020/11/20","2,120.0","2,140.0","2,090.0","2,140.0","+20.0","500","1,058","0","2,300","0.00","-","1.80","2,126.20","2,066.92","2,076.29","2,066.76","1,985.91","860","1,780","2,278"
"2020/11/19","2,120.0","2,120.0","2,120.0","2,120.0","0.0","100","212","0","2,300","0.00","-","1.80","2,125.80","2,062.56","2,076.43","2,065.92","1,986.56","760","1,792","2,284"
"2020/11/18","2,120.0","2,128.0","2,120.0","2,120.0","+7.0","2,400","5,090","0","2,300","0.00","-","1.80","2,129.40","2,059.60","2,075.89","2,065.28","1,987.79","1,180","1,936","2,292"
"2020/11/17","2,101.0","2,113.0","2,101.0","2,113.0","-25.0","700","1,476","0","2,300","0.00","-","1.80","2,126.20","2,057.64","2,075.63","2,064.68","1,989.05","1,500","1,900","2,273"
"2020/11/16","2,088.0","2,138.0","2,088.0","2,138.0","0.0","600","1,271","0","2,300","0.00","-","1.80","2,111.00","2,056.00","2,075.57","2,064.01","1,990.31","1,460","1,880","2,276"
"2020/11/13","-","-","-","-","-","0","-","0","2,300","0.00","-","1.80","2,089.60","2,053.64","2,075.20","2,063.42","1,991.63","1,440","1,856","2,277"
"2020/11/12","2,101.0","2,212.0","2,101.0","2,138.0","+34.0","2,200","4,745","0","2,300","0.00","-","1.80","2,068.20","2,051.28","2,074.83","2,062.83","1,992.34","1,480","1,872","2,321"
"2020/11/11","2,065.0","2,138.0","2,060.0","2,104.0","+67.0","4,000","8,412","0","2,300","0.00","-","1.80","2,046.80","2,048.52","2,073.92","2,062.24","1,993.05","1,140","1,836","2,308"
"2020/11/10","2,031.0","2,045.0","2,031.0","2,037.0","+6.0","500","1,018","0","2,300","0.00","-","1.80","2,032.20","2,046.28","2,073.45","2,061.09","1,993.88","480","1,704","2,262"
"2020/11/09","2,031.0","2,057.0","2,020.0","2,031.0","0.0","500","1,017","0","2,300","0.00","-","1.80","2,029.80","2,044.44","2,073.40","2,060.72","1,995.04","880","1,788","2,268"
"2020/11/06","2,031.0","2,031.0","2,031.0","2,031.0","0.0","200","406","0","2,300","0.00","-","1.80","2,027.60","2,043.92","2,073.35","2,060.86","1,996.23","3,280","1,816","2,261"
"2020/11/05","2,031.0","2,031.0","2,031.0","2,031.0","0.0","500","1,016","0","2,300","0.00","-","1.80","2,025.40","2,045.48","2,073.29","2,061.06","1,997.41","3,420","1,808","2,258"
"2020/11/04","2,032.0","2,070.0","2,031.0","2,031.0","+6.0","700","1,426","0","2,300","0.00","-","1.80","2,026.40","2,047.04","2,073.24","2,061.38","1,998.59","3,720","1,788","2,253"
"2020/11/02","2,020.0","2,050.0","2,020.0","2,025.0","+5.0","2,500","5,057","0","2,300","0.00","-","1.80","2,026.20","2,048.60","2,073.13","2,061.58","1,999.77","4,820","1,764","2,244"
"2020/10/30","2,030.0","2,087.0","2,000.0","2,020.0","0.0","12,500","25,437","0","400","0.00","-","1.80","2,038.60","2,049.32","2,073.11","2,061.84","2,000.90","4,420","5,240","2,210"
"2020/10/29","2,000.0","2,036.0","2,000.0","2,020.0","-16.0","900","1,812","0","400","0.00","-","1.80","2,053.80","2,049.52","2,073.15","2,062.11","2,002.20","2,240","4,788","2,044"
"2020/10/28","2,031.0","2,042.0","2,031.0","2,036.0","+6.0","2,000","4,071","0","400","0.00","-","1.70","2,057.20","2,049.32","2,073.19","2,062.38","2,003.36","2,900","4,764","2,034"
"2020/10/27","2,050.0","2,067.0","2,029.0","2,030.0","-57.0","6,200","12,592","0","400","0.00","-","-","2,056.80","2,049.48","2,072.85","2,062.75","2,004.52","2,520","4,696","2,008"
"2020/10/26","2,095.0","2,095.0","2,079.0","2,087.0","-9.0","500","1,044","0","400","0.00","-","-","2,057.60","2,049.88","2,072.60","2,063.52","2,005.77","1,280","4,460","1,929"
"2020/10/23","2,040.0","2,096.0","2,040.0","2,096.0","+59.0","1,600","3,294","0","400","0.00","-","-","2,047.00","2,047.88","2,071.57","2,063.35","2,006.59","1,340","4,448","1,929"
"2020/10/22","2,050.0","2,050.0","2,020.0","2,037.0","+3.0","4,200","8,532","0","400","0.00","-","-","2,037.40","2,044.12","2,069.49","2,063.49","2,007.37","1,080","4,500","1,913"
"2020/10/21","2,034.0","2,034.0","2,034.0","2,034.0","0.0","100","203","0","400","0.00","-","-","2,036.20","2,045.96","2,068.67","2,064.21","2,008.42","400","4,340","1,868"
"2020/10/20","-","-","-","-","-","0","-","0","400","0.00","-","-","2,038.60","2,048.24","2,068.15","2,064.93","2,009.65","1,120","4,352","1,880"
"2020/10/19","2,065.0","2,065.0","2,032.0","2,034.0","-14.0","800","1,630","0","400","0.00","-","-","2,046.00","2,048.68","2,067.56","2,065.29","2,010.85","1,420","4,388","1,881"
"2020/10/16","2,027.0","2,048.0","2,027.0","2,048.0","+17.0","300","610","0","2,100","0.00","-","-","2,053.60","2,049.56","2,067.00","2,064.88","2,011.90","1,300","4,428","1,877"
"2020/10/15","2,040.0","2,062.0","2,031.0","2,031.0","-15.0","800","1,633","0","2,100","0.00","-","-","2,059.80","2,050.16","2,066.71","2,063.62","2,012.77","1,240","4,444","1,874"
"2020/10/14","2,071.0","2,071.0","2,027.0","2,046.0","-25.0","3,700","7,534","0","400","0.00","-","-","2,069.40","2,052.32","2,067.04","2,062.42","2,013.39","1,160","4,424","1,874"
"2020/10/13","2,072.0","2,079.0","2,071.0","2,071.0","-1.0","1,500","3,109","0","1,800","0.00","-","-","2,074.00","2,054.80","2,067.17","2,061.12","2,013.91","680","4,284","1,845"
"2020/10/12","2,071.0","2,072.0","2,071.0","2,072.0","0.0","200","414","0","1,800","0.00","-","-","2,069.40","2,055.96","2,067.03","2,059.57","2,014.56","520","4,476","1,833"
"2020/10/09","-","-","-","-","-","0","-","0","1,800","0.00","-","-","2,053.20","2,055.08","2,066.68","2,058.01","2,015.20","1,000","4,488","1,833"
"2020/10/08","2,069.0","2,079.0","2,069.0","2,079.0","+10.0","400","830","0","1,800","0.00","-","-","2,041.00","2,057.52","2,066.68","2,056.38","2,015.73","1,240","4,496","1,833"
"2020/10/07","2,060.0","2,069.0","2,057.0","2,069.0","+21.0","1,300","2,684","0","1,800","0.00","-","-","2,039.20","2,059.96","2,066.68","2,055.18","2,016.03","1,160","4,492","1,828"
"2020/10/06","2,005.0","2,048.0","2,005.0","2,048.0","+57.0","700","1,411","0","400","0.00","-","-","2,039.40","2,062.80","2,066.81","2,053.34","2,016.19","900","4,444","1,813"
"2020/10/05","2,011.0","2,025.0","1,987.0","1,991.0","-27.0","2,600","5,215","0","2,100","0.00","-","-","2,043.80","2,065.08","2,066.03","2,051.71","2,016.20","780","4,424","1,812"
"2020/10/02","2,090.0","2,090.0","1,978.0","2,018.0","0.0","1,200","2,450","0","1,400","0.00","-","-","2,054.20","2,071.64","2,066.15","2,050.12","2,016.10","18,140","4,360","1,792"
"2020/10/01","-","-","-","-","-","0","-","0","1,000","0.00","-","-","2,055.60","2,074.48","2,066.51","2,047.76","2,015.73","18,140","4,312","1,784"
"2020/09/30","-","-","-","-","-","0","-","0","400","0.00","-","-","2,044.60","2,075.24","2,066.25","2,044.36","2,015.08","18,200","4,324","1,788"
"2020/09/29","2,070.0","2,070.0","2,070.0","2,070.0","+27.0","100","207","0","400","0.00","-","-","2,038.60","2,076.00","2,066.16","2,040.25","2,014.58","18,260","4,328","1,801"
"2020/09/28","2,025.0","2,073.0","2,025.0","2,043.0","+18.0","89,400","181,050","0","400","0.00","-","-","2,032.60","2,077.48","2,065.91","2,036.46","2,014.22","18,300","4,336","1,844"
"2020/09/25","2,016.0","2,025.0","2,015.0","2,025.0","+10.0","1,200","2,423","0","700","0.00","-","-","2,031.40","2,081.80","2,066.01","2,032.71","2,013.99","460","760","660"
"2020/09/24","2,015.0","2,015.0","2,015.0","2,015.0","-25.0","300","605","0","400","0.00","-","-","2,026.80","2,086.84","2,066.31","2,028.47","2,013.85","800","712","673"
"2020/09/23","2,040.0","2,040.0","2,040.0","2,040.0","0.0","300","612","0","400","0.00","-","-","2,040.40","2,092.28","2,066.73","2,024.03","2,013.66","780","700","693"
"2020/09/18","2,040.0","2,040.0","2,039.0","2,040.0","+3.0","300","612","0","400","0.00","-","-","2,050.60","2,096.72","2,067.17","2,019.53","2,013.31","800","688","712"
"2020/09/17","2,012.0","2,037.0","2,012.0","2,037.0","+35.0","200","405","0","400","0.00","-","-","2,051.60","2,101.16","2,068.07","2,015.03","2,012.75","920","692","730"
"2020/09/16","2,033.0","2,050.0","2,002.0","2,002.0","-81.0","2,900","5,895","0","500","0.00","-","-","2,055.40","2,105.28","2,068.51","2,010.56","2,012.21","1,240","704","802"
"2020/09/15","2,046.0","2,083.0","2,046.0","2,083.0","-8.0","200","413","0","400","0.00","-","-","2,067.60","2,106.40","2,069.95","2,006.44","2,012.08","800","612","765"
"2020/09/14","2,045.0","2,091.0","2,045.0","2,091.0","+46.0","400","827","0","400","0.00","-","-","2,068.00","2,104.84","2,070.29","2,001.51","2,011.56","820","624","764"
"2020/09/11","2,106.0","2,106.0","2,038.0","2,045.0","-11.0","900","1,855","0","400","0.00","-","-","2,071.40","2,104.40","2,070.49","1,996.50","2,010.99","780","628","762"
"2020/09/10","2,070.0","2,077.0","2,056.0","2,056.0","-7.0","1,800","3,717","0","400","0.00","-","-","2,082.40","2,108.04","2,070.83","1,991.95","2,010.64","1,860","680","766"
"2020/09/09","2,083.0","2,127.0","2,053.0","2,063.0","-22.0","700","1,457","0","400","0.00","-","-","2,081.20","2,108.72","2,069.99","1,986.89","2,010.11","1,600","620","764"
"2020/09/08","2,107.0","2,107.0","2,085.0","2,085.0","-23.0","300","630","0","400","0.00","-","-","2,096.60","2,111.80","2,068.11","1,981.59","2,009.68","1,500","612","757"
"2020/09/07","2,100.0","2,108.0","2,100.0","2,108.0","+8.0","200","421","0","400","0.00","-","-","2,107.60","2,114.40","2,065.79","1,976.33","2,009.14","1,500","636","774"
"2020/09/04","2,097.0","2,105.0","2,097.0","2,100.0","+50.0","6,300","13,231","0","400","0.00","-","-","2,114.00","2,113.28","2,063.23","1,971.04","2,008.73","1,480","656","772"
"2020/09/03","2,126.0","2,126.0","2,050.0","2,050.0","-90.0","500","1,043","0","500","0.00","-","-","2,115.00","2,113.28","2,060.77","1,965.83","2,008.11","260","444","689"
"2020/09/02","2,140.0","2,140.0","2,140.0","2,140.0","0.0","200","428","0","400","0.00","-","-","2,136.00","2,115.64","2,058.99","1,961.12","2,007.56","360","460","682"
"2020/09/01","2,155.0","2,155.0","2,140.0","2,140.0","0.0","300","644","0","400","0.00","-","-","2,125.80","2,114.44","2,056.00","1,955.51","2,006.50","320","480","697"
"2020/08/31","2,140.0","2,140.0","2,140.0","2,140.0","+35.0","100","214","0","300","0.00","-","-","2,115.60","2,113.24","2,053.59","1,949.90","2,005.50","320","600","713"
"2020/08/28","2,055.0","2,105.0","2,055.0","2,105.0","-50.0","200","416","0","300","0.00","-","-","2,105.40","2,110.44","2,050.19","1,944.43","2,004.31","320","644","712"
"2020/08/27","2,045.0","2,155.0","2,045.0","2,155.0","0.0","1,000","2,107","0","300","0.00","-","-","2,105.80","2,109.00","2,047.25","1,939.30","2,003.28","340","660","714"
"2020/08/26","-","-","-","-","-","0","-","0","300","0.00","-","-","2,105.00","2,104.12","2,042.95","1,934.71","2,001.92","140","656","710"
"2020/08/25","2,089.0","2,089.0","2,089.0","2,089.0","0.0","300","627","0","300","0.00","-","-","2,117.40","2,101.64","2,038.85","1,930.78","2,001.16","140","656","732"
"2020/08/24","2,089.0","2,089.0","2,089.0","2,089.0","-18.0","100","209","0","300","0.00","-","-","2,129.80","2,099.16","2,034.07","1,926.85","2,000.40","80","644","737"
"2020/08/21","2,157.0","2,157.0","2,107.0","2,107.0","0.0","300","642","0","300","0.00","-","-","2,142.20","2,096.68","2,028.33","1,922.92","1,999.26","60","644","738"
"2020/08/20","-","-","-","-","-","0","-","0","300","0.00","-","-","2,151.00","2,093.32","2,022.79","1,918.41","1,998.04","80","632","738"
"2020/08/19","-","-","-","-","-","0","-","0","300","0.00","-","-","2,148.80","2,088.20","2,016.35","1,912.66","1,996.62","180","632","760"
"2020/08/18","-","-","-","-","-","0","-","0","300","0.00","-","-","2,124.60","2,083.08","2,009.01","1,905.85","1,995.20","300","632","772"
"2020/08/17","-","-","-","-","-","0","-","0","300","0.00","-","-","2,103.20","2,077.96","2,001.28","1,900.67","1,993.78","400","640","777"
"2020/08/14","2,090.0","2,151.0","2,090.0","2,151.0","+11.0","400","845","0","300","0.00","-","-","2,089.00","2,072.36","1,993.80","1,895.49","1,992.48","500","640","777"
"2020/08/13","2,045.0","2,140.0","2,045.0","2,140.0","+110.0","500","1,037","0","300","0.00","-","-","2,086.00","2,066.76","1,986.32","1,888.89","1,991.20","860","636","772"
"2020/08/12","2,057.0","2,105.0","2,022.0","2,030.0","-14.0","600","1,237","0","400","0.00","-","-","2,072.60","2,061.56","1,978.99","1,882.55","1,989.76","820","636","765"
"2020/08/11","2,086.0","2,086.0","2,044.0","2,044.0","-36.0","500","1,036","0","400","0.00","-","-","2,094.60","2,057.96","1,973.12","1,877.61","1,988.81","800","628","757"
"2020/08/07","2,165.0","2,165.0","2,080.0","2,080.0","-56.0","500","1,060","0","300","0.00","-","-","2,115.80","2,055.20","1,967.07","1,873.85","1,987.65","880","640","750"
"2020/08/06","2,105.0","2,168.0","2,105.0","2,136.0","+63.0","2,200","4,710","0","300","0.00","-","-","2,115.80","2,051.80","1,960.53","1,870.18","1,986.26","920","660","744"
"2020/08/05","2,132.0","2,132.0","2,073.0","2,073.0","-67.0","300","632","0","400","0.00","-","-","2,108.60","2,045.96","1,953.25","1,866.21","1,984.59","680","576","716"
"2020/08/04","2,150.0","2,150.0","2,100.0","2,140.0","-10.0","500","1,059","0","400","0.00","-","-","2,115.80","2,042.72","1,946.28","1,863.28","1,983.23","800","584","741"
"2020/08/03","2,085.0","2,150.0","2,085.0","2,150.0","+70.0","900","1,913","0","300","0.00","-","-","2,109.80","2,038.16","1,938.19","1,861.03","1,981.54","840","568","738"
"2020/07/31","2,116.0","2,116.0","2,050.0","2,080.0","-20.0","700","1,452","0","300","0.00","-","-","2,101.80","2,034.40","1,930.31","1,858.85","1,979.80","1,320","564","729"
"2020/07/30","2,106.0","2,106.0","2,055.0","2,100.0","-9.0","1,000","2,096","0","300","0.00","-","-","2,099.80","2,033.44","1,923.63","1,857.37","1,978.49","1,420","596","741"
"2020/07/29","2,110.0","2,110.0","2,050.0","2,109.0","-1.0","900","1,886","0","300","0.00","-","-","2,093.60","2,031.84","1,916.68","1,855.78","1,977.21","1,340","580","734"
"2020/07/28","2,110.0","2,110.0","2,102.0","2,110.0","0.0","700","1,475","0","300","0.00","-","-","2,078.40","2,029.32","1,909.61","1,854.44","1,975.67","1,340","552","722"
"2020/07/27","2,130.0","2,130.0","2,020.0","2,110.0","+40.0","3,300","6,967","0","300","0.00","-","-","2,061.80","2,028.08","1,902.53","1,853.09","1,974.24","1,200","524","713"
"2020/07/22","2,069.0","2,081.0","2,069.0","2,070.0","+1.0","1,200","2,489","0","300","0.00","-","-","2,045.20","2,026.84","1,895.45","1,852.93","1,973.11","540","392","681"
"2020/07/21","2,033.0","2,069.0","2,033.0","2,069.0","+36.0","600","1,229","0","300","0.00","-","-","2,036.60","2,027.20","1,889.09","1,854.17","1,972.17","320","352","669"
"2020/07/20","2,027.0","2,033.0","2,015.0","2,033.0","0.0","900","1,825","0","300","0.00","-","-","2,027.40","2,024.00","1,882.73","1,855.98","1,971.24","200","352","673"
"2020/07/17","-","-","-","-","-","0","-","0","300","0.00","-","-","2,025.40","2,022.68","1,878.24","1,858.26","1,970.29","20","360","661"
"2020/07/16","-","-","-","-","-","0","-","0","300","0.00","-","-","2,024.60","2,023.40","1,873.83","1,860.49","1,969.23","20","384","661"
"2020/07/15","2,027.0","2,027.0","2,027.0","2,027.0","0.0","100","203","0","300","0.00","-","-","2,023.80","2,024.36","1,869.41","1,862.61","1,968.25","60","396","661"
"2020/07/14","-","-","-","-","-","0","-","0","300","0.00","-","-","2,020.60","2,025.80","1,865.00","1,864.73","1,967.45","40","432","664"
"2020/07/13","-","-","-","-","-","0","-","0","300","0.00","-","-","2,018.20","2,026.92","1,860.11","1,867.13","1,966.67","100","564","672"
"2020/07/10","-","-","-","-","-","0","-","0","300","0.00","-","-","2,015.60","2,028.04","1,854.15","1,869.38","1,965.89","200","588","682"
"2020/07/09","2,024.0","2,024.0","2,023.0","2,023.0","0.0","200","405","0","300","0.00","-","-","1,999.00","2,029.00","1,846.77","1,872.83","1,965.08","280","676","701"
"2020/07/08","-","-","-","-","-","0","-","0","300","0.00","-","-","1,989.40","2,029.96","1,841.57","1,876.27","1,964.28","400","740","698"
"2020/07/07","1,990.0","2,011.0","1,990.0","2,011.0","+1.0","300","601","0","300","0.00","-","-","1,986.20","2,032.44","1,836.53","1,880.05","1,963.37","600","808","709"
"2020/07/06","2,020.0","2,020.0","2,010.0","2,010.0","+70.0","500","1,009","0","300","0.00","-","-","1,982.00","2,036.28","1,829.60","1,883.33","1,962.47","560","864","726"
"2020/07/03","1,935.0","1,940.0","1,935.0","1,940.0","-35.0","400","775","0","300","0.00","-","-","1,978.40","2,038.68","1,822.88","1,886.57","1,961.71","560","1,068","725"
"2020/07/02","1,995.0","1,995.0","1,975.0","1,975.0","-20.0","800","1,586","0","300","0.00","-","-","1,995.60","2,045.48","1,817.49","1,890.05","1,961.28","500","1,056","736"
"2020/07/01","1,975.0","2,011.0","1,975.0","1,995.0","+5.0","1,000","1,998","0","300","0.00","-","-","2,011.80","2,050.84","1,813.40","1,892.84","1,960.88","500","1,028","737"
"2020/06/30","1,990.0","1,990.0","1,990.0","1,990.0","-2.0","100","199","0","300","0.00","-","-","2,024.00","2,055.28","1,809.64","1,895.88","1,960.17","600","1,000","736"
"2020/06/29","2,040.0","2,040.0","1,992.0","1,992.0","-34.0","500","1,003","0","300","0.00","-","-","2,038.00","2,058.48","1,806.29","1,898.98","1,959.49","700","1,044","774"
"2020/06/26","2,026.0","2,026.0","2,026.0","2,026.0","-30.0","100","203","0","300","0.00","-","-","2,048.80","2,058.52","1,803.47","1,902.01","1,958.80","640","1,088","778"
"2020/06/25","2,057.0","2,060.0","2,056.0","2,056.0","0.0","800","1,646","0","400","0.00","-","-","2,059.40","2,054.36","1,801.99","1,905.05","1,957.94","620","1,092","785"
"2020/06/24","2,060.0","2,074.0","2,056.0","2,056.0","-4.0","1,500","3,089","0","300","0.00","-","-","2,064.00","2,048.56","1,800.33","1,907.19","1,956.93","460","1,124","774"
"2020/06/23","2,060.0","2,067.0","2,060.0","2,060.0","+14.0","600","1,238","0","300","0.00","-","-","2,068.60","2,042.96","1,798.68","1,910.29","1,956.21","200","1,064","756"
"2020/06/22","2,029.0","2,046.0","2,029.0","2,046.0","0.0","200","408","0","400","0.00","-","-","2,054.40","2,037.20","1,797.09","1,913.41","1,955.61","200","1,044","761"
"2020/06/19","-","-","-","-","-","0","-","0","300","0.00","-","-","2,045.20","2,032.00","1,796.15","1,916.61","1,955.09","380","1,036","761"
"2020/06/18","-","-","-","-","-","0","-","0","300","0.00","-","-","2,038.40","2,025.48","1,794.76","1,919.84","1,954.40","500","1,088","769"
"2020/06/17","2,079.0","2,079.0","2,079.0","2,079.0","+90.0","200","416","0","300","0.00","-","-","2,032.80","2,020.68","1,794.96","1,921.85","1,953.71","560","1,148","770"
"2020/06/16","2,000.0","2,000.0","1,989.0","1,989.0","-11.0","600","1,198","0","500","0.00","-","-","2,029.60","2,012.92","1,796.49","1,923.86","1,953.02","720","1,140","772"
"2020/06/15","2,000.0","2,004.0","2,000.0","2,000.0","-45.0","1,100","2,201","0","500","0.00","-","-","2,042.00","2,008.76","1,799.97","1,926.66","1,952.75","1,260","1,132","772"
"2020/06/12","2,045.0","2,045.0","2,045.0","2,045.0","-6.0","600","1,227","0","400","0.00","-","-","2,052.20","2,002.04","1,803.45","1,929.35","1,952.42","1,160","1,116","762"
"2020/06/11","2,051.0","2,051.0","2,051.0","2,051.0","-12.0","300","615","0","400","0.00","-","-","2,052.60","1,991.52","1,806.19","1,931.59","1,951.98","1,480","1,156","762"
"2020/06/10","2,051.0","2,063.0","2,051.0","2,063.0","+12.0","1,000","2,053","0","400","0.00","-","-","2,051.80","1,978.68","1,808.69","1,933.75","1,951.11","1,780","1,172","762"
"2020/06/09","2,051.0","2,052.0","2,051.0","2,051.0","0.0","3,300","6,768","0","400","0.00","-","-","2,053.80","1,962.52","1,811.04","1,935.79","1,950.27","1,920","1,140","758"
"2020/06/08","2,047.0","2,082.0","2,047.0","2,051.0","+4.0","600","1,234","0","300","0.00","-","-","2,065.00","1,948.12","1,813.87","1,937.95","1,949.48","1,600","1,020","722"
"2020/06/05","2,019.0","2,047.0","1,993.0","2,047.0","0.0","2,200","4,480","0","400","0.00","-","-","2,068.80","1,932.80","1,816.49","1,939.95","1,948.70","2,600","1,060","722"
"2020/06/04","2,123.0","2,123.0","2,023.0","2,047.0","-26.0","1,800","3,671","0","300","0.00","-","-","2,081.40","1,914.96","1,820.77","1,942.29","1,947.93","2,180","1,008","754"
"2020/06/03","2,057.0","2,077.0","2,057.0","2,073.0","-34.0","1,700","3,527","0","400","0.00","-","-","2,093.80","1,895.92","1,825.04","1,944.34","1,947.27","1,840","952","734"
"2020/06/02","2,070.0","2,112.0","2,070.0","2,107.0","+37.0","1,700","3,538","0","300","0.00","-","-","2,100.40","1,876.60","1,829.25","1,946.28","1,946.67","1,560","884","713"
"2020/06/01","2,100.0","2,100.0","1,910.0","2,070.0","-40.0","5,600","11,137","0","600","0.00","-","-","2,093.00","1,855.92","1,832.35","1,948.01","1,946.04","1,460","816","713"
"2020/05/29","2,110.0","2,110.0","2,110.0","2,110.0","+1.0","100","211","0","300","0.00","-","-","2,077.60","1,836.72","1,835.87","1,949.83","1,945.60","660","592","652"
"2020/05/28","2,109.0","2,109.0","2,109.0","2,109.0","+3.0","100","211","0","300","0.00","-","-","2,040.00","1,815.92","1,838.24","1,951.25","1,944.95","680","588","728"
"2020/05/27","2,106.0","2,106.0","2,106.0","2,106.0","+36.0","300","632","0","300","0.00","-","-","2,000.40","1,795.16","1,840.17","1,952.63","1,944.56","980","584","742"
"2020/05/26","2,075.0","2,075.0","2,061.0","2,070.0","+77.0","1,200","2,481","0","300","0.00","-","-","1,962.40","1,774.52","1,842.75","1,954.37","1,944.19","920","572","740"
"2020/05/25","1,973.0","2,001.0","1,973.0","1,993.0","+71.0","1,600","3,196","0","300","0.00","-","-","1,931.60","1,755.32","1,845.81","1,956.40","1,943.81","700","528","729"
"2020/05/22","1,922.0","1,922.0","1,922.0","1,922.0","+11.0","200","384","0","300","0.00","-","-","1,916.20","1,737.60","1,849.84","1,958.92","1,943.65","380","552","728"
"2020/05/21","1,876.0","1,935.0","1,876.0","1,911.0","0.0","1,600","3,051","0","300","0.00","-","-","1,915.00","1,722.04","1,855.28","1,961.92","1,943.84","600","556","729"
"2020/05/20","-","-","-","-","-","0","-","0","500","0.00","-","-","1,924.60","1,707.96","1,860.07","1,964.36","1,944.08","580","500","714"
"2020/05/19","1,916.0","1,916.0","1,916.0","1,916.0","0.0","100","192","0","500","0.00","-","-","1,918.40","1,694.48","1,866.07","1,966.70","1,944.30","580","564","722"
"2020/05/18","-","-","-","-","-","0","-","0","500","0.00","-","-","1,912.20","1,681.00","1,872.15","1,969.54","1,944.67","640","580","722"
"2020/05/15","1,970.0","1,970.0","1,915.0","1,916.0","-43.0","1,300","2,516","0","500","0.00","-","-","1,895.40","1,667.52","1,878.15","1,972.38","1,944.85","780","580","734"
"2020/05/14","1,925.0","1,988.0","1,924.0","1,959.0","0.0","1,500","2,914","0","300","0.00","-","-","1,868.60","1,654.04","1,884.63","1,975.07","1,945.03","840","528","744"
"2020/05/13","-","-","-","-","-","0","-","0","300","0.00","-","-","1,822.80","1,638.84","1,888.91","1,976.88","1,944.99","680","504","745"
"2020/05/12","1,856.0","1,885.0","1,856.0","1,885.0","+53.0","400","745","0","300","0.00","-","-","1,777.60","1,627.16","1,894.17","1,979.04","1,945.29","720","516","773"
"2020/05/11","1,756.0","1,832.0","1,756.0","1,832.0","+50.0","700","1,255","0","300","0.00","-","-","1,738.80","1,615.44","1,899.29","1,980.69","1,945.54","700","536","768"
"2020/05/08","1,650.0","1,782.0","1,650.0","1,782.0","+52.0","1,600","2,789","0","400","0.00","-","-","1,706.00","1,610.00","1,905.12","1,982.07","1,946.06","880","508","758"
"2020/05/07","1,699.0","1,730.0","1,699.0","1,730.0","+71.0","700","1,200","0","300","0.00","-","-","1,669.80","1,606.56","1,911.61","1,983.70","1,946.85","740","444","746"
"2020/05/01","1,675.0","1,675.0","1,659.0","1,659.0","-32.0","200","333","0","300","0.00","-","-","1,638.00","1,605.20","1,918.77","1,985.79","1,947.89","680","416","738"
"2020/04/30","1,691.0","1,691.0","1,691.0","1,691.0","+23.0","300","507","0","300","0.00","-","-","1,624.20","1,606.68","1,926.88","1,988.91","1,949.29","640","420","741"
"2020/04/28","1,646.0","1,668.0","1,643.0","1,668.0","+67.0","1,600","2,652","0","300","0.00","-","-","1,604.00","1,605.28","1,934.56","1,991.97","1,950.56","580","432","742"
"2020/04/27","1,583.0","1,604.0","1,583.0","1,601.0","+30.0","900","1,438","0","400","0.00","-","-","1,588.40","1,601.60","1,942.33","1,995.26","1,952.07","260","400","726"
"2020/04/24","1,589.0","1,589.0","1,571.0","1,571.0","0.0","400","634","0","300","0.00","-","-","1,586.20","1,596.36","1,951.40","1,999.22","1,953.77","80","420","725"
"2020/04/23","-","-","-","-","-","0","-","0","300","0.00","-","-","1,590.00","1,598.84","1,960.48","2,003.28","1,955.34","0","404","728"
"2020/04/22","-","-","-","-","-","0","-","0","300","0.00","-","-","1,590.00","1,600.56","1,969.51","2,007.08","1,956.97","0","436","729"
"2020/04/21","-","-","-","-","-","0","-","0","300","0.00","-","-","1,590.00","1,596.60","1,978.71","2,010.47","1,958.60","20","500","745"
"2020/04/20","-","-","-","-","-","0","-","0","300","0.00","-","-","1,582.00","1,593.24","1,987.53","2,013.86","1,960.03","460","516","754"
"2020/04/17","-","-","-","-","-","0","-","0","300","0.00","-","-","1,570.60","1,591.08","1,996.36","2,017.71","1,961.46","520","564","757"
"2020/04/16","-","-","-","-","-","0","-","0","300","0.00","-","-","1,564.40","1,594.20","2,005.12","2,021.61","1,962.89","560","600","773"
"2020/04/15","1,590.0","1,590.0","1,590.0","1,590.0","+40.0","100","159","0","300","0.00","-","-","1,562.20","1,599.12","2,014.32","2,025.47","1,964.38","880","636","786"
"2020/04/14","1,501.0","1,579.0","1,501.0","1,550.0","+17.0","2,200","3,394","0","400","0.00","-","-","1,560.00","1,605.08","2,023.43","2,029.33","1,965.87","960","752","820"
"2020/04/13","1,545.0","1,545.0","1,533.0","1,533.0","-26.0","300","461","0","400","0.00","-","-","1,565.80","1,614.28","2,032.69","2,033.32","1,967.47","520","696","845"
"2020/04/10","1,579.0","1,579.0","1,559.0","1,559.0","-20.0","200","314","0","400","0.00","-","-","1,575.00","1,629.56","2,041.88","2,037.76","1,969.15","460","708","861"
"2020/04/09","1,579.0","1,579.0","1,579.0","1,579.0","0.0","1,600","2,526","0","300","0.00","-","-","1,579.00","1,644.48","2,049.83","2,041.94","1,970.70","600","700","870"
"2020/04/08","1,578.0","1,579.0","1,541.0","1,579.0","0.0","500","781","0","400","0.00","-","-","1,581.80","1,658.60","2,057.44","2,046.42","1,972.16","340","640","850"
"2020/04/07","-","-","-","-","-","0","-","0","500","0.00","-","-","1,584.40","1,673.08","2,065.72","2,050.39","1,973.62","420","660","848"
"2020/04/06","-","-","-","-","-","0","-","0","500","0.00","-","-","1,607.80","1,688.92","2,074.00","2,054.00","1,975.08","420","668","868"
"2020/04/03","1,553.0","1,597.0","1,553.0","1,579.0","-14.0","900","1,418","0","500","0.00","-","-","1,631.20","1,704.76","2,082.08","2,057.49","1,976.54","420","692","905"
"2020/04/02","1,593.0","1,593.0","1,593.0","1,593.0","+1.0","300","478","0","400","0.00","-","-","1,654.60","1,725.36","2,089.56","2,061.09","1,977.90","240","660","900"
"2020/04/01","1,586.0","1,592.0","1,586.0","1,592.0","0.0","900","1,430","0","400","0.00","-","-","1,675.20","1,749.40","2,096.33","2,064.18","1,979.18","240","660","917"
"2020/03/31","-","-","-","-","-","0","-","0","300","0.00","-","-","1,688.00","1,775.72","2,102.44","2,067.26","1,980.42","180","648","921"
"2020/03/30","-","-","-","-","-","0","-","0","300","0.00","-","-","1,664.00","1,798.32","2,106.09","2,069.12","1,981.07","340","664","961"
"2020/03/27","-","-","-","-","-","0","-","0","300","0.00","-","-","1,618.80","1,820.48","2,109.41","2,071.53","1,981.74","620","688","964"
"2020/03/26","1,696.0","1,696.0","1,696.0","1,696.0","+40.0","300","509","0","300","0.00","-","-","1,606.20","1,842.20","2,112.65","2,073.94","1,982.61","620","700","970"
"2020/03/25","1,600.0","1,656.0","1,600.0","1,656.0","+80.0","600","977","0","300","0.00","-","-","1,593.60","1,863.92","2,116.32","2,075.60","1,983.48","720","716","986"
"2020/03/24","1,501.0","1,602.0","1,501.0","1,576.0","+106.0","800","1,237","0","900","0.00","-","-","1,560.60","1,888.20","2,120.87","2,077.66","1,984.60","920","716","978"
"2020/03/23","1,481.0","1,481.0","1,435.0","1,470.0","0.0","1,400","2,037","0","700","0.00","-","-","1,546.60","1,915.08","2,126.48","2,080.58","1,986.29","840","708","968"
"2020/03/19","-","-","-","-","-","0","-","0","700","0.00","-","-","1,559.80","1,951.00","2,133.51","2,084.55","1,988.56","800","836","956"
"2020/03/18","1,649.0","1,649.0","1,633.0","1,633.0","+142.0","800","1,310","0","700","0.00","-","-","1,566.80","1,980.36","2,138.09","2,086.89","1,989.89","980","848","970"
"2020/03/17","1,406.0","1,491.0","1,406.0","1,491.0","-15.0","1,600","2,289","0","700","0.00","-","-","1,582.80","2,010.60","2,142.59","2,089.47","1,991.23","1,000","820","962"
"2020/03/16","1,516.0","1,516.0","1,506.0","1,506.0","-30.0","400","604","0","700","0.00","-","-","1,632.40","2,044.52","2,148.43","2,093.51","1,993.48","1,280","824","941"
"2020/03/13","1,650.0","1,650.0","1,536.0","1,536.0","-132.0","1,200","1,914","0","700","0.00","-","-","1,687.20","2,077.64","2,154.07","2,096.97","1,995.65","1,360","848","950"
"2020/03/12","1,704.0","1,704.0","1,668.0","1,668.0","-45.0","900","1,517","0","800","0.00","-","-","1,763.00","2,107.72","2,159.92","2,100.00","1,997.74","1,240","1,032","936"
"2020/03/11","1,737.0","1,738.0","1,713.0","1,713.0","-26.0","900","1,559","0","700","0.00","-","-","1,815.80","2,131.16","2,164.08","2,101.45","1,999.21","1,060","1,044","926"
"2020/03/10","1,778.0","1,778.0","1,652.0","1,739.0","-41.0","3,000","5,090","0","700","0.00","-","-","1,859.60","2,154.60","2,167.59","2,102.33","2,000.64","900","1,012","914"
"2020/03/09","1,855.0","1,855.0","1,780.0","1,780.0","-135.0","800","1,447","0","700","0.00","-","-","1,900.00","2,177.04","2,170.75","2,102.96","2,001.95","500","908","884"
"2020/03/06","1,920.0","1,920.0","1,904.0","1,915.0","0.0","600","1,146","0","600","0.00","-","-","1,939.00","2,197.64","2,173.00","2,103.18","2,003.82","380","936","885"
"2020/03/05","-","-","-","-","-","0","-","0","600","0.00","-","-","1,951.00","2,214.24","2,173.83","2,102.05","2,004.90","380","924","877"
"2020/03/04","1,932.0","1,932.0","1,932.0","1,932.0","-9.0","100","193","0","600","0.00","-","-","1,983.40","2,227.76","2,174.43","2,100.75","2,005.39","400","944","878"
"2020/03/03","2,065.0","2,065.0","1,941.0","1,941.0","-34.0","1,000","1,974","0","600","0.00","-","-","2,035.80","2,245.12","2,175.69","2,099.60","2,005.97","440","964","909"
"2020/03/02","1,975.0","1,975.0","1,975.0","1,975.0","0.0","200","395","0","600","0.00","-","-","2,097.60","2,262.36","2,176.16","2,098.64","2,006.89","360","928","908"
"2020/02/28","2,066.0","2,066.0","1,975.0","1,975.0","-119.0","600","1,204","0","600","0.00","-","-","2,154.80","2,278.00","2,175.69","2,096.89","2,007.38","400","956","906"
"2020/02/27","2,094.0","2,094.0","2,094.0","2,094.0","-100.0","100","209","0","700","0.00","-","-","2,209.80","2,295.08","2,175.07","2,095.39","2,008.40","400","1,012","908"
"2020/02/26","2,200.0","2,200.0","2,194.0","2,194.0","-56.0","300","659","0","600","0.00","-","-","2,238.80","2,302.52","2,173.00","2,093.28","2,008.40","440","1,072","914"
"2020/02/25","2,261.0","2,261.0","2,250.0","2,250.0","-11.0","600","1,353","0","600","0.00","-","-","2,247.80","2,305.96","2,169.11","2,090.17","2,007.79","520","1,144","918"
"2020/02/21","2,255.0","2,261.0","2,253.0","2,261.0","+11.0","400","902","0","800","0.00","-","-","2,250.40","2,306.72","2,164.44","2,086.50","2,006.89","520","1,120","912"
"2020/02/20","2,250.0","2,250.0","2,250.0","2,250.0","+11.0","600","1,350","0","800","0.00","-","-","2,247.80","2,307.04","2,159.39","2,082.32","2,006.06","560","1,104","916"
"2020/02/19","2,239.0","2,239.0","2,239.0","2,239.0","0.0","300","672","0","800","0.00","-","-","2,271.40","2,307.80","2,155.21","2,077.97","2,005.38","1,360","1,108","908"
"2020/02/18","2,267.0","2,268.0","2,239.0","2,239.0","-24.0","700","1,581","0","800","0.00","-","-","2,297.00","2,308.92","2,151.19","2,073.88","2,004.85","1,360","1,100","910"
"2020/02/17","2,250.0","2,264.0","2,250.0","2,263.0","+15.0","600","1,355","0","800","0.00","-","-","2,327.00","2,310.04","2,146.16","2,070.16","2,004.40","1,240","1,088","901"
"2020/02/14","2,370.0","2,378.0","2,248.0","2,248.0","-120.0","600","1,401","0","800","0.00","-","-","2,342.20","2,310.20","2,140.81","2,066.20","2,003.96","1,460","1,080","898"
"2020/02/13","2,393.0","2,400.0","2,368.0","2,368.0","+1.0","4,600","10,947","0","800","0.00","-","-","2,359.40","2,310.32","2,135.75","2,062.39","2,003.62","1,540","1,072","892"
"2020/02/12","2,390.0","2,390.0","2,367.0","2,367.0","-22.0","300","715","0","1,000","0.00","-","-","2,343.40","2,306.84","2,129.07","2,057.33","2,002.58","1,780","920","830"
"2020/02/10","2,389.0","2,389.0","2,389.0","2,389.0","+50.0","100","239","0","1,000","0.00","-","-","2,320.80","2,302.24","2,122.40","2,052.28","2,001.50","1,960","932","833"
"2020/02/07","2,375.0","2,375.0","2,339.0","2,339.0","+5.0","1,700","4,016","0","1,000","0.00","-","-","2,302.80","2,297.36","2,115.76","2,046.69","2,000.35","1,960","932","833"
"2020/02/06","2,338.0","2,338.0","2,299.0","2,334.0","+46.0","1,000","2,326","0","1,000","0.00","-","-","2,295.00","2,295.00","2,109.84","2,041.60","1,999.41","1,700","912","814"
"2020/02/05","2,204.0","2,380.0","2,130.0","2,288.0","+34.0","5,800","13,010","0","1,200","0.00","-","-","2,287.20","2,291.72","2,103.41","2,036.85","1,998.49","1,800","900","804"
"2020/02/04","2,299.0","2,299.0","2,238.0","2,254.0","-45.0","1,200","2,720","0","1,200","0.00","-","-","2,295.60","2,290.28","2,097.43","2,032.51","1,998.05","700","676","737"
"2020/02/03","2,299.0","2,299.0","2,299.0","2,299.0","-1.0","100","230","0","1,300","0.00","-","-","2,298.80","2,290.00","2,091.55","2,028.91","1,997.78","560","676","744"
"2020/01/31","2,292.0","2,300.0","2,292.0","2,300.0","+5.0","400","919","0","1,300","0.00","-","-","2,312.20","2,289.24","2,084.91","2,024.46","1,997.28","660","712","752"
"2020/01/30","2,380.0","2,380.0","2,275.0","2,295.0","-35.0","1,500","3,436","0","1,300","0.00","-","-","2,326.60","2,288.16","2,078.27","2,020.00","1,997.02","600","800","748"
"2020/01/29","2,318.0","2,330.0","2,318.0","2,330.0","+60.0","300","697","0","1,300","0.00","-","-","2,340.80","2,286.16","2,071.69","2,015.59","1,996.55","480","904","728"
"2020/01/28","2,270.0","2,270.0","2,270.0","2,270.0","-96.0","500","1,135","0","1,400","0.00","-","-","2,355.20","2,281.84","2,064.65","2,010.83","1,995.90","820","952","724"
"2020/01/27","2,396.0","2,396.0","2,334.0","2,366.0","-6.0","600","1,416","0","1,300","0.00","-","-","2,357.20","2,277.24","2,058.41","2,006.67","1,995.17","1,040","968","736"
"2020/01/24","2,372.0","2,372.0","2,372.0","2,372.0","+6.0","100","237","0","1,200","0.00","-","-","2,340.00","2,268.60","2,051.09","2,002.12","1,993.95","1,340","948","764"
"2020/01/23","2,302.0","2,366.0","2,302.0","2,366.0","-36.0","900","2,110","0","1,200","0.00","-","-","2,319.40","2,261.72","2,044.07","1,997.81","1,992.87","1,320","956","772"
"2020/01/22","2,258.0","2,402.0","2,258.0","2,402.0","+122.0","2,000","4,576","0","1,300","0.00","-","-","2,300.00","2,255.08","2,036.52","1,993.56","1,991.82","1,140","980","788"
"2020/01/21","2,280.0","2,280.0","2,277.0","2,280.0","0.0","1,600","3,647","0","1,200","0.00","-","-","2,273.40","2,246.40","2,028.83","1,988.95","1,990.66","880","1,012","774"
"2020/01/20","2,256.0","2,280.0","2,252.0","2,280.0","0.0","2,100","4,754","0","1,500","0.00","-","-","2,270.80","2,240.80","2,023.53","1,985.56","1,990.18","580","968","753"
"2020/01/17","-","-","-","-","-","0","-","0","1,500","0.00","-","-","2,268.20","2,233.64","2,018.24","1,982.17","1,989.71","240","948","728"
"2020/01/16","-","-","-","-","-","0","-","0","1,500","0.00","-","-","2,267.80","2,224.88","2,013.09","1,978.83","1,989.27","320","996","732"
"2020/01/15","2,269.0","2,269.0","2,268.0","2,269.0","+2.0","700","1,588","0","1,500","0.00","-","-","2,264.20","2,212.92","2,007.41","1,975.49","1,988.82","400","1,116","733"
"2020/01/14","2,267.0","2,267.0","2,267.0","2,267.0","0.0","100","227","0","1,400","0.00","-","-","2,266.60","2,199.96","2,001.36","1,972.37","1,987.98","420","1,096","1,685"
"2020/01/10","2,267.0","2,267.0","2,267.0","2,267.0","0.0","400","907","0","1,400","0.00","-","-","2,263.60","2,186.84","1,995.53","1,968.47","1,987.11","520","1,112","1,690"
"2020/01/09","2,252.0","2,280.0","2,252.0","2,267.0","+16.0","400","905","0","1,400","0.00","-","-","2,263.60","2,175.00","1,990.20","1,964.74","1,986.40","460","1,156","1,685"
"2020/01/08","2,231.0","2,252.0","2,231.0","2,251.0","-30.0","400","899","0","1,400","0.00","-","-","2,266.20","2,164.20","1,984.87","1,961.01","1,985.72","620","1,140","1,680"
"2020/01/07","2,280.0","2,286.0","2,280.0","2,281.0","+29.0","800","1,825","0","1,400","0.00","-","-","2,266.40","2,154.04","1,979.75","1,957.44","1,985.13","680","1,124","1,676"
"2020/01/06","2,267.0","2,267.0","2,252.0","2,252.0","-15.0","600","1,353","0","1,400","0.00","-","-","2,260.60","2,142.68","1,974.16","1,953.57","1,984.40","560","1,112","1,665"
"2019/12/30","2,267.0","2,267.0","2,267.0","2,267.0","-13.0","100","227","0","1,400","0.00","-","-","2,259.60","2,131.68","1,968.96","1,950.19","1,983.80","680","1,132","1,662"
"2019/12/27","2,283.0","2,283.0","2,275.0","2,280.0","+28.0","1,200","2,737","0","1,400","0.00","-","-","2,262.20","2,119.80","1,963.13","1,947.06","1,983.13","860","1,136","1,670"
"2019/12/26","2,278.0","2,278.0","2,252.0","2,252.0","0.0","700","1,583","0","1,400","0.00","-","-","2,260.80","2,105.76","1,957.13","1,944.07","1,982.28","1,140","1,088","1,662"
"2019/12/25","2,250.0","2,252.0","2,250.0","2,252.0","+5.0","200","450","0","1,400","0.00","-","-","2,259.40","2,092.84","1,951.89","1,941.36","1,981.32","1,820","1,104","1,661"
"2019/12/24","2,280.0","2,280.0","2,247.0","2,247.0","-33.0","1,200","2,711","0","1,400","0.00","-","-","2,253.40","2,081.76","1,946.59","1,938.65","1,980.31","2,080","1,100","1,660"
"2019/12/23","2,280.0","2,280.0","2,230.0","2,280.0","+7.0","1,000","2,267","0","1,400","0.00","-","-","2,235.00","2,071.08","1,941.88","1,936.49","1,979.32","2,020","1,060","1,646"
"2019/12/20","2,260.0","2,273.0","2,250.0","2,273.0","+28.0","2,600","5,891","0","1,400","0.00","-","-","2,209.00","2,058.92","1,936.20","1,934.00","1,978.32","1,840","1,020","1,633"
"2019/12/19","2,251.0","2,260.0","2,245.0","2,245.0","+23.0","4,100","9,243","0","1,400","0.00","-","-","2,194.40","2,047.04","1,930.61","1,931.22","1,977.36","1,380","944","1,598"
"2019/12/18","2,202.0","2,222.0","2,202.0","2,222.0","+67.0","1,500","3,318","0","1,300","0.00","-","-","2,185.40","2,035.20","1,925.40","1,928.37","1,976.28","860","816","1,544"
"2019/12/17","2,125.0","2,155.0","2,125.0","2,155.0","+5.0","900","1,930","0","1,300","0.00","-","-","2,178.00","2,025.40","1,920.49","1,925.75","1,975.32","1,120","756","1,524"
"2019/12/16","2,150.0","2,150.0","2,150.0","2,150.0","-50.0","100","215","0","1,200","0.00","-","-","2,175.00","2,018.28","1,916.48","1,923.80","1,974.70","1,040","724","1,514"
"2019/12/13","2,200.0","2,200.0","2,192.0","2,200.0","0.0","300","659","0","1,200","0.00","-","-","2,165.20","2,013.36","1,913.29","1,921.90","1,974.46","1,340","816","1,516"
"2019/12/12","2,189.0","2,203.0","2,189.0","2,200.0","+15.0","1,500","3,298","0","1,200","0.00","-","-","2,135.20","2,004.40","1,909.84","1,919.79","1,973.97","1,520","840","1,517"
"2019/12/11","2,159.0","2,191.0","2,057.0","2,185.0","+45.0","2,800","5,985","0","1,200","0.00","-","-","2,089.20","1,994.00","1,906.39","1,917.31","1,973.24","1,820","784","1,498"
"2019/12/10","2,111.0","2,140.0","2,111.0","2,140.0","+39.0","500","1,062","0","1,200","0.00","-","-","2,041.20","1,983.72","1,903.13","1,914.98","1,972.58","1,300","700","1,462"
"2019/12/09","2,051.0","2,101.0","2,051.0","2,101.0","+51.0","1,600","3,344","0","1,200","0.00","-","-","2,001.00","1,975.68","1,900.48","1,913.10","1,972.39","1,300","704","1,456"
"2019/12/06","1,971.0","2,050.0","1,971.0","2,050.0","+80.0","1,200","2,410","0","1,300","0.00","-","-","1,975.00","1,967.72","1,898.35","1,911.53","1,972.18","1,280","664","1,436"
"2019/12/05","1,945.0","1,970.0","1,940.0","1,970.0","+25.0","3,000","5,837","0","1,400","0.00","-","-","1,964.40","1,961.72","1,896.81","1,910.39","1,971.68","1,040","620","1,420"
"2019/12/04","1,939.0","1,945.0","1,939.0","1,945.0","+6.0","200","388","0","1,400","0.00","-","-","1,969.80","1,958.20","1,896.35","1,910.05","1,971.83","440","528","1,384"
"2019/12/03","1,967.0","1,967.0","1,939.0","1,939.0","-32.0","500","978","0","1,300","0.00","-","-","1,980.20","1,957.88","1,896.51","1,909.99","1,972.11","500","520","1,385"
"2019/12/02","1,957.0","1,971.0","1,957.0","1,971.0","0.0","1,500","2,939","0","1,400","0.00","-","-","1,987.80","1,957.80","1,895.68","1,909.99","1,972.41","620","520","1,385"
"2019/11/29","-","-","-","-","-","0","-","0","1,300","0.00","-","-","1,987.60","1,953.44","1,894.65","1,909.66","1,972.65","360","460","1,365"
"2019/11/28","-","-","-","-","-","0","-","0","1,300","0.00","-","-","1,974.00","1,948.04","1,893.28","1,909.14","1,972.67","360","476","1,365"
"2019/11/27","1,957.0","2,004.0","1,957.0","1,997.0","+20.0","500","989","0","1,300","0.00","-","-","1,960.40","1,942.88","1,891.91","1,908.88","1,972.68","580","480","1,365"
"2019/11/26","2,000.0","2,014.0","1,946.0","1,977.0","+7.0","1,100","2,177","0","1,500","0.00","-","-","1,956.00","1,937.68","1,890.53","1,908.31","1,972.83","500","460","1,361"
"2019/11/25","1,969.0","1,970.0","1,969.0","1,970.0","0.0","200","394","0","1,500","0.00","-","-","1,956.60","1,933.28","1,889.69","1,907.40","1,973.08","320","436","1,348"
"2019/11/22","-","-","-","-","-","0","-","0","1,500","0.00","-","-","1,957.80","1,930.12","1,889.48","1,906.86","1,973.37","280","432","1,349"
"2019/11/21","1,970.0","1,970.0","1,929.0","1,929.0","-46.0","1,100","2,148","0","1,500","0.00","-","-","1,967.20","1,928.76","1,890.17","1,906.73","1,973.46","420","444","1,349"
"2019/11/20","1,975.0","1,975.0","1,975.0","1,975.0","-5.0","100","198","0","1,200","0.00","-","-","1,971.20","1,925.68","1,890.87","1,906.20","1,973.55","380","408","1,334"
"2019/11/19","1,976.0","1,980.0","1,976.0","1,980.0","0.0","200","396","0","1,200","0.00","-","-","1,971.60","1,920.24","1,890.95","1,905.21","1,973.41","360","436","1,336"
"2019/11/18","-","-","-","-","-","0","-","0","1,300","0.00","-","-","1,971.00","1,913.56","1,891.63","1,904.17","1,973.24","340","496","1,333"
"2019/11/15","1,909.0","1,976.0","1,909.0","1,976.0","+27.0","700","1,348","0","1,300","0.00","-","-","1,981.20","1,906.56","1,892.36","1,903.29","1,973.10","820","524","1,386"
"2019/11/14","1,937.0","1,960.0","1,937.0","1,949.0","0.0","900","1,748","0","1,300","0.00","-","-","1,981.20","1,899.60","1,892.61","1,902.41","1,972.95","860","500","1,378"
"2019/11/13","-","-","-","-","-","0","-","0","1,200","0.00","-","-","1,979.40","1,893.72","1,892.76","1,901.62","1,972.94","700","464","1,366"
"2019/11/12","1,977.0","1,977.0","1,977.0","1,977.0","-50.0","100","198","0","1,200","0.00","-","-","1,969.60","1,886.72","1,892.53","1,900.54","1,972.38","840","464","1,366"
"2019/11/11","2,010.0","2,049.0","1,980.0","2,027.0","+51.0","2,400","4,809","0","1,200","0.00","-","-","1,962.00","1,879.72","1,892.31","1,899.45","1,972.21","940","516","1,368"
"2019/11/08","1,959.0","1,976.0","1,959.0","1,976.0","+36.0","900","1,769","0","1,200","0.00","-","-","1,937.00","1,871.32","1,891.41","1,897.89","1,971.80","580","528","1,338"
"2019/11/07","1,940.0","1,940.0","1,940.0","1,940.0","+12.0","100","194","0","1,200","0.00","-","-","1,921.80","1,866.08","1,891.59","1,896.84","1,971.64","420","520","1,330"
"2019/11/06","1,921.0","1,928.0","1,915.0","1,928.0","-11.0","700","1,344","0","1,300","0.00","-","-","1,910.20","1,860.48","1,891.75","1,896.15","1,971.66","540","600","1,329"
"2019/11/05","1,964.0","1,964.0","1,939.0","1,939.0","+37.0","600","1,174","0","1,200","0.00","-","-","1,912.00","1,856.36","1,892.07","1,895.58","1,971.74","400","612","1,320"
"2019/11/01","1,902.0","1,902.0","1,902.0","1,902.0","+2.0","600","1,141","0","1,200","0.00","-","-","1,911.60","1,854.12","1,892.24","1,894.70","1,971.78","380","588","1,313"
"2019/10/31","1,900.0","1,900.0","1,900.0","1,900.0","+18.0","100","190","0","1,200","0.00","-","-","1,903.60","1,853.36","1,892.80","1,894.18","1,971.76","260","572","1,384"
"2019/10/30","1,965.0","1,965.0","1,882.0","1,882.0","0.0","700","1,339","0","1,200","0.00","-","-","1,896.00","1,852.68","1,893.28","1,893.58","1,971.41","320","580","1,382"
"2019/10/29","-","-","-","-","-","0","-","0","1,200","0.00","-","-","1,893.20","1,851.12","1,894.00","1,893.01","1,971.15","200","556","1,374"
"2019/10/28","1,942.0","1,942.0","1,911.0","1,937.0","0.0","500","967","0","1,200","0.00","-","-","1,879.20","1,846.24","1,894.03","1,891.94","1,969.79","200","3,440","1,374"
"2019/10/25","-","-","-","-","-","0","-","0","1,200","0.00","-","-","1,865.20","1,841.96","1,894.05","1,891.27","1,968.62","200","3,440","1,374"
"2019/10/24","1,862.0","1,862.0","1,862.0","1,862.0","-6.0","400","745","0","1,300","0.00","-","-","1,871.00","1,842.16","1,895.07","1,891.35","1,968.71","220","3,440","1,386"
"2019/10/23","1,868.0","1,868.0","1,868.0","1,868.0","0.0","100","187","0","1,300","0.00","-","-","1,877.60","1,842.36","1,896.17","1,891.53","1,968.97","200","3,424","1,382"
"2019/10/21","-","-","-","-","-","0","-","0","1,300","0.00","-","-","1,874.40","1,842.32","1,897.55","1,891.99","1,969.21","220","3,424","1,437"
"2019/10/18","1,866.0","1,867.0","1,866.0","1,867.0","-24.0","500","933","0","1,300","0.00","-","-","1,868.80","1,842.12","1,898.52","1,892.56","1,969.45","380","3,424","1,441"
"2019/10/17","1,891.0","1,891.0","1,891.0","1,891.0","-4.0","100","189","0","1,300","0.00","-","-","1,858.00","1,841.92","1,898.77","1,892.89","1,969.77","620","3,420","1,440"
"2019/10/16","1,859.0","1,895.0","1,859.0","1,895.0","+43.0","300","562","0","1,300","0.00","-","-","1,840.00","1,839.48","1,899.11","1,892.98","1,969.98","740","3,444","1,438"
"2019/10/15","1,852.0","1,852.0","1,852.0","1,852.0","+13.0","200","370","0","1,200","0.00","-","-","1,821.40","1,836.88","1,899.39","1,893.45","1,970.21","700","3,456","1,437"
"2019/10/11","1,840.0","1,840.0","1,801.0","1,839.0","+26.0","800","1,460","0","1,400","0.00","-","-","1,811.40","1,837.16","1,899.71","1,894.33","1,970.50","660","3,472","1,434"
"2019/10/10","1,819.0","1,819.0","1,813.0","1,813.0","+12.0","1,700","3,092","0","1,200","0.00","-","-","1,804.00","1,837.76","1,900.20","1,895.48","1,970.86","500","3,444","1,424"
"2019/10/09","1,803.0","1,804.0","1,801.0","1,801.0","-1.0","700","1,262","0","1,300","0.00","-","-","1,801.80","1,841.00","1,901.04","1,896.96","1,971.35","440","3,384","1,405"
"2019/10/08","1,802.0","1,802.0","1,802.0","1,802.0","0.0","100","180","0","1,300","0.00","-","-","1,805.00","1,843.12","1,902.20","1,898.95","1,972.10","840","3,356","1,396"
"2019/10/07","-","-","-","-","-","0","-","0","1,300","0.00","-","-","1,813.60","1,845.20","1,903.35","1,900.93","1,972.85","960","3,352","1,397"
"2019/10/04","-","-","-","-","-","0","-","0","1,300","0.00","-","-","1,813.20","1,847.28","1,904.25","1,904.46","1,973.60","1,380","3,352","1,398"
"2019/10/03","1,802.0","1,802.0","1,802.0","1,802.0","-15.0","1,400","2,523","0","1,300","0.00","-","-","1,817.80","1,849.36","1,905.15","1,907.74","1,974.35","1,580","3,352","1,400"
"2019/10/02","1,805.0","1,842.0","1,800.0","1,817.0","-28.0","2,700","4,885","0","1,200","0.00","-","-","1,834.00","1,851.44","1,906.03","1,910.02","1,975.09","1,300","3,304","1,382"
"2019/10/01","1,815.0","1,845.0","1,815.0","1,845.0","+45.0","700","1,274","0","1,200","0.00","-","-","1,847.20","1,855.20","1,906.75","1,912.34","1,975.51","800","3,204","1,346"
"2019/09/30","1,800.0","1,800.0","1,800.0","1,800.0","-25.0","2,100","3,780","0","1,400","0.00","-","-","1,854.80","1,859.04","1,907.09","1,915.13","1,976.07","720","3,192","1,337"
"2019/09/27","1,829.0","1,829.0","1,825.0","1,825.0","0.0","1,000","1,827","0","1,200","0.00","-","-","1,863.40","1,864.68","1,908.04","1,917.87","1,976.85","320","3,112","1,309"
"2019/09/26","-","-","-","-","-","0","-","0","1,200","0.00","-","-","1,861.40","1,869.32","1,908.65","1,921.40","1,977.77","14,540","3,076","1,304"
"2019/09/25","1,883.0","1,883.0","1,883.0","1,883.0","0.0","200","377","0","1,200","0.00","-","-","1,850.80","1,871.64","1,908.23","1,923.51","1,978.40","14,640","3,076","1,308"
"2019/09/24","1,883.0","1,883.0","1,883.0","1,883.0","+40.0","300","565","0","1,300","0.00","-","-","1,847.60","1,873.96","1,907.79","1,925.40","1,978.49","14,600","3,072","1,308"
"2019/09/20","1,843.0","1,843.0","1,843.0","1,843.0","+28.0","100","184","0","1,300","0.00","-","-","1,844.40","1,876.04","1,907.21","1,927.27","1,978.58","14,540","3,060","1,308"
"2019/09/19","1,831.0","1,831.0","1,800.0","1,815.0","-15.0","72,100","132,003","0","1,400","0.00","-","-","1,849.20","1,879.72","1,906.97","1,929.79","1,979.03","14,540","3,068","1,316"
"2019/09/18","1,867.0","1,867.0","1,830.0","1,830.0","0.0","500","926","0","1,300","0.00","-","-","1,858.60","1,885.40","1,907.17","1,932.79","1,979.70","120","196","358"
"2019/09/17","-","-","-","-","-","0","-","0","1,600","0.00","-","-","1,865.00","1,887.28","1,907.71","1,935.81","1,980.31","100","196","352"
"2019/09/13","-","-","-","-","-","0","-","0","1,600","0.00","-","-","1,857.60","1,888.36","1,907.75","1,938.63","1,980.59","240","196","358"
"2019/09/12","1,867.0","1,867.0","1,867.0","1,867.0","0.0","100","187","0","1,600","0.00","-","-","1,850.20","1,889.44","1,907.92","1,941.71","1,981.31","360","196","369"
"2019/09/11","-","-","-","-","-","0","-","0","1,600","0.00","-","-","1,848.60","1,890.52","1,908.55","1,944.84","1,982.02","460","192","370"
"2019/09/10","1,859.0","1,862.0","1,859.0","1,862.0","+32.0","400","744","0","1,600","0.00","-","-","1,847.00","1,891.80","1,909.37","1,947.82","1,982.83","480","200","373"
"2019/09/09","1,830.0","1,830.0","1,830.0","1,830.0","0.0","700","1,281","0","1,600","0.00","-","-","1,853.40","1,893.88","1,909.88","1,950.71","1,983.27","440","188","370"
"2019/09/06","1,819.0","1,842.0","1,819.0","1,830.0","-29.0","600","1,096","0","1,600","0.00","-","-","1,858.20","1,898.84","1,910.81","1,954.00","1,983.87","300","172","428"
"2019/09/05","1,841.0","1,859.0","1,841.0","1,859.0","+5.0","600","1,108","0","1,600","0.00","-","-","1,863.00","1,904.88","1,912.31","1,957.21","1,984.32","180","148","424"
"2019/09/04","1,854.0","1,854.0","1,854.0","1,854.0","-40.0","100","185","0","1,600","0.00","-","-","1,862.00","1,909.76","1,913.39","1,960.13","1,984.54","60","124","436"
"2019/09/03","1,894.0","1,894.0","1,894.0","1,894.0","0.0","200","379","0","1,600","0.00","-","-","1,862.00","1,914.84","1,914.72","1,963.59","1,984.78","40","128","445"
"2019/09/02","-","-","-","-","-","0","-","0","1,600","0.00","-","-","1,854.00","1,920.32","1,915.61","1,966.64","1,984.82","40","120","461"
"2019/08/30","-","-","-","-","-","0","-","0","1,600","0.00","-","-","1,865.40","1,927.40","1,917.56","1,970.09","1,984.89","80","280","461"
"2019/08/29","-","-","-","-","-","0","-","0","1,600","0.00","-","-","1,882.80","1,933.04","1,919.51","1,974.04","1,984.72","160","284","540"
"2019/08/28","-","-","-","-","-","0","-","0","1,600","0.00","-","-","1,900.20","1,937.28","1,923.52","1,977.51","1,984.54","180","284","550"
"2019/08/27","1,871.0","1,871.0","1,854.0","1,854.0","-57.0","200","373","0","1,600","0.00","-","-","1,917.60","1,941.52","1,927.20","1,980.97","1,984.75","200","284","586"
"2019/08/26","1,935.0","1,935.0","1,911.0","1,911.0","-30.0","200","385","0","1,700","0.00","-","-","1,935.00","1,945.76","1,929.55","1,983.67","1,985.09","160","284","588"
"2019/08/23","1,950.0","1,950.0","1,941.0","1,941.0","0.0","400","777","0","1,700","0.00","-","-","1,941.00","1,947.72","1,931.39","1,985.77","1,985.53","140","284","596"
"2019/08/22","1,941.0","1,941.0","1,941.0","1,941.0","0.0","100","194","0","1,600","0.00","-","-","1,939.80","1,949.64","1,933.83","1,987.92","1,985.83","60","280","593"
"2019/08/21","1,941.0","1,941.0","1,941.0","1,941.0","0.0","100","194","0","1,600","0.00","-","-","1,938.60","1,950.08","1,935.60","1,990.07","1,986.12","100","276","601"
"2019/08/20","-","-","-","-","-","0","-","0","1,600","0.00","-","-","1,941.80","1,950.52","1,938.76","1,992.36","1,986.40","140","272","604"
"2019/08/19","1,941.0","1,941.0","1,941.0","1,941.0","0.0","100","194","0","1,600","0.00","-","-","1,929.00","1,950.96","1,940.80","1,994.80","1,986.67","240","276","641"
"2019/08/16","-","-","-","-","-","0","-","0","1,600","0.00","-","-","1,919.60","1,951.08","1,942.55","1,997.24","1,986.95","220","508","641"
"2019/08/15","1,957.0","1,957.0","1,917.0","1,935.0","-22.0","300","581","0","1,600","0.00","-","-","1,911.40","1,951.12","1,944.35","1,999.70","1,987.26","220","508","646"
"2019/08/14","1,957.0","1,957.0","1,957.0","1,957.0","+80.0","300","587","0","1,600","0.00","-","-","1,903.20","1,951.16","1,946.48","2,002.15","1,987.71","160","500","653"
"2019/08/13","1,854.0","1,877.0","1,854.0","1,877.0","0.0","500","929","0","1,700","0.00","-","-","1,890.60","1,950.44","1,948.59","2,003.59","1,987.93","140","488","653"
"2019/08/09","-","-","-","-","-","0","-","0","1,600","0.00","-","-","1,898.00","1,952.92","1,951.99","2,005.74","1,988.69","60","488","649"
"2019/08/08","-","-","-","-","-","0","-","0","1,700","0.00","-","-","1,910.00","1,954.68","1,955.39","2,008.06","1,989.37","120","524","677"
"2019/08/07","-","-","-","-","-","0","-","0","1,700","0.00","-","-","1,927.40","1,956.72","1,959.13","2,010.42","1,989.90","120","528","706"
"2019/08/06","1,912.0","1,912.0","1,894.0","1,894.0","-20.0","200","381","0","1,700","0.00","-","-","1,944.80","1,959.80","1,962.95","2,012.82","1,990.43","120","696","724"
"2019/08/05","1,914.0","1,914.0","1,914.0","1,914.0","-40.0","100","191","0","1,800","0.00","-","-","1,962.20","1,961.64","1,966.49","2,015.22","1,991.06","120","700","726"
"2019/08/02","1,993.0","1,993.0","1,954.0","1,954.0","0.0","300","594","0","1,800","0.00","-","-","1,985.60","1,960.52","1,969.65","2,017.41","1,991.59","100","712","730"
"2019/08/01","-","-","-","-","-","0","-","0","1,800","0.00","-","-","2,001.00","1,959.00","1,972.39","2,019.20","1,991.96","840","700","729"
"2019/07/31","-","-","-","-","-","0","-","0","1,800","0.00","-","-","2,003.80","1,956.40","1,974.65","2,020.49","1,992.22","860","708","730"
"2019/07/30","1,981.0","1,981.0","1,981.0","1,981.0","0.0","200","396","0","1,800","0.00","-","-","1,999.60","1,952.20","1,976.92","2,021.28","1,992.46","860","708","737"
"2019/07/29","-","-","-","-","-","0","-","0","1,800","0.00","-","-","1,995.40","1,948.00","1,979.84","2,021.96","1,992.73","820","700","737"
"2019/07/26","2,135.0","2,138.0","2,031.0","2,031.0","+36.0","4,000","8,375","0","1,800","0.00","-","-","1,981.20","1,941.80","1,982.08","2,022.14","1,992.71","860","712","738"
"2019/07/25","1,995.0","1,995.0","1,995.0","1,995.0","0.0","100","200","0","2,200","0.00","-","-","1,967.00","1,936.08","1,984.32","2,022.64","1,992.69","100","552","686"
"2019/07/24","-","-","-","-","-","0","-","0","2,200","0.00","-","-","1,965.80","1,931.80","1,987.71","2,023.49","1,992.93","140","556","688"
"2019/07/23","-","-","-","-","-","0","-","0","2,200","0.00","-","-","1,964.20","1,928.20","1,990.92","2,024.19","1,993.43","140","560","689"
"2019/07/22","1,960.0","1,960.0","1,960.0","1,960.0","0.0","200","392","0","2,200","0.00","-","-","1,962.60","1,924.56","1,994.12","2,024.89","1,993.82","140","564","1,436"
"2019/07/19","1,949.0","1,960.0","1,949.0","1,960.0","-29.0","200","391","0","2,100","0.00","-","-","1,961.00","1,920.88","1,996.31","2,025.59","1,994.19","120","560","1,436"
"2019/07/18","2,029.0","2,029.0","1,989.0","1,989.0","0.0","300","601","0","2,200","0.00","-","-","1,957.80","1,917.32","1,998.45","2,027.01","1,994.60","1,260","552","1,438"
"2019/07/17","-","-","-","-","-","0","-","0","2,400","0.00","-","-","1,947.20","1,912.60","2,000.68","2,028.14","1,994.92","1,200","540","1,437"
"2019/07/16","-","-","-","-","-","0","-","0","2,400","0.00","-","-","1,944.00","1,909.36","2,003.40","2,029.16","1,995.42","1,220","540","1,458"
"2019/07/11","1,935.0","1,961.0","1,935.0","1,944.0","0.0","5,900","11,449","0","2,400","0.00","-","-","1,938.80","1,902.08","2,009.41","2,031.67","1,996.53","1,300","572","1,518"
"2019/07/10","-","-","-","-","-","0","-","0","2,500","0.00","-","-","1,937.60","1,898.32","2,012.63","2,032.83","1,997.21","300","344","1,445"
"2019/07/09","1,936.0","1,936.0","1,936.0","1,936.0","0.0","100","194","0","2,500","0.00","-","-","1,939.40","1,894.48","2,015.89","2,032.97","1,998.04","320","356","1,458"
"2019/07/08","-","-","-","-","-","0","-","0","1,800","0.00","-","-","1,946.40","1,890.04","2,019.15","2,033.61","1,998.93","1,140","380","1,472"
"2019/07/05","1,939.0","1,939.0","1,939.0","1,939.0","+1.0","500","970","0","2,500","0.00","-","-","1,946.60","1,885.68","2,021.31","2,034.22","1,999.89","1,200","392","1,478"
"2019/07/04","1,935.0","1,954.0","1,935.0","1,938.0","-7.0","900","1,748","0","1,800","0.00","-","-","1,936.00","1,882.92","2,023.35","2,034.83","2,001.09","1,180","372","1,473"
"2019/07/03","1,945.0","1,945.0","1,945.0","1,945.0","-26.0","100","195","0","1,800","0.00","-","-","1,931.60","1,880.20","2,025.85","2,035.64","2,002.05","1,000","356","1,486"
"2019/07/02","1,889.0","2,068.0","1,889.0","1,971.0","+31.0","4,200","8,263","0","2,600","0.00","-","-","1,925.80","1,877.60","2,028.32","2,036.19","2,002.98","1,020","384","1,489"
"2019/07/01","1,964.0","1,964.0","1,940.0","1,940.0","+54.0","300","587","0","1,800","0.00","-","-","1,906.80","1,875.32","2,030.49","2,036.48","2,003.87","180","224","1,434"
"2019/06/28","1,900.0","1,900.0","1,886.0","1,886.0","0.0","400","759","0","1,800","0.00","-","-","1,894.00","1,874.68","2,033.08","2,037.35","2,004.87","120","220","1,440"
"2019/06/27","-","-","-","-","-","0","-","0","1,800","0.00","-","-","1,892.00","1,875.24","2,036.37","2,038.76","2,006.15","100","212","1,434"
"2019/06/26","1,916.0","1,916.0","1,916.0","1,916.0","0.0","200","383","0","1,800","0.00","-","-","1,886.40","1,874.60","2,039.27","2,039.87","2,007.27","100","412","1,454"
"2019/06/25","-","-","-","-","-","0","-","0","1,800","0.00","-","-","1,880.80","1,875.64","2,041.85","2,040.18","2,008.20","100","416","1,454"
"2019/06/24","-","-","-","-","-","0","-","0","1,800","0.00","-","-","1,879.60","1,878.20","2,044.31","2,040.89","2,009.34","120","476","1,456"
"2019/06/21","1,900.0","1,900.0","1,876.0","1,876.0","0.0","300","565","0","1,800","0.00","-","-","1,878.20","1,881.32","2,046.61","2,041.60","2,010.47","140","508","1,456"
"2019/06/20","-","-","-","-","-","0","-","0","1,800","0.00","-","-","1,876.60","1,884.72","2,048.92","2,042.31","2,011.59","100","552","1,476"
"2019/06/19","1,871.0","1,888.0","1,871.0","1,888.0","+18.0","200","376","0","1,800","0.00","-","-","1,873.20","1,889.20","2,051.49","2,042.90","2,012.75","100","552","1,486"
"2019/06/18","1,870.0","1,870.0","1,870.0","1,870.0","+1.0","100","187","0","1,800","0.00","-","-","1,869.80","1,893.68","2,054.05","2,043.49","2,014.01","60","780","1,486"
"2019/06/17","1,869.0","1,869.0","1,869.0","1,869.0","+1.0","100","187","0","1,800","0.00","-","-","1,870.00","1,905.08","2,056.19","2,044.26","2,015.36","40","808","1,485"
"2019/06/14","1,868.0","1,868.0","1,868.0","1,868.0","0.0","100","187","0","1,800","0.00","-","-","1,870.40","1,915.52","2,058.33","2,044.21","2,016.73","140","912","1,484"
"2019/06/13","-","-","-","-","-","0","-","0","1,900","0.00","-","-","1,867.00","1,922.00","2,060.49","2,044.97","2,018.11","180","920","1,500"
"2019/06/12","-","-","-","-","-","0","-","0","1,900","0.00","-","-","1,862.80","1,929.12","2,063.57","2,045.70","2,019.31","220","952","1,501"
"2019/06/11","-","-","-","-","-","0","-","0","1,900","0.00","-","-","1,856.60","1,939.24","2,066.65","2,046.43","2,020.73","280","960","1,502"
"2019/06/10","1,861.0","1,871.0","1,861.0","1,871.0","+20.0","600","1,120","0","1,900","0.00","-","-","1,847.40","1,947.36","2,069.09","2,047.16","2,021.90","420","988","1,504"
"2019/06/07","1,850.0","1,851.0","1,850.0","1,851.0","+1.0","300","555","0","1,900","0.00","-","-","1,839.20","1,959.64","2,071.52","2,047.90","2,023.06","360","976","1,501"
"2019/06/06","1,846.0","1,850.0","1,846.0","1,850.0","+10.0","200","370","0","1,900","0.00","-","-","1,843.00","1,969.36","2,074.87","2,048.85","2,024.33","300","1,076","1,506"
"2019/06/05","1,835.0","1,840.0","1,835.0","1,840.0","+15.0","300","551","0","2,900","0.00","-","-","1,847.00","1,978.24","2,077.67","2,049.34","2,025.83","360","1,072","1,525"
"2019/06/04","1,830.0","1,831.0","1,825.0","1,825.0","-5.0","700","1,279","0","2,900","0.00","-","-","1,855.00","1,987.44","2,079.13","2,049.24","2,027.92","460","1,076","1,528"
"2019/06/03","1,830.0","1,830.0","1,830.0","1,830.0","0.0","300","549","0","2,700","0.00","-","-","1,872.80","1,998.24","2,081.47","2,049.29","2,030.09","360","1,080","1,520"
"2019/05/31","-","-","-","-","-","0","-","0","2,600","0.00","-","-","1,891.60","2,009.64","2,083.73","2,047.64","2,032.22","340","1,080","1,529"
"2019/05/30","1,880.0","1,880.0","1,870.0","1,870.0","-10.0","500","937","0","2,600","0.00","-","-","1,897.60","2,020.12","2,085.47","2,045.96","2,034.16","380","1,088","1,530"
"2019/05/29","1,870.0","1,880.0","1,870.0","1,880.0","-34.0","800","1,500","0","2,600","0.00","-","-","1,903.60","2,031.28","2,087.45","2,046.06","2,036.09","1,280","1,152","1,526"
"2019/05/28","1,914.0","1,914.0","1,914.0","1,914.0","-10.0","200","383","0","2,400","0.00","-","-","1,916.00","2,043.08","2,089.05","2,046.41","2,037.97","1,180","1,208","1,518"
"2019/05/27","1,924.0","1,924.0","1,924.0","1,924.0","+24.0","200","385","0","2,300","0.00","-","-","1,921.20","2,053.72","2,090.20","2,046.43","2,039.68","1,440","1,252","1,525"
"2019/05/24","1,900.0","1,900.0","1,900.0","1,900.0","0.0","200","380","0","2,300","0.00","-","-","1,927.20","2,063.16","2,091.57","2,046.34","2,040.57","1,560","1,260","1,522"
"2019/05/23","1,900.0","1,910.0","1,900.0","1,900.0","-42.0","5,000","9,502","0","2,300","0.00","-","-","1,939.40","2,073.20","2,093.27","2,046.64","2,041.57","1,800","1,268","1,520"
"2019/05/22","1,942.0","1,982.0","1,942.0","1,942.0","+2.0","300","587","0","2,100","0.00","-","-","1,959.40","2,083.56","2,094.96","2,046.98","2,042.51","800","1,076","1,456"
"2019/05/21","1,914.0","1,960.0","1,907.0","1,940.0","-14.0","1,500","2,896","0","2,100","0.00","-","-","1,971.00","2,091.92","2,095.03","2,046.96","2,043.21","1,920","1,068","1,452"
"2019/05/20","1,961.0","1,961.0","1,921.0","1,954.0","-7.0","800","1,562","0","1,800","0.00","-","-","2,014.00","2,100.36","2,095.12","2,046.67","2,043.83","1,780","1,028","1,433"
"2019/05/17","1,950.0","2,001.0","1,950.0","1,961.0","0.0","1,400","2,791","0","1,800","0.00","-","-","2,049.20","2,110.20","2,095.03","2,046.24","2,044.49","2,160","1,004","1,422"
"2019/05/16","-","-","-","-","-","0","-","0","1,900","0.00","-","-","2,063.00","2,119.72","2,094.84","2,045.73","2,045.50","1,940","952","1,404"
"2019/05/15","2,048.0","2,098.0","2,000.0","2,000.0","-155.0","5,900","12,017","0","1,900","0.00","-","-","2,072.80","2,127.68","2,094.13","2,045.25","2,046.19","2,100","956","1,404"
"2019/05/14","2,154.0","2,155.0","2,154.0","2,155.0","+25.0","800","1,724","0","1,800","0.00","-","-","2,097.60","2,137.64","2,093.43","2,044.77","2,046.52","960","728","1,328"
"2019/05/13","2,030.0","2,131.0","2,030.0","2,130.0","+100.0","2,700","5,718","0","1,800","0.00","-","-","2,081.40","2,139.48","2,090.65","2,042.74","2,046.01","940","700","1,334"
"2019/05/10","2,030.0","2,030.0","2,030.0","2,030.0","-19.0","300","609","0","1,800","0.00","-","-","2,091.00","2,142.28","2,087.11","2,040.96","2,046.01","460","2,832","1,301"
"2019/05/09","2,074.0","2,074.0","2,049.0","2,049.0","-75.0","800","1,650","0","1,800","0.00","-","-","2,103.80","2,146.04","2,085.96","2,040.16","2,046.49","960","2,828","1,297"
"2019/05/08","2,124.0","2,124.0","2,124.0","2,124.0","+50.0","200","425","0","1,900","0.00","-","-","2,108.40","2,148.92","2,084.56","2,038.67","2,046.64","820","2,812","1,286"
"2019/05/07","2,078.0","2,118.0","2,074.0","2,074.0","-104.0","700","1,465","0","1,800","0.00","-","-","2,097.60","2,150.20","2,082.16","2,037.00","2,046.42","860","2,812","1,284"
"2019/04/26","2,144.0","2,178.0","2,144.0","2,178.0","+84.0","300","647","0","1,800","0.00","-","-","2,101.80","2,153.48","2,080.43","2,035.83","2,046.55","880","2,848","1,281"
"2019/04/25","2,075.0","2,094.0","2,075.0","2,094.0","+22.0","2,800","5,828","0","1,800","0.00","-","-","2,089.20","2,153.16","2,077.32","2,034.13","2,046.16","880","3,000","1,282"
"2019/04/24","2,072.0","2,072.0","2,072.0","2,072.0","+2.0","100","207","0","2,600","0.00","-","-","2,096.80","2,156.80","2,075.35","2,033.28","2,046.14","360","2,908","1,249"
"2019/04/23","2,070.0","2,070.0","2,070.0","2,070.0","-25.0","400","828","0","2,600","0.00","-","-","2,112.20","2,161.32","2,073.04","2,031.57","2,046.53","760","2,920","1,256"
"2019/04/22","2,092.0","2,096.0","2,092.0","2,095.0","-20.0","800","1,676","0","2,600","0.00","-","-","2,133.20","2,165.76","2,069.84","2,029.88","2,047.03","1,120","2,944","1,250"
"2019/04/19","2,111.0","2,115.0","2,111.0","2,115.0","-17.0","300","634","0","2,600","0.00","-","-","2,150.20","2,169.16","2,066.31","2,028.27","2,047.40","1,220","2,956","1,249"
"2019/04/18","2,132.0","2,132.0","2,132.0","2,132.0","-17.0","200","426","0","2,600","0.00","-","-","2,159.20","2,168.60","2,060.31","2,026.61","2,047.30","1,240","2,964","1,256"
"2019/04/17","2,125.0","2,149.0","2,125.0","2,149.0","-26.0","2,100","4,466","0","2,500","0.00","-","-","2,163.00","2,167.00","2,054.57","2,024.80","2,047.28","1,280","2,960","1,282"
"2019/04/16","2,180.0","2,181.0","2,137.0","2,175.0","-5.0","2,200","4,781","0","2,500","0.00","-","-","2,165.00","2,166.08","2,050.99","2,022.55","2,047.15","900","2,952","1,258"
"2019/04/15","2,175.0","2,180.0","2,174.0","2,180.0","+20.0","1,300","2,830","0","2,500","0.00","-","-","2,160.20","2,164.28","2,047.52","2,020.90","2,047.02","480","2,876","1,234"
"2019/04/12","2,152.0","2,160.0","2,150.0","2,160.0","+9.0","400","862","0","2,500","0.00","-","-","2,154.40","2,162.44","2,044.00","2,019.20","2,046.98","320","2,828","1,218"
"2019/04/11","2,160.0","2,160.0","2,151.0","2,151.0","-8.0","400","862","0","2,600","0.00","-","-","2,162.40","2,161.40","2,040.73","2,017.83","2,047.66","280","2,840","1,218"
"2019/04/10","2,159.0","2,159.0","2,159.0","2,159.0","+8.0","200","432","0","2,600","0.00","-","-","2,172.00","2,160.68","2,037.79","2,015.82","2,048.95","220","2,824","1,221"
"2019/04/09","2,151.0","2,151.0","2,151.0","2,151.0","0.0","100","215","0","2,600","0.00","-","-","2,180.00","2,159.64","2,034.79","2,013.73","2,050.21","200","2,876","1,224"
"2019/04/08","2,201.0","2,201.0","2,151.0","2,151.0","-49.0","500","1,091","0","2,600","0.00","-","-","2,199.60","2,158.00","2,031.97","2,011.43","2,051.50","220","2,880","1,237"
"2019/04/05","2,200.0","2,200.0","2,200.0","2,200.0","+1.0","200","440","0","2,600","0.00","-","-","2,209.60","2,154.36","2,028.77","2,008.94","2,052.84","140","2,864","1,234"
"2019/04/04","2,199.0","2,199.0","2,199.0","2,199.0","0.0","100","220","0","2,600","0.00","-","-","2,209.60","2,148.32","2,024.92","2,005.96","2,053.94","11,300","2,856","1,233"
"2019/04/03","2,199.0","2,199.0","2,199.0","2,199.0","-50.0","100","220","0","2,600","0.00","-","-","2,194.60","2,142.32","2,021.07","2,002.99","2,055.04","11,320","2,924","1,237"
"2019/04/02","2,249.0","2,249.0","2,249.0","2,249.0","+48.0","200","450","0","2,600","0.00","-","-","2,179.00","2,137.60","2,017.77","1,999.69","2,056.25","11,380","2,952","1,236"
"2019/04/01","2,201.0","2,201.0","2,201.0","2,201.0","+1.0","100","220","0","2,600","0.00","-","-","2,160.40","2,130.84","2,013.81","1,995.39","2,057.21","11,380","2,952","1,233"
"2019/03/29","2,174.0","2,200.0","2,173.0","2,200.0","+76.0","56,000","121,760","0","2,600","0.00","-","-","2,151.40","2,124.00","2,010.49","1,991.57","2,058.41","11,680","2,948","1,233"
"2019/03/28","2,091.0","2,124.0","2,091.0","2,124.0","+3.0","200","422","0","2,600","0.00","-","-","2,145.40","2,117.20","2,007.19","1,988.52","2,059.80","1,300","708","506"
"2019/03/27","2,071.0","2,121.0","2,071.0","2,121.0","-35.0","400","833","0","2,600","0.00","-","-","2,157.60","2,113.44","2,004.87","1,986.50","2,061.57","1,360","752","529"
"2019/03/26","2,131.0","2,156.0","2,131.0","2,156.0","0.0","200","429","0","2,600","0.00","-","-","2,170.40","2,112.68","2,001.92","1,985.29","2,063.46","1,360","740","534"
"2019/03/25","2,126.0","2,156.0","2,102.0","2,156.0","-14.0","1,600","3,394","0","2,600","0.00","-","-","2,175.40","2,110.52","1,999.27","1,983.73","2,064.56","1,520","736","532"
"2019/03/22","2,195.0","2,254.0","2,170.0","2,170.0","-15.0","4,100","9,028","0","2,600","0.00","-","-","2,180.20","2,106.44","1,996.61","1,982.17","2,065.65","1,420","676","514"
"2019/03/20","2,180.0","2,185.0","2,180.0","2,185.0","0.0","500","1,091","0","2,600","0.00","-","-","2,166.40","2,101.76","1,994.45","1,980.43","2,067.18","700","528","462"
"2019/03/19","2,178.0","2,185.0","2,178.0","2,185.0","+4.0","400","873","0","2,800","0.00","-","-","2,147.80","2,098.44","1,992.11","1,978.54","2,068.61","620","536","460"
"2019/03/18","2,170.0","2,181.0","2,170.0","2,181.0","+1.0","1,000","2,174","0","2,800","0.00","-","-","2,136.00","2,093.44","1,988.32","1,976.66","2,070.05","920","584","454"
"2019/03/15","2,129.0","2,180.0","2,110.0","2,180.0","+79.0","1,100","2,355","0","2,900","0.00","-","-","2,125.80","2,084.20","1,984.59","1,974.81","2,071.51","780","564","445"
"2019/03/14","2,142.0","2,142.0","2,101.0","2,101.0","+9.0","500","1,063","0","3,000","0.00","-","-","2,116.60","2,077.00","1,981.31","1,973.27","2,072.91","580","524","433"
"2019/03/13","2,092.0","2,092.0","2,092.0","2,092.0","-34.0","100","209","0","2,900","0.00","-","-","2,123.20","2,072.96","1,979.28","1,972.26","2,074.73","620","544","436"
"2019/03/12","2,130.0","2,131.0","2,094.0","2,126.0","-4.0","1,900","4,040","0","2,900","0.00","-","-","2,131.40","2,069.28","1,977.40","1,971.64","2,076.44","600","544","436"
"2019/03/11","2,084.0","2,130.0","2,084.0","2,130.0","-4.0","300","634","0","2,800","0.00","-","-","2,132.80","2,065.00","1,974.71","1,970.68","2,077.71","520","476","413"
"2019/03/08","2,134.0","2,134.0","2,134.0","2,134.0","0.0","100","213","0","2,800","0.00","-","-","2,128.80","2,059.80","1,973.11","1,969.38","2,078.82","500","472","409"
"2019/03/07","2,083.0","2,134.0","2,083.0","2,134.0","0.0","700","1,485","0","2,800","0.00","-","-","2,114.00","2,054.44","1,971.45","1,968.04","2,079.79","500","496","420"
"2019/03/06","-","-","-","-","-","0","-","0","2,900","0.00","-","-","2,097.00","2,050.16","1,969.97","1,966.90","2,080.95","360","468","433"
"2019/03/05","2,091.0","2,151.0","2,090.0","2,133.0","+23.0","1,500","3,176","0","2,900","0.00","-","-","2,080.20","2,045.92","1,967.53","1,965.76","2,081.99","720","468","440"
"2019/03/04","2,110.0","2,110.0","2,110.0","2,110.0","+50.0","200","422","0","2,900","0.00","-","-","2,069.80","2,041.68","1,965.09","1,964.71","2,083.02","580","416","421"
"2019/03/01","2,060.0","2,060.0","2,060.0","2,060.0","0.0","100","206","0","3,000","0.00","-","-","2,063.80","2,035.16","1,962.57","1,963.94","2,083.97","580","408","420"
"2019/02/28","-","-","-","-","-","0","-","0","3,000","0.00","-","-","2,057.80","2,030.64","1,960.47","1,963.64","2,085.06","560","408","418"
"2019/02/27","2,011.0","2,069.0","2,011.0","2,049.0","-32.0","1,800","3,643","0","3,000","0.00","-","-","2,054.00","2,026.56","1,958.51","1,963.49","2,086.06","560","408","420"
"2019/02/26","2,119.0","2,119.0","2,031.0","2,081.0","+1.0","800","1,653","0","2,800","0.00","-","-","2,050.20","2,022.48","1,956.55","1,963.27","2,087.16","460","336","401"
"2019/02/25","2,030.0","2,080.0","2,030.0","2,080.0","0.0","200","411","0","2,800","0.00","-","-","2,054.40","2,017.12","1,953.72","1,962.74","2,088.15","320","304","409"
"2019/02/22","-","-","-","-","-","0","-","0","2,800","0.00","-","-","2,058.80","2,011.80","1,950.24","1,962.36","2,089.17","300","304","406"
"2019/02/21","-","-","-","-","-","0","-","0","2,800","0.00","-","-","2,063.60","2,008.48","1,947.43","1,962.66","2,090.93","320","356","422"
"2019/02/20","2,102.0","2,102.0","2,030.0","2,030.0","-72.0","1,300","2,664","0","2,800","0.00","-","-","2,068.20","2,001.84","1,945.63","1,962.75","2,092.58","400","364","430"
"2019/02/19","2,102.0","2,102.0","2,102.0","2,102.0","0.0","100","210","0","2,700","0.00","-","-","2,082.60","1,998.40","1,944.19","1,962.79","2,094.25","280","312","433"
"2019/02/18","2,102.0","2,102.0","2,102.0","2,102.0","+48.0","100","210","0","2,700","0.00","-","-","2,074.20","1,992.08","1,942.83","1,962.19","2,095.40","580","308","464"
"2019/02/15","2,054.0","2,054.0","2,054.0","2,054.0","+1.0","100","205","0","2,700","0.00","-","-","2,043.80","1,985.76","1,941.47","1,961.69","2,096.66","660","304","468"
"2019/02/14","2,052.0","2,102.0","2,052.0","2,053.0","-49.0","400","826","0","2,700","0.00","-","-","2,033.00","1,981.36","1,940.75","1,961.67","2,098.34","660","320","506"
"2019/02/13","2,100.0","2,102.0","2,100.0","2,102.0","+42.0","700","1,470","0","2,700","0.00","-","-","2,022.40","1,977.04","1,939.99","1,961.75","2,100.04","780","320","509"
"2019/02/12","1,980.0","2,060.0","1,980.0","2,060.0","+110.0","1,600","3,232","0","2,600","0.00","-","-","2,002.00","1,970.80","1,938.57","1,961.38","2,101.40","660","304","512"
"2019/02/08","1,950.0","1,950.0","1,950.0","1,950.0","-50.0","500","975","0","2,700","0.00","-","-","1,993.80","1,964.36","1,937.73","1,961.59","2,102.85","380","264","496"
"2019/02/07","2,000.0","2,000.0","2,000.0","2,000.0","0.0","100","200","0","2,700","0.00","-","-","2,003.80","1,959.56","1,938.35","1,963.10","2,104.60","320","244","490"
"2019/02/06","2,000.0","2,010.0","2,000.0","2,000.0","0.0","1,000","2,001","0","2,600","0.00","-","-","2,003.80","1,952.76","1,938.69","1,964.25","2,106.10","440","268","492"
"2019/02/05","2,000.0","2,000.0","2,000.0","2,000.0","-19.0","100","200","0","2,600","0.00","-","-","2,009.20","1,939.36","1,938.69","1,965.55","2,107.60","240","260","480"
"2019/02/04","2,019.0","2,019.0","2,019.0","2,019.0","+19.0","200","404","0","2,600","0.00","-","-","2,014.60","1,927.44","1,939.09","1,967.35","2,108.90","220","344","478"
"2019/02/01","1,950.0","2,000.0","1,950.0","2,000.0","0.0","200","395","0","2,600","0.00","-","-","2,016.20","1,921.88","1,939.24","1,968.46","2,109.80","220","348","502"
"2019/01/31","2,000.0","2,000.0","2,000.0","2,000.0","0.0","700","1,400","0","2,600","0.00","-","-","2,005.60","1,918.48","1,939.24","1,969.76","2,110.80","180","356","500"
"2019/01/30","-","-","-","-","-","0","-","0","2,600","0.00","-","-","1,995.00","1,915.12","1,939.24","1,971.25","2,111.54","60","332","513"
"2019/01/29","-","-","-","-","-","0","-","0","2,600","0.00","-","-","1,979.00","1,910.64","1,939.15","1,972.39","2,111.91","60","348","532"
"2019/01/28","2,027.0","2,027.0","2,027.0","2,027.0","0.0","200","405","0","2,600","0.00","-","-","1,963.00","1,906.76","1,939.04","1,973.53","2,112.19","60","372","545"
"2019/01/25","-","-","-","-","-","0","-","0","2,600","0.00","-","-","1,947.00","1,903.04","1,939.05","1,974.66","2,112.46","20","380","549"
"2019/01/24","1,947.0","1,947.0","1,947.0","1,947.0","0.0","100","195","0","2,600","0.00","-","-","1,947.00","1,902.76","1,940.20","1,976.22","2,113.23","60","424","609"
"2019/01/23","-","-","-","-","-","0","-","0","2,600","0.00","-","-","1,947.00","1,901.32","1,941.31","1,977.78","2,113.97","300","432","612"
"2019/01/22","-","-","-","-","-","0","-","0","2,600","0.00","-","-","1,930.40","1,899.88","1,942.47","1,979.34","2,114.73","340","436","642"
"2019/01/21","-","-","-","-","-","0","-","0","2,600","0.00","-","-","1,929.80","1,898.40","1,943.53","1,980.87","2,115.62","340","452","772"
"2019/01/18","1,947.0","1,947.0","1,947.0","1,947.0","0.0","200","389","0","2,600","0.00","-","-","1,929.20","1,898.60","1,944.61","1,982.59","2,116.63","340","452","780"
"2019/01/17","1,938.0","1,948.0","1,938.0","1,947.0","+83.0","1,300","2,527","0","2,600","0.00","-","-","1,928.60","1,898.80","1,945.88","1,984.52","2,117.58","300","444","796"
"2019/01/16","1,864.0","1,864.0","1,864.0","1,864.0","0.0","200","373","0","2,800","0.00","-","-","1,928.00","1,899.00","1,947.39","1,986.45","2,118.70","140","396","806"
"2019/01/15","-","-","-","-","-","0","-","0","2,800","0.00","-","-","1,944.20","1,902.52","1,949.72","1,989.25","2,121.18","180","448","846"
"2019/01/11","-","-","-","-","-","0","-","0","2,800","0.00","-","-","1,944.60","1,902.76","1,950.92","1,991.25","2,124.02","240","524","862"
"2019/01/10","-","-","-","-","-","0","-","0","2,800","0.00","-","-","1,935.60","1,901.00","1,952.23","1,992.91","2,127.00","360","556","872"
"2019/01/09","1,944.0","1,944.0","1,944.0","1,944.0","-1.0","500","972","0","2,800","0.00","-","-","1,912.80","1,901.52","1,953.67","1,995.02","2,130.04","360","556","921"
"2019/01/08","1,946.0","1,946.0","1,945.0","1,945.0","-1.0","400","778","0","2,800","0.00","-","-","1,890.00","1,902.04","1,955.11","1,996.64","2,133.25","400","548","936"
"2019/01/07","1,946.0","1,946.0","1,946.0","1,946.0","+47.0","300","584","0","2,800","0.00","-","-","1,834.00","1,904.56","1,956.65","1,998.22","2,136.46","480","540","946"
"2019/01/04","1,870.0","1,899.0","1,870.0","1,899.0","0.0","600","1,128","0","2,800","0.00","-","-","1,785.20","1,907.08","1,958.24","1,999.81","2,139.52","860","540","952"
"2018/12/28","-","-","-","-","-","0","-","0","2,900","0.00","-","-","1,781.40","1,907.16","1,960.67","2,002.32","2,143.14","800","516","948"
"2018/12/27","1,790.0","1,830.0","1,790.0","1,830.0","+165.0","700","1,277","0","2,900","0.00","-","-","1,798.40","1,910.00","1,964.28","2,006.60","2,147.11","880","528","1,436"
"2018/12/26","1,677.0","1,705.0","1,650.0","1,665.0","-37.0","800","1,334","0","3,000","0.00","-","-","1,815.60","1,914.16","1,968.08","2,010.88","2,151.10","760","508","1,436"
"2018/12/25","1,701.0","1,770.0","1,701.0","1,702.0","-178.0","2,200","3,790","0","3,000","0.00","-","-","1,865.60","1,925.52","1,974.28","2,016.80","2,156.03","680","504","1,428"
"2018/12/21","1,880.0","1,880.0","1,880.0","1,880.0","-35.0","300","564","0","2,900","0.00","-","-","1,911.20","1,935.48","1,980.65","2,022.35","2,160.77","360","420","1,401"
"2018/12/20","1,930.0","1,930.0","1,915.0","1,915.0","-1.0","400","768","0","2,900","0.00","-","-","1,922.00","1,937.24","1,983.99","2,026.12","2,164.12","380","416","1,397"
"2018/12/19","1,916.0","1,916.0","1,916.0","1,916.0","+1.0","100","192","0","2,900","0.00","-","-","1,927.00","1,941.04","1,986.85","2,029.53","2,167.59","520","400","1,400"
"2018/12/18","1,930.0","1,930.0","1,915.0","1,915.0","-15.0","400","771","0","2,900","0.00","-","-","1,926.00","1,944.80","1,989.96","2,032.92","2,171.64","560","432","1,408"
"2018/12/17","1,934.0","1,934.0","1,930.0","1,930.0","-4.0","600","1,160","0","3,000","0.00","-","-","1,925.20","1,949.12","1,992.97","2,034.80","2,176.31","500","484","1,402"
"2018/12/14","1,923.0","1,934.0","1,923.0","1,934.0","-6.0","400","770","0","3,000","0.00","-","-","1,921.20","1,949.92","1,995.79","2,036.49","2,180.76","460","480","1,396"
"2018/12/13","1,900.0","1,940.0","1,900.0","1,940.0","+29.0","1,100","2,094","0","3,000","0.00","-","-","1,924.80","1,950.56","1,998.53","2,038.03","2,185.19","380","468","1,396"
"2018/12/12","1,912.0","1,912.0","1,911.0","1,911.0","0.0","300","574","0","3,000","0.00","-","-","1,927.20","1,949.80","2,000.71","2,039.46","2,189.59","160","428","1,381"
"2018/12/11","1,911.0","1,911.0","1,911.0","1,911.0","+1.0","100","191","0","3,000","0.00","-","-","1,935.40","1,949.44","2,003.27","2,040.98","2,194.13","120","416","1,378"
"2018/12/10","1,912.0","1,912.0","1,910.0","1,910.0","0.0","400","764","0","3,000","0.00","-","-","1,943.60","1,949.08","2,005.83","2,042.73","2,198.58","400","416","1,389"
"2018/12/07","-","-","-","-","-","0","-","0","2,900","0.00","-","-","1,951.60","1,948.76","2,008.36","2,045.26","2,203.03","700","416","1,401"
"2018/12/06","-","-","-","-","-","0","-","0","2,900","0.00","-","-","1,941.20","1,945.44","2,010.59","2,047.13","2,207.27","860","472","1,409"
"2018/12/05","1,952.0","1,952.0","1,952.0","1,952.0","0.0","100","195","0","2,900","0.00","-","-","1,942.20","1,940.12","2,013.09","2,048.27","2,211.29","860","472","1,409"
"2018/12/04","1,985.0","1,985.0","1,952.0","1,952.0","+2.0","1,500","2,971","0","2,900","0.00","-","-","1,943.20","1,934.80","2,015.60","2,049.27","2,214.56","900","516","1,417"
"2018/12/03","1,950.0","1,950.0","1,950.0","1,950.0","+50.0","1,900","3,705","0","2,800","0.00","-","-","1,954.40","1,932.52","2,018.16","2,051.06","2,218.20","640","480","1,397"
"2018/11/30","1,917.0","1,920.0","1,900.0","1,900.0","0.0","800","1,529","0","2,900","0.00","-","-","1,966.20","1,931.40","2,020.75","2,052.82","2,221.71","320","464","1,373"
"2018/11/29","-","-","-","-","-","0","-","0","2,700","0.00","-","-","1,966.40","1,935.40","2,023.55","2,054.61","2,225.46","160","528","1,365"
"2018/11/28","2,007.0","2,007.0","1,957.0","1,957.0","-51.0","300","597","0","2,800","0.00","-","-","1,955.20","1,937.12","2,026.19","2,055.83","2,231.10","220","544","1,368"
"2018/11/27","2,008.0","2,008.0","2,008.0","2,008.0","-1.0","200","402","0","2,900","0.00","-","-","1,950.60","1,938.84","2,028.17","2,057.26","2,236.42","200","652","1,369"
"2018/11/26","2,009.0","2,009.0","2,009.0","2,009.0","0.0","300","603","0","2,700","0.00","-","-","1,938.80","1,938.36","2,029.44","2,058.18","2,240.78","300","668","1,376"
"2018/11/22","-","-","-","-","-","0","-","0","2,800","0.00","-","-","1,927.20","1,937.84","2,030.72","2,058.99","2,246.43","260","692","1,378"
"2018/11/21","1,901.0","1,901.0","1,901.0","1,901.0","-33.0","300","570","0","2,800","0.00","-","-","1,931.80","1,941.68","2,034.04","2,061.48","2,253.40","300","708","1,393"
"2018/11/20","1,950.0","1,950.0","1,934.0","1,934.0","-15.0","200","388","0","2,800","0.00","-","-","1,953.60","1,945.48","2,038.80","2,064.17","2,260.40","240","700","1,390"
"2018/11/19","1,949.0","1,950.0","1,949.0","1,949.0","-2.0","700","1,364","0","2,800","0.00","-","-","1,968.80","1,949.16","2,043.12","2,066.53","2,267.38","380","700","1,392"
"2018/11/16","1,951.0","1,951.0","1,951.0","1,951.0","+27.0","100","195","0","2,700","0.00","-","-","1,983.60","1,951.20","2,047.23","2,067.99","2,274.38","580","676","1,384"
"2018/11/15","1,960.0","1,960.0","1,924.0","1,924.0","0.0","200","388","0","2,800","0.00","-","-","1,983.40","1,954.36","2,051.31","2,069.75","2,281.25","660","672","1,384"
"2018/11/14","-","-","-","-","-","0","-","0","2,800","0.00","-","-","1,988.60","1,958.60","2,055.75","2,071.74","2,287.86","640","744","1,382"
"2018/11/13","1,989.0","2,019.0","1,983.0","2,010.0","-13.0","900","1,805","0","2,800","0.00","-","-","1,970.80","1,958.20","2,059.03","2,073.14","2,293.83","660","744","1,392"
"2018/11/12","1,915.0","2,027.0","1,914.0","2,023.0","+73.0","1,700","3,301","0","2,800","0.00","-","-","1,949.20","1,957.80","2,062.29","2,074.76","2,299.78","480","776","1,410"
"2018/11/09","1,910.0","1,950.0","1,910.0","1,950.0","0.0","500","971","0","2,800","0.00","-","-","1,925.00","1,957.68","2,063.36","2,077.48","2,305.79","160","764","1,390"
"2018/11/08","1,950.0","1,950.0","1,950.0","1,950.0","+29.0","100","195","0","2,800","0.00","-","-","1,915.40","1,960.44","2,065.35","2,082.08","2,311.54","140","784","1,385"
"2018/11/07","1,921.0","1,921.0","1,921.0","1,921.0","0.0","100","192","0","2,800","0.00","-","-","1,899.20","1,963.56","2,067.19","2,086.68","2,317.14","400","800","1,392"
"2018/11/06","-","-","-","-","-","0","-","0","2,800","0.00","-","-","1,878.80","1,968.04","2,069.35","2,091.57","2,322.61","380","976","1,396"
"2018/11/05","1,902.0","1,902.0","1,902.0","1,902.0","0.0","100","190","0","2,800","0.00","-","-","1,862.20","1,973.16","2,071.49","2,096.74","2,328.28","620","988","1,418"
"2018/11/02","1,909.0","1,910.0","1,902.0","1,902.0","+33.0","400","763","0","2,800","0.00","-","-","1,860.80","1,978.44","2,073.95","2,101.91","2,334.12","720","1,076","1,457"
"2018/11/01","1,886.0","1,892.0","1,869.0","1,869.0","0.0","1,400","2,640","0","2,900","0.00","-","-","1,864.80","1,983.44","2,077.43","2,107.08","2,340.01","940","1,448","1,464"
"2018/10/31","-","-","-","-","-","0","-","0","1,900","0.00","-","-","1,891.00","1,989.80","2,081.03","2,112.80","2,345.94","1,140","1,416","1,452"
"2018/10/30","1,893.0","1,893.0","1,819.0","1,819.0","-76.0","1,200","2,239","0","1,900","0.00","-","-","1,927.20","1,998.72","2,084.32","2,119.03","2,352.04","1,220","1,472","1,453"
"2018/10/29","1,923.0","1,927.0","1,895.0","1,895.0","-27.0","600","1,150","0","1,900","0.00","-","-","1,963.40","2,008.36","2,087.43","2,125.24","2,357.84","1,580","1,508","1,456"
"2018/10/26","1,950.0","1,957.0","1,920.0","1,922.0","-78.0","1,500","2,904","0","1,900","0.00","-","-","1,983.60","2,014.12","2,090.57","2,131.07","2,362.88","1,580","1,612","1,454"
"2018/10/25","1,983.0","2,024.0","1,983.0","2,000.0","0.0","2,400","4,787","0","1,700","0.00","-","-","1,998.40","2,018.60","2,093.29","2,136.63","2,367.59","1,460","1,600","1,444"
"2018/10/24","2,000.0","2,000.0","2,000.0","2,000.0","0.0","400","800","0","1,800","0.00","-","-","1,997.80","2,020.28","2,094.35","2,141.63","2,371.49","1,060","1,532","1,414"
"2018/10/23","2,001.0","2,001.0","2,000.0","2,000.0","+4.0","3,000","6,000","0","1,800","0.00","-","-","1,997.00","2,022.36","2,095.40","2,145.39","2,375.22","1,000","1,664","1,421"
"2018/10/22","1,996.0","1,996.0","1,996.0","1,996.0","0.0","600","1,198","0","1,600","0.00","-","-","2,002.20","2,024.44","2,096.73","2,149.13","2,378.87","440","1,608","1,385"
"2018/10/19","1,996.0","1,996.0","1,996.0","1,996.0","-1.0","900","1,796","0","1,600","0.00","-","-","2,003.00","2,027.04","2,098.12","2,153.92","2,382.54","340","1,632","1,382"
"2018/10/18","2,009.0","2,009.0","1,997.0","1,997.0","+1.0","400","801","0","1,600","0.00","-","-","2,009.80","2,029.80","2,099.37","2,158.68","2,386.20","160","1,624","1,382"
"2018/10/17","1,996.0","1,996.0","1,996.0","1,996.0","-30.0","100","200","0","1,500","0.00","-","-","2,016.40","2,033.16","2,101.41","2,163.43","2,389.75","480","1,620","1,378"
"2018/10/16","2,000.0","2,026.0","2,000.0","2,026.0","+26.0","200","403","0","1,500","0.00","-","-","2,017.20","2,037.36","2,103.73","2,168.20","2,393.30","460","3,080","1,378"
"2018/10/15","2,000.0","2,000.0","2,000.0","2,000.0","0.0","100","200","0","1,500","0.00","-","-","2,012.00","2,040.92","2,105.65","2,172.54","2,396.82","760","3,100","1,380"
"2018/10/12","-","-","-","-","-","0","-","0","1,400","0.00","-","-","2,016.00","2,046.12","2,106.92","2,177.19","2,400.32","1,020","3,104","1,382"
"2018/10/11","2,000.0","2,030.0","1,990.0","2,030.0","0.0","2,000","4,011","0","1,400","0.00","-","-","2,013.80","2,052.12","2,108.21","2,181.24","2,403.67","1,220","3,112","1,400"
"2018/10/10","-","-","-","-","-","0","-","0","1,500","0.00","-","-","2,013.40","2,056.12","2,109.45","2,184.74","2,407.13","920","3,032","1,385"
"2018/10/09","2,020.0","2,020.0","2,000.0","2,000.0","-20.0","1,700","3,425","0","1,500","0.00","-","-","2,020.00","2,061.32","2,111.45","2,188.26","2,410.88","1,820","3,056","1,416"
"2018/10/05","2,019.0","2,021.0","2,019.0","2,020.0","+1.0","1,400","2,827","0","1,500","0.00","-","-","2,026.00","2,067.28","2,113.75","2,191.54","2,414.45","1,540","3,016","1,421"
"2018/10/04","2,069.0","2,069.0","2,019.0","2,019.0","-9.0","1,000","2,037","0","1,500","0.00","-","-","2,028.80","2,072.12","2,117.41","2,194.99","2,417.72","1,720","2,960","1,426"
"2018/10/03","2,035.0","2,039.0","2,028.0","2,028.0","-5.0","500","1,017","0","1,400","0.00","-","-","2,030.40","2,077.00","2,122.63","2,198.22","2,421.28","3,460","2,924","1,416"
"2018/10/02","2,025.0","2,040.0","2,019.0","2,033.0","+3.0","4,500","9,142","0","500","0.00","-","-","2,030.40","2,081.48","2,127.72","2,201.33","2,424.54","3,480","2,920","1,409"
"2018/10/01","2,033.0","2,033.0","2,030.0","2,030.0","-4.0","300","609","0","600","0.00","-","-","2,032.20","2,084.28","2,132.75","2,204.00","2,427.76","2,860","2,740","1,352"
"2018/09/28","2,026.0","2,040.0","2,026.0","2,034.0","+7.0","2,300","4,664","0","600","0.00","-","-","2,038.20","2,087.20","2,137.93","2,206.47","2,431.00","3,220","2,732","1,348"
"2018/09/27","2,028.0","2,030.0","2,020.0","2,027.0","-1.0","9,700","19,675","0","500","0.00","-","-","2,039.20","2,089.96","2,143.07","2,208.63","2,434.33","3,400","2,676","1,317"
"2018/09/26","2,036.0","2,042.0","2,028.0","2,028.0","-14.0","600","1,222","0","500","0.00","-","-","2,040.60","2,092.88","2,148.29","2,211.05","2,437.69","1,700","2,340","1,196"
"2018/09/25","2,060.0","2,060.0","2,042.0","2,042.0","-18.0","1,400","2,877","0","500","0.00","-","-","2,043.40","2,096.52","2,153.80","2,213.55","2,440.95","1,720","2,340","1,197"
"2018/09/21","2,037.0","2,082.0","2,037.0","2,060.0","+21.0","2,100","4,289","0","1,400","0.00","-","-","2,045.40","2,100.44","2,159.13","2,215.97","2,444.09","2,180","2,284","1,182"
"2018/09/20","2,040.0","2,090.0","2,037.0","2,039.0","+5.0","3,200","6,545","0","2,800","0.00","-","-","2,043.80","2,103.64","2,164.20","2,219.20","2,447.20","2,080","2,228","1,156"
"2018/09/19","2,042.0","2,052.0","2,034.0","2,034.0","-8.0","1,200","2,451","0","3,900","0.00","-","-","2,048.20","2,107.84","2,170.05","2,222.41","2,450.41","1,680","2,100","1,117"
"2018/09/18","2,040.0","2,042.0","2,040.0","2,042.0","-10.0","700","1,428","0","4,500","0.00","-","-","2,054.40","2,112.24","2,175.97","2,225.70","2,453.39","1,580","2,056","1,114"
"2018/09/14","2,042.0","2,052.0","2,040.0","2,052.0","0.0","3,700","7,579","0","4,500","0.00","-","-","2,062.20","2,114.96","2,182.08","2,228.61","2,456.55","1,500","2,036","1,117"
"2018/09/13","2,055.0","2,061.0","2,051.0","2,052.0","-9.0","1,600","3,293","0","4,600","0.00","-","-","2,072.00","2,119.08","2,186.40","2,231.62","2,459.73","8,080","1,896","1,069"
"2018/09/12","2,066.0","2,087.0","2,061.0","2,061.0","-4.0","1,200","2,486","0","4,600","0.00","-","-","2,084.60","2,121.24","2,190.69","2,235.01","2,462.62","7,900","1,848","1,053"
"2018/09/11","2,079.0","2,080.0","2,065.0","2,065.0","-16.0","700","1,453","0","4,600","0.00","-","-","2,098.40","2,122.92","2,196.21","2,238.32","2,465.36","7,700","1,828","1,048"
"2018/09/10","2,081.0","2,081.0","2,080.0","2,081.0","-20.0","300","624","0","4,600","0.00","-","-","2,121.40","2,124.52","2,201.64","2,241.42","2,467.95","7,600","1,820","1,038"
"2018/09/07","2,101.0","2,101.0","2,100.0","2,101.0","-14.0","36,600","76,897","0","4,500","0.00","-","-","2,131.20","2,127.28","2,206.85","2,244.11","2,470.53","7,540","1,852","1,041"
"2018/09/06","2,100.0","2,115.0","2,100.0","2,115.0","-15.0","700","1,475","0","4,500","0.00","-","-","2,137.00","2,133.56","2,211.81","2,246.10","2,472.95","340","392","612"
"2018/09/05","2,130.0","2,130.0","2,130.0","2,130.0","-50.0","200","426","0","4,400","0.00","-","-","2,143.80","2,139.28","2,216.41","2,247.95","2,475.33","340","376","613"
"2018/09/04","2,180.0","2,180.0","2,180.0","2,180.0","0.0","200","436","0","4,400","0.00","-","-","2,146.00","2,144.36","2,220.88","2,249.65","2,477.73","300","372","628"
"2018/09/03","-","-","-","-","-","0","-","0","4,400","0.00","-","-","2,138.20","2,147.44","2,224.28","2,250.44","2,479.83","280","368","641"
"2018/08/31","2,150.0","2,150.0","2,130.0","2,130.0","-19.0","600","1,284","0","4,400","0.00","-","-","2,140.20","2,152.52","2,227.61","2,251.14","2,482.18","360","372","658"
"2018/08/30","2,160.0","2,160.0","2,149.0","2,149.0","0.0","700","1,511","0","4,400","0.00","-","-","2,134.80","2,157.56","2,230.57","2,251.84","2,484.61","240","376","701"
"2018/08/29","-","-","-","-","-","0","-","0","4,400","0.00","-","-","2,125.60","2,161.80","2,232.96","2,251.82","2,487.11","120","440","693"
"2018/08/28","2,141.0","2,141.0","2,141.0","2,141.0","+1.0","100","214","0","4,400","0.00","-","-","2,118.00","2,160.28","2,235.95","2,251.43","2,489.65","300","448","704"
"2018/08/27","2,153.0","2,153.0","2,140.0","2,140.0","0.0","400","860","0","4,500","0.00","-","-","2,109.80","2,158.60","2,238.63","2,250.84","2,492.06","540","448","714"
"2018/08/24","-","-","-","-","-","0","-","0","4,600","0.00","-","-","2,105.60","2,156.52","2,241.28","2,250.26","2,494.16","580","456","720"
"2018/08/23","2,103.0","2,103.0","2,103.0","2,103.0","0.0","100","210","0","4,600","0.00","-","-","2,113.00","2,155.72","2,243.91","2,250.23","2,496.64","580","472","728"
"2018/08/22","2,102.0","2,103.0","2,099.0","2,103.0","+3.0","900","1,891","0","4,600","0.00","-","-","2,120.40","2,154.12","2,246.23","2,250.16","2,498.91","700","536","733"
"2018/08/21","2,140.0","2,141.0","2,100.0","2,100.0","-19.0","1,300","2,764","0","4,600","0.00","-","-","2,128.60","2,153.44","2,248.19","2,250.12","2,501.36","520","620","726"
"2018/08/20","2,118.0","2,120.0","2,118.0","2,119.0","0.0","600","1,271","0","4,600","0.00","-","-","2,137.40","2,155.96","2,250.44","2,250.37","2,503.73","280","604","712"
"2018/08/17","-","-","-","-","-","0","-","0","4,500","0.00","-","-","2,135.60","2,156.76","2,252.56","2,250.67","2,505.92","200","600","709"
"2018/08/16","2,144.0","2,144.0","2,140.0","2,140.0","0.0","700","1,498","0","4,500","0.00","-","-","2,138.60","2,153.80","2,254.48","2,250.63","2,508.14","240","604","757"
"2018/08/15","-","-","-","-","-","0","-","0","4,600","0.00","-","-","2,131.80","2,150.28","2,257.72","2,250.94","2,510.35","180","632","761"
"2018/08/14","2,144.0","2,144.0","2,144.0","2,144.0","+34.0","100","214","0","4,600","0.00","-","-","2,123.60","2,149.76","2,260.60","2,253.10","2,512.43","320","652","766"
"2018/08/13","2,110.0","2,110.0","2,110.0","2,110.0","-45.0","200","422","0","4,600","0.00","-","-","2,115.80","2,149.04","2,263.52","2,256.79","2,514.38","400","676","768"
"2018/08/10","2,156.0","2,156.0","2,155.0","2,155.0","+49.0","200","431","0","4,600","0.00","-","-","2,123.80","2,147.80","2,266.49","2,261.09","2,516.55","580","676","776"
"2018/08/09","2,104.0","2,106.0","2,104.0","2,106.0","+3.0","400","842","0","4,600","0.00","-","-","2,144.40","2,144.76","2,269.13","2,265.06","2,518.52","560","704","785"
"2018/08/08","2,105.0","2,150.0","2,103.0","2,103.0","-2.0","700","1,478","0","4,600","0.00","-","-","2,174.80","2,144.52","2,272.93","2,269.86","2,520.59","540","700","785"
"2018/08/07","2,103.0","2,119.0","2,103.0","2,105.0","-45.0","500","1,053","0","4,600","0.00","-","-","2,205.60","2,144.40","2,276.79","2,274.69","2,523.00","420","688","790"
"2018/08/06","2,259.0","2,259.0","2,135.0","2,150.0","-108.0","1,100","2,375","0","4,500","0.00","-","-","2,236.00","2,143.80","2,280.39","2,279.22","2,525.32","340","704","793"
"2018/08/03","2,258.0","2,258.0","2,258.0","2,258.0","0.0","100","226","0","4,500","0.00","-","-","2,257.40","2,143.80","2,283.05","2,283.96","2,527.47","140","664","785"
"2018/08/02","2,277.0","2,277.0","2,258.0","2,258.0","+1.0","300","681","0","4,500","0.00","-","-","2,257.00","2,140.28","2,283.61","2,287.61","2,529.40","260","664","784"
"2018/08/01","2,257.0","2,257.0","2,257.0","2,257.0","0.0","100","226","0","4,600","0.00","-","-","2,256.40","2,136.76","2,284.17","2,291.32","2,531.43","660","664","780"
"2018/07/31","2,257.0","2,257.0","2,257.0","2,257.0","0.0","100","226","0","4,700","0.00","-","-","2,225.60","2,130.28","2,284.75","2,295.25","2,533.46","680","672","820"
"2018/07/30","2,257.0","2,257.0","2,257.0","2,257.0","+1.0","100","226","0","4,700","0.00","-","-","2,194.00","2,125.08","2,284.77","2,299.18","2,535.35","680","720","825"
"2018/07/27","2,256.0","2,256.0","2,255.0","2,256.0","+1.0","700","1,579","0","4,700","0.00","-","-","2,160.20","2,119.72","2,284.01","2,302.11","2,536.88","780","752","833"
"2018/07/26","2,253.0","2,274.0","2,224.0","2,255.0","+152.0","2,300","5,184","0","4,600","0.00","-","-","2,125.60","2,115.48","2,283.27","2,305.65","2,538.45","720","816","850"
"2018/07/25","2,103.0","2,103.0","2,103.0","2,103.0","+4.0","200","421","0","4,800","0.00","-","-","2,087.20","2,112.16","2,281.83","2,310.35","2,539.67","600","808","828"
"2018/07/24","2,099.0","2,099.0","2,099.0","2,099.0","+11.0","100","210","0","4,800","0.00","-","-","2,083.80","2,119.84","2,281.81","2,317.82","2,541.81","1,160","872","856"
"2018/07/23","2,085.0","2,088.0","2,082.0","2,088.0","+5.0","600","1,252","0","4,800","0.00","-","-","2,096.60","2,132.28","2,281.59","2,325.02","2,543.94","1,320","876","857"
"2018/07/20","2,102.0","2,112.0","2,083.0","2,083.0","+20.0","400","840","0","4,800","0.00","-","-","2,106.80","2,145.16","2,281.51","2,332.34","2,546.05","1,300","852","860"
"2018/07/19","2,102.0","2,103.0","2,063.0","2,063.0","-23.0","1,700","3,549","0","4,800","0.00","-","-","2,103.40","2,158.24","2,281.73","2,339.71","2,547.88","1,240","844","862"
"2018/07/18","2,172.0","2,172.0","2,072.0","2,086.0","-77.0","3,000","6,359","0","4,800","0.00","-","-","2,101.20","2,172.48","2,282.17","2,347.28","2,549.99","1,180","776","850"
"2018/07/17","2,161.0","2,164.0","2,161.0","2,163.0","+24.0","900","1,946","0","4,700","0.00","-","-","2,110.20","2,185.80","2,282.35","2,354.42","2,552.14","680","656","865"
"2018/07/13","2,071.0","2,139.0","2,071.0","2,139.0","+73.0","500","1,050","0","4,900","0.00","-","-","2,102.80","2,196.04","2,281.84","2,360.79","2,553.85","640","644","1,360"
"2018/07/12","2,066.0","2,066.0","2,066.0","2,066.0","+14.0","100","207","0","4,700","0.00","-","-","2,090.80","2,208.12","2,281.97","2,367.41","2,555.93","580","652","1,370"
"2018/07/11","2,094.0","2,094.0","2,052.0","2,052.0","-79.0","1,400","2,912","0","4,700","0.00","-","-","2,093.40","2,223.16","2,282.91","2,374.30","2,558.00","740","660","1,460"
"2018/07/10","2,128.0","2,131.0","2,128.0","2,131.0","+5.0","500","1,065","0","4,700","0.00","-","-","2,103.00","2,238.68","2,284.49","2,379.85","2,559.99","520","608","1,569"
"2018/07/09","2,101.0","2,146.0","2,101.0","2,126.0","+47.0","700","1,478","0","4,700","0.00","-","-","2,096.80","2,252.56","2,287.55","2,385.34","2,561.58","500","600","1,742"
"2018/07/06","2,079.0","2,079.0","2,079.0","2,079.0","0.0","200","416","0","4,700","0.00","-","-","2,089.60","2,266.64","2,292.71","2,390.60","2,563.05","540","612","1,737"
"2018/07/05","2,101.0","2,101.0","2,079.0","2,079.0","-21.0","900","1,883","0","4,700","0.00","-","-","2,103.80","2,283.48","2,298.85","2,396.31","2,564.76","520","640","1,738"
"2018/07/04","2,101.0","2,101.0","2,100.0","2,100.0","0.0","300","630","0","4,700","0.00","-","-","2,122.00","2,295.36","2,305.16","2,406.37","2,566.59","360","608","1,772"
"2018/07/03","2,181.0","2,181.0","2,100.0","2,100.0","+10.0","400","861","0","4,700","0.00","-","-","2,136.00","2,306.32","2,311.64","2,415.57","2,568.16","360","612","1,777"
"2018/07/02","2,150.0","2,150.0","2,090.0","2,090.0","-60.0","900","1,897","0","4,700","0.00","-","-","2,135.00","2,321.32","2,318.12","2,423.37","2,569.71","340","628","1,776"
"2018/06/29","2,150.0","2,150.0","2,150.0","2,150.0","-20.0","100","215","0","4,700","0.00","-","-","2,142.40","2,336.60","2,324.36","2,433.87","2,571.51","420","592","1,774"
"2018/06/28","2,170.0","2,170.0","2,170.0","2,170.0","0.0","100","217","0","4,700","0.00","-","-","2,137.00","2,349.48","2,330.68","2,445.32","2,573.14","580","608","1,776"
"2018/06/27","2,129.0","2,179.0","2,129.0","2,170.0","+75.0","300","648","0","4,800","0.00","-","-","2,133.00","2,361.60","2,336.72","2,456.62","2,575.29","1,020","780","1,781"
"2018/06/26","2,095.0","2,095.0","2,095.0","2,095.0","-32.0","300","629","0","4,700","0.00","-","-","2,133.40","2,373.20","2,342.84","2,468.22","2,577.19","1,380","800","1,792"
"2018/06/25","2,173.0","2,173.0","2,100.0","2,127.0","+4.0","1,300","2,763","0","4,700","0.00","-","-","2,173.40","2,388.00","2,350.24","2,480.77","2,579.21","1,680","840","1,801"
"2018/06/22","2,151.0","2,151.0","2,123.0","2,123.0","-27.0","900","1,928","0","5,100","0.00","-","-","2,230.00","2,400.32","2,357.21","2,492.75","2,581.03","1,460","836","1,805"
"2018/06/21","2,172.0","2,172.0","2,148.0","2,150.0","-22.0","2,300","4,980","0","5,100","0.00","-","-","2,287.40","2,410.60","2,362.91","2,503.97","2,582.44","1,280","852","1,880"
"2018/06/20","2,295.0","2,295.0","2,170.0","2,172.0","-123.0","2,100","4,635","0","4,900","0.00","-","-","2,339.40","2,418.68","2,369.04","2,514.52","2,583.66","860","912","1,880"
"2018/06/19","2,410.0","2,410.0","2,295.0","2,295.0","-115.0","1,800","4,218","0","4,400","0.00","-","-","2,388.80","2,424.92","2,376.41","2,524.80","2,584.80","440","832","1,870"
"2018/06/18","2,410.0","2,410.0","2,410.0","2,410.0","0.0","200","482","0","4,400","0.00","-","-","2,413.60","2,427.72","2,383.81","2,534.10","2,585.35","80","792","1,856"
"2018/06/15","-","-","-","-","-","0","-","0","4,400","0.00","-","-","2,415.40","2,425.00","2,389.27","2,541.00","2,585.38","160","820","1,856"
"2018/06/14","2,410.0","2,410.0","2,410.0","2,410.0","0.0","200","482","0","4,400","0.00","-","-","2,421.60","2,422.16","2,394.73","2,547.60","2,585.33","300","852","1,856"
"2018/06/13","-","-","-","-","-","0","-","0","4,400","0.00","-","-","2,428.00","2,417.76","2,400.20","2,553.65","2,585.43","320","868","1,854"
"2018/06/12","-","-","-","-","-","0","-","0","4,400","0.00","-","-","2,432.20","2,412.08","2,405.55","2,559.81","2,585.13","340","888","1,900"
"2018/06/11","2,442.0","2,466.0","2,419.0","2,419.0","-22.0","600","1,465","0","4,400","0.00","-","-","2,444.00","2,405.32","2,410.63","2,566.32","2,585.01","400","904","1,902"
"2018/06/08","2,442.0","2,442.0","2,392.0","2,441.0","-1.0","700","1,699","0","4,400","0.00","-","-","2,455.80","2,399.32","2,415.71","2,572.93","2,584.72","480","888","1,905"
"2018/06/07","2,442.0","2,442.0","2,442.0","2,442.0","+2.0","300","733","0","4,400","0.00","-","-","2,467.60","2,392.80","2,420.51","2,579.07","2,584.74","520","876","1,914"
"2018/06/06","2,440.0","2,440.0","2,440.0","2,440.0","-38.0","100","244","0","4,400","0.00","-","-","2,454.40","2,386.48","2,424.68","2,585.05","2,584.55","480","1,008","1,926"
"2018/06/05","2,478.0","2,478.0","2,475.0","2,478.0","0.0","300","743","0","4,400","0.00","-","-","2,441.20","2,384.20","2,426.91","2,590.43","2,585.75","540","1,044","1,949"
"2018/06/04","2,528.0","2,528.0","2,428.0","2,478.0","-22.0","1,000","2,458","0","4,400","0.00","-","-","2,440.60","2,379.48","2,429.60","2,594.68","2,586.69","640","1,048","1,970"
"2018/06/01","2,500.0","2,500.0","2,500.0","2,500.0","+124.0","900","2,250","0","4,500","0.00","-","-","2,439.40","2,374.88","2,431.92","2,598.55","2,587.92","440","1,016","1,986"
"2018/05/31","2,376.0","2,376.0","2,376.0","2,376.0","+2.0","100","238","0","4,500","0.00","-","-","2,433.80","2,368.20","2,433.92","2,601.35","2,588.77","360","1,012","2,068"
"2018/05/30","2,375.0","2,390.0","2,374.0","2,374.0","-101.0","400","953","0","4,500","0.00","-","-","2,453.20","2,367.28","2,443.37","2,605.04","2,589.87","1,220","1,044","2,069"
"2018/05/29","2,460.0","2,475.0","2,401.0","2,475.0","0.0","800","1,959","0","4,500","0.00","-","-","2,470.40","2,367.96","2,451.99","2,608.60","2,591.12","1,300","1,044","2,088"
"2018/05/28","-","-","-","-","-","0","-","0","4,500","0.00","-","-","2,468.40","2,364.64","2,457.39","2,611.15","2,592.35","1,400","1,056","2,117"
"2018/05/25","2,472.0","2,472.0","2,472.0","2,472.0","-1.0","500","1,236","0","4,500","0.00","-","-","2,461.00","2,360.76","2,466.29","2,613.72","2,593.36","1,640","1,084","2,156"
"2018/05/24","2,314.0","2,480.0","2,314.0","2,473.0","+13.0","4,400","10,313","0","4,500","0.00","-","-","2,442.60","2,355.88","2,477.27","2,616.07","2,595.03","1,800","1,084","2,168"
"2018/05/23","2,472.0","2,479.0","2,460.0","2,460.0","-5.0","800","1,975","0","4,500","0.00","-","-","2,418.40","2,348.96","2,488.29","2,618.40","2,594.69","1,680","908","2,168"
"2018/05/22","2,450.0","2,465.0","2,450.0","2,465.0","+30.0","1,300","3,188","0","4,500","0.00","-","-","2,392.00","2,342.56","2,499.89","2,621.09","2,594.14","1,540","876","2,249"
"2018/05/21","2,406.0","2,447.0","2,401.0","2,435.0","+55.0","1,200","2,907","0","4,600","0.00","-","-","2,372.00","2,335.96","2,511.69","2,623.45","2,593.69","1,440","948","2,250"
"2018/05/18","2,390.0","2,418.0","2,375.0","2,380.0","+28.0","1,300","3,112","0","4,600","0.00","-","-","2,353.40","2,328.92","2,523.56","2,626.10","2,593.29","1,380","920","2,272"
"2018/05/17","2,351.0","2,423.0","2,350.0","2,352.0","+24.0","3,800","9,003","0","4,600","0.00","-","-","2,345.20","2,321.72","2,535.09","2,629.51","2,592.91","1,280","896","2,260"
"2018/05/16","2,328.0","2,328.0","2,328.0","2,328.0","-37.0","100","233","0","4,600","0.00","-","-","2,334.80","2,315.64","2,546.47","2,633.49","2,592.53","640","824","2,230"
"2018/05/15","2,380.0","2,380.0","2,315.0","2,365.0","+23.0","800","1,889","0","4,600","0.00","-","-","2,324.60","2,308.40","2,558.09","2,637.36","2,592.26","720","844","2,234"
"2018/05/14","2,303.0","2,342.0","2,303.0","2,342.0","+3.0","900","2,085","0","4,600","0.00","-","-","2,301.60","2,297.88","2,569.56","2,640.45","2,591.81","640","904","2,281"
"2018/05/11","2,334.0","2,340.0","2,334.0","2,339.0","+39.0","800","1,870","0","4,600","0.00","-","-","2,287.00","2,287.48","2,579.67","2,644.33","2,591.48","500","876","2,312"
"2018/05/10","2,277.0","2,300.0","2,253.0","2,300.0","+23.0","600","1,365","0","4,600","0.00","-","-","2,274.80","2,277.20","2,589.41","2,647.74","2,591.21","420","876","2,398"
"2018/05/09","2,252.0","2,277.0","2,252.0","2,277.0","+27.0","500","1,134","0","4,600","0.00","-","-","2,271.60","2,269.20","2,598.95","2,651.51","2,590.96","1,020","876","2,405"
"2018/05/08","2,269.0","2,269.0","2,250.0","2,250.0","-19.0","400","902","0","4,600","0.00","-","-","2,292.80","2,261.96","2,609.05","2,655.52","2,590.62","1,120","888","2,429"
"2018/05/07","2,278.0","2,278.0","2,269.0","2,269.0","-9.0","200","455","0","4,600","0.00","-","-","2,314.80","2,255.92","2,619.99","2,660.02","2,590.37","1,120","1,036","2,425"
"2018/05/02","2,285.0","2,285.0","2,278.0","2,278.0","-6.0","400","913","0","4,600","0.00","-","-","2,333.60","2,250.16","2,630.80","2,664.33","2,590.00","1,120","2,548","2,453"
"2018/05/01","2,283.0","2,306.0","2,270.0","2,284.0","-99.0","3,600","8,248","0","4,600","0.00","-","-","2,344.60","2,245.00","2,641.16","2,668.35","2,589.46","1,200","2,584","2,474"
"2018/04/27","2,361.0","2,383.0","2,311.0","2,383.0","+23.0","1,000","2,362","0","4,600","0.00","-","-","2,358.40","2,239.08","2,651.24","2,672.21","2,588.89","660","2,712","2,518"
"2018/04/26","2,367.0","2,367.0","2,360.0","2,360.0","-3.0","400","946","0","4,600","0.00","-","-","2,360.00","2,230.60","2,659.17","2,675.19","2,587.75","540","3,056","2,589"
"2018/04/25","2,365.0","2,365.0","2,363.0","2,363.0","+30.0","200","473","0","4,600","0.00","-","-","2,366.40","2,230.60","2,666.41","2,678.40","2,586.90","680","3,580","2,653"
"2018/04/24","2,333.0","2,333.0","2,308.0","2,333.0","-20.0","800","1,858","0","4,600","0.00","-","-","2,368.80","2,236.60","2,673.11","2,681.07","2,586.34","780","3,584","2,701"
"2018/04/23","2,353.0","2,353.0","2,353.0","2,353.0","-38.0","900","2,118","0","4,600","0.00","-","-","2,372.20","2,244.88","2,679.07","2,684.48","2,585.85","720","3,564","2,709"
"2018/04/20","2,392.0","2,392.0","2,391.0","2,391.0","-1.0","400","957","0","4,600","0.00","-","-","2,361.60","2,252.84","2,684.29","2,687.84","2,585.33","540","3,664","2,706"
"2018/04/19","2,392.0","2,392.0","2,392.0","2,392.0","+17.0","1,100","2,631","0","4,600","0.00","-","-","2,343.40","2,260.64","2,688.81","2,690.22","2,584.65","460","3,676","2,709"
"2018/04/18","2,302.0","2,375.0","2,302.0","2,375.0","+25.0","700","1,645","0","3,600","0.00","-","-","2,325.00","2,268.40","2,693.32","2,692.40","2,584.19","860","3,644","2,698"
"2018/04/17","2,350.0","2,350.0","2,350.0","2,350.0","0.0","500","1,175","0","3,600","0.00","-","-","2,301.80","2,275.72","2,698.04","2,694.48","2,583.84","820","3,648","2,736"
"2018/04/16","-","-","-","-","-","0","-","0","3,200","0.00","-","-","2,271.80","2,286.68","2,702.80","2,696.95","2,583.67","860","3,636","2,744"
"2018/04/13","-","-","-","-","-","0","-","0","3,200","0.00","-","-","2,251.80","2,299.60","2,708.21","2,699.80","2,583.54","1,260","3,656","2,768"
"2018/04/12","2,260.0","2,300.0","2,259.0","2,300.0","+41.0","3,100","7,063","0","3,200","0.00","-","-","2,221.20","2,312.76","2,713.93","2,702.70","2,583.44","1,380","3,700","2,812"
"2018/04/11","2,255.0","2,259.0","2,255.0","2,259.0","+59.0","500","1,128","0","2,400","0.00","-","-","2,181.60","2,326.76","2,719.28","2,705.80","2,583.27","1,220","3,616","2,789"
"2018/04/10","2,183.0","2,201.0","2,183.0","2,200.0","0.0","700","1,538","0","2,200","0.00","-","-","2,146.20","2,342.40","2,725.16","2,709.21","2,583.25","1,160","3,660","2,814"
"2018/04/09","2,136.0","2,201.0","2,136.0","2,200.0","+53.0","2,000","4,333","0","2,400","0.00","-","-","2,122.60","2,356.40","2,732.11","2,713.21","2,583.50","1,180","3,892","2,845"
"2018/04/06","2,102.0","2,148.0","2,102.0","2,147.0","+45.0","600","1,275","0","1,700","0.00","-","-","2,102.60","2,372.80","2,739.44","2,717.37","2,583.75","900","3,904","2,824"
"2018/04/05","2,090.0","2,109.0","2,090.0","2,102.0","+20.0","2,300","4,827","0","1,700","0.00","-","-","2,092.40","2,395.92","2,747.01","2,722.40","2,584.31","940","3,936","2,845"
"2018/04/04","2,082.0","2,082.0","2,082.0","2,082.0","0.0","200","416","0","1,700","0.00","-","-","2,091.80","2,425.84","2,754.64","2,727.87","2,585.15","1,300","3,872","2,829"
"2018/04/03","2,087.0","2,087.0","2,082.0","2,082.0","-18.0","800","1,669","0","1,700","0.00","-","-","2,100.40","2,455.32","2,763.28","2,733.27","2,586.09","8,860","3,872","2,862"
"2018/04/02","2,101.0","2,105.0","2,100.0","2,100.0","+4.0","600","1,261","0","1,700","0.00","-","-","2,113.80","2,484.84","2,771.25","2,738.05","2,587.01","8,960","3,840","2,869"
"2018/03/30","2,101.0","2,101.0","2,096.0","2,096.0","-3.0","800","1,680","0","1,800","0.00","-","-","2,121.00","2,513.64","2,778.95","2,743.05","2,587.58","10,200","3,820","2,870"
"2018/03/29","2,125.0","2,184.0","2,050.0","2,099.0","-26.0","4,100","8,685","0","1,800","0.00","-","-","2,136.00","2,542.60","2,786.71","2,747.66","2,588.23","11,960","3,924","2,877"
"2018/03/28","2,088.0","2,125.0","2,070.0","2,125.0","-24.0","38,000","78,845","0","1,800","0.00","-","-","2,188.20","2,570.64","2,794.72","2,752.59","2,588.78","13,840","3,768","2,828"
"2018/03/27","2,136.0","2,170.0","2,136.0","2,149.0","+13.0","1,300","2,794","0","1,900","0.00","-","-","2,265.80","2,597.64","2,802.39","2,757.09","2,589.41","6,300","2,280","2,330"
"2018/03/26","2,171.0","2,271.0","2,109.0","2,136.0","-35.0","6,800","14,678","0","2,000","0.00","-","-","2,344.00","2,623.72","2,809.47","2,761.16","2,589.96","6,100","2,284","2,334"
"2018/03/23","2,210.0","2,350.0","2,156.0","2,171.0","-189.0","9,600","21,417","0","2,100","0.00","-","-","2,427.20","2,648.48","2,816.59","2,765.64","2,590.56","5,420","2,060","2,246"
"2018/03/22","2,500.0","2,513.0","2,350.0","2,360.0","-153.0","13,500","33,101","0","2,000","0.00","-","-","2,510.20","2,665.92","2,823.39","2,769.75","2,590.98","3,640","1,748","2,140"
"2018/03/20","2,520.0","2,520.0","2,513.0","2,513.0","-27.0","300","755","0","1,900","0.00","-","-","2,555.40","2,678.72","2,827.67","2,771.75","2,590.53","1,000","1,284","1,962"
"2018/03/19","2,540.0","2,540.0","2,540.0","2,540.0","-12.0","300","762","0","1,900","0.00","-","-","2,564.40","2,684.28","2,829.23","2,771.97","2,589.09","1,100","1,360","1,973"
"2018/03/16","2,584.0","2,584.0","2,512.0","2,552.0","-34.0","3,400","8,625","0","1,900","0.00","-","-","2,581.20","2,688.68","2,831.01","2,772.00","2,587.21","1,080","1,628","1,992"
"2018/03/15","2,558.0","2,587.0","2,558.0","2,586.0","0.0","700","1,804","0","1,900","0.00","-","-","2,595.40","2,710.00","2,832.84","2,771.98","2,585.20","500","1,500","1,956"
"2018/03/14","2,559.0","2,609.0","2,559.0","2,586.0","+28.0","300","775","0","1,900","0.00","-","-","2,604.00","2,727.36","2,833.41","2,771.32","2,582.87","580","1,544","1,948"
"2018/03/13","2,600.0","2,600.0","2,558.0","2,558.0","-66.0","800","2,068","0","1,900","0.00","-","-","2,616.80","2,739.12","2,833.73","2,771.31","2,580.29","720","1,652","1,993"
"2018/03/12","2,624.0","2,624.0","2,624.0","2,624.0","+1.0","200","525","0","1,900","0.00","-","-","2,635.20","2,762.40","2,834.07","2,771.42","2,577.80","880","1,736","1,988"
"2018/03/09","2,625.0","2,625.0","2,600.0","2,623.0","-6.0","500","1,309","0","1,900","0.00","-","-","2,620.40","2,789.24","2,833.71","2,770.97","2,574.91","2,140","1,784","1,994"
"2018/03/08","2,651.0","2,653.0","2,600.0","2,629.0","-21.0","1,100","2,892","0","1,900","0.00","-","-","2,617.80","2,816.32","2,833.20","2,771.18","2,571.89","2,500","1,940","2,033"
"2018/03/07","2,651.0","2,651.0","2,596.0","2,650.0","0.0","1,000","2,638","0","1,900","0.00","-","-","2,637.00","2,844.36","2,832.68","2,771.53","2,569.07","2,560","2,172","2,042"
"2018/03/06","2,593.0","2,659.0","2,593.0","2,650.0","+100.0","1,600","4,222","0","1,900","0.00","-","-","2,677.00","2,872.36","2,832.15","2,771.66","2,565.50","2,500","2,188","2,060"
"2018/03/05","2,646.0","2,646.0","2,525.0","2,550.0","-60.0","6,500","16,611","0","1,800","0.00","-","-","2,710.80","2,899.36","2,831.48","2,771.51","2,561.87","2,220","2,236","2,090"
"2018/03/02","2,725.0","2,750.0","2,608.0","2,610.0","-115.0","2,300","6,158","0","1,800","0.00","-","-","2,764.80","2,927.16","2,832.15","2,771.64","2,558.92","920","1,992","2,017"
"2018/03/01","2,800.0","2,803.0","2,711.0","2,725.0","-125.0","1,400","3,846","0","1,700","0.00","-","-","2,806.80","2,950.96","2,832.23","2,771.24","2,555.77","480","1,964","2,056"
"2018/02/28","2,849.0","2,900.0","2,849.0","2,850.0","+31.0","700","2,000","0","1,800","0.00","-","-","2,825.80","2,969.96","2,831.23","2,768.99","2,550.57","880","1,924","2,073"
"2018/02/27","2,819.0","2,819.0","2,819.0","2,819.0","0.0","200","564","0","1,800","0.00","-","-","2,815.80","2,984.96","2,828.55","2,765.79","2,544.52","780","2,068","2,097"
"2018/02/26","-","-","-","-","-","0","-","0","1,800","0.00","-","-","2,812.00","2,996.20","2,825.92","2,762.85","2,538.50","900","2,188","2,128"
"2018/02/23","2,820.0","2,820.0","2,820.0","2,820.0","0.0","100","282","0","1,800","0.00","-","-","2,808.20","3,006.20","2,822.45","2,759.75","2,532.45","1,180","2,480","2,280"
"2018/02/22","2,800.0","2,950.0","2,700.0","2,820.0","+20.0","3,400","9,658","0","1,800","0.00","-","-","2,795.20","3,014.00","2,819.52","2,756.05","2,526.43","1,400","2,520","2,361"
"2018/02/21","2,800.0","2,800.0","2,800.0","2,800.0","0.0","200","560","0","1,800","0.00","-","-","2,752.60","3,022.60","2,816.01","2,752.70","2,520.33","1,080","2,476","2,337"
"2018/02/20","2,800.0","2,800.0","2,800.0","2,800.0","-1.0","800","2,240","0","1,800","0.00","-","-","2,728.60","3,033.40","2,813.24","2,749.85","2,514.48","1,420","2,472","2,352"
"2018/02/19","2,793.0","2,829.0","2,770.0","2,801.0","+46.0","1,400","3,916","0","1,800","0.00","-","-","2,699.00","3,044.60","2,810.24","2,746.90","2,508.58","1,700","2,532","2,364"
"2018/02/16","2,657.0","2,755.0","2,657.0","2,755.0","+148.0","1,200","3,287","0","1,800","0.00","-","-","2,668.80","3,054.76","2,806.97","2,744.44","2,502.52","2,820","2,556","2,398"
"2018/02/15","2,689.0","2,689.0","2,604.0","2,607.0","-73.0","1,800","4,765","0","1,800","0.00","-","-","2,734.80","3,066.16","2,804.69","2,741.69","2,496.65","2,620","2,784","2,396"
"2018/02/14","2,700.0","2,757.0","2,630.0","2,680.0","+28.0","1,900","5,110","0","1,800","0.00","-","-","2,817.40","3,081.00","2,804.36","2,740.12","2,491.54","2,620","2,964","2,394"
"2018/02/13","2,681.0","2,758.0","2,652.0","2,652.0","+2.0","2,200","5,920","0","1,800","0.00","-","-","2,857.40","3,089.92","2,802.76","2,737.82","2,486.06","2,840","3,096","2,376"
"2018/02/09","2,980.0","2,980.0","2,632.0","2,650.0","-435.0","7,000","19,352","0","1,800","0.00","-","-","2,955.00","3,098.44","2,801.20","2,735.50","2,480.68","2,980","3,160","2,352"
"2018/02/08","3,090.0","3,090.0","3,085.0","3,085.0","+65.0","200","618","0","1,700","0.00","-","-","3,084.00","3,103.64","2,799.77","2,733.20","2,475.30","1,860","2,936","2,386"
"2018/02/07","2,930.0","3,160.0","2,930.0","3,020.0","+140.0","1,800","5,590","0","1,700","0.00","-","-","3,127.00","3,090.04","2,792.64","2,726.80","2,467.78","2,700","2,956","2,389"
"2018/02/06","2,950.0","2,976.0","2,880.0","2,880.0","-260.0","3,000","8,793","0","1,800","0.00","-","-","3,189.00","3,078.44","2,785.97","2,720.75","2,460.63","3,720","2,908","2,385"
"2018/02/05","3,260.0","3,260.0","3,140.0","3,140.0","-155.0","2,900","9,233","0","1,600","0.00","-","-","3,283.00","3,072.44","2,782.04","2,716.05","2,454.15","3,400","2,800","2,397"
"2018/02/02","3,325.0","3,325.0","3,290.0","3,295.0","-5.0","1,400","4,633","0","1,600","0.00","-","-","3,320.00","3,056.00","2,774.43","2,709.15","2,446.38","3,380","2,824","2,381"
"2018/02/01","3,330.0","3,330.0","3,160.0","3,300.0","-30.0","4,400","14,285","0","1,500","0.00","-","-","3,310.00","3,032.48","2,764.88","2,700.95","2,437.83","3,180","2,812","2,393"
"2018/01/31","3,350.0","3,370.0","3,130.0","3,330.0","-20.0","6,900","22,569","0","1,700","0.00","-","-","3,291.00","3,008.72","2,756.13","2,693.95","2,429.15","2,620","2,708","2,337"
"2018/01/30","3,330.0","3,350.0","3,330.0","3,350.0","+25.0","1,400","4,684","0","1,900","0.00","-","-","3,265.00","2,984.68","2,747.25","2,686.15","2,420.25","1,320","2,564","2,257"
"2018/01/29","3,265.0","3,330.0","3,265.0","3,325.0","+80.0","2,800","9,242","0","1,900","0.00","-","-","3,240.00","2,958.72","2,738.09","2,677.65","2,411.28","1,900","2,564","2,262"
"2018/01/26","3,225.0","3,245.0","3,225.0","3,245.0","+40.0","400","1,295","0","1,900","0.00","-","-","3,195.00","2,933.72","2,728.89","2,669.30","2,402.75","1,980","2,548","2,242"
"2018/01/25","3,200.0","3,230.0","3,200.0","3,205.0","+5.0","1,600","5,135","0","1,900","0.00","-","-","3,160.00","2,912.76","2,719.80","2,660.90","2,394.60","3,360","2,652","2,246"
"2018/01/24","3,225.0","3,225.0","3,200.0","3,200.0","-25.0","400","1,286","0","1,900","0.00","-","-","3,122.00","2,894.56","2,711.33","2,652.80","2,386.83","3,260","2,604","2,261"
"2018/01/23","3,170.0","3,265.0","3,145.0","3,225.0","+125.0","4,300","13,719","0","1,900","0.00","-","-","3,089.00","2,875.16","2,702.00","2,644.80","2,379.30","3,640","2,676","2,274"
"2018/01/22","3,035.0","3,100.0","3,035.0","3,100.0","+30.0","3,200","9,810","0","1,900","0.00","-","-","3,058.00","2,853.12","2,692.73","2,636.60","2,371.68","2,800","2,548","2,264"
"2018/01/19","3,090.0","3,090.0","3,070.0","3,070.0","+55.0","7,300","22,548","0","1,900","0.00","-","-","3,054.00","2,838.32","2,685.07","2,629.75","2,364.73","2,620","2,528","2,224"
"2018/01/18","3,035.0","3,035.0","3,015.0","3,015.0","-20.0","1,100","3,324","0","3,800","0.00","-","-","3,051.00","2,822.72","2,677.60","2,623.05","2,357.90","1,560","2,288","2,152"
"2018/01/17","3,015.0","3,035.0","2,991.0","3,035.0","-35.0","2,300","6,937","0","3,800","0.00","-","-","3,056.00","2,809.20","2,670.07","2,617.20","2,351.25","2,720","2,272","2,177"
"2018/01/16","3,070.0","3,070.0","3,070.0","3,070.0","-10.0","100","307","0","4,400","0.00","-","-","3,044.60","2,794.92","2,662.73","2,610.45","2,344.68","3,520","2,232","2,280"
"2018/01/15","3,055.0","3,110.0","3,055.0","3,080.0","+25.0","2,300","7,112","0","4,400","0.00","-","-","3,011.20","2,780.12","2,655.33","2,603.70","2,338.00","4,540","2,244","2,292"
"2018/01/12","3,070.0","3,070.0","3,040.0","3,055.0","+15.0","2,000","6,111","0","4,400","0.00","-","-","2,968.20","2,764.92","2,647.67","2,596.50","2,331.03","4,840","2,180","2,301"
"2018/01/11","2,998.0","3,080.0","2,998.0","3,040.0","+62.0","6,900","20,904","0","4,400","0.00","-","-","2,913.20","2,749.92","2,641.00","2,590.40","2,323.25","4,720","2,164","2,421"
"2018/01/10","2,902.0","2,978.0","2,902.0","2,978.0","+75.0","6,300","18,485","0","4,300","0.00","-","-","2,854.20","2,735.12","2,633.53","2,584.05","2,315.50","3,480","1,896","2,516"
"2018/01/09","2,900.0","2,933.0","2,900.0","2,903.0","+38.0","5,200","15,151","0","4,300","0.00","-","-","2,804.60","2,723.24","2,626.49","2,581.07","2,308.06","2,340","1,708","2,445"
"2018/01/05","2,780.0","2,865.0","2,780.0","2,865.0","+85.0","3,800","10,769","0","4,200","0.00","-","-","2,770.00","2,714.36","2,620.45","2,578.69","2,300.97","1,360","1,508","2,416"
"2018/01/04","2,750.0","2,780.0","2,750.0","2,780.0","+35.0","1,400","3,870","0","4,100","0.00","-","-","2,742.80","2,704.96","2,614.52","2,577.29","2,294.15","1,300","1,400","2,365"
"2017/12/29","2,750.0","2,757.0","2,734.0","2,745.0","+15.0","700","1,924","0","4,100","0.00","-","-","2,728.20","2,700.72","2,609.72","2,576.19","2,287.75","1,240","1,412","2,746"
"2017/12/28","2,730.0","2,730.0","2,707.0","2,730.0","0.0","600","1,631","0","4,100","0.00","-","-","2,720.40","2,698.48","2,605.72","2,574.69","2,281.52","1,460","1,412","2,750"
"2017/12/27","2,721.0","2,730.0","2,721.0","2,730.0","+1.0","300","818","0","4,100","0.00","-","-","2,720.20","2,694.44","2,601.52","2,573.64","2,275.35","2,000","1,392","2,796"
"2017/12/26","2,729.0","2,730.0","2,700.0","2,729.0","+22.0","3,500","9,509","0","4,100","0.00","-","-","2,714.40","2,689.64","2,597.25","2,573.54","2,269.15","2,220","1,528","3,032"
"2017/12/25","2,733.0","2,733.0","2,707.0","2,707.0","+1.0","1,100","3,001","0","4,100","0.00","-","-","2,708.60","2,683.80","2,593.53","2,573.00","2,262.80","2,000","1,404","3,225"
"2017/12/22","2,729.0","2,735.0","2,706.0","2,706.0","-23.0","1,800","4,916","0","4,100","0.00","-","-","2,711.40","2,679.40","2,590.44","2,573.98","2,256.57","2,380","1,388","3,944"
"2017/12/21","2,700.0","2,777.0","2,700.0","2,729.0","+28.0","3,300","9,032","0","4,100","0.00","-","-","2,720.20","2,674.56","2,589.03","2,570.97","2,250.34","2,100","1,452","3,933"
"2017/12/20","2,700.0","2,701.0","2,697.0","2,701.0","+1.0","1,400","3,780","0","4,100","0.00","-","-","2,717.40","2,669.00","2,586.64","2,567.18","2,244.02","1,880","1,392","3,996"
"2017/12/19","2,702.0","2,702.0","2,680.0","2,700.0","-21.0","2,400","6,472","0","4,100","0.00","-","-","2,712.00","2,665.36","2,583.96","2,563.92","2,237.81","1,820","1,428","4,057"
"2017/12/18","2,711.0","2,745.0","2,711.0","2,721.0","-29.0","3,000","8,199","0","4,100","0.00","-","-","2,718.00","2,661.36","2,581.16","2,560.47","2,231.59","1,880","1,488","4,185"
"2017/12/15","2,700.0","2,750.0","2,700.0","2,750.0","+35.0","400","1,095","0","5,300","0.00","-","-","2,709.80","2,656.52","2,576.95","2,556.31","2,225.11","1,540","1,408","4,212"
"2017/12/14","2,772.0","2,772.0","2,715.0","2,715.0","+41.0","2,200","6,067","0","5,200","0.00","-","-","2,695.20","2,651.16","2,572.21","2,551.56","2,218.48","1,600","1,600","4,233"
"2017/12/13","2,680.0","2,690.0","2,674.0","2,674.0","-56.0","1,100","2,949","0","5,000","0.00","-","-","2,687.80","2,648.56","2,568.01","2,547.16","2,211.93","1,420","1,620","4,270"
"2017/12/12","2,698.0","2,730.0","2,698.0","2,730.0","+50.0","2,700","7,302","0","5,000","0.00","-","-","2,693.00","2,647.56","2,564.43","2,543.17","2,205.76","1,280","1,676","4,456"
"2017/12/11","2,687.0","2,687.0","2,641.0","2,680.0","+3.0","1,300","3,465","0","4,700","0.00","-","-","2,687.00","2,643.24","2,560.23","2,538.62","2,199.34","880","1,668","4,473"
"2017/12/08","2,699.0","2,699.0","2,677.0","2,677.0","-1.0","700","1,877","0","4,500","0.00","-","-","2,687.00","2,638.44","2,556.49","2,534.67","2,193.21","940","2,072","4,536"
"2017/12/07","2,700.0","2,700.0","2,677.0","2,678.0","-22.0","1,300","3,503","0","4,400","0.00","-","-","2,685.60","2,635.36","2,553.20","2,530.40","2,187.13","840","2,292","4,566"
"2017/12/06","2,700.0","2,700.0","2,700.0","2,700.0","0.0","400","1,080","0","4,000","0.00","-","-","2,686.20","2,630.52","2,548.96","2,525.72","2,181.06","900","2,304","4,602"
"2017/12/05","2,700.0","2,700.0","2,700.0","2,700.0","+20.0","700","1,890","0","4,000","0.00","-","-","2,682.40","2,626.20","2,544.89","2,520.72","2,174.89","860","2,340","4,744"
"2017/12/04","2,700.0","2,714.0","2,680.0","2,680.0","+10.0","1,600","4,323","0","4,000","0.00","-","-","2,668.40","2,621.20","2,540.36","2,515.67","2,168.64","940","2,380","5,588"
"2017/12/01","2,697.0","2,697.0","2,670.0","2,670.0","-11.0","200","537","0","4,000","0.00","-","-","2,667.20","2,616.24","2,537.23","2,510.57","2,162.46","960","2,476","5,580"
"2017/11/30","2,681.0","2,695.0","2,641.0","2,681.0","0.0","1,600","4,268","0","4,000","0.00","-","-","2,671.00","2,612.80","2,533.69","2,505.57","2,156.29","1,060","2,508","6,190"
"2017/11/29","2,631.0","2,681.0","2,631.0","2,681.0","+51.0","200","531","0","4,000","0.00","-","-","2,660.60","2,608.84","2,533.68","2,500.31","2,149.81","760","2,512","6,622"
"2017/11/28","2,680.0","2,680.0","2,630.0","2,630.0","-44.0","1,100","2,900","0","4,000","0.00","-","-","2,646.40","2,604.00","2,533.47","2,495.40","2,143.38","1,460","2,524","6,793"
"2017/11/27","2,689.0","2,689.0","2,639.0","2,674.0","-15.0","1,700","4,555","0","3,700","0.00","-","-","2,637.00","2,600.20","2,534.73","2,491.60","2,137.15","1,320","2,496","7,205"
"2017/11/24","2,630.0","2,689.0","2,630.0","2,689.0","+60.0","700","1,857","0","3,700","0.00","-","-","2,621.60","2,594.96","2,534.68","2,487.21","2,130.73","1,120","2,812","7,502"
"2017/11/22","2,629.0","2,629.0","2,629.0","2,629.0","+19.0","100","263","0","3,700","0.00","-","-","2,600.80","2,589.40","2,533.43","2,482.82","2,124.24","1,660","2,800","7,626"
"2017/11/21","2,584.0","2,610.0","2,555.0","2,610.0","+27.0","3,700","9,528","0","3,700","0.00","-","-","2,593.00","2,585.04","2,533.37","2,479.08","2,117.99","2,000","2,856","8,545"
"2017/11/20","2,549.0","2,583.0","2,549.0","2,583.0","-14.0","400","1,024","0","3,700","0.00","-","-","2,593.00","2,584.04","2,534.84","2,475.98","2,111.89","1,720","2,864","9,149"
"2017/11/17","2,596.0","2,597.0","2,596.0","2,597.0","+12.0","700","1,817","0","3,700","0.00","-","-","2,596.40","2,583.48","2,536.07","2,473.20","2,105.93","2,420","2,916","11,450"
"2017/11/16","2,617.0","2,617.0","2,542.0","2,585.0","-5.0","3,400","8,796","0","3,700","0.00","-","-","2,597.00","2,582.76","2,538.84","2,470.38","2,099.97","2,480","2,980","18,814"
"2017/11/15","2,591.0","2,614.0","2,590.0","2,590.0","-20.0","1,800","4,668","0","3,700","0.00","-","-","2,603.20","2,585.12","2,536.44","2,467.28","2,093.94","2,840","2,852","19,369"
"2017/11/14","2,620.0","2,620.0","2,591.0","2,610.0","+10.0","2,300","6,000","0","3,700","0.00","-","-","2,615.20","2,588.08","2,533.24","2,464.18","2,087.94","3,020","2,816","19,532"
"2017/11/13","2,602.0","2,649.0","2,600.0","2,600.0","0.0","3,900","10,171","0","3,700","0.00","-","-","2,623.00","2,590.20","2,530.11","2,460.73","2,081.84","3,060","2,796","19,901"
"2017/11/10","2,613.0","2,613.0","2,600.0","2,600.0","-16.0","1,000","2,602","0","3,700","0.00","-","-","2,627.40","2,591.60","2,526.84","2,457.28","2,075.74","2,780","2,692","20,422"
"2017/11/09","2,650.0","2,688.0","2,613.0","2,616.0","-34.0","5,200","13,701","0","3,700","0.00","-","-","2,619.40","2,590.12","2,522.91","2,453.78","2,069.67","4,860","2,680","20,662"
"2017/11/08","2,662.0","2,662.0","2,601.0","2,650.0","+1.0","2,700","7,077","0","3,700","0.00","-","-","2,616.20","2,588.28","2,518.36","2,450.12","2,063.44","5,060","2,580","20,660"
"2017/11/07","2,622.0","2,662.0","2,601.0","2,649.0","+27.0","2,500","6,570","0","2,900","0.00","-","-","2,597.60","2,582.28","2,513.36","2,446.22","2,057.06","4,840","2,528","20,637"
"2017/11/06","2,550.0","2,624.0","2,550.0","2,622.0","+62.0","2,500","6,434","0","3,700","0.00","-","-","2,586.20","2,577.52","2,508.37","2,442.43","2,050.67","4,600","2,568","20,697"
"2017/11/02","2,619.0","2,620.0","2,500.0","2,560.0","-40.0","11,400","29,189","0","4,300","0.00","-","-","2,576.80","2,573.64","2,503.75","2,438.91","2,044.38","4,440","2,476","20,757"
"2017/11/01","2,562.0","2,600.0","2,555.0","2,600.0","+43.0","6,200","16,010","0","5,000","0.00","-","-","2,576.00","2,571.64","2,500.08","2,435.96","2,038.51","2,960","2,096","20,858"
"2017/10/31","2,590.0","2,590.0","2,552.0","2,557.0","-35.0","1,600","4,120","0","5,400","0.00","-","-","2,572.80","2,565.64","2,495.41","2,432.11","2,032.43","1,920","1,968","21,069"
"2017/10/30","2,585.0","2,592.0","2,550.0","2,592.0","+17.0","1,300","3,355","0","4,800","0.00","-","-","2,577.80","2,562.76","2,490.79","2,428.79","2,026.62","1,940","2,304","21,101"
"2017/10/27","2,556.0","2,575.0","2,556.0","2,575.0","+19.0","1,700","4,357","0","4,800","0.00","-","-","2,571.40","2,559.68","2,485.56","2,424.97","2,020.56","1,780","2,292","21,150"
"2017/10/26","2,571.0","2,580.0","2,510.0","2,556.0","-28.0","4,000","10,221","0","4,800","0.00","-","-","2,563.40","2,556.88","2,480.49","2,421.72","2,014.59","1,520","2,344","21,261"
"2017/10/25","2,585.0","2,585.0","2,582.0","2,584.0","+2.0","1,000","2,584","0","4,400","0.00","-","-","2,560.80","2,556.84","2,475.35","2,418.76","2,008.73","2,640","2,624","21,488"
"2017/10/24","2,538.0","2,593.0","2,538.0","2,582.0","+22.0","1,700","4,358","0","4,400","0.00","-","-","2,554.00","2,552.68","2,469.83","2,415.47","2,002.74","2,520","3,144","21,661"
"2017/10/23","2,570.0","2,570.0","2,560.0","2,560.0","+25.0","500","1,284","0","4,400","0.00","-","-","2,541.60","2,547.40","2,464.13","2,412.20","1,996.95","2,480","3,116","21,998"
"2017/10/20","2,536.0","2,536.0","2,535.0","2,535.0","-8.0","400","1,014","0","4,500","0.00","-","-","2,546.60","2,543.00","2,459.20","2,409.30","1,991.03","3,160","3,216","22,338"
"2017/10/19","2,551.0","2,570.0","2,540.0","2,543.0","-7.0","9,600","24,491","0","4,500","0.00","-","-","2,553.40","2,538.40","2,455.40","2,406.20","1,985.25","3,420","3,200","22,346"
"2017/10/18","2,535.0","2,567.0","2,535.0","2,550.0","+30.0","400","1,019","0","7,600","0.00","-","-","2,560.60","2,533.48","2,451.29","2,402.42","1,979.39","1,960","4,016","22,392"
"2017/10/17","2,591.0","2,627.0","2,520.0","2,520.0","-65.0","1,500","3,858","0","7,700","0.00","-","-","2,579.40","2,529.28","2,447.29","2,398.42","1,973.31","1,920","4,040","22,573"
"2017/10/16","2,550.0","2,650.0","2,550.0","2,585.0","+16.0","3,900","10,228","0","7,700","0.00","-","-","2,608.20","2,525.08","2,443.76","2,394.42","1,967.44","1,800","4,140","22,726"
"2017/10/13","2,573.0","2,600.0","2,554.0","2,569.0","-10.0","1,700","4,365","0","7,700","0.00","-","-","2,623.80","2,518.08","2,439.96","2,389.27","1,961.31","1,380","4,704","23,088"
"2017/10/12","2,600.0","2,600.0","2,551.0","2,579.0","-65.0","2,300","5,920","0","8,000","0.00","-","-","2,637.00","2,513.32","2,436.44","2,384.18","1,955.24","1,300","5,356","23,332"
"2017/10/11","2,645.0","2,645.0","2,644.0","2,644.0","-20.0","200","529","0","7,900","0.00","-","-","2,633.80","2,509.16","2,432.92","2,378.84","1,949.17","980","7,464","23,608"
"2017/10/10","2,695.0","2,695.0","2,644.0","2,664.0","+1.0","900","2,412","0","7,900","0.00","-","-","2,619.00","2,507.40","2,428.00","2,372.60","1,942.75","1,480","7,496","23,925"
"2017/10/06","2,635.0","2,663.0","2,635.0","2,663.0","+28.0","1,800","4,764","0","8,000","0.00","-","-","2,586.20","2,502.84","2,422.88","2,366.61","1,936.23","1,580","7,780","24,086"
"2017/10/05","2,600.0","2,668.0","2,600.0","2,635.0","+72.0","1,300","3,438","0","8,000","0.00","-","-","2,559.60","2,496.32","2,417.57","2,359.33","1,929.74","1,920","7,948","24,156"
"2017/10/04","2,598.0","2,598.0","2,552.0","2,563.0","-7.0","700","1,805","0","8,000","0.00","-","-","2,537.60","2,490.52","2,412.51","2,352.23","1,923.49","1,700","8,376","24,458"
"2017/10/03","2,550.0","2,575.0","2,550.0","2,570.0","+70.0","2,700","6,916","0","7,800","0.00","-","-","2,527.00","2,484.20","2,408.33","2,346.20","1,917.60","1,940","8,548","24,702"
"2017/10/02","2,580.0","2,580.0","2,490.0","2,500.0","-30.0","1,400","3,521","0","7,800","0.00","-","-","2,503.00","2,477.20","2,404.07","2,340.30","1,911.63","2,000","8,520","24,853"
"2017/09/29","2,526.0","2,530.0","2,456.0","2,530.0","+5.0","3,500","8,723","0","9,100","0.00","-","-","2,500.00","2,473.20","2,400.87","2,332.15","1,905.98","3,720","8,664","25,141"
"2017/09/28","2,519.0","2,525.0","2,519.0","2,525.0","+15.0","200","504","0","9,100","0.00","-","-","2,497.00","2,468.20","2,397.40","2,323.25","1,900.18","3,220","9,124","25,294"
"2017/09/27","2,450.0","2,750.0","2,450.0","2,510.0","+60.0","1,900","4,853","0","9,100","0.00","-","-","2,493.00","2,463.80","2,394.00","2,314.15","1,894.45","3,780","9,276","25,412"
"2017/09/26","2,495.0","2,495.0","2,450.0","2,450.0","-35.0","3,000","1,486","0","63,000","0.00","-","-","2,502.00","2,459.40","2,390.73","2,305.15","1,888.83","5,600","9,440","25,640"
"2017/09/25","2,470.0","2,500.0","2,470.0","2,485.0","-30.0","10,000","4,962","0","60,000","0.00","-","-","2,508.00","2,458.60","2,387.60","2,296.80","1,883.50","7,800","9,440","25,773"
"2017/09/22","2,515.0","2,515.0","2,515.0","2,515.0","+10.0","1,000","503","0","35,000","0.00","-","-","2,501.00","2,453.60","2,384.13","2,287.95","1,877.98","6,000","9,200","25,920"
"2017/09/21","2,540.0","2,540.0","2,505.0","2,505.0","-50.0","3,000","1,514","0","36,000","0.00","-","-","2,488.00","2,448.80","2,380.07","2,279.10","1,872.25","6,400","9,600","26,493"
"2017/09/20","2,500.0","2,560.0","2,500.0","2,555.0","+75.0","11,000","5,539","0","36,000","0.00","-","-","2,471.00","2,443.00","2,376.67","2,270.25","1,866.73","5,800","12,040","26,853"
"2017/09/19","2,450.0","2,490.0","2,450.0","2,480.0","+30.0","14,000","6,931","0","36,000","0.00","-","-","2,444.00","2,438.60","2,372.73","2,260.60","1,860.65","9,600","11,640","27,106"
"2017/09/15","2,450.0","2,450.0","2,450.0","2,450.0","0.0","1,000","490","0","33,000","0.00","-","-","2,437.00","2,435.60","2,369.73","2,251.60","1,854.90","7,000","12,920","27,346"
"2017/09/14","2,460.0","2,460.0","2,450.0","2,450.0","0.0","3,000","1,472","0","33,000","0.00","-","-","2,430.00","2,444.80","2,367.13","2,242.95","1,849.28","7,600","14,240","27,666"
"2017/09/13","-","-","-","-","-","0","-","0","33,000","0.00","-","-","2,422.00","2,453.40","2,364.73","2,234.30","1,843.53","10,600","14,640","28,893"
"2017/09/12","2,410.0","2,435.0","2,410.0","2,420.0","-25.0","30,000","14,488","0","33,000","0.00","-","-","2,428.00","2,465.60","2,362.13","2,225.85","1,837.80","14,200","15,920","29,480"
"2017/09/11","2,445.0","2,445.0","2,445.0","2,445.0","+30.0","1,000","489","0","31,000","0.00","-","-","2,439.00","2,475.60","2,358.73","2,217.40","1,832.03","19,200","15,680","29,666"
"2017/09/08","2,445.0","2,445.0","2,415.0","2,415.0","+5.0","4,000","1,948","0","31,000","0.00","-","-","2,470.00","2,481.60","2,354.80","2,208.75","1,826.15","19,200","16,040","30,040"
"2017/09/07","2,410.0","2,450.0","2,410.0","2,410.0","-40.0","18,000","8,694","0","31,000","0.00","-","-","2,497.00","2,490.00","2,350.87","2,200.50","1,820.40","20,000","18,640","30,706"
"2017/09/06","2,455.0","2,455.0","2,395.0","2,450.0","-25.0","18,000","8,754","0","31,000","0.00","-","-","2,515.00","2,502.40","2,346.33","2,192.25","1,814.73","17,600","19,880","30,773"
"2017/09/05","2,600.0","2,600.0","2,475.0","2,475.0","-125.0","55,000","27,526","0","31,000","0.00","-","-","2,523.00","2,511.40","2,341.13","2,183.60","1,808.90","16,400","26,080","31,440"
"2017/09/04","2,600.0","2,600.0","2,600.0","2,600.0","+50.0","1,000","520","0","31,000","0.00","-","-","2,509.00","2,524.60","2,335.40","2,174.70","1,802.95","6,400","46,000","31,053"
"2017/09/01","2,500.0","2,585.0","2,500.0","2,550.0","+50.0","8,000","4,082","0","31,000","0.00","-","-","2,468.00","2,516.80","2,327.67","2,164.35","1,796.35","6,600","47,760","32,120"
"2017/08/31","2,495.0","2,500.0","2,480.0","2,500.0","+10.0","6,000","2,992","0","31,000","0.00","-","-","2,438.00","2,508.80","2,321.20","2,154.35","1,790.10","6,000","48,000","33,666"
"2017/08/30","2,405.0","2,500.0","2,405.0","2,490.0","+85.0","12,000","5,846","0","31,000","0.00","-","-","2,419.00","2,503.80","2,313.67","2,144.90","1,783.80","7,800","48,960","34,360"
"2017/08/29","2,400.0","2,405.0","2,400.0","2,405.0","+10.0","5,000","2,401","0","31,000","0.00","-","-","2,404.00","2,498.40","2,306.13","2,136.20","1,777.78","6,200","50,200","35,173"
"2017/08/28","2,400.0","2,400.0","2,395.0","2,395.0","-5.0","2,000","959","0","39,000","0.00","-","-","2,403.00","2,494.40","2,300.20","2,128.30","1,772.18","6,400","50,760","37,933"
"2017/08/25","2,405.0","2,405.0","2,360.0","2,400.0","-5.0","5,000","2,390","0","39,000","0.00","-","-","2,410.00","2,489.60","2,294.67","2,120.85","1,766.63","6,600","50,880","47,600"
"2017/08/24","2,410.0","2,410.0","2,390.0","2,405.0","-10.0","15,000","7,223","0","39,000","0.00","-","-","2,402.00","2,484.60","2,285.13","2,113.80","1,761.13","6,400","50,720","48,146"
"2017/08/23","2,400.0","2,415.0","2,400.0","2,415.0","+15.0","4,000","1,926","0","39,000","0.00","-","-","2,400.00","2,479.40","2,274.93","2,106.75","1,755.85","5,600","50,400","48,106"
"2017/08/22","2,390.0","2,400.0","2,375.0","2,400.0","-30.0","6,000","2,869","0","39,000","0.00","-","-","2,389.00","2,473.80","2,264.27","2,099.70","1,749.93","17,600","50,520","48,333"
"2017/08/21","2,390.0","2,430.0","2,390.0","2,430.0","+70.0","3,000","1,442","0","39,000","0.00","-","-","2,398.00","2,469.20","2,253.73","2,092.75","1,744.05","16,600","51,040","48,426"
"2017/08/18","2,380.0","2,380.0","2,360.0","2,360.0","-35.0","4,000","1,897","0","39,000","0.00","-","-","2,393.00","2,462.00","2,242.87","2,085.30","1,737.95","25,200","51,800","48,586"
"2017/08/17","2,400.0","2,400.0","2,375.0","2,395.0","+35.0","11,000","5,254","0","39,000","0.00","-","-","2,457.00","2,456.00","2,232.73","2,078.90","1,732.20","31,200","51,800","48,720"
"2017/08/16","2,410.0","2,410.0","2,340.0","2,360.0","-85.0","64,000","30,234","0","39,000","0.00","-","-","2,511.00","2,448.20","2,222.53","2,072.30","1,726.30","31,600","51,560","48,960"
"2017/08/15","2,445.0","2,445.0","2,445.0","2,445.0","+40.0","1,000","489","0","33,000","0.00","-","-","2,584.00","2,441.60","2,212.67","2,065.55","1,720.35","25,200","49,400","48,893"
"2017/08/14","2,440.0","2,475.0","2,370.0","2,405.0","-275.0","46,000","22,245","0","33,000","0.00","-","-","2,629.00","2,430.60","2,201.27","2,056.10","1,713.98","29,800","50,200","49,066"
"2017/08/10","2,670.0","2,720.0","2,625.0","2,680.0","+15.0","34,000","18,208","0","29,000","0.00","-","-","2,667.00","2,421.20","2,190.27","2,046.95","1,707.75","22,600","48,920","48,600"
"2017/08/09","2,725.0","2,725.0","2,660.0","2,665.0","-60.0","13,000","6,981","0","29,000","0.00","-","-","2,656.00","2,400.20","2,175.67","2,035.05","1,700.15","29,600","48,640","48,306"
"2017/08/08","2,620.0","2,725.0","2,605.0","2,725.0","+55.0","32,000","17,175","0","32,000","0.00","-","-","2,667.00","2,381.20","2,161.27","2,023.25","1,692.60","36,800","49,160","48,213"
"2017/08/07","2,590.0","2,675.0","2,575.0","2,670.0","+75.0","24,000","12,543","0","32,000","0.00","-","-","2,657.00","2,362.20","2,145.93","2,011.00","1,684.70","65,000","47,920","48,266"
"2017/08/04","2,625.0","2,625.0","2,550.0","2,595.0","-30.0","10,000","5,182","0","32,000","0.00","-","-","2,684.00","2,344.80","2,131.33","1,999.30","1,677.10","170,800","47,480","48,173"
"2017/08/03","2,720.0","2,735.0","2,530.0","2,625.0","-95.0","69,000","36,426","0","32,000","0.00","-","-","2,646.00","2,331.00","2,117.80","1,988.35","1,669.93","177,800","47,640","48,053"
"2017/08/02","2,675.0","2,720.0","2,605.0","2,720.0","+45.0","49,000","26,137","0","33,000","0.00","-","-","2,591.00","2,316.20","2,104.00","1,977.05","1,662.60","166,800","45,400","47,600"
"2017/08/01","2,765.0","2,765.0","2,595.0","2,675.0","-130.0","173,000","92,359","0","29,000","0.00","-","-","2,522.00","2,299.40","2,088.87","1,964.75","1,654.85","163,000","44,680","47,013"
"2017/07/31","2,625.0","2,805.0","2,585.0","2,805.0","+400.0","553,000","304,465","0","31,000","0.00","-","-","2,458.00","2,284.60","2,074.33","1,952.60","1,647.30","137,000","38,560","44,920"
"2017/07/28","2,350.0","2,405.0","2,350.0","2,405.0","+55.0","45,000","21,424","0","29,000","0.00","-","-","2,358.00","2,265.00","2,058.07","1,939.15","1,639.03","30,200","17,360","37,773"
"2017/07/27","2,370.0","2,370.0","2,315.0","2,350.0","-25.0","14,000","6,573","0","29,000","0.00","-","-","2,332.00","2,259.80","2,046.87","1,929.70","1,632.70","22,200","16,520","37,893"
"2017/07/26","2,355.0","2,380.0","2,355.0","2,375.0","+20.0","30,000","14,223","0","29,000","0.00","-","-","2,317.00","2,257.00","2,036.20","1,920.85","1,626.75","19,600","16,480","38,640"
"2017/07/25","2,305.0","2,355.0","2,295.0","2,355.0","+50.0","43,000","19,949","0","29,000","0.00","-","-","2,297.00","2,252.60","2,025.27","1,911.70","1,620.55","15,000","15,560","38,586"
"2017/07/24","2,290.0","2,305.0","2,255.0","2,305.0","+30.0","19,000","8,682","0","29,000","0.00","-","-","2,281.00","2,248.60","2,015.47","1,902.70","1,614.53","7,800","14,800","38,426"
"2017/07/21","2,275.0","2,285.0","2,275.0","2,275.0","0.0","5,000","2,277","0","29,000","0.00","-","-","2,277.00","2,246.40","2,006.27","1,893.90","1,608.78","7,800","14,800","38,680"
"2017/07/20","2,275.0","2,275.0","2,275.0","2,275.0","0.0","1,000","455","0","29,000","0.00","-","-","2,272.00","2,245.40","1,997.93","1,885.40","1,603.15","11,200","15,160","39,533"
"2017/07/19","2,285.0","2,290.0","2,275.0","2,275.0","0.0","7,000","3,198","0","29,000","0.00","-","-","2,259.00","2,244.80","1,990.20","1,876.70","1,597.55","11,800","16,040","40,400"
"2017/07/18","2,300.0","2,300.0","2,250.0","2,275.0","-10.0","7,000","3,178","0","29,000","0.00","-","-","2,244.00","2,244.60","1,982.53","1,868.35","1,591.85","11,400","16,360","40,960"
"2017/07/14","2,250.0","2,285.0","2,250.0","2,285.0","+35.0","19,000","8,604","0","29,000","0.00","-","-","2,228.00","2,244.40","1,975.00","1,860.05","1,586.15","12,000","16,440","41,880"
"2017/07/13","2,220.0","2,250.0","2,210.0","2,250.0","+40.0","22,000","9,800","0","29,000","0.00","-","-","2,205.00","2,243.60","1,967.27","1,851.75","1,580.43","12,400","16,440","43,253"
"2017/07/12","2,200.0","2,235.0","2,200.0","2,210.0","+10.0","4,000","1,770","0","29,000","0.00","-","-","2,189.00","2,242.20","1,959.73","1,843.85","1,575.00","10,800","16,080","44,480"
"2017/07/11","2,190.0","2,200.0","2,190.0","2,200.0","+5.0","5,000","2,193","0","29,000","0.00","-","-","2,178.00","2,242.80","1,953.20","1,836.40","1,569.78","15,400","16,760","46,013"
"2017/07/10","2,185.0","2,220.0","2,185.0","2,195.0","+25.0","10,000","4,407","0","29,000","0.00","-","-","2,176.00","2,243.20","1,947.00","1,829.05","1,564.53","19,600","18,320","53,933"
"2017/07/07","2,160.0","2,170.0","2,160.0","2,170.0","0.0","21,000","9,112","0","29,000","0.00","-","-","2,187.00","2,245.40","1,940.20","1,821.60","1,559.40","17,800","19,120","82,186"
"2017/07/06","2,160.0","2,175.0","2,140.0","2,170.0","+15.0","14,000","6,031","0","29,000","0.00","-","-","2,200.00","2,249.00","1,931.27","1,814.35","1,554.33","16,200","19,480","82,533"
"2017/07/05","2,185.0","2,185.0","2,120.0","2,155.0","-35.0","27,000","11,644","0","29,000","0.00","-","-","2,216.00","2,252.40","1,922.20","1,807.00","1,549.33","16,200","20,200","82,480"
"2017/07/04","2,250.0","2,250.0","2,160.0","2,190.0","-60.0","26,000","11,448","0","29,000","0.00","-","-","2,236.00","2,256.40","1,913.33","1,799.30","1,544.40","13,400","20,120","82,280"
"2017/07/03","2,250.0","2,250.0","2,250.0","2,250.0","+15.0","1,000","450","0","29,000","0.00","-","-","2,258.00","2,259.60","1,903.93","1,791.35","1,539.38","14,400","22,880","82,520"
"2017/06/30","2,245.0","2,245.0","2,210.0","2,235.0","-15.0","13,000","5,786","0","29,000","0.00","-","-","2,269.00","2,258.60","1,893.93","1,782.70","1,533.95","18,200","24,600","82,626"
"2017/06/29","2,275.0","2,275.0","2,250.0","2,250.0","-5.0","14,000","6,325","0","29,000","0.00","-","-","2,285.00","2,255.80","1,884.13","1,774.25","1,528.73","20,200","25,840","82,600"
"2017/06/28","2,300.0","2,300.0","2,255.0","2,255.0","-45.0","13,000","5,894","0","29,000","0.00","-","-","2,290.00","2,251.80","1,874.13","1,765.65","1,523.33","22,200","26,440","82,813"
"2017/06/27","2,315.0","2,315.0","2,300.0","2,300.0","-5.0","31,000","14,338","0","30,000","0.00","-","-","2,295.00","2,246.40","1,864.00","1,756.90","1,517.93","22,200","28,080","82,853"
"2017/06/26","2,345.0","2,345.0","2,305.0","2,305.0","-10.0","20,000","9,300","0","30,000","0.00","-","-","2,288.00","2,237.20","1,853.20","1,747.80","1,512.33","17,400","27,760","83,213"
"2017/06/23","2,285.0","2,315.0","2,285.0","2,315.0","+40.0","23,000","10,565","0","30,000","0.00","-","-","2,278.00","2,227.40","1,841.93","1,738.65","1,506.70","18,200","29,680","83,066"
"2017/06/22","2,285.0","2,285.0","2,250.0","2,275.0","-5.0","24,000","10,891","0","29,000","0.00","-","-","2,265.00","2,216.60","1,830.53","1,729.55","1,501.08","17,400","29,800","82,840"
"2017/06/21","2,270.0","2,280.0","2,255.0","2,280.0","+15.0","13,000","5,895","0","29,000","0.00","-","-","2,260.00","2,206.40","1,819.67","1,720.60","1,495.53","15,400","32,080","82,613"
"2017/06/20","2,265.0","2,270.0","2,265.0","2,265.0","+10.0","7,000","3,174","0","29,000","0.00","-","-","2,256.00","2,197.80","1,808.80","1,711.70","1,490.05","17,400","36,520","82,640"
"2017/06/19","2,235.0","2,255.0","2,235.0","2,255.0","+5.0","24,000","10,762","0","29,000","0.00","-","-","2,257.00","2,184.60","1,798.07","1,702.95","1,484.68","19,000","38,560","82,666"
"2017/06/16","2,245.0","2,275.0","2,245.0","2,250.0","0.0","19,000","8,575","0","29,000","0.00","-","-","2,260.00","2,171.40","1,787.40","1,694.20","1,479.38","16,000","40,520","82,573"
"2017/06/15","2,255.0","2,255.0","2,230.0","2,250.0","-10.0","14,000","6,259","0","29,000","0.00","-","-","2,263.00","2,159.80","1,776.40","1,685.55","1,473.93","16,000","48,240","82,533"
"2017/06/14","2,265.0","2,265.0","2,250.0","2,260.0","-10.0","23,000","10,358","0","29,000","0.00","-","-","2,256.00","2,149.00","1,765.40","1,676.75","1,468.45","15,800","76,760","82,560"
"2017/06/13","2,270.0","2,270.0","2,240.0","2,270.0","0.0","15,000","6,783","0","29,000","0.00","-","-","2,249.00","2,126.00","1,754.00","1,667.90","1,462.93","15,400","77,680","84,160"
"2017/06/12","2,260.0","2,275.0","2,250.0","2,270.0","+5.0","9,000","4,072","0","30,000","0.00","-","-","2,237.00","2,100.80","1,742.93","1,658.90","1,457.35","21,200","77,560","84,226"
"2017/06/09","2,230.0","2,265.0","2,230.0","2,265.0","+50.0","19,000","8,548","0","29,000","0.00","-","-","2,233.00","2,074.60","1,731.93","1,649.85","1,451.75","25,400","78,040","84,226"
"2017/06/08","2,225.0","2,225.0","2,200.0","2,215.0","-10.0","13,000","5,769","0","29,000","0.00","-","-","2,232.00","2,048.40","1,721.13","1,641.05","1,446.18","27,600","77,800","84,173"
"2017/06/07","2,210.0","2,225.0","2,185.0","2,225.0","+15.0","21,000","9,304","0","29,000","0.00","-","-","2,240.00","2,024.40","1,711.07","1,632.75","1,440.85","31,400","77,880","84,213"
"2017/06/06","2,215.0","2,245.0","2,210.0","2,210.0","-40.0","44,000","19,517","0","31,000","0.00","-","-","2,246.00","1,999.40","1,700.93","1,624.45","1,435.48","32,200","77,600","84,000"
"2017/06/05","2,255.0","2,255.0","2,195.0","2,250.0","-10.0","30,000","13,396","0","29,000","0.00","-","-","2,258.00","1,976.20","1,691.00","1,616.15","1,430.25","42,400","77,000","83,826"
"2017/06/02","2,265.0","2,265.0","2,230.0","2,260.0","+5.0","30,000","13,493","0","29,000","0.00","-","-","2,253.00","1,951.00","1,680.33","1,607.45","1,424.85","45,200","78,160","83,613"
"2017/06/01","2,255.0","2,265.0","2,240.0","2,255.0","0.0","32,000","14,390","0","29,000","0.00","-","-","2,234.00","1,924.20","1,669.47","1,598.70","1,419.33","48,000","77,520","83,493"
"2017/05/31","2,250.0","2,280.0","2,250.0","2,255.0","-15.0","25,000","11,287","0","29,000","0.00","-","-","2,213.00","1,897.20","1,658.53","1,590.00","1,413.88","47,400","76,680","84,706"
"2017/05/30","2,225.0","2,280.0","2,200.0","2,270.0","+45.0","95,000","42,670","0","29,000","0.00","-","-","2,186.00","1,870.40","1,646.93","1,581.70","1,408.43","53,200","76,160","84,400"
"2017/05/29","2,160.0","2,225.0","2,160.0","2,225.0","+60.0","44,000","19,297","0","29,000","0.00","-","-","2,146.00","1,843.00","1,635.27","1,572.75","1,402.90","38,800","72,600","83,280"
"2017/05/26","2,145.0","2,185.0","2,140.0","2,165.0","+15.0","44,000","19,006","0","29,000","0.00","-","-","2,113.00","1,817.00","1,624.07","1,564.30","1,397.88","43,600","72,280","82,760"
"2017/05/25","2,120.0","2,150.0","2,120.0","2,150.0","+30.0","29,000","12,356","0","29,000","0.00","-","-","2,089.00","1,793.40","1,613.73","1,556.35","1,393.03","40,000","71,200","82,320"
"2017/05/24","2,095.0","2,120.0","2,075.0","2,120.0","+50.0","54,000","22,717","0","29,000","0.00","-","-","2,063.00","1,770.60","1,603.60","1,548.20","1,388.35","50,400","70,080","81,960"
"2017/05/23","2,060.0","2,070.0","2,055.0","2,070.0","+10.0","23,000","9,485","0","30,000","0.00","-","-","2,052.00","1,749.40","1,593.73","1,540.45","1,383.83","64,400","69,320","81,306"
"2017/05/22","2,045.0","2,085.0","2,020.0","2,060.0","+15.0","68,000","27,997","0","30,000","0.00","-","-","2,025.00","1,730.00","1,584.67","1,533.35","1,379.55","71,400","68,600","81,080"
"2017/05/19","2,030.0","2,045.0","2,015.0","2,045.0","+25.0","26,000","10,563","0","31,000","0.00","-","-","1,998.00","1,711.00","1,575.73","1,526.30","1,375.35","72,400","66,520","80,226"
"2017/05/18","2,040.0","2,050.0","1,990.0","2,020.0","-45.0","81,000","32,685","0","29,000","0.00","-","-","1,981.00","1,692.60","1,567.20","1,519.50","1,371.15","109,600","66,160","80,106"
"2017/05/17","1,920.0","2,065.0","1,920.0","2,065.0","+130.0","124,000","49,279","0","29,000","0.00","-","-","1,973.00","1,674.40","1,558.67","1,512.90","1,367.03","238,800","65,080","79,160"
"2017/05/16","1,925.0","1,945.0","1,905.0","1,935.0","+10.0","58,000","22,297","0","37,000","0.00","-","-","1,897.00","1,653.80","1,549.67","1,505.85","1,362.70","223,200","62,920","77,626"
"2017/05/15","1,945.0","1,965.0","1,890.0","1,925.0","-35.0","73,000","28,111","0","36,000","0.00","-","-","1,838.00","1,638.60","1,542.40","1,500.15","1,358.68","214,000","61,640","76,960"
"2017/05/12","1,950.0","1,975.0","1,915.0","1,960.0","-20.0","212,000","82,488","0","32,000","0.00","-","-","1,776.00","1,626.40","1,535.13","1,494.75","1,354.70","203,600","59,960","76,040"
"2017/05/11","1,670.0","2,065.0","1,645.0","1,980.0","+295.0","727,000","278,752","0","26,000","0.00","-","-","1,706.00","1,612.60","1,527.47","1,489.00","1,350.55","163,800","53,000","73,253"
"2017/05/10","1,665.0","1,690.0","1,665.0","1,685.0","+45.0","46,000","15,472","0","16,000","0.00","-","-","1,633.00","1,599.40","1,519.33","1,482.95","1,346.33","21,400","26,680","63,600"
"2017/05/09","1,635.0","1,645.0","1,635.0","1,640.0","+25.0","12,000","3,938","0","16,000","0.00","-","-","1,616.00","1,599.80","1,515.20","1,479.80","1,343.53","15,000","27,480","63,120"
"2017/05/08","1,610.0","1,620.0","1,610.0","1,615.0","+5.0","21,000","6,776","0","15,000","0.00","-","-","1,614.00","1,602.20","1,511.60","1,477.10","1,341.05","18,400","28,960","63,000"
"2017/05/02","1,615.0","1,615.0","1,605.0","1,610.0","-5.0","13,000","4,189","0","11,000","0.00","-","-","1,615.00","1,606.00","1,508.27","1,474.75","1,338.65","26,000","31,160","62,746"
"2017/05/01","1,600.0","1,615.0","1,590.0","1,615.0","+15.0","15,000","4,811","0","11,000","0.00","-","-","1,611.00","1,609.80","1,505.27","1,472.50","1,336.18","26,200","35,520","62,600"
"2017/04/28","1,630.0","1,635.0","1,600.0","1,600.0","-30.0","14,000","4,522","0","10,000","0.00","-","-","1,604.00","1,612.60","1,502.20","1,470.20","1,333.68","25,400","39,480","62,413"
"2017/04/27","1,615.0","1,635.0","1,605.0","1,630.0","+10.0","29,000","9,405","0","10,000","0.00","-","-","1,601.00","1,617.40","1,499.47","1,468.00","1,331.25","25,000","43,680","62,266"
"2017/04/26","1,595.0","1,630.0","1,595.0","1,620.0","+30.0","59,000","19,106","0","10,000","0.00","-","-","1,592.00","1,621.60","1,496.13","1,465.40","1,328.70","20,400","66,480","62,106"
"2017/04/25","1,575.0","1,600.0","1,570.0","1,590.0","+10.0","14,000","4,446","0","10,000","0.00","-","-","1,583.00","1,624.20","1,492.93","1,463.20","1,326.08","15,800","149,280","61,360"
"2017/04/24","1,585.0","1,585.0","1,575.0","1,580.0","-5.0","11,000","3,480","0","10,000","0.00","-","-","1,580.00","1,620.60","1,490.20","1,460.70","1,323.63","16,400","150,600","61,333"
"2017/04/21","1,585.0","1,585.0","1,570.0","1,585.0","0.0","12,000","3,789","0","10,000","0.00","-","-","1,580.00","1,617.00","1,487.60","1,458.20","1,321.18","14,400","150,560","61,440"
"2017/04/20","1,575.0","1,585.0","1,575.0","1,585.0","+10.0","6,000","1,895","0","10,000","0.00","-","-","1,581.00","1,613.20","1,485.47","1,455.60","1,318.73","19,000","150,560","61,680"
"2017/04/19","1,570.0","1,580.0","1,560.0","1,575.0","0.0","36,000","11,306","0","10,000","0.00","-","-","1,581.00","1,609.20","1,482.67","1,452.75","1,316.18","18,800","152,080","61,746"
"2017/04/18","1,580.0","1,580.0","1,570.0","1,575.0","-5.0","17,000","5,367","0","10,000","0.00","-","-","1,583.00","1,606.20","1,480.07","1,449.75","1,313.55","14,800","151,000","61,280"
"2017/04/17","1,580.0","1,580.0","1,580.0","1,580.0","-10.0","1,000","316","0","13,000","0.00","-","-","1,585.00","1,603.20","1,477.33","1,446.65","1,311.03","14,800","150,760","61,213"
"2017/04/14","1,575.0","1,590.0","1,550.0","1,590.0","+5.0","35,000","11,025","0","13,000","0.00","-","-","1,582.00","1,600.00","1,474.07","1,443.55","1,308.75","25,400","151,920","61,546"
"2017/04/13","1,575.0","1,585.0","1,560.0","1,585.0","0.0","5,000","1,574","0","14,000","0.00","-","-","1,574.00","1,596.20","1,470.80","1,440.30","1,306.43","32,400","151,160","61,320"
"2017/04/12","1,580.0","1,585.0","1,540.0","1,585.0","0.0","16,000","4,991","0","14,000","0.00","-","-","1,568.00","1,592.40","1,467.80","1,437.20","1,304.15","36,600","153,280","61,826"
"2017/04/11","1,570.0","1,590.0","1,565.0","1,585.0","+20.0","17,000","5,365","0","14,000","0.00","-","-","1,575.00","1,587.40","1,464.73","1,434.20","1,301.80","39,600","153,000","61,866"
"2017/04/10","1,560.0","1,565.0","1,525.0","1,565.0","+15.0","54,000","16,672","0","15,000","0.00","-","-","1,581.00","1,582.40","1,461.80","1,431.20","1,299.40","43,800","152,560","61,866"
"2017/04/07","1,550.0","1,575.0","1,525.0","1,550.0","-5.0","70,000","21,678","0","19,000","0.00","-","-","1,598.00","1,578.20","1,459.07","1,428.35","1,297.13","46,800","150,680","61,386"
"2017/04/06","1,615.0","1,615.0","1,515.0","1,555.0","-65.0","26,000","8,118","0","21,000","0.00","-","-","1,627.00","1,574.80","1,456.53","1,425.85","1,295.15","46,000","148,480","60,733"
"2017/04/05","1,615.0","1,620.0","1,590.0","1,620.0","+5.0","31,000","9,960","0","29,000","0.00","-","-","1,656.00","1,571.00","1,454.00","1,422.70","1,293.15","50,600","147,800","60,520"
"2017/04/04","1,660.0","1,660.0","1,590.0","1,615.0","-35.0","38,000","12,374","0","33,000","0.00","-","-","1,674.00","1,564.40","1,450.87","1,419.35","1,290.83","59,600","147,240","60,120"
"2017/04/03","1,670.0","1,685.0","1,650.0","1,650.0","-45.0","69,000","22,894","0","30,000","0.00","-","-","1,692.00","1,556.80","1,447.80","1,416.05","1,288.65","76,400","146,360","59,853"
"2017/03/31","1,700.0","1,700.0","1,645.0","1,695.0","-5.0","66,000","22,115","0","27,000","0.00","-","-","1,699.00","1,547.80","1,444.13","1,412.40","1,286.33","85,400","144,240","59,266"
"2017/03/30","1,690.0","1,700.0","1,670.0","1,700.0","-10.0","49,000","16,523","0","27,000","0.00","-","-","1,704.00","1,536.20","1,439.80","1,408.45","1,283.83","96,000","147,320","58,613"
"2017/03/29","1,680.0","1,730.0","1,680.0","1,710.0","+5.0","76,000","25,923","0","30,000","0.00","-","-","1,711.00","1,525.80","1,435.40","1,404.95","1,281.30","206,000","146,160","58,120"
"2017/03/28","1,680.0","1,705.0","1,680.0","1,705.0","+20.0","122,000","41,205","0","31,000","0.00","-","-","1,706.00","1,515.20","1,431.00","1,400.15","1,278.75","616,600","143,480","57,306"
"2017/03/27","1,680.0","1,695.0","1,655.0","1,685.0","-35.0","114,000","38,241","0","48,000","0.00","-","-","1,665.00","1,505.20","1,426.73","1,395.35","1,276.28","601,600","139,200","55,960"
"2017/03/24","1,735.0","1,735.0","1,685.0","1,720.0","-15.0","119,000","40,702","0","50,000","0.00","-","-","1,626.00","1,496.20","1,422.73","1,390.60","1,274.00","580,800","135,280","54,466"
"2017/03/23","1,700.0","1,735.0","1,655.0","1,735.0","+50.0","599,000","203,102","0","48,000","0.00","-","-","1,580.00","1,486.00","1,418.20","1,385.50","1,271.58","559,400","130,720","53,133"
"2017/03/22","1,475.0","1,775.0","1,475.0","1,685.0","+185.0","2,129,000","719,918","0","29,000","0.00","-","-","1,530.00","1,475.20","1,413.33","1,380.30","1,269.18","448,400","108,000","45,506"
"2017/03/21","1,490.0","1,500.0","1,480.0","1,500.0","+10.0","47,000","14,068","0","94,000","0.00","-","-","1,493.00","1,465.80","1,409.53","1,375.15","1,266.98","24,400","23,400","18,133"
"2017/03/17","1,490.0","1,490.0","1,475.0","1,490.0","0.0","10,000","2,959","0","96,000","0.00","-","-","1,493.00","1,463.60","1,407.40","1,371.85","1,265.65","17,200","22,360","19,360"
"2017/03/16","1,485.0","1,495.0","1,475.0","1,490.0","+5.0","12,000","3,562","0","97,000","0.00","-","-","1,495.00","1,461.40","1,405.27","1,368.55","1,264.43","21,200","26,880","19,426"
"2017/03/15","1,490.0","1,500.0","1,480.0","1,485.0","-15.0","44,000","13,072","0","97,000","0.00","-","-","1,496.00","1,457.20","1,403.07","1,365.25","1,263.23","22,000","26,480","19,733"
"2017/03/14","1,500.0","1,500.0","1,500.0","1,500.0","0.0","9,000","2,700","0","97,000","0.00","-","-","1,497.00","1,453.60","1,400.60","1,361.95","1,262.13","24,800","25,160","20,466"
"2017/03/13","1,500.0","1,500.0","1,490.0","1,500.0","0.0","11,000","3,291","0","97,000","0.00","-","-","1,489.00","1,449.00","1,397.60","1,358.40","1,260.95","24,800","25,000","21,066"
"2017/03/10","1,495.0","1,500.0","1,490.0","1,500.0","+5.0","30,000","8,980","0","97,000","0.00","-","-","1,481.00","1,444.60","1,394.47","1,354.90","1,259.78","23,800","25,000","21,426"
"2017/03/09","1,490.0","1,495.0","1,475.0","1,495.0","+5.0","16,000","4,752","0","97,000","0.00","-","-","1,473.00","1,440.20","1,391.40","1,351.50","1,258.50","19,200","23,880","21,880"
"2017/03/08","1,450.0","1,495.0","1,450.0","1,490.0","+30.0","58,000","17,174","0","97,000","0.00","-","-","1,467.00","1,435.60","1,388.33","1,348.15","1,257.28","19,000","23,440","22,013"
"2017/03/07","1,460.0","1,460.0","1,445.0","1,460.0","0.0","9,000","2,619","0","98,000","0.00","-","-","1,461.00","1,431.60","1,385.47","1,344.95","1,256.15","9,200","21,360","21,466"
"2017/03/06","1,460.0","1,460.0","1,450.0","1,460.0","0.0","6,000","1,744","0","98,000","0.00","-","-","1,460.00","1,428.80","1,383.13","1,342.00","1,255.10","10,800","21,160","21,546"
"2017/03/03","1,455.0","1,460.0","1,450.0","1,460.0","-5.0","7,000","2,036","0","98,000","0.00","-","-","1,453.00","1,426.60","1,380.80","1,338.90","1,254.08","12,800","21,600","21,826"
"2017/03/02","1,470.0","1,470.0","1,465.0","1,465.0","+5.0","15,000","4,406","0","97,000","0.00","-","-","1,446.00","1,423.40","1,378.40","1,335.70","1,253.20","14,600","21,720","21,866"
"2017/03/01","1,460.0","1,460.0","1,455.0","1,460.0","+5.0","9,000","2,625","0","97,000","0.00","-","-","1,434.00","1,420.40","1,376.20","1,332.65","1,252.30","40,200","21,480","22,000"
"2017/02/28","1,425.0","1,455.0","1,415.0","1,455.0","+30.0","17,000","4,915","0","97,000","0.00","-","-","1,430.00","1,417.60","1,373.27","1,329.40","1,251.85","42,400","21,440","22,920"
"2017/02/27","1,420.0","1,425.0","1,400.0","1,425.0","0.0","16,000","4,528","0","99,000","0.00","-","-","1,428.00","1,414.60","1,371.00","1,326.35","1,251.38","40,800","20,920","22,840"
"2017/02/24","1,415.0","1,425.0","1,410.0","1,425.0","+20.0","16,000","4,532","0","100,000","0.00","-","-","1,434.00","1,413.00","1,369.13","1,323.65","1,250.95","40,600","20,400","22,720"
"2017/02/23","1,450.0","1,450.0","1,375.0","1,405.0","-35.0","143,000","40,464","0","100,000","0.00","-","-","1,441.00","1,410.80","1,367.27","1,320.90","1,250.50","40,600","19,880","22,680"
"2017/02/22","1,450.0","1,460.0","1,440.0","1,440.0","-5.0","20,000","5,794","0","67,000","0.00","-","-","1,453.00","1,409.60","1,365.87","1,318.40","1,250.23","13,000","14,560","21,946"
"2017/02/21","1,455.0","1,455.0","1,445.0","1,445.0","-10.0","9,000","2,610","0","71,000","0.00","-","-","1,458.00","1,406.80","1,364.67","1,315.35","1,249.98","15,200","13,880","24,826"
"2017/02/20","1,465.0","1,470.0","1,455.0","1,455.0","-5.0","15,000","4,381","0","73,000","0.00","-","-","1,459.00","1,403.60","1,361.80","1,312.25","1,249.88","16,200","13,600","25,146"
"2017/02/17","1,460.0","1,470.0","1,460.0","1,460.0","-5.0","16,000","4,685","0","73,000","0.00","-","-","1,457.00","1,400.80","1,358.73","1,309.10","1,249.70","17,400","13,080","25,080"
"2017/02/16","1,460.0","1,465.0","1,455.0","1,465.0","0.0","5,000","1,461","0","75,000","0.00","-","-","1,452.00","1,397.80","1,355.40","1,306.15","1,249.48","38,800","12,480","24,866"
"2017/02/15","1,450.0","1,465.0","1,450.0","1,465.0","+15.0","31,000","9,050","0","75,000","0.00","-","-","1,436.00","1,395.00","1,352.00","1,303.15","1,249.25","38,200","12,400","24,853"
"2017/02/14","1,450.0","1,455.0","1,450.0","1,450.0","+5.0","14,000","4,066","0","74,000","0.00","-","-","1,422.00","1,391.60","1,348.67","1,300.00","1,249.10","34,200","11,840","26,146"
"2017/02/13","1,435.0","1,455.0","1,435.0","1,445.0","+10.0","21,000","6,049","0","74,000","0.00","-","-","1,409.00","1,388.80","1,344.93","1,297.20","1,249.28","32,400","11,400","25,960"
"2017/02/10","1,385.0","1,450.0","1,385.0","1,435.0","+50.0","123,000","34,849","0","74,000","0.00","-","-","1,398.00","1,386.40","1,341.27","1,294.30","1,249.60","30,400","11,040","25,813"
"2017/02/09","1,390.0","1,390.0","1,385.0","1,385.0","-10.0","2,000","555","0","78,000","0.00","-","-","1,389.00","1,384.40","1,337.60","1,291.65","1,249.70","6,200","6,880","25,133"
"2017/02/08","1,385.0","1,395.0","1,385.0","1,395.0","+10.0","11,000","3,056","0","78,000","0.00","-","-","1,388.00","1,386.00","1,334.60","1,289.50","1,250.10","6,800","8,000","25,213"
"2017/02/07","1,400.0","1,400.0","1,385.0","1,385.0","-5.0","5,000","1,394","0","78,000","0.00","-","-","1,387.00","1,385.20","1,331.40","1,287.40","1,250.48","5,800","8,000","25,226"
"2017/02/06","1,410.0","1,410.0","1,390.0","1,390.0","0.0","11,000","3,071","0","80,000","0.00","-","-","1,388.00","1,385.00","1,328.20","1,285.20","1,250.83","5,600","7,840","25,360"
"2017/02/03","1,395.0","1,395.0","1,390.0","1,390.0","+10.0","2,000","557","0","80,000","0.00","-","-","1,391.00","1,384.20","1,325.00","1,283.20","1,250.88","6,800","7,880","25,320"
"2017/02/02","1,390.0","1,390.0","1,380.0","1,380.0","-10.0","5,000","1,382","0","80,000","0.00","-","-","1,389.00","1,382.00","1,321.93","1,281.00","1,250.85","8,400","8,840","25,933"
"2017/02/01","1,390.0","1,390.0","1,390.0","1,390.0","0.0","6,000","1,668","0","80,000","0.00","-","-","1,391.00","1,380.60","1,319.00","1,278.95","1,250.78","9,200","9,360","25,880"
"2017/01/31","1,400.0","1,400.0","1,390.0","1,390.0","-15.0","4,000","1,116","0","82,000","0.00","-","-","1,391.00","1,379.40","1,316.07","1,276.85","1,250.60","9,600","10,840","25,973"
"2017/01/30","1,395.0","1,420.0","1,395.0","1,405.0","+25.0","17,000","4,774","0","82,000","0.00","-","-","1,389.00","1,378.00","1,313.07","1,274.75","1,250.48","9,600","11,440","26,160"
"2017/01/27","1,385.0","1,390.0","1,365.0","1,380.0","-10.0","10,000","2,763","0","82,000","0.00","-","-","1,385.00","1,376.40","1,309.67","1,272.60","1,250.55","6,800","11,440","26,240"
"2017/01/26","1,385.0","1,390.0","1,375.0","1,390.0","0.0","9,000","2,497","0","81,000","0.00","-","-","1,383.00","1,375.60","1,306.47","1,270.45","1,250.88","5,400","11,760","26,280"
"2017/01/25","1,385.0","1,390.0","1,370.0","1,390.0","+10.0","8,000","2,207","0","81,000","0.00","-","-","1,380.00","1,374.40","1,303.40","1,268.40","1,251.38","5,600","12,240","26,213"
"2017/01/24","1,380.0","1,380.0","1,355.0","1,380.0","-5.0","4,000","1,095","0","81,000","0.00","-","-","1,376.00","1,373.40","1,300.00","1,266.40","1,251.90","4,600","12,320","26,346"
"2017/01/23","1,370.0","1,385.0","1,370.0","1,385.0","+15.0","3,000","827","0","81,000","0.00","-","-","1,373.00","1,373.60","1,296.93","1,264.55","1,252.65","4,200","12,200","26,346"
"2017/01/20","1,375.0","1,380.0","1,370.0","1,370.0","-5.0","3,000","825","0","81,000","0.00","-","-","1,373.00","1,373.60","1,293.87","1,262.30","1,253.50","4,000","12,800","26,333"
"2017/01/19","1,360.0","1,375.0","1,360.0","1,375.0","+5.0","10,000","2,744","0","81,000","0.00","-","-","1,376.00","1,373.80","1,290.93","1,260.15","1,254.50","3,600","13,680","26,373"
"2017/01/18","1,365.0","1,370.0","1,365.0","1,370.0","+5.0","3,000","820","0","81,000","0.00","-","-","1,380.00","1,373.60","1,288.00","1,257.95","1,255.45","2,200","13,960","26,386"
"2017/01/17","1,385.0","1,385.0","1,365.0","1,365.0","-20.0","2,000","550","0","81,000","0.00","-","-","1,382.00","1,373.60","1,284.87","1,255.80","1,256.08","5,000","14,320","26,506"
"2017/01/16","1,385.0","1,385.0","1,385.0","1,385.0","0.0","2,000","554","0","81,000","0.00","-","-","1,385.00","1,374.20","1,281.80","1,253.65","1,256.65","5,200","14,840","26,760"
"2017/01/13","1,385.0","1,385.0","1,385.0","1,385.0","-10.0","1,000","277","0","81,000","0.00","-","-","1,385.00","1,374.20","1,278.53","1,251.30","1,256.78","7,200","15,600","26,840"
"2017/01/12","1,380.0","1,395.0","1,380.0","1,395.0","+15.0","3,000","831","0","81,000","0.00","-","-","1,385.00","1,374.20","1,275.60","1,248.95","1,257.00","10,800","15,640","26,826"
"2017/01/11","1,380.0","1,385.0","1,370.0","1,380.0","0.0","17,000","4,690","0","81,000","0.00","-","-","1,391.00","1,373.60","1,272.53","1,246.50","1,257.23","16,200","16,280","27,013"
"2017/01/10","1,385.0","1,385.0","1,380.0","1,380.0","-5.0","3,000","830","0","81,000","0.00","-","-","1,390.00","1,373.20","1,269.47","1,244.35","1,257.33","15,000","16,680","26,906"
"2017/01/06","1,385.0","1,390.0","1,380.0","1,385.0","0.0","12,000","3,324","0","81,000","0.00","-","-","1,390.00","1,374.00","1,266.67","1,242.25","1,257.55","14,600","19,600","26,920"
"2017/01/05","1,420.0","1,420.0","1,385.0","1,385.0","-40.0","19,000","5,314","0","84,000","0.00","-","-","1,387.00","1,372.20","1,263.60","1,239.95","1,257.68","14,600","24,680","26,933"
"2017/01/04","1,375.0","1,425.0","1,355.0","1,425.0","+50.0","30,000","8,248","0","84,000","0.00","-","-","1,377.00","1,370.00","1,260.73","1,237.75","1,257.65","16,000","24,520","26,693"
"2016/12/30","1,375.0","1,375.0","1,345.0","1,375.0","-5.0","11,000","2,992","0","84,000","0.00","-","-","1,361.00","1,366.00","1,257.33","1,235.15","1,257.38","13,600","24,720","26,453"
"2016/12/29","1,380.0","1,380.0","1,380.0","1,380.0","+10.0","1,000","276","0","84,000","0.00","-","-","1,358.00","1,363.00","1,254.80","1,233.05","1,257.45","20,000","28,240","26,400"
"2016/12/28","1,340.0","1,370.0","1,340.0","1,370.0","+35.0","12,000","3,269","0","84,000","0.00","-","-","1,353.00","1,358.80","1,251.93","1,231.45","1,257.58","23,600","30,360","26,520"
"2016/12/27","1,345.0","1,350.0","1,270.0","1,335.0","-10.0","26,000","6,902","0","85,000","0.00","-","-","1,352.00","1,354.60","1,249.53","1,229.70","1,257.60","24,600","31,400","26,560"
"2016/12/26","1,345.0","1,360.0","1,335.0","1,345.0","-15.0","18,000","4,841","0","84,000","0.00","-","-","1,357.00","1,352.00","1,247.33","1,228.50","1,258.03","23,000","32,920","26,266"
"2016/12/22","1,360.0","1,360.0","1,340.0","1,360.0","+5.0","43,000","11,642","0","83,000","0.00","-","-","1,360.00","1,348.80","1,245.07","1,227.20","1,258.45","23,600","33,240","26,160"
"2016/12/21","1,360.0","1,370.0","1,355.0","1,355.0","-10.0","19,000","5,178","0","84,000","0.00","-","-","1,361.00","1,345.40","1,242.67","1,225.75","1,258.80","17,000","32,200","26,826"
"2016/12/20","1,370.0","1,370.0","1,350.0","1,365.0","+5.0","17,000","4,638","0","83,000","0.00","-","-","1,367.00","1,342.60","1,240.33","1,224.40","1,258.88","13,400","32,040","26,773"
"2016/12/19","1,365.0","1,365.0","1,345.0","1,360.0","0.0","18,000","4,868","0","84,000","0.00","-","-","1,371.00","1,339.40","1,238.00","1,222.80","1,259.20","13,600","32,440","26,573"
"2016/12/16","1,375.0","1,375.0","1,360.0","1,360.0","-5.0","21,000","5,742","0","81,000","0.00","-","-","1,374.00","1,336.20","1,235.40","1,221.15","1,259.60","15,000","32,120","26,640"
"2016/12/15","1,385.0","1,385.0","1,365.0","1,365.0","-20.0","10,000","2,758","0","80,000","0.00","-","-","1,376.00","1,333.80","1,233.07","1,219.55","1,260.03","14,200","32,280","26,533"
"2016/12/14","1,385.0","1,385.0","1,385.0","1,385.0","0.0","1,000","277","0","79,000","0.00","-","-","1,377.00","1,328.80","1,230.73","1,217.20","1,260.43","14,600","35,000","26,546"
"2016/12/13","1,380.0","1,385.0","1,375.0","1,385.0","+10.0","18,000","4,971","0","79,000","0.00","-","-","1,376.00","1,324.80","1,228.20","1,214.65","1,260.73","17,400","35,400","33,800"
"2016/12/12","1,380.0","1,385.0","1,355.0","1,375.0","+5.0","25,000","6,873","0","79,000","0.00","-","-","1,376.00","1,320.80","1,225.20","1,212.10","1,261.03","18,000","34,960","33,680"
"2016/12/09","1,370.0","1,375.0","1,365.0","1,370.0","0.0","17,000","4,669","0","76,000","0.00","-","-","1,378.00","1,317.20","1,222.27","1,209.70","1,261.43","13,400","34,480","33,346"
"2016/12/08","1,365.0","1,385.0","1,365.0","1,370.0","-10.0","12,000","3,288","0","76,000","0.00","-","-","1,380.00","1,314.40","1,219.40","1,207.25","1,261.70","13,800","37,320","33,346"
"2016/12/07","1,385.0","1,390.0","1,370.0","1,380.0","-5.0","15,000","4,146","0","76,000","0.00","-","-","1,380.00","1,313.60","1,216.53","1,205.00","1,261.90","16,800","46,280","33,200"
"2016/12/06","1,390.0","1,390.0","1,375.0","1,385.0","0.0","21,000","5,801","0","77,000","0.00","-","-","1,384.00","1,307.60","1,213.47","1,202.55","1,262.08","29,000","47,000","33,053"
"2016/12/05","1,390.0","1,390.0","1,385.0","1,385.0","+5.0","2,000","555","0","76,000","0.00","-","-","1,375.00","1,301.20","1,210.33","1,199.85","1,261.90","52,600","46,560","32,786"
"2016/12/02","1,385.0","1,395.0","1,370.0","1,380.0","+10.0","19,000","5,250","0","93,000","0.00","-","-","1,364.00","1,294.20","1,207.20","1,197.15","1,262.48","55,200","46,480","32,813"
"2016/12/01","1,385.0","1,390.0","1,370.0","1,370.0","-30.0","27,000","7,449","0","90,000","0.00","-","-","1,353.00","1,287.40","1,204.13","1,194.50","1,262.50","58,400","45,880","33,000"
"2016/11/30","1,395.0","1,400.0","1,365.0","1,400.0","+60.0","76,000","21,126","0","90,000","0.00","-","-","1,339.00","1,281.20","1,201.40","1,192.00","1,262.75","72,800","49,920","32,866"
"2016/11/29","1,335.0","1,345.0","1,325.0","1,340.0","+10.0","139,000","37,117","0","83,000","0.00","-","-","1,314.00","1,272.00","1,198.33","1,188.95","1,262.63","68,400","46,880","32,186"
"2016/11/28","1,325.0","1,330.0","1,325.0","1,330.0","+5.0","15,000","3,976","0","83,000","0.00","-","-","1,299.00","1,265.20","1,195.87","1,186.55","1,262.80","48,200","41,720","30,506"
"2016/11/25","1,300.0","1,340.0","1,300.0","1,325.0","+25.0","35,000","9,248","0","83,000","0.00","-","-","1,287.00","1,258.40","1,193.67","1,184.15","1,263.05","58,000","44,000","30,373"
"2016/11/24","1,275.0","1,300.0","1,270.0","1,300.0","+25.0","99,000","25,245","0","83,000","0.00","-","-","1,275.00","1,251.80","1,191.53","1,181.85","1,263.55","56,200","42,920","29,906"
"2016/11/22","1,270.0","1,280.0","1,260.0","1,275.0","+10.0","54,000","13,705","0","76,000","0.00","-","-","1,270.00","1,246.00","1,189.73","1,179.60","1,264.13","39,800","39,440","28,693"
"2016/11/21","1,270.0","1,270.0","1,265.0","1,265.0","-5.0","38,000","9,637","0","75,000","0.00","-","-","1,272.00","1,240.80","1,189.00","1,177.35","1,264.65","32,000","37,880","28,200"
"2016/11/18","1,290.0","1,290.0","1,265.0","1,270.0","+5.0","64,000","16,270","0","67,000","0.00","-","-","1,276.00","1,236.20","1,188.07","1,175.40","1,265.03","29,800","36,680","27,720"
"2016/11/17","1,290.0","1,290.0","1,260.0","1,265.0","-10.0","26,000","6,606","0","42,000","0.00","-","-","1,278.00","1,231.80","1,187.33","1,173.95","1,265.23","19,000","36,040","26,906"
"2016/11/16","1,300.0","1,300.0","1,275.0","1,275.0","-10.0","17,000","4,375","0","38,000","0.00","-","-","1,285.00","1,227.60","1,186.67","1,172.55","1,265.30","18,800","35,040","26,586"
"2016/11/15","1,300.0","1,310.0","1,285.0","1,285.0","0.0","15,000","3,891","0","37,000","0.00","-","-","1,278.00","1,223.40","1,185.87","1,171.10","1,265.45","31,000","34,880","26,440"
"2016/11/14","1,280.0","1,285.0","1,280.0","1,285.0","+5.0","27,000","6,918","0","37,000","0.00","-","-","1,278.00","1,218.60","1,185.00","1,169.40","1,265.68","30,200","35,000","26,520"
"2016/11/11","1,300.0","1,300.0","1,270.0","1,280.0","-20.0","10,000","2,570","0","35,000","0.00","-","-","1,278.00","1,213.20","1,183.93","1,167.60","1,265.48","26,200","34,840","26,440"
"2016/11/10","1,285.0","1,310.0","1,280.0","1,300.0","+60.0","25,000","6,472","0","35,000","0.00","-","-","1,279.00","1,207.60","1,182.80","1,165.90","1,265.30","26,800","34,960","26,733"
"2016/11/09","1,285.0","1,285.0","1,195.0","1,240.0","-45.0","78,000","19,564","0","35,000","0.00","-","-","1,279.00","1,202.00","1,181.47","1,164.45","1,265.25","39,400","34,120","27,053"
"2016/11/08","1,280.0","1,285.0","1,255.0","1,285.0","0.0","11,000","2,796","0","36,000","0.00","-","-","1,301.00","1,197.80","1,180.00","1,163.60","1,265.53","71,000","31,720","26,040"
"2016/11/07","1,280.0","1,310.0","1,280.0","1,285.0","0.0","7,000","1,811","0","30,000","0.00","-","-","1,290.00","1,192.40","1,177.93","1,162.30","1,265.75","75,400","31,440","25,960"
"2016/11/04","1,280.0","1,295.0","1,280.0","1,285.0","-15.0","13,000","3,343","0","31,000","0.00","-","-","1,278.00","1,187.20","1,175.87","1,161.25","1,266.08","76,000","31,240","25,973"
"2016/11/02","1,320.0","1,335.0","1,270.0","1,300.0","-50.0","88,000","22,970","0","31,000","0.00","-","-","1,263.00","1,181.80","1,173.87","1,160.25","1,266.60","73,400","30,960","26,080"
"2016/11/01","1,250.0","1,455.0","1,250.0","1,350.0","+120.0","236,000","64,003","0","21,000","0.00","-","-","1,245.00","1,176.00","1,171.53","1,159.20","1,266.85","56,600","27,880","24,986"
"2016/10/31","1,235.0","1,235.0","1,225.0","1,230.0","+5.0","33,000","8,137","0","24,000","0.00","-","-","1,218.00","1,167.40","1,168.80","1,157.65","1,267.03","35,000","18,920","21,960"
"2016/10/28","1,210.0","1,225.0","1,210.0","1,225.0","0.0","10,000","2,432","0","25,000","0.00","-","-","1,206.00","1,163.60","1,167.53","1,157.35","1,267.75","28,400","18,440","22,000"
"2016/10/27","-","-","-","-","-","0","-","0","25,000","0.00","-","-","1,195.00","1,160.20","1,166.07","1,157.20","1,268.58","28,400","18,360","21,866"
"2016/10/26","1,220.0","1,220.0","1,210.0","1,210.0","-5.0","4,000","972","0","25,000","0.00","-","-","1,185.00","1,158.40","1,164.80","1,157.40","1,269.60","42,800","18,360","22,106"
"2016/10/25","1,170.0","1,285.0","1,170.0","1,215.0","0.0","128,000","31,394","0","25,000","0.00","-","-","1,175.00","1,156.60","1,163.53","1,157.65","1,270.65","43,600","18,880","22,106"
"2016/10/24","-","-","-","-","-","0","-","0","45,000","0.00","-","-","1,163.00","1,154.00","1,162.27","1,158.05","1,271.70","20,400","14,120","20,493"
"2016/10/21","1,160.0","1,170.0","1,160.0","1,170.0","+10.0","10,000","2,333","0","45,000","0.00","-","-","1,158.00","1,154.00","1,161.27","1,158.80","1,272.93","23,400","14,280","21,160"
"2016/10/20","1,155.0","1,160.0","1,150.0","1,160.0","0.0","72,000","16,632","0","45,000","0.00","-","-","1,154.00","1,153.40","1,160.33","1,159.45","1,274.13","23,000","14,400","21,120"
"2016/10/19","1,145.0","1,160.0","1,145.0","1,160.0","+5.0","8,000","1,846","0","45,000","0.00","-","-","1,154.00","1,153.80","1,159.40","1,160.30","1,275.20","18,200","11,560","20,400"
"2016/10/18","1,150.0","1,155.0","1,150.0","1,155.0","+10.0","12,000","2,761","0","45,000","0.00","-","-","1,154.00","1,154.20","1,158.53","1,161.20","1,276.30","16,800","11,720","20,600"
"2016/10/17","1,150.0","1,150.0","1,140.0","1,145.0","-5.0","15,000","3,439","0","45,000","0.00","-","-","1,157.00","1,155.40","1,157.47","1,162.30","1,277.80","17,000","11,520","21,200"
"2016/10/14","1,160.0","1,180.0","1,145.0","1,150.0","-10.0","8,000","1,853","0","45,000","0.00","-","-","1,161.00","1,156.20","1,156.20","1,163.50","1,279.35","17,600","11,320","21,546"
"2016/10/13","1,160.0","1,175.0","1,160.0","1,160.0","0.0","48,000","11,140","0","46,000","0.00","-","-","1,161.00","1,157.80","1,155.13","1,164.65","1,280.83","20,600","11,600","21,613"
"2016/10/12","1,160.0","1,160.0","1,160.0","1,160.0","-10.0","1,000","232","0","47,000","0.00","-","-","1,157.00","1,158.20","1,154.67","1,165.50","1,282.30","13,600","9,840","21,066"
"2016/10/11","1,165.0","1,185.0","1,165.0","1,170.0","+5.0","13,000","3,053","0","47,000","0.00","-","-","1,157.00","1,158.80","1,154.20","1,166.40","1,283.75","14,200","10,200","21,133"
"2016/10/07","1,165.0","1,170.0","1,165.0","1,165.0","+15.0","18,000","4,197","0","48,000","0.00","-","-","1,150.00","1,159.20","1,153.67","1,167.35","1,285.10","15,200","13,400","21,400"
"2016/10/06","1,150.0","1,175.0","1,150.0","1,150.0","+10.0","23,000","5,379","0","50,000","0.00","-","-","1,147.00","1,159.80","1,153.00","1,168.20","1,286.50","12,400","13,280","21,240"
"2016/10/05","1,135.0","1,150.0","1,135.0","1,140.0","-20.0","13,000","2,956","0","50,000","0.00","-","-","1,148.00","1,161.40","1,152.40","1,169.25","1,288.10","8,200","12,440","21,093"
"2016/10/04","1,165.0","1,165.0","1,160.0","1,160.0","+25.0","4,000","930","0","48,000","0.00","-","-","1,150.00","1,162.40","1,152.00","1,170.70","1,289.65","6,800","12,840","21,226"
"2016/10/03","1,135.0","1,150.0","1,135.0","1,135.0","-15.0","18,000","4,121","0","48,000","0.00","-","-","1,149.00","1,163.40","1,151.93","1,171.95","1,291.18","8,200","13,200","21,280"
"2016/09/30","1,150.0","1,150.0","1,130.0","1,150.0","-5.0","4,000","912","0","48,000","0.00","-","-","1,149.00","1,165.60","1,152.20","1,174.30","1,292.93","7,000","12,920","21,240"
"2016/09/29","1,140.0","1,155.0","1,140.0","1,155.0","+5.0","2,000","459","0","49,000","0.00","-","-","1,146.00","1,167.40","1,152.27","1,176.40","1,294.60","10,400","34,560","21,546"
"2016/09/28","1,155.0","1,160.0","1,130.0","1,150.0","-5.0","6,000","1,383","0","50,000","0.00","-","-","1,143.00","1,167.60","1,152.60","1,178.25","1,296.25","11,600","34,840","21,840"
"2016/09/27","1,160.0","1,160.0","1,130.0","1,155.0","+20.0","11,000","2,531","0","50,000","0.00","-","-","1,146.00","1,167.80","1,153.07","1,180.10","1,297.93","10,400","34,600","21,986"
"2016/09/26","1,120.0","1,170.0","1,120.0","1,135.0","0.0","12,000","2,765","0","53,000","0.00","-","-","1,148.00","1,167.80","1,153.60","1,182.05","1,299.60","11,600","34,840","21,973"
"2016/09/23","1,145.0","1,145.0","1,115.0","1,135.0","-5.0","21,000","4,785","0","54,000","0.00","-","-","1,151.00","1,168.60","1,154.40","1,184.60","1,301.33","11,000","34,400","22,053"
"2016/09/21","1,150.0","1,165.0","1,140.0","1,140.0","0.0","8,000","1,839","0","57,000","0.00","-","-","1,158.00","1,169.20","1,155.27","1,187.50","1,303.13","7,600","33,720","22,626"
"2016/09/20","-","-","-","-","-","0","-","0","55,000","0.00","-","-","1,161.00","1,169.60","1,156.20","1,190.30","1,304.90","8,600","33,440","22,653"
"2016/09/16","1,150.0","1,165.0","1,150.0","1,165.0","+15.0","17,000","3,913","0","65,000","0.00","-","-","1,162.00","1,169.00","1,157.07","1,192.80","1,306.55","8,800","33,600","22,733"
"2016/09/15","1,150.0","1,155.0","1,150.0","1,150.0","-20.0","9,000","2,071","0","57,000","0.00","-","-","1,163.00","1,168.40","1,158.00","1,195.35","1,308.20","7,800","34,240","22,680"
"2016/09/14","1,150.0","1,170.0","1,150.0","1,170.0","+15.0","4,000","926","0","57,000","0.00","-","-","1,170.00","1,169.00","1,159.40","1,198.20","1,309.93","7,400","34,560","22,626"
"2016/09/13","1,170.0","1,170.0","1,150.0","1,155.0","-15.0","13,000","3,028","0","57,000","0.00","-","-","1,169.00","1,169.00","1,160.40","1,201.35","1,311.45","8,600","35,400","22,666"
"2016/09/12","1,170.0","1,170.0","1,170.0","1,170.0","0.0","1,000","234","0","57,000","0.00","-","-","1,176.00","1,169.00","1,161.47","1,204.90","1,313.03","9,000","35,400","22,813"
"2016/09/09","1,185.0","1,185.0","1,170.0","1,170.0","-15.0","12,000","2,834","0","57,000","0.00","-","-","1,176.00","1,168.80","1,162.47","1,207.75","1,314.50","9,600","35,560","22,880"
"2016/09/08","1,185.0","1,185.0","1,185.0","1,185.0","+20.0","7,000","1,659","0","57,000","0.00","-","-","1,177.00","1,168.60","1,163.53","1,210.70","1,315.93","9,200","35,080","22,960"
"2016/09/07","1,175.0","1,180.0","1,165.0","1,165.0","-25.0","10,000","2,350","0","57,000","0.00","-","-","1,176.00","1,167.80","1,164.60","1,213.55","1,317.38","26,400","35,120","22,893"
"2016/09/06","1,180.0","1,190.0","1,160.0","1,190.0","+20.0","15,000","3,536","0","57,000","0.00","-","-","1,179.00","1,170.00","1,165.93","1,216.45","1,318.93","27,400","35,400","22,760"
"2016/09/05","1,175.0","1,175.0","1,170.0","1,170.0","-5.0","4,000","939","0","58,000","0.00","-","-","1,179.00","1,170.20","1,166.93","1,218.55","1,320.48","24,800","34,880","23,226"
"2016/09/02","1,175.0","1,175.0","1,175.0","1,175.0","-5.0","10,000","2,350","0","58,000","0.00","-","-","1,178.00","1,172.00","1,167.93","1,220.70","1,322.05","28,600","34,840","23,320"
"2016/09/01","1,180.0","1,185.0","1,150.0","1,180.0","0.0","93,000","21,823","0","65,000","0.00","-","-","1,180.00","1,173.60","1,168.93","1,222.60","1,323.70","29,200","34,520","23,600"
"2016/08/31","1,195.0","1,195.0","1,170.0","1,180.0","-10.0","15,000","3,543","0","65,000","0.00","-","-","1,182.00","1,175.00","1,170.07","1,224.35","1,325.33","12,800","31,040","22,466"
"2016/08/30","1,165.0","1,190.0","1,165.0","1,190.0","+25.0","2,000","471","0","59,000","0.00","-","-","1,185.00","1,176.60","1,171.00","1,226.20","1,326.93","118,800","31,280","22,546"
"2016/08/29","1,175.0","1,190.0","1,160.0","1,165.0","-20.0","23,000","5,392","0","59,000","0.00","-","-","1,179.00","1,177.20","1,171.87","1,228.50","1,328.55","120,200","32,040","22,653"
"2016/08/26","1,195.0","1,195.0","1,180.0","1,185.0","-5.0","13,000","3,084","0","56,000","0.00","-","-","1,177.00","1,178.40","1,173.47","1,231.30","1,330.25","115,600","32,400","22,733"
"2016/08/25","1,195.0","1,195.0","1,185.0","1,190.0","-5.0","11,000","2,622","0","54,000","0.00","-","-","1,171.00","1,179.00","1,174.80","1,234.35","1,331.70","116,400","33,840","25,053"
"2016/08/24","1,165.0","1,370.0","1,155.0","1,195.0","+35.0","545,000","136,082","0","55,000","0.00","-","-","1,164.00","1,176.60","1,177.20","1,237.40","1,333.08","114,400","33,480","25,173"
"2016/08/23","1,145.0","1,160.0","1,145.0","1,160.0","0.0","9,000","2,078","0","70,000","0.00","-","-","1,155.00","1,174.00","1,179.40","1,240.75","1,334.40","6,200","11,880","18,440"
"2016/08/22","-","-","-","-","-","0","-","0","70,000","0.00","-","-","1,153.00","1,172.80","1,181.80","1,244.70","1,335.90","4,600","11,840","18,613"
"2016/08/19","1,140.0","1,155.0","1,135.0","1,155.0","0.0","17,000","3,897","0","73,000","0.00","-","-","1,152.00","1,172.00","1,184.20","1,248.85","1,337.43","5,400","12,680","18,840"
"2016/08/18","1,155.0","1,155.0","1,155.0","1,155.0","+5.0","1,000","231","0","66,000","0.00","-","-","1,151.00","1,170.80","1,186.80","1,252.95","1,339.00","8,600","12,240","20,000"
"2016/08/17","1,150.0","1,150.0","1,135.0","1,150.0","0.0","4,000","917","0","66,000","0.00","-","-","1,153.00","1,170.40","1,189.93","1,256.35","1,340.58","11,800","12,560","20,173"
"2016/08/16","1,150.0","1,150.0","1,150.0","1,150.0","0.0","1,000","230","0","66,000","0.00","-","-","1,157.00","1,169.80","1,193.60","1,259.65","1,342.15","16,000","13,840","20,173"
"2016/08/15","1,150.0","1,150.0","1,150.0","1,150.0","0.0","4,000","920","0","66,000","0.00","-","-","1,158.00","1,168.40","1,197.20","1,262.25","1,343.73","18,400","13,800","20,480"
"2016/08/12","1,155.0","1,155.0","1,150.0","1,150.0","-15.0","33,000","7,603","0","66,000","0.00","-","-","1,161.00","1,167.00","1,200.73","1,265.05","1,345.30","18,600","14,360","21,826"
"2016/08/10","1,170.0","1,175.0","1,150.0","1,165.0","-5.0","17,000","3,951","0","92,000","0.00","-","-","1,164.00","1,165.60","1,204.33","1,267.95","1,346.85","12,000","13,200","22,253"
"2016/08/09","1,155.0","1,190.0","1,155.0","1,170.0","+15.0","25,000","5,856","0","95,000","0.00","-","-","1,164.00","1,163.80","1,207.93","1,270.30","1,348.25","10,200","12,800","22,373"
"2016/08/08","1,165.0","1,175.0","1,145.0","1,155.0","-10.0","13,000","3,010","0","105,000","0.00","-","-","1,174.00","1,160.80","1,212.13","1,272.85","1,349.65","8,600","13,800","22,400"
"2016/08/05","1,195.0","1,195.0","1,165.0","1,165.0","0.0","5,000","1,189","0","105,000","0.00","-","-","1,182.00","1,158.60","1,216.87","1,275.40","1,351.13","6,400","13,560","22,840"
"2016/08/04","-","-","-","-","-","0","-","0","105,000","0.00","-","-","1,192.00","1,155.60","1,220.73","1,277.55","1,352.58","6,000","14,080","23,226"
"2016/08/03","1,180.0","1,180.0","1,165.0","1,165.0","-55.0","8,000","1,885","0","105,000","0.00","-","-","1,202.00","1,152.80","1,224.73","1,279.60","1,353.98","6,400","15,000","23,426"
"2016/08/02","1,210.0","1,220.0","1,210.0","1,220.0","+25.0","17,000","4,120","0","105,000","0.00","-","-","1,212.00","1,149.20","1,228.80","1,281.85","1,355.23","6,000","16,960","23,373"
"2016/08/01","1,235.0","1,235.0","1,195.0","1,195.0","-20.0","2,000","486","0","106,000","0.00","-","-","1,212.00","1,142.40","1,231.93","1,283.70","1,356.13","6,800","17,920","23,293"
"2016/07/29","1,215.0","1,215.0","1,215.0","1,215.0","0.0","3,000","729","0","107,000","0.00","-","-","1,214.00","1,137.40","1,234.67","1,285.50","1,357.20","10,600","18,360","23,400"
"2016/07/28","1,215.0","1,215.0","1,215.0","1,215.0","0.0","2,000","486","0","107,000","0.00","-","-","1,210.00","1,133.80","1,236.93","1,287.55","1,358.00","16,400","18,520","23,506"
"2016/07/27","1,215.0","1,215.0","1,215.0","1,215.0","-5.0","6,000","1,458","0","107,000","0.00","-","-","1,207.00","1,130.20","1,238.93","1,289.70","1,358.73","25,800","18,680","23,800"
"2016/07/26","1,225.0","1,225.0","1,215.0","1,220.0","+15.0","21,000","5,127","0","112,000","0.00","-","-","1,190.00","1,126.80","1,240.80","1,291.85","1,359.38","25,000","19,760","24,000"
"2016/07/25","1,200.0","1,205.0","1,195.0","1,205.0","+10.0","21,000","5,029","0","104,000","0.00","-","-","1,172.00","1,122.60","1,242.73","1,293.35","1,359.78","21,800","19,160","24,013"
"2016/07/22","1,200.0","1,200.0","1,180.0","1,195.0","-5.0","32,000","7,645","0","103,000","0.00","-","-","1,157.00","1,118.60","1,245.60","1,295.60","1,360.18","19,200","18,800","23,920"
"2016/07/21","1,130.0","1,205.0","1,130.0","1,200.0","+70.0","49,000","11,577","0","95,000","0.00","-","-","1,145.00","1,115.20","1,248.93","1,298.05","1,360.83","17,000","18,440","23,920"
"2016/07/20","1,135.0","1,135.0","1,130.0","1,130.0","0.0","2,000","453","0","77,000","0.00","-","-","1,130.00","1,113.40","1,252.80","1,300.50","1,361.40","8,400","16,800","23,400"
"2016/07/19","1,130.0","1,130.0","1,130.0","1,130.0","0.0","5,000","1,130","0","77,000","0.00","-","-","1,133.00","1,114.40","1,257.67","1,303.65","1,362.25","9,800","17,320","23,733"
"2016/07/15","1,115.0","1,135.0","1,115.0","1,130.0","-5.0","8,000","1,793","0","77,000","0.00","-","-","1,134.00","1,115.40","1,263.00","1,306.80","1,363.28","16,000","18,200","23,866"
"2016/07/14","1,150.0","1,150.0","1,100.0","1,135.0","+10.0","21,000","4,715","0","78,000","0.00","-","-","1,131.00","1,117.40","1,268.67","1,309.95","1,364.28","14,400","18,840","23,946"
"2016/07/13","1,150.0","1,150.0","1,125.0","1,125.0","-20.0","6,000","1,363","0","79,000","0.00","-","-","1,127.00","1,119.40","1,274.47","1,313.15","1,365.28","13,800","18,680","24,613"
"2016/07/12","1,125.0","1,145.0","1,125.0","1,145.0","+10.0","9,000","2,048","0","80,000","0.00","-","-","1,125.00","1,122.20","1,280.33","1,316.15","1,366.25","13,400","18,840","29,680"
"2016/07/11","1,115.0","1,135.0","1,115.0","1,135.0","0.0","36,000","8,060","0","81,000","0.00","-","-","1,120.00","1,124.20","1,285.00","1,318.80","1,367.08","13,000","19,200","29,760"
"2016/07/08","-","-","-","-","-","0","-","0","84,000","0.00","-","-","1,112.00","1,126.80","1,289.60","1,321.60","1,368.00","15,800","20,320","29,506"
"2016/07/07","1,115.0","1,115.0","1,115.0","1,115.0","0.0","18,000","4,014","0","84,000","0.00","-","-","1,109.00","1,130.60","1,293.53","1,323.95","1,368.95","17,200","20,720","29,613"
"2016/07/06","1,115.0","1,115.0","1,115.0","1,115.0","-5.0","4,000","892","0","84,000","0.00","-","-","1,104.00","1,135.20","1,297.73","1,327.80","1,369.88","17,200","20,240","29,586"
"2016/07/05","1,095.0","1,120.0","1,095.0","1,120.0","+25.0","7,000","1,559","0","86,000","0.00","-","-","1,100.00","1,140.00","1,302.07","1,330.50","1,370.53","21,000","20,600","29,773"
"2016/07/04","1,085.0","1,100.0","1,085.0","1,095.0","-5.0","50,000","10,904","0","86,000","0.00","-","-","1,091.00","1,145.40","1,305.80","1,333.50","1,371.43","31,000","20,520","29,853"
"2016/07/01","1,095.0","1,100.0","1,095.0","1,100.0","+10.0","7,000","1,536","0","86,000","0.00","-","-","1,082.00","1,151.40","1,310.20","1,336.30","1,372.50","29,200","18,800","29,400"
"2016/06/30","1,085.0","1,090.0","1,085.0","1,090.0","-5.0","18,000","3,923","0","86,000","0.00","-","-","1,076.00","1,156.80","1,314.33","1,339.05","1,373.73","30,400","19,480","29,360"
"2016/06/29","1,080.0","1,095.0","1,055.0","1,095.0","+20.0","23,000","4,990","0","88,000","0.00","-","-","1,083.00","1,163.00","1,318.20","1,341.95","1,375.15","28,200","19,000","29,146"
"2016/06/28","1,035.0","1,085.0","1,015.0","1,075.0","+25.0","57,000","11,893","0","89,000","0.00","-","-","1,089.00","1,169.20","1,321.87","1,345.25","1,376.58","24,800","18,800","28,866"
"2016/06/27","1,055.0","1,075.0","1,045.0","1,050.0","-20.0","41,000","8,645","0","91,000","0.00","-","-","1,100.00","1,176.80","1,326.07","1,348.65","1,377.85","20,000","16,600","28,160"
"2016/06/24","1,125.0","1,125.0","1,070.0","1,070.0","-55.0","13,000","2,821","0","90,000","0.00","-","-","1,113.00","1,185.40","1,330.80","1,351.95","1,379.40","13,000","14,960","27,853"
"2016/06/23","1,115.0","1,125.0","1,110.0","1,125.0","0.0","7,000","1,568","0","91,000","0.00","-","-","1,120.00","1,193.20","1,334.87","1,354.65","1,380.50","12,800","16,440","29,120"
"2016/06/22","1,130.0","1,130.0","1,125.0","1,125.0","-5.0","6,000","1,351","0","93,000","0.00","-","-","1,117.00","1,198.00","1,338.80","1,356.50","1,381.03","16,000","16,600","29,080"
"2016/06/21","1,115.0","1,130.0","1,100.0","1,130.0","+15.0","33,000","7,340","0","93,000","0.00","-","-","1,123.00","1,203.00","1,342.87","1,358.05","1,381.50","16,400","17,600","29,240"
"2016/06/20","1,135.0","1,135.0","1,115.0","1,115.0","+10.0","6,000","1,346","0","97,000","0.00","-","-","1,128.00","1,208.40","1,346.87","1,359.80","1,382.10","12,800","16,600","28,840"
"2016/06/17","1,135.0","1,135.0","1,105.0","1,105.0","-5.0","12,000","2,672","0","98,000","0.00","-","-","1,136.00","1,213.80","1,350.27","1,361.95","1,383.40","17,000","17,200","29,053"
"2016/06/16","1,155.0","1,155.0","1,110.0","1,110.0","-45.0","23,000","5,216","0","99,000","0.00","-","-","1,151.00","1,219.80","1,354.60","1,363.35","1,385.05","19,400","17,120","28,960"
"2016/06/15","1,165.0","1,165.0","1,155.0","1,155.0","0.0","8,000","1,857","0","96,000","0.00","-","-","1,166.00","1,226.80","1,359.00","1,364.70","1,386.68","18,200","17,360","28,733"
"2016/06/14","1,155.0","1,170.0","1,155.0","1,155.0","0.0","15,000","3,488","0","95,000","0.00","-","-","1,174.00","1,232.00","1,362.87","1,366.05","1,388.23","18,600","24,520","28,626"
"2016/06/13","1,175.0","1,175.0","1,155.0","1,155.0","-25.0","27,000","6,274","0","96,000","0.00","-","-","1,182.00","1,240.60","1,366.73","1,367.45","1,389.78","19,200","24,720","28,466"
"2016/06/10","1,175.0","1,180.0","1,165.0","1,180.0","-5.0","24,000","5,632","0","95,000","0.00","-","-","1,191.00","1,248.80","1,370.60","1,369.20","1,391.25","26,600","25,240","28,106"
"2016/06/09","1,185.0","1,190.0","1,185.0","1,185.0","-10.0","17,000","4,030","0","93,000","0.00","-","-","1,197.00","1,255.20","1,374.13","1,370.90","1,392.63","23,800","25,160","27,853"
"2016/06/08","1,195.0","1,195.0","1,190.0","1,195.0","0.0","10,000","2,387","0","88,000","0.00","-","-","1,206.00","1,261.20","1,377.73","1,372.95","1,393.98","21,600","25,160","27,680"
"2016/06/07","1,195.0","1,195.0","1,185.0","1,195.0","-5.0","18,000","4,281","0","88,000","0.00","-","-","1,214.00","1,267.40","1,380.80","1,374.50","1,395.28","22,200","28,920","27,666"
"2016/06/06","1,210.0","1,210.0","1,180.0","1,200.0","-10.0","64,000","15,371","0","85,000","0.00","-","-","1,226.00","1,275.20","1,383.67","1,376.40","1,396.60","19,600","28,760","27,586"
"2016/06/03","1,225.0","1,225.0","1,210.0","1,210.0","-20.0","10,000","2,436","0","80,000","0.00","-","-","1,235.00","1,284.20","1,386.53","1,378.15","1,398.23","8,200","26,360","26,920"
"2016/06/02","1,235.0","1,235.0","1,230.0","1,230.0","-5.0","6,000","1,477","0","78,000","0.00","-","-","1,240.00","1,292.60","1,388.40","1,379.95","1,399.73","11,000","26,920","27,293"
"2016/06/01","1,250.0","1,250.0","1,235.0","1,235.0","-20.0","13,000","3,243","0","79,000","0.00","-","-","1,243.00","1,300.00","1,392.00","1,381.80","1,401.08","11,000","30,880","28,213"
"2016/05/31","1,245.0","1,265.0","1,245.0","1,255.0","+10.0","5,000","1,257","0","85,000","0.00","-","-","1,246.00","1,307.40","1,394.00","1,383.65","1,402.20","12,000","32,960","28,160"
"2016/05/30","1,235.0","1,245.0","1,235.0","1,245.0","+10.0","7,000","1,738","0","85,000","0.00","-","-","1,248.00","1,314.60","1,396.20","1,385.35","1,403.20","11,400","33,800","28,186"
"2016/05/27","1,225.0","1,240.0","1,225.0","1,235.0","-10.0","24,000","5,905","0","82,000","0.00","-","-","1,252.00","1,324.20","1,397.93","1,387.05","1,404.43","10,000","34,600","28,266"
"2016/05/26","1,255.0","1,255.0","1,235.0","1,245.0","-5.0","6,000","1,492","0","83,000","0.00","-","-","1,258.00","1,335.20","1,399.80","1,388.80","1,405.70","15,200","35,480","28,026"
"2016/05/25","1,260.0","1,260.0","1,235.0","1,250.0","-15.0","18,000","4,503","0","83,000","0.00","-","-","1,258.00","1,343.60","1,401.60","1,390.10","1,406.88","16,200","36,600","28,053"
"2016/05/24","1,265.0","1,265.0","1,265.0","1,265.0","0.0","2,000","506","0","84,000","0.00","-","-","1,258.00","1,352.20","1,403.93","1,391.40","1,407.95","18,800","36,480","27,986"
"2016/05/23","-","-","-","-","-","0","-","0","84,000","0.00","-","-","1,258.00","1,360.40","1,405.93","1,393.30","1,409.00","20,000","36,560","28,000"
"2016/05/20","1,240.0","1,265.0","1,200.0","1,265.0","+20.0","50,000","12,276","0","84,000","0.00","-","-","1,255.00","1,368.00","1,407.47","1,395.20","1,409.93","24,200","37,000","28,053"
"2016/05/19","1,250.0","1,255.0","1,245.0","1,245.0","-5.0","11,000","2,749","0","84,000","0.00","-","-","1,253.00","1,373.40","1,408.47","1,397.00","1,410.80","16,200","35,400","27,493"
"2016/05/18","1,265.0","1,265.0","1,235.0","1,250.0","-15.0","31,000","7,703","0","83,000","0.00","-","-","1,261.00","1,379.00","1,409.33","1,399.10","1,411.80","19,800","35,400","27,453"
"2016/05/17","1,250.0","1,265.0","1,245.0","1,265.0","+15.0","8,000","2,012","0","83,000","0.00","-","-","1,268.00","1,383.60","1,409.73","1,401.10","1,412.78","51,000","35,120","27,080"
"2016/05/16","1,240.0","1,250.0","1,230.0","1,250.0","-5.0","21,000","5,211","0","83,000","0.00","-","-","1,289.00","1,387.20","1,410.27","1,402.85","1,413.75","53,400","35,640","27,253"
"2016/05/13","1,265.0","1,265.0","1,255.0","1,255.0","-30.0","10,000","2,520","0","79,000","0.00","-","-","1,311.00","1,391.80","1,411.33","1,404.80","1,414.83","57,200","35,680","27,280"
"2016/05/12","1,275.0","1,290.0","1,275.0","1,285.0","0.0","29,000","7,426","0","74,000","0.00","-","-","1,328.00","1,398.40","1,411.20","1,406.95","1,415.98","59,600","35,840","27,240"
"2016/05/11","1,365.0","1,375.0","1,250.0","1,285.0","-85.0","187,000","49,671","0","79,000","0.00","-","-","1,338.00","1,404.80","1,410.67","1,408.60","1,416.98","57,200","35,960","27,160"
"2016/05/10","1,360.0","1,370.0","1,355.0","1,370.0","+10.0","20,000","5,452","0","94,000","0.00","-","-","1,351.00","1,413.00","1,410.73","1,410.40","1,417.73","40,600","28,880","24,746"
"2016/05/09","1,350.0","1,370.0","1,350.0","1,360.0","+20.0","40,000","10,856","0","94,000","0.00","-","-","1,355.00","1,418.00","1,409.73","1,411.55","1,417.98","39,400","29,160","24,733"
"2016/05/06","1,355.0","1,355.0","1,335.0","1,340.0","+5.0","22,000","5,920","0","94,000","0.00","-","-","1,368.00","1,424.80","1,409.33","1,412.80","1,418.20","32,200","28,160","24,426"
"2016/05/02","1,345.0","1,350.0","1,330.0","1,335.0","-15.0","17,000","4,551","0","83,000","0.00","-","-","1,384.00","1,433.40","1,409.47","1,414.25","1,418.70","32,600","27,840","24,946"
"2016/04/28","1,365.0","1,395.0","1,350.0","1,350.0","-40.0","104,000","28,331","0","83,000","0.00","-","-","1,400.00","1,442.80","1,410.20","1,415.75","1,419.38","50,200","30,000","24,773"
"2016/04/27","1,410.0","1,410.0","1,360.0","1,390.0","-35.0","14,000","3,892","0","78,000","0.00","-","-","1,414.00","1,451.40","1,410.20","1,417.15","1,419.98","42,400","41,280","23,533"
"2016/04/26","1,420.0","1,425.0","1,420.0","1,425.0","+5.0","4,000","1,137","0","76,000","0.00","-","-","1,423.00","1,455.60","1,410.13","1,418.05","1,420.43","44,800","41,320","23,426"
"2016/04/25","1,415.0","1,425.0","1,410.0","1,420.0","+5.0","24,000","6,798","0","76,000","0.00","-","-","1,435.00","1,457.80","1,409.47","1,418.75","1,420.73","49,400","41,840","23,560"
"2016/04/22","1,420.0","1,420.0","1,350.0","1,415.0","-5.0","105,000","28,943","0","78,000","0.00","-","-","1,453.00","1,457.40","1,409.07","1,419.50","1,420.95","53,800","41,200","23,466"
"2016/04/21","1,465.0","1,465.0","1,420.0","1,420.0","-15.0","65,000","18,616","0","77,000","0.00","-","-","1,461.00","1,458.00","1,409.07","1,420.30","1,421.20","39,600","37,640","22,240"
"2016/04/20","1,470.0","1,470.0","1,435.0","1,435.0","-50.0","26,000","7,501","0","73,000","0.00","-","-","1,470.00","1,458.80","1,409.07","1,421.05","1,421.40","29,600","35,760","21,426"
"2016/04/19","1,500.0","1,505.0","1,485.0","1,485.0","-25.0","27,000","8,093","0","69,000","0.00","-","-","1,477.00","1,457.40","1,408.93","1,421.65","1,421.60","25,200","35,240","21,120"
"2016/04/18","1,475.0","1,530.0","1,470.0","1,510.0","+55.0","46,000","13,774","0","68,000","0.00","-","-","1,471.00","1,455.00","1,408.00","1,421.55","1,421.58","22,000","34,800","20,773"
"2016/04/15","1,505.0","1,515.0","1,455.0","1,455.0","-10.0","34,000","10,126","0","69,000","0.00","-","-","1,449.00","1,451.00","1,406.67","1,421.15","1,421.43","14,800","33,120","20,293"
"2016/04/14","1,470.0","1,470.0","1,430.0","1,465.0","-5.0","15,000","4,346","0","64,000","0.00","-","-","1,435.00","1,448.00","1,405.60","1,421.25","1,421.63","10,200","31,840","20,466"
"2016/04/13","1,455.0","1,470.0","1,455.0","1,470.0","+15.0","4,000","1,172","0","63,000","0.00","-","-","1,415.00","1,444.20","1,404.47","1,421.15","1,421.70","12,000","31,320","20,720"
"2016/04/12","1,410.0","1,455.0","1,410.0","1,455.0","+55.0","11,000","3,138","0","63,000","0.00","-","-","1,392.00","1,441.00","1,404.27","1,421.20","1,421.68","15,400","31,320","20,666"
"2016/04/11","1,405.0","1,405.0","1,395.0","1,400.0","+15.0","10,000","2,801","0","64,000","0.00","-","-","1,374.00","1,439.00","1,404.27","1,421.40","1,421.73","17,600","31,600","20,706"
"2016/04/08","1,340.0","1,385.0","1,340.0","1,385.0","+20.0","11,000","3,000","0","65,000","0.00","-","-","1,378.00","1,438.00","1,404.87","1,422.40","1,422.13","18,400","35,520","20,680"
"2016/04/07","1,360.0","1,385.0","1,355.0","1,365.0","+10.0","24,000","6,560","0","65,000","0.00","-","-","1,390.00","1,439.40","1,405.80","1,423.40","1,422.65","22,600","35,240","20,586"
"2016/04/06","1,355.0","1,365.0","1,335.0","1,355.0","-10.0","21,000","5,673","0","72,000","0.00","-","-","1,415.00","1,442.00","1,406.93","1,424.80","1,423.28","19,800","35,000","20,360"
"2016/04/05","1,405.0","1,405.0","1,355.0","1,365.0","-55.0","22,000","6,081","0","69,000","0.00","-","-","1,443.00","1,445.00","1,408.07","1,426.30","1,423.98","21,000","34,280","20,546"
"2016/04/04","1,415.0","1,445.0","1,410.0","1,420.0","-25.0","14,000","3,975","0","66,000","0.00","-","-","1,476.00","1,445.20","1,409.13","1,427.65","1,424.55","19,600","34,280","20,360"
"2016/04/01","1,490.0","1,490.0","1,425.0","1,445.0","-45.0","32,000","9,286","0","65,000","0.00","-","-","1,503.00","1,445.60","1,409.80","1,428.60","1,424.85","19,600","33,920","20,213"
"2016/03/31","1,500.0","1,505.0","1,490.0","1,490.0","-5.0","10,000","2,992","0","61,000","0.00","-","-","1,528.00","1,445.40","1,409.87","1,429.20","1,425.00","27,400","32,880","20,026"
"2016/03/30","1,530.0","1,530.0","1,490.0","1,495.0","-35.0","27,000","8,162","0","61,000","0.00","-","-","1,543.00","1,443.60","1,409.53","1,429.05","1,424.98","102,600","32,480","20,053"
"2016/03/29","1,555.0","1,555.0","1,525.0","1,530.0","-25.0","15,000","4,606","0","56,000","0.00","-","-","1,543.00","1,441.60","1,409.40","1,428.75","1,424.93","100,200","31,520","19,706"
"2016/03/28","1,555.0","1,570.0","1,550.0","1,555.0","-15.0","14,000","4,367","0","55,000","0.00","-","-","1,533.00","1,438.20","1,408.80","1,428.05","1,424.70","100,600","30,920","19,586"
"2016/03/25","1,575.0","1,595.0","1,560.0","1,570.0","+5.0","71,000","22,409","0","55,000","0.00","-","-","1,504.00","1,433.80","1,407.87","1,427.10","1,424.25","99,400","30,560","19,506"
"2016/03/24","1,650.0","1,675.0","1,540.0","1,565.0","+70.0","386,000","124,844","0","31,000","0.00","-","-","1,476.00","1,429.20","1,406.73","1,426.00","1,423.75","88,400","27,880","18,866"
"2016/03/23","1,440.0","1,495.0","1,440.0","1,495.0","+15.0","15,000","4,410","0","25,000","0.00","-","-","1,451.00","1,423.60","1,405.73","1,425.05","1,423.28","14,800","12,800","13,800"
"2016/03/22","1,440.0","1,480.0","1,440.0","1,480.0","+70.0","17,000","4,971","0","26,000","0.00","-","-","1,432.00","1,420.20","1,405.53","1,424.80","1,423.10","14,400","12,680","13,893"
"2016/03/18","1,440.0","1,445.0","1,405.0","1,410.0","-20.0","8,000","2,274","0","26,000","0.00","-","-","1,421.00","1,417.60","1,405.73","1,424.65","1,423.00","14,200","12,560","13,920"
"2016/03/17","1,455.0","1,475.0","1,430.0","1,430.0","-10.0","16,000","4,655","0","26,000","0.00","-","-","1,421.00","1,415.20","1,406.87","1,425.20","1,423.33","13,400","13,760","14,013"
"2016/03/16","1,400.0","1,460.0","1,400.0","1,440.0","+40.0","18,000","5,183","0","20,000","0.00","-","-","1,411.00","1,418.00","1,407.73","1,425.55","1,423.60","10,600","16,120","14,026"
"2016/03/15","1,430.0","1,430.0","1,390.0","1,400.0","-25.0","13,000","3,633","0","21,000","0.00","-","-","1,397.00","1,415.80","1,408.47","1,425.75","1,423.78","7,400","15,760","14,000"
"2016/03/14","1,415.0","1,425.0","1,405.0","1,425.0","+15.0","16,000","4,522","0","19,000","0.00","-","-","1,395.00","1,416.60","1,409.73","1,426.20","1,424.10","5,600","15,520","14,600"
"2016/03/11","1,395.0","1,415.0","1,395.0","1,410.0","+30.0","4,000","1,126","0","19,000","0.00","-","-","1,391.00","1,414.60","1,410.40","1,426.45","1,424.33","6,000","15,400","14,466"
"2016/03/10","1,370.0","1,380.0","1,370.0","1,380.0","+10.0","2,000","550","0","19,000","0.00","-","-","1,384.00","1,413.20","1,411.20","1,426.85","1,424.63","26,800","15,480","14,773"
"2016/03/09","1,375.0","1,375.0","1,370.0","1,370.0","-20.0","2,000","549","0","19,000","0.00","-","-","1,392.00","1,413.20","1,412.33","1,427.60","1,425.05","27,200","15,720","14,906"
"2016/03/08","1,380.0","1,400.0","1,380.0","1,390.0","-15.0","4,000","1,114","0","19,000","0.00","-","-","1,404.00","1,415.40","1,413.47","1,428.35","1,425.58","30,400","16,160","15,280"
"2016/03/07","1,375.0","1,405.0","1,375.0","1,405.0","+30.0","18,000","4,973","0","19,000","0.00","-","-","1,412.00","1,416.40","1,414.60","1,428.60","1,426.05","30,200","16,120","16,280"
"2016/03/04","1,340.0","1,395.0","1,340.0","1,375.0","-45.0","108,000","29,112","0","21,000","0.00","-","-","1,405.00","1,415.40","1,415.53","1,428.55","1,426.50","31,000","15,560","16,266"
"2016/03/03","1,415.0","1,420.0","1,410.0","1,420.0","-10.0","4,000","1,133","0","21,000","0.00","-","-","1,416.00","1,414.00","1,417.20","1,428.90","1,427.25","10,400","11,560","14,946"
"2016/03/02","1,430.0","1,445.0","1,410.0","1,430.0","0.0","18,000","5,147","0","21,000","0.00","-","-","1,420.00","1,409.60","1,418.07","1,428.45","1,427.73","10,800","11,720","15,386"
"2016/03/01","1,370.0","1,430.0","1,370.0","1,430.0","+60.0","3,000","838","0","21,000","0.00","-","-","1,423.00","1,403.60","1,419.07","1,427.75","1,428.13","7,200","11,120","15,320"
"2016/02/29","1,445.0","1,445.0","1,360.0","1,370.0","-60.0","22,000","6,210","0","21,000","0.00","-","-","1,426.00","1,398.60","1,420.07","1,426.90","1,428.50","7,200","11,840","15,733"
"2016/02/26","1,440.0","1,440.0","1,430.0","1,430.0","-10.0","5,000","1,436","0","23,000","0.00","-","-","1,441.00","1,397.00","1,421.80","1,426.20","1,429.33","2,800","11,880","17,053"
"2016/02/25","1,445.0","1,445.0","1,440.0","1,440.0","0.0","6,000","1,732","0","24,000","0.00","-","-","1,444.00","1,389.60","1,422.93","1,424.75","1,429.88","2,800","11,960","17,040"
"2016/02/24","-","-","-","-","-","0","-","0","24,000","0.00","-","-","1,447.00","1,381.80","1,423.80","1,423.60","1,430.53","2,400","12,640","17,946"
"2016/02/23","1,430.0","1,445.0","1,430.0","1,445.0","0.0","3,000","861","0","24,000","0.00","-","-","1,443.00","1,375.60","1,424.20","1,422.30","1,431.08","4,200","12,880","18,226"
"2016/02/22","-","-","-","-","-","0","-","0","24,000","0.00","-","-","1,436.00","1,369.60","1,424.47","1,420.85","1,431.75","6,000","13,520","19,120"
"2016/02/19","1,430.0","1,450.0","1,410.0","1,445.0","-10.0","5,000","1,437","0","24,000","0.00","-","-","1,430.00","1,365.00","1,424.67","1,419.75","1,432.43","8,800","14,200","20,906"
"2016/02/18","1,430.0","1,455.0","1,430.0","1,455.0","+30.0","4,000","1,155","0","24,000","0.00","-","-","1,411.00","1,361.20","1,424.87","1,418.60","1,432.85","15,400","16,440","21,066"
"2016/02/17","1,400.0","1,425.0","1,380.0","1,425.0","+15.0","9,000","2,533","0","24,000","0.00","-","-","1,420.00","1,358.60","1,424.93","1,417.40","1,433.15","29,600","16,440","21,360"
"2016/02/16","1,415.0","1,420.0","1,355.0","1,410.0","-5.0","12,000","3,352","0","24,000","0.00","-","-","1,412.00","1,355.60","1,425.53","1,416.35","1,433.65","29,600","16,520","21,613"
"2016/02/15","1,420.0","1,450.0","1,400.0","1,415.0","+65.0","14,000","3,986","0","24,000","0.00","-","-","1,414.00","1,354.60","1,426.33","1,415.35","1,434.25","28,600","16,280","21,706"
"2016/02/12","1,380.0","1,395.0","1,315.0","1,350.0","-150.0","38,000","10,239","0","23,000","0.00","-","-","1,406.00","1,353.00","1,427.00","1,414.40","1,434.78","28,400","16,280","21,653"
"2016/02/10","1,390.0","1,500.0","1,290.0","1,500.0","+115.0","75,000","21,128","0","34,000","0.00","-","-","1,411.00","1,354.60","1,428.53","1,413.95","1,435.65","22,000","15,440","21,440"
"2016/02/09","1,425.0","1,435.0","1,345.0","1,385.0","-35.0","9,000","2,527","0","33,000","0.00","-","-","1,387.00","1,351.20","1,428.07","1,411.95","1,435.78","8,600","12,960","20,573"
"2016/02/08","1,400.0","1,420.0","1,400.0","1,420.0","+45.0","7,000","1,971","0","31,000","0.00","-","-","1,395.00","1,352.60","1,429.07","1,410.55","1,436.48","9,400","12,760","20,520"
"2016/02/05","1,365.0","1,375.0","1,350.0","1,375.0","0.0","13,000","3,547","0","30,000","0.00","-","-","1,394.00","1,352.80","1,429.40","1,409.35","1,436.93","8,600","12,600","20,480"
"2016/02/04","1,375.0","1,390.0","1,375.0","1,375.0","-5.0","6,000","1,659","0","32,000","0.00","-","-","1,395.00","1,354.40","1,430.40","1,408.70","1,437.50","6,800","12,120","20,346"
"2016/02/03","1,390.0","1,390.0","1,380.0","1,380.0","-45.0","8,000","2,213","0","33,000","0.00","-","-","1,388.00","1,355.80","1,431.40","1,408.40","1,438.05","7,200","12,280","20,373"
"2016/02/02","1,420.0","1,425.0","1,415.0","1,425.0","+10.0","13,000","3,700","0","31,000","0.00","-","-","1,374.00","1,355.60","1,432.40","1,408.35","1,438.58","7,200","13,840","20,440"
"2016/02/01","1,385.0","1,415.0","1,385.0","1,415.0","+35.0","3,000","838","0","32,000","0.00","-","-","1,345.00","1,353.80","1,432.67","1,407.90","1,438.88","5,200","14,680","20,666"
"2016/01/29","1,360.0","1,380.0","1,360.0","1,380.0","+40.0","4,000","1,094","0","32,000","0.00","-","-","1,323.00","1,355.40","1,432.67","1,407.05","1,439.23","8,800","14,560","20,746"
"2016/01/28","1,330.0","1,340.0","1,305.0","1,340.0","+30.0","8,000","2,129","0","31,000","0.00","-","-","1,313.00","1,358.40","1,432.93","1,406.85","1,439.80","12,600","14,960","21,026"
"2016/01/27","1,285.0","1,310.0","1,265.0","1,310.0","+30.0","8,000","2,067","0","33,000","0.00","-","-","1,294.00","1,362.60","1,433.87","1,406.35","1,440.50","12,400","14,960","21,293"
"2016/01/26","1,305.0","1,305.0","1,280.0","1,280.0","-25.0","3,000","773","0","33,000","0.00","-","-","1,281.00","1,368.40","1,434.73","1,405.55","1,441.33","15,400","14,800","21,293"
"2016/01/25","1,290.0","1,305.0","1,290.0","1,305.0","-25.0","21,000","5,426","0","33,000","0.00","-","-","1,283.00","1,375.20","1,435.80","1,404.95","1,442.38","16,000","14,960","21,533"
"2016/01/22","1,265.0","1,330.0","1,245.0","1,330.0","+85.0","23,000","5,825","0","33,000","0.00","-","-","1,281.00","1,380.60","1,436.33","1,404.40","1,443.23","15,600","15,520","21,826"
"2016/01/21","1,205.0","1,260.0","1,205.0","1,245.0","0.0","7,000","1,720","0","32,000","0.00","-","-","1,281.00","1,385.20","1,435.93","1,404.85","1,444.08","14,400","14,920","21,640"
"2016/01/20","1,290.0","1,290.0","1,225.0","1,245.0","-45.0","23,000","5,841","0","32,000","0.00","-","-","1,302.00","1,394.20","1,436.47","1,406.75","1,445.45","25,200","14,760","21,640"
"2016/01/19","1,295.0","1,295.0","1,290.0","1,290.0","-5.0","6,000","1,550","0","35,000","0.00","-","-","1,331.00","1,402.40","1,437.53","1,408.65","1,446.73","21,400","14,560","21,453"
"2016/01/18","1,320.0","1,320.0","1,295.0","1,295.0","-35.0","19,000","4,968","0","36,000","0.00","-","-","1,343.00","1,409.40","1,437.87","1,410.40","1,447.85","22,400","14,800","21,426"
"2016/01/15","1,390.0","1,395.0","1,330.0","1,330.0","-20.0","17,000","4,615","0","35,000","0.00","-","-","1,361.00","1,417.00","1,437.93","1,412.10","1,448.90","19,800","14,080","21,253"
"2016/01/14","1,385.0","1,385.0","1,330.0","1,350.0","-40.0","61,000","16,479","0","35,000","0.00","-","-","1,370.00","1,423.20","1,438.00","1,413.30","1,449.85","19,200","13,640","21,186"
"2016/01/13","1,365.0","1,390.0","1,365.0","1,390.0","+40.0","4,000","1,101","0","40,000","0.00","-","-","1,378.00","1,428.60","1,437.73","1,414.35","1,450.60","10,400","11,520","20,466"
"2016/01/12","1,355.0","1,355.0","1,350.0","1,350.0","-35.0","11,000","2,976","0","40,000","0.00","-","-","1,383.00","1,432.40","1,437.00","1,415.00","1,451.18","12,200","12,280","20,493"
"2016/01/08","1,355.0","1,385.0","1,355.0","1,385.0","+10.0","6,000","1,643","0","45,000","0.00","-","-","1,397.00","1,438.00","1,436.60","1,416.05","1,451.95","10,800","12,080","20,386"
"2016/01/07","1,380.0","1,380.0","1,355.0","1,375.0","-15.0","14,000","3,830","0","47,000","0.00","-","-","1,405.00","1,441.80","1,435.60","1,416.80","1,452.65","10,200","12,720","20,493"
"2016/01/06","1,380.0","1,420.0","1,380.0","1,390.0","-25.0","17,000","4,730","0","47,000","0.00","-","-","1,413.00","1,446.60","1,434.87","1,418.30","1,453.43","7,600","12,920","20,746"
"2016/01/05","1,420.0","1,420.0","1,400.0","1,415.0","-5.0","13,000","3,669","0","47,000","0.00","-","-","1,417.00","1,450.80","1,433.73","1,419.50","1,454.10","6,200","12,840","20,693"
"2016/01/04","1,425.0","1,425.0","1,420.0","1,420.0","-5.0","4,000","1,139","0","47,000","0.00","-","-","1,409.00","1,454.00","1,432.20","1,420.35","1,454.60","13,000","13,000","20,640"
"2015/12/30","1,415.0","1,425.0","1,415.0","1,425.0","+10.0","3,000","852","0","45,000","0.00","-","-","1,401.00","1,457.00","1,429.87","1,420.75","1,455.00","19,000","13,480","20,906"
"2015/12/29","1,415.0","1,415.0","1,415.0","1,415.0","+5.0","1,000","283","0","45,000","0.00","-","-","1,407.00","1,459.80","1,428.20","1,421.05","1,455.55","18,400","15,680","20,973"
"2015/12/28","1,375.0","1,410.0","1,365.0","1,410.0","+35.0","10,000","2,763","0","45,000","0.00","-","-","1,415.00","1,462.20","1,426.80","1,421.80","1,456.03","21,000","15,880","21,133"
"2015/12/25","1,380.0","1,400.0","1,375.0","1,375.0","-5.0","47,000","12,974","0","77,000","0.00","-","-","1,422.00","1,464.60","1,425.93","1,422.60","1,456.48","20,600","16,560","21,213"
"2015/12/24","1,450.0","1,450.0","1,380.0","1,380.0","0.0","34,000","9,508","0","53,000","0.00","-","-","1,438.00","1,468.20","1,425.93","1,423.65","1,457.10","12,000","15,160","20,813"
"2015/12/22","-","-","-","-","-","0","-","0","43,000","0.00","-","-","1,452.00","1,471.20","1,425.93","1,424.50","1,457.83","6,600","15,000","21,613"
"2015/12/21","1,435.0","1,455.0","1,415.0","1,455.0","+10.0","14,000","4,006","0","43,000","0.00","-","-","1,449.00","1,472.00","1,424.27","1,424.70","1,458.23","13,600","18,160","22,040"
"2015/12/18","1,455.0","1,455.0","1,445.0","1,445.0","-10.0","8,000","2,324","0","43,000","0.00","-","-","1,447.00","1,472.80","1,423.00","1,424.65","1,458.60","12,400","18,280","22,453"
"2015/12/17","1,460.0","1,460.0","1,455.0","1,455.0","+5.0","4,000","1,167","0","41,000","0.00","-","-","1,452.00","1,475.00","1,420.93","1,424.60","1,459.08","11,400","18,320","22,573"
"2015/12/16","1,445.0","1,460.0","1,445.0","1,450.0","+10.0","7,000","2,036","0","41,000","0.00","-","-","1,451.00","1,476.20","1,417.93","1,424.50","1,459.53","14,200","19,640","23,066"
"2015/12/15","1,445.0","1,455.0","1,410.0","1,440.0","-5.0","35,000","10,050","0","41,000","0.00","-","-","1,454.00","1,478.40","1,414.87","1,424.45","1,460.03","15,200","19,880","24,133"
"2015/12/14","1,430.0","1,465.0","1,430.0","1,445.0","-25.0","8,000","2,301","0","44,000","0.00","-","-","1,463.00","1,481.00","1,412.33","1,424.65","1,460.53","8,400","19,840","25,093"
"2015/12/11","1,470.0","1,470.0","1,470.0","1,470.0","+20.0","3,000","882","0","41,000","0.00","-","-","1,471.00","1,483.20","1,411.40","1,424.85","1,460.78","8,000","24,360","25,626"
"2015/12/10","1,425.0","1,450.0","1,425.0","1,450.0","-15.0","18,000","5,183","0","42,000","0.00","-","-","1,474.00","1,485.00","1,410.93","1,425.00","1,460.88","9,000","24,400","25,733"
"2015/12/09","1,455.0","1,465.0","1,450.0","1,465.0","-20.0","12,000","3,489","0","41,000","0.00","-","-","1,481.00","1,487.20","1,410.73","1,425.35","1,461.05","10,000","26,640","25,680"
"2015/12/08","1,485.0","1,485.0","1,485.0","1,485.0","0.0","1,000","297","0","41,000","0.00","-","-","1,486.00","1,487.60","1,410.73","1,425.05","1,461.10","8,800","27,000","25,613"
"2015/12/07","1,485.0","1,485.0","1,485.0","1,485.0","0.0","6,000","1,782","0","41,000","0.00","-","-","1,485.00","1,486.80","1,410.47","1,424.40","1,461.18","13,000","29,760","25,680"
"2015/12/04","1,485.0","1,485.0","1,485.0","1,485.0","0.0","8,000","2,376","0","42,000","0.00","-","-","1,487.00","1,485.80","1,410.00","1,423.60","1,461.28","15,600","34,880","25,746"
"2015/12/03","1,460.0","1,485.0","1,460.0","1,485.0","-5.0","23,000","6,748","0","42,000","0.00","-","-","1,489.00","1,484.80","1,409.60","1,423.15","1,461.45","17,000","35,240","25,733"
"2015/12/02","1,490.0","1,490.0","1,480.0","1,490.0","+10.0","6,000","1,785","0","41,000","0.00","-","-","1,491.00","1,483.80","1,409.20","1,423.00","1,461.65","15,800","35,360","25,760"
"2015/12/01","1,475.0","1,490.0","1,470.0","1,480.0","-15.0","22,000","6,520","0","41,000","0.00","-","-","1,492.00","1,483.00","1,408.73","1,422.80","1,462.10","17,800","36,240","26,453"
"2015/11/30","1,495.0","1,495.0","1,475.0","1,495.0","0.0","19,000","5,652","0","41,000","0.00","-","-","1,495.00","1,482.60","1,408.47","1,422.80","1,462.45","25,000","36,120","28,506"
"2015/11/27","1,470.0","1,500.0","1,470.0","1,495.0","0.0","15,000","4,481","0","37,000","0.00","-","-","1,491.00","1,481.40","1,408.87","1,422.70","1,462.68","22,400","35,760","28,853"
"2015/11/26","1,495.0","1,495.0","1,480.0","1,495.0","0.0","17,000","5,067","0","37,000","0.00","-","-","1,486.00","1,480.20","1,409.07","1,422.40","1,462.98","24,800","36,040","28,960"
"2015/11/25","1,495.0","1,495.0","1,480.0","1,495.0","0.0","16,000","4,770","0","39,000","0.00","-","-","1,480.00","1,479.00","1,409.13","1,422.10","1,463.23","23,800","35,760","29,213"
"2015/11/24","1,470.0","1,495.0","1,455.0","1,495.0","+20.0","58,000","17,173","0","41,000","0.00","-","-","1,472.00","1,477.60","1,408.67","1,421.75","1,463.48","26,600","35,320","29,053"
"2015/11/20","1,470.0","1,475.0","1,470.0","1,475.0","+5.0","6,000","1,767","0","40,000","0.00","-","-","1,468.00","1,475.60","1,408.13","1,421.55","1,463.75","30,800","33,160","28,320"
"2015/11/19","1,460.0","1,470.0","1,455.0","1,470.0","+5.0","27,000","7,902","0","42,000","0.00","-","-","1,468.00","1,474.60","1,408.33","1,421.60","1,463.95","33,000","33,040","28,240"
"2015/11/18","1,460.0","1,465.0","1,455.0","1,465.0","+10.0","12,000","3,507","0","45,000","0.00","-","-","1,474.00","1,473.80","1,408.60","1,421.70","1,464.58","29,400","32,280","27,893"
"2015/11/17","1,450.0","1,475.0","1,450.0","1,455.0","-20.0","30,000","8,779","0","48,000","0.00","-","-","1,478.00","1,473.40","1,408.80","1,422.00","1,465.30","34,400","32,320","27,893"
"2015/11/16","1,440.0","1,485.0","1,440.0","1,475.0","0.0","79,000","22,846","0","48,000","0.00","-","-","1,488.00","1,473.00","1,408.93","1,422.25","1,466.18","31,000","32,320","27,680"
"2015/11/13","1,490.0","1,490.0","1,475.0","1,475.0","-25.0","17,000","5,030","0","48,000","0.00","-","-","1,494.00","1,470.60","1,408.93","1,422.15","1,466.88","22,000","29,520","26,733"
"2015/11/12","1,495.0","1,500.0","1,470.0","1,500.0","+15.0","9,000","2,672","0","48,000","0.00","-","-","1,499.00","1,467.60","1,408.60","1,422.05","1,467.58","42,800","29,840","26,600"
"2015/11/11","1,505.0","1,515.0","1,485.0","1,485.0","-20.0","37,000","11,133","0","48,000","0.00","-","-","1,502.00","1,464.00","1,407.80","1,421.85","1,468.30","41,800","30,600","26,626"
"2015/11/10","1,505.0","1,510.0","1,490.0","1,505.0","0.0","13,000","3,909","0","48,000","0.00","-","-","1,506.00","1,459.60","1,407.27","1,421.90","1,469.08","49,200","29,440","26,306"
"2015/11/09","1,490.0","1,510.0","1,485.0","1,505.0","+5.0","34,000","10,221","0","48,000","0.00","-","-","1,500.00","1,453.80","1,406.47","1,421.75","1,469.60","50,800","29,760","26,520"
"2015/11/06","1,505.0","1,505.0","1,450.0","1,500.0","-15.0","121,000","35,877","0","59,000","0.00","-","-","1,492.00","1,447.40","1,405.87","1,421.65","1,470.18","58,000","30,120","26,146"
"2015/11/05","1,515.0","1,515.0","1,515.0","1,515.0","+10.0","4,000","1,212","0","49,000","0.00","-","-","1,484.00","1,439.40","1,405.40","1,421.45","1,470.98","60,600","25,640","24,720"
"2015/11/04","1,475.0","1,520.0","1,470.0","1,505.0","+30.0","74,000","22,152","0","49,000","0.00","-","-","1,473.00","1,430.20","1,405.00","1,421.10","1,471.58","63,200","25,760","24,840"
"2015/11/02","1,470.0","1,475.0","1,445.0","1,475.0","+10.0","21,000","6,132","0","48,000","0.00","-","-","1,464.00","1,423.00","1,404.73","1,420.80","1,472.20","53,600","23,160","24,026"
"2015/10/30","1,485.0","1,495.0","1,450.0","1,465.0","+5.0","70,000","20,552","0","48,000","0.00","-","-","1,463.00","1,416.60","1,404.20","1,420.90","1,472.98","55,000","22,480","23,786"
"2015/10/29","1,460.0","1,500.0","1,440.0","1,460.0","0.0","134,000","39,235","0","47,000","0.00","-","-","1,464.00","1,410.00","1,403.60","1,421.10","1,474.00","44,800","19,920","22,880"
"2015/10/28","1,460.0","1,475.0","1,435.0","1,460.0","0.0","17,000","4,963","0","34,000","0.00","-","-","1,465.00","1,405.00","1,402.87","1,421.35","1,475.00","20,000","15,040","21,666"
"2015/10/27","1,450.0","1,460.0","1,450.0","1,460.0","-10.0","26,000","7,546","0","41,000","0.00","-","-","1,466.00","1,399.80","1,402.60","1,421.40","1,475.83","21,000","14,640","21,840"
"2015/10/26","1,480.0","1,480.0","1,460.0","1,470.0","0.0","28,000","8,255","0","38,000","0.00","-","-","1,467.00","1,394.80","1,402.73","1,421.50","1,476.80","17,800","13,840","21,986"
"2015/10/23","1,465.0","1,485.0","1,465.0","1,470.0","+5.0","19,000","5,594","0","34,000","0.00","-","-","1,465.00","1,388.80","1,402.73","1,421.50","1,477.73","13,200","12,840","21,653"
"2015/10/22","1,465.0","1,465.0","1,465.0","1,465.0","0.0","10,000","2,930","0","34,000","0.00","-","-","1,460.00","1,382.40","1,402.87","1,421.40","1,478.75","10,200","12,640","21,613"
"2015/10/21","1,445.0","1,490.0","1,445.0","1,465.0","0.0","22,000","6,496","0","34,000","0.00","-","-","1,457.00","1,376.60","1,403.13","1,421.35","1,479.78","8,800","13,560","21,613"
"2015/10/20","1,475.0","1,475.0","1,465.0","1,465.0","+5.0","10,000","2,937","0","35,000","0.00","-","-","1,454.00","1,370.20","1,403.13","1,421.45","1,480.63","6,000","13,200","21,426"
"2015/10/19","1,445.0","1,460.0","1,445.0","1,460.0","+15.0","5,000","1,452","0","35,000","0.00","-","-","1,452.00","1,363.60","1,403.13","1,421.65","1,481.50","6,600","13,160","21,400"
"2015/10/16","1,450.0","1,450.0","1,440.0","1,445.0","-5.0","4,000","1,157","0","35,000","0.00","-","-","1,449.00","1,355.00","1,403.13","1,421.80","1,482.38","11,600","13,920","21,906"
"2015/10/15","1,430.0","1,450.0","1,430.0","1,450.0","0.0","3,000","863","0","35,000","0.00","-","-","1,443.00","1,349.20","1,403.53","1,422.00","1,483.40","12,600","14,080","21,946"
"2015/10/14","1,435.0","1,450.0","1,425.0","1,450.0","-5.0","8,000","2,296","0","35,000","0.00","-","-","1,433.00","1,343.60","1,403.93","1,422.20","1,484.33","17,000","14,480","22,000"
"2015/10/13","1,450.0","1,470.0","1,450.0","1,455.0","+10.0","13,000","3,783","0","37,000","0.00","-","-","1,425.00","1,339.40","1,404.33","1,422.40","1,485.25","21,000","14,800","22,080"
"2015/10/09","1,415.0","1,445.0","1,415.0","1,445.0","+30.0","30,000","8,578","0","36,000","0.00","-","-","1,409.00","1,336.20","1,404.87","1,422.50","1,486.18","20,000","14,960","22,733"
"2015/10/08","1,400.0","1,420.0","1,400.0","1,415.0","+15.0","9,000","2,533","0","47,000","0.00","-","-","1,392.00","1,333.60","1,405.33","1,422.80","1,487.23","18,200","17,520","22,426"
"2015/10/07","1,410.0","1,425.0","1,355.0","1,400.0","-10.0","25,000","6,986","0","42,000","0.00","-","-","1,378.00","1,330.20","1,406.00","1,423.50","1,488.58","25,000","18,440","22,400"
"2015/10/06","1,395.0","1,425.0","1,395.0","1,410.0","+35.0","28,000","7,872","0","40,000","0.00","-","-","1,358.00","1,328.60","1,406.87","1,424.45","1,489.98","21,800","19,240","22,853"
"2015/10/05","1,390.0","1,390.0","1,350.0","1,375.0","+15.0","8,000","2,192","0","35,000","0.00","-","-","1,333.00","1,323.80","1,407.80","1,425.60","1,491.10","17,600","18,800","22,680"
"2015/10/02","1,345.0","1,375.0","1,320.0","1,360.0","+15.0","21,000","5,704","0","35,000","0.00","-","-","1,323.00","1,318.00","1,409.33","1,427.00","1,492.48","17,800","20,120","22,640"
"2015/10/01","1,355.0","1,375.0","1,335.0","1,345.0","+45.0","43,000","11,656","0","34,000","0.00","-","-","1,314.00","1,312.40","1,411.07","1,428.50","1,494.18","14,400","22,760","22,413"
"2015/09/30","1,285.0","1,300.0","1,285.0","1,300.0","+15.0","9,000","2,331","0","38,000","0.00","-","-","1,305.00","1,308.60","1,413.07","1,430.10","1,495.93","7,000","25,320","21,946"
"2015/09/29","1,325.0","1,325.0","1,280.0","1,285.0","-40.0","7,000","1,814","0","84,000","0.00","-","-","1,312.00","1,311.60","1,415.47","1,432.45","1,497.85","7,600","26,880","21,986"
"2015/09/28","1,355.0","1,355.0","1,325.0","1,325.0","+10.0","9,000","2,410","0","84,000","0.00","-","-","1,321.00","1,317.60","1,418.07","1,435.00","1,500.05","7,600","27,040","22,160"
"2015/09/25","1,300.0","1,315.0","1,300.0","1,315.0","+15.0","4,000","1,048","0","81,000","0.00","-","-","1,323.00","1,322.00","1,420.07","1,437.45","1,501.93","7,000","27,240","22,240"
"2015/09/24","1,305.0","1,325.0","1,300.0","1,300.0","-35.0","6,000","1,570","0","78,000","0.00","-","-","1,324.00","1,328.00","1,422.33","1,439.85","1,503.85","6,800","27,360","22,306"
"2015/09/18","1,335.0","1,335.0","1,335.0","1,335.0","+5.0","12,000","3,204","0","76,000","0.00","-","-","1,326.00","1,334.60","1,424.80","1,442.65","1,505.85","8,400","27,360","22,360"
"2015/09/17","1,335.0","1,335.0","1,315.0","1,330.0","-5.0","7,000","1,851","0","77,000","0.00","-","-","1,323.00","1,339.20","1,426.80","1,445.10","1,507.58","12,600","27,320","22,413"
"2015/09/16","1,320.0","1,335.0","1,320.0","1,335.0","+15.0","6,000","1,592","0","76,000","0.00","-","-","1,318.00","1,344.20","1,428.60","1,447.10","1,509.40","13,800","27,320","22,626"
"2015/09/15","1,315.0","1,320.0","1,315.0","1,320.0","+10.0","3,000","790","0","75,000","0.00","-","-","1,311.00","1,349.00","1,430.40","1,448.90","1,511.13","14,400","28,080","23,320"
"2015/09/14","1,320.0","1,325.0","1,310.0","1,310.0","-10.0","14,000","3,693","0","75,000","0.00","-","-","1,296.00","1,354.40","1,432.40","1,450.95","1,512.93","18,600","30,280","23,640"
"2015/09/11","1,315.0","1,330.0","1,305.0","1,320.0","+15.0","33,000","8,707","0","76,000","0.00","-","-","1,294.00","1,360.40","1,434.40","1,453.15","1,514.78","17,400","36,760","23,813"
"2015/09/10","1,275.0","1,305.0","1,275.0","1,305.0","+5.0","13,000","3,361","0","73,000","0.00","-","-","1,292.00","1,368.60","1,436.27","1,455.15","1,516.60","13,400","37,240","24,066"
"2015/09/09","1,265.0","1,305.0","1,265.0","1,300.0","+55.0","9,000","2,317","0","73,000","0.00","-","-","1,300.00","1,376.80","1,438.53","1,457.35","1,518.40","14,000","37,640","24,360"
"2015/09/08","1,275.0","1,290.0","1,245.0","1,245.0","-55.0","24,000","6,064","0","72,000","0.00","-","-","1,315.00","1,384.80","1,441.00","1,459.60","1,520.05","15,600","38,720","24,346"
"2015/09/07","1,270.0","1,310.0","1,270.0","1,300.0","-10.0","8,000","2,060","0","68,000","0.00","-","-","1,342.00","1,393.40","1,444.07","1,462.40","1,522.13","29,600","37,920","24,293"
"2015/09/04","1,325.0","1,325.0","1,295.0","1,310.0","-35.0","13,000","3,398","0","68,000","0.00","-","-","1,348.00","1,399.60","1,446.27","1,464.50","1,523.85","34,400","37,720","24,573"
"2015/09/03","1,375.0","1,380.0","1,325.0","1,345.0","-30.0","16,000","4,319","0","71,000","0.00","-","-","1,358.00","1,406.80","1,448.40","1,466.30","1,525.55","40,800","37,200","24,653"
"2015/09/02","1,380.0","1,400.0","1,375.0","1,375.0","-5.0","17,000","4,719","0","68,000","0.00","-","-","1,347.00","1,412.60","1,450.07","1,467.70","1,527.10","41,000","36,600","24,746"
"2015/09/01","1,380.0","1,425.0","1,370.0","1,380.0","+50.0","94,000","26,262","0","69,000","0.00","-","-","1,318.00","1,416.80","1,451.27","1,468.80","1,528.53","45,800","36,400","25,106"
"2015/08/31","1,365.0","1,395.0","1,315.0","1,330.0","-30.0","32,000","8,667","0","79,000","0.00","-","-","1,286.00","1,420.20","1,452.53","1,469.85","1,529.88","44,400","33,200","24,026"
"2015/08/28","1,300.0","1,415.0","1,300.0","1,360.0","+70.0","45,000","12,049","0","78,000","0.00","-","-","1,270.00","1,426.00","1,454.60","1,471.40","1,531.60","59,400","32,240","23,706"
"2015/08/27","1,250.0","1,290.0","1,250.0","1,290.0","+60.0","17,000","4,310","0","75,000","0.00","-","-","1,273.00","1,429.60","1,456.40","1,472.75","1,533.33","60,000","30,720","23,386"
"2015/08/26","1,205.0","1,280.0","1,200.0","1,230.0","+10.0","41,000","10,011","0","72,000","0.00","-","-","1,302.00","1,435.60","1,459.53","1,474.65","1,535.33","58,800","30,480","23,386"
"2015/08/25","1,250.0","1,275.0","1,160.0","1,220.0","-30.0","87,000","21,351","0","72,000","0.00","-","-","1,343.00","1,444.20","1,463.33","1,477.10","1,538.63","53,400","29,360","22,893"
"2015/08/24","1,325.0","1,355.0","1,245.0","1,250.0","-125.0","107,000","27,714","0","72,000","0.00","-","-","1,392.00","1,453.20","1,467.20","1,479.80","1,541.65","37,400","27,040","22,706"
"2015/08/21","1,410.0","1,435.0","1,375.0","1,375.0","-60.0","48,000","13,464","0","75,000","0.00","-","-","1,435.00","1,461.60","1,470.60","1,482.05","1,544.55","17,200","23,000","21,746"
"2015/08/20","1,435.0","1,445.0","1,435.0","1,435.0","0.0","11,000","3,159","0","76,000","0.00","-","-","1,450.00","1,465.20","1,472.73","1,483.30","1,546.78","9,800","21,640","22,400"
"2015/08/19","1,450.0","1,450.0","1,425.0","1,435.0","-30.0","14,000","4,018","0","66,000","0.00","-","-","1,454.00","1,467.20","1,474.13","1,484.15","1,548.73","9,000","21,720","22,413"
"2015/08/18","1,465.0","1,465.0","1,465.0","1,465.0","0.0","7,000","2,051","0","65,000","0.00","-","-","1,458.00","1,469.20","1,475.93","1,484.80","1,550.55","11,200","21,680","22,613"
"2015/08/17","1,450.0","1,465.0","1,450.0","1,465.0","+15.0","6,000","1,750","0","65,000","0.00","-","-","1,456.00","1,468.00","1,477.13","1,485.30","1,552.23","21,400","21,520","22,773"
"2015/08/14","1,450.0","1,470.0","1,450.0","1,450.0","-5.0","11,000","3,207","0","65,000","0.00","-","-","1,455.00","1,466.20","1,478.67","1,485.70","1,553.70","55,400","21,360","23,706"
"2015/08/13","1,430.0","1,455.0","1,430.0","1,455.0","0.0","7,000","2,014","0","61,000","0.00","-","-","1,470.00","1,464.40","1,480.40","1,486.40","1,554.73","62,200","22,640","24,106"
"2015/08/12","1,460.0","1,475.0","1,450.0","1,455.0","0.0","25,000","7,307","0","60,000","0.00","-","-","1,481.00","1,463.80","1,481.40","1,486.85","1,556.08","65,400","23,560","24,506"
"2015/08/11","1,465.0","1,480.0","1,450.0","1,455.0","-5.0","58,000","16,914","0","69,000","0.00","-","-","1,490.00","1,464.40","1,482.20","1,487.35","1,556.85","67,600","24,040","24,720"
"2015/08/10","1,540.0","1,580.0","1,450.0","1,460.0","-65.0","176,000","53,388","0","86,000","0.00","-","-","1,491.00","1,465.00","1,483.13","1,487.85","1,557.65","56,800","21,840","24,120"
"2015/08/07","1,510.0","1,550.0","1,500.0","1,525.0","+15.0","45,000","13,687","0","62,000","0.00","-","-","1,490.00","1,465.80","1,484.07","1,488.50","1,558.70","22,200","15,440","21,813"
"2015/08/06","1,500.0","1,515.0","1,500.0","1,510.0","+10.0","23,000","6,933","0","51,000","0.00","-","-","1,483.00","1,464.20","1,484.00","1,488.55","1,559.30","13,200","14,040","21,266"
"2015/08/05","1,480.0","1,515.0","1,480.0","1,500.0","+40.0","36,000","10,824","0","52,000","0.00","-","-","1,479.00","1,462.40","1,484.20","1,488.70","1,560.23","8,800","13,440","21,053"
"2015/08/04","1,490.0","1,490.0","1,450.0","1,460.0","+5.0","4,000","1,178","0","52,000","0.00","-","-","1,475.00","1,461.00","1,484.53","1,488.85","1,561.25","4,000","12,320","20,746"
"2015/08/03","1,450.0","1,455.0","1,450.0","1,455.0","0.0","3,000","871","0","53,000","0.00","-","-","1,476.00","1,461.00","1,485.40","1,489.25","1,562.63","6,000","13,880","20,866"
"2015/07/31","-","-","-","-","-","0","-","0","53,000","0.00","-","-","1,480.00","1,461.80","1,486.13","1,490.05","1,564.05","7,000","14,040","21,226"
"2015/07/30","1,490.0","1,490.0","1,490.0","1,490.0","+10.0","1,000","298","0","53,000","0.00","-","-","1,472.00","1,461.40","1,486.13","1,490.25","1,565.45","8,400","14,320","21,320"
"2015/07/29","1,495.0","1,495.0","1,460.0","1,480.0","+15.0","12,000","3,534","0","58,000","0.00","-","-","1,462.00","1,461.00","1,486.07","1,490.35","1,566.58","10,400","14,840","21,346"
"2015/07/28","1,445.0","1,465.0","1,445.0","1,465.0","-10.0","14,000","4,055","0","56,000","0.00","-","-","1,455.00","1,461.60","1,486.13","1,490.55","1,567.70","10,600","16,840","21,226"
"2015/07/27","1,475.0","1,475.0","1,475.0","1,475.0","+25.0","8,000","2,360","0","65,000","0.00","-","-","1,451.00","1,462.20","1,486.40","1,491.15","1,569.25","13,600","16,560","21,120"
"2015/07/24","1,450.0","1,450.0","1,450.0","1,450.0","+10.0","7,000","2,030","0","56,000","0.00","-","-","1,448.00","1,461.80","1,486.53","1,491.75","1,571.03","13,200","16,520","21,066"
"2015/07/23","1,445.0","1,445.0","1,440.0","1,440.0","-5.0","11,000","3,177","0","69,000","0.00","-","-","1,451.00","1,462.40","1,487.13","1,492.55","1,573.10","14,600","18,600","21,106"
"2015/07/22","1,425.0","1,445.0","1,425.0","1,445.0","0.0","13,000","3,722","0","67,000","0.00","-","-","1,460.00","1,464.00","1,487.67","1,493.55","1,574.88","15,000","18,760","21,093"
"2015/07/21","1,455.0","1,460.0","1,445.0","1,445.0","-15.0","29,000","8,446","0","64,000","0.00","-","-","1,468.00","1,465.80","1,488.07","1,494.55","1,576.53","15,000","18,440","21,013"
"2015/07/17","1,465.0","1,465.0","1,460.0","1,460.0","-5.0","6,000","1,757","0","69,000","0.00","-","-","1,466.00","1,467.60","1,488.67","1,495.60","1,578.30","9,800","17,440","20,826"
"2015/07/16","1,470.0","1,490.0","1,465.0","1,465.0","-20.0","14,000","4,117","0","64,000","0.00","-","-","1,458.00","1,469.00","1,488.87","1,496.40","1,579.93","9,000","17,520","20,973"
"2015/07/15","1,485.0","1,485.0","1,485.0","1,485.0","0.0","13,000","3,861","0","61,000","0.00","-","-","1,446.00","1,469.60","1,489.33","1,496.70","1,581.55","14,800","17,440","20,906"
"2015/07/14","1,440.0","1,485.0","1,440.0","1,485.0","+50.0","13,000","3,801","0","60,000","0.00","-","-","1,437.00","1,469.40","1,489.80","1,496.75","1,583.03","18,200","17,720","20,866"
"2015/07/13","1,450.0","1,455.0","1,435.0","1,435.0","+15.0","3,000","868","0","96,000","0.00","-","-","1,434.00","1,469.00","1,490.00","1,496.75","1,584.60","23,000","17,800","20,773"
"2015/07/10","1,395.0","1,420.0","1,395.0","1,420.0","+15.0","2,000","563","0","95,000","0.00","-","-","1,441.00","1,471.00","1,491.07","1,497.15","1,586.35","23,000","18,040","20,866"
"2015/07/09","1,365.0","1,415.0","1,360.0","1,405.0","-35.0","43,000","11,837","0","105,000","0.00","-","-","1,453.00","1,473.60","1,492.20","1,497.95","1,588.20","25,800","18,360","21,133"
"2015/07/08","1,465.0","1,465.0","1,440.0","1,440.0","-30.0","30,000","8,745","0","104,000","0.00","-","-","1,469.00","1,476.80","1,493.73","1,498.95","1,590.30","19,200","17,280","20,613"
"2015/07/07","1,470.0","1,470.0","1,455.0","1,470.0","0.0","37,000","10,867","0","85,000","0.00","-","-","1,474.00","1,477.80","1,494.53","1,499.75","1,592.25","14,800","17,000","20,293"
"2015/07/06","1,480.0","1,480.0","1,470.0","1,470.0","-10.0","3,000","885","0","74,000","0.00","-","-","1,473.00","1,477.80","1,495.00","1,500.30","1,594.28","9,000","17,840","19,853"
"2015/07/03","1,480.0","1,480.0","1,480.0","1,480.0","-5.0","16,000","4,736","0","74,000","0.00","-","-","1,471.00","1,477.80","1,495.47","1,501.40","1,596.38","17,000","18,800","19,973"
"2015/07/02","1,475.0","1,485.0","1,475.0","1,485.0","+20.0","10,000","2,967","0","65,000","0.00","-","-","1,470.00","1,477.00","1,496.07","1,502.10","1,598.15","15,200","19,240","20,160"
"2015/07/01","1,460.0","1,480.0","1,460.0","1,465.0","0.0","8,000","2,345","0","58,000","0.00","-","-","1,469.00","1,476.00","1,496.67","1,502.65","1,600.03","14,600","20,920","20,840"
"2015/06/30","1,450.0","1,465.0","1,450.0","1,465.0","+5.0","8,000","2,324","0","59,000","0.00","-","-","1,472.00","1,476.40","1,497.47","1,503.55","1,602.20","15,800","22,000","20,893"
"2015/06/29","1,445.0","1,465.0","1,435.0","1,460.0","-15.0","43,000","12,446","0","79,000","0.00","-","-","1,478.00","1,477.20","1,498.13","1,504.35","1,604.48","26,600","22,000","21,026"
"2015/06/26","1,490.0","1,490.0","1,475.0","1,475.0","-5.0","7,000","2,068","0","65,000","0.00","-","-","1,482.00","1,477.80","1,498.67","1,505.20","1,607.00","19,400","21,080","20,533"
"2015/06/25","1,480.0","1,480.0","1,480.0","1,480.0","0.0","7,000","2,072","0","80,000","0.00","-","-","1,480.00","1,477.40","1,499.47","1,505.95","1,609.10","19,400","21,960","20,480"
"2015/06/24","1,495.0","1,495.0","1,480.0","1,480.0","-15.0","14,000","4,168","0","62,000","0.00","-","-","1,477.00","1,477.00","1,499.87","1,506.30","1,611.03","29,800","22,440","20,426"
"2015/06/23","1,480.0","1,495.0","1,480.0","1,495.0","+15.0","62,000","18,467","0","74,000","0.00","-","-","1,477.00","1,476.60","1,500.13","1,507.45","1,613.15","30,000","22,800","20,240"
"2015/06/22","1,475.0","1,480.0","1,475.0","1,480.0","+15.0","7,000","2,071","0","78,000","0.00","-","-","1,476.00","1,475.40","1,500.20","1,508.60","1,614.80","18,600","22,080","19,546"
"2015/06/19","1,460.0","1,465.0","1,460.0","1,465.0","0.0","7,000","2,050","0","78,000","0.00","-","-","1,478.00","1,475.20","1,500.80","1,510.10","1,616.58","18,000","22,320","19,600"
"2015/06/18","1,480.0","1,490.0","1,450.0","1,465.0","-15.0","59,000","17,315","0","73,000","0.00","-","-","1,484.00","1,476.00","1,501.73","1,511.60","1,617.95","18,200","22,360","19,720"
"2015/06/17","1,475.0","1,490.0","1,475.0","1,480.0","-10.0","15,000","4,439","0","59,000","0.00","-","-","1,487.00","1,477.20","1,502.60","1,513.10","1,619.45","8,800","20,840","19,160"
"2015/06/16","1,480.0","1,490.0","1,480.0","1,490.0","0.0","5,000","1,485","0","59,000","0.00","-","-","1,487.00","1,479.00","1,503.40","1,514.75","1,620.98","9,800","20,920","19,093"
"2015/06/15","1,495.0","1,495.0","1,480.0","1,490.0","-5.0","4,000","1,191","0","57,000","0.00","-","-","1,484.00","1,480.00","1,504.13","1,516.25","1,622.68","11,800","20,880","19,146"
"2015/06/12","1,480.0","1,495.0","1,480.0","1,495.0","+15.0","8,000","2,376","0","55,000","0.00","-","-","1,483.00","1,480.80","1,504.93","1,517.45","1,624.38","12,800","23,640","19,440"
"2015/06/11","1,480.0","1,490.0","1,480.0","1,480.0","0.0","12,000","3,558","0","58,000","0.00","-","-","1,481.00","1,481.20","1,505.53","1,518.70","1,626.05","13,200","24,720","19,746"
"2015/06/10","1,480.0","1,485.0","1,480.0","1,480.0","+5.0","20,000","5,921","0","98,000","0.00","-","-","1,482.00","1,483.40","1,505.73","1,520.50","1,627.65","14,000","28,120","19,826"
"2015/06/09","1,475.0","1,490.0","1,475.0","1,475.0","-10.0","15,000","4,428","0","88,000","0.00","-","-","1,479.00","1,485.80","1,505.87","1,522.05","1,628.90","14,600","27,800","20,066"
"2015/06/08","1,490.0","1,490.0","1,480.0","1,485.0","0.0","9,000","2,675","0","61,000","0.00","-","-","1,478.00","1,489.60","1,506.00","1,523.60","1,629.78","23,200","28,360","20,333"
"2015/06/05","1,480.0","1,495.0","1,480.0","1,485.0","0.0","10,000","2,976","0","57,000","0.00","-","-","1,475.00","1,492.40","1,505.87","1,525.05","1,631.20","26,800","28,760","20,933"
"2015/06/04","1,470.0","1,500.0","1,470.0","1,485.0","+20.0","16,000","4,756","0","65,000","0.00","-","-","1,470.00","1,496.20","1,506.07","1,526.90","1,633.00","30,200","31,400","20,986"
"2015/06/03","1,470.0","1,475.0","1,465.0","1,465.0","-5.0","23,000","6,765","0","64,000","0.00","-","-","1,465.00","1,500.00","1,506.33","1,528.65","1,635.28","37,400","32,400","20,986"
"2015/06/02","1,480.0","1,495.0","1,460.0","1,470.0","0.0","58,000","17,090","0","68,000","0.00","-","-","1,467.00","1,502.60","1,507.07","1,530.25","1,638.00","39,800","32,960","20,786"
"2015/06/01","1,465.0","1,475.0","1,455.0","1,470.0","+10.0","27,000","7,922","0","58,000","0.00","-","-","1,470.00","1,504.40","1,507.80","1,532.10","1,640.88","29,800","32,280","20,586"
"2015/05/29","1,460.0","1,465.0","1,460.0","1,460.0","0.0","27,000","7,900","0","77,000","0.00","-","-","1,471.00","1,506.60","1,509.27","1,533.95","1,643.88","28,400","31,720","20,906"
"2015/05/28","1,475.0","1,475.0","1,455.0","1,460.0","-15.0","52,000","15,229","0","66,000","0.00","-","-","1,472.00","1,509.40","1,510.47","1,536.10","1,646.48","28,800","30,760","20,880"
"2015/05/27","1,485.0","1,485.0","1,470.0","1,475.0","-10.0","35,000","10,339","0","66,000","0.00","-","-","1,474.00","1,511.80","1,511.53","1,538.20","1,648.98","22,200","28,840","20,306"
"2015/05/26","1,485.0","1,485.0","1,480.0","1,485.0","+10.0","8,000","2,375","0","60,000","0.00","-","-","1,473.00","1,513.80","1,512.60","1,539.80","1,650.85","19,800","27,720","19,853"
"2015/05/25","1,480.0","1,480.0","1,475.0","1,475.0","+10.0","20,000","5,911","0","59,000","0.00","-","-","1,469.00","1,515.40","1,513.40","1,541.35","1,652.48","27,000","27,920","20,013"
"2015/05/22","1,475.0","1,475.0","1,460.0","1,465.0","-5.0","29,000","8,504","0","50,000","0.00","-","-","1,469.00","1,517.40","1,514.33","1,542.95","1,654.75","25,600","27,640","19,933"
"2015/05/21","1,470.0","1,480.0","1,470.0","1,470.0","0.0","19,000","5,596","0","46,000","0.00","-","-","1,473.00","1,519.20","1,515.47","1,544.80","1,656.18","21,400","27,680","19,840"
"2015/05/20","1,475.0","1,475.0","1,465.0","1,470.0","+5.0","23,000","6,769","0","40,000","0.00","-","-","1,478.00","1,520.00","1,516.07","1,546.45","1,657.30","21,800","27,200","20,520"
"2015/05/19","1,480.0","1,480.0","1,460.0","1,465.0","-10.0","44,000","12,915","0","57,000","0.00","-","-","1,489.00","1,520.60","1,517.73","1,548.10","1,658.40","20,600","26,400","20,960"
"2015/05/18","1,480.0","1,495.0","1,475.0","1,475.0","-10.0","13,000","3,854","0","45,000","0.00","-","-","1,499.00","1,521.40","1,519.67","1,549.85","1,659.38","12,600","24,760","20,480"
"2015/05/15","1,495.0","1,495.0","1,485.0","1,485.0","-10.0","8,000","2,387","0","47,000","0.00","-","-","1,506.00","1,521.80","1,521.73","1,551.65","1,660.25","24,600","24,480","20,333"
"2015/05/14","1,490.0","1,505.0","1,490.0","1,495.0","-30.0","21,000","6,275","0","46,000","0.00","-","-","1,510.00","1,521.80","1,523.47","1,553.65","1,661.15","30,000","24,320","20,253"
"2015/05/13","1,515.0","1,525.0","1,510.0","1,525.0","+10.0","17,000","5,153","0","43,000","0.00","-","-","1,518.00","1,521.80","1,525.07","1,555.50","1,661.70","45,200","23,880","20,133"
"2015/05/12","1,505.0","1,515.0","1,505.0","1,515.0","+5.0","4,000","1,208","0","43,000","0.00","-","-","1,521.00","1,520.00","1,526.67","1,556.60","1,662.15","44,200","23,600","20,080"
"2015/05/11","1,525.0","1,545.0","1,490.0","1,510.0","+5.0","73,000","22,093","0","47,000","0.00","-","-","1,532.00","1,518.40","1,528.33","1,557.95","1,662.63","49,200","23,720","20,200"
"2015/05/08","1,520.0","1,525.0","1,505.0","1,505.0","-30.0","35,000","10,613","0","79,000","0.00","-","-","1,541.00","1,517.60","1,529.67","1,559.85","1,662.73","38,400","21,400","19,546"
"2015/05/07","1,555.0","1,645.0","1,510.0","1,535.0","-5.0","97,000","30,322","0","93,000","0.00","-","-","1,556.00","1,516.40","1,531.20","1,561.75","1,662.83","46,600","20,680","19,293"
"2015/05/01","1,540.0","1,555.0","1,535.0","1,540.0","-30.0","12,000","3,704","0","78,000","0.00","-","-","1,565.00","1,515.00","1,532.87","1,563.25","1,662.88","35,400","17,160","18,186"
"2015/04/30","1,575.0","1,575.0","1,525.0","1,570.0","+15.0","29,000","9,090","0","70,000","0.00","-","-","1,563.00","1,514.20","1,534.13","1,565.10","1,663.10","40,400","17,080","18,053"
"2015/04/28","1,580.0","1,580.0","1,555.0","1,555.0","-25.0","19,000","5,974","0","70,000","0.00","-","-","1,552.00","1,511.40","1,534.93","1,566.40","1,663.15","42,800","16,160","17,840"
"2015/04/27","1,590.0","1,605.0","1,580.0","1,580.0","0.0","76,000","24,179","0","127,000","0.00","-","-","1,546.00","1,509.80","1,535.93","1,567.85","1,663.13","41,600","15,800","18,040"
"2015/04/24","1,530.0","1,580.0","1,525.0","1,580.0","+50.0","41,000","12,710","0","76,000","0.00","-","-","1,536.00","1,506.80","1,537.13","1,569.05","1,662.95","27,000","13,640","17,146"
"2015/04/23","1,510.0","1,535.0","1,510.0","1,530.0","+15.0","37,000","11,289","0","82,000","0.00","-","-","1,524.00","1,504.40","1,538.20","1,570.05","1,662.78","19,600","12,160","16,746"
"2015/04/22","1,515.0","1,520.0","1,515.0","1,515.0","-10.0","41,000","12,433","0","88,000","0.00","-","-","1,523.00","1,503.20","1,539.47","1,571.70","1,662.88","13,600","10,920","16,386"
"2015/04/21","1,515.0","1,535.0","1,515.0","1,525.0","-5.0","13,000","3,975","0","76,000","0.00","-","-","1,525.00","1,502.80","1,541.33","1,573.35","1,662.98","8,000","9,440","15,946"
"2015/04/20","1,535.0","1,535.0","1,530.0","1,530.0","+10.0","3,000","920","0","70,000","0.00","-","-","1,525.00","1,502.00","1,543.07","1,574.90","1,663.00","8,000","9,400","15,893"
"2015/04/17","1,505.0","1,520.0","1,505.0","1,520.0","-5.0","4,000","1,210","0","70,000","0.00","-","-","1,521.00","1,501.80","1,545.00","1,576.40","1,663.10","13,400","10,480","16,053"
"2015/04/16","1,520.0","1,525.0","1,520.0","1,525.0","0.0","7,000","2,133","0","70,000","0.00","-","-","1,515.00","1,502.20","1,547.00","1,578.05","1,663.28","14,000","12,760","16,480"
"2015/04/15","1,545.0","1,550.0","1,525.0","1,525.0","0.0","13,000","4,006","0","70,000","0.00","-","-","1,507.00","1,502.20","1,548.47","1,579.45","1,663.33","13,200","12,960","16,520"
"2015/04/14","1,525.0","1,530.0","1,520.0","1,525.0","+15.0","13,000","3,968","0","65,000","0.00","-","-","1,499.00","1,501.80","1,550.00","1,580.50","1,663.53","11,200","13,160","16,560"
"2015/04/13","1,480.0","1,510.0","1,480.0","1,510.0","+20.0","30,000","8,987","0","61,000","0.00","-","-","1,491.00","1,500.80","1,551.47","1,581.85","1,663.70","9,800","12,880","16,813"
"2015/04/10","1,485.0","1,490.0","1,485.0","1,490.0","+5.0","7,000","2,081","0","63,000","0.00","-","-","1,486.00","1,501.80","1,553.33","1,583.20","1,664.03","4,600","11,800","16,546"
"2015/04/09","1,485.0","1,485.0","1,485.0","1,485.0","0.0","3,000","891","0","62,000","0.00","-","-","1,487.00","1,502.60","1,555.27","1,584.80","1,664.33","5,200","11,640","16,600"
"2015/04/08","1,485.0","1,485.0","1,485.0","1,485.0","0.0","3,000","891","0","60,000","0.00","-","-","1,486.00","1,503.20","1,557.27","1,586.50","1,664.58","6,600","11,520","16,880"
"2015/04/07","1,485.0","1,485.0","1,480.0","1,485.0","0.0","6,000","1,779","0","62,000","0.00","-","-","1,484.00","1,503.80","1,559.33","1,588.25","1,664.80","7,400","11,800","17,080"
"2015/04/06","1,500.0","1,500.0","1,485.0","1,485.0","-10.0","4,000","1,193","0","63,000","0.00","-","-","1,485.00","1,505.40","1,561.60","1,589.90","1,665.00","9,200","12,000","17,093"
"2015/04/03","1,470.0","1,495.0","1,470.0","1,495.0","+15.0","10,000","2,956","0","63,000","0.00","-","-","1,483.00","1,507.40","1,564.27","1,591.80","1,665.38","11,800","12,480","17,453"
"2015/04/02","1,485.0","1,485.0","1,480.0","1,480.0","+5.0","10,000","2,968","0","62,000","0.00","-","-","1,484.00","1,508.80","1,566.73","1,593.90","1,665.83","11,600","12,760","17,706"
"2015/04/01","1,480.0","1,480.0","1,475.0","1,475.0","-15.0","7,000","2,066","0","67,000","0.00","-","-","1,492.00","1,511.20","1,568.80","1,596.00","1,666.08","11,600","12,760","17,746"
"2015/03/31","1,480.0","1,495.0","1,480.0","1,490.0","+15.0","15,000","4,455","0","69,000","0.00","-","-","1,497.00","1,514.00","1,571.13","1,600.15","1,666.45","11,400","12,840","18,386"
"2015/03/30","1,500.0","1,520.0","1,470.0","1,475.0","-25.0","17,000","5,031","0","82,000","0.00","-","-","1,502.00","1,516.40","1,573.93","1,603.50","1,666.38","10,400","13,280","18,520"
"2015/03/27","1,465.0","1,500.0","1,465.0","1,500.0","-20.0","9,000","2,669","0","81,000","0.00","-","-","1,508.00","1,519.00","1,576.87","1,607.05","1,666.35","11,400","13,840","18,386"
"2015/03/26","1,500.0","1,520.0","1,495.0","1,520.0","+20.0","10,000","3,009","0","82,000","0.00","-","-","1,512.00","1,518.80","1,579.33","1,610.25","1,666.20","10,400","14,200","18,573"
"2015/03/25","1,515.0","1,515.0","1,500.0","1,500.0","-15.0","6,000","1,815","0","88,000","0.00","-","-","1,508.00","1,517.60","1,582.07","1,613.30","1,665.93","9,600","15,320","18,680"
"2015/03/24","1,505.0","1,520.0","1,505.0","1,515.0","+10.0","10,000","3,018","0","91,000","0.00","-","-","1,509.00","1,517.00","1,584.73","1,616.30","1,665.78","9,200","16,480","18,680"
"2015/03/23","1,525.0","1,525.0","1,505.0","1,505.0","-15.0","22,000","6,682","0","88,000","0.00","-","-","1,507.00","1,515.40","1,587.20","1,619.15","1,665.48","9,600","18,240","18,906"
"2015/03/20","1,515.0","1,520.0","1,515.0","1,520.0","+20.0","4,000","1,214","0","83,000","0.00","-","-","1,511.00","1,515.20","1,589.80","1,621.70","1,665.18","11,200","17,920","19,133"
"2015/03/19","1,500.0","1,500.0","1,500.0","1,500.0","-5.0","6,000","1,800","0","86,000","0.00","-","-","1,513.00","1,514.60","1,591.93","1,623.05","1,664.85","22,600","18,400","19,240"
"2015/03/18","1,505.0","1,505.0","1,505.0","1,505.0","0.0","4,000","1,204","0","81,000","0.00","-","-","1,518.00","1,515.40","1,594.53","1,625.30","1,664.48","23,800","18,480","19,386"
"2015/03/17","1,495.0","1,510.0","1,495.0","1,505.0","-20.0","12,000","3,605","0","81,000","0.00","-","-","1,520.00","1,516.20","1,596.87","1,626.35","1,664.03","26,600","20,040","19,480"
"2015/03/16","1,530.0","1,530.0","1,505.0","1,525.0","-5.0","30,000","9,146","0","99,000","0.00","-","-","1,519.00","1,519.20","1,599.20","1,627.45","1,663.58","25,400","21,600","19,466"
"2015/03/13","1,520.0","1,530.0","1,500.0","1,530.0","+5.0","61,000","18,433","0","82,000","0.00","-","-","1,521.00","1,520.20","1,601.27","1,628.90","1,663.03","20,000","21,400","19,320"
"2015/03/12","1,530.0","1,530.0","1,520.0","1,525.0","+10.0","12,000","3,658","0","63,000","0.00","-","-","1,517.00","1,520.60","1,603.33","1,630.05","1,662.33","8,400","19,320","18,733"
"2015/03/11","1,510.0","1,520.0","1,500.0","1,515.0","+15.0","18,000","5,415","0","67,000","0.00","-","-","1,512.00","1,521.80","1,605.20","1,631.75","1,661.73","6,000","18,880","18,746"
"2015/03/10","1,535.0","1,535.0","1,500.0","1,500.0","-35.0","6,000","1,830","0","65,000","0.00","-","-","1,509.00","1,523.00","1,606.73","1,633.65","1,661.15","4,400","18,960","18,840"
"2015/03/09","1,500.0","1,535.0","1,500.0","1,535.0","+25.0","3,000","914","0","64,000","0.00","-","-","1,514.00","1,524.80","1,608.87","1,636.00","1,660.98","5,400","19,280","19,173"
"2015/03/06","1,510.0","1,510.0","1,510.0","1,510.0","0.0","3,000","906","0","64,000","0.00","-","-","1,514.00","1,525.40","1,610.33","1,638.05","1,660.70","8,000","20,040","19,280"
"2015/03/05","-","-","-","-","-","0","-","0","63,000","0.00","-","-","1,518.00","1,525.60","1,612.20","1,640.65","1,660.70","10,800","22,720","19,533"
"2015/03/04","1,510.0","1,515.0","1,500.0","1,500.0","-25.0","10,000","3,012","0","63,000","0.00","-","-","1,526.00","1,529.40","1,614.27","1,642.80","1,660.48","12,800","24,960","19,800"
"2015/03/03","1,540.0","1,545.0","1,525.0","1,525.0","-10.0","11,000","3,386","0","61,000","0.00","-","-","1,535.00","1,533.80","1,616.40","1,644.85","1,660.08","12,600","24,880","20,280"
"2015/03/02","1,530.0","1,540.0","1,520.0","1,535.0","+5.0","16,000","4,906","0","61,000","0.00","-","-","1,540.00","1,538.00","1,618.07","1,647.35","1,660.85","15,600","24,520","21,253"
"2015/02/27","1,545.0","1,545.0","1,525.0","1,530.0","-10.0","17,000","5,204","0","60,000","0.00","-","-","1,541.00","1,541.20","1,619.93","1,650.30","1,661.88","18,600","23,960","21,680"
"2015/02/26","1,525.0","1,540.0","1,520.0","1,540.0","-5.0","10,000","3,064","0","54,000","0.00","-","-","1,534.00","1,544.60","1,622.27","1,653.65","1,663.48","18,800","23,760","22,160"
"2015/02/25","1,550.0","1,550.0","1,545.0","1,545.0","-5.0","9,000","2,785","0","56,000","0.00","-","-","1,524.00","1,548.80","1,624.27","1,656.20","1,663.95","24,400","23,880","24,986"
"2015/02/24","1,550.0","1,550.0","1,505.0","1,550.0","+10.0","26,000","7,908","0","59,000","0.00","-","-","1,512.00","1,552.60","1,628.87","1,658.50","1,664.48","29,600","24,040","25,480"
"2015/02/23","1,500.0","1,540.0","1,500.0","1,540.0","+45.0","31,000","9,398","0","61,000","0.00","-","-","1,497.00","1,555.00","1,632.53","1,661.00","1,665.23","35,200","23,960","25,413"
"2015/02/20","1,475.0","1,495.0","1,465.0","1,495.0","+5.0","18,000","5,325","0","61,000","0.00","-","-","1,489.00","1,558.20","1,636.40","1,663.45","1,666.05","31,800","23,360","25,253"
"2015/02/19","1,485.0","1,490.0","1,455.0","1,490.0","+5.0","38,000","11,146","0","59,000","0.00","-","-","1,491.00","1,564.80","1,640.73","1,666.40","1,667.20","31,400","23,200","25,106"
"2015/02/18","1,470.0","1,485.0","1,450.0","1,485.0","+10.0","35,000","10,257","0","58,000","0.00","-","-","1,497.00","1,570.60","1,645.20","1,669.30","1,668.38","25,400","21,760","25,200"
"2015/02/17","1,500.0","1,500.0","1,455.0","1,475.0","-25.0","54,000","15,938","0","60,000","0.00","-","-","1,505.00","1,576.40","1,649.40","1,672.45","1,669.53","27,000","20,880","25,733"
"2015/02/16","1,505.0","1,505.0","1,495.0","1,500.0","-5.0","14,000","4,208","0","63,000","0.00","-","-","1,526.00","1,582.60","1,653.73","1,675.55","1,670.60","26,400","20,080","26,653"
"2015/02/13","1,495.0","1,505.0","1,495.0","1,505.0","-15.0","16,000","4,804","0","63,000","0.00","-","-","1,536.00","1,589.40","1,657.20","1,678.45","1,671.45","28,600","19,880","27,600"
"2015/02/12","1,510.0","1,525.0","1,505.0","1,520.0","-5.0","8,000","2,420","0","66,000","0.00","-","-","1,543.00","1,595.60","1,659.20","1,681.65","1,672.23","27,200","19,680","27,626"
"2015/02/10","1,475.0","1,525.0","1,475.0","1,525.0","-55.0","43,000","12,879","0","66,000","0.00","-","-","1,550.00","1,599.80","1,661.93","1,684.75","1,672.98","25,800","19,760","27,826"
"2015/02/09","1,535.0","1,585.0","1,530.0","1,580.0","+30.0","51,000","15,814","0","80,000","0.00","-","-","1,554.00","1,605.00","1,663.07","1,688.25","1,673.80","21,200","18,360","27,426"
"2015/02/06","1,540.0","1,560.0","1,535.0","1,550.0","+10.0","25,000","7,715","0","74,000","0.00","-","-","1,547.00","1,608.00","1,663.53","1,691.35","1,674.03","13,800","16,680","26,893"
"2015/02/05","1,540.0","1,550.0","1,540.0","1,540.0","-15.0","9,000","2,774","0","74,000","0.00","-","-","1,547.00","1,613.00","1,665.13","1,694.20","1,674.25","13,200","16,280","26,840"
"2015/02/04","1,555.0","1,555.0","1,555.0","1,555.0","+10.0","1,000","311","0","74,000","0.00","-","-","1,542.00","1,618.20","1,666.53","1,697.40","1,674.55","25,400","17,360","26,906"
"2015/02/03","1,555.0","1,560.0","1,545.0","1,545.0","0.0","20,000","6,221","0","73,000","0.00","-","-","1,550.00","1,621.40","1,668.40","1,700.85","1,675.00","36,400","17,720","27,333"
"2015/02/02","1,550.0","1,560.0","1,545.0","1,545.0","-5.0","14,000","4,337","0","82,000","0.00","-","-","1,563.00","1,625.20","1,670.53","1,704.60","1,675.65","34,000","17,560","27,360"
"2015/01/30","1,525.0","1,555.0","1,525.0","1,550.0","+35.0","22,000","6,781","0","92,000","0.00","-","-","1,580.00","1,628.80","1,673.07","1,708.80","1,676.58","31,600","18,280","27,426"
"2015/01/29","1,560.0","1,575.0","1,510.0","1,515.0","-80.0","70,000","21,683","0","97,000","0.00","-","-","1,593.00","1,632.80","1,675.60","1,712.25","1,677.83","27,600","17,800","27,173"
"2015/01/28","1,610.0","1,615.0","1,525.0","1,595.0","-15.0","56,000","17,644","0","88,000","0.00","-","-","1,613.00","1,637.60","1,679.00","1,715.75","1,679.38","16,000","15,440","26,453"
"2015/01/27","1,620.0","1,620.0","1,605.0","1,610.0","-20.0","8,000","2,578","0","87,000","0.00","-","-","1,623.00","1,639.20","1,680.60","1,718.85","1,679.65","7,400","14,160","26,160"
"2015/01/26","1,605.0","1,630.0","1,605.0","1,630.0","+15.0","2,000","647","0","87,000","0.00","-","-","1,629.00","1,640.40","1,681.87","1,721.00","1,680.00","8,400","14,560","26,973"
"2015/01/23","1,615.0","1,615.0","1,615.0","1,615.0","0.0","2,000","646","0","88,000","0.00","-","-","1,625.00","1,641.40","1,683.80","1,723.05","1,679.90","12,800","14,760","27,386"
"2015/01/22","1,620.0","1,620.0","1,615.0","1,615.0","-30.0","12,000","3,878","0","88,000","0.00","-","-","1,626.00","1,644.20","1,686.67","1,724.30","1,679.65","15,600","15,920","27,786"
"2015/01/21","1,625.0","1,645.0","1,620.0","1,645.0","+5.0","13,000","4,255","0","89,000","0.00","-","-","1,635.00","1,646.80","1,690.00","1,725.80","1,679.48","16,000","16,600","28,213"
"2015/01/20","1,620.0","1,645.0","1,620.0","1,640.0","+30.0","13,000","4,244","0","91,000","0.00","-","-","1,633.00","1,646.40","1,692.00","1,727.20","1,679.13","13,800","16,600","28,226"
"2015/01/19","1,635.0","1,640.0","1,610.0","1,610.0","-10.0","24,000","7,780","0","93,000","0.00","-","-","1,631.00","1,646.80","1,693.80","1,729.10","1,678.78","13,800","18,280","28,680"
"2015/01/16","1,660.0","1,660.0","1,610.0","1,620.0","-40.0","16,000","5,245","0","92,000","0.00","-","-","1,635.00","1,650.40","1,696.33","1,731.30","1,678.45","15,800","18,320","28,693"
"2015/01/15","1,625.0","1,660.0","1,620.0","1,660.0","+25.0","14,000","4,580","0","96,000","0.00","-","-","1,645.00","1,653.40","1,698.53","1,733.40","1,678.85","14,400","17,960","28,693"
"2015/01/14","1,630.0","1,635.0","1,630.0","1,635.0","+5.0","2,000","653","0","105,000","0.00","-","-","1,645.00","1,654.40","1,700.27","1,734.80","-","13,800","18,320","28,746"
"2015/01/13","1,630.0","1,630.0","1,560.0","1,630.0","0.0","13,000","4,150","0","95,000","0.00","-","-","1,643.00","1,658.00","1,702.20","1,735.75","-","15,400","18,960","29,146"
"2015/01/09","1,660.0","1,660.0","1,625.0","1,630.0","-40.0","34,000","11,096","0","95,000","0.00","-","-","1,648.00","1,660.80","1,704.47","1,735.95","-","14,400","18,680","29,546"
"2015/01/08","1,660.0","1,670.0","1,660.0","1,670.0","+10.0","9,000","2,998","0","93,000","0.00","-","-","1,653.00","1,663.60","1,706.53","1,737.35","-","9,400","18,400","29,546"
"2015/01/07","1,635.0","1,660.0","1,635.0","1,660.0","+35.0","11,000","3,638","0","103,000","0.00","-","-","1,654.00","1,664.80","1,708.13","1,739.10","-","10,600","19,600","30,106"
"2015/01/06","1,650.0","1,655.0","1,625.0","1,625.0","-30.0","10,000","3,278","0","102,000","0.00","-","-","1,656.00","1,665.60","1,710.33","1,741.90","-","15,600","19,640","30,160"
"2015/01/05","1,655.0","1,660.0","1,655.0","1,655.0","0.0","8,000","2,649","0","102,000","0.00","-","-","1,658.00","1,668.40","1,713.07","1,745.75","-","15,600","19,920","30,800"
"2014/12/30","1,670.0","1,680.0","1,655.0","1,655.0","-20.0","9,000","2,991","0","92,000","0.00","-","-","1,655.00","1,669.40","1,716.00","1,749.65","-","17,200","20,040","30,986"
"2014/12/29","1,690.0","1,690.0","1,660.0","1,675.0","+5.0","15,000","5,027","0","90,000","0.00","-","-","1,651.00","1,670.40","1,719.13","1,753.80","-","21,800","20,120","31,573"
"2014/12/26","1,630.0","1,675.0","1,630.0","1,670.0","+35.0","36,000","11,867","0","93,000","0.00","-","-","1,646.00","1,670.60","1,721.27","1,756.85","-","20,800","20,280","32,000"
"2014/12/25","1,640.0","1,640.0","1,630.0","1,635.0","-5.0","10,000","3,273","0","108,000","0.00","-","-","1,639.00","1,671.20","1,723.80","1,759.75","-","15,800","19,520","32,253"
"2014/12/24","1,650.0","1,665.0","1,640.0","1,640.0","+5.0","16,000","5,287","0","99,000","0.00","-","-","1,639.00","1,672.40","1,727.33","1,761.90","-","18,600","19,640","32,653"
"2014/12/22","1,675.0","1,675.0","1,630.0","1,635.0","-15.0","32,000","10,556","0","97,000","0.00","-","-","1,639.00","1,672.00","1,731.07","1,763.60","-","19,000","20,000","34,066"
"2014/12/19","1,675.0","1,675.0","1,645.0","1,650.0","+15.0","10,000","3,322","0","95,000","0.00","-","-","1,643.00","1,673.00","1,735.47","1,766.55","-","14,000","19,960","35,680"
"2014/12/18","1,640.0","1,650.0","1,630.0","1,635.0","0.0","11,000","3,612","0","97,000","0.00","-","-","1,650.00","1,672.80","1,738.73","1,767.55","-","18,200","20,000","36,613"
"2014/12/17","1,635.0","1,640.0","1,625.0","1,635.0","-5.0","24,000","7,843","0","98,000","0.00","-","-","1,659.00","1,673.40","1,741.80","1,768.15","-","21,800","20,440","37,840"
"2014/12/16","1,650.0","1,650.0","1,635.0","1,640.0","-15.0","18,000","5,912","0","91,000","0.00","-","-","1,659.00","1,674.20","1,745.40","1,768.70","-","19,600","20,280","39,266"
"2014/12/15","1,675.0","1,675.0","1,655.0","1,655.0","-30.0","7,000","2,333","0","93,000","0.00","-","-","1,661.00","1,675.00","1,747.87","1,768.90","-","27,000","21,400","39,973"
"2014/12/12","1,680.0","1,715.0","1,680.0","1,685.0","+5.0","31,000","10,475","0","93,000","0.00","-","-","1,670.00","1,674.80","1,750.27","1,768.85","-","30,600","24,480","40,786"
"2014/12/11","1,635.0","1,680.0","1,630.0","1,680.0","+45.0","29,000","9,518","0","87,000","0.00","-","-","1,672.00","1,674.40","1,751.00","1,768.65","-","25,800","25,160","41,200"
"2014/12/10","1,645.0","1,665.0","1,635.0","1,635.0","-15.0","13,000","4,283","0","96,000","0.00","-","-","1,673.00","1,675.40","1,752.13","1,767.90","-","24,600","26,120","41,933"
"2014/12/09","1,700.0","1,700.0","1,650.0","1,650.0","-50.0","55,000","18,461","0","93,000","0.00","-","-","1,691.00","1,677.60","1,754.13","1,767.70","-","25,600","34,480","42,920"
"2014/12/08","1,725.0","1,725.0","1,695.0","1,700.0","+5.0","25,000","8,574","0","81,000","0.00","-","-","1,701.00","1,687.20","1,756.53","1,767.30","-","15,800","34,120","43,466"
"2014/12/05","1,695.0","1,695.0","1,680.0","1,695.0","+10.0","7,000","2,364","0","80,000","0.00","-","-","1,701.00","1,692.20","1,758.27","1,765.60","-","16,200","33,960","44,253"
"2014/12/04","1,715.0","1,725.0","1,685.0","1,685.0","-40.0","23,000","7,833","0","80,000","0.00","-","-","1,702.00","1,697.60","1,760.07","1,763.90","-","22,600","34,440","45,546"
"2014/12/03","1,695.0","1,725.0","1,695.0","1,725.0","+25.0","18,000","6,149","0","80,000","0.00","-","-","1,701.00","1,703.00","1,761.60","1,762.50","-","20,400","33,800","46,600"
"2014/12/02","1,715.0","1,715.0","1,695.0","1,700.0","0.0","6,000","2,042","0","80,000","0.00","-","-","1,695.00","1,707.00","1,761.67","1,761.10","-","20,200","34,880","48,480"
"2014/12/01","1,725.0","1,725.0","1,700.0","1,700.0","0.0","27,000","9,270","0","84,000","0.00","-","-","1,691.00","1,711.00","1,761.00","1,759.90","-","21,200","37,640","50,520"
"2014/11/28","1,690.0","1,700.0","1,680.0","1,700.0","+20.0","39,000","13,193","0","86,000","0.00","-","-","1,687.00","1,715.00","1,761.93","1,758.40","-","18,000","41,480","53,813"
"2014/11/27","1,690.0","1,695.0","1,675.0","1,680.0","-15.0","12,000","4,042","0","88,000","0.00","-","-","1,683.00","1,717.40","1,763.87","1,756.85","-","14,000","43,320","55,546"
"2014/11/26","1,680.0","1,695.0","1,675.0","1,695.0","+15.0","17,000","5,744","0","87,000","0.00","-","-","1,684.00","1,716.40","1,767.33","1,755.50","-","15,000","43,560","57,933"
"2014/11/25","1,680.0","1,695.0","1,680.0","1,680.0","0.0","11,000","3,710","0","89,000","0.00","-","-","1,678.00","1,717.60","1,771.53","1,754.05","-","14,200","43,800","59,253"
"2014/11/21","1,685.0","1,685.0","1,680.0","1,680.0","0.0","11,000","3,702","0","88,000","0.00","-","-","1,668.00","1,714.80","1,776.40","1,752.60","-","17,000","43,880","60,746"
"2014/11/20","1,665.0","1,690.0","1,665.0","1,680.0","-5.0","19,000","6,351","0","90,000","0.00","-","-","1,664.00","1,712.20","1,781.60","1,751.10","-","21,000","43,880","62,480"
"2014/11/19","1,665.0","1,690.0","1,665.0","1,685.0","+20.0","17,000","5,738","0","91,000","0.00","-","-","1,657.00","1,711.80","1,785.60","1,749.80","-","19,400","43,960","64,640"
"2014/11/18","1,630.0","1,665.0","1,630.0","1,665.0","+35.0","13,000","4,311","0","91,000","0.00","-","-","1,650.00","1,710.20","1,789.27","1,748.50","-","20,400","43,840","67,253"
"2014/11/17","1,665.0","1,665.0","1,630.0","1,630.0","-30.0","25,000","8,231","0","92,000","0.00","-","-","1,648.00","1,711.40","1,791.73","1,747.20","-","21,800","44,640","67,786"
"2014/11/14","1,650.0","1,660.0","1,635.0","1,660.0","+15.0","31,000","10,245","0","102,000","0.00","-","-","1,654.00","1,714.40","1,794.13","1,746.55","-","26,000","44,520","69,440"
"2014/11/13","1,650.0","1,650.0","1,635.0","1,645.0","-5.0","11,000","3,606","0","98,000","0.00","-","-","1,652.00","1,717.40","1,797.73","1,745.55","-","36,600","44,040","73,893"
"2014/11/12","1,655.0","1,660.0","1,645.0","1,650.0","-5.0","22,000","7,277","0","99,000","0.00","-","-","1,658.00","1,721.20","1,799.13","1,744.85","-","44,000","43,720","75,520"
"2014/11/11","1,640.0","1,670.0","1,640.0","1,655.0","-5.0","20,000","6,615","0","105,000","0.00","-","-","1,669.00","1,726.00","1,799.73","1,743.85","-","50,200","43,480","75,760"
"2014/11/10","1,655.0","1,695.0","1,650.0","1,660.0","+10.0","46,000","15,298","0","107,000","0.00","-","-","1,676.00","1,728.40","1,800.20","1,742.65","-","90,600","44,040","76,586"
"2014/11/07","1,660.0","1,705.0","1,650.0","1,650.0","-25.0","84,000","27,892","0","109,000","0.00","-","-","1,722.00","1,730.20","1,800.20","1,741.35","-","90,600","44,960","80,680"
"2014/11/06","1,695.0","1,700.0","1,675.0","1,675.0","-30.0","48,000","16,226","0","92,000","0.00","-","-","1,757.00","1,735.20","1,800.20","1,740.10","-","78,000","42,920","80,613"
"2014/11/05","1,720.0","1,735.0","1,690.0","1,705.0","+15.0","53,000","18,107","0","101,000","0.00","-","-","1,788.00","1,741.40","1,800.07","1,738.95","-","72,200","42,280","81,866"
"2014/11/04","1,770.0","1,800.0","1,690.0","1,690.0","-200.0","222,000","76,483","0","88,000","0.00","-","-","1,811.00","1,747.80","1,798.73","1,737.75","-","63,000","41,920","81,386"
"2014/10/31","1,825.0","1,890.0","1,790.0","1,890.0","+65.0","46,000","16,875","0","73,000","0.00","-","-","1,838.00","1,752.00","1,797.73","1,736.15","-","27,600","33,600","78,720"
"2014/10/30","1,815.0","1,845.0","1,810.0","1,825.0","-5.0","21,000","7,661","0","73,000","0.00","-","-","1,820.00","1,747.40","1,794.00","1,732.75","-","33,400","33,640","79,853"
"2014/10/29","1,820.0","1,850.0","1,810.0","1,830.0","+10.0","19,000","6,930","0","70,000","0.00","-","-","1,815.00","1,746.40","1,790.07","1,729.25","-","53,800","33,800","79,853"
"2014/10/28","1,810.0","1,825.0","1,810.0","1,820.0","-5.0","7,000","2,548","0","83,000","0.00","-","-","1,801.00","1,744.60","1,786.00","1,725.65","-","67,000","33,680","80,186"
"2014/10/27","1,820.0","1,850.0","1,810.0","1,825.0","+25.0","45,000","16,479","0","84,000","0.00","-","-","1,768.00","1,743.40","1,782.33","1,722.15","-","69,200","34,120","80,453"
"2014/10/24","1,805.0","1,865.0","1,790.0","1,800.0","0.0","75,000","27,419","0","83,000","0.00","-","-","1,748.00","1,741.60","1,779.13","1,718.55","-","64,800","33,600","80,320"
"2014/10/23","1,760.0","1,825.0","1,760.0","1,800.0","+40.0","123,000","44,106","0","87,000","0.00","-","-","1,710.00","1,741.60","1,776.20","1,715.25","-","52,400","32,320","80,000"
"2014/10/22","1,710.0","1,790.0","1,710.0","1,760.0","+105.0","85,000","29,674","0","82,000","0.00","-","-","1,673.00","1,741.00","1,772.87","1,711.80","-","30,000","28,760","78,466"
"2014/10/21","1,680.0","1,710.0","1,655.0","1,655.0","-70.0","18,000","6,036","0","87,000","0.00","-","-","1,655.00","1,742.20","1,770.00","1,708.65","-","17,200","27,400","77,480"
"2014/10/20","1,675.0","1,725.0","1,645.0","1,725.0","+115.0","23,000","7,760","0","85,000","0.00","-","-","1,653.00","1,749.00","1,768.53","1,706.65","-","16,400","27,280","77,400"
"2014/10/17","1,650.0","1,665.0","1,600.0","1,610.0","-5.0","13,000","4,205","0","89,000","0.00","-","-","1,647.00","1,753.20","1,766.20","1,703.65","-","18,400","28,680","77,333"
"2014/10/16","1,630.0","1,630.0","1,610.0","1,615.0","-55.0","11,000","3,561","0","92,000","0.00","-","-","1,666.00","1,763.80","1,765.20","1,701.70","-","20,200","29,040","77,586"
"2014/10/15","1,635.0","1,670.0","1,625.0","1,670.0","+25.0","21,000","6,893","0","88,000","0.00","-","-","1,690.00","1,774.80","1,764.07","1,699.70","-","21,800","30,720","77,813"
"2014/10/14","1,630.0","1,645.0","1,625.0","1,645.0","-50.0","14,000","4,566","0","90,000","0.00","-","-","1,704.00","1,781.40","1,762.47","1,697.15","-","18,200","31,760","77,733"
"2014/10/10","1,685.0","1,695.0","1,635.0","1,695.0","-10.0","33,000","10,988","0","89,000","0.00","-","-","1,729.00","1,790.00","1,761.27","1,694.60","-","18,600","33,400","77,693"
"2014/10/09","1,715.0","1,715.0","1,690.0","1,705.0","-30.0","22,000","7,489","0","91,000","0.00","-","-","1,733.00","1,798.20","1,759.13","1,691.70","-","18,800","33,680","77,986"
"2014/10/08","1,705.0","1,735.0","1,705.0","1,735.0","-5.0","19,000","6,502","0","91,000","0.00","-","-","1,733.00","1,806.80","1,757.27","1,688.65","-","28,200","37,680","78,466"
"2014/10/07","1,735.0","1,740.0","1,735.0","1,740.0","-30.0","3,000","1,042","0","89,000","0.00","-","-","1,741.00","1,816.00","1,754.93","1,685.95","-","31,000","43,040","78,480"
"2014/10/06","1,755.0","1,770.0","1,735.0","1,770.0","+55.0","16,000","5,629","0","91,000","0.00","-","-","1,759.00","1,822.20","1,752.73","1,683.35","-","36,800","46,120","78,840"
"2014/10/03","1,710.0","1,715.0","1,680.0","1,715.0","+10.0","34,000","11,549","0","95,000","0.00","-","-","1,778.00","1,826.00","1,749.80","1,680.75","-","42,400","49,600","78,813"
"2014/10/02","1,750.0","1,750.0","1,705.0","1,705.0","-70.0","69,000","23,782","0","94,000","0.00","-","-","1,794.00","1,833.60","1,747.40","1,678.15","-","38,400","53,480","78,640"
"2014/10/01","1,825.0","1,825.0","1,755.0","1,775.0","-55.0","33,000","11,748","0","110,000","0.00","-","-","1,808.00","1,838.40","1,745.07","1,675.30","-","34,000","53,560","78,320"
"2014/09/30","1,860.0","1,860.0","1,815.0","1,830.0","-35.0","32,000","11,751","0","111,000","0.00","-","-","1,813.00","1,840.80","1,741.73","1,674.35","-","32,400","54,960","78,400"
"2014/09/29","1,805.0","1,865.0","1,790.0","1,865.0","+70.0","44,000","16,024","0","114,000","0.00","-","-","1,804.00","1,837.20","1,738.13","1,673.45","-","29,200","56,160","78,306"
"2014/09/26","1,770.0","1,795.0","1,770.0","1,795.0","+20.0","14,000","4,994","0","122,000","0.00","-","-","1,789.00","1,833.20","1,734.40","1,673.30","-","24,000","57,760","78,226"
"2014/09/25","1,770.0","1,785.0","1,770.0","1,775.0","-25.0","47,000","16,674","0","123,000","0.00","-","-","1,786.00","1,832.80","1,730.87","1,671.70","-","27,600","60,680","78,506"
"2014/09/24","1,775.0","1,805.0","1,775.0","1,800.0","+15.0","25,000","8,956","0","123,000","0.00","-","-","1,791.00","1,835.00","1,727.87","1,670.45","-","26,800","62,640","78,800"
"2014/09/22","1,770.0","1,785.0","1,770.0","1,785.0","-5.0","16,000","5,670","0","121,000","0.00","-","-","1,788.00","1,836.20","1,723.53","1,669.45","-","28,600","65,000","78,920"
"2014/09/19","1,770.0","1,800.0","1,770.0","1,790.0","+10.0","18,000","6,439","0","123,000","0.00","-","-","1,789.00","1,838.00","1,719.33","1,668.65","-","35,600","68,520","78,826"
"2014/09/18","1,815.0","1,815.0","1,760.0","1,780.0","-20.0","32,000","11,391","0","127,000","0.00","-","-","1,796.00","1,838.40","1,715.07","1,668.00","-","35,000","71,880","78,773"
"2014/09/17","1,780.0","1,825.0","1,780.0","1,800.0","+15.0","43,000","15,508","0","117,000","0.00","-","-","1,806.00","1,836.40","1,710.87","1,667.45","-","40,200","76,960","78,920"
"2014/09/16","1,795.0","1,800.0","1,775.0","1,785.0","-5.0","34,000","12,166","0","121,000","0.00","-","-","1,821.00","1,830.40","1,706.47","1,666.60","-","36,000","81,600","78,893"
"2014/09/12","1,825.0","1,825.0","1,785.0","1,790.0","-35.0","51,000","18,319","0","121,000","0.00","-","-","1,842.00","1,829.80","1,702.07","1,665.65","-","39,800","91,200","78,773"
"2014/09/11","1,815.0","1,835.0","1,815.0","1,825.0","-5.0","15,000","5,471","0","126,000","0.00","-","-","1,851.00","1,832.00","1,697.47","1,664.45","-","39,000","95,920","78,280"
"2014/09/10","1,875.0","1,875.0","1,785.0","1,830.0","-45.0","58,000","21,216","0","124,000","0.00","-","-","1,858.00","1,836.60","1,692.53","1,662.80","-","47,000","102,960","78,480"
"2014/09/09","1,865.0","1,885.0","1,860.0","1,875.0","-15.0","22,000","8,232","0","114,000","0.00","-","-","1,872.00","1,843.80","1,687.13","1,661.20","-","43,400","105,280","78,373"
"2014/09/08","1,820.0","1,890.0","1,815.0","1,890.0","+55.0","53,000","19,699","0","114,000","0.00","-","-","1,881.00","1,850.60","1,681.00","1,659.35","-","63,400","109,320","78,360"
"2014/09/05","1,860.0","1,870.0","1,825.0","1,835.0","-25.0","47,000","17,346","0","114,000","0.00","-","-","1,896.00","1,857.80","1,674.67","1,656.70","-","83,400","112,840","78,093"
"2014/09/04","1,880.0","1,905.0","1,850.0","1,860.0","-40.0","55,000","20,633","0","118,000","0.00","-","-","1,908.00","1,863.60","1,669.07","1,654.30","-","90,000","118,200","77,786"
"2014/09/03","1,940.0","1,940.0","1,900.0","1,900.0","-20.0","40,000","15,355","0","119,000","0.00","-","-","1,909.00","1,867.60","1,662.80","1,651.70","-","99,600","124,520","77,533"
"2014/09/02","1,975.0","1,975.0","1,900.0","1,920.0","-45.0","122,000","47,381","0","113,000","0.00","-","-","1,910.00","1,865.60","1,656.20","1,649.15","-","117,800","125,040","77,773"
"2014/09/01","1,905.0","1,965.0","1,855.0","1,965.0","+70.0","153,000","58,828","0","114,000","0.00","-","-","1,891.00","1,861.20","1,649.27","1,646.70","-","107,600","126,120","76,973"
"2014/08/29","1,900.0","1,900.0","1,870.0","1,895.0","+30.0","80,000","30,322","0","113,000","0.00","-","-","1,865.00","1,859.80","1,642.60","1,644.35","-","90,600","134,600","75,400"
"2014/08/28","1,890.0","1,920.0","1,865.0","1,865.0","-40.0","103,000","38,973","0","114,000","0.00","-","-","1,834.00","1,854.00","1,637.07","1,643.40","-","87,000","136,720","74,640"
"2014/08/27","1,815.0","1,915.0","1,800.0","1,905.0","+80.0","131,000","48,660","0","94,000","0.00","-","-","1,814.00","1,847.20","1,632.33","1,643.00","-","83,200","134,200","74,520"
"2014/08/26","1,840.0","1,845.0","1,795.0","1,825.0","-10.0","71,000","25,892","0","95,000","0.00","-","-","1,790.00","1,838.60","1,626.33","1,640.45","-","74,400","132,240","76,826"
"2014/08/25","1,765.0","1,835.0","1,765.0","1,835.0","+95.0","68,000","24,364","0","101,000","0.00","-","-","1,791.00","1,832.00","1,620.93","1,639.00","-","79,400","143,520","84,066"
"2014/08/22","1,765.0","1,780.0","1,735.0","1,740.0","-25.0","62,000","21,827","0","100,000","0.00","-","-","1,790.00","1,824.60","1,618.87","1,636.75","-","82,600","143,960","84,773"
"2014/08/21","1,790.0","1,800.0","1,730.0","1,765.0","-20.0","84,000","29,627","0","101,000","0.00","-","-","1,808.00","1,821.60","1,618.87","1,635.00","-","91,000","147,160","89,720"
"2014/08/20","1,835.0","1,845.0","1,765.0","1,785.0","-45.0","87,000","31,499","0","137,000","0.00","-","-","1,815.00","1,815.20","1,620.00","1,633.15","-","94,600","144,480","103,853"
"2014/08/19","1,850.0","1,865.0","1,810.0","1,830.0","0.0","96,000","35,411","0","125,000","0.00","-","-","1,804.00","1,808.40","1,618.00","1,631.05","-","109,000","141,880","103,346"
"2014/08/18","1,830.0","1,835.0","1,780.0","1,830.0","0.0","84,000","30,555","0","115,000","0.00","-","-","1,768.00","1,799.60","1,615.60","1,628.45","-","121,600","143,280","103,120"
"2014/08/15","1,830.0","1,860.0","1,805.0","1,830.0","+30.0","104,000","38,097","0","111,000","0.00","-","-","1,756.00","1,787.60","1,613.87","1,625.60","-","159,600","140,760","102,680"
"2014/08/14","1,740.0","1,800.0","1,740.0","1,800.0","+70.0","102,000","36,402","0","121,000","0.00","-","-","1,759.00","1,775.40","1,612.20","1,624.30","-","172,600","138,360","102,026"
"2014/08/13","1,730.0","1,800.0","1,690.0","1,730.0","+80.0","159,000","55,356","0","111,000","0.00","-","-","1,787.00","1,765.20","1,611.20","-","-","190,400","135,360","101,213"
"2014/08/12","1,740.0","1,750.0","1,625.0","1,650.0","-120.0","159,000","53,388","0","109,000","0.00","-","-","1,843.00","1,759.40","1,611.13","-","-","181,800","130,400","99,480"
"2014/08/11","1,905.0","1,910.0","1,720.0","1,770.0","-75.0","274,000","99,450","0","108,000","0.00","-","-","1,922.00","1,756.60","1,612.00","-","-","174,600","126,080","97,933"
"2014/08/08","1,935.0","1,940.0","1,795.0","1,845.0","-95.0","169,000","62,798","0","114,000","0.00","-","-","1,982.00","1,747.80","1,610.93","-","-","148,000","115,440","95,120"
"2014/08/07","1,990.0","2,000.0","1,905.0","1,940.0","-70.0","191,000","74,665","0","98,000","0.00","-","-","2,009.00","1,735.80","1,608.60","-","-","150,400","109,120","93,173"
"2014/08/06","2,040.0","2,060.0","2,000.0","2,010.0","-35.0","116,000","47,129","0","122,000","0.00","-","-","2,013.00","1,720.00","1,604.87","-","-","154,800","101,960","91,053"
"2014/08/05","2,125.0","2,140.0","2,045.0","2,045.0","-25.0","123,000","51,877","0","135,000","0.00","-","-","1,981.00","1,701.60","1,600.33","-","-","142,200","98,040","89,946"
"2014/08/04","2,020.0","2,105.0","1,990.0","2,070.0","+90.0","141,000","58,218","0","148,000","0.00","-","-","1,934.00","1,681.20","1,595.60","-","-","147,400","94,400","88,973"
"2014/08/01","1,945.0","2,015.0","1,910.0","1,980.0","+20.0","181,000","71,334","0","134,000","0.00","-","-","1,906.00","1,659.60","1,589.67","-","-","192,200","89,880","87,400"
"2014/07/31","1,860.0","1,965.0","1,860.0","1,960.0","+110.0","213,000","81,584","0","148,000","0.00","-","-","1,860.00","1,642.40","1,584.53","-","-","182,600","83,240","85,560"
"2014/07/30","1,810.0","1,850.0","1,805.0","1,850.0","+40.0","53,000","19,334","0","192,000","0.00","-","-","1,807.00","1,626.20","1,579.73","-","-","148,000","75,160","84,453"
"2014/07/29","1,920.0","1,920.0","1,800.0","1,810.0","-120.0","149,000","54,897","0","200,000","0.00","-","-","1,775.00","1,613.60","1,577.00","-","-","153,800","75,240","85,240"
"2014/07/28","1,780.0","1,970.0","1,770.0","1,930.0","+180.0","365,000","137,011","0","178,000","0.00","-","-","1,745.00","1,603.80","1,575.20","-","-","194,600","71,600","84,506"
"2014/07/25","1,700.0","1,775.0","1,700.0","1,750.0","+55.0","133,000","46,416","0","186,000","0.00","-","-","1,689.00","1,589.00","1,572.53","-","-","137,400","57,800","80,813"
"2014/07/24","1,710.0","1,715.0","1,675.0","1,695.0","+5.0","40,000","13,621","0","219,000","0.00","-","-","1,672.00","1,582.00","1,573.20","-","-","139,200","53,680","80,173"
"2014/07/23","1,670.0","1,710.0","1,670.0","1,690.0","+30.0","82,000","27,680","0","225,000","0.00","-","-","1,654.00","1,576.20","1,574.93","-","-","134,600","52,640","83,186"
"2014/07/22","1,665.0","1,760.0","1,625.0","1,660.0","+10.0","353,000","118,977","0","224,000","0.00","-","-","1,639.00","1,570.00","1,574.40","-","-","122,600","50,200","82,746"
"2014/07/18","1,625.0","1,660.0","1,620.0","1,650.0","-15.0","79,000","25,872","0","166,000","0.00","-","-","1,629.00","1,564.80","1,574.67","-","-","78,200","37,880","80,773"
"2014/07/17","1,595.0","1,690.0","1,595.0","1,665.0","+60.0","142,000","46,908","0","170,000","0.00","-","-","1,605.00","1,559.80","1,574.13","-","-","66,600","36,280","80,480"
"2014/07/16","1,620.0","1,625.0","1,605.0","1,605.0","-10.0","17,000","5,480","0","168,000","0.00","-","-","1,577.00","1,555.60","1,572.80","-","-","47,000","31,600","78,853"
"2014/07/15","1,610.0","1,615.0","1,605.0","1,615.0","+5.0","22,000","7,082","0","194,000","0.00","-","-","1,565.00","1,554.80","1,572.47","-","-","49,000","32,440","78,920"
"2014/07/14","1,530.0","1,635.0","1,530.0","1,610.0","+80.0","131,000","41,575","0","192,000","0.00","-","-","1,559.00","1,551.40","1,571.93","-","-","51,600","32,960","79,840"
"2014/07/11","1,520.0","1,530.0","1,510.0","1,530.0","+5.0","21,000","6,363","0","196,000","0.00","-","-","1,553.00","1,549.00","1,571.40","-","-","35,600","30,480","80,000"
"2014/07/10","1,565.0","1,575.0","1,525.0","1,525.0","-20.0","44,000","13,556","0","190,000","0.00","-","-","1,557.00","1,546.80","1,571.60","-","-","33,000","31,000","87,320"
"2014/07/09","1,580.0","1,585.0","1,540.0","1,545.0","-40.0","27,000","8,424","0","181,000","0.00","-","-","1,561.00","1,544.60","1,573.93","-","-","26,400","29,600","88,640"
"2014/07/08","1,580.0","1,585.0","1,560.0","1,585.0","+5.0","35,000","11,043","0","186,000","0.00","-","-","1,561.00","1,541.60","-","-","-","23,400","29,080","-"
"2014/07/07","1,550.0","1,580.0","1,540.0","1,580.0","+30.0","51,000","15,912","0","186,000","0.00","-","-","1,554.00","1,536.80","-","-","-","20,000","29,400","-"
"2014/07/04","1,550.0","1,550.0","1,550.0","1,550.0","+5.0","8,000","2,480","0","184,000","0.00","-","-","1,545.00","1,532.40","-","-","-","16,200","29,000","-"
"2014/07/03","1,540.0","1,545.0","1,535.0","1,545.0","0.0","11,000","3,385","0","182,000","0.00","-","-","1,541.00","1,528.60","-","-","-","20,200","29,680","-"
"2014/07/02","1,545.0","1,545.0","1,540.0","1,545.0","-5.0","12,000","3,699","0","184,000","0.00","-","-","1,542.00","1,524.60","-","-","-","21,000","29,800","-"
"2014/07/01","1,540.0","1,550.0","1,540.0","1,550.0","+15.0","18,000","5,559","0","182,000","0.00","-","-","1,544.00","1,521.00","-","-","-","20,800","30,520","-"
"2014/06/30","1,530.0","1,535.0","1,525.0","1,535.0","+5.0","32,000","9,787","0","180,000","0.00","-","-","1,541.00","1,516.00","-","-","-","28,200","31,800","-"
"2014/06/27","1,530.0","1,540.0","1,515.0","1,530.0","-20.0","28,000","8,551","0","174,000","0.00","-","-","1,547.00","1,511.20","-","-","-","33,400","31,360","-"
"2014/06/26","1,545.0","1,550.0","1,535.0","1,550.0","-5.0","15,000","4,625","0","177,000","0.00","-","-","1,553.00","1,506.60","-","-","-","31,800","31,560","-"
"2014/06/25","1,535.0","1,555.0","1,530.0","1,555.0","+20.0","11,000","3,380","0","174,000","0.00","-","-","1,558.00","1,501.20","-","-","-","34,800","31,920","-"
"2014/06/24","1,555.0","1,560.0","1,520.0","1,535.0","-30.0","55,000","16,940","0","175,000","0.00","-","-","1,557.00","1,494.60","-","-","-","35,400","32,920","-"
"2014/06/23","1,560.0","1,590.0","1,550.0","1,565.0","+5.0","58,000","18,120","0","184,000","0.00","-","-","1,557.00","1,489.40","-","-","-","28,600","33,040","-"
"2014/06/20","1,575.0","1,580.0","1,560.0","1,560.0","-15.0","20,000","6,273","0","179,000","0.00","-","-","1,550.00","1,482.80","-","-","-","26,000","33,200","-"
"2014/06/19","1,540.0","1,575.0","1,535.0","1,575.0","+25.0","30,000","9,334","0","178,000","0.00","-","-","1,543.00","1,479.00","-","-","-","29,800","33,800","-"
"2014/06/18","1,545.0","1,550.0","1,535.0","1,550.0","+15.0","14,000","4,324","0","173,000","0.00","-","-","1,540.00","1,475.20","-","-","-","28,800","33,520","-"
"2014/06/17","1,540.0","1,540.0","1,530.0","1,535.0","+5.0","21,000","6,438","0","173,000","0.00","-","-","1,547.00","1,473.60","-","-","-","33,600","36,720","-"
"2014/06/16","1,535.0","1,560.0","1,530.0","1,530.0","+5.0","45,000","13,868","0","175,000","0.00","-","-","1,546.00","1,470.40","-","-","-","36,400","48,040","-"
"2014/06/13","1,560.0","1,560.0","1,520.0","1,525.0","-35.0","39,000","11,975","0","182,000","0.00","-","-","1,550.00","1,466.00","-","-","-","41,200","70,800","-"
"2014/06/12","1,580.0","1,580.0","1,555.0","1,560.0","-25.0","25,000","7,849","0","184,000","0.00","-","-","1,540.00","1,472.20","-","-","-","40,200","74,080","-"
"2014/06/11","1,520.0","1,585.0","1,510.0","1,585.0","+55.0","38,000","11,815","0","192,000","0.00","-","-","1,522.00","1,479.40","-","-","-","37,000","90,400","-"
"2014/06/10","1,555.0","1,555.0","1,530.0","1,530.0","-20.0","35,000","10,797","0","195,000","0.00","-","-","1,499.00","1,490.00","-","-","-","32,200","134,640","-"
"2014/06/09","1,490.0","1,550.0","1,475.0","1,550.0","+75.0","69,000","20,863","0","186,000","0.00","-","-","1,486.00","1,494.20","-","-","-","33,800","135,200","-"
"2014/06/06","1,470.0","1,500.0","1,470.0","1,475.0","+5.0","34,000","10,082","0","188,000","0.00","-","-","1,470.00","1,498.20","-","-","-","28,200","135,600","-"
"2014/06/05","1,470.0","1,475.0","1,470.0","1,470.0","0.0","9,000","2,648","0","190,000","0.00","-","-","1,466.00","1,507.20","-","-","-","26,400","136,280","-"
"2014/06/04","1,460.0","1,480.0","1,460.0","1,470.0","+5.0","14,000","4,129","0","190,000","0.00","-","-","1,461.00","1,516.60","-","-","-","27,400","138,120","-"
"2014/06/03","1,485.0","1,485.0","1,455.0","1,465.0","-5.0","43,000","12,627","0","197,000","0.00","-","-","1,458.00","1,526.80","-","-","-","30,600","139,200","-"
"2014/06/02","1,475.0","1,490.0","1,465.0","1,470.0","+15.0","41,000","12,122","0","191,000","0.00","-","-","1,450.00","1,537.20","-","-","-","32,000","138,640","-"
"2014/05/30","1,450.0","1,460.0","1,440.0","1,455.0","+10.0","25,000","7,250","0","192,000","0.00","-","-","1,439.00","1,547.00","-","-","-","28,000","138,720","-"
"2014/05/29","1,440.0","1,455.0","1,435.0","1,445.0","-10.0","14,000","4,051","0","198,000","0.00","-","-","1,431.00","1,556.40","-","-","-","29,600","140,240","-"
"2014/05/28","1,440.0","1,455.0","1,440.0","1,455.0","+30.0","30,000","8,699","0","196,000","0.00","-","-","1,425.00","1,565.40","-","-","-","31,600","140,600","-"
"2014/05/27","1,430.0","1,445.0","1,425.0","1,425.0","+10.0","50,000","14,370","0","196,000","0.00","-","-","1,412.00","1,573.60","-","-","-","32,800","140,680","-"
"2014/05/26","1,425.0","1,445.0","1,415.0","1,415.0","0.0","21,000","5,983","0","204,000","0.00","-","-","1,408.00","1,583.40","-","-","-","34,400","140,000","-"
"2014/05/23","1,415.0","1,435.0","1,410.0","1,415.0","0.0","33,000","9,365","0","214,000","0.00","-","-","1,405.00","1,594.40","-","-","-","42,600","141,160","-"
"2014/05/22","1,400.0","1,430.0","1,395.0","1,415.0","+25.0","24,000","6,772","0","209,000","0.00","-","-","1,415.00","1,602.80","-","-","-","43,000","140,760","-"
"2014/05/21","1,385.0","1,400.0","1,365.0","1,390.0","-15.0","36,000","9,941","0","210,000","0.00","-","-","1,428.00","1,610.00","-","-","-","42,800","141,520","-"
"2014/05/20","1,385.0","1,405.0","1,370.0","1,405.0","+5.0","58,000","16,050","0","224,000","0.00","-","-","1,452.00","1,618.40","-","-","-","54,400","145,280","-"
"2014/05/19","1,455.0","1,455.0","1,400.0","1,400.0","-65.0","62,000","17,660","0","210,000","0.00","-","-","1,462.00","1,628.00","-","-","-","103,600","147,440","-"
"2014/05/16","1,450.0","1,470.0","1,440.0","1,465.0","-15.0","35,000","10,176","0","230,000","0.00","-","-","1,466.00","1,639.00","-","-","-","214,000","148,720","-"
"2014/05/15","1,475.0","1,495.0","1,470.0","1,480.0","-30.0","23,000","6,808","0","224,000","0.00","-","-","1,509.00","1,649.60","-","-","-","231,200","150,840","-"
"2014/05/14","1,450.0","1,510.0","1,425.0","1,510.0","+55.0","94,000","27,755","0","251,000","0.00","-","-","1,561.00","1,662.40","-","-","-","313,200","153,320","-"
"2014/05/13","1,450.0","1,505.0","1,400.0","1,455.0","+35.0","304,000","88,344","0","270,000","0.00","-","-","1,629.00","1,675.00","-","-","-","523,200","160,200","-"
"2014/05/12","1,685.0","1,780.0","1,355.0","1,420.0","-260.0","614,000","184,810","0","300,000","0.00","-","-","1,665.00","1,682.80","-","-","-","472,200","150,000","-"
"2014/05/09","1,750.0","1,750.0","1,675.0","1,680.0","-60.0","121,000","41,207","0","260,000","0.00","-","-","1,711.00","1,693.20","-","-","-","365,200","133,640","-"
"2014/05/08","1,900.0","1,910.0","1,700.0","1,740.0","-110.0","433,000","156,570","0","270,000","0.00","-","-","1,715.00","1,690.40","-","-","-","351,200","131,080","-"
"2014/05/07","1,605.0","2,035.0","1,600.0","1,850.0","+215.0","1,144,000","434,711","0","250,000","0.00","-","-","1,708.00","1,683.40","-","-","-","275,600","114,560","-"
"2014/05/02","1,670.0","1,670.0","1,610.0","1,635.0","-15.0","49,000","16,016","0","310,000","0.00","-","-","1,683.00","1,672.60","-","-","-","55,000","69,680","-"
"2014/05/01","1,675.0","1,675.0","1,640.0","1,650.0","-50.0","79,000","26,266","0","313,000","0.00","-","-","1,701.00","1,670.20","-","-","-","51,000","71,360","-"
"2014/04/30","1,690.0","1,700.0","1,660.0","1,700.0","-5.0","51,000","17,159","0","300,000","0.00","-","-","1,714.00","1,667.00","-","-","-","43,800","73,920","-"
"2014/04/28","1,720.0","1,720.0","1,665.0","1,705.0","-20.0","55,000","18,684","0","286,000","0.00","-","-","1,712.00","1,660.80","-","-","-","46,200","94,680","-"
"2014/04/25","1,725.0","1,730.0","1,700.0","1,725.0","0.0","41,000","14,098","0","304,000","0.00","-","-","1,705.00","1,660.60","-","-","-","39,800","98,200","-"
"2014/04/24","1,710.0","1,735.0","1,705.0","1,725.0","+10.0","29,000","9,986","0","312,000","0.00","-","-","1,692.00","-","-","-","-","38,000","-","-"
"2014/04/23","1,710.0","1,715.0","1,695.0","1,715.0","+25.0","43,000","14,659","0","409,000","0.00","-","-","1,681.00","-","-","-","-","38,800","-","-"
"2014/04/22","1,700.0","1,735.0","1,690.0","1,690.0","+20.0","63,000","21,557","0","405,000","0.00","-","-","1,676.00","-","-","-","-","40,200","-","-"
"2014/04/21","1,665.0","1,680.0","1,660.0","1,670.0","+10.0","23,000","7,678","0","388,000","0.00","-","-","1,663.00","-","-","-","-","32,200","-","-"
"2014/04/18","1,680.0","1,685.0","1,640.0","1,660.0","-10.0","32,000","10,630","0","381,000","0.00","-","-","1,648.00","-","-","-","-","36,200","-","-"
"2014/04/17","1,705.0","1,720.0","1,650.0","1,670.0","-20.0","33,000","11,040","0","372,000","0.00","-","-","1,636.00","-","-","-","-","55,800","-","-"
"2014/04/16","1,625.0","1,690.0","1,625.0","1,690.0","+65.0","50,000","16,567","0","366,000","0.00","-","-","1,631.00","-","-","-","-","71,600","-","-"
"2014/04/15","1,620.0","1,630.0","1,595.0","1,625.0","+30.0","23,000","7,432","0","360,000","0.00","-","-","1,628.00","-","-","-","-","80,400","-","-"
"2014/04/14","1,570.0","1,650.0","1,570.0","1,595.0","-5.0","43,000","13,684","0","361,000","0.00","-","-","1,649.00","-","-","-","-","93,400","-","-"
"2014/04/11","1,565.0","1,620.0","1,555.0","1,600.0","-45.0","130,000","41,238","0","352,000","0.00","-","-","1,690.00","-","-","-","-","101,800","-","-"
"2014/04/10","1,725.0","1,735.0","1,625.0","1,645.0","-30.0","112,000","37,214","0","388,000","0.00","-","-","1,735.00","-","-","-","-","129,000","-","-"
"2014/04/09","1,695.0","1,720.0","1,645.0","1,675.0","-55.0","94,000","31,585","0","364,000","0.00","-","-","1,736.00","-","-","-","-","116,400","-","-"
"2014/04/08","1,760.0","1,790.0","1,685.0","1,730.0","-70.0","88,000","30,587","0","370,000","0.00","-","-","1,737.00","-","-","-","-","138,600","-","-"
"2014/04/07","1,800.0","1,805.0","1,775.0","1,800.0","-25.0","85,000","30,440","0","381,000","0.00","-","-","1,713.00","-","-","-","-","132,400","-","-"
"2014/04/04","1,650.0","1,825.0","1,650.0","1,825.0","+175.0","266,000","93,167","0","378,000","0.00","-","-","1,666.00","-","-","-","-","119,400","-","-"
"2014/04/03","1,665.0","1,670.0","1,650.0","1,650.0","-30.0","49,000","16,277","0","317,000","0.00","-","-","1,617.00","-","-","-","-","70,600","-","-"
"2014/04/02","1,650.0","1,750.0","1,635.0","1,680.0","+70.0","205,000","69,147","0","334,000","0.00","-","-","1,602.00","-","-","-","-","79,000","-","-"
"2014/04/01","1,565.0","1,620.0","1,565.0","1,610.0","+45.0","57,000","18,133","0","297,000","0.00","-","-","1,580.00","-","-","-","-","66,600","-","-"
"2014/03/31","1,585.0","1,590.0","1,560.0","1,565.0","-15.0","20,000","6,310","0","285,000","0.00","-","-","1,567.00","-","-","-","-","169,200","-","-"
"2014/03/28","1,575.0","1,585.0","1,560.0","1,580.0","+5.0","22,000","6,918","0","281,000","0.00","-","-","1,594.00","-","-","-","-","193,800","-","-"
"2014/03/27","1,535.0","1,580.0","1,525.0","1,575.0","+5.0","91,000","28,243","0","279,000","0.00","-","-","-","-","-","-","-","-","-","-"
"2014/03/26","1,585.0","1,595.0","1,540.0","1,570.0","+25.0","143,000","44,996","0","276,000","0.00","-","-","-","-","-","-","-","-","-","-"
"2014/03/25","1,660.0","1,685.0","1,530.0","1,545.0","-155.0","570,000","184,895","0","270,000","0.00","-","-","-","-","-","-","-","-","-","-"
"2014/03/24","1,285.0","1,700.0","1,285.0","1,700.0","0.0","143,000","47,993","0","90,000","0.00","-","-","-","-","-","-","-","-","-","-"
