"日付","始値","高値","安値","終値","前日比","出来高","売買代金","貸株残高","融資残高","貸借倍率","逆日歩","特別空売り料","5DMA","25DMA","75DMA","100DMA","200DMA","5DVMA","25DVMA","75DVMA"
"2019/07/12","1,804.0","1,810.0","1,800.0","1,805.0","-5.0","228,700","412,986","-","-","-","-","-","1,802.40","1,770.88","1,842.12","1,888.36","1,936.78","327,720","360,152","501,589"
"2021/05/21","2,892.0","2,933.0","2,885.0","2,914.0","+6.0","974,100","2,838,821","123,100","200","0.00","0.05","-","2,896.80","2,753.28","2,642.92","2,527.28","2,287.13","1,002,060","777,572","648,680"
"2021/05/20","2,895.0","2,974.0","2,887.0","2,908.0","0.0","804,700","2,354,243","125,400","100","0.00","0.05","-","2,857.40","2,745.32","2,635.43","2,519.63","2,281.41","975,520","754,596","646,061"
"2021/05/19","2,893.0","2,927.0","2,884.0","2,908.0","-17.0","946,600","2,753,732","120,300","100","0.00","0.05","-","2,795.00","2,737.76","2,628.93","2,512.18","2,275.65","951,040","749,368","647,737"
"2021/05/18","2,882.0","2,977.0","2,876.0","2,925.0","+96.0","965,000","2,825,876","110,700","200","0.00","0.05","-","2,735.40","2,730.48","2,621.21","2,504.69","2,269.91","915,580","727,592","642,638"
"2021/01/21","2,192.0","2,224.0","2,176.0","2,223.0","+45.0","592,000","1,306,357","107,900","0","0.00","0.05","-","2,187.60","2,134.88","2,083.89","2,095.13","1,862.57","580,380","497,836","590,190"
"2021/01/20","2,164.0","2,197.0","2,159.0","2,178.0","+35.0","596,000","1,298,149","99,200","0","0.00","0.05","-","2,188.40","2,130.40","2,082.56","2,093.82","1,859.29","545,300","494,080","582,297"
"2021/01/19","2,184.0","2,214.0","2,141.0","2,143.0","-43.0","689,600","1,493,738","101,000","100","0.00","0.05","-","2,196.60","2,125.84","2,081.83","2,092.51","1,855.82","540,600","496,296","582,968"
"2021/01/18","2,201.0","2,223.0","2,172.0","2,186.0","-22.0","386,500","848,598","111,100","100","0.00","0.05","-","2,198.00","2,122.40","2,082.53","2,091.96","1,852.58","514,860","499,056","581,957"
"2021/01/15","2,240.0","2,249.0","2,206.0","2,208.0","-19.0","637,800","1,416,545","110,900","100","0.00","0.05","-","2,186.20","2,119.60","2,082.61","2,090.47","1,848.85","526,620","501,972","585,246"
"2021/01/14","2,219.0","2,237.0","2,208.0","2,227.0","+8.0","416,600","926,930","109,800","100","0.00","0.05","-","2,164.00","2,115.60","2,081.93","2,088.88","1,844.54","497,920","507,936","585,677"
"2021/01/07","2,101.0","2,117.0","2,085.0","2,097.0","+46.0","494,300","1,038,991","101,100","400","0.00","0.05","-","2,052.00","2,100.56","2,081.37","2,083.84","1,827.90","525,900","531,224","603,208"
"2020/10/13","2,050.0","2,060.0","2,019.0","2,035.0","-1.0","309,000","627,774","221,100","1,100","0.00","0.05","-","2,062.20","2,129.20","1,941.73","1,864.61","1,743.17","395,220","611,136","614,977"
"2020/10/12","2,039.0","2,043.0","2,019.0","2,036.0","-14.0","521,000","1,059,551","223,700","0","0.00","0.05","-","2,075.60","2,132.04","1,937.59","1,858.48","1,742.60","488,480","616,396","618,250"
"2020/10/09","2,104.0","2,106.0","2,040.0","2,050.0","-45.0","412,900","849,733","234,000","0","0.00","0.05","-","2,095.40","2,135.24","1,932.99","1,851.94","1,742.05","470,560","614,496","620,940"
"2020/10/08","2,103.0","2,107.0","2,084.0","2,095.0","0.0","345,700","724,540","251,800","0","0.00","0.05","-","2,101.60","2,136.44","1,928.60","1,845.33","1,741.45","560,580","624,384","628,370"
"2020/10/07","2,075.0","2,099.0","2,068.0","2,095.0","-7.0","387,500","808,773","258,100","0","0.00","0.05","-","2,107.20","2,133.84","1,923.07","1,838.24","1,740.69","491,440","642,964","633,164"
"2020/10/06","2,085.0","2,116.0","2,085.0","2,102.0","-33.0","775,300","1,630,889","263,600","0","0.00","0.05","-","2,112.80","2,132.84","1,917.73","1,831.74","1,740.04","543,200","655,168","638,072"
"2020/10/05","2,109.0","2,135.0","2,106.0","2,135.0","+54.0","431,400","917,001","248,700","0","0.00","0.05","-","2,131.60","2,131.48","1,912.04","1,825.16","1,739.34","510,900","650,264","642,464"
"2020/10/01","-","-","-","-","-","0","-","269,000","0","0.00","0.05","-","2,158.20","2,128.84","1,900.64","1,812.07","1,737.77","512,680","642,028","654,346"
"2020/09/30","2,173.0","2,180.0","2,123.0","2,123.0","-73.0","646,300","1,382,156","269,000","0","0.00","0.05","-","2,166.00","2,127.60","1,895.45","1,804.53","1,736.71","632,080","669,560","672,165"
"2020/09/29","2,184.0","2,218.0","2,168.0","2,196.0","+4.0","613,800","1,344,376","299,200","0","0.00","0.05","-","2,174.40","2,124.56","1,890.29","1,797.30","1,735.86","647,980","657,260","675,777"
"2020/09/28","2,150.0","2,192.0","2,146.0","2,192.0","+35.0","633,200","1,376,510","311,300","0","0.00","2.00","-","2,170.80","2,120.24","1,884.41","1,789.73","1,734.60","788,460","655,740","681,493"
"2020/09/25","2,159.0","2,160.0","2,136.0","2,157.0","-5.0","670,100","1,441,483","295,600","0","0.00","0.05","-","2,167.60","2,114.04","1,878.12","1,781.93","1,733.33","796,040","658,028","684,198"
"2020/09/24","2,136.0","2,167.0","2,124.0","2,162.0","-3.0","597,000","1,284,810","302,300","0","0.00","0.05","-","2,177.80","2,109.72","1,871.52","1,774.48","1,732.24","859,600","657,272","687,468"
"2020/09/23","2,177.0","2,194.0","2,145.0","2,165.0","-13.0","725,800","1,571,664","284,400","0","0.00","0.05","-","2,186.40","2,105.04","1,864.37","1,766.90","1,730.90","907,920","666,672","690,094"
"2020/09/18","2,181.0","2,202.0","2,161.0","2,178.0","+2.0","1,316,200","2,868,258","284,100","0","0.00","0.05","-","2,189.00","2,100.64","1,857.36","1,759.30","1,729.59","864,420","661,188","690,492"
"2020/09/17","2,192.0","2,202.0","2,163.0","2,176.0","-32.0","671,100","1,463,438","283,400","0","0.00","0.05","-","2,183.00","2,096.24","1,850.25","1,751.12","1,728.16","721,540","633,772","681,780"
"2020/09/16","2,196.0","2,224.0","2,175.0","2,208.0","+3.0","987,900","2,181,619","288,600","0","0.00","0.05","-","2,168.00","2,091.24","1,843.21","1,743.11","1,726.94","746,720","661,716","685,840"
"2020/09/10","2,100.0","2,111.0","2,079.0","2,101.0","+5.0","797,000","1,672,423","271,900","0","0.00","0.05","-","2,099.20","2,037.88","1,811.23","1,711.01","1,720.33","572,600","761,628","696,553"
"2020/09/09","2,073.0","2,097.0","2,068.0","2,096.0","-12.0","799,900","1,667,182","281,400","0","0.00","0.05","-","2,102.20","2,021.92","1,802.97","1,703.89","1,718.77","507,900","745,212","691,550"
"2020/09/08","2,090.0","2,108.0","2,066.0","2,108.0","+23.0","490,200","1,027,060","286,400","600","0.00","0.05","-","2,099.00","2,007.08","1,794.17","1,696.79","1,717.39","479,940","731,864","686,090"
"2020/09/07","2,090.0","2,096.0","2,059.0","2,085.0","-21.0","335,400","698,898","294,500","0","0.00","0.05","-","2,083.40","1,989.40","1,785.11","1,689.92","1,716.00","543,940","734,728","684,632"
"2020/09/04","2,090.0","2,115.0","2,083.0","2,106.0","-10.0","440,500","926,903","297,000","0","0.00","0.05","-","2,080.40","1,971.12","1,776.41","1,683.20","1,714.77","615,380","746,572","689,513"
"2020/09/03","2,100.0","2,125.0","2,094.0","2,116.0","+36.0","473,500","1,000,634","286,900","0","0.00","0.05","-","2,072.80","1,955.28","1,767.29","1,676.37","1,713.45","657,820","747,996","690,890"
"2020/09/02","2,038.0","2,085.0","2,029.0","2,080.0","+50.0","660,100","1,365,761","277,200","700","0.00","0.05","-","2,061.80","1,939.56","1,757.51","1,669.08","1,712.07","650,120","742,996","702,137"
"2020/09/01","2,029.0","2,033.0","2,014.0","2,030.0","-40.0","810,200","1,642,954","265,900","0","0.00","0.05","-","2,063.60","1,926.40","1,748.29","1,661.72","1,710.87","648,800","729,092","700,454"
"2020/08/31","2,092.0","2,096.0","2,060.0","2,070.0","+2.0","692,600","1,436,261","303,500","0","0.00","0.05","-","2,076.00","1,916.00","1,739.71","1,654.63","1,709.89","624,420","717,068","696,037"
"2020/08/28","2,090.0","2,112.0","2,046.0","2,068.0","+7.0","652,700","1,357,763","306,500","0","0.00","0.05","-","2,071.40","1,903.44","1,731.37","1,647.58","1,708.61","553,660","702,892","691,100"
"2020/08/27","2,070.0","2,073.0","2,057.0","2,061.0","-28.0","435,000","897,308","319,400","0","0.00","0.05","-","2,075.40","1,891.12","1,723.05","1,641.08","1,707.33","538,280","691,488","687,148"
"2020/08/26","2,121.0","2,121.0","2,075.0","2,089.0","-3.0","653,500","1,367,958","325,500","0","0.00","0.05","-","2,070.60","1,880.20","1,715.24","1,635.44","1,706.01","589,360","687,440","687,252"
"2020/08/25","2,086.0","2,107.0","2,081.0","2,092.0","+45.0","688,300","1,439,992","330,700","0","0.00","0.05","-","2,062.60","1,867.60","1,706.48","1,630.00","1,704.63","588,900","670,872","684,300"
"2020/08/24","2,079.0","2,079.0","2,044.0","2,047.0","-41.0","338,800","695,098","313,200","0","0.00","0.05","-","2,053.20","1,856.16","1,696.84","1,624.75","1,703.22","617,640","658,752","685,142"
"2020/08/21","2,080.0","2,096.0","2,054.0","2,088.0","+51.0","575,800","1,197,074","326,600","0","0.00","0.05","-","2,054.80","1,846.44","1,688.21","1,619.12","1,701.99","667,620","672,052","687,169"
"2020/08/20","2,034.0","2,065.0","2,025.0","2,037.0","-12.0","690,400","1,406,916","319,000","0","0.00","0.05","-","2,050.80","1,833.32","1,679.56","1,613.20","1,700.50","678,620","666,900","687,652"
"2020/08/19","2,028.0","2,058.0","2,019.0","2,049.0","+4.0","651,200","1,331,883","326,400","0","0.00","0.05","-","2,053.60","1,822.32","1,671.23","1,607.23","1,699.22","814,480","663,276","682,588"
"2020/08/18","2,057.0","2,057.0","2,028.0","2,045.0","-10.0","832,000","1,698,729","339,000","0","0.00","0.05","-","2,053.60","1,808.52","1,662.73","1,600.20","1,697.78","1,065,600","653,992","679,814"
"2020/08/17","2,095.0","2,098.0","2,055.0","2,055.0","-13.0","588,700","1,221,811","360,700","0","0.00","0.05","-","2,043.00","1,796.08","1,654.19","1,593.88","1,696.33","1,370,980","645,472","676,097"
"2020/08/14","2,029.0","2,074.0","2,027.0","2,068.0","+17.0","630,800","1,302,157","362,500","0","0.00","0.05","-","1,968.00","1,782.84","1,645.52","1,587.58","1,694.84","1,364,000","643,040","672,108"
"2020/08/13","2,050.0","2,092.0","2,043.0","2,051.0","+2.0","1,369,700","2,828,670","372,600","0","0.00","0.05","-","1,891.20","1,768.64","1,636.08","1,580.18","1,693.38","1,360,820","637,332","667,134"
"2020/08/12","2,042.0","2,127.0","2,041.0","2,049.0","+57.0","1,906,800","3,949,563","360,500","0","0.00","0.05","-","1,821.40","1,755.56","1,627.07","1,571.96","1,691.85","1,164,200","606,552","652,857"
"2020/08/11","1,880.0","2,015.0","1,866.0","1,992.0","+312.0","2,358,900","4,622,323","289,000","0","0.00","0.05","-","1,756.60","1,740.12","1,618.03","1,563.78","1,690.23","876,080","550,132","631,054"
"2019/03/26","2,034.0","2,072.0","2,032.0","2,063.0","+52.0","991,000","2,040,793","158,900","400","0.00","1.00","-","2,049.40","2,033.88","1,993.00","1,996.94","2,035.06","704,080","605,876","618,886"
"2019/02/12","1,991.0","2,024.0","1,949.0","1,990.0","+12.0","882,900","1,756,410","145,400","700","0.00","0.05","-","2,005.60","1,965.40","1,984.37","1,984.23","2,050.84","474,520","471,848","652,340"
"2014/03/31","1,416.0","1,435.0","1,394.0","1,429.0","+39.0","805,100","1,140,062","0","175,200","0.00","-","-","1,367.80","-","-","-","-","934,260","-","-"
"2014/03/26","1,330.0","1,373.0","1,323.0","1,345.0","+40.0","1,145,200","1,537,529","0","204,400","0.00","-","-","-","-","-","-","-","-","-","-"
"2023/03/29","2,145.0","2,189.0","2,140.0","2,189.0","+58.0","919,600","1,993,434","138,700","1,500","0.01","2.10","-","2,140.60","2,214.88","2,130.53","2,137.05","2,125.73","613,920","611,740","448,917"
"2021/06/02","2,990.0","3,020.0","2,927.0","2,941.0","-22.0","746,000","2,201,180","131,800","1,800","0.01","0.05","-","2,944.80","2,807.92","2,699.57","2,594.07","2,336.71","904,180","800,964","676,924"
"2021/06/01","2,929.0","2,963.0","2,881.0","2,963.0","+47.0","443,300","1,303,849","120,700","1,800","0.01","0.05","-","2,943.60","2,800.40","2,693.75","2,584.71","2,330.42","916,760","792,704","675,872"
"2021/05/27","2,960.0","2,975.0","2,918.0","2,935.0","0.0","1,844,400","5,420,316","120,900","1,600","0.01","0.05","-","2,925.80","2,775.92","2,673.69","2,559.48","2,311.65","977,680","803,424","673,406"
"2021/03/12","2,703.0","2,724.0","2,653.0","2,720.0","+17.0","629,400","1,702,305","96,500","1,100","0.01","0.05","-","2,638.20","2,494.00","2,277.88","2,212.83","2,041.50","833,540","635,548","632,986"
"2021/03/10","2,611.0","2,672.0","2,605.0","2,668.0","+85.0","1,420,600","3,751,004","90,800","1,300","0.01","0.05","-","2,557.60","2,466.00","2,261.93","2,198.84","2,028.66","741,000","608,376","637,336"
"2021/02/26","2,452.0","2,467.0","2,411.0","2,412.0","-80.0","797,600","1,933,605","89,000","1,100","0.01","0.05","-","2,439.00","2,402.04","2,211.20","2,162.43","1,983.48","520,040","633,108","659,508"
"2021/02/24","2,467.0","2,488.0","2,419.0","2,421.0","-28.0","547,500","1,337,047","88,100","1,200","0.01","0.05","-","2,415.20","2,378.72","2,197.76","2,156.58","1,973.16","528,380","635,956","653,913"
"2021/02/22","2,483.0","2,496.0","2,449.0","2,449.0","+28.0","418,400","1,030,205","98,600","1,200","0.01","0.05","-","2,407.00","2,369.32","2,191.20","2,154.29","1,968.11","504,820","629,516","652,622"
"2021/01/29","2,333.0","2,359.0","2,292.0","2,307.0","-45.0","763,900","1,768,558","96,500","900","0.01","0.05","-","2,356.40","2,187.68","2,105.24","2,112.74","1,890.91","691,540","547,420","608,777"
"2021/01/28","2,332.0","2,357.0","2,299.0","2,352.0","-69.0","777,700","1,822,484","95,500","1,300","0.01","0.05","-","2,370.40","2,180.36","2,101.81","2,110.47","1,886.10","769,180","533,312","604,097"
"2021/01/27","2,353.0","2,430.0","2,339.0","2,421.0","+92.0","930,400","2,227,236","120,600","1,300","0.01","0.05","-","2,344.60","2,172.24","2,098.39","2,107.25","1,880.94","732,040","516,080","598,337"
"2021/01/26","2,368.0","2,392.0","2,310.0","2,329.0","-44.0","564,200","1,317,749","123,200","1,500","0.01","0.05","-","2,296.00","2,161.92","2,094.04","2,103.74","1,875.66","665,160","518,984","591,098"
"2021/01/25","2,376.0","2,423.0","2,366.0","2,373.0","-4.0","421,500","1,005,546","131,900","1,000","0.01","0.05","-","2,258.80","2,155.12","2,091.01","2,101.13","1,871.11","690,240","513,512","593,913"
"2021/01/13","2,160.0","2,223.0","2,155.0","2,219.0","+69.0","572,500","1,259,966","116,000","1,200","0.01","0.05","-","2,128.80","2,109.72","2,081.07","2,087.06","1,840.47","533,980","509,924","588,082"
"2021/01/12","2,135.0","2,155.0","2,123.0","2,150.0","+23.0","560,900","1,204,129","109,100","1,000","0.01","0.05","-","2,089.60","2,104.24","2,080.35","2,085.42","1,836.50","504,280","500,904","590,126"
"2021/01/08","2,101.0","2,127.0","2,070.0","2,127.0","+30.0","445,300","940,355","103,600","1,000","0.01","0.05","-","2,060.60","2,101.64","2,080.72","2,084.60","1,832.39","528,260","501,820","600,197"
"2021/01/06","2,041.0","2,064.0","2,039.0","2,051.0","+28.0","596,900","1,226,249","91,100","600","0.01","0.05","-","2,057.20","2,101.08","2,082.85","2,083.36","1,823.57","510,980","551,960","609,789"
"2021/01/05","2,002.0","2,024.0","1,996.0","2,023.0","+18.0","424,000","853,669","97,600","1,100","0.01","0.05","-","2,070.60","2,102.96","2,084.91","2,082.77","1,820.12","454,080","615,692","613,012"
"2021/01/04","2,078.0","2,084.0","1,999.0","2,005.0","-79.0","680,800","1,376,392","91,600","900","0.01","0.05","-","2,095.80","2,107.44","2,086.97","2,079.34","1,817.14","411,400","636,348","614,136"
"2020/12/30","2,118.0","2,118.0","2,064.0","2,084.0","-39.0","433,500","903,385","97,000","1,100","0.01","0.05","-","2,116.60","2,113.72","2,088.88","2,076.13","1,814.48","337,460","636,960","613,082"
"2020/12/29","2,120.0","2,128.0","2,088.0","2,123.0","+5.0","419,700","885,656","101,400","1,100","0.01","0.05","-","2,122.40","2,118.56","2,089.11","2,072.31","1,811.27","309,800","651,592","617,929"
"2020/12/28","2,169.0","2,169.0","2,107.0","2,118.0","-31.0","312,400","665,315","102,400","1,100","0.01","0.05","-","2,122.60","2,121.84","2,088.75","2,068.33","1,808.09","308,100","677,504","622,998"
"2020/12/25","2,121.0","2,149.0","2,121.0","2,149.0","+40.0","210,600","450,477","104,400","1,000","0.01","0.05","-","2,128.80","2,122.80","2,088.61","2,063.81","1,805.14","315,000","696,832","625,369"
"2020/12/24","2,105.0","2,133.0","2,095.0","2,109.0","-4.0","311,100","657,841","99,200","1,100","0.01","0.05","-","2,131.60","2,121.80","2,087.76","2,058.60","1,801.98","473,480","720,860","627,033"
"2020/12/23","2,132.0","2,138.0","2,103.0","2,113.0","-11.0","295,200","623,148","96,500","1,000","0.01","0.05","-","2,141.60","2,121.56","2,087.72","2,054.61","1,798.93","496,740","740,316","628,758"
"2020/12/22","2,123.0","2,127.0","2,101.0","2,124.0","-25.0","411,200","871,909","98,100","1,000","0.01","0.05","-","2,148.20","2,123.80","2,087.76","2,050.71","1,795.83","603,680","759,564","631,136"
"2020/12/21","2,173.0","2,178.0","2,122.0","2,149.0","-14.0","346,900","743,140","106,600","600","0.01","0.05","-","2,143.00","2,123.28","2,087.17","2,046.98","1,792.50","591,800","767,372","634,454"
"2020/12/18","2,200.0","2,213.0","2,147.0","2,163.0","+4.0","1,003,000","2,175,559","112,600","600","0.01","0.05","-","2,135.40","2,120.16","2,085.59","2,043.19","1,789.34","622,040","785,800","640,632"
"2020/12/17","2,147.0","2,162.0","2,117.0","2,159.0","+13.0","427,400","919,850","107,300","800","0.01","0.05","-","2,115.60","2,117.76","2,084.35","2,039.12","1,786.36","551,720","775,452","636,493"
"2020/12/16","2,140.0","2,160.0","2,120.0","2,146.0","+48.0","829,900","1,775,121","109,600","800","0.01","0.05","-","2,095.20","2,114.92","2,083.13","2,035.13","1,783.39","617,960","801,280","639,497"
"2020/12/15","2,106.0","2,120.0","2,090.0","2,098.0","-13.0","351,800","739,180","100,500","1,000","0.01","0.05","-","2,089.20","2,111.64","2,082.00","2,031.55","1,780.82","543,860","841,392","634,232"
"2020/12/14","2,064.0","2,133.0","2,064.0","2,111.0","+47.0","498,100","1,051,785","98,600","900","0.01","0.05","-","2,091.20","2,107.16","2,081.88","2,028.31","1,778.46","630,880","853,992","638,254"
"2020/12/10","2,109.0","2,109.0","2,050.0","2,057.0","-59.0","758,600","1,572,008","106,500","1,300","0.01","0.05","-","2,088.60","2,097.28","2,081.40","2,022.66","1,774.38","563,640","838,508","636,622"
"2020/11/26","2,203.0","2,203.0","2,151.0","2,162.0","-43.0","696,100","1,508,556","135,400","1,900","0.01","0.05","-","2,167.60","2,043.00","2,069.97","1,983.99","1,759.51","833,960","638,928","655,721"
"2020/11/24","2,211.0","2,238.0","2,192.0","2,205.0","+63.0","1,067,500","2,358,231","139,800","1,100","0.01","0.05","-","2,148.60","2,031.20","2,056.89","1,973.26","1,756.24","849,660","606,320","649,136"
"2020/11/20","2,136.0","2,167.0","2,119.0","2,142.0","+18.0","795,600","1,706,097","129,500","1,100","0.01","0.05","-","2,129.80","2,023.52","2,050.49","1,968.01","1,754.68","757,440","580,448","641,118"
"2020/11/19","2,101.0","2,129.0","2,081.0","2,124.0","+21.0","811,300","1,716,186","133,400","1,100","0.01","0.05","-","2,115.60","2,017.68","2,044.15","1,963.43","1,753.42","759,840","562,664","638,001"
"2020/10/02","2,100.0","2,110.0","2,065.0","2,081.0","0.0","863,000","1,799,160","240,700","2,100","0.01","0.05","-","2,143.00","2,128.52","1,905.48","1,818.56","1,738.47","551,260","650,408","650,549"
"2020/09/15","2,200.0","2,234.0","2,184.0","2,205.0","+27.0","838,600","1,852,391","290,500","3,900","0.01","0.05","-","2,145.60","2,084.88","1,835.11","1,734.74","1,725.24","709,120","698,472","687,532"
"2020/07/30","1,711.0","1,726.0","1,700.0","1,710.0","-13.0","476,100","814,592","137,900","1,300","0.01","0.05","-","1,742.00","1,724.88","1,587.23","1,545.35","1,690.38","396,980","487,224","589,826"
"2020/07/29","1,708.0","1,746.0","1,702.0","1,723.0","-28.0","348,500","600,906","142,800","1,300","0.01","0.05","-","1,752.00","1,725.44","1,583.40","1,543.25","1,690.75","375,280","490,360","589,910"
"2020/07/28","1,770.0","1,770.0","1,744.0","1,751.0","-19.0","312,500","548,603","143,500","1,400","0.01","0.05","-","1,765.00","1,724.16","1,578.92","1,540.94","1,690.92","372,340","505,328","595,512"
"2020/07/27","1,735.0","1,771.0","1,718.0","1,770.0","+14.0","509,600","892,482","150,000","2,200","0.01","0.05","-","1,769.60","1,722.96","1,573.49","1,538.02","1,690.99","357,700","531,636","603,408"
"2020/07/22","1,745.0","1,769.0","1,742.0","1,756.0","-4.0","338,200","594,660","154,100","1,900","0.01","0.05","-","1,776.80","1,719.36","1,567.51","1,535.48","1,691.27","332,840","539,460","605,654"
"2020/07/21","1,761.0","1,768.0","1,749.0","1,760.0","-28.0","367,600","645,582","159,000","1,900","0.01","0.05","-","1,786.40","1,716.92","1,562.29","1,533.59","1,691.59","399,460","556,156","609,466"
"2020/07/20","1,789.0","1,792.0","1,765.0","1,788.0","+14.0","333,800","595,042","163,300","1,600","0.01","0.05","-","1,786.40","1,713.52","1,557.73","1,531.65","1,691.87","415,340","585,640","614,910"
"2020/07/17","1,812.0","1,812.0","1,767.0","1,774.0","-32.0","239,300","425,993","157,700","1,700","0.01","0.05","-","1,781.20","1,707.72","1,553.85","1,530.08","1,692.01","468,540","613,800","620,912"
"2020/07/16","1,814.0","1,822.0","1,774.0","1,806.0","+2.0","385,300","694,210","157,600","1,600","0.01","0.05","-","1,767.20","1,705.48","1,550.80","1,528.60","1,692.27","504,500","650,140","631,481"
"2020/07/15","1,766.0","1,816.0","1,765.0","1,804.0","+44.0","671,300","1,204,438","159,700","1,900","0.01","0.05","-","1,752.80","1,702.60","1,547.61","1,527.23","1,692.21","551,240","688,184","639,058"
"2020/07/14","1,749.0","1,778.0","1,747.0","1,760.0","-2.0","447,000","788,055","156,100","1,700","0.01","0.05","-","1,736.80","1,699.88","1,543.35","1,526.10","1,692.22","522,560","698,020","639,714"
"2020/07/13","1,731.0","1,768.0","1,724.0","1,762.0","+58.0","599,800","1,051,322","158,800","2,000","0.01","0.05","-","1,727.40","1,699.68","1,539.83","1,525.33","1,692.42","530,780","721,840","644,554"
"2020/07/10","1,715.0","1,721.0","1,704.0","1,704.0","-30.0","419,100","717,453","155,400","1,100","0.01","0.05","-","1,719.80","1,698.00","1,535.53","1,524.73","1,692.49","530,860","731,292","647,165"
"2020/07/09","1,722.0","1,761.0","1,710.0","1,734.0","+10.0","619,000","1,074,413","148,000","1,100","0.01","0.05","-","1,711.60","1,696.32","1,530.76","1,524.62","1,692.72","546,300","751,140","657,026"
"2020/02/10","1,867.0","1,887.0","1,867.0","1,871.0","-17.0","414,600","777,847","129,000","1,900","0.01","0.05","-","1,881.40","1,911.04","1,892.99","1,861.38","1,811.03","458,720","393,424","459,982"
"2020/01/24","1,962.0","1,962.0","1,946.0","1,947.0","-7.0","268,800","524,235","126,600","1,600","0.01","0.05","-","1,947.40","1,937.92","1,871.96","1,836.13","1,817.59","323,440","357,952","467,330"
"2020/01/23","1,952.0","1,961.0","1,946.0","1,954.0","-6.0","393,500","768,194","127,400","1,600","0.01","0.05","-","1,938.00","1,936.88","1,869.79","1,832.76","1,818.17","364,900","377,024","468,936"
"2020/01/22","1,951.0","1,968.0","1,948.0","1,960.0","+17.0","401,100","786,136","131,300","1,600","0.01","0.05","-","1,927.00","1,935.72","1,867.17","1,829.36","1,818.45","382,920","379,284","471,032"
"2020/01/21","1,937.0","1,952.0","1,935.0","1,943.0","+10.0","325,400","632,988","120,500","1,700","0.01","0.05","-","1,918.80","1,934.52","1,864.56","1,825.79","1,818.95","383,400","379,336","476,325"
"2020/01/20","1,919.0","1,947.0","1,919.0","1,933.0","+33.0","228,400","441,995","122,900","1,700","0.01","0.05","-","1,921.40","1,934.56","1,863.01","1,822.41","1,819.53","386,700","380,912","479,534"
"2019/12/17","1,950.0","1,976.0","1,950.0","1,974.0","+31.0","482,900","949,544","155,600","2,300","0.01","0.05","-","1,938.60","1,911.92","1,811.65","1,780.28","1,829.01","480,900","559,740","531,129"
"2019/04/12","1,940.0","1,945.0","1,927.0","1,934.0","-4.0","496,800","962,347","110,300","1,100","0.01","0.05","-","1,957.20","2,014.64","1,987.07","1,990.57","2,025.46","506,640","650,552","580,269"
"2019/04/11","1,942.0","1,943.0","1,929.0","1,938.0","-16.0","537,400","1,040,749","110,300","900","0.01","0.05","-","1,967.80","2,017.64","1,988.23","1,991.65","2,026.50","553,480","651,156","586,809"
"2019/04/10","1,953.0","1,966.0","1,944.0","1,954.0","-24.0","498,600","974,864","115,600","900","0.01","0.05","-","1,979.60","2,020.84","1,989.72","1,993.07","2,027.77","574,680","651,132","590,270"
"2019/04/09","1,987.0","1,990.0","1,968.0","1,978.0","-4.0","584,700","1,155,151","130,300","700","0.01","0.05","-","1,990.60","2,022.84","1,990.96","1,994.42","2,028.92","582,060","663,044","598,693"
"2019/04/08","2,000.0","2,000.0","1,974.0","1,982.0","-5.0","415,700","824,088","126,100","1,200","0.01","0.05","-","1,998.20","2,025.20","1,992.07","1,995.18","2,029.93","596,180","662,728","600,120"
"2019/04/05","1,997.0","1,999.0","1,984.0","1,987.0","-10.0","731,000","1,455,041","127,400","1,400","0.01","0.05","-","2,007.00","2,027.24","1,992.85","1,996.06","2,031.02","678,360","666,016","603,504"
"2019/04/04","2,010.0","2,014.0","1,991.0","1,997.0","-12.0","643,400","1,284,626","124,100","1,400","0.01","0.05","-","2,010.60","2,029.12","1,993.36","1,996.58","2,031.75","687,180","658,872","607,466"
"2019/04/03","2,015.0","2,019.0","1,996.0","2,009.0","-7.0","535,500","1,074,525","119,700","1,200","0.01","0.05","-","2,012.60","2,031.76","1,993.69","1,997.09","2,032.38","669,080","658,368","612,318"
"2019/04/02","2,035.0","2,036.0","2,011.0","2,016.0","-10.0","655,300","1,324,179","116,900","1,300","0.01","0.05","-","2,018.20","2,032.60","1,993.84","1,997.53","2,032.88","717,440","656,400","616,993"
"2019/04/01","2,011.0","2,039.0","2,004.0","2,026.0","+21.0","826,600","1,674,417","115,300","1,200","0.01","0.05","-","2,027.60","2,033.12","1,993.36","1,997.91","2,033.41","784,580","646,480","618,366"
"2019/03/29","2,030.0","2,032.0","1,997.0","2,005.0","-2.0","775,100","1,555,207","109,800","1,300","0.01","0.05","-","2,024.60","2,033.16","1,993.09","1,997.75","2,033.86","759,480","628,476","615,768"
"2019/03/28","2,005.0","2,022.0","1,995.0","2,007.0","-30.0","552,900","1,108,819","108,200","1,300","0.01","0.05","-","2,035.60","2,034.40","1,993.15","1,997.66","2,034.37","719,520","620,780","617,829"
"2019/03/27","2,038.0","2,043.0","2,008.0","2,037.0","-26.0","777,300","1,574,492","118,300","1,300","0.01","0.05","-","2,046.00","2,034.88","1,993.45","1,997.59","2,034.92","706,340","615,856","616,784"
"2019/03/25","2,050.0","2,050.0","2,001.0","2,011.0","-49.0","701,100","1,411,294","129,800","700","0.01","0.05","-","2,049.80","2,030.72","1,991.95","1,996.21","2,035.14","616,300","593,112","612,208"
"2019/03/22","2,054.0","2,066.0","2,044.0","2,060.0","+1.0","575,300","1,182,317","147,500","1,300","0.01","0.05","-","2,058.20","2,029.80","1,991.52","1,995.67","2,035.47","646,540","590,408","610,740"
"2019/03/20","2,046.0","2,060.0","2,031.0","2,059.0","+5.0","487,000","997,449","132,400","1,400","0.01","0.05","-","2,051.20","2,027.08","1,990.29","1,995.36","2,035.67","635,280","595,000","613,634"
"2019/03/19","2,073.0","2,075.0","2,041.0","2,054.0","-11.0","766,000","1,575,063","184,100","1,400","0.01","0.05","-","2,049.20","2,025.52","1,988.76","1,994.66","2,036.05","686,300","620,860","615,824"
"2019/03/18","2,059.0","2,066.0","2,043.0","2,065.0","+12.0","552,100","1,136,767","134,500","900","0.01","0.05","-","2,046.40","2,022.96","1,987.28","1,994.08","2,036.53","659,260","625,536","610,970"
"2019/03/15","2,036.0","2,055.0","2,036.0","2,053.0","+28.0","852,300","1,747,270","128,800","900","0.01","0.05","-","2,038.60","2,019.48","1,985.39","1,993.63","2,037.17","681,260","622,164","613,284"
"2019/03/14","2,050.0","2,050.0","2,024.0","2,025.0","-24.0","519,000","1,055,226","125,800","900","0.01","0.05","-","2,026.20","2,017.68","1,983.79","1,992.83","2,038.00","661,740","598,880","619,216"
"2019/03/13","2,044.0","2,051.0","2,037.0","2,049.0","+9.0","742,100","1,517,213","125,800","1,100","0.01","0.05","-","2,023.00","2,017.92","1,983.69","1,992.02","2,039.00","660,320","595,260","623,801"
"2019/03/12","2,040.0","2,049.0","2,034.0","2,040.0","+14.0","630,800","1,287,503","131,100","1,700","0.01","0.05","-","2,016.80","2,016.80","1,983.35","1,991.13","2,039.87","619,260","578,504","627,905"
"2019/03/11","2,011.0","2,029.0","2,004.0","2,026.0","+35.0","662,100","1,338,290","128,600","1,700","0.01","0.05","-","2,009.60","2,015.92","1,982.91","1,990.34","2,040.85","652,380","573,608","627,362"
"2019/03/08","2,009.0","2,019.0","1,983.0","1,991.0","-18.0","754,700","1,508,451","136,600","900","0.01","0.05","-","2,011.80","2,015.00","1,982.52","1,990.01","2,041.84","635,320","564,308","628,036"
"2019/03/07","2,010.0","2,025.0","1,999.0","2,009.0","-9.0","511,900","1,029,005","139,000","1,200","0.01","0.05","-","2,020.20","2,014.60","1,982.55","1,989.93","2,042.45","583,960","553,300","632,588"
"2019/03/04","2,053.0","2,057.0","2,024.0","2,037.0","+4.0","576,800","1,173,963","141,300","1,500","0.01","0.05","-","2,039.40","2,011.32","1,984.95","1,989.78","2,043.99","548,840","534,412","637,981"
"2019/03/01","2,030.0","2,044.0","2,030.0","2,033.0","-1.0","497,900","1,013,607","145,800","1,400","0.01","0.05","-","2,037.80","2,008.84","1,985.17","1,989.42","2,044.25","514,940","527,828","636,628"
"2019/02/28","2,062.0","2,068.0","2,033.0","2,034.0","-29.0","552,400","1,126,466","145,000","1,100","0.01","0.05","-","2,036.60","2,005.12","1,985.67","1,989.29","2,044.64","490,660","524,216","637,338"
"2019/02/27","2,048.0","2,083.0","2,047.0","2,063.0","+33.0","630,800","1,301,723","144,000","1,600","0.01","0.05","-","2,037.00","2,000.88","1,985.73","1,989.16","2,045.30","496,720","520,800","636,594"
"2019/02/22","2,014.0","2,032.0","2,010.0","2,027.0","-9.0","376,500","762,438","134,100","1,200","0.01","0.05","-","2,015.60","1,990.88","1,986.17","1,987.79","2,047.02","517,740","508,400","643,262"
"2019/02/21","2,026.0","2,040.0","2,019.0","2,036.0","+17.0","582,700","1,183,440","133,500","1,100","0.01","0.05","-","2,007.80","1,987.04","1,985.95","1,987.68","2,047.59","569,140","511,500","644,840"
"2019/02/20","2,008.0","2,022.0","2,006.0","2,019.0","+7.0","429,800","866,432","120,900","1,100","0.01","0.05","-","1,999.00","1,982.08","1,985.41","1,987.27","2,048.10","590,620","509,464","646,700"
"2019/02/19","1,998.0","2,014.0","1,984.0","2,012.0","+28.0","527,800","1,056,922","125,000","1,100","0.01","0.05","-","1,999.20","1,978.56","1,985.16","1,987.15","2,048.53","731,360","513,524","654,820"
"2019/02/18","2,009.0","2,009.0","1,973.0","1,984.0","-4.0","671,900","1,333,867","101,900","900","0.01","0.05","-","1,994.80","1,976.04","1,984.63","1,987.00","2,049.06","802,380","518,228","658,529"
"2019/02/15","2,006.0","2,013.0","1,970.0","1,988.0","-4.0","633,500","1,258,729","114,400","900","0.01","0.05","-","1,993.60","1,974.04","1,984.71","1,986.38","2,049.56","761,560","516,596","660,036"
"2019/02/14","1,986.0","2,012.0","1,984.0","1,992.0","-28.0","690,100","1,377,261","120,200","700","0.01","0.05","-","1,997.60","1,971.72","1,984.29","1,985.91","2,050.07","688,900","506,176","661,966"
"2019/02/13","2,030.0","2,053.0","1,988.0","2,020.0","+30.0","1,133,500","2,292,090","126,600","700","0.01","0.05","-","2,005.40","1,968.72","1,984.79","1,985.20","2,050.53","636,580","497,336","659,342"
"2019/02/08","1,985.0","1,999.0","1,978.0","1,978.0","-30.0","467,800","928,891","57,800","700","0.01","0.05","-","2,011.20","1,960.84","1,984.45","1,983.73","2,051.11","399,620","460,856","647,533"
"2019/02/07","2,026.0","2,026.0","1,997.0","2,008.0","-23.0","270,200","542,025","53,500","700","0.01","0.05","-","2,016.20","1,957.76","1,985.01","1,983.31","2,051.48","391,980","458,568","647,752"
"2019/02/04","2,018.0","2,041.0","2,013.0","2,018.0","+15.0","508,400","1,029,283","51,300","600","0.01","0.05","-","1,994.20","1,935.20","1,982.57","1,981.11","2,051.58","482,020","493,292","661,221"
"2021/06/15","2,922.0","2,962.0","2,906.0","2,957.0","+3.0","496,100","1,462,941","105,500","2,600","0.02","0.05","-","2,994.20","2,912.88","2,767.49","2,670.30","2,381.13","530,400","743,564","663,485"
"2021/06/14","3,040.0","3,050.0","2,944.0","2,954.0","-61.0","356,000","1,056,913","104,400","2,600","0.02","0.05","-","3,013.80","2,904.80","2,760.35","2,662.59","2,376.53","532,880","748,996","664,170"
"2021/06/11","3,015.0","3,060.0","2,985.0","3,015.0","-20.0","606,400","1,828,225","121,100","2,800","0.02","0.05","-","3,027.00","2,897.84","2,753.61","2,655.13","2,372.01","558,160","753,060","665,002"
"2021/06/08","3,030.0","3,060.0","2,999.0","3,055.0","+35.0","508,500","1,543,545","138,900","2,200","0.02","0.10","-","2,976.20","2,859.68","2,728.89","2,630.49","2,357.55","557,800","764,808","663,350"
"2021/06/07","2,991.0","3,025.0","2,974.0","3,020.0","+63.0","482,400","1,452,402","118,700","2,800","0.02","0.05","-","2,957.80","2,843.24","2,719.89","2,621.21","2,352.53","544,760","776,604","662,300"
"2021/06/04","2,934.0","2,966.0","2,921.0","2,957.0","+49.0","494,200","1,457,824","132,300","2,200","0.02","0.05","-","2,937.00","2,827.32","2,711.88","2,611.98","2,347.67","558,760","789,884","665,986"
"2021/06/03","2,914.0","2,937.0","2,893.0","2,908.0","-33.0","557,900","1,624,554","132,300","2,100","0.02","0.05","-","2,939.40","2,815.76","2,705.52","2,602.92","2,342.85","646,880","792,760","670,773"
"2021/05/31","2,952.0","2,959.0","2,887.0","2,916.0","-53.0","552,400","1,608,303","104,500","1,800","0.02","0.05","-","2,935.80","2,790.28","2,687.48","2,575.92","2,324.12","944,780","807,304","680,388"
"2021/05/26","2,914.0","2,949.0","2,911.0","2,935.0","+11.0","808,900","2,372,571","119,900","2,400","0.02","0.05","-","2,920.40","2,769.52","2,666.13","2,551.62","2,305.11","769,740","759,592","652,738"
"2021/05/25","2,940.0","2,941.0","2,894.0","2,924.0","+3.0","583,400","1,704,096","116,600","1,900","0.02","0.05","-","2,915.00","2,763.32","2,658.40","2,543.36","2,298.99","797,280","748,016","646,073"
"2021/05/24","2,930.0","2,938.0","2,899.0","2,921.0","+7.0","677,600","1,980,360","117,700","1,800","0.02","0.05","-","2,915.20","2,758.20","2,651.11","2,535.25","2,292.98","873,600","770,868","647,529"
"2021/05/17","2,893.0","2,926.0","2,800.0","2,829.0","+112.0","1,319,900","3,735,003","105,100","2,100","0.02","0.05","-","2,701.40","2,722.92","2,613.85","2,496.90","2,264.23","848,960","714,840","635,392"
"2021/05/14","2,630.0","2,763.0","2,613.0","2,717.0","+121.0","841,400","2,260,668","110,200","1,900","0.02","0.05","-","2,691.60","2,717.48","2,607.83","2,489.59","2,258.95","676,500","677,212","633,154"
"2021/05/13","2,593.0","2,621.0","2,581.0","2,596.0","-14.0","682,300","1,772,210","91,800","1,900","0.02","0.05","-","2,697.80","2,719.16","2,601.24","2,483.53","2,254.40","598,920","653,016","629,829"
"2021/05/12","2,736.0","2,738.0","2,591.0","2,610.0","-145.0","769,300","2,024,865","95,100","1,900","0.02","0.05","-","2,717.60","2,724.60","2,595.67","2,478.21","2,250.44","654,180","637,004","628,678"
"2021/05/11","2,787.0","2,797.0","2,740.0","2,755.0","-25.0","631,900","1,746,603","110,600","1,800","0.02","0.05","-","2,728.20","2,728.88","2,589.44","2,472.68","2,246.19","636,620","627,660","627,616"
"2021/05/10","2,751.0","2,790.0","2,751.0","2,780.0","+32.0","457,600","1,270,145","107,000","1,800","0.02","0.05","-","2,706.00","2,725.72","2,581.85","2,466.29","2,241.22","670,920","630,488","624,344"
"2021/05/07","2,710.0","2,751.0","2,681.0","2,748.0","+53.0","453,500","1,240,985","99,300","1,800","0.02","0.05","-","2,674.40","2,724.20","2,574.23","2,459.57","2,235.84","742,280","633,340","626,746"
"2021/05/06","2,690.0","2,718.0","2,665.0","2,695.0","+32.0","958,600","2,576,356","90,100","1,800","0.02","0.05","-","2,658.40","2,724.28","2,567.28","2,452.89","2,230.77","764,800","649,672","626,254"
"2021/04/30","2,655.0","2,674.0","2,636.0","2,663.0","+19.0","681,500","1,811,568","90,900","1,800","0.02","0.05","-","2,661.80","2,726.32","2,560.93","2,446.76","2,225.92","725,680","637,352","621,106"
"2021/04/28","2,689.0","2,692.0","2,622.0","2,644.0","+22.0","803,400","2,126,020","94,500","1,900","0.02","0.05","-","2,679.80","2,729.80","2,554.09","2,440.98","2,221.17","697,280","634,824","619,498"
"2021/04/27","2,650.0","2,651.0","2,610.0","2,622.0","-46.0","814,400","2,139,635","107,400","1,900","0.02","0.05","-","2,693.00","2,733.92","2,547.20","2,435.54","2,216.57","698,260","618,192","614,724"
"2021/04/21","2,716.0","2,754.0","2,683.0","2,710.0","-39.0","808,300","2,191,773","92,500","2,300","0.02","0.05","-","2,758.20","2,750.04","2,512.81","2,413.04","2,195.96","693,320","612,108","608,230"
"2021/03/29","2,760.0","2,765.0","2,706.0","2,750.0","+4.0","861,800","2,366,236","138,000","2,400","0.02","2.70","-","2,757.60","2,638.80","2,371.36","2,297.44","2,107.36","631,820","608,608","584,945"
"2021/03/15","2,720.0","2,731.0","2,701.0","2,731.0","+11.0","374,400","1,018,998","92,700","2,100","0.02","0.05","-","2,681.00","2,506.40","2,285.73","2,220.18","2,048.02","769,000","634,376","627,370"
"2021/03/11","2,668.0","2,713.0","2,652.0","2,703.0","+35.0","653,200","1,759,730","92,900","2,200","0.02","0.05","-","2,595.40","2,479.92","2,269.93","2,205.52","2,035.07","784,520","622,144","635,412"
"2021/02/25","2,475.0","2,500.0","2,440.0","2,492.0","+71.0","416,800","1,036,267","93,900","1,600","0.02","0.05","-","2,433.80","2,392.68","2,205.27","2,159.54","1,978.42","471,980","625,044","653,282"
"2021/02/08","2,470.0","2,527.0","2,459.0","2,493.0","+63.0","782,000","1,948,989","111,300","1,800","0.02","0.05","-","2,413.40","2,257.60","2,136.29","2,131.06","1,921.04","469,780","589,780","618,388"
"2021/02/05","2,450.0","2,461.0","2,411.0","2,430.0","+9.0","559,900","1,359,697","88,600","1,900","0.02","0.05","-","2,390.20","2,241.24","2,130.33","2,127.14","1,915.52","451,900","575,840","611,250"
"2021/02/04","2,410.0","2,433.0","2,382.0","2,421.0","+53.0","403,700","974,394","98,300","2,400","0.02","0.05","-","2,365.60","2,228.96","2,124.77","2,123.80","1,910.30","492,700","570,232","609,394"
"2021/01/22","2,273.0","2,378.0","2,255.0","2,377.0","+154.0","1,152,100","2,702,417","139,800","3,400","0.02","0.05","-","2,221.40","2,146.04","2,087.84","2,098.01","1,866.73","683,240","529,848","594,045"
"2020/12/11","2,055.0","2,065.0","2,037.0","2,064.0","+7.0","651,400","1,337,682","96,400","1,900","0.02","0.05","-","2,085.00","2,101.16","2,081.63","2,025.26","1,776.25","624,520","851,336","640,790"
"2020/12/09","2,105.0","2,140.0","2,101.0","2,116.0","+8.0","459,400","973,775","94,900","2,100","0.02","0.05","-","2,094.20","2,092.16","2,081.81","2,019.69","1,772.51","528,680","826,728","634,185"
"2020/12/08","2,098.0","2,120.0","2,069.0","2,108.0","+28.0","786,900","1,653,707","103,300","1,900","0.02","0.05","-","2,091.00","2,084.68","2,080.76","2,016.15","1,770.44","672,880","826,380","637,265"
"2020/12/07","2,100.0","2,113.0","2,074.0","2,080.0","-2.0","466,300","974,009","105,500","1,900","0.02","0.05","-","2,091.40","2,075.68","2,079.97","2,012.11","1,768.37","718,040","815,828","635,456"
"2020/11/27","2,150.0","2,162.0","2,116.0","2,135.0","-27.0","940,400","2,009,916","126,400","2,600","0.02","0.05","-","2,169.80","2,046.76","2,076.04","1,988.87","1,760.93","859,780","657,944","660,876"
"2020/11/25","2,237.0","2,245.0","2,196.0","2,205.0","0.0","799,300","1,770,432","139,100","2,200","0.02","0.05","-","2,155.80","2,037.56","2,063.60","1,978.88","1,758.00","854,240","628,424","654,638"
"2020/11/18","2,160.0","2,163.0","2,096.0","2,103.0","-66.0","797,500","1,686,858","136,500","3,000","0.02","0.05","-","2,111.40","2,012.28","2,037.53","1,959.37","1,752.47","746,440","549,104","635,604"
"2020/11/17","2,151.0","2,176.0","2,130.0","2,169.0","+58.0","776,400","1,676,183","143,600","3,000","0.02","0.05","-","2,108.40","2,009.56","2,032.29","1,955.58","1,751.69","801,560","529,564","631,318"
"2020/11/16","2,109.0","2,121.0","2,067.0","2,111.0","+40.0","606,400","1,276,778","134,700","3,200","0.02","0.05","-","2,087.40","2,004.24","2,026.35","1,950.80","1,750.61","1,012,820","519,348","625,613"
"2020/10/15","2,002.0","2,009.0","1,982.0","1,996.0","+7.0","351,000","700,180","192,500","3,600","0.02","0.05","-","2,021.20","2,120.88","1,949.51","1,875.85","1,743.51","413,240","611,044","610,892"
"2020/10/14","2,018.0","2,020.0","1,982.0","1,989.0","-46.0","472,300","942,058","191,900","3,700","0.02","0.05","-","2,041.00","2,125.36","1,945.35","1,870.17","1,743.40","412,180","616,612","611,409"
"2020/09/11","2,118.0","2,150.0","2,097.0","2,148.0","+47.0","601,800","1,281,318","265,900","4,800","0.02","0.05","-","2,107.60","2,056.44","1,819.15","1,718.61","1,721.84","604,860","761,104","696,498"
"2020/08/07","1,685.0","1,700.0","1,676.0","1,680.0","-4.0","553,800","933,473","143,800","2,200","0.02","0.05","-","1,691.40","1,727.36","1,610.16","1,557.46","1,688.80","516,660","482,948","605,708"
"2020/08/06","1,714.0","1,724.0","1,671.0","1,684.0","-18.0","614,900","1,036,537","133,200","2,500","0.02","0.05","-","1,681.00","1,726.04","1,606.00","1,554.93","1,689.00","532,200","485,244","602,950"
"2020/08/05","1,699.0","1,720.0","1,679.0","1,702.0","-23.0","386,600","656,969","126,900","2,400","0.02","0.05","-","1,686.20","1,724.72","1,602.05","1,552.83","1,689.26","504,440","481,980","600,965"
"2020/08/04","1,674.0","1,726.0","1,674.0","1,725.0","+59.0","466,200","798,256","131,500","2,700","0.02","0.05","-","1,690.40","1,722.36","1,597.88","1,550.23","1,689.40","496,820","489,944","601,792"
"2020/08/03","1,665.0","1,673.0","1,636.0","1,666.0","+38.0","561,800","930,676","127,100","2,700","0.02","0.05","-","1,695.60","1,720.56","1,593.36","1,547.85","1,689.39","466,080","489,768","598,746"
"2020/07/08","1,742.0","1,747.0","1,715.0","1,724.0","+11.0","527,900","913,784","149,900","2,600","0.02","0.05","-","1,699.40","1,692.00","1,526.48","1,523.89","1,692.64","558,360","758,140","667,805"
"2020/07/07","1,737.0","1,749.0","1,699.0","1,713.0","-11.0","488,100","840,210","152,200","2,600","0.02","0.05","-","1,684.00","1,688.60","1,522.49","1,525.36","1,692.52","575,020","767,248","685,005"
"2020/07/06","1,671.0","1,730.0","1,668.0","1,724.0","+61.0","600,200","1,027,629","159,100","3,100","0.02","0.05","-","1,671.60","1,685.88","1,517.36","1,527.11","1,692.31","584,060","774,236","698,678"
"2020/06/29","1,661.0","1,664.0","1,623.0","1,643.0","-37.0","585,700","963,554","221,400","4,400","0.02","0.05","-","1,689.80","1,671.08","1,495.53","1,537.11","1,692.05","546,340","846,052","745,288"
"2020/06/25","1,713.0","1,720.0","1,682.0","1,684.0","-34.0","389,800","661,697","155,900","3,100","0.02","0.05","-","1,707.60","1,654.88","1,490.28","1,541.34","1,691.82","675,420","836,640","751,988"
"2020/06/24","1,708.0","1,734.0","1,691.0","1,718.0","-6.0","739,900","1,268,774","141,000","3,100","0.02","0.05","-","1,706.80","1,644.64","1,488.20","1,543.40","1,691.48","738,500","836,280","752,656"
"2020/06/23","1,699.0","1,743.0","1,694.0","1,724.0","+33.0","554,500","956,274","133,800","3,100","0.02","0.05","-","1,702.20","1,633.24","1,485.51","1,545.56","1,690.85","741,640","834,744","751,036"
"2020/06/22","1,693.0","1,704.0","1,677.0","1,691.0","-30.0","722,700","1,221,782","127,700","3,100","0.02","0.05","-","1,692.40","1,621.16","1,482.52","1,547.79","1,690.28","851,680","834,316","755,002"
"2020/06/19","1,693.0","1,730.0","1,687.0","1,721.0","+41.0","970,200","1,665,060","124,600","3,100","0.02","0.05","-","1,682.80","1,608.80","1,479.87","1,550.42","1,689.89","914,700","858,088","756,681"
"2020/06/18","1,677.0","1,686.0","1,652.0","1,680.0","-15.0","705,200","1,181,736","128,000","3,100","0.02","0.05","-","1,682.20","1,595.52","1,476.37","1,552.81","1,689.30","950,220","840,636","757,916"
"2020/06/17","1,696.0","1,716.0","1,682.0","1,695.0","+20.0","755,600","1,284,240","129,200","3,100","0.02","0.05","-","1,693.00","1,583.76","1,474.19","1,555.44","1,688.93","1,076,460","831,584","755,404"
"2020/06/16","1,680.0","1,689.0","1,636.0","1,675.0","+32.0","1,104,700","1,845,381","130,600","3,100","0.02","0.05","-","1,701.20","1,573.76","1,472.48","1,557.82","1,688.39","1,108,780","814,252","752,486"
"2020/06/15","1,674.0","1,682.0","1,640.0","1,643.0","-75.0","1,037,800","1,724,613","134,200","3,100","0.02","0.05","-","1,717.20","1,564.52","1,471.03","1,560.07","1,687.85","1,096,340","784,316","746,316"
"2020/02/07","1,929.0","1,931.0","1,887.0","1,888.0","-29.0","430,600","816,168","122,300","1,900","0.02","0.05","-","1,877.20","1,912.96","1,891.48","1,859.68","1,811.45","458,880","390,540","459,794"
"2020/02/06","1,906.0","1,935.0","1,905.0","1,917.0","+41.0","488,600","938,442","117,600","1,900","0.02","0.05","-","1,871.60","1,915.16","1,889.99","1,857.50","1,811.90","448,120","381,032","461,804"
"2020/01/29","1,884.0","1,895.0","1,879.0","1,893.0","+3.0","414,700","783,495","112,700","1,800","0.02","0.05","-","1,923.60","1,932.12","1,878.65","1,844.92","1,815.93","358,580","344,056","463,993"
"2020/01/28","1,910.0","1,916.0","1,887.0","1,890.0","-44.0","392,700","744,957","112,800","1,900","0.02","0.05","-","1,937.00","1,934.20","1,876.39","1,842.29","1,816.49","355,860","354,328","464,361"
"2020/01/27","1,934.0","1,946.0","1,919.0","1,934.0","-13.0","323,200","625,361","125,200","1,900","0.02","0.05","-","1,947.60","1,937.56","1,874.16","1,839.55","1,817.07","342,400","357,936","466,364"
"2020/01/16","1,917.0","1,917.0","1,893.0","1,899.0","-20.0","483,600","919,632","120,300","2,800","0.02","0.05","-","1,935.20","1,938.32","1,860.39","1,815.63","1,820.96","369,840","379,596","482,181"
"2020/01/15","1,937.0","1,941.0","1,919.0","1,919.0","-37.0","403,500","776,992","116,700","2,300","0.02","0.05","-","1,941.60","1,940.80","1,859.28","1,812.12","1,821.73","360,200","374,332","485,516"
"2020/01/14","1,950.0","1,956.0","1,936.0","1,956.0","+11.0","341,900","666,878","127,100","2,100","0.02","0.05","-","1,947.20","1,941.64","1,858.03","1,808.63","1,822.26","349,400","376,956","489,070"
"2020/01/10","1,958.0","1,962.0","1,942.0","1,945.0","-12.0","331,800","645,899","116,400","2,100","0.02","0.05","-","1,935.60","1,939.84","1,855.87","1,805.12","1,822.73","370,780","395,332","490,248"
"2020/01/09","1,941.0","1,962.0","1,939.0","1,957.0","+26.0","288,400","563,482","128,600","2,700","0.02","0.05","-","1,930.40","1,940.16","1,854.03","1,802.56","1,823.20","372,920","399,724","493,204"
"2020/01/08","1,923.0","1,936.0","1,901.0","1,931.0","-16.0","435,400","837,229","128,400","2,600","0.02","0.05","-","1,927.60","1,939.68","1,851.93","1,799.86","1,823.55","353,820","412,520","500,386"
"2020/01/07","1,935.0","1,952.0","1,927.0","1,947.0","+49.0","349,500","679,027","132,000","2,800","0.02","0.05","-","1,927.60","1,939.96","1,849.85","1,797.71","1,823.85","339,260","407,704","506,048"
"2020/01/06","1,898.0","1,906.0","1,881.0","1,898.0","-21.0","448,800","850,184","116,500","2,800","0.02","0.05","-","1,923.20","1,939.64","1,847.23","1,795.24","1,824.16","311,520","414,904","510,409"
"2019/12/30","1,933.0","1,939.0","1,918.0","1,919.0","-24.0","342,500","658,275","123,800","2,800","0.02","0.05","-","1,929.20","1,939.48","1,844.83","1,793.34","1,824.76","266,240","418,684","511,308"
"2019/12/27","1,947.0","1,948.0","1,933.0","1,943.0","+12.0","192,900","374,552","122,900","2,200","0.02","0.05","-","1,933.60","1,938.84","1,841.92","1,791.39","1,825.18","236,900","416,852","511,638"
"2019/12/26","1,916.0","1,931.0","1,906.0","1,931.0","+6.0","362,600","696,474","133,400","2,200","0.02","0.05","-","1,936.40","1,936.80","1,838.28","1,789.75","1,825.65","269,900","448,444","514,222"
"2019/12/24","1,938.0","1,940.0","1,924.0","1,928.0","-13.0","222,400","429,069","127,100","2,200","0.02","0.05","-","1,944.80","1,934.52","1,831.37","1,787.31","1,826.71","371,460","492,776","521,358"
"2019/12/23","1,956.0","1,956.0","1,935.0","1,941.0","-16.0","195,800","380,073","145,100","2,200","0.02","0.05","-","1,954.00","1,931.88","1,827.93","1,785.98","1,827.38","423,560","502,044","525,588"
"2019/12/20","1,957.0","1,972.0","1,948.0","1,957.0","+4.0","357,900","700,962","131,700","3,000","0.02","0.05","-","1,954.40","1,927.92","1,823.99","1,784.65","1,827.83","449,120","512,648","529,158"
"2019/12/19","1,935.0","1,956.0","1,934.0","1,953.0","+8.0","409,700","797,708","124,800","2,100","0.02","0.05","-","1,947.20","1,923.48","1,819.95","1,783.24","1,828.19","526,660","544,912","529,761"
"2019/12/18","1,966.0","1,974.0","1,941.0","1,945.0","-29.0","671,500","1,311,090","130,300","2,300","0.02","0.05","-","1,941.60","1,916.92","1,815.85","1,781.80","1,828.56","534,720","562,112","531,661"
"2019/12/09","1,972.0","1,976.0","1,957.0","1,964.0","+1.0","267,100","524,492","118,000","2,800","0.02","0.05","-","1,947.80","1,887.44","1,785.03","1,771.29","1,830.90","458,800","586,504","538,982"
"2019/12/06","1,966.0","1,977.0","1,958.0","1,963.0","+2.0","404,500","794,901","122,300","2,200","0.02","0.05","-","1,945.60","1,881.40","1,780.00","1,769.75","1,831.03","493,700","588,316","540,380"
"2019/04/16","1,938.0","1,949.0","1,931.0","1,941.0","-3.0","416,700","808,197","111,800","2,200","0.02","0.05","-","1,942.20","2,009.36","1,985.44","1,989.52","2,023.49","464,260","625,420","569,474"
"2019/04/15","1,958.0","1,966.0","1,939.0","1,944.0","+10.0","371,800","724,046","112,000","2,100","0.02","0.05","-","1,949.60","2,012.76","1,985.75","1,990.08","2,024.45","497,860","635,236","574,528"
"2019/03/06","2,010.0","2,027.0","2,009.0","2,018.0","+14.0","536,800","1,083,870","135,800","2,300","0.02","0.05","-","2,025.20","2,013.32","1,982.99","1,989.92","2,042.86","592,060","554,176","639,772"
"2019/03/05","2,021.0","2,028.0","1,996.0","2,004.0","-33.0","796,400","1,599,784","133,300","2,200","0.02","0.05","-","2,034.20","2,012.28","1,983.81","1,989.84","2,043.37","610,860","551,056","640,094"
"2019/02/26","2,021.0","2,032.0","2,018.0","2,030.0","+1.0","486,300","985,234","137,200","2,200","0.02","0.05","-","2,028.20","1,996.48","1,985.53","1,988.30","2,045.84","456,520","513,984","635,601"
"2019/02/25","2,048.0","2,048.0","2,028.0","2,029.0","+2.0","407,300","828,050","137,500","2,200","0.02","0.05","-","2,024.60","1,993.80","1,985.84","1,987.76","2,046.39","464,820","509,364","637,461"
"2019/02/06","2,023.0","2,042.0","2,017.0","2,031.0","+10.0","428,500","870,005","50,800","900","0.02","0.05","-","2,010.80","1,953.20","1,984.55","1,982.56","2,051.62","433,840","472,240","651,994"
"2019/02/05","2,020.0","2,027.0","2,014.0","2,021.0","+3.0","323,200","652,826","50,400","900","0.02","0.05","-","2,000.00","1,943.88","1,983.39","1,981.92","2,051.56","454,900","481,864","654,550"
"2019/02/01","2,003.0","2,026.0","1,999.0","2,003.0","+22.0","429,600","862,301","48,900","800","0.02","0.05","-","1,986.60","1,931.04","1,981.81","1,980.97","2,051.67","456,400","509,396","666,260"
"2021/06/18","2,926.0","2,981.0","2,910.0","2,943.0","+30.0","1,011,800","2,975,101","105,800","2,900","0.03","0.05","-","2,945.20","2,948.56","2,785.97","2,693.01","2,394.07","532,960","724,352","664,541"
"2021/06/17","2,970.0","2,978.0","2,904.0","2,913.0","-46.0","402,200","1,175,964","103,000","2,900","0.03","0.05","-","2,959.60","2,939.52","2,780.40","2,685.81","2,389.82","451,880","717,536","657,972"
"2021/06/16","2,933.0","2,969.0","2,920.0","2,959.0","+2.0","398,700","1,177,259","103,900","2,600","0.03","0.05","-","2,984.00","2,926.84","2,773.72","2,678.46","2,385.49","479,220","728,740","663,244"
"2021/06/10","3,025.0","3,055.0","3,015.0","3,035.0","+25.0","538,900","1,634,730","115,900","3,000","0.03","0.05","-","3,015.40","2,887.16","2,745.69","2,647.25","2,367.16","535,720","746,944","662,516"
"2021/06/09","3,060.0","3,065.0","2,987.0","3,010.0","-45.0","654,600","1,974,609","118,200","3,200","0.03","0.05","-","2,990.00","2,873.56","2,737.04","2,639.09","2,362.26","539,520","763,732","662,761"
"2021/05/28","2,961.0","2,980.0","2,946.0","2,969.0","+34.0","934,800","2,771,237","114,000","3,000","0.03","0.05","-","2,936.80","2,783.60","2,681.00","2,567.99","2,318.16","969,820","814,376","680,488"
"2021/04/26","2,727.0","2,727.0","2,651.0","2,668.0","-44.0","566,100","1,511,901","90,200","2,300","0.03","0.05","-","2,718.40","2,740.84","2,540.20","2,430.42","2,211.77","681,220","611,248","610,456"
"2021/04/23","2,756.0","2,761.0","2,693.0","2,712.0","-41.0","763,000","2,074,426","86,500","2,300","0.03","0.05","-","2,740.20","2,745.28","2,531.97","2,424.72","2,206.80","700,200","605,344","610,866"
"2021/04/22","2,760.0","2,767.0","2,727.0","2,753.0","+43.0","539,500","1,483,095","83,700","2,300","0.03","0.05","-","2,752.80","2,748.52","2,522.79","2,418.95","2,201.47","697,320","608,852","606,346"
"2021/03/26","2,785.0","2,786.0","2,741.0","2,746.0","-4.0","650,600","1,790,671","126,900","4,400","0.03","0.05","-","2,763.40","2,625.64","2,362.43","2,289.46","2,101.74","543,160","590,932","579,672"
"2021/03/24","2,771.0","2,789.0","2,724.0","2,747.0","-48.0","387,600","1,067,319","126,200","4,000","0.03","0.05","-","2,781.00","2,597.20","2,344.71","2,273.63","2,090.68","583,700","590,420","575,164"
"2021/03/09","2,565.0","2,592.0","2,545.0","2,583.0","+66.0","767,400","1,978,186","93,200","2,800","0.03","0.05","-","2,530.00","2,454.36","2,255.28","2,192.52","2,022.23","546,060","579,256","628,746"
"2021/03/08","2,549.0","2,565.0","2,495.0","2,517.0","+11.0","697,100","1,762,169","91,800","2,700","0.03","0.05","-","2,516.40","2,443.32","2,248.99","2,187.19","2,016.26","513,800","579,116","626,600"
"2021/03/05","2,478.0","2,506.0","2,445.0","2,506.0","-8.0","384,300","955,386","92,000","2,700","0.03","0.05","-","2,518.00","2,436.72","2,243.04","2,182.97","2,010.61","478,200","582,340","628,073"
"2021/03/04","2,505.0","2,524.0","2,470.0","2,514.0","-16.0","435,600","1,091,172","93,700","2,800","0.03","0.05","-","2,499.20","2,433.32","2,237.67","2,178.86","2,005.30","560,860","604,184","632,873"
"2021/03/03","2,524.0","2,543.0","2,506.0","2,530.0","+15.0","445,900","1,127,233","97,600","3,200","0.03","0.05","-","2,494.80","2,425.92","2,231.99","2,174.74","1,999.95","557,100","609,328","641,373"
"2021/03/02","2,544.0","2,548.0","2,506.0","2,515.0","-10.0","606,100","1,529,279","97,500","2,800","0.03","0.05","-","2,473.00","2,419.64","2,225.77","2,170.79","1,994.68","577,420","608,352","659,864"
"2021/03/01","2,454.0","2,527.0","2,454.0","2,525.0","+113.0","519,100","1,302,380","106,500","2,800","0.03","0.05","-","2,459.80","2,414.12","2,218.72","2,166.45","1,989.26","539,880","630,192","660,673"
"2021/02/19","2,417.0","2,433.0","2,401.0","2,421.0","+35.0","419,900","1,016,248","87,900","2,800","0.03","0.05","-","2,401.00","2,359.68","2,183.65","2,151.37","1,962.93","572,920","638,292","654,018"
"2020/12/01","2,092.0","2,123.0","2,073.0","2,110.0","+12.0","1,012,700","2,121,321","112,700","3,900","0.03","0.05","-","2,142.00","2,056.08","2,078.27","1,997.59","1,763.32","1,127,740","760,360","646,705"
"2020/11/30","2,116.0","2,123.0","2,070.0","2,098.0","-37.0","2,190,200","4,586,710","115,800","3,900","0.03","0.05","-","2,161.00","2,050.96","2,077.45","1,993.12","1,762.15","1,138,700","733,632","658,626"
"2020/11/13","2,127.0","2,128.0","2,038.0","2,071.0","-32.0","807,600","1,674,334","130,400","3,600","0.03","0.05","-","2,062.40","2,001.80","2,021.55","1,946.90","1,749.86","1,024,900","511,608","621,694"
"2020/11/12","2,100.0","2,108.0","2,068.0","2,103.0","+15.0","744,300","1,558,990","137,600","3,900","0.03","0.05","-","2,040.40","2,002.76","2,017.53","1,942.99","1,749.22","949,720","493,132","617,721"
"2020/10/22","2,022.0","2,022.0","1,987.0","1,993.0","-48.0","298,000","595,086","183,900","6,000","0.03","0.05","-","2,023.80","2,096.52","1,973.84","1,900.46","1,745.49","372,780","543,776","597,460"
"2020/10/21","2,042.0","2,060.0","2,031.0","2,041.0","+15.0","465,000","949,987","185,700","5,400","0.03","0.05","-","2,024.40","2,105.00","1,969.57","1,896.74","1,745.16","383,380","565,400","602,544"
"2020/10/20","2,053.0","2,061.0","2,020.0","2,026.0","-20.0","433,500","883,742","188,500","5,400","0.03","0.05","-","2,014.00","2,110.48","1,964.32","1,891.98","1,744.66","384,840","567,132","604,493"
"2020/10/19","2,024.0","2,048.0","2,008.0","2,046.0","+33.0","246,700","503,006","187,000","5,200","0.03","0.05","-","2,015.80","2,115.36","1,959.32","1,887.26","1,744.32","359,940","573,864","605,824"
"2020/10/16","1,998.0","2,022.0","1,985.0","2,013.0","+17.0","420,700","846,210","188,600","4,800","0.03","0.05","-","2,013.80","2,117.56","1,953.95","1,881.62","1,743.85","414,800","595,876","610,344"
"2020/07/03","1,680.0","1,686.0","1,647.0","1,663.0","-10.0","496,300","827,362","157,500","4,800","0.03","0.05","-","1,655.40","1,682.84","1,510.76","1,529.04","1,692.13","581,160","789,252","702,357"
"2020/07/02","1,661.0","1,687.0","1,654.0","1,673.0","+26.0","679,300","1,136,722","186,500","4,700","0.03","0.05","-","1,658.80","1,680.32","1,505.00","1,531.17","1,692.06","574,260","813,992","722,413"
"2020/07/01","1,650.0","1,668.0","1,634.0","1,647.0","-4.0","611,200","1,008,688","181,700","4,700","0.03","0.05","-","1,661.00","1,678.24","1,500.83","1,532.99","1,692.05","516,360","840,208","727,292"
"2020/06/30","1,683.0","1,693.0","1,649.0","1,651.0","+8.0","533,300","888,626","162,900","4,500","0.03","0.05","-","1,675.20","1,674.96","1,497.89","1,535.02","1,692.04","542,100","843,148","735,312"
"2020/06/26","1,678.0","1,697.0","1,672.0","1,680.0","-4.0","461,800","776,661","157,200","4,500","0.03","0.05","-","1,699.40","1,664.64","1,492.85","1,539.21","1,692.07","573,740","839,496","748,397"
"2020/06/12","1,701.0","1,726.0","1,675.0","1,718.0","-16.0","1,147,800","1,955,013","109,800","3,400","0.03","0.05","-","1,732.60","1,557.80","1,470.87","1,562.63","1,687.38","1,056,000","760,516","739,464"
"2020/06/08","1,699.0","1,723.0","1,670.0","1,720.0","+58.0","836,100","1,425,923","112,700","3,800","0.03","0.05","-","1,658.40","1,505.68","1,467.21","1,570.97","1,685.42","792,760","674,216","706,814"
"2020/02/05","1,881.0","1,890.0","1,867.0","1,876.0","+21.0","411,500","772,068","110,300","3,600","0.03","0.05","-","1,858.80","1,915.72","1,887.68","1,855.21","1,812.22","439,000","375,992","465,260"
"2020/02/04","1,839.0","1,864.0","1,831.0","1,855.0","+5.0","548,300","1,015,927","118,600","3,800","0.03","0.05","-","1,862.20","1,917.68","1,885.68","1,852.95","1,812.78","439,640","367,964","464,488"
"2020/02/03","1,828.0","1,863.0","1,825.0","1,850.0","-10.0","415,400","768,242","122,800","3,700","0.03","0.05","-","1,869.20","1,920.60","1,883.69","1,851.10","1,813.49","408,520","354,928","464,954"
"2020/01/31","1,864.0","1,877.0","1,858.0","1,860.0","+7.0","376,800","702,178","121,000","3,700","0.03","0.05","-","1,886.00","1,924.24","1,881.95","1,849.05","1,814.28","390,080","346,144","466,377"
"2020/01/30","1,878.0","1,880.0","1,843.0","1,853.0","-40.0","443,000","823,438","112,000","3,700","0.03","0.05","-","1,903.40","1,928.12","1,880.29","1,846.99","1,815.06","368,480","345,388","465,860"
"2019/12/25","1,941.0","1,941.0","1,914.0","1,925.0","-3.0","210,800","406,110","120,900","3,300","0.03","0.05","-","1,940.80","1,936.84","1,835.04","1,788.38","1,826.16","279,320","474,836","517,665"
"2019/12/16","1,937.0","1,953.0","1,934.0","1,943.0","+22.0","323,600","629,404","115,400","3,300","0.03","0.05","-","1,932.60","1,906.12","1,806.88","1,778.25","1,829.24","457,280","574,576","533,933"
"2019/12/13","1,943.0","1,950.0","1,919.0","1,921.0","-4.0","745,600","1,438,663","110,200","3,300","0.03","0.05","-","1,936.80","1,902.00","1,802.20","1,776.77","1,829.58","445,980","591,940","535,680"
"2019/12/12","1,940.0","1,947.0","1,915.0","1,925.0","-5.0","450,000","866,654","105,700","3,300","0.03","0.05","-","1,945.20","1,898.80","1,798.05","1,775.18","1,829.90","377,760","583,504","531,810"
"2019/12/11","1,927.0","1,938.0","1,923.0","1,930.0","-14.0","402,400","776,812","131,000","3,300","0.03","0.05","-","1,952.40","1,895.40","1,793.91","1,773.91","1,830.21","358,160","580,164","531,952"
"2019/12/10","1,943.0","1,946.0","1,934.0","1,944.0","-20.0","364,800","708,145","105,400","2,800","0.03","0.05","-","1,954.40","1,891.80","1,789.55","1,772.68","1,830.52","371,500","579,428","532,670"
"2019/12/05","1,954.0","1,967.0","1,949.0","1,961.0","+21.0","352,000","689,579","121,500","3,100","0.03","0.05","-","1,942.00","1,875.36","1,774.73","1,768.07","1,831.11","534,460","593,272","541,636"
"2019/12/04","1,915.0","1,940.0","1,910.0","1,940.0","+29.0","469,100","906,695","123,300","3,100","0.03","0.05","-","1,937.40","1,868.84","1,769.23","1,766.48","1,831.34","527,060","605,768","544,396"
"2019/11/29","1,954.0","1,960.0","1,940.0","1,945.0","+7.0","608,300","1,183,637","114,100","3,300","0.03","0.05","-","1,923.80","1,853.60","1,756.69","1,762.60","1,832.67","458,560","581,228","555,516"
"2019/04/17","1,949.0","1,949.0","1,931.0","1,937.0","-4.0","357,300","692,627","116,700","3,900","0.03","0.05","-","1,938.80","2,005.24","1,985.75","1,988.82","2,022.57","436,000","614,480","562,092"
"2019/01/17","1,914.0","1,952.0","1,910.0","1,931.0","+19.0","454,000","877,667","56,500","1,800","0.03","0.05","-","1,931.40","1,956.08","1,986.76","1,986.27","2,052.70","558,720","700,220","713,100"
"2021/04/08","2,723.0","2,729.0","2,688.0","2,726.0","-10.0","402,200","1,092,210","97,800","4,300","0.04","0.05","-","2,729.20","2,715.72","2,436.99","2,357.18","2,148.05","389,220","589,660","570,942"
"2021/04/07","2,723.0","2,743.0","2,702.0","2,736.0","+43.0","646,200","1,762,296","97,100","4,300","0.04","0.05","-","2,727.40","2,707.24","2,429.43","2,350.80","2,142.79","415,920","590,996","571,278"
"2021/04/06","2,755.0","2,755.0","2,684.0","2,693.0","-66.0","379,200","1,026,938","99,300","4,300","0.04","0.05","-","2,715.40","2,699.00","2,421.56","2,344.08","2,137.33","427,200","582,984","573,728"
"2021/04/05","2,733.0","2,760.0","2,706.0","2,759.0","+27.0","236,500","648,686","108,300","4,300","0.04","0.05","-","2,725.20","2,691.88","2,413.63","2,337.01","2,132.45","457,140","592,060","573,362"
"2021/04/02","2,767.0","2,774.0","2,729.0","2,732.0","+15.0","282,000","773,433","109,800","4,300","0.04","0.05","-","2,723.40","2,682.52","2,404.99","2,329.03","2,127.33","582,200","603,364","576,850"
"2021/04/01","2,704.0","2,736.0","2,691.0","2,717.0","+41.0","535,700","1,454,432","108,100","4,300","0.04","0.05","-","2,726.20","2,669.72","2,396.08","2,321.38","2,122.35","655,920","623,988","581,776"
"2021/03/31","2,739.0","2,743.0","2,676.0","2,676.0","-66.0","702,600","1,892,559","107,900","4,800","0.04","0.05","-","2,732.80","2,660.72","2,387.28","2,313.50","2,117.54","672,440","619,232","584,748"
"2021/03/30","2,714.0","2,742.0","2,684.0","2,742.0","-8.0","528,900","1,440,611","118,700","4,900","0.04","0.05","-","2,747.00","2,650.52","2,379.81","2,306.03","2,112.76","609,440","613,028","581,505"
"2021/03/25","2,750.0","2,772.0","2,732.0","2,750.0","+3.0","618,300","1,702,899","126,200","5,100","0.04","0.05","-","2,772.80","2,611.24","2,353.57","2,281.50","2,096.20","583,180","587,200","575,624"
"2021/03/23","2,794.0","2,869.0","2,786.0","2,795.0","+16.0","640,800","1,808,926","121,900","5,400","0.04","0.05","-","2,784.40","2,582.52","2,336.08","2,266.08","2,085.18","599,740","592,104","585,734"
"2020/12/04","2,074.0","2,105.0","2,070.0","2,082.0","-3.0","347,000","722,389","108,400","3,800","0.04","0.05","-","2,095.00","2,070.56","2,079.51","2,008.65","1,766.27","1,062,820","809,364","640,332"
"2020/12/02","2,131.0","2,131.0","2,089.0","2,100.0","-10.0","1,180,400","2,483,314","108,500","4,800","0.04","0.05","-","2,121.00","2,060.40","2,078.92","2,001.35","1,764.23","1,203,960","799,024","644,181"
"2020/11/11","2,117.0","2,148.0","2,081.0","2,088.0","+24.0","1,073,100","2,252,421","137,700","5,700","0.04","0.05","-","2,013.20","2,002.44","2,012.91","1,938.91","1,748.37","867,000","478,860","612,306"
"2020/10/26","1,990.0","1,998.0","1,983.0","1,992.0","+10.0","213,800","425,549","182,600","6,900","0.04","0.05","-","2,006.80","2,080.12","1,981.67","1,907.72","1,746.08","350,960","499,748","590,284"
"2020/10/23","1,970.0","1,995.0","1,960.0","1,982.0","-11.0","344,500","681,166","183,400","6,900","0.04","0.05","-","2,017.60","2,087.48","1,978.09","1,904.28","1,745.77","357,540","518,040","595,436"
"2020/09/14","2,145.0","2,192.0","2,141.0","2,178.0","+30.0","508,300","1,103,798","262,700","10,300","0.04","0.05","-","2,126.20","2,076.36","1,827.32","1,726.71","1,723.52","639,440","759,284","694,146"
"2020/01/17","1,898.0","1,903.0","1,888.0","1,900.0","+1.0","476,100","903,364","118,000","4,200","0.04","0.05","-","1,923.80","1,935.80","1,861.51","1,818.95","1,820.14","407,380","382,460","482,469"
"2019/12/03","1,934.0","1,935.0","1,908.0","1,911.0","-42.0","801,300","1,536,816","106,700","4,200","0.04","0.05","-","1,937.20","1,863.72","1,764.29","1,765.08","1,831.80","539,140","599,052","546,693"
"2019/12/02","1,954.0","1,965.0","1,947.0","1,953.0","+8.0","441,600","864,080","118,200","4,800","0.04","0.05","-","1,933.80","1,859.72","1,760.21","1,764.04","1,832.35","487,540","581,368","552,952"
"2019/11/28","1,934.0","1,941.0","1,923.0","1,938.0","-1.0","315,000","609,397","100,700","4,000","0.04","0.05","-","1,913.20","1,847.40","1,753.25","1,761.14","1,832.96","533,440","576,272","556,242"
"2019/11/26","1,908.0","1,923.0","1,892.0","1,894.0","-9.0","543,300","1,032,157","101,500","4,100","0.04","0.05","-","1,897.60","1,834.04","1,747.11","1,758.51","1,833.37","700,880","569,484","556,629"
"2019/11/25","1,894.0","1,915.0","1,893.0","1,903.0","+11.0","296,700","564,635","98,300","4,100","0.04","0.05","-","1,891.20","1,828.44","1,744.63","1,756.97","1,833.86","683,040","567,840","554,713"
"2019/11/20","1,850.0","1,871.0","1,844.0","1,867.0","+5.0","659,300","1,228,136","97,700","4,300","0.04","0.05","-","1,841.20","1,810.48","1,738.89","1,751.95","1,834.70","715,700","544,952","541,681"
"2019/11/18","1,839.0","1,844.0","1,827.0","1,842.0","-4.0","460,900","846,192","91,500","3,800","0.04","0.05","-","1,825.20","1,798.60","1,737.35","1,749.23","1,835.46","786,220","537,892","535,030"
"2019/11/06","1,850.0","1,852.0","1,835.0","1,840.0","+5.0","384,000","706,510","69,300","3,000","0.04","0.05","-","1,819.60","1,770.40","1,733.41","1,743.12","1,839.75","486,180","453,648","495,608"
"2019/11/05","1,830.0","1,839.0","1,820.0","1,835.0","+22.0","541,700","992,887","81,700","3,100","0.04","0.05","-","1,814.00","1,767.36","1,732.97","1,742.45","1,840.14","469,620","470,212","493,353"
"2019/11/01","1,798.0","1,816.0","1,797.0","1,813.0","+1.0","312,400","564,829","72,900","3,000","0.04","0.05","-","1,809.20","1,767.04","1,732.57","1,741.64","1,840.65","433,120","471,188","489,180"
"2019/10/31","1,812.0","1,824.0","1,795.0","1,812.0","+14.0","528,400","957,311","73,900","3,000","0.04","0.05","-","1,806.60","1,767.32","1,732.53","1,741.15","1,840.96","458,260","476,632","491,358"
"2019/10/30","1,800.0","1,814.0","1,784.0","1,798.0","-14.0","664,400","1,193,847","73,900","3,000","0.04","0.05","-","1,802.20","1,767.48","1,732.31","1,740.52","1,841.41","449,460","473,676","489,252"
"2019/10/29","1,818.0","1,822.0","1,807.0","1,812.0","+1.0","301,200","545,977","71,100","3,000","0.04","0.05","-","1,798.80","1,768.20","1,732.36","1,739.57","1,841.89","393,520","476,448","484,104"
"2019/04/19","1,931.0","1,935.0","1,906.0","1,911.0","0.0","241,700","462,304","100,300","4,000","0.04","0.05","-","1,928.80","1,995.16","1,988.68","1,986.63","2,020.48","353,520","588,908","553,342"
"2019/04/18","1,933.0","1,935.0","1,906.0","1,911.0","-26.0","380,100","729,107","108,100","4,400","0.04","0.05","-","1,933.40","1,999.72","1,987.17","1,987.70","2,021.54","404,540","600,000","559,041"
"2019/01/31","2,000.0","2,000.0","1,978.0","1,981.0","+4.0","479,500","952,310","39,000","1,500","0.04","0.05","-","1,981.00","1,929.48","1,981.68","1,981.46","2,051.74","452,920","524,040","668,612"
"2019/01/11","1,942.0","1,954.0","1,933.0","1,949.0","+15.0","645,400","1,256,072","58,500","2,300","0.04","0.05","-","1,933.40","1,966.92","1,990.01","1,987.50","2,054.20","522,980","720,972","727,497"
"2019/01/10","1,922.0","1,935.0","1,919.0","1,934.0","+4.0","631,100","1,217,829","56,300","2,400","0.04","0.05","-","1,918.80","1,969.08","1,990.65","1,987.45","2,054.69","515,520","732,556","743,716"
"2018/11/12","2,030.0","2,052.0","1,992.0","2,042.0","-38.0","1,050,700","2,138,779","83,900","3,200","0.04","0.05","-","2,067.00","2,012.08","2,024.33","2,060.34","2,069.09","655,220","676,292","698,397"
"2018/11/09","2,088.0","2,104.0","2,073.0","2,080.0","-9.0","561,000","1,168,824","99,500","4,400","0.04","0.05","-","2,066.40","2,010.72","2,026.85","2,061.34","2,070.09","544,400","666,836","689,698"
"2023/09/06","2,521.0","2,566.0","2,519.0","2,557.0","+24.5","547,400","1,396,880","41,100","2,000","0.05","0.05","-","2,485.80","2,401.06","2,415.58","2,406.62","2,274.14","580,840","486,328","481,930"
"2021/07/06","2,826.0","2,826.0","2,749.0","2,760.0","-50.0","468,000","1,297,496","91,400","4,500","0.05","0.05","-","2,822.80","2,929.92","2,826.79","2,752.79","2,441.93","474,320","536,184","646,998"
"2021/06/30","2,889.0","2,894.0","2,859.0","2,860.0","-19.0","473,500","1,358,686","82,100","4,500","0.05","0.05","-","2,912.80","2,951.08","2,823.19","2,737.37","2,427.61","487,860","611,256","649,109"
"2021/06/28","2,968.0","2,968.0","2,903.0","2,925.0","-37.0","574,400","1,678,499","86,300","4,500","0.05","0.05","-","2,949.20","2,955.88","2,818.28","2,727.30","2,420.02","541,340","627,068","663,466"
"2021/06/25","2,976.0","2,980.0","2,947.0","2,962.0","+24.0","484,100","1,433,749","94,200","4,500","0.05","0.05","-","2,932.60","2,955.72","2,813.72","2,721.12","2,415.80","536,280","631,196","666,040"
"2021/06/24","2,925.0","2,949.0","2,904.0","2,938.0","-25.0","383,800","1,126,453","92,100","5,000","0.05","0.05","-","2,928.80","2,953.80","2,807.79","2,715.02","2,411.14","641,820","650,796","668,880"
"2021/06/23","2,976.0","3,005.0","2,961.0","2,963.0","+5.0","672,700","1,999,843","91,500","5,000","0.05","0.05","-","2,923.80","2,952.60","2,802.03","2,709.85","2,406.80","645,500","667,632","668,886"
"2021/06/21","2,884.0","2,884.0","2,815.0","2,842.0","-101.0","549,100","1,559,520","102,200","5,000","0.05","0.05","-","2,922.80","2,949.08","2,790.33","2,697.66","2,397.84","571,580","693,520","663,781"
"2021/04/09","2,751.0","2,762.0","2,706.0","2,719.0","-7.0","674,000","1,834,853","96,800","4,500","0.05","0.05","-","2,726.60","2,724.24","2,444.40","2,363.34","2,153.17","467,620","601,248","566,556"
"2020/12/03","2,106.0","2,115.0","2,070.0","2,085.0","-15.0","583,800","1,217,793","107,700","5,000","0.05","0.05","-","2,105.60","2,065.28","2,079.15","2,005.07","1,765.22","1,181,500","809,532","643,554"
"2020/10/29","1,923.0","1,964.0","1,918.0","1,952.0","+2.0","304,700","594,124","164,100","8,700","0.05","0.05","-","1,967.80","2,054.52","1,990.92","1,917.27","1,746.60","307,060","433,268","581,510"
"2020/10/27","1,975.0","1,977.0","1,951.0","1,963.0","-29.0","321,100","630,663","185,500","9,400","0.05","0.05","-","1,994.20","2,071.52","1,985.00","1,910.90","1,746.18","328,480","459,944","588,057"
"2020/07/31","1,699.0","1,699.0","1,627.0","1,628.0","-82.0","631,500","1,041,230","128,000","6,300","0.05","0.05","-","1,716.40","1,721.28","1,590.09","1,546.47","1,689.67","455,640","482,888","594,754"
"2020/06/01","1,600.0","1,659.0","1,587.0","1,648.0","+48.0","975,600","1,591,025","86,900","4,600","0.05","0.05","-","1,597.60","1,453.72","1,474.19","1,584.43","1,687.09","943,140","589,836","714,649"
"2020/05/29","1,600.0","1,625.0","1,585.0","1,600.0","-21.0","1,114,800","1,788,840","102,900","4,900","0.05","0.05","-","1,564.40","1,442.80","1,477.77","1,587.26","1,687.82","832,380","562,768","708,156"
"2019/11/19","1,830.0","1,863.0","1,830.0","1,862.0","+20.0","454,100","841,485","90,900","4,200","0.05","0.05","-","1,831.80","1,804.84","1,738.24","1,750.54","1,835.00","706,280","532,724","537,654"
"2019/11/15","1,803.0","1,885.0","1,803.0","1,846.0","+57.0","1,164,500","2,153,727","83,600","3,800","0.05","0.05","-","1,824.80","1,793.68","1,736.89","1,748.45","1,836.06","845,580","540,340","534,014"
"2019/11/14","1,802.0","1,822.0","1,779.0","1,789.0","-31.0","839,700","1,507,969","84,400","4,300","0.05","0.05","-","1,823.80","1,789.28","1,736.49","1,747.60","1,836.61","719,620","507,280","522,214"
"2019/11/13","1,829.0","1,833.0","1,811.0","1,820.0","-9.0","612,200","1,116,122","95,100","4,300","0.05","0.05","-","1,834.00","1,786.92","1,736.76","1,747.05","1,837.32","624,980","485,812","514,758"
"2019/11/12","1,824.0","1,831.0","1,806.0","1,829.0","-11.0","853,800","1,555,435","91,200","4,500","0.05","0.05","-","1,838.00","1,783.04","1,736.40","1,746.40","1,837.78","579,340","479,016","509,480"
"2019/11/11","1,856.0","1,861.0","1,834.0","1,840.0","-1.0","757,700","1,395,283","90,100","4,700","0.05","0.05","-","1,839.20","1,778.80","1,735.63","1,745.63","1,838.29","516,920","466,580","501,852"
"2019/11/08","1,860.0","1,861.0","1,835.0","1,841.0","+1.0","534,700","986,214","90,000","4,900","0.05","0.05","-","1,833.80","1,775.96","1,735.03","1,744.75","1,838.84","427,860","452,100","495,657"
"2019/11/07","1,846.0","1,849.0","1,827.0","1,840.0","0.0","366,500","673,446","80,900","4,000","0.05","0.05","-","1,828.00","1,773.68","1,733.97","1,743.94","1,839.30","426,600","446,280","493,149"
"2019/10/28","1,811.0","1,817.0","1,805.0","1,811.0","+11.0","359,200","650,758","61,100","2,900","0.05","0.05","-","1,788.80","1,768.72","1,732.20","1,738.54","1,841.82","391,300","491,204","483,893"
"2019/01/30","1,987.0","1,991.0","1,969.0","1,977.0","-15.0","533,800","1,056,454","35,800","1,800","0.05","0.05","-","1,972.80","1,931.96","1,981.71","1,982.08","2,051.92","438,540","536,956","673,585"
"2019/01/18","1,932.0","1,968.0","1,932.0","1,956.0","+25.0","383,200","749,518","44,200","2,400","0.05","0.05","-","1,935.80","1,955.12","1,985.75","1,985.87","2,052.63","509,140","685,216","709,693"
"2018/11/14","1,996.0","2,018.0","1,987.0","1,997.0","+4.0","712,600","1,425,025","66,600","3,400","0.05","0.05","-","2,040.20","2,012.64","2,017.25","2,057.46","2,066.41","811,660","690,300","711,034"
"2018/11/13","2,000.0","2,012.0","1,962.0","1,993.0","-49.0","1,096,100","2,170,657","67,200","3,200","0.05","0.05","-","2,051.60","2,012.48","2,020.75","2,058.82","2,067.72","764,200","686,036","707,036"
"2018/11/08","2,080.0","2,097.0","2,068.0","2,089.0","+35.0","637,900","1,332,201","88,000","4,500","0.05","0.05","-","2,060.00","2,007.92","2,028.81","2,062.46","2,070.82","543,460","672,432","688,364"
"2021/07/05","2,812.0","2,844.0","2,808.0","2,810.0","-39.0","306,200","863,108","77,400","4,500","0.06","0.05","-","2,846.60","2,938.04","2,826.84","2,750.12","2,438.63","485,420","535,196","646,996"
"2021/07/02","2,848.0","2,869.0","2,834.0","2,849.0","+14.0","458,300","1,305,281","78,500","4,500","0.06","0.05","-","2,869.60","2,942.28","2,826.29","2,746.32","2,435.06","539,060","545,044","650,710"
"2021/07/01","2,840.0","2,858.0","2,820.0","2,835.0","-25.0","665,600","1,887,534","77,100","4,500","0.06","0.05","-","2,892.20","2,947.08","2,824.72","2,742.04","2,431.36","544,220","564,104","649,592"
"2021/06/22","2,922.0","2,972.0","2,894.0","2,958.0","+116.0","591,700","1,744,419","90,500","5,000","0.06","0.05","-","2,923.00","2,950.40","2,796.04","2,703.51","2,402.32","590,700","678,588","665,725"
"2021/04/13","2,740.0","2,824.0","2,731.0","2,798.0","+83.0","845,200","2,361,909","98,100","6,000","0.06","0.05","-","2,738.80","2,740.76","2,460.93","2,376.65","2,163.73","593,460","592,464","573,046"
"2021/04/12","2,735.0","2,748.0","2,710.0","2,715.0","-4.0","399,700","1,087,194","98,200","5,500","0.06","0.05","-","2,717.80","2,732.16","2,451.95","2,369.78","2,158.34","500,260","589,352","567,260"
"2021/03/22","2,779.0","2,796.0","2,767.0","2,779.0","-14.0","418,500","1,164,367","96,900","5,700","0.06","0.05","-","2,779.20","2,567.48","2,326.95","2,257.95","2,079.21","588,540","596,828","590,693"
"2021/03/19","2,743.0","2,806.0","2,720.0","2,793.0","+2.0","850,700","2,369,079","100,700","5,700","0.06","0.05","-","2,769.60","2,555.52","2,317.87","2,250.09","2,073.42","579,720","614,216","614,316"
"2021/03/18","2,780.0","2,803.0","2,764.0","2,791.0","+27.0","620,900","1,730,461","100,000","6,100","0.06","0.05","-","2,755.00","2,542.28","2,309.09","2,242.57","2,067.28","535,460","620,956","615,512"
"2021/03/17","2,753.0","2,764.0","2,711.0","2,764.0","-5.0","467,800","1,285,557","98,100","5,900","0.06","0.05","-","2,737.40","2,530.80","2,300.71","2,234.92","2,061.09","541,920","622,804","616,514"
"2021/02/03","2,356.0","2,383.0","2,345.0","2,368.0","+13.0","294,300","696,468","94,300","5,500","0.06","0.05","-","2,351.80","2,216.84","2,119.11","2,120.67","1,905.30","567,500","566,580","608,692"
"2020/11/10","1,983.0","2,270.0","1,952.0","2,064.0","+78.0","1,832,700","3,835,686","133,600","7,500","0.06","0.05","-","1,981.40","2,003.00","2,008.53","1,934.78","1,747.43","745,200","466,948","602,900"
"2020/11/09","1,971.0","1,994.0","1,949.0","1,986.0","+25.0","666,800","1,319,373","127,800","7,200","0.06","0.05","-","1,954.40","2,005.84","2,004.85","1,930.57","1,746.60","468,800","410,896","582,914"
"2020/10/28","1,957.0","1,978.0","1,936.0","1,950.0","-13.0","351,200","684,933","167,500","9,400","0.06","0.05","-","1,976.00","2,062.92","1,988.01","1,914.01","1,746.33","305,720","444,960","585,701"
"2020/06/05","1,619.0","1,668.0","1,615.0","1,662.0","+36.0","915,300","1,508,848","102,900","5,900","0.06","0.05","-","1,644.00","1,493.36","1,466.97","1,573.08","1,685.40","820,660","653,196","705,100"
"2020/06/03","1,652.0","1,657.0","1,623.0","1,639.0","-6.0","755,600","1,238,048","100,100","5,700","0.06","0.05","-","1,630.60","1,474.48","1,467.85","1,578.65","1,686.00","968,700","624,680","722,292"
"2019/11/27","1,927.0","1,942.0","1,913.0","1,939.0","+45.0","529,500","1,022,804","95,000","5,400","0.06","0.05","-","1,912.00","1,841.12","1,750.29","1,759.87","1,833.18","674,920","579,060","558,677"
"2019/11/22","1,915.0","1,915.0","1,889.0","1,892.0","-40.0","982,700","1,865,059","103,400","5,700","0.06","0.05","-","1,879.00","1,822.64","1,742.24","1,755.32","1,834.24","715,880","571,992","555,842"
"2019/11/21","1,890.0","1,932.0","1,890.0","1,932.0","+65.0","1,022,400","1,959,193","102,400","6,100","0.06","0.05","-","1,869.80","1,818.00","1,740.73","1,753.87","1,834.66","752,240","555,936","547,752"
"2019/05/13","1,817.0","1,835.0","1,807.0","1,821.0","-6.0","1,016,700","1,850,596","86,600","5,600","0.06","0.05","-","1,827.80","1,924.12","1,981.44","1,975.85","2,006.63","913,840","575,068","571,681"
"2019/05/10","1,817.0","1,844.0","1,810.0","1,827.0","+13.0","999,700","1,828,412","93,800","5,600","0.06","0.05","-","1,839.40","1,931.48","1,982.65","1,977.73","2,008.48","821,640","565,404","565,216"
"2019/04/22","1,909.0","1,919.0","1,892.0","1,907.0","-4.0","231,200","441,120","96,600","5,600","0.06","0.05","-","1,921.40","1,989.32","1,988.85","1,986.37","2,019.27","325,400","564,064","548,265"
"2019/01/16","1,925.0","1,930.0","1,910.0","1,912.0","-19.0","531,800","1,018,633","37,600","2,400","0.06","0.05","-","1,931.20","1,959.08","1,987.89","1,986.54","2,052.84","542,520","707,328","718,829"
"2019/01/08","1,945.0","1,946.0","1,917.0","1,917.0","-20.0","469,100","902,926","55,600","3,400","0.06","0.05","-","1,905.00","1,973.04","1,990.64","1,990.11","2,056.29","519,220","735,636","750,045"
"2019/01/07","1,921.0","1,945.0","1,895.0","1,937.0","+61.0","496,300","960,450","52,600","2,900","0.06","0.05","-","1,881.20","1,975.08","1,990.69","1,992.33","2,057.10","559,220","748,568","755,802"
"2018/11/15","1,992.0","2,017.0","1,985.0","2,007.0","+10.0","590,100","1,183,080","68,300","3,800","0.06","0.05","-","2,023.80","2,014.48","2,014.25","2,056.31","2,065.24","802,100","678,452","712,674"
"2016/11/25","2,188.0","2,236.0","2,175.0","2,233.0","+59.0","1,258,100","2,786,898","179,500","11,500","0.06","0.00","-","2,160.60","2,045.72","1,979.71","2,002.42","2,082.55","822,260","935,692","903,776"
"2023/05/25","2,452.0","2,474.0","2,442.0","2,458.0","-42.0","766,200","1,884,096","32,500","2,300","0.07","0.05","-","2,508.20","2,411.64","2,258.68","2,213.07","2,170.76","810,600","577,608","553,008"
"2021/07/07","2,741.0","2,778.0","2,729.0","2,752.0","-8.0","547,300","1,506,667","68,500","5,100","0.07","0.05","-","2,801.20","2,922.36","2,826.27","2,755.27","2,444.95","489,080","528,236","646,017"
"2021/04/20","2,752.0","2,763.0","2,712.0","2,749.0","-28.0","729,200","2,001,502","87,600","5,900","0.07","0.05","-","2,775.40","2,752.20","2,504.47","2,407.99","2,190.63","762,600","598,488","603,233"
"2021/03/16","2,759.0","2,786.0","2,734.0","2,769.0","+38.0","584,800","1,614,916","100,700","6,700","0.07","0.05","-","2,718.20","2,519.96","2,293.25","2,227.74","2,054.68","732,480","635,372","620,934"
"2020/11/06","1,962.0","1,973.0","1,930.0","1,961.0","-6.0","431,700","845,141","128,300","9,100","0.07","0.05","-","1,933.80","2,009.64","2,002.03","1,927.89","1,746.27","440,060","418,744","577,214"
"2020/11/05","1,928.0","1,976.0","1,922.0","1,967.0","+38.0","330,700","646,346","139,900","9,900","0.07","0.05","-","1,932.00","2,016.12","1,999.96","1,925.62","1,746.24","414,660","401,476","576,596"
"2020/11/04","1,947.0","1,950.0","1,914.0","1,929.0","0.0","464,100","895,872","137,500","9,900","0.07","0.05","-","1,928.60","2,022.36","1,997.79","1,923.31","1,746.13","418,760","414,100","581,137"
"2020/11/02","1,899.0","1,941.0","1,896.0","1,929.0","+46.0","450,700","868,078","139,200","9,900","0.07","0.05","-","1,935.40","2,033.04","1,995.53","1,921.57","1,746.27","390,160","420,088","580,909"
"2020/10/30","1,944.0","1,944.0","1,883.0","1,883.0","-69.0","523,100","994,846","138,000","9,600","0.07","0.05","-","1,948.00","2,043.56","1,993.31","1,919.48","1,746.28","342,780","427,388","582,897"
"2020/06/11","1,734.0","1,774.0","1,721.0","1,734.0","-2.0","1,336,400","2,334,407","95,100","6,300","0.07","0.05","-","1,721.40","1,546.36","1,469.64","1,564.64","1,686.64","1,009,500","731,888","733,242"
"2020/06/10","1,746.0","1,763.0","1,721.0","1,736.0","-19.0","917,200","1,600,535","84,000","5,900","0.07","0.05","-","1,699.80","1,531.76","1,468.77","1,566.86","1,685.99","901,020","708,492","721,704"
"2020/06/09","1,729.0","1,766.0","1,722.0","1,755.0","+35.0","1,042,500","1,816,354","104,400","7,000","0.07","0.05","-","1,680.40","1,518.32","1,468.17","1,568.95","1,685.76","868,700","691,436","715,348"
"2020/06/04","1,640.0","1,645.0","1,603.0","1,626.0","-13.0","794,000","1,288,667","100,500","6,700","0.07","0.05","-","1,631.60","1,483.36","1,467.39","1,575.93","1,685.59","860,560","634,312","708,428"
"2019/04/23","1,908.0","1,920.0","1,902.0","1,913.0","+6.0","366,300","699,844","95,900","6,500","0.07","0.05","-","1,915.80","1,983.24","1,989.01","1,986.27","2,018.16","315,320","556,632","547,674"
"2018/12/27","1,857.0","1,908.0","1,838.0","1,894.0","+96.0","612,000","1,152,941","47,200","3,400","0.07","0.05","-","1,874.80","1,978.92","1,991.83","1,999.36","2,058.63","719,340","759,120","768,762"
"2018/11/07","2,062.0","2,073.0","2,043.0","2,054.0","-16.0","475,300","978,700","68,000","4,500","0.07","0.05","-","2,052.80","2,004.28","2,030.32","2,063.42","2,071.48","541,040","669,588","685,010"
"2023/09/01","2,400.0","2,449.5","2,390.0","2,432.5","+45.0","484,100","1,177,820","35,300","2,900","0.08","0.05","-","2,377.30","2,394.40","2,415.09","2,395.73","2,269.09","536,500","471,176","491,742"
"2023/05/16","2,423.0","2,509.0","2,420.0","2,509.0","+36.0","919,500","2,281,557","33,000","2,800","0.08","0.05","-","2,469.20","2,321.40","2,224.08","2,180.64","2,159.19","613,220","437,436","493,300"
"2023/04/20","2,253.0","2,284.0","2,252.0","2,280.0","+21.0","309,800","703,972","40,500","3,200","0.08","0.05","-","2,253.00","2,172.52","2,156.75","2,143.12","2,137.43","328,700","487,112","462,693"
"2021/06/29","2,880.0","2,893.0","2,850.0","2,879.0","-46.0","523,500","1,504,109","80,000","6,400","0.08","0.05","-","2,933.40","2,954.08","2,821.09","2,732.32","2,423.84","527,700","624,672","651,505"
"2021/02/01","2,306.0","2,387.0","2,301.0","2,377.0","+70.0","692,600","1,636,246","103,000","7,900","0.08","0.05","-","2,357.20","2,198.24","2,109.79","2,115.35","1,895.86","745,760","563,316","611,065"
"2019/09/19","1,798.0","1,836.0","1,797.0","1,825.0","+31.0","670,100","1,221,841","100,000","8,300","0.08","0.05","-","1,800.20","1,670.64","1,730.03","1,750.21","1,868.42","668,180","550,972","450,680"
"2019/01/29","1,980.0","1,993.0","1,969.0","1,992.0","+12.0","458,800","910,132","27,100","2,100","0.08","0.05","-","1,963.00","1,933.72","1,982.12","1,982.72","2,052.04","425,180","555,096","677,325"
"2019/01/28","1,970.0","1,986.0","1,965.0","1,980.0","+5.0","380,300","752,460","27,800","2,100","0.08","0.05","-","1,955.20","1,936.04","1,982.36","1,983.13","2,051.86","425,500","568,624","680,553"
"2019/01/25","1,943.0","1,977.0","1,940.0","1,975.0","+35.0","412,200","811,847","26,000","2,100","0.08","0.05","-","1,951.80","1,938.72","1,982.60","1,983.61","2,051.86","423,600","598,624","683,040"
"2023/09/14","2,557.0","2,605.0","2,549.0","2,595.0","+43.0","576,900","1,490,744","37,400","3,300","0.09","0.05","-","2,526.90","2,417.60","2,424.07","2,423.58","2,283.35","495,060","518,140","459,826"
"2023/05/26","2,408.0","2,431.0","2,334.0","2,341.0","-117.0","889,700","2,107,405","24,900","2,300","0.09","0.05","-","2,474.40","2,415.16","2,261.73","2,216.26","2,171.37","819,780","602,652","561,453"
"2023/05/10","2,441.0","2,450.0","2,429.0","2,445.0","+16.0","411,600","1,004,846","26,100","2,400","0.09","0.05","-","2,411.00","2,269.72","2,203.99","2,166.08","2,151.91","466,380","411,568","475,284"
"2023/05/08","2,373.0","2,398.0","2,366.0","2,390.0","+8.0","428,600","1,023,131","25,300","2,400","0.09","0.05","-","2,386.40","2,246.88","2,194.92","2,159.62","2,148.47","511,140","420,200","473,780"
"2021/07/08","2,729.0","2,730.0","2,685.0","2,685.0","-67.0","616,300","1,662,967","65,500","6,000","0.09","0.05","-","2,771.20","2,913.44","2,824.83","2,757.50","2,447.48","479,220","530,572","642,892"
"2021/02/02","2,376.0","2,377.0","2,340.0","2,355.0","-22.0","309,000","728,586","92,800","7,900","0.09","0.05","-","2,362.40","2,208.08","2,114.05","2,117.84","1,900.52","694,720","563,232","611,065"
"2019/10/25","1,799.0","1,809.0","1,780.0","1,800.0","+10.0","438,100","786,652","61,200","5,300","0.09","0.05","-","1,777.40","1,768.04","1,732.15","1,737.65","1,841.78","419,900","494,044","482,738"
"2019/10/24","1,791.0","1,797.0","1,782.0","1,790.0","+9.0","484,400","866,572","56,700","5,300","0.09","0.05","-","1,769.00","1,768.32","1,732.27","1,737.06","1,842.35","412,380","498,660","479,621"
"2019/06/25","1,726.0","1,746.0","1,726.0","1,740.0","+14.0","485,700","844,453","50,300","4,700","0.09","0.05","-","1,744.40","1,751.00","1,884.31","1,915.44","1,949.69","398,580","405,868","554,225"
"2019/04/26","1,883.0","1,894.0","1,873.0","1,879.0","-21.0","555,700","1,044,801","93,700","8,700","0.09","0.05","-","1,899.80","1,963.48","1,988.33","1,984.51","2,014.90","422,980","544,196","546,926"
"2019/01/09","1,929.0","1,940.0","1,924.0","1,930.0","+13.0","373,000","720,636","56,700","5,300","0.09","0.05","-","1,912.20","1,971.08","1,990.49","1,988.01","2,055.45","471,420","726,916","748,417"
"2019/01/04","1,861.0","1,878.0","1,839.0","1,876.0","-25.0","608,100","1,135,143","45,700","3,900","0.09","0.05","-","1,854.60","1,975.36","1,990.51","1,994.37","2,057.63","581,740","754,764","763,810"
"2018/12/25","1,885.0","1,885.0","1,794.0","1,804.0","-110.0","608,900","1,106,100","31,200","2,800","0.09","0.05","-","1,949.20","1,989.28","1,994.60","2,006.35","2,059.58","821,060","794,280","769,626"
"2018/11/05","2,052.0","2,054.0","2,020.0","2,039.0","-9.0","496,600","1,012,047","69,200","6,400","0.09","0.05","-","2,040.80","2,000.16","2,034.15","2,065.97","2,073.12","603,180","688,684","687,436"
"2016/12/08","2,272.0","2,281.0","2,231.0","2,241.0","+34.0","1,125,600","2,527,318","44,200","3,800","0.09","0.05","-","2,210.40","2,119.52","2,007.59","2,015.74","2,090.95","742,420","909,016","859,944"
"2023/06/09","2,398.0","2,432.5","2,388.5","2,430.5","+54.0","758,600","1,831,887","23,200","2,400","0.10","0.05","-","2,401.40","2,431.40","2,295.17","2,250.62","2,180.27","570,300","713,368","582,758"
"2023/05/15","2,480.0","2,495.0","2,447.0","2,473.0","+2.0","660,400","1,629,591","30,800","3,100","0.10","0.05","-","2,453.20","2,305.32","2,219.13","2,176.79","2,157.46","536,640","420,052","485,042"
"2023/05/12","2,458.0","2,474.0","2,452.0","2,471.0","+23.0","690,600","1,701,761","24,500","2,400","0.10","0.05","-","2,436.60","2,291.76","2,214.23","2,173.32","2,155.73","490,280","408,120","479,573"
"2023/05/09","2,400.0","2,434.0","2,396.0","2,429.0","+39.0","536,600","1,300,202","25,000","2,500","0.10","0.05","-","2,404.00","2,258.28","2,199.63","2,162.82","2,150.12","505,600","415,312","476,456"
"2023/05/02","2,406.0","2,408.0","2,358.0","2,382.0","-27.0","442,900","1,053,308","27,900","2,700","0.10","0.05","-","2,369.40","2,238.84","2,190.36","2,156.84","2,147.23","497,140","439,840","471,526"
"2023/05/01","2,408.0","2,414.0","2,370.0","2,409.0","-1.0","512,200","1,227,802","28,500","2,900","0.10","0.05","-","2,355.20","2,228.80","2,185.95","2,154.22","2,145.88","471,380","439,920","468,882"
"2023/04/28","2,368.0","2,410.0","2,368.0","2,410.0","+69.0","607,700","1,457,047","36,200","3,800","0.10","0.05","-","2,334.00","2,217.48","2,181.16","2,151.07","2,144.59","432,640","440,208","466,126"
"2023/03/10","2,280.0","2,307.0","2,279.0","2,284.0","-33.0","810,900","1,853,824","44,800","4,500","0.10","0.05","-","2,282.80","2,200.08","2,134.55","2,128.54","2,118.78","615,080","576,292","436,350"
"2023/03/01","2,265.0","2,299.0","2,265.0","2,292.0","+29.0","579,000","1,324,266","27,900","2,800","0.10","0.05","-","2,249.80","2,159.12","2,126.08","2,112.19","2,109.29","684,280","467,880","438,544"
"2022/06/07","2,125.0","2,160.0","2,114.0","2,120.0","+16.0","732,000","1,561,815","88,800","9,300","0.10","0.05","-","2,111.40","2,048.72","2,103.39","2,206.42","2,454.21","605,800","848,672","944,381"
"2021/04/19","2,777.0","2,798.0","2,768.0","2,777.0","+2.0","661,000","1,838,453","71,600","7,100","0.10","0.05","-","2,785.20","2,753.00","2,496.12","2,402.55","2,185.28","785,800","592,712","599,106"
"2021/04/16","2,795.0","2,837.0","2,764.0","2,775.0","-5.0","748,600","2,093,096","74,300","7,100","0.10","0.05","-","2,772.80","2,751.16","2,487.33","2,396.20","2,179.82","733,540","581,248","594,458"
"2021/04/15","2,790.0","2,833.0","2,773.0","2,780.0","-16.0","519,500","1,448,283","81,300","7,900","0.10","0.05","-","2,761.60","2,748.96","2,478.99","2,389.69","2,174.53","718,620","576,480","587,285"
"2021/02/10","2,410.0","2,494.0","2,408.0","2,462.0","-42.0","1,019,200","2,500,719","94,500","9,200","0.10","0.05","-","2,462.00","2,295.12","2,148.28","2,137.46","1,932.09","686,380","613,040","628,892"
"2020/06/02","1,625.0","1,659.0","1,606.0","1,645.0","-3.0","662,800","1,087,398","88,300","8,600","0.10","0.05","-","1,615.80","1,465.12","1,470.95","1,581.45","1,686.42","954,520","606,036","717,745"
"2020/05/28","1,598.0","1,633.0","1,568.0","1,621.0","+56.0","1,334,700","2,156,995","83,400","8,100","0.10","0.05","-","1,531.60","1,433.64","1,481.45","1,590.51","1,688.91","687,500","529,040","698,778"
"2020/05/19","1,409.0","1,437.0","1,397.0","1,422.0","+40.0","543,800","774,151","88,200","9,000","0.10","0.05","-","1,404.80","1,403.56","1,516.33","1,621.73","1,699.25","639,180","447,512","677,369"
"2019/10/23","1,780.0","1,786.0","1,765.0","1,781.0","+19.0","384,700","684,033","55,800","5,400","0.10","0.05","-","1,766.20","1,768.72","1,732.39","1,736.73","1,843.22","431,760","512,368","478,144"
"2019/10/21","1,760.0","1,771.0","1,753.0","1,762.0","+8.0","290,100","511,138","53,500","5,300","0.10","0.05","-","1,758.80","1,768.48","1,732.79","1,736.73","1,844.53","504,380","531,380","477,541"
"2019/10/18","1,756.0","1,764.0","1,748.0","1,754.0","-4.0","502,200","881,378","54,400","5,300","0.10","0.05","-","1,751.60","1,768.00","1,733.33","1,736.91","1,845.83","517,080","546,840","479,093"
"2019/10/17","1,776.0","1,777.0","1,758.0","1,758.0","-18.0","400,500","706,676","54,200","5,300","0.10","0.05","-","1,742.00","1,766.56","1,733.15","1,737.15","1,847.31","533,300","547,400","478,480"
"2019/10/16","1,767.0","1,792.0","1,767.0","1,776.0","+32.0","581,300","1,033,725","53,700","5,600","0.10","0.05","-","1,734.20","1,764.28","1,732.88","1,737.29","1,848.75","557,620","546,072","477,697"
"2019/05/16","1,782.0","1,814.0","1,779.0","1,814.0","+31.0","701,900","1,267,343","94,000","9,400","0.10","0.05","-","1,810.20","1,898.20","1,975.48","1,969.82","2,000.68","984,740","610,664","594,338"
"2019/05/15","1,755.0","1,787.0","1,731.0","1,783.0","-23.0","1,403,300","2,476,757","88,400","9,200","0.10","0.05","-","1,810.20","1,906.00","1,977.47","1,971.88","2,002.75","1,059,940","604,008","589,924"
"2019/05/09","1,819.0","1,823.0","1,798.0","1,814.0","-14.0","1,077,900","1,952,422","75,500","7,200","0.10","0.05","-","1,854.00","1,938.68","1,984.04","1,979.76","2,010.36","716,660","547,532","558,970"
"2019/05/08","1,828.0","1,838.0","1,822.0","1,828.0","-21.0","737,600","1,348,716","88,200","8,400","0.10","0.05","-","1,871.20","1,947.60","1,985.84","1,981.65","2,012.05","598,460","535,508","553,204"
"2019/05/07","1,875.0","1,877.0","1,844.0","1,849.0","-30.0","737,300","1,368,908","96,400","9,900","0.10","0.05","-","1,888.20","1,957.00","1,987.25","1,983.21","2,013.54","524,200","545,644","551,784"
"2019/04/25","1,901.0","1,912.0","1,897.0","1,900.0","0.0","474,800","902,923","93,700","9,100","0.10","0.05","-","1,906.20","1,970.72","1,988.84","1,985.40","2,015.96","360,180","544,980","545,772"
"2019/04/24","1,918.0","1,918.0","1,891.0","1,900.0","-13.0","486,900","925,705","93,900","9,000","0.10","0.05","-","1,908.40","1,977.08","1,989.33","1,985.84","2,016.97","341,240","545,468","546,058"
"2019/01/21","1,969.0","1,980.0","1,959.0","1,963.0","+7.0","370,800","729,741","37,800","3,800","0.10","0.05","-","1,938.60","1,952.84","1,985.57","1,985.47","2,052.39","454,220","664,604","702,514"
"2018/12/28","1,896.0","1,915.0","1,884.0","1,901.0","+7.0","410,600","779,419","46,200","4,400","0.10","0.05","-","1,862.20","1,978.04","1,991.36","1,996.85","2,058.33","642,320","746,520","764,085"
"2018/12/19","2,046.0","2,057.0","2,016.0","2,043.0","+22.0","802,400","1,632,563","86,000","8,900","0.10","0.05","-","2,044.40","2,003.08","1,998.79","2,016.33","2,060.46","881,740","795,760","766,648"
"2018/11/02","2,058.0","2,061.0","2,019.0","2,048.0","-5.0","556,300","1,135,368","66,600","6,500","0.10","0.05","-","2,032.20","1,999.44","2,036.84","2,066.91","2,074.03","648,300","704,756","692,413"
"2018/10/23","2,005.0","2,009.0","1,952.0","1,957.0","-72.0","778,300","1,535,441","53,300","5,400","0.10","0.05","-","1,998.20","1,991.40","2,055.49","2,074.07","2,081.51","577,300","781,740","676,212"
"2023/11/09","2,422.0","2,452.0","2,391.0","2,444.5","+41.0","458,500","1,114,232","46,500","5,200","0.11","0.05","-","2,430.50","2,358.72","2,427.83","2,427.35","2,345.49","505,620","567,364","521,133"
"2023/09/12","2,480.0","2,538.5","2,480.0","2,533.5","+60.5","405,300","1,020,747","23,500","2,600","0.11","0.05","-","2,517.80","2,412.32","2,418.27","2,417.50","2,279.96","412,040","497,572","457,322"
"2023/08/31","2,385.5","2,411.0","2,377.5","2,387.5","+6.0","682,300","1,632,670","23,100","2,500","0.11","0.05","-","2,357.00","2,396.02","2,416.39","2,392.64","2,267.57","504,700","465,144","499,982"
"2023/08/08","2,473.5","2,503.5","2,473.5","2,501.0","+42.5","404,200","1,008,284","22,300","2,400","0.11","0.05","-","2,450.30","2,456.18","2,422.45","2,359.12","2,245.15","327,180","348,580","493,213"
"2023/06/15","2,419.0","2,427.0","2,398.0","2,410.0","+11.5","284,300","686,049","20,700","2,300","0.11","0.05","-","2,411.70","2,428.04","2,305.24","2,263.63","2,183.49","452,580","703,108","566,449"
"2023/06/14","2,434.0","2,442.0","2,394.5","2,398.5","-19.5","419,400","1,009,961","21,000","2,400","0.11","0.05","-","2,405.00","2,429.56","2,302.87","2,260.38","2,182.64","500,640","707,096","572,594"
"2023/05/11","2,431.0","2,448.0","2,429.0","2,448.0","+3.0","384,000","937,463","21,300","2,400","0.11","0.05","-","2,418.80","2,280.44","2,208.83","2,169.55","2,153.69","440,740","399,552","475,404"
"2023/04/10","2,135.0","2,155.0","2,135.0","2,148.0","+24.0","345,300","741,145","27,600","3,000","0.11","0.05","-","2,140.20","2,178.36","2,134.25","2,141.91","2,129.83","405,720","554,740","458,678"
"2023/04/03","2,179.0","2,183.0","2,159.0","2,180.0","+21.0","684,400","1,488,321","45,700","5,200","0.11","0.05","-","2,160.60","2,207.24","2,132.59","2,140.77","2,126.54","642,580","596,688","457,452"
"2021/04/14","2,838.0","2,845.0","2,740.0","2,796.0","-2.0","1,154,700","3,230,112","73,200","7,900","0.11","0.05","-","2,750.80","2,745.88","2,470.04","2,382.92","2,169.25","695,160","581,828","584,506"
"2021/02/18","2,406.0","2,406.0","2,365.0","2,386.0","-13.0","557,300","1,328,449","86,000","9,700","0.11","0.05","-","2,412.80","2,351.92","2,177.40","2,148.78","1,957.84","659,580","638,160","652,482"
"2021/02/17","2,430.0","2,471.0","2,396.0","2,399.0","+19.0","698,800","1,692,106","90,000","9,700","0.11","0.05","-","2,428.00","2,345.24","2,171.59","2,146.57","1,952.94","751,960","638,768","649,734"
"2021/02/12","2,485.0","2,510.0","2,445.0","2,480.0","+18.0","853,200","2,113,025","90,900","10,400","0.11","0.05","-","2,473.80","2,312.28","2,154.77","2,140.21","1,937.48","776,280","623,292","636,294"
"2021/02/09","2,543.0","2,559.0","2,475.0","2,504.0","+11.0","667,100","1,673,620","91,000","9,600","0.11","0.05","-","2,443.20","2,277.56","2,142.67","2,134.62","1,926.62","541,400","589,232","621,502"
"2019/09/20","1,825.0","1,829.0","1,808.0","1,816.0","-9.0","733,700","1,332,141","83,600","9,500","0.11","0.05","-","1,808.40","1,681.36","1,731.53","1,749.30","1,867.84","642,920","557,960","452,962"
"2019/01/22","1,951.0","1,973.0","1,948.0","1,953.0","-10.0","460,400","900,506","32,300","3,500","0.11","0.05","-","1,943.00","1,950.08","1,985.25","1,985.15","2,052.33","440,040","642,728","697,913"
"2018/10/30","1,994.0","2,029.0","1,994.0","2,010.0","+14.0","494,800","995,651","66,900","7,200","0.11","0.05","-","1,993.60","1,992.64","2,043.80","2,068.91","2,076.78","769,340","717,912","688,717"
"2018/10/24","1,971.0","1,997.0","1,953.0","1,990.0","+33.0","784,900","1,556,107","48,600","5,200","0.11","0.05","-","1,992.20","1,994.12","2,053.67","2,073.18","2,080.83","637,440","773,788","678,153"
"2018/06/15","2,200.0","2,205.0","2,156.0","2,185.0","+5.0","561,500","1,223,540","167,000","18,600","0.11","0.05","-","2,164.00","2,145.68","2,076.08","2,079.18","2,065.07","543,240","854,764","749,922"
"2018/06/13","2,168.0","2,201.0","2,166.0","2,199.0","+66.0","730,500","1,600,196","150,400","17,000","0.11","0.05","-","2,137.40","2,139.72","2,071.40","2,080.04","2,062.18","552,340","853,884","750,169"
"2015/07/10","2,061.0","2,083.0","2,014.0","2,061.0","+98.0","1,279,500","2,625,604","100,900","10,600","0.11","0.05","-","2,006.20","1,941.80","1,798.40","1,754.13","1,559.01","923,400","1,037,528","1,076,298"
"2024/01/23","2,290.0","2,321.0","2,274.0","2,299.5","+18.0","830,700","1,911,050","44,400","5,500","0.12","0.05","-","2,286.40","2,213.36","2,275.16","2,333.46","2,357.96","858,780","709,540","656,468"
"2024/01/18","2,343.0","2,355.0","2,255.0","2,255.0","-88.5","777,000","1,774,788","43,700","5,400","0.12","0.05","-","2,336.50","2,201.12","2,284.44","2,334.85","2,356.12","718,980","675,564","639,210"
"2023/06/13","2,411.5","2,434.0","2,406.0","2,418.0","+16.5","437,300","1,058,075","21,500","2,500","0.12","0.05","-","2,404.40","2,431.42","2,300.22","2,257.58","2,181.85","527,180","706,784","577,672"
"2023/06/12","2,430.0","2,435.0","2,399.0","2,401.5","-29.0","363,300","874,553","20,900","2,500","0.12","0.05","-","2,402.80","2,431.86","2,297.87","2,254.16","2,180.96","547,760","710,756","580,898"
"2023/02/27","2,250.0","2,272.0","2,243.0","2,262.0","+30.0","541,200","1,222,442","24,300","2,900","0.12","0.05","-","2,227.00","2,146.64","2,121.25","2,106.18","2,107.59","653,740","436,504","438,342"
"2021/02/16","2,430.0","2,443.0","2,367.0","2,380.0","-39.0","429,700","1,029,775","86,200","10,000","0.12","0.05","-","2,449.00","2,335.28","2,165.77","2,144.36","1,947.74","745,620","633,252","644,698"
"2020/05/15","1,428.0","1,431.0","1,382.0","1,389.0","+3.0","533,900","745,926","91,600","11,400","0.12","0.05","-","1,427.80","1,403.80","1,530.96","1,632.15","1,703.03","426,840","423,120","661,389"
"2020/05/08","1,397.0","1,436.0","1,388.0","1,432.0","+63.0","432,100","614,565","87,800","10,700","0.12","0.05","-","1,410.40","1,396.04","1,564.24","1,658.38","1,712.43","519,400","488,420","658,461"
"2020/04/30","1,450.0","1,466.0","1,435.0","1,439.0","+27.0","612,000","886,063","73,900","8,900","0.12","0.05","-","1,414.40","1,411.84","1,585.83","1,674.41","1,718.51","441,700","529,688","650,498"
"2019/09/26","1,849.0","1,849.0","1,819.0","1,827.0","+7.0","566,100","1,037,212","67,200","7,900","0.12","0.05","-","1,820.80","1,709.48","1,734.15","1,746.80","1,866.10","574,580","548,372","456,666"
"2019/05/14","1,782.0","1,809.0","1,776.0","1,806.0","-15.0","802,100","1,440,975","86,200","10,100","0.12","0.05","-","1,819.20","1,915.32","1,979.77","1,973.85","2,004.80","926,800","574,088","576,322"
"2018/12/18","2,035.0","2,061.0","2,017.0","2,021.0","-29.0","987,300","2,008,580","86,600","10,300","0.12","0.05","-","2,044.00","2,001.08","1,998.79","2,018.52","2,060.32","855,160","807,508","765,070"
"2018/12/17","2,050.0","2,064.0","2,034.0","2,050.0","+3.0","797,000","1,633,411","86,700","10,300","0.12","0.05","-","2,044.80","2,001.92","1,999.05","2,020.62","2,060.33","863,340","810,044","758,922"
"2018/12/14","2,070.0","2,071.0","2,037.0","2,047.0","-14.0","1,130,300","2,322,440","84,500","10,300","0.12","0.05","-","2,039.20","2,003.12","1,998.83","2,022.39","2,060.15","905,400","800,604","753,841"
"2018/12/13","2,051.0","2,068.0","2,041.0","2,061.0","+20.0","691,700","1,425,700","85,400","10,300","0.12","0.05","-","2,033.80","2,004.80","1,998.57","2,023.94","2,059.99","856,560","780,908","745,212"
"2018/11/06","2,066.0","2,087.0","2,049.0","2,070.0","+31.0","551,200","1,142,728","64,500","8,000","0.12","0.05","-","2,052.80","2,002.16","2,032.31","2,064.68","2,072.36","614,460","680,244","686,652"
"2018/11/01","2,044.0","2,060.0","2,026.0","2,053.0","-1.0","625,800","1,283,075","68,300","7,900","0.12","0.05","-","2,022.60","1,996.60","2,039.63","2,067.66","2,075.00","744,800","714,724","692,465"
"2018/10/29","2,003.0","2,027.0","1,989.0","1,996.0","-4.0","722,200","1,447,946","62,300","7,700","0.12","0.05","-","1,983.00","1,992.88","2,045.96","2,069.96","2,077.90","826,040","733,468","689,012"
"2018/10/26","1,985.0","2,018.0","1,961.0","2,000.0","+28.0","1,038,800","2,071,317","62,100","7,700","0.12","0.05","-","1,989.60","1,992.84","2,048.56","2,071.08","2,078.98","780,260","734,128","686,744"
"2018/06/14","2,170.0","2,196.0","2,164.0","2,180.0","-19.0","604,500","1,318,514","132,500","16,500","0.12","0.05","-","2,148.80","2,143.36","2,073.81","2,079.54","2,063.58","577,280","852,752","749,866"
"2018/05/31","2,086.0","2,094.0","2,061.0","2,079.0","+2.0","1,181,400","2,457,455","86,300","10,000","0.12","0.05","-","2,108.20","2,145.88","2,052.43","2,088.48","2,050.31","985,940","863,716","811,140"
"2024/01/19","2,300.0","2,300.0","2,242.0","2,252.5","-2.5","915,200","2,065,915","40,500","5,400","0.13","0.05","-","2,319.80","2,203.62","2,280.59","2,334.26","2,356.72","743,720","684,196","644,686"
"2024/01/17","2,375.5","2,399.5","2,343.5","2,343.5","-24.0","609,600","1,441,393","42,400","5,300","0.13","0.05","-","2,353.70","2,197.22","2,288.01","2,335.48","2,355.47","750,560","679,440","635,406"
"2023/09/19","2,683.5","2,703.0","2,627.5","2,656.0","-48.5","830,300","2,206,378","32,800","4,400","0.13","0.05","-","2,608.20","2,438.26","2,434.08","2,431.33","2,287.79","778,620","544,952","458,490"
"2023/09/13","2,558.0","2,575.0","2,545.0","2,552.0","+18.5","729,700","1,866,668","18,100","2,400","0.13","0.05","-","2,516.80","2,414.36","2,420.78","2,420.43","2,281.63","448,500","510,592","459,010"
"2023/08/07","2,415.0","2,463.5","2,414.0","2,458.5","+47.0","281,200","689,478","19,000","2,400","0.13","0.05","-","2,449.50","2,454.28","2,419.22","2,355.75","2,242.95","310,940","347,628","492,349"
"2023/08/01","2,497.0","2,504.5","2,475.5","2,497.0","+2.5","323,000","804,804","19,300","2,500","0.13","0.00","-","2,480.70","2,452.12","2,408.47","2,349.18","2,235.09","394,240","362,376","493,930"
"2023/06/16","2,392.5","2,397.5","2,360.5","2,374.5","-35.5","699,400","1,660,740","19,100","2,400","0.13","0.05","-","2,400.50","2,424.18","2,306.74","2,266.72","2,184.16","440,740","703,460","568,558"
"2023/06/07","2,423.0","2,428.0","2,386.5","2,395.5","-14.5","552,100","1,327,819","17,400","2,200","0.13","0.05","-","2,373.00","2,430.76","2,288.36","2,243.56","2,178.37","539,460","700,244","580,966"
"2023/06/06","2,358.0","2,412.0","2,344.0","2,410.0","+15.5","540,200","1,289,861","17,000","2,200","0.13","0.00","-","2,354.70","2,431.34","2,284.46","2,240.05","2,177.50","782,920","702,468","581,374"
"2023/02/22","2,221.0","2,238.0","2,197.0","2,200.0","-42.0","800,200","1,767,842","22,200","2,900","0.13","0.05","-","2,187.40","2,132.92","2,116.00","2,100.65","2,106.18","626,220","415,164","434,108"
"2023/02/16","2,104.0","2,141.0","2,104.0","2,122.0","+19.0","481,000","1,022,584","33,700","4,500","0.13","0.05","-","2,089.20","2,112.04","2,107.83","2,095.43","2,103.71","671,560","362,744","432,233"
"2023/02/09","2,146.0","2,160.0","2,135.0","2,140.0","-17.0","313,800","672,199","36,300","4,700","0.13","0.05","-","2,134.40","2,100.60","2,108.03","2,098.81","2,104.05","300,300","299,252","409,636"
"2021/02/15","2,466.0","2,479.0","2,368.0","2,419.0","-61.0","758,900","1,833,456","81,800","10,800","0.13","0.05","-","2,471.60","2,325.16","2,160.60","2,142.32","1,942.72","816,080","633,876","641,820"
"2020/05/18","1,320.0","1,419.0","1,315.0","1,382.0","-7.0","1,317,000","1,803,544","83,100","10,500","0.13","0.05","-","1,409.20","1,403.60","1,523.33","1,626.72","1,700.95","601,680","445,056","673,702"
"2020/05/11","1,442.0","1,476.0","1,431.0","1,475.0","+43.0","442,800","648,543","84,200","11,100","0.13","0.05","-","1,423.00","1,395.16","1,558.59","1,653.52","1,710.80","545,840","474,776","657,917"
"2020/05/07","1,398.0","1,398.0","1,358.0","1,369.0","-31.0","751,500","1,032,179","78,400","9,900","0.13","0.05","-","1,406.40","1,400.56","1,570.73","1,663.46","1,714.27","521,620","512,416","658,080"
"2020/05/01","1,409.0","1,418.0","1,386.0","1,400.0","-39.0","490,800","687,446","69,900","9,300","0.13","0.05","-","1,413.40","1,408.48","1,578.56","1,668.88","1,716.46","481,960","520,500","652,618"
"2020/04/02","1,398.0","1,420.0","1,361.0","1,365.0","-53.0","624,100","861,422","124,300","16,200","0.13","0.05","-","1,478.40","1,439.40","1,724.39","1,765.15","1,753.40","833,900","988,708","635,902"
"2019/10/15","1,755.0","1,771.0","1,743.0","1,744.0","+18.0","747,800","1,308,451","56,000","7,300","0.13","0.05","-","1,726.20","1,760.04","1,732.49","1,737.12","1,850.18","508,960","538,288","475,376"
"2019/10/10","1,709.0","1,714.0","1,679.0","1,706.0","-13.0","583,300","991,271","55,800","7,300","0.13","0.05","-","1,722.80","1,754.76","1,732.44","1,738.46","1,853.16","437,740","538,576","473,381"
"2019/05/17","1,826.0","1,833.0","1,816.0","1,825.0","+11.0","550,000","1,004,601","69,600","9,300","0.13","0.05","-","1,809.80","1,891.32","1,973.77","1,967.85","1,998.52","894,800","606,928","595,533"
"2019/01/15","1,930.0","1,953.0","1,922.0","1,931.0","-18.0","531,300","1,026,611","47,500","6,200","0.13","0.05","-","1,932.20","1,962.96","1,989.00","1,986.92","2,053.49","529,980","723,244","721,588"
"2018/12/20","2,035.0","2,041.0","1,955.0","1,964.0","-79.0","795,700","1,578,577","65,200","8,300","0.13","0.05","-","2,025.00","2,001.76","1,997.61","2,013.38","2,060.49","902,540","799,084","768,489"
"2018/12/12","2,037.0","2,059.0","2,029.0","2,041.0","+16.0","669,500","1,369,203","81,800","10,900","0.13","0.05","-","2,017.60","2,004.52","1,997.87","2,025.36","2,059.68","869,880","772,252","742,084"
"2018/12/11","2,028.0","2,041.0","2,009.0","2,025.0","+3.0","1,028,200","2,079,887","82,100","10,400","0.13","0.05","-","2,010.60","2,005.68","1,997.25","2,027.03","2,059.31","862,320","767,520","738,073"
"2018/12/10","2,016.0","2,031.0","2,011.0","2,022.0","+2.0","1,007,300","2,036,016","80,600","10,400","0.13","0.05","-","2,007.40","2,006.24","1,996.84","2,029.19","2,059.14","842,620","746,256","732,570"
"2018/12/07","2,010.0","2,026.0","1,998.0","2,020.0","+40.0","886,100","1,786,201","82,800","11,100","0.13","0.05","-","2,009.00","2,007.28","1,996.35","2,031.54","2,059.01","736,060","728,216","724,060"
"2018/12/05","1,972.0","2,018.0","1,967.0","2,006.0","-3.0","631,700","1,266,567","88,300","11,300","0.13","0.05","-","2,006.40","2,011.56","1,996.33","2,035.74","2,058.48","692,200","721,168","721,184"
"2018/10/31","2,010.0","2,054.0","1,993.0","2,054.0","+44.0","842,400","1,720,075","62,000","7,800","0.13","0.05","-","2,006.40","1,993.52","2,041.96","2,068.22","2,075.84","780,840","726,060","691,496"
"2018/08/03","2,177.0","2,182.0","2,148.0","2,152.0","-28.0","333,900","720,988","95,800","12,200","0.13","0.00","-","2,192.80","2,190.80","2,153.53","2,119.81","2,104.89","491,100","534,904","635,209"
"2018/08/01","2,205.0","2,221.0","2,196.0","2,211.0","+22.0","462,500","1,021,913","74,400","9,600","0.13","0.00","-","2,230.60","2,188.88","2,150.28","2,115.61","2,103.67","511,880","536,232","635,676"
"2018/07/27","2,268.0","2,268.0","2,249.0","2,259.0","-3.0","412,700","931,686","88,800","11,400","0.13","0.05","-","2,236.20","2,178.08","2,142.93","2,107.60","2,100.67","421,300","519,472","636,973"
"2018/07/26","2,260.0","2,274.0","2,251.0","2,262.0","+31.0","448,200","1,014,189","91,900","11,600","0.13","0.05","-","2,225.00","2,173.04","2,139.69","2,104.58","2,099.47","458,440","517,604","638,514"
"2018/06/01","2,063.0","2,084.0","2,055.0","2,066.0","-13.0","737,900","1,527,880","108,800","14,500","0.13","0.05","-","2,091.20","2,143.76","2,052.88","2,087.61","2,051.13","936,540","868,140","810,801"
"2024/01/29","2,254.5","2,263.5","2,242.0","2,251.0","+9.0","526,600","1,186,070","41,300","5,700","0.14","0.05","-","2,264.00","2,229.44","2,268.33","2,329.69","2,359.76","651,480","688,520","657,496"
"2024/01/22","2,302.5","2,334.5","2,275.0","2,281.5","+29.0","1,161,400","2,671,463","39,600","5,400","0.14","0.05","-","2,300.00","2,208.08","2,277.65","2,333.68","2,357.19","837,160","706,652","652,906"
"2024/01/15","2,336.0","2,389.0","2,330.0","2,380.5","+44.5","694,200","1,646,288","34,800","5,000","0.14","0.05","-","2,319.80","2,184.64","2,293.63","2,334.48","2,353.20","828,860","676,128","628,253"
"2023/11/28","2,255.0","2,268.0","2,238.0","2,244.5","-37.5","874,100","1,964,705","49,300","7,100","0.14","0.05","-","2,291.20","2,322.72","2,399.02","2,413.31","2,354.95","663,200","672,440","575,381"
"2023/09/21","2,579.0","2,595.5","2,556.5","2,565.5","-26.5","512,500","1,316,898","27,400","3,900","0.14","0.05","-","2,622.60","2,457.02","2,439.47","2,436.75","2,291.66","785,880","547,160","459,534"
"2023/06/28","2,410.5","2,450.5","2,400.5","2,450.0","+78.0","473,400","1,153,102","26,200","3,700","0.14","0.05","-","2,402.70","2,385.20","2,318.07","2,286.80","2,193.31","362,660","559,488","548,002"
"2023/05/29","2,391.0","2,399.0","2,360.0","2,364.0","+23.0","603,100","1,429,508","18,300","2,600","0.14","0.05","-","2,438.80","2,419.36","2,264.84","2,219.65","2,172.35","792,300","613,200","565,232"
"2023/04/24","2,289.0","2,309.0","2,281.0","2,303.0","+21.0","318,500","733,117","22,800","3,200","0.14","0.05","-","2,275.40","2,182.96","2,164.40","2,144.25","2,139.40","312,920","460,008","461,064"
"2023/04/21","2,278.0","2,288.0","2,270.0","2,282.0","+2.0","333,300","760,556","22,500","3,100","0.14","0.05","-","2,265.60","2,177.20","2,160.49","2,143.47","2,138.33","327,820","485,156","463,520"
"2020/05/14","1,440.0","1,447.0","1,382.0","1,386.0","-59.0","478,900","671,004","84,000","11,600","0.14","0.05","-","1,436.40","1,402.00","1,538.57","1,637.56","1,705.12","406,480","437,952","659,618"
"2020/05/13","1,417.0","1,452.0","1,409.0","1,445.0","+1.0","322,300","464,611","82,700","11,600","0.14","0.05","-","1,433.00","1,399.40","1,546.00","1,643.14","1,707.22","461,000","445,920","657,572"
"2020/05/12","1,475.0","1,475.0","1,437.0","1,444.0","-31.0","356,300","516,631","82,500","11,600","0.14","0.05","-","1,424.00","1,396.20","1,552.51","1,648.33","1,709.04","494,700","457,992","656,320"
"2020/04/24","1,400.0","1,408.0","1,375.0","1,404.0","-1.0","553,200","774,552","67,600","9,500","0.14","0.05","-","1,383.00","1,412.60","1,606.79","1,690.00","1,724.26","334,200","585,628","646,598"
"2020/04/23","1,365.0","1,405.0","1,365.0","1,405.0","+45.0","289,500","403,633","69,300","10,000","0.14","0.05","-","1,382.60","1,412.96","1,613.37","1,694.90","1,725.94","315,140","620,596","645,206"
"2020/04/01","1,500.0","1,565.0","1,403.0","1,418.0","-79.0","775,900","1,123,868","127,200","17,200","0.14","0.05","-","1,502.20","1,447.48","1,732.37","1,769.63","1,755.39","853,180","985,216","631,142"
"2019/10/11","1,710.0","1,733.0","1,699.0","1,726.0","+20.0","353,600","608,364","51,200","7,300","0.14","0.05","-","1,723.40","1,757.80","1,732.44","1,737.53","1,851.66","420,000","533,208","471,881"
"2019/10/07","1,730.0","1,736.0","1,719.0","1,730.0","+7.0","303,000","523,637","49,600","6,900","0.14","0.05","-","1,745.80","1,747.08","1,733.71","1,741.07","1,857.46","414,620","537,092","468,017"
"2019/10/03","1,737.0","1,742.0","1,710.0","1,723.0","-46.0","542,900","934,614","48,500","7,000","0.14","0.05","-","1,759.60","1,740.00","1,734.19","1,742.81","1,860.27","535,320","554,632","466,397"
"2019/10/02","1,778.0","1,793.0","1,759.0","1,769.0","-15.0","395,700","701,323","49,900","7,100","0.14","0.05","-","1,780.40","1,735.72","1,734.57","1,743.85","1,861.81","539,960","560,644","464,497"
"2019/05/21","1,789.0","1,797.0","1,777.0","1,785.0","-34.0","413,100","737,362","62,300","9,000","0.14","0.05","-","1,805.20","1,876.72","1,970.25","1,963.23","1,994.30","696,140","594,080","594,878"
"2019/05/20","1,831.0","1,837.0","1,817.0","1,819.0","-6.0","412,400","752,218","66,000","9,300","0.14","0.05","-","1,809.40","1,884.60","1,972.32","1,965.79","1,996.41","773,940","594,184","594,805"
"2019/01/24","1,919.0","1,942.0","1,908.0","1,940.0","+12.0","407,600","787,196","24,700","3,500","0.14","0.05","-","1,948.00","1,942.16","1,982.95","1,983.94","2,051.91","417,800","609,804","687,433"
"2018/12/04","2,020.0","2,047.0","2,007.0","2,009.0","-21.0","929,700","1,880,167","89,300","12,200","0.14","0.05","-","2,001.00","2,011.72","1,995.69","2,037.40","2,057.91","684,060","715,692","722,536"
"2018/12/03","2,024.0","2,048.0","2,015.0","2,030.0","+27.0","474,500","965,052","89,900","12,500","0.14","0.05","-","1,992.80","2,011.20","1,994.91","2,039.22","2,057.34","656,600","707,392","719,608"
"2018/07/31","2,216.0","2,219.0","2,184.0","2,189.0","-43.0","768,900","1,686,971","79,100","10,900","0.14","0.00","-","2,234.60","2,185.36","2,147.73","2,112.81","2,102.66","499,040","540,672","633,904"
"2018/07/30","2,244.0","2,257.0","2,218.0","2,232.0","-27.0","467,100","1,043,792","79,600","10,900","0.14","0.05","-","2,242.20","2,182.48","2,145.55","2,110.47","2,101.79","437,440","525,880","634,156"
"2018/07/10","2,220.0","2,224.0","2,190.0","2,191.0","-13.0","552,100","1,215,908","108,900","14,800","0.14","0.05","-","2,158.60","2,141.96","2,104.67","2,078.41","2,087.83","585,580","512,104","680,013"
"2018/07/09","2,171.0","2,207.0","2,171.0","2,204.0","+53.0","574,200","1,260,778","99,100","14,200","0.14","0.05","-","2,138.60","2,138.64","2,102.68","2,075.46","2,086.40","591,560","506,144","681,954"
"2015/08/18","2,393.0","2,459.0","2,392.0","2,431.0","+14.0","1,465,300","3,565,732","145,100","20,000","0.14","0.05","-","2,328.40","2,156.72","1,987.13","1,894.21","1,673.90","1,639,100","1,099,164","1,105,776"
"2024/01/30","2,270.5","2,272.0","2,222.5","2,223.0","-28.0","557,500","1,245,708","38,100","5,700","0.15","0.05","-","2,248.70","2,232.28","2,266.39","2,328.04","2,360.34","596,840","684,160","658,121"
"2024/01/16","2,370.0","2,382.5","2,343.5","2,367.5","-13.0","722,600","1,709,563","33,400","5,000","0.15","0.05","-","2,343.20","2,190.88","2,290.95","2,335.11","2,354.37","790,900","683,544","631,934"
"2024/01/12","2,332.0","2,348.0","2,305.5","2,336.0","-5.0","791,500","1,842,096","33,600","5,000","0.15","0.05","-","2,284.00","2,175.94","2,296.10","2,334.20","2,351.96","803,840","676,576","625,830"
"2023/11/29","2,238.0","2,253.5","2,214.5","2,214.5","-30.0","553,500","1,233,233","40,100","5,900","0.15","0.05","-","2,278.10","2,318.92","2,395.03","2,410.81","2,355.36","591,680","679,572","577,585"
"2023/10/31","2,284.5","2,331.0","2,255.0","2,329.0","+70.5","810,900","1,872,147","33,200","5,100","0.15","0.05","-","2,290.20","2,372.86","2,429.66","2,426.09","2,334.82","905,780","568,020","505,724"
"2023/07/04","2,470.0","2,478.0","2,452.0","2,465.0","+11.5","409,900","1,009,510","17,100","2,500","0.15","0.00","-","2,448.60","2,396.48","2,330.36","2,299.91","2,199.60","420,320","513,628","540,725"
"2023/05/22","2,510.0","2,547.0","2,510.0","2,542.0","+32.0","740,500","1,878,059","23,800","3,600","0.15","0.05","-","2,522.20","2,379.72","2,244.09","2,198.91","2,166.03","899,060","522,328","531,016"
"2023/04/13","2,201.0","2,221.0","2,191.0","2,218.0","+21.0","356,000","788,250","17,500","2,600","0.15","0.00","-","2,172.40","2,169.44","2,141.11","2,141.81","2,132.61","361,900","533,928","455,170"
"2021/07/12","2,689.0","2,692.0","2,647.0","2,670.0","+52.0","652,700","1,742,636","35,700","5,500","0.15","0.05","-","2,697.00","2,885.88","2,821.01","2,761.39","2,451.86","771,540","580,552","658,449"
"2020/04/28","1,416.0","1,421.0","1,394.0","1,412.0","0.0","310,600","437,011","70,300","10,200","0.15","0.05","-","1,398.60","1,414.12","1,592.73","1,679.47","1,720.31","370,860","537,608","646,184"
"2019/10/08","1,730.0","1,739.0","1,726.0","1,736.0","+6.0","338,000","586,133","49,500","7,600","0.15","0.05","-","1,736.20","1,750.36","1,733.37","1,740.60","1,856.24","404,380","534,488","468,432"
"2019/10/04","1,709.0","1,723.0","1,685.0","1,723.0","0.0","442,300","756,108","47,200","7,000","0.15","0.05","-","1,751.40","1,743.72","1,733.76","1,741.83","1,858.84","464,160","547,060","468,102"
"2019/10/01","1,769.0","1,796.0","1,757.0","1,784.0","+26.0","389,200","694,211","49,600","7,300","0.15","0.05","-","1,790.60","1,728.64","1,734.35","1,744.30","1,862.98","550,520","563,000","466,574"
"2019/09/30","1,754.0","1,774.0","1,749.0","1,758.0","-6.0","550,700","969,241","46,200","7,100","0.15","0.05","-","1,797.00","1,721.68","1,734.03","1,744.74","1,863.98","563,580","565,648","466,266"
"2019/09/27","1,793.0","1,795.0","1,746.0","1,764.0","-63.0","798,100","1,406,834","48,900","7,100","0.15","0.05","-","1,808.60","1,715.92","1,734.03","1,745.65","1,865.08","600,180","562,044","462,961"
"2019/05/22","1,774.0","1,783.0","1,755.0","1,759.0","-26.0","538,700","950,505","61,700","9,500","0.15","0.05","-","1,800.40","1,867.96","1,967.37","1,960.21","1,992.08","523,220","592,240","596,565"
"2018/12/26","1,811.0","1,826.0","1,772.0","1,798.0","-6.0","669,100","1,200,102","41,400","6,200","0.15","0.05","-","1,904.60","1,980.48","1,992.35","2,002.22","2,058.92","757,420","786,528","767,044"
"2018/12/06","1,979.0","2,005.0","1,969.0","1,980.0","-26.0","758,300","1,502,234","83,900","12,200","0.15","0.05","-","2,005.60","2,008.60","1,996.12","2,033.62","2,058.87","745,840","717,804","721,089"
"2018/11/28","1,975.0","1,984.0","1,957.0","1,979.0","+11.0","591,000","1,166,835","83,400","12,800","0.15","0.05","-","1,951.40","2,009.00","1,993.65","2,043.87","2,057.78","632,440","736,596","742,234"
"2018/10/22","1,981.0","2,036.0","1,976.0","2,029.0","+40.0","493,300","994,386","51,300","7,900","0.15","0.05","-","2,001.40","1,990.76","2,057.67","2,075.27","2,082.42","539,320","770,412","672,981"
"2018/10/18","2,018.0","2,020.0","1,983.0","1,996.0","-24.0","522,400","1,044,412","62,600","9,700","0.15","0.05","-","1,978.60","1,983.80","2,060.01","2,077.43","2,083.86","607,740","806,260","672,726"
"2018/10/12","1,970.0","1,981.0","1,938.0","1,960.0","-1.0","823,500","1,613,681","58,800","9,100","0.15","0.05","-","1,981.00","1,977.52","2,068.16","2,085.98","2,086.48","796,520","827,092","667,476"
"2018/10/10","1,995.0","2,016.0","1,988.0","1,993.0","+10.0","606,000","1,211,020","59,300","9,000","0.15","0.05","-","1,998.40","1,978.44","2,072.40","2,091.35","2,087.81","708,100","816,084","654,092"
"2018/07/25","2,241.0","2,251.0","2,229.0","2,231.0","+4.0","398,300","891,029","75,200","11,600","0.15","0.00","-","2,214.20","2,168.36","2,136.43","2,102.11","2,098.18","490,800","515,652","643,864"
"2024/02/05","2,204.0","2,233.0","2,193.0","2,229.0","+32.0","1,121,800","2,494,236","44,300","6,900","0.16","0.05","-","2,218.20","2,249.32","2,256.10","2,316.31","2,361.46","745,940","730,696","671,501"
"2023/09/07","2,554.5","2,567.5","2,536.5","2,544.5","-12.5","344,100","876,956","12,600","2,000","0.16","0.05","-","2,517.20","2,404.30","2,415.76","2,409.88","2,275.85","513,200","487,432","473,825"
"2023/04/26","2,295.0","2,313.0","2,291.0","2,305.0","-6.0","358,600","826,113","19,100","3,000","0.16","0.05","-","2,296.20","2,197.72","2,171.95","2,146.57","2,141.78","326,860","440,756","459,614"
"2023/04/18","2,240.0","2,265.0","2,240.0","2,253.0","-1.0","263,600","594,155","16,100","2,600","0.16","0.05","-","2,228.20","2,165.32","2,149.96","2,142.43","2,135.69","347,980","499,824","461,030"
"2023/04/12","2,188.0","2,214.0","2,188.0","2,197.0","+22.0","389,600","856,973","16,400","2,600","0.16","0.00","-","2,150.20","2,171.32","2,138.64","2,141.66","2,131.69","387,680","543,212","455,138"
"2023/03/30","2,149.0","2,165.0","2,122.0","2,144.0","-45.0","658,800","1,410,835","34,800","5,700","0.16","0.05","-","2,142.60","2,210.96","2,131.00","2,138.27","2,125.85","633,540","610,920","450,392"
"2023/03/28","2,150.0","2,155.0","2,119.0","2,131.0","+5.0","444,900","951,176","31,500","5,100","0.16","0.05","-","2,129.20","2,215.28","2,129.51","2,135.82","2,125.30","546,440","595,068","441,625"
"2020/05/26","1,500.0","1,557.0","1,496.0","1,554.0","+72.0","605,900","931,152","75,300","12,400","0.16","0.05","-","1,466.60","1,417.00","1,488.37","1,597.34","1,691.00","500,080","480,460","684,702"
"2020/04/27","1,405.0","1,419.0","1,376.0","1,412.0","+8.0","443,200","624,042","67,000","10,700","0.16","0.05","-","1,391.20","1,415.24","1,599.65","1,684.73","1,722.30","368,520","557,008","647,848"
"2019/10/09","1,716.0","1,726.0","1,706.0","1,719.0","-17.0","522,100","897,186","49,700","8,000","0.16","0.05","-","1,726.20","1,753.32","1,732.77","1,739.65","1,854.74","429,660","536,828","472,334"
"2019/05/24","1,760.0","1,782.0","1,759.0","1,778.0","+6.0","428,900","761,442","63,500","10,200","0.16","0.05","-","1,782.60","1,854.28","1,961.75","1,954.74","1,987.68","449,400","586,112","597,148"
"2019/05/23","1,749.0","1,775.0","1,747.0","1,772.0","+13.0","453,900","801,720","63,000","10,300","0.16","0.05","-","1,792.00","1,860.68","1,964.60","1,957.46","1,989.93","473,620","590,452","597,546"
"2018/11/30","1,991.0","2,008.0","1,986.0","2,003.0","+19.0","935,000","1,870,958","80,300","12,800","0.16","0.05","-","1,975.60","2,010.00","1,994.36","2,040.96","2,057.20","691,940","729,964","723,765"
"2018/11/29","2,001.0","2,006.0","1,981.0","1,984.0","+5.0","490,100","975,922","79,300","12,500","0.16","0.05","-","1,963.60","2,008.76","1,993.57","2,042.44","2,057.35","585,340","724,804","724,741"
"2018/11/19","2,016.0","2,018.0","1,983.0","2,018.0","-5.0","862,900","1,730,732","62,600","10,000","0.16","0.05","-","2,007.60","2,019.96","2,009.47","2,054.32","2,063.23","862,320","697,216","721,760"
"2018/11/16","2,002.0","2,024.0","1,996.0","2,023.0","+16.0","1,049,900","2,115,521","62,100","10,000","0.16","0.05","-","2,012.40","2,017.00","2,012.04","2,055.37","2,064.13","899,880","687,508","716,421"
"2018/10/17","1,990.0","2,027.0","1,979.0","2,020.0","+47.0","484,200","972,991","62,900","10,200","0.16","0.05","-","1,971.60","1,981.56","2,061.89","2,078.98","2,084.50","680,520","810,512","671,864"
"2018/10/05","1,998.0","2,017.0","1,995.0","2,008.0","-2.0","814,300","1,634,573","55,700","8,900","0.16","0.05","-","2,007.40","1,983.20","2,076.43","2,094.97","2,088.87","717,180","811,412","644,850"
"2018/08/02","2,195.0","2,217.0","2,177.0","2,180.0","-31.0","423,100","927,231","71,500","11,600","0.16","0.00","-","2,214.20","2,190.12","2,152.21","2,117.89","2,104.40","506,860","535,012","635,873"
"2018/07/18","2,278.0","2,292.0","2,235.0","2,241.0","-16.0","869,900","1,966,655","84,200","13,700","0.16","0.05","-","2,218.00","2,161.44","2,120.95","2,091.59","2,093.50","626,820","530,352","658,722"
"2018/06/25","2,125.0","2,144.0","2,112.0","2,117.0","-5.0","399,100","848,509","93,000","15,200","0.16","0.05","-","2,131.80","2,139.44","2,088.63","2,072.89","2,073.16","399,560","666,312","718,913"
"2024/01/31","2,220.0","2,247.0","2,209.0","2,243.0","+20.0","735,900","1,644,433","35,600","5,900","0.17","0.05","-","2,246.20","2,237.22","2,263.93","2,326.15","2,360.94","643,140","691,384","660,118"
"2023/09/15","2,645.0","2,725.5","2,640.5","2,704.5","+109.5","1,350,900","3,648,368","35,300","6,000","0.17","0.05","-","2,571.60","2,425.04","2,429.41","2,427.80","2,285.64","672,680","556,108","454,246"
"2023/08/16","2,347.0","2,368.0","2,331.5","2,352.0","+15.5","594,700","1,400,351","13,900","2,400","0.17","0.00","-","2,409.30","2,447.66","2,429.99","2,371.92","2,253.14","603,040","393,572","511,625"
"2023/07/31","2,490.0","2,506.5","2,474.0","2,494.5","+43.5","490,400","1,223,131","20,900","3,500","0.17","0.00","-","2,479.00","2,447.04","2,404.47","2,346.80","2,232.92","403,640","357,640","494,818"
"2023/07/24","2,464.0","2,477.5","2,450.0","2,456.0","+22.5","359,600","885,294","14,400","2,500","0.17","0.00","-","2,455.90","2,429.18","2,381.71","2,337.35","2,221.77","333,500","368,584","493,388"
"2023/06/02","2,310.0","2,364.0","2,308.0","2,359.0","+53.0","617,000","1,448,297","12,700","2,200","0.17","0.00","-","2,336.20","2,425.00","2,275.89","2,232.41","2,175.28","803,440","698,736","581,337"
"2023/05/19","2,520.0","2,531.0","2,500.0","2,510.0","-10.0","843,800","2,122,290","19,500","3,400","0.17","0.05","-","2,508.40","2,365.92","2,239.01","2,193.45","2,164.29","883,040","508,292","524,170"
"2023/05/17","2,523.0","2,570.0","2,522.0","2,530.0","+21.0","1,102,100","2,793,315","21,000","3,600","0.17","0.05","-","2,486.20","2,337.64","2,229.25","2,184.74","2,161.01","751,320","467,124","505,457"
"2023/04/25","2,311.0","2,334.0","2,301.0","2,311.0","+8.0","314,100","727,046","20,100","3,400","0.17","0.05","-","2,287.00","2,190.80","2,168.21","2,145.45","2,140.63","323,020","449,700","460,205"
"2023/04/17","2,245.0","2,259.0","2,245.0","2,254.0","+35.0","393,000","885,180","14,900","2,600","0.17","0.00","-","2,212.60","2,164.32","2,146.88","2,141.99","2,134.60","367,000","505,124","459,390"
"2023/03/31","2,177.0","2,185.0","2,153.0","2,159.0","+15.0","505,200","1,093,590","33,000","5,600","0.17","0.05","-","2,149.80","2,209.32","2,131.53","2,139.33","2,126.08","609,580","599,120","451,366"
"2023/02/08","2,142.0","2,161.0","2,134.0","2,157.0","+25.0","331,600","713,773","34,700","5,900","0.17","0.05","-","2,127.80","2,095.40","2,107.52","2,099.07","2,103.73","306,800","306,808","411,122"
"2020/04/03","1,360.0","1,370.0","1,307.0","1,321.0","-44.0","678,100","904,792","105,900","18,000","0.17","0.05","-","1,429.20","1,431.60","1,716.08","1,760.01","1,751.23","778,800","995,160","640,080"
"2019/06/20","1,768.0","1,779.0","1,763.0","1,764.0","+3.0","229,400","405,599","56,700","9,500","0.17","0.05","-","1,753.20","1,760.28","1,896.75","1,921.68","1,953.58","312,100","402,624","557,218"
"2018/11/27","1,973.0","1,998.0","1,953.0","1,968.0","+24.0","792,400","1,563,725","75,400","12,800","0.17","0.05","-","1,942.20","2,008.12","1,995.80","2,045.28","2,058.23","773,680","744,088","741,924"
"2018/10/19","1,983.0","1,998.0","1,976.0","1,989.0","-7.0","608,300","1,209,539","55,000","9,600","0.17","0.05","-","1,984.40","1,986.44","2,058.49","2,075.97","2,083.15","564,700","786,716","674,164"
"2018/08/09","2,134.0","2,152.0","2,115.0","2,140.0","+1.0","567,700","1,214,355","84,000","13,900","0.17","0.00","-","2,139.20","2,194.52","2,156.79","2,122.89","2,106.46","500,140","538,528","634,706"
"2018/07/23","2,198.0","2,209.0","2,188.0","2,202.0","-1.0","386,400","850,228","71,700","12,100","0.17","0.00","-","2,222.20","2,163.40","2,129.75","2,097.91","2,095.99","604,980","518,284","658,506"
"2023/11/22","2,275.0","2,331.5","2,271.5","2,310.5","+30.5","583,500","1,350,267","36,400","6,600","0.18","0.05","-","2,288.80","2,327.74","2,405.76","2,417.94","2,352.37","700,400","639,948","564,149"
"2023/08/09","2,506.5","2,519.0","2,481.0","2,514.0","+13.0","388,200","973,769","13,100","2,400","0.18","0.05","-","2,460.40","2,458.14","2,425.57","2,362.31","2,247.27","341,520","347,712","494,258"
"2023/06/27","2,383.0","2,383.5","2,333.0","2,372.0","+2.0","289,100","683,135","14,900","2,700","0.18","0.05","-","2,390.90","2,387.20","2,316.29","2,283.58","2,191.61","359,480","570,572","550,222"
"2023/06/19","2,377.5","2,390.5","2,364.0","2,388.5","+14.0","408,400","971,846","13,000","2,400","0.18","0.05","-","2,397.90","2,420.80","2,308.41","2,269.55","2,184.91","449,760","693,380","563,926"
"2023/05/24","2,510.0","2,528.0","2,494.0","2,500.0","-31.0","750,500","1,882,792","22,000","3,900","0.18","0.05","-","2,520.60","2,403.48","2,254.00","2,208.69","2,169.34","835,240","562,680","547,409"
"2023/05/18","2,541.0","2,564.0","2,494.0","2,520.0","-10.0","889,400","2,247,667","19,000","3,400","0.18","0.05","-","2,500.60","2,352.52","2,234.21","2,188.82","2,162.71","852,400","488,888","514,964"
"2023/04/19","2,262.0","2,264.0","2,248.0","2,259.0","+6.0","339,400","766,253","17,500","3,200","0.18","0.05","-","2,240.60","2,169.12","2,153.08","2,142.84","2,136.60","337,940","493,440","461,940"
"2023/04/14","2,231.0","2,236.0","2,219.0","2,219.0","+1.0","337,700","750,693","14,800","2,600","0.18","0.00","-","2,191.40","2,165.52","2,143.76","2,141.78","2,133.54","357,460","521,840","457,321"
"2023/03/24","2,116.0","2,132.0","2,095.0","2,123.0","-11.0","625,000","1,322,561","13,400","2,400","0.18","0.00","-","2,132.60","2,216.84","2,128.93","2,134.71","2,125.25","657,380","602,448","439,293"
"2020/04/20","1,383.0","1,388.0","1,365.0","1,371.0","-31.0","271,600","372,884","69,800","12,800","0.18","0.05","-","1,383.60","1,406.64","1,635.41","1,710.77","1,731.36","398,220","755,052","645,897"
"2020/04/07","1,358.0","1,422.0","1,339.0","1,387.0","+43.0","768,600","1,063,794","77,900","14,400","0.18","0.05","-","1,367.00","1,422.80","1,701.09","1,750.52","1,747.23","750,280","985,636","651,025"
"2019/07/10","1,787.0","1,801.0","1,783.0","1,795.0","-7.0","370,400","664,300","53,400","9,800","0.18","0.05","-","1,802.60","1,767.00","1,848.76","1,892.31","1,938.02","282,200","357,820","508,902"
"2019/07/03","1,807.0","1,808.0","1,791.0","1,799.0","-12.0","373,600","672,386","52,300","9,200","0.18","0.05","-","1,778.20","1,751.44","1,865.01","1,902.74","1,941.86","383,520","394,348","534,040"
"2019/07/02","1,798.0","1,812.0","1,798.0","1,811.0","+8.0","339,500","613,653","51,500","9,500","0.18","0.05","-","1,767.80","1,749.76","1,868.04","1,904.78","1,943.12","390,240","397,212","537,886"
"2019/07/01","1,777.0","1,803.0","1,770.0","1,803.0","+63.0","406,500","728,246","53,400","9,600","0.18","0.05","-","1,753.60","1,748.56","1,870.44","1,906.48","1,944.28","419,480","401,176","543,422"
"2019/06/24","1,733.0","1,734.0","1,711.0","1,726.0","-5.0","466,100","804,631","51,200","9,400","0.18","0.00","-","1,743.20","1,752.80","1,888.21","1,917.44","1,950.97","363,320","402,964","554,388"
"2019/06/21","1,766.0","1,766.0","1,729.0","1,731.0","-33.0","504,800","877,679","54,000","9,500","0.18","0.05","-","1,749.00","1,756.52","1,892.32","1,919.46","1,952.31","332,980","400,816","555,538"
"2019/06/07","1,762.0","1,764.0","1,750.0","1,754.0","-10.0","255,700","448,982","54,600","10,000","0.18","0.05","-","1,735.80","1,784.76","1,927.52","1,937.82","1,965.08","425,860","599,636","579,872"
"2018/10/16","1,959.0","1,984.0","1,955.0","1,973.0","+29.0","588,400","1,158,378","52,400","9,200","0.18","0.05","-","1,966.20","1,978.20","2,063.43","2,080.70","2,085.02","704,880","821,600","669,896"
"2018/10/15","1,938.0","1,950.0","1,927.0","1,944.0","-16.0","620,200","1,203,664","51,800","9,100","0.18","0.05","-","1,968.20","1,976.60","2,065.77","2,083.16","2,085.70","757,700","817,388","668,098"
"2018/10/04","2,028.0","2,030.0","2,005.0","2,010.0","+12.0","700,900","1,410,882","56,000","10,300","0.18","0.05","-","2,010.00","1,984.52","2,078.21","2,095.80","2,089.35","734,000","799,888","641,012"
"2018/08/06","2,150.0","2,156.0","2,123.0","2,124.0","-28.0","502,700","1,072,840","72,100","13,000","0.18","0.00","-","2,171.20","2,190.28","2,154.60","2,120.89","2,105.28","498,220","536,704","633,733"
"2018/07/24","2,219.0","2,238.0","2,208.0","2,227.0","+25.0","460,900","1,025,586","69,500","12,700","0.18","0.00","-","2,216.20","2,164.80","2,133.37","2,100.03","2,097.05","585,120","520,776","650,252"
"2018/07/19","2,249.0","2,249.0","2,205.0","2,208.0","-33.0","610,000","1,356,766","75,500","13,500","0.18","0.05","-","2,225.20","2,161.80","2,123.88","2,094.00","2,094.28","645,440","525,532","657,060"
"2018/06/18","2,187.0","2,194.0","2,169.0","2,192.0","+7.0","398,600","870,365","77,200","13,600","0.18","0.05","-","2,177.80","2,148.56","2,078.44","2,078.83","2,066.56","518,340","853,836","748,038"
"2018/06/12","2,138.0","2,146.0","2,120.0","2,133.0","+10.0","296,600","632,331","87,200","15,300","0.18","0.05","-","2,120.60","2,136.24","2,068.31","2,080.26","2,060.44","535,580","854,280","751,457"
"2024/01/25","2,272.5","2,285.5","2,247.0","2,272.0","+16.5","672,100","1,524,930","41,300","8,000","0.19","0.05","-","2,272.20","2,222.40","2,270.69","2,332.12","2,358.91","816,760","685,096","659,226"
"2023/11/10","2,344.5","2,390.0","2,322.0","2,331.5","-113.0","1,065,800","2,502,834","33,900","6,300","0.19","0.05","-","2,412.80","2,359.72","2,426.17","2,426.92","2,346.82","620,640","583,220","530,549"
"2023/09/22","2,532.0","2,590.0","2,520.5","2,569.0","+3.5","446,500","1,147,140","21,000","3,900","0.19","0.05","-","2,617.40","2,467.58","2,441.59","2,439.03","2,293.56","759,800","535,332","458,285"
"2023/07/25","2,479.5","2,491.0","2,459.5","2,488.5","+32.5","370,000","918,551","13,200","2,500","0.19","0.00","-","2,461.30","2,433.18","2,386.43","2,339.61","2,224.39","349,340","367,048","493,493"
"2023/06/26","2,388.0","2,388.0","2,352.5","2,370.0","-17.5","204,600","485,298","13,100","2,500","0.19","0.05","-","2,386.00","2,393.56","2,314.87","2,281.46","2,190.32","417,600","597,088","554,209"
"2023/06/08","2,407.5","2,419.0","2,371.5","2,376.5","-19.0","524,600","1,253,351","18,800","3,600","0.19","0.05","-","2,387.10","2,429.46","2,291.75","2,246.83","2,179.09","541,980","700,740","581,548"
"2023/05/30","2,350.0","2,352.0","2,315.0","2,348.0","-16.0","515,700","1,204,234","16,600","3,200","0.19","0.05","-","2,402.20","2,422.08","2,267.72","2,223.08","2,173.35","705,040","621,436","568,373"
"2023/04/27","2,309.0","2,349.0","2,306.0","2,341.0","+36.0","564,300","1,318,862","17,100","3,200","0.19","0.05","-","2,308.40","2,206.00","2,176.28","2,148.10","2,142.99","377,760","440,900","462,476"
"2023/04/07","2,113.0","2,131.0","2,106.0","2,124.0","+17.0","359,900","763,893","14,000","2,700","0.19","0.00","-","2,146.60","2,184.40","2,133.77","2,142.45","2,129.25","473,540","568,684","458,316"
"2021/07/09","2,585.0","2,632.0","2,566.0","2,618.0","-67.0","1,573,400","4,083,608","37,100","6,900","0.19","0.05","-","2,725.00","2,899.88","2,822.68","2,758.88","2,449.55","702,240","573,740","658,290"
"2020/04/22","1,357.0","1,366.0","1,344.0","1,360.0","-15.0","257,800","350,313","70,800","13,500","0.19","0.05","-","1,375.20","1,413.76","1,620.23","1,699.88","1,727.60","326,640","681,732","645,913"
"2019/07/09","1,799.0","1,822.0","1,793.0","1,802.0","+2.0","278,300","502,055","54,700","10,200","0.19","0.05","-","1,803.40","1,765.16","1,852.36","1,894.14","1,938.73","282,840","364,808","511,325"
"2019/07/04","1,810.0","1,818.0","1,806.0","1,809.0","+10.0","204,300","369,891","54,700","10,300","0.19","0.05","-","1,792.40","1,754.16","1,861.93","1,900.65","1,940.88","356,020","388,080","528,353"
"2019/06/19","1,748.0","1,765.0","1,742.0","1,761.0","+27.0","306,900","540,012","56,300","10,800","0.19","0.05","-","1,750.80","1,762.28","1,900.29","1,923.67","1,954.77","376,520","421,524","560,644"
"2019/06/10","1,767.0","1,779.0","1,758.0","1,773.0","+19.0","326,000","577,026","51,400","9,900","0.19","0.05","-","1,748.60","1,780.52","1,924.60","1,936.38","1,963.25","415,960","590,448","575,017"
"2019/06/06","1,741.0","1,775.0","1,740.0","1,764.0","+15.0","390,500","689,058","54,400","10,100","0.19","0.05","-","1,729.40","1,790.60","1,931.07","1,939.65","1,967.01","470,740","608,400","591,576"
"2019/06/05","1,743.0","1,749.0","1,731.0","1,749.0","+46.0","545,100","949,731","52,500","10,100","0.19","0.05","-","1,724.80","1,796.04","1,934.08","1,940.77","1,968.81","464,840","612,256","598,141"
"2018/11/20","1,961.0","1,973.0","1,907.0","1,933.0","-85.0","1,297,200","2,501,458","65,500","12,400","0.19","0.05","-","1,995.60","2,018.36","2,006.17","2,052.16","2,062.09","902,540","725,568","733,414"
"2018/10/25","1,960.0","1,985.0","1,958.0","1,972.0","-18.0","806,000","1,589,504","41,400","7,800","0.19","0.05","-","1,987.40","1,993.12","2,051.28","2,072.24","2,079.93","694,160","731,556","680,549"
"2018/08/07","2,137.0","2,157.0","2,124.0","2,141.0","+17.0","547,400","1,171,041","71,700","13,500","0.19","0.00","-","2,161.60","2,191.80","2,155.39","2,121.87","2,105.69","453,920","538,580","633,776"
"2018/07/17","2,240.0","2,271.0","2,234.0","2,257.0","+29.0","560,200","1,263,621","79,200","14,700","0.19","0.05","-","2,208.00","2,157.12","2,117.25","2,089.08","2,092.46","563,260","507,420","658,561"
"2018/07/13","2,219.0","2,231.0","2,207.0","2,228.0","+36.0","553,100","1,228,582","73,400","14,300","0.19","0.05","-","2,197.40","2,151.76","2,113.36","2,086.47","2,091.36","566,060","505,936","664,417"
"2018/06/06","2,107.0","2,119.0","2,102.0","2,115.0","+7.0","646,700","1,366,365","74,500","13,800","0.19","0.05","-","2,096.80","2,141.96","2,060.20","2,084.64","2,054.90","718,020","844,328","782,156"
"2018/05/24","2,204.0","2,231.0","2,191.0","2,192.0","-27.0","785,300","1,731,032","56,700","11,000","0.19","0.05","-","2,219.00","2,139.56","2,052.03","2,090.01","2,044.78","958,380","769,676","796,165"
"2015/09/04","2,055.0","2,065.0","1,877.0","1,920.0","-112.0","849,200","1,636,902","40,200","7,800","0.19","0.00","-","2,019.00","2,130.72","2,043.15","1,957.86","1,728.99","1,090,940","1,244,068","1,118,753"
"2015/08/19","2,399.0","2,424.0","2,327.0","2,328.0","-103.0","698,800","1,644,201","83,300","16,100","0.19","0.05","-","2,340.40","2,164.44","1,996.55","1,902.25","1,679.99","1,227,020","1,086,980","1,106,093"
"2024/02/02","2,204.0","2,209.5","2,187.5","2,197.0","-2.0","660,400","1,451,966","33,700","6,700","0.20","0.05","-","2,222.60","2,244.54","2,258.34","2,319.59","2,361.30","626,900","705,536","663,369"
"2023/11/24","2,344.0","2,354.0","2,328.0","2,339.0","+28.5","422,600","989,630","36,000","7,200","0.20","0.05","-","2,300.40","2,327.26","2,404.79","2,416.84","2,353.53","651,860","642,956","565,869"
"2023/10/18","2,373.5","2,375.5","2,325.5","2,351.0","+18.0","347,400","815,463","30,600","6,000","0.20","0.05","-","2,367.60","2,477.80","2,446.70","2,431.23","2,322.15","412,940","562,044","470,360"
"2023/10/05","2,314.5","2,368.0","2,307.0","2,364.0","+57.5","710,600","1,669,619","22,800","4,600","0.20","0.05","-","2,403.90","2,513.76","2,448.99","2,441.95","2,309.37","582,640","573,044","463,033"
"2023/09/27","2,500.0","2,546.0","2,496.5","2,541.0","+18.0","504,500","1,277,673","25,400","5,000","0.20","0.05","-","2,552.40","2,495.24","2,447.25","2,443.29","2,300.07","460,880","537,908","451,753"
"2023/09/20","2,657.5","2,664.0","2,591.5","2,592.0","-64.0","658,800","1,721,149","19,400","3,900","0.20","0.05","-","2,619.90","2,448.48","2,437.19","2,434.14","2,289.80","829,320","550,448","459,048"
"2023/05/23","2,545.0","2,587.0","2,522.0","2,531.0","-11.0","952,000","2,426,392","19,900","3,900","0.20","0.05","-","2,526.60","2,392.24","2,249.04","2,203.89","2,167.79","905,560","546,168","541,484"
"2023/02/15","2,105.0","2,131.0","2,089.0","2,103.0","+8.0","582,700","1,227,745","34,500","7,000","0.20","0.05","-","2,092.80","2,109.16","2,107.33","2,095.88","2,103.66","638,120","355,724","429,793"
"2021/09/24","2,970.0","3,045.0","2,952.0","3,040.0","+67.0","1,045,300","3,153,073","20,500","4,000","0.20","0.00","-","2,960.80","2,805.84","2,780.72","2,792.37","2,611.40","853,540","675,472","585,093"
"2020/04/21","1,351.0","1,385.0","1,337.0","1,375.0","+4.0","298,900","407,881","71,600","14,300","0.20","0.05","-","1,380.80","1,412.48","1,628.00","1,705.20","1,729.54","368,280","731,964","645,048"
"2020/03/27","1,549.0","1,573.0","1,514.0","1,567.0","+83.0","953,600","1,477,369","96,500","19,300","0.20","0.05","-","1,466.60","1,462.00","1,751.09","1,779.25","1,758.90","887,680","955,424","612,926"
"2019/09/24","1,803.0","1,822.0","1,801.0","1,816.0","0.0","454,500","825,878","60,200","11,800","0.20","0.05","-","1,811.60","1,691.28","1,732.43","1,748.33","1,867.30","568,400","556,192","451,754"
"2019/06/26","1,738.0","1,748.0","1,733.0","1,747.0","+7.0","407,200","710,043","46,800","9,300","0.20","0.05","-","1,741.60","1,750.52","1,880.44","1,913.16","1,948.39","418,640","400,608","551,964"
"2019/05/28","1,783.0","1,792.0","1,777.0","1,781.0","+1.0","438,600","782,060","49,900","10,100","0.20","0.05","-","1,774.00","1,841.60","1,956.45","1,949.71","1,983.02","433,520","581,212","593,585"
"2019/05/27","1,788.0","1,795.0","1,779.0","1,780.0","+2.0","307,500","548,746","51,400","10,400","0.20","0.05","-","1,774.80","1,848.12","1,959.12","1,952.33","1,985.43","428,420","578,540","594,130"
"2018/08/08","2,155.0","2,182.0","2,139.0","2,139.0","-2.0","549,000","1,181,940","69,200","13,900","0.20","0.00","-","2,147.20","2,193.72","2,156.13","2,122.47","2,106.11","471,220","537,260","634,618"
"2018/07/20","2,208.0","2,224.0","2,186.0","2,203.0","-5.0","598,400","1,319,188","72,900","14,300","0.20","0.00","-","2,227.40","2,162.72","2,126.80","2,096.04","2,094.98","638,320","525,288","660,520"
"2018/07/06","2,123.0","2,165.0","2,115.0","2,151.0","+24.0","626,300","1,343,871","74,100","14,500","0.20","0.05","-","2,118.40","2,135.12","2,100.95","2,073.44","2,084.89","576,820","508,016","685,025"
"2018/06/19","2,180.0","2,196.0","2,141.0","2,142.0","-50.0","526,400","1,135,902","73,800","15,100","0.20","0.05","-","2,179.60","2,150.60","2,080.03","2,077.84","2,067.91","564,300","836,720","741,558"
"2018/06/07","2,135.0","2,147.0","2,121.0","2,123.0","+8.0","479,800","1,020,300","69,000","14,100","0.20","0.05","-","2,105.60","2,140.72","2,063.15","2,083.46","2,056.50","577,700","844,212","771,026"
"2018/06/05","2,124.0","2,131.0","2,095.0","2,108.0","-8.0","403,100","849,424","66,100","13,500","0.20","0.05","-","2,089.20","2,143.00","2,057.23","2,085.84","2,053.30","805,140","843,764","786,506"
"2018/05/08","2,168.0","2,185.0","2,156.0","2,165.0","-6.0","449,100","973,580","68,000","13,600","0.20","0.05","-","2,154.40","2,065.16","2,061.60","2,082.19","2,025.49","483,000","591,536","745,142"
"2018/05/07","2,155.0","2,173.0","2,143.0","2,171.0","+30.0","458,200","990,858","68,600","13,500","0.20","0.05","-","2,149.20","2,057.12","2,062.35","2,081.17","2,024.06","604,480","607,884","746,549"
"2024/02/08","2,139.0","2,175.5","2,099.5","2,162.0","+22.5","1,211,300","2,603,434","39,100","8,100","0.21","0.05","-","2,170.90","2,252.48","2,248.21","2,305.61","2,360.15","1,020,460","802,700","701,670"
"2023/11/01","2,408.0","2,409.0","2,364.5","2,409.0","+80.0","529,800","1,270,082","22,900","4,800","0.21","0.05","-","2,310.50","2,368.30","2,429.37","2,426.41","2,336.62","937,100","569,544","508,890"
"2023/07/14","2,439.5","2,453.0","2,419.0","2,444.5","+13.5","302,000","737,133","13,500","2,900","0.21","0.00","-","2,430.40","2,418.10","2,362.78","2,325.91","2,210.83","318,380","390,032","514,413"
"2019/08/30","1,654.0","1,661.0","1,643.0","1,654.0","+8.0","403,100","665,783","35,000","7,500","0.21","0.05","-","1,627.60","1,666.64","1,737.35","1,779.51","1,888.52","546,940","527,216","430,777"
"2019/07/17","1,799.0","1,813.0","1,793.0","1,798.0","-9.0","550,900","992,265","50,200","10,600","0.21","0.05","-","1,803.00","1,773.84","1,835.91","1,884.61","1,935.50","368,140","365,632","494,781"
"2019/07/16","1,805.0","1,810.0","1,794.0","1,807.0","+2.0","214,900","387,576","50,700","10,600","0.21","0.05","-","1,803.80","1,772.24","1,838.75","1,886.51","1,936.21","313,620","355,708","496,784"
"2019/07/11","1,816.0","1,824.0","1,806.0","1,810.0","+15.0","475,800","862,427","49,300","10,200","0.21","0.05","-","1,802.80","1,768.84","1,845.51","1,890.51","1,937.37","336,500","361,232","505,033"
"2019/07/05","1,809.0","1,817.0","1,799.0","1,807.0","-2.0","272,600","492,480","50,300","10,400","0.21","0.05","-","1,805.80","1,757.56","1,858.71","1,898.51","1,940.22","319,300","379,780","522,093"
"2019/06/18","1,743.0","1,766.0","1,731.0","1,734.0","-21.0","309,400","539,469","55,500","11,500","0.21","0.05","-","1,750.60","1,763.16","1,903.87","1,925.62","1,955.95","388,360","465,380","561,982"
"2018/11/26","1,922.0","1,947.0","1,922.0","1,944.0","+1.0","651,200","1,261,046","60,000","12,800","0.21","0.05","-","1,952.20","2,010.56","1,998.08","2,046.51","2,058.65","787,780","732,124","738,678"
"2018/11/22","1,945.0","1,958.0","1,928.0","1,943.0","+20.0","402,000","779,641","58,800","12,500","0.21","0.05","-","1,968.00","2,012.36","2,000.71","2,048.10","2,059.63","867,520","730,408","737,294"
"2018/10/03","1,997.0","2,021.0","1,994.0","1,998.0","-3.0","566,800","1,136,084","51,900","10,900","0.21","0.05","-","2,003.40","1,985.44","2,080.64","2,096.90","2,089.87","754,920","788,488","636,981"
"2018/06/20","2,146.0","2,152.0","2,110.0","2,145.0","+3.0","399,400","854,270","73,100","15,100","0.21","0.05","-","2,168.80","2,151.84","2,081.76","2,076.62","2,069.34","498,080","763,256","733,344"
"2018/05/23","2,229.0","2,273.0","2,212.0","2,219.0","-7.0","1,278,700","2,858,696","57,600","12,100","0.21","0.05","-","2,225.40","2,134.00","2,051.85","2,089.34","2,043.22","1,141,120","753,612","793,564"
"2018/05/01","2,142.0","2,161.0","2,119.0","2,154.0","+13.0","482,700","1,035,334","67,300","13,800","0.21","0.05","-","2,131.40","2,043.72","2,064.37","2,079.49","2,020.99","675,220","653,808","749,708"
"2018/04/26","2,120.0","2,163.0","2,118.0","2,139.0","+35.0","1,056,500","2,261,940","66,000","13,600","0.21","0.05","-","2,107.20","2,029.04","2,066.79","2,077.94","2,018.30","639,220","684,172","753,754"
"2016/10/28","2,029.0","2,041.0","2,004.0","2,023.0","+14.0","1,831,000","3,706,147","89,100","18,500","0.21","0.00","-","2,011.20","1,980.88","1,982.33","2,023.30","2,077.52","870,640","841,576","861,550"
"2023/11/20","2,310.5","2,332.5","2,273.5","2,278.5","-15.5","708,900","1,621,454","33,200","7,400","0.22","0.05","-","2,275.80","2,330.90","2,409.63","2,420.25","2,350.86","665,940","608,564","552,980"
"2023/11/08","2,454.0","2,454.0","2,364.5","2,403.5","-27.0","511,700","1,229,504","23,800","5,200","0.22","0.05","-","2,423.40","2,357.04","2,427.68","2,427.01","2,343.69","519,880","565,740","519,914"
"2023/10/17","2,365.5","2,374.5","2,318.0","2,333.0","-3.5","275,900","645,116","26,900","5,900","0.22","0.05","-","2,376.30","2,482.68","2,448.00","2,432.30","2,320.50","458,520","560,172","470,217"
"2023/09/25","2,582.5","2,596.0","2,558.5","2,563.5","-5.5","349,200","897,302","19,900","4,300","0.22","0.05","-","2,589.20","2,477.86","2,443.83","2,440.56","2,295.82","559,460","532,052","455,580"
"2023/09/11","2,499.5","2,501.5","2,453.5","2,473.0","-8.0","300,600","742,385","11,100","2,400","0.22","0.05","-","2,517.60","2,409.32","2,415.71","2,414.69","2,278.34","434,800","492,608","463,781"
"2023/09/08","2,525.0","2,554.0","2,475.5","2,481.0","-63.5","462,800","1,159,298","11,100","2,400","0.22","0.05","-","2,526.90","2,406.86","2,415.51","2,412.50","2,277.14","508,940","492,328","469,989"
"2023/09/05","2,514.0","2,542.0","2,500.5","2,532.5","+13.0","519,100","1,309,827","9,000","2,000","0.22","0.05","-","2,450.70","2,398.66","2,415.38","2,403.02","2,272.33","626,900","477,352","484,505"
"2023/08/03","2,443.0","2,443.0","2,413.5","2,417.0","-46.5","340,400","825,437","11,500","2,500","0.22","0.05","-","2,464.60","2,454.46","2,414.38","2,352.17","2,239.05","403,180","358,152","493,440"
"2023/07/18","2,439.0","2,466.0","2,436.0","2,461.5","+17.0","290,800","714,966","11,400","2,500","0.22","0.00","-","2,436.70","2,420.50","2,366.41","2,328.53","2,212.68","294,060","387,132","506,029"
"2023/07/03","2,446.5","2,464.5","2,435.5","2,453.5","+27.5","380,400","933,007","11,200","2,500","0.22","0.00","-","2,430.00","2,391.80","2,326.76","2,296.58","2,198.09","396,160","517,860","541,500"
"2023/06/22","2,409.5","2,440.0","2,404.0","2,434.0","+43.0","478,700","1,163,780","22,500","4,900","0.22","0.05","-","2,387.10","2,405.34","2,312.07","2,277.00","2,188.01","524,740","637,576","560,401"
"2023/06/05","2,396.0","2,409.0","2,388.5","2,394.5","+35.5","476,000","1,140,476","18,700","4,100","0.22","0.00","-","2,342.30","2,428.58","2,280.26","2,236.11","2,176.35","778,020","703,432","579,285"
"2023/03/13","2,259.0","2,259.0","2,215.0","2,228.0","-56.0","396,100","884,524","28,600","6,200","0.22","0.05","-","2,270.60","2,204.72","2,134.80","2,130.15","2,120.10","625,140","581,884","435,944"
"2022/08/23","2,235.0","2,250.0","2,230.0","2,240.0","0.0","604,200","1,353,346","19,900","4,300","0.22","0.05","-","2,244.60","2,196.72","2,102.53","2,103.35","2,275.78","547,360","613,376","687,620"
"2022/03/09","2,024.0","2,088.0","2,017.0","2,054.0","+45.0","976,800","2,009,823","84,200","18,700","0.22","0.00","-","2,055.40","2,234.84","2,444.71","2,527.34","2,667.47","1,131,260","1,115,256","793,545"
"2020/04/17","1,384.0","1,446.0","1,375.0","1,402.0","+34.0","457,900","642,100","66,500","14,600","0.22","0.05","-","1,386.60","1,401.04","1,642.80","1,715.73","1,733.14","391,460","824,208","645,086"
"2019/07/08","1,792.0","1,810.0","1,791.0","1,800.0","-7.0","285,400","514,312","47,400","10,200","0.22","0.05","-","1,805.20","1,761.20","1,855.71","1,896.20","1,939.38","295,080","376,176","518,978"
"2019/06/12","1,751.0","1,764.0","1,750.0","1,760.0","+2.0","366,100","644,010","54,500","12,100","0.22","0.05","-","1,761.80","1,774.16","1,918.55","1,932.92","1,960.19","328,220","558,208","566,530"
"2019/06/11","1,760.0","1,765.0","1,756.0","1,758.0","-15.0","302,800","533,035","56,100","12,100","0.22","0.05","-","1,759.60","1,776.88","1,921.53","1,934.66","1,961.34","364,020","573,068","570,608"
"2018/10/09","1,973.0","2,005.0","1,971.0","1,983.0","-25.0","852,500","1,692,713","55,200","12,100","0.22","0.05","-","2,000.00","1,980.80","2,074.27","2,093.66","2,088.25","735,240","818,148","650,892"
"2018/06/11","2,120.0","2,128.0","2,081.0","2,123.0","+14.0","523,100","1,106,265","67,800","14,800","0.22","0.05","-","2,115.60","2,137.52","2,066.40","2,081.14","2,059.11","556,880","860,380","763,874"
"2018/06/08","2,113.0","2,133.0","2,104.0","2,109.0","-14.0","731,700","1,546,608","67,200","14,600","0.22","0.05","-","2,114.20","2,139.44","2,064.71","2,082.34","2,057.75","576,460","857,784","768,454"
"2018/05/25","2,200.0","2,206.0","2,147.0","2,151.0","-41.0","984,900","2,126,667","51,700","11,600","0.22","0.05","-","2,202.00","2,143.84","2,051.65","2,090.28","2,046.11","940,900","784,536","803,070"
"2018/04/27","2,160.0","2,162.0","2,127.0","2,141.0","+2.0","632,600","1,354,079","65,900","14,700","0.22","0.05","-","2,117.20","2,036.36","2,065.53","2,078.65","2,019.64","653,520","676,476","752,842"
"2015/10/13","2,105.0","2,192.0","2,099.0","2,182.0","+41.0","987,400","2,141,234","75,900","16,700","0.22","0.05","-","2,093.60","1,930.76","2,039.16","2,014.30","1,794.60","1,401,520","1,215,328","1,132,730"
"2015/06/02","2,040.0","2,059.0","2,010.0","2,034.0","-1.0","973,700","1,980,562","363,500","78,600","0.22","0.05","-","2,025.80","1,813.88","1,678.73","1,630.74","1,498.16","1,154,720","1,027,972","1,145,688"
"2024/02/09","2,140.0","2,159.5","2,120.0","2,121.0","-41.0","743,100","1,588,015","41,600","9,500","0.23","0.05","-","2,155.70","2,250.44","2,245.45","2,301.48","2,359.49","1,037,000","797,980","707,194"
"2024/01/24","2,256.0","2,280.0","2,255.0","2,255.5","-44.0","504,400","1,141,425","44,300","10,100","0.23","0.05","-","2,268.80","2,218.64","2,272.43","2,332.70","2,358.45","837,740","693,680","655,837"
"2023/11/27","2,336.0","2,348.5","2,281.5","2,282.0","-57.0","524,700","1,204,866","33,800","7,700","0.23","0.05","-","2,298.00","2,325.42","2,402.44","2,415.40","2,354.38","630,160","650,792","569,116"
"2023/07/05","2,446.0","2,485.0","2,432.5","2,477.0","+12.0","391,500","967,430","11,000","2,500","0.23","0.00","-","2,454.00","2,403.40","2,334.52","2,303.11","2,201.09","403,940","458,512","540,849"
"2019/07/31","1,817.0","1,817.0","1,794.0","1,794.0","-24.0","567,100","1,021,598","49,000","11,300","0.23","0.05","-","1,806.20","1,793.28","1,807.00","1,861.55","1,925.49","369,180","338,808","446,252"
"2019/07/29","1,796.0","1,806.0","1,788.0","1,795.0","-13.0","257,300","461,938","48,000","10,900","0.23","0.05","-","1,804.20","1,787.44","1,811.76","1,866.10","1,927.63","283,660","339,904","449,216"
"2018/10/11","1,942.0","1,973.0","1,942.0","1,961.0","-32.0","886,300","1,734,021","58,900","13,600","0.23","0.05","-","1,991.00","1,976.72","2,070.25","2,088.60","2,087.09","772,000","829,832","661,817"
"2018/10/01","2,020.0","2,039.0","2,010.0","2,020.0","-1.0","762,200","1,543,943","55,200","12,500","0.23","0.05","-","2,005.20","1,986.92","2,085.52","2,099.07","2,090.89","802,800","773,756","635,081"
"2018/09/28","1,992.0","2,038.0","1,988.0","2,021.0","+44.0","898,400","1,813,411","53,700","12,100","0.23","0.05","-","2,004.40","1,985.92","2,087.91","2,099.99","2,091.09","827,100","758,016","634,658"
"2018/09/27","1,968.0","2,009.0","1,962.0","1,977.0","+1.0","805,500","1,601,628","54,400","12,300","0.23","0.05","-","1,999.20","1,984.84","2,089.40","2,101.43","2,091.30","795,160","746,700","626,634"
"2018/06/29","2,140.0","2,142.0","2,110.0","2,137.0","+2.0","457,700","975,245","72,100","16,900","0.23","0.05","-","2,132.20","2,129.68","2,097.76","2,071.16","2,078.58","444,100","579,960","701,466"
"2018/06/28","2,138.0","2,147.0","2,114.0","2,135.0","-14.0","336,600","718,191","81,400","18,500","0.23","0.05","-","2,129.20","2,130.24","2,096.15","2,071.58","2,077.10","413,940","601,048","704,398"
"2018/06/22","2,125.0","2,128.0","2,107.0","2,122.0","-11.0","306,900","650,216","67,400","15,800","0.23","0.05","-","2,146.80","2,143.64","2,086.47","2,074.17","2,071.94","399,460","679,320","722,862"
"2018/06/04","2,066.0","2,124.0","2,065.0","2,116.0","+50.0","621,000","1,305,816","67,500","15,500","0.23","0.05","-","2,087.40","2,144.24","2,054.40","2,086.87","2,052.20","886,160","869,900","807,220"
"2018/04/24","2,100.0","2,130.0","2,097.0","2,119.0","+36.0","627,300","1,327,664","65,900","15,100","0.23","0.05","-","2,091.60","2,023.96","2,068.89","2,076.27","2,015.85","518,520","678,920","750,898"
"2016/12/06","2,177.0","2,206.0","2,175.0","2,196.0","+5.0","660,800","1,449,663","63,700","14,700","0.23","0.00","-","2,208.40","2,105.56","1,998.65","2,013.14","2,088.55","800,140","899,700","880,832"
"2015/05/18","1,845.0","1,961.0","1,820.0","1,907.0","+229.0","3,827,300","7,235,909","345,500","78,800","0.23","0.05","-","1,718.40","1,667.52","1,606.36","1,569.16","1,472.95","1,160,900","872,184","1,086,658"
"2023/12/19","2,161.0","2,175.5","2,132.5","2,146.0","-25.0","534,000","1,146,476","44,300","10,500","0.24","0.05","-","2,157.20","2,219.48","2,363.10","2,372.34","2,355.97","742,140","701,420","619,004"
"2023/11/21","2,261.0","2,286.0","2,247.0","2,280.0","+1.5","911,100","2,069,190","32,100","7,600","0.24","0.05","-","2,278.30","2,328.64","2,407.18","2,419.33","2,351.46","734,720","627,644","560,908"
"2023/08/04","2,414.0","2,440.0","2,404.0","2,411.5","-5.5","293,600","709,221","11,900","2,800","0.24","0.05","-","2,456.70","2,452.98","2,416.48","2,353.44","2,240.99","352,780","356,428","492,114"
"2023/07/06","2,465.0","2,484.0","2,454.5","2,462.0","-15.0","292,500","720,993","10,300","2,500","0.24","0.00","-","2,456.70","2,409.64","2,338.56","2,306.33","2,202.57","395,100","449,732","532,120"
"2022/01/07","2,721.0","2,747.0","2,671.0","2,726.0","+16.0","520,200","1,414,374","42,300","10,100","0.24","0.05","-","2,706.80","2,584.76","2,686.77","2,702.71","2,742.75","446,920","528,804","591,957"
"2020/04/13","1,410.0","1,417.0","1,386.0","1,386.0","-35.0","237,800","332,689","55,500","13,300","0.24","0.05","-","1,406.00","1,407.28","1,672.56","1,733.65","1,740.35","402,620","929,760","637,970"
"2020/04/06","1,318.0","1,371.0","1,298.0","1,344.0","+23.0","904,700","1,210,321","78,000","18,700","0.24","0.05","-","1,389.00","1,427.00","1,708.27","1,755.05","1,749.09","753,340","988,836","646,777"
"2019/09/25","1,809.0","1,829.0","1,804.0","1,820.0","+4.0","448,500","815,944","51,500","12,600","0.24","0.05","-","1,814.20","1,700.60","1,733.17","1,747.53","1,866.69","547,400","559,256","452,528"
"2019/07/30","1,812.0","1,819.0","1,801.0","1,818.0","+23.0","357,300","647,759","48,000","11,600","0.24","0.05","-","1,809.20","1,791.12","1,809.51","1,863.94","1,926.62","311,860","335,552","444,233"
"2019/07/23","1,770.0","1,799.0","1,764.0","1,793.0","+22.0","216,300","386,960","47,900","11,300","0.24","0.05","-","1,783.80","1,777.92","1,822.69","1,875.31","1,931.50","337,720","345,844","468,666"
"2019/07/19","1,760.0","1,801.0","1,752.0","1,795.0","+33.0","293,100","524,108","43,400","10,600","0.24","0.05","-","1,793.40","1,775.64","1,828.67","1,880.22","1,933.69","326,840","354,516","479,733"
"2019/01/23","1,928.0","1,946.0","1,914.0","1,928.0","-25.0","467,000","901,604","28,300","6,800","0.24","0.05","-","1,946.20","1,946.20","1,984.01","1,984.49","2,052.15","427,080","620,280","692,161"
"2018/12/21","1,950.0","1,954.0","1,899.0","1,914.0","-50.0","911,000","1,747,669","32,200","7,600","0.24","0.05","-","1,998.40","1,998.04","1,996.41","2,010.20","2,060.34","858,680","811,920","773,401"
"2018/10/02","2,008.0","2,034.0","1,999.0","2,001.0","-19.0","741,700","1,490,094","51,500","12,400","0.24","0.05","-","1,999.00","1,986.64","2,083.13","2,098.19","2,090.47","823,400","785,140","636,910"
"2018/07/12","2,198.0","2,215.0","2,175.0","2,192.0","+20.0","634,000","1,392,527","62,700","15,200","0.24","0.05","-","2,182.00","2,147.00","2,110.48","2,084.11","2,090.32","580,700","513,080","670,366"
"2018/07/05","2,133.0","2,144.0","2,115.0","2,127.0","+7.0","639,300","1,360,633","61,700","15,000","0.24","0.05","-","2,115.60","2,131.72","2,099.56","2,072.25","2,083.65","543,100","512,480","685,384"
"2018/06/27","2,131.0","2,150.0","2,113.0","2,149.0","+26.0","453,600","969,563","73,100","17,600","0.24","0.05","-","2,128.80","2,132.52","2,093.81","2,072.02","2,075.73","419,820","618,996","712,910"
"2018/06/26","2,100.0","2,137.0","2,090.0","2,123.0","+6.0","573,500","1,215,276","71,400","17,300","0.24","0.05","-","2,128.00","2,135.32","2,091.19","2,072.14","2,074.43","408,980","652,000","714,456"
"2018/05/17","2,141.0","2,230.0","2,135.0","2,224.0","+110.0","1,699,000","3,751,079","52,700","12,800","0.24","0.05","-","2,135.20","2,102.52","2,051.07","2,084.26","2,035.48","1,164,460","681,512","781,260"
"2018/05/09","2,157.0","2,157.0","2,107.0","2,112.0","-53.0","740,400","1,570,904","52,900","12,800","0.24","0.05","-","2,148.60","2,070.12","2,060.15","2,082.71","2,026.75","504,560","591,764","745,845"
"2015/10/09","2,151.0","2,178.0","2,082.0","2,141.0","+3.0","1,320,500","2,816,997","70,100","16,900","0.24","0.05","-","2,040.00","1,922.68","2,035.43","2,011.55","1,790.36","1,331,940","1,228,560","1,129,637"
"2015/08/17","2,334.0","2,420.0","2,322.0","2,417.0","+133.0","1,763,500","4,214,955","129,200","31,300","0.24","0.05","-","2,274.00","2,144.88","1,977.11","1,885.02","1,667.40","1,592,140","1,092,376","1,094,510"
"2023/11/16","2,265.0","2,294.0","2,258.0","2,281.0","+23.0","665,300","1,514,608","32,700","8,300","0.25","0.05","-","2,282.10","2,340.70","2,415.21","2,422.10","2,349.55","749,440","595,172","545,930"
"2023/10/25","2,329.0","2,338.0","2,307.5","2,307.5","+0.5","373,200","866,100","21,400","5,300","0.25","0.05","-","2,312.80","2,418.72","2,437.11","2,430.24","2,329.66","370,760","480,472","468,737"
"2023/10/16","2,370.0","2,380.5","2,325.5","2,336.5","-60.5","434,100","1,016,556","26,200","6,500","0.25","0.05","-","2,395.30","2,488.60","2,449.56","2,433.97","2,318.93","520,560","567,648","472,850"
"2023/09/26","2,550.0","2,550.0","2,511.0","2,523.0","-40.5","491,700","1,241,791","16,300","4,000","0.25","0.05","-","2,562.60","2,486.08","2,445.78","2,441.70","2,297.96","491,740","532,284","455,141"
"2023/08/02","2,461.0","2,492.5","2,455.5","2,463.5","-33.5","316,500","781,709","10,100","2,500","0.25","0.00","-","2,475.80","2,455.78","2,411.74","2,351.17","2,237.12","401,760","363,472","493,404"
"2023/07/13","2,431.0","2,447.5","2,412.0","2,431.0","+15.5","292,300","711,273","10,200","2,600","0.25","0.05","-","2,426.60","2,417.54","2,358.60","2,323.20","2,209.32","334,800","408,296","516,318"
"2023/07/12","2,451.5","2,453.0","2,415.0","2,415.5","-15.5","239,500","580,041","10,100","2,500","0.25","0.00","-","2,432.80","2,415.36","2,354.53","2,320.11","2,208.00","334,840","417,588","519,346"
"2023/07/11","2,461.5","2,461.5","2,428.0","2,431.0","+1.0","345,700","843,675","10,200","2,500","0.25","0.00","-","2,445.10","2,414.56","2,350.63","2,316.99","2,206.69","365,240","430,092","524,486"
"2023/07/07","2,454.0","2,457.5","2,422.0","2,425.5","-36.5","384,100","934,295","10,100","2,500","0.25","0.00","-","2,456.60","2,412.30","2,342.70","2,310.00","2,203.78","371,680","440,416","529,617"
"2022/02/10","2,457.0","2,468.0","2,419.0","2,454.0","+7.0","563,900","1,381,692","47,200","11,900","0.25","0.05","-","2,439.20","2,527.00","2,579.35","2,651.52","2,715.05","609,320","761,772","632,798"
"2020/04/14","1,358.0","1,391.0","1,353.0","1,389.0","+3.0","448,600","616,590","53,000","13,000","0.25","0.05","-","1,406.40","1,405.16","1,665.04","1,729.65","1,738.63","338,620","914,948","638,489"
"2020/03/17","1,217.0","1,335.0","1,199.0","1,328.0","+99.0","1,513,600","1,943,430","46,500","11,600","0.25","0.05","-","1,315.00","1,533.96","1,795.25","1,802.10","1,769.70","1,329,620","865,468","557,620"
"2020/03/12","1,391.0","1,403.0","1,346.0","1,360.0","-67.0","1,045,200","1,429,242","48,700","12,200","0.25","0.00","-","1,438.00","1,609.68","1,820.63","1,816.68","1,777.57","1,017,880","743,088","534,609"
"2019/09/03","1,660.0","1,674.0","1,656.0","1,670.0","+25.0","539,600","899,467","61,000","15,100","0.25","0.05","-","1,649.00","1,655.12","1,733.03","1,772.60","1,884.59","518,020","541,664","427,461"
"2019/08/01","1,783.0","1,785.0","1,771.0","1,779.0","-15.0","375,900","667,895","42,400","10,700","0.25","0.05","-","1,798.80","1,794.56","1,804.35","1,858.97","1,924.38","388,460","337,556","443,468"
"2019/07/25","1,816.0","1,825.0","1,810.0","1,816.0","+7.0","279,500","508,255","41,800","10,300","0.25","0.05","-","1,796.80","1,783.12","1,817.13","1,871.00","1,929.38","270,220","343,592","456,374"
"2019/07/24","1,799.0","1,809.0","1,796.0","1,809.0","+16.0","280,500","506,252","44,400","11,300","0.25","0.05","-","1,786.00","1,780.92","1,819.80","1,873.13","1,930.46","283,640","344,688","461,385"
"2019/07/22","1,786.0","1,789.0","1,764.0","1,771.0","-24.0","281,700","499,952","46,400","11,500","0.25","0.05","-","1,786.60","1,776.40","1,825.52","1,877.74","1,932.51","337,440","349,768","476,117"
"2019/06/17","1,756.0","1,762.0","1,750.0","1,755.0","+3.0","314,400","551,838","48,100","12,200","0.25","0.05","-","1,755.40","1,766.04","1,907.77","1,927.59","1,957.07","387,040","485,088","562,877"
"2019/06/13","1,740.0","1,752.0","1,733.0","1,752.0","-8.0","551,500","963,227","49,200","12,100","0.25","0.05","-","1,759.40","1,771.68","1,915.08","1,930.95","1,959.23","360,420","537,152","566,846"
"2018/07/11","2,175.0","2,182.0","2,145.0","2,172.0","-19.0","516,900","1,120,133","61,800","15,200","0.25","0.05","-","2,169.00","2,144.24","2,107.52","2,081.21","2,089.08","581,760","506,912","675,905"
"2018/06/21","2,145.0","2,154.0","2,122.0","2,133.0","-12.0","366,000","781,479","70,600","18,000","0.25","0.05","-","2,159.40","2,148.20","2,084.11","2,075.35","2,070.65","450,380","709,936","726,897"
"2018/05/28","2,129.0","2,142.0","2,106.0","2,135.0","-16.0","872,900","1,857,948","49,900","12,300","0.25","0.05","-","2,184.60","2,145.96","2,051.59","2,090.33","2,047.28","970,620","797,684","805,401"
"2023/12/07","2,184.0","2,197.0","2,168.0","2,185.0","-26.5","712,200","1,552,201","38,000","9,800","0.26","0.05","-","2,184.80","2,293.96","2,381.56","2,395.74","2,357.92","659,620","658,760","586,277"
"2023/12/01","2,225.0","2,233.5","2,209.5","2,209.5","-0.5","555,200","1,230,417","34,900","9,200","0.26","0.05","-","2,232.10","2,311.12","2,389.37","2,405.61","2,355.97","732,340","715,272","580,232"
"2023/11/07","2,445.0","2,475.5","2,420.0","2,430.5","-23.5","489,300","1,193,004","17,100","4,400","0.26","0.05","-","2,408.50","2,359.30","2,428.41","2,426.96","2,342.27","579,720","567,340","516,618"
"2023/07/28","2,441.0","2,470.5","2,418.0","2,451.0","-22.0","545,600","1,333,908","9,700","2,500","0.26","0.00","-","2,471.30","2,442.76","2,400.21","2,344.75","2,230.84","377,480","352,724","493,062"
"2023/07/21","2,440.0","2,450.0","2,420.0","2,433.5","-25.0","367,100","894,214","9,600","2,500","0.26","0.00","-","2,453.60","2,425.92","2,378.13","2,335.41","2,219.30","321,980","382,176","494,945"
"2020/05/22","1,446.0","1,452.0","1,419.0","1,436.0","+8.0","390,400","560,340","84,700","21,900","0.26","0.05","-","1,420.20","1,406.64","1,497.40","1,606.08","1,693.94","666,700","475,936","681,930"
"2020/05/21","1,433.0","1,443.0","1,422.0","1,428.0","-5.0","380,800","544,971","84,600","22,100","0.26","0.05","-","1,410.80","1,404.64","1,503.49","1,611.17","1,695.73","695,400","469,832","682,254"
"2020/04/10","1,400.0","1,428.0","1,375.0","1,421.0","+8.0","262,400","370,121","53,300","13,800","0.26","0.05","-","1,397.60","1,411.32","1,680.01","1,737.99","1,742.20","536,000","949,492","643,753"
"2019/07/26","1,800.0","1,817.0","1,796.0","1,808.0","-8.0","384,700","695,981","42,800","11,200","0.26","0.05","-","1,799.40","1,784.88","1,814.45","1,868.78","1,928.54","288,540","349,804","454,364"
"2019/06/27","1,737.0","1,740.0","1,729.0","1,738.0","-9.0","341,800","593,343","44,200","11,700","0.26","0.05","-","1,736.40","1,749.16","1,876.89","1,910.74","1,946.94","441,120","396,124","545,902"
"2018/09/18","1,918.0","2,010.0","1,909.0","1,997.0","+75.0","1,861,800","3,684,849","37,400","9,700","0.26","0.00","-","1,940.80","1,979.96","2,098.61","2,109.90","2,093.09","1,067,680","709,776","606,036"
"2018/07/04","2,081.0","2,126.0","2,076.0","2,120.0","+29.0","536,000","1,132,735","60,600","15,800","0.26","0.05","-","2,117.20","2,129.80","2,099.01","2,071.68","2,082.42","482,560","534,164","685,412"
"2018/05/02","2,157.0","2,165.0","2,128.0","2,141.0","-13.0","392,400","841,187","66,100","17,500","0.26","0.05","-","2,135.80","2,048.88","2,063.31","2,080.33","2,022.45","628,240","629,532","744,892"
"2015/06/11","1,892.0","1,917.0","1,887.0","1,898.0","-8.0","799,900","1,521,538","271,300","71,400","0.26","0.00","-","1,933.20","1,890.56","1,704.80","1,661.32","1,512.33","1,066,160","1,225,412","1,139,982"
"2023/09/04","2,455.0","2,525.5","2,450.0","2,519.5","+87.0","671,300","1,679,725","8,600","2,300","0.27","0.00","-","2,415.20","2,397.14","2,415.08","2,399.44","2,270.68","600,040","476,204","488,834"
"2023/07/27","2,471.5","2,479.0","2,451.0","2,473.0","-15.0","333,300","822,673","9,100","2,500","0.27","0.00","-","2,467.80","2,442.08","2,396.17","2,343.23","2,228.92","341,780","350,048","490,392"
"2023/07/20","2,492.0","2,494.0","2,458.0","2,458.5","-11.5","264,500","653,144","9,300","2,500","0.27","0.00","-","2,453.10","2,424.98","2,374.75","2,333.40","2,217.02","307,020","378,864","499,176"
"2023/05/31","2,321.0","2,339.0","2,304.0","2,304.0","-44.0","1,769,400","4,085,016","13,900","3,700","0.27","0.05","-","2,363.00","2,422.96","2,269.68","2,226.11","2,173.92","908,820","678,880","587,544"
"2022/03/29","2,177.0","2,220.0","2,125.0","2,216.0","+4.0","1,356,000","2,971,857","48,100","12,900","0.27","0.05","-","2,218.20","2,141.68","2,398.44","2,442.29","2,618.67","856,280","1,135,056","870,508"
"2020/05/27","1,554.0","1,572.0","1,530.0","1,565.0","+11.0","684,700","1,068,168","75,800","20,500","0.27","0.05","-","1,493.00","1,424.88","1,484.57","1,593.58","1,689.78","496,720","493,968","688,293"
"2020/05/20","1,409.0","1,434.0","1,401.0","1,433.0","+11.0","701,500","998,254","82,400","22,200","0.27","0.05","-","1,402.40","1,404.36","1,509.65","1,616.63","1,697.44","715,020","465,096","682,413"
"2018/07/03","2,100.0","2,100.0","2,072.0","2,091.0","-12.0","582,000","1,214,452","59,200","16,000","0.27","0.05","-","2,123.00","2,128.08","2,098.72","2,071.17","2,081.09","466,080","556,016","688,758"
"2018/03/27","1,998.0","2,024.0","1,982.0","2,012.0","+42.0","999,300","2,005,835","28,200","7,500","0.27","0.00","-","2,011.20","2,005.80","2,090.81","2,086.33","1,998.48","875,180","818,048","758,600"
"2016/09/30","1,982.0","2,028.0","1,966.0","2,024.0","+10.0","549,100","1,103,686","46,900","12,500","0.27","0.00","-","2,015.60","1,949.92","2,016.64","2,087.31","2,103.43","813,920","772,260","854,668"
"2016/05/18","2,322.0","2,424.0","2,322.0","2,399.0","+86.0","1,435,300","3,430,819","95,200","26,000","0.27","0.05","-","2,277.60","2,162.80","2,127.20","2,117.91","2,131.03","1,033,600","800,824","851,870"
"2016/03/31","2,213.0","2,252.0","2,193.0","2,195.0","-40.0","675,700","1,497,247","84,600","22,700","0.27","0.05","-","2,235.40","2,156.72","2,112.61","2,163.90","2,104.79","740,820","799,396","888,120"
"2023/12/08","2,175.0","2,184.0","2,149.0","2,157.5","-27.5","873,900","1,891,169","38,500","10,600","0.28","0.05","-","2,174.40","2,283.90","2,379.43","2,393.00","2,358.10","723,360","672,524","591,450"
"2023/11/30","2,203.5","2,211.0","2,176.5","2,210.0","-4.5","1,154,200","2,541,955","35,900","10,000","0.28","0.05","-","2,258.00","2,315.04","2,390.91","2,408.14","2,355.62","705,820","707,992","587,618"
"2023/11/17","2,288.0","2,298.5","2,271.5","2,294.0","+13.0","633,200","1,447,376","26,900","7,500","0.28","0.05","-","2,274.60","2,335.64","2,412.54","2,421.17","2,350.27","662,920","600,684","547,834"
"2023/11/15","2,278.5","2,289.5","2,236.5","2,258.0","-9.5","755,100","1,701,683","28,300","8,000","0.28","0.05","-","2,314.80","2,345.24","2,417.48","2,423.63","2,348.88","708,080","591,572","544,334"
"2023/09/28","2,502.0","2,515.5","2,476.5","2,502.0","-39.0","544,900","1,361,766","17,700","5,000","0.28","0.05","-","2,539.70","2,501.74","2,448.59","2,444.41","2,302.02","467,360","546,800","454,174"
"2023/08/29","2,342.0","2,364.0","2,328.5","2,355.0","+25.0","384,800","906,093","12,100","3,400","0.28","0.00","-","2,335.40","2,404.32","2,419.23","2,387.36","2,264.69","360,400","432,700","501,581"
"2023/08/10","2,496.0","2,522.5","2,482.5","2,518.5","+4.5","401,700","1,006,846","12,300","3,500","0.28","0.05","-","2,480.70","2,459.80","2,428.72","2,365.84","2,249.35","353,780","348,120","495,170"
"2023/07/26","2,479.5","2,495.0","2,459.0","2,488.0","-0.5","278,900","693,212","8,900","2,500","0.28","0.00","-","2,464.90","2,438.80","2,391.51","2,341.57","2,226.88","328,020","355,016","490,746"
"2023/06/29","2,436.0","2,470.0","2,426.0","2,448.5","-1.5","336,700","825,105","13,300","3,700","0.28","0.05","-","2,405.60","2,384.82","2,320.26","2,290.22","2,194.92","334,260","542,308","541,680"
"2023/06/21","2,341.5","2,398.0","2,341.5","2,391.0","+43.5","457,500","1,091,070","15,200","4,300","0.28","0.05","-","2,382.30","2,408.78","2,310.27","2,274.14","2,186.60","485,860","654,004","563,270"
"2023/06/01","2,304.0","2,334.0","2,296.0","2,306.0","+2.0","512,000","1,183,298","13,500","3,800","0.28","0.00","-","2,332.60","2,423.08","2,271.89","2,229.07","2,174.44","857,980","686,620","590,186"
"2023/03/22","2,147.0","2,149.0","2,120.0","2,132.0","+17.0","582,200","1,241,554","13,500","3,800","0.28","0.05","-","2,153.20","2,214.48","2,129.52","2,134.35","2,124.57","590,280","593,668","439,369"
"2023/03/14","2,188.0","2,191.0","2,141.0","2,164.0","-64.0","499,000","1,078,927","21,500","6,000","0.28","0.05","-","2,251.60","2,206.04","2,134.08","2,131.18","2,120.98","586,800","589,056","435,046"
"2023/02/17","2,112.0","2,181.0","2,112.0","2,174.0","+52.0","667,800","1,445,294","22,900","6,500","0.28","0.05","-","2,112.20","2,116.96","2,109.33","2,095.75","2,104.07","548,980","379,672","422,486"
"2023/02/14","2,090.0","2,118.0","2,088.0","2,095.0","+28.0","383,500","803,791","35,200","9,800","0.28","0.05","-","2,103.60","2,106.80","2,107.53","2,096.39","2,103.71","587,900","345,772","426,661"
"2022/06/01","2,035.0","2,092.0","2,032.0","2,086.0","+51.0","850,800","1,766,418","35,400","9,900","0.28","0.00","-","2,048.60","2,044.08","2,120.53","2,229.79","2,463.88","960,520","879,260","953,245"
"2020/05/25","1,461.0","1,484.0","1,443.0","1,482.0","+46.0","421,800","621,361","81,400","23,100","0.28","0.05","-","1,440.20","1,410.36","1,492.45","1,601.37","1,692.31","487,660","474,864","681,648"
"2020/03/09","1,432.0","1,460.0","1,417.0","1,442.0","-45.0","818,900","1,178,009","45,100","12,800","0.28","0.00","-","1,494.60","1,661.84","1,837.81","1,825.68","1,783.38","692,060","655,132","515,144"
"2018/05/15","2,126.0","2,136.0","2,091.0","2,091.0","-29.0","954,300","2,010,443","39,300","11,000","0.28","0.05","-","2,107.80","2,090.32","2,053.59","2,082.77","2,032.13","652,100","579,220","750,193"
"2018/04/18","2,049.0","2,085.0","2,046.0","2,082.0","+38.0","544,200","1,130,106","63,700","18,000","0.28","0.05","-","2,046.80","2,021.32","2,071.79","2,072.71","2,011.37","455,840","734,084","755,268"
"2017/11/24","2,019.0","2,032.0","1,994.0","2,029.0","+24.0","858,100","1,734,222","80,600","22,300","0.28","0.05","-","1,983.40","2,080.56","1,984.87","1,953.71","1,884.99","1,003,640","875,032","750,214"
"2015/11/04","2,320.0","2,347.0","2,249.0","2,276.0","-24.0","1,980,300","4,528,133","133,100","37,800","0.28","0.05","-","2,287.00","2,121.08","2,079.79","2,048.95","1,851.00","2,677,020","1,321,852","1,233,100"
"2023/07/19","2,486.0","2,492.5","2,454.0","2,470.0","+8.5","385,500","950,756","8,700","2,500","0.29","0.00","-","2,444.50","2,422.58","2,370.76","2,330.81","2,214.84","302,020","385,060","502,385"
"2021/08/31","2,750.0","2,808.0","2,690.0","2,796.0","+77.0","1,447,900","4,026,541","16,900","4,900","0.29","0.00","-","2,695.20","2,627.88","2,783.84","2,767.67","2,548.35","696,940","542,908","615,818"
"2020/03/11","1,474.0","1,497.0","1,423.0","1,427.0","-47.0","1,212,700","1,756,884","40,500","11,900","0.29","0.00","-","1,471.60","1,629.48","1,827.32","1,820.14","1,779.90","896,820","723,212","526,728"
"2019/09/18","1,803.0","1,805.0","1,786.0","1,794.0","-13.0","430,200","771,155","38,400","11,000","0.29","0.05","-","1,785.20","1,660.44","1,728.48","1,751.07","1,869.39","669,480","549,824","446,752"
"2019/07/18","1,789.0","1,794.0","1,756.0","1,762.0","-36.0","346,600","612,396","38,500","11,300","0.29","0.05","-","1,796.40","1,773.92","1,831.89","1,882.39","1,934.70","363,380","364,852","486,189"
"2019/06/28","1,735.0","1,745.0","1,728.0","1,740.0","+2.0","456,200","793,118","40,400","11,800","0.29","0.05","-","1,738.20","1,747.64","1,873.19","1,908.22","1,945.47","431,400","397,216","544,828"
"2019/06/14","1,747.0","1,756.0","1,741.0","1,752.0","0.0","400,400","700,472","42,000","12,100","0.29","0.05","-","1,759.00","1,768.68","1,911.52","1,929.16","1,958.04","389,360","513,180","566,454"
"2019/05/30","1,741.0","1,749.0","1,732.0","1,741.0","-16.0","361,000","628,029","46,000","13,400","0.29","0.05","-","1,767.40","1,826.40","1,949.48","1,945.91","1,978.06","396,240","582,500","591,828"
"2018/09/21","2,009.0","2,029.0","2,003.0","2,016.0","+21.0","883,700","1,783,806","39,900","11,400","0.29","0.05","-","1,987.40","1,984.80","2,094.33","2,106.24","2,092.45","1,088,480","724,472","618,384"
"2018/07/02","2,124.0","2,134.0","2,099.0","2,103.0","-34.0","500,500","1,059,086","61,300","17,700","0.29","0.05","-","2,129.40","2,128.40","2,098.56","2,070.79","2,079.90","464,380","565,064","698,944"
"2018/05/22","2,248.0","2,265.0","2,224.0","2,226.0","+4.0","931,300","2,084,547","65,000","19,100","0.29","0.05","-","2,204.40","2,126.64","2,051.08","2,088.23","2,041.46","1,332,580","718,796","790,860"
"2018/05/14","2,130.0","2,145.0","2,117.0","2,120.0","-7.0","421,800","895,496","38,600","11,200","0.29","0.05","-","2,122.60","2,086.76","2,055.59","2,082.90","2,030.84","551,060","576,144","746,146"
"2017/01/10","2,310.0","2,315.0","2,252.0","2,256.0","-33.0","900,700","2,045,719","72,600","21,100","0.29","0.00","-","2,263.00","2,239.80","2,094.65","2,052.00","2,106.33","773,700","716,836","836,081"
"2016/05/20","2,367.0","2,441.0","2,367.0","2,418.0","+26.0","1,340,700","3,232,438","106,400","30,400","0.29","0.05","-","2,370.40","2,186.68","2,138.67","2,119.50","2,133.96","1,162,220","819,072","867,736"
"2016/05/19","2,388.0","2,434.0","2,368.0","2,392.0","-7.0","745,500","1,784,219","91,500","26,100","0.29","0.05","-","2,322.20","2,174.28","2,132.63","2,118.37","2,132.38","1,042,660","790,580","854,568"
"2023/12/11","2,174.0","2,194.5","2,166.5","2,190.0","+32.5","699,400","1,527,369","32,200","9,600","0.30","0.05","-","2,181.40","2,274.70","2,377.80","2,390.46","2,358.18","705,620","680,872","595,924"
"2023/04/04","2,177.0","2,189.0","2,166.0","2,188.0","+8.0","476,400","1,039,498","17,000","5,100","0.30","0.05","-","2,172.00","2,204.28","2,133.84","2,142.01","2,127.40","648,880","594,096","458,905"
"2022/08/12","2,200.0","2,278.0","2,193.0","2,223.0","+43.0","1,295,600","2,902,360","25,700","7,700","0.30","0.05","-","2,195.00","2,160.52","2,089.13","2,100.92","2,296.11","837,680","591,500","702,078"
"2020/04/16","1,347.0","1,377.0","1,347.0","1,368.0","-20.0","347,000","473,245","54,400","16,400","0.30","0.05","-","1,390.40","1,399.36","1,649.81","1,720.33","1,734.78","352,360","847,700","641,946"
"2020/03/13","1,225.0","1,274.0","1,179.0","1,231.0","-129.0","2,000,500","2,446,371","34,800","10,500","0.30","0.00","-","1,386.80","1,583.88","1,812.15","1,811.73","1,774.63","1,271,760","806,648","552,492"
"2019/05/29","1,767.0","1,776.0","1,747.0","1,757.0","-24.0","445,200","782,622","46,000","13,700","0.30","0.05","-","1,773.60","1,834.24","1,953.17","1,947.64","1,980.51","414,820","582,352","593,793"
"2018/11/21","1,908.0","1,928.0","1,899.0","1,923.0","-10.0","725,600","1,391,233","53,900","16,300","0.30","0.05","-","1,980.80","2,014.48","2,003.12","2,050.04","2,060.81","905,140","735,224","738,637"
"2018/04/20","2,082.0","2,111.0","2,080.0","2,091.0","+8.0","561,100","1,176,101","59,800","18,200","0.30","0.05","-","2,070.60","2,021.20","2,069.91","2,074.96","2,013.59","517,640","690,644","754,421"
"2018/03/05","1,950.0","1,956.0","1,932.0","1,945.0","-12.0","609,500","1,185,577","28,800","8,500","0.30","0.00","-","1,991.00","2,037.28","2,088.15","2,093.11","1,982.88","805,360","867,744","815,280"
"2015/11/10","2,305.0","2,338.0","2,293.0","2,330.0","+4.0","574,100","1,332,893","103,000","30,400","0.30","0.05","-","2,304.20","2,190.00","2,090.20","2,065.22","1,867.46","1,116,100","1,338,600","1,237,781"
"2015/08/14","2,250.0","2,308.0","2,239.0","2,284.0","+42.0","1,037,400","2,372,274","91,400","27,800","0.30","0.05","-","2,207.80","2,130.64","1,967.09","1,876.37","1,661.02","1,450,680","1,073,016","1,078,464"
"2023/08/23","2,297.0","2,340.5","2,295.0","2,339.5","+27.5","322,600","750,646","9,700","3,000","0.31","0.00","-","2,316.10","2,423.54","2,425.30","2,380.70","2,258.87","469,160","428,592","508,826"
"2022/04/13","2,049.0","2,071.0","2,040.0","2,069.0","-3.0","714,600","1,470,943","17,700","5,400","0.31","0.00","-","2,069.80","2,143.28","2,331.44","2,374.44","2,570.69","788,200","939,552","901,249"
"2022/04/04","2,142.0","2,171.0","2,142.0","2,165.0","+40.0","713,700","1,541,604","49,800","15,300","0.31","0.00","-","2,160.80","2,139.84","2,374.27","2,414.02","2,601.40","1,038,240","1,102,720","872,522"
"2021/09/27","3,050.0","3,060.0","2,992.0","2,995.0","-45.0","699,200","2,104,953","19,700","6,200","0.31","0.00","-","2,967.80","2,825.40","2,780.39","2,796.10","2,615.82","863,540","687,484","587,984"
"2020/04/15","1,401.0","1,409.0","1,378.0","1,388.0","-1.0","466,000","648,168","53,100","16,700","0.31","0.05","-","1,399.40","1,401.72","1,657.45","1,725.07","1,736.76","335,340","882,328","639,930"
"2020/03/31","1,529.0","1,544.0","1,486.0","1,497.0","-48.0","783,900","1,179,630","58,300","18,100","0.31","0.05","-","1,517.80","1,453.40","1,739.64","1,773.57","1,757.05","860,000","979,856","626,190"
"2020/03/30","1,496.0","1,561.0","1,466.0","1,545.0","-22.0","1,032,000","1,560,791","58,900","18,100","0.31","0.05","-","1,506.40","1,458.76","1,745.83","1,776.58","1,758.08","862,340","969,456","620,432"
"2020/03/10","1,438.0","1,496.0","1,401.0","1,474.0","+32.0","1,281,500","1,875,312","39,300","12,300","0.31","0.00","-","1,489.40","1,646.40","1,832.85","1,823.06","1,781.83","777,960","691,320","516,704"
"2019/09/13","1,790.0","1,801.0","1,774.0","1,800.0","+25.0","827,100","1,481,216","36,700","11,300","0.31","0.05","-","1,748.80","1,648.16","1,726.64","1,753.54","1,871.53","649,440","586,660","444,850"
"2018/09/26","1,995.0","2,002.0","1,956.0","1,976.0","-56.0","909,200","1,796,693","39,800","12,300","0.31","0.05","-","2,005.20","1,985.16","2,091.35","2,103.37","2,091.85","828,960","729,240","622,869"
"2018/09/25","2,006.0","2,032.0","1,994.0","2,032.0","+16.0","638,700","1,287,627","40,100","12,300","0.31","0.05","-","2,009.40","1,986.24","2,093.12","2,105.02","2,092.26","1,019,480","719,404","620,502"
"2018/05/10","2,102.0","2,110.0","2,062.0","2,089.0","-23.0","632,800","1,316,606","36,100","11,200","0.31","0.05","-","2,135.60","2,074.32","2,058.27","2,082.75","2,027.95","534,580","603,520","744,728"
"2018/04/23","2,077.0","2,092.0","2,072.0","2,083.0","-8.0","374,200","779,177","62,400","19,100","0.31","0.05","-","2,076.60","2,021.08","2,069.35","2,075.50","2,014.61","515,740","679,956","754,354"
"2015/12/01","2,400.0","2,472.0","2,386.0","2,439.0","+45.0","917,000","2,235,032","114,800","35,600","0.31","0.05","-","2,373.40","2,294.20","2,126.84","2,117.96","1,925.55","927,260","1,303,788","1,237,054"
"2015/08/04","2,180.0","2,202.0","2,145.0","2,202.0","+34.0","687,300","1,504,270","137,900","42,200","0.31","0.05","-","2,145.20","2,075.88","1,914.60","1,827.96","1,621.78","829,800","883,220","1,020,557"
"2024/01/11","2,324.5","2,347.5","2,308.5","2,341.0","+50.0","934,900","2,181,789","15,900","5,100","0.32","0.05","-","2,251.20","2,168.70","2,299.51","2,334.20","2,350.85","817,760","676,440","624,061"
"2023/12/06","2,173.5","2,216.0","2,166.0","2,211.5","+48.5","537,200","1,182,465","31,300","9,900","0.32","0.05","-","2,189.80","2,299.72","2,383.18","2,398.04","2,357.51","748,020","662,708","582,530"
"2023/02/13","2,085.0","2,110.0","2,058.0","2,067.0","+8.0","629,900","1,308,636","31,100","9,800","0.32","0.05","-","2,111.00","2,103.64","2,107.64","2,096.87","2,103.80","567,220","344,420","425,614"
"2022/05/19","1,924.0","1,979.0","1,920.0","1,950.0","+1.0","746,600","1,459,811","30,700","9,800","0.32","0.00","-","1,979.80","2,070.08","2,165.07","2,279.52","2,491.22","1,159,360","741,020","930,688"
"2020/04/09","1,436.0","1,436.0","1,388.0","1,413.0","-10.0","261,900","368,622","46,600","14,900","0.32","0.05","-","1,377.60","1,415.60","1,687.39","1,742.07","1,743.85","619,140","956,592","646,693"
"2020/04/08","1,386.0","1,429.0","1,372.0","1,423.0","+36.0","482,400","680,395","45,700","14,700","0.32","0.05","-","1,368.00","1,419.72","1,694.45","1,746.34","1,745.55","691,580","970,852","647,516"
"2019/09/17","1,811.0","1,819.0","1,799.0","1,807.0","+7.0","553,500","1,000,333","35,900","11,400","0.32","0.05","-","1,770.00","1,652.88","1,727.52","1,752.24","1,870.53","686,680","583,444","447,417"
"2015/12/03","2,430.0","2,446.0","2,401.0","2,438.0","+8.0","626,300","1,521,673","106,700","34,400","0.32","0.05","-","2,413.20","2,312.56","2,132.72","2,126.35","1,934.40","877,340","1,288,488","1,203,602"
"2023/12/21","2,131.0","2,141.5","2,117.0","2,119.5","-32.5","555,300","1,179,244","40,300","13,400","0.33","0.05","-","2,153.30","2,209.32","2,355.79","2,365.44","2,354.33","654,620","697,400","619,742"
"2023/12/20","2,166.0","2,173.5","2,149.0","2,152.0","+6.0","666,500","1,436,896","38,000","12,600","0.33","0.05","-","2,154.10","2,214.86","2,359.96","2,368.98","2,355.27","723,740","705,392","618,793"
"2023/11/13","2,313.0","2,334.5","2,256.0","2,272.5","-59.0","693,800","1,582,406","19,800","6,600","0.33","0.05","-","2,376.50","2,356.06","2,423.29","2,425.76","2,347.66","643,820","582,548","534,866"
"2023/11/02","2,425.0","2,442.0","2,400.5","2,420.0","+11.0","490,700","1,186,706","14,600","4,800","0.33","0.05","-","2,342.00","2,363.46","2,429.04","2,426.31","2,338.46","935,700","568,992","511,406"
"2023/06/30","2,448.5","2,453.0","2,404.0","2,426.0","-22.5","501,200","1,214,314","11,100","3,700","0.33","0.00","-","2,413.30","2,388.22","2,322.90","2,293.36","2,196.46","361,000","526,768","543,081"
"2023/06/20","2,363.0","2,398.0","2,339.0","2,347.5","-41.0","579,700","1,362,261","13,200","4,300","0.33","0.05","-","2,383.80","2,414.34","2,309.15","2,271.65","2,185.65","478,240","679,788","563,936"
"2023/04/11","2,168.0","2,185.0","2,161.0","2,175.0","+27.0","358,700","780,217","17,400","5,800","0.33","0.00","-","2,137.60","2,173.80","2,135.96","2,141.65","2,130.75","382,180","555,256","457,577"
"2020/03/03","1,522.0","1,528.0","1,499.0","1,500.0","+8.0","852,000","1,284,354","23,100","7,700","0.33","0.00","-","1,506.80","1,725.72","1,855.21","1,835.40","1,789.85","763,400","613,744","521,212"
"2019/09/12","1,774.0","1,785.0","1,762.0","1,775.0","+25.0","860,000","1,526,734","35,600","11,900","0.33","0.05","-","1,722.80","1,643.64","1,726.07","1,754.95","1,872.52","561,360","580,088","439,758"
"2019/09/11","1,740.0","1,751.0","1,727.0","1,750.0","+32.0","676,600","1,180,532","33,600","11,200","0.33","0.05","-","1,705.40","1,641.28","1,726.15","1,756.64","1,873.61","513,520","565,592","434,140"
"2019/06/04","1,709.0","1,716.0","1,687.0","1,703.0","-6.0","562,500","957,451","43,700","14,300","0.33","0.05","-","1,726.40","1,802.60","1,937.13","1,942.29","1,970.83","444,860","605,104","597,110"
"2018/05/30","2,068.0","2,080.0","2,045.0","2,077.0","-22.0","1,082,300","2,237,975","38,900","13,000","0.33","0.00","-","2,130.80","2,146.04","2,052.31","2,088.94","2,049.33","906,720","831,428","803,401"
"2018/04/13","2,030.0","2,042.0","2,026.0","2,035.0","+15.0","408,300","830,680","47,700","15,700","0.33","0.05","-","2,026.40","2,014.92","2,074.45","2,069.96","2,008.22","546,480","766,124","747,437"
"2018/04/05","1,981.0","2,013.0","1,980.0","2,002.0","+47.0","877,400","1,755,626","28,100","9,300","0.33","0.00","-","1,982.00","1,999.16","2,080.25","2,072.24","2,002.42","713,680","808,736","758,602"
"2015/11/09","2,287.0","2,353.0","2,273.0","2,326.0","+52.0","835,700","1,945,990","110,900","36,700","0.33","0.05","-","2,298.20","2,173.00","2,087.23","2,061.00","1,863.27","1,299,040","1,339,724","1,240,792"
"2015/10/29","2,330.0","2,406.0","2,305.0","2,313.0","+49.0","6,009,900","14,001,052","149,000","49,900","0.33","0.05","-","2,247.20","2,074.20","2,072.76","2,038.99","1,839.41","2,079,280","1,246,200","1,205,366"
"2022/06/02","2,086.0","2,134.0","2,081.0","2,126.0","+40.0","580,800","1,228,863","31,500","10,600","0.34","0.00","-","2,070.40","2,044.68","2,116.44","2,224.29","2,461.72","908,020","883,048","953,108"
"2022/05/20","1,950.0","1,965.0","1,937.0","1,964.0","+14.0","582,000","1,138,523","28,600","9,800","0.34","0.00","-","1,946.20","2,066.00","2,159.27","2,273.58","2,488.06","1,099,660","732,120","926,617"
"2021/10/19","2,891.0","2,903.0","2,840.0","2,844.0","-28.0","298,500","851,680","14,200","4,800","0.34","0.00","-","2,875.20","2,880.24","2,753.88","2,803.93","2,673.65","455,900","658,980","601,458"
"2018/09/20","2,017.0","2,019.0","1,982.0","1,995.0","-12.0","738,700","1,474,743","32,300","11,100","0.34","0.05","-","1,972.40","1,982.48","2,095.65","2,107.49","2,092.72","1,010,760","718,448","615,224"
"2018/05/11","2,090.0","2,133.0","2,083.0","2,127.0","+38.0","511,200","1,080,394","36,300","12,200","0.34","0.05","-","2,132.80","2,080.16","2,057.01","2,082.83","2,029.30","558,340","602,472","745,316"
"2015/05/27","1,975.0","2,028.0","1,974.0","2,003.0","+28.0","1,090,400","2,183,844","211,200","72,000","0.34","0.05","-","1,985.80","1,755.36","1,652.20","1,608.49","1,488.36","1,268,420","972,872","1,131,908"
"2015/05/25","2,005.0","2,011.0","1,959.0","1,966.0","-44.0","941,600","1,863,014","201,700","68,400","0.34","0.05","-","1,952.00","1,729.32","1,637.91","1,597.70","1,483.78","1,576,180","1,000,996","1,131,709"
"2023/12/15","2,145.0","2,183.5","2,145.0","2,178.0","+54.5","886,700","1,927,505","24,600","8,600","0.35","0.05","-","2,165.80","2,230.96","2,368.69","2,378.61","2,357.01","769,100","725,220","618,976"
"2023/10/10","2,420.5","2,439.5","2,392.5","2,428.0","+60.0","586,100","1,422,075","19,400","6,800","0.35","0.05","-","2,373.80","2,512.80","2,449.76","2,439.52","2,312.13","578,920","570,256","463,826"
"2022/11/24","2,234.0","2,261.0","2,223.0","2,252.0","+34.0","436,000","979,349","30,100","10,400","0.35","0.05","-","2,226.80","2,128.96","2,130.73","2,131.73","2,128.29","459,440","527,260","562,720"
"2019/06/03","1,703.0","1,714.0","1,696.0","1,709.0","-13.0","375,500","640,554","39,300","13,900","0.35","0.05","-","1,742.00","1,810.76","1,941.20","1,944.20","1,973.21","420,080","591,852","593,213"
"2018/09/19","2,027.0","2,029.0","1,988.0","2,007.0","+10.0","974,500","1,955,071","35,000","12,400","0.35","0.00","-","1,957.60","1,980.68","2,097.16","2,108.93","2,092.97","1,043,200","717,304","610,749"
"2018/05/29","2,110.0","2,120.0","2,085.0","2,099.0","-36.0","808,200","1,695,765","36,800","12,700","0.35","0.05","-","2,159.20","2,146.60","2,052.20","2,089.57","2,048.36","946,000","810,580","803,005"
"2015/08/12","2,266.0","2,355.0","2,260.0","2,268.0","+109.0","2,759,200","6,309,934","87,400","30,300","0.35","0.05","-","2,120.00","2,107.24","1,951.57","1,862.01","1,649.22","1,696,360","1,067,596","1,068,276"
"2015/08/03","2,195.0","2,208.0","2,158.0","2,168.0","-8.0","630,300","1,372,505","135,800","47,700","0.35","0.05","-","2,117.40","2,064.84","1,907.20","1,821.71","1,617.15","869,940","890,000","1,017,245"
"2015/05/28","2,003.0","2,042.0","2,003.0","2,026.0","+23.0","1,149,600","2,324,729","216,100","75,600","0.35","0.05","-","1,996.00","1,770.00","1,659.25","1,614.19","1,490.73","1,087,980","979,080","1,136,781"
"2015/05/26","1,980.0","1,984.0","1,964.0","1,975.0","+9.0","594,400","1,174,548","201,900","70,300","0.35","0.05","-","1,965.60","1,742.72","1,645.17","1,602.97","1,485.98","1,311,780","984,468","1,129,309"
"2023/12/22","2,125.0","2,137.5","2,112.0","2,118.0","-1.5","593,000","1,259,161","40,500","14,400","0.36","0.05","-","2,141.30","2,202.80","2,350.43","2,362.11","2,353.43","595,880","694,508","618,698"
"2023/11/06","2,493.0","2,493.0","2,445.0","2,454.0","+34.0","577,900","1,423,691","12,300","4,400","0.36","0.05","-","2,374.10","2,361.54","2,428.94","2,426.83","2,340.49","969,180","570,312","515,234"
"2023/10/12","2,433.0","2,439.0","2,412.0","2,420.5","+26.0","495,400","1,201,426","12,900","4,700","0.36","0.05","-","2,395.00","2,503.32","2,449.67","2,437.37","2,315.41","575,600","565,468","466,820"
"2023/03/27","2,135.0","2,139.0","2,111.0","2,126.0","+3.0","519,400","1,104,931","14,800","5,400","0.36","0.00","-","2,126.00","2,217.00","2,129.36","2,135.12","2,125.25","571,820","603,984","441,590"
"2022/03/31","2,137.0","2,167.0","2,112.0","2,115.0","-68.0","1,149,500","2,450,286","39,400","14,000","0.36","0.00","-","2,189.20","2,137.68","2,386.19","2,428.58","2,610.28","971,500","1,176,216","874,573"
"2019/05/31","1,732.0","1,737.0","1,720.0","1,722.0","-19.0","480,100","828,258","38,800","13,800","0.36","0.05","-","1,756.20","1,818.84","1,945.49","1,945.09","1,975.72","406,480","586,500","593,920"
"2018/05/21","2,260.0","2,264.0","2,218.0","2,222.0","-14.0","724,300","1,618,277","41,600","15,000","0.36","0.05","-","2,177.40","2,118.40","2,050.71","2,086.97","2,039.58","1,337,180","694,728","789,885"
"2018/04/19","2,100.0","2,105.0","2,080.0","2,083.0","+1.0","485,800","1,014,270","58,800","21,000","0.36","0.05","-","2,059.40","2,021.48","2,070.56","2,074.10","2,012.51","487,080","699,680","754,626"
"2018/01/16","2,239.0","2,257.0","2,214.0","2,221.0","-22.0","554,600","1,236,863","26,200","9,500","0.36","0.05","-","2,232.20","2,143.96","2,088.49","2,040.61","1,925.83","612,180","643,052","722,338"
"2016/03/29","2,234.0","2,279.0","2,226.0","2,260.0","-6.0","787,500","1,776,815","98,600","35,800","0.36","0.05","-","2,218.80","2,141.08","2,115.23","2,165.42","2,102.21","768,020","811,464","896,684"
"2015/11/06","2,329.0","2,330.0","2,236.0","2,274.0","-41.0","1,154,400","2,615,657","102,800","36,800","0.36","0.05","-","2,289.40","2,157.12","2,084.67","2,056.80","1,859.06","1,569,780","1,334,552","1,236,745"
"2015/06/01","2,000.0","2,042.0","1,994.0","2,035.0","+4.0","754,800","1,530,460","217,800","78,300","0.36","0.05","-","2,014.00","1,800.12","1,671.91","1,625.40","1,495.64","1,078,860","1,020,472","1,148,756"
"2015/05/29","2,027.0","2,059.0","2,006.0","2,031.0","+5.0","1,805,100","3,665,254","226,300","81,200","0.36","0.05","-","2,000.20","1,785.68","1,665.79","1,619.83","1,493.14","1,116,220","1,021,616","1,148,822"
"2023/12/18","2,140.0","2,174.5","2,125.0","2,171.0","-7.0","630,600","1,360,276","27,400","10,200","0.37","0.05","-","2,162.00","2,224.54","2,366.24","2,375.76","2,356.56","755,340","707,812","622,253"
"2023/03/20","2,128.0","2,145.0","2,113.0","2,115.0","-44.0","571,800","1,213,734","9,400","3,500","0.37","0.00","-","2,159.60","2,211.88","2,130.33","2,133.79","2,124.11","573,640","595,576","447,180"
"2021/09/29","2,925.0","2,979.0","2,907.0","2,972.0","-9.0","1,195,200","3,525,346","20,500","7,500","0.37","0.00","-","2,992.20","2,856.92","2,778.89","2,802.56","2,624.66","958,920","702,084","595,313"
"2016/05/24","2,384.0","2,423.0","2,368.0","2,400.0","+2.0","891,300","2,137,021","100,400","36,700","0.37","0.05","-","2,401.40","2,211.08","2,143.92","2,121.89","2,137.11","1,006,980","811,860","850,424"
"2016/05/23","2,410.0","2,410.0","2,358.0","2,398.0","-20.0","622,100","1,483,408","100,300","36,700","0.37","0.05","-","2,384.00","2,199.72","2,142.36","2,120.78","2,135.41","972,380","816,496","860,725"
"2016/03/28","2,239.0","2,270.0","2,221.0","2,266.0","+45.0","986,800","2,216,831","95,100","35,000","0.37","0.00","-","2,208.80","2,132.76","2,116.24","2,165.95","2,100.57","766,220","818,592","896,082"
"2015/11/11","2,314.0","2,373.0","2,299.0","2,340.0","+10.0","1,206,600","2,821,180","81,200","29,800","0.37","0.05","-","2,317.00","2,207.04","2,093.11","2,069.82","1,871.65","961,360","1,361,284","1,245,921"
"2024/01/10","2,253.5","2,304.0","2,245.0","2,291.0","+40.5","811,300","1,852,587","14,300","5,400","0.38","0.00","-","2,205.30","2,163.44","2,303.71","2,334.05","2,349.94","741,920","661,252","622,666"
"2023/06/23","2,438.5","2,450.0","2,380.5","2,387.5","-46.5","367,500","882,338","14,100","5,400","0.38","0.00","-","2,389.70","2,400.44","2,313.39","2,279.37","2,189.09","458,360","618,524","560,690"
"2023/02/07","2,142.0","2,153.0","2,132.0","2,132.0","+1.0","280,100","599,083","26,200","10,000","0.38","0.05","-","2,122.00","2,089.16","2,106.79","2,099.29","2,103.37","301,700","304,396","412,369"
"2022/11/22","2,187.0","2,245.0","2,175.0","2,218.0","+9.0","566,300","1,258,478","25,000","9,400","0.38","0.05","-","2,217.00","2,122.48","2,129.36","2,130.35","2,128.72","474,540","524,480","564,242"
"2021/12/15","2,587.0","2,613.0","2,578.0","2,594.0","+27.0","453,000","1,175,005","14,300","5,500","0.38","0.00","-","2,579.60","2,510.24","2,732.56","2,702.96","2,739.73","696,500","630,448","648,072"
"2020/03/16","1,233.0","1,286.0","1,217.0","1,229.0","-2.0","876,100","1,092,506","35,400","13,500","0.38","0.00","-","1,344.20","1,556.36","1,802.77","1,806.58","1,771.85","1,283,200","822,148","550,541"
"2018/09/14","1,926.0","1,942.0","1,913.0","1,922.0","-19.0","983,700","1,894,090","30,400","11,600","0.38","0.00","-","1,929.40","1,977.84","2,099.53","2,111.12","2,093.31","821,060","675,632","591,050"
"2018/04/17","2,047.0","2,054.0","2,021.0","2,044.0","-9.0","613,400","1,251,940","60,500","22,900","0.38","0.05","-","2,035.40","2,019.76","2,072.43","2,071.48","2,010.23","504,560","739,904","751,792"
"2015/08/05","2,200.0","2,218.0","2,162.0","2,163.0","-39.0","790,700","1,726,131","116,200","43,700","0.38","0.05","-","2,164.40","2,084.40","1,921.57","1,833.80","1,626.09","835,560","871,508","1,017,665"
"2015/07/31","2,147.0","2,182.0","2,120.0","2,176.0","+63.0","1,070,800","2,309,758","124,600","47,700","0.38","0.05","-","2,096.00","2,057.92","1,900.24","1,815.95","1,613.04","963,360","920,088","1,017,010"
"2022/08/26","2,218.0","2,222.0","2,195.0","2,200.0","+1.0","369,000","813,109","17,500","6,900","0.39","0.00","-","2,223.80","2,204.00","2,106.65","2,104.60","2,266.59","442,800","599,820","676,036"
"2021/09/30","2,929.0","2,951.0","2,873.0","2,881.0","-91.0","913,800","2,648,068","20,200","7,900","0.39","0.00","-","2,973.80","2,865.64","2,776.84","2,804.42","2,628.66","874,220","720,028","600,312"
"2021/09/28","3,005.0","3,010.0","2,957.0","2,981.0","-14.0","517,600","1,543,042","19,700","7,700","0.39","0.00","-","2,976.80","2,843.92","2,779.40","2,799.47","2,620.23","799,080","683,504","588,105"
"2018/09/13","1,921.0","1,957.0","1,919.0","1,941.0","+20.0","495,100","961,222","30,000","11,600","0.39","0.00","-","1,932.20","1,980.56","2,101.63","2,112.73","2,093.85","776,600","708,368","593,686"
"2018/01/25","2,250.0","2,276.0","2,249.0","2,260.0","-7.0","810,000","1,831,056","30,300","11,800","0.39","0.05","-","2,243.20","2,183.84","2,108.63","2,065.95","1,942.33","616,480","592,628","718,790"
"2016/05/26","2,415.0","2,416.0","2,360.0","2,374.0","-21.0","401,400","954,662","97,700","38,400","0.39","0.05","-","2,397.00","2,227.32","2,147.60","2,124.80","2,140.30","756,960","805,132","824,102"
"2015/12/02","2,441.0","2,453.0","2,414.0","2,430.0","-9.0","854,500","2,078,816","99,900","38,800","0.39","0.05","-","2,398.20","2,302.72","2,130.45","2,122.46","1,929.82","926,840","1,313,156","1,232,041"
"2015/11/26","2,310.0","2,391.0","2,310.0","2,363.0","+57.0","873,800","2,061,701","103,000","40,600","0.39","0.05","-","2,290.60","2,271.48","2,113.17","2,105.98","1,912.13","798,360","1,285,624","1,258,204"
"2015/11/02","2,261.0","2,325.0","2,258.0","2,300.0","+18.0","1,488,800","3,418,281","97,400","38,300","0.39","0.05","-","2,270.20","2,106.20","2,077.91","2,045.68","1,847.16","2,529,560","1,286,652","1,220,074"
"2015/05/21","1,915.0","1,995.0","1,910.0","1,975.0","+73.0","2,051,800","4,049,201","204,700","79,600","0.39","0.05","-","1,873.80","1,702.00","1,623.84","1,586.75","1,479.24","1,921,960","938,840","1,117,553"
"2014/05/28","1,568.0","1,578.0","1,540.0","1,553.0","+3.0","1,213,500","1,886,816","118,500","46,700","0.39","0.00","-","1,563.60","1,584.88","-","-","-","854,520","673,804","-"
"2023/12/26","2,096.5","2,117.0","2,088.5","2,109.5","+14.5","492,800","1,038,276","34,900","13,800","0.40","0.05","-","2,118.80","2,188.08","2,338.63","2,354.24","2,351.71","535,060","675,244","615,952"
"2023/12/25","2,140.0","2,140.0","2,091.0","2,095.0","-23.0","367,700","774,010","36,600","14,500","0.40","0.05","-","2,126.10","2,194.84","2,344.60","2,358.12","2,352.46","543,300","683,888","616,680"
"2023/04/06","2,106.0","2,129.0","2,081.0","2,107.0","-27.0","484,900","1,020,920","15,000","6,000","0.40","0.00","-","2,153.60","2,191.72","2,133.72","2,142.49","2,128.79","502,600","574,584","461,652"
"2022/03/04","2,095.0","2,102.0","2,032.0","2,076.0","-23.0","1,134,200","2,344,581","44,100","17,600","0.40","0.00","-","2,099.80","2,272.24","2,466.40","2,549.07","2,677.67","1,487,440","1,059,232","769,278"
"2020/03/06","1,501.0","1,514.0","1,474.0","1,487.0","-41.0","731,100","1,090,197","28,800","11,400","0.40","0.00","-","1,504.60","1,678.28","1,842.44","1,828.56","1,785.20","698,000","640,096","515,421"
"2020/02/17","1,684.0","1,689.0","1,672.0","1,683.0","-19.0","402,500","677,153","28,800","11,600","0.40","0.00","-","1,722.00","1,871.28","1,888.35","1,858.34","1,805.94","904,660","496,888","492,613"
"2018/05/18","2,224.0","2,250.0","2,201.0","2,236.0","+12.0","1,072,300","2,394,414","40,100","16,100","0.40","0.05","-","2,157.00","2,110.52","2,051.01","2,085.58","2,037.55","1,276,680","697,268","785,670"
"2016/05/25","2,441.0","2,443.0","2,388.0","2,395.0","-5.0","529,300","1,273,549","99,100","40,000","0.40","0.05","-","2,400.60","2,218.72","2,145.21","2,123.45","2,138.77","825,780","805,632","835,809"
"2015/11/30","2,391.0","2,409.0","2,356.0","2,394.0","+29.0","1,352,100","3,237,470","106,900","42,600","0.40","0.05","-","2,343.60","2,286.64","2,122.13","2,113.76","1,921.06","936,400","1,299,368","1,238,910"
"2015/05/22","1,978.0","2,012.0","1,978.0","2,010.0","+35.0","1,663,900","3,334,125","196,800","78,900","0.40","0.05","-","1,940.20","1,716.56","1,630.95","1,592.60","1,481.72","2,153,320","980,888","1,130,056"
"2023/10/06","2,360.0","2,399.5","2,360.0","2,368.0","+4.0","510,600","1,213,923","19,100","7,900","0.41","0.05","-","2,380.20","2,512.98","2,449.27","2,440.54","2,310.59","572,040","566,176","462,112"
"2021/09/03","2,713.0","2,800.0","2,652.0","2,778.0","+15.0","698,000","1,932,091","17,000","6,900","0.41","0.00","-","2,764.00","2,645.92","2,781.63","2,768.84","2,559.82","716,960","548,452","595,622"
"2020/03/24","1,434.0","1,470.0","1,394.0","1,440.0","+94.0","795,600","1,136,966","58,900","23,900","0.41","0.05","-","1,390.40","1,481.84","1,767.92","1,787.79","1,762.26","1,342,640","908,620","604,488"
"2020/02/19","1,681.0","1,688.0","1,668.0","1,669.0","-22.0","471,000","788,583","27,200","11,100","0.41","0.00","-","1,687.60","1,849.64","1,885.00","1,855.93","1,803.50","637,280","506,400","494,136"
"2019/09/02","1,664.0","1,672.0","1,641.0","1,645.0","-9.0","463,600","765,336","30,500","12,600","0.41","0.05","-","1,638.20","1,660.12","1,735.09","1,775.87","1,886.48","548,740","530,372","427,600"
"2018/03/14","2,050.0","2,098.0","2,050.0","2,079.0","+36.0","1,345,900","2,800,614","23,300","9,500","0.41","0.05","-","2,010.00","1,988.52","2,091.64","2,089.74","1,990.50","851,540","898,756","771,436"
"2017/09/14","1,902.0","1,916.0","1,896.0","1,905.0","+3.0","615,700","1,173,275","44,500","18,200","0.41","0.00","-","1,888.80","1,865.72","1,861.61","1,843.66","1,923.32","748,700","719,096","873,666"
"2016/12/16","2,292.0","2,309.0","2,260.0","2,271.0","+29.0","1,465,000","3,332,364","56,500","23,100","0.41","0.00","-","2,243.20","2,185.36","2,039.61","2,023.51","2,097.61","820,240","887,924","838,361"
"2015/11/20","2,244.0","2,266.0","2,216.0","2,266.0","+38.0","616,300","1,386,697","102,500","42,100","0.41","0.05","-","2,245.40","2,250.28","2,107.49","2,095.10","1,899.09","792,940","1,281,752","1,250,406"
"2015/10/01","1,863.0","1,962.0","1,863.0","1,929.0","+66.0","706,400","1,363,753","34,600","14,300","0.41","0.00","-","1,889.20","1,923.12","2,023.67","1,992.98","1,770.66","1,057,160","1,235,724","1,131,314"
"2015/05/19","1,920.0","1,920.0","1,849.0","1,907.0","0.0","1,916,400","3,614,165","244,200","100,900","0.41","0.05","-","1,760.80","1,678.36","1,611.80","1,574.90","1,474.96","1,449,620","901,092","1,097,342"
"2023/12/14","2,175.0","2,177.5","2,110.0","2,123.5","-44.0","900,900","1,916,408","24,300","10,100","0.42","0.05","-","2,161.70","2,241.62","2,370.72","2,381.17","2,357.28","766,540","708,092","611,868"
"2023/12/13","2,164.0","2,180.0","2,153.0","2,167.5","-2.5","758,500","1,643,866","24,400","10,200","0.42","0.05","-","2,174.00","2,252.82","2,373.49","2,384.52","2,357.66","728,800","692,524","604,190"
"2023/11/14","2,292.0","2,312.5","2,266.0","2,267.5","-5.0","567,200","1,291,062","17,500","7,300","0.42","0.05","-","2,343.90","2,352.04","2,420.35","2,424.96","2,348.30","659,400","584,812","538,710"
"2022/11/25","2,263.0","2,263.0","2,234.0","2,247.0","-5.0","311,400","699,274","25,200","10,700","0.42","0.05","-","2,231.80","2,134.76","2,131.49","2,133.19","2,127.67","442,660","522,712","560,289"
"2022/04/05","2,167.0","2,180.0","2,161.0","2,164.0","-1.0","719,400","1,558,355","36,500","15,300","0.42","0.00","-","2,150.40","2,141.48","2,369.08","2,407.04","2,597.05","910,920","1,054,400","873,926"
"2021/09/14","2,956.0","3,000.0","2,941.0","2,993.0","+44.0","482,700","1,437,736","22,400","9,400","0.42","0.05","-","2,925.00","2,726.64","2,779.45","2,778.57","2,587.39","754,420","592,476","569,056"
"2016/08/08","1,975.0","2,004.0","1,950.0","2,001.0","+60.0","892,200","1,767,756","66,400","28,100","0.42","0.00","-","1,979.00","2,062.68","2,163.95","2,162.13","2,164.13","748,440","806,584","792,400"
"2015/09/08","1,884.0","1,888.0","1,791.0","1,817.0","-69.0","1,671,100","3,060,795","30,800","12,800","0.42","0.00","-","1,927.00","2,104.04","2,039.51","1,961.96","1,733.22","1,082,600","1,288,380","1,116,352"
"2023/12/12","2,212.0","2,215.0","2,170.0","2,170.0","-20.0","600,000","1,309,985","23,800","10,300","0.43","0.05","-","2,182.80","2,263.34","2,375.54","2,387.54","2,358.04","684,540","681,756","599,622"
"2023/08/28","2,295.0","2,330.0","2,279.0","2,330.0","-1.0","353,600","818,856","5,800","2,500","0.43","0.00","-","2,326.80","2,408.36","2,420.77","2,385.69","2,263.23","356,220","431,692","505,658"
"2023/01/31","2,171.0","2,177.0","2,156.0","2,160.0","-1.0","166,900","361,117","16,700","7,100","0.43","0.05","-","2,152.20","2,068.44","2,102.28","2,099.63","2,102.06","182,800","287,228","418,913"
"2023/01/30","2,155.0","2,172.0","2,155.0","2,161.0","+11.0","227,100","491,258","16,600","7,100","0.43","0.05","-","2,147.80","2,063.36","2,100.91","2,099.18","2,101.86","209,460","294,696","424,272"
"2022/05/23","1,988.0","2,000.0","1,977.0","1,988.0","+24.0","525,000","1,044,337","23,300","10,100","0.43","0.00","-","1,953.00","2,062.64","2,154.73","2,268.68","2,484.87","804,580","730,796","923,557"
"2021/09/22","2,900.0","2,996.0","2,882.0","2,973.0","+78.0","1,337,300","3,959,430","17,900","7,700","0.43","0.00","-","2,941.80","2,787.76","2,779.61","2,788.65","2,606.69","777,220","649,444","577,745"
"2021/09/17","2,945.0","2,951.0","2,915.0","2,936.0","-24.0","839,900","2,464,056","22,400","9,700","0.43","0.05","-","2,956.60","2,761.92","2,779.36","2,784.62","2,598.83","646,720","613,480","572,020"
"2020/03/26","1,474.0","1,499.0","1,405.0","1,484.0","-12.0","720,500","1,057,708","64,300","27,700","0.43","0.05","-","1,435.80","1,466.08","1,755.68","1,781.69","1,759.67","982,440","936,120","610,896"
"2019/09/10","1,715.0","1,720.0","1,707.0","1,718.0","+17.0","516,200","884,615","33,800","14,400","0.43","0.05","-","1,685.40","1,639.28","1,726.55","1,758.48","1,875.07","475,760","553,564","429,218"
"2018/03/06","1,963.0","1,995.0","1,954.0","1,955.0","+10.0","695,300","1,369,072","21,000","9,100","0.43","0.00","-","1,979.00","2,025.68","2,088.49","2,092.51","1,983.40","836,440","879,228","788,244"
"2018/02/27","2,026.0","2,027.0","2,003.0","2,015.0","0.0","539,900","1,087,245","17,700","7,600","0.43","0.05","-","1,997.20","2,080.00","2,098.93","2,094.07","1,979.84","755,880","848,160","809,406"
"2016/03/30","2,236.0","2,268.0","2,200.0","2,235.0","-25.0","430,800","964,516","92,100","39,300","0.43","0.05","-","2,232.80","2,149.32","2,114.08","2,164.95","2,103.59","709,120","802,544","892,332"
"2015/10/08","2,126.0","2,175.0","2,105.0","2,138.0","+152.0","2,230,100","4,768,605","62,300","27,100","0.43","0.05","-","1,992.80","1,917.64","2,031.91","2,009.21","1,786.33","1,188,280","1,215,528","1,123,156"
"2015/08/13","2,290.0","2,299.0","2,215.0","2,242.0","-26.0","1,170,100","2,621,556","71,500","30,400","0.43","0.05","-","2,158.40","2,117.80","1,958.89","1,869.11","1,654.83","1,531,600","1,065,028","1,076,992"
"2015/05/20","1,915.0","1,937.0","1,888.0","1,902.0","-5.0","1,307,200","2,497,086","215,400","92,800","0.43","0.05","-","1,810.20","1,688.88","1,617.05","1,580.68","1,476.92","1,586,600","902,712","1,102,890"
"2024/02/01","2,212.0","2,221.0","2,192.5","2,199.0","-44.0","654,100","1,440,118","32,600","14,500","0.44","0.05","-","2,231.60","2,240.46","2,261.32","2,322.94","2,361.19","639,540","693,828","661,169"
"2022/05/24","1,980.0","1,987.0","1,938.0","1,942.0","-46.0","773,000","1,504,681","22,200","9,800","0.44","0.00","-","1,958.60","2,057.56","2,149.45","2,262.97","2,481.55","717,060","733,132","925,574"
"2018/02/28","2,006.0","2,035.0","2,000.0","2,023.0","+8.0","1,012,400","2,047,970","19,800","8,800","0.44","0.00","-","2,003.80","2,071.28","2,096.60","2,094.24","1,980.76","712,780","862,624","813,568"
"2016/06/09","2,279.0","2,343.0","2,273.0","2,315.0","+36.0","961,400","2,224,530","76,900","33,600","0.44","0.00","-","2,278.40","2,283.68","2,185.65","2,142.28","2,147.79","711,140","822,856","788,469"
"2016/03/25","2,132.0","2,230.0","2,129.0","2,221.0","+39.0","823,300","1,810,460","77,300","34,000","0.44","0.05","-","2,191.20","2,124.00","2,117.05","2,165.93","2,098.77","718,160","816,860","897,034"
"2015/11/05","2,276.0","2,322.0","2,251.0","2,315.0","+39.0","1,036,000","2,374,917","89,500","39,800","0.44","0.05","-","2,297.20","2,140.68","2,082.68","2,053.04","1,855.14","2,540,880","1,322,172","1,233,988"
"2023/10/13","2,393.0","2,423.5","2,387.5","2,397.0","-23.5","511,900","1,229,041","14,200","6,400","0.45","0.05","-","2,401.60","2,496.92","2,450.03","2,435.92","2,317.41","535,860","564,048","470,917"
"2023/08/15","2,344.0","2,360.5","2,325.5","2,336.5","+11.0","521,400","1,222,041","5,500","2,500","0.45","0.00","-","2,439.10","2,450.78","2,429.36","2,369.72","2,251.76","564,940","386,280","508,477"
"2022/06/03","2,121.0","2,128.0","2,097.0","2,121.0","-5.0","538,000","1,139,305","23,300","10,600","0.45","0.00","-","2,081.60","2,045.44","2,112.09","2,218.58","2,459.43","866,840","874,844","952,746"
"2022/04/25","2,069.0","2,113.0","2,067.0","2,102.0","-9.0","743,100","1,561,057","17,700","8,000","0.45","0.00","-","2,109.20","2,131.48","2,276.29","2,342.26","2,537.93","534,260","758,964","914,341"
"2021/09/06","2,803.0","2,817.0","2,776.0","2,817.0","+39.0","440,600","1,236,366","15,400","6,900","0.45","0.00","-","2,783.60","2,653.40","2,780.41","2,769.75","2,563.47","700,020","550,840","588,876"
"2021/07/13","2,679.0","2,725.0","2,671.0","2,717.0","+47.0","524,300","1,417,860","34,300","15,500","0.45","0.05","-","2,688.40","2,872.36","2,820.61","2,764.76","2,454.56","782,800","581,184","660,272"
"2018/01/22","2,232.0","2,235.0","2,216.0","2,227.0","+6.0","359,500","799,989","35,800","16,100","0.45","0.00","-","2,224.00","2,164.84","2,098.76","2,054.29","1,934.23","557,100","614,156","714,430"
"2015/10/19","2,145.0","2,186.0","2,132.0","2,165.0","+27.0","503,200","1,090,768","51,800","23,400","0.45","0.05","-","2,141.00","1,965.48","2,048.47","2,021.00","1,809.35","852,980","1,182,636","1,118,078"
"2023/04/05","2,160.0","2,169.0","2,128.0","2,134.0","-54.0","362,100","775,837","14,900","6,800","0.46","0.00","-","2,161.00","2,199.12","2,133.95","2,142.42","2,128.15","537,380","578,348","458,265"
"2023/01/12","2,046.0","2,059.0","2,042.0","2,050.0","+6.0","305,500","626,117","43,200","19,900","0.46","0.05","-","2,032.00","2,059.04","2,089.89","2,111.36","2,106.41","354,100","358,044","471,321"
"2022/12/20","2,129.0","2,133.0","2,032.0","2,047.0","-65.0","441,300","910,418","32,000","14,700","0.46","0.05","-","2,105.80","2,158.72","2,112.81","2,135.13","2,112.26","402,100","457,712","527,358"
"2022/04/15","2,093.0","2,096.0","2,058.0","2,077.0","-7.0","275,400","571,699","19,100","8,700","0.46","0.00","-","2,073.60","2,142.48","2,318.77","2,365.09","2,562.49","539,880","892,280","902,636"
"2019/09/09","1,679.0","1,701.0","1,675.0","1,701.0","+31.0","367,300","622,033","30,600","14,000","0.46","0.05","-","1,675.80","1,638.88","1,727.35","1,760.68","1,876.88","480,440","548,900","428,054"
"2018/09/10","1,912.0","1,951.0","1,909.0","1,940.0","+4.0","628,700","1,220,177","22,100","10,200","0.46","0.00","-","1,943.20","2,005.96","2,108.64","2,117.44","2,094.46","725,600","675,216","597,293"
"2018/09/05","1,949.0","1,978.0","1,932.0","1,967.0","+27.0","862,800","1,691,148","19,900","9,200","0.46","0.00","-","2,001.20","2,031.84","2,118.68","2,120.67","2,094.86","727,820","650,676","612,969"
"2018/03/01","2,007.0","2,033.0","1,994.0","2,015.0","-8.0","1,015,500","2,044,153","18,500","8,500","0.46","0.00","-","2,013.40","2,061.20","2,094.35","2,094.35","1,981.63","750,460","871,444","818,601"
"2015/12/08","2,335.0","2,370.0","2,308.0","2,321.0","-15.0","757,200","1,762,626","98,000","44,600","0.46","0.00","-","2,370.40","2,317.56","2,133.27","2,136.17","1,945.15","807,720","994,160","1,184,760"
"2015/11/27","2,369.0","2,384.0","2,333.0","2,365.0","+2.0","636,800","1,501,534","95,400","43,600","0.46","0.05","-","2,318.00","2,278.80","2,117.37","2,110.12","1,916.58","789,240","1,272,864","1,240,109"
"2024/03/06","1,919.5","1,949.5","1,909.5","1,929.5","+23.5","1,167,100","2,258,443","68,800","32,000","0.47","0.00","-","1,930.00","2,031.36","2,160.09","2,209.09","2,325.52","1,205,320","1,123,648","837,862"
"2024/02/07","2,125.5","2,147.0","2,106.0","2,139.5","+12.5","834,900","1,779,473","39,000","18,500","0.47","0.00","-","2,178.30","2,250.46","2,250.73","2,308.72","2,360.61","909,020","776,476","690,152"
"2023/12/04","2,203.5","2,208.0","2,154.0","2,155.0","-54.5","788,100","1,709,982","31,300","14,700","0.47","0.05","-","2,206.70","2,306.82","2,386.95","2,402.91","2,356.45","785,020","726,888","583,788"
"2023/02/10","2,103.0","2,115.0","2,044.0","2,059.0","-81.0","1,280,700","2,653,668","24,900","11,600","0.47","0.00","-","2,123.80","2,101.96","2,107.76","2,097.56","2,104.00","505,180","335,340","421,466"
"2023/01/26","2,140.0","2,151.0","2,135.0","2,148.0","+6.0","176,400","378,380","15,500","7,300","0.47","0.05","-","2,119.80","2,052.64","2,098.67","2,099.02","2,101.95","259,000","320,032","432,661"
"2022/06/06","2,107.0","2,120.0","2,098.0","2,104.0","-17.0","327,400","689,156","22,900","10,700","0.47","0.00","-","2,094.40","2,045.20","2,107.43","2,212.32","2,456.88","748,620","861,952","949,593"
"2021/09/02","2,760.0","2,783.0","2,751.0","2,763.0","-1.0","518,000","1,430,670","17,600","8,300","0.47","0.00","-","2,735.60","2,640.60","2,783.59","2,768.42","2,556.25","684,280","545,276","599,182"
"2020/03/23","1,421.0","1,467.0","1,326.0","1,346.0","-67.0","1,158,700","1,574,574","59,800","28,000","0.47","0.05","-","1,348.20","1,492.32","1,774.56","1,791.20","1,763.97","1,358,740","905,096","598,080"
"2020/02/13","1,658.0","1,697.0","1,655.0","1,693.0","+32.0","1,164,900","1,960,873","29,400","13,700","0.47","0.00","-","1,806.00","1,891.40","1,890.83","1,860.24","1,808.44","866,500","481,440","489,401"
"2018/09/07","1,939.0","1,952.0","1,918.0","1,936.0","+3.0","761,400","1,472,944","22,000","10,400","0.47","0.00","-","1,956.00","2,013.32","2,111.45","2,118.48","2,094.66","708,380","670,176","602,042"
"2015/12/29","2,139.0","2,233.0","2,138.0","2,227.0","+91.0","918,700","2,025,645","71,200","33,400","0.47","0.00","-","2,226.00","2,303.68","2,165.15","2,156.54","1,986.25","608,000","794,204","1,100,452"
"2015/02/18","1,706.0","1,737.0","1,690.0","1,695.0","-20.0","1,276,100","2,179,549","142,400","67,500","0.47","0.05","-","1,648.80","1,517.68","1,408.19","1,370.94","1,447.11","1,437,560","966,256","1,335,510"
"2015/02/09","1,559.0","1,592.0","1,547.0","1,576.0","+35.0","759,800","1,194,579","156,900","74,200","0.47","0.05","-","1,504.00","1,485.88","1,366.81","1,355.66","1,445.76","823,160","912,960","1,410,641"
"2022/08/15","2,215.0","2,244.0","2,215.0","2,231.0","+8.0","715,800","1,597,495","25,400","12,300","0.48","0.05","-","2,200.80","2,163.76","2,090.73","2,101.45","2,293.04","909,300","589,896","705,141"
"2021/10/15","2,916.0","2,946.0","2,900.0","2,927.0","+50.0","568,800","1,664,249","13,900","6,700","0.48","0.00","-","2,841.20","2,884.48","2,755.05","2,805.22","2,666.25","589,560","715,984","607,944"
"2018/09/03","2,040.0","2,041.0","1,988.0","2,004.0","-48.0","542,600","1,089,006","14,700","7,000","0.48","0.00","-","2,034.60","2,051.56","2,125.89","2,122.05","2,094.74","565,280","629,740","611,646"
"2015/03/04","1,674.0","1,699.0","1,667.0","1,688.0","-12.0","880,300","1,482,914","122,400","58,600","0.48","0.05","-","1,679.60","1,596.12","1,470.59","1,403.70","1,452.07","1,237,240","1,192,696","1,285,540"
"2023/10/02","2,492.0","2,498.0","2,456.5","2,460.0","-26.5","551,700","1,365,045","10,400","5,100","0.49","0.05","-","2,502.50","2,513.50","2,450.33","2,445.14","2,305.61","531,280","561,772","457,622"
"2022/05/27","2,025.0","2,073.0","2,017.0","2,065.0","+48.0","743,900","1,529,547","20,600","10,100","0.49","0.00","-","1,999.00","2,050.96","2,135.56","2,246.76","2,472.49","820,580","808,328","936,305"
"2022/04/19","2,083.0","2,112.0","2,083.0","2,106.0","+37.0","395,600","831,618","17,600","8,600","0.49","0.00","-","2,081.00","2,139.64","2,305.76","2,356.19","2,553.86","407,040","833,932","905,861"
"2022/04/18","2,055.0","2,080.0","2,041.0","2,069.0","-8.0","302,800","624,372","17,400","8,600","0.49","0.00","-","2,074.20","2,141.04","2,312.03","2,360.48","2,558.02","439,540","852,776","903,656"
"2021/12/14","2,543.0","2,592.0","2,532.0","2,567.0","+14.0","794,700","2,038,884","11,200","5,500","0.49","0.00","-","2,584.00","2,509.16","2,733.45","2,703.55","2,739.01","826,580","684,196","648,193"
"2021/09/10","2,890.0","2,952.0","2,887.0","2,930.0","+38.0","1,130,000","3,297,456","15,400","7,600","0.49","0.00","-","2,868.00","2,696.72","2,778.49","2,774.70","2,578.81","713,280","602,932","590,022"
"2019/09/04","1,663.0","1,668.0","1,644.0","1,650.0","-20.0","487,800","806,177","30,500","14,900","0.49","0.05","-","1,653.00","1,648.40","1,730.77","1,769.23","1,882.65","489,260","546,884","428,466"
"2018/03/19","2,076.0","2,107.0","2,035.0","2,047.0","-39.0","653,200","1,343,530","17,300","8,500","0.49","0.00","-","2,070.60","1,990.92","2,093.71","2,090.16","1,994.41","823,440","885,344","756,832"
"2018/02/20","1,990.0","2,012.0","1,990.0","1,996.0","+4.0","866,600","1,732,542","37,300","18,100","0.49","0.00","-","1,935.60","2,125.36","2,110.68","2,095.84","1,974.77","1,207,060","808,404","806,086"
"2018/02/13","2,033.0","2,059.0","1,999.0","2,002.0","-30.0","889,600","1,796,638","35,200","17,100","0.49","0.00","-","2,045.20","2,184.28","2,122.43","2,097.34","1,969.43","858,880","698,656","766,946"
"2018/02/07","2,100.0","2,115.0","2,068.0","2,069.0","+16.0","1,052,600","2,200,315","34,300","16,900","0.49","0.05","-","2,124.00","2,198.84","2,123.48","2,093.16","1,964.28","759,160","684,488","754,482"
"2018/02/06","2,094.0","2,117.0","2,021.0","2,053.0","-87.0","987,900","2,030,046","34,300","16,900","0.49","0.05","-","2,142.40","2,201.68","2,123.48","2,091.00","1,962.28","763,820","665,444","745,836"
"2018/01/23","2,238.0","2,258.0","2,236.0","2,241.0","+14.0","650,800","1,460,342","26,500","13,100","0.49","0.05","-","2,228.00","2,170.32","2,101.89","2,057.98","1,936.84","576,340","604,448","712,285"
"2017/12/05","2,053.0","2,088.0","2,040.0","2,087.0","+30.0","558,300","1,156,021","39,500","19,300","0.49","0.00","-","2,065.80","2,069.04","2,003.55","1,966.95","1,887.46","836,980","948,176","743,160"
"2016/12/22","2,250.0","2,259.0","2,234.0","2,256.0","+25.0","432,400","972,481","35,600","17,500","0.49","0.00","-","2,255.20","2,214.52","2,057.24","2,029.58","2,100.80","866,520","804,984","843,388"
"2015/08/06","2,200.0","2,205.0","1,988.0","2,050.0","-113.0","1,993,900","4,181,829","86,200","41,900","0.49","0.05","-","2,151.80","2,088.36","1,926.41","1,838.35","1,629.91","1,034,600","930,472","1,025,846"
"2023/12/05","2,168.5","2,183.0","2,153.5","2,163.0","+8.0","705,400","1,528,085","30,100","14,900","0.50","0.05","-","2,190.40","2,301.60","2,384.43","2,400.24","2,356.93","751,280","738,684","585,264"
"2023/03/23","2,114.0","2,139.0","2,103.0","2,134.0","+2.0","560,700","1,193,601","12,600","6,300","0.50","0.00","-","2,141.00","2,216.04","2,128.80","2,134.66","2,125.07","608,820","600,756","439,158"
"2023/01/27","2,157.0","2,166.0","2,141.0","2,150.0","+2.0","153,300","329,477","16,500","8,300","0.50","0.05","-","2,136.60","2,056.76","2,099.61","2,098.80","2,101.88","214,080","308,512","428,393"
"2023/01/13","2,049.0","2,070.0","2,046.0","2,051.0","+1.0","244,600","502,493","30,800","15,300","0.50","0.05","-","2,037.20","2,056.28","2,088.68","2,109.91","2,105.89","327,320","350,136","466,892"
"2022/11/30","2,182.0","2,207.0","2,168.0","2,193.0","+2.0","1,168,000","2,559,874","21,100","10,600","0.50","0.05","-","2,221.60","2,148.84","2,131.99","2,136.99","2,124.91","525,440","552,404","568,068"
"2021/09/16","2,925.0","2,961.0","2,909.0","2,960.0","+15.0","649,200","1,913,810","24,000","12,000","0.50","0.05","-","2,955.40","2,750.52","2,779.72","2,782.36","2,595.18","704,740","600,648","566,732"
"2018/09/06","1,950.0","1,951.0","1,931.0","1,933.0","-34.0","483,100","936,648","19,100","9,600","0.50","0.00","-","1,979.20","2,021.96","2,114.87","2,119.65","2,094.81","687,620","653,076","602,361"
"2017/01/12","2,284.0","2,302.0","2,265.0","2,294.0","+6.0","873,500","1,996,958","42,500","21,100","0.50","0.05","-","2,280.60","2,245.60","2,104.43","2,057.45","2,107.79","786,400","720,200","830,393"
"2017/01/11","2,274.0","2,319.0","2,268.0","2,288.0","+32.0","815,000","1,867,558","39,000","19,500","0.50","0.05","-","2,277.20","2,242.52","2,099.44","2,054.88","2,106.96","854,060","717,908","832,544"
"2016/05/16","2,427.0","2,427.0","2,298.0","2,330.0","+153.0","1,571,300","3,679,132","72,900","36,800","0.50","0.00","-","2,195.40","2,141.84","2,116.48","2,115.66","2,128.68","867,740","771,168","845,365"
"2015/02/10","1,580.0","1,589.0","1,515.0","1,522.0","-54.0","1,203,800","1,869,371","151,200","74,900","0.50","0.05","-","1,522.40","1,486.76","1,372.24","1,356.88","1,445.65","909,040","900,228","1,397,718"
"2015/01/09","1,526.0","1,565.0","1,515.0","1,523.0","+14.0","1,609,700","2,460,840","122,300","61,400","0.50","0.05","-","1,492.40","1,413.24","1,320.05","1,365.55","-","1,214,440","1,042,028","1,579,208"
"2023/07/10","2,440.5","2,449.5","2,406.5","2,430.0","+4.5","412,400","1,001,069","9,700","4,900","0.51","0.00","-","2,451.90","2,413.72","2,346.67","2,313.63","2,205.25","378,080","437,872","527,353"
"2022/07/13","2,115.0","2,122.0","2,079.0","2,087.0","-12.0","344,400","720,369","24,600","12,600","0.51","0.00","-","2,118.20","2,063.08","2,075.93","2,091.99","2,365.57","546,140","616,488","735,266"
"2022/05/26","2,012.0","2,043.0","2,005.0","2,017.0","+34.0","843,300","1,707,220","15,400","7,800","0.51","0.00","-","1,978.80","2,051.12","2,140.16","2,251.86","2,475.31","788,200","790,684","935,341"
"2022/04/06","2,163.0","2,164.0","2,120.0","2,120.0","-44.0","1,194,000","2,551,523","24,500","12,500","0.51","0.00","-","2,137.80","2,140.72","2,363.12","2,399.63","2,592.57","905,960","1,041,548","879,250"
"2021/10/18","2,920.0","2,920.0","2,856.0","2,872.0","-55.0","313,000","899,581","12,700","6,500","0.51","0.00","-","2,857.80","2,883.68","2,754.35","2,804.73","2,669.99","564,380","692,240","604,458"
"2021/09/07","2,835.0","2,858.0","2,818.0","2,840.0","+23.0","434,500","1,234,445","14,200","7,200","0.51","0.00","-","2,792.40","2,659.48","2,779.51","2,770.96","2,567.15","497,340","552,152","583,940"
"2020/03/25","1,470.0","1,506.0","1,435.0","1,496.0","+56.0","810,000","1,198,419","64,700","32,800","0.51","0.05","-","1,424.00","1,474.36","1,761.93","1,784.85","1,760.96","1,201,920","924,920","607,177"
"2020/03/19","1,429.0","1,499.0","1,407.0","1,413.0","-12.0","1,427,400","2,058,027","67,300","34,100","0.51","0.05","-","1,325.20","1,506.20","1,782.47","1,795.36","1,766.14","1,527,100","905,344","589,690"
"2020/02/18","1,683.0","1,698.0","1,679.0","1,691.0","+8.0","440,500","744,097","26,800","13,700","0.51","0.00","-","1,686.00","1,861.12","1,886.89","1,857.18","1,804.71","909,840","501,236","492,645"
"2018/09/11","1,940.0","1,941.0","1,910.0","1,923.0","-17.0","1,096,900","2,113,852","22,100","11,200","0.51","0.00","-","1,939.80","1,997.24","2,105.81","2,115.85","2,094.28","766,580","697,196","600,280"
"2018/09/04","1,979.0","2,002.0","1,937.0","1,940.0","-64.0","892,000","1,746,170","13,000","6,600","0.51","0.00","-","2,016.00","2,041.60","2,122.13","2,121.20","2,094.79","660,500","634,664","613,882"
"2018/04/09","2,023.0","2,027.0","2,001.0","2,016.0","-1.0","528,300","1,065,432","28,000","14,300","0.51","0.00","-","1,994.20","2,001.60","2,078.17","2,068.77","2,004.18","774,500","789,244","751,632"
"2018/04/04","1,972.0","1,974.0","1,921.0","1,955.0","-26.0","1,080,000","2,104,294","25,400","13,000","0.51","0.00","-","1,974.40","2,000.00","2,081.61","2,074.20","2,001.77","709,760","814,136","758,817"
"2018/01/24","2,242.0","2,274.0","2,240.0","2,267.0","+26.0","795,000","1,800,908","25,900","13,300","0.51","0.05","-","2,237.20","2,176.72","2,105.40","2,062.06","1,939.63","597,800","604,480","713,873"
"2016/06/20","2,169.0","2,192.0","2,159.0","2,159.0","+31.0","708,200","1,537,351","39,800","20,200","0.51","0.00","-","2,165.80","2,293.40","2,197.61","2,160.71","2,143.94","725,800","768,364","769,616"
"2024/02/06","2,202.0","2,204.0","2,126.5","2,127.0","-102.0","1,273,900","2,742,802","37,000","19,100","0.52","0.00","-","2,199.00","2,249.52","2,253.31","2,312.13","2,361.01","889,220","763,004","682,698"
"2023/12/28","2,119.5","2,126.0","2,101.5","2,116.0","-6.0","498,100","1,052,298","25,800","13,300","0.52","0.05","-","2,112.10","2,173.98","2,328.13","2,347.82","2,349.99","483,560","654,032","618,050"
"2023/12/27","2,114.5","2,134.0","2,114.5","2,122.0","+12.5","466,200","990,345","26,900","13,900","0.52","0.05","-","2,112.80","2,181.76","2,333.00","2,350.83","2,351.00","495,000","657,448","617,580"
"2023/03/15","2,196.0","2,203.0","2,180.0","2,195.0","+31.0","468,000","1,026,280","20,800","10,800","0.52","0.05","-","2,237.60","2,208.56","2,133.32","2,132.23","2,122.24","562,780","596,572","435,473"
"2023/03/07","2,266.0","2,284.0","2,256.0","2,259.0","-30.0","690,700","1,563,900","46,700","24,100","0.52","0.05","-","2,289.20","2,181.24","2,131.77","2,120.99","2,113.51","563,360","527,508","427,562"
"2022/11/21","2,234.0","2,249.0","2,199.0","2,209.0","-24.0","426,600","943,804","19,000","9,800","0.52","0.05","-","2,212.60","2,116.20","2,128.69","2,128.94","2,129.27","461,920","519,216","564,452"
"2022/04/20","2,135.0","2,135.0","2,093.0","2,114.0","+8.0","472,100","995,837","18,700","9,800","0.52","0.00","-","2,090.00","2,137.72","2,298.79","2,352.29","2,549.62","358,540","824,356","905,537"
"2019/08/06","1,661.0","1,704.0","1,649.0","1,700.0","-8.0","375,900","631,796","19,600","10,200","0.52","0.05","-","1,741.00","1,788.60","1,795.09","1,849.98","1,919.96","419,980","335,652","438,456"
"2018/04/25","2,093.0","2,115.0","2,087.0","2,104.0","-15.0","577,000","1,213,458","62,300","32,600","0.52","0.05","-","2,096.00","2,025.16","2,067.75","2,077.00","2,016.97","525,080","669,820","750,138"
"2018/04/06","2,013.0","2,035.0","2,005.0","2,017.0","+15.0","849,400","1,717,093","28,700","15,000","0.52","0.00","-","1,987.80","1,999.24","2,079.05","2,070.57","2,003.26","736,620","802,092","759,338"
"2018/01/18","2,240.0","2,244.0","2,216.0","2,230.0","+9.0","716,600","1,599,976","23,100","11,900","0.52","0.05","-","2,227.20","2,156.20","2,092.97","2,047.61","1,929.86","609,280","628,292","723,428"
"2015/11/24","2,288.0","2,345.0","2,279.0","2,290.0","+24.0","962,700","2,212,451","79,300","41,000","0.52","0.05","-","2,257.20","2,256.36","2,109.12","2,098.05","1,903.16","786,100","1,286,136","1,254,838"
"2015/08/11","2,107.0","2,184.0","2,107.0","2,159.0","+73.0","1,230,500","2,656,085","88,500","45,800","0.52","0.05","-","2,099.00","2,098.48","1,943.87","1,854.38","1,643.46","1,302,660","985,616","1,041,969"
"2015/01/07","1,445.0","1,479.0","1,438.0","1,470.0","+10.0","637,500","935,553","116,900","60,500","0.52","0.00","-","1,475.00","1,398.20","1,315.45","1,364.66","-","948,920","1,023,864","1,579,396"
"2015/01/05","1,497.0","1,513.0","1,473.0","1,500.0","+22.0","1,522,100","2,275,404","122,300","63,900","0.52","0.00","-","1,470.40","1,384.48","1,313.59","1,365.57","-","772,140","1,069,048","1,571,313"
"2023/03/09","2,285.0","2,325.0","2,269.0","2,317.0","+52.0","639,900","1,479,820","46,200","24,500","0.53","0.05","-","2,285.80","2,193.00","2,133.87","2,125.93","2,117.11","591,680","557,708","431,845"
"2021/12/10","2,594.0","2,623.0","2,577.0","2,588.0","-8.0","672,200","1,742,848","29,200","15,600","0.53","0.00","-","2,577.20","2,533.28","2,736.21","2,706.67","2,737.44","863,980","666,564","642,476"
"2021/11/02","2,863.0","2,865.0","2,835.0","2,853.0","-13.0","455,700","1,299,672","19,300","10,200","0.53","0.00","-","2,821.00","2,821.60","2,762.48","2,789.95","2,710.22","505,140","580,852","587,994"
"2018/04/16","2,044.0","2,058.0","2,033.0","2,053.0","+18.0","383,700","786,545","48,000","25,300","0.53","0.05","-","2,033.80","2,018.64","2,073.49","2,070.84","2,009.29","517,560","742,472","746,298"
"2018/02/15","1,900.0","1,913.0","1,884.0","1,892.0","-4.0","973,000","1,843,963","33,300","17,800","0.53","0.00","-","1,978.40","2,157.96","2,116.97","2,096.95","1,971.46","1,036,700","756,388","792,673"
"2017/10/27","2,125.0","2,187.0","2,123.0","2,183.0","+82.0","994,900","2,151,449","64,600","34,000","0.53","0.05","-","2,111.80","2,051.32","1,932.92","1,913.97","1,894.81","619,960","556,804","692,837"
"2016/04/04","2,110.0","2,134.0","2,093.0","2,117.0","+6.0","594,400","1,256,572","78,500","41,500","0.53","0.05","-","2,183.60","2,156.84","2,108.80","2,160.27","2,106.66","695,080","778,508","886,669"
"2016/04/01","2,177.0","2,185.0","2,106.0","2,111.0","-84.0","987,000","2,103,462","75,900","40,200","0.53","0.00","-","2,213.40","2,156.20","2,110.55","2,162.25","2,105.60","773,560","790,764","890,897"
"2015/02/12","1,562.0","1,597.0","1,531.0","1,548.0","+26.0","1,040,300","1,617,886","140,200","74,700","0.53","0.05","-","1,536.80","1,490.28","1,377.93","1,358.33","1,445.39","938,000","897,084","1,369,214"
"2024/01/26","2,281.0","2,282.0","2,238.5","2,242.0","-30.0","723,600","1,628,773","28,700","15,500","0.54","0.05","-","2,270.10","2,225.24","2,269.83","2,330.99","2,359.18","778,440","688,816","659,949"
"2022/11/28","2,251.0","2,251.0","2,204.0","2,225.0","-22.0","342,000","760,612","21,200","11,400","0.54","0.05","-","2,230.20","2,139.68","2,131.80","2,134.55","2,127.17","416,460","519,380","560,080"
"2021/09/21","2,886.0","2,913.0","2,865.0","2,895.0","-41.0","396,000","1,147,633","20,600","11,100","0.54","0.05","-","2,945.80","2,773.32","2,778.75","2,786.04","2,602.50","606,300","610,740","567,353"
"2021/09/15","2,961.0","2,974.0","2,919.0","2,945.0","-48.0","663,700","1,954,447","22,800","12,200","0.54","0.00","-","2,941.80","2,738.28","2,779.13","2,780.25","2,591.40","756,220","594,304","565,441"
"2020/02/14","1,680.0","1,707.0","1,673.0","1,702.0","+9.0","707,500","1,200,477","35,600","19,300","0.54","0.00","-","1,763.00","1,882.24","1,889.77","1,859.51","1,807.23","910,280","492,324","493,705"
"2018/03/22","2,044.0","2,045.0","2,019.0","2,042.0","-32.0","697,700","1,420,807","15,900","8,600","0.54","0.00","-","2,069.40","1,999.64","2,094.24","2,089.81","1,996.69","716,760","831,584","759,769"
"2018/03/02","1,962.0","1,976.0","1,952.0","1,957.0","-58.0","849,500","1,666,364","16,700","9,100","0.54","0.00","-","2,005.00","2,049.08","2,091.16","2,093.74","1,982.25","794,920","873,024","816,454"
"2018/02/09","2,020.0","2,037.0","2,012.0","2,032.0","-38.0","763,300","1,546,542","29,400","15,800","0.54","0.00","-","2,072.80","2,191.80","2,123.24","2,096.34","1,967.88","820,580","688,432","761,205"
"2018/01/17","2,205.0","2,224.0","2,202.0","2,221.0","0.0","687,700","1,524,316","21,000","11,400","0.54","0.05","-","2,229.40","2,150.40","2,090.75","2,044.31","1,927.70","609,520","638,860","722,832"
"2016/10/11","1,990.0","1,995.0","1,942.0","1,946.0","-29.0","1,209,300","2,369,353","31,800","17,200","0.54","0.00","-","1,961.20","1,964.20","2,000.67","2,072.47","2,094.56","767,800","773,020","857,438"
"2015/10/30","2,313.0","2,331.0","2,246.0","2,282.0","-31.0","2,189,400","5,003,622","98,800","53,000","0.54","0.05","-","2,253.60","2,091.20","2,075.71","2,042.23","1,843.28","2,355,860","1,291,348","1,217,498"
"2015/02/19","1,680.0","1,709.0","1,655.0","1,660.0","-35.0","1,201,300","2,013,608","127,000","68,200","0.54","0.05","-","1,671.20","1,524.60","1,415.15","1,373.82","1,447.59","1,469,760","982,028","1,340,672"
"2015/01/06","1,477.0","1,493.0","1,453.0","1,460.0","-40.0","1,118,900","1,647,168","114,800","62,000","0.54","0.00","-","1,472.20","1,390.44","1,314.35","1,365.05","-","914,260","1,053,884","1,580,529"
"2014/11/12","1,238.0","1,337.0","1,210.0","1,324.0","+56.0","5,112,800","6,585,181","105,900","56,900","0.54","0.00","-","1,264.40","1,203.12","1,377.15","1,410.89","-","1,905,480","2,100,660","1,341,552"
"2022/08/09","2,194.0","2,210.0","2,176.0","2,180.0","-10.0","502,200","1,096,408","15,800","8,700","0.55","0.00","-","2,182.20","2,152.00","2,086.79","2,100.00","2,303.09","468,060","507,792","677,472"
"2022/04/14","2,078.0","2,086.0","2,070.0","2,084.0","+15.0","346,800","721,502","17,000","9,400","0.55","0.00","-","2,071.00","2,144.48","2,325.37","2,369.65","2,566.90","658,220","914,352","901,916"
"2022/04/11","2,053.0","2,089.0","2,046.0","2,066.0","+2.0","804,500","1,661,586","23,100","12,800","0.55","0.00","-","2,098.40","2,139.56","2,342.77","2,384.69","2,579.26","916,340","988,500","893,880"
"2021/10/21","2,824.0","2,886.0","2,819.0","2,838.0","+39.0","689,700","1,964,290","14,300","7,800","0.55","0.00","-","2,856.00","2,868.04","2,753.11","2,801.60","2,680.54","434,520","655,440","599,501"
"2020/02/21","1,629.0","1,656.0","1,629.0","1,631.0","+5.0","523,900","859,564","21,200","11,700","0.55","0.00","-","1,660.00","1,827.20","1,880.29","1,852.09","1,800.70","503,820","519,120","497,329"
"2018/09/12","1,916.0","1,938.0","1,899.0","1,921.0","-2.0","900,900","1,727,438","21,900","12,100","0.55","0.00","-","1,930.60","1,988.52","2,103.44","2,114.23","2,094.17","774,200","711,272","601,516"
"2018/03/08","1,951.0","1,967.0","1,942.0","1,952.0","+21.0","569,500","1,111,885","18,400","10,100","0.55","0.00","-","1,948.00","2,006.64","2,088.31","2,090.91","1,985.28","726,320","860,956","771,857"
"2016/11/30","2,203.0","2,226.0","2,186.0","2,218.0","+6.0","1,208,400","2,677,439","19,600","10,700","0.55","0.00","-","2,217.60","2,074.64","1,989.40","2,007.29","2,083.72","892,220","942,084","913,976"
"2015/09/11","1,855.0","2,037.0","1,852.0","1,978.0","+163.0","2,332,900","4,565,012","63,500","34,800","0.55","0.00","-","1,874.80","2,080.88","2,035.07","1,968.80","1,740.74","1,627,420","1,347,784","1,154,716"
"2015/08/20","2,320.0","2,320.0","2,244.0","2,256.0","-72.0","1,093,000","2,475,135","65,900","36,000","0.55","0.05","-","2,343.20","2,170.76","2,004.96","1,909.84","1,685.58","1,211,600","1,091,924","1,112,225"
"2015/06/09","1,935.0","1,970.0","1,933.0","1,949.0","-6.0","1,403,900","2,752,057","140,100","76,600","0.55","0.05","-","1,940.20","1,868.76","1,698.16","1,653.04","1,508.80","1,512,620","1,198,544","1,150,692"
"2015/02/06","1,520.0","1,557.0","1,514.0","1,541.0","+44.0","902,000","1,386,728","130,100","71,800","0.55","0.05","-","1,477.60","1,481.96","1,361.21","1,354.07","1,445.13","834,720","913,212","1,427,568"
"2023/01/06","2,017.0","2,030.0","2,003.0","2,025.0","0.0","402,900","814,503","30,300","17,000","0.56","0.00","-","2,013.20","2,070.44","2,094.61","2,116.60","2,108.30","361,740","380,020","482,009"
"2022/12/19","2,111.0","2,130.0","2,111.0","2,112.0","-8.0","318,100","673,659","26,200","14,600","0.56","0.05","-","2,115.20","2,164.88","2,114.48","2,136.60","2,112.71","387,320","467,292","525,405"
"2022/12/16","2,133.0","2,139.0","2,116.0","2,120.0","-4.0","610,100","1,295,066","24,900","14,000","0.56","0.05","-","2,113.00","2,168.48","2,115.03","2,137.27","2,112.65","369,300","499,256","526,552"
"2022/10/07","2,051.0","2,082.0","2,047.0","2,064.0","-15.0","536,200","1,107,652","19,700","11,100","0.56","0.00","-","2,053.00","2,094.00","2,132.73","2,106.03","2,202.43","537,500","573,292","577,093"
"2022/08/01","2,189.0","2,223.0","2,183.0","2,218.0","+44.0","483,900","1,069,448","15,600","8,700","0.56","0.00","-","2,191.20","2,129.68","2,078.76","2,093.96","2,321.52","575,600","545,836","673,085"
"2022/05/31","2,035.0","2,055.0","2,018.0","2,035.0","-5.0","1,446,100","2,947,158","20,800","11,700","0.56","0.00","-","2,028.00","2,045.16","2,125.44","2,235.38","2,466.33","1,033,900","868,204","951,805"
"2022/04/21","2,106.0","2,124.0","2,094.0","2,113.0","-1.0","574,400","1,211,085","15,700","8,800","0.56","0.00","-","2,095.80","2,136.28","2,291.69","2,348.70","2,545.56","404,060","809,924","908,834"
"2022/04/01","2,114.0","2,130.0","2,092.0","2,125.0","+10.0","753,200","1,594,484","27,200","15,300","0.56","0.00","-","2,170.20","2,138.68","2,379.91","2,421.30","2,605.63","1,022,880","1,112,800","871,969"
"2021/12/08","2,618.0","2,636.0","2,584.0","2,616.0","+15.0","1,103,400","2,884,697","21,900","12,300","0.56","0.00","-","2,502.40","2,555.76","2,735.96","2,709.44","2,735.42","773,340","645,700","638,837"
"2021/12/07","2,507.0","2,609.0","2,486.0","2,601.0","+116.0","960,000","2,469,538","19,600","11,000","0.56","0.00","-","2,452.00","2,565.76","2,734.49","2,709.98","2,734.43","703,100","620,128","629,444"
"2021/10/14","2,848.0","2,887.0","2,825.0","2,877.0","+21.0","418,800","1,200,356","14,100","7,900","0.56","0.00","-","2,807.80","2,881.84","2,755.52","2,805.09","2,662.36","606,600","719,420","606,814"
"2021/10/12","2,757.0","2,769.0","2,742.0","2,757.0","-32.0","840,900","2,318,295","12,400","6,900","0.56","0.00","-","2,754.40","2,878.80","2,757.76","2,805.92","2,655.31","652,920","710,456","606,245"
"2021/09/01","2,769.0","2,788.0","2,752.0","2,764.0","-32.0","395,600","1,094,844","17,500","9,800","0.56","0.00","-","2,715.20","2,634.16","2,784.47","2,767.72","2,552.37","673,100","541,000","609,874"
"2019/09/05","1,665.0","1,697.0","1,663.0","1,688.0","+38.0","620,800","1,046,422","31,100","17,500","0.56","0.05","-","1,661.40","1,644.16","1,729.48","1,766.29","1,880.74","502,980","549,032","431,236"
"2018/02/08","2,078.0","2,089.0","2,062.0","2,070.0","+1.0","601,000","1,247,322","30,700","17,100","0.56","0.05","-","2,102.20","2,196.64","2,123.72","2,095.05","1,966.20","761,320","693,360","755,712"
"2018/01/19","2,241.0","2,243.0","2,209.0","2,221.0","-9.0","467,100","1,039,014","22,000","12,400","0.56","0.05","-","2,227.20","2,160.28","2,095.93","2,050.96","1,931.95","551,980","620,444","719,870"
"2017/11/09","2,195.0","2,234.0","2,167.0","2,196.0","+12.0","1,010,500","2,223,098","64,800","36,600","0.56","0.05","-","2,185.20","2,101.48","1,968.73","1,939.59","1,891.96","797,120","580,032","678,114"
"2017/11/07","2,175.0","2,208.0","2,165.0","2,198.0","+25.0","700,300","1,534,854","66,100","37,100","0.56","0.05","-","2,180.20","2,087.16","1,959.25","1,932.60","1,892.12","691,040","558,776","671,413"
"2016/05/30","2,343.0","2,371.0","2,331.0","2,368.0","+52.0","561,900","1,324,420","79,400","44,500","0.56","0.05","-","2,370.60","2,246.20","2,153.36","2,128.01","2,142.28","656,340","806,408","819,628"
"2016/04/14","2,175.0","2,204.0","2,149.0","2,204.0","+88.0","685,000","1,496,538","94,300","52,400","0.56","0.00","-","2,121.00","2,154.12","2,091.69","2,146.11","2,115.92","801,740","731,596","897,626"
"2015/12/07","2,351.0","2,383.0","2,328.0","2,336.0","+9.0","742,400","1,746,552","80,500","45,300","0.56","0.00","-","2,394.00","2,316.00","2,134.55","2,133.57","1,941.78","839,680","1,051,448","1,198,177"
"2015/08/10","2,013.0","2,090.0","1,987.0","2,086.0","+49.0","1,056,200","2,177,390","82,000","45,700","0.56","0.05","-","2,107.60","2,091.32","1,937.40","1,848.05","1,638.44","1,194,020","958,628","1,036,008"
"2015/06/10","1,950.0","1,968.0","1,903.0","1,906.0","-43.0","1,076,000","2,081,040","125,400","69,900","0.56","0.05","-","1,940.20","1,880.00","1,701.44","1,657.23","1,510.59","1,265,280","1,216,260","1,149,021"
"2015/06/05","1,910.0","1,959.0","1,904.0","1,958.0","+25.0","1,036,600","2,020,387","141,400","79,800","0.56","0.05","-","1,973.20","1,844.64","1,691.57","1,644.32","1,504.80","1,374,660","1,153,628","1,159,944"
"2015/03/06","1,610.0","1,627.0","1,601.0","1,618.0","+4.0","989,500","1,599,470","114,300","63,700","0.56","0.05","-","1,662.00","1,606.44","1,479.12","1,410.12","1,451.76","1,318,300","1,227,876","1,240,325"
"2015/02/17","1,660.0","1,732.0","1,648.0","1,715.0","+68.0","1,836,100","3,141,695","138,300","78,000","0.56","0.05","-","1,614.20","1,510.24","1,400.39","1,367.60","1,446.60","1,423,100","954,692","1,335,408"
"2023/09/29","2,510.0","2,510.0","2,469.0","2,486.5","-15.5","563,600","1,400,801","8,600","4,900","0.57","0.05","-","2,523.20","2,508.34","2,449.51","2,444.99","2,303.90","490,780","552,708","455,858"
"2023/03/08","2,265.0","2,277.0","2,258.0","2,265.0","+6.0","588,100","1,333,087","44,500","25,200","0.57","0.05","-","2,283.80","2,185.44","2,132.60","2,123.07","2,115.27","565,180","544,356","428,584"
"2023/01/05","2,007.0","2,029.0","1,994.0","2,025.0","+15.0","378,500","764,735","30,000","17,200","0.57","0.05","-","2,013.20","2,077.16","2,096.09","2,118.15","2,108.88","335,400","410,624","484,056"
"2022/11/18","2,233.0","2,264.0","2,225.0","2,233.0","+11.0","473,000","1,058,491","19,000","10,900","0.57","0.05","-","2,211.00","2,110.52","2,128.81","2,127.20","2,130.22","512,760","517,808","565,216"
"2022/07/22","2,164.0","2,183.0","2,160.0","2,179.0","+13.0","432,200","940,630","18,300","10,500","0.57","0.00","-","2,139.60","2,089.44","2,072.19","2,088.81","2,340.42","491,880","557,556","699,064"
"2022/04/07","2,090.0","2,095.0","2,052.0","2,078.0","-42.0","996,700","2,069,028","22,500","12,900","0.57","0.00","-","2,130.40","2,141.36","2,356.24","2,394.74","2,588.19","875,400","1,008,960","886,500"
"2022/03/11","2,143.0","2,157.0","2,087.0","2,105.0","-22.0","1,290,400","2,733,396","29,300","16,600","0.57","0.00","-","2,066.80","2,214.68","2,433.63","2,513.53","2,659.47","1,118,160","1,147,812","812,325"
"2022/02/28","2,136.0","2,152.0","2,094.0","2,123.0","-13.0","1,927,400","4,086,244","25,700","14,600","0.57","0.00","-","2,151.40","2,320.36","2,495.56","2,576.09","2,690.26","1,314,200","1,049,320","746,822"
"2018/03/30","1,970.0","1,993.0","1,949.0","1,988.0","+24.0","734,700","1,449,396","13,400","7,700","0.57","0.00","-","1,979.80","2,004.36","2,086.91","2,080.37","2,000.27","928,120","804,860","761,544"
"2018/03/20","2,027.0","2,078.0","2,018.0","2,074.0","+27.0","804,500","1,653,729","15,000","8,600","0.57","0.00","-","2,076.80","1,993.80","2,094.28","2,090.27","1,995.63","846,400","881,940","759,336"
"2017/10/31","2,164.0","2,174.0","2,152.0","2,166.0","+2.0","586,100","1,268,296","67,800","38,500","0.57","0.05","-","2,138.40","2,061.08","1,940.79","1,920.17","1,893.55","692,260","563,412","687,746"
"2017/09/21","2,031.0","2,065.0","2,029.0","2,037.0","+17.0","1,216,500","2,486,951","68,300","39,100","0.57","0.00","-","1,965.60","1,890.28","1,868.19","1,853.69","1,918.37","1,031,380","724,500","850,556"
"2016/11/22","2,121.0","2,155.0","2,111.0","2,143.0","+16.0","650,500","1,389,888","28,000","15,900","0.57","0.00","-","2,128.20","2,023.64","1,973.35","2,000.37","2,083.42","897,600","941,732","899,440"
"2016/01/05","2,138.0","2,195.0","2,125.0","2,175.0","+41.0","873,200","1,895,112","60,100","34,100","0.57","0.00","-","2,186.40","2,288.08","2,178.32","2,156.90","1,995.35","931,060","792,248","1,083,480"
"2015/12/17","2,318.0","2,359.0","2,317.0","2,346.0","+74.0","627,100","1,470,314","73,300","41,900","0.57","0.05","-","2,261.40","2,306.24","2,144.89","2,146.39","1,965.87","776,040","889,144","1,142,605"
"2015/06/08","1,934.0","1,969.0","1,934.0","1,955.0","-3.0","1,014,400","1,987,384","139,600","78,900","0.57","0.05","-","1,957.20","1,855.68","1,694.77","1,648.64","1,507.10","1,426,580","1,169,388","1,148,988"
"2015/02/23","1,646.0","1,672.0","1,645.0","1,668.0","+22.0","1,154,400","1,920,988","129,800","73,800","0.57","0.05","-","1,676.80","1,538.24","1,428.95","1,379.80","1,448.61","1,389,140","1,022,992","1,338,002"
"2015/02/05","1,491.0","1,513.0","1,467.0","1,497.0","+21.0","784,100","1,172,382","127,900","72,800","0.57","0.05","-","1,464.80","1,479.00","1,356.65","1,352.91","1,444.62","799,560","905,132","1,438,780"
"2023/08/14","2,468.5","2,488.5","2,305.5","2,325.5","-193.0","1,109,200","2,602,050","4,800","2,800","0.58","0.00","-","2,463.50","2,454.34","2,429.02","2,367.51","2,250.47","516,900","380,788","505,713"
"2022/12/29","2,006.0","2,007.0","1,981.0","2,005.0","-20.0","253,300","506,514","30,600","17,900","0.58","0.05","-","2,018.40","2,102.24","2,102.67","2,123.61","2,110.13","215,860","405,452","488,293"
"2022/12/01","2,185.0","2,194.0","2,171.0","2,188.0","-5.0","576,500","1,258,447","18,700","10,800","0.58","0.05","-","2,208.80","2,152.24","2,132.09","2,137.87","2,123.81","553,540","563,264","554,469"
"2022/08/17","2,240.0","2,269.0","2,236.0","2,262.0","+66.0","631,200","1,423,069","20,000","11,600","0.58","0.05","-","2,218.40","2,171.88","2,094.01","2,102.49","2,287.15","1,006,680","601,248","705,578"
"2022/07/28","2,174.0","2,195.0","2,152.0","2,191.0","+12.0","896,400","1,957,455","15,400","9,000","0.58","0.00","-","2,187.40","2,117.08","2,075.27","2,091.79","2,327.18","554,240","545,308","681,933"
"2022/05/13","2,088.0","2,132.0","2,075.0","2,132.0","+24.0","880,500","1,867,498","9,200","5,300","0.58","0.00","-","2,114.00","2,096.44","2,191.88","2,304.81","2,505.74","766,700","695,456","933,840"
"2022/02/15","2,273.0","2,353.0","2,233.0","2,245.0","-178.0","1,782,800","4,056,256","28,000","16,100","0.58","0.00","-","2,400.40","2,496.28","2,566.61","2,639.15","2,710.76","925,160","841,676","653,060"
"2021/10/13","2,761.0","2,879.0","2,759.0","2,856.0","+99.0","680,400","1,935,659","13,100","7,600","0.58","0.00","-","2,777.60","2,880.36","2,756.33","2,805.40","2,658.79","656,960","720,048","606,348"
"2019/09/06","1,685.0","1,686.0","1,665.0","1,670.0","-18.0","386,700","646,512","31,100","17,900","0.58","0.05","-","1,664.60","1,639.80","1,728.29","1,763.21","1,878.82","499,700","549,464","429,209"
"2018/03/15","2,075.0","2,099.0","2,065.0","2,098.0","+19.0","787,000","1,643,738","20,900","12,200","0.58","0.00","-","2,039.20","1,989.68","2,092.88","2,090.03","1,991.97","895,040","888,132","763,506"
"2017/09/20","1,957.0","2,029.0","1,953.0","2,020.0","+76.0","1,471,800","2,934,967","78,600","45,600","0.58","0.00","-","1,938.60","1,882.84","1,865.67","1,851.01","1,919.27","958,000","707,240","854,237"
"2017/01/13","2,275.0","2,327.0","2,254.0","2,323.0","+29.0","841,500","1,944,027","41,800","24,200","0.58","0.05","-","2,290.00","2,250.88","2,109.67","2,059.53","2,108.44","788,540","732,776","828,570"
"2016/12/28","2,236.0","2,252.0","2,217.0","2,240.0","+3.0","337,700","756,692","31,700","18,500","0.58","0.00","-","2,241.40","2,227.36","2,069.07","2,035.65","2,102.32","477,360","748,984","833,497"
"2016/06/23","2,152.0","2,162.0","2,132.0","2,156.0","+2.0","491,500","1,056,734","38,200","22,000","0.58","0.00","-","2,154.40","2,268.64","2,199.55","2,166.63","2,147.10","590,920","712,860","753,714"
"2016/06/14","2,199.0","2,201.0","2,175.0","2,201.0","-9.0","795,600","1,743,020","81,700","47,400","0.58","0.00","-","2,258.60","2,301.56","2,193.27","2,149.65","2,146.57","730,840","798,404","781,621"
"2016/05/27","2,343.0","2,357.0","2,312.0","2,316.0","-58.0","897,800","2,090,283","73,400","42,800","0.58","0.05","-","2,376.60","2,236.12","2,149.76","2,126.60","2,141.32","668,380","818,568","826,272"
"2015/12/30","2,225.0","2,273.0","2,225.0","2,260.0","+33.0","602,400","1,359,510","64,300","37,600","0.58","0.05","-","2,220.20","2,302.48","2,170.13","2,157.46","1,989.59","657,320","779,792","1,098,426"
"2015/06/15","1,883.0","1,924.0","1,883.0","1,908.0","+2.0","1,135,500","2,167,104","122,900","71,700","0.58","0.05","-","1,913.40","1,911.00","1,710.96","1,669.69","1,515.29","1,105,040","1,269,512","1,121,889"
"2015/01/30","1,487.0","1,501.0","1,472.0","1,477.0","+11.0","726,200","1,079,436","140,800","81,100","0.58","0.05","-","1,481.40","1,477.56","1,346.43","1,353.47","1,444.12","928,200","903,512","1,515,558"
"2015/01/29","1,498.0","1,529.0","1,463.0","1,466.0","-42.0","952,100","1,423,264","143,100","82,300","0.58","0.05","-","1,471.80","1,475.48","1,344.68","1,353.60","1,444.36","1,049,720","942,616","1,531,253"
"2015/01/27","1,475.0","1,502.0","1,473.0","1,499.0","+42.0","1,115,100","1,665,857","126,300","73,400","0.58","0.05","-","1,461.40","1,464.20","1,339.56","1,354.62","1,445.19","964,820","996,068","1,541,538"
"2015/01/26","1,429.0","1,464.0","1,425.0","1,457.0","+28.0","956,500","1,390,984","127,000","74,200","0.58","0.00","-","1,461.80","1,457.56","1,336.41","1,355.38","1,445.51","827,840","975,496","1,547,348"
"2023/01/17","2,059.0","2,095.0","2,056.0","2,076.0","+28.0","335,900","698,263","13,300","7,900","0.59","0.00","-","2,053.80","2,052.40","2,088.61","2,106.13","2,104.38","295,900","337,120","460,610"
"2022/12/22","2,012.0","2,041.0","1,998.0","2,033.0","+37.0","353,600","717,737","26,900","15,900","0.59","0.00","-","2,061.60","2,143.92","2,110.03","2,131.69","2,111.10","459,120","454,168","511,608"
"2019/08/29","1,659.0","1,664.0","1,636.0","1,646.0","+16.0","552,200","909,384","13,400","7,900","0.59","0.00","-","1,618.80","1,673.12","1,739.07","1,783.13","1,890.52","557,400","522,272","444,113"
"2019/08/09","1,709.0","1,715.0","1,655.0","1,689.0","+2.0","633,900","1,078,097","25,800","15,200","0.59","0.05","-","1,700.00","1,775.52","1,785.36","1,840.33","1,915.73","513,960","370,728","447,102"
"2019/08/02","1,739.0","1,754.0","1,710.0","1,724.0","-55.0","381,400","658,585","30,000","17,700","0.59","0.05","-","1,782.00","1,794.00","1,801.28","1,856.17","1,923.01","387,800","339,140","441,905"
"2018/03/07","1,940.0","1,960.0","1,924.0","1,931.0","-24.0","907,800","1,757,431","17,800","10,500","0.59","0.00","-","1,960.60","2,015.00","2,088.20","2,091.72","1,984.11","815,520","881,212","785,205"
"2018/01/31","2,190.0","2,206.0","2,161.0","2,161.0","-37.0","1,075,900","2,339,150","35,400","20,900","0.59","0.05","-","2,220.80","2,201.80","2,119.00","2,079.44","1,953.30","778,760","615,232","736,272"
"2016/12/13","2,225.0","2,245.0","2,215.0","2,240.0","+3.0","573,700","1,281,908","48,400","28,600","0.59","0.05","-","2,233.00","2,149.44","2,024.96","2,020.03","2,094.37","813,820","905,000","839,606"
"2015/12/09","2,303.0","2,382.0","2,288.0","2,305.0","-16.0","991,600","2,300,366","71,000","41,600","0.59","0.05","-","2,345.40","2,317.76","2,131.59","2,137.87","1,948.10","835,140","974,272","1,178,444"
"2015/11/18","2,256.0","2,299.0","2,229.0","2,250.0","-2.0","989,200","2,235,988","91,200","54,100","0.59","0.00","-","2,255.00","2,239.32","2,104.76","2,089.20","1,891.49","1,128,360","1,306,652","1,260,684"
"2015/07/22","2,107.0","2,130.0","2,097.0","2,122.0","+15.0","596,100","1,261,566","112,300","65,900","0.59","0.05","-","2,117.20","1,999.96","1,856.13","1,785.35","1,585.77","769,040","965,108","1,049,857"
"2015/06/12","1,912.0","1,921.0","1,889.0","1,906.0","+8.0","1,109,900","2,117,300","121,900","72,100","0.59","0.05","-","1,922.80","1,900.92","1,707.97","1,665.54","1,513.71","1,080,820","1,246,808","1,139,389"
"2015/02/20","1,668.0","1,679.0","1,641.0","1,646.0","-14.0","1,477,800","2,445,711","118,700","70,500","0.59","0.05","-","1,672.60","1,530.88","1,422.00","1,376.67","1,448.00","1,406,460","1,012,000","1,342,588"
"2014/12/30","1,489.0","1,496.0","1,469.0","1,478.0","+11.0","766,100","1,137,581","107,300","63,300","0.59","0.00","-","1,460.00","1,376.88","1,312.25","1,365.88","-","620,660","1,077,712","1,563,576"
"2024/01/09","2,205.5","2,251.0","2,197.5","2,250.5","+49.0","912,400","2,038,057","14,100","8,400","0.60","0.00","-","2,170.30","2,160.20","2,309.23","2,336.32","2,349.31","679,280","674,968","629,861"
"2022/11/11","2,156.0","2,213.0","2,155.0","2,202.0","+74.0","1,117,200","2,452,002","14,800","8,900","0.60","0.00","-","2,117.40","2,078.48","2,127.17","2,117.74","2,136.95","717,520","510,660","569,206"
"2022/05/16","2,030.0","2,065.0","1,946.0","1,954.0","-178.0","2,000,400","3,967,622","39,600","23,700","0.60","0.00","-","2,084.20","2,088.04","2,183.29","2,298.82","2,501.87","1,061,180","746,696","950,138"
"2022/03/28","2,226.0","2,227.0","2,190.0","2,212.0","-8.0","636,900","1,407,404","22,300","13,400","0.60","0.00","-","2,214.80","2,140.56","2,402.03","2,448.20","2,622.13","866,440","1,131,676","860,905"
"2021/07/14","2,714.0","2,769.0","2,710.0","2,744.0","+27.0","602,300","1,655,780","31,300","18,800","0.60","0.05","-","2,686.80","2,861.72","2,820.53","2,768.21","2,457.39","793,800","579,092","660,058"
"2020/03/18","1,320.0","1,490.0","1,310.0","1,425.0","+97.0","1,817,900","2,573,443","57,100","34,500","0.60","0.05","-","1,314.60","1,516.12","1,788.88","1,798.77","1,767.96","1,450,660","921,600","577,902"
"2019/08/28","1,624.0","1,654.0","1,622.0","1,630.0","+14.0","631,600","1,032,169","13,400","8,000","0.60","0.00","-","1,612.40","1,679.64","1,741.20","1,786.93","1,892.34","539,080","511,404","447,445"
"2018/04/11","2,030.0","2,034.0","2,012.0","2,025.0","-11.0","787,800","1,595,557","27,800","16,600","0.60","0.00","-","2,019.20","2,008.04","2,076.49","2,068.38","2,006.17","744,260","795,700","750,924"
"2018/04/03","1,964.0","1,991.0","1,959.0","1,981.0","-3.0","537,400","1,063,933","18,100","10,900","0.60","0.00","-","1,976.40","2,002.40","2,083.72","2,076.38","2,001.36","693,640","792,532","751,306"
"2015/11/25","2,277.0","2,330.0","2,269.0","2,306.0","+16.0","856,600","1,972,607","82,800","50,000","0.60","0.05","-","2,268.00","2,262.00","2,110.51","2,101.85","1,907.47","821,440","1,300,272","1,257,096"
"2015/11/12","2,377.0","2,419.0","2,327.0","2,335.0","-5.0","969,000","2,282,995","81,400","48,900","0.60","0.05","-","2,321.00","2,219.60","2,096.20","2,074.45","1,875.95","947,960","1,340,036","1,247,769"
"2015/02/16","1,623.0","1,659.0","1,595.0","1,647.0","+8.0","1,241,000","2,026,297","124,500","74,200","0.60","0.05","-","1,586.40","1,502.56","1,392.59","1,363.88","1,445.87","1,207,840","945,636","1,329,908"
"2023/02/20","2,174.0","2,209.0","2,167.0","2,199.0","+25.0","502,800","1,103,257","17,800","10,800","0.61","0.05","-","2,138.60","2,123.00","2,111.11","2,096.82","2,104.52","523,560","389,400","423,252"
"2023/01/24","2,128.0","2,150.0","2,118.0","2,138.0","+33.0","300,200","641,462","14,300","8,700","0.61","0.05","-","2,102.40","2,050.32","2,096.55","2,099.65","2,101.70","360,560","342,492","444,153"
"2023/01/23","2,098.0","2,110.0","2,087.0","2,105.0","+39.0","250,200","526,032","14,500","8,800","0.61","0.00","-","2,090.00","2,049.76","2,094.59","2,100.26","2,101.93","367,700","339,720","446,141"
"2023/01/11","2,025.0","2,051.0","2,018.0","2,044.0","+28.0","333,900","680,991","31,400","19,100","0.61","0.00","-","2,024.00","2,060.80","2,091.45","2,113.17","2,107.05","393,540","359,708","474,057"
"2023/01/04","2,019.0","2,029.0","1,989.0","2,010.0","+9.0","502,700","1,012,643","27,500","16,900","0.61","0.00","-","2,012.60","2,083.80","2,098.21","2,119.80","2,109.28","287,820","410,276","485,578"
"2022/12/23","2,029.0","2,038.0","2,011.0","2,020.0","-13.0","176,400","356,726","26,200","16,000","0.61","0.00","-","2,041.60","2,135.84","2,108.83","2,129.98","2,110.89","372,380","445,412","505,041"
"2021/12/17","2,584.0","2,604.0","2,543.0","2,558.0","-24.0","621,800","1,594,174","13,400","8,200","0.61","0.00","-","2,570.80","2,510.44","2,729.69","2,702.54","2,740.87","595,980","614,696","648,848"
"2021/10/20","2,837.0","2,846.0","2,796.0","2,799.0","-45.0","302,600","850,585","14,100","8,600","0.61","0.00","-","2,863.80","2,874.24","2,753.07","2,802.57","2,677.10","380,340","647,160","599,180"
"2021/09/13","2,894.0","2,949.0","2,870.0","2,949.0","+19.0","598,100","1,746,139","15,900","9,700","0.61","0.00","-","2,894.40","2,711.48","2,778.68","2,776.39","2,583.04","744,780","607,576","587,212"
"2021/08/27","2,642.0","2,662.0","2,625.0","2,636.0","-25.0","534,600","1,409,399","12,300","7,500","0.61","0.00","-","2,654.20","2,616.16","2,779.72","2,767.01","2,540.26","541,480","505,564","608,864"
"2017/09/13","1,908.0","1,915.0","1,896.0","1,902.0","-1.0","849,600","1,620,113","42,600","25,900","0.61","0.00","-","1,878.40","1,865.04","1,860.63","1,841.51","1,924.67","798,400","723,700","876,146"
"2017/09/12","1,900.0","1,908.0","1,891.0","1,903.0","+22.0","734,300","1,396,073","42,800","26,200","0.61","0.00","-","1,865.80","1,865.04","1,859.67","1,839.42","1,925.87","779,220","714,388","877,508"
"2017/09/11","1,869.0","1,890.0","1,863.0","1,881.0","+28.0","581,000","1,092,433","43,500","26,600","0.61","0.00","-","1,853.60","1,865.00","1,858.47","1,837.35","1,926.99","712,760","705,580","878,126"
"2015/08/28","2,065.0","2,084.0","2,043.0","2,068.0","+45.0","926,100","1,911,116","36,600","22,400","0.61","0.00","-","1,988.80","2,146.12","2,033.47","1,938.40","1,710.12","1,294,620","1,218,552","1,174,154"
"2015/07/30","2,100.0","2,142.0","2,075.0","2,113.0","+46.0","998,700","2,101,578","93,900","57,700","0.61","0.05","-","2,082.20","2,049.72","1,893.19","1,810.37","1,608.75","940,580","925,744","1,018,048"
"2015/06/25","1,956.0","1,981.0","1,947.0","1,971.0","+38.0","1,212,200","2,387,365","97,600","59,500","0.61","0.05","-","1,905.60","1,940.80","1,735.29","1,703.08","1,528.34","1,077,620","1,192,104","1,105,629"
"2015/04/10","1,650.0","1,664.0","1,634.0","1,647.0","+8.0","1,148,600","1,893,212","72,300","44,000","0.61","0.00","-","1,629.80","1,563.08","1,548.33","1,500.11","1,455.50","1,070,620","1,185,944","1,118,812"
"2015/03/11","1,577.0","1,591.0","1,565.0","1,579.0","+2.0","807,300","1,275,857","115,700","70,000","0.61","0.05","-","1,596.00","1,622.32","1,485.73","1,418.38","1,451.15","1,043,280","1,234,896","1,124,221"
"2015/02/04","1,451.0","1,484.0","1,445.0","1,476.0","+46.0","895,500","1,316,906","121,500","73,600","0.61","0.00","-","1,458.60","1,477.36","1,352.93","1,352.31","1,444.21","833,160","892,336","1,450,753"
"2015/01/08","1,498.0","1,520.0","1,493.0","1,509.0","+39.0","1,184,000","1,787,243","111,900","68,000","0.61","0.00","-","1,483.40","1,406.44","1,317.65","1,365.28","-","1,045,720","1,033,576","1,571,160"
"2023/03/17","2,173.0","2,182.0","2,150.0","2,159.0","-6.0","947,200","2,048,004","10,500","6,500","0.62","0.00","-","2,182.20","2,209.64","2,131.35","2,133.43","2,123.86","538,500","623,932","444,486"
"2023/01/10","2,031.0","2,042.0","2,012.0","2,016.0","-9.0","349,700","706,733","31,300","19,400","0.62","0.00","-","2,015.40","2,063.56","2,092.92","2,114.96","2,107.57","381,020","370,948","478,952"
"2022/12/26","2,067.0","2,067.0","2,008.0","2,020.0","0.0","237,800","482,812","26,600","16,400","0.62","0.00","-","2,023.20","2,127.32","2,107.41","2,128.44","2,110.49","356,320","436,004","501,777"
"2022/11/29","2,213.0","2,218.0","2,185.0","2,191.0","-34.0","369,800","812,877","19,900","12,300","0.62","0.05","-","2,226.60","2,144.16","2,131.81","2,135.81","2,126.07","405,100","518,436","559,190"
"2021/10/07","2,740.0","2,765.0","2,718.0","2,726.0","-14.0","670,600","1,835,371","15,700","9,800","0.62","0.00","-","2,760.80","2,878.76","2,763.59","2,807.57","2,645.55","584,640","697,568","609,162"
"2018/03/16","2,106.0","2,116.0","2,079.0","2,086.0","-12.0","641,400","1,340,543","19,800","12,300","0.62","0.00","-","2,064.40","1,990.32","2,093.64","2,090.37","1,993.24","828,320","889,748","760,617"
"2018/02/05","2,150.0","2,158.0","2,128.0","2,140.0","-39.0","698,100","1,494,529","35,700","22,300","0.62","0.05","-","2,171.40","2,206.56","2,123.51","2,089.00","1,960.40","737,880","647,284","738,504"
"2017/09/15","1,900.0","1,924.0","1,881.0","1,922.0","+17.0","1,129,700","2,156,501","55,400","34,100","0.62","0.00","-","1,902.60","1,870.76","1,862.87","1,845.96","1,921.77","782,060","696,052","865,090"
"2016/12/30","2,206.0","2,229.0","2,188.0","2,217.0","-10.0","413,200","913,411","30,700","19,000","0.62","0.00","-","2,232.80","2,232.44","2,075.73","2,040.30","2,103.04","420,320","733,068","825,664"
"2015/10/23","2,260.0","2,269.0","2,225.0","2,250.0","+52.0","806,500","1,812,025","55,300","34,400","0.62","0.00","-","2,184.20","2,011.40","2,059.21","2,028.21","1,824.02","839,000","1,068,468","1,122,001"
"2014/11/14","1,362.0","1,496.0","1,361.0","1,486.0","+116.0","5,469,600","7,839,606","77,400","47,700","0.62","0.00","-","1,339.80","1,212.52","1,374.33","1,409.53","-","3,233,480","2,237,812","1,450,620"
"2024/02/13","2,153.5","2,153.5","2,046.0","2,091.0","-30.0","1,777,300","3,720,897","25,200","15,800","0.63","0.00","-","2,128.10","2,246.02","2,242.50","2,296.87","2,358.65","1,168,100","846,308","726,453"
"2023/03/16","2,145.0","2,170.0","2,130.0","2,165.0","-30.0","382,200","824,543","10,800","6,800","0.63","0.05","-","2,207.20","2,208.88","2,132.23","2,132.86","2,123.15","511,240","598,596","436,417"
"2022/12/21","2,047.0","2,047.0","1,990.0","1,996.0","-51.0","572,500","1,147,916","26,200","16,400","0.63","0.00","-","2,079.80","2,150.72","2,111.12","2,133.15","2,111.63","434,580","460,484","517,137"
"2022/08/19","2,247.0","2,260.0","2,239.0","2,241.0","+1.0","488,300","1,095,870","15,600","9,800","0.63","0.05","-","2,234.00","2,183.68","2,098.96","2,102.87","2,281.44","637,600","609,792","691,465"
"2022/07/25","2,189.0","2,202.0","2,182.0","2,194.0","+15.0","469,000","1,027,981","18,000","11,300","0.63","0.00","-","2,166.00","2,097.60","2,072.57","2,089.39","2,336.53","479,020","530,684","695,801"
"2022/05/30","2,071.0","2,081.0","2,040.0","2,040.0","-25.0","918,500","1,879,076","19,900","12,600","0.63","0.00","-","2,009.40","2,048.32","2,130.41","2,241.40","2,469.25","899,280","829,244","940,306"
"2019/08/19","1,588.0","1,595.0","1,579.0","1,587.0","+19.0","371,900","590,974","27,900","17,600","0.63","0.05","-","1,575.60","1,730.08","1,763.17","1,816.65","1,905.66","668,340","437,096","468,909"
"2018/03/23","1,984.0","2,007.0","1,949.0","1,958.0","-84.0","825,000","1,626,452","14,600","9,200","0.63","0.00","-","2,041.40","2,002.28","2,092.75","2,088.30","1,997.34","724,360","825,664","746,502"
"2018/02/01","2,170.0","2,184.0","2,159.0","2,179.0","+18.0","590,200","1,283,341","36,400","22,900","0.63","0.05","-","2,204.60","2,203.96","2,120.67","2,082.62","1,955.75","734,800","620,076","735,488"
"2017/10/05","2,009.0","2,024.0","2,002.0","2,015.0","+7.0","383,300","771,707","57,700","36,600","0.63","0.00","-","2,010.20","1,949.32","1,890.43","1,874.29","1,908.36","551,440","733,860","779,756"
"2016/05/17","2,330.0","2,344.0","2,299.0","2,313.0","-17.0","718,300","1,665,649","70,500","44,400","0.63","0.00","-","2,229.00","2,151.20","2,121.07","2,116.64","2,129.57","860,540","772,332","840,586"
"2015/12/18","2,324.0","2,398.0","2,295.0","2,305.0","-41.0","963,600","2,239,062","74,700","47,200","0.63","0.05","-","2,272.80","2,305.04","2,148.65","2,148.41","1,969.08","786,460","888,928","1,137,484"
"2015/10/15","2,077.0","2,152.0","2,060.0","2,150.0","+80.0","772,900","1,646,243","52,300","32,900","0.63","0.05","-","2,136.20","1,941.48","2,043.37","2,017.73","1,802.24","1,291,840","1,225,400","1,129,852"
"2015/07/24","2,118.0","2,152.0","2,098.0","2,107.0","+4.0","956,900","2,028,511","108,400","68,300","0.63","0.05","-","2,114.60","2,019.84","1,869.16","1,794.25","1,593.26","743,100","942,940","1,024,161"
"2015/04/22","1,674.0","1,694.0","1,668.0","1,690.0","+16.0","786,200","1,322,679","102,000","63,800","0.63","0.05","-","1,670.00","1,593.32","1,569.69","1,523.39","1,461.32","937,200","1,108,048","1,103,106"
"2015/03/12","1,592.0","1,600.0","1,581.0","1,595.0","+16.0","624,900","995,443","115,200","72,700","0.63","0.05","-","1,592.20","1,627.08","1,488.72","1,421.47","1,451.17","821,620","1,224,072","1,107,436"
"2015/03/03","1,700.0","1,703.0","1,691.0","1,700.0","+10.0","1,390,300","2,362,217","120,800","76,200","0.63","0.05","-","1,675.20","1,588.56","1,464.76","1,399.45","1,451.59","1,352,240","1,202,088","1,285,552"
"2015/02/13","1,618.0","1,672.0","1,590.0","1,639.0","+91.0","1,794,300","2,929,890","123,700","77,600","0.63","0.05","-","1,565.20","1,497.04","1,385.85","1,360.85","1,445.58","1,140,040","943,356","1,350,474"
"2015/02/03","1,444.0","1,457.0","1,421.0","1,430.0","-14.0","774,400","1,111,591","119,000","74,400","0.63","0.00","-","1,465.00","1,476.36","1,350.40","1,352.20","1,443.91","832,280","872,848","1,454,496"
"2015/02/02","1,458.0","1,458.0","1,433.0","1,444.0","-33.0","817,600","1,180,545","132,100","83,200","0.63","0.00","-","1,478.80","1,477.08","1,348.68","1,353.01","1,443.93","900,420","872,460","1,475,256"
"2022/05/12","2,093.0","2,141.0","2,087.0","2,108.0","-8.0","929,200","1,968,119","10,000","6,400","0.64","0.00","-","2,111.00","2,097.76","2,198.41","2,309.37","2,508.80","723,960","688,784","933,850"
"2022/02/25","2,110.0","2,145.0","2,076.0","2,136.0","+36.0","965,700","2,052,316","22,100","14,200","0.64","0.00","-","2,164.40","2,339.36","2,505.41","2,583.67","2,693.12","1,183,020","1,003,344","727,137"
"2022/02/21","2,172.0","2,195.0","2,148.0","2,194.0","+6.0","601,800","1,311,791","31,800","20,200","0.64","0.00","-","2,209.80","2,404.60","2,534.37","2,608.75","2,700.56","1,367,520","912,008","694,089"
"2018/03/13","1,999.0","2,044.0","1,998.0","2,043.0","+27.0","689,700","1,399,297","17,400","11,200","0.64","0.00","-","1,980.40","1,987.48","2,089.84","2,089.50","1,989.20","763,920","884,436","770,105"
"2018/02/02","2,168.0","2,185.0","2,163.0","2,179.0","0.0","467,000","1,015,994","36,300","23,300","0.64","0.05","-","2,192.40","2,206.16","2,122.43","2,085.99","1,958.15","679,900","630,700","736,145"
"2017/09/28","2,010.0","2,018.0","1,998.0","2,015.0","+16.0","767,500","1,542,384","73,400","46,900","0.64","0.00","-","2,032.60","1,920.88","1,879.28","1,865.61","1,914.03","673,940","725,172","822,684"
"2015/11/17","2,259.0","2,271.0","2,231.0","2,252.0","+21.0","679,900","1,530,966","80,600","51,400","0.64","0.00","-","2,273.00","2,236.60","2,102.32","2,085.72","1,887.74","1,171,840","1,306,580","1,257,653"
"2015/10/16","2,153.0","2,178.0","2,123.0","2,138.0","-12.0","853,100","1,832,150","53,700","34,600","0.64","0.00","-","2,136.20","1,951.56","2,045.28","2,019.01","1,805.81","1,016,440","1,229,352","1,122,793"
"2015/07/23","2,113.0","2,117.0","2,045.0","2,103.0","-19.0","830,400","1,729,615","104,600","66,700","0.64","0.05","-","2,118.20","2,009.20","1,862.95","1,789.75","1,589.59","741,240","949,236","1,035,758"
"2015/06/04","1,908.0","1,941.0","1,897.0","1,933.0","+27.0","1,795,500","3,454,352","131,700","84,200","0.64","0.05","-","1,987.80","1,832.96","1,687.43","1,639.83","1,502.25","1,528,360","1,134,564","1,162,669"
"2015/01/28","1,469.0","1,513.0","1,450.0","1,508.0","+9.0","891,100","1,329,707","133,000","85,000","0.64","0.05","-","1,467.80","1,471.56","1,342.72","1,354.29","1,444.88","996,560","979,432","1,536,506"
"2023/08/24","2,340.5","2,340.5","2,314.0","2,321.5","-18.0","415,900","966,960","4,600","3,000","0.65","0.00","-","2,319.40","2,417.60","2,423.87","2,382.47","2,260.37","403,900","429,808","507,217"
"2022/12/06","2,093.0","2,124.0","2,089.0","2,120.0","+26.0","442,300","935,734","20,600","13,300","0.65","0.05","-","2,141.60","2,154.76","2,127.79","2,137.62","2,118.77","629,760","537,652","535,782"
"2022/04/22","2,104.0","2,120.0","2,102.0","2,111.0","-2.0","486,100","1,026,377","15,200","9,900","0.65","0.00","-","2,102.60","2,133.60","2,284.16","2,345.16","2,541.72","446,200","801,236","910,141"
"2020/03/05","1,535.0","1,542.0","1,518.0","1,528.0","+12.0","439,900","672,200","17,500","11,400","0.65","0.00","-","1,499.00","1,694.52","1,846.88","1,830.92","1,786.87","764,340","627,440","513,836"
"2018/01/30","2,237.0","2,242.0","2,188.0","2,198.0","-47.0","858,200","1,889,637","34,700","22,500","0.65","0.05","-","2,242.00","2,199.68","2,117.29","2,076.71","1,950.77","722,580","588,008","728,864"
"2018/01/26","2,241.0","2,261.0","2,237.0","2,240.0","-20.0","741,500","1,664,590","31,100","20,200","0.65","0.00","-","2,247.00","2,189.28","2,111.72","2,069.71","1,945.03","671,360","598,792","722,742"
"2018/01/11","2,220.0","2,248.0","2,216.0","2,241.0","+6.0","717,800","1,601,890","43,700","28,600","0.65","0.00","-","2,206.00","2,124.84","2,080.57","2,029.54","1,919.55","744,920","663,956","743,564"
"2016/12/19","2,268.0","2,280.0","2,260.0","2,264.0","-7.0","777,400","1,763,948","35,400","22,900","0.65","0.05","-","2,248.60","2,197.84","2,044.37","2,025.18","2,098.31","797,220","882,644","842,037"
"2016/06/13","2,263.0","2,263.0","2,199.0","2,210.0","-78.0","499,400","1,106,738","54,700","35,300","0.65","0.05","-","2,277.80","2,299.32","2,190.97","2,147.33","2,147.65","762,060","796,752","779,730"
"2015/11/19","2,280.0","2,280.0","2,225.0","2,228.0","-22.0","682,400","1,531,759","70,800","45,900","0.65","0.05","-","2,233.60","2,245.64","2,106.29","2,092.15","1,895.09","1,071,040","1,288,016","1,256,466"
"2015/07/21","2,150.0","2,153.0","2,082.0","2,107.0","-27.0","799,900","1,683,549","108,700","71,100","0.65","0.05","-","2,119.80","1,990.28","1,848.12","1,780.79","1,581.95","850,500","997,868","1,064,881"
"2015/02/24","1,672.0","1,690.0","1,672.0","1,684.0","+16.0","2,448,000","4,117,782","122,400","79,600","0.65","0.05","-","1,670.60","1,545.88","1,436.04","1,383.11","1,449.43","1,511,520","1,097,208","1,324,414"
"2023/03/06","2,301.0","2,307.0","2,279.0","2,289.0","-10.0","345,800","792,645","42,300","27,800","0.66","0.05","-","2,290.00","2,177.32","2,130.93","2,119.04","2,111.99","576,380","508,964","425,062"
"2023/01/25","2,127.0","2,155.0","2,122.0","2,142.0","+4.0","190,300","407,840","13,600","9,000","0.66","0.00","-","2,107.20","2,051.20","2,097.59","2,099.07","2,101.84","298,720","325,700","438,224"
"2022/12/30","2,011.0","2,025.0","1,992.0","2,001.0","-4.0","271,300","543,073","30,500","20,000","0.66","0.00","-","2,014.60","2,092.40","2,100.29","2,121.72","2,109.87","234,840","403,848","483,488"
"2021/11/10","2,569.0","2,608.0","2,542.0","2,608.0","+41.0","765,300","1,976,475","19,300","12,700","0.66","0.00","-","2,758.20","2,805.60","2,767.49","2,778.15","2,724.23","834,680","599,732","609,520"
"2018/03/12","1,998.0","2,020.0","1,995.0","2,016.0","+56.0","677,600","1,362,056","17,500","11,500","0.66","0.00","-","1,962.80","1,991.36","2,088.72","2,089.66","1,987.94","765,040","884,772","768,881"
"2016/12/02","2,213.0","2,236.0","2,204.0","2,217.0","-3.0","816,200","1,810,082","14,800","9,800","0.66","0.00","-","2,223.60","2,091.36","1,994.73","2,010.39","2,085.23","841,480","945,732","899,937"
"2015/07/17","2,131.0","2,150.0","2,108.0","2,134.0","+9.0","532,200","1,135,495","110,500","72,600","0.66","0.05","-","2,125.40","1,982.32","1,840.00","1,776.56","1,578.18","949,640","1,011,292","1,067,620"
"2015/04/28","1,677.0","1,691.0","1,666.0","1,679.0","+13.0","620,400","1,041,610","104,500","68,800","0.66","0.05","-","1,679.40","1,615.44","1,579.63","1,538.03","1,464.31","682,000","1,007,656","1,077,422"
"2022/12/27","2,029.0","2,031.0","2,010.0","2,022.0","+2.0","140,600","283,799","26,400","17,800","0.67","0.00","-","2,018.20","2,119.84","2,106.13","2,126.48","2,110.22","296,180","424,564","498,962"
"2021/08/30","2,686.0","2,720.0","2,669.0","2,719.0","+83.0","525,300","1,420,093","9,100","6,100","0.67","0.00","-","2,668.60","2,621.08","2,781.17","2,767.03","2,544.21","500,400","505,172","605,610"
"2021/07/26","2,658.0","2,664.0","2,626.0","2,626.0","+30.0","504,500","1,331,551","25,100","16,800","0.67","0.00","-","2,633.00","2,784.12","2,814.27","2,781.33","2,471.88","485,580","587,012","652,521"
"2017/08/21","1,865.0","1,914.0","1,865.0","1,900.0","+49.0","1,035,700","1,967,432","49,300","32,800","0.67","0.00","-","1,865.80","1,858.32","1,845.21","1,812.11","1,939.36","751,140","762,580","1,025,405"
"2016/04/22","2,217.0","2,246.0","2,202.0","2,244.0","+21.0","809,000","1,802,959","83,300","55,400","0.67","0.00","-","2,161.40","2,159.40","2,088.96","2,138.74","2,122.36","687,480","718,848","883,180"
"2016/04/05","2,111.0","2,131.0","2,080.0","2,086.0","-31.0","646,000","1,355,616","90,200","60,000","0.67","0.00","-","2,148.80","2,157.60","2,106.93","2,158.39","2,107.60","666,780","769,316","883,346"
"2015/12/11","2,230.0","2,272.0","2,228.0","2,248.0","-18.0","911,500","2,041,152","67,500","45,100","0.67","0.00","-","2,295.20","2,314.68","2,130.65","2,140.68","1,953.90","836,280","921,228","1,177,089"
"2015/09/30","1,860.0","1,898.0","1,837.0","1,863.0","+38.0","844,900","1,579,384","30,800","20,500","0.67","0.00","-","1,874.80","1,925.60","2,023.36","1,990.16","1,768.00","1,128,020","1,267,436","1,136,694"
"2015/08/07","2,039.0","2,068.0","2,016.0","2,037.0","-13.0","1,442,000","2,942,792","76,900","51,200","0.67","0.05","-","2,124.00","2,088.64","1,931.44","1,842.67","1,634.01","1,108,840","938,628","1,031,814"
"2024/02/15","1,963.0","1,967.5","1,873.5","1,876.0","-72.5","1,650,600","3,141,396","17,800","12,100","0.68","-","-","2,039.70","2,217.34","2,231.94","2,282.12","2,354.96","1,562,760","940,644","769,962"
"2022/11/14","2,241.0","2,265.0","2,201.0","2,201.0","-1.0","680,800","1,513,645","16,000","10,900","0.68","0.05","-","2,144.80","2,083.36","2,127.27","2,119.85","2,134.84","775,580","518,956","572,030"
"2022/08/16","2,225.0","2,228.0","2,191.0","2,196.0","-35.0","794,400","1,752,537","19,800","13,500","0.68","0.05","-","2,202.00","2,167.12","2,091.99","2,101.86","2,290.03","980,880","592,196","705,825"
"2022/05/18","1,937.0","1,964.0","1,924.0","1,949.0","+35.0","958,700","1,865,841","32,000","21,600","0.68","0.00","-","2,011.40","2,074.64","2,170.59","2,285.84","2,494.40","1,195,880","745,840","939,574"
"2022/03/14","2,113.0","2,156.0","2,112.0","2,141.0","+36.0","866,700","1,856,868","27,000","18,400","0.68","0.00","-","2,087.20","2,203.28","2,428.37","2,506.17","2,655.63","1,080,680","1,157,744","818,668"
"2022/01/24","2,334.0","2,377.0","2,202.0","2,292.0","-232.0","2,369,500","5,395,350","14,300","9,700","0.68","-","-","2,550.20","2,631.60","2,651.51","2,707.32","2,737.37","1,029,800","586,616","604,490"
"2021/07/19","2,664.0","2,698.0","2,650.0","2,653.0","-51.0","440,400","1,172,042","28,000","18,900","0.68","0.05","-","2,709.20","2,824.96","2,818.49","2,776.50","2,465.40","526,500","579,276","652,920"
"2019/08/07","1,708.0","1,738.0","1,704.0","1,716.0","+16.0","497,600","856,674","20,700","14,000","0.68","0.05","-","1,725.40","1,784.80","1,792.05","1,847.23","1,918.62","406,080","341,976","440,133"
"2018/08/10","2,012.0","2,047.0","1,950.0","1,990.0","-150.0","1,802,100","3,585,513","24,800","16,800","0.68","0.00","-","2,106.80","2,189.04","2,155.55","2,121.93","2,106.15","793,780","585,040","653,745"
"2016/06/07","2,262.0","2,314.0","2,254.0","2,297.0","+50.0","951,700","2,180,904","84,000","57,100","0.68","0.05","-","2,263.80","2,264.60","2,177.55","2,135.68","2,146.95","719,800","819,040","794,613"
"2016/05/31","2,340.0","2,340.0","2,298.0","2,322.0","-46.0","978,900","2,269,817","88,000","59,500","0.68","0.00","-","2,355.00","2,253.96","2,155.77","2,128.63","2,143.05","673,860","823,380","821,829"
"2015/10/14","2,167.0","2,171.0","2,058.0","2,070.0","-112.0","1,148,300","2,405,335","54,800","37,000","0.68","0.00","-","2,103.40","1,932.28","2,040.99","2,015.98","1,798.33","1,331,140","1,228,452","1,135,709"
"2015/07/28","2,026.0","2,071.0","2,005.0","2,063.0","+2.0","888,000","1,805,495","84,200","57,300","0.68","0.05","-","2,091.20","2,035.92","1,881.12","1,801.59","1,600.52","873,760","922,532","1,027,378"
"2015/07/16","2,104.0","2,127.0","2,076.0","2,125.0","+27.0","947,600","2,002,631","106,000","72,400","0.68","0.05","-","2,110.80","1,973.20","1,831.60","1,771.90","1,574.29","1,099,100","1,034,400","1,071,252"
"2015/06/29","1,954.0","1,959.0","1,918.0","1,926.0","-69.0","856,800","1,657,895","95,300","64,900","0.68","0.05","-","1,945.40","1,938.60","1,745.32","1,713.08","1,533.05","1,026,360","1,177,456","1,113,001"
"2015/05/12","1,659.0","1,695.0","1,659.0","1,695.0","+39.0","472,800","797,119","118,600","80,600","0.68","0.05","-","1,651.40","1,650.04","1,591.84","1,554.19","1,468.52","563,980","877,260","1,065,022"
"2015/04/23","1,700.0","1,718.0","1,688.0","1,693.0","+3.0","516,400","876,471","106,700","72,600","0.68","0.05","-","1,671.20","1,599.76","1,572.80","1,527.21","1,462.09","764,420","1,055,796","1,095,073"
"2015/03/02","1,657.0","1,702.0","1,657.0","1,690.0","+33.0","1,598,200","2,701,505","114,000","77,700","0.68","0.05","-","1,672.00","1,578.84","1,458.77","1,395.74","1,451.18","1,563,780","1,184,736","1,280,492"
"2015/02/26","1,651.0","1,670.0","1,636.0","1,663.0","-3.0","1,072,500","1,770,384","116,000","78,900","0.68","0.05","-","1,665.40","1,559.96","1,447.37","1,389.42","1,450.29","1,521,600","1,151,816","1,284,918"
"2015/02/25","1,688.0","1,706.0","1,661.0","1,666.0","-18.0","1,455,300","2,439,204","115,700","78,400","0.68","0.05","-","1,664.80","1,552.48","1,441.87","1,386.19","1,449.90","1,547,360","1,138,212","1,312,472"
"2021/12/16","2,603.0","2,612.0","2,561.0","2,582.0","-12.0","496,300","1,279,959","11,800","8,100","0.69","-","-","2,576.80","2,509.20","2,731.84","2,702.92","2,740.54","606,060","619,688","647,561"
"2015/12/25","2,230.0","2,247.0","2,203.0","2,239.0","0.0","279,500","623,497","61,200","42,500","0.69","0.00","-","2,268.40","2,308.92","2,159.67","2,155.80","1,980.59","511,180","765,708","1,095,896"
"2015/09/15","1,937.0","1,940.0","1,878.0","1,878.0","-59.0","1,263,800","2,397,341","46,000","31,900","0.69","0.00","-","1,897.20","2,063.68","2,031.72","1,973.82","1,746.71","1,561,960","1,340,240","1,148,558"
"2015/04/21","1,660.0","1,681.0","1,652.0","1,674.0","+35.0","783,400","1,313,401","96,500","66,500","0.69","0.05","-","1,660.00","1,585.92","1,567.16","1,519.59","1,460.56","981,480","1,144,696","1,112,918"
"2014/12/29","1,486.0","1,497.0","1,444.0","1,467.0","+11.0","700,000","1,032,263","97,300","67,100","0.69","0.00","-","1,455.60","1,369.44","1,311.44","1,366.44","-","786,220","1,133,492","1,561,596"
"2014/10/31","1,159.0","1,237.0","1,144.0","1,229.0","+77.0","2,351,000","2,794,065","140,700","96,600","0.69","0.00","-","1,159.60","1,219.16","1,399.83","1,425.38","-","1,892,940","1,854,236","1,188,232"
"2022/12/13","2,114.0","2,121.0","2,094.0","2,094.0","-7.0","367,400","772,238","13,900","9,700","0.70","0.00","-","2,107.00","2,166.52","2,118.61","2,138.14","2,113.73","389,680","532,408","525,270"
"2022/07/19","2,090.0","2,135.0","2,089.0","2,128.0","+66.0","523,300","1,110,853","12,400","8,700","0.70","0.00","-","2,093.60","2,070.88","2,071.05","2,088.71","2,352.96","465,140","584,432","721,980"
"2022/03/01","2,135.0","2,158.0","2,103.0","2,139.0","+16.0","1,515,300","3,241,548","20,700","14,400","0.70","0.00","-","2,140.40","2,304.96","2,485.93","2,569.59","2,687.21","1,496,900","1,086,248","760,133"
"2021/08/20","2,495.0","2,563.0","2,495.0","2,518.0","+12.0","617,100","1,558,744","9,100","6,400","0.70","-","-","2,566.80","2,621.92","2,784.65","2,770.94","2,522.29","448,960","499,628","615,206"
"2021/07/16","2,716.0","2,751.0","2,704.0","2,704.0","-24.0","497,100","1,352,403","24,600","17,100","0.70","0.00","-","2,712.60","2,837.00","2,819.68","2,774.46","2,462.92","568,960","575,900","654,100"
"2018/04/10","2,009.0","2,043.0","2,005.0","2,036.0","+20.0","678,400","1,375,418","27,800","19,500","0.70","0.00","-","2,005.20","2,005.24","2,077.27","2,067.42","2,005.23","802,700","792,000","752,845"
"2017/01/06","2,264.0","2,296.0","2,260.0","2,289.0","+13.0","512,000","1,169,730","37,700","26,300","0.70","0.05","-","2,257.20","2,238.28","2,090.09","2,049.56","2,105.85","681,440","729,144","830,792"
"2017/01/04","2,245.0","2,284.0","2,244.0","2,277.0","+60.0","1,211,800","2,747,072","35,500","25,000","0.70","0.05","-","2,239.60","2,234.20","2,080.21","2,043.33","2,103.98","567,080","731,216","832,781"
"2016/04/21","2,197.0","2,227.0","2,190.0","2,223.0","+95.0","646,000","1,428,544","76,300","53,600","0.70","0.00","-","2,144.40","2,157.36","2,088.04","2,139.93","2,120.89","608,460","716,784","884,036"
"2015/10/20","2,195.0","2,215.0","2,118.0","2,126.0","-39.0","1,240,000","2,681,929","51,200","36,000","0.70","0.00","-","2,129.80","1,975.40","2,050.81","2,022.51","1,812.74","903,500","1,172,568","1,120,165"
"2015/04/27","1,680.0","1,682.0","1,656.0","1,666.0","-3.0","560,000","932,927","98,500","69,100","0.70","0.05","-","1,678.40","1,608.76","1,577.55","1,534.77","1,463.47","714,600","1,037,740","1,090,613"
"2015/04/07","1,645.0","1,658.0","1,607.0","1,616.0","+5.0","1,163,800","1,898,989","70,400","49,300","0.70","0.00","-","1,596.20","1,563.00","1,536.37","1,489.32","1,453.01","1,436,300","1,185,704","1,121,096"
"2015/03/05","1,658.0","1,676.0","1,600.0","1,614.0","-74.0","1,733,200","2,817,615","94,000","65,900","0.70","0.00","-","1,669.80","1,600.36","1,475.20","1,407.13","1,451.98","1,369,380","1,226,380","1,295,302"
"2015/01/21","1,492.0","1,492.0","1,451.0","1,476.0","-25.0","732,400","1,077,943","105,600","73,800","0.70","0.00","-","1,488.60","1,446.96","1,332.57","1,359.43","1,445.18","672,660","979,164","1,555,232"
"2015/01/14","1,512.0","1,525.0","1,486.0","1,487.0","-22.0","807,000","1,209,876","111,400","78,000","0.70","0.00","-","1,499.60","1,424.52","1,323.56","1,363.94","-","1,045,040","1,041,484","1,569,885"
"2015/01/13","1,501.0","1,520.0","1,473.0","1,509.0","-14.0","987,000","1,482,387","115,300","80,200","0.70","0.00","-","1,494.20","1,419.64","1,322.03","1,364.56","-","1,107,420","1,049,624","1,577,338"
"2023/08/21","2,340.0","2,343.0","2,308.0","2,317.5","+11.0","485,900","1,128,961","4,500","3,200","0.71","0.00","-","2,323.50","2,433.72","2,426.91","2,377.38","2,256.25","555,080","424,844","511,293"
"2022/12/05","2,123.0","2,123.0","2,080.0","2,094.0","-19.0","347,100","726,933","19,900","14,200","0.71","0.00","-","2,155.80","2,152.40","2,128.80","2,137.54","2,120.41","615,260","575,912","540,477"
"2021/07/27","2,640.0","2,644.0","2,603.0","2,607.0","-19.0","443,300","1,158,953","24,900","17,700","0.71","0.00","-","2,613.60","2,770.68","2,812.24","2,782.15","2,474.30","474,820","564,272","655,278"
"2019/08/27","1,610.0","1,629.0","1,610.0","1,616.0","+24.0","693,200","1,122,440","15,000","10,700","0.71","0.00","-","1,607.00","1,686.16","1,743.75","1,790.68","1,894.17","504,020","494,792","452,580"
"2018/03/09","1,953.0","1,986.0","1,943.0","1,960.0","+8.0","975,000","1,913,980","16,400","11,600","0.71","0.00","-","1,948.60","1,997.88","2,088.24","2,089.97","1,986.45","751,420","876,348","772,305"
"2016/04/27","2,167.0","2,188.0","2,153.0","2,166.0","-20.0","728,000","1,577,048","82,300","58,300","0.71","0.00","-","2,210.60","2,160.72","2,092.71","2,132.62","2,125.29","741,500","718,936","866,449"
"2015/07/29","2,063.0","2,095.0","2,048.0","2,067.0","+4.0","761,900","1,575,863","90,700","64,100","0.71","0.05","-","2,080.20","2,042.52","1,886.87","1,805.38","1,604.54","906,920","922,792","1,021,621"
"2015/02/27","1,663.0","1,688.0","1,644.0","1,657.0","-6.0","1,244,900","2,070,611","111,000","78,800","0.71","0.05","-","1,667.60","1,568.40","1,452.61","1,392.26","1,450.66","1,475,020","1,174,160","1,279,470"
"2015/01/22","1,478.0","1,480.0","1,431.0","1,446.0","-30.0","686,300","989,072","103,200","73,600","0.71","0.00","-","1,480.00","1,449.88","1,333.55","1,358.10","1,445.46","664,220","954,808","1,549,504"
"2015/01/19","1,503.0","1,514.0","1,488.0","1,493.0","+9.0","592,600","887,756","107,300","75,700","0.71","0.00","-","1,492.40","1,435.88","1,328.85","1,360.88","1,443.87","798,940","1,003,536","1,561,198"
"2015/01/15","1,485.0","1,496.0","1,466.0","1,489.0","+2.0","728,500","1,083,561","111,400","79,300","0.71","0.00","-","1,503.40","1,428.60","1,325.27","1,363.34","1,442.24","1,063,240","1,003,220","1,561,388"
"2014/04/17","1,561.0","1,605.0","1,542.0","1,601.0","+58.0","1,326,100","2,102,257","112,200","79,900","0.71","0.00","-","1,489.60","-","-","-","-","907,360","-","-"
"2021/12/23","2,554.0","2,576.0","2,540.0","2,572.0","+33.0","221,400","567,567","14,100","10,200","0.72","0.00","-","2,532.00","2,504.04","2,716.37","2,698.76","2,741.47","372,000","580,968","624,564"
"2019/08/20","1,582.0","1,605.0","1,582.0","1,605.0","+18.0","838,200","1,340,890","26,400","19,000","0.72","0.00","-","1,575.60","1,722.08","1,759.24","1,812.11","1,903.74","581,840","461,476","473,754"
"2018/04/12","2,013.0","2,033.0","2,009.0","2,020.0","-5.0","329,600","666,459","27,900","20,200","0.72","0.00","-","2,022.80","2,011.60","2,075.43","2,069.05","2,007.16","634,700","772,572","747,264"
"2015/12/16","2,231.0","2,290.0","2,229.0","2,272.0","+57.0","727,700","1,650,556","63,700","45,700","0.72","0.00","-","2,245.40","2,306.00","2,139.85","2,144.15","1,962.47","806,360","912,324","1,148,934"
"2015/10/22","2,166.0","2,230.0","2,147.0","2,198.0","+16.0","689,500","1,518,936","57,500","41,200","0.72","0.00","-","2,161.80","1,998.88","2,056.13","2,026.02","1,820.11","848,320","1,069,580","1,118,664"
"2015/06/16","1,897.0","1,915.0","1,879.0","1,880.0","-28.0","1,415,100","2,680,246","103,300","74,600","0.72","0.05","-","1,899.60","1,918.40","1,713.81","1,673.48","1,516.94","1,107,280","1,307,204","1,121,353"
"2015/04/20","1,648.0","1,669.0","1,629.0","1,639.0","-21.0","741,700","1,223,817","93,200","66,700","0.72","0.05","-","1,654.60","1,580.00","1,564.55","1,515.77","1,459.80","912,580","1,163,768","1,112,688"
"2015/03/09","1,606.0","1,612.0","1,583.0","1,592.0","-26.0","927,500","1,476,567","106,400","76,500","0.72","0.00","-","1,642.40","1,611.04","1,482.08","1,412.58","1,451.42","1,184,160","1,235,928","1,203,321"
"2015/01/20","1,497.0","1,512.0","1,489.0","1,501.0","+8.0","430,200","646,214","106,100","76,300","0.72","0.00","-","1,490.80","1,441.24","1,330.76","1,360.39","1,444.65","687,580","983,372","1,551,146"
"2023/08/22","2,315.0","2,325.5","2,270.0","2,312.0","-5.5","363,900","836,669","4,000","2,900","0.73","0.00","-","2,318.60","2,428.42","2,425.97","2,379.19","2,257.51","523,580","427,320","510,240"
"2022/09/15","2,138.0","2,164.0","2,125.0","2,143.0","+7.0","579,000","1,238,685","13,500","9,900","0.73","0.00","-","2,161.60","2,181.08","2,132.97","2,111.02","2,231.66","521,140","597,500","602,228"
"2021/07/21","2,628.0","2,653.0","2,590.0","2,596.0","+10.0","535,100","1,397,058","24,300","17,700","0.73","0.00","-","2,653.40","2,795.60","2,815.68","2,779.19","2,469.37","498,360","582,920","649,554"
"2020/03/04","1,495.0","1,533.0","1,490.0","1,516.0","+16.0","618,400","936,940","16,100","11,700","0.73","0.00","-","1,496.60","1,709.00","1,850.89","1,832.87","1,788.36","779,720","625,552","519,354"
"2019/08/08","1,710.0","1,719.0","1,685.0","1,687.0","-29.0","662,800","1,124,106","26,000","18,900","0.73","0.00","-","1,707.00","1,780.32","1,788.67","1,843.84","1,917.09","463,460","353,544","443,414"
"2018/05/16","2,041.0","2,128.0","2,037.0","2,114.0","+23.0","2,236,000","4,682,803","28,800","21,100","0.73","0.00","-","2,108.20","2,094.20","2,051.55","2,082.84","2,033.52","951,220","634,684","769,406"
"2018/01/29","2,254.0","2,264.0","2,240.0","2,245.0","+5.0","408,200","917,208","25,500","18,500","0.73","0.05","-","2,250.60","2,195.76","2,114.79","2,073.42","1,947.92","681,100","577,844","723,074"
"2017/11/02","2,174.0","2,193.0","2,133.0","2,175.0","-14.0","746,400","1,619,979","63,200","46,100","0.73","0.05","-","2,175.40","2,073.16","1,949.57","1,926.34","1,892.40","726,980","558,316","682,938"
"2016/05/12","2,146.0","2,172.0","2,116.0","2,169.0","+13.0","700,200","1,507,166","59,100","43,200","0.73","0.00","-","2,115.40","2,129.68","2,105.79","2,115.33","2,127.26","786,180","728,216","834,725"
"2015/12/04","2,390.0","2,391.0","2,308.0","2,327.0","-111.0","1,058,200","2,472,193","81,700","59,400","0.73","0.00","-","2,405.60","2,315.08","2,133.85","2,129.84","1,938.30","961,620","1,262,148","1,202,110"
"2015/10/28","2,289.0","2,337.0","2,217.0","2,264.0","+72.0","1,716,700","3,905,865","70,900","51,700","0.73","0.00","-","2,224.20","2,056.16","2,068.09","2,035.19","1,835.20","1,015,200","1,052,464","1,136,404"
"2015/10/21","2,145.0","2,190.0","2,120.0","2,182.0","+56.0","955,800","2,066,048","58,700","42,700","0.73","0.00","-","2,152.20","1,990.08","2,053.89","2,024.30","1,816.40","865,000","1,135,316","1,125,978"
"2015/09/18","1,860.0","1,919.0","1,855.0","1,862.0","-28.0","1,166,500","2,194,175","31,300","22,800","0.73","0.00","-","1,870.60","2,013.44","2,027.25","1,978.68","1,754.91","1,196,180","1,296,884","1,132,570"
"2015/03/13","1,597.0","1,614.0","1,582.0","1,605.0","+10.0","1,260,500","2,020,057","110,700","80,700","0.73","0.00","-","1,589.60","1,631.40","1,491.45","1,425.34","1,451.35","875,820","1,243,128","1,110,222"
"2015/01/23","1,461.0","1,469.0","1,422.0","1,429.0","-17.0","1,333,800","1,912,423","103,400","75,200","0.73","0.00","-","1,469.00","1,452.72","1,334.71","1,356.50","1,445.46","755,060","958,512","1,557,910"
"2015/01/16","1,453.0","1,489.0","1,453.0","1,484.0","-5.0","879,600","1,294,827","107,700","79,100","0.73","0.00","-","1,498.40","1,432.08","1,326.99","1,361.88","1,442.93","1,002,360","1,010,956","1,565,101"
"2022/10/18","2,098.0","2,098.0","2,079.0","2,090.0","+29.0","366,500","766,077","14,900","11,100","0.74","0.00","-","2,054.40","2,076.80","2,132.65","2,112.25","2,187.61","399,860","532,168","569,852"
"2022/10/11","2,037.0","2,081.0","2,037.0","2,057.0","-7.0","568,800","1,172,778","21,100","15,600","0.74","0.00","-","2,066.20","2,091.68","2,133.05","2,107.46","2,199.88","561,400","565,312","578,312"
"2021/08/02","2,664.0","2,696.0","2,651.0","2,688.0","+58.0","401,700","1,076,168","22,700","16,800","0.74","0.00","-","2,634.40","2,725.24","2,808.12","2,787.15","2,485.06","451,120","548,872","651,421"
"2018/08/31","2,040.0","2,065.0","2,028.0","2,052.0","+9.0","657,600","1,348,679","12,700","9,400","0.74","0.00","-","2,039.40","2,060.68","2,128.99","2,122.37","2,095.57","553,380","626,720","618,709"
"2015/09/25","1,840.0","1,932.0","1,780.0","1,925.0","+68.0","1,606,200","2,996,225","32,600","24,200","0.74","0.00","-","1,864.00","1,970.80","2,025.51","1,983.05","1,760.54","1,309,940","1,274,408","1,140,782"
"2022/08/18","2,240.0","2,248.0","2,231.0","2,240.0","-22.0","558,300","1,250,048","18,900","14,100","0.75","0.00","-","2,230.40","2,177.52","2,096.79","2,102.62","2,284.27","799,060","604,036","698,836"
"2017/09/19","1,934.0","1,947.0","1,926.0","1,944.0","+22.0","723,200","1,402,835","63,700","47,500","0.75","0.00","-","1,915.20","1,876.44","1,863.95","1,848.21","1,920.23","810,500","685,344","850,936"
"2016/05/10","2,075.0","2,166.0","2,073.0","2,145.0","+78.0","754,300","1,609,760","61,400","46,100","0.75","0.00","-","2,073.80","2,128.92","2,099.01","2,117.79","2,126.98","834,020","743,916","841,665"
"2015/06/03","1,969.0","1,970.0","1,882.0","1,906.0","-128.0","2,312,700","4,425,521","129,900","98,000","0.75","0.05","-","2,006.40","1,822.40","1,683.51","1,635.20","1,500.13","1,399,180","1,099,824","1,162,653"
"2015/04/17","1,682.0","1,698.0","1,638.0","1,660.0","-27.0","994,400","1,654,481","91,400","68,100","0.75","0.05","-","1,656.00","1,576.36","1,562.25","1,512.68","1,459.24","886,780","1,188,136","1,112,132"
"2023/08/30","2,377.0","2,394.0","2,365.5","2,381.5","+26.5","777,700","1,850,963","4,500","3,400","0.76","0.00","-","2,343.80","2,400.04","2,418.01","2,389.84","2,266.13","451,420","449,008","503,145"
"2022/12/08","2,118.0","2,123.0","2,093.0","2,109.0","-3.0","548,200","1,156,268","19,100","14,600","0.76","0.00","-","2,109.60","2,160.08","2,124.04","2,137.41","2,115.49","465,040","543,664","532,201"
"2020/02/20","1,659.0","1,660.0","1,622.0","1,626.0","-43.0","681,200","1,114,896","19,300","14,600","0.76","-","-","1,674.20","1,837.92","1,882.52","1,853.94","1,802.08","540,540","517,508","499,202"
"2018/02/26","2,012.0","2,027.0","2,005.0","2,015.0","+16.0","557,300","1,123,371","16,700","12,700","0.76","0.00","-","1,993.40","2,088.48","2,101.04","2,094.07","1,978.91","821,220","840,944","814,080"
"2017/11/10","2,159.0","2,185.0","2,155.0","2,171.0","-25.0","697,600","1,514,628","73,700","56,300","0.76","0.05","-","2,184.40","2,108.00","1,973.40","1,943.04","1,892.11","787,360","590,132","680,288"
"2017/08/25","1,876.0","1,884.0","1,858.0","1,859.0","-13.0","394,200","734,883","34,700","26,500","0.76","0.00","-","1,882.20","1,865.24","1,847.87","1,817.20","1,936.21","675,840","715,220","998,546"
"2016/12/20","2,254.0","2,265.0","2,244.0","2,254.0","-10.0","952,400","2,145,081","35,300","26,800","0.76","0.05","-","2,251.40","2,202.96","2,049.08","2,026.48","2,099.07","872,960","842,116","847,048"
"2016/07/12","2,100.0","2,162.0","2,091.0","2,127.0","+66.0","981,500","2,092,277","28,200","21,400","0.76","0.00","-","2,076.40","2,131.96","2,185.76","2,166.15","2,154.08","1,014,700","801,364","779,780"
"2016/06/27","2,046.0","2,079.0","2,032.0","2,074.0","+78.0","821,600","1,694,791","32,100","24,300","0.76","0.00","-","2,111.00","2,238.80","2,196.40","2,166.47","2,147.00","668,960","707,680","753,560"
"2015/11/16","2,193.0","2,234.0","2,186.0","2,231.0","+24.0","996,900","2,214,189","77,600","58,900","0.76","0.00","-","2,288.60","2,232.16","2,099.80","2,081.97","1,883.76","1,150,680","1,332,204","1,260,428"
"2015/04/16","1,653.0","1,708.0","1,651.0","1,687.0","+47.0","1,380,300","2,328,901","90,900","69,000","0.76","0.05","-","1,653.40","1,574.16","1,559.53","1,510.08","1,458.51","917,620","1,198,780","1,105,062"
"2022/12/28","2,019.0","2,029.0","2,011.0","2,025.0","+3.0","271,200","548,204","25,700","19,700","0.77","0.00","-","2,024.00","2,112.12","2,104.77","2,125.05","2,110.15","235,920","412,760","492,510"
"2022/09/20","2,179.0","2,195.0","2,159.0","2,167.0","+13.0","510,700","1,108,827","12,800","9,900","0.77","0.00","-","2,156.80","2,175.76","2,134.43","2,111.99","2,228.58","567,960","565,512","599,296"
"2022/09/13","2,163.0","2,199.0","2,163.0","2,184.0","+18.0","492,700","1,076,490","12,900","9,900","0.77","0.00","-","2,163.80","2,184.32","2,130.25","2,110.43","2,235.46","559,000","636,028","618,617"
"2022/09/01","2,107.0","2,126.0","2,090.0","2,115.0","-8.0","768,300","1,624,872","20,900","16,100","0.77","0.00","-","2,152.60","2,196.68","2,112.72","2,104.49","2,252.06","635,060","637,080","646,510"
"2022/08/10","2,138.0","2,200.0","2,138.0","2,180.0","0.0","1,596,400","3,462,938","14,500","11,100","0.77","0.00","-","2,188.40","2,155.20","2,087.67","2,100.18","2,299.35","677,300","556,092","692,462"
"2022/06/09","2,101.0","2,115.0","2,080.0","2,087.0","-26.0","570,900","1,195,524","21,100","16,200","0.77","0.00","-","2,109.00","2,049.80","2,099.57","2,193.81","2,448.68","639,100","843,728","923,357"
"2022/03/25","2,238.0","2,255.0","2,211.0","2,220.0","+4.0","496,300","1,105,965","18,200","14,100","0.77","0.00","-","2,203.40","2,139.32","2,405.31","2,453.84","2,625.78","1,099,040","1,177,776","860,453"
"2022/01/25","2,340.0","2,364.0","2,295.0","2,364.0","+72.0","1,413,100","3,303,090","11,600","8,900","0.77","-","-","2,480.00","2,622.88","2,645.89","2,704.60","2,735.81","1,206,800","623,288","614,236"
"2022/01/17","2,749.0","2,789.0","2,726.0","2,734.0","-48.0","349,000","958,629","10,700","8,200","0.77","0.00","-","2,766.00","2,637.48","2,673.32","2,711.34","2,742.29","729,100","519,956","582,994"
"2021/09/08","2,793.0","2,864.0","2,780.0","2,861.0","+21.0","654,700","1,862,523","13,800","10,600","0.77","0.00","-","2,811.80","2,669.16","2,778.80","2,772.42","2,571.10","549,160","553,928","579,681"
"2020/02/27","1,549.0","1,555.0","1,516.0","1,516.0","-51.0","516,800","788,310","16,800","12,900","0.77","-","-","1,581.20","1,782.12","1,869.48","1,843.95","1,795.38","580,120","545,744","501,502"
"2018/08/30","2,053.0","2,060.0","2,036.0","2,043.0","+2.0","684,100","1,398,869","11,900","9,200","0.77","0.00","-","2,030.60","2,068.96","2,131.28","2,122.01","2,096.29","513,280","616,924","632,594"
"2017/02/10","2,053.0","2,055.0","2,021.0","2,043.0","+12.0","854,300","1,744,582","25,600","19,800","0.77","0.00","-","2,039.80","2,161.28","2,150.95","2,104.14","2,105.46","694,140","724,028","791,914"
"2016/12/15","2,258.0","2,271.0","2,234.0","2,242.0","+16.0","670,900","1,509,250","36,100","27,700","0.77","0.05","-","2,237.00","2,173.40","2,034.43","2,022.15","2,096.30","706,220","874,792","829,732"
"2016/06/10","2,319.0","2,323.0","2,243.0","2,288.0","-27.0","754,400","1,726,994","58,900","45,200","0.77","0.00","-","2,285.20","2,293.60","2,188.87","2,145.06","2,148.02","739,180","801,188","785,948"
"2015/12/15","2,240.0","2,265.0","2,204.0","2,215.0","-11.0","718,700","1,605,676","64,700","49,800","0.77","0.00","-","2,252.00","2,308.32","2,134.81","2,142.50","1,959.53","859,140","906,180","1,160,542"
"2015/12/10","2,277.0","2,300.0","2,259.0","2,266.0","-39.0","778,700","1,770,521","63,500","49,000","0.77","0.00","-","2,311.00","2,317.36","2,130.76","2,139.18","1,950.96","865,620","926,208","1,179,509"
"2015/07/27","2,137.0","2,152.0","2,046.0","2,061.0","-46.0","1,097,400","2,308,803","91,300","70,000","0.77","0.05","-","2,100.00","2,028.48","1,875.16","1,797.96","1,596.85","856,140","920,388","1,031,056"
"2015/04/24","1,707.0","1,707.0","1,645.0","1,669.0","-24.0","927,000","1,542,960","96,200","73,800","0.77","0.05","-","1,673.00","1,604.20","1,575.45","1,531.14","1,462.76","750,940","1,049,200","1,098,933"
"2023/01/18","2,062.0","2,130.0","2,046.0","2,118.0","+42.0","499,500","1,051,819","13,800","10,800","0.78","0.00","-","2,068.60","2,052.36","2,089.89","2,104.90","2,103.89","329,020","339,816","459,980"
"2022/11/16","2,194.0","2,221.0","2,176.0","2,203.0","+7.0","511,500","1,127,538","15,200","11,900","0.78","0.00","-","2,186.00","2,094.48","2,127.61","2,123.41","2,131.23","714,580","515,344","572,578"
"2022/04/08","2,082.0","2,092.0","2,048.0","2,064.0","-14.0","867,100","1,790,043","18,100","14,200","0.78","0.00","-","2,118.20","2,139.96","2,349.33","2,389.30","2,583.73","898,180","1,001,688","891,444"
"2022/02/24","2,179.0","2,198.0","2,082.0","2,100.0","-104.0","2,338,600","4,946,136","19,500","15,300","0.78","-","-","2,173.40","2,358.80","2,515.51","2,592.03","2,695.75","1,347,760","999,968","722,840"
"2019/08/15","1,537.0","1,556.0","1,536.0","1,548.0","-22.0","559,000","863,802","27,600","21,600","0.78","0.05","-","1,619.80","1,748.08","1,771.95","1,826.29","1,909.96","753,560","436,120","468,677"
"2017/10/19","2,062.0","2,073.0","2,055.0","2,068.0","+16.0","351,300","726,094","50,800","39,400","0.78","0.00","-","2,060.60","2,015.64","1,914.05","1,898.66","1,899.41","444,680","654,712","715,620"
"2016/09/27","1,984.0","2,040.0","1,966.0","2,038.0","+66.0","904,400","1,820,490","16,200","12,700","0.78","0.00","-","1,985.20","1,927.44","2,026.57","2,087.96","2,108.60","888,900","796,100","853,046"
"2016/04/25","2,260.0","2,263.0","2,209.0","2,234.0","-10.0","702,600","1,566,852","73,300","57,000","0.78","0.00","-","2,189.00","2,161.64","2,090.01","2,137.43","2,123.78","715,620","717,092","882,750"
"2015/03/18","1,526.0","1,527.0","1,486.0","1,505.0","-21.0","1,702,400","2,554,832","74,700","58,300","0.78","0.00","-","1,555.80","1,629.00","1,500.08","1,436.43","1,450.67","1,239,780","1,301,044","1,090,106"
"2015/03/10","1,613.0","1,618.0","1,567.0","1,577.0","-15.0","758,900","1,202,453","107,400","83,500","0.78","0.00","-","1,617.80","1,616.36","1,483.29","1,415.60","1,451.13","1,057,880","1,233,580","1,140,512"
"2014/12/25","1,462.0","1,482.0","1,444.0","1,451.0","+3.0","408,300","594,540","86,400","67,300","0.78","0.00","-","1,429.60","1,361.72","1,310.63","1,368.22","-","1,268,640","1,205,900","1,566,058"
"2023/10/23","2,314.5","2,326.0","2,296.0","2,309.5","-2.5","375,200","868,179","7,800","6,200","0.79","0.00","-","2,326.70","2,448.56","2,441.43","2,430.20","2,326.64","332,040","535,044","466,965"
"2023/10/03","2,444.5","2,449.0","2,402.5","2,402.5","-57.5","417,900","1,010,123","9,800","7,700","0.79","0.05","-","2,478.40","2,516.40","2,450.23","2,444.68","2,307.12","516,520","564,344","459,404"
"2021/12/22","2,525.0","2,545.0","2,519.0","2,539.0","+26.0","296,800","752,667","14,400","11,400","0.79","-","-","2,534.00","2,502.48","2,719.12","2,699.49","2,741.26","426,980","589,240","630,918"
"2021/11/18","2,523.0","2,545.0","2,513.0","2,530.0","-3.0","280,900","710,194","15,000","11,900","0.79","-","-","2,558.40","2,753.24","2,762.33","2,755.56","2,732.71","472,460","566,288","612,392"
"2021/10/11","2,753.0","2,795.0","2,750.0","2,789.0","+29.0","438,900","1,221,733","8,500","6,700","0.79","-","-","2,760.00","2,879.64","2,760.44","2,807.60","2,652.25","621,180","704,740","602,922"
"2021/07/29","2,630.0","2,661.0","2,618.0","2,645.0","+43.0","618,600","1,632,078","23,600","18,700","0.79","0.00","-","2,615.20","2,748.56","2,809.81","2,784.17","2,479.46","502,520","559,828","655,336"
"2019/08/16","1,547.0","1,579.0","1,544.0","1,568.0","+20.0","498,700","782,127","28,600","22,500","0.79","0.05","-","1,596.00","1,739.00","1,767.35","1,821.32","1,907.70","720,740","441,252","470,442"
"2017/08/28","1,869.0","1,877.0","1,858.0","1,871.0","+12.0","592,400","1,108,053","35,600","28,100","0.79","0.00","-","1,876.40","1,866.80","1,848.36","1,818.70","1,935.71","587,180","717,160","995,473"
"2017/01/16","2,322.0","2,322.0","2,267.0","2,270.0","-53.0","423,100","965,088","36,700","29,100","0.79","0.00","-","2,286.20","2,253.84","2,113.43","2,062.45","2,108.90","770,760","723,268","821,514"
"2016/06/15","2,203.0","2,224.0","2,184.0","2,201.0","0.0","520,100","1,146,661","56,200","44,200","0.79","0.00","-","2,243.00","2,303.36","2,195.81","2,152.02","2,145.42","706,180","796,408","778,497"
"2016/05/02","1,993.0","2,045.0","1,993.0","2,026.0","-65.0","688,500","1,389,905","71,300","56,100","0.79","0.00","-","2,140.60","2,149.28","2,095.15","2,125.11","2,125.73","752,380","725,692","845,352"
"2015/12/14","2,215.0","2,227.0","2,171.0","2,226.0","-22.0","895,200","1,970,414","60,900","47,900","0.79","0.00","-","2,273.20","2,312.76","2,131.83","2,141.69","1,956.80","866,840","910,860","1,170,949"
"2014/12/22","1,425.0","1,461.0","1,422.0","1,456.0","+31.0","1,593,900","2,308,109","56,700","44,800","0.79","0.00","-","1,381.20","1,356.44","1,311.65","1,369.86","-","1,415,600","1,315,496","1,577,225"
"2022/09/06","2,120.0","2,138.0","2,103.0","2,118.0","-8.0","351,700","745,639","21,000","16,900","0.80","0.00","-","2,118.40","2,187.52","2,119.27","2,105.95","2,245.32","722,120","621,032","636,056"
"2022/03/16","2,150.0","2,166.0","2,140.0","2,149.0","-13.0","935,200","2,013,276","17,100","13,700","0.80","0.00","-","2,136.80","2,181.24","2,419.51","2,491.29","2,648.01","926,200","1,170,552","829,576"
"2021/09/09","2,883.0","2,927.0","2,872.0","2,892.0","+31.0","906,600","2,626,351","13,600","10,900","0.80","0.00","-","2,837.60","2,681.84","2,778.41","2,773.36","2,575.01","626,880","573,276","582,734"
"2017/11/21","1,959.0","1,963.0","1,932.0","1,944.0","-15.0","1,246,100","2,423,807","33,300","26,600","0.80","0.00","-","1,958.40","2,084.04","1,981.29","1,950.92","1,885.48","1,058,080","821,956","735,929"
"2017/10/03","2,011.0","2,023.0","2,003.0","2,018.0","+14.0","441,200","888,717","57,400","45,900","0.80","0.00","-","2,008.40","1,937.92","1,885.63","1,870.75","1,910.58","686,040","737,152","793,265"
"2017/09/25","2,050.0","2,065.0","2,045.0","2,052.0","+18.0","650,700","1,334,969","65,700","52,500","0.80","0.05","-","2,017.40","1,905.00","1,873.20","1,859.05","1,916.61","921,580","731,932","843,065"
"2015/10/06","1,954.0","2,039.0","1,925.0","2,021.0","+107.0","1,500,200","3,001,914","37,300","29,900","0.80","0.00","-","1,926.40","1,921.32","2,026.07","2,001.32","1,779.37","858,640","1,183,488","1,117,502"
"2015/07/07","2,013.0","2,056.0","2,013.0","2,049.0","+69.0","709,700","1,450,786","118,100","94,600","0.80","0.00","-","2,005.80","1,933.60","1,780.27","1,742.45","1,549.67","715,920","1,109,260","1,081,760"
"2015/04/02","1,546.0","1,605.0","1,542.0","1,592.0","+71.0","1,887,800","2,988,200","57,100","45,900","0.80","0.00","-","1,517.00","1,570.16","1,525.69","1,478.07","1,450.64","1,257,800","1,212,208","1,114,396"
"2023/12/29","2,116.0","2,127.5","2,098.0","2,111.5","-4.5","555,700","1,173,499","25,500","20,600","0.81","0.00","-","2,110.80","2,164.88","2,323.31","2,344.82","2,349.13","476,100","659,356","621,452"
"2022/09/02","2,108.0","2,118.0","2,096.0","2,110.0","-5.0","668,900","1,409,403","19,300","15,700","0.81","0.00","-","2,134.60","2,193.44","2,114.87","2,104.81","2,249.78","695,040","627,980","642,646"
"2022/01/26","2,398.0","2,442.0","2,363.0","2,399.0","+35.0","887,300","2,131,049","10,500","8,500","0.81","-","-","2,435.40","2,616.52","2,641.35","2,701.40","2,734.22","1,208,000","633,908","617,264"
"2020/02/26","1,543.0","1,575.0","1,536.0","1,567.0","+1.0","536,800","836,184","18,600","15,100","0.81","-","-","1,611.80","1,799.20","1,873.73","1,847.06","1,797.30","570,960","538,088","501,834"
"2018/08/20","1,981.0","2,007.0","1,965.0","2,003.0","+7.0","663,300","1,320,592","18,300","14,800","0.81","0.00","-","1,979.20","2,137.12","2,142.77","2,119.30","2,102.82","731,640","633,432","665,717"
"2017/11/28","2,028.0","2,058.0","2,009.0","2,031.0","-11.0","616,700","1,256,848","39,900","32,500","0.81","0.00","-","2,010.20","2,078.24","1,988.45","1,956.94","1,884.95","1,007,940","904,772","755,853"
"2017/10/25","2,115.0","2,116.0","2,074.0","2,078.0","-31.0","588,800","1,228,911","45,300","36,800","0.81","0.05","-","2,081.20","2,042.24","1,925.11","1,908.52","1,896.11","479,840","603,900","703,066"
"2017/01/20","2,200.0","2,213.0","2,190.0","2,205.0","-2.0","816,700","1,800,294","32,700","26,600","0.81","0.00","-","2,221.80","2,250.40","2,124.11","2,077.23","2,109.20","664,520","699,432","812,804"
"2017/01/05","2,286.0","2,295.0","2,260.0","2,276.0","-1.0","830,800","1,889,284","37,600","30,600","0.81","0.05","-","2,247.40","2,235.20","2,085.09","2,046.68","2,104.98","646,580","733,536","833,909"
"2016/04/15","2,165.0","2,178.0","2,142.0","2,159.0","-45.0","413,900","894,669","79,900","64,800","0.81","0.00","-","2,131.80","2,157.44","2,090.63","2,145.20","2,117.20","684,200","718,232","899,418"
"2023/03/03","2,306.0","2,315.0","2,296.0","2,299.0","-8.0","693,900","1,597,345","34,600","28,300","0.82","0.05","-","2,284.60","2,171.76","2,129.76","2,116.94","2,111.20","615,460","501,264","429,529"
"2023/02/01","2,167.0","2,171.0","2,126.0","2,128.0","-32.0","306,100","654,590","16,600","13,600","0.82","0.05","-","2,149.40","2,072.76","2,103.57","2,099.81","2,102.31","205,960","292,416","416,698"
"2021/12/24","2,576.0","2,604.0","2,556.0","2,575.0","+3.0","226,300","584,353","13,200","10,800","0.82","-","-","2,535.40","2,505.84","2,713.15","2,698.21","2,741.77","292,900","578,784","621,706"
"2017/10/06","2,024.0","2,031.0","2,005.0","2,010.0","-5.0","424,000","853,931","57,100","47,100","0.82","0.05","-","2,011.00","1,954.96","1,892.92","1,876.50","1,907.20","473,900","713,368","771,293"
"2017/08/30","1,860.0","1,879.0","1,854.0","1,874.0","+10.0","434,300","812,144","39,200","32,000","0.82","0.00","-","1,868.00","1,870.80","1,849.28","1,822.41","1,934.58","508,000","714,396","978,441"
"2017/08/23","1,900.0","1,919.0","1,889.0","1,894.0","+8.0","663,300","1,261,657","46,800","38,500","0.82","0.00","-","1,879.60","1,862.80","1,847.19","1,814.16","1,938.00","670,580","741,976","1,013,556"
"2017/01/31","2,128.0","2,140.0","2,115.0","2,115.0","-35.0","875,000","1,858,184","37,200","30,500","0.82","0.00","-","2,150.80","2,222.16","2,139.09","2,095.28","2,107.96","717,180","687,600","825,273"
"2016/06/02","2,260.0","2,264.0","2,224.0","2,238.0","-45.0","822,800","1,840,274","58,500","48,100","0.82","0.00","-","2,305.40","2,256.12","2,164.04","2,130.75","2,143.83","817,340","831,104","821,832"
"2015/05/07","1,627.0","1,639.0","1,603.0","1,634.0","+9.0","571,100","929,492","82,500","68,000","0.82","0.00","-","1,645.20","1,631.04","1,584.91","1,545.83","1,466.07","611,920","953,944","1,068,845"
"2015/03/16","1,580.0","1,587.0","1,540.0","1,548.0","-57.0","1,350,900","2,107,871","93,200","76,400","0.82","0.00","-","1,580.80","1,631.68","1,494.36","1,428.83","1,451.14","960,500","1,261,084","1,102,596"
"2014/12/19","1,408.0","1,435.0","1,395.0","1,425.0","+57.0","1,703,800","2,422,583","45,700","37,600","0.82","0.00","-","1,357.20","1,357.64","1,312.11","1,370.83","-","1,203,200","1,470,524","1,573,210"
"2022/12/14","2,111.0","2,128.0","2,110.0","2,126.0","+32.0","410,100","870,165","16,700","13,800","0.83","0.00","-","2,109.80","2,167.84","2,117.09","2,138.12","2,113.42","397,160","534,636","525,654"
"2022/09/05","2,101.0","2,131.0","2,098.0","2,126.0","+16.0","482,600","1,024,327","20,200","16,700","0.83","0.00","-","2,129.20","2,191.52","2,117.21","2,105.43","2,247.37","710,740","626,320","639,126"
"2022/02/08","2,463.0","2,478.0","2,432.0","2,433.0","-21.0","591,100","1,443,187","13,400","11,100","0.83","-","-","2,426.20","2,547.84","2,589.16","2,661.93","2,718.32","641,520","754,148","630,976"
"2021/08/23","2,568.0","2,683.0","2,512.0","2,647.0","+129.0","730,700","1,921,872","10,400","8,600","0.83","0.00","-","2,574.20","2,618.04","2,784.44","2,769.91","2,525.71","502,200","504,764","615,862"
"2016/06/06","2,219.0","2,247.0","2,195.0","2,247.0","-7.0","385,000","857,541","61,500","51,200","0.83","0.00","-","2,268.80","2,259.36","2,172.95","2,133.40","2,145.90","725,240","810,092","797,378"
"2016/04/06","2,066.0","2,093.0","2,052.0","2,079.0","-7.0","689,200","1,428,950","83,000","69,300","0.83","0.00","-","2,117.60","2,157.76","2,105.12","2,155.92","2,108.46","718,460","762,648","882,953"
"2015/04/03","1,594.0","1,643.0","1,573.0","1,641.0","+49.0","1,826,700","2,956,223","68,100","56,600","0.83","0.00","-","1,551.20","1,569.52","1,529.27","1,481.84","1,451.47","1,449,460","1,235,480","1,121,482"
"2022/11/07","2,068.0","2,077.0","2,051.0","2,064.0","+28.0","390,500","806,478","14,200","11,900","0.84","0.00","-","2,048.20","2,060.96","2,128.68","2,112.78","2,149.55","415,900","471,352","552,260"
"2022/09/07","2,106.0","2,134.0","2,100.0","2,127.0","+9.0","755,100","1,602,302","19,700","16,500","0.84","0.00","-","2,119.20","2,185.88","2,121.12","2,106.50","2,243.06","605,320","627,956","639,124"
"2019/08/22","1,611.0","1,619.0","1,605.0","1,614.0","+11.0","460,600","742,833","16,100","13,500","0.84","0.00","-","1,595.40","1,706.56","1,752.43","1,803.57","1,899.89","525,140","467,520","468,740"
"2018/08/28","2,040.0","2,060.0","2,033.0","2,033.0","+5.0","415,900","849,377","15,700","13,200","0.84","0.00","-","2,011.60","2,085.32","2,132.89","2,121.36","2,097.78","468,060","602,372","658,994"
"2016/11/08","1,986.0","1,999.0","1,963.0","1,986.0","+7.0","727,600","1,442,782","28,700","24,200","0.84","0.00","-","2,005.00","1,980.00","1,975.07","2,007.48","2,077.41","811,020","834,112","847,278"
"2015/07/13","2,100.0","2,145.0","2,092.0","2,135.0","+74.0","1,295,600","2,758,455","114,800","96,900","0.84","0.05","-","2,037.20","1,949.00","1,806.71","1,758.33","1,562.97","1,071,360","1,048,776","1,075,273"
"2015/06/26","1,981.0","2,011.0","1,976.0","1,995.0","+24.0","1,382,500","2,761,273","87,400","73,200","0.84","0.00","-","1,935.60","1,940.20","1,740.67","1,708.26","1,530.87","1,021,880","1,180,848","1,111,696"
"2015/06/24","1,920.0","1,940.0","1,917.0","1,933.0","+31.0","924,900","1,785,538","97,700","81,900","0.84","0.00","-","1,879.60","1,940.96","1,730.59","1,698.03","1,526.16","1,058,040","1,225,688","1,102,660"
"2015/05/15","1,653.0","1,681.0","1,650.0","1,678.0","+21.0","507,100","845,831","97,900","81,800","0.84","0.05","-","1,668.20","1,655.88","1,600.36","1,563.45","1,470.88","509,020","765,644","1,048,381"
"2015/04/30","1,646.0","1,657.0","1,606.0","1,622.0","-57.0","675,000","1,092,811","83,500","70,300","0.84","0.00","-","1,665.80","1,619.36","1,581.13","1,540.76","1,464.86","659,760","985,720","1,073,262"
"2023/08/18","2,308.5","2,324.5","2,293.5","2,306.5","+1.5","431,200","994,616","4,000","3,400","0.85","0.00","-","2,325.10","2,438.26","2,428.13","2,375.47","2,255.09","679,740","417,100","511,644"
"2022/08/29","2,150.0","2,165.0","2,141.0","2,153.0","-47.0","404,100","870,126","16,500","14,100","0.85","0.00","-","2,206.40","2,202.96","2,107.25","2,104.88","2,263.09","432,660","598,696","669,034"
"2022/08/24","2,252.0","2,252.0","2,227.0","2,240.0","0.0","381,300","854,153","19,800","16,900","0.85","0.05","-","2,240.20","2,201.20","2,104.36","2,103.59","2,272.94","497,380","607,696","685,664"
"2022/03/18","2,170.0","2,193.0","2,148.0","2,155.0","-23.0","1,799,900","3,890,183","19,000","16,200","0.85","-","-","2,157.00","2,159.36","2,412.52","2,478.19","2,640.38","1,003,320","1,224,432","852,750"
"2021/12/09","2,635.0","2,670.0","2,555.0","2,596.0","-20.0","948,500","2,466,739","22,200","18,900","0.85","-","-","2,551.20","2,545.48","2,737.00","2,708.23","2,736.50","850,140","665,412","643,256"
"2021/10/08","2,769.0","2,805.0","2,760.0","2,760.0","+34.0","654,000","1,817,420","10,100","8,600","0.85","-","-","2,755.00","2,878.60","2,761.15","2,808.00","2,648.80","617,380","707,904","604,392"
"2019/08/21","1,582.0","1,603.0","1,580.0","1,603.0","-2.0","456,300","728,448","18,600","15,800","0.85","0.00","-","1,582.20","1,713.92","1,755.56","1,807.54","1,901.61","544,820","471,132","472,429"
"2017/10/24","2,081.0","2,109.0","2,080.0","2,109.0","+21.0","499,000","1,047,212","47,000","40,100","0.85","0.00","-","2,076.00","2,036.88","1,922.52","1,906.37","1,897.10","463,840","609,276","709,245"
"2017/10/13","2,040.0","2,072.0","2,035.0","2,059.0","+12.0","521,200","1,072,159","65,100","55,300","0.85","0.00","-","2,040.60","1,985.48","1,903.87","1,888.90","1,903.07","506,440","712,320","751,349"
"2017/09/22","2,030.0","2,051.0","2,022.0","2,034.0","-3.0","545,700","1,108,773","63,600","54,200","0.85","0.00","-","1,991.40","1,896.96","1,870.63","1,856.27","1,917.44","1,017,380","727,484","846,700"
"2016/12/14","2,255.0","2,255.0","2,225.0","2,226.0","-14.0","499,100","1,114,016","35,700","30,300","0.85","0.05","-","2,236.80","2,159.04","2,029.65","2,021.06","2,095.24","797,160","895,860","834,077"
"2016/12/12","2,252.0","2,261.0","2,214.0","2,237.0","-3.0","892,500","1,993,633","38,100","32,500","0.85","0.05","-","2,224.20","2,139.00","2,019.51","2,018.43","2,093.40","831,240","916,812","847,629"
"2016/11/17","2,116.0","2,158.0","2,114.0","2,146.0","+47.0","1,046,300","2,237,932","19,300","16,500","0.85","0.00","-","2,084.40","2,001.12","1,969.33","1,998.67","2,081.80","1,197,480","946,172","898,812"
"2016/11/07","1,992.0","1,992.0","1,963.0","1,979.0","+9.0","869,000","1,717,900","24,200","20,600","0.85","0.00","-","2,013.60","1,981.52","1,976.89","2,009.72","2,077.39","787,320","826,972","847,544"
"2014/12/24","1,473.0","1,480.0","1,445.0","1,448.0","-8.0","764,700","1,112,311","69,600","59,200","0.85","0.00","-","1,404.20","1,358.52","1,310.81","1,368.98","-","1,448,380","1,264,920","1,578,284"
"2023/08/17","2,360.0","2,360.0","2,275.5","2,305.0","-47.0","742,200","1,710,780","3,500","3,000","0.86","0.00","-","2,367.50","2,442.62","2,429.51","2,373.63","2,254.15","673,840","409,432","513,997"
"2022/02/09","2,437.0","2,458.0","2,410.0","2,447.0","+14.0","565,100","1,378,988","13,100","11,300","0.86","-","-","2,433.60","2,538.04","2,584.47","2,656.91","2,716.65","620,220","759,628","634,476"
"2022/01/14","2,789.0","2,806.0","2,730.0","2,782.0","-31.0","1,011,500","2,811,354","10,600","9,100","0.86","0.00","-","2,764.40","2,632.76","2,676.80","2,709.06","2,742.59","763,340","550,132","587,664"
"2021/12/27","2,593.0","2,599.0","2,561.0","2,576.0","+1.0","230,200","593,784","11,400","9,800","0.86","-","-","2,555.00","2,507.48","2,709.63","2,697.09","2,742.12","271,680","572,352","618,982"
"2021/10/25","2,800.0","2,851.0","2,779.0","2,807.0","-9.0","451,300","1,264,801","12,900","11,100","0.86","-","-","2,820.80","2,856.76","2,752.63","2,798.98","2,687.45","535,380","658,368","607,789"
"2021/08/25","2,679.0","2,714.0","2,661.0","2,664.0","+1.0","514,800","1,380,603","9,200","7,900","0.86","0.00","-","2,599.60","2,613.84","2,782.89","2,768.22","2,532.83","545,340","501,344","610,101"
"2017/09/29","2,009.0","2,019.0","1,995.0","2,006.0","-9.0","811,700","1,626,561","71,200","61,400","0.86","0.00","-","2,027.00","1,926.24","1,881.08","1,867.28","1,912.85","727,140","731,932","818,505"
"2015/07/14","2,157.0","2,157.0","2,099.0","2,135.0","0.0","1,003,400","2,136,962","108,300","93,600","0.86","0.05","-","2,054.40","1,956.44","1,814.85","1,762.73","1,566.84","1,130,100","1,032,756","1,072,340"
"2015/05/08","1,630.0","1,652.0","1,617.0","1,647.0","+13.0","575,000","943,298","89,800","77,600","0.86","0.00","-","1,641.40","1,636.76","1,587.08","1,548.33","1,466.81","614,920","944,760","1,064,784"
"2022/08/04","2,165.0","2,194.0","2,160.0","2,190.0","+41.0","493,700","1,078,158","11,700","10,200","0.87","-","-","2,179.80","2,138.28","2,082.52","2,098.01","2,312.68","526,780","522,012","673,170"
"2022/07/26","2,171.0","2,200.0","2,170.0","2,194.0","0.0","560,800","1,228,393","14,900","13,000","0.87","0.00","-","2,179.20","2,104.96","2,072.97","2,090.10","2,333.10","486,520","535,128","693,686"
"2022/05/17","1,874.0","1,955.0","1,874.0","1,914.0","-40.0","1,210,600","2,319,382","28,200","24,600","0.87","0.00","-","2,044.80","2,079.80","2,175.16","2,292.29","2,497.92","1,159,920","747,360","958,385"
"2021/08/24","2,658.0","2,700.0","2,657.0","2,663.0","+16.0","465,200","1,240,642","9,400","8,200","0.87","0.00","-","2,584.40","2,615.44","2,784.01","2,769.08","2,529.27","521,300","500,636","609,284"
"2021/07/28","2,606.0","2,621.0","2,594.0","2,602.0","-5.0","411,100","1,070,506","22,700","19,700","0.87","0.00","-","2,603.40","2,761.08","2,811.03","2,783.02","2,476.91","468,960","558,752","655,704"
"2018/08/22","1,971.0","2,000.0","1,964.0","1,994.0","+9.0","615,500","1,221,184","16,700","14,600","0.87","0.00","-","1,987.20","2,116.36","2,138.01","2,119.80","2,100.98","629,260","615,608","666,746"
"2017/09/27","2,030.0","2,031.0","1,996.0","1,999.0","-64.0","733,900","1,472,198","73,300","63,900","0.87","0.00","-","2,037.00","1,916.04","1,877.40","1,863.75","1,914.99","763,740","721,004","825,916"
"2017/08/29","1,862.0","1,873.0","1,856.0","1,864.0","-7.0","476,400","888,667","36,300","31,600","0.87","0.00","-","1,872.00","1,868.52","1,848.97","1,820.34","1,935.14","553,800","714,832","989,697"
"2016/03/24","2,178.0","2,208.0","2,159.0","2,182.0","+17.0","517,200","1,130,054","52,900","46,000","0.87","0.00","-","2,185.60","2,116.00","2,119.95","2,165.64","2,097.84","704,980","822,836","894,408"
"2015/08/31","2,064.0","2,157.0","2,064.0","2,148.0","+80.0","1,472,400","3,128,052","36,900","32,000","0.87","0.00","-","2,020.20","2,149.60","2,039.73","1,943.77","1,714.72","1,289,260","1,233,552","1,187,025"
"2023/01/19","2,094.0","2,107.0","2,080.0","2,085.0","-33.0","375,000","783,842","13,800","12,100","0.88","0.00","-","2,075.60","2,051.72","2,091.31","2,103.35","2,103.21","342,920","345,696","454,034"
"2022/12/07","2,115.0","2,127.0","2,094.0","2,112.0","-8.0","372,700","787,929","16,800","14,800","0.88","0.00","-","2,125.40","2,156.60","2,125.79","2,137.31","2,117.06","470,700","534,744","532,336"
"2022/12/02","2,163.0","2,163.0","2,096.0","2,113.0","-75.0","614,900","1,301,833","16,100","14,100","0.88","0.00","-","2,182.00","2,152.04","2,130.63","2,138.10","2,122.10","614,240","573,948","545,393"
"2022/09/12","2,199.0","2,199.0","2,151.0","2,166.0","-13.0","345,900","748,787","11,900","10,500","0.88","-","-","2,150.60","2,184.56","2,128.67","2,109.28","2,237.19","530,800","633,780","621,966"
"2022/07/20","2,152.0","2,169.0","2,137.0","2,163.0","+35.0","413,300","892,338","11,700","10,300","0.88","0.00","-","2,106.40","2,078.20","2,070.79","2,088.40","2,348.58","450,080","576,236","711,240"
"2022/03/23","2,195.0","2,232.0","2,182.0","2,227.0","+28.0","1,258,200","2,784,801","16,200","14,300","0.88","0.00","-","2,181.60","2,141.32","2,409.04","2,465.91","2,632.99","1,220,680","1,263,560","864,272"
"2022/03/22","2,160.0","2,209.0","2,156.0","2,199.0","+44.0","1,406,800","3,087,818","17,400","15,300","0.88","0.00","-","2,168.60","2,149.16","2,410.65","2,471.80","2,636.70","1,111,340","1,258,148","864,254"
"2022/01/21","2,548.0","2,552.0","2,497.0","2,524.0","-74.0","592,100","1,490,628","11,100","9,800","0.88","-","-","2,638.60","2,643.68","2,657.80","2,711.01","2,739.62","625,700","509,956","578,496"
"2022/01/20","2,600.0","2,617.0","2,554.0","2,598.0","-24.0","778,000","2,017,121","11,100","9,800","0.88","-","-","2,690.20","2,645.40","2,661.33","2,712.41","2,740.75","709,580","518,060","577,138"
"2021/11/08","2,882.0","2,898.0","2,855.0","2,861.0","-1.0","517,000","1,481,775","9,400","8,300","0.88","-","-","2,867.00","2,820.56","2,768.35","2,785.51","2,720.32","506,240","541,336","587,242"
"2021/10/26","2,850.0","2,860.0","2,816.0","2,836.0","+29.0","371,700","1,053,429","12,800","11,200","0.88","-","-","2,819.20","2,852.76","2,753.64","2,797.71","2,691.21","550,020","639,640","606,505"
"2021/07/20","2,613.0","2,620.0","2,586.0","2,586.0","-67.0","450,800","1,169,874","24,200","21,200","0.88","0.00","-","2,683.00","2,810.12","2,817.29","2,778.15","2,467.37","511,800","577,464","649,562"
"2017/09/06","1,830.0","1,841.0","1,803.0","1,839.0","-3.0","753,700","1,375,865","35,600","31,200","0.88","0.00","-","1,859.80","1,867.44","1,856.71","1,831.79","1,930.91","614,140","680,612","898,485"
"2017/09/01","1,880.0","1,890.0","1,870.0","1,888.0","+19.0","478,200","899,189","40,400","35,400","0.88","0.00","-","1,873.20","1,872.44","1,852.61","1,827.16","1,934.09","583,520","688,416","931,030"
"2017/08/22","1,898.0","1,900.0","1,871.0","1,886.0","-14.0","643,300","1,211,627","44,300","39,000","0.88","0.00","-","1,871.00","1,859.52","1,846.32","1,812.93","1,938.68","694,920","769,496","1,023,252"
"2017/01/27","2,177.0","2,192.0","2,165.0","2,171.0","+3.0","519,200","1,129,209","35,900","31,600","0.88","0.00","-","2,151.40","2,230.96","2,134.72","2,091.02","2,107.65","754,940","690,976","823,433"
"2015/12/22","2,287.0","2,300.0","2,271.0","2,289.0","+19.0","355,800","813,101","63,900","56,300","0.88","0.00","-","2,296.40","2,309.88","2,153.23","2,152.32","1,975.14","647,520","805,548","1,117,760"
"2015/04/15","1,650.0","1,663.0","1,636.0","1,640.0","-7.0","1,007,600","1,660,493","83,400","73,100","0.88","0.00","-","1,643.80","1,570.48","1,556.39","1,506.92","1,457.61","894,900","1,168,564","1,092,102"
"2014/12/26","1,432.0","1,464.0","1,427.0","1,456.0","+5.0","464,200","673,350","82,200","72,200","0.88","0.00","-","1,447.20","1,363.96","1,310.88","1,367.26","-","986,980","1,182,408","1,560,644"
"2023/08/25","2,317.0","2,339.0","2,303.0","2,331.0","+9.5","325,100","756,900","3,500","3,100","0.89","0.00","-","2,324.30","2,412.50","2,422.35","2,384.19","2,261.76","382,680","432,232","506,064"
"2022/09/21","2,150.0","2,162.0","2,132.0","2,142.0","-25.0","576,800","1,237,989","12,200","10,800","0.89","0.00","-","2,148.40","2,173.60","2,134.71","2,112.39","2,227.33","584,780","556,808","599,813"
"2022/08/30","2,177.0","2,183.0","2,163.0","2,172.0","+19.0","294,800","640,748","15,700","13,900","0.89","0.00","-","2,192.80","2,202.08","2,107.79","2,104.95","2,259.49","370,780","591,728","661,225"
"2021/12/03","2,392.0","2,467.0","2,379.0","2,458.0","+106.0","603,000","1,469,307","14,400","12,800","0.89","-","-","2,372.20","2,586.72","2,736.01","2,712.15","2,733.71","744,120","600,196","618,357"
"2021/08/26","2,675.0","2,681.0","2,645.0","2,661.0","-3.0","462,100","1,229,376","9,100","8,100","0.89","0.00","-","2,630.60","2,614.16","2,781.31","2,767.41","2,536.72","557,980","502,212","610,161"
"2021/07/15","2,744.0","2,762.0","2,720.0","2,728.0","-16.0","568,400","1,554,788","22,800","20,200","0.89","0.00","-","2,695.40","2,849.44","2,820.29","2,771.63","2,460.21","784,220","580,272","658,962"
"2020/02/28","1,476.0","1,476.0","1,441.0","1,459.0","-57.0","1,062,800","1,548,246","17,700","15,700","0.89","-","-","1,547.80","1,762.08","1,864.40","1,840.90","1,793.28","656,440","572,212","510,553"
"2019/08/05","1,709.0","1,716.0","1,682.0","1,708.0","-16.0","399,600","679,774","20,400","18,100","0.89","0.00","-","1,764.60","1,792.72","1,798.21","1,853.07","1,921.50","416,260","336,876","440,068"
"2018/04/02","1,991.0","2,009.0","1,983.0","1,984.0","-4.0","338,900","676,516","13,800","12,300","0.89","0.00","-","1,982.60","2,003.76","2,085.56","2,078.32","2,000.84","786,020","793,328","752,985"
"2016/06/21","2,119.0","2,184.0","2,112.0","2,175.0","+16.0","487,400","1,050,560","40,300","35,800","0.89","0.00","-","2,160.60","2,287.88","2,198.95","2,162.77","2,144.86","664,160","759,128","764,702"
"2016/06/03","2,225.0","2,258.0","2,212.0","2,254.0","+16.0","614,200","1,378,530","57,400","51,300","0.89","0.00","-","2,293.00","2,256.92","2,169.88","2,131.74","2,144.85","760,620","827,568","810,354"
"2015/09/02","1,950.0","2,038.0","1,928.0","1,980.0","-35.0","1,318,200","2,617,175","37,000","32,900","0.89","0.00","-","2,046.80","2,144.20","2,042.15","1,951.20","1,722.19","1,211,820","1,260,072","1,141,281"
"2015/07/15","2,145.0","2,156.0","2,071.0","2,098.0","-37.0","969,400","2,041,590","99,600","88,800","0.89","0.00","-","2,078.40","1,964.12","1,822.87","1,767.11","1,570.47","1,077,120","1,028,492","1,070,196"
"2014/08/12","1,480.0","1,611.0","1,435.0","1,608.0","+112.0","2,217,900","3,414,352","40,100","35,800","0.89","0.00","-","1,514.40","1,517.24","1,533.64","-","-","917,120","555,028","731,826"
"2023/03/02","2,292.0","2,308.0","2,292.0","2,307.0","+15.0","507,400","1,168,148","30,900","27,800","0.90","0.05","-","2,271.20","2,165.72","2,128.47","2,114.62","2,110.25","625,720","480,564","435,173"
"2023/02/06","2,127.0","2,135.0","2,102.0","2,131.0","+19.0","319,700","678,851","15,900","14,300","0.90","0.00","-","2,127.60","2,084.08","2,106.23","2,099.60","2,103.05","279,060","303,324","413,521"
"2022/08/05","2,183.0","2,205.0","2,181.0","2,202.0","+12.0","357,700","786,100","11,500","10,300","0.90","-","-","2,185.40","2,142.80","2,084.19","2,098.76","2,309.90","493,500","508,348","674,268"
"2018/08/29","2,055.0","2,059.0","2,033.0","2,041.0","+8.0","526,200","1,075,342","12,300","11,100","0.90","0.00","-","2,021.00","2,077.72","2,132.23","2,121.75","2,097.00","450,200","607,488","653,286"
"2018/02/23","1,984.0","2,010.0","1,975.0","1,999.0","+32.0","627,200","1,250,179","15,200","13,700","0.90","0.00","-","1,988.80","2,096.72","2,103.17","2,093.91","1,977.85","894,680","837,336","816,601"
"2017/09/05","1,853.0","1,860.0","1,836.0","1,842.0","-19.0","402,000","741,608","35,600","32,100","0.90","0.00","-","1,866.80","1,869.92","1,856.05","1,830.30","1,932.21","550,260","673,888","913,721"
"2016/11/29","2,218.0","2,232.0","2,207.0","2,212.0","-39.0","621,800","1,377,417","16,600","14,900","0.90","0.00","-","2,202.60","2,066.12","1,986.65","2,005.66","2,083.12","780,640","913,800","904,174"
"2016/10/12","1,931.0","1,950.0","1,927.0","1,943.0","-3.0","1,196,000","2,320,426","37,600","34,000","0.90","0.00","-","1,958.00","1,964.28","1,997.85","2,067.91","2,092.91","862,520","790,364","866,284"
"2016/05/09","2,056.0","2,080.0","2,031.0","2,067.0","+27.0","610,300","1,260,616","47,800","43,000","0.90","0.00","-","2,078.00","2,132.52","2,096.67","2,119.55","2,126.56","828,760","730,976","839,878"
"2016/03/17","2,149.0","2,220.0","2,148.0","2,193.0","+65.0","757,400","1,657,878","57,700","51,700","0.90","0.00","-","2,151.60","2,076.60","2,131.85","2,166.76","2,094.64","684,400","915,544","907,646"
"2015/09/29","1,869.0","1,889.0","1,799.0","1,825.0","-79.0","1,028,000","1,881,478","26,000","23,400","0.90","0.00","-","1,874.60","1,936.60","2,023.83","1,987.87","1,765.62","1,192,340","1,287,868","1,136,094"
"2021/12/21","2,501.0","2,525.0","2,475.0","2,513.0","+35.0","383,700","961,484","13,000","11,800","0.91","-","-","2,545.00","2,503.44","2,722.11","2,700.12","2,741.14","458,220","599,244","633,868"
"2021/11/19","2,540.0","2,555.0","2,513.0","2,535.0","+5.0","391,000","990,593","14,800","13,400","0.91","-","-","2,549.40","2,739.56","2,760.29","2,751.53","2,733.28","429,400","565,176","612,249"
"2021/11/04","2,871.0","2,906.0","2,849.0","2,893.0","+40.0","643,400","1,857,302","13,100","11,900","0.91","-","-","2,844.40","2,818.44","2,764.47","2,788.78","2,713.94","532,140","558,780","588,542"
"2017/10/17","2,062.0","2,071.0","2,048.0","2,069.0","+14.0","404,100","833,633","38,700","35,300","0.91","0.00","-","2,056.80","2,002.20","1,909.13","1,893.90","1,901.19","486,000","672,920","730,408"
"2016/12/26","2,293.0","2,307.0","2,241.0","2,243.0","-13.0","478,000","1,079,104","35,400","32,300","0.91","0.05","-","2,249.60","2,218.40","2,061.27","2,031.60","2,101.33","669,120","782,252","839,596"
"2016/07/19","2,111.0","2,131.0","2,090.0","2,123.0","+43.0","747,500","1,579,905","24,700","22,600","0.91","0.00","-","2,107.60","2,104.72","2,178.85","2,169.41","2,159.06","1,042,600","856,280","794,669"
"2016/04/07","2,087.0","2,139.0","2,076.0","2,109.0","+30.0","723,000","1,519,500","83,800","76,500","0.91","0.00","-","2,100.40","2,156.64","2,102.95","2,153.71","2,109.47","727,920","746,580","882,890"
"2016/01/08","2,063.0","2,123.0","2,051.0","2,069.0","-12.0","1,586,100","3,318,813","37,200","33,800","0.91","0.00","-","2,122.80","2,252.36","2,185.99","2,158.22","2,003.14","1,109,820","816,304","1,062,853"
"2016/01/06","2,198.0","2,224.0","2,137.0","2,155.0","-20.0","734,800","1,592,307","60,700","55,200","0.91","0.00","-","2,190.20","2,279.68","2,182.85","2,157.95","1,998.15","859,540","796,168","1,068,116"
"2015/05/11","1,680.0","1,696.0","1,654.0","1,656.0","+9.0","567,900","951,276","88,600","80,800","0.91","0.00","-","1,636.80","1,643.08","1,589.25","1,550.91","1,467.56","604,420","927,264","1,064,454"
"2015/05/01","1,603.0","1,625.0","1,590.0","1,625.0","+3.0","633,100","1,021,860","75,800","69,000","0.91","0.00","-","1,652.20","1,624.48","1,582.97","1,543.36","1,465.42","683,100","965,836","1,070,944"
"2015/04/08","1,628.0","1,645.0","1,615.0","1,636.0","+20.0","1,193,700","1,948,944","72,800","66,500","0.91","0.00","-","1,619.20","1,560.92","1,540.41","1,493.17","1,453.83","1,330,460","1,198,240","1,129,001"
"2022/12/15","2,111.0","2,127.0","2,109.0","2,124.0","-2.0","230,900","489,741","14,900","13,700","0.92","0.00","-","2,112.80","2,168.80","2,116.09","2,137.73","2,113.07","333,700","505,260","523,337"
"2022/08/31","2,141.0","2,156.0","2,111.0","2,123.0","-49.0","1,339,100","2,851,786","15,500","14,300","0.92","0.00","-","2,169.40","2,199.24","2,110.04","2,104.54","2,255.79","562,340","622,860","652,408"
"2021/12/02","2,355.0","2,387.0","2,341.0","2,352.0","-12.0","564,500","1,333,828","14,300","13,200","0.92","-","-","2,359.00","2,599.44","2,738.04","2,715.09","2,733.94","724,800","596,412","616,510"
"2021/10/22","2,853.0","2,880.0","2,798.0","2,816.0","-22.0","934,800","2,649,789","11,400","10,500","0.92","-","-","2,833.80","2,862.88","2,752.67","2,800.07","2,684.03","507,720","666,284","605,854"
"2019/08/23","1,618.0","1,619.0","1,601.0","1,610.0","-4.0","455,400","733,320","16,700","15,400","0.92","0.00","-","1,603.80","1,700.48","1,749.52","1,799.04","1,897.99","516,480","471,872","464,977"
"2016/10/24","1,972.0","2,010.0","1,958.0","2,005.0","+37.0","501,300","1,000,203","19,200","17,700","0.92","0.00","-","1,962.60","1,969.52","1,984.84","2,033.76","2,080.89","890,460","849,324","865,396"
"2016/04/26","2,219.0","2,226.0","2,164.0","2,186.0","-48.0","821,900","1,798,704","63,900","58,600","0.92","0.00","-","2,203.00","2,160.68","2,091.41","2,135.35","2,124.56","706,820","718,828","877,890"
"2016/04/08","2,085.0","2,147.0","2,047.0","2,105.0","-4.0","1,001,600","2,102,825","81,900","75,000","0.92","0.00","-","2,099.20","2,155.72","2,099.73","2,151.36","2,110.59","730,840","757,704","887,884"
"2015/12/21","2,268.0","2,281.0","2,215.0","2,270.0","-35.0","563,400","1,268,928","62,800","57,800","0.92","0.05","-","2,281.60","2,307.56","2,151.35","2,150.04","1,972.15","720,100","831,192","1,132,648"
"2022/11/17","2,195.0","2,230.0","2,186.0","2,222.0","+19.0","395,300","876,808","15,100","14,000","0.93","0.05","-","2,204.80","2,102.12","2,128.03","2,125.29","2,130.88","641,600","512,268","565,897"
"2022/06/08","2,102.0","2,123.0","2,095.0","2,113.0","-7.0","1,027,200","2,169,803","21,600","20,100","0.93","-","-","2,116.80","2,050.12","2,101.63","2,200.29","2,451.50","641,080","848,116","934,306"
"2022/03/24","2,193.0","2,220.0","2,175.0","2,216.0","-11.0","534,000","1,178,077","17,300","16,100","0.93","-","-","2,195.00","2,140.16","2,407.07","2,460.00","2,629.49","1,140,440","1,213,608","861,362"
"2021/11/17","2,611.0","2,612.0","2,530.0","2,533.0","-30.0","428,200","1,092,077","14,400","13,400","0.93","-","-","2,557.80","2,766.28","2,763.67","2,759.89","2,731.70","565,600","582,268","613,725"
"2021/11/01","2,850.0","2,874.0","2,818.0","2,866.0","+63.0","464,100","1,326,237","12,300","11,500","0.93","-","-","2,817.60","2,826.72","2,760.67","2,791.97","2,706.59","488,340","583,328","588,909"
"2017/08/31","1,879.0","1,895.0","1,862.0","1,869.0","-5.0","936,300","1,756,510","36,800","34,400","0.93","0.00","-","1,867.40","1,871.56","1,850.35","1,824.82","1,934.51","566,720","720,352","961,153"
"2017/01/17","2,273.0","2,273.0","2,205.0","2,209.0","-61.0","701,600","1,559,730","32,800","30,400","0.93","0.00","-","2,276.80","2,253.92","2,116.24","2,065.44","2,108.89","730,940","728,036","820,453"
"2016/12/09","2,243.0","2,249.0","2,227.0","2,240.0","-1.0","894,900","2,003,632","37,700","34,900","0.93","0.00","-","2,215.00","2,128.32","2,013.69","2,016.98","2,092.32","758,160","911,160","846,977"
"2016/02/02","2,233.0","2,321.0","2,222.0","2,298.0","+15.0","1,625,400","3,722,033","68,400","63,400","0.93","0.00","-","2,130.40","2,058.16","2,201.37","2,131.70","2,039.73","1,066,700","991,084","1,030,586"
"2015/06/17","1,892.0","1,902.0","1,868.0","1,872.0","-8.0","1,227,200","2,310,970","83,900","77,800","0.93","0.00","-","1,892.80","1,927.08","1,716.60","1,677.44","1,518.44","1,137,520","1,331,400","1,123,416"
"2022/11/15","2,186.0","2,220.0","2,179.0","2,196.0","-5.0","503,200","1,107,860","14,900","14,000","0.94","0.00","-","2,165.40","2,088.64","2,127.29","2,121.71","2,132.83","805,340","517,636","571,262"
"2022/04/12","2,076.0","2,087.0","2,064.0","2,072.0","+6.0","558,100","1,157,290","13,100","12,300","0.94","-","-","2,080.00","2,140.88","2,337.36","2,379.61","2,575.06","884,080","968,660","896,837"
"2022/03/15","2,138.0","2,174.0","2,129.0","2,162.0","+21.0","711,500","1,535,921","19,600","18,400","0.94","-","-","2,117.80","2,193.44","2,423.81","2,498.52","2,651.87","934,520","1,162,856","823,277"
"2021/12/30","2,626.0","2,689.0","2,621.0","2,676.0","+31.0","388,100","1,037,892","10,900","10,300","0.94","-","-","2,621.80","2,528.16","2,699.96","2,699.15","2,743.07","333,620","577,324","599,253"
"2018/02/16","1,915.0","1,926.0","1,888.0","1,902.0","+10.0","1,314,500","2,507,983","19,700","18,600","0.94","0.00","-","1,944.80","2,144.40","2,114.63","2,096.53","1,972.37","1,179,400","780,256","802,349"
"2016/12/05","2,204.0","2,211.0","2,180.0","2,191.0","-26.0","527,100","1,154,278","15,900","14,900","0.94","0.00","-","2,211.60","2,098.64","1,995.75","2,011.37","2,086.65","792,340","946,508","890,017"
"2016/06/16","2,205.0","2,216.0","2,129.0","2,140.0","-61.0","870,200","1,878,256","46,600","43,700","0.94","0.00","-","2,208.00","2,302.20","2,196.03","2,154.89","2,144.48","687,940","803,208","774,062"
"2015/07/06","2,000.0","2,042.0","1,961.0","1,980.0","-39.0","555,800","1,109,688","102,500","96,500","0.94","0.00","-","1,986.00","1,933.00","1,773.01","1,737.18","1,546.42","790,680","1,119,820","1,094,996"
"2015/05/13","1,676.0","1,679.0","1,645.0","1,655.0","-40.0","622,300","1,029,209","84,600","79,800","0.94","0.00","-","1,657.40","1,652.56","1,594.23","1,557.41","1,469.25","561,820","826,640","1,063,554"
"2022/05/11","2,090.0","2,125.0","2,067.0","2,116.0","+5.0","778,900","1,640,426","5,500","5,200","0.95","-","-","2,108.40","2,098.44","2,206.51","2,314.25","2,511.85","674,240","681,744","928,502"
"2022/03/03","2,092.0","2,112.0","2,066.0","2,099.0","+37.0","1,048,900","2,202,113","17,700","16,800","0.95","-","-","2,111.80","2,285.16","2,472.41","2,555.71","2,680.34","1,453,740","1,049,356","764,110"
"2021/10/06","2,799.0","2,842.0","2,733.0","2,740.0","-45.0","660,200","1,823,145","10,700","10,200","0.95","-","-","2,791.80","2,881.56","2,766.08","2,806.27","2,642.24","633,280","728,660","605,584"
"2018/01/10","2,206.0","2,236.0","2,203.0","2,235.0","+24.0","701,000","1,559,491","16,900","16,000","0.95","0.00","-","2,182.80","2,118.00","2,076.61","2,025.15","1,917.48","677,200","657,456","743,636"
"2017/01/18","2,221.0","2,232.0","2,195.0","2,218.0","+9.0","444,100","982,903","33,400","31,600","0.95","0.00","-","2,262.80","2,253.00","2,119.52","2,068.94","2,109.16","656,760","700,776","815,329"
"2016/04/20","2,134.0","2,160.0","2,113.0","2,128.0","+12.0","554,600","1,183,960","66,200","62,900","0.95","0.00","-","2,140.60","2,153.56","2,086.85","2,140.76","2,119.41","616,260","712,268","891,004"
"2016/03/18","2,182.0","2,202.0","2,160.0","2,178.0","-15.0","746,500","1,626,650","57,200","54,300","0.95","0.00","-","2,164.20","2,091.08","2,129.36","2,166.72","2,095.51","660,780","886,404","909,109"
"2015/04/14","1,650.0","1,650.0","1,632.0","1,647.0","+1.0","438,900","721,865","76,400","72,700","0.95","0.00","-","1,643.00","1,568.04","1,553.83","1,504.48","1,457.01","932,120","1,160,552","1,088,864"
"2022/01/13","2,816.0","2,853.0","2,784.0","2,813.0","+47.0","811,400","2,289,478","11,100","10,700","0.96","-","-","2,750.00","2,625.52","2,680.24","2,707.12","2,742.58","638,620","548,072","588,114"
"2021/12/06","2,466.0","2,508.0","2,455.0","2,485.0","+27.0","635,800","1,579,240","14,800","14,200","0.96","-","-","2,401.40","2,573.84","2,734.32","2,710.15","2,733.83","762,480","606,528","621,905"
"2021/11/16","2,577.0","2,599.0","2,557.0","2,563.0","-23.0","546,900","1,406,929","13,900","13,300","0.96","-","-","2,572.80","2,775.24","2,765.16","2,764.14","2,730.90","633,020","598,776","616,264"
"2018/02/19","1,919.0","1,992.0","1,898.0","1,992.0","+90.0","924,600","1,813,232","20,100","19,200","0.96","0.00","-","1,936.80","2,135.24","2,113.17","2,096.25","1,973.63","1,211,660","787,096","807,797"
"2016/11/14","2,051.0","2,154.0","2,051.0","2,126.0","+174.0","1,965,600","4,162,122","16,600","16,000","0.96","0.00","-","1,983.80","1,981.92","1,967.65","2,000.11","2,079.19","1,187,380","952,128","883,740"
"2016/04/19","2,142.0","2,158.0","2,077.0","2,116.0","+20.0","865,900","1,820,477","64,500","62,100","0.96","0.00","-","2,138.20","2,154.92","2,088.61","2,142.38","2,118.74","706,780","712,860","891,641"
"2015/06/23","1,900.0","1,903.0","1,885.0","1,902.0","+25.0","755,400","1,433,343","71,900","69,000","0.96","0.00","-","1,867.40","1,939.72","1,726.33","1,693.78","1,524.20","1,118,500","1,240,980","1,113,437"
"2022/12/09","2,089.0","2,127.0","2,087.0","2,119.0","+10.0","432,100","912,594","15,000","14,500","0.97","0.00","-","2,110.80","2,162.72","2,122.41","2,137.73","2,114.86","428,480","547,344","531,452"
"2022/09/09","2,166.0","2,186.0","2,166.0","2,179.0","+16.0","631,700","1,374,156","11,600","11,300","0.97","0.00","-","2,142.60","2,186.00","2,126.68","2,108.39","2,239.02","558,140","634,252","628,598"
"2022/08/08","2,196.0","2,201.0","2,182.0","2,190.0","-12.0","436,500","956,872","11,100","10,800","0.97","-","-","2,179.80","2,147.80","2,085.80","2,099.61","2,306.57","484,020","500,448","676,050"
"2021/12/28","2,599.0","2,646.0","2,576.0","2,637.0","+61.0","496,400","1,305,196","10,000","9,700","0.97","-","-","2,579.80","2,512.80","2,706.64","2,697.27","2,742.72","294,220","577,576","616,872"
"2017/10/20","2,059.0","2,067.0","2,046.0","2,063.0","-5.0","459,000","945,357","44,800","43,400","0.97","0.00","-","2,061.40","2,022.08","1,916.51","1,900.99","1,898.59","432,240","639,088","713,329"
"2016/04/12","2,094.0","2,097.0","2,071.0","2,072.0","-36.0","686,500","1,428,442","83,400","81,100","0.97","0.00","-","2,094.60","2,150.68","2,094.47","2,147.74","2,112.93","745,740","736,504","885,056"
"2016/02/04","2,145.0","2,184.0","2,121.0","2,154.0","-41.0","735,100","1,581,978","71,300","69,300","0.97","0.00","-","2,210.20","2,057.12","2,202.67","2,135.07","2,045.10","1,290,340","1,016,788","1,028,970"
"2014/11/13","1,294.0","1,396.0","1,291.0","1,370.0","+46.0","3,702,800","5,029,414","57,700","55,800","0.97","0.00","-","1,292.80","1,204.08","1,375.23","1,409.52","-","2,341,720","2,172,640","1,384,984"
"2023/02/02","2,120.0","2,125.0","2,098.0","2,107.0","-21.0","346,300","730,513","16,500","16,100","0.98","0.00","-","2,141.20","2,076.24","2,104.69","2,099.62","2,102.53","239,940","296,756","416,856"
"2021/10/29","2,800.0","2,831.0","2,765.0","2,803.0","-4.0","620,000","1,735,008","12,200","11,900","0.98","-","-","2,805.80","2,831.88","2,758.05","2,793.51","2,702.75","485,780","592,732","591,424"
"2021/08/18","2,610.0","2,628.0","2,588.0","2,588.0","-24.0","394,600","1,026,202","21,000","20,500","0.98","-","-","2,623.00","2,636.44","2,787.88","2,776.12","2,517.04","447,700","506,068","623,230"
"2017/10/18","2,073.0","2,077.0","2,051.0","2,052.0","-17.0","508,800","1,047,552","39,200","38,600","0.98","0.00","-","2,056.40","2,009.04","1,911.43","1,896.11","1,900.27","457,960","670,032","723,332"
"2016/03/22","2,209.0","2,240.0","2,167.0","2,210.0","+32.0","778,500","1,716,531","53,300","52,300","0.98","0.00","-","2,174.20","2,098.80","2,126.91","2,166.84","2,096.43","676,980","863,216","901,461"
"2015/09/09","1,860.0","1,915.0","1,843.0","1,878.0","+61.0","1,491,700","2,792,701","42,200","41,400","0.98","0.00","-","1,906.60","2,092.64","2,038.21","1,964.34","1,735.63","1,117,300","1,316,420","1,128,316"
"2022/02/07","2,404.0","2,454.0","2,395.0","2,454.0","+46.0","742,800","1,809,876","11,200","11,100","0.99","-","-","2,404.80","2,557.56","2,594.64","2,666.90","2,720.13","649,720","746,028","627,074"
"2016/10/31","2,017.0","2,032.0","2,004.0","2,029.0","+6.0","609,100","1,231,298","51,600","51,000","0.99","0.00","-","2,016.00","1,982.12","1,981.91","2,021.12","2,077.26","892,200","834,692","862,717"
"2016/10/18","1,913.0","1,929.0","1,896.0","1,922.0","-8.0","1,166,800","2,237,762","17,000","16,900","0.99","0.00","-","1,939.60","1,961.04","1,990.63","2,049.38","2,085.64","945,400","824,864","869,504"
"2016/09/29","2,034.0","2,038.0","2,004.0","2,014.0","-16.0","748,900","1,512,331","12,800","12,700","0.99","0.00","-","2,010.40","1,943.92","2,019.12","2,087.74","2,104.99","860,340","786,848","854,005"
"2016/04/11","2,096.0","2,114.0","2,070.0","2,108.0","+3.0","628,400","1,318,080","75,600","74,600","0.99","0.00","-","2,097.40","2,154.00","2,097.11","2,149.09","2,111.77","737,640","745,604","883,414"
"2015/07/02","2,000.0","2,065.0","1,999.0","2,030.0","+79.0","1,238,100","2,520,526","102,900","102,000","0.99","0.00","-","1,970.40","1,935.68","1,760.68","1,728.36","1,540.64","1,016,140","1,177,736","1,114,984"
"2015/05/14","1,642.0","1,668.0","1,642.0","1,657.0","+2.0","375,000","619,524","82,700","82,100","0.99","0.00","-","1,662.00","1,653.20","1,597.04","1,560.25","1,470.02","522,600","768,572","1,059,404"
"2015/04/13","1,656.0","1,664.0","1,632.0","1,646.0","-1.0","612,700","1,008,663","73,000","72,600","0.99","0.00","-","1,636.80","1,565.24","1,551.28","1,502.87","1,456.20","1,077,100","1,173,352","1,104,264"
"2022/10/19","2,094.0","2,113.0","2,093.0","2,102.0","+12.0","425,100","894,380","16,000","16,000","1.00","-","-","2,068.60","2,073.72","2,132.67","2,113.44","2,185.43","390,440","523,904","560,056"
"2022/02/17","2,215.0","2,248.0","2,164.0","2,181.0","-60.0","1,789,400","3,926,565","20,200","20,100","1.00","-","-","2,308.80","2,453.12","2,550.75","2,625.06","2,705.55","1,330,220","909,992","683,745"
"2021/10/04","2,809.0","2,820.0","2,750.0","2,764.0","-25.0","419,900","1,164,779","11,900","11,900","1.00","-","-","2,877.40","2,874.76","2,771.29","2,804.67","2,635.48","707,360","717,360","599,616"
"2016/12/21","2,261.0","2,263.0","2,224.0","2,231.0","-23.0","705,400","1,580,054","34,400","34,500","1.00","-","-","2,252.40","2,208.24","2,052.99","2,027.90","2,099.89","914,220","835,228","847,581"
"2016/11/18","2,158.0","2,161.0","2,124.0","2,126.0","-20.0","806,000","1,721,191","16,300","16,300","1.00","-","-","2,119.20","2,007.84","1,970.29","1,998.37","2,082.50","1,176,800","939,828","898,245"
"2022/12/12","2,129.0","2,129.0","2,100.0","2,101.0","-18.0","228,000","480,398","14,800","14,900","1.01","-","-","2,112.20","2,165.32","2,120.56","2,137.82","2,114.16","404,660","533,332","528,428"
"2016/05/11","2,178.0","2,185.0","2,130.0","2,156.0","+11.0","570,000","1,231,456","56,500","57,200","1.01","-","-","2,086.80","2,127.36","2,101.57","2,116.30","2,127.09","783,840","739,688","837,610"
"2015/07/03","2,023.0","2,044.0","1,988.0","2,019.0","-11.0","556,200","1,119,035","99,000","100,200","1.01","-","-","1,975.20","1,935.20","1,766.96","1,733.14","1,543.61","850,880","1,127,780","1,104,388"
"2015/03/17","1,528.0","1,559.0","1,505.0","1,526.0","-22.0","1,260,200","1,925,181","84,100","84,600","1.01","-","-","1,570.60","1,629.68","1,497.48","1,432.53","1,450.96","1,060,760","1,281,100","1,090,590"
"2022/09/16","2,143.0","2,160.0","2,139.0","2,154.0","+11.0","701,000","1,508,604","13,000","13,200","1.02","-","-","2,156.60","2,178.32","2,133.88","2,111.43","2,230.07","535,000","573,716","600,230"
"2022/03/30","2,165.0","2,190.0","2,155.0","2,183.0","-33.0","1,218,800","2,649,655","17,200","17,500","1.02","-","-","2,209.40","2,141.24","2,392.87","2,436.09","2,614.80","848,400","1,159,736","873,958"
"2018/03/29","1,962.0","1,974.0","1,937.0","1,964.0","-1.0","857,800","1,681,361","13,500","13,800","1.02","-","-","1,973.80","2,003.52","2,087.87","2,082.15","1,999.63","946,180","808,556","762,314"
"2017/11/06","2,164.0","2,176.0","2,134.0","2,173.0","-2.0","890,400","1,923,879","68,000","69,400","1.02","-","-","2,173.40","2,079.48","1,954.39","1,929.33","1,892.22","706,080","563,232","676,793"
"2017/09/04","1,876.0","1,885.0","1,848.0","1,861.0","-27.0","500,500","931,367","35,300","36,100","1.02","-","-","1,871.20","1,871.64","1,854.41","1,828.87","1,933.63","565,140","686,472","919,170"
"2016/06/22","2,180.0","2,187.0","2,133.0","2,154.0","-21.0","532,600","1,148,758","37,300","37,900","1.02","-","-","2,151.20","2,278.08","2,199.17","2,164.92","2,146.16","666,660","723,020","756,808"
"2016/04/13","2,065.0","2,132.0","2,019.0","2,116.0","+44.0","1,007,200","2,097,111","70,800","72,100","1.02","-","-","2,102.00","2,149.56","2,092.16","2,146.59","2,114.28","809,340","750,968","893,741"
"2016/01/14","1,998.0","2,031.0","1,956.0","2,010.0","+12.0","1,307,500","2,596,368","38,600","39,300","1.02","-","-","2,018.80","2,202.32","2,191.19","2,150.97","2,010.04","1,434,340","890,712","1,068,441"
"2022/09/26","2,078.0","2,080.0","2,032.0","2,037.0","-55.0","596,500","1,221,586","9,200","9,500","1.03","-","-","2,118.40","2,158.68","2,133.44","2,112.26","2,224.54","571,020","551,892","599,909"
"2022/07/08","2,143.0","2,155.0","2,106.0","2,112.0","-38.0","736,900","1,566,441","9,700","10,000","1.03","-","-","2,105.40","2,063.40","2,080.11","2,099.92","2,378.42","522,140","650,436","761,414"
"2021/11/30","2,380.0","2,395.0","2,340.0","2,348.0","+9.0","1,256,900","2,959,985","14,900","15,400","1.03","-","-","2,403.20","2,636.52","2,745.89","2,723.63","2,734.98","605,760","576,664","612,417"
"2019/08/14","1,610.0","1,616.0","1,566.0","1,570.0","-35.0","641,400","1,011,173","20,600","21,200","1.03","-","-","1,653.40","1,758.24","1,776.73","1,831.34","1,912.09","741,280","424,892","464,306"
"2018/08/17","1,980.0","2,000.0","1,964.0","1,996.0","+38.0","765,400","1,521,171","14,300","14,800","1.03","-","-","1,967.40","2,146.12","2,144.61","2,119.39","2,103.31","800,620","629,024","662,105"
"2023/02/21","2,205.0","2,255.0","2,204.0","2,242.0","+43.0","679,300","1,523,555","24,000","25,000","1.04","-","-","2,168.00","2,129.64","2,114.04","2,098.87","2,105.57","582,720","403,136","427,973"
"2023/02/03","2,096.0","2,119.0","2,090.0","2,112.0","+5.0","256,300","540,091","13,700","14,300","1.04","-","-","2,133.60","2,079.84","2,105.29","2,099.56","2,102.76","260,540","301,384","415,054"
"2017/10/04","2,027.0","2,034.0","2,001.0","2,008.0","-10.0","445,100","894,646","57,900","60,000","1.04","-","-","2,010.20","1,943.68","1,888.05","1,872.65","1,909.42","628,280","735,900","785,940"
"2016/04/18","2,080.0","2,121.0","2,080.0","2,096.0","-63.0","561,900","1,179,159","68,200","71,100","1.04","-","-","2,129.40","2,156.68","2,090.09","2,143.88","2,118.02","670,900","706,124","892,345"
"2015/07/08","2,079.0","2,103.0","1,978.0","1,978.0","-71.0","1,234,300","2,506,776","102,700","106,300","1.04","-","-","2,011.20","1,936.48","1,786.21","1,746.75","1,552.54","858,820","1,066,124","1,073,914"
"2015/06/18","1,877.0","1,882.0","1,837.0","1,841.0","-31.0","1,114,300","2,062,955","78,200","81,200","1.04","-","-","1,881.40","1,934.44","1,719.05","1,681.39","1,519.75","1,200,400","1,360,972","1,121,674"
"2024/01/05","2,197.5","2,212.5","2,173.5","2,201.5","+29.5","569,100","1,251,335","11,300","11,900","1.05","-","-","2,144.60","2,158.76","2,313.82","2,338.96","2,349.04","590,040","660,612","625,388"
"2022/11/10","2,099.0","2,157.0","2,094.0","2,128.0","+28.0","760,200","1,620,551","11,100","11,600","1.05","0.00","-","2,084.20","2,073.08","2,126.87","2,116.05","2,139.51","609,740","489,716","560,073"
"2022/08/02","2,190.0","2,199.0","2,159.0","2,168.0","-50.0","582,000","1,266,544","13,000","13,600","1.05","-","-","2,186.00","2,133.32","2,080.04","2,095.25","2,318.73","579,840","548,228","673,404"
"2022/05/25","2,005.0","2,022.0","1,975.0","1,983.0","+41.0","1,217,700","2,419,664","10,100","10,600","1.05","-","-","1,965.40","2,053.52","2,144.28","2,257.41","2,478.45","768,860","767,968","932,525"
"2021/12/20","2,523.0","2,536.0","2,474.0","2,478.0","-80.0","336,300","836,943","14,000","14,700","1.05","-","-","2,555.80","2,506.36","2,725.45","2,701.06","2,741.20","540,420","603,896","634,026"
"2017/10/02","2,006.0","2,013.0","1,999.0","2,004.0","-2.0","675,900","1,354,703","60,400","63,700","1.05","-","-","2,017.40","1,932.04","1,883.13","1,868.91","1,911.67","732,180","743,200","811,208"
"2016/01/18","1,946.0","1,980.0","1,921.0","1,969.0","-14.0","620,300","1,215,115","37,200","39,200","1.05","-","-","1,979.20","2,174.12","2,194.29","2,143.48","2,014.25","1,205,780","895,916","1,060,474"
"2016/01/15","2,052.0","2,092.0","1,970.0","1,983.0","-27.0","1,009,400","2,021,684","36,900","38,900","1.05","-","-","1,999.20","2,188.20","2,192.80","2,147.96","2,012.17","1,398,940","901,392","1,066,346"
"2015/04/06","1,613.0","1,631.0","1,595.0","1,611.0","-30.0","580,300","934,962","68,600","72,000","1.05","-","-","1,572.60","1,566.36","1,532.64","1,485.67","1,452.24","1,404,600","1,194,764","1,112,670"
"2022/07/21","2,135.0","2,187.0","2,134.0","2,166.0","+3.0","557,300","1,208,151","12,000","12,700","1.06","-","-","2,122.20","2,083.60","2,071.47","2,088.02","2,344.43","492,660","560,388","703,344"
"2021/08/16","2,625.0","2,643.0","2,598.0","2,610.0","-41.0","464,500","1,213,221","18,800","19,900","1.06","-","-","2,636.60","2,640.56","2,790.28","2,779.84","2,511.21","590,480","563,084","630,761"
"2018/02/22","1,959.0","1,985.0","1,943.0","1,967.0","-23.0","827,100","1,626,870","14,000","14,800","1.06","-","-","1,969.40","2,105.96","2,105.71","2,094.55","1,976.80","1,032,140","840,912","815,332"
"2017/11/08","2,180.0","2,185.0","2,165.0","2,184.0","-14.0","638,000","1,389,446","65,200","69,200","1.06","-","-","2,183.80","2,094.36","1,963.88","1,935.94","1,892.01","701,420","557,260","671,893"
"2017/01/25","2,159.0","2,181.0","2,138.0","2,150.0","+24.0","661,100","1,420,952","30,800","32,500","1.06","-","-","2,166.00","2,238.80","2,129.17","2,085.52","2,107.49","835,420","726,616","821,338"
"2017/01/24","2,136.0","2,159.0","2,115.0","2,126.0","-16.0","604,300","1,287,376","31,200","33,200","1.06","-","-","2,179.60","2,242.48","2,127.17","2,082.86","2,107.91","792,020","727,008","818,993"
"2016/11/21","2,106.0","2,133.0","2,094.0","2,127.0","+1.0","796,700","1,690,779","16,000","17,000","1.06","-","-","2,119.40","2,015.12","1,971.75","1,999.68","2,083.31","943,020","942,296","902,028"
"2016/10/07","1,948.0","1,984.0","1,946.0","1,975.0","+13.0","856,000","1,685,649","14,800","15,700","1.06","-","-","1,972.00","1,963.84","2,003.72","2,076.14","2,095.90","622,980","754,524","847,813"
"2016/07/20","2,107.0","2,135.0","2,080.0","2,133.0","+10.0","868,100","1,836,338","22,100","23,500","1.06","-","-","2,108.80","2,102.00","2,177.49","2,170.45","2,160.44","1,019,920","859,180","800,500"
"2015/12/24","2,318.0","2,324.0","2,224.0","2,239.0","-50.0","393,600","887,157","62,500","66,100","1.06","-","-","2,289.80","2,309.36","2,156.21","2,154.08","1,977.84","580,700","794,096","1,109,745"
"2015/10/26","2,291.0","2,293.0","2,212.0","2,217.0","-33.0","620,300","1,386,419","50,100","53,300","1.06","-","-","2,194.60","2,024.96","2,062.37","2,030.03","1,827.72","862,420","1,042,728","1,122,861"
"2015/09/03","2,026.0","2,071.0","2,021.0","2,032.0","+52.0","820,200","1,674,656","33,500","35,500","1.06","-","-","2,048.60","2,140.96","2,043.88","1,955.13","1,726.01","1,106,320","1,252,932","1,134,788"
"2015/07/01","1,949.0","1,955.0","1,927.0","1,951.0","+1.0","519,800","1,013,044","92,200","97,300","1.06","-","-","1,958.60","1,935.52","1,755.01","1,723.03","1,537.67","1,010,960","1,174,196","1,115,282"
"2015/06/22","1,861.0","1,888.0","1,859.0","1,877.0","+32.0","834,400","1,564,434","71,900","76,300","1.06","-","-","1,863.00","1,939.92","1,723.48","1,689.75","1,522.57","1,250,440","1,287,420","1,115,102"
"2022/02/16","2,221.0","2,271.0","2,191.0","2,241.0","-4.0","1,392,100","3,105,190","18,900","20,300","1.07","-","-","2,362.00","2,476.52","2,558.68","2,632.20","2,708.41","1,085,360","872,032","666,665"
"2022/02/02","2,368.0","2,422.0","2,361.0","2,410.0","+84.0","671,600","1,612,731","10,300","11,000","1.07","-","-","2,354.60","2,580.36","2,613.15","2,679.95","2,724.85","675,260","710,380","618,484"
"2015/06/19","1,802.0","1,851.0","1,731.0","1,845.0","+4.0","1,661,200","3,026,329","74,500","79,400","1.07","-","-","1,869.20","1,941.12","1,721.12","1,685.55","1,521.03","1,310,660","1,407,136","1,122,514"
"2014/12/18","1,348.0","1,396.0","1,348.0","1,368.0","+44.0","1,872,500","2,573,041","41,200","44,100","1.07","-","-","1,343.80","1,355.44","1,312.97","1,371.72","-","1,110,680","1,550,484","1,564,473"
"2022/10/14","2,073.0","2,089.0","2,045.0","2,067.0","+44.0","391,400","810,932","10,300","11,100","1.08","-","-","2,048.40","2,082.36","2,133.19","2,110.04","2,191.81","460,620","553,108","573,325"
"2022/07/07","2,120.0","2,166.0","2,115.0","2,150.0","+60.0","755,900","1,621,410","9,200","9,900","1.08","-","-","2,096.00","2,063.76","2,080.68","2,103.27","2,382.60","501,560","642,480","775,588"
"2022/01/18","2,749.0","2,787.0","2,698.0","2,715.0","-19.0","528,100","1,445,287","10,100","10,900","1.08","-","-","2,762.00","2,642.24","2,669.77","2,713.31","2,742.13","708,080","503,140","583,134"
"2021/11/12","2,536.0","2,615.0","2,535.0","2,580.0","+53.0","606,300","1,559,587","15,700","16,900","1.08","-","-","2,628.60","2,791.24","2,765.96","2,770.50","2,728.16","886,380","600,616","613,697"
"2017/01/30","2,151.0","2,161.0","2,142.0","2,150.0","-21.0","698,400","1,502,249","28,500","30,900","1.08","-","-","2,153.00","2,226.80","2,137.23","2,093.51","2,107.82","663,040","680,816","825,020"
"2017/01/26","2,179.0","2,180.0","2,149.0","2,168.0","+18.0","832,200","1,802,530","29,800","32,300","1.08","-","-","2,158.20","2,234.68","2,131.96","2,088.38","2,107.35","814,440","701,304","822,802"
"2016/11/28","2,239.0","2,258.0","2,222.0","2,251.0","+18.0","772,800","1,733,816","29,100","31,400","1.08","-","-","2,185.60","2,056.36","1,983.84","2,004.10","2,082.83","815,620","918,180","907,780"
"2016/10/06","1,965.0","1,972.0","1,948.0","1,962.0","-2.0","579,400","1,135,792","14,400","15,600","1.08","-","-","1,981.80","1,962.36","2,006.17","2,079.69","2,097.16","561,600","746,900","845,842"
"2016/03/07","2,174.0","2,187.0","2,135.0","2,155.0","+4.0","914,000","1,968,220","54,900","59,200","1.08","-","-","2,129.20","2,076.68","2,146.76","2,167.18","2,085.90","909,800","1,029,176","916,618"
"2016/02/05","2,118.0","2,132.0","2,073.0","2,098.0","-56.0","1,060,200","2,222,041","69,500","75,100","1.08","-","-","2,205.60","2,051.96","2,201.97","2,136.85","2,047.36","1,272,800","1,022,448","1,032,801"
"2022/10/26","2,118.0","2,133.0","2,106.0","2,118.0","+15.0","347,800","737,822","10,200","11,100","1.09","-","-","2,095.60","2,061.52","2,133.45","2,115.79","2,172.79","358,060","488,516","551,244"
"2021/12/29","2,621.0","2,657.0","2,601.0","2,645.0","+8.0","327,100","864,840","10,100","11,000","1.09","-","-","2,601.00","2,519.72","2,703.35","2,697.97","2,743.03","300,280","572,148","609,145"
"2021/11/05","2,866.0","2,893.0","2,852.0","2,862.0","-31.0","451,000","1,291,892","9,400","10,200","1.09","-","-","2,855.40","2,817.68","2,766.25","2,787.05","2,717.15","526,840","540,268","586,977"
"2021/10/28","2,788.0","2,815.0","2,755.0","2,807.0","+31.0","477,500","1,336,033","12,200","13,300","1.09","-","-","2,808.40","2,841.36","2,755.59","2,795.05","2,698.99","548,740","609,744","604,136"
"2021/10/01","2,849.0","2,854.0","2,772.0","2,789.0","-92.0","490,300","1,373,654","11,700","12,800","1.09","-","-","2,923.60","2,870.64","2,773.83","2,804.83","2,632.20","763,220","719,048","598,764"
"2018/08/24","2,003.0","2,012.0","1,987.0","2,008.0","+13.0","457,100","915,518","12,700","13,900","1.09","-","-","1,997.00","2,100.04","2,135.37","2,120.11","2,099.22","494,720","600,304","659,448"
"2017/01/19","2,237.0","2,252.0","2,200.0","2,207.0","-11.0","937,100","2,079,867","33,800","36,700","1.09","-","-","2,245.40","2,251.68","2,121.77","2,073.19","2,109.28","669,480","702,464","815,765"
"2022/08/03","2,159.0","2,181.0","2,141.0","2,149.0","-19.0","550,200","1,184,231","12,000","13,200","1.10","-","-","2,180.00","2,134.72","2,081.11","2,096.65","2,315.67","607,320","548,656","671,212"
"2022/03/17","2,177.0","2,188.0","2,155.0","2,178.0","+29.0","703,300","1,530,424","17,400","19,200","1.10","-","-","2,147.00","2,171.04","2,415.68","2,484.63","2,644.28","901,420","1,175,040","835,504"
"2021/08/17","2,650.0","2,654.0","2,608.0","2,612.0","+2.0","369,700","971,841","18,500","20,400","1.10","-","-","2,636.20","2,637.64","2,788.95","2,778.03","2,514.06","492,380","553,220","625,517"
"2019/08/13","1,634.0","1,647.0","1,601.0","1,605.0","-84.0","1,270,700","2,058,048","20,000","22,000","1.10","-","-","1,679.40","1,767.44","1,781.28","1,835.89","1,913.96","688,180","410,652","458,977"
"2018/08/27","2,010.0","2,035.0","1,994.0","2,028.0","+20.0","483,100","976,126","12,400","13,600","1.10","-","-","2,002.00","2,093.08","2,134.05","2,120.58","2,098.48","458,680","604,172","659,073"
"2018/08/13","1,969.0","1,994.0","1,937.0","1,944.0","-46.0","1,008,200","1,976,957","14,700","16,100","1.10","-","-","2,070.80","2,180.76","2,153.21","2,120.90","2,105.53","894,880","600,316","658,824"
"2016/06/17","2,163.0","2,169.0","2,121.0","2,128.0","-12.0","734,900","1,572,340","40,700","44,600","1.10","-","-","2,176.00","2,300.24","2,196.39","2,158.27","2,143.84","684,040","802,888","771,850"
"2016/03/08","2,133.0","2,170.0","2,098.0","2,144.0","-11.0","645,600","1,380,260","52,800","58,200","1.10","-","-","2,143.00","2,071.12","2,145.60","2,167.24","2,088.23","867,740","988,444","911,934"
"2023/10/19","2,316.5","2,353.5","2,315.5","2,328.0","-23.0","328,800","766,403","5,500","6,100","1.11","-","-","2,349.10","2,469.58","2,445.39","2,431.10","2,323.68","379,620","558,984","468,061"
"2022/07/14","2,083.0","2,097.0","2,079.0","2,092.0","+5.0","436,100","911,928","15,200","16,900","1.11","-","-","2,106.60","2,063.28","2,074.23","2,090.50","2,361.35","482,180","611,096","734,464"
"2022/03/02","2,102.0","2,137.0","2,060.0","2,062.0","-77.0","1,811,400","3,773,669","19,000","21,100","1.11","-","-","2,112.00","2,295.76","2,479.20","2,562.57","2,683.62","1,711,680","1,063,924","760,329"
"2017/01/23","2,175.0","2,177.0","2,129.0","2,142.0","-63.0","1,157,900","2,484,173","29,200","32,300","1.11","-","-","2,196.20","2,246.48","2,125.81","2,080.34","2,108.58","811,480","722,800","818,257"
"2016/03/15","2,160.0","2,189.0","2,140.0","2,162.0","+2.0","569,400","1,231,668","49,000","54,600","1.11","-","-","2,120.60","2,059.80","2,136.49","2,166.46","2,092.74","809,760","929,840","913,512"
"2015/08/21","2,192.0","2,193.0","2,084.0","2,138.0","-118.0","1,355,700","2,899,989","48,800","54,400","1.11","-","-","2,314.00","2,171.28","2,011.68","1,916.52","1,690.61","1,275,260","1,108,248","1,122,686"
"2023/10/20","2,303.0","2,328.5","2,282.5","2,312.0","-16.0","332,900","768,773","4,200","4,700","1.12","-","-","2,332.10","2,459.98","2,443.51","2,430.58","2,325.12","343,820","543,112","467,428"
"2022/11/08","2,070.0","2,103.0","2,069.0","2,093.0","+29.0","354,400","740,950","12,700","14,200","1.12","0.00","-","2,053.60","2,066.16","2,128.21","2,113.88","2,145.95","397,700","464,068","550,008"
"2022/01/31","2,344.0","2,390.0","2,342.0","2,371.0","+33.0","696,400","1,651,430","10,400","11,600","1.12","-","-","2,360.00","2,596.80","2,624.84","2,688.54","2,728.48","874,600","676,140","621,385"
"2021/11/22","2,508.0","2,521.0","2,481.0","2,504.0","-31.0","365,800","915,732","14,800","16,600","1.12","-","-","2,533.00","2,722.64","2,758.76","2,746.95","2,734.04","402,560","557,056","608,989"
"2016/03/02","2,083.0","2,158.0","2,081.0","2,137.0","+62.0","1,124,700","2,397,155","51,900","58,300","1.12","-","-","2,100.80","2,062.16","2,152.73","2,162.05","2,078.76","992,000","1,008,208","938,138"
"2014/12/11","1,324.0","1,384.0","1,317.0","1,373.0","+40.0","1,295,200","1,765,946","44,500","49,700","1.12","-","-","1,373.60","1,339.56","1,327.51","1,379.78","-","906,280","1,709,444","1,557,828"
"2022/07/12","2,123.0","2,123.0","2,093.0","2,099.0","-44.0","488,600","1,026,891","10,700","12,100","1.13","-","-","2,118.80","2,064.12","2,077.65","2,093.57","2,369.94","559,340","643,800","737,794"
"2022/02/01","2,375.0","2,391.0","2,320.0","2,326.0","-45.0","632,100","1,483,804","10,200","11,500","1.13","-","-","2,352.40","2,586.96","2,619.09","2,684.02","2,726.43","718,400","692,568","618,601"
"2017/09/08","1,864.0","1,864.0","1,845.0","1,853.0","0.0","962,900","1,787,054","42,600","48,200","1.13","-","-","1,849.60","1,865.08","1,857.80","1,835.39","1,928.22","696,660","698,316","884,186"
"2016/02/03","2,218.0","2,232.0","2,142.0","2,195.0","-103.0","1,279,400","2,799,264","64,200","72,300","1.13","-","-","2,172.40","2,056.40","2,201.55","2,133.85","2,042.53","1,213,940","1,031,080","1,034,480"
"2022/07/27","2,185.0","2,190.0","2,171.0","2,179.0","-15.0","412,800","900,006","15,600","17,800","1.14","-","-","2,182.40","2,110.80","2,073.76","2,090.50","2,330.05","486,420","532,544","683,270"
"2016/07/06","2,001.0","2,087.0","1,999.0","2,082.0","+37.0","1,170,600","2,394,381","21,200","24,100","1.14","-","-","2,064.20","2,161.40","2,191.71","2,160.07","2,150.62","884,280","756,196","767,844"
"2016/04/28","2,175.0","2,207.0","2,075.0","2,091.0","-75.0","820,900","1,744,694","61,300","69,800","1.14","-","-","2,184.20","2,157.08","2,094.77","2,129.23","2,125.85","776,480","731,084","856,929"
"2015/12/28","2,200.0","2,215.0","2,091.0","2,136.0","-103.0","1,092,400","2,329,590","59,900","68,300","1.14","-","-","2,234.60","2,305.24","2,161.05","2,156.03","1,983.20","536,940","782,108","1,099,525"
"2022/01/19","2,661.0","2,695.0","2,615.0","2,622.0","-93.0","881,300","2,327,605","10,100","11,600","1.15","-","-","2,733.20","2,643.60","2,665.11","2,713.06","2,741.49","716,260","511,504","578,949"
"2022/01/12","2,727.0","2,781.0","2,701.0","2,766.0","+31.0","840,400","2,316,046","11,000","12,600","1.15","-","-","2,733.40","2,612.40","2,682.37","2,705.11","2,742.48","578,400","541,048","595,126"
"2018/03/28","1,962.0","1,986.0","1,942.0","1,965.0","-47.0","999,400","1,958,770","13,900","16,000","1.15","-","-","1,989.40","2,004.56","2,089.19","2,084.15","1,999.06","914,160","823,360","764,481"
"2016/03/14","2,165.0","2,187.0","2,137.0","2,160.0","+45.0","697,500","1,508,939","49,900","57,600","1.15","-","-","2,117.00","2,058.96","2,138.20","2,166.22","2,091.98","825,000","939,616","918,756"
"2023/02/28","2,262.0","2,291.0","2,262.0","2,263.0","+1.0","755,800","1,718,066","26,800","31,200","1.16","-","-","2,239.80","2,152.96","2,123.52","2,109.18","2,108.39","704,340","456,728","443,694"
"2022/01/28","2,346.0","2,374.0","2,329.0","2,338.0","+10.0","621,700","1,457,651","9,900","11,500","1.16","-","-","2,344.20","2,603.52","2,630.41","2,692.46","2,730.09","1,209,220","660,156","617,952"
"2018/02/21","2,008.0","2,015.0","1,971.0","1,990.0","-6.0","1,227,900","2,444,863","15,700","18,200","1.16","-","-","1,954.40","2,116.12","2,108.36","2,095.40","1,975.84","1,061,320","835,336","812,118"
"2016/07/07","2,131.0","2,172.0","2,084.0","2,093.0","+11.0","1,174,800","2,485,192","18,100","21,000","1.16","-","-","2,066.20","2,155.60","2,190.37","2,161.93","2,151.70","902,800","770,276","773,409"
"2022/08/25","2,242.0","2,249.0","2,198.0","2,199.0","-41.0","404,700","892,839","18,600","21,700","1.17","-","-","2,232.00","2,202.64","2,105.53","2,103.75","2,269.92","466,660","607,352","681,501"
"2022/01/04","2,680.0","2,702.0","2,662.0","2,692.0","+16.0","428,100","1,151,573","11,700","13,700","1.17","-","-","2,645.20","2,540.16","2,696.53","2,700.27","2,743.02","373,980","574,192","596,986"
"2017/10/30","2,170.0","2,187.0","2,155.0","2,164.0","-19.0","775,500","1,681,161","60,700","71,100","1.17","-","-","2,127.00","2,056.52","1,936.72","1,917.10","1,894.19","674,840","565,996","691,106"
"2016/12/01","2,272.0","2,272.0","2,214.0","2,220.0","+2.0","788,200","1,764,415","17,400","20,300","1.17","-","-","2,226.80","2,083.04","1,992.33","2,009.04","2,084.12","929,860","945,868","904,796"
"2016/07/14","2,077.0","2,101.0","2,059.0","2,092.0","-24.0","1,162,200","2,419,372","17,800","20,800","1.17","-","-","2,083.00","2,116.52","2,183.16","2,168.37","2,156.80","976,760","823,400","790,649"
"2016/07/11","2,037.0","2,088.0","2,034.0","2,061.0","+42.0","521,600","1,078,147","18,000","21,100","1.17","-","-","2,060.00","2,138.76","2,186.27","2,164.40","2,153.13","932,380","800,172","776,364"
"2016/06/29","2,091.0","2,138.0","2,056.0","2,131.0","+60.0","912,700","1,930,353","20,700","24,300","1.17","-","-","2,085.60","2,215.08","2,195.97","2,162.68","2,147.19","840,440","725,952","754,393"
"2016/03/04","2,133.0","2,158.0","2,079.0","2,151.0","+23.0","930,900","1,982,319","49,800","58,200","1.17","-","-","2,111.60","2,075.32","2,147.45","2,165.49","2,083.41","902,160","1,038,532","931,189"
"2016/03/03","2,099.0","2,140.0","2,087.0","2,128.0","-9.0","723,500","1,531,919","50,000","58,700","1.17","-","-","2,101.60","2,067.88","2,149.91","2,164.19","2,080.93","896,140","1,015,420","931,697"
"2022/10/06","2,068.0","2,098.0","2,063.0","2,079.0","+12.0","473,400","987,357","9,400","11,100","1.18","-","-","2,032.80","2,096.36","2,132.01","2,104.93","2,204.87","537,560","605,408","575,940"
"2022/02/18","2,160.0","2,201.0","2,155.0","2,188.0","+7.0","1,271,500","2,773,537","19,300","22,700","1.18","-","-","2,255.60","2,428.12","2,542.49","2,617.21","2,702.93","1,471,740","928,396","694,332"
"2022/02/03","2,401.0","2,439.0","2,382.0","2,426.0","+16.0","618,400","1,494,135","10,400","12,300","1.18","-","-","2,374.20","2,574.36","2,607.13","2,675.81","2,723.39","648,040","725,908","621,145"
"2021/10/27","2,828.0","2,837.0","2,730.0","2,776.0","-60.0","508,400","1,407,298","12,000","14,100","1.18","-","-","2,814.60","2,848.00","2,753.96","2,796.06","2,695.07","591,180","644,136","605,986"
"2017/08/07","1,897.0","1,908.0","1,894.0","1,902.0","+19.0","514,100","977,184","30,800","36,400","1.18","-","-","1,890.20","1,861.48","1,830.88","1,809.22","1,944.63","576,720","777,760","1,031,744"
"2016/12/29","2,251.0","2,251.0","2,209.0","2,227.0","-13.0","439,400","977,642","30,500","36,100","1.18","-","-","2,240.60","2,230.72","2,072.44","2,037.69","2,102.68","424,160","740,540","832,062"
"2016/09/28","2,031.0","2,066.0","2,001.0","2,030.0","-8.0","1,038,800","2,104,882","11,500","13,600","1.18","-","-","2,005.20","1,936.60","2,022.77","2,088.00","2,106.56","901,020","803,908","854,078"
"2021/11/25","2,472.0","2,492.0","2,462.0","2,465.0","-7.0","258,700","640,066","14,800","17,600","1.19","-","-","2,501.20","2,691.48","2,756.15","2,738.28","2,735.30","351,840","561,456","607,789"
"2019/08/26","1,551.0","1,595.0","1,546.0","1,592.0","-18.0","454,600","719,485","15,000","17,800","1.19","-","-","1,604.80","1,692.36","1,746.56","1,794.59","1,896.09","533,020","478,332","456,666"
"2017/10/23","2,087.0","2,100.0","2,079.0","2,088.0","+25.0","501,100","1,047,994","43,600","51,900","1.19","-","-","2,068.00","2,029.40","1,919.36","1,903.56","1,897.94","444,860","634,504","711,320"
"2016/12/27","2,244.0","2,258.0","2,232.0","2,237.0","-6.0","433,300","970,730","31,200","37,000","1.19","-","-","2,244.20","2,222.84","2,065.28","2,033.43","2,101.87","600,300","767,344","837,036"
"2016/03/16","2,138.0","2,153.0","2,114.0","2,128.0","-34.0","533,100","1,137,428","45,800","54,700","1.19","-","-","2,128.20","2,065.16","2,134.12","2,166.09","2,093.55","682,520","919,344","909,198"
"2015/04/09","1,650.0","1,657.0","1,637.0","1,639.0","+3.0","1,266,700","2,084,827","67,000","79,900","1.19","-","-","1,628.60","1,561.92","1,544.61","1,496.88","1,454.72","1,206,240","1,179,580","1,128,464"
"2021/11/24","2,510.0","2,525.0","2,462.0","2,472.0","-32.0","462,800","1,148,645","14,800","17,800","1.20","-","-","2,514.80","2,706.64","2,757.39","2,742.42","2,734.86","385,740","563,048","609,521"
"2021/10/05","2,737.0","2,802.0","2,737.0","2,785.0","+21.0","682,200","1,896,424","10,600","12,700","1.20","-","-","2,838.20","2,880.72","2,769.00","2,804.97","2,638.83","740,280","723,264","602,097"
"2021/07/30","2,630.0","2,652.0","2,625.0","2,630.0","-15.0","380,900","1,002,930","18,100","21,800","1.20","-","-","2,622.00","2,735.24","2,808.53","2,785.33","2,482.10","471,680","548,156","655,052"
"2017/02/06","2,079.0","2,085.0","2,048.0","2,062.0","+6.0","477,300","982,874","32,000","38,300","1.20","-","-","2,085.80","2,195.68","2,146.05","2,100.72","2,107.53","673,780","720,100","803,793"
"2016/03/09","2,133.0","2,157.0","2,060.0","2,090.0","-54.0","1,169,300","2,447,907","48,300","57,900","1.20","-","-","2,133.60","2,062.80","2,143.44","2,166.73","2,089.14","876,660","970,200","918,460"
"2023/10/27","2,296.0","2,298.5","2,270.5","2,293.5","+31.0","410,500","939,676","3,900","4,700","1.21","-","-","2,296.00","2,394.66","2,433.11","2,428.27","2,332.19","420,060","469,948","470,226"
"2016/10/05","1,973.0","1,973.0","1,945.0","1,964.0","+5.0","471,900","925,594","13,100","15,800","1.21","-","-","1,992.20","1,959.92","2,008.39","2,081.84","2,098.59","595,500","746,788","847,916"
"2016/06/01","2,324.0","2,324.0","2,271.0","2,283.0","-39.0","825,300","1,890,882","60,600","73,600","1.21","-","-","2,332.60","2,256.36","2,159.63","2,130.12","2,143.45","733,060","830,552","822,226"
"2016/01/19","1,980.0","2,002.0","1,925.0","1,964.0","-5.0","874,100","1,709,991","44,800","54,400","1.21","-","-","1,984.80","2,160.48","2,194.81","2,138.81","2,016.51","1,073,620","891,216","1,050,713"
"2015/10/27","2,221.0","2,271.0","2,187.0","2,192.0","-25.0","1,243,000","2,757,029","43,200","52,500","1.22","-","-","2,207.80","2,041.20","2,064.28","2,031.61","1,831.18","863,020","1,037,708","1,129,972"
"2022/05/10","2,077.0","2,117.0","2,059.0","2,111.0","+8.0","716,900","1,502,199","4,700","5,800","1.23","-","-","2,100.80","2,098.40","2,214.75","2,319.25","2,514.62","726,680","696,568","922,770"
"2022/02/04","2,419.0","2,440.0","2,368.0","2,408.0","-18.0","583,700","1,403,388","10,700","13,200","1.23","-","-","2,388.20","2,565.20","2,600.21","2,671.28","2,721.85","640,440","729,400","621,344"
"2021/11/26","2,435.0","2,440.0","2,378.0","2,392.0","-73.0","506,400","1,213,112","14,800","18,200","1.23","-","-","2,473.60","2,675.20","2,753.64","2,733.60","2,735.49","396,940","569,608","608,114"
"2017/11/20","1,960.0","1,965.0","1,940.0","1,959.0","-21.0","597,900","1,169,307","33,200","40,900","1.23","-","-","1,960.20","2,088.48","1,980.47","1,950.02","1,886.36","1,036,000","789,632","727,521"
"2016/07/25","2,120.0","2,145.0","2,110.0","2,124.0","+27.0","480,900","1,023,096","17,500","21,600","1.23","-","-","2,122.40","2,097.48","2,176.60","2,171.66","2,163.95","644,440","838,436","791,826"
"2024/02/14","2,048.0","2,055.5","1,943.0","1,948.5","-142.5","2,431,500","4,787,632","23,700","29,400","1.24","-","-","2,092.40","2,233.94","2,237.69","2,290.41","2,356.99","1,399,620","907,072","753,870"
"2022/07/29","2,194.0","2,197.0","2,166.0","2,174.0","-17.0","524,100","1,141,923","15,600","19,300","1.24","-","-","2,186.40","2,122.36","2,076.73","2,092.54","2,324.13","572,620","548,700","677,360"
"2022/03/08","2,028.0","2,085.0","2,001.0","2,009.0","-30.0","1,442,300","2,930,950","13,400","16,600","1.24","-","-","2,057.00","2,247.52","2,451.49","2,534.69","2,671.35","1,298,180","1,104,040","787,813"
"2017/09/07","1,850.0","1,873.0","1,844.0","1,853.0","+14.0","864,200","1,603,982","38,400","47,800","1.24","-","-","1,856.60","1,866.28","1,857.16","1,833.56","1,929.68","599,720","690,560","887,822"
"2017/02/07","2,045.0","2,051.0","2,017.0","2,019.0","-43.0","832,100","1,685,796","21,700","26,800","1.24","-","-","2,066.60","2,187.36","2,147.24","2,101.17","2,107.26","665,200","735,808","806,026"
"2021/11/11","2,584.0","2,587.0","2,514.0","2,527.0","-81.0","746,600","1,892,042","14,400","18,000","1.25","-","-","2,685.00","2,797.08","2,766.57","2,773.83","2,726.15","855,320","603,188","612,340"
"2017/11/29","2,047.0","2,053.0","2,033.0","2,045.0","+14.0","665,200","1,360,400","40,900","51,100","1.25","-","-","2,030.40","2,076.52","1,990.55","1,958.65","1,884.95","891,760","911,336","754,978"
"2017/11/01","2,190.0","2,194.0","2,167.0","2,189.0","+23.0","532,000","1,162,553","64,500","80,700","1.25","-","-","2,160.60","2,066.12","1,945.32","1,923.36","1,892.88","680,900","557,816","679,258"
"2016/03/11","2,049.0","2,133.0","2,049.0","2,115.0","+39.0","864,600","1,810,113","46,900","58,500","1.25","-","-","2,116.00","2,056.48","2,139.61","2,166.12","2,091.05","868,300","954,124","917,673"
"2016/01/07","2,146.0","2,148.0","2,072.0","2,081.0","-74.0","1,186,400","2,487,988","39,200","48,900","1.25","-","-","2,161.00","2,267.16","2,184.23","2,158.39","2,000.53","913,080","789,540","1,052,829"
"2022/07/11","2,144.0","2,162.0","2,131.0","2,143.0","+31.0","404,900","868,942","9,500","12,000","1.26","-","-","2,119.00","2,064.96","2,079.36","2,096.81","2,374.17","539,400","653,536","748,056"
"2022/05/09","2,112.0","2,127.0","2,100.0","2,103.0","-14.0","528,000","1,114,760","4,600","5,800","1.26","-","-","2,085.00","2,101.28","2,223.69","2,324.15","2,517.15","796,100","716,644","926,698"
"2022/01/05","2,742.0","2,742.0","2,706.0","2,730.0","+38.0","510,300","1,391,968","10,000","12,600","1.26","-","-","2,676.00","2,555.80","2,693.03","2,701.43","2,743.07","430,000","572,844","597,354"
"2016/07/21","2,183.0","2,184.0","2,112.0","2,135.0","+2.0","569,200","1,216,926","18,300","23,100","1.26","-","-","2,112.60","2,099.36","2,176.69","2,171.70","2,161.49","935,060","861,144","799,080"
"2024/01/04","2,150.0","2,178.5","2,098.0","2,172.0","+60.5","861,100","1,853,723","13,900","17,600","1.27","-","-","2,126.20","2,160.48","2,318.49","2,341.95","2,348.85","574,780","672,812","627,529"
"2023/10/30","2,281.5","2,295.0","2,247.0","2,258.5","-35.0","2,436,600","5,503,864","3,700","4,700","1.27","0.00","-","2,285.80","2,382.24","2,430.81","2,426.75","2,333.40","832,340","549,552","498,105"
"2022/06/28","2,084.0","2,118.0","2,084.0","2,114.0","+37.0","539,500","1,137,986","10,600","13,500","1.27","-","-","2,060.40","2,051.04","2,083.96","2,124.85","2,408.66","526,760","731,848","801,510"
"2021/08/05","2,581.0","2,607.0","2,556.0","2,558.0","-17.0","388,600","999,516","16,100","20,400","1.27","-","-","2,614.00","2,684.68","2,800.69","2,786.99","2,492.92","440,880","542,464","638,384"
"2016/06/08","2,312.0","2,320.0","2,247.0","2,279.0","-18.0","643,400","1,462,064","55,100","70,200","1.27","-","-","2,263.00","2,272.12","2,181.73","2,139.11","2,147.55","683,420","811,940","788,620"
"2016/01/13","1,972.0","2,027.0","1,964.0","1,998.0","+62.0","1,556,800","3,107,601","31,600","40,000","1.27","-","-","2,047.80","2,215.00","2,189.59","2,153.29","2,007.65","1,319,800","880,740","1,068,978"
"2015/03/20","1,532.0","1,558.0","1,515.0","1,558.0","+26.0","1,091,900","1,686,037","53,700","68,000","1.27","-","-","1,533.80","1,625.12","1,506.79","1,445.67","1,450.61","1,445,620","1,304,244","1,090,488"
"2022/05/06","2,087.0","2,119.0","2,065.0","2,117.0","+22.0","666,800","1,400,757","5,300","6,800","1.28","-","-","2,086.40","2,105.80","2,233.16","2,327.97","2,520.06","820,440","749,764","930,477"
"2015/09/24","1,841.0","1,934.0","1,833.0","1,857.0","-5.0","1,060,700","1,991,432","29,800","38,000","1.28","-","-","1,854.60","1,991.04","2,025.91","1,980.59","1,757.68","1,241,460","1,268,772","1,132,892"
"2022/01/06","2,735.0","2,783.0","2,710.0","2,710.0","-20.0","387,900","1,058,500","9,800","12,600","1.29","-","-","2,690.60","2,570.28","2,689.89","2,701.99","2,742.96","408,300","538,084","593,677"
"2021/12/01","2,350.0","2,403.0","2,345.0","2,364.0","+16.0","752,200","1,785,532","14,300","18,500","1.29","-","-","2,381.60","2,618.80","2,742.03","2,719.17","2,734.65","663,640","588,700","615,905"
"2017/12/22","2,118.0","2,132.0","2,112.0","2,125.0","+17.0","469,100","996,767","18,900","24,300","1.29","-","-","2,104.00","2,062.88","2,042.17","1,999.54","1,903.22","597,560","820,492","769,126"
"2016/07/15","2,081.0","2,100.0","2,045.0","2,080.0","-12.0","1,328,300","2,748,796","17,100","22,100","1.29","-","-","2,095.20","2,108.20","2,180.68","2,168.70","2,157.75","997,420","846,356","795,202"
"2016/07/08","2,094.0","2,117.0","2,008.0","2,019.0","-74.0","1,225,000","2,514,153","16,400","21,200","1.29","-","-","2,058.80","2,146.20","2,188.25","2,163.96","2,152.72","973,920","794,708","779,789"
"2016/03/23","2,230.0","2,237.0","2,158.0","2,165.0","-45.0","725,300","1,581,961","47,700","61,400","1.29","-","-","2,174.80","2,107.32","2,123.25","2,165.99","2,097.10","708,160","845,864","898,905"
"2022/02/22","2,188.0","2,232.0","2,162.0","2,204.0","+10.0","737,500","1,626,709","25,100","32,600","1.30","-","-","2,201.60","2,383.40","2,525.55","2,600.84","2,698.47","1,158,460","927,548","697,734"
"2016/10/26","2,010.0","2,019.0","1,991.0","2,009.0","-1.0","819,600","1,646,089","15,100","19,700","1.30","-","-","1,995.40","1,976.32","1,983.40","2,027.90","2,079.01","791,280","825,248","862,365"
"2015/09/17","1,811.0","1,906.0","1,811.0","1,890.0","+104.0","1,347,800","2,533,088","30,500","39,500","1.30","-","-","1,893.80","2,030.32","2,028.20","1,976.75","1,751.98","1,429,460","1,291,720","1,140,957"
"2015/09/01","2,121.0","2,126.0","2,015.0","2,015.0","-133.0","994,700","2,060,697","31,900","41,400","1.30","-","-","2,044.40","2,147.68","2,041.17","1,947.76","1,718.54","1,168,540","1,237,820","1,149,257"
"2014/12/10","1,342.0","1,365.0","1,311.0","1,333.0","-34.0","837,600","1,114,905","39,000","50,900","1.31","-","-","1,376.40","1,335.20","1,330.25","1,381.08","-","984,260","1,723,776","1,550,197"
"2022/09/08","2,147.0","2,167.0","2,144.0","2,163.0","+36.0","569,600","1,230,622","12,000","15,800","1.32","-","-","2,128.80","2,186.44","2,124.07","2,107.44","2,240.94","565,580","628,732","636,412"
"2017/12/08","2,059.0","2,091.0","2,057.0","2,085.0","+25.0","980,800","2,036,638","15,700","20,700","1.32","-","-","2,070.40","2,056.60","2,011.41","1,973.14","1,891.01","787,600","984,176","753,124"
"2017/02/02","2,118.0","2,118.0","2,073.0","2,077.0","-42.0","553,700","1,154,742","20,700","27,400","1.32","-","-","2,126.40","2,210.04","2,143.19","2,098.46","2,108.00","687,060","704,892","811,105"
"2016/10/04","2,000.0","2,001.0","1,951.0","1,959.0","-41.0","722,400","1,418,062","9,900","13,200","1.33","-","-","2,005.40","1,957.64","2,010.73","2,083.89","2,100.10","708,880","747,980","853,226"
"2015/08/26","1,912.0","1,982.0","1,889.0","1,968.0","+74.0","1,101,800","2,128,669","55,200","73,400","1.33","-","-","2,049.40","2,150.88","2,023.08","1,929.82","1,702.24","1,329,600","1,199,092","1,157,134"
"2014/12/05","1,404.0","1,424.0","1,380.0","1,397.0","+10.0","686,200","957,185","37,300","49,500","1.33","-","-","1,370.20","1,316.52","1,338.48","1,385.29","-","1,115,460","1,980,060","1,566,890"
"2023/01/20","2,075.0","2,086.0","2,063.0","2,066.0","-19.0","377,900","782,440","13,400","17,900","1.34","-","-","2,078.60","2,050.60","2,092.69","2,101.61","2,102.48","369,580","346,116","449,958"
"2022/09/14","2,160.0","2,182.0","2,129.0","2,136.0","-48.0","556,400","1,191,802","9,700","13,000","1.34","-","-","2,165.60","2,182.56","2,131.53","2,110.73","2,233.46","519,260","638,196","613,789"
"2017/08/17","1,851.0","1,874.0","1,837.0","1,867.0","+16.0","471,100","878,256","33,900","45,400","1.34","-","-","1,835.20","1,856.68","1,842.71","1,811.04","1,940.70","975,440","779,840","1,033,169"
"2016/10/25","2,010.0","2,025.0","2,001.0","2,010.0","+5.0","693,600","1,395,407","16,100","21,500","1.34","-","-","1,980.20","1,972.76","1,984.37","2,030.64","2,079.64","795,820","833,856","867,045"
"2015/06/30","1,939.0","1,959.0","1,937.0","1,950.0","+24.0","1,083,500","2,110,973","93,200","125,100","1.34","-","-","1,955.00","1,937.60","1,750.27","1,718.28","1,535.24","1,091,980","1,197,020","1,116,684"
"2017/11/30","2,045.0","2,072.0","2,029.0","2,070.0","+25.0","1,820,000","3,751,404","36,700","49,500","1.35","-","-","2,043.40","2,074.96","1,994.20","1,960.63","1,885.15","979,420","964,176","756,501"
"2017/11/27","2,049.0","2,058.0","2,032.0","2,042.0","+13.0","937,100","1,916,923","43,900","59,100","1.35","-","-","1,995.80","2,079.52","1,986.73","1,955.42","1,884.89","1,004,180","898,464","755,854"
"2017/10/26","2,085.0","2,102.0","2,074.0","2,101.0","+23.0","516,000","1,079,862","51,700","69,900","1.35","-","-","2,087.80","2,045.48","1,928.47","1,910.62","1,895.17","512,780","565,668","693,334"
"2016/10/27","2,015.0","2,029.0","2,005.0","2,009.0","0.0","507,700","1,021,780","15,500","21,000","1.35","-","-","2,000.20","1,979.48","1,982.28","2,025.61","2,078.18","650,700","806,428","853,470"
"2014/12/04","1,365.0","1,400.0","1,365.0","1,387.0","+22.0","1,685,100","2,342,084","41,100","55,300","1.35","-","-","1,351.40","1,306.52","1,341.59","1,386.31","-","1,166,460","2,012,544","1,582,422"
"2022/10/24","2,106.0","2,106.0","2,070.0","2,076.0","-3.0","318,800","663,521","8,100","11,100","1.37","-","-","2,089.80","2,064.56","2,133.04","2,114.79","2,178.10","385,820","513,604","553,197"
"2021/11/29","2,333.0","2,383.0","2,316.0","2,339.0","-53.0","544,000","1,275,541","14,400","19,700","1.37","-","-","2,434.40","2,655.24","2,749.97","2,728.64","2,735.34","427,540","563,780","603,898"
"2017/10/10","2,005.0","2,035.0","2,001.0","2,033.0","+23.0","520,300","1,052,597","61,000","83,700","1.37","-","-","2,016.80","1,960.76","1,895.72","1,879.65","1,906.01","442,780","715,052","766,552"
"2017/08/24","1,889.0","1,894.0","1,871.0","1,872.0","-22.0","642,700","1,207,487","35,500","48,800","1.37","-","-","1,880.60","1,864.36","1,847.63","1,815.69","1,937.01","704,900","723,532","1,006,061"
"2015/04/01","1,512.0","1,557.0","1,508.0","1,521.0","+23.0","1,722,900","2,634,739","36,700","50,100","1.37","-","-","1,498.00","1,573.00","1,522.24","1,474.65","1,450.02","1,106,280","1,179,596","1,100,393"
"2021/08/06","2,560.0","2,586.0","2,551.0","2,580.0","+22.0","482,000","1,241,465","14,800","20,400","1.38","-","-","2,604.00","2,673.48","2,798.03","2,785.76","2,495.64","461,100","542,804","637,884"
"2018/01/09","2,200.0","2,214.0","2,180.0","2,211.0","+21.0","785,300","1,729,213","15,900","21,900","1.38","-","-","2,163.80","2,111.40","2,072.44","2,020.76","1,915.52","652,300","702,216","749,352"
"2016/02/25","2,027.0","2,137.0","2,027.0","2,124.0","+114.0","1,202,800","2,530,536","46,800","64,400","1.38","-","-","2,052.40","2,031.48","2,164.27","2,153.47","2,069.67","904,040","985,196","936,045"
"2016/03/10","2,090.0","2,095.0","2,057.0","2,076.0","-14.0","748,000","1,553,180","42,000","58,200","1.39","-","-","2,123.20","2,058.04","2,141.12","2,165.67","2,089.99","881,560","948,944","915,244"
"2015/10/02","1,900.0","1,936.0","1,865.0","1,905.0","-24.0","602,200","1,141,705","29,500","41,100","1.39","-","-","1,885.20","1,923.56","2,023.63","1,995.47","1,773.19","856,360","1,195,880","1,124,204"
"2022/08/22","2,223.0","2,243.0","2,217.0","2,240.0","-1.0","454,800","1,017,650","14,400","20,100","1.40","-","-","2,235.80","2,189.60","2,100.89","2,103.07","2,278.46","585,400","610,540","688,454"
"2021/08/03","2,655.0","2,655.0","2,608.0","2,619.0","-69.0","610,300","1,600,869","12,800","17,900","1.40","-","-","2,636.80","2,711.52","2,806.84","2,788.17","2,487.68","484,520","553,920","654,229"
"2015/07/09","1,919.0","1,968.0","1,885.0","1,963.0","-15.0","837,700","1,618,125","76,000","106,700","1.40","-","-","1,997.80","1,937.68","1,791.61","1,749.99","1,555.42","778,740","1,027,812","1,070,525"
"2023/02/24","2,200.0","2,245.0","2,195.0","2,232.0","+32.0","745,200","1,661,092","19,300","27,200","1.41","-","-","2,209.40","2,138.80","2,118.61","2,103.18","2,106.86","679,060","429,972","436,333"
"2016/02/29","2,130.0","2,130.0","2,067.0","2,067.0","-34.0","875,800","1,833,068","44,100","62,000","1.41","-","-","2,066.20","2,050.00","2,158.65","2,158.27","2,074.22","877,520","995,612","930,528"
"2015/09/28","1,907.0","1,917.0","1,861.0","1,904.0","-21.0","1,100,300","2,084,931","33,900","47,800","1.41","-","-","1,887.60","1,953.84","2,024.91","1,985.87","1,763.32","1,256,300","1,290,468","1,136,734"
"2015/03/23","1,558.0","1,572.0","1,542.0","1,552.0","-6.0","846,500","1,317,452","46,500","65,700","1.41","-","-","1,534.60","1,621.32","1,510.11","1,449.77","1,450.73","1,344,740","1,288,464","1,089,225"
"2017/08/18","1,840.0","1,856.0","1,832.0","1,851.0","-16.0","539,500","996,338","26,400","37,400","1.42","-","-","1,846.20","1,856.28","1,843.73","1,811.09","1,939.91","742,180","767,896","1,024,117"
"2015/09/07","1,893.0","1,904.0","1,837.0","1,886.0","-34.0","754,300","1,416,534","31,300","44,500","1.42","-","-","1,966.60","2,119.44","2,041.49","1,960.26","1,731.57","947,320","1,249,028","1,106,625"
"2014/12/15","1,343.0","1,368.0","1,334.0","1,336.0","-22.0","531,900","717,663","35,400","50,200","1.42","-","-","1,353.40","1,348.16","1,321.32","1,376.74","-","968,040","1,679,072","1,555,445"
"2017/09/26","2,047.0","2,063.0","2,037.0","2,063.0","+11.0","671,900","1,379,523","68,300","97,400","1.43","-","-","2,041.20","1,911.52","1,875.77","1,861.79","1,915.97","911,320","717,380","834,485"
"2016/05/13","2,167.0","2,205.0","2,140.0","2,177.0","+8.0","742,900","1,617,913","45,200","64,500","1.43","-","-","2,142.80","2,132.08","2,110.95","2,114.62","2,127.65","675,540","734,156","834,354"
"2014/12/16","1,320.0","1,351.0","1,320.0","1,333.0","-3.0","600,800","802,055","36,900","52,800","1.43","-","-","1,346.60","1,351.44","1,318.09","1,375.02","-","901,340","1,667,856","1,550,920"
"2014/12/08","1,404.0","1,406.0","1,374.0","1,398.0","+1.0","778,100","1,083,292","35,300","50,400","1.43","-","-","1,379.20","1,326.36","1,335.88","1,384.21","-","991,400","1,872,500","1,559,900"
"2016/07/22","2,113.0","2,150.0","2,086.0","2,097.0","-38.0","556,500","1,170,943","17,200","24,700","1.44","-","-","2,113.60","2,097.64","2,176.51","2,171.43","2,162.45","813,920","848,596","793,340"
"2016/01/04","2,233.0","2,249.0","2,116.0","2,134.0","-126.0","1,168,600","2,514,558","53,500","76,900","1.44","-","-","2,199.20","2,295.60","2,174.36","2,156.78","1,992.37","812,320","792,272","1,091,726"
"2023/01/16","2,040.0","2,057.0","2,036.0","2,048.0","-3.0","259,600","531,627","12,800","18,500","1.45","-","-","2,041.80","2,053.72","2,088.09","2,107.77","2,105.13","298,660","345,612","464,085"
"2021/08/04","2,593.0","2,611.0","2,572.0","2,575.0","-44.0","422,900","1,093,383","13,700","19,800","1.45","-","-","2,631.40","2,697.52","2,803.87","2,788.09","2,490.31","486,880","547,860","648,598"
"2018/02/14","1,912.0","1,958.0","1,892.0","1,896.0","-106.0","1,956,600","3,745,805","18,200","26,400","1.45","-","-","2,013.80","2,171.68","2,119.87","2,097.25","1,970.46","1,052,620","745,508","786,353"
"2017/02/01","2,100.0","2,125.0","2,084.0","2,119.0","+4.0","789,000","1,663,851","19,600","28,500","1.45","-","-","2,144.60","2,216.68","2,141.40","2,097.10","2,108.16","742,760","701,864","819,669"
"2022/06/13","1,992.0","1,998.0","1,959.0","1,983.0","-34.0","620,700","1,228,973","16,200","23,600","1.46","-","-","2,064.00","2,041.00","2,094.65","2,178.02","2,442.57","810,660","864,864","905,521"
"2022/06/10","2,064.0","2,068.0","2,011.0","2,017.0","-70.0","1,102,500","2,239,608","16,900","24,600","1.46","-","-","2,088.20","2,045.80","2,097.39","2,186.32","2,445.72","752,000","861,156","914,198"
"2016/11/15","2,110.0","2,116.0","2,087.0","2,099.0","-27.0","877,600","1,841,426","12,500","18,200","1.46","-","-","2,006.40","1,986.88","1,967.79","1,999.51","2,080.11","1,217,380","952,992","889,133"
"2016/03/01","2,017.0","2,084.0","2,001.0","2,075.0","+8.0","855,900","1,757,390","42,100","61,600","1.46","-","-","2,075.40","2,054.24","2,155.31","2,159.73","2,076.36","917,940","986,780","930,797"
"2018/08/23","1,966.0","1,999.0","1,965.0","1,995.0","+1.0","368,700","734,273","9,300","13,700","1.47","-","-","1,994.60","2,107.84","2,136.45","2,119.87","2,100.12","556,380","605,956","661,790"
"2018/03/26","1,950.0","1,971.0","1,940.0","1,970.0","+12.0","1,049,400","2,051,079","16,100","23,700","1.47","-","-","2,018.20","2,005.00","2,091.41","2,087.22","1,997.87","805,960","815,060","753,090"
"2017/10/16","2,051.0","2,072.0","2,047.0","2,055.0","-4.0","438,000","902,237","38,000","56,000","1.47","-","-","2,049.60","1,993.56","1,906.55","1,891.26","1,902.06","509,240","695,272","746,604"
"2016/02/26","2,143.0","2,147.0","2,076.0","2,101.0","-23.0","900,800","1,900,113","43,200","63,500","1.47","-","-","2,063.20","2,043.92","2,161.41","2,156.23","2,072.05","895,500","990,400","934,242"
"2014/12/17","1,317.0","1,346.0","1,298.0","1,324.0","-9.0","1,307,000","1,725,927","34,200","50,400","1.47","-","-","1,344.80","1,353.68","1,315.20","1,373.15","-","995,220","1,680,096","1,551,381"
"2022/10/17","2,052.0","2,076.0","2,052.0","2,061.0","-6.0","434,700","897,832","7,500","11,100","1.48","-","-","2,047.80","2,079.72","2,132.97","2,110.77","2,189.73","440,320","540,292","572,158"
"2022/05/02","2,070.0","2,106.0","2,070.0","2,095.0","+17.0","680,600","1,422,601","4,600","6,800","1.48","-","-","2,083.40","2,109.60","2,241.81","2,331.38","2,523.24","835,700","748,568","932,792"
"2016/05/06","2,107.0","2,109.0","2,030.0","2,040.0","+14.0","1,296,100","2,656,643","46,800","69,100","1.48","-","-","2,101.80","2,140.24","2,095.55","2,122.24","2,126.04","871,080","738,064","845,200"
"2016/01/12","2,008.0","2,039.0","1,936.0","1,936.0","-133.0","1,534,900","3,035,999","30,000","44,500","1.48","-","-","2,083.20","2,232.60","2,186.76","2,155.99","2,005.19","1,183,080","843,520","1,066,468"
"2020/03/02","1,445.0","1,513.0","1,444.0","1,492.0","+33.0","848,600","1,260,098","15,600","23,300","1.49","-","-","1,520.00","1,743.60","1,859.76","1,838.24","1,791.49","721,380","590,416","516,981"
"2020/02/12","1,760.0","1,770.0","1,661.0","1,661.0","-210.0","1,833,800","3,092,251","64,000","95,600","1.49","-","-","1,842.60","1,901.56","1,891.75","1,860.81","1,809.65","715,820","448,824","477,737"
"2018/08/21","1,987.0","1,991.0","1,977.0","1,985.0","-18.0","369,000","732,354","9,900","14,800","1.49","-","-","1,978.40","2,126.24","2,140.29","2,119.50","2,101.83","648,180","625,784","664,528"
"2017/02/03","2,078.0","2,094.0","2,047.0","2,056.0","-21.0","673,900","1,389,327","19,300","28,700","1.49","-","-","2,103.40","2,202.80","2,144.49","2,099.66","2,107.76","718,000","714,516","807,229"
"2016/01/20","1,953.0","1,961.0","1,848.0","1,853.0","-111.0","916,600","1,718,544","39,800","59,400","1.49","-","-","1,955.80","2,143.96","2,194.13","2,134.06","2,018.16","945,580","896,732","1,048,264"
"2014/11/19","1,394.0","1,422.0","1,391.0","1,400.0","+29.0","1,051,500","1,477,042","37,600","56,100","1.49","-","-","1,404.60","1,227.00","1,368.36","1,405.79","-","2,827,360","2,228,800","1,494,754"
"2014/12/09","1,381.0","1,383.0","1,358.0","1,367.0","-31.0","934,300","1,278,161","35,100","52,600","1.50","-","-","1,382.80","1,331.88","1,333.44","1,382.84","-","1,018,840","1,815,832","1,552,649"
"2022/10/27","2,101.0","2,107.0","2,079.0","2,085.0","-33.0","298,000","622,242","7,500","11,300","1.51","-","-","2,092.20","2,058.24","2,132.59","2,115.38","2,169.84","332,600","480,008","545,138"
"2017/08/09","1,896.0","1,905.0","1,881.0","1,888.0","-14.0","730,800","1,379,914","23,300","35,200","1.51","-","-","1,891.60","1,862.96","1,836.31","1,810.27","1,944.32","606,020","780,360","1,029,434"
"2016/10/14","1,953.0","1,953.0","1,923.0","1,945.0","-13.0","735,000","1,425,890","9,900","14,900","1.51","-","-","1,953.40","1,964.72","1,994.53","2,058.84","2,089.17","992,180","809,212","868,902"
"2015/11/13","2,235.0","2,254.0","2,182.0","2,207.0","-128.0","2,006,800","4,442,411","68,800","104,100","1.51","-","-","2,307.60","2,228.44","2,097.53","2,078.11","1,879.75","1,118,440","1,381,532","1,261,768"
"2022/10/20","2,090.0","2,107.0","2,087.0","2,102.0","0.0","425,300","892,908","7,300","11,100","1.52","-","-","2,084.40","2,071.16","2,132.84","2,114.29","2,183.08","408,600","527,080","556,402"
"2016/12/07","2,206.0","2,212.0","2,192.0","2,207.0","+11.0","582,400","1,282,301","22,100","33,600","1.52","-","-","2,206.20","2,112.68","2,002.61","2,014.60","2,089.50","674,940","898,632","858,856"
"2014/12/12","1,363.0","1,379.0","1,346.0","1,358.0","-15.0","1,241,200","1,692,527","34,800","53,200","1.53","-","-","1,365.80","1,344.76","1,324.43","1,378.31","-","1,017,280","1,698,228","1,564,022"
"2022/10/21","2,074.0","2,095.0","2,074.0","2,079.0","-23.0","393,400","819,507","7,200","11,100","1.54","-","-","2,086.80","2,066.96","2,133.03","2,114.43","2,180.60","409,000","523,108","553,194"
"2016/06/30","2,131.0","2,147.0","2,083.0","2,083.0","-48.0","1,082,200","2,271,849","13,900","21,600","1.55","-","-","2,071.00","2,203.44","2,196.07","2,161.56","2,147.71","958,580","753,184","758,849"
"2022/07/15","2,110.0","2,110.0","2,059.0","2,062.0","-30.0","533,300","1,104,801","13,100","20,500","1.56","-","-","2,096.60","2,065.08","2,072.23","2,089.31","2,357.19","441,460","588,328","733,082"
"2016/10/19","1,926.0","1,937.0","1,914.0","1,933.0","+11.0","842,300","1,624,533","11,200","17,500","1.56","-","-","1,937.60","1,960.72","1,987.99","2,044.76","2,084.11","874,660","831,436","868,565"
"2016/07/13","2,141.0","2,141.0","2,094.0","2,116.0","-11.0","993,500","2,102,658","18,700","29,200","1.56","-","-","2,083.20","2,125.44","2,184.88","2,167.66","2,155.27","979,280","815,368","786,130"
"2022/01/27","2,384.0","2,423.0","2,305.0","2,328.0","-71.0","754,500","1,767,842","10,500","16,500","1.57","-","-","2,381.40","2,610.52","2,636.04","2,696.72","2,732.20","1,203,300","650,636","618,382"
"2018/01/15","2,236.0","2,245.0","2,231.0","2,243.0","+22.0","333,900","748,070","25,300","39,700","1.57","-","-","2,230.20","2,137.64","2,086.00","2,037.07","1,923.74","658,320","661,680","722,220"
"2016/02/01","2,208.0","2,298.0","2,200.0","2,283.0","+162.0","1,663,900","3,774,628","40,500","63,700","1.57","-","-","2,058.60","2,055.80","2,199.28","2,128.87","2,036.32","859,420","941,812","1,026,521"
"2022/04/26","2,110.0","2,136.0","2,108.0","2,110.0","+8.0","649,700","1,376,426","5,500","8,700","1.58","-","-","2,110.00","2,127.92","2,268.03","2,339.97","2,534.31","585,080","728,680","916,200"
"2017/11/17","1,970.0","2,000.0","1,952.0","1,980.0","+15.0","934,400","1,853,116","33,100","52,600","1.59","-","-","1,954.20","2,092.48","1,979.69","1,948.98","1,887.14","1,461,020","786,564","727,357"
"2021/08/13","2,675.0","2,691.0","2,644.0","2,651.0","-3.0","519,100","1,379,976","12,400","19,800","1.60","-","-","2,630.60","2,646.24","2,792.19","2,781.65","2,508.29","593,980","566,396","631,761"
"2017/12/13","2,112.0","2,126.0","2,089.0","2,104.0","-9.0","893,500","1,881,023","16,500","26,400","1.60","-","-","2,096.20","2,048.20","2,020.53","1,981.49","1,895.39","769,360","973,632","754,780"
"2022/10/25","2,094.0","2,107.0","2,076.0","2,103.0","+27.0","305,000","639,773","6,900","11,100","1.61","-","-","2,092.40","2,062.96","2,133.08","2,115.47","2,175.43","373,520","502,644","552,078"
"2016/02/19","2,005.0","2,082.0","2,001.0","2,047.0","+26.0","943,500","1,928,155","41,500","67,000","1.61","-","-","2,000.40","2,013.64","2,177.01","2,146.80","2,061.78","1,105,280","978,944","1,043,934"
"2021/11/15","2,585.0","2,590.0","2,562.0","2,586.0","+6.0","500,000","1,290,170","13,600","22,200","1.63","-","-","2,573.60","2,784.28","2,765.68","2,766.93","2,729.97","882,980","594,456","614,453"
"2016/02/22","2,070.0","2,102.0","2,038.0","2,052.0","+5.0","965,700","1,994,487","40,900","66,800","1.63","-","-","2,007.40","2,016.40","2,173.53","2,148.70","2,063.69","1,026,780","977,196","976,678"
"2016/11/24","2,188.0","2,188.0","2,163.0","2,174.0","+31.0","600,000","1,305,458","16,700","27,600","1.65","-","-","2,143.20","2,033.72","1,976.25","2,001.40","2,082.88","779,900","919,060","895,316"
"2021/08/12","2,693.0","2,704.0","2,651.0","2,654.0","0.0","490,600","1,309,480","11,900","19,700","1.66","-","-","2,612.00","2,650.60","2,792.97","2,782.78","2,505.26","567,880","564,352","635,617"
"2017/11/22","1,944.0","2,011.0","1,926.0","2,005.0","+61.0","1,381,700","2,748,591","34,500","57,300","1.66","-","-","1,970.60","2,081.48","1,982.92","1,952.22","1,885.12","1,020,300","861,060","744,098"
"2017/10/11","2,031.0","2,063.0","2,027.0","2,054.0","+21.0","649,000","1,332,025","37,300","62,100","1.66","-","-","2,024.00","1,968.48","1,898.60","1,882.93","1,904.96","484,340","720,992","761,080"
"2017/07/07","1,860.0","1,867.0","1,848.0","1,849.0","-35.0","1,245,900","2,312,142","36,900","61,400","1.66","-","-","1,871.60","1,857.08","1,794.17","1,807.87","1,955.78","847,060","1,048,376","1,189,644"
"2016/10/21","1,991.0","1,992.0","1,967.0","1,968.0","-17.0","731,300","1,445,189","12,300","20,400","1.66","-","-","1,947.60","1,965.88","1,985.51","2,037.39","2,082.00","923,120","849,432","868,436"
"2017/08/15","1,819.0","1,864.0","1,814.0","1,860.0","+58.0","924,400","1,710,301","26,600","44,300","1.67","-","-","1,849.60","1,857.08","1,840.40","1,809.90","1,942.18","993,740","807,096","1,043,720"
"2017/08/03","1,885.0","1,890.0","1,871.0","1,883.0","+1.0","769,000","1,446,064","22,300","37,300","1.67","-","-","1,886.40","1,860.12","1,825.49","1,808.73","1,945.22","647,160","819,988","1,038,869"
"2016/02/23","2,102.0","2,103.0","2,023.0","2,029.0","-23.0","653,800","1,342,174","40,500","67,600","1.67","-","-","2,022.80","2,018.80","2,170.16","2,150.42","2,065.51","925,720","978,536","956,204"
"2016/02/18","2,021.0","2,059.0","2,000.0","2,021.0","+56.0","972,700","1,977,997","40,100","67,500","1.68","-","-","1,954.20","2,012.16","2,179.91","2,145.23","2,060.01","1,211,580","993,504","1,054,244"
"2022/01/11","2,736.0","2,756.0","2,701.0","2,735.0","+9.0","633,200","1,729,372","10,300","17,400","1.69","-","-","2,718.60","2,600.08","2,684.09","2,703.55","2,742.60","495,940","531,552","589,201"
"2016/02/24","1,993.0","2,020.0","1,961.0","2,010.0","-19.0","754,400","1,508,101","40,400","68,200","1.69","-","-","2,031.80","2,020.64","2,166.29","2,151.27","2,067.16","858,020","973,748","946,412"
"2014/06/16","1,470.0","1,475.0","1,447.0","1,471.0","+9.0","925,700","1,357,806","54,200","91,700","1.69","-","-","1,466.60","1,546.84","-","-","-","644,400","993,196","-"
"2021/08/11","2,664.0","2,673.0","2,638.0","2,654.0","+40.0","618,000","1,641,023","11,800","20,100","1.70","-","-","2,596.20","2,656.84","2,794.24","2,783.93","2,502.06","554,340","556,976","638,798"
"2021/08/10","2,604.0","2,654.0","2,588.0","2,614.0","+34.0","860,200","2,252,862","11,600","19,700","1.70","-","-","2,589.20","2,664.64","2,795.88","2,784.70","2,498.77","552,800","550,588","639,372"
"2020/02/25","1,567.0","1,592.0","1,561.0","1,566.0","-65.0","641,900","1,009,669","16,700","28,400","1.70","-","-","1,636.60","1,813.84","1,877.01","1,849.59","1,798.96","551,700","525,752","498,842"
"2016/11/16","2,119.0","2,125.0","2,070.0","2,099.0","0.0","1,188,500","2,485,635","8,900","15,100","1.70","-","-","2,049.60","1,993.00","1,967.93","1,998.75","2,080.76","1,215,560","952,160","895,445"
"2022/03/10","2,100.0","2,142.0","2,089.0","2,127.0","+73.0","827,200","1,753,911","11,200","19,200","1.71","-","-","2,061.00","2,226.88","2,439.29","2,521.04","2,663.48","1,086,920","1,123,060","798,865"
"2016/10/20","1,932.0","1,987.0","1,924.0","1,985.0","+52.0","1,210,600","2,381,163","12,200","20,900","1.71","-","-","1,943.00","1,963.72","1,986.68","2,040.87","2,082.84","923,860","850,012","870,277"
"2016/10/17","1,929.0","1,939.0","1,920.0","1,930.0","-15.0","664,600","1,281,574","9,000","15,400","1.71","-","-","1,944.40","1,962.96","1,992.61","2,054.16","2,087.47","953,900","813,916","866,809"
"2017/10/12","2,054.0","2,060.0","2,036.0","2,047.0","-7.0","417,700","855,330","36,400","62,500","1.72","-","-","2,031.80","1,976.68","1,901.15","1,886.21","1,903.93","478,860","721,620","751,589"
"2023/10/11","2,412.5","2,413.0","2,375.5","2,394.5","-33.5","575,300","1,376,899","4,400","7,600","1.73","-","-","2,372.20","2,507.80","2,449.23","2,438.26","2,313.54","610,400","566,416","465,114"
"2017/08/08","1,914.0","1,914.0","1,889.0","1,902.0","0.0","616,800","1,171,525","21,200","37,200","1.75","-","-","1,890.40","1,862.40","1,833.67","1,809.78","1,944.49","582,960","777,200","1,029,757"
"2022/10/13","2,029.0","2,036.0","2,013.0","2,023.0","-8.0","334,500","677,459","6,300","11,100","1.76","-","-","2,050.80","2,084.40","2,132.76","2,109.01","2,194.27","477,020","551,520","575,513"
"2016/09/23","1,988.0","2,006.0","1,970.0","1,998.0","+10.0","781,200","1,556,351","10,100","17,800","1.76","-","-","1,953.00","1,913.04","2,034.12","2,090.43","2,112.89","965,360","843,244","851,210"
"2022/10/28","2,065.0","2,077.0","2,050.0","2,061.0","-24.0","1,398,800","2,884,361","6,500","11,500","1.77","-","-","2,088.60","2,055.00","2,131.91","2,114.78","2,166.68","533,680","512,888","553,964"
"2016/10/03","2,038.0","2,038.0","1,995.0","2,000.0","-24.0","485,200","974,720","14,000","24,800","1.77","-","-","2,021.20","1,954.56","2,013.96","2,085.86","2,101.83","745,280","751,796","850,529"
"2016/07/01","2,074.0","2,080.0","2,032.0","2,056.0","-27.0","869,400","1,779,483","13,700","24,300","1.77","-","-","2,083.00","2,193.04","2,195.28","2,160.58","2,147.83","930,120","752,048","758,913"
"2015/03/19","1,529.0","1,547.0","1,510.0","1,532.0","+27.0","1,822,700","2,786,173","47,500","84,100","1.77","-","-","1,543.20","1,628.36","1,503.03","1,440.54","1,450.58","1,479,340","1,332,340","1,094,436"
"2022/02/14","2,445.0","2,471.0","2,421.0","2,423.0","-31.0","1,122,900","2,737,231","12,200","21,700","1.78","-","-","2,442.20","2,515.52","2,574.11","2,646.30","2,713.28","717,160","791,172","635,306"
"2023/10/24","2,309.5","2,321.0","2,261.5","2,307.0","-2.5","443,700","1,019,500","4,200","7,500","1.79","-","-","2,321.50","2,432.66","2,439.17","2,430.23","2,328.17","365,600","498,756","467,661"
"2022/11/09","2,080.0","2,125.0","2,062.0","2,100.0","+7.0","965,300","2,020,398","9,500","17,000","1.79","-","-","2,069.20","2,070.52","2,127.37","2,115.08","2,142.54","525,720","484,708","557,368"
"2017/12/27","2,150.0","2,181.0","2,150.0","2,175.0","+45.0","533,900","1,159,920","14,400","25,800","1.79","-","-","2,132.40","2,084.72","2,054.11","2,007.15","1,907.82","376,640","750,108","755,778"
"2017/12/01","2,079.0","2,079.0","2,052.0","2,070.0","0.0","555,300","1,148,314","10,700","19,200","1.79","-","-","2,051.60","2,074.64","1,997.77","1,962.49","1,885.28","918,860","962,836","750,693"
"2016/02/08","2,063.0","2,161.0","2,056.0","2,141.0","+43.0","813,800","1,729,153","42,800","76,700","1.79","-","-","2,177.20","2,047.20","2,202.01","2,139.40","2,049.83","1,102,780","1,030,904","1,032,277"
"2014/12/03","1,369.0","1,380.0","1,356.0","1,365.0","+16.0","1,010,500","1,381,145","32,000","57,400","1.79","-","-","1,329.20","1,296.32","1,343.75","1,387.48","-","1,107,040","1,998,504","1,565,826"
"2014/11/20","1,391.0","1,397.0","1,323.0","1,330.0","-70.0","1,922,900","2,583,524","31,600","56,500","1.79","-","-","1,396.60","1,232.24","1,365.44","1,403.83","-","2,471,380","2,236,000","1,511,572"
"2022/10/31","2,086.0","2,095.0","2,057.0","2,066.0","+5.0","445,400","921,387","6,500","11,700","1.80","-","-","2,086.60","2,053.96","2,130.88","2,114.40","2,163.36","559,000","511,900","554,504"
"2015/08/24","2,045.0","2,116.0","1,991.0","1,991.0","-147.0","1,499,200","3,056,530","36,700","65,900","1.80","-","-","2,228.80","2,165.56","2,016.27","1,921.39","1,694.83","1,222,400","1,146,928","1,135,009"
"2015/10/07","2,040.0","2,042.0","1,956.0","1,986.0","-35.0","969,400","1,926,159","29,700","53,700","1.81","-","-","1,951.00","1,918.04","2,028.00","2,004.61","1,782.43","883,540","1,185,220","1,115,570"
"2015/10/05","1,931.0","1,935.0","1,874.0","1,914.0","+9.0","639,500","1,218,744","30,800","55,800","1.81","-","-","1,887.20","1,921.40","2,024.08","1,997.66","1,775.93","764,200","1,177,388","1,113,862"
"2015/03/24","1,552.0","1,565.0","1,504.0","1,512.0","-40.0","1,372,500","2,088,970","34,100","61,600","1.81","-","-","1,531.80","1,613.20","1,512.23","1,453.59","1,450.63","1,367,200","1,269,920","1,088,880"
"2022/06/14","1,959.0","1,983.0","1,959.0","1,980.0","-3.0","618,200","1,220,764","12,100","22,300","1.84","-","-","2,036.00","2,035.76","2,091.80","2,170.00","2,439.53","787,900","860,916","905,740"
"2016/02/15","1,936.0","2,064.0","1,850.0","2,017.0","+201.0","1,358,200","2,687,803","38,800","71,700","1.85","-","-","1,975.00","2,014.76","2,189.52","2,141.86","2,055.33","1,058,980","1,051,628","1,046,845"
"2017/11/16","1,937.0","1,975.0","1,916.0","1,965.0","+21.0","941,400","1,833,862","30,500","56,700","1.86","-","-","1,992.40","2,095.16","1,978.43","1,947.74","1,887.99","1,413,660","765,896","724,453"
"2017/08/04","1,875.0","1,889.0","1,870.0","1,883.0","0.0","399,400","750,873","19,400","36,300","1.87","-","-","1,886.80","1,860.24","1,828.13","1,808.82","1,944.85","617,220","794,384","1,036,196"
"2017/11/15","1,926.0","1,960.0","1,916.0","1,944.0","-9.0","1,570,600","3,047,173","31,200","58,500","1.88","-","-","2,038.60","2,098.72","1,977.31","1,946.47","1,889.02","1,427,480","754,200","719,222"
"2015/08/27","2,008.0","2,058.0","1,999.0","2,023.0","+55.0","1,347,700","2,731,781","31,100","58,500","1.88","-","-","2,002.80","2,147.68","2,027.99","1,934.13","1,706.10","1,380,540","1,219,784","1,166,806"
"2015/08/25","1,900.0","1,999.0","1,884.0","1,894.0","-97.0","1,598,300","3,101,020","29,800","56,100","1.88","-","-","2,121.40","2,157.04","2,019.44","1,925.35","1,698.54","1,249,000","1,178,864","1,148,748"
"2014/11/18","1,405.0","1,419.0","1,363.0","1,371.0","-25.0","1,883,800","2,610,526","45,200","85,400","1.89","-","-","1,389.40","1,219.72","1,370.39","1,406.93","-","3,639,620","2,254,024","1,488,157"
"2016/09/16","1,947.0","1,947.0","1,903.0","1,920.0","-9.0","1,034,800","1,984,434","11,400","21,700","1.90","-","-","1,917.40","1,916.52","2,045.09","2,097.91","2,118.92","822,220","928,832","839,348"
"2016/09/26","2,003.0","2,003.0","1,966.0","1,972.0","-26.0","828,400","1,636,400","9,900","18,900","1.91","-","-","1,961.60","1,917.20","2,029.79","2,088.49","2,110.56","914,980","834,620","849,566"
"2016/09/14","1,913.0","1,933.0","1,906.0","1,914.0","0.0","504,000","967,437","10,200","19,500","1.91","-","-","1,929.80","1,924.04","2,055.17","2,102.93","2,122.66","713,420","950,520","835,202"
"2024/03/07","1,932.5","1,943.0","1,906.5","1,918.5","-11.0","984,400","1,890,531","21,400","41,100","1.92","-","-","1,927.40","2,019.18","2,155.44","2,204.59","2,322.56","1,136,780","1,140,724","843,425"
"2016/01/25","1,953.0","1,989.0","1,936.0","1,969.0","+54.0","1,076,700","2,109,559","32,200","62,600","1.94","-","-","1,898.20","2,103.36","2,194.89","2,126.95","2,024.17","876,720","899,432","1,048,445"
"2018/01/12","2,232.0","2,239.0","2,169.0","2,221.0","-20.0","753,600","1,665,752","21,400","41,800","1.95","-","-","2,219.60","2,131.40","2,083.25","2,033.15","1,921.53","718,340","670,656","733,988"
"2022/07/05","2,099.0","2,112.0","2,084.0","2,100.0","+25.0","388,900","817,048","11,800","23,100","1.96","-","-","2,086.00","2,062.64","2,081.84","2,109.74","2,390.51","640,120","653,092","781,884"
"2017/12/28","2,188.0","2,188.0","2,137.0","2,140.0","-35.0","576,500","1,242,971","12,000","23,600","1.97","-","-","2,138.80","2,090.12","2,057.93","2,009.72","1,909.23","412,880","717,900","750,626"
"2017/08/14","1,770.0","1,818.0","1,763.0","1,802.0","+6.0","990,900","1,783,692","23,200","45,700","1.97","-","-","1,858.00","1,856.64","1,838.80","1,809.55","1,942.72","911,680","819,956","1,041,957"
"2018/08/14","1,934.0","1,991.0","1,932.0","1,989.0","+45.0","786,300","1,550,007","8,300","16,400","1.98","-","-","2,040.40","2,172.16","2,151.68","2,120.05","2,105.16","942,660","608,800","661,614"
"2016/01/22","1,890.0","1,920.0","1,836.0","1,915.0","+125.0","745,500","1,410,712","31,700","62,700","1.98","-","-","1,898.20","2,113.20","2,194.36","2,127.17","2,021.85","785,440","885,112","1,043,508"
"2016/09/13","1,922.0","1,943.0","1,901.0","1,914.0","+4.0","745,800","1,428,954","10,100","20,200","2.00","-","-","1,941.80","1,927.96","2,061.23","2,104.95","2,124.42","722,020","949,292","835,974"
"2022/11/02","2,025.0","2,068.0","2,025.0","2,053.0","+31.0","340,100","698,053","5,800","11,700","2.02","-","-","2,057.40","2,054.60","2,129.40","2,112.82","2,156.56","561,500","492,780","552,268"
"2022/11/01","2,061.0","2,062.0","2,021.0","2,022.0","-44.0","325,200","659,791","5,800","11,700","2.02","-","-","2,070.40","2,053.36","2,129.85","2,113.42","2,159.92","563,040","501,048","552,325"
"2021/12/13","2,610.0","2,612.0","2,538.0","2,553.0","-35.0","614,100","1,573,621","11,200","22,600","2.02","-","-","2,590.80","2,520.92","2,734.75","2,704.92","2,738.28","859,640","673,088","644,461"
"2021/08/19","2,554.0","2,559.0","2,504.0","2,506.0","-82.0","398,900","1,007,125","11,100","22,400","2.02","-","-","2,593.40","2,629.88","2,786.33","2,773.23","2,519.66","429,360","495,916","617,690"
"2017/11/14","1,914.0","1,975.0","1,905.0","1,953.0","+24.0","1,135,700","2,210,820","30,700","62,100","2.02","-","-","2,086.60","2,102.28","1,976.27","1,945.26","1,890.14","1,240,960","712,188","715,302"
"2017/12/15","2,092.0","2,101.0","2,063.0","2,082.0","-25.0","1,106,300","2,303,421","11,500","23,300","2.03","-","-","2,105.00","2,040.56","2,026.65","1,986.69","1,897.69","794,800","983,712","766,965"
"2017/08/01","1,883.0","1,902.0","1,880.0","1,901.0","+16.0","585,600","1,110,754","20,800","42,200","2.03","-","-","1,876.60","1,858.68","1,819.91","1,808.14","1,945.84","783,060","861,116","1,041,462"
"2016/09/20","1,926.0","1,973.0","1,914.0","1,930.0","+10.0","978,200","1,896,264","10,100","20,500","2.03","-","-","1,921.40","1,909.12","2,040.99","2,094.77","2,116.76","868,620","917,116","841,420"
"2014/12/02","1,343.0","1,357.0","1,320.0","1,349.0","-4.0","797,100","1,071,514","33,800","68,500","2.03","-","-","1,318.40","1,287.24","1,346.20","1,388.96","-","1,204,540","1,990,652","1,568,798"
"2022/06/16","2,033.0","2,060.0","2,026.0","2,033.0","+2.0","503,000","1,026,713","9,200","18,800","2.04","-","-","2,008.80","2,029.36","2,088.60","2,156.15","2,434.73","759,580","850,852","884,145"
"2014/08/13","1,555.0","1,578.0","1,530.0","1,549.0","-59.0","1,233,400","1,920,840","24,500","51,000","2.08","-","-","1,521.80","1,518.68","1,533.44","-","-","1,092,600","588,552","741,117"
"2022/11/04","2,035.0","2,043.0","2,004.0","2,036.0","-17.0","578,300","1,175,047","5,700","11,900","2.09","-","-","2,047.60","2,056.88","2,128.65","2,112.31","2,153.06","617,560","483,076","554,164"
"2022/04/28","2,042.0","2,078.0","2,027.0","2,078.0","+46.0","1,041,100","2,145,239","3,200","6,700","2.09","-","-","2,086.60","2,114.60","2,250.35","2,333.95","2,526.56","796,800","741,196","932,160"
"2016/09/21","1,926.0","1,989.0","1,926.0","1,988.0","+58.0","952,300","1,867,315","9,100","19,000","2.09","-","-","1,936.20","1,909.52","2,037.44","2,092.31","2,114.87","909,920","901,220","845,928"
"2015/09/14","1,978.0","1,993.0","1,927.0","1,937.0","-41.0","834,300","1,626,283","39,300","82,400","2.10","-","-","1,885.00","2,074.92","2,033.81","1,971.78","1,743.78","1,643,420","1,338,908","1,141,772"
"2016/01/28","1,963.0","1,989.0","1,945.0","1,965.0","-20.0","353,100","695,464","31,800","67,000","2.11","-","-","1,954.60","2,062.00","2,195.55","2,126.99","2,030.56","661,500","866,108","1,031,690"
"2014/11/17","1,451.0","1,458.0","1,393.0","1,396.0","-90.0","2,029,100","2,877,768","37,600","79,300","2.11","-","-","1,368.80","1,216.32","1,372.47","1,408.30","-","3,463,060","2,225,720","1,472,798"
"2016/02/09","2,005.0","2,010.0","1,946.0","1,994.0","-147.0","795,500","1,582,458","37,700","80,400","2.13","-","-","2,116.40","2,041.60","2,199.73","2,141.17","2,051.57","936,800","1,015,980","1,036,174"
"2016/01/26","1,955.0","1,970.0","1,932.0","1,939.0","-30.0","589,000","1,146,995","31,000","65,900","2.13","-","-","1,893.20","2,090.04","2,195.35","2,127.40","2,026.38","819,700","893,884","1,048,269"
"2016/01/21","1,861.0","1,899.0","1,790.0","1,790.0","-63.0","770,700","1,415,569","29,300","62,300","2.13","-","-","1,911.80","2,125.64","2,193.67","2,129.40","2,019.62","838,220","891,100","1,044,833"
"2016/09/09","1,960.0","1,978.0","1,936.0","1,941.0","-29.0","678,000","1,322,582","9,500","20,300","2.14","-","-","1,955.40","1,932.68","2,072.77","2,109.26","2,127.69","669,300","944,200","833,404"
"2016/07/05","2,050.0","2,054.0","2,010.0","2,045.0","-10.0","569,900","1,158,777","11,100","23,900","2.15","-","-","2,074.00","2,169.44","2,192.32","2,159.19","2,149.30","832,700","742,384","759,344"
"2016/02/17","1,959.0","2,013.0","1,931.0","1,965.0","+13.0","1,092,900","2,145,803","33,300","72,000","2.16","-","-","1,931.40","2,011.24","2,182.19","2,142.88","2,058.35","1,187,520","1,016,868","1,057,848"
"2016/01/27","1,976.0","2,011.0","1,959.0","1,985.0","+46.0","543,200","1,077,420","31,100","67,300","2.16","-","-","1,919.60","2,075.60","2,196.29","2,127.57","2,028.70","745,020","890,528","1,046,985"
"2017/08/02","1,899.0","1,900.0","1,879.0","1,882.0","-19.0","615,500","1,160,833","19,100","41,500","2.17","-","-","1,883.00","1,859.80","1,822.65","1,808.49","1,945.52","748,680","853,980","1,036,714"
"2016/07/04","2,045.0","2,056.0","2,002.0","2,055.0","-1.0","729,300","1,487,282","11,000","24,000","2.18","-","-","2,079.20","2,180.52","2,193.88","2,160.15","2,148.50","911,660","758,744","759,337"
"2022/06/29","2,114.0","2,126.0","2,097.0","2,101.0","-13.0","1,159,800","2,441,686","9,000","19,800","2.20","-","-","2,073.80","2,055.76","2,084.59","2,122.15","2,405.35","643,260","729,532","803,950"
"2016/06/28","2,055.0","2,101.0","2,027.0","2,071.0","-3.0","964,700","2,000,052","13,900","30,700","2.21","-","-","2,090.20","2,225.64","2,195.43","2,164.35","2,146.61","764,420","710,616","757,814"
"2016/01/29","1,981.0","2,123.0","1,972.0","2,121.0","+156.0","1,147,900","2,373,202","32,700","72,200","2.21","-","-","1,995.80","2,056.04","2,197.35","2,127.52","2,032.96","741,980","889,488","1,034,070"
"2016/09/15","1,913.0","1,939.0","1,901.0","1,929.0","+15.0","1,080,300","2,077,932","9,100","20,400","2.24","-","-","1,921.60","1,921.20","2,049.93","2,100.94","2,120.85","750,860","934,664","836,554"
"2016/02/16","1,948.0","2,016.0","1,935.0","1,952.0","-65.0","1,159,100","2,294,385","32,800","73,700","2.25","-","-","1,937.20","2,010.08","2,185.55","2,142.01","2,056.90","1,128,040","1,034,548","1,051,546"
"2014/11/04","1,338.0","1,344.0","1,247.0","1,250.0","+21.0","3,139,000","4,027,332","56,900","127,800","2.25","-","-","1,182.00","1,215.56","1,396.37","1,423.20","-","2,357,900","1,962,756","1,226,246"
"2016/09/06","1,944.0","1,963.0","1,940.0","1,956.0","+20.0","603,100","1,177,116","9,300","21,100","2.27","-","-","1,941.60","1,935.40","2,090.21","2,114.33","2,131.71","680,620","954,576","832,398"
"2016/09/05","1,964.0","1,966.0","1,924.0","1,936.0","-5.0","625,300","1,216,100","9,200","20,900","2.27","-","-","1,930.60","1,937.88","2,096.37","2,115.85","2,133.61","675,320","950,972","842,233"
"2016/08/12","2,050.0","2,099.0","2,026.0","2,037.0","+37.0","1,180,600","2,423,070","8,900","20,200","2.27","-","-","1,998.20","2,057.36","2,158.37","2,158.12","2,162.11","899,060","833,016","806,588"
"2024/02/16","1,895.5","1,946.5","1,883.0","1,935.5","+59.5","1,189,500","2,291,271","5,800","13,200","2.28","-","-","1,994.40","2,201.12","2,226.98","2,274.92","2,353.12","1,558,400","950,828","780,846"
"2017/12/06","2,075.0","2,077.0","2,049.0","2,063.0","-24.0","1,020,300","2,105,872","11,500","26,200","2.28","-","-","2,069.40","2,065.00","2,006.16","1,968.79","1,888.56","908,000","957,968","750,482"
"2014/11/26","1,288.0","1,333.0","1,287.0","1,311.0","+1.0","1,498,000","1,974,335","27,100","61,900","2.28","-","-","1,328.60","1,253.08","1,356.59","1,396.97","-","1,674,340","2,156,676","1,564,864"
"2017/12/04","2,086.0","2,088.0","2,055.0","2,057.0","-13.0","586,100","1,211,730","9,500","21,800","2.29","-","-","2,054.60","2,072.88","2,000.40","1,964.57","1,886.22","848,660","965,640","746,182"
"2024/03/21","2,020.0","2,034.0","2,006.0","2,006.5","-5.0","1,254,100","2,529,187","9,700","22,500","2.32","-","-","1,972.40","1,940.64","2,115.14","2,167.04","2,298.81","1,368,560","1,196,740","901,220"
"2023/10/26","2,296.5","2,313.5","2,253.5","2,262.5","-45.0","497,700","1,129,064","4,200","9,800","2.33","-","-","2,299.70","2,405.54","2,434.93","2,429.28","2,330.84","404,540","474,028","470,252"
"2016/09/12","1,901.0","1,915.0","1,887.0","1,910.0","-31.0","746,200","1,420,508","8,600","20,000","2.33","-","-","1,950.20","1,931.44","2,066.59","2,106.77","2,125.99","693,480","955,148","838,001"
"2024/03/22","2,010.0","2,027.5","1,991.5","2,023.0","+16.5","884,600","1,782,750","9,700","22,700","2.34","-","-","1,994.30","1,943.62","2,112.59","2,164.17","2,297.18","1,346,780","1,134,864","905,634"
"2022/06/15","1,997.0","2,056.0","1,996.0","2,031.0","+51.0","953,500","1,938,475","8,900","21,100","2.37","-","-","2,019.60","2,032.36","2,089.49","2,162.97","2,437.16","773,160","867,900","908,620"
"2016/09/07","1,950.0","1,977.0","1,945.0","1,974.0","+18.0","547,000","1,076,231","9,200","21,800","2.37","-","-","1,948.80","1,933.44","2,084.56","2,113.35","2,130.55","656,940","942,672","831,397"
"2015/09/16","1,863.0","1,863.0","1,780.0","1,786.0","-92.0","1,368,500","2,466,870","27,300","65,000","2.38","-","-","1,878.80","2,044.40","2,028.41","1,974.78","1,749.09","1,537,320","1,284,612","1,153,822"
"2022/06/27","2,079.0","2,084.0","2,060.0","2,077.0","+42.0","522,200","1,084,165","7,700","18,400","2.39","-","-","2,044.20","2,044.16","2,082.56","2,127.09","2,411.91","514,340","741,188","813,548"
"2024/02/19","1,940.0","1,963.5","1,927.0","1,941.5","+6.0","692,100","1,343,631","6,300","15,100","2.40","-","-","1,958.50","2,185.34","2,222.70","2,268.41","2,351.28","1,548,200","946,852","783,438"
"2022/06/30","2,089.0","2,117.0","2,067.0","2,089.0","-12.0","699,300","1,464,231","9,100","22,000","2.42","-","-","2,083.20","2,058.64","2,084.08","2,119.78","2,401.90","695,260","723,772","802,245"
"2017/02/28","1,903.0","1,915.0","1,900.0","1,900.0","+4.0","1,289,500","2,460,118","45,600","111,300","2.44","-","-","1,868.80","1,975.84","2,125.79","2,089.34","2,088.33","1,823,800","1,272,504","965,124"
"2015/03/25","1,507.0","1,524.0","1,495.0","1,524.0","+12.0","1,223,400","1,850,464","25,700","62,600","2.44","-","-","1,535.60","1,606.36","1,514.56","1,457.73","1,450.52","1,271,400","1,267,812","1,094,564"
"2014/06/05","1,543.0","1,561.0","1,538.0","1,555.0","+30.0","1,621,100","2,511,701","34,200","83,600","2.44","-","-","1,538.40","1,576.68","-","-","-","1,682,340","914,448","-"
"2014/11/25","1,339.0","1,343.0","1,291.0","1,310.0","+18.0","1,738,700","2,273,486","34,500","84,600","2.45","-","-","1,340.60","1,245.48","1,359.27","1,399.24","-","1,751,500","2,223,880","1,549,637"
"2014/06/13","1,450.0","1,462.0","1,446.0","1,462.0","+4.0","648,700","941,910","36,900","90,500","2.45","-","-","1,468.00","1,551.68","-","-","-","663,960","975,804","-"
"2018/01/04","2,161.0","2,161.0","2,135.0","2,153.0","+28.0","886,500","1,902,351","22,000","54,400","2.47","-","-","2,144.60","2,098.40","2,064.52","2,014.65","1,911.94","531,920","696,720","749,965"
"2016/11/01","2,040.0","2,072.0","2,029.0","2,070.0","+41.0","866,000","1,780,244","17,500","43,300","2.47","-","-","2,028.00","1,986.04","1,981.15","2,018.85","2,077.27","926,680","836,196","861,177"
"2022/04/27","2,090.0","2,094.0","2,032.0","2,032.0","-78.0","1,064,000","2,171,980","3,300","8,200","2.48","-","-","2,093.60","2,120.12","2,258.99","2,336.81","2,530.22","703,460","720,912","925,214"
"2017/02/09","2,044.0","2,047.0","2,021.0","2,031.0","-13.0","687,300","1,397,203","5,400","13,500","2.50","-","-","2,042.40","2,170.60","2,150.17","2,102.81","2,106.04","658,060","723,088","796,665"
"2016/09/08","1,978.0","1,979.0","1,953.0","1,970.0","-4.0","893,100","1,754,612","9,000","22,700","2.52","-","-","1,955.40","1,934.00","2,078.83","2,111.89","2,129.24","686,180","942,024","831,421"
"2022/10/12","2,056.0","2,056.0","2,021.0","2,031.0","-26.0","472,200","960,823","6,200","15,700","2.53","-","-","2,059.60","2,088.52","2,133.01","2,108.28","2,197.06","528,840","557,444","576,910"
"2018/08/16","1,936.0","1,961.0","1,917.0","1,958.0","+8.0","733,100","1,427,113","6,400","16,200","2.53","-","-","1,966.20","2,153.96","2,146.72","2,119.13","2,103.72","1,007,960","623,768","658,336"
"2017/11/13","1,891.0","1,953.0","1,877.0","1,929.0","-242.0","2,723,000","5,215,459","31,600","80,000","2.53","-","-","2,135.60","2,104.56","1,974.89","1,943.96","1,891.12","1,153,880","683,720","710,658"
"2018/01/05","2,169.0","2,190.0","2,166.0","2,190.0","+37.0","634,000","1,381,978","20,800","52,900","2.54","-","-","2,156.60","2,104.76","2,068.36","2,017.53","1,913.66","602,020","697,412","747,090"
"2015/03/31","1,535.0","1,545.0","1,497.0","1,498.0","-6.0","1,005,300","1,529,324","29,800","75,800","2.54","-","-","1,498.60","1,578.80","1,520.19","1,471.73","1,449.80","1,006,380","1,168,892","1,089,878"
"2017/08/16","1,835.0","1,854.0","1,816.0","1,851.0","-9.0","785,000","1,442,572","24,800","63,200","2.55","-","-","1,839.40","1,857.16","1,841.49","1,810.40","1,941.41","1,027,380","797,208","1,040,865"
"2014/08/14","1,555.0","1,558.0","1,535.0","1,549.0","0.0","440,400","680,657","17,400","44,500","2.56","-","-","1,529.80","1,520.48","1,533.24","1,521.14","-","1,059,620","591,336","740,797"
"2017/12/11","2,091.0","2,122.0","2,072.0","2,119.0","+34.0","663,300","1,394,495","9,800","25,500","2.60","-","-","2,082.80","2,054.36","2,014.52","1,975.77","1,892.51","803,040","980,852","753,390"
"2022/06/17","1,971.0","2,003.0","1,951.0","1,990.0","-43.0","1,140,800","2,268,773","8,500","22,200","2.61","-","-","2,003.40","2,023.68","2,086.65","2,149.83","2,431.45","767,240","861,264","886,480"
"2017/12/25","2,136.0","2,145.0","2,120.0","2,124.0","-1.0","201,400","428,565","9,600","25,200","2.63","-","-","2,108.00","2,068.64","2,045.93","2,001.93","1,904.64","520,360","791,172","766,452"
"2014/06/02","1,572.0","1,579.0","1,530.0","1,546.0","+14.0","1,291,800","1,996,518","35,100","92,200","2.63","-","-","1,541.80","1,579.08","-","-","-","1,639,680","837,640","-"
"2014/11/21","1,302.0","1,312.0","1,265.0","1,292.0","-38.0","2,160,600","2,785,790","28,400","75,600","2.66","-","-","1,357.80","1,237.68","1,362.21","1,401.53","-","1,809,580","2,241,252","1,532,194"
"2014/11/28","1,277.0","1,310.0","1,277.0","1,303.0","+27.0","941,200","1,224,450","27,000","72,900","2.70","-","-","1,298.40","1,268.76","1,351.56","1,392.16","-","1,545,300","2,010,512","1,578,898"
"2016/08/29","1,913.0","1,920.0","1,896.0","1,907.0","+25.0","501,700","957,357","8,800","24,000","2.73","-","-","1,875.60","1,967.60","2,122.48","2,124.28","2,143.27","881,100","948,364","866,722"
"2015/09/10","1,829.0","1,847.0","1,785.0","1,815.0","-63.0","1,887,100","3,429,543","29,400","80,200","2.73","-","-","1,863.20","2,083.24","2,035.71","1,965.62","1,737.85","1,330,680","1,312,148","1,138,938"
"2024/03/19","1,969.5","2,012.5","1,953.5","2,011.5","+37.5","1,715,500","3,405,509","8,200","22,500","2.74","-","-","1,951.70","1,944.02","2,118.31","2,170.09","2,300.60","1,295,280","1,217,668","896,153"
"2014/11/27","1,287.0","1,296.0","1,262.0","1,276.0","-35.0","1,388,000","1,771,849","26,300","72,200","2.75","-","-","1,303.80","1,262.32","1,353.48","1,394.37","-","1,741,640","2,084,204","1,575,300"
"2016/09/02","1,928.0","1,958.0","1,925.0","1,941.0","+4.0","762,400","1,481,298","8,600","23,800","2.77","-","-","1,924.80","1,942.60","2,102.45","2,117.54","2,135.63","650,600","959,900","843,836"
"2024/02/21","1,954.0","1,965.0","1,928.0","1,946.5","+10.5","934,000","1,819,958","6,200","17,300","2.79","-","-","1,927.10","2,150.72","2,213.77","2,255.89","2,347.46","1,077,160","964,324","770,192"
"2016/10/13","1,951.0","1,980.0","1,936.0","1,958.0","+15.0","964,600","1,887,065","9,000","25,200","2.80","-","-","1,956.80","1,965.16","1,995.21","2,063.57","2,090.97","961,060","803,936","872,592"
"2022/07/04","2,085.0","2,089.0","2,062.0","2,075.0","+10.0","318,600","660,729","9,100","25,700","2.82","-","-","2,088.80","2,060.04","2,082.67","2,112.82","2,394.32","670,240","695,380","786,185"
"2014/08/04","1,566.0","1,569.0","1,524.0","1,534.0","-15.0","613,900","946,400","17,700","50,500","2.85","-","-","1,539.60","1,519.48","1,538.88","-","-","585,960","500,408","738,157"
"2016/09/01","1,940.0","1,958.0","1,915.0","1,937.0","-1.0","746,900","1,448,435","8,300","23,800","2.87","-","-","1,913.00","1,946.60","2,108.56","2,119.22","2,137.57","661,680","961,156","852,808"
"2014/11/11","1,272.0","1,291.0","1,257.0","1,268.0","+17.0","1,001,000","1,273,973","21,300","61,200","2.87","-","-","1,252.40","1,202.92","1,379.64","1,412.56","-","1,213,620","1,949,992","1,282,848"
"2014/10/30","1,145.0","1,171.0","1,141.0","1,152.0","+5.0","3,467,100","4,000,723","45,100","129,500","2.87","-","-","1,135.80","1,224.32","1,403.49","1,427.87","-","1,676,420","1,807,560","1,160,558"
"2022/09/22","2,130.0","2,131.0","2,092.0","2,092.0","-50.0","470,100","987,800","4,900","14,100","2.88","-","-","2,139.60","2,166.80","2,134.55","2,112.21","2,226.09","567,520","550,364","601,716"
"2024/03/18","1,970.0","1,984.5","1,964.5","1,974.0","+17.5","1,076,900","2,125,441","7,100","20,700","2.92","-","-","1,932.60","1,948.40","2,121.92","2,173.26","2,302.24","1,116,560","1,178,772","880,276"
"2018/08/15","1,980.0","1,983.0","1,924.0","1,950.0","-39.0","710,100","1,385,965","5,600","16,500","2.95","-","-","2,002.60","2,162.52","2,149.16","2,119.13","2,104.47","974,880","615,120","656,996"
"2022/07/06","2,084.0","2,101.0","2,067.0","2,090.0","-10.0","410,400","856,559","9,200","27,200","2.96","-","-","2,083.80","2,062.80","2,081.05","2,106.10","2,386.50","490,240","635,476","774,886"
"2017/05/31","1,835.0","1,846.0","1,820.0","1,828.0","-3.0","1,772,900","3,243,443","33,800","100,100","2.96","-","-","1,826.60","1,795.24","1,793.57","1,887.83","1,965.58","1,068,500","1,224,008","1,335,658"
"2016/08/15","2,093.0","2,122.0","2,074.0","2,115.0","+78.0","1,271,100","2,678,228","6,100","18,100","2.97","-","-","2,033.00","2,058.24","2,156.65","2,157.34","2,162.05","1,058,780","836,868","812,749"
"2022/07/01","2,054.0","2,088.0","2,048.0","2,065.0","-24.0","634,000","1,307,378","8,800","26,200","2.98","-","-","2,089.20","2,058.64","2,083.55","2,116.33","2,398.14","710,960","719,376","793,493"
"2014/06/06","1,525.0","1,537.0","1,493.0","1,498.0","-57.0","1,587,100","2,388,803","41,400","123,400","2.98","-","-","1,531.60","1,575.80","-","-","-","1,255,500","957,072","-"
"2017/08/10","1,850.0","1,861.0","1,791.0","1,796.0","-92.0","1,705,800","3,084,967","16,400","49,000","2.99","-","-","1,874.20","1,859.92","1,837.69","1,809.81","1,943.64","793,380","822,408","1,041,076"
"2017/12/07","2,053.0","2,075.0","2,035.0","2,060.0","-3.0","792,500","1,633,376","6,200","18,700","3.02","-","-","2,067.40","2,060.76","2,008.95","1,970.78","1,889.68","702,500","966,224","753,856"
"2016/08/30","1,890.0","1,914.0","1,886.0","1,901.0","-6.0","576,600","1,097,349","7,700","23,400","3.04","-","-","1,889.60","1,958.68","2,118.80","2,122.12","2,141.20","761,340","952,192","864,505"
"2014/11/10","1,248.0","1,277.0","1,244.0","1,251.0","0.0","881,200","1,107,458","21,100","64,500","3.06","-","-","1,248.80","1,203.04","1,382.88","1,414.49","-","1,641,220","1,960,692","1,274,765"
"2022/03/07","2,058.0","2,069.0","2,012.0","2,039.0","-37.0","1,054,100","2,148,383","6,000","18,400","3.07","-","-","2,083.00","2,260.68","2,459.19","2,542.20","2,674.89","1,312,780","1,071,216","775,249"
"2016/08/25","1,910.0","1,918.0","1,871.0","1,884.0","+10.0","996,800","1,879,921","8,000","24,700","3.09","-","-","1,834.40","1,985.32","2,129.63","2,129.45","2,147.20","1,159,400","940,612","866,065"
"2015/03/30","1,476.0","1,517.0","1,467.0","1,504.0","+34.0","804,600","1,200,591","25,700","79,400","3.09","-","-","1,501.40","1,586.24","1,518.85","1,468.27","1,449.80","1,079,820","1,226,600","1,086,849"
"2014/06/04","1,543.0","1,545.0","1,517.0","1,525.0","-9.0","696,400","1,063,884","35,400","110,100","3.11","-","-","1,533.00","1,576.32","-","-","-","1,546,760","868,700","-"
"2016/06/24","2,143.0","2,160.0","1,970.0","1,996.0","-160.0","1,011,700","2,066,880","11,000","34,900","3.17","-","-","2,128.00","2,251.76","2,197.48","2,166.94","2,146.97","646,280","699,700","754,792"
"2016/08/31","1,932.0","1,949.0","1,909.0","1,938.0","+37.0","665,400","1,287,292","7,200","23,000","3.19","-","-","1,902.40","1,952.64","2,113.57","2,120.64","2,139.52","711,660","959,884","852,426"
"2014/06/10","1,479.0","1,485.0","1,461.0","1,468.0","-10.0","563,600","828,797","38,900","124,300","3.20","-","-","1,504.80","1,567.36","-","-","-","1,098,340","985,668","-"
"2022/06/22","2,049.0","2,068.0","2,027.0","2,034.0","+1.0","577,300","1,179,707","7,500","24,100","3.21","-","-","2,020.00","2,034.08","2,083.36","2,136.46","2,421.89","629,640","754,652","836,484"
"2014/07/31","1,541.0","1,561.0","1,540.0","1,552.0","+25.0","556,700","863,278","15,600","50,000","3.21","-","-","1,536.40","1,518.08","1,536.31","-","-","529,320","490,252","738,281"
"2017/12/26","2,135.0","2,141.0","2,114.0","2,130.0","+6.0","283,500","602,916","7,800","25,300","3.24","-","-","2,117.40","2,075.48","2,049.81","2,004.22","1,906.18","390,680","778,596","760,182"
"2016/02/10","1,995.0","2,026.0","1,877.0","1,907.0","-87.0","852,400","1,644,415","23,400","75,900","3.24","-","-","2,058.80","2,030.88","2,196.81","2,141.46","2,052.90","851,400","1,015,148","1,031,006"
"2017/12/29","2,125.0","2,142.0","2,118.0","2,125.0","-15.0","379,200","807,451","16,700","54,300","3.25","-","-","2,138.80","2,093.96","2,061.19","2,012.14","1,910.48","394,900","698,744","747,936"
"2016/02/12","1,840.0","1,904.0","1,810.0","1,816.0","-91.0","1,475,000","2,739,264","22,000","71,500","3.25","-","-","1,991.20","2,017.32","2,191.93","2,141.47","2,053.55","999,380","1,044,756","1,037,929"
"2021/11/09","2,761.0","2,791.0","2,520.0","2,567.0","-294.0","1,796,700","4,646,800","11,700","38,100","3.26","-","-","2,807.20","2,812.68","2,767.20","2,781.64","2,722.12","772,760","596,408","605,326"
"2017/05/30","1,825.0","1,835.0","1,812.0","1,831.0","+1.0","801,700","1,463,524","31,300","102,300","3.27","-","-","1,822.00","1,789.80","1,796.28","1,892.32","1,966.31","961,040","1,186,400","1,321,184"
"2016/11/02","2,043.0","2,051.0","2,011.0","2,020.0","-50.0","841,300","1,705,590","5,600","18,300","3.27","-","-","2,030.20","1,985.32","1,979.87","2,016.26","2,077.69","931,020","833,672","859,148"
"2015/03/27","1,472.0","1,489.0","1,451.0","1,470.0","-27.0","868,400","1,278,078","24,300","79,800","3.28","-","-","1,511.00","1,592.80","1,517.43","1,464.70","1,450.06","1,088,200","1,240,592","1,085,270"
"2015/03/26","1,503.0","1,514.0","1,481.0","1,497.0","-27.0","1,130,200","1,688,809","24,100","79,500","3.30","-","-","1,528.60","1,599.84","1,516.32","1,461.32","1,450.33","1,132,900","1,264,968","1,096,160"
"2016/08/26","1,893.0","1,902.0","1,872.0","1,882.0","-2.0","817,800","1,541,832","7,500","24,800","3.31","-","-","1,854.40","1,975.20","2,125.97","2,126.32","2,145.11","949,480","950,556","869,369"
"2014/06/09","1,498.0","1,504.0","1,473.0","1,478.0","-20.0","1,023,500","1,518,616","46,300","155,900","3.37","-","-","1,518.00","1,572.04","-","-","-","1,201,840","979,668","-"
"2014/08/15","1,589.0","1,654.0","1,551.0","1,630.0","+81.0","1,851,100","3,006,201","10,200","34,500","3.38","-","-","1,566.40","1,525.72","1,534.36","1,523.97","-","1,295,580","640,148","759,113"
"2014/06/11","1,462.0","1,476.0","1,450.0","1,474.0","+6.0","426,800","625,968","37,900","128,200","3.38","-","-","1,494.60","1,563.04","-","-","-","1,044,420","981,472","-"
"2017/06/23","1,836.0","1,864.0","1,835.0","1,856.0","+18.0","1,129,500","2,095,551","27,300","92,700","3.40","-","-","1,835.40","1,841.40","1,790.84","1,825.29","1,959.40","994,120","1,208,016","1,219,122"
"2016/08/04","1,957.0","1,975.0","1,933.0","1,974.0","+18.0","623,600","1,221,906","5,200","17,700","3.40","-","-","2,005.00","2,070.56","2,168.12","2,164.62","2,165.68","747,800","830,060","787,214"
"2014/06/12","1,472.0","1,476.0","1,449.0","1,458.0","-16.0","657,200","958,921","36,800","128,400","3.49","-","-","1,475.20","1,557.92","-","-","-","851,640","982,620","-"
"2016/08/02","2,008.0","2,034.0","2,005.0","2,023.0","+5.0","844,600","1,706,438","5,300","18,700","3.53","-","-","2,044.80","2,081.44","2,173.32","2,167.66","2,167.42","743,000","843,840","789,338"
"2024/03/15","1,933.0","1,960.0","1,921.5","1,956.5","+43.0","1,802,800","3,507,655","5,700","20,300","3.56","-","-","1,923.00","1,955.92","2,126.79","2,177.03","2,304.66","1,097,480","1,184,148","871,552"
"2017/12/14","2,108.0","2,116.0","2,073.0","2,107.0","+3.0","794,200","1,665,800","6,400","23,200","3.63","-","-","2,105.60","2,045.12","2,023.84","1,984.19","1,896.75","769,700","979,880","760,113"
"2014/06/03","1,555.0","1,558.0","1,530.0","1,534.0","-12.0","1,081,100","1,665,996","29,700","107,700","3.63","-","-","1,538.60","1,577.88","-","-","-","1,650,180","859,420","-"
"2014/12/01","1,329.0","1,353.0","1,304.0","1,353.0","+50.0","1,398,400","1,875,962","29,700","108,600","3.66","-","-","1,310.60","1,277.68","1,349.65","1,390.59","-","1,392,860","2,009,504","1,587,742"
"2022/06/23","2,031.0","2,060.0","2,029.0","2,042.0","+8.0","439,300","898,258","6,400","23,600","3.69","-","-","2,021.80","2,037.76","2,082.60","2,133.24","2,418.92","616,900","742,360","828,356"
"2016/11/10","1,963.0","1,986.0","1,944.0","1,972.0","+89.0","1,136,700","2,236,294","5,600","20,800","3.71","-","-","1,958.00","1,975.84","1,969.56","2,002.01","2,077.02","936,420","879,180","859,238"
"2022/06/21","2,009.0","2,042.0","1,997.0","2,033.0","+23.0","477,400","968,861","6,000","22,300","3.72","-","-","2,019.40","2,030.68","2,083.73","2,139.04","2,425.03","704,880","769,908","852,938"
"2016/08/24","1,867.0","1,880.0","1,846.0","1,874.0","+43.0","913,800","1,706,146","8,500","31,800","3.74","-","-","1,831.20","1,995.28","2,133.11","2,132.96","2,149.19","1,168,840","935,464","862,832"
"2016/07/27","2,103.0","2,108.0","2,057.0","2,088.0","-1.0","715,100","1,490,012","5,900","22,100","3.75","-","-","2,106.60","2,091.20","2,176.76","2,172.01","2,165.87","558,960","838,140","789,866"
"2017/05/29","1,813.0","1,836.0","1,813.0","1,830.0","+17.0","951,700","1,739,517","29,100","109,400","3.76","-","-","1,819.60","1,784.16","1,799.12","1,896.18","1,966.94","1,133,480","1,184,532","1,318,757"
"2017/06/02","1,874.0","1,893.0","1,863.0","1,891.0","+28.0","1,224,200","2,306,436","20,900","79,400","3.80","-","-","1,848.60","1,807.04","1,791.47","1,879.72","1,964.64","1,307,060","1,275,688","1,323,292"
"2017/12/19","2,089.0","2,102.0","2,079.0","2,083.0","-21.0","931,900","1,946,502","6,400","24,400","3.81","-","-","2,096.00","2,044.04","2,032.64","1,992.18","1,899.65","862,660","907,660","775,080"
"2016/11/04","2,007.0","2,008.0","1,967.0","1,970.0","-50.0","751,200","1,485,776","5,000","19,100","3.82","-","-","2,022.40","1,982.92","1,978.24","2,012.81","2,077.55","979,720","822,168","853,668"
"2017/05/26","1,826.0","1,836.0","1,813.0","1,813.0","-18.0","780,700","1,422,024","29,200","112,300","3.85","-","-","1,811.60","1,778.68","1,801.64","1,900.15","1,967.90","1,322,420","1,177,096","1,317,162"
"2017/12/20","2,082.0","2,106.0","2,082.0","2,100.0","+17.0","604,100","1,267,347","6,400","24,700","3.86","-","-","2,095.20","2,049.92","2,035.72","1,994.68","1,900.67","804,780","886,396","770,650"
"2016/08/16","2,072.0","2,083.0","1,970.0","1,978.0","-137.0","1,349,700","2,705,653","6,200","24,100","3.89","-","-","2,028.40","2,056.60","2,153.24","2,155.34","2,161.03","1,150,280","841,856","821,377"
"2017/02/21","1,820.0","1,822.0","1,812.0","1,821.0","+2.0","1,125,300","2,046,746","31,600","124,300","3.93","-","-","1,827.60","2,038.00","2,134.87","2,096.68","2,093.56","1,621,800","1,066,148","897,605"
"2017/06/01","1,820.0","1,865.0","1,820.0","1,863.0","+35.0","1,784,800","3,310,438","23,600","93,400","3.96","-","-","1,833.00","1,801.00","1,791.17","1,883.70","1,965.19","1,218,360","1,258,408","1,348,065"
"2022/10/05","2,079.0","2,092.0","2,063.0","2,067.0","+3.0","593,600","1,230,705","2,800","11,300","4.04","-","-","2,009.40","2,100.08","2,130.83","2,105.46","2,207.42","579,600","598,264","584,838"
"2016/11/11","1,985.0","2,000.0","1,935.0","1,952.0","-20.0","909,400","1,786,212","5,300","21,400","4.04","-","-","1,954.40","1,975.36","1,967.63","2,000.13","2,077.51","968,060","896,680","863,944"
"2017/12/12","2,119.0","2,126.0","2,102.0","2,113.0","-6.0","516,700","1,091,751","6,400","26,000","4.06","-","-","2,088.00","2,051.96","2,017.44","1,978.78","1,893.97","794,720","965,904","751,436"
"2024/02/20","1,951.5","1,956.0","1,923.0","1,936.0","-5.5","919,600","1,780,543","3,700","15,200","4.11","-","-","1,927.50","2,167.56","2,217.93","2,262.12","2,349.43","1,376,660","955,868","790,226"
"2017/12/21","2,097.0","2,110.0","2,090.0","2,108.0","+8.0","395,300","831,729","5,900","24,300","4.12","-","-","2,095.40","2,056.48","2,038.65","1,997.10","1,901.83","725,000","839,384","769,545"
"2017/02/13","1,913.0","1,925.0","1,855.0","1,869.0","-174.0","3,082,200","5,769,598","23,600","97,700","4.14","-","-","2,001.20","2,144.48","2,149.63","2,103.69","2,104.32","1,215,120","826,836","823,260"
"2022/06/20","2,017.0","2,022.0","1,990.0","2,010.0","+20.0","449,700","902,035","5,300","22,200","4.19","-","-","2,008.80","2,025.92","2,085.15","2,143.95","2,428.18","733,040","799,236","866,777"
"2016/07/28","2,076.0","2,077.0","2,026.0","2,041.0","-47.0","793,800","1,621,223","5,400","22,600","4.19","-","-","2,087.80","2,086.68","2,175.85","2,171.05","2,166.55","603,880","848,588","790,810"
"2017/05/25","1,807.0","1,837.0","1,802.0","1,831.0","+26.0","1,035,500","1,893,306","25,800","109,900","4.26","-","-","1,792.80","1,774.00","1,804.96","1,904.42","1,968.93","1,328,420","1,179,788","1,313,117"
"2017/05/24","1,831.0","1,832.0","1,791.0","1,805.0","-14.0","1,235,600","2,229,627","28,300","120,500","4.26","-","-","1,771.80","1,768.16","1,807.96","1,908.48","1,970.04","1,399,320","1,162,364","1,308,296"
"2016/08/03","1,986.0","2,002.0","1,954.0","1,956.0","-67.0","909,300","1,797,594","5,000","21,300","4.26","-","-","2,018.40","2,076.84","2,171.19","2,165.78","2,166.51","781,840","841,624","788,033"
"2024/03/01","1,957.0","1,969.0","1,943.5","1,952.0","+20.5","1,361,500","2,667,962","5,200","22,300","4.29","-","-","1,942.60","2,071.30","2,177.19","2,222.15","2,333.64","1,218,780","1,067,020","822,930"
"2016/07/26","2,131.0","2,136.0","2,077.0","2,089.0","-35.0","473,100","992,214","5,000","21,500","4.30","-","-","2,115.60","2,094.68","2,176.64","2,171.88","2,165.08","589,560","829,032","789,521"
"2022/06/24","2,039.0","2,044.0","2,013.0","2,035.0","-7.0","555,500","1,128,890","6,300","27,400","4.35","-","-","2,030.80","2,040.60","2,082.05","2,129.60","2,415.50","499,840","741,300","820,640"
"2016/07/29","2,042.0","2,068.0","1,999.0","2,054.0","+13.0","848,500","1,731,634","5,100","22,500","4.41","-","-","2,079.20","2,082.60","2,175.17","2,170.31","2,167.25","662,280","862,868","788,769"
"2016/08/01","2,020.0","2,034.0","1,996.0","2,018.0","-36.0","513,000","1,034,485","4,700","21,300","4.53","-","-","2,058.00","2,083.48","2,173.97","2,168.98","2,167.24","668,700","842,920","787,230"
"2014/08/07","1,511.0","1,513.0","1,490.0","1,509.0","-3.0","605,300","907,514","10,200","46,200","4.53","-","-","1,527.00","1,517.04","1,536.31","-","-","533,460","466,568","708,308"
"2017/12/18","2,095.0","2,121.0","2,090.0","2,104.0","+22.0","587,400","1,235,647","5,300","24,200","4.57","-","-","2,102.00","2,037.88","2,029.85","1,989.52","1,898.73","779,620","979,304","768,445"
"2017/02/08","2,028.0","2,053.0","2,028.0","2,044.0","+25.0","619,700","1,265,345","5,800","26,800","4.62","-","-","2,051.60","2,180.44","2,148.87","2,101.91","2,106.90","631,340","744,068","798,732"
"2017/04/05","1,687.0","1,690.0","1,654.0","1,667.0","-33.0","2,086,600","3,481,490","36,400","175,200","4.81","-","-","1,703.00","1,809.60","2,009.31","2,046.74","2,027.11","1,688,460","1,331,712","1,110,408"
"2014/05/27","1,571.0","1,574.0","1,547.0","1,550.0","-12.0","1,028,600","1,601,822","9,400","45,200","4.81","-","-","1,566.80","1,586.80","-","-","-","741,240","663,872","-"
"2014/11/05","1,245.0","1,269.0","1,234.0","1,264.0","+14.0","1,653,500","2,081,596","22,700","111,000","4.89","-","-","1,208.40","1,211.20","1,393.19","1,421.10","-","2,421,780","1,984,260","1,243,129"
"2017/06/05","1,875.0","1,876.0","1,834.0","1,848.0","-43.0","1,492,600","2,758,939","16,600","81,600","4.92","-","-","1,852.20","1,810.20","1,791.57","1,875.64","1,963.82","1,415,240","1,295,428","1,310,804"
"2017/03/13","1,869.0","1,869.0","1,853.0","1,862.0","-12.0","1,045,600","1,943,614","24,200","119,400","4.93","-","-","1,852.60","1,882.00","2,101.68","2,080.04","2,069.44","1,340,760","1,505,804","991,629"
"2014/04/23","1,586.0","1,623.0","1,576.0","1,594.0","+25.0","753,000","1,197,079","13,800","68,100","4.93","-","-","1,590.60","-","-","-","-","830,340","-","-"
"2016/08/22","1,770.0","1,808.0","1,750.0","1,801.0","+19.0","843,600","1,509,872","8,200","40,700","4.96","-","-","1,867.80","2,015.20","2,138.47","2,141.17","2,153.55","1,467,060","934,928","860,394"
"2023/10/04","2,365.5","2,373.5","2,302.0","2,306.5","-96.0","669,400","1,555,421","1,800","9,200","5.11","-","-","2,431.50","2,514.46","2,449.32","2,443.04","2,308.18","549,500","575,728","459,004"
"2016/08/10","2,005.0","2,032.0","1,979.0","2,000.0","-12.0","1,476,700","2,961,296","4,600","23,600","5.13","-","-","1,985.60","2,059.16","2,160.85","2,159.03","2,162.75","787,660","832,616","799,460"
"2014/11/06","1,293.0","1,301.0","1,225.0","1,228.0","-36.0","1,521,600","1,920,218","21,400","110,300","5.15","-","-","1,224.60","1,206.64","1,389.49","1,418.80","-","2,426,440","2,016,992","1,257,973"
"2022/10/04","2,030.0","2,073.0","2,027.0","2,064.0","+73.0","635,000","1,307,609","2,200","11,400","5.18","-","-","1,991.80","2,103.52","2,130.37","2,105.87","2,210.06","625,060","590,684","583,630"
"2014/08/21","1,572.0","1,590.0","1,564.0","1,579.0","+7.0","722,900","1,140,855","8,900","46,200","5.19","-","-","1,584.80","1,536.60","1,534.83","1,532.81","-","1,275,200","765,348","793,773"
"2017/06/13","1,856.0","1,887.0","1,854.0","1,871.0","-3.0","1,125,100","2,107,895","15,800","82,100","5.20","-","-","1,870.20","1,825.88","1,794.83","1,851.64","1,960.29","1,150,060","1,294,600","1,272,034"
"2024/03/08","1,901.0","1,944.0","1,900.5","1,938.0","+19.5","879,200","1,690,692","6,100","31,900","5.23","-","-","1,924.60","2,006.98","2,151.17","2,199.69","2,319.60","1,040,320","1,146,456","845,080"
"2017/06/09","1,870.0","1,890.0","1,866.0","1,877.0","+7.0","1,376,600","2,585,622","15,500","84,100","5.43","-","-","1,861.00","1,822.80","1,793.44","1,858.46","1,960.46","1,188,560","1,313,012","1,277,024"
"2017/06/14","1,860.0","1,865.0","1,843.0","1,850.0","-21.0","1,223,200","2,264,856","14,800","81,200","5.49","-","-","1,868.40","1,826.24","1,795.03","1,848.07","1,960.63","1,210,040","1,305,216","1,267,833"
"2017/07/31","1,873.0","1,897.0","1,870.0","1,885.0","+4.0","716,600","1,351,645","8,900","49,000","5.51","-","-","1,859.80","1,856.84","1,817.09","1,807.34","1,946.21","754,980","859,260","1,047,980"
"2017/06/12","1,870.0","1,877.0","1,859.0","1,874.0","-3.0","1,009,900","1,888,608","15,100","83,500","5.53","-","-","1,866.20","1,824.60","1,794.15","1,855.11","1,960.28","1,092,020","1,297,788","1,275,485"
"2016/08/05","1,963.0","1,986.0","1,940.0","1,941.0","-33.0","472,500","921,764","4,000","22,300","5.58","-","-","1,982.40","2,064.88","2,165.21","2,163.27","2,164.47","672,600","805,672","787,996"
"2014/11/07","1,238.0","1,269.0","1,232.0","1,251.0","+23.0","1,010,800","1,266,282","16,600","94,000","5.66","-","-","1,244.40","1,203.52","1,386.27","1,416.69","-","1,935,180","1,987,476","1,266,781"
"2017/06/29","1,887.0","1,890.0","1,864.0","1,880.0","+5.0","1,039,500","1,950,604","11,100","63,100","5.68","-","-","1,864.00","1,850.16","1,791.68","1,816.26","1,957.96","1,024,180","1,134,416","1,196,898"
"2024/03/04","1,943.0","1,959.5","1,928.5","1,931.0","-21.0","1,004,500","1,947,388","5,200","30,200","5.81","-","-","1,940.80","2,057.66","2,170.34","2,217.44","2,331.06","1,121,320","1,080,316","830,210"
"2014/06/23","1,486.0","1,524.0","1,486.0","1,519.0","+34.0","615,900","931,317","15,800","92,100","5.83","-","-","1,492.60","1,518.76","-","-","-","1,062,960","1,050,020","-"
"2014/04/30","1,560.0","1,560.0","1,511.0","1,520.0","-26.0","521,500","795,626","11,500","68,100","5.92","-","-","1,557.60","1,501.40","-","-","-","550,580","816,536","-"
"2016/08/18","1,910.0","1,916.0","1,863.0","1,868.0","-42.0","1,044,000","1,966,009","6,000","35,700","5.95","-","-","1,981.60","2,040.20","2,145.59","2,149.37","2,157.68","1,415,200","912,716","844,373"
"2017/06/08","1,870.0","1,887.0","1,854.0","1,870.0","+11.0","1,315,400","2,463,899","14,300","85,300","5.97","-","-","1,863.80","1,819.84","1,792.67","1,862.39","1,960.96","1,158,080","1,290,140","1,280,950"
"2022/09/30","1,964.0","1,985.0","1,956.0","1,963.0","+1.0","536,500","1,055,093","1,900","11,500","6.05","-","-","1,992.60","2,117.28","2,129.79","2,107.59","2,215.87","636,860","578,260","590,129"
"2017/07/06","1,865.0","1,887.0","1,857.0","1,884.0","+12.0","1,052,200","1,977,105","9,100","55,500","6.10","-","-","1,876.00","1,858.76","1,793.85","1,808.07","1,956.11","783,820","1,047,508","1,184,633"
"2014/10/17","1,150.0","1,161.0","1,111.0","1,115.0","-41.0","2,173,000","2,461,812","21,000","128,200","6.10","-","-","1,194.80","1,310.80","1,450.49","1,464.91","-","1,760,700","1,421,012","967,704"
"2022/09/27","2,030.0","2,046.0","2,012.0","2,022.0","-15.0","546,800","1,107,137","2,900","17,800","6.14","-","-","2,092.00","2,149.92","2,132.23","2,111.70","2,222.83","540,180","554,232","593,504"
"2017/02/24","1,880.0","1,902.0","1,873.0","1,893.0","+58.0","2,741,300","5,177,077","19,800","121,700","6.15","-","-","1,837.60","1,994.72","2,128.04","2,091.76","2,089.88","1,691,980","1,204,772","940,338"
"2014/10/22","1,080.0","1,154.0","1,078.0","1,142.0","+97.0","2,783,500","3,136,668","20,300","126,500","6.23","-","-","1,115.80","1,277.76","1,433.29","1,451.68","-","2,672,740","1,669,392","1,066,017"
"2014/09/16","1,344.0","1,360.0","1,340.0","1,343.0","-1.0","1,006,100","1,356,044","25,000","159,900","6.40","-","-","1,375.40","1,502.04","1,507.13","1,525.60","-","979,960","1,067,632","796,142"
"2024/03/11","1,928.5","1,929.5","1,894.0","1,926.0","-12.0","981,500","1,876,498","5,100","32,700","6.41","-","-","1,923.60","1,996.06","2,146.44","2,195.01","2,316.63","1,035,720","1,159,552","849,296"
"2024/03/14","1,903.5","1,916.0","1,893.5","1,913.5","+10.5","993,500","1,892,202","5,200","33,400","6.42","-","-","1,919.30","1,963.24","2,131.51","2,180.79","2,307.38","912,760","1,145,432","855,294"
"2016/08/23","1,803.0","1,846.0","1,803.0","1,831.0","+30.0","1,175,400","2,150,560","6,200","40,600","6.55","-","-","1,838.40","2,005.24","2,135.68","2,136.82","2,151.39","1,432,200","928,812","858,785"
"2024/03/13","1,921.5","1,931.5","1,901.5","1,903.0","-13.0","887,700","1,696,465","5,100","33,700","6.61","-","-","1,920.30","1,971.78","2,136.39","2,185.02","2,310.47","910,940","1,156,648","854,196"
"2024/03/12","1,921.5","1,921.5","1,890.0","1,916.0","-10.0","821,900","1,570,001","5,100","33,900","6.65","-","-","1,925.60","1,984.82","2,141.40","2,189.96","2,313.66","966,820","1,166,012","851,812"
"2024/03/05","1,923.5","1,925.0","1,898.0","1,906.0","-25.0","1,166,400","2,225,667","4,500","30,400","6.76","-","-","1,935.30","2,044.22","2,164.67","2,213.43","2,328.23","1,169,640","1,098,028","831,552"
"2022/10/03","1,958.0","1,993.0","1,947.0","1,991.0","+28.0","449,300","888,242","1,700","11,500","6.76","-","-","1,983.40","2,108.96","2,129.93","2,106.39","2,212.82","607,420","580,044","587,877"
"2016/08/17","1,950.0","1,950.0","1,835.0","1,910.0","-68.0","2,230,600","4,241,115","6,000","40,800","6.80","-","-","2,008.00","2,050.56","2,149.56","2,152.34","2,159.59","1,501,740","910,216","840,160"
"2017/06/07","1,852.0","1,867.0","1,846.0","1,859.0","+8.0","923,300","1,713,023","12,300","84,500","6.87","-","-","1,862.40","1,816.60","1,791.99","1,866.92","1,962.19","1,251,960","1,275,088","1,286,352"
"2017/07/03","1,876.0","1,885.0","1,875.0","1,879.0","+8.0","630,800","1,185,316","8,300","57,100","6.88","-","-","1,871.80","1,854.44","1,792.24","1,812.95","1,957.06","1,002,540","1,127,540","1,192,213"
"2016/08/09","1,990.0","2,016.0","1,971.0","2,012.0","+11.0","473,300","947,462","10,400","72,000","6.92","-","-","1,976.80","2,060.96","2,162.56","2,160.65","2,163.44","674,180","796,344","787,165"
"2016/08/19","1,849.0","1,850.0","1,762.0","1,782.0","-86.0","1,867,400","3,346,027","7,300","51,000","6.99","-","-","1,930.60","2,026.84","2,141.47","2,145.37","2,155.51","1,552,560","947,672","858,326"
"2017/06/06","1,860.0","1,866.0","1,845.0","1,851.0","+3.0","834,900","1,548,918","11,700","82,300","7.03","-","-","1,856.20","1,813.20","1,791.69","1,871.27","1,963.08","1,421,880","1,286,892","1,302,378"
"2017/06/30","1,870.0","1,882.0","1,859.0","1,871.0","-9.0","929,700","1,737,266","8,200","58,400","7.12","-","-","1,867.00","1,852.48","1,791.80","1,814.35","1,957.54","984,220","1,140,376","1,195,353"
"2024/02/26","1,998.0","2,009.0","1,940.0","1,940.0","-49.0","1,491,800","2,928,315","2,800","20,100","7.18","-","-","1,950.60","2,123.94","2,202.99","2,244.32","2,343.01","1,061,860","1,019,404","789,164"
"2017/07/04","1,883.0","1,891.0","1,868.0","1,874.0","-5.0","651,800","1,225,735","7,900","57,700","7.30","-","-","1,875.80","1,856.16","1,792.71","1,811.25","1,956.58","974,120","1,121,544","1,190,546"
"2017/06/15","1,838.0","1,843.0","1,826.0","1,831.0","-19.0","1,786,900","3,274,592","12,000","90,300","7.53","-","-","1,860.60","1,826.12","1,794.20","1,844.33","1,960.78","1,304,340","1,343,776","1,255,108"
"2017/06/16","1,838.0","1,844.0","1,821.0","1,826.0","-5.0","994,500","1,818,150","12,000","91,600","7.63","-","-","1,850.40","1,826.44","1,793.27","1,841.17","1,960.76","1,227,920","1,347,172","1,239,488"
"2014/10/16","1,172.0","1,190.0","1,149.0","1,156.0","-43.0","2,029,300","2,360,074","15,100","115,400","7.64","-","-","1,232.00","1,322.20","1,456.15","1,469.38","-","1,792,380","1,371,764","951,913"
"2014/08/06","1,522.0","1,537.0","1,507.0","1,512.0","-19.0","356,000","539,796","5,900","45,200","7.66","-","-","1,535.60","1,518.12","1,537.53","-","-","523,740","460,360","713,106"
"2014/08/18","1,624.0","1,645.0","1,584.0","1,593.0","-37.0","1,302,400","2,092,554","5,500","42,200","7.67","-","-","1,585.80","1,529.20","1,535.33","1,526.85","-","1,409,040","674,476","769,525"
"2017/06/19","1,820.0","1,842.0","1,820.0","1,837.0","+11.0","847,100","1,555,106","12,500","96,300","7.70","-","-","1,843.00","1,825.88","1,792.43","1,838.28","1,960.57","1,195,360","1,329,916","1,233,589"
"2017/03/14","1,859.0","1,863.0","1,844.0","1,846.0","-16.0","866,300","1,601,740","16,700","131,900","7.90","-","-","1,857.60","1,875.08","2,097.72","2,079.20","2,066.68","1,127,740","1,507,172","994,506"
"2017/06/20","1,840.0","1,845.0","1,822.0","1,823.0","-14.0","1,058,700","1,938,341","12,200","98,600","8.08","-","-","1,833.40","1,827.24","1,791.45","1,835.01","1,960.27","1,182,080","1,282,948","1,226,653"
"2017/06/22","1,819.0","1,840.0","1,819.0","1,838.0","+15.0","1,059,400","1,942,775","11,700","94,800","8.10","-","-","1,829.40","1,835.92","1,790.64","1,828.23","1,959.63","967,120","1,195,264","1,215,928"
"2017/06/28","1,856.0","1,886.0","1,856.0","1,875.0","+21.0","1,618,800","3,033,141","9,700","79,800","8.23","-","-","1,855.60","1,848.20","1,791.60","1,818.02","1,958.24","1,028,160","1,134,256","1,198,886"
"2017/06/21","1,820.0","1,826.0","1,807.0","1,823.0","0.0","875,900","1,593,941","11,100","95,300","8.59","-","-","1,828.00","1,831.44","1,790.75","1,831.56","1,959.97","1,112,620","1,208,488","1,220,888"
"2024/02/28","1,925.0","1,966.5","1,920.5","1,956.0","+22.5","988,700","1,928,113","3,200","27,900","8.72","-","-","1,953.00","2,098.16","2,189.86","2,232.78","2,338.60","1,122,220","1,012,880","800,429"
"2017/05/23","1,776.0","1,828.0","1,773.0","1,819.0","+29.0","1,663,900","3,011,197","13,200","115,600","8.76","-","-","1,754.40","1,762.76","1,811.59","1,912.86","1,971.22","1,699,680","1,137,236","1,299,204"
"2014/10/08","1,275.0","1,281.0","1,233.0","1,275.0","-71.0","3,840,300","4,828,720","21,400","191,800","8.96","-","-","1,294.80","1,366.00","1,475.20","1,486.65","-","1,981,800","1,178,368","865,616"
"2024/02/29","1,956.0","1,960.5","1,925.5","1,931.5","-24.5","1,327,100","2,567,008","3,000","26,900","8.97","-","-","1,950.00","2,083.44","2,183.21","2,227.23","2,336.11","1,200,840","1,032,736","811,600"
"2024/02/27","1,939.5","1,952.0","1,925.0","1,933.5","-6.5","924,800","1,791,189","2,800","25,200","9.00","-","-","1,949.00","2,111.18","2,196.50","2,238.24","2,340.77","1,108,400","1,019,788","794,952"
"2014/05/16","1,660.0","1,660.0","1,606.0","1,636.0","-24.0","460,800","750,102","6,400","58,200","9.09","-","-","1,636.40","1,558.80","-","-","-","729,760","705,128","-"
"2014/07/17","1,508.0","1,518.0","1,502.0","1,505.0","+2.0","408,300","615,814","6,500","59,400","9.14","-","-","1,505.40","1,506.72","1,532.56","-","-","360,640","624,544","786,085"
"2017/07/05","1,870.0","1,875.0","1,856.0","1,872.0","-2.0","654,600","1,222,548","6,600","62,000","9.39","-","-","1,875.20","1,857.92","1,793.11","1,809.66","1,956.24","781,280","1,076,812","1,185,117"
"2014/07/30","1,535.0","1,535.0","1,511.0","1,527.0","-9.0","731,900","1,113,956","5,600","52,600","9.39","-","-","1,528.20","1,516.56","1,534.47","-","-","559,980","488,540","738,681"
"2017/07/10","1,859.0","1,866.0","1,839.0","1,849.0","0.0","1,032,200","1,908,730","6,500","62,000","9.54","-","-","1,865.60","1,857.12","1,794.81","1,807.96","1,955.46","927,340","1,029,960","1,181,268"
"2014/07/24","1,510.0","1,517.0","1,505.0","1,511.0","0.0","710,000","1,071,919","5,600","53,800","9.61","-","-","1,505.00","1,512.12","1,530.83","-","-","429,140","552,332","754,450"
"2014/08/08","1,501.0","1,518.0","1,444.0","1,447.0","-62.0","671,300","986,046","6,000","58,300","9.72","-","-","1,506.60","1,513.96","1,534.43","-","-","535,400","471,868","709,574"
"2017/07/28","1,866.0","1,882.0","1,863.0","1,881.0","+15.0","549,100","1,029,011","6,800","66,400","9.76","-","-","1,847.00","1,855.68","1,814.61","1,806.90","1,946.60","718,580","875,776","1,054,786"
"2017/06/26","1,857.0","1,866.0","1,851.0","1,855.0","-1.0","539,200","1,000,978","9,400","92,500","9.84","-","-","1,839.00","1,844.00","1,791.29","1,822.69","1,958.99","932,540","1,153,728","1,200,560"
"2014/08/22","1,592.0","1,605.0","1,581.0","1,589.0","+10.0","776,600","1,236,242","4,600","45,700","9.93","-","-","1,576.60","1,539.96","1,534.87","1,534.41","-","1,060,300","780,080","795,748"
"2017/07/20","1,830.0","1,842.0","1,830.0","1,837.0","+4.0","602,000","1,105,889","6,700","67,100","10.01","-","-","1,837.40","1,852.12","1,801.19","1,809.30","1,951.22","939,220","975,204","1,131,268"
"2022/09/29","1,974.0","1,975.0","1,941.0","1,962.0","-17.0","683,600","1,339,087","1,400","14,300","10.21","-","-","2,018.40","2,128.36","2,130.05","2,108.99","2,218.48","623,580","572,052","591,252"
"2014/07/16","1,495.0","1,508.0","1,491.0","1,503.0","-6.0","387,300","581,656","5,800","59,500","10.26","-","-","1,504.20","1,504.84","1,531.55","-","-","405,140","634,500","791,376"
"2017/03/16","1,835.0","1,843.0","1,826.0","1,842.0","+3.0","1,061,800","1,950,365","13,000","134,400","10.34","-","-","1,852.60","1,859.32","2,088.04","2,077.46","2,061.11","987,820","1,528,436","994,246"
"2014/08/05","1,542.0","1,554.0","1,529.0","1,531.0","-3.0","430,500","662,836","4,500","47,300","10.51","-","-","1,538.60","1,519.16","1,538.72","-","-","598,920","478,080","726,041"
"2014/08/28","1,522.0","1,535.0","1,507.0","1,535.0","-6.0","890,600","1,356,483","8,900","94,000","10.56","-","-","1,561.80","1,547.96","1,531.08","1,535.11","-","1,011,000","881,720","818,316"
"2014/06/18","1,454.0","1,491.0","1,454.0","1,491.0","+30.0","890,500","1,316,348","9,200","97,900","10.64","-","-","1,468.60","1,533.16","-","-","-","839,980","1,020,896","-"
"2017/03/02","1,907.0","1,909.0","1,875.0","1,876.0","-20.0","1,308,300","2,467,416","9,400","101,600","10.81","-","-","1,892.20","1,954.00","2,124.68","2,087.47","2,085.68","1,816,800","1,328,260","972,496"
"2017/03/15","1,853.0","1,853.0","1,830.0","1,839.0","-7.0","776,800","1,430,102","12,000","129,800","10.82","-","-","1,856.00","1,866.88","2,093.25","2,078.37","2,063.88","976,100","1,513,456","996,864"
"2017/05/22","1,740.0","1,792.0","1,730.0","1,790.0","+71.0","1,896,400","3,370,433","11,700","127,200","10.87","-","-","1,748.40","1,757.04","1,815.59","1,917.23","1,972.57","1,813,480","1,109,544","1,287,538"
"2014/10/09","1,290.0","1,337.0","1,289.0","1,301.0","+26.0","2,331,400","3,055,779","9,400","103,300","10.99","-","-","1,302.40","1,357.60","1,472.29","1,483.91","-","2,137,920","1,244,212","888,489"
"2014/05/12","1,624.0","1,624.0","1,584.0","1,592.0","-26.0","490,900","783,085","4,600","51,800","11.26","-","-","1,592.60","1,541.04","-","-","-","576,760","707,608","-"
"2017/06/27","1,864.0","1,876.0","1,851.0","1,854.0","-1.0","793,900","1,474,743","8,000","90,600","11.33","-","-","1,845.20","1,845.40","1,791.39","1,820.04","1,958.57","879,580","1,118,928","1,190,678"
"2014/06/17","1,479.0","1,479.0","1,448.0","1,461.0","-10.0","1,077,800","1,571,321","8,500","97,200","11.44","-","-","1,465.20","1,539.96","-","-","-","747,240","1,009,592","-"
"2017/07/14","1,850.0","1,860.0","1,844.0","1,856.0","+7.0","470,400","871,627","5,200","60,500","11.63","-","-","1,858.80","1,856.64","1,797.40","1,809.24","1,953.85","882,920","987,248","1,152,929"
"2017/07/21","1,832.0","1,837.0","1,824.0","1,832.0","-5.0","543,900","996,131","5,700","67,600","11.86","-","-","1,834.00","1,852.16","1,802.67","1,808.69","1,950.23","814,280","925,484","1,123,532"
"2017/03/17","1,842.0","1,844.0","1,826.0","1,828.0","-14.0","1,088,500","1,993,414","12,000","142,600","11.88","-","-","1,843.40","1,850.72","2,082.40","2,075.89","2,058.38","967,800","1,537,804","998,456"
"2014/08/11","1,499.0","1,510.0","1,484.0","1,496.0","+49.0","735,100","1,101,689","4,100","48,800","11.90","-","-","1,499.00","1,513.40","1,533.45","-","-","559,640","474,464","712,294"
"2014/05/30","1,510.0","1,533.0","1,500.0","1,532.0","+4.0","3,721,300","5,673,809","10,100","122,800","12.16","-","-","1,545.00","1,581.00","-","-","-","1,532,960","816,088","-"
"2017/04/17","1,658.0","1,689.0","1,656.0","1,685.0","+15.0","599,900","1,005,726","11,300","138,900","12.29","-","-","1,684.00","1,750.88","1,947.89","2,016.63","2,007.50","896,080","1,276,492","1,158,026"
"2017/02/27","1,912.0","1,915.0","1,891.0","1,896.0","+3.0","2,166,000","4,118,767","9,000","111,500","12.39","-","-","1,853.00","1,984.88","2,126.93","2,090.58","2,089.16","1,790,960","1,245,096","957,632"
"2014/10/07","1,313.0","1,363.0","1,307.0","1,346.0","+27.0","1,903,300","2,564,844","9,900","123,100","12.43","-","-","1,305.60","1,374.60","1,478.00","1,490.26","-","1,563,480","1,076,468","834,924"
"2017/07/13","1,869.0","1,874.0","1,844.0","1,849.0","-12.0","1,168,600","2,164,112","4,800","60,000","12.50","-","-","1,857.40","1,857.48","1,796.71","1,808.87","1,954.51","1,038,020","1,023,496","1,163,633"
"2017/04/14","1,671.0","1,679.0","1,663.0","1,670.0","-6.0","607,400","1,015,244","11,300","141,200","12.50","-","-","1,685.00","1,758.44","1,955.25","2,021.04","2,009.86","994,800","1,300,040","1,155,805"
"2017/04/13","1,678.0","1,688.0","1,667.0","1,676.0","-14.0","971,600","1,629,266","11,300","141,200","12.50","-","-","1,681.80","1,766.00","1,962.89","2,025.80","2,012.28","1,205,180","1,315,872","1,154,080"
"2017/03/03","1,875.0","1,875.0","1,844.0","1,846.0","-30.0","1,431,400","2,655,532","8,600","107,600","12.51","-","-","1,882.80","1,941.00","2,123.27","2,086.29","2,084.07","1,554,820","1,364,748","979,456"
"2017/04/06","1,658.0","1,675.0","1,617.0","1,628.0","-39.0","2,253,000","3,681,101","13,400","168,600","12.58","-","-","1,684.80","1,798.88","2,001.12","2,044.19","2,024.25","1,696,600","1,358,676","1,131,502"
"2014/05/22","1,557.0","1,606.0","1,550.0","1,590.0","+21.0","668,800","1,061,911","3,600","45,500","12.64","-","-","1,592.00","1,583.56","-","-","-","668,300","700,736","-"
"2017/07/19","1,812.0","1,838.0","1,809.0","1,833.0","+21.0","1,103,800","2,014,404","5,400","68,800","12.74","-","-","1,842.20","1,852.64","1,799.47","1,809.28","1,952.22","986,440","1,000,052","1,141,413"
"2017/07/24","1,828.0","1,828.0","1,815.0","1,821.0","-11.0","534,600","973,538","5,700","73,900","12.96","-","-","1,827.00","1,851.96","1,804.28","1,807.94","1,949.26","827,120","907,088","1,108,574"
"2017/03/01","1,900.0","1,901.0","1,873.0","1,896.0","-4.0","1,578,900","2,981,593","9,000","116,800","12.98","-","-","1,884.00","1,965.68","2,125.96","2,088.30","2,087.08","1,862,800","1,309,216","970,208"
"2014/10/06","1,299.0","1,334.0","1,288.0","1,319.0","+48.0","1,346,100","1,773,815","10,800","143,800","13.31","-","-","1,304.80","1,380.36","1,480.15","1,493.40","-","1,323,480","1,042,276","825,442"
"2017/07/11","1,859.0","1,883.0","1,856.0","1,879.0","+30.0","905,300","1,698,352","4,500","60,400","13.42","-","-","1,866.60","1,858.24","1,795.83","1,808.33","1,955.21","978,040","1,032,776","1,175,825"
"2014/07/18","1,485.0","1,504.0","1,481.0","1,493.0","-12.0","350,200","522,574","4,600","62,200","13.52","-","-","1,502.80","1,507.96","1,533.17","-","-","341,840","612,604","779,880"
"2014/09/11","1,400.0","1,407.0","1,382.0","1,387.0","-16.0","722,500","1,004,168","7,900","108,200","13.70","-","-","1,406.40","1,512.28","1,512.11","1,530.30","-","667,640","1,011,576","820,898"
"2017/07/18","1,839.0","1,841.0","1,800.0","1,812.0","-44.0","1,351,300","2,450,881","4,700","64,500","13.72","-","-","1,851.40","1,854.16","1,797.95","1,809.15","1,952.92","946,740","1,000,904","1,156,193"
"2014/05/02","1,562.0","1,596.0","1,550.0","1,585.0","+13.0","413,600","653,202","4,600","63,600","13.83","-","-","1,557.40","1,519.08","-","-","-","467,100","768,132","-"
"2014/07/03","1,557.0","1,557.0","1,518.0","1,524.0","-12.0","538,800","824,269","5,200","72,100","13.87","-","-","1,531.80","1,506.84","-","-","-","643,980","968,376","-"
"2016/11/09","1,987.0","1,999.0","1,850.0","1,883.0","-103.0","1,197,600","2,280,798","4,100","57,200","13.95","-","-","1,967.60","1,975.32","1,971.73","2,004.30","2,076.98","877,340","862,608","851,672"
"2014/05/08","1,586.0","1,607.0","1,573.0","1,586.0","+4.0","628,500","1,000,040","4,200","59,300","14.12","-","-","1,569.00","1,533.04","-","-","-","510,780","751,092","-"
"2022/09/28","1,985.0","2,010.0","1,954.0","1,979.0","-43.0","820,900","1,622,001","1,100","15,800","14.36","-","-","2,054.40","2,139.48","2,130.79","2,110.54","2,220.96","602,220","568,876","596,837"
"2017/07/12","1,849.0","1,864.0","1,836.0","1,861.0","-18.0","838,100","1,554,763","4,200","61,400","14.62","-","-","1,864.40","1,858.32","1,796.03","1,808.57","1,954.91","1,014,740","1,029,368","1,165,558"
"2017/05/12","1,821.0","1,830.0","1,813.0","1,818.0","-16.0","909,600","1,654,314","7,700","113,300","14.71","-","-","1,832.20","1,734.44","1,846.08","1,946.18","1,983.11","1,057,120","1,071,464","1,205,462"
"2017/05/16","1,860.0","1,861.0","1,779.0","1,789.0","-62.0","2,232,900","4,025,316","7,600","112,400","14.79","-","-","1,826.60","1,748.24","1,837.60","1,937.90","1,980.03","1,240,340","1,038,336","1,235,409"
"2014/07/25","1,520.0","1,522.0","1,502.0","1,514.0","+3.0","445,400","672,903","3,900","57,700","14.79","-","-","1,506.80","1,512.40","1,530.69","-","-","436,560","522,460","750,458"
"2017/04/18","1,700.0","1,709.0","1,690.0","1,696.0","+11.0","848,000","1,439,611","9,800","145,100","14.81","-","-","1,683.40","1,744.24","1,940.64","2,012.32","2,006.00","820,260","1,268,588","1,164,830"
"2014/05/21","1,558.0","1,573.0","1,521.0","1,569.0","-21.0","647,100","1,005,044","3,000","45,700","15.23","-","-","1,606.00","1,577.56","-","-","-","818,800","699,512","-"
"2017/07/27","1,854.0","1,883.0","1,853.0","1,866.0","+16.0","1,276,600","2,391,273","4,600","70,500","15.33","-","-","1,837.20","1,853.96","1,812.07","1,806.55","1,947.01","717,540","896,188","1,062,045"
"2014/08/19","1,595.0","1,600.0","1,522.0","1,550.0","-43.0","1,478,100","2,288,621","5,600","86,600","15.46","-","-","1,574.20","1,531.04","1,535.04","1,528.90","-","1,261,080","722,580","783,118"
"2014/05/19","1,622.0","1,629.0","1,550.0","1,575.0","-61.0","736,300","1,165,988","3,100","48,200","15.55","-","-","1,633.00","1,564.44","-","-","-","778,840","685,204","-"
"2014/07/29","1,556.0","1,556.0","1,531.0","1,536.0","-17.0","365,700","562,228","3,200","49,900","15.59","-","-","1,525.00","1,515.80","1,533.00","-","-","492,560","472,792","736,005"
"2017/07/25","1,820.0","1,828.0","1,808.0","1,817.0","-4.0","445,200","809,572","4,900","76,700","15.65","-","-","1,828.00","1,851.16","1,806.28","1,807.11","1,948.23","645,900","891,012","1,086,689"
"2017/04/03","1,710.0","1,732.0","1,710.0","1,721.0","+13.0","1,124,100","1,934,914","10,800","169,700","15.71","-","-","1,744.60","1,826.76","2,023.96","2,052.72","2,032.77","1,415,800","1,320,212","1,074,805"
"2017/04/10","1,677.0","1,692.0","1,665.0","1,690.0","+36.0","1,093,500","1,838,608","9,200","145,000","15.76","-","-","1,667.80","1,783.76","1,985.24","2,038.39","2,019.26","1,749,760","1,359,200","1,138,308"
"2014/05/09","1,594.0","1,629.0","1,585.0","1,618.0","+32.0","819,100","1,323,807","3,600","56,800","15.78","-","-","1,588.60","1,539.88","-","-","-","570,300","751,232","-"
"2014/08/01","1,544.0","1,558.0","1,531.0","1,549.0","-3.0","661,600","1,022,317","3,100","49,300","15.90","-","-","1,543.40","1,519.00","1,537.76","-","-","572,560","493,584","738,593"
"2014/07/23","1,507.0","1,522.0","1,502.0","1,511.0","+6.0","394,800","597,236","3,400","54,300","15.97","-","-","1,503.40","1,511.32","1,531.61","-","-","364,600","559,552","753,521"
"2014/10/10","1,271.0","1,301.0","1,271.0","1,286.0","-15.0","1,176,200","1,514,777","6,900","110,500","16.01","-","-","1,305.40","1,350.44","1,469.33","1,480.87","-","2,119,460","1,238,252","899,662"
"2014/07/28","1,529.0","1,553.0","1,517.0","1,553.0","+39.0","546,900","843,418","2,800","45,100","16.11","-","-","1,518.80","1,515.12","1,531.64","-","-","475,900","482,800","747,588"
"2017/03/24","1,801.0","1,847.0","1,799.0","1,846.0","+43.0","1,608,100","2,948,834","8,200","132,300","16.13","-","-","1,820.60","1,846.20","2,061.17","2,068.72","2,048.31","1,308,120","1,391,748","1,025,356"
"2014/04/22","1,580.0","1,588.0","1,557.0","1,569.0","-19.0","531,100","835,578","4,300","69,400","16.14","-","-","1,580.40","-","-","-","-","947,580","-","-"
"2014/05/13","1,623.0","1,642.0","1,609.0","1,633.0","+41.0","667,900","1,087,866","3,600","58,200","16.17","-","-","1,602.20","1,543.56","-","-","-","627,620","691,420","-"
"2017/05/19","1,716.0","1,720.0","1,698.0","1,719.0","-7.0","810,700","1,386,599","8,000","131,700","16.46","-","-","1,760.60","1,753.04","1,819.92","1,921.64","1,974.06","1,689,900","1,076,664","1,273,920"
"2014/05/07","1,580.0","1,587.0","1,535.0","1,582.0","-3.0","531,700","835,533","3,600","59,600","16.56","-","-","1,561.00","1,526.76","-","-","-","480,560","758,156","-"
"2014/05/01","1,539.0","1,573.0","1,534.0","1,572.0","+52.0","458,600","714,973","3,900","64,600","16.56","-","-","1,553.20","1,510.48","-","-","-","491,700","789,072","-"
"2017/04/07","1,650.0","1,665.0","1,633.0","1,654.0","+26.0","1,659,300","2,744,576","9,000","149,600","16.62","-","-","1,674.00","1,790.00","1,992.89","2,041.01","2,021.51","1,755,880","1,372,716","1,134,093"
"2014/05/14","1,650.0","1,663.0","1,632.0","1,661.0","+28.0","607,900","1,003,656","3,500","59,700","17.06","-","-","1,618.00","1,547.20","-","-","-","642,860","690,124","-"
"2014/10/27","1,125.0","1,146.0","1,120.0","1,138.0","+28.0","814,200","922,507","6,400","112,000","17.50","-","-","1,113.00","1,249.84","1,417.87","1,439.34","-","1,897,900","1,669,668","1,095,842"
"2014/10/23","1,112.0","1,147.0","1,112.0","1,130.0","-12.0","1,423,600","1,606,412","7,200","127,300","17.68","-","-","1,110.60","1,269.24","1,428.23","1,447.66","-","2,551,600","1,686,092","1,076,062"
"2014/05/15","1,645.0","1,691.0","1,625.0","1,660.0","-1.0","1,421,300","2,355,027","3,100","55,600","17.94","-","-","1,632.80","1,552.64","-","-","-","801,420","717,184","-"
"2017/04/04","1,713.0","1,719.0","1,688.0","1,700.0","-21.0","1,656,400","2,820,113","9,300","174,200","18.73","-","-","1,723.80","1,818.92","2,016.76","2,049.93","2,029.83","1,492,440","1,299,828","1,089,241"
"2014/04/02","1,475.0","1,585.0","1,475.0","1,563.0","+116.0","1,581,500","2,462,843","8,100","152,800","18.86","-","-","1,439.80","-","-","-","-","984,080","-","-"
"2017/03/23","1,792.0","1,808.0","1,777.0","1,803.0","+2.0","1,313,500","2,360,776","8,200","156,400","19.07","-","-","1,819.80","1,845.84","2,066.12","2,070.35","2,050.50","1,198,860","1,412,436","1,014,797"
"2014/10/29","1,154.0","1,160.0","1,136.0","1,147.0","+15.0","1,498,300","1,719,725","5,900","112,500","19.07","-","-","1,131.40","1,232.36","1,408.21","1,431.33","-","1,267,720","1,704,288","1,120,253"
"2024/02/22","1,960.0","1,996.5","1,948.0","1,989.0","+42.5","1,271,800","2,514,985","1,000","19,400","19.40","-","-","1,949.70","2,136.54","2,209.24","2,250.15","2,345.35","1,001,400","990,812","776,337"
"2017/03/30","1,765.0","1,775.0","1,715.0","1,719.0","-52.0","2,212,300","3,843,162","8,700","171,300","19.69","-","-","1,787.60","1,838.72","2,037.93","2,058.33","2,038.59","1,502,620","1,391,916","1,065,477"
"2014/08/27","1,540.0","1,569.0","1,522.0","1,541.0","-34.0","1,272,400","1,959,991","4,600","91,300","19.85","-","-","1,570.60","1,547.00","1,532.76","1,535.46","-","977,460","874,496","814,546"
"2017/05/18","1,696.0","1,730.0","1,689.0","1,726.0","+8.0","1,390,000","2,385,323","6,200","123,800","19.97","-","-","1,780.40","1,752.24","1,825.67","1,926.99","1,976.09","1,709,680","1,093,320","1,272,422"
"2014/04/28","1,565.0","1,565.0","1,517.0","1,546.0","-18.0","477,400","736,996","3,500","70,300","20.09","-","-","1,567.40","1,492.80","-","-","-","552,500","835,788","-"
"2014/04/03","1,591.0","1,602.0","1,555.0","1,570.0","+7.0","1,072,600","1,690,598","7,300","147,800","20.25","-","-","1,479.80","-","-","-","-","1,011,180","-","-"
"2014/06/26","1,522.0","1,544.0","1,522.0","1,526.0","+12.0","578,300","884,631","4,900","99,300","20.27","-","-","1,510.40","1,510.72","-","-","-","716,940","1,021,460","-"
"2017/03/31","1,728.0","1,740.0","1,708.0","1,708.0","-11.0","1,362,900","2,350,337","8,500","173,200","20.38","-","-","1,760.00","1,833.64","2,030.84","2,055.21","2,035.74","1,453,580","1,384,900","1,071,717"
"2017/03/29","1,785.0","1,788.0","1,768.0","1,771.0","-33.0","1,106,500","1,963,503","8,300","170,700","20.57","-","-","1,804.40","1,842.76","2,044.89","2,061.84","2,041.48","1,322,860","1,358,780","1,050,988"
"2017/02/23","1,823.0","1,844.0","1,823.0","1,835.0","+15.0","1,538,300","2,819,112","5,700","117,700","20.65","-","-","1,822.80","2,007.20","2,129.07","2,093.13","2,090.55","1,487,820","1,127,788","913,804"
"2017/07/26","1,826.0","1,854.0","1,824.0","1,850.0","+33.0","787,400","1,451,946","3,700","77,700","21.00","-","-","1,831.40","1,852.24","1,809.24","1,806.65","1,947.48","582,620","880,160","1,067,148"
"2014/08/20","1,563.0","1,580.0","1,554.0","1,572.0","+22.0","1,021,500","1,603,394","3,200","67,700","21.16","-","-","1,578.80","1,533.56","1,534.87","1,530.92","-","1,218,700","751,924","791,224"
"2014/07/22","1,507.0","1,511.0","1,496.0","1,505.0","+12.0","282,400","424,885","2,800","59,500","21.25","-","-","1,503.00","1,509.32","1,532.40","-","-","343,220","586,872","762,558"
"2014/06/19","1,485.0","1,511.0","1,480.0","1,507.0","+16.0","1,192,200","1,790,697","4,600","98,000","21.30","-","-","1,478.40","1,527.04","-","-","-","946,980","1,011,732","-"
"2017/03/21","1,828.0","1,836.0","1,819.0","1,825.0","-3.0","870,100","1,589,172","8,100","172,600","21.31","-","-","1,836.00","1,848.96","2,077.24","2,074.46","2,055.93","932,700","1,449,320","1,001,766"
"2017/04/12","1,679.0","1,692.0","1,672.0","1,690.0","-9.0","1,074,400","1,808,907","6,300","136,500","21.67","-","-","1,672.20","1,772.84","1,970.63","2,030.03","2,014.77","1,461,460","1,338,408","1,146,890"
"2014/10/28","1,129.0","1,143.0","1,118.0","1,132.0","-6.0","1,334,100","1,505,834","5,100","112,300","22.02","-","-","1,130.40","1,240.68","1,412.91","1,435.41","-","1,524,760","1,668,400","1,108,686"
"2017/04/11","1,680.0","1,699.0","1,679.0","1,699.0","+9.0","1,227,100","2,074,020","6,400","142,400","22.25","-","-","1,667.60","1,778.08","1,977.84","2,034.12","2,017.12","1,663,900","1,372,688","1,141,970"
"2014/04/08","1,516.0","1,522.0","1,467.0","1,482.0","-42.0","762,200","1,136,058","5,500","122,600","22.29","-","-","1,541.80","-","-","-","-","960,280","-","-"
"2017/05/17","1,755.0","1,760.0","1,709.0","1,718.0","-71.0","2,737,400","4,727,291","5,700","128,000","22.46","-","-","1,802.00","1,750.80","1,831.60","1,932.37","1,977.94","1,596,260","1,081,460","1,260,812"
"2014/08/26","1,577.0","1,593.0","1,560.0","1,575.0","+6.0","940,200","1,484,520","2,900","65,500","22.59","-","-","1,576.80","1,545.80","1,533.99","1,535.75","-","927,280","839,392","806,486"
"2014/10/14","1,256.0","1,261.0","1,212.0","1,218.0","-68.0","1,682,100","2,079,395","5,800","131,700","22.71","-","-","1,285.20","1,341.68","1,465.39","1,477.36","-","2,186,660","1,270,724","915,238"
"2014/07/11","1,483.0","1,509.0","1,482.0","1,506.0","+7.0","444,200","667,415","2,700","62,700","23.22","-","-","1,506.80","1,501.00","1,526.07","-","-","408,980","677,028","816,878"
"2014/07/14","1,505.0","1,509.0","1,499.0","1,504.0","-2.0","275,500","413,941","2,700","63,800","23.63","-","-","1,505.20","1,502.04","1,528.19","-","-","423,320","647,108","805,282"
"2017/02/14","1,877.0","1,882.0","1,838.0","1,840.0","-29.0","2,429,200","4,499,753","3,300","78,500","23.79","-","-","1,965.40","2,127.84","2,147.43","2,102.95","2,102.94","1,534,540","887,976","848,965"
"2017/05/01","1,778.0","1,790.0","1,768.0","1,789.0","+15.0","939,100","1,672,386","4,700","112,900","24.02","-","-","1,769.60","1,712.80","1,876.57","1,970.15","1,990.76","999,420","1,177,264","1,183,997"
"2017/03/22","1,809.0","1,817.0","1,794.0","1,801.0","-24.0","1,660,400","2,997,091","8,100","197,000","24.32","-","-","1,827.00","1,847.40","2,071.68","2,072.42","2,053.09","1,091,520","1,418,568","1,007,793"
"2014/10/24","1,127.0","1,144.0","1,109.0","1,110.0","-20.0","1,268,400","1,426,561","4,800","117,000","24.38","-","-","1,109.60","1,259.20","1,422.87","1,443.30","-","2,370,680","1,691,740","1,090,257"
"2017/02/15","1,866.0","1,866.0","1,838.0","1,842.0","+2.0","1,466,800","2,707,655","3,300","81,600","24.73","-","-","1,925.00","2,110.00","2,145.19","2,102.08","2,101.51","1,703,960","914,048","859,274"
"2017/05/15","1,843.0","1,865.0","1,834.0","1,851.0","+33.0","1,278,500","2,361,821","4,500","112,300","24.96","-","-","1,836.60","1,741.80","1,842.41","1,942.43","1,981.75","1,034,720","1,039,140","1,214,452"
"2017/02/16","1,850.0","1,860.0","1,836.0","1,837.0","-5.0","2,125,300","3,919,100","3,400","85,200","25.06","-","-","1,886.20","2,091.72","2,142.89","2,101.25","2,099.58","1,991,560","964,120","876,684"
"2017/03/27","1,840.0","1,849.0","1,796.0","1,798.0","-48.0","1,313,000","2,377,367","8,300","209,900","25.29","-","-","1,814.60","1,845.36","2,055.93","2,066.61","2,046.11","1,353,020","1,375,448","1,035,834"
"2017/05/02","1,782.0","1,804.0","1,781.0","1,803.0","+14.0","804,800","1,447,330","4,200","109,000","25.95","-","-","1,782.20","1,712.76","1,870.35","1,966.22","1,989.68","1,001,940","1,158,528","1,189,086"
"2014/04/18","1,626.0","1,629.0","1,581.0","1,601.0","0.0","965,200","1,543,334","4,200","112,400","26.76","-","-","1,527.00","-","-","-","-","983,060","-","-"
"2014/08/25","1,600.0","1,616.0","1,540.0","1,569.0","-20.0","1,175,200","1,842,425","2,900","79,100","27.28","-","-","1,571.80","1,543.00","1,534.21","1,535.63","-","1,034,860","813,080","800,496"
"2017/05/08","1,822.0","1,834.0","1,821.0","1,829.0","+26.0","1,390,500","2,540,426","4,000","109,300","27.33","-","-","1,794.20","1,715.08","1,865.28","1,962.44","1,988.52","1,080,220","1,169,888","1,198,272"
"2014/04/25","1,550.0","1,587.0","1,547.0","1,564.0","0.0","464,400","728,328","2,400","67,000","27.92","-","-","1,575.80","1,484.84","-","-","-","572,280","867,536","-"
"2017/02/17","1,838.0","1,842.0","1,812.0","1,819.0","-18.0","1,720,500","3,130,929","3,300","93,500","28.33","-","-","1,841.40","2,071.56","2,140.36","2,100.14","2,097.46","2,164,800","999,280","892,854"
"2017/05/10","1,845.0","1,851.0","1,837.0","1,841.0","+2.0","957,800","1,765,388","3,800","110,500","29.08","-","-","1,820.20","1,725.20","1,855.35","1,954.43","1,985.71","1,059,400","1,113,384","1,208,690"
"2014/07/15","1,507.0","1,524.0","1,503.0","1,509.0","+5.0","287,900","435,061","2,000","60,100","30.05","-","-","1,504.40","1,503.68","1,530.04","-","-","401,840","636,080","796,626"
"2017/05/11","1,840.0","1,841.0","1,823.0","1,834.0","-7.0","822,900","1,507,323","3,700","112,100","30.30","-","-","1,829.20","1,729.72","1,850.40","1,950.40","1,984.42","1,036,160","1,101,336","1,208,773"
"2014/04/04","1,620.0","1,621.0","1,557.0","1,570.0","0.0","640,300","1,010,291","5,300","161,400","30.45","-","-","1,515.80","-","-","-","-","983,020","-","-"
"2014/07/07","1,514.0","1,531.0","1,510.0","1,512.0","+2.0","203,800","309,353","2,300","70,100","30.48","-","-","1,524.00","1,504.60","-","-","-","532,380","802,812","-"
"2017/05/09","1,828.0","1,846.0","1,823.0","1,839.0","+10.0","1,204,800","2,213,775","3,400","110,800","32.59","-","-","1,806.80","1,719.88","1,860.23","1,958.42","1,987.08","1,111,520","1,129,588","1,208,414"
"2014/03/28","1,360.0","1,391.0","1,359.0","1,390.0","+20.0","781,100","1,075,146","5,300","176,800","33.36","-","-","1,351.40","-","-","-","-","1,027,460","-","-"
"2014/04/11","1,389.0","1,436.0","1,374.0","1,414.0","-3.0","586,700","828,365","3,500","121,000","34.57","-","-","1,454.20","-","-","-","-","771,860","-","-"
"2014/10/15","1,218.0","1,232.0","1,198.0","1,199.0","-19.0","1,742,900","2,105,945","4,300","148,800","34.60","-","-","1,255.80","1,332.64","1,461.03","1,473.45","-","2,154,580","1,315,296","930,766"
"2014/09/02","1,481.0","1,530.0","1,481.0","1,511.0","+21.0","685,300","1,036,055","2,200","76,200","34.64","-","-","1,513.40","1,543.48","1,526.01","1,535.62","-","1,037,920","948,464","823,758"
"2017/03/28","1,800.0","1,809.0","1,795.0","1,804.0","+6.0","1,273,200","2,294,583","8,300","299,600","36.10","-","-","1,810.40","1,844.76","2,050.71","2,064.42","2,043.86","1,433,640","1,359,532","1,044,000"
"2017/04/19","1,690.0","1,710.0","1,690.0","1,693.0","-3.0","765,800","1,300,437","3,800","140,700","37.03","-","-","1,684.00","1,738.12","1,933.52","2,007.82","2,004.10","758,540","1,264,568","1,169,182"
"2014/05/26","1,571.0","1,580.0","1,552.0","1,562.0","-1.0","758,200","1,183,768","1,100","40,800","37.09","-","-","1,574.80","1,588.84","-","-","-","701,220","675,772","-"
"2014/04/24","1,578.0","1,587.0","1,554.0","1,564.0","-30.0","536,600","839,641","1,900","71,700","37.74","-","-","1,583.20","-","-","-","-","672,440","-","-"
"2014/10/21","1,091.0","1,098.0","1,038.0","1,045.0","-76.0","3,199,800","3,385,681","4,800","181,300","37.77","-","-","1,127.20","1,285.84","1,438.39","1,455.54","-","2,464,620","1,630,120","1,036,088"
"2014/05/23","1,584.0","1,599.0","1,559.0","1,563.0","-27.0","603,500","949,203","1,100","42,300","38.45","-","-","1,577.40","1,588.08","-","-","-","696,840","699,012","-"
"2017/02/20","1,820.0","1,832.0","1,808.0","1,819.0","0.0","1,671,100","3,040,135","3,300","127,700","38.70","-","-","1,831.40","2,053.52","2,137.64","2,098.45","2,095.38","1,882,580","1,049,200","890,722"
"2017/04/20","1,702.0","1,709.0","1,677.0","1,690.0","-3.0","755,000","1,276,656","3,600","140,700","39.08","-","-","1,686.80","1,732.16","1,926.49","2,002.98","2,002.19","715,220","1,263,696","1,173,740"
"2014/09/26","1,331.0","1,346.0","1,321.0","1,340.0","-18.0","426,000","570,100","4,100","164,500","40.12","-","-","1,353.40","1,440.00","1,492.41","1,511.15","-","892,460","964,060","784,021"
"2017/04/28","1,780.0","1,782.0","1,767.0","1,774.0","-2.0","1,218,400","2,160,616","2,800","113,600","40.57","-","-","1,755.60","1,713.16","1,883.69","1,974.17","1,992.28","996,560","1,192,220","1,182,696"
"2014/05/20","1,593.0","1,630.0","1,588.0","1,590.0","+15.0","828,500","1,328,446","1,100","44,900","40.82","-","-","1,624.40","1,571.36","-","-","-","810,960","697,096","-"
"2017/03/07","1,835.0","1,841.0","1,815.0","1,821.0","-20.0","1,931,400","3,526,926","3,200","132,000","41.25","-","-","1,856.00","1,916.88","2,115.76","2,083.54","2,079.84","1,427,980","1,414,664","979,164"
"2014/07/02","1,545.0","1,560.0","1,533.0","1,536.0","-2.0","450,100","693,970","1,900","79,300","41.74","-","-","1,532.20","1,507.00","-","-","-","651,880","984,552","-"
"2014/09/01","1,468.0","1,494.0","1,462.0","1,490.0","0.0","1,292,800","1,915,399","2,200","93,400","42.45","-","-","1,526.20","1,544.48","1,526.87","1,534.85","-","1,088,900","935,680","824,438"
"2014/07/08","1,512.0","1,526.0","1,501.0","1,513.0","+1.0","395,300","598,821","1,600","68,300","42.69","-","-","1,519.00","1,503.76","-","-","-","451,640","775,380","-"
"2014/07/09","1,503.0","1,506.0","1,492.0","1,504.0","-9.0","370,800","556,024","1,600","69,400","43.38","-","-","1,512.60","1,502.92","1,521.36","-","-","435,780","762,356","832,864"
"2014/06/25","1,513.0","1,522.0","1,497.0","1,514.0","+6.0","513,900","777,935","2,200","95,600","43.45","-","-","1,506.60","1,513.28","-","-","-","839,720","1,025,080","-"
"2014/06/24","1,520.0","1,520.0","1,497.0","1,508.0","-11.0","338,200","510,177","2,300","100,000","43.48","-","-","1,502.00","1,515.48","-","-","-","915,040","1,030,408","-"
"2014/04/09","1,460.0","1,468.0","1,410.0","1,434.0","-48.0","1,234,400","1,771,402","2,700","119,500","44.26","-","-","1,516.00","-","-","-","-","890,860","-","-"
"2014/09/08","1,421.0","1,425.0","1,408.0","1,417.0","-8.0","617,600","873,256","2,200","97,400","44.27","-","-","1,451.00","1,526.76","1,518.44","1,535.85","-","825,400","983,568","833,009"
"2014/06/27","1,534.0","1,534.0","1,511.0","1,522.0","-4.0","443,300","672,866","2,200","100,400","45.64","-","-","1,517.80","1,509.08","-","-","-","497,920","1,015,052","-"
"2017/04/26","1,750.0","1,774.0","1,742.0","1,769.0","+29.0","999,100","1,758,922","2,500","117,700","47.08","-","-","1,722.00","1,717.12","1,897.45","1,983.04","1,995.17","860,760","1,218,416","1,174,986"
"2014/04/10","1,449.0","1,483.0","1,404.0","1,417.0","-17.0","531,200","758,583","2,500","122,100","48.84","-","-","1,485.40","-","-","-","-","782,580","-","-"
"2017/02/22","1,828.0","1,831.0","1,814.0","1,820.0","-1.0","1,383,900","2,516,732","2,600","127,000","48.85","-","-","1,823.20","2,022.08","2,131.53","2,095.16","2,091.83","1,605,220","1,103,740","904,510"
"2017/04/24","1,715.0","1,726.0","1,705.0","1,719.0","+27.0","924,800","1,588,339","2,700","132,900","49.22","-","-","1,698.00","1,721.80","1,911.27","1,992.25","1,998.18","825,260","1,247,984","1,169,938"
"2014/09/09","1,415.0","1,417.0","1,393.0","1,400.0","-17.0","941,800","1,320,578","2,200","109,600","49.82","-","-","1,428.80","1,521.52","1,516.28","1,534.42","-","876,700","1,004,020","835,457"
"2017/03/08","1,816.0","1,850.0","1,816.0","1,847.0","+26.0","1,535,000","2,822,399","2,200","111,500","50.68","-","-","1,846.20","1,906.00","2,112.40","2,082.55","2,077.51","1,419,200","1,444,504","983,784"
"2014/10/20","1,145.0","1,158.0","1,106.0","1,121.0","+6.0","3,178,100","3,566,276","4,300","221,200","51.44","-","-","1,161.80","1,299.52","1,444.93","1,460.62","-","2,161,080","1,531,028","999,425"
"2014/04/21","1,602.0","1,627.0","1,580.0","1,588.0","-13.0","576,300","921,273","2,100","109,300","52.05","-","-","1,556.60","-","-","-","-","970,680","-","-"
"2017/03/06","1,839.0","1,851.0","1,832.0","1,841.0","-5.0","889,900","1,637,016","2,100","109,500","52.14","-","-","1,871.80","1,928.64","2,119.47","2,085.08","2,082.39","1,299,600","1,372,408","965,113"
"2014/09/10","1,400.0","1,413.0","1,396.0","1,403.0","+3.0","427,700","599,645","2,200","115,600","52.55","-","-","1,416.40","1,517.16","1,514.32","1,532.44","-","697,200","1,006,888","827,445"
"2014/09/05","1,440.0","1,449.0","1,417.0","1,425.0","-12.0","628,600","897,014","2,400","128,500","53.54","-","-","1,465.60","1,531.44","1,520.39","1,536.18","-","960,440","983,420","832,821"
"2017/04/27","1,783.0","1,788.0","1,759.0","1,776.0","+7.0","1,048,300","1,858,836","2,200","118,600","53.91","-","-","1,739.20","1,716.04","1,890.63","1,978.60","1,993.82","919,420","1,207,808","1,178,097"
"2017/04/21","1,695.0","1,704.0","1,686.0","1,692.0","+2.0","832,700","1,410,695","2,500","135,300","54.12","-","-","1,691.20","1,726.16","1,918.69","1,997.57","2,000.00","760,280","1,254,532","1,168,685"
"2014/09/03","1,510.0","1,515.0","1,457.0","1,465.0","-46.0","1,325,200","1,953,668","2,200","120,100","54.59","-","-","1,498.20","1,541.00","1,524.35","1,536.10","-","1,048,480","972,196","830,381"
"2017/03/10","1,878.0","1,881.0","1,867.0","1,874.0","+15.0","1,188,600","2,229,584","2,000","109,500","54.75","-","-","1,848.40","1,890.00","2,105.21","2,080.87","2,072.22","1,309,620","1,483,072","988,310"
"2014/07/04","1,550.0","1,550.0","1,508.0","1,510.0","-14.0","670,200","1,018,972","1,300","71,800","55.23","-","-","1,529.40","1,505.96","-","-","-","689,360","846,332","-"
"2014/08/29","1,521.0","1,530.0","1,482.0","1,490.0","-45.0","1,048,500","1,569,489","2,200","123,600","56.18","-","-","1,542.00","1,547.00","1,528.81","1,534.77","-","1,065,380","905,844","813,345"
"2014/06/30","1,540.0","1,564.0","1,534.0","1,539.0","+17.0","988,700","1,527,037","1,500","85,400","56.93","-","-","1,521.80","1,508.16","-","-","-","572,480","1,024,272","-"
"2017/03/09","1,860.0","1,865.0","1,846.0","1,859.0","+12.0","1,003,200","1,860,923","1,900","108,500","57.11","-","-","1,842.80","1,897.28","2,108.57","2,081.71","2,074.81","1,358,180","1,462,484","983,209"
"2014/09/04","1,468.0","1,468.0","1,432.0","1,437.0","-28.0","870,300","1,256,497","2,200","126,800","57.64","-","-","1,478.60","1,536.40","1,522.59","1,536.33","-","1,044,420","984,740","833,357"
"2014/07/10","1,504.0","1,522.0","1,497.0","1,499.0","-5.0","630,800","949,107","1,200","69,700","58.08","-","-","1,507.60","1,500.68","1,523.39","-","-","454,180","722,744","824,326"
"2017/04/25","1,731.0","1,746.0","1,730.0","1,740.0","+21.0","792,200","1,376,900","2,000","120,900","60.45","-","-","1,706.80","1,718.40","1,903.95","1,987.53","1,996.60","814,100","1,244,868","1,173,674"
"2014/04/14","1,399.0","1,464.0","1,391.0","1,440.0","+26.0","638,200","922,357","2,000","121,300","60.65","-","-","1,437.40","-","-","-","-","750,540","-","-"
"2014/09/12","1,375.0","1,378.0","1,337.0","1,344.0","-43.0","1,801,700","2,434,884","2,200","150,900","68.59","-","-","1,390.20","1,508.16","1,509.65","1,527.86","-","902,260","1,056,792","832,345"
"2014/04/16","1,451.0","1,544.0","1,447.0","1,543.0","+93.0","1,339,200","2,024,645","1,600","112,200","70.13","-","-","1,452.80","-","-","-","-","748,380","-","-"
"2014/04/07","1,530.0","1,538.0","1,513.0","1,524.0","-46.0","744,800","1,134,582","1,700","121,400","71.41","-","-","1,534.80","-","-","-","-","970,960","-","-"
"2014/06/20","1,491.0","1,507.0","1,479.0","1,485.0","-22.0","1,538,400","2,290,079","1,400","105,400","75.29","-","-","1,483.00","1,521.00","-","-","-","1,124,920","1,054,836","-"
"2014/09/18","1,373.0","1,386.0","1,365.0","1,372.0","+11.0","1,366,000","1,876,933","2,200","172,000","78.18","-","-","1,361.40","1,485.08","1,502.51","1,521.35","-","1,204,700","1,029,308","797,746"
"2014/09/17","1,350.0","1,367.0","1,345.0","1,361.0","+18.0","1,127,200","1,532,418","2,300","180,600","78.52","-","-","1,367.60","1,492.16","1,504.67","1,523.27","-","1,017,040","1,024,004","793,948"
"2014/09/24","1,363.0","1,369.0","1,350.0","1,353.0","-2.0","885,300","1,199,252","2,200","184,900","84.05","-","-","1,360.40","1,456.96","1,495.72","1,515.74","-","1,069,080","999,640","783,714"
"2014/09/25","1,353.0","1,363.0","1,343.0","1,358.0","+5.0","1,184,100","1,603,782","1,900","166,100","87.42","-","-","1,359.80","1,449.28","1,494.12","1,513.60","-","1,080,460","987,880","785,856"
"2014/09/19","1,365.0","1,371.0","1,351.0","1,361.0","-11.0","1,365,800","1,859,008","1,800","169,400","94.11","-","-","1,356.20","1,477.56","1,500.32","1,519.32","-","1,333,360","1,066,324","806,672"
"2014/04/15","1,435.0","1,460.0","1,430.0","1,450.0","+10.0","646,600","935,300","1,300","127,700","98.23","-","-","1,431.00","-","-","-","-","727,420","-","-"
"2014/07/01","1,555.0","1,565.0","1,533.0","1,538.0","-1.0","799,000","1,238,075","1,200","119,300","99.42","-","-","1,527.80","1,507.68","-","-","-","664,640","1,015,088","-"
"2014/09/30","1,366.0","1,370.0","1,328.0","1,342.0","-31.0","703,300","944,544","1,400","144,100","102.93","-","-","1,353.20","1,421.88","1,489.52","1,506.62","-","862,920","976,848","793,824"
"2014/09/29","1,345.0","1,382.0","1,343.0","1,373.0","+33.0","1,115,900","1,524,977","1,500","157,600","105.07","-","-","1,355.80","1,431.76","1,491.07","1,509.06","-","842,480","979,780","793,209"
"2014/10/01","1,320.0","1,338.0","1,319.0","1,329.0","-13.0","1,748,700","2,316,303","1,400","147,900","105.64","-","-","1,348.40","1,412.28","1,487.75","1,503.73","-","1,035,600","999,788","808,490"
"2014/05/29","1,532.0","1,559.0","1,528.0","1,528.0","-25.0","943,200","1,452,606","1,100","125,300","113.91","-","-","1,551.20","1,582.48","-","-","-","909,400","688,480","-"
"2014/09/22","1,374.0","1,378.0","1,348.0","1,355.0","-6.0","601,100","815,013","1,400","182,800","130.57","-","-","1,358.40","1,466.56","1,497.65","1,517.41","-","1,093,240","1,016,324","793,072"
"2014/10/03","1,264.0","1,274.0","1,250.0","1,271.0","+8.0","1,268,500","1,602,864","1,400","186,500","133.21","-","-","1,315.60","1,389.00","1,482.44","1,496.82","-","1,277,440","1,024,056","819,368"
"2014/10/02","1,317.0","1,322.0","1,258.0","1,263.0","-66.0","1,550,800","1,981,897","1,400","188,700","134.79","-","-","1,329.40","1,399.80","1,484.97","1,500.44","-","1,108,940","1,024,212","816,825"
"2014/03/25","1,334.0","1,339.0","1,291.0","1,305.0","-42.0","1,002,800","1,311,272","300","193,600","645.33","-","-","-","-","-","-","-","-","-","-"
"2014/03/24","1,375.0","1,409.0","1,320.0","1,347.0","0.0","1,271,100","1,730,917","200","185,900","929.50","-","-","-","-","-","-","-","-","-","-"
"2014/04/01","1,459.0","1,461.0","1,420.0","1,447.0","+18.0","815,600","1,172,644","100","171,800","1,718.00","-","-","1,396.20","-","-","-","-","896,820","-","-"
"2014/03/27","1,355.0","1,373.0","1,301.0","1,370.0","+25.0","937,100","1,262,136","100","197,000","1,970.00","-","-","-","-","-","-","-","-","-","-"
